230001,"2022-09-15 08:39:53.45","#ZE0001",50.00,68.00,93.00,120.90,"2022-12-20","127591380","WH",4,,,,"",,"ZE0001A1",30045,1002,"2022-12-20","2023-01-20","USD",93.00,100,"3XS:20|2XS:20|XS:20|S:10|M:10|L:10|XL:10"
230002,"2022-09-15 08:39:53.45","#ZE0002",50.00,68.00,93.00,120.90,"2022-12-20","127593588","WH",4,,,,"",,"ZE0002A0",30029,3002,"2022-12-20","2023-01-20","USD",93.00,100,"3XS:20|2XS:20|XS:20|S:10|M:10|L:10|XL:10"
230003,"2022-09-15 08:39:53.45","#ZE0003",50.00,68.00,93.00,120.90,"2022-12-20","127593672","WH",4,,,,"",,"ZE0003A1",30045,5002,"2022-12-20","2023-01-20","USD",93.00,100,"3XS:20|2XS:20|XS:20|S:10|M:10|L:10|XL:10"
230004,"2022-09-15 08:39:53.45","#ZE0004",50.00,68.00,93.00,120.90,"2022-12-20","127595883","WH",4,,,,"",,"ZE0004A0",30029,6002,"2022-12-20","2023-01-20","USD",93.00,100,"3XS:20|2XS:20|XS:20|S:10|M:10|L:10|XL:10"
230005,"2022-09-15 08:39:53.45","#ZE0005",50.00,68.00,93.00,120.90,"2022-12-20","127595963","WH",4,,,,"",,"ZE0005A1",30045,8002,"2022-12-20","2023-01-20","USD",93.00,100,"3XS:20|2XS:20|XS:20|S:10|M:10|L:10|XL:10"
230006,"2022-09-15 08:39:53.45","#ZE0006",50.00,68.00,93.00,120.90,"2022-12-20","127591460","WH",4,,,,"",,"ZE0006A1",30045,1002,"2022-12-20","2023-01-20","USD",93.00,100,"3XS:20|2XS:20|XS:20|S:10|M:10|L:10|XL:10"
230007,"2022-09-15 08:39:53.45","#ZE0007",50.00,68.00,93.00,120.90,"2022-12-20","127591539","WH",4,,,,"",,"ZE0007A0",30029,3002,"2022-12-20","2023-01-20","USD",93.00,100,"3XS:20|2XS:20|XS:20|S:10|M:10|L:10|XL:10"
230008,"2022-09-15 08:39:53.45","#ZE0008",50.00,68.00,93.00,120.90,"2022-12-20","127593762","WH",4,,,,"",,"ZE0008A1",30045,5002,"2022-12-20","2023-01-20","USD",93.00,100,"3XS:20|2XS:20|XS:20|S:10|M:10|L:10|XL:10"
230009,"2022-09-15 08:39:53.45","#ZE0009",50.00,68.00,93.00,120.90,"2022-12-20","127593849","WH",4,,,,"",,"ZE0009A0",30029,6002,"2022-12-20","2023-01-20","USD",93.00,100,"3XS:20|2XS:20|XS:20|S:10|M:10|L:10|XL:10"
230010,"2022-09-15 08:39:53.45","#ZE0010",50.00,68.00,93.00,120.90,"2022-12-20","127596043","WH",4,,,,"",,"ZE0010A1",30045,8002,"2022-12-20","2023-01-20","USD",93.00,100,"3XS:20|2XS:20|XS:20|S:10|M:10|L:10|XL:10"
230011,"2022-09-15 08:39:53.45","#ZE0011",50.00,68.00,93.00,120.90,"2022-12-20","127591620","WH",4,,,,"",,"ZE0011A1",30045,1002,"2022-12-20","2023-01-20","USD",93.00,100,"3XS:20|2XS:20|XS:20|S:10|M:10|L:10|XL:10"
230012,"2022-09-15 08:39:53.45","#ZE0012",50.00,68.00,93.00,120.90,"2022-12-20","127591700","WH",4,,,,"",,"ZE0012A0",30029,3002,"2022-12-20","2023-01-20","USD",93.00,100,"3XS:20|2XS:20|XS:20|S:10|M:10|L:10|XL:10"
230013,"2022-09-15 08:39:53.45","#ZE0013",50.00,68.00,93.00,120.90,"2022-12-20","127593931","WH",4,,,,"",,"ZE0013A1",30045,5002,"2022-12-20","2023-01-20","USD",93.00,100,"3XS:20|2XS:20|XS:20|S:10|M:10|L:10|XL:10"
230014,"2022-09-15 08:39:53.45","#ZE0014",50.00,68.00,93.00,120.90,"2022-12-20","127596123","WH",4,,,,"",,"ZE0014A0",30029,6002,"2022-12-20","2023-01-20","USD",93.00,100,"3XS:20|2XS:20|XS:20|S:10|M:10|L:10|XL:10"
230015,"2022-09-15 08:39:53.45","#ZE0015",50.00,68.00,93.00,120.90,"2022-12-20","127596203","WH",4,,,,"",,"ZE0015A1",30045,8002,"2022-12-20","2023-01-20","USD",93.00,100,"3XS:20|2XS:20|XS:20|S:10|M:10|L:10|XL:10"
230016,"2022-09-15 08:39:53.45","#ZE0016",50.00,68.00,93.00,120.90,"2022-12-20","127591780","WH",4,,,,"",,"ZE0016A1",30045,1002,"2022-12-20","2023-01-20","USD",93.00,100,"3XS:20|2XS:20|XS:20|S:10|M:10|L:10|XL:10"
230017,"2022-09-15 08:39:53.45","#ZE0017",50.00,68.00,93.00,120.90,"2022-12-20","127591860","WH",4,,,,"",,"ZE0017A0",30029,3002,"2022-12-20","2023-01-20","USD",93.00,100,"3XS:20|2XS:20|XS:20|S:10|M:10|L:10|XL:10"
230018,"2022-09-15 08:39:53.45","#ZE0018",50.00,68.00,93.00,120.90,"2022-12-20","127594011","WH",4,,,,"",,"ZE0018A1",30045,5002,"2022-12-20","2023-01-20","USD",93.00,100,"3XS:20|2XS:20|XS:20|S:10|M:10|L:10|XL:10"
230019,"2022-09-15 08:39:53.45","#ZE0019",50.00,68.00,93.00,120.90,"2022-12-20","127594091","WH",4,,,,"",,"ZE0019A0",30029,6002,"2022-12-20","2023-01-20","USD",93.00,100,"3XS:20|2XS:20|XS:20|S:10|M:10|L:10|XL:10"
230020,"2022-09-15 08:39:53.45","#ZE0020",50.00,68.00,93.00,120.90,"2022-12-20","127596283","WH",4,,,,"",,"ZE0020A1",30045,8002,"2022-12-20","2023-01-20","USD",93.00,100,"3XS:20|2XS:20|XS:20|S:10|M:10|L:10|XL:10"
230021,"2022-09-15 08:39:53.45","#ZE0021",50.00,68.00,93.00,120.90,"2022-12-20","127596363","WH",4,,,,"",,"ZE0021A1",30045,1002,"2022-12-20","2023-01-20","USD",93.00,100,"3XS:20|2XS:20|XS:20|S:10|M:10|L:10|XL:10"
230022,"2022-09-15 08:39:53.45","#ZE0022",50.00,68.00,93.00,120.90,"2022-12-20","127590779","WH",4,,,,"",,"ZE0022A0",30029,3002,"2022-12-20","2023-01-20","USD",93.00,100,"3XS:20|2XS:20|XS:20|S:10|M:10|L:10|XL:10"
230023,"2022-09-15 08:39:53.45","#ZE0023",50.00,68.00,93.00,120.90,"2022-12-20","127590856","WH",4,,,,"",,"ZE0023A1",30045,5002,"2022-12-20","2023-01-20","USD",93.00,100,"3XS:20|2XS:20|XS:20|S:10|M:10|L:10|XL:10"
230024,"2022-09-15 08:39:53.45","#ZE0024",50.00,68.00,93.00,120.90,"2022-12-20","127591940","WH",4,,,,"",,"ZE0024A0",30029,6002,"2022-12-20","2023-01-20","USD",93.00,100,"3XS:20|2XS:20|XS:20|S:10|M:10|L:10|XL:10"
230025,"2022-09-15 08:39:53.45","#ZE0025",50.00,68.00,93.00,120.90,"2022-12-20","127594171","WH",4,,,,"",,"ZE0025A1",30045,8002,"2022-12-20","2023-01-20","USD",93.00,100,"3XS:20|2XS:20|XS:20|S:10|M:10|L:10|XL:10"
230026,"2022-09-15 08:39:53.45","#ZE0026",50.00,68.00,93.00,120.90,"2022-12-20","127594251","WH",4,,,,"",,"ZE0026A1",30045,1002,"2022-12-20","2023-01-20","USD",93.00,100,"3XS:20|2XS:20|XS:20|S:10|M:10|L:10|XL:10"
230027,"2022-09-15 08:39:53.45","#ZE0027",50.00,68.00,93.00,120.90,"2022-12-20","127596443","WH",4,,,,"",,"ZE0027A0",30029,3002,"2022-12-20","2023-01-20","USD",93.00,100,"3XS:20|2XS:20|XS:20|S:10|M:10|L:10|XL:10"
230028,"2022-09-15 08:39:53.45","#ZE0028",50.00,68.00,93.00,120.90,"2022-12-20","127592019","WH",4,,,,"",,"ZE0028A1",30045,5002,"2022-12-20","2023-01-20","USD",93.00,100,"3XS:20|2XS:20|XS:20|S:10|M:10|L:10|XL:10"
230029,"2022-09-15 08:39:53.45","#ZE0029",50.00,68.00,93.00,120.90,"2022-12-20","127592099","WH",4,,,,"",,"ZE0029A0",30029,6002,"2022-12-20","2023-01-20","USD",93.00,100,"3XS:20|2XS:20|XS:20|S:10|M:10|L:10|XL:10"
230030,"2022-09-15 08:39:53.45","#ZE0030",50.00,68.00,93.00,120.90,"2022-12-20","127594331","WH",4,,,,"",,"ZE0030A1",30045,8002,"2022-12-20","2023-01-20","USD",93.00,100,"3XS:20|2XS:20|XS:20|S:10|M:10|L:10|XL:10"
230031,"2022-09-15 08:39:53.45","#ZE0031",50.00,68.00,93.00,120.90,"2022-12-20","127596523","WH",4,,,,"",,"ZE0031A1",30045,1002,"2022-12-20","2023-01-20","USD",93.00,100,"3XS:20|2XS:20|XS:20|S:10|M:10|L:10|XL:10"
230032,"2022-09-15 08:39:53.45","#ZE0032",50.00,68.00,93.00,120.90,"2022-12-20","127596603","WH",4,,,,"",,"ZE0032A0",30029,3002,"2022-12-20","2023-01-20","USD",93.00,100,"3XS:20|2XS:20|XS:20|S:10|M:10|L:10|XL:10"
230033,"2022-09-15 08:39:53.45","#ZE0033",50.00,68.00,93.00,120.90,"2022-12-20","127592182","WH",4,,,,"",,"ZE0033A1",30045,5002,"2022-12-20","2023-01-20","USD",93.00,100,"3XS:20|2XS:20|XS:20|S:10|M:10|L:10|XL:10"
230034,"2022-09-15 08:39:53.45","#ZE0034",50.00,68.00,93.00,120.90,"2022-12-20","127592270","WH",4,,,,"",,"ZE0034A0",30029,6002,"2022-12-20","2023-01-20","USD",93.00,100,"3XS:20|2XS:20|XS:20|S:10|M:10|L:10|XL:10"
230035,"2022-09-15 08:39:53.45","#ZE0035",50.00,68.00,93.00,120.90,"2022-12-20","127594411","WH",4,,,,"",,"ZE0035A1",30045,8002,"2022-12-20","2023-01-20","USD",93.00,100,"3XS:20|2XS:20|XS:20|S:10|M:10|L:10|XL:10"
230036,"2022-09-15 08:39:53.45","#ZE0036",50.00,68.00,93.00,120.90,"2022-12-20","127594492","WH",4,,,,"",,"ZE0036A1",30045,1002,"2022-12-20","2023-01-20","USD",93.00,100,"3XS:20|2XS:20|XS:20|S:10|M:10|L:10|XL:10"
230037,"2022-09-15 08:39:53.45","#ZE0037",50.00,68.00,93.00,120.90,"2022-12-20","127596684","WH",4,,,,"",,"ZE0037A0",30029,3002,"2022-12-20","2023-01-20","USD",93.00,100,"3XS:20|2XS:20|XS:20|S:10|M:10|L:10|XL:10"
230038,"2022-09-15 08:39:53.45","#ZE0038",50.00,68.00,93.00,120.90,"2022-12-20","127596765","WH",4,,,,"",,"ZE0038A1",30045,5002,"2022-12-20","2023-01-20","USD",93.00,100,"3XS:20|2XS:20|XS:20|S:10|M:10|L:10|XL:10"
230039,"2022-09-15 08:39:53.45","#ZE0039",50.00,68.00,93.00,120.90,"2022-12-20","127592356","WH",4,,,,"",,"ZE0039A0",30029,6002,"2022-12-20","2023-01-20","USD",93.00,100,"3XS:20|2XS:20|XS:20|S:10|M:10|L:10|XL:10"
230040,"2022-09-15 08:39:53.45","#ZE0040",50.00,68.00,93.00,120.90,"2022-12-20","127592438","WH",4,,,,"",,"ZE0040A1",30045,8002,"2022-12-20","2023-01-20","USD",93.00,100,"3XS:20|2XS:20|XS:20|S:10|M:10|L:10|XL:10"
230041,"2022-09-15 08:39:53.45","#ZE0041",50.00,68.00,93.00,120.90,"2022-12-20","127594572","WH",4,,,,"",,"ZE0041A1",30045,1002,"2022-12-20","2023-01-20","USD",93.00,100,"3XS:20|2XS:20|XS:20|S:10|M:10|L:10|XL:10"
230042,"2022-09-15 08:39:53.45","#ZE0042",50.00,68.00,93.00,120.90,"2022-12-20","127594656","WH",4,,,,"",,"ZE0042A0",30029,3002,"2022-12-20","2023-01-20","USD",93.00,100,"3XS:20|2XS:20|XS:20|S:10|M:10|L:10|XL:10"
230043,"2022-09-15 08:39:53.45","#ZE0043",50.00,68.00,93.00,120.90,"2022-12-20","127596845","WH",4,,,,"",,"ZE0043A1",30045,5002,"2022-12-20","2023-01-20","USD",93.00,100,"3XS:20|2XS:20|XS:20|S:10|M:10|L:10|XL:10"
230044,"2022-09-15 08:39:53.45","#ZE0044",50.00,68.00,93.00,120.90,"2022-12-20","127596929","WH",4,,,,"",,"ZE0044A0",30029,6002,"2022-12-20","2023-01-20","USD",93.00,100,"3XS:20|2XS:20|XS:20|S:10|M:10|L:10|XL:10"
230045,"2022-09-15 08:39:53.45","#ZE0045",50.00,68.00,93.00,120.90,"2022-12-20","127592523","WH",4,,,,"",,"ZE0045A1",30045,8002,"2022-12-20","2023-01-20","USD",93.00,100,"3XS:20|2XS:20|XS:20|S:10|M:10|L:10|XL:10"
230046,"2022-09-15 08:39:53.45","#ZE0046",50.00,68.00,93.00,120.90,"2022-12-20","127594735","WH",4,,,,"",,"ZE0046A1",30045,1002,"2022-12-20","2023-01-20","USD",93.00,100,"3XS:20|2XS:20|XS:20|S:10|M:10|L:10|XL:10"
230047,"2022-09-15 08:39:53.45","#ZE0047",50.00,68.00,93.00,120.90,"2022-12-20","127594813","WH",4,,,,"",,"ZE0047A0",30029,3002,"2022-12-20","2023-01-20","USD",93.00,100,"3XS:20|2XS:20|XS:20|S:10|M:10|L:10|XL:10"
230048,"2022-09-15 08:39:53.45","#ZE0048",50.00,68.00,93.00,120.90,"2022-12-20","127597013","WH",4,,,,"",,"ZE0048A1",30045,5002,"2022-12-20","2023-01-20","USD",93.00,100,"3XS:20|2XS:20|XS:20|S:10|M:10|L:10|XL:10"
230049,"2022-09-15 08:39:53.45","#ZE0049",50.00,68.00,93.00,120.90,"2022-12-20","127592603","WH",4,,,,"",,"ZE0049A0",30029,6002,"2022-12-20","2023-01-20","USD",93.00,100,"3XS:20|2XS:20|XS:20|S:10|M:10|L:10|XL:10"
230050,"2022-09-15 08:39:53.45","#ZE0050",50.00,68.00,93.00,120.90,"2022-12-20","127592685","WH",4,,,,"",,"ZE0050A1",30045,8002,"2022-12-20","2023-01-20","USD",93.00,100,"3XS:20|2XS:20|XS:20|S:10|M:10|L:10|XL:10"
230051,"2022-09-15 08:39:53.45","#ZE0051",50.00,68.00,93.00,120.90,"2022-12-20","127594898","WH",4,,,,"",,"ZE0051A1",30045,1002,"2022-12-20","2023-01-20","USD",93.00,100,"3XS:20|2XS:20|XS:20|S:10|M:10|L:10|XL:10"
230052,"2022-09-15 08:39:53.45","#ZE0052",50.00,68.00,93.00,120.90,"2022-12-20","127597094","WH",4,,,,"",,"ZE0052A0",30029,3002,"2022-12-20","2023-01-20","USD",93.00,100,"3XS:20|2XS:20|XS:20|S:10|M:10|L:10|XL:10"
230053,"2022-09-15 08:39:53.45","#ZE0053",50.00,68.00,93.00,120.90,"2022-12-20","127597164","WH",4,,,,"",,"ZE0053A1",30045,5002,"2022-12-20","2023-01-20","USD",93.00,100,"3XS:20|2XS:20|XS:20|S:10|M:10|L:10|XL:10"
230054,"2022-09-15 08:39:53.45","#ZE0054",50.00,68.00,93.00,120.90,"2022-12-20","127592767","WH",4,,,,"",,"ZE0054A0",30029,6002,"2022-12-20","2023-01-20","USD",93.00,100,"3XS:20|2XS:20|XS:20|S:10|M:10|L:10|XL:10"
230055,"2022-09-15 08:39:53.45","#ZE0055",50.00,68.00,93.00,120.90,"2022-12-20","127592856","WH",4,,,,"",,"ZE0055A1",30045,8002,"2022-12-20","2023-01-20","USD",93.00,100,"3XS:20|2XS:20|XS:20|S:10|M:10|L:10|XL:10"
230056,"2022-09-15 08:39:53.45","#ZE0056",50.00,68.00,93.00,120.90,"2022-12-20","127594980","WH",4,,,,"",,"ZE0056A1",30045,1002,"2022-12-20","2023-01-20","USD",93.00,100,"3XS:20|2XS:20|XS:20|S:10|M:10|L:10|XL:10"
230057,"2022-09-15 08:39:53.45","#ZE0057",50.00,68.00,93.00,120.90,"2022-12-20","127595059","WH",4,,,,"",,"ZE0057A0",30029,3002,"2022-12-20","2023-01-20","USD",93.00,100,"3XS:20|2XS:20|XS:20|S:10|M:10|L:10|XL:10"
230058,"2022-09-15 08:39:53.45","#ZE0058",50.00,68.00,93.00,120.90,"2022-12-20","127597249","WH",4,,,,"",,"ZE0058A1",30045,5002,"2022-12-20","2023-01-20","USD",93.00,100,"3XS:20|2XS:20|XS:20|S:10|M:10|L:10|XL:10"
230059,"2022-09-15 08:39:53.45","#ZE0059",50.00,68.00,93.00,120.90,"2022-12-20","127597330","WH",4,,,,"",,"ZE0059A0",30029,6002,"2022-12-20","2023-01-20","USD",93.00,100,"3XS:20|2XS:20|XS:20|S:10|M:10|L:10|XL:10"
230060,"2022-09-15 08:39:53.45","#ZE0060",50.00,68.00,93.00,120.90,"2022-12-20","127592945","WH",4,,,,"",,"ZE0060A1",30045,8002,"2022-12-20","2023-01-20","USD",93.00,100,"3XS:20|2XS:20|XS:20|S:10|M:10|L:10|XL:10"
230061,"2022-09-15 08:39:53.45","#ZE0061",50.00,68.00,93.00,120.90,"2022-12-20","127593027","WH",4,,,,"",,"ZE0061A1",30045,1002,"2022-12-20","2023-01-20","USD",93.00,100,"3XS:20|2XS:20|XS:20|S:10|M:10|L:10|XL:10"
230062,"2022-09-15 08:39:53.45","#ZE0062",50.00,68.00,93.00,120.90,"2022-12-20","127595140","WH",4,,,,"",,"ZE0062A0",30029,3002,"2022-12-20","2023-01-20","USD",93.00,100,"3XS:20|2XS:20|XS:20|S:10|M:10|L:10|XL:10"
230063,"2022-09-15 08:39:53.45","#ZE0063",50.00,68.00,93.00,120.90,"2022-12-20","127595221","WH",4,,,,"",,"ZE0063A1",30045,5002,"2022-12-20","2023-01-20","USD",93.00,100,"3XS:20|2XS:20|XS:20|S:10|M:10|L:10|XL:10"
230064,"2022-09-15 08:39:53.45","#ZE0064",50.00,68.00,93.00,120.90,"2022-12-20","127593107","WH",4,,,,"",,"ZE0064A0",30029,6002,"2022-12-20","2023-01-20","USD",93.00,100,"3XS:20|2XS:20|XS:20|S:10|M:10|L:10|XL:10"
230065,"2022-09-15 08:39:53.45","#ZE0065",50.00,68.00,93.00,120.90,"2022-12-20","127595304","WH",4,,,,"",,"ZE0065A1",30045,8002,"2022-12-20","2023-01-20","USD",93.00,100,"3XS:20|2XS:20|XS:20|S:10|M:10|L:10|XL:10"
230066,"2022-09-15 08:39:53.45","#ZE0066",50.00,68.00,93.00,120.90,"2022-12-20","127595391","WH",4,,,,"",,"ZE0066A1",30045,1002,"2022-12-20","2023-01-20","USD",93.00,100,"3XS:20|2XS:20|XS:20|S:10|M:10|L:10|XL:10"
230067,"2022-09-15 08:39:53.45","#ZE0067",50.00,68.00,93.00,120.90,"2022-12-20","127590937","WH",4,,,,"",,"ZE0067A0",30029,3002,"2022-12-20","2023-01-20","USD",93.00,100,"3XS:20|2XS:20|XS:20|S:10|M:10|L:10|XL:10"
230068,"2022-09-15 08:39:53.45","#ZE0068",50.00,68.00,93.00,120.90,"2022-12-20","127593187","WH",4,,,,"",,"ZE0068A1",30045,5002,"2022-12-20","2023-01-20","USD",93.00,100,"3XS:20|2XS:20|XS:20|S:10|M:10|L:10|XL:10"
230069,"2022-09-15 08:39:53.45","#ZE0069",50.00,68.00,93.00,120.90,"2022-12-20","127593267","WH",4,,,,"",,"ZE0069A0",30029,6002,"2022-12-20","2023-01-20","USD",93.00,100,"3XS:20|2XS:20|XS:20|S:10|M:10|L:10|XL:10"
230070,"2022-09-15 08:39:53.45","#ZE0070",50.00,68.00,93.00,120.90,"2022-12-20","127595475","WH",4,,,,"",,"ZE0070A1",30045,8002,"2022-12-20","2023-01-20","USD",93.00,100,"3XS:20|2XS:20|XS:20|S:10|M:10|L:10|XL:10"
230071,"2022-09-15 08:39:53.45","#ZE0071",50.00,68.00,93.00,120.90,"2022-12-20","127591047","WH",4,,,,"",,"ZE0071A1",30045,1002,"2022-12-20","2023-01-20","USD",93.00,100,"3XS:20|2XS:20|XS:20|S:10|M:10|L:10|XL:10"
230072,"2022-09-15 08:39:53.45","#ZE0072",50.00,68.00,93.00,120.90,"2022-12-20","127591135","WH",4,,,,"",,"ZE0072A0",30029,3002,"2022-12-20","2023-01-20","USD",93.00,100,"3XS:20|2XS:20|XS:20|S:10|M:10|L:10|XL:10"
230073,"2022-09-15 08:39:53.45","#ZE0073",50.00,68.00,93.00,120.90,"2022-12-20","127593347","WH",4,,,,"",,"ZE0073A1",30045,5002,"2022-12-20","2023-01-20","USD",93.00,100,"3XS:20|2XS:20|XS:20|S:10|M:10|L:10|XL:10"
230074,"2022-09-15 08:39:53.45","#ZE0074",50.00,68.00,93.00,120.90,"2022-12-20","127595556","WH",4,,,,"",,"ZE0074A0",30029,6002,"2022-12-20","2023-01-20","USD",93.00,100,"3XS:20|2XS:20|XS:20|S:10|M:10|L:10|XL:10"
230075,"2022-09-15 08:39:53.45","#ZE0075",50.00,68.00,93.00,120.90,"2022-12-20","127595638","WH",4,,,,"",,"ZE0075A1",30045,8002,"2022-12-20","2023-01-20","USD",93.00,100,"3XS:20|2XS:20|XS:20|S:10|M:10|L:10|XL:10"
230076,"2022-09-15 08:39:53.45","#ZE0076",50.00,68.00,93.00,120.90,"2022-12-20","127591220","WH",4,,,,"",,"ZE0076A1",30045,1002,"2022-12-20","2023-01-20","USD",93.00,100,"3XS:20|2XS:20|XS:20|S:10|M:10|L:10|XL:10"
230077,"2022-09-15 08:39:53.45","#ZE0077",50.00,68.00,93.00,120.90,"2022-12-20","127591299","WH",4,,,,"",,"ZE0077A0",30029,3002,"2022-12-20","2023-01-20","USD",93.00,100,"3XS:20|2XS:20|XS:20|S:10|M:10|L:10|XL:10"
230078,"2022-09-15 08:39:53.45","#ZE0078",50.00,68.00,93.00,120.90,"2022-12-20","127593427","WH",4,,,,"",,"ZE0078A1",30045,5002,"2022-12-20","2023-01-20","USD",93.00,100,"3XS:20|2XS:20|XS:20|S:10|M:10|L:10|XL:10"
230079,"2022-09-15 08:39:53.45","#ZE0079",50.00,68.00,93.00,120.90,"2022-12-20","127593507","WH",4,,,,"",,"ZE0079A0",30029,6002,"2022-12-20","2023-01-20","USD",93.00,100,"3XS:20|2XS:20|XS:20|S:10|M:10|L:10|XL:10"
230080,"2022-09-15 08:39:53.45","#ZE0080",50.00,68.00,93.00,120.90,"2022-12-20","127595723","WH",4,,,,"",,"ZE0080A1",30045,8002,"2022-12-20","2023-01-20","USD",93.00,100,"3XS:20|2XS:20|XS:20|S:10|M:10|L:10|XL:10"
230081,"2022-09-15 08:39:53.45","#ZE0081",50.00,68.00,93.00,120.90,"2022-12-20","127595803","WH",4,,,,"",,"ZE0081A1",30045,1002,"2022-12-20","2023-01-20","USD",93.00,100,"3XS:20|2XS:20|XS:20|S:10|M:10|L:10|XL:10"
230082,"2022-09-15 08:39:53.45","#ZE0082",50.00,68.00,93.00,120.90,"2022-12-20","127598331","WH",4,,,,"",,"ZE0082A0",30029,3002,"2022-12-20","2023-01-20","USD",93.00,100,"3XS:20|2XS:20|XS:20|S:10|M:10|L:10|XL:10"
230083,"2022-09-15 08:39:53.45","#ZE0083",50.00,68.00,93.00,120.90,"2022-12-20","127598411","WH",4,,,,"",,"ZE0083A1",30045,5002,"2022-12-20","2023-01-20","USD",93.00,100,"3XS:20|2XS:20|XS:20|S:10|M:10|L:10|XL:10"
230084,"2022-09-15 08:39:53.45","#ZE0084",50.00,68.00,93.00,120.90,"2022-12-20","127590778","WH",4,,,,"",,"ZE0084A0",30029,6002,"2022-12-20","2023-01-20","USD",93.00,100,"3XS:20|2XS:20|XS:20|S:10|M:10|L:10|XL:10"
230085,"2022-09-15 08:39:53.45","#ZE0085",50.00,68.00,93.00,120.90,"2022-12-20","127593290","WH",4,,,,"",,"ZE0085A1",30045,8002,"2022-12-20","2023-01-20","USD",93.00,100,"3XS:20|2XS:20|XS:20|S:10|M:10|L:10|XL:10"
230086,"2022-09-15 08:39:53.45","#ZE0086",50.00,68.00,93.00,120.90,"2022-12-20","127593367","WH",4,,,,"",,"ZE0086A1",30045,1002,"2022-12-20","2023-01-20","USD",93.00,100,"3XS:20|2XS:20|XS:20|S:10|M:10|L:10|XL:10"
230087,"2022-09-15 08:39:53.45","#ZE0087",50.00,68.00,93.00,120.90,"2022-12-20","127595460","WH",4,,,,"",,"ZE0087A0",30029,3002,"2022-12-20","2023-01-20","USD",93.00,100,"3XS:20|2XS:20|XS:20|S:10|M:10|L:10|XL:10"
230088,"2022-09-15 08:39:53.45","#ZE0088",50.00,68.00,93.00,120.90,"2022-12-20","127597559","WH",4,,,,"",,"ZE0088A1",30045,5002,"2022-12-20","2023-01-20","USD",93.00,100,"3XS:20|2XS:20|XS:20|S:10|M:10|L:10|XL:10"
230089,"2022-09-15 08:39:53.45","#ZE0089",50.00,68.00,93.00,120.90,"2022-12-20","127597642","WH",4,,,,"",,"ZE0089A0",30029,6002,"2022-12-20","2023-01-20","USD",93.00,100,"3XS:20|2XS:20|XS:20|S:10|M:10|L:10|XL:10"
230090,"2022-09-15 08:39:53.45","#ZE0090",50.00,68.00,93.00,120.90,"2022-12-20","127598491","WH",4,,,,"",,"ZE0090A1",30045,8002,"2022-12-20","2023-01-20","USD",93.00,100,"3XS:20|2XS:20|XS:20|S:10|M:10|L:10|XL:10"
230091,"2022-09-15 08:39:53.45","#ZE0091",50.00,68.00,93.00,120.90,"2022-12-20","127590857","WH",4,,,,"",,"ZE0091A1",30045,1002,"2022-12-20","2023-01-20","USD",93.00,100,"3XS:20|2XS:20|XS:20|S:10|M:10|L:10|XL:10"
230092,"2022-09-15 08:39:53.45","#ZE0092",50.00,68.00,93.00,120.90,"2022-12-20","127593442","WH",4,,,,"",,"ZE0092A0",30029,3002,"2022-12-20","2023-01-20","USD",93.00,100,"3XS:20|2XS:20|XS:20|S:10|M:10|L:10|XL:10"
230093,"2022-09-15 08:39:53.45","#ZE0093",50.00,68.00,93.00,120.90,"2022-12-20","127595540","WH",4,,,,"",,"ZE0093A1",30045,5002,"2022-12-20","2023-01-20","USD",93.00,100,"3XS:20|2XS:20|XS:20|S:10|M:10|L:10|XL:10"
230094,"2022-09-15 08:39:53.45","#ZE0094",50.00,68.00,93.00,120.90,"2022-12-20","127595620","WH",4,,,,"",,"ZE0094A0",30029,6002,"2022-12-20","2023-01-20","USD",93.00,100,"3XS:20|2XS:20|XS:20|S:10|M:10|L:10|XL:10"
230095,"2022-09-15 08:39:53.45","#ZE0095",50.00,68.00,93.00,120.90,"2022-12-20","127597718","WH",4,,,,"",,"ZE0095A1",30045,8002,"2022-12-20","2023-01-20","USD",93.00,100,"3XS:20|2XS:20|XS:20|S:10|M:10|L:10|XL:10"
230096,"2022-09-15 08:39:53.45","#ZE0096",50.00,68.00,93.00,120.90,"2022-12-20","127597802","WH",4,,,,"",,"ZE0096A1",30045,1002,"2022-12-20","2023-01-20","USD",93.00,100,"3XS:20|2XS:20|XS:20|S:10|M:10|L:10|XL:10"
230097,"2022-09-15 08:39:53.45","#ZE0097",50.00,68.00,93.00,120.90,"2022-12-20","127598571","WH",4,,,,"",,"ZE0097A0",30029,3002,"2022-12-20","2023-01-20","USD",93.00,100,"3XS:20|2XS:20|XS:20|S:10|M:10|L:10|XL:10"
230098,"2022-09-15 08:39:53.45","#ZE0098",50.00,68.00,93.00,120.90,"2022-12-20","127598651","WH",4,,,,"",,"ZE0098A1",30045,5002,"2022-12-20","2023-01-20","USD",93.00,100,"3XS:20|2XS:20|XS:20|S:10|M:10|L:10|XL:10"
230099,"2022-09-15 08:39:53.45","#ZE0099",50.00,68.00,93.00,120.90,"2022-12-20","127590932","WH",4,,,,"",,"ZE0099A0",30029,6002,"2022-12-20","2023-01-20","USD",93.00,100,"3XS:20|2XS:20|XS:20|S:10|M:10|L:10|XL:10"
230100,"2022-09-15 08:39:53.45","#ZE0100",50.00,68.00,93.00,120.90,"2022-12-20","127591013","WH",4,,,,"",,"ZE0100A1",30045,8002,"2022-12-20","2023-01-20","USD",93.00,100,"3XS:20|2XS:20|XS:20|S:10|M:10|L:10|XL:10"
230101,"2022-09-15 08:39:53.45","#ZE0101",50.00,68.00,93.00,120.90,"2022-12-20","127593517","WH",4,,,,"",,"ZE0101A1",30045,1002,"2022-12-20","2023-01-20","USD",93.00,100,"3XS:20|2XS:20|XS:20|S:10|M:10|L:10|XL:10"
230102,"2022-09-15 08:39:53.45","#ZE0102",50.00,68.00,93.00,120.90,"2022-12-20","127593593","WH",4,,,,"",,"ZE0102A0",30029,3002,"2022-12-20","2023-01-20","USD",93.00,100,"3XS:20|2XS:20|XS:20|S:10|M:10|L:10|XL:10"
230103,"2022-09-15 08:39:53.45","#ZE0103",50.00,68.00,93.00,120.90,"2022-12-20","127595700","WH",4,,,,"",,"ZE0103A1",30045,5002,"2022-12-20","2023-01-20","USD",93.00,100,"3XS:20|2XS:20|XS:20|S:10|M:10|L:10|XL:10"
230104,"2022-09-15 08:39:53.45","#ZE0104",50.00,68.00,93.00,120.90,"2022-12-20","127595780","WH",4,,,,"",,"ZE0104A0",30029,6002,"2022-12-20","2023-01-20","USD",93.00,100,"3XS:20|2XS:20|XS:20|S:10|M:10|L:10|XL:10"
230105,"2022-09-15 08:39:53.45","#ZE0105",50.00,68.00,93.00,120.90,"2022-12-20","127597882","WH",4,,,,"",,"ZE0105A1",30045,8002,"2022-12-20","2023-01-20","USD",93.00,100,"3XS:20|2XS:20|XS:20|S:10|M:10|L:10|XL:10"
230106,"2022-09-15 08:39:53.45","#ZE0106",50.00,68.00,93.00,120.90,"2022-12-20","127597963","WH",4,,,,"",,"ZE0106A1",30045,1002,"2022-12-20","2023-01-20","USD",93.00,100,"3XS:20|2XS:20|XS:20|S:10|M:10|L:10|XL:10"
230107,"2022-09-15 08:39:53.45","#ZE0107",50.00,68.00,93.00,120.90,"2022-12-20","127598715","WH",4,,,,"",,"ZE0107A0",30029,3002,"2022-12-20","2023-01-20","USD",93.00,100,"3XS:20|2XS:20|XS:20|S:10|M:10|L:10|XL:10"
230108,"2022-09-15 08:39:53.45","#ZE0108",50.00,68.00,93.00,120.90,"2022-12-20","127598755","WH",4,,,,"",,"ZE0108A1",30045,5002,"2022-12-20","2023-01-20","USD",93.00,100,"3XS:20|2XS:20|XS:20|S:10|M:10|L:10|XL:10"
230109,"2022-09-15 08:39:53.45","#ZE0109",50.00,68.00,93.00,120.90,"2022-12-20","127591093","WH",4,,,,"",,"ZE0109A0",30029,6002,"2022-12-20","2023-01-20","USD",93.00,100,"3XS:20|2XS:20|XS:20|S:10|M:10|L:10|XL:10"
230110,"2022-09-15 08:39:53.45","#ZE0110",50.00,68.00,93.00,120.90,"2022-12-20","127591173","WH",4,,,,"",,"ZE0110A1",30045,8002,"2022-12-20","2023-01-20","USD",93.00,100,"3XS:20|2XS:20|XS:20|S:10|M:10|L:10|XL:10"
230111,"2022-09-15 08:39:53.45","#ZE0111",50.00,68.00,93.00,120.90,"2022-12-20","127593676","WH",4,,,,"",,"ZE0111A1",30045,1002,"2022-12-20","2023-01-20","USD",93.00,100,"3XS:20|2XS:20|XS:20|S:10|M:10|L:10|XL:10"
230112,"2022-09-15 08:39:53.45","#ZE0112",50.00,68.00,93.00,120.90,"2022-12-20","127593755","WH",4,,,,"",,"ZE0112A0",30029,3002,"2022-12-20","2023-01-20","USD",93.00,100,"3XS:20|2XS:20|XS:20|S:10|M:10|L:10|XL:10"
230113,"2022-09-15 08:39:53.45","#ZE0113",50.00,68.00,93.00,120.90,"2022-12-20","127595860","WH",4,,,,"",,"ZE0113A1",30045,5002,"2022-12-20","2023-01-20","USD",93.00,100,"3XS:20|2XS:20|XS:20|S:10|M:10|L:10|XL:10"
230114,"2022-09-15 08:39:53.45","#ZE0114",50.00,68.00,93.00,120.90,"2022-12-20","127595935","WH",4,,,,"",,"ZE0114A0",30029,6002,"2022-12-20","2023-01-20","USD",93.00,100,"3XS:20|2XS:20|XS:20|S:10|M:10|L:10|XL:10"
230115,"2022-09-15 08:39:53.45","#ZE0115",50.00,68.00,93.00,120.90,"2022-12-20","127598037","WH",4,,,,"",,"ZE0115A1",30045,8002,"2022-12-20","2023-01-20","USD",93.00,100,"3XS:20|2XS:20|XS:20|S:10|M:10|L:10|XL:10"
230116,"2022-09-15 08:39:53.45","#ZE0116",50.00,68.00,93.00,120.90,"2022-12-20","127597656","WH",4,,,,"",,"ZE0116A1",30045,1002,"2022-12-20","2023-01-20","USD",93.00,100,"3XS:20|2XS:20|XS:20|S:10|M:10|L:10|XL:10"
230117,"2022-09-15 08:39:53.45","#ZE0117",50.00,68.00,93.00,120.90,"2022-12-20","127591253","WH",4,,,,"",,"ZE0117A0",30029,3002,"2022-12-20","2023-01-20","USD",93.00,100,"3XS:20|2XS:20|XS:20|S:10|M:10|L:10|XL:10"
230118,"2022-09-15 08:39:53.45","#ZE0118",50.00,68.00,93.00,120.90,"2022-12-20","127593834","WH",4,,,,"",,"ZE0118A1",30045,5002,"2022-12-20","2023-01-20","USD",93.00,100,"3XS:20|2XS:20|XS:20|S:10|M:10|L:10|XL:10"
230119,"2022-09-15 08:39:53.45","#ZE0119",50.00,68.00,93.00,120.90,"2022-12-20","127593913","WH",4,,,,"",,"ZE0119A0",30029,6002,"2022-12-20","2023-01-20","USD",93.00,100,"3XS:20|2XS:20|XS:20|S:10|M:10|L:10|XL:10"
230120,"2022-09-15 08:39:53.45","#ZE0120",50.00,68.00,93.00,120.90,"2022-12-20","127596009","WH",4,,,,"",,"ZE0120A1",30045,8002,"2022-12-20","2023-01-20","USD",93.00,100,"3XS:20|2XS:20|XS:20|S:10|M:10|L:10|XL:10"
230121,"2022-09-15 08:39:53.45","#ZE0121",50.00,68.00,93.00,120.90,"2022-12-20","127598112","WH",4,,,,"",,"ZE0121A1",30045,1002,"2022-12-20","2023-01-20","USD",93.00,100,"3XS:20|2XS:20|XS:20|S:10|M:10|L:10|XL:10"
230122,"2022-09-15 08:39:53.45","#ZE0122",50.00,68.00,93.00,120.90,"2022-12-20","127598192","WH",4,,,,"",,"ZE0122A0",30029,3002,"2022-12-20","2023-01-20","USD",93.00,100,"3XS:20|2XS:20|XS:20|S:10|M:10|L:10|XL:10"
230123,"2022-09-15 08:39:53.45","#ZE0123",50.00,68.00,93.00,120.90,"2022-12-20","127597743","WH",4,,,,"",,"ZE0123A1",30045,5002,"2022-12-20","2023-01-20","USD",93.00,100,"3XS:20|2XS:20|XS:20|S:10|M:10|L:10|XL:10"
230124,"2022-09-15 08:39:53.45","#ZE0124",50.00,68.00,93.00,120.90,"2022-12-20","127591336","WH",4,,,,"",,"ZE0124A0",30029,6002,"2022-12-20","2023-01-20","USD",93.00,100,"3XS:20|2XS:20|XS:20|S:10|M:10|L:10|XL:10"
230125,"2022-09-15 08:39:53.45","#ZE0125",50.00,68.00,93.00,120.90,"2022-12-20","127591413","WH",4,,,,"",,"ZE0125A1",30045,8002,"2022-12-20","2023-01-20","USD",93.00,100,"3XS:20|2XS:20|XS:20|S:10|M:10|L:10|XL:10"
230126,"2022-09-15 08:39:53.45","#ZE0126",50.00,68.00,93.00,120.90,"2022-12-20","127593985","WH",4,,,,"",,"ZE0126A1",30045,1002,"2022-12-20","2023-01-20","USD",93.00,100,"3XS:20|2XS:20|XS:20|S:10|M:10|L:10|XL:10"
230127,"2022-09-15 08:39:53.45","#ZE0127",50.00,68.00,93.00,120.90,"2022-12-20","127596078","WH",4,,,,"",,"ZE0127A0",30029,3002,"2022-12-20","2023-01-20","USD",93.00,100,"3XS:20|2XS:20|XS:20|S:10|M:10|L:10|XL:10"
230128,"2022-09-15 08:39:53.45","#ZE0128",50.00,68.00,93.00,120.90,"2022-12-20","127596157","WH",4,,,,"",,"ZE0128A1",30045,5002,"2022-12-20","2023-01-20","USD",93.00,100,"3XS:20|2XS:20|XS:20|S:10|M:10|L:10|XL:10"
230129,"2022-09-15 08:39:53.45","#ZE0129",50.00,68.00,93.00,120.90,"2022-12-20","127598270","WH",4,,,,"",,"ZE0129A0",30029,6002,"2022-12-20","2023-01-20","USD",93.00,100,"3XS:20|2XS:20|XS:20|S:10|M:10|L:10|XL:10"
230130,"2022-09-15 08:39:53.45","#ZE0130",50.00,68.00,93.00,120.90,"2022-12-20","127598350","WH",4,,,,"",,"ZE0130A1",30045,8002,"2022-12-20","2023-01-20","USD",93.00,100,"3XS:20|2XS:20|XS:20|S:10|M:10|L:10|XL:10"
230131,"2022-09-15 08:39:53.45","#ZE0131",50.00,68.00,93.00,120.90,"2022-12-20","127597824","WH",4,,,,"",,"ZE0131A1",30045,1002,"2022-12-20","2023-01-20","USD",93.00,100,"3XS:20|2XS:20|XS:20|S:10|M:10|L:10|XL:10"
230132,"2022-09-15 08:39:53.45","#ZE0132",50.00,68.00,93.00,120.90,"2022-12-20","127597904","WH",4,,,,"",,"ZE0132A0",30029,3002,"2022-12-20","2023-01-20","USD",93.00,100,"3XS:20|2XS:20|XS:20|S:10|M:10|L:10|XL:10"
230133,"2022-09-15 08:39:53.45","#ZE0133",50.00,68.00,93.00,120.90,"2022-12-20","127591497","WH",4,,,,"",,"ZE0133A1",30045,5002,"2022-12-20","2023-01-20","USD",93.00,100,"3XS:20|2XS:20|XS:20|S:10|M:10|L:10|XL:10"
230134,"2022-09-15 08:39:53.45","#ZE0134",50.00,68.00,93.00,120.90,"2022-12-20","127594059","WH",4,,,,"",,"ZE0134A0",30029,6002,"2022-12-20","2023-01-20","USD",93.00,100,"3XS:20|2XS:20|XS:20|S:10|M:10|L:10|XL:10"
230135,"2022-09-15 08:39:53.45","#ZE0135",50.00,68.00,93.00,120.90,"2022-12-20","127594137","WH",4,,,,"",,"ZE0135A1",30045,8002,"2022-12-20","2023-01-20","USD",93.00,100,"3XS:20|2XS:20|XS:20|S:10|M:10|L:10|XL:10"
230136,"2022-09-15 08:39:53.45","#ZE0136",50.00,68.00,93.00,120.90,"2022-12-20","127596236","WH",4,,,,"",,"ZE0136A1",30045,1002,"2022-12-20","2023-01-20","USD",93.00,100,"3XS:20|2XS:20|XS:20|S:10|M:10|L:10|XL:10"
230137,"2022-09-15 08:39:53.45","#ZE0137",50.00,68.00,93.00,120.90,"2022-12-20","127596316","WH",4,,,,"",,"ZE0137A0",30029,3002,"2022-12-20","2023-01-20","USD",93.00,100,"3XS:20|2XS:20|XS:20|S:10|M:10|L:10|XL:10"
230138,"2022-09-15 08:39:53.45","#ZE0138",50.00,68.00,93.00,120.90,"2022-12-20","127598429","WH",4,,,,"",,"ZE0138A1",30045,5002,"2022-12-20","2023-01-20","USD",93.00,100,"3XS:20|2XS:20|XS:20|S:10|M:10|L:10|XL:10"
230139,"2022-09-15 08:39:53.45","#ZE0139",50.00,68.00,93.00,120.90,"2022-12-20","127598507","WH",4,,,,"",,"ZE0139A0",30029,6002,"2022-12-20","2023-01-20","USD",93.00,100,"3XS:20|2XS:20|XS:20|S:10|M:10|L:10|XL:10"
230140,"2022-09-15 08:39:53.45","#ZE0140",50.00,68.00,93.00,120.90,"2022-12-20","127597984","WH",4,,,,"",,"ZE0140A1",30045,8002,"2022-12-20","2023-01-20","USD",93.00,100,"3XS:20|2XS:20|XS:20|S:10|M:10|L:10|XL:10"
230141,"2022-09-15 08:39:53.45","#ZE0141",50.00,68.00,93.00,120.90,"2022-12-20","127598064","WH",4,,,,"",,"ZE0141A1",30045,1002,"2022-12-20","2023-01-20","USD",93.00,100,"3XS:20|2XS:20|XS:20|S:10|M:10|L:10|XL:10"
230142,"2022-09-15 08:39:53.45","#ZE0142",50.00,68.00,93.00,120.90,"2022-12-20","127591578","WH",4,,,,"",,"ZE0142A0",30029,3002,"2022-12-20","2023-01-20","USD",93.00,100,"3XS:20|2XS:20|XS:20|S:10|M:10|L:10|XL:10"
230143,"2022-09-15 08:39:53.45","#ZE0143",50.00,68.00,93.00,120.90,"2022-12-20","127591659","WH",4,,,,"",,"ZE0143A1",30045,5002,"2022-12-20","2023-01-20","USD",93.00,100,"3XS:20|2XS:20|XS:20|S:10|M:10|L:10|XL:10"
230144,"2022-09-15 08:39:53.45","#ZE0144",50.00,68.00,93.00,120.90,"2022-12-20","127594218","WH",4,,,,"",,"ZE0144A0",30029,6002,"2022-12-20","2023-01-20","USD",93.00,100,"3XS:20|2XS:20|XS:20|S:10|M:10|L:10|XL:10"
230145,"2022-09-15 08:39:53.45","#ZE0145",50.00,68.00,93.00,120.90,"2022-12-20","127594297","WH",4,,,,"",,"ZE0145A1",30045,8002,"2022-12-20","2023-01-20","USD",93.00,100,"3XS:20|2XS:20|XS:20|S:10|M:10|L:10|XL:10"
230146,"2022-09-15 08:39:53.45","#ZE0146",50.00,68.00,93.00,120.90,"2022-12-20","127596396","WH",4,,,,"",,"ZE0146A1",30045,1002,"2022-12-20","2023-01-20","USD",93.00,100,"3XS:20|2XS:20|XS:20|S:10|M:10|L:10|XL:10"
230147,"2022-09-15 08:39:53.45","#ZE0147",50.00,68.00,93.00,120.90,"2022-12-20","127596474","WH",4,,,,"",,"ZE0147A0",30029,3002,"2022-12-20","2023-01-20","USD",93.00,100,"3XS:20|2XS:20|XS:20|S:10|M:10|L:10|XL:10"
230148,"2022-09-15 08:39:53.45","#ZE0148",50.00,68.00,93.00,120.90,"2022-12-20","127598590","WH",4,,,,"",,"ZE0148A1",30045,5002,"2022-12-20","2023-01-20","USD",93.00,100,"3XS:20|2XS:20|XS:20|S:10|M:10|L:10|XL:10"
230149,"2022-09-15 08:39:53.45","#ZE0149",50.00,68.00,93.00,120.90,"2022-12-20","127598147","WH",4,,,,"",,"ZE0149A0",30029,6002,"2022-12-20","2023-01-20","USD",93.00,100,"3XS:20|2XS:20|XS:20|S:10|M:10|L:10|XL:10"
230150,"2022-09-15 08:39:53.45","#ZE0150",50.00,68.00,93.00,120.90,"2022-12-20","127598225","WH",4,,,,"",,"ZE0150A1",30045,8002,"2022-12-20","2023-01-20","USD",93.00,100,"3XS:20|2XS:20|XS:20|S:10|M:10|L:10|XL:10"
230151,"2022-09-15 08:39:53.45","#ZE0151",50.00,68.00,93.00,120.90,"2022-12-20","127591740","WH",4,,,,"",,"ZE0151A1",30045,1002,"2022-12-20","2023-01-20","USD",93.00,100,"3XS:20|2XS:20|XS:20|S:10|M:10|L:10|XL:10"
230152,"2022-09-15 08:39:53.45","#ZE0152",50.00,68.00,93.00,120.90,"2022-12-20","127591821","WH",4,,,,"",,"ZE0152A0",30029,3002,"2022-12-20","2023-01-20","USD",93.00,100,"3XS:20|2XS:20|XS:20|S:10|M:10|L:10|XL:10"
230153,"2022-09-15 08:39:53.45","#ZE0153",50.00,68.00,93.00,120.90,"2022-12-20","127594377","WH",4,,,,"",,"ZE0153A1",30045,5002,"2022-12-20","2023-01-20","USD",93.00,100,"3XS:20|2XS:20|XS:20|S:10|M:10|L:10|XL:10"
230154,"2022-09-15 08:39:53.45","#ZE0154",50.00,68.00,93.00,120.90,"2022-12-20","127594456","WH",4,,,,"",,"ZE0154A0",30029,6002,"2022-12-20","2023-01-20","USD",93.00,100,"3XS:20|2XS:20|XS:20|S:10|M:10|L:10|XL:10"
230155,"2022-09-15 08:39:53.45","#ZE0155",50.00,68.00,93.00,120.90,"2022-12-20","127596549","WH",4,,,,"",,"ZE0155A1",30045,8002,"2022-12-20","2023-01-20","USD",93.00,100,"3XS:20|2XS:20|XS:20|S:10|M:10|L:10|XL:10"
230156,"2022-09-15 08:39:53.45","#ZE0156",50.00,68.00,93.00,120.90,"2022-12-20","127598302","WH",4,,,,"",,"ZE0156A1",30045,1002,"2022-12-20","2023-01-20","USD",93.00,100,"3XS:20|2XS:20|XS:20|S:10|M:10|L:10|XL:10"
230157,"2022-09-15 08:39:53.45","#ZE0157",50.00,68.00,93.00,120.90,"2022-12-20","127591898","WH",4,,,,"",,"ZE0157A0",30029,3002,"2022-12-20","2023-01-20","USD",93.00,100,"3XS:20|2XS:20|XS:20|S:10|M:10|L:10|XL:10"
230158,"2022-09-15 08:39:53.45","#ZE0158",50.00,68.00,93.00,120.90,"2022-12-20","127591968","WH",4,,,,"",,"ZE0158A1",30045,5002,"2022-12-20","2023-01-20","USD",93.00,100,"3XS:20|2XS:20|XS:20|S:10|M:10|L:10|XL:10"
230159,"2022-09-15 08:39:53.45","#ZE0159",50.00,68.00,93.00,120.90,"2022-12-20","127594534","WH",4,,,,"",,"ZE0159A0",30029,6002,"2022-12-20","2023-01-20","USD",93.00,100,"3XS:20|2XS:20|XS:20|S:10|M:10|L:10|XL:10"
230160,"2022-09-15 08:39:53.45","#ZE0160",50.00,68.00,93.00,120.90,"2022-12-20","127596627","WH",4,,,,"",,"ZE0160A1",30045,8002,"2022-12-20","2023-01-20","USD",93.00,100,"3XS:20|2XS:20|XS:20|S:10|M:10|L:10|XL:10"
230161,"2022-09-15 08:39:53.45","#ZE0161",50.00,68.00,93.00,120.90,"2022-12-20","127596709","WH",4,,,,"",,"ZE0161A1",30045,1002,"2022-12-20","2023-01-20","USD",93.00,100,"3XS:20|2XS:20|XS:20|S:10|M:10|L:10|XL:10"
230162,"2022-09-15 08:39:53.45","#ZE0162",50.00,68.00,93.00,120.90,"2022-12-20","127598385","WH",4,,,,"",,"ZE0162A0",30029,3002,"2022-12-20","2023-01-20","USD",93.00,100,"3XS:20|2XS:20|XS:20|S:10|M:10|L:10|XL:10"
230163,"2022-09-15 08:39:53.45","#ZE0163",50.00,68.00,93.00,120.90,"2022-12-20","127598460","WH",4,,,,"",,"ZE0163A1",30045,5002,"2022-12-20","2023-01-20","USD",93.00,100,"3XS:20|2XS:20|XS:20|S:10|M:10|L:10|XL:10"
230164,"2022-09-15 08:39:53.45","#ZE0164",50.00,68.00,93.00,120.90,"2022-12-20","127592048","WH",4,,,,"",,"ZE0164A0",30029,6002,"2022-12-20","2023-01-20","USD",93.00,100,"3XS:20|2XS:20|XS:20|S:10|M:10|L:10|XL:10"
230165,"2022-09-15 08:39:53.45","#ZE0165",50.00,68.00,93.00,120.90,"2022-12-20","127594613","WH",4,,,,"",,"ZE0165A1",30045,8002,"2022-12-20","2023-01-20","USD",93.00,100,"3XS:20|2XS:20|XS:20|S:10|M:10|L:10|XL:10"
230166,"2022-09-15 08:39:53.45","#ZE0166",50.00,68.00,93.00,120.90,"2022-12-20","127594693","WH",4,,,,"",,"ZE0166A1",30045,1002,"2022-12-20","2023-01-20","USD",93.00,100,"3XS:20|2XS:20|XS:20|S:10|M:10|L:10|XL:10"
230167,"2022-09-15 08:39:53.45","#ZE0167",50.00,68.00,93.00,120.90,"2022-12-20","127596793","WH",4,,,,"",,"ZE0167A0",30029,3002,"2022-12-20","2023-01-20","USD",93.00,100,"3XS:20|2XS:20|XS:20|S:10|M:10|L:10|XL:10"
230168,"2022-09-15 08:39:53.45","#ZE0168",50.00,68.00,93.00,120.90,"2022-12-20","127596875","WH",4,,,,"",,"ZE0168A1",30045,5002,"2022-12-20","2023-01-20","USD",93.00,100,"3XS:20|2XS:20|XS:20|S:10|M:10|L:10|XL:10"
230169,"2022-09-15 08:39:53.45","#ZE0169",50.00,68.00,93.00,120.90,"2022-12-20","127598541","WH",4,,,,"",,"ZE0169A0",30029,6002,"2022-12-20","2023-01-20","USD",93.00,100,"3XS:20|2XS:20|XS:20|S:10|M:10|L:10|XL:10"
230170,"2022-09-15 08:39:53.45","#ZE0170",50.00,68.00,93.00,120.90,"2022-12-20","127598620","WH",4,,,,"",,"ZE0170A1",30045,8002,"2022-12-20","2023-01-20","USD",93.00,100,"3XS:20|2XS:20|XS:20|S:10|M:10|L:10|XL:10"
230171,"2022-09-15 08:39:53.45","#ZE0171",50.00,68.00,93.00,120.90,"2022-12-20","127592594","WH",4,,,,"",,"ZE0171A1",30045,1002,"2022-12-20","2023-01-20","USD",93.00,100,"3XS:20|2XS:20|XS:20|S:10|M:10|L:10|XL:10"
230172,"2022-09-15 08:39:53.45","#ZE0172",50.00,68.00,93.00,120.90,"2022-12-20","127592674","WH",4,,,,"",,"ZE0172A0",30029,3002,"2022-12-20","2023-01-20","USD",93.00,100,"3XS:20|2XS:20|XS:20|S:10|M:10|L:10|XL:10"
230173,"2022-09-15 08:39:53.45","#ZE0173",50.00,68.00,93.00,120.90,"2022-12-20","127594773","WH",4,,,,"",,"ZE0173A1",30045,5002,"2022-12-20","2023-01-20","USD",93.00,100,"3XS:20|2XS:20|XS:20|S:10|M:10|L:10|XL:10"
230174,"2022-09-15 08:39:53.45","#ZE0174",50.00,68.00,93.00,120.90,"2022-12-20","127594849","WH",4,,,,"",,"ZE0174A0",30029,6002,"2022-12-20","2023-01-20","USD",93.00,100,"3XS:20|2XS:20|XS:20|S:10|M:10|L:10|XL:10"
230175,"2022-09-15 08:39:53.45","#ZE0175",50.00,68.00,93.00,120.90,"2022-12-20","127596949","WH",4,,,,"",,"ZE0175A1",30045,8002,"2022-12-20","2023-01-20","USD",93.00,100,"3XS:20|2XS:20|XS:20|S:10|M:10|L:10|XL:10"
230176,"2022-09-15 08:39:53.45","#ZE0176",50.00,68.00,93.00,120.90,"2022-12-20","127597020","WH",4,,,,"",,"ZE0176A1",30045,1002,"2022-12-20","2023-01-20","USD",93.00,100,"3XS:20|2XS:20|XS:20|S:10|M:10|L:10|XL:10"
230177,"2022-09-15 08:39:53.45","#ZE0177",50.00,68.00,93.00,120.90,"2022-12-20","127597852","WH",4,,,,"",,"ZE0177A0",30029,3002,"2022-12-20","2023-01-20","USD",93.00,100,"3XS:20|2XS:20|XS:20|S:10|M:10|L:10|XL:10"
230178,"2022-09-15 08:39:53.45","#ZE0178",50.00,68.00,93.00,120.90,"2022-12-20","127598691","WH",4,,,,"",,"ZE0178A1",30045,5002,"2022-12-20","2023-01-20","USD",93.00,100,"3XS:20|2XS:20|XS:20|S:10|M:10|L:10|XL:10"
230179,"2022-09-15 08:39:53.45","#ZE0179",50.00,68.00,93.00,120.90,"2022-12-20","127592752","WH",4,,,,"",,"ZE0179A0",30029,6002,"2022-12-20","2023-01-20","USD",93.00,100,"3XS:20|2XS:20|XS:20|S:10|M:10|L:10|XL:10"
230180,"2022-09-15 08:39:53.45","#ZE0180",50.00,68.00,93.00,120.90,"2022-12-20","127592832","WH",4,,,,"",,"ZE0180A1",30045,8002,"2022-12-20","2023-01-20","USD",93.00,100,"3XS:20|2XS:20|XS:20|S:10|M:10|L:10|XL:10"
230181,"2022-09-15 08:39:53.45","#ZE0181",50.00,68.00,93.00,120.90,"2022-12-20","127594928","WH",4,,,,"",,"ZE0181A1",30045,1002,"2022-12-20","2023-01-20","USD",93.00,100,"3XS:20|2XS:20|XS:20|S:10|M:10|L:10|XL:10"
230182,"2022-09-15 08:39:53.45","#ZE0182",50.00,68.00,93.00,120.90,"2022-12-20","127594992","WH",4,,,,"",,"ZE0182A0",30029,3002,"2022-12-20","2023-01-20","USD",93.00,100,"3XS:20|2XS:20|XS:20|S:10|M:10|L:10|XL:10"
230183,"2022-09-15 08:39:53.45","#ZE0183",50.00,68.00,93.00,120.90,"2022-12-20","127597092","WH",4,,,,"",,"ZE0183A1",30045,5002,"2022-12-20","2023-01-20","USD",93.00,100,"3XS:20|2XS:20|XS:20|S:10|M:10|L:10|XL:10"
230184,"2022-09-15 08:39:53.45","#ZE0184",50.00,68.00,93.00,120.90,"2022-12-20","127597932","WH",4,,,,"",,"ZE0184A0",30029,6002,"2022-12-20","2023-01-20","USD",93.00,100,"3XS:20|2XS:20|XS:20|S:10|M:10|L:10|XL:10"
230185,"2022-09-15 08:39:53.45","#ZE0185",50.00,68.00,93.00,120.90,"2022-12-20","127592911","WH",4,,,,"",,"ZE0185A1",30045,8002,"2022-12-20","2023-01-20","USD",93.00,100,"3XS:20|2XS:20|XS:20|S:10|M:10|L:10|XL:10"
230186,"2022-09-15 08:39:53.45","#ZE0186",50.00,68.00,93.00,120.90,"2022-12-20","127592981","WH",4,,,,"",,"ZE0186A1",30045,1002,"2022-12-20","2023-01-20","USD",93.00,100,"3XS:20|2XS:20|XS:20|S:10|M:10|L:10|XL:10"
230187,"2022-09-15 08:39:53.45","#ZE0187",50.00,68.00,93.00,120.90,"2022-12-20","127595061","WH",4,,,,"",,"ZE0187A0",30029,3002,"2022-12-20","2023-01-20","USD",93.00,100,"3XS:20|2XS:20|XS:20|S:10|M:10|L:10|XL:10"
230188,"2022-09-15 08:39:53.45","#ZE0188",50.00,68.00,93.00,120.90,"2022-12-20","127597169","WH",4,,,,"",,"ZE0188A1",30045,5002,"2022-12-20","2023-01-20","USD",93.00,100,"3XS:20|2XS:20|XS:20|S:10|M:10|L:10|XL:10"
230189,"2022-09-15 08:39:53.45","#ZE0189",50.00,68.00,93.00,120.90,"2022-12-20","127597244","WH",4,,,,"",,"ZE0189A0",30029,6002,"2022-12-20","2023-01-20","USD",93.00,100,"3XS:20|2XS:20|XS:20|S:10|M:10|L:10|XL:10"
230190,"2022-09-15 08:39:53.45","#ZE0190",50.00,68.00,93.00,120.90,"2022-12-20","127598012","WH",4,,,,"",,"ZE0190A1",30045,8002,"2022-12-20","2023-01-20","USD",93.00,100,"3XS:20|2XS:20|XS:20|S:10|M:10|L:10|XL:10"
230191,"2022-09-15 08:39:53.45","#ZE0191",50.00,68.00,93.00,120.90,"2022-12-20","127598091","WH",4,,,,"",,"ZE0191A1",30045,1002,"2022-12-20","2023-01-20","USD",93.00,100,"3XS:20|2XS:20|XS:20|S:10|M:10|L:10|XL:10"
230192,"2022-09-15 08:39:53.45","#ZE0192",50.00,68.00,93.00,120.90,"2022-12-20","127593056","WH",4,,,,"",,"ZE0192A0",30029,3002,"2022-12-20","2023-01-20","USD",93.00,100,"3XS:20|2XS:20|XS:20|S:10|M:10|L:10|XL:10"
230193,"2022-09-15 08:39:53.45","#ZE0193",50.00,68.00,93.00,120.90,"2022-12-20","127595142","WH",4,,,,"",,"ZE0193A1",30045,5002,"2022-12-20","2023-01-20","USD",93.00,100,"3XS:20|2XS:20|XS:20|S:10|M:10|L:10|XL:10"
230194,"2022-09-15 08:39:53.45","#ZE0194",50.00,68.00,93.00,120.90,"2022-12-20","127595220","WH",4,,,,"",,"ZE0194A0",30029,6002,"2022-12-20","2023-01-20","USD",93.00,100,"3XS:20|2XS:20|XS:20|S:10|M:10|L:10|XL:10"
230195,"2022-09-15 08:39:53.45","#ZE0195",50.00,68.00,93.00,120.90,"2022-12-20","127597321","WH",4,,,,"",,"ZE0195A1",30045,8002,"2022-12-20","2023-01-20","USD",93.00,100,"3XS:20|2XS:20|XS:20|S:10|M:10|L:10|XL:10"
230196,"2022-09-15 08:39:53.45","#ZE0196",50.00,68.00,93.00,120.90,"2022-12-20","127597402","WH",4,,,,"",,"ZE0196A1",30045,1002,"2022-12-20","2023-01-20","USD",93.00,100,"3XS:20|2XS:20|XS:20|S:10|M:10|L:10|XL:10"
230197,"2022-09-15 08:39:53.45","#ZE0197",50.00,68.00,93.00,120.90,"2022-12-20","127598171","WH",4,,,,"",,"ZE0197A0",30029,3002,"2022-12-20","2023-01-20","USD",93.00,100,"3XS:20|2XS:20|XS:20|S:10|M:10|L:10|XL:10"
230198,"2022-09-15 08:39:53.45","#ZE0198",50.00,68.00,93.00,120.90,"2022-12-20","127598251","WH",4,,,,"",,"ZE0198A1",30045,5002,"2022-12-20","2023-01-20","USD",93.00,100,"3XS:20|2XS:20|XS:20|S:10|M:10|L:10|XL:10"
230199,"2022-09-15 08:39:53.45","#ZE0199",50.00,68.00,93.00,120.90,"2022-12-20","127593132","WH",4,,,,"",,"ZE0199A0",30029,6002,"2022-12-20","2023-01-20","USD",93.00,100,"3XS:20|2XS:20|XS:20|S:10|M:10|L:10|XL:10"
230200,"2022-09-15 08:39:53.45","#ZE0200",50.00,68.00,93.00,120.90,"2022-12-20","127593212","WH",4,,,,"",,"ZE0200A1",30045,8002,"2022-12-20","2023-01-20","USD",93.00,100,"3XS:20|2XS:20|XS:20|S:10|M:10|L:10|XL:10"
230201,"2022-09-15 08:39:53.45","#ZE0201",50.00,68.00,93.00,120.90,"2022-12-20","127595300","WH",4,,,,"",,"ZE0201A1",30045,1002,"2022-12-20","2023-01-20","USD",93.00,100,"3XS:20|2XS:20|XS:20|S:10|M:10|L:10|XL:10"
230202,"2022-09-15 08:39:53.45","#ZE0202",50.00,68.00,93.00,120.90,"2022-12-20","127595380","WH",4,,,,"",,"ZE0202A0",30029,3002,"2022-12-20","2023-01-20","USD",93.00,100,"3XS:20|2XS:20|XS:20|S:10|M:10|L:10|XL:10"
230203,"2022-09-15 08:39:53.45","#ZE0203",50.00,68.00,93.00,120.90,"2022-12-20","127597479","WH",4,,,,"",,"ZE0203A1",30045,5002,"2022-12-20","2023-01-20","USD",93.00,100,"3XS:20|2XS:20|XS:20|S:10|M:10|L:10|XL:10"
230204,"2022-09-15 08:39:53.45","#ZE0204",50.00,68.00,93.00,120.90,"2022-12-20","127592404","WH",4,,,,"",,"ZE0204A0",30029,6002,"2022-12-20","2023-01-20","USD",93.00,100,"3XS:20|2XS:20|XS:20|S:10|M:10|L:10|XL:10"
230205,"2022-09-15 08:39:53.45","#ZE0205",50.00,68.00,93.00,120.90,"2022-12-20","127592484","WH",4,,,,"",,"ZE0205A1",30045,8002,"2022-12-20","2023-01-20","USD",93.00,100,"3XS:20|2XS:20|XS:20|S:10|M:10|L:10|XL:10"
230206,"2022-09-15 08:39:53.45","#ZE0206",50.00,68.00,93.00,120.90,"2022-12-20","127594721","WH",4,,,,"",,"ZE0206A1",30045,1002,"2022-12-20","2023-01-20","USD",93.00,100,"3XS:20|2XS:20|XS:20|S:10|M:10|L:10|XL:10"
230207,"2022-09-15 08:39:53.45","#ZE0207",50.00,68.00,93.00,120.90,"2022-12-20","127594812","WH",4,,,,"",,"ZE0207A0",30029,3002,"2022-12-20","2023-01-20","USD",93.00,100,"3XS:20|2XS:20|XS:20|S:10|M:10|L:10|XL:10"
230208,"2022-09-15 08:39:53.45","#ZE0208",50.00,68.00,93.00,120.90,"2022-12-20","127597075","WH",4,,,,"",,"ZE0208A1",30045,5002,"2022-12-20","2023-01-20","USD",93.00,100,"3XS:20|2XS:20|XS:20|S:10|M:10|L:10|XL:10"
230209,"2022-09-15 08:39:53.45","#ZE0209",50.00,68.00,93.00,120.90,"2022-12-20","127590775","WH",4,,,,"",,"ZE0209A0",30029,6002,"2022-12-20","2023-01-20","USD",93.00,100,"3XS:20|2XS:20|XS:20|S:10|M:10|L:10|XL:10"
230210,"2022-09-15 08:39:53.45","#ZE0210",50.00,68.00,93.00,120.90,"2022-12-20","127590854","WH",4,,,,"",,"ZE0210A1",30045,8002,"2022-12-20","2023-01-20","USD",93.00,100,"3XS:20|2XS:20|XS:20|S:10|M:10|L:10|XL:10"
230211,"2022-09-15 08:39:53.45","#ZE0211",50.00,68.00,93.00,120.90,"2022-12-20","127591652","WH",4,,,,"",,"ZE0211A1",30045,1002,"2022-12-20","2023-01-20","USD",93.00,100,"3XS:20|2XS:20|XS:20|S:10|M:10|L:10|XL:10"
230212,"2022-09-15 08:39:53.45","#ZE0212",50.00,68.00,93.00,120.90,"2022-12-20","127593748","WH",4,,,,"",,"ZE0212A0",30029,3002,"2022-12-20","2023-01-20","USD",93.00,100,"3XS:20|2XS:20|XS:20|S:10|M:10|L:10|XL:10"
230213,"2022-09-15 08:39:53.45","#ZE0213",50.00,68.00,93.00,120.90,"2022-12-20","127593828","WH",4,,,,"",,"ZE0213A1",30045,5002,"2022-12-20","2023-01-20","USD",93.00,100,"3XS:20|2XS:20|XS:20|S:10|M:10|L:10|XL:10"
230214,"2022-09-15 08:39:53.45","#ZE0214",50.00,68.00,93.00,120.90,"2022-12-20","127595853","WH",4,,,,"",,"ZE0214A0",30029,6002,"2022-12-20","2023-01-20","USD",93.00,100,"3XS:20|2XS:20|XS:20|S:10|M:10|L:10|XL:10"
230215,"2022-09-15 08:39:53.45","#ZE0215",50.00,68.00,93.00,120.90,"2022-12-20","127597954","WH",4,,,,"",,"ZE0215A1",30045,8002,"2022-12-20","2023-01-20","USD",93.00,100,"3XS:20|2XS:20|XS:20|S:10|M:10|L:10|XL:10"
230216,"2022-09-15 08:39:53.45","#ZE0216",50.00,68.00,93.00,120.90,"2022-12-20","127598029","WH",4,,,,"",,"ZE0216A1",30045,1002,"2022-12-20","2023-01-20","USD",93.00,100,"3XS:20|2XS:20|XS:20|S:10|M:10|L:10|XL:10"
230217,"2022-09-15 08:39:53.45","#ZE0217",50.00,68.00,93.00,120.90,"2022-12-20","127590771","WH",4,,,,"",,"ZE0217A0",30029,3002,"2022-12-20","2023-01-20","USD",93.00,100,"3XS:20|2XS:20|XS:20|S:10|M:10|L:10|XL:10"
230218,"2022-09-15 08:39:53.45","#ZE0218",50.00,68.00,93.00,120.90,"2022-12-20","127592564","WH",4,,,,"",,"ZE0218A1",30045,5002,"2022-12-20","2023-01-20","USD",93.00,100,"3XS:20|2XS:20|XS:20|S:10|M:10|L:10|XL:10"
230219,"2022-09-15 08:39:53.45","#ZE0219",50.00,68.00,93.00,120.90,"2022-12-20","127592644","WH",4,,,,"",,"ZE0219A0",30029,6002,"2022-12-20","2023-01-20","USD",93.00,100,"3XS:20|2XS:20|XS:20|S:10|M:10|L:10|XL:10"
230220,"2022-09-15 08:39:53.45","#ZE0220",50.00,68.00,93.00,120.90,"2022-12-20","127594893","WH",4,,,,"",,"ZE0220A1",30045,8002,"2022-12-20","2023-01-20","USD",93.00,100,"3XS:20|2XS:20|XS:20|S:10|M:10|L:10|XL:10"
230221,"2022-09-15 08:39:53.45","#ZE0221",50.00,68.00,93.00,120.90,"2022-12-20","127597158","WH",4,,,,"",,"ZE0221A1",30045,1002,"2022-12-20","2023-01-20","USD",93.00,100,"3XS:20|2XS:20|XS:20|S:10|M:10|L:10|XL:10"
230222,"2022-09-15 08:39:53.45","#ZE0222",50.00,68.00,93.00,120.90,"2022-12-20","127597251","WH",4,,,,"",,"ZE0222A0",30029,3002,"2022-12-20","2023-01-20","USD",93.00,100,"3XS:20|2XS:20|XS:20|S:10|M:10|L:10|XL:10"
230223,"2022-09-15 08:39:53.45","#ZE0223",50.00,68.00,93.00,120.90,"2022-12-20","127590931","WH",4,,,,"",,"ZE0223A1",30045,5002,"2022-12-20","2023-01-20","USD",93.00,100,"3XS:20|2XS:20|XS:20|S:10|M:10|L:10|XL:10"
230224,"2022-09-15 08:39:53.45","#ZE0224",50.00,68.00,93.00,120.90,"2022-12-20","127591011","WH",4,,,,"",,"ZE0224A0",30029,6002,"2022-12-20","2023-01-20","USD",93.00,100,"3XS:20|2XS:20|XS:20|S:10|M:10|L:10|XL:10"
230225,"2022-09-15 08:39:53.45","#ZE0225",50.00,68.00,93.00,120.90,"2022-12-20","127591732","WH",4,,,,"",,"ZE0225A1",30045,8002,"2022-12-20","2023-01-20","USD",93.00,100,"3XS:20|2XS:20|XS:20|S:10|M:10|L:10|XL:10"
230226,"2022-09-15 08:39:53.45","#ZE0226",50.00,68.00,93.00,120.90,"2022-12-20","127591812","WH",4,,,,"",,"ZE0226A1",30045,1002,"2022-12-20","2023-01-20","USD",93.00,100,"3XS:20|2XS:20|XS:20|S:10|M:10|L:10|XL:10"
230227,"2022-09-15 08:39:53.45","#ZE0227",50.00,68.00,93.00,120.90,"2022-12-20","127593903","WH",4,,,,"",,"ZE0227A0",30029,3002,"2022-12-20","2023-01-20","USD",93.00,100,"3XS:20|2XS:20|XS:20|S:10|M:10|L:10|XL:10"
230228,"2022-09-15 08:39:53.45","#ZE0228",50.00,68.00,93.00,120.90,"2022-12-20","127593974","WH",4,,,,"",,"ZE0228A1",30045,5002,"2022-12-20","2023-01-20","USD",93.00,100,"3XS:20|2XS:20|XS:20|S:10|M:10|L:10|XL:10"
230229,"2022-09-15 08:39:53.45","#ZE0229",50.00,68.00,93.00,120.90,"2022-12-20","127595926","WH",4,,,,"",,"ZE0229A0",30029,6002,"2022-12-20","2023-01-20","USD",93.00,100,"3XS:20|2XS:20|XS:20|S:10|M:10|L:10|XL:10"
230230,"2022-09-15 08:39:53.45","#ZE0230",50.00,68.00,93.00,120.90,"2022-12-20","127596001","WH",4,,,,"",,"ZE0230A1",30045,8002,"2022-12-20","2023-01-20","USD",93.00,100,"3XS:20|2XS:20|XS:20|S:10|M:10|L:10|XL:10"
230231,"2022-09-15 08:39:53.45","#ZE0231",50.00,68.00,93.00,120.90,"2022-12-20","127598110","WH",4,,,,"",,"ZE0231A1",30045,1002,"2022-12-20","2023-01-20","USD",93.00,100,"3XS:20|2XS:20|XS:20|S:10|M:10|L:10|XL:10"
230232,"2022-09-15 08:39:53.45","#ZE0232",50.00,68.00,93.00,120.90,"2022-12-20","127598188","WH",4,,,,"",,"ZE0232A0",30029,3002,"2022-12-20","2023-01-20","USD",93.00,100,"3XS:20|2XS:20|XS:20|S:10|M:10|L:10|XL:10"
230233,"2022-09-15 08:39:53.45","#ZE0233",50.00,68.00,93.00,120.90,"2022-12-20","127590851","WH",4,,,,"",,"ZE0233A1",30045,5002,"2022-12-20","2023-01-20","USD",93.00,100,"3XS:20|2XS:20|XS:20|S:10|M:10|L:10|XL:10"
230234,"2022-09-15 08:39:53.45","#ZE0234",50.00,68.00,93.00,120.90,"2022-12-20","127592724","WH",4,,,,"",,"ZE0234A0",30029,6002,"2022-12-20","2023-01-20","USD",93.00,100,"3XS:20|2XS:20|XS:20|S:10|M:10|L:10|XL:10"
230235,"2022-09-15 08:39:53.45","#ZE0235",50.00,68.00,93.00,120.90,"2022-12-20","127594981","WH",4,,,,"",,"ZE0235A1",30045,8002,"2022-12-20","2023-01-20","USD",93.00,100,"3XS:20|2XS:20|XS:20|S:10|M:10|L:10|XL:10"
230236,"2022-09-15 08:39:53.45","#ZE0236",50.00,68.00,93.00,120.90,"2022-12-20","127595063","WH",4,,,,"",,"ZE0236A1",30045,1002,"2022-12-20","2023-01-20","USD",93.00,100,"3XS:20|2XS:20|XS:20|S:10|M:10|L:10|XL:10"
230237,"2022-09-15 08:39:53.45","#ZE0237",50.00,68.00,93.00,120.90,"2022-12-20","127597355","WH",4,,,,"",,"ZE0237A0",30029,3002,"2022-12-20","2023-01-20","USD",93.00,100,"3XS:20|2XS:20|XS:20|S:10|M:10|L:10|XL:10"
230238,"2022-09-15 08:39:53.45","#ZE0238",50.00,68.00,93.00,120.90,"2022-12-20","127597439","WH",4,,,,"",,"ZE0238A1",30045,5002,"2022-12-20","2023-01-20","USD",93.00,100,"3XS:20|2XS:20|XS:20|S:10|M:10|L:10|XL:10"
230239,"2022-09-15 08:39:53.45","#ZE0239",50.00,68.00,93.00,120.90,"2022-12-20","127591092","WH",4,,,,"",,"ZE0239A0",30029,6002,"2022-12-20","2023-01-20","USD",93.00,100,"3XS:20|2XS:20|XS:20|S:10|M:10|L:10|XL:10"
230240,"2022-09-15 08:39:53.45","#ZE0240",50.00,68.00,93.00,120.90,"2022-12-20","127591878","WH",4,,,,"",,"ZE0240A1",30045,8002,"2022-12-20","2023-01-20","USD",93.00,100,"3XS:20|2XS:20|XS:20|S:10|M:10|L:10|XL:10"
230241,"2022-09-15 08:39:53.45","#ZE0241",50.00,68.00,93.00,120.90,"2022-12-20","127591957","WH",4,,,,"",,"ZE0241A1",30045,1002,"2022-12-20","2023-01-20","USD",93.00,100,"3XS:20|2XS:20|XS:20|S:10|M:10|L:10|XL:10"
230242,"2022-09-15 08:39:53.45","#ZE0242",50.00,68.00,93.00,120.90,"2022-12-20","127594052","WH",4,,,,"",,"ZE0242A0",30029,3002,"2022-12-20","2023-01-20","USD",93.00,100,"3XS:20|2XS:20|XS:20|S:10|M:10|L:10|XL:10"
230243,"2022-09-15 08:39:53.45","#ZE0243",50.00,68.00,93.00,120.90,"2022-12-20","127594132","WH",4,,,,"",,"ZE0243A1",30045,5002,"2022-12-20","2023-01-20","USD",93.00,100,"3XS:20|2XS:20|XS:20|S:10|M:10|L:10|XL:10"
230244,"2022-09-15 08:39:53.45","#ZE0244",50.00,68.00,93.00,120.90,"2022-12-20","127596077","WH",4,,,,"",,"ZE0244A0",30029,6002,"2022-12-20","2023-01-20","USD",93.00,100,"3XS:20|2XS:20|XS:20|S:10|M:10|L:10|XL:10"
230245,"2022-09-15 08:39:53.45","#ZE0245",50.00,68.00,93.00,120.90,"2022-12-20","127596155","WH",4,,,,"",,"ZE0245A1",30045,8002,"2022-12-20","2023-01-20","USD",93.00,100,"3XS:20|2XS:20|XS:20|S:10|M:10|L:10|XL:10"
230246,"2022-09-15 08:39:53.45","#ZE0246",50.00,68.00,93.00,120.90,"2022-12-20","127598269","WH",4,,,,"",,"ZE0246A1",30045,1002,"2022-12-20","2023-01-20","USD",93.00,100,"3XS:20|2XS:20|XS:20|S:10|M:10|L:10|XL:10"
230247,"2022-09-15 08:39:53.45","#ZE0247",50.00,68.00,93.00,120.90,"2022-12-20","127590940","WH",4,,,,"",,"ZE0247A0",30029,3002,"2022-12-20","2023-01-20","USD",93.00,100,"3XS:20|2XS:20|XS:20|S:10|M:10|L:10|XL:10"
230248,"2022-09-15 08:39:53.45","#ZE0248",50.00,68.00,93.00,120.90,"2022-12-20","127591055","WH",4,,,,"",,"ZE0248A1",30045,5002,"2022-12-20","2023-01-20","USD",93.00,100,"3XS:20|2XS:20|XS:20|S:10|M:10|L:10|XL:10"
230249,"2022-09-15 08:39:53.45","#ZE0249",50.00,68.00,93.00,120.90,"2022-12-20","127592804","WH",4,,,,"",,"ZE0249A0",30029,6002,"2022-12-20","2023-01-20","USD",93.00,100,"3XS:20|2XS:20|XS:20|S:10|M:10|L:10|XL:10"
230250,"2022-09-15 08:39:53.45","#ZE0250",50.00,68.00,93.00,120.90,"2022-12-20","127592884","WH",4,,,,"",,"ZE0250A1",30045,8002,"2022-12-20","2023-01-20","USD",93.00,100,"3XS:20|2XS:20|XS:20|S:10|M:10|L:10|XL:10"
230251,"2022-09-15 08:39:53.45","#ZE0251",50.00,68.00,93.00,120.90,"2022-12-20","127595150","WH",4,,,,"",,"ZE0251A1",30045,1002,"2022-12-20","2023-01-20","USD",93.00,100,"3XS:20|2XS:20|XS:20|S:10|M:10|L:10|XL:10"
230252,"2022-09-15 08:39:53.45","#ZE0252",50.00,68.00,93.00,120.90,"2022-12-20","127595248","WH",4,,,,"",,"ZE0252A0",30029,3002,"2022-12-20","2023-01-20","USD",93.00,100,"3XS:20|2XS:20|XS:20|S:10|M:10|L:10|XL:10"
230253,"2022-09-15 08:39:53.45","#ZE0253",50.00,68.00,93.00,120.90,"2022-12-20","127597531","WH",4,,,,"",,"ZE0253A1",30045,5002,"2022-12-20","2023-01-20","USD",93.00,100,"3XS:20|2XS:20|XS:20|S:10|M:10|L:10|XL:10"
230254,"2022-09-15 08:39:53.45","#ZE0254",50.00,68.00,93.00,120.90,"2022-12-20","127597611","WH",4,,,,"",,"ZE0254A0",30029,6002,"2022-12-20","2023-01-20","USD",93.00,100,"3XS:20|2XS:20|XS:20|S:10|M:10|L:10|XL:10"
230255,"2022-09-15 08:39:53.45","#ZE0255",50.00,68.00,93.00,120.90,"2022-12-20","127591172","WH",4,,,,"",,"ZE0255A1",30045,8002,"2022-12-20","2023-01-20","USD",93.00,100,"3XS:20|2XS:20|XS:20|S:10|M:10|L:10|XL:10"
230256,"2022-09-15 08:39:53.45","#ZE0256",50.00,68.00,93.00,120.90,"2022-12-20","127591252","WH",4,,,,"",,"ZE0256A1",30045,1002,"2022-12-20","2023-01-20","USD",93.00,100,"3XS:20|2XS:20|XS:20|S:10|M:10|L:10|XL:10"
230257,"2022-09-15 08:39:53.45","#ZE0257",50.00,68.00,93.00,120.90,"2022-12-20","127592036","WH",4,,,,"",,"ZE0257A0",30029,3002,"2022-12-20","2023-01-20","USD",93.00,100,"3XS:20|2XS:20|XS:20|S:10|M:10|L:10|XL:10"
230258,"2022-09-15 08:39:53.45","#ZE0258",50.00,68.00,93.00,120.90,"2022-12-20","127592113","WH",4,,,,"",,"ZE0258A1",30045,5002,"2022-12-20","2023-01-20","USD",93.00,100,"3XS:20|2XS:20|XS:20|S:10|M:10|L:10|XL:10"
230259,"2022-09-15 08:39:53.45","#ZE0259",50.00,68.00,93.00,120.90,"2022-12-20","127594212","WH",4,,,,"",,"ZE0259A0",30029,6002,"2022-12-20","2023-01-20","USD",93.00,100,"3XS:20|2XS:20|XS:20|S:10|M:10|L:10|XL:10"
230260,"2022-09-15 08:39:53.45","#ZE0260",50.00,68.00,93.00,120.90,"2022-12-20","127596235","WH",4,,,,"",,"ZE0260A1",30045,8002,"2022-12-20","2023-01-20","USD",93.00,100,"3XS:20|2XS:20|XS:20|S:10|M:10|L:10|XL:10"
230261,"2022-09-15 08:39:53.45","#ZE0261",50.00,68.00,93.00,120.90,"2022-12-20","127596315","WH",4,,,,"",,"ZE0261A1",30045,1002,"2022-12-20","2023-01-20","USD",93.00,100,"3XS:20|2XS:20|XS:20|S:10|M:10|L:10|XL:10"
230262,"2022-09-15 08:39:53.45","#ZE0262",50.00,68.00,93.00,120.90,"2022-12-20","127598348","WH",4,,,,"",,"ZE0262A0",30029,3002,"2022-12-20","2023-01-20","USD",93.00,100,"3XS:20|2XS:20|XS:20|S:10|M:10|L:10|XL:10"
230263,"2022-09-15 08:39:53.45","#ZE0263",50.00,68.00,93.00,120.90,"2022-12-20","127598430","WH",4,,,,"",,"ZE0263A1",30045,5002,"2022-12-20","2023-01-20","USD",93.00,100,"3XS:20|2XS:20|XS:20|S:10|M:10|L:10|XL:10"
230264,"2022-09-15 08:39:53.45","#ZE0264",50.00,68.00,93.00,120.90,"2022-12-20","127591141","WH",4,,,,"",,"ZE0264A0",30029,6002,"2022-12-20","2023-01-20","USD",93.00,100,"3XS:20|2XS:20|XS:20|S:10|M:10|L:10|XL:10"
230265,"2022-09-15 08:39:53.45","#ZE0265",50.00,68.00,93.00,120.90,"2022-12-20","127591222","WH",4,,,,"",,"ZE0265A1",30045,8002,"2022-12-20","2023-01-20","USD",93.00,100,"3XS:20|2XS:20|XS:20|S:10|M:10|L:10|XL:10"
230266,"2022-09-15 08:39:53.45","#ZE0266",50.00,68.00,93.00,120.90,"2022-12-20","127592966","WH",4,,,,"",,"ZE0266A1",30045,1002,"2022-12-20","2023-01-20","USD",93.00,100,"3XS:20|2XS:20|XS:20|S:10|M:10|L:10|XL:10"
230267,"2022-09-15 08:39:53.45","#ZE0267",50.00,68.00,93.00,120.90,"2022-12-20","127593059","WH",4,,,,"",,"ZE0267A0",30029,3002,"2022-12-20","2023-01-20","USD",93.00,100,"3XS:20|2XS:20|XS:20|S:10|M:10|L:10|XL:10"
230268,"2022-09-15 08:39:53.45","#ZE0268",50.00,68.00,93.00,120.90,"2022-12-20","127595332","WH",4,,,,"",,"ZE0268A1",30045,5002,"2022-12-20","2023-01-20","USD",93.00,100,"3XS:20|2XS:20|XS:20|S:10|M:10|L:10|XL:10"
230269,"2022-09-15 08:39:53.45","#ZE0269",50.00,68.00,93.00,120.90,"2022-12-20","127595413","WH",4,,,,"",,"ZE0269A0",30029,6002,"2022-12-20","2023-01-20","USD",93.00,100,"3XS:20|2XS:20|XS:20|S:10|M:10|L:10|XL:10"
230270,"2022-09-15 08:39:53.45","#ZE0270",50.00,68.00,93.00,120.90,"2022-12-20","127597691","WH",4,,,,"",,"ZE0270A1",30045,8002,"2022-12-20","2023-01-20","USD",93.00,100,"3XS:20|2XS:20|XS:20|S:10|M:10|L:10|XL:10"
230271,"2022-09-15 08:39:53.45","#ZE0271",50.00,68.00,93.00,120.90,"2022-12-20","127591332","WH",4,,,,"",,"ZE0271A1",30045,1002,"2022-12-20","2023-01-20","USD",93.00,100,"3XS:20|2XS:20|XS:20|S:10|M:10|L:10|XL:10"
230272,"2022-09-15 08:39:53.45","#ZE0272",50.00,68.00,93.00,120.90,"2022-12-20","127591416","WH",4,,,,"",,"ZE0272A0",30029,3002,"2022-12-20","2023-01-20","USD",93.00,100,"3XS:20|2XS:20|XS:20|S:10|M:10|L:10|XL:10"
230273,"2022-09-15 08:39:53.45","#ZE0273",50.00,68.00,93.00,120.90,"2022-12-20","127590780","WH",4,,,,"",,"ZE0273A1",30045,5002,"2022-12-20","2023-01-20","USD",93.00,100,"3XS:20|2XS:20|XS:20|S:10|M:10|L:10|XL:10"
230274,"2022-09-15 08:39:53.45","#ZE0274",50.00,68.00,93.00,120.90,"2022-12-20","127590859","WH",4,,,,"",,"ZE0274A0",30029,6002,"2022-12-20","2023-01-20","USD",93.00,100,"3XS:20|2XS:20|XS:20|S:10|M:10|L:10|XL:10"
230275,"2022-09-15 08:39:53.45","#ZE0275",50.00,68.00,93.00,120.90,"2022-12-20","127592181","WH",4,,,,"",,"ZE0275A1",30045,8002,"2022-12-20","2023-01-20","USD",93.00,100,"3XS:20|2XS:20|XS:20|S:10|M:10|L:10|XL:10"
230276,"2022-09-15 08:39:53.45","#ZE0276",50.00,68.00,93.00,120.90,"2022-12-20","127594292","WH",4,,,,"",,"ZE0276A1",30045,1002,"2022-12-20","2023-01-20","USD",93.00,100,"3XS:20|2XS:20|XS:20|S:10|M:10|L:10|XL:10"
230277,"2022-09-15 08:39:53.45","#ZE0277",50.00,68.00,93.00,120.90,"2022-12-20","127596394","WH",4,,,,"",,"ZE0277A0",30029,3002,"2022-12-20","2023-01-20","USD",93.00,100,"3XS:20|2XS:20|XS:20|S:10|M:10|L:10|XL:10"
230278,"2022-09-15 08:39:53.45","#ZE0278",50.00,68.00,93.00,120.90,"2022-12-20","127598510","WH",4,,,,"",,"ZE0278A1",30045,5002,"2022-12-20","2023-01-20","USD",93.00,100,"3XS:20|2XS:20|XS:20|S:10|M:10|L:10|XL:10"
230279,"2022-09-15 08:39:53.45","#ZE0279",50.00,68.00,93.00,120.90,"2022-12-20","127598588","WH",4,,,,"",,"ZE0279A0",30029,6002,"2022-12-20","2023-01-20","USD",93.00,100,"3XS:20|2XS:20|XS:20|S:10|M:10|L:10|XL:10"
230280,"2022-09-15 08:39:53.45","#ZE0280",50.00,68.00,93.00,120.90,"2022-12-20","127591304","WH",4,,,,"",,"ZE0280A1",30045,8002,"2022-12-20","2023-01-20","USD",93.00,100,"3XS:20|2XS:20|XS:20|S:10|M:10|L:10|XL:10"
230281,"2022-09-15 08:39:53.45","#ZE0281",50.00,68.00,93.00,120.90,"2022-12-20","127591392","WH",4,,,,"",,"ZE0281A1",30045,1002,"2022-12-20","2023-01-20","USD",93.00,100,"3XS:20|2XS:20|XS:20|S:10|M:10|L:10|XL:10"
230282,"2022-09-15 08:39:53.45","#ZE0282",50.00,68.00,93.00,120.90,"2022-12-20","127593146","WH",4,,,,"",,"ZE0282A0",30029,3002,"2022-12-20","2023-01-20","USD",93.00,100,"3XS:20|2XS:20|XS:20|S:10|M:10|L:10|XL:10"
230283,"2022-09-15 08:39:53.45","#ZE0283",50.00,68.00,93.00,120.90,"2022-12-20","127593229","WH",4,,,,"",,"ZE0283A1",30045,5002,"2022-12-20","2023-01-20","USD",93.00,100,"3XS:20|2XS:20|XS:20|S:10|M:10|L:10|XL:10"
230284,"2022-09-15 08:39:53.45","#ZE0284",50.00,68.00,93.00,120.90,"2022-12-20","127595493","WH",4,,,,"",,"ZE0284A0",30029,6002,"2022-12-20","2023-01-20","USD",93.00,100,"3XS:20|2XS:20|XS:20|S:10|M:10|L:10|XL:10"
230285,"2022-09-15 08:39:53.45","#ZE0285",50.00,68.00,93.00,120.90,"2022-12-20","127597771","WH",4,,,,"",,"ZE0285A1",30045,8002,"2022-12-20","2023-01-20","USD",93.00,100,"3XS:20|2XS:20|XS:20|S:10|M:10|L:10|XL:10"
230286,"2022-09-15 08:39:53.45","#ZE0286",50.00,68.00,93.00,120.90,"2022-12-20","127597851","WH",4,,,,"",,"ZE0286A1",30045,1002,"2022-12-20","2023-01-20","USD",93.00,100,"3XS:20|2XS:20|XS:20|S:10|M:10|L:10|XL:10"
230287,"2022-09-15 08:39:53.45","#ZE0287",50.00,68.00,93.00,120.90,"2022-12-20","127592260","WH",4,,,,"",,"ZE0287A0",30029,3002,"2022-12-20","2023-01-20","USD",93.00,100,"3XS:20|2XS:20|XS:20|S:10|M:10|L:10|XL:10"
230288,"2022-09-15 08:39:53.45","#ZE0288",50.00,68.00,93.00,120.90,"2022-12-20","127592340","WH",4,,,,"",,"ZE0288A1",30045,5002,"2022-12-20","2023-01-20","USD",93.00,100,"3XS:20|2XS:20|XS:20|S:10|M:10|L:10|XL:10"
230289,"2022-09-15 08:39:53.45","#ZE0289",50.00,68.00,93.00,120.90,"2022-12-20","127594372","WH",4,,,,"",,"ZE0289A0",30029,6002,"2022-12-20","2023-01-20","USD",93.00,100,"3XS:20|2XS:20|XS:20|S:10|M:10|L:10|XL:10"
230290,"2022-09-15 08:39:53.45","#ZE0290",50.00,68.00,93.00,120.90,"2022-12-20","127594452","WH",4,,,,"",,"ZE0290A1",30045,8002,"2022-12-20","2023-01-20","USD",93.00,100,"3XS:20|2XS:20|XS:20|S:10|M:10|L:10|XL:10"
230291,"2022-09-15 08:39:53.45","#ZE0291",50.00,68.00,93.00,120.90,"2022-12-20","127596467","WH",4,,,,"",,"ZE0291A1",30045,1002,"2022-12-20","2023-01-20","USD",93.00,100,"3XS:20|2XS:20|XS:20|S:10|M:10|L:10|XL:10"
230292,"2022-09-15 08:39:53.45","#ZE0292",50.00,68.00,93.00,120.90,"2022-12-20","127596545","WH",4,,,,"",,"ZE0292A0",30029,3002,"2022-12-20","2023-01-20","USD",93.00,100,"3XS:20|2XS:20|XS:20|S:10|M:10|L:10|XL:10"
230293,"2022-09-15 08:39:53.45","#ZE0293",50.00,68.00,93.00,120.90,"2022-12-20","127598667","WH",4,,,,"",,"ZE0293A1",30045,5002,"2022-12-20","2023-01-20","USD",93.00,100,"3XS:20|2XS:20|XS:20|S:10|M:10|L:10|XL:10"
230294,"2022-09-15 08:39:53.45","#ZE0294",50.00,68.00,93.00,120.90,"2022-12-20","127593312","WH",4,,,,"",,"ZE0294A0",30029,6002,"2022-12-20","2023-01-20","USD",93.00,100,"3XS:20|2XS:20|XS:20|S:10|M:10|L:10|XL:10"
230295,"2022-09-15 08:39:53.45","#ZE0295",50.00,68.00,93.00,120.90,"2022-12-20","127595574","WH",4,,,,"",,"ZE0295A1",30045,8002,"2022-12-20","2023-01-20","USD",93.00,100,"3XS:20|2XS:20|XS:20|S:10|M:10|L:10|XL:10"
230296,"2022-09-15 08:39:53.45","#ZE0296",50.00,68.00,93.00,120.90,"2022-12-20","127595658","WH",4,,,,"",,"ZE0296A1",30045,1002,"2022-12-20","2023-01-20","USD",93.00,100,"3XS:20|2XS:20|XS:20|S:10|M:10|L:10|XL:10"
230297,"2022-09-15 08:39:53.45","#ZE0297",50.00,68.00,93.00,120.90,"2022-12-20","127597931","WH",4,,,,"",,"ZE0297A0",30029,3002,"2022-12-20","2023-01-20","USD",93.00,100,"3XS:20|2XS:20|XS:20|S:10|M:10|L:10|XL:10"
230298,"2022-09-15 08:39:53.45","#ZE0298",50.00,68.00,93.00,120.90,"2022-12-20","127598011","WH",4,,,,"",,"ZE0298A1",30045,5002,"2022-12-20","2023-01-20","USD",93.00,100,"3XS:20|2XS:20|XS:20|S:10|M:10|L:10|XL:10"
230299,"2022-09-15 08:39:53.45","#ZE0299",50.00,68.00,93.00,120.90,"2022-12-20","127592420","WH",4,,,,"",,"ZE0299A0",30029,6002,"2022-12-20","2023-01-20","USD",93.00,100,"3XS:20|2XS:20|XS:20|S:10|M:10|L:10|XL:10"
230300,"2022-09-15 08:39:53.45","#ZE0300",50.00,68.00,93.00,120.90,"2022-12-20","127592499","WH",4,,,,"",,"ZE0300A1",30045,8002,"2022-12-20","2023-01-20","USD",93.00,100,"3XS:20|2XS:20|XS:20|S:10|M:10|L:10|XL:10"
230301,"2022-09-15 08:39:53.45","#ZE0301",50.00,68.00,93.00,120.90,"2022-12-20","127594532","WH",4,,,,"",,"ZE0301A1",30045,1002,"2022-12-20","2023-01-20","USD",93.00,100,"3XS:20|2XS:20|XS:20|S:10|M:10|L:10|XL:10"
230302,"2022-09-15 08:39:53.45","#ZE0302",50.00,68.00,93.00,120.90,"2022-12-20","127596629","WH",4,,,,"",,"ZE0302A0",30029,3002,"2022-12-20","2023-01-20","USD",93.00,100,"3XS:20|2XS:20|XS:20|S:10|M:10|L:10|XL:10"
230303,"2022-09-15 08:39:53.45","#ZE0303",50.00,68.00,93.00,120.90,"2022-12-20","127596704","WH",4,,,,"",,"ZE0303A1",30045,5002,"2022-12-20","2023-01-20","USD",93.00,100,"3XS:20|2XS:20|XS:20|S:10|M:10|L:10|XL:10"
230304,"2022-09-15 08:39:53.45","#ZE0304",50.00,68.00,93.00,120.90,"2022-12-20","127593395","WH",4,,,,"",,"ZE0304A0",30029,6002,"2022-12-20","2023-01-20","USD",93.00,100,"3XS:20|2XS:20|XS:20|S:10|M:10|L:10|XL:10"
230305,"2022-09-15 08:39:53.45","#ZE0305",50.00,68.00,93.00,120.90,"2022-12-20","127593476","WH",4,,,,"",,"ZE0305A1",30045,8002,"2022-12-20","2023-01-20","USD",93.00,100,"3XS:20|2XS:20|XS:20|S:10|M:10|L:10|XL:10"
230306,"2022-09-15 08:39:53.45","#ZE0306",50.00,68.00,93.00,120.90,"2022-12-20","127595745","WH",4,,,,"",,"ZE0306A1",30045,1002,"2022-12-20","2023-01-20","USD",93.00,100,"3XS:20|2XS:20|XS:20|S:10|M:10|L:10|XL:10"
230307,"2022-09-15 08:39:53.45","#ZE0307",50.00,68.00,93.00,120.90,"2022-12-20","127595827","WH",4,,,,"",,"ZE0307A0",30029,3002,"2022-12-20","2023-01-20","USD",93.00,100,"3XS:20|2XS:20|XS:20|S:10|M:10|L:10|XL:10"
230308,"2022-09-15 08:39:53.45","#ZE0308",50.00,68.00,93.00,120.90,"2022-12-20","127598092","WH",4,,,,"",,"ZE0308A1",30045,5002,"2022-12-20","2023-01-20","USD",93.00,100,"3XS:20|2XS:20|XS:20|S:10|M:10|L:10|XL:10"
230309,"2022-09-15 08:39:53.45","#ZE0309",50.00,68.00,93.00,120.90,"2022-12-20","127598172","WH",4,,,,"",,"ZE0309A0",30029,6002,"2022-12-20","2023-01-20","USD",93.00,100,"3XS:20|2XS:20|XS:20|S:10|M:10|L:10|XL:10"
230310,"2022-09-15 08:39:53.45","#ZE0310",50.00,68.00,93.00,120.90,"2022-12-20","127592580","WH",4,,,,"",,"ZE0310A1",30045,8002,"2022-12-20","2023-01-20","USD",93.00,100,"3XS:20|2XS:20|XS:20|S:10|M:10|L:10|XL:10"
230311,"2022-09-15 08:39:53.45","#ZE0311",50.00,68.00,93.00,120.90,"2022-12-20","127594611","WH",4,,,,"",,"ZE0311A1",30045,1002,"2022-12-20","2023-01-20","USD",93.00,100,"3XS:20|2XS:20|XS:20|S:10|M:10|L:10|XL:10"
230312,"2022-09-15 08:39:53.45","#ZE0312",50.00,68.00,93.00,120.90,"2022-12-20","127594691","WH",4,,,,"",,"ZE0312A0",30029,3002,"2022-12-20","2023-01-20","USD",93.00,100,"3XS:20|2XS:20|XS:20|S:10|M:10|L:10|XL:10"
230313,"2022-09-15 08:39:53.45","#ZE0313",50.00,68.00,93.00,120.90,"2022-12-20","127596783","WH",4,,,,"",,"ZE0313A1",30045,5002,"2022-12-20","2023-01-20","USD",93.00,100,"3XS:20|2XS:20|XS:20|S:10|M:10|L:10|XL:10"
230314,"2022-09-15 08:39:53.45","#ZE0314",50.00,68.00,93.00,120.90,"2022-12-20","127593560","WH",4,,,,"",,"ZE0314A0",30029,6002,"2022-12-20","2023-01-20","USD",93.00,100,"3XS:20|2XS:20|XS:20|S:10|M:10|L:10|XL:10"
230315,"2022-09-15 08:39:53.45","#ZE0315",50.00,68.00,93.00,120.90,"2022-12-20","127593644","WH",4,,,,"",,"ZE0315A1",30045,8002,"2022-12-20","2023-01-20","USD",93.00,100,"3XS:20|2XS:20|XS:20|S:10|M:10|L:10|XL:10"
230316,"2022-09-15 08:39:53.45","#ZE0316",50.00,68.00,93.00,120.90,"2022-12-20","127595908","WH",4,,,,"",,"ZE0316A1",30045,1002,"2022-12-20","2023-01-20","USD",93.00,100,"3XS:20|2XS:20|XS:20|S:10|M:10|L:10|XL:10"
230317,"2022-09-15 08:39:53.45","#ZE0317",50.00,68.00,93.00,120.90,"2022-12-20","127595993","WH",4,,,,"",,"ZE0317A0",30029,3002,"2022-12-20","2023-01-20","USD",93.00,100,"3XS:20|2XS:20|XS:20|S:10|M:10|L:10|XL:10"
230318,"2022-09-15 08:39:53.45","#ZE0318",50.00,68.00,93.00,120.90,"2022-12-20","127598252","WH",4,,,,"",,"ZE0318A1",30045,5002,"2022-12-20","2023-01-20","USD",93.00,100,"3XS:20|2XS:20|XS:20|S:10|M:10|L:10|XL:10"
230319,"2022-09-15 08:39:53.45","#ZE0319",50.00,68.00,93.00,120.90,"2022-12-20","127592659","WH",4,,,,"",,"ZE0319A0",30029,6002,"2022-12-20","2023-01-20","USD",93.00,100,"3XS:20|2XS:20|XS:20|S:10|M:10|L:10|XL:10"
230320,"2022-09-15 08:39:53.45","#ZE0320",50.00,68.00,93.00,120.90,"2022-12-20","127592739","WH",4,,,,"",,"ZE0320A1",30045,8002,"2022-12-20","2023-01-20","USD",93.00,100,"3XS:20|2XS:20|XS:20|S:10|M:10|L:10|XL:10"
230321,"2022-09-15 08:39:53.45","#ZE0321",50.00,68.00,93.00,120.90,"2022-12-20","127594769","WH",4,,,,"",,"ZE0321A1",30045,1002,"2022-12-20","2023-01-20","USD",93.00,100,"3XS:20|2XS:20|XS:20|S:10|M:10|L:10|XL:10"
230322,"2022-09-15 08:39:53.45","#ZE0322",50.00,68.00,93.00,120.90,"2022-12-20","127594844","WH",4,,,,"",,"ZE0322A0",30029,3002,"2022-12-20","2023-01-20","USD",93.00,100,"3XS:20|2XS:20|XS:20|S:10|M:10|L:10|XL:10"
230323,"2022-09-15 08:39:53.45","#ZE0323",50.00,68.00,93.00,120.90,"2022-12-20","127596854","WH",4,,,,"",,"ZE0323A1",30045,5002,"2022-12-20","2023-01-20","USD",93.00,100,"3XS:20|2XS:20|XS:20|S:10|M:10|L:10|XL:10"
230324,"2022-09-15 08:39:53.45","#ZE0324",50.00,68.00,93.00,120.90,"2022-12-20","127596932","WH",4,,,,"",,"ZE0324A0",30029,6002,"2022-12-20","2023-01-20","USD",93.00,100,"3XS:20|2XS:20|XS:20|S:10|M:10|L:10|XL:10"
230325,"2022-09-15 08:39:53.45","#ZE0325",50.00,68.00,93.00,120.90,"2022-12-20","127591476","WH",4,,,,"",,"ZE0325A1",30045,8002,"2022-12-20","2023-01-20","USD",93.00,100,"3XS:20|2XS:20|XS:20|S:10|M:10|L:10|XL:10"
230326,"2022-09-15 08:39:53.45","#ZE0326",50.00,68.00,93.00,120.90,"2022-12-20","127593731","WH",4,,,,"",,"ZE0326A1",30045,1002,"2022-12-20","2023-01-20","USD",93.00,100,"3XS:20|2XS:20|XS:20|S:10|M:10|L:10|XL:10"
230327,"2022-09-15 08:39:53.45","#ZE0327",50.00,68.00,93.00,120.90,"2022-12-20","127593811","WH",4,,,,"",,"ZE0327A0",30029,3002,"2022-12-20","2023-01-20","USD",93.00,100,"3XS:20|2XS:20|XS:20|S:10|M:10|L:10|XL:10"
230328,"2022-09-15 08:39:53.45","#ZE0328",50.00,68.00,93.00,120.90,"2022-12-20","127596075","WH",4,,,,"",,"ZE0328A1",30045,5002,"2022-12-20","2023-01-20","USD",93.00,100,"3XS:20|2XS:20|XS:20|S:10|M:10|L:10|XL:10"
230329,"2022-09-15 08:39:53.45","#ZE0329",50.00,68.00,93.00,120.90,"2022-12-20","127598335","WH",4,,,,"",,"ZE0329A0",30029,6002,"2022-12-20","2023-01-20","USD",93.00,100,"3XS:20|2XS:20|XS:20|S:10|M:10|L:10|XL:10"
230330,"2022-09-15 08:39:53.45","#ZE0330",50.00,68.00,93.00,120.90,"2022-12-20","127598418","WH",4,,,,"",,"ZE0330A1",30045,8002,"2022-12-20","2023-01-20","USD",93.00,100,"3XS:20|2XS:20|XS:20|S:10|M:10|L:10|XL:10"
230331,"2022-09-15 08:39:53.45","#ZE0331",50.00,68.00,93.00,120.90,"2022-12-20","127592816","WH",4,,,,"",,"ZE0331A1",30045,1002,"2022-12-20","2023-01-20","USD",93.00,100,"3XS:20|2XS:20|XS:20|S:10|M:10|L:10|XL:10"
230332,"2022-09-15 08:39:53.45","#ZE0332",50.00,68.00,93.00,120.90,"2022-12-20","127592885","WH",4,,,,"",,"ZE0332A0",30029,3002,"2022-12-20","2023-01-20","USD",93.00,100,"3XS:20|2XS:20|XS:20|S:10|M:10|L:10|XL:10"
230333,"2022-09-15 08:39:53.45","#ZE0333",50.00,68.00,93.00,120.90,"2022-12-20","127594915","WH",4,,,,"",,"ZE0333A1",30045,5002,"2022-12-20","2023-01-20","USD",93.00,100,"3XS:20|2XS:20|XS:20|S:10|M:10|L:10|XL:10"
230334,"2022-09-15 08:39:53.45","#ZE0334",50.00,68.00,93.00,120.90,"2022-12-20","127594982","WH",4,,,,"",,"ZE0334A0",30029,6002,"2022-12-20","2023-01-20","USD",93.00,100,"3XS:20|2XS:20|XS:20|S:10|M:10|L:10|XL:10"
230335,"2022-09-15 08:39:53.45","#ZE0335",50.00,68.00,93.00,120.90,"2022-12-20","127597010","WH",4,,,,"",,"ZE0335A1",30045,8002,"2022-12-20","2023-01-20","USD",93.00,100,"3XS:20|2XS:20|XS:20|S:10|M:10|L:10|XL:10"
230336,"2022-09-15 08:39:53.45","#ZE0336",50.00,68.00,93.00,120.90,"2022-12-20","127597081","WH",4,,,,"",,"ZE0336A1",30045,1002,"2022-12-20","2023-01-20","USD",93.00,100,"3XS:20|2XS:20|XS:20|S:10|M:10|L:10|XL:10"
230337,"2022-09-15 08:39:53.45","#ZE0337",50.00,68.00,93.00,120.90,"2022-12-20","127591556","WH",4,,,,"",,"ZE0337A0",30029,3002,"2022-12-20","2023-01-20","USD",93.00,100,"3XS:20|2XS:20|XS:20|S:10|M:10|L:10|XL:10"
230338,"2022-09-15 08:39:53.45","#ZE0338",50.00,68.00,93.00,120.90,"2022-12-20","127591635","WH",4,,,,"",,"ZE0338A1",30045,5002,"2022-12-20","2023-01-20","USD",93.00,100,"3XS:20|2XS:20|XS:20|S:10|M:10|L:10|XL:10"
230339,"2022-09-15 08:39:53.45","#ZE0339",50.00,68.00,93.00,120.90,"2022-12-20","127593891","WH",4,,,,"",,"ZE0339A0",30029,6002,"2022-12-20","2023-01-20","USD",93.00,100,"3XS:20|2XS:20|XS:20|S:10|M:10|L:10|XL:10"
230340,"2022-09-15 08:39:53.45","#ZE0340",50.00,68.00,93.00,120.90,"2022-12-20","127596161","WH",4,,,,"",,"ZE0340A1",30045,8002,"2022-12-20","2023-01-20","USD",93.00,100,"3XS:20|2XS:20|XS:20|S:10|M:10|L:10|XL:10"
230341,"2022-09-15 08:39:53.45","#ZE0341",50.00,68.00,93.00,120.90,"2022-12-20","127596260","WH",4,,,,"",,"ZE0341A1",30045,1002,"2022-12-20","2023-01-20","USD",93.00,100,"3XS:20|2XS:20|XS:20|S:10|M:10|L:10|XL:10"
230342,"2022-09-15 08:39:53.45","#ZE0342",50.00,68.00,93.00,120.90,"2022-12-20","127598499","WH",4,,,,"",,"ZE0342A0",30029,3002,"2022-12-20","2023-01-20","USD",93.00,100,"3XS:20|2XS:20|XS:20|S:10|M:10|L:10|XL:10"
230343,"2022-09-15 08:39:53.45","#ZE0343",50.00,68.00,93.00,120.90,"2022-12-20","127598579","WH",4,,,,"",,"ZE0343A1",30045,5002,"2022-12-20","2023-01-20","USD",93.00,100,"3XS:20|2XS:20|XS:20|S:10|M:10|L:10|XL:10"
230344,"2022-09-15 08:39:53.45","#ZE0344",50.00,68.00,93.00,120.90,"2022-12-20","127592963","WH",4,,,,"",,"ZE0344A0",30029,6002,"2022-12-20","2023-01-20","USD",93.00,100,"3XS:20|2XS:20|XS:20|S:10|M:10|L:10|XL:10"
230345,"2022-09-15 08:39:53.45","#ZE0345",50.00,68.00,93.00,120.90,"2022-12-20","127593043","WH",4,,,,"",,"ZE0345A1",30045,8002,"2022-12-20","2023-01-20","USD",93.00,100,"3XS:20|2XS:20|XS:20|S:10|M:10|L:10|XL:10"
230346,"2022-09-15 08:39:53.45","#ZE0346",50.00,68.00,93.00,120.90,"2022-12-20","127595064","WH",4,,,,"",,"ZE0346A1",30045,1002,"2022-12-20","2023-01-20","USD",93.00,100,"3XS:20|2XS:20|XS:20|S:10|M:10|L:10|XL:10"
230347,"2022-09-15 08:39:53.45","#ZE0347",50.00,68.00,93.00,120.90,"2022-12-20","127597157","WH",4,,,,"",,"ZE0347A0",30029,3002,"2022-12-20","2023-01-20","USD",93.00,100,"3XS:20|2XS:20|XS:20|S:10|M:10|L:10|XL:10"
230348,"2022-09-15 08:39:53.45","#ZE0348",50.00,68.00,93.00,120.90,"2022-12-20","127597236","WH",4,,,,"",,"ZE0348A1",30045,5002,"2022-12-20","2023-01-20","USD",93.00,100,"3XS:20|2XS:20|XS:20|S:10|M:10|L:10|XL:10"
230349,"2022-09-15 08:39:53.45","#ZE0349",50.00,68.00,93.00,120.90,"2022-12-20","127591715","WH",4,,,,"",,"ZE0349A0",30029,6002,"2022-12-20","2023-01-20","USD",93.00,100,"3XS:20|2XS:20|XS:20|S:10|M:10|L:10|XL:10"
230350,"2022-09-15 08:39:53.45","#ZE0350",50.00,68.00,93.00,120.90,"2022-12-20","127593971","WH",4,,,,"",,"ZE0350A1",30045,8002,"2022-12-20","2023-01-20","USD",93.00,100,"3XS:20|2XS:20|XS:20|S:10|M:10|L:10|XL:10"
230351,"2022-09-15 08:39:53.45","#ZE0351",50.00,68.00,93.00,120.90,"2022-12-20","127594053","WH",4,,,,"",,"ZE0351A1",30045,1002,"2022-12-20","2023-01-20","USD",93.00,100,"3XS:20|2XS:20|XS:20|S:10|M:10|L:10|XL:10"
230352,"2022-09-15 08:39:53.45","#ZE0352",50.00,68.00,93.00,120.90,"2022-12-20","127596346","WH",4,,,,"",,"ZE0352A0",30029,3002,"2022-12-20","2023-01-20","USD",93.00,100,"3XS:20|2XS:20|XS:20|S:10|M:10|L:10|XL:10"
230353,"2022-09-15 08:39:53.45","#ZE0353",50.00,68.00,93.00,120.90,"2022-12-20","127596427","WH",4,,,,"",,"ZE0353A1",30045,5002,"2022-12-20","2023-01-20","USD",93.00,100,"3XS:20|2XS:20|XS:20|S:10|M:10|L:10|XL:10"
230354,"2022-09-15 08:39:53.45","#ZE0354",50.00,68.00,93.00,120.90,"2022-12-20","127598659","WH",4,,,,"",,"ZE0354A0",30029,6002,"2022-12-20","2023-01-20","USD",93.00,100,"3XS:20|2XS:20|XS:20|S:10|M:10|L:10|XL:10"
230355,"2022-09-15 08:39:53.45","#ZE0355",50.00,68.00,93.00,120.90,"2022-12-20","127598723","WH",4,,,,"",,"ZE0355A1",30045,8002,"2022-12-20","2023-01-20","USD",93.00,100,"3XS:20|2XS:20|XS:20|S:10|M:10|L:10|XL:10"
230356,"2022-09-15 08:39:53.45","#ZE0356",50.00,68.00,93.00,120.90,"2022-12-20","127590936","WH",4,,,,"",,"ZE0356A1",30045,1002,"2022-12-20","2023-01-20","USD",93.00,100,"3XS:20|2XS:20|XS:20|S:10|M:10|L:10|XL:10"
230357,"2022-09-15 08:39:53.45","#ZE0357",50.00,68.00,93.00,120.90,"2022-12-20","127591012","WH",4,,,,"",,"ZE0357A0",30029,3002,"2022-12-20","2023-01-20","USD",93.00,100,"3XS:20|2XS:20|XS:20|S:10|M:10|L:10|XL:10"
230358,"2022-09-15 08:39:53.45","#ZE0358",50.00,68.00,93.00,120.90,"2022-12-20","127593123","WH",4,,,,"",,"ZE0358A1",30045,5002,"2022-12-20","2023-01-20","USD",93.00,100,"3XS:20|2XS:20|XS:20|S:10|M:10|L:10|XL:10"
230359,"2022-09-15 08:39:53.45","#ZE0359",50.00,68.00,93.00,120.90,"2022-12-20","127595141","WH",4,,,,"",,"ZE0359A0",30029,6002,"2022-12-20","2023-01-20","USD",93.00,100,"3XS:20|2XS:20|XS:20|S:10|M:10|L:10|XL:10"
230360,"2022-09-15 08:39:53.45","#ZE0360",50.00,68.00,93.00,120.90,"2022-12-20","127595219","WH",4,,,,"",,"ZE0360A1",30045,8002,"2022-12-20","2023-01-20","USD",93.00,100,"3XS:20|2XS:20|XS:20|S:10|M:10|L:10|XL:10"
230361,"2022-09-15 08:39:53.45","#ZE0361",50.00,68.00,93.00,120.90,"2022-12-20","127597316","WH",4,,,,"",,"ZE0361A1",30045,1002,"2022-12-20","2023-01-20","USD",93.00,100,"3XS:20|2XS:20|XS:20|S:10|M:10|L:10|XL:10"
230362,"2022-09-15 08:39:53.45","#ZE0362",50.00,68.00,93.00,120.90,"2022-12-20","127591795","WH",4,,,,"",,"ZE0362A0",30029,3002,"2022-12-20","2023-01-20","USD",93.00,100,"3XS:20|2XS:20|XS:20|S:10|M:10|L:10|XL:10"
230363,"2022-09-15 08:39:53.45","#ZE0363",50.00,68.00,93.00,120.90,"2022-12-20","127591877","WH",4,,,,"",,"ZE0363A1",30045,5002,"2022-12-20","2023-01-20","USD",93.00,100,"3XS:20|2XS:20|XS:20|S:10|M:10|L:10|XL:10"
230364,"2022-09-15 08:39:53.45","#ZE0364",50.00,68.00,93.00,120.90,"2022-12-20","127594144","WH",4,,,,"",,"ZE0364A0",30029,6002,"2022-12-20","2023-01-20","USD",93.00,100,"3XS:20|2XS:20|XS:20|S:10|M:10|L:10|XL:10"
230365,"2022-09-15 08:39:53.45","#ZE0365",50.00,68.00,93.00,120.90,"2022-12-20","127594233","WH",4,,,,"",,"ZE0365A1",30045,8002,"2022-12-20","2023-01-20","USD",93.00,100,"3XS:20|2XS:20|XS:20|S:10|M:10|L:10|XL:10"
230366,"2022-09-15 08:39:53.45","#ZE0366",50.00,68.00,93.00,120.90,"2022-12-20","127596507","WH",4,,,,"",,"ZE0366A1",30045,1002,"2022-12-20","2023-01-20","USD",93.00,100,"3XS:20|2XS:20|XS:20|S:10|M:10|L:10|XL:10"
230367,"2022-09-15 08:39:53.45","#ZE0367",50.00,68.00,93.00,120.90,"2022-12-20","127596587","WH",4,,,,"",,"ZE0367A0",30029,3002,"2022-12-20","2023-01-20","USD",93.00,100,"3XS:20|2XS:20|XS:20|S:10|M:10|L:10|XL:10"
230368,"2022-09-15 08:39:53.45","#ZE0368",50.00,68.00,93.00,120.90,"2022-12-20","127598763","WH",4,,,,"",,"ZE0368A1",30045,5002,"2022-12-20","2023-01-20","USD",93.00,100,"3XS:20|2XS:20|XS:20|S:10|M:10|L:10|XL:10"
230369,"2022-09-15 08:39:53.45","#ZE0369",50.00,68.00,93.00,120.90,"2022-12-20","127591094","WH",4,,,,"",,"ZE0369A0",30029,6002,"2022-12-20","2023-01-20","USD",93.00,100,"3XS:20|2XS:20|XS:20|S:10|M:10|L:10|XL:10"
230370,"2022-09-15 08:39:53.45","#ZE0370",50.00,68.00,93.00,120.90,"2022-12-20","127593203","WH",4,,,,"",,"ZE0370A1",30045,8002,"2022-12-20","2023-01-20","USD",93.00,100,"3XS:20|2XS:20|XS:20|S:10|M:10|L:10|XL:10"
230371,"2022-09-15 08:39:53.45","#ZE0371",50.00,68.00,93.00,120.90,"2022-12-20","127593279","WH",4,,,,"",,"ZE0371A1",30045,1002,"2022-12-20","2023-01-20","USD",93.00,100,"3XS:20|2XS:20|XS:20|S:10|M:10|L:10|XL:10"
230372,"2022-09-15 08:39:53.45","#ZE0372",50.00,68.00,93.00,120.90,"2022-12-20","127595299","WH",4,,,,"",,"ZE0372A0",30029,3002,"2022-12-20","2023-01-20","USD",93.00,100,"3XS:20|2XS:20|XS:20|S:10|M:10|L:10|XL:10"
230373,"2022-09-15 08:39:53.45","#ZE0373",50.00,68.00,93.00,120.90,"2022-12-20","127595379","WH",4,,,,"",,"ZE0373A1",30045,5002,"2022-12-20","2023-01-20","USD",93.00,100,"3XS:20|2XS:20|XS:20|S:10|M:10|L:10|XL:10"
230374,"2022-09-15 08:39:53.45","#ZE0374",50.00,68.00,93.00,120.90,"2022-12-20","127597396","WH",4,,,,"",,"ZE0374A0",30029,6002,"2022-12-20","2023-01-20","USD",93.00,100,"3XS:20|2XS:20|XS:20|S:10|M:10|L:10|XL:10"
230375,"2022-09-15 08:39:53.45","#ZE0375",50.00,68.00,93.00,120.90,"2022-12-20","127597476","WH",4,,,,"",,"ZE0375A1",30045,8002,"2022-12-20","2023-01-20","USD",93.00,100,"3XS:20|2XS:20|XS:20|S:10|M:10|L:10|XL:10"
230376,"2022-09-15 08:39:53.45","#ZE0376",50.00,68.00,93.00,120.90,"2022-12-20","127591963","WH",4,,,,"",,"ZE0376A1",30045,1002,"2022-12-20","2023-01-20","USD",93.00,100,"3XS:20|2XS:20|XS:20|S:10|M:10|L:10|XL:10"
230377,"2022-09-15 08:39:53.45","#ZE0377",50.00,68.00,93.00,120.90,"2022-12-20","127592054","WH",4,,,,"",,"ZE0377A0",30029,3002,"2022-12-20","2023-01-20","USD",93.00,100,"3XS:20|2XS:20|XS:20|S:10|M:10|L:10|XL:10"
230378,"2022-09-15 08:39:53.45","#ZE0378",50.00,68.00,93.00,120.90,"2022-12-20","127594315","WH",4,,,,"",,"ZE0378A1",30045,5002,"2022-12-20","2023-01-20","USD",93.00,100,"3XS:20|2XS:20|XS:20|S:10|M:10|L:10|XL:10"
230379,"2022-09-15 08:39:53.45","#ZE0379",50.00,68.00,93.00,120.90,"2022-12-20","127594395","WH",4,,,,"",,"ZE0379A0",30029,6002,"2022-12-20","2023-01-20","USD",93.00,100,"3XS:20|2XS:20|XS:20|S:10|M:10|L:10|XL:10"
230380,"2022-09-15 08:39:53.45","#ZE0380",50.00,68.00,93.00,120.90,"2022-12-20","127596668","WH",4,,,,"",,"ZE0380A1",30045,8002,"2022-12-20","2023-01-20","USD",93.00,100,"3XS:20|2XS:20|XS:20|S:10|M:10|L:10|XL:10"
230381,"2022-09-15 08:39:53.45","#ZE0381",50.00,68.00,93.00,120.90,"2022-12-20","127591174","WH",4,,,,"",,"ZE0381A1",30045,1002,"2022-12-20","2023-01-20","USD",93.00,100,"3XS:20|2XS:20|XS:20|S:10|M:10|L:10|XL:10"
230382,"2022-09-15 08:39:53.45","#ZE0382",50.00,68.00,93.00,120.90,"2022-12-20","127591254","WH",4,,,,"",,"ZE0382A0",30029,3002,"2022-12-20","2023-01-20","USD",93.00,100,"3XS:20|2XS:20|XS:20|S:10|M:10|L:10|XL:10"
230383,"2022-09-15 08:39:53.45","#ZE0383",50.00,68.00,93.00,120.90,"2022-12-20","127593354","WH",4,,,,"",,"ZE0383A1",30045,5002,"2022-12-20","2023-01-20","USD",93.00,100,"3XS:20|2XS:20|XS:20|S:10|M:10|L:10|XL:10"
230384,"2022-09-15 08:39:53.45","#ZE0384",50.00,68.00,93.00,120.90,"2022-12-20","127593428","WH",4,,,,"",,"ZE0384A0",30029,6002,"2022-12-20","2023-01-20","USD",93.00,100,"3XS:20|2XS:20|XS:20|S:10|M:10|L:10|XL:10"
230385,"2022-09-15 08:39:53.45","#ZE0385",50.00,68.00,93.00,120.90,"2022-12-20","127595459","WH",4,,,,"",,"ZE0385A1",30045,8002,"2022-12-20","2023-01-20","USD",93.00,100,"3XS:20|2XS:20|XS:20|S:10|M:10|L:10|XL:10"
230386,"2022-09-15 08:39:53.45","#ZE0386",50.00,68.00,93.00,120.90,"2022-12-20","127597556","WH",4,,,,"",,"ZE0386A1",30045,1002,"2022-12-20","2023-01-20","USD",93.00,100,"3XS:20|2XS:20|XS:20|S:10|M:10|L:10|XL:10"
230387,"2022-09-15 08:39:53.45","#ZE0387",50.00,68.00,93.00,120.90,"2022-12-20","127597636","WH",4,,,,"",,"ZE0387A0",30029,3002,"2022-12-20","2023-01-20","USD",93.00,100,"3XS:20|2XS:20|XS:20|S:10|M:10|L:10|XL:10"
230388,"2022-09-15 08:39:53.45","#ZE0388",50.00,68.00,93.00,120.90,"2022-12-20","127592148","WH",4,,,,"",,"ZE0388A1",30045,5002,"2022-12-20","2023-01-20","USD",93.00,100,"3XS:20|2XS:20|XS:20|S:10|M:10|L:10|XL:10"
230389,"2022-09-15 08:39:53.45","#ZE0389",50.00,68.00,93.00,120.90,"2022-12-20","127592232","WH",4,,,,"",,"ZE0389A0",30029,6002,"2022-12-20","2023-01-20","USD",93.00,100,"3XS:20|2XS:20|XS:20|S:10|M:10|L:10|XL:10"
230390,"2022-09-15 08:39:53.45","#ZE0390",50.00,68.00,93.00,120.90,"2022-12-20","127594476","WH",4,,,,"",,"ZE0390A1",30045,8002,"2022-12-20","2023-01-20","USD",93.00,100,"3XS:20|2XS:20|XS:20|S:10|M:10|L:10|XL:10"
230391,"2022-09-15 08:39:53.45","#ZE0391",50.00,68.00,93.00,120.90,"2022-12-20","127596748","WH",4,,,,"",,"ZE0391A1",30045,1002,"2022-12-20","2023-01-20","USD",93.00,100,"3XS:20|2XS:20|XS:20|S:10|M:10|L:10|XL:10"
230392,"2022-09-15 08:39:53.45","#ZE0392",50.00,68.00,93.00,120.90,"2022-12-20","127596828","WH",4,,,,"",,"ZE0392A0",30029,3002,"2022-12-20","2023-01-20","USD",93.00,100,"3XS:20|2XS:20|XS:20|S:10|M:10|L:10|XL:10"
230393,"2022-09-15 08:39:53.45","#ZE0393",50.00,68.00,93.00,120.90,"2022-12-20","127591334","WH",4,,,,"",,"ZE0393A1",30045,5002,"2022-12-20","2023-01-20","USD",93.00,100,"3XS:20|2XS:20|XS:20|S:10|M:10|L:10|XL:10"
230394,"2022-09-15 08:39:53.45","#ZE0394",50.00,68.00,93.00,120.90,"2022-12-20","127591418","WH",4,,,,"",,"ZE0394A0",30029,6002,"2022-12-20","2023-01-20","USD",93.00,100,"3XS:20|2XS:20|XS:20|S:10|M:10|L:10|XL:10"
230395,"2022-09-15 08:39:53.45","#ZE0395",50.00,68.00,93.00,120.90,"2022-12-20","127593509","WH",4,,,,"",,"ZE0395A1",30045,8002,"2022-12-20","2023-01-20","USD",93.00,100,"3XS:20|2XS:20|XS:20|S:10|M:10|L:10|XL:10"
230396,"2022-09-15 08:39:53.45","#ZE0396",50.00,68.00,93.00,120.90,"2022-12-20","127593589","WH",4,,,,"",,"ZE0396A1",30045,1002,"2022-12-20","2023-01-20","USD",93.00,100,"3XS:20|2XS:20|XS:20|S:10|M:10|L:10|XL:10"
230397,"2022-09-15 08:39:53.45","#ZE0397",50.00,68.00,93.00,120.90,"2022-12-20","127595539","WH",4,,,,"",,"ZE0397A0",30029,3002,"2022-12-20","2023-01-20","USD",93.00,100,"3XS:20|2XS:20|XS:20|S:10|M:10|L:10|XL:10"
230398,"2022-09-15 08:39:53.45","#ZE0398",50.00,68.00,93.00,120.90,"2022-12-20","127595619","WH",4,,,,"",,"ZE0398A1",30045,5002,"2022-12-20","2023-01-20","USD",93.00,100,"3XS:20|2XS:20|XS:20|S:10|M:10|L:10|XL:10"
230399,"2022-09-15 08:39:53.45","#ZE0399",50.00,68.00,93.00,120.90,"2022-12-20","127597716","WH",4,,,,"",,"ZE0399A0",30029,6002,"2022-12-20","2023-01-20","USD",93.00,100,"3XS:20|2XS:20|XS:20|S:10|M:10|L:10|XL:10"
230400,"2022-09-15 08:39:53.45","#ZE0400",50.00,68.00,93.00,120.90,"2022-12-20","127597796","WH",4,,,,"",,"ZE0400A1",30045,8002,"2022-12-20","2023-01-20","USD",93.00,100,"3XS:20|2XS:20|XS:20|S:10|M:10|L:10|XL:10"
230401,"2022-09-15 08:39:53.45","#ZE0401",50.00,68.00,93.00,120.90,"2022-12-20","127592321","WH",4,,,,"",,"ZE0401A1",30045,1002,"2022-12-20","2023-01-20","USD",93.00,100,"3XS:20|2XS:20|XS:20|S:10|M:10|L:10|XL:10"
230402,"2022-09-15 08:39:53.45","#ZE0402",50.00,68.00,93.00,120.90,"2022-12-20","127594556","WH",4,,,,"",,"ZE0402A0",30029,3002,"2022-12-20","2023-01-20","USD",93.00,100,"3XS:20|2XS:20|XS:20|S:10|M:10|L:10|XL:10"
230403,"2022-09-15 08:39:53.45","#ZE0403",50.00,68.00,93.00,120.90,"2022-12-20","127594636","WH",4,,,,"",,"ZE0403A1",30045,5002,"2022-12-20","2023-01-20","USD",93.00,100,"3XS:20|2XS:20|XS:20|S:10|M:10|L:10|XL:10"
230404,"2022-09-15 08:39:53.45","#ZE0404",50.00,68.00,93.00,120.90,"2022-12-20","127596912","WH",4,,,,"",,"ZE0404A0",30029,6002,"2022-12-20","2023-01-20","USD",93.00,100,"3XS:20|2XS:20|XS:20|S:10|M:10|L:10|XL:10"
230405,"2022-09-15 08:39:53.45","#ZE0405",50.00,68.00,93.00,120.90,"2022-12-20","127596995","WH",4,,,,"",,"ZE0405A1",30045,8002,"2022-12-20","2023-01-20","USD",93.00,100,"3XS:20|2XS:20|XS:20|S:10|M:10|L:10|XL:10"
230406,"2022-09-15 08:39:53.45","#ZE0406",50.00,68.00,93.00,120.90,"2022-12-20","127591494","WH",4,,,,"",,"ZE0406A1",30045,1002,"2022-12-20","2023-01-20","USD",93.00,100,"3XS:20|2XS:20|XS:20|S:10|M:10|L:10|XL:10"
230407,"2022-09-15 08:39:53.45","#ZE0407",50.00,68.00,93.00,120.90,"2022-12-20","127591573","WH",4,,,,"",,"ZE0407A0",30029,3002,"2022-12-20","2023-01-20","USD",93.00,100,"3XS:20|2XS:20|XS:20|S:10|M:10|L:10|XL:10"
230408,"2022-09-15 08:39:53.45","#ZE0408",50.00,68.00,93.00,120.90,"2022-12-20","127593668","WH",4,,,,"",,"ZE0408A1",30045,5002,"2022-12-20","2023-01-20","USD",93.00,100,"3XS:20|2XS:20|XS:20|S:10|M:10|L:10|XL:10"
230409,"2022-09-15 08:39:53.45","#ZE0409",50.00,68.00,93.00,120.90,"2022-12-20","127595699","WH",4,,,,"",,"ZE0409A0",30029,6002,"2022-12-20","2023-01-20","USD",93.00,100,"3XS:20|2XS:20|XS:20|S:10|M:10|L:10|XL:10"
230410,"2022-09-15 08:39:53.45","#ZE0410",50.00,68.00,93.00,120.90,"2022-12-20","127595779","WH",4,,,,"",,"ZE0410A1",30045,8002,"2022-12-20","2023-01-20","USD",93.00,100,"3XS:20|2XS:20|XS:20|S:10|M:10|L:10|XL:10"
230411,"2022-09-15 08:39:53.45","#ZE0411",50.00,68.00,93.00,120.90,"2022-12-20","127597877","WH",4,,,,"",,"ZE0411A1",30045,1002,"2022-12-20","2023-01-20","USD",93.00,100,"3XS:20|2XS:20|XS:20|S:10|M:10|L:10|XL:10"
230412,"2022-09-15 08:39:53.45","#ZE0412",50.00,68.00,93.00,120.90,"2022-12-20","127592376","WH",4,,,,"",,"ZE0412A0",30029,3002,"2022-12-20","2023-01-20","USD",93.00,100,"3XS:20|2XS:20|XS:20|S:10|M:10|L:10|XL:10"
230413,"2022-09-15 08:39:53.45","#ZE0413",50.00,68.00,93.00,120.90,"2022-12-20","127592448","WH",4,,,,"",,"ZE0413A1",30045,5002,"2022-12-20","2023-01-20","USD",93.00,100,"3XS:20|2XS:20|XS:20|S:10|M:10|L:10|XL:10"
230414,"2022-09-15 08:39:53.45","#ZE0414",50.00,68.00,93.00,120.90,"2022-12-20","127594635","WH",4,,,,"",,"ZE0414A0",30029,6002,"2022-12-20","2023-01-20","USD",93.00,100,"3XS:20|2XS:20|XS:20|S:10|M:10|L:10|XL:10"
230415,"2022-09-15 08:39:53.45","#ZE0415",50.00,68.00,93.00,120.90,"2022-12-20","127596747","WH",4,,,,"",,"ZE0415A1",30045,8002,"2022-12-20","2023-01-20","USD",93.00,100,"3XS:20|2XS:20|XS:20|S:10|M:10|L:10|XL:10"
230416,"2022-09-15 08:39:53.45","#ZE0416",50.00,68.00,93.00,120.90,"2022-12-20","127596827","WH",4,,,,"",,"ZE0416A1",30045,1002,"2022-12-20","2023-01-20","USD",93.00,100,"3XS:20|2XS:20|XS:20|S:10|M:10|L:10|XL:10"
230417,"2022-09-15 08:39:53.45","#ZE0417",50.00,68.00,93.00,120.90,"2022-12-20","127592525","WH",4,,,,"",,"ZE0417A0",30029,3002,"2022-12-20","2023-01-20","USD",93.00,100,"3XS:20|2XS:20|XS:20|S:10|M:10|L:10|XL:10"
230418,"2022-09-15 08:39:53.45","#ZE0418",50.00,68.00,93.00,120.90,"2022-12-20","127594715","WH",4,,,,"",,"ZE0418A1",30045,5002,"2022-12-20","2023-01-20","USD",93.00,100,"3XS:20|2XS:20|XS:20|S:10|M:10|L:10|XL:10"
230419,"2022-09-15 08:39:53.45","#ZE0419",50.00,68.00,93.00,120.90,"2022-12-20","127594795","WH",4,,,,"",,"ZE0419A0",30029,6002,"2022-12-20","2023-01-20","USD",93.00,100,"3XS:20|2XS:20|XS:20|S:10|M:10|L:10|XL:10"
230420,"2022-09-15 08:39:53.45","#ZE0420",50.00,68.00,93.00,120.90,"2022-12-20","127596907","WH",4,,,,"",,"ZE0420A1",30045,8002,"2022-12-20","2023-01-20","USD",93.00,100,"3XS:20|2XS:20|XS:20|S:10|M:10|L:10|XL:10"
230421,"2022-09-15 08:39:53.45","#ZE0421",50.00,68.00,93.00,120.90,"2022-12-20","127596987","WH",4,,,,"",,"ZE0421A1",30045,1002,"2022-12-20","2023-01-20","USD",93.00,100,"3XS:20|2XS:20|XS:20|S:10|M:10|L:10|XL:10"
230422,"2022-09-15 08:39:53.45","#ZE0422",50.00,68.00,93.00,120.90,"2022-12-20","127592604","WH",4,,,,"",,"ZE0422A0",30029,3002,"2022-12-20","2023-01-20","USD",93.00,100,"3XS:20|2XS:20|XS:20|S:10|M:10|L:10|XL:10"
230423,"2022-09-15 08:39:53.45","#ZE0423",50.00,68.00,93.00,120.90,"2022-12-20","127592684","WH",4,,,,"",,"ZE0423A1",30045,5002,"2022-12-20","2023-01-20","USD",93.00,100,"3XS:20|2XS:20|XS:20|S:10|M:10|L:10|XL:10"
230424,"2022-09-15 08:39:53.45","#ZE0424",50.00,68.00,93.00,120.90,"2022-12-20","127594875","WH",4,,,,"",,"ZE0424A0",30029,6002,"2022-12-20","2023-01-20","USD",93.00,100,"3XS:20|2XS:20|XS:20|S:10|M:10|L:10|XL:10"
230425,"2022-09-15 08:39:53.45","#ZE0425",50.00,68.00,93.00,120.90,"2022-12-20","127594956","WH",4,,,,"",,"ZE0425A1",30045,8002,"2022-12-20","2023-01-20","USD",93.00,100,"3XS:20|2XS:20|XS:20|S:10|M:10|L:10|XL:10"
230426,"2022-09-15 08:39:53.45","#ZE0426",50.00,68.00,93.00,120.90,"2022-12-20","127597067","WH",4,,,,"",,"ZE0426A1",30045,1002,"2022-12-20","2023-01-20","USD",93.00,100,"3XS:20|2XS:20|XS:20|S:10|M:10|L:10|XL:10"
230427,"2022-09-15 08:39:53.45","#ZE0427",50.00,68.00,93.00,120.90,"2022-12-20","127597147","WH",4,,,,"",,"ZE0427A0",30029,3002,"2022-12-20","2023-01-20","USD",93.00,100,"3XS:20|2XS:20|XS:20|S:10|M:10|L:10|XL:10"
230428,"2022-09-15 08:39:53.45","#ZE0428",50.00,68.00,93.00,120.90,"2022-12-20","127592763","WH",4,,,,"",,"ZE0428A1",30045,5002,"2022-12-20","2023-01-20","USD",93.00,100,"3XS:20|2XS:20|XS:20|S:10|M:10|L:10|XL:10"
230429,"2022-09-15 08:39:53.45","#ZE0429",50.00,68.00,93.00,120.90,"2022-12-20","127592844","WH",4,,,,"",,"ZE0429A0",30029,6002,"2022-12-20","2023-01-20","USD",93.00,100,"3XS:20|2XS:20|XS:20|S:10|M:10|L:10|XL:10"
230430,"2022-09-15 08:39:53.45","#ZE0430",50.00,68.00,93.00,120.90,"2022-12-20","127595036","WH",4,,,,"",,"ZE0430A1",30045,8002,"2022-12-20","2023-01-20","USD",93.00,100,"3XS:20|2XS:20|XS:20|S:10|M:10|L:10|XL:10"
230431,"2022-09-15 08:39:53.45","#ZE0431",50.00,68.00,93.00,120.90,"2022-12-20","127595117","WH",4,,,,"",,"ZE0431A1",30045,1002,"2022-12-20","2023-01-20","USD",93.00,100,"3XS:20|2XS:20|XS:20|S:10|M:10|L:10|XL:10"
230432,"2022-09-15 08:39:53.45","#ZE0432",50.00,68.00,93.00,120.90,"2022-12-20","127597227","WH",4,,,,"",,"ZE0432A0",30029,3002,"2022-12-20","2023-01-20","USD",93.00,100,"3XS:20|2XS:20|XS:20|S:10|M:10|L:10|XL:10"
230433,"2022-09-15 08:39:53.45","#ZE0433",50.00,68.00,93.00,120.90,"2022-12-20","127590773","WH",4,,,,"",,"ZE0433A1",30045,5002,"2022-12-20","2023-01-20","USD",93.00,100,"3XS:20|2XS:20|XS:20|S:10|M:10|L:10|XL:10"
230434,"2022-09-15 08:39:53.45","#ZE0434",50.00,68.00,93.00,120.90,"2022-12-20","127590852","WH",4,,,,"",,"ZE0434A0",30029,6002,"2022-12-20","2023-01-20","USD",93.00,100,"3XS:20|2XS:20|XS:20|S:10|M:10|L:10|XL:10"
230435,"2022-09-15 08:39:53.45","#ZE0435",50.00,68.00,93.00,120.90,"2022-12-20","127592924","WH",4,,,,"",,"ZE0435A1",30045,8002,"2022-12-20","2023-01-20","USD",93.00,100,"3XS:20|2XS:20|XS:20|S:10|M:10|L:10|XL:10"
230436,"2022-09-15 08:39:53.45","#ZE0436",50.00,68.00,93.00,120.90,"2022-12-20","127593004","WH",4,,,,"",,"ZE0436A1",30045,1002,"2022-12-20","2023-01-20","USD",93.00,100,"3XS:20|2XS:20|XS:20|S:10|M:10|L:10|XL:10"
230437,"2022-09-15 08:39:53.45","#ZE0437",50.00,68.00,93.00,120.90,"2022-12-20","127595198","WH",4,,,,"",,"ZE0437A0",30029,3002,"2022-12-20","2023-01-20","USD",93.00,100,"3XS:20|2XS:20|XS:20|S:10|M:10|L:10|XL:10"
230438,"2022-09-15 08:39:53.45","#ZE0438",50.00,68.00,93.00,120.90,"2022-12-20","127597307","WH",4,,,,"",,"ZE0438A1",30045,5002,"2022-12-20","2023-01-20","USD",93.00,100,"3XS:20|2XS:20|XS:20|S:10|M:10|L:10|XL:10"
230439,"2022-09-15 08:39:53.45","#ZE0439",50.00,68.00,93.00,120.90,"2022-12-20","127597387","WH",4,,,,"",,"ZE0439A0",30029,6002,"2022-12-20","2023-01-20","USD",93.00,100,"3XS:20|2XS:20|XS:20|S:10|M:10|L:10|XL:10"
230440,"2022-09-15 08:39:53.45","#ZE0440",50.00,68.00,93.00,120.90,"2022-12-20","127593084","WH",4,,,,"",,"ZE0440A1",30045,8002,"2022-12-20","2023-01-20","USD",93.00,100,"3XS:20|2XS:20|XS:20|S:10|M:10|L:10|XL:10"
230441,"2022-09-15 08:39:53.45","#ZE0441",50.00,68.00,93.00,120.90,"2022-12-20","127595278","WH",4,,,,"",,"ZE0441A1",30045,1002,"2022-12-20","2023-01-20","USD",93.00,100,"3XS:20|2XS:20|XS:20|S:10|M:10|L:10|XL:10"
230442,"2022-09-15 08:39:53.45","#ZE0442",50.00,68.00,93.00,120.90,"2022-12-20","127595358","WH",4,,,,"",,"ZE0442A0",30029,3002,"2022-12-20","2023-01-20","USD",93.00,100,"3XS:20|2XS:20|XS:20|S:10|M:10|L:10|XL:10"
230443,"2022-09-15 08:39:53.45","#ZE0443",50.00,68.00,93.00,120.90,"2022-12-20","127597467","WH",4,,,,"",,"ZE0443A1",30045,5002,"2022-12-20","2023-01-20","USD",93.00,100,"3XS:20|2XS:20|XS:20|S:10|M:10|L:10|XL:10"
230444,"2022-09-15 08:39:53.45","#ZE0444",50.00,68.00,93.00,120.90,"2022-12-20","127597547","WH",4,,,,"",,"ZE0444A0",30029,6002,"2022-12-20","2023-01-20","USD",93.00,100,"3XS:20|2XS:20|XS:20|S:10|M:10|L:10|XL:10"
230445,"2022-09-15 08:39:53.45","#ZE0445",50.00,68.00,93.00,120.90,"2022-12-20","127590942","WH",4,,,,"",,"ZE0445A1",30045,8002,"2022-12-20","2023-01-20","USD",93.00,100,"3XS:20|2XS:20|XS:20|S:10|M:10|L:10|XL:10"
230446,"2022-09-15 08:39:53.45","#ZE0446",50.00,68.00,93.00,120.90,"2022-12-20","127591054","WH",4,,,,"",,"ZE0446A1",30045,1002,"2022-12-20","2023-01-20","USD",93.00,100,"3XS:20|2XS:20|XS:20|S:10|M:10|L:10|XL:10"
230447,"2022-09-15 08:39:53.45","#ZE0447",50.00,68.00,93.00,120.90,"2022-12-20","127593168","WH",4,,,,"",,"ZE0447A0",30029,3002,"2022-12-20","2023-01-20","USD",93.00,100,"3XS:20|2XS:20|XS:20|S:10|M:10|L:10|XL:10"
230448,"2022-09-15 08:39:53.45","#ZE0448",50.00,68.00,93.00,120.90,"2022-12-20","127593250","WH",4,,,,"",,"ZE0448A1",30045,5002,"2022-12-20","2023-01-20","USD",93.00,100,"3XS:20|2XS:20|XS:20|S:10|M:10|L:10|XL:10"
230449,"2022-09-15 08:39:53.45","#ZE0449",50.00,68.00,93.00,120.90,"2022-12-20","127595437","WH",4,,,,"",,"ZE0449A0",30029,6002,"2022-12-20","2023-01-20","USD",93.00,100,"3XS:20|2XS:20|XS:20|S:10|M:10|L:10|XL:10"
230450,"2022-09-15 08:39:53.45","#ZE0450",50.00,68.00,93.00,120.90,"2022-12-20","127595519","WH",4,,,,"",,"ZE0450A1",30045,8002,"2022-12-20","2023-01-20","USD",93.00,100,"3XS:20|2XS:20|XS:20|S:10|M:10|L:10|XL:10"
230451,"2022-09-15 08:39:53.45","#ZE0451",50.00,68.00,93.00,120.90,"2022-12-20","127597627","WH",4,,,,"",,"ZE0451A1",30045,1002,"2022-12-20","2023-01-20","USD",93.00,100,"3XS:20|2XS:20|XS:20|S:10|M:10|L:10|XL:10"
230452,"2022-09-15 08:39:53.45","#ZE0452",50.00,68.00,93.00,120.90,"2022-12-20","127597707","WH",4,,,,"",,"ZE0452A0",30029,3002,"2022-12-20","2023-01-20","USD",93.00,100,"3XS:20|2XS:20|XS:20|S:10|M:10|L:10|XL:10"
230453,"2022-09-15 08:39:53.45","#ZE0453",50.00,68.00,93.00,120.90,"2022-12-20","127591142","WH",4,,,,"",,"ZE0453A1",30045,5002,"2022-12-20","2023-01-20","USD",93.00,100,"3XS:20|2XS:20|XS:20|S:10|M:10|L:10|XL:10"
230454,"2022-09-15 08:39:53.45","#ZE0454",50.00,68.00,93.00,120.90,"2022-12-20","127591223","WH",4,,,,"",,"ZE0454A0",30029,6002,"2022-12-20","2023-01-20","USD",93.00,100,"3XS:20|2XS:20|XS:20|S:10|M:10|L:10|XL:10"
230455,"2022-09-15 08:39:53.45","#ZE0455",50.00,68.00,93.00,120.90,"2022-12-20","127593332","WH",4,,,,"",,"ZE0455A1",30045,8002,"2022-12-20","2023-01-20","USD",93.00,100,"3XS:20|2XS:20|XS:20|S:10|M:10|L:10|XL:10"
230456,"2022-09-15 08:39:53.45","#ZE0456",50.00,68.00,93.00,120.90,"2022-12-20","127593413","WH",4,,,,"",,"ZE0456A1",30045,1002,"2022-12-20","2023-01-20","USD",93.00,100,"3XS:20|2XS:20|XS:20|S:10|M:10|L:10|XL:10"
230457,"2022-09-15 08:39:53.45","#ZE0457",50.00,68.00,93.00,120.90,"2022-12-20","127595599","WH",4,,,,"",,"ZE0457A0",30029,3002,"2022-12-20","2023-01-20","USD",93.00,100,"3XS:20|2XS:20|XS:20|S:10|M:10|L:10|XL:10"
230458,"2022-09-15 08:39:53.45","#ZE0458",50.00,68.00,93.00,120.90,"2022-12-20","127597787","WH",4,,,,"",,"ZE0458A1",30045,5002,"2022-12-20","2023-01-20","USD",93.00,100,"3XS:20|2XS:20|XS:20|S:10|M:10|L:10|XL:10"
230459,"2022-09-15 08:39:53.45","#ZE0459",50.00,68.00,93.00,120.90,"2022-12-20","127591305","WH",4,,,,"",,"ZE0459A0",30029,6002,"2022-12-20","2023-01-20","USD",93.00,100,"3XS:20|2XS:20|XS:20|S:10|M:10|L:10|XL:10"
230460,"2022-09-15 08:39:53.45","#ZE0460",50.00,68.00,93.00,120.90,"2022-12-20","127591393","WH",4,,,,"",,"ZE0460A1",30045,8002,"2022-12-20","2023-01-20","USD",93.00,100,"3XS:20|2XS:20|XS:20|S:10|M:10|L:10|XL:10"
230461,"2022-09-15 08:39:53.45","#ZE0461",50.00,68.00,93.00,120.90,"2022-12-20","127593497","WH",4,,,,"",,"ZE0461A1",30045,1002,"2022-12-20","2023-01-20","USD",93.00,100,"3XS:20|2XS:20|XS:20|S:10|M:10|L:10|XL:10"
230462,"2022-09-15 08:39:53.45","#ZE0462",50.00,68.00,93.00,120.90,"2022-12-20","127595681","WH",4,,,,"",,"ZE0462A0",30029,3002,"2022-12-20","2023-01-20","USD",93.00,100,"3XS:20|2XS:20|XS:20|S:10|M:10|L:10|XL:10"
230463,"2022-09-15 08:39:53.45","#ZE0463",50.00,68.00,93.00,120.90,"2022-12-20","127595763","WH",4,,,,"",,"ZE0463A1",30045,5002,"2022-12-20","2023-01-20","USD",93.00,100,"3XS:20|2XS:20|XS:20|S:10|M:10|L:10|XL:10"
230464,"2022-09-15 08:39:53.45","#ZE0464",50.00,68.00,93.00,120.90,"2022-12-20","127597867","WH",4,,,,"",,"ZE0464A0",30029,6002,"2022-12-20","2023-01-20","USD",93.00,100,"3XS:20|2XS:20|XS:20|S:10|M:10|L:10|XL:10"
230465,"2022-09-15 08:39:53.45","#ZE0465",50.00,68.00,93.00,120.90,"2022-12-20","127597947","WH",4,,,,"",,"ZE0465A1",30045,8002,"2022-12-20","2023-01-20","USD",93.00,100,"3XS:20|2XS:20|XS:20|S:10|M:10|L:10|XL:10"
230466,"2022-09-15 08:39:53.45","#ZE0466",50.00,68.00,93.00,120.90,"2022-12-20","127591475","WH",4,,,,"",,"ZE0466A1",30045,1002,"2022-12-20","2023-01-20","USD",93.00,100,"3XS:20|2XS:20|XS:20|S:10|M:10|L:10|XL:10"
230467,"2022-09-15 08:39:53.45","#ZE0467",50.00,68.00,93.00,120.90,"2022-12-20","127593579","WH",4,,,,"",,"ZE0467A0",30029,3002,"2022-12-20","2023-01-20","USD",93.00,100,"3XS:20|2XS:20|XS:20|S:10|M:10|L:10|XL:10"
230468,"2022-09-15 08:39:53.45","#ZE0468",50.00,68.00,93.00,120.90,"2022-12-20","127593656","WH",4,,,,"",,"ZE0468A1",30045,5002,"2022-12-20","2023-01-20","USD",93.00,100,"3XS:20|2XS:20|XS:20|S:10|M:10|L:10|XL:10"
230469,"2022-09-15 08:39:53.45","#ZE0469",50.00,68.00,93.00,120.90,"2022-12-20","127595843","WH",4,,,,"",,"ZE0469A0",30029,6002,"2022-12-20","2023-01-20","USD",93.00,100,"3XS:20|2XS:20|XS:20|S:10|M:10|L:10|XL:10"
230470,"2022-09-15 08:39:53.45","#ZE0470",50.00,68.00,93.00,120.90,"2022-12-20","127595924","WH",4,,,,"",,"ZE0470A1",30045,8002,"2022-12-20","2023-01-20","USD",93.00,100,"3XS:20|2XS:20|XS:20|S:10|M:10|L:10|XL:10"
230471,"2022-09-15 08:39:53.45","#ZE0471",50.00,68.00,93.00,120.90,"2022-12-20","127598027","WH",4,,,,"",,"ZE0471A1",30045,1002,"2022-12-20","2023-01-20","USD",93.00,100,"3XS:20|2XS:20|XS:20|S:10|M:10|L:10|XL:10"
230472,"2022-09-15 08:39:53.45","#ZE0472",50.00,68.00,93.00,120.90,"2022-12-20","127598109","WH",4,,,,"",,"ZE0472A0",30029,3002,"2022-12-20","2023-01-20","USD",93.00,100,"3XS:20|2XS:20|XS:20|S:10|M:10|L:10|XL:10"
230473,"2022-09-15 08:39:53.45","#ZE0473",50.00,68.00,93.00,120.90,"2022-12-20","127591555","WH",4,,,,"",,"ZE0473A1",30045,5002,"2022-12-20","2023-01-20","USD",93.00,100,"3XS:20|2XS:20|XS:20|S:10|M:10|L:10|XL:10"
230474,"2022-09-15 08:39:53.45","#ZE0474",50.00,68.00,93.00,120.90,"2022-12-20","127591636","WH",4,,,,"",,"ZE0474A0",30029,6002,"2022-12-20","2023-01-20","USD",93.00,100,"3XS:20|2XS:20|XS:20|S:10|M:10|L:10|XL:10"
230475,"2022-09-15 08:39:53.45","#ZE0475",50.00,68.00,93.00,120.90,"2022-12-20","127593733","WH",4,,,,"",,"ZE0475A1",30045,8002,"2022-12-20","2023-01-20","USD",93.00,100,"3XS:20|2XS:20|XS:20|S:10|M:10|L:10|XL:10"
230476,"2022-09-15 08:39:53.45","#ZE0476",50.00,68.00,93.00,120.90,"2022-12-20","127593812","WH",4,,,,"",,"ZE0476A1",30045,1002,"2022-12-20","2023-01-20","USD",93.00,100,"3XS:20|2XS:20|XS:20|S:10|M:10|L:10|XL:10"
230477,"2022-09-15 08:39:53.45","#ZE0477",50.00,68.00,93.00,120.90,"2022-12-20","127596004","WH",4,,,,"",,"ZE0477A0",30029,3002,"2022-12-20","2023-01-20","USD",93.00,100,"3XS:20|2XS:20|XS:20|S:10|M:10|L:10|XL:10"
230478,"2022-09-15 08:39:53.45","#ZE0478",50.00,68.00,93.00,120.90,"2022-12-20","127596089","WH",4,,,,"",,"ZE0478A1",30045,5002,"2022-12-20","2023-01-20","USD",93.00,100,"3XS:20|2XS:20|XS:20|S:10|M:10|L:10|XL:10"
230479,"2022-09-15 08:39:53.45","#ZE0479",50.00,68.00,93.00,120.90,"2022-12-20","127598190","WH",4,,,,"",,"ZE0479A0",30029,6002,"2022-12-20","2023-01-20","USD",93.00,100,"3XS:20|2XS:20|XS:20|S:10|M:10|L:10|XL:10"
230480,"2022-09-15 08:39:53.45","#ZE0480",50.00,68.00,93.00,120.90,"2022-12-20","127598271","WH",4,,,,"",,"ZE0480A1",30045,8002,"2022-12-20","2023-01-20","USD",93.00,100,"3XS:20|2XS:20|XS:20|S:10|M:10|L:10|XL:10"
230481,"2022-09-15 08:39:53.45","#ZE0481",50.00,68.00,93.00,120.90,"2022-12-20","127591716","WH",4,,,,"",,"ZE0481A1",30045,1002,"2022-12-20","2023-01-20","USD",93.00,100,"3XS:20|2XS:20|XS:20|S:10|M:10|L:10|XL:10"
230482,"2022-09-15 08:39:53.45","#ZE0482",50.00,68.00,93.00,120.90,"2022-12-20","127591796","WH",4,,,,"",,"ZE0482A0",30029,3002,"2022-12-20","2023-01-20","USD",93.00,100,"3XS:20|2XS:20|XS:20|S:10|M:10|L:10|XL:10"
230483,"2022-09-15 08:39:53.45","#ZE0483",50.00,68.00,93.00,120.90,"2022-12-20","127593892","WH",4,,,,"",,"ZE0483A1",30045,5002,"2022-12-20","2023-01-20","USD",93.00,100,"3XS:20|2XS:20|XS:20|S:10|M:10|L:10|XL:10"
230484,"2022-09-15 08:39:53.45","#ZE0484",50.00,68.00,93.00,120.90,"2022-12-20","127593973","WH",4,,,,"",,"ZE0484A0",30029,6002,"2022-12-20","2023-01-20","USD",93.00,100,"3XS:20|2XS:20|XS:20|S:10|M:10|L:10|XL:10"
230485,"2022-09-15 08:39:53.45","#ZE0485",50.00,68.00,93.00,120.90,"2022-12-20","127596180","WH",4,,,,"",,"ZE0485A1",30045,8002,"2022-12-20","2023-01-20","USD",93.00,100,"3XS:20|2XS:20|XS:20|S:10|M:10|L:10|XL:10"
230486,"2022-09-15 08:39:53.45","#ZE0486",50.00,68.00,93.00,120.90,"2022-12-20","127598354","WH",4,,,,"",,"ZE0486A1",30045,1002,"2022-12-20","2023-01-20","USD",93.00,100,"3XS:20|2XS:20|XS:20|S:10|M:10|L:10|XL:10"
230487,"2022-09-15 08:39:53.45","#ZE0487",50.00,68.00,93.00,120.90,"2022-12-20","127591875","WH",4,,,,"",,"ZE0487A0",30029,3002,"2022-12-20","2023-01-20","USD",93.00,100,"3XS:20|2XS:20|XS:20|S:10|M:10|L:10|XL:10"
230488,"2022-09-15 08:39:53.45","#ZE0488",50.00,68.00,93.00,120.90,"2022-12-20","127591956","WH",4,,,,"",,"ZE0488A1",30045,5002,"2022-12-20","2023-01-20","USD",93.00,100,"3XS:20|2XS:20|XS:20|S:10|M:10|L:10|XL:10"
230489,"2022-09-15 08:39:53.45","#ZE0489",50.00,68.00,93.00,120.90,"2022-12-20","127594057","WH",4,,,,"",,"ZE0489A0",30029,6002,"2022-12-20","2023-01-20","USD",93.00,100,"3XS:20|2XS:20|XS:20|S:10|M:10|L:10|XL:10"
230490,"2022-09-15 08:39:53.45","#ZE0490",50.00,68.00,93.00,120.90,"2022-12-20","127596261","WH",4,,,,"",,"ZE0490A1",30045,8002,"2022-12-20","2023-01-20","USD",93.00,100,"3XS:20|2XS:20|XS:20|S:10|M:10|L:10|XL:10"
230491,"2022-09-15 08:39:53.45","#ZE0491",50.00,68.00,93.00,120.90,"2022-12-20","127598442","WH",4,,,,"",,"ZE0491A1",30045,1002,"2022-12-20","2023-01-20","USD",93.00,100,"3XS:20|2XS:20|XS:20|S:10|M:10|L:10|XL:10"
230492,"2022-09-15 08:39:53.45","#ZE0492",50.00,68.00,93.00,120.90,"2022-12-20","127598531","WH",4,,,,"",,"ZE0492A0",30029,3002,"2022-12-20","2023-01-20","USD",93.00,100,"3XS:20|2XS:20|XS:20|S:10|M:10|L:10|XL:10"
230493,"2022-09-15 08:39:53.45","#ZE0493",50.00,68.00,93.00,120.90,"2022-12-20","127594150","WH",4,,,,"",,"ZE0493A1",30045,5002,"2022-12-20","2023-01-20","USD",93.00,100,"3XS:20|2XS:20|XS:20|S:10|M:10|L:10|XL:10"
230494,"2022-09-15 08:39:53.45","#ZE0494",50.00,68.00,93.00,120.90,"2022-12-20","127594236","WH",4,,,,"",,"ZE0494A0",30029,6002,"2022-12-20","2023-01-20","USD",93.00,100,"3XS:20|2XS:20|XS:20|S:10|M:10|L:10|XL:10"
230495,"2022-09-15 08:39:53.45","#ZE0495",50.00,68.00,93.00,120.90,"2022-12-20","127596348","WH",4,,,,"",,"ZE0495A1",30045,8002,"2022-12-20","2023-01-20","USD",93.00,100,"3XS:20|2XS:20|XS:20|S:10|M:10|L:10|XL:10"
230496,"2022-09-15 08:39:53.45","#ZE0496",50.00,68.00,93.00,120.90,"2022-12-20","127596428","WH",4,,,,"",,"ZE0496A1",30045,1002,"2022-12-20","2023-01-20","USD",93.00,100,"3XS:20|2XS:20|XS:20|S:10|M:10|L:10|XL:10"
230497,"2022-09-15 08:39:53.45","#ZE0497",50.00,68.00,93.00,120.90,"2022-12-20","127598617","WH",4,,,,"",,"ZE0497A0",30029,3002,"2022-12-20","2023-01-20","USD",93.00,100,"3XS:20|2XS:20|XS:20|S:10|M:10|L:10|XL:10"
230498,"2022-09-15 08:39:53.45","#ZE0498",50.00,68.00,93.00,120.90,"2022-12-20","127598692","WH",4,,,,"",,"ZE0498A1",30045,5002,"2022-12-20","2023-01-20","USD",93.00,100,"3XS:20|2XS:20|XS:20|S:10|M:10|L:10|XL:10"
230499,"2022-09-15 08:39:53.45","#ZE0499",50.00,68.00,93.00,120.90,"2022-12-20","127592045","WH",4,,,,"",,"ZE0499A0",30029,6002,"2022-12-20","2023-01-20","USD",93.00,100,"3XS:20|2XS:20|XS:20|S:10|M:10|L:10|XL:10"
230500,"2022-09-15 08:39:53.45","#ZE0500",50.00,68.00,93.00,120.90,"2022-12-20","127592132","WH",4,,,,"",,"ZE0500A1",30045,8002,"2022-12-20","2023-01-20","USD",93.00,100,"3XS:20|2XS:20|XS:20|S:10|M:10|L:10|XL:10"
230501,"2022-09-15 08:39:53.45","#ZE0501",50.00,68.00,93.00,120.90,"2022-12-20","127594316","WH",4,,,,"",,"ZE0501A1",30045,1002,"2022-12-20","2023-01-20","USD",93.00,100,"3XS:20|2XS:20|XS:20|S:10|M:10|L:10|XL:10"
230502,"2022-09-15 08:39:53.45","#ZE0502",50.00,68.00,93.00,120.90,"2022-12-20","127594396","WH",4,,,,"",,"ZE0502A0",30029,3002,"2022-12-20","2023-01-20","USD",93.00,100,"3XS:20|2XS:20|XS:20|S:10|M:10|L:10|XL:10"
230503,"2022-09-15 08:39:53.45","#ZE0503",50.00,68.00,93.00,120.90,"2022-12-20","127596508","WH",4,,,,"",,"ZE0503A1",30045,5002,"2022-12-20","2023-01-20","USD",93.00,100,"3XS:20|2XS:20|XS:20|S:10|M:10|L:10|XL:10"
230504,"2022-09-15 08:39:53.45","#ZE0504",50.00,68.00,93.00,120.90,"2022-12-20","127596588","WH",4,,,,"",,"ZE0504A0",30029,6002,"2022-12-20","2023-01-20","USD",93.00,100,"3XS:20|2XS:20|XS:20|S:10|M:10|L:10|XL:10"
230505,"2022-09-15 08:39:53.45","#ZE0505",50.00,68.00,93.00,120.90,"2022-12-20","127598739","WH",4,,,,"",,"ZE0505A1",30045,8002,"2022-12-20","2023-01-20","USD",93.00,100,"3XS:20|2XS:20|XS:20|S:10|M:10|L:10|XL:10"
230506,"2022-09-15 08:39:53.45","#ZE0506",50.00,68.00,93.00,120.90,"2022-12-20","127592213","WH",4,,,,"",,"ZE0506A1",30045,1002,"2022-12-20","2023-01-20","USD",93.00,100,"3XS:20|2XS:20|XS:20|S:10|M:10|L:10|XL:10"
230507,"2022-09-15 08:39:53.45","#ZE0507",50.00,68.00,93.00,120.90,"2022-12-20","127592297","WH",4,,,,"",,"ZE0507A0",30029,3002,"2022-12-20","2023-01-20","USD",93.00,100,"3XS:20|2XS:20|XS:20|S:10|M:10|L:10|XL:10"
230508,"2022-09-15 08:39:53.45","#ZE0508",50.00,68.00,93.00,120.90,"2022-12-20","127594475","WH",4,,,,"",,"ZE0508A1",30045,5002,"2022-12-20","2023-01-20","USD",93.00,100,"3XS:20|2XS:20|XS:20|S:10|M:10|L:10|XL:10"
230509,"2022-09-15 08:39:53.45","#ZE0509",50.00,68.00,93.00,120.90,"2022-12-20","127594555","WH",4,,,,"",,"ZE0509A0",30029,6002,"2022-12-20","2023-01-20","USD",93.00,100,"3XS:20|2XS:20|XS:20|S:10|M:10|L:10|XL:10"
230510,"2022-09-15 08:39:53.45","#ZE0510",50.00,68.00,93.00,120.90,"2022-12-20","127596667","WH",4,,,,"",,"ZE0510A1",30045,8002,"2022-12-20","2023-01-20","USD",93.00,100,"3XS:20|2XS:20|XS:20|S:10|M:10|L:10|XL:10"
230511,"2022-09-15 08:39:53.45","#ZE0511",50.00,68.00,93.00,120.90,"2022-12-20","127592723","WH",4,,,,"",,"ZE0511A1",30045,1002,"2022-12-20","2023-01-20","USD",93.00,100,"3XS:20|2XS:20|XS:20|S:10|M:10|L:10|XL:10"
230512,"2022-09-15 08:39:53.45","#ZE0512",50.00,68.00,93.00,120.90,"2022-12-20","127592803","WH",4,,,,"",,"ZE0512A0",30029,3002,"2022-12-20","2023-01-20","USD",93.00,100,"3XS:20|2XS:20|XS:20|S:10|M:10|L:10|XL:10"
230513,"2022-09-15 08:39:53.45","#ZE0513",50.00,68.00,93.00,120.90,"2022-12-20","127594815","WH",4,,,,"",,"ZE0513A1",30045,5002,"2022-12-20","2023-01-20","USD",93.00,100,"3XS:20|2XS:20|XS:20|S:10|M:10|L:10|XL:10"
230514,"2022-09-15 08:39:53.45","#ZE0514",50.00,68.00,93.00,120.90,"2022-12-20","127594899","WH",4,,,,"",,"ZE0514A0",30029,6002,"2022-12-20","2023-01-20","USD",93.00,100,"3XS:20|2XS:20|XS:20|S:10|M:10|L:10|XL:10"
230515,"2022-09-15 08:39:53.45","#ZE0515",50.00,68.00,93.00,120.90,"2022-12-20","127597088","WH",4,,,,"",,"ZE0515A1",30045,8002,"2022-12-20","2023-01-20","USD",93.00,100,"3XS:20|2XS:20|XS:20|S:10|M:10|L:10|XL:10"
230516,"2022-09-15 08:39:53.45","#ZE0516",50.00,68.00,93.00,120.90,"2022-12-20","127597175","WH",4,,,,"",,"ZE0516A1",30045,1002,"2022-12-20","2023-01-20","USD",93.00,100,"3XS:20|2XS:20|XS:20|S:10|M:10|L:10|XL:10"
230517,"2022-09-15 08:39:53.45","#ZE0517",50.00,68.00,93.00,120.90,"2022-12-20","127594979","WH",4,,,,"",,"ZE0517A0",30029,3002,"2022-12-20","2023-01-20","USD",93.00,100,"3XS:20|2XS:20|XS:20|S:10|M:10|L:10|XL:10"
230518,"2022-09-15 08:39:53.45","#ZE0518",50.00,68.00,93.00,120.90,"2022-12-20","127595060","WH",4,,,,"",,"ZE0518A1",30045,5002,"2022-12-20","2023-01-20","USD",93.00,100,"3XS:20|2XS:20|XS:20|S:10|M:10|L:10|XL:10"
230519,"2022-09-15 08:39:53.45","#ZE0519",50.00,68.00,93.00,120.90,"2022-12-20","127597272","WH",4,,,,"",,"ZE0519A0",30029,6002,"2022-12-20","2023-01-20","USD",93.00,100,"3XS:20|2XS:20|XS:20|S:10|M:10|L:10|XL:10"
230520,"2022-09-15 08:39:53.45","#ZE0520",50.00,68.00,93.00,120.90,"2022-12-20","127591499","WH",4,,,,"",,"ZE0520A1",30045,8002,"2022-12-20","2023-01-20","USD",93.00,100,"3XS:20|2XS:20|XS:20|S:10|M:10|L:10|XL:10"
230521,"2022-09-15 08:39:53.45","#ZE0521",50.00,68.00,93.00,120.90,"2022-12-20","127591582","WH",4,,,,"",,"ZE0521A1",30045,1002,"2022-12-20","2023-01-20","USD",93.00,100,"3XS:20|2XS:20|XS:20|S:10|M:10|L:10|XL:10"
230522,"2022-09-15 08:39:53.45","#ZE0522",50.00,68.00,93.00,120.90,"2022-12-20","127592883","WH",4,,,,"",,"ZE0522A0",30029,3002,"2022-12-20","2023-01-20","USD",93.00,100,"3XS:20|2XS:20|XS:20|S:10|M:10|L:10|XL:10"
230523,"2022-09-15 08:39:53.45","#ZE0523",50.00,68.00,93.00,120.90,"2022-12-20","127592964","WH",4,,,,"",,"ZE0523A1",30045,5002,"2022-12-20","2023-01-20","USD",93.00,100,"3XS:20|2XS:20|XS:20|S:10|M:10|L:10|XL:10"
230524,"2022-09-15 08:39:53.45","#ZE0524",50.00,68.00,93.00,120.90,"2022-12-20","127595143","WH",4,,,,"",,"ZE0524A0",30029,6002,"2022-12-20","2023-01-20","USD",93.00,100,"3XS:20|2XS:20|XS:20|S:10|M:10|L:10|XL:10"
230525,"2022-09-15 08:39:53.45","#ZE0525",50.00,68.00,93.00,120.90,"2022-12-20","127597358","WH",4,,,,"",,"ZE0525A1",30045,8002,"2022-12-20","2023-01-20","USD",93.00,100,"3XS:20|2XS:20|XS:20|S:10|M:10|L:10|XL:10"
230526,"2022-09-15 08:39:53.45","#ZE0526",50.00,68.00,93.00,120.90,"2022-12-20","127597450","WH",4,,,,"",,"ZE0526A1",30045,1002,"2022-12-20","2023-01-20","USD",93.00,100,"3XS:20|2XS:20|XS:20|S:10|M:10|L:10|XL:10"
230527,"2022-09-15 08:39:53.45","#ZE0527",50.00,68.00,93.00,120.90,"2022-12-20","127591667","WH",4,,,,"",,"ZE0527A0",30029,3002,"2022-12-20","2023-01-20","USD",93.00,100,"3XS:20|2XS:20|XS:20|S:10|M:10|L:10|XL:10"
230528,"2022-09-15 08:39:53.45","#ZE0528",50.00,68.00,93.00,120.90,"2022-12-20","127593049","WH",4,,,,"",,"ZE0528A1",30045,5002,"2022-12-20","2023-01-20","USD",93.00,100,"3XS:20|2XS:20|XS:20|S:10|M:10|L:10|XL:10"
230529,"2022-09-15 08:39:53.45","#ZE0529",50.00,68.00,93.00,120.90,"2022-12-20","127595231","WH",4,,,,"",,"ZE0529A0",30029,6002,"2022-12-20","2023-01-20","USD",93.00,100,"3XS:20|2XS:20|XS:20|S:10|M:10|L:10|XL:10"
230530,"2022-09-15 08:39:53.45","#ZE0530",50.00,68.00,93.00,120.90,"2022-12-20","127595320","WH",4,,,,"",,"ZE0530A1",30045,8002,"2022-12-20","2023-01-20","USD",93.00,100,"3XS:20|2XS:20|XS:20|S:10|M:10|L:10|XL:10"
230531,"2022-09-15 08:39:53.45","#ZE0531",50.00,68.00,93.00,120.90,"2022-12-20","127597532","WH",4,,,,"",,"ZE0531A1",30045,1002,"2022-12-20","2023-01-20","USD",93.00,100,"3XS:20|2XS:20|XS:20|S:10|M:10|L:10|XL:10"
230532,"2022-09-15 08:39:53.45","#ZE0532",50.00,68.00,93.00,120.90,"2022-12-20","127597612","WH",4,,,,"",,"ZE0532A0",30029,3002,"2022-12-20","2023-01-20","USD",93.00,100,"3XS:20|2XS:20|XS:20|S:10|M:10|L:10|XL:10"
230533,"2022-09-15 08:39:53.45","#ZE0533",50.00,68.00,93.00,120.90,"2022-12-20","127591757","WH",4,,,,"",,"ZE0533A1",30045,5002,"2022-12-20","2023-01-20","USD",93.00,100,"3XS:20|2XS:20|XS:20|S:10|M:10|L:10|XL:10"
230534,"2022-09-15 08:39:53.45","#ZE0534",50.00,68.00,93.00,120.90,"2022-12-20","127593140","WH",4,,,,"",,"ZE0534A0",30029,6002,"2022-12-20","2023-01-20","USD",93.00,100,"3XS:20|2XS:20|XS:20|S:10|M:10|L:10|XL:10"
230535,"2022-09-15 08:39:53.45","#ZE0535",50.00,68.00,93.00,120.90,"2022-12-20","127593227","WH",4,,,,"",,"ZE0535A1",30045,8002,"2022-12-20","2023-01-20","USD",93.00,100,"3XS:20|2XS:20|XS:20|S:10|M:10|L:10|XL:10"
230536,"2022-09-15 08:39:53.45","#ZE0536",50.00,68.00,93.00,120.90,"2022-12-20","127595408","WH",4,,,,"",,"ZE0536A1",30045,1002,"2022-12-20","2023-01-20","USD",93.00,100,"3XS:20|2XS:20|XS:20|S:10|M:10|L:10|XL:10"
230537,"2022-09-15 08:39:53.45","#ZE0537",50.00,68.00,93.00,120.90,"2022-12-20","127595491","WH",4,,,,"",,"ZE0537A0",30029,3002,"2022-12-20","2023-01-20","USD",93.00,100,"3XS:20|2XS:20|XS:20|S:10|M:10|L:10|XL:10"
230538,"2022-09-15 08:39:53.45","#ZE0538",50.00,68.00,93.00,120.90,"2022-12-20","127597692","WH",4,,,,"",,"ZE0538A1",30045,5002,"2022-12-20","2023-01-20","USD",93.00,100,"3XS:20|2XS:20|XS:20|S:10|M:10|L:10|XL:10"
230539,"2022-09-15 08:39:53.45","#ZE0539",50.00,68.00,93.00,120.90,"2022-12-20","127597772","WH",4,,,,"",,"ZE0539A0",30029,6002,"2022-12-20","2023-01-20","USD",93.00,100,"3XS:20|2XS:20|XS:20|S:10|M:10|L:10|XL:10"
230540,"2022-09-15 08:39:53.45","#ZE0540",50.00,68.00,93.00,120.90,"2022-12-20","127591835","WH",4,,,,"",,"ZE0540A1",30045,8002,"2022-12-20","2023-01-20","USD",93.00,100,"3XS:20|2XS:20|XS:20|S:10|M:10|L:10|XL:10"
230541,"2022-09-15 08:39:53.45","#ZE0541",50.00,68.00,93.00,120.90,"2022-12-20","127591917","WH",4,,,,"",,"ZE0541A1",30045,1002,"2022-12-20","2023-01-20","USD",93.00,100,"3XS:20|2XS:20|XS:20|S:10|M:10|L:10|XL:10"
230542,"2022-09-15 08:39:53.45","#ZE0542",50.00,68.00,93.00,120.90,"2022-12-20","127593307","WH",4,,,,"",,"ZE0542A0",30029,3002,"2022-12-20","2023-01-20","USD",93.00,100,"3XS:20|2XS:20|XS:20|S:10|M:10|L:10|XL:10"
230543,"2022-09-15 08:39:53.45","#ZE0543",50.00,68.00,93.00,120.90,"2022-12-20","127593387","WH",4,,,,"",,"ZE0543A1",30045,5002,"2022-12-20","2023-01-20","USD",93.00,100,"3XS:20|2XS:20|XS:20|S:10|M:10|L:10|XL:10"
230544,"2022-09-15 08:39:53.45","#ZE0544",50.00,68.00,93.00,120.90,"2022-12-20","127595572","WH",4,,,,"",,"ZE0544A0",30029,6002,"2022-12-20","2023-01-20","USD",93.00,100,"3XS:20|2XS:20|XS:20|S:10|M:10|L:10|XL:10"
230545,"2022-09-15 08:39:53.45","#ZE0545",50.00,68.00,93.00,120.90,"2022-12-20","127595652","WH",4,,,,"",,"ZE0545A1",30045,8002,"2022-12-20","2023-01-20","USD",93.00,100,"3XS:20|2XS:20|XS:20|S:10|M:10|L:10|XL:10"
230546,"2022-09-15 08:39:53.45","#ZE0546",50.00,68.00,93.00,120.90,"2022-12-20","127593467","WH",4,,,,"",,"ZE0546A1",30045,1002,"2022-12-20","2023-01-20","USD",93.00,100,"3XS:20|2XS:20|XS:20|S:10|M:10|L:10|XL:10"
230547,"2022-09-15 08:39:53.45","#ZE0547",50.00,68.00,93.00,120.90,"2022-12-20","127593547","WH",4,,,,"",,"ZE0547A0",30029,3002,"2022-12-20","2023-01-20","USD",93.00,100,"3XS:20|2XS:20|XS:20|S:10|M:10|L:10|XL:10"
230548,"2022-09-15 08:39:53.45","#ZE0548",50.00,68.00,93.00,120.90,"2022-12-20","127595732","WH",4,,,,"",,"ZE0548A1",30045,5002,"2022-12-20","2023-01-20","USD",93.00,100,"3XS:20|2XS:20|XS:20|S:10|M:10|L:10|XL:10"
230549,"2022-09-15 08:39:53.45","#ZE0549",50.00,68.00,93.00,120.90,"2022-12-20","127591997","WH",4,,,,"",,"ZE0549A0",30029,6002,"2022-12-20","2023-01-20","USD",93.00,100,"3XS:20|2XS:20|XS:20|S:10|M:10|L:10|XL:10"
230550,"2022-09-15 08:39:53.45","#ZE0550",50.00,68.00,93.00,120.90,"2022-12-20","127593627","WH",4,,,,"",,"ZE0550A1",30045,8002,"2022-12-20","2023-01-20","USD",93.00,100,"3XS:20|2XS:20|XS:20|S:10|M:10|L:10|XL:10"
230551,"2022-09-15 08:39:53.45","#ZE0551",50.00,68.00,93.00,120.90,"2022-12-20","127595812","WH",4,,,,"",,"ZE0551A1",30045,1002,"2022-12-20","2023-01-20","USD",93.00,100,"3XS:20|2XS:20|XS:20|S:10|M:10|L:10|XL:10"
230552,"2022-09-15 08:39:53.45","#ZE0552",50.00,68.00,93.00,120.90,"2022-12-20","127595892","WH",4,,,,"",,"ZE0552A0",30029,3002,"2022-12-20","2023-01-20","USD",93.00,100,"3XS:20|2XS:20|XS:20|S:10|M:10|L:10|XL:10"
230553,"2022-09-15 08:39:53.45","#ZE0553",50.00,68.00,93.00,120.90,"2022-12-20","127593707","WH",4,,,,"",,"ZE0553A1",30045,5002,"2022-12-20","2023-01-20","USD",93.00,100,"3XS:20|2XS:20|XS:20|S:10|M:10|L:10|XL:10"
230554,"2022-09-15 08:39:53.45","#ZE0554",50.00,68.00,93.00,120.90,"2022-12-20","127593787","WH",4,,,,"",,"ZE0554A0",30029,6002,"2022-12-20","2023-01-20","USD",93.00,100,"3XS:20|2XS:20|XS:20|S:10|M:10|L:10|XL:10"
230555,"2022-09-15 08:39:53.45","#ZE0555",50.00,68.00,93.00,120.90,"2022-12-20","127595972","WH",4,,,,"",,"ZE0555A1",30045,8002,"2022-12-20","2023-01-20","USD",93.00,100,"3XS:20|2XS:20|XS:20|S:10|M:10|L:10|XL:10"
230556,"2022-09-15 08:39:53.45","#ZE0556",50.00,68.00,93.00,120.90,"2022-12-20","127596052","WH",4,,,,"",,"ZE0556A1",30045,1002,"2022-12-20","2023-01-20","USD",93.00,100,"3XS:20|2XS:20|XS:20|S:10|M:10|L:10|XL:10"
230557,"2022-09-15 08:39:53.45","#ZE0557",50.00,68.00,93.00,120.90,"2022-12-20","127593867","WH",4,,,,"",,"ZE0557A0",30029,3002,"2022-12-20","2023-01-20","USD",93.00,100,"3XS:20|2XS:20|XS:20|S:10|M:10|L:10|XL:10"
230558,"2022-09-15 08:39:53.45","#ZE0558",50.00,68.00,93.00,120.90,"2022-12-20","127593948","WH",4,,,,"",,"ZE0558A1",30045,5002,"2022-12-20","2023-01-20","USD",93.00,100,"3XS:20|2XS:20|XS:20|S:10|M:10|L:10|XL:10"
230559,"2022-09-15 08:39:53.45","#ZE0559",50.00,68.00,93.00,120.90,"2022-12-20","127596132","WH",4,,,,"",,"ZE0559A0",30029,6002,"2022-12-20","2023-01-20","USD",93.00,100,"3XS:20|2XS:20|XS:20|S:10|M:10|L:10|XL:10"
230560,"2022-09-15 08:39:53.45","#ZE0560",50.00,68.00,93.00,120.90,"2022-12-20","127592079","WH",4,,,,"",,"ZE0560A1",30045,8002,"2022-12-20","2023-01-20","USD",93.00,100,"3XS:20|2XS:20|XS:20|S:10|M:10|L:10|XL:10"
230561,"2022-09-15 08:39:53.45","#ZE0561",50.00,68.00,93.00,120.90,"2022-12-20","127594028","WH",4,,,,"",,"ZE0561A1",30045,1002,"2022-12-20","2023-01-20","USD",93.00,100,"3XS:20|2XS:20|XS:20|S:10|M:10|L:10|XL:10"
230562,"2022-09-15 08:39:53.45","#ZE0562",50.00,68.00,93.00,120.90,"2022-12-20","127596212","WH",4,,,,"",,"ZE0562A0",30029,3002,"2022-12-20","2023-01-20","USD",93.00,100,"3XS:20|2XS:20|XS:20|S:10|M:10|L:10|XL:10"
230563,"2022-09-15 08:39:53.45","#ZE0563",50.00,68.00,93.00,120.90,"2022-12-20","127596291","WH",4,,,,"",,"ZE0563A1",30045,5002,"2022-12-20","2023-01-20","USD",93.00,100,"3XS:20|2XS:20|XS:20|S:10|M:10|L:10|XL:10"
230564,"2022-09-15 08:39:53.45","#ZE0564",50.00,68.00,93.00,120.90,"2022-12-20","127592162","WH",4,,,,"",,"ZE0564A0",30029,6002,"2022-12-20","2023-01-20","USD",93.00,100,"3XS:20|2XS:20|XS:20|S:10|M:10|L:10|XL:10"
230565,"2022-09-15 08:39:53.45","#ZE0565",50.00,68.00,93.00,120.90,"2022-12-20","127594108","WH",4,,,,"",,"ZE0565A1",30045,8002,"2022-12-20","2023-01-20","USD",93.00,100,"3XS:20|2XS:20|XS:20|S:10|M:10|L:10|XL:10"
230566,"2022-09-15 08:39:53.45","#ZE0566",50.00,68.00,93.00,120.90,"2022-12-20","127594184","WH",4,,,,"",,"ZE0566A1",30045,1002,"2022-12-20","2023-01-20","USD",93.00,100,"3XS:20|2XS:20|XS:20|S:10|M:10|L:10|XL:10"
230567,"2022-09-15 08:39:53.45","#ZE0567",50.00,68.00,93.00,120.90,"2022-12-20","127596370","WH",4,,,,"",,"ZE0567A0",30029,3002,"2022-12-20","2023-01-20","USD",93.00,100,"3XS:20|2XS:20|XS:20|S:10|M:10|L:10|XL:10"
230568,"2022-09-15 08:39:53.45","#ZE0568",50.00,68.00,93.00,120.90,"2022-12-20","127596445","WH",4,,,,"",,"ZE0568A1",30045,5002,"2022-12-20","2023-01-20","USD",93.00,100,"3XS:20|2XS:20|XS:20|S:10|M:10|L:10|XL:10"
230569,"2022-09-15 08:39:53.45","#ZE0569",50.00,68.00,93.00,120.90,"2022-12-20","127592241","WH",4,,,,"",,"ZE0569A0",30029,6002,"2022-12-20","2023-01-20","USD",93.00,100,"3XS:20|2XS:20|XS:20|S:10|M:10|L:10|XL:10"
230570,"2022-09-15 08:39:53.45","#ZE0570",50.00,68.00,93.00,120.90,"2022-12-20","127592324","WH",4,,,,"",,"ZE0570A1",30045,8002,"2022-12-20","2023-01-20","USD",93.00,100,"3XS:20|2XS:20|XS:20|S:10|M:10|L:10|XL:10"
230571,"2022-09-15 08:39:53.45","#ZE0571",50.00,68.00,93.00,120.90,"2022-12-20","127594261","WH",4,,,,"",,"ZE0571A1",30045,1002,"2022-12-20","2023-01-20","USD",93.00,100,"3XS:20|2XS:20|XS:20|S:10|M:10|L:10|XL:10"
230572,"2022-09-15 08:39:53.45","#ZE0572",50.00,68.00,93.00,120.90,"2022-12-20","127594338","WH",4,,,,"",,"ZE0572A0",30029,3002,"2022-12-20","2023-01-20","USD",93.00,100,"3XS:20|2XS:20|XS:20|S:10|M:10|L:10|XL:10"
230573,"2022-09-15 08:39:53.45","#ZE0573",50.00,68.00,93.00,120.90,"2022-12-20","127596524","WH",4,,,,"",,"ZE0573A1",30045,5002,"2022-12-20","2023-01-20","USD",93.00,100,"3XS:20|2XS:20|XS:20|S:10|M:10|L:10|XL:10"
230574,"2022-09-15 08:39:53.45","#ZE0574",50.00,68.00,93.00,120.90,"2022-12-20","127596604","WH",4,,,,"",,"ZE0574A0",30029,6002,"2022-12-20","2023-01-20","USD",93.00,100,"3XS:20|2XS:20|XS:20|S:10|M:10|L:10|XL:10"
230575,"2022-09-15 08:39:53.45","#ZE0575",50.00,68.00,93.00,120.90,"2022-12-20","127592403","WH",4,,,,"",,"ZE0575A1",30045,8002,"2022-12-20","2023-01-20","USD",93.00,100,"3XS:20|2XS:20|XS:20|S:10|M:10|L:10|XL:10"
230576,"2022-09-15 08:39:53.45","#ZE0576",50.00,68.00,93.00,120.90,"2022-12-20","127594415","WH",4,,,,"",,"ZE0576A1",30045,1002,"2022-12-20","2023-01-20","USD",93.00,100,"3XS:20|2XS:20|XS:20|S:10|M:10|L:10|XL:10"
230577,"2022-09-15 08:39:53.45","#ZE0577",50.00,68.00,93.00,120.90,"2022-12-20","127594493","WH",4,,,,"",,"ZE0577A0",30029,3002,"2022-12-20","2023-01-20","USD",93.00,100,"3XS:20|2XS:20|XS:20|S:10|M:10|L:10|XL:10"
230578,"2022-09-15 08:39:53.45","#ZE0578",50.00,68.00,93.00,120.90,"2022-12-20","127596683","WH",4,,,,"",,"ZE0578A1",30045,5002,"2022-12-20","2023-01-20","USD",93.00,100,"3XS:20|2XS:20|XS:20|S:10|M:10|L:10|XL:10"
230579,"2022-09-15 08:39:53.45","#ZE0579",50.00,68.00,93.00,120.90,"2022-12-20","127592483","WH",4,,,,"",,"ZE0579A0",30029,6002,"2022-12-20","2023-01-20","USD",93.00,100,"3XS:20|2XS:20|XS:20|S:10|M:10|L:10|XL:10"
230580,"2022-09-15 08:39:53.45","#ZE0580",50.00,68.00,93.00,120.90,"2022-12-20","127594574","WH",4,,,,"",,"ZE0580A1",30045,8002,"2022-12-20","2023-01-20","USD",93.00,100,"3XS:20|2XS:20|XS:20|S:10|M:10|L:10|XL:10"
230581,"2022-09-15 08:39:53.45","#ZE0581",50.00,68.00,93.00,120.90,"2022-12-20","127596763","WH",4,,,,"",,"ZE0581A1",30045,1002,"2022-12-20","2023-01-20","USD",93.00,100,"3XS:20|2XS:20|XS:20|S:10|M:10|L:10|XL:10"
230582,"2022-09-15 08:39:53.45","#ZE0582",50.00,68.00,93.00,120.90,"2022-12-20","127596844","WH",4,,,,"",,"ZE0582A0",30029,3002,"2022-12-20","2023-01-20","USD",93.00,100,"3XS:20|2XS:20|XS:20|S:10|M:10|L:10|XL:10"
230583,"2022-09-15 08:39:53.45","#ZE0583",50.00,68.00,93.00,120.90,"2022-12-20","127592563","WH",4,,,,"",,"ZE0583A1",30045,5002,"2022-12-20","2023-01-20","USD",93.00,100,"3XS:20|2XS:20|XS:20|S:10|M:10|L:10|XL:10"
230584,"2022-09-15 08:39:53.45","#ZE0584",50.00,68.00,93.00,120.90,"2022-12-20","127592643","WH",4,,,,"",,"ZE0584A0",30029,6002,"2022-12-20","2023-01-20","USD",93.00,100,"3XS:20|2XS:20|XS:20|S:10|M:10|L:10|XL:10"
230585,"2022-09-15 08:39:53.45","#ZE0585",50.00,68.00,93.00,120.90,"2022-12-20","127594658","WH",4,,,,"",,"ZE0585A1",30045,8002,"2022-12-20","2023-01-20","USD",93.00,100,"3XS:20|2XS:20|XS:20|S:10|M:10|L:10|XL:10"
230586,"2022-09-15 08:39:53.45","#ZE0586",50.00,68.00,93.00,120.90,"2022-12-20","127594738","WH",4,,,,"",,"ZE0586A1",30045,1002,"2022-12-20","2023-01-20","USD",93.00,100,"3XS:20|2XS:20|XS:20|S:10|M:10|L:10|XL:10"
230587,"2022-09-15 08:39:53.45","#ZE0587",50.00,68.00,93.00,120.90,"2022-12-20","127596924","WH",4,,,,"",,"ZE0587A0",30029,3002,"2022-12-20","2023-01-20","USD",93.00,100,"3XS:20|2XS:20|XS:20|S:10|M:10|L:10|XL:10"
230588,"2022-09-15 08:39:53.45","#ZE0588",50.00,68.00,93.00,120.90,"2022-12-20","127597005","WH",4,,,,"",,"ZE0588A1",30045,5002,"2022-12-20","2023-01-20","USD",93.00,100,"3XS:20|2XS:20|XS:20|S:10|M:10|L:10|XL:10"
230589,"2022-09-15 08:39:53.45","#ZE0589",50.00,68.00,93.00,120.90,"2022-12-20","127591591","WH",4,,,,"",,"ZE0589A0",30029,6002,"2022-12-20","2023-01-20","USD",93.00,100,"3XS:20|2XS:20|XS:20|S:10|M:10|L:10|XL:10"
230590,"2022-09-15 08:39:53.45","#ZE0590",50.00,68.00,93.00,120.90,"2022-12-20","127593708","WH",4,,,,"",,"ZE0590A1",30045,8002,"2022-12-20","2023-01-20","USD",93.00,100,"3XS:20|2XS:20|XS:20|S:10|M:10|L:10|XL:10"
230591,"2022-09-15 08:39:53.45","#ZE0591",50.00,68.00,93.00,120.90,"2022-12-20","127593788","WH",4,,,,"",,"ZE0591A1",30045,1002,"2022-12-20","2023-01-20","USD",93.00,100,"3XS:20|2XS:20|XS:20|S:10|M:10|L:10|XL:10"
230592,"2022-09-15 08:39:53.45","#ZE0592",50.00,68.00,93.00,120.90,"2022-12-20","127595907","WH",4,,,,"",,"ZE0592A0",30029,3002,"2022-12-20","2023-01-20","USD",93.00,100,"3XS:20|2XS:20|XS:20|S:10|M:10|L:10|XL:10"
230593,"2022-09-15 08:39:53.45","#ZE0593",50.00,68.00,93.00,120.90,"2022-12-20","127595987","WH",4,,,,"",,"ZE0593A1",30045,5002,"2022-12-20","2023-01-20","USD",93.00,100,"3XS:20|2XS:20|XS:20|S:10|M:10|L:10|XL:10"
230594,"2022-09-15 08:39:53.45","#ZE0594",50.00,68.00,93.00,120.90,"2022-12-20","127598107","WH",4,,,,"",,"ZE0594A0",30029,6002,"2022-12-20","2023-01-20","USD",93.00,100,"3XS:20|2XS:20|XS:20|S:10|M:10|L:10|XL:10"
230595,"2022-09-15 08:39:53.45","#ZE0595",50.00,68.00,93.00,120.90,"2022-12-20","127598187","WH",4,,,,"",,"ZE0595A1",30045,8002,"2022-12-20","2023-01-20","USD",93.00,100,"3XS:20|2XS:20|XS:20|S:10|M:10|L:10|XL:10"
230596,"2022-09-15 08:39:53.45","#ZE0596",50.00,68.00,93.00,120.90,"2022-12-20","127591671","WH",4,,,,"",,"ZE0596A1",30045,1002,"2022-12-20","2023-01-20","USD",93.00,100,"3XS:20|2XS:20|XS:20|S:10|M:10|L:10|XL:10"
230597,"2022-09-15 08:39:53.45","#ZE0597",50.00,68.00,93.00,120.90,"2022-12-20","127591750","WH",4,,,,"",,"ZE0597A0",30029,3002,"2022-12-20","2023-01-20","USD",93.00,100,"3XS:20|2XS:20|XS:20|S:10|M:10|L:10|XL:10"
230598,"2022-09-15 08:39:53.45","#ZE0598",50.00,68.00,93.00,120.90,"2022-12-20","127593868","WH",4,,,,"",,"ZE0598A1",30045,5002,"2022-12-20","2023-01-20","USD",93.00,100,"3XS:20|2XS:20|XS:20|S:10|M:10|L:10|XL:10"
230599,"2022-09-15 08:39:53.45","#ZE0599",50.00,68.00,93.00,120.90,"2022-12-20","127593947","WH",4,,,,"",,"ZE0599A0",30029,6002,"2022-12-20","2023-01-20","USD",93.00,100,"3XS:20|2XS:20|XS:20|S:10|M:10|L:10|XL:10"
230600,"2022-09-15 08:39:53.45","#ZE0600",50.00,68.00,93.00,120.90,"2022-12-20","127596065","WH",4,,,,"",,"ZE0600A1",30045,8002,"2022-12-20","2023-01-20","USD",93.00,100,"3XS:20|2XS:20|XS:20|S:10|M:10|L:10|XL:10"
230601,"2022-09-15 08:39:53.45","#ZE0601",50.00,68.00,93.00,120.90,"2022-12-20","127596140","WH",4,,,,"",,"ZE0601A1",30045,1002,"2022-12-20","2023-01-20","USD",93.00,100,"3XS:20|2XS:20|XS:20|S:10|M:10|L:10|XL:10"
230602,"2022-09-15 08:39:53.45","#ZE0602",50.00,68.00,93.00,120.90,"2022-12-20","127598267","WH",4,,,,"",,"ZE0602A0",30029,3002,"2022-12-20","2023-01-20","USD",93.00,100,"3XS:20|2XS:20|XS:20|S:10|M:10|L:10|XL:10"
230603,"2022-09-15 08:39:53.45","#ZE0603",50.00,68.00,93.00,120.90,"2022-12-20","127591837","WH",4,,,,"",,"ZE0603A1",30045,5002,"2022-12-20","2023-01-20","USD",93.00,100,"3XS:20|2XS:20|XS:20|S:10|M:10|L:10|XL:10"
230604,"2022-09-15 08:39:53.45","#ZE0604",50.00,68.00,93.00,120.90,"2022-12-20","127591916","WH",4,,,,"",,"ZE0604A0",30029,6002,"2022-12-20","2023-01-20","USD",93.00,100,"3XS:20|2XS:20|XS:20|S:10|M:10|L:10|XL:10"
230605,"2022-09-15 08:39:53.45","#ZE0605",50.00,68.00,93.00,120.90,"2022-12-20","127594027","WH",4,,,,"",,"ZE0605A1",30045,8002,"2022-12-20","2023-01-20","USD",93.00,100,"3XS:20|2XS:20|XS:20|S:10|M:10|L:10|XL:10"
230606,"2022-09-15 08:39:53.45","#ZE0606",50.00,68.00,93.00,120.90,"2022-12-20","127594104","WH",4,,,,"",,"ZE0606A1",30045,1002,"2022-12-20","2023-01-20","USD",93.00,100,"3XS:20|2XS:20|XS:20|S:10|M:10|L:10|XL:10"
230607,"2022-09-15 08:39:53.45","#ZE0607",50.00,68.00,93.00,120.90,"2022-12-20","127596215","WH",4,,,,"",,"ZE0607A0",30029,3002,"2022-12-20","2023-01-20","USD",93.00,100,"3XS:20|2XS:20|XS:20|S:10|M:10|L:10|XL:10"
230608,"2022-09-15 08:39:53.45","#ZE0608",50.00,68.00,93.00,120.90,"2022-12-20","127598347","WH",4,,,,"",,"ZE0608A1",30045,5002,"2022-12-20","2023-01-20","USD",93.00,100,"3XS:20|2XS:20|XS:20|S:10|M:10|L:10|XL:10"
230609,"2022-09-15 08:39:53.45","#ZE0609",50.00,68.00,93.00,120.90,"2022-12-20","127598427","WH",4,,,,"",,"ZE0609A0",30029,6002,"2022-12-20","2023-01-20","USD",93.00,100,"3XS:20|2XS:20|XS:20|S:10|M:10|L:10|XL:10"
230610,"2022-09-15 08:39:53.45","#ZE0610",50.00,68.00,93.00,120.90,"2022-12-20","127591996","WH",4,,,,"",,"ZE0610A1",30045,8002,"2022-12-20","2023-01-20","USD",93.00,100,"3XS:20|2XS:20|XS:20|S:10|M:10|L:10|XL:10"
230611,"2022-09-15 08:39:53.45","#ZE0611",50.00,68.00,93.00,120.90,"2022-12-20","127592074","WH",4,,,,"",,"ZE0611A1",30045,1002,"2022-12-20","2023-01-20","USD",93.00,100,"3XS:20|2XS:20|XS:20|S:10|M:10|L:10|XL:10"
230612,"2022-09-15 08:39:53.45","#ZE0612",50.00,68.00,93.00,120.90,"2022-12-20","127594180","WH",4,,,,"",,"ZE0612A0",30029,3002,"2022-12-20","2023-01-20","USD",93.00,100,"3XS:20|2XS:20|XS:20|S:10|M:10|L:10|XL:10"
230613,"2022-09-15 08:39:53.45","#ZE0613",50.00,68.00,93.00,120.90,"2022-12-20","127596294","WH",4,,,,"",,"ZE0613A1",30045,5002,"2022-12-20","2023-01-20","USD",93.00,100,"3XS:20|2XS:20|XS:20|S:10|M:10|L:10|XL:10"
230614,"2022-09-15 08:39:53.45","#ZE0614",50.00,68.00,93.00,120.90,"2022-12-20","127596374","WH",4,,,,"",,"ZE0614A0",30029,6002,"2022-12-20","2023-01-20","USD",93.00,100,"3XS:20|2XS:20|XS:20|S:10|M:10|L:10|XL:10"
230615,"2022-09-15 08:39:53.45","#ZE0615",50.00,68.00,93.00,120.90,"2022-12-20","127598509","WH",4,,,,"",,"ZE0615A1",30045,8002,"2022-12-20","2023-01-20","USD",93.00,100,"3XS:20|2XS:20|XS:20|S:10|M:10|L:10|XL:10"
230616,"2022-09-15 08:39:53.45","#ZE0616",50.00,68.00,93.00,120.90,"2022-12-20","127598589","WH",4,,,,"",,"ZE0616A1",30045,1002,"2022-12-20","2023-01-20","USD",93.00,100,"3XS:20|2XS:20|XS:20|S:10|M:10|L:10|XL:10"
230617,"2022-09-15 08:39:53.45","#ZE0617",50.00,68.00,93.00,120.90,"2022-12-20","127590774","WH",4,,,,"",,"ZE0617A0",30029,3002,"2022-12-20","2023-01-20","USD",93.00,100,"3XS:20|2XS:20|XS:20|S:10|M:10|L:10|XL:10"
230618,"2022-09-15 08:39:53.45","#ZE0618",50.00,68.00,93.00,120.90,"2022-12-20","127590855","WH",4,,,,"",,"ZE0618A1",30045,5002,"2022-12-20","2023-01-20","USD",93.00,100,"3XS:20|2XS:20|XS:20|S:10|M:10|L:10|XL:10"
230619,"2022-09-15 08:39:53.45","#ZE0619",50.00,68.00,93.00,120.90,"2022-12-20","127592149","WH",4,,,,"",,"ZE0619A0",30029,6002,"2022-12-20","2023-01-20","USD",93.00,100,"3XS:20|2XS:20|XS:20|S:10|M:10|L:10|XL:10"
230620,"2022-09-15 08:39:53.45","#ZE0620",50.00,68.00,93.00,120.90,"2022-12-20","127594258","WH",4,,,,"",,"ZE0620A1",30045,8002,"2022-12-20","2023-01-20","USD",93.00,100,"3XS:20|2XS:20|XS:20|S:10|M:10|L:10|XL:10"
230621,"2022-09-15 08:39:53.45","#ZE0621",50.00,68.00,93.00,120.90,"2022-12-20","127594332","WH",4,,,,"",,"ZE0621A1",30045,1002,"2022-12-20","2023-01-20","USD",93.00,100,"3XS:20|2XS:20|XS:20|S:10|M:10|L:10|XL:10"
230622,"2022-09-15 08:39:53.45","#ZE0622",50.00,68.00,93.00,120.90,"2022-12-20","127596452","WH",4,,,,"",,"ZE0622A0",30029,3002,"2022-12-20","2023-01-20","USD",93.00,100,"3XS:20|2XS:20|XS:20|S:10|M:10|L:10|XL:10"
230623,"2022-09-15 08:39:53.45","#ZE0623",50.00,68.00,93.00,120.90,"2022-12-20","127596529","WH",4,,,,"",,"ZE0623A1",30045,5002,"2022-12-20","2023-01-20","USD",93.00,100,"3XS:20|2XS:20|XS:20|S:10|M:10|L:10|XL:10"
230624,"2022-09-15 08:39:53.45","#ZE0624",50.00,68.00,93.00,120.90,"2022-12-20","127598669","WH",4,,,,"",,"ZE0624A0",30029,6002,"2022-12-20","2023-01-20","USD",93.00,100,"3XS:20|2XS:20|XS:20|S:10|M:10|L:10|XL:10"
230625,"2022-09-15 08:39:53.45","#ZE0625",50.00,68.00,93.00,120.90,"2022-12-20","127598731","WH",4,,,,"",,"ZE0625A1",30045,8002,"2022-12-20","2023-01-20","USD",93.00,100,"3XS:20|2XS:20|XS:20|S:10|M:10|L:10|XL:10"
230626,"2022-09-15 08:39:53.45","#ZE0626",50.00,68.00,93.00,120.90,"2022-12-20","127592228","WH",4,,,,"",,"ZE0626A1",30045,1002,"2022-12-20","2023-01-20","USD",93.00,100,"3XS:20|2XS:20|XS:20|S:10|M:10|L:10|XL:10"
230627,"2022-09-15 08:39:53.45","#ZE0627",50.00,68.00,93.00,120.90,"2022-12-20","127592307","WH",4,,,,"",,"ZE0627A0",30029,3002,"2022-12-20","2023-01-20","USD",93.00,100,"3XS:20|2XS:20|XS:20|S:10|M:10|L:10|XL:10"
230628,"2022-09-15 08:39:53.45","#ZE0628",50.00,68.00,93.00,120.90,"2022-12-20","127594412","WH",4,,,,"",,"ZE0628A1",30045,5002,"2022-12-20","2023-01-20","USD",93.00,100,"3XS:20|2XS:20|XS:20|S:10|M:10|L:10|XL:10"
230629,"2022-09-15 08:39:53.45","#ZE0629",50.00,68.00,93.00,120.90,"2022-12-20","127594491","WH",4,,,,"",,"ZE0629A0",30029,6002,"2022-12-20","2023-01-20","USD",93.00,100,"3XS:20|2XS:20|XS:20|S:10|M:10|L:10|XL:10"
230630,"2022-09-15 08:39:53.45","#ZE0630",50.00,68.00,93.00,120.90,"2022-12-20","127596605","WH",4,,,,"",,"ZE0630A1",30045,8002,"2022-12-20","2023-01-20","USD",93.00,100,"3XS:20|2XS:20|XS:20|S:10|M:10|L:10|XL:10"
230631,"2022-09-15 08:39:53.45","#ZE0631",50.00,68.00,93.00,120.90,"2022-12-20","127596685","WH",4,,,,"",,"ZE0631A1",30045,1002,"2022-12-20","2023-01-20","USD",93.00,100,"3XS:20|2XS:20|XS:20|S:10|M:10|L:10|XL:10"
230632,"2022-09-15 08:39:53.45","#ZE0632",50.00,68.00,93.00,120.90,"2022-12-20","127592384","WH",4,,,,"",,"ZE0632A0",30029,3002,"2022-12-20","2023-01-20","USD",93.00,100,"3XS:20|2XS:20|XS:20|S:10|M:10|L:10|XL:10"
230633,"2022-09-15 08:39:53.45","#ZE0633",50.00,68.00,93.00,120.90,"2022-12-20","127592457","WH",4,,,,"",,"ZE0633A1",30045,5002,"2022-12-20","2023-01-20","USD",93.00,100,"3XS:20|2XS:20|XS:20|S:10|M:10|L:10|XL:10"
230634,"2022-09-15 08:39:53.45","#ZE0634",50.00,68.00,93.00,120.90,"2022-12-20","127594569","WH",4,,,,"",,"ZE0634A0",30029,6002,"2022-12-20","2023-01-20","USD",93.00,100,"3XS:20|2XS:20|XS:20|S:10|M:10|L:10|XL:10"
230635,"2022-09-15 08:39:53.45","#ZE0635",50.00,68.00,93.00,120.90,"2022-12-20","127594640","WH",4,,,,"",,"ZE0635A1",30045,8002,"2022-12-20","2023-01-20","USD",93.00,100,"3XS:20|2XS:20|XS:20|S:10|M:10|L:10|XL:10"
230636,"2022-09-15 08:39:53.45","#ZE0636",50.00,68.00,93.00,120.90,"2022-12-20","127596764","WH",4,,,,"",,"ZE0636A1",30045,1002,"2022-12-20","2023-01-20","USD",93.00,100,"3XS:20|2XS:20|XS:20|S:10|M:10|L:10|XL:10"
230637,"2022-09-15 08:39:53.45","#ZE0637",50.00,68.00,93.00,120.90,"2022-12-20","127592529","WH",4,,,,"",,"ZE0637A0",30029,3002,"2022-12-20","2023-01-20","USD",93.00,100,"3XS:20|2XS:20|XS:20|S:10|M:10|L:10|XL:10"
230638,"2022-09-15 08:39:53.45","#ZE0638",50.00,68.00,93.00,120.90,"2022-12-20","127592605","WH",4,,,,"",,"ZE0638A1",30045,5002,"2022-12-20","2023-01-20","USD",93.00,100,"3XS:20|2XS:20|XS:20|S:10|M:10|L:10|XL:10"
230639,"2022-09-15 08:39:53.45","#ZE0639",50.00,68.00,93.00,120.90,"2022-12-20","127594716","WH",4,,,,"",,"ZE0639A0",30029,6002,"2022-12-20","2023-01-20","USD",93.00,100,"3XS:20|2XS:20|XS:20|S:10|M:10|L:10|XL:10"
230640,"2022-09-15 08:39:53.45","#ZE0640",50.00,68.00,93.00,120.90,"2022-12-20","127596843","WH",4,,,,"",,"ZE0640A1",30045,8002,"2022-12-20","2023-01-20","USD",93.00,100,"3XS:20|2XS:20|XS:20|S:10|M:10|L:10|XL:10"
230641,"2022-09-15 08:39:53.45","#ZE0641",50.00,68.00,93.00,120.90,"2022-12-20","127596923","WH",4,,,,"",,"ZE0641A1",30045,1002,"2022-12-20","2023-01-20","USD",93.00,100,"3XS:20|2XS:20|XS:20|S:10|M:10|L:10|XL:10"
230642,"2022-09-15 08:39:53.45","#ZE0642",50.00,68.00,93.00,120.90,"2022-12-20","127592683","WH",4,,,,"",,"ZE0642A0",30029,3002,"2022-12-20","2023-01-20","USD",93.00,100,"3XS:20|2XS:20|XS:20|S:10|M:10|L:10|XL:10"
230643,"2022-09-15 08:39:53.45","#ZE0643",50.00,68.00,93.00,120.90,"2022-12-20","127594796","WH",4,,,,"",,"ZE0643A1",30045,5002,"2022-12-20","2023-01-20","USD",93.00,100,"3XS:20|2XS:20|XS:20|S:10|M:10|L:10|XL:10"
230644,"2022-09-15 08:39:53.45","#ZE0644",50.00,68.00,93.00,120.90,"2022-12-20","127594876","WH",4,,,,"",,"ZE0644A0",30029,6002,"2022-12-20","2023-01-20","USD",93.00,100,"3XS:20|2XS:20|XS:20|S:10|M:10|L:10|XL:10"
230645,"2022-09-15 08:39:53.45","#ZE0645",50.00,68.00,93.00,120.90,"2022-12-20","127596996","WH",4,,,,"",,"ZE0645A1",30045,8002,"2022-12-20","2023-01-20","USD",93.00,100,"3XS:20|2XS:20|XS:20|S:10|M:10|L:10|XL:10"
230646,"2022-09-15 08:39:53.45","#ZE0646",50.00,68.00,93.00,120.90,"2022-12-20","127597076","WH",4,,,,"",,"ZE0646A1",30045,1002,"2022-12-20","2023-01-20","USD",93.00,100,"3XS:20|2XS:20|XS:20|S:10|M:10|L:10|XL:10"
230647,"2022-09-15 08:39:53.45","#ZE0647",50.00,68.00,93.00,120.90,"2022-12-20","127592764","WH",4,,,,"",,"ZE0647A0",30029,3002,"2022-12-20","2023-01-20","USD",93.00,100,"3XS:20|2XS:20|XS:20|S:10|M:10|L:10|XL:10"
230648,"2022-09-15 08:39:53.45","#ZE0648",50.00,68.00,93.00,120.90,"2022-12-20","127592843","WH",4,,,,"",,"ZE0648A1",30045,5002,"2022-12-20","2023-01-20","USD",93.00,100,"3XS:20|2XS:20|XS:20|S:10|M:10|L:10|XL:10"
230649,"2022-09-15 08:39:53.45","#ZE0649",50.00,68.00,93.00,120.90,"2022-12-20","127594955","WH",4,,,,"",,"ZE0649A0",30029,6002,"2022-12-20","2023-01-20","USD",93.00,100,"3XS:20|2XS:20|XS:20|S:10|M:10|L:10|XL:10"
230650,"2022-09-15 08:39:53.45","#ZE0650",50.00,68.00,93.00,120.90,"2022-12-20","127595035","WH",4,,,,"",,"ZE0650A1",30045,8002,"2022-12-20","2023-01-20","USD",93.00,100,"3XS:20|2XS:20|XS:20|S:10|M:10|L:10|XL:10"
230651,"2022-09-15 08:39:53.45","#ZE0651",50.00,68.00,93.00,120.90,"2022-12-20","127597155","WH",4,,,,"",,"ZE0651A1",30045,1002,"2022-12-20","2023-01-20","USD",93.00,100,"3XS:20|2XS:20|XS:20|S:10|M:10|L:10|XL:10"
230652,"2022-09-15 08:39:53.45","#ZE0652",50.00,68.00,93.00,120.90,"2022-12-20","127592923","WH",4,,,,"",,"ZE0652A0",30029,3002,"2022-12-20","2023-01-20","USD",93.00,100,"3XS:20|2XS:20|XS:20|S:10|M:10|L:10|XL:10"
230653,"2022-09-15 08:39:53.45","#ZE0653",50.00,68.00,93.00,120.90,"2022-12-20","127593003","WH",4,,,,"",,"ZE0653A1",30045,5002,"2022-12-20","2023-01-20","USD",93.00,100,"3XS:20|2XS:20|XS:20|S:10|M:10|L:10|XL:10"
230654,"2022-09-15 08:39:53.45","#ZE0654",50.00,68.00,93.00,120.90,"2022-12-20","127595115","WH",4,,,,"",,"ZE0654A0",30029,6002,"2022-12-20","2023-01-20","USD",93.00,100,"3XS:20|2XS:20|XS:20|S:10|M:10|L:10|XL:10"
230655,"2022-09-15 08:39:53.45","#ZE0655",50.00,68.00,93.00,120.90,"2022-12-20","127597235","WH",4,,,,"",,"ZE0655A1",30045,8002,"2022-12-20","2023-01-20","USD",93.00,100,"3XS:20|2XS:20|XS:20|S:10|M:10|L:10|XL:10"
230656,"2022-09-15 08:39:53.45","#ZE0656",50.00,68.00,93.00,120.90,"2022-12-20","127597315","WH",4,,,,"",,"ZE0656A1",30045,1002,"2022-12-20","2023-01-20","USD",93.00,100,"3XS:20|2XS:20|XS:20|S:10|M:10|L:10|XL:10"
230657,"2022-09-15 08:39:53.45","#ZE0657",50.00,68.00,93.00,120.90,"2022-12-20","127590934","WH",4,,,,"",,"ZE0657A0",30029,3002,"2022-12-20","2023-01-20","USD",93.00,100,"3XS:20|2XS:20|XS:20|S:10|M:10|L:10|XL:10"
230658,"2022-09-15 08:39:53.45","#ZE0658",50.00,68.00,93.00,120.90,"2022-12-20","127593083","WH",4,,,,"",,"ZE0658A1",30045,5002,"2022-12-20","2023-01-20","USD",93.00,100,"3XS:20|2XS:20|XS:20|S:10|M:10|L:10|XL:10"
230659,"2022-09-15 08:39:53.45","#ZE0659",50.00,68.00,93.00,120.90,"2022-12-20","127595195","WH",4,,,,"",,"ZE0659A0",30029,6002,"2022-12-20","2023-01-20","USD",93.00,100,"3XS:20|2XS:20|XS:20|S:10|M:10|L:10|XL:10"
230660,"2022-09-15 08:39:53.45","#ZE0660",50.00,68.00,93.00,120.90,"2022-12-20","127595275","WH",4,,,,"",,"ZE0660A1",30045,8002,"2022-12-20","2023-01-20","USD",93.00,100,"3XS:20|2XS:20|XS:20|S:10|M:10|L:10|XL:10"
230661,"2022-09-15 08:39:53.45","#ZE0661",50.00,68.00,93.00,120.90,"2022-12-20","127597395","WH",4,,,,"",,"ZE0661A1",30045,1002,"2022-12-20","2023-01-20","USD",93.00,100,"3XS:20|2XS:20|XS:20|S:10|M:10|L:10|XL:10"
230662,"2022-09-15 08:39:53.45","#ZE0662",50.00,68.00,93.00,120.90,"2022-12-20","127597475","WH",4,,,,"",,"ZE0662A0",30029,3002,"2022-12-20","2023-01-20","USD",93.00,100,"3XS:20|2XS:20|XS:20|S:10|M:10|L:10|XL:10"
230663,"2022-09-15 08:39:53.45","#ZE0663",50.00,68.00,93.00,120.90,"2022-12-20","127591016","WH",4,,,,"",,"ZE0663A1",30045,5002,"2022-12-20","2023-01-20","USD",93.00,100,"3XS:20|2XS:20|XS:20|S:10|M:10|L:10|XL:10"
230664,"2022-09-15 08:39:53.45","#ZE0664",50.00,68.00,93.00,120.90,"2022-12-20","127593163","WH",4,,,,"",,"ZE0664A0",30029,6002,"2022-12-20","2023-01-20","USD",93.00,100,"3XS:20|2XS:20|XS:20|S:10|M:10|L:10|XL:10"
230665,"2022-09-15 08:39:53.45","#ZE0665",50.00,68.00,93.00,120.90,"2022-12-20","127593243","WH",4,,,,"",,"ZE0665A1",30045,8002,"2022-12-20","2023-01-20","USD",93.00,100,"3XS:20|2XS:20|XS:20|S:10|M:10|L:10|XL:10"
230666,"2022-09-15 08:39:53.45","#ZE0666",50.00,68.00,93.00,120.90,"2022-12-20","127595355","WH",4,,,,"",,"ZE0666A1",30045,1002,"2022-12-20","2023-01-20","USD",93.00,100,"3XS:20|2XS:20|XS:20|S:10|M:10|L:10|XL:10"
230667,"2022-09-15 08:39:53.45","#ZE0667",50.00,68.00,93.00,120.90,"2022-12-20","127595435","WH",4,,,,"",,"ZE0667A0",30029,3002,"2022-12-20","2023-01-20","USD",93.00,100,"3XS:20|2XS:20|XS:20|S:10|M:10|L:10|XL:10"
230668,"2022-09-15 08:39:53.45","#ZE0668",50.00,68.00,93.00,120.90,"2022-12-20","127597555","WH",4,,,,"",,"ZE0668A1",30045,5002,"2022-12-20","2023-01-20","USD",93.00,100,"3XS:20|2XS:20|XS:20|S:10|M:10|L:10|XL:10"
230669,"2022-09-15 08:39:53.45","#ZE0669",50.00,68.00,93.00,120.90,"2022-12-20","127597635","WH",4,,,,"",,"ZE0669A0",30029,6002,"2022-12-20","2023-01-20","USD",93.00,100,"3XS:20|2XS:20|XS:20|S:10|M:10|L:10|XL:10"
230670,"2022-09-15 08:39:53.45","#ZE0670",50.00,68.00,93.00,120.90,"2022-12-20","127591095","WH",4,,,,"",,"ZE0670A1",30045,8002,"2022-12-20","2023-01-20","USD",93.00,100,"3XS:20|2XS:20|XS:20|S:10|M:10|L:10|XL:10"
230671,"2022-09-15 08:39:53.45","#ZE0671",50.00,68.00,93.00,120.90,"2022-12-20","127591179","WH",4,,,,"",,"ZE0671A1",30045,1002,"2022-12-20","2023-01-20","USD",93.00,100,"3XS:20|2XS:20|XS:20|S:10|M:10|L:10|XL:10"
230672,"2022-09-15 08:39:53.45","#ZE0672",50.00,68.00,93.00,120.90,"2022-12-20","127593322","WH",4,,,,"",,"ZE0672A0",30029,3002,"2022-12-20","2023-01-20","USD",93.00,100,"3XS:20|2XS:20|XS:20|S:10|M:10|L:10|XL:10"
230673,"2022-09-15 08:39:53.45","#ZE0673",50.00,68.00,93.00,120.90,"2022-12-20","127593396","WH",4,,,,"",,"ZE0673A1",30045,5002,"2022-12-20","2023-01-20","USD",93.00,100,"3XS:20|2XS:20|XS:20|S:10|M:10|L:10|XL:10"
230674,"2022-09-15 08:39:53.45","#ZE0674",50.00,68.00,93.00,120.90,"2022-12-20","127595515","WH",4,,,,"",,"ZE0674A0",30029,6002,"2022-12-20","2023-01-20","USD",93.00,100,"3XS:20|2XS:20|XS:20|S:10|M:10|L:10|XL:10"
230675,"2022-09-15 08:39:53.45","#ZE0675",50.00,68.00,93.00,120.90,"2022-12-20","127595595","WH",4,,,,"",,"ZE0675A1",30045,8002,"2022-12-20","2023-01-20","USD",93.00,100,"3XS:20|2XS:20|XS:20|S:10|M:10|L:10|XL:10"
230676,"2022-09-15 08:39:53.45","#ZE0676",50.00,68.00,93.00,120.90,"2022-12-20","127597713","WH",4,,,,"",,"ZE0676A1",30045,1002,"2022-12-20","2023-01-20","USD",93.00,100,"3XS:20|2XS:20|XS:20|S:10|M:10|L:10|XL:10"
230677,"2022-09-15 08:39:53.45","#ZE0677",50.00,68.00,93.00,120.90,"2022-12-20","127591259","WH",4,,,,"",,"ZE0677A0",30029,3002,"2022-12-20","2023-01-20","USD",93.00,100,"3XS:20|2XS:20|XS:20|S:10|M:10|L:10|XL:10"
230678,"2022-09-15 08:39:53.45","#ZE0678",50.00,68.00,93.00,120.90,"2022-12-20","127591343","WH",4,,,,"",,"ZE0678A1",30045,5002,"2022-12-20","2023-01-20","USD",93.00,100,"3XS:20|2XS:20|XS:20|S:10|M:10|L:10|XL:10"
230679,"2022-09-15 08:39:53.45","#ZE0679",50.00,68.00,93.00,120.90,"2022-12-20","127593475","WH",4,,,,"",,"ZE0679A0",30029,6002,"2022-12-20","2023-01-20","USD",93.00,100,"3XS:20|2XS:20|XS:20|S:10|M:10|L:10|XL:10"
230680,"2022-09-15 08:39:53.45","#ZE0680",50.00,68.00,93.00,120.90,"2022-12-20","127593552","WH",4,,,,"",,"ZE0680A1",30045,8002,"2022-12-20","2023-01-20","USD",93.00,100,"3XS:20|2XS:20|XS:20|S:10|M:10|L:10|XL:10"
230681,"2022-09-15 08:39:53.45","#ZE0681",50.00,68.00,93.00,120.90,"2022-12-20","127595675","WH",4,,,,"",,"ZE0681A1",30045,1002,"2022-12-20","2023-01-20","USD",93.00,100,"3XS:20|2XS:20|XS:20|S:10|M:10|L:10|XL:10"
230682,"2022-09-15 08:39:53.45","#ZE0682",50.00,68.00,93.00,120.90,"2022-12-20","127597792","WH",4,,,,"",,"ZE0682A0",30029,3002,"2022-12-20","2023-01-20","USD",93.00,100,"3XS:20|2XS:20|XS:20|S:10|M:10|L:10|XL:10"
230683,"2022-09-15 08:39:53.45","#ZE0683",50.00,68.00,93.00,120.90,"2022-12-20","127597869","WH",4,,,,"",,"ZE0683A1",30045,5002,"2022-12-20","2023-01-20","USD",93.00,100,"3XS:20|2XS:20|XS:20|S:10|M:10|L:10|XL:10"
230684,"2022-09-15 08:39:53.45","#ZE0684",50.00,68.00,93.00,120.90,"2022-12-20","127591427","WH",4,,,,"",,"ZE0684A0",30029,6002,"2022-12-20","2023-01-20","USD",93.00,100,"3XS:20|2XS:20|XS:20|S:10|M:10|L:10|XL:10"
230685,"2022-09-15 08:39:53.45","#ZE0685",50.00,68.00,93.00,120.90,"2022-12-20","127591503","WH",4,,,,"",,"ZE0685A1",30045,8002,"2022-12-20","2023-01-20","USD",93.00,100,"3XS:20|2XS:20|XS:20|S:10|M:10|L:10|XL:10"
230686,"2022-09-15 08:39:53.45","#ZE0686",50.00,68.00,93.00,120.90,"2022-12-20","127593628","WH",4,,,,"",,"ZE0686A1",30045,1002,"2022-12-20","2023-01-20","USD",93.00,100,"3XS:20|2XS:20|XS:20|S:10|M:10|L:10|XL:10"
230687,"2022-09-15 08:39:53.45","#ZE0687",50.00,68.00,93.00,120.90,"2022-12-20","127595754","WH",4,,,,"",,"ZE0687A0",30029,3002,"2022-12-20","2023-01-20","USD",93.00,100,"3XS:20|2XS:20|XS:20|S:10|M:10|L:10|XL:10"
230688,"2022-09-15 08:39:53.45","#ZE0688",50.00,68.00,93.00,120.90,"2022-12-20","127595828","WH",4,,,,"",,"ZE0688A1",30045,5002,"2022-12-20","2023-01-20","USD",93.00,100,"3XS:20|2XS:20|XS:20|S:10|M:10|L:10|XL:10"
230689,"2022-09-15 08:39:53.45","#ZE0689",50.00,68.00,93.00,120.90,"2022-12-20","127597948","WH",4,,,,"",,"ZE0689A0",30029,6002,"2022-12-20","2023-01-20","USD",93.00,100,"3XS:20|2XS:20|XS:20|S:10|M:10|L:10|XL:10"
230690,"2022-09-15 08:39:53.45","#ZE0690",50.00,68.00,93.00,120.90,"2022-12-20","127598028","WH",4,,,,"",,"ZE0690A1",30045,8002,"2022-12-20","2023-01-20","USD",93.00,100,"3XS:20|2XS:20|XS:20|S:10|M:10|L:10|XL:10"
230691,"2022-09-15 08:39:53.45","#ZE0691",50.00,68.00,93.00,120.90,"2022-12-20","127592069","WH",4,,,,"",,"ZE0691A1",30045,1002,"2022-12-20","2023-01-20","USD",93.00,100,"3XS:20|2XS:20|XS:20|S:10|M:10|L:10|XL:10"
230692,"2022-09-15 08:39:53.45","#ZE0692",50.00,68.00,93.00,120.90,"2022-12-20","127592146","WH",4,,,,"",,"ZE0692A0",30029,3002,"2022-12-20","2023-01-20","USD",93.00,100,"3XS:20|2XS:20|XS:20|S:10|M:10|L:10|XL:10"
230693,"2022-09-15 08:39:53.45","#ZE0693",50.00,68.00,93.00,120.90,"2022-12-20","127594283","WH",4,,,,"",,"ZE0693A1",30045,5002,"2022-12-20","2023-01-20","USD",93.00,100,"3XS:20|2XS:20|XS:20|S:10|M:10|L:10|XL:10"
230694,"2022-09-15 08:39:53.45","#ZE0694",50.00,68.00,93.00,120.90,"2022-12-20","127594362","WH",4,,,,"",,"ZE0694A0",30029,6002,"2022-12-20","2023-01-20","USD",93.00,100,"3XS:20|2XS:20|XS:20|S:10|M:10|L:10|XL:10"
230695,"2022-09-15 08:39:53.45","#ZE0695",50.00,68.00,93.00,120.90,"2022-12-20","127596488","WH",4,,,,"",,"ZE0695A1",30045,8002,"2022-12-20","2023-01-20","USD",93.00,100,"3XS:20|2XS:20|XS:20|S:10|M:10|L:10|XL:10"
230696,"2022-09-15 08:39:53.45","#ZE0696",50.00,68.00,93.00,120.90,"2022-12-20","127596572","WH",4,,,,"",,"ZE0696A1",30045,1002,"2022-12-20","2023-01-20","USD",93.00,100,"3XS:20|2XS:20|XS:20|S:10|M:10|L:10|XL:10"
230697,"2022-09-15 08:39:53.45","#ZE0697",50.00,68.00,93.00,120.90,"2022-12-20","127598693","WH",4,,,,"",,"ZE0697A0",30029,3002,"2022-12-20","2023-01-20","USD",93.00,100,"3XS:20|2XS:20|XS:20|S:10|M:10|L:10|XL:10"
230698,"2022-09-15 08:39:53.45","#ZE0698",50.00,68.00,93.00,120.90,"2022-12-20","127592222","WH",4,,,,"",,"ZE0698A1",30045,5002,"2022-12-20","2023-01-20","USD",93.00,100,"3XS:20|2XS:20|XS:20|S:10|M:10|L:10|XL:10"
230699,"2022-09-15 08:39:53.45","#ZE0699",50.00,68.00,93.00,120.90,"2022-12-20","127592300","WH",4,,,,"",,"ZE0699A0",30029,6002,"2022-12-20","2023-01-20","USD",93.00,100,"3XS:20|2XS:20|XS:20|S:10|M:10|L:10|XL:10"
230700,"2022-09-15 08:39:53.45","#ZE0700",50.00,68.00,93.00,120.90,"2022-12-20","127594437","WH",4,,,,"",,"ZE0700A1",30045,8002,"2022-12-20","2023-01-20","USD",93.00,100,"3XS:20|2XS:20|XS:20|S:10|M:10|L:10|XL:10"
230701,"2022-09-15 08:39:53.45","#ZE0701",50.00,68.00,93.00,120.90,"2022-12-20","127594512","WH",4,,,,"",,"ZE0701A1",30045,1002,"2022-12-20","2023-01-20","USD",93.00,100,"3XS:20|2XS:20|XS:20|S:10|M:10|L:10|XL:10"
230702,"2022-09-15 08:39:53.45","#ZE0702",50.00,68.00,93.00,120.90,"2022-12-20","127596652","WH",4,,,,"",,"ZE0702A0",30029,3002,"2022-12-20","2023-01-20","USD",93.00,100,"3XS:20|2XS:20|XS:20|S:10|M:10|L:10|XL:10"
230703,"2022-09-15 08:39:53.45","#ZE0703",50.00,68.00,93.00,120.90,"2022-12-20","127598740","WH",4,,,,"",,"ZE0703A1",30045,5002,"2022-12-20","2023-01-20","USD",93.00,100,"3XS:20|2XS:20|XS:20|S:10|M:10|L:10|XL:10"
230704,"2022-09-15 08:39:53.45","#ZE0704",50.00,68.00,93.00,120.90,"2022-12-20","127592380","WH",4,,,,"",,"ZE0704A0",30029,6002,"2022-12-20","2023-01-20","USD",93.00,100,"3XS:20|2XS:20|XS:20|S:10|M:10|L:10|XL:10"
230705,"2022-09-15 08:39:53.45","#ZE0705",50.00,68.00,93.00,120.90,"2022-12-20","127592462","WH",4,,,,"",,"ZE0705A1",30045,8002,"2022-12-20","2023-01-20","USD",93.00,100,"3XS:20|2XS:20|XS:20|S:10|M:10|L:10|XL:10"
230706,"2022-09-15 08:39:53.45","#ZE0706",50.00,68.00,93.00,120.90,"2022-12-20","127594585","WH",4,,,,"",,"ZE0706A1",30045,1002,"2022-12-20","2023-01-20","USD",93.00,100,"3XS:20|2XS:20|XS:20|S:10|M:10|L:10|XL:10"
230707,"2022-09-15 08:39:53.45","#ZE0707",50.00,68.00,93.00,120.90,"2022-12-20","127596729","WH",4,,,,"",,"ZE0707A0",30029,3002,"2022-12-20","2023-01-20","USD",93.00,100,"3XS:20|2XS:20|XS:20|S:10|M:10|L:10|XL:10"
230708,"2022-09-15 08:39:53.45","#ZE0708",50.00,68.00,93.00,120.90,"2022-12-20","127596799","WH",4,,,,"",,"ZE0708A1",30045,5002,"2022-12-20","2023-01-20","USD",93.00,100,"3XS:20|2XS:20|XS:20|S:10|M:10|L:10|XL:10"
230709,"2022-09-15 08:39:53.45","#ZE0709",50.00,68.00,93.00,120.90,"2022-12-20","127592534","WH",4,,,,"",,"ZE0709A0",30029,6002,"2022-12-20","2023-01-20","USD",93.00,100,"3XS:20|2XS:20|XS:20|S:10|M:10|L:10|XL:10"
230710,"2022-09-15 08:39:53.45","#ZE0710",50.00,68.00,93.00,120.90,"2022-12-20","127594661","WH",4,,,,"",,"ZE0710A1",30045,8002,"2022-12-20","2023-01-20","USD",93.00,100,"3XS:20|2XS:20|XS:20|S:10|M:10|L:10|XL:10"
230711,"2022-09-15 08:39:53.45","#ZE0711",50.00,68.00,93.00,120.90,"2022-12-20","127594736","WH",4,,,,"",,"ZE0711A1",30045,1002,"2022-12-20","2023-01-20","USD",93.00,100,"3XS:20|2XS:20|XS:20|S:10|M:10|L:10|XL:10"
230712,"2022-09-15 08:39:53.45","#ZE0712",50.00,68.00,93.00,120.90,"2022-12-20","127596879","WH",4,,,,"",,"ZE0712A0",30029,3002,"2022-12-20","2023-01-20","USD",93.00,100,"3XS:20|2XS:20|XS:20|S:10|M:10|L:10|XL:10"
230713,"2022-09-15 08:39:53.45","#ZE0713",50.00,68.00,93.00,120.90,"2022-12-20","127596958","WH",4,,,,"",,"ZE0713A1",30045,5002,"2022-12-20","2023-01-20","USD",93.00,100,"3XS:20|2XS:20|XS:20|S:10|M:10|L:10|XL:10"
230714,"2022-09-15 08:39:53.45","#ZE0714",50.00,68.00,93.00,120.90,"2022-12-20","127592609","WH",4,,,,"",,"ZE0714A0",30029,6002,"2022-12-20","2023-01-20","USD",93.00,100,"3XS:20|2XS:20|XS:20|S:10|M:10|L:10|XL:10"
230715,"2022-09-15 08:39:53.45","#ZE0715",50.00,68.00,93.00,120.90,"2022-12-20","127592686","WH",4,,,,"",,"ZE0715A1",30045,8002,"2022-12-20","2023-01-20","USD",93.00,100,"3XS:20|2XS:20|XS:20|S:10|M:10|L:10|XL:10"
230716,"2022-09-15 08:39:53.45","#ZE0716",50.00,68.00,93.00,120.90,"2022-12-20","127594810","WH",4,,,,"",,"ZE0716A1",30045,1002,"2022-12-20","2023-01-20","USD",93.00,100,"3XS:20|2XS:20|XS:20|S:10|M:10|L:10|XL:10"
230717,"2022-09-15 08:39:53.45","#ZE0717",50.00,68.00,93.00,120.90,"2022-12-20","127594888","WH",4,,,,"",,"ZE0717A0",30029,3002,"2022-12-20","2023-01-20","USD",93.00,100,"3XS:20|2XS:20|XS:20|S:10|M:10|L:10|XL:10"
230718,"2022-09-15 08:39:53.45","#ZE0718",50.00,68.00,93.00,120.90,"2022-12-20","127597035","WH",4,,,,"",,"ZE0718A1",30045,5002,"2022-12-20","2023-01-20","USD",93.00,100,"3XS:20|2XS:20|XS:20|S:10|M:10|L:10|XL:10"
230719,"2022-09-15 08:39:53.45","#ZE0719",50.00,68.00,93.00,120.90,"2022-12-20","127597115","WH",4,,,,"",,"ZE0719A0",30029,6002,"2022-12-20","2023-01-20","USD",93.00,100,"3XS:20|2XS:20|XS:20|S:10|M:10|L:10|XL:10"
230720,"2022-09-15 08:39:53.45","#ZE0720",50.00,68.00,93.00,120.90,"2022-12-20","127592765","WH",4,,,,"",,"ZE0720A1",30045,8002,"2022-12-20","2023-01-20","USD",93.00,100,"3XS:20|2XS:20|XS:20|S:10|M:10|L:10|XL:10"
230721,"2022-09-15 08:39:53.45","#ZE0721",50.00,68.00,93.00,120.90,"2022-12-20","127592845","WH",4,,,,"",,"ZE0721A1",30045,1002,"2022-12-20","2023-01-20","USD",93.00,100,"3XS:20|2XS:20|XS:20|S:10|M:10|L:10|XL:10"
230722,"2022-09-15 08:39:53.45","#ZE0722",50.00,68.00,93.00,120.90,"2022-12-20","127594965","WH",4,,,,"",,"ZE0722A0",30029,3002,"2022-12-20","2023-01-20","USD",93.00,100,"3XS:20|2XS:20|XS:20|S:10|M:10|L:10|XL:10"
230723,"2022-09-15 08:39:53.45","#ZE0723",50.00,68.00,93.00,120.90,"2022-12-20","127595043","WH",4,,,,"",,"ZE0723A1",30045,5002,"2022-12-20","2023-01-20","USD",93.00,100,"3XS:20|2XS:20|XS:20|S:10|M:10|L:10|XL:10"
230724,"2022-09-15 08:39:53.45","#ZE0724",50.00,68.00,93.00,120.90,"2022-12-20","127597195","WH",4,,,,"",,"ZE0724A0",30029,6002,"2022-12-20","2023-01-20","USD",93.00,100,"3XS:20|2XS:20|XS:20|S:10|M:10|L:10|XL:10"
230725,"2022-09-15 08:39:53.45","#ZE0725",50.00,68.00,93.00,120.90,"2022-12-20","127590772","WH",4,,,,"",,"ZE0725A1",30045,8002,"2022-12-20","2023-01-20","USD",93.00,100,"3XS:20|2XS:20|XS:20|S:10|M:10|L:10|XL:10"
230726,"2022-09-15 08:39:53.45","#ZE0726",50.00,68.00,93.00,120.90,"2022-12-20","127590853","WH",4,,,,"",,"ZE0726A1",30045,1002,"2022-12-20","2023-01-20","USD",93.00,100,"3XS:20|2XS:20|XS:20|S:10|M:10|L:10|XL:10"
230727,"2022-09-15 08:39:53.45","#ZE0727",50.00,68.00,93.00,120.90,"2022-12-20","127592925","WH",4,,,,"",,"ZE0727A0",30029,3002,"2022-12-20","2023-01-20","USD",93.00,100,"3XS:20|2XS:20|XS:20|S:10|M:10|L:10|XL:10"
230728,"2022-09-15 08:39:53.45","#ZE0728",50.00,68.00,93.00,120.90,"2022-12-20","127593005","WH",4,,,,"",,"ZE0728A1",30045,5002,"2022-12-20","2023-01-20","USD",93.00,100,"3XS:20|2XS:20|XS:20|S:10|M:10|L:10|XL:10"
230729,"2022-09-15 08:39:53.45","#ZE0729",50.00,68.00,93.00,120.90,"2022-12-20","127595124","WH",4,,,,"",,"ZE0729A0",30029,6002,"2022-12-20","2023-01-20","USD",93.00,100,"3XS:20|2XS:20|XS:20|S:10|M:10|L:10|XL:10"
230730,"2022-09-15 08:39:53.45","#ZE0730",50.00,68.00,93.00,120.90,"2022-12-20","127597271","WH",4,,,,"",,"ZE0730A1",30045,8002,"2022-12-20","2023-01-20","USD",93.00,100,"3XS:20|2XS:20|XS:20|S:10|M:10|L:10|XL:10"
230731,"2022-09-15 08:39:53.45","#ZE0731",50.00,68.00,93.00,120.90,"2022-12-20","127597351","WH",4,,,,"",,"ZE0731A1",30045,1002,"2022-12-20","2023-01-20","USD",93.00,100,"3XS:20|2XS:20|XS:20|S:10|M:10|L:10|XL:10"
230732,"2022-09-15 08:39:53.45","#ZE0732",50.00,68.00,93.00,120.90,"2022-12-20","127590935","WH",4,,,,"",,"ZE0732A0",30029,3002,"2022-12-20","2023-01-20","USD",93.00,100,"3XS:20|2XS:20|XS:20|S:10|M:10|L:10|XL:10"
230733,"2022-09-15 08:39:53.45","#ZE0733",50.00,68.00,93.00,120.90,"2022-12-20","127593086","WH",4,,,,"",,"ZE0733A1",30045,5002,"2022-12-20","2023-01-20","USD",93.00,100,"3XS:20|2XS:20|XS:20|S:10|M:10|L:10|XL:10"
230734,"2022-09-15 08:39:53.45","#ZE0734",50.00,68.00,93.00,120.90,"2022-12-20","127595204","WH",4,,,,"",,"ZE0734A0",30029,6002,"2022-12-20","2023-01-20","USD",93.00,100,"3XS:20|2XS:20|XS:20|S:10|M:10|L:10|XL:10"
230735,"2022-09-15 08:39:53.45","#ZE0735",50.00,68.00,93.00,120.90,"2022-12-20","127595284","WH",4,,,,"",,"ZE0735A1",30045,8002,"2022-12-20","2023-01-20","USD",93.00,100,"3XS:20|2XS:20|XS:20|S:10|M:10|L:10|XL:10"
230736,"2022-09-15 08:39:53.45","#ZE0736",50.00,68.00,93.00,120.90,"2022-12-20","127597432","WH",4,,,,"",,"ZE0736A1",30045,1002,"2022-12-20","2023-01-20","USD",93.00,100,"3XS:20|2XS:20|XS:20|S:10|M:10|L:10|XL:10"
230737,"2022-09-15 08:39:53.45","#ZE0737",50.00,68.00,93.00,120.90,"2022-12-20","127597514","WH",4,,,,"",,"ZE0737A0",30029,3002,"2022-12-20","2023-01-20","USD",93.00,100,"3XS:20|2XS:20|XS:20|S:10|M:10|L:10|XL:10"
230738,"2022-09-15 08:39:53.45","#ZE0738",50.00,68.00,93.00,120.90,"2022-12-20","127591015","WH",4,,,,"",,"ZE0738A1",30045,5002,"2022-12-20","2023-01-20","USD",93.00,100,"3XS:20|2XS:20|XS:20|S:10|M:10|L:10|XL:10"
230739,"2022-09-15 08:39:53.45","#ZE0739",50.00,68.00,93.00,120.90,"2022-12-20","127591096","WH",4,,,,"",,"ZE0739A0",30029,6002,"2022-12-20","2023-01-20","USD",93.00,100,"3XS:20|2XS:20|XS:20|S:10|M:10|L:10|XL:10"
230740,"2022-09-15 08:39:53.45","#ZE0740",50.00,68.00,93.00,120.90,"2022-12-20","127593165","WH",4,,,,"",,"ZE0740A1",30045,8002,"2022-12-20","2023-01-20","USD",93.00,100,"3XS:20|2XS:20|XS:20|S:10|M:10|L:10|XL:10"
230741,"2022-09-15 08:39:53.45","#ZE0741",50.00,68.00,93.00,120.90,"2022-12-20","127593246","WH",4,,,,"",,"ZE0741A1",30045,1002,"2022-12-20","2023-01-20","USD",93.00,100,"3XS:20|2XS:20|XS:20|S:10|M:10|L:10|XL:10"
230742,"2022-09-15 08:39:53.45","#ZE0742",50.00,68.00,93.00,120.90,"2022-12-20","127595364","WH",4,,,,"",,"ZE0742A0",30029,3002,"2022-12-20","2023-01-20","USD",93.00,100,"3XS:20|2XS:20|XS:20|S:10|M:10|L:10|XL:10"
230743,"2022-09-15 08:39:53.45","#ZE0743",50.00,68.00,93.00,120.90,"2022-12-20","127595444","WH",4,,,,"",,"ZE0743A1",30045,5002,"2022-12-20","2023-01-20","USD",93.00,100,"3XS:20|2XS:20|XS:20|S:10|M:10|L:10|XL:10"
230744,"2022-09-15 08:39:53.45","#ZE0744",50.00,68.00,93.00,120.90,"2022-12-20","127597594","WH",4,,,,"",,"ZE0744A0",30029,6002,"2022-12-20","2023-01-20","USD",93.00,100,"3XS:20|2XS:20|XS:20|S:10|M:10|L:10|XL:10"
230745,"2022-09-15 08:39:53.45","#ZE0745",50.00,68.00,93.00,120.90,"2022-12-20","127597674","WH",4,,,,"",,"ZE0745A1",30045,8002,"2022-12-20","2023-01-20","USD",93.00,100,"3XS:20|2XS:20|XS:20|S:10|M:10|L:10|XL:10"
230746,"2022-09-15 08:39:53.45","#ZE0746",50.00,68.00,93.00,120.90,"2022-12-20","127591176","WH",4,,,,"",,"ZE0746A1",30045,1002,"2022-12-20","2023-01-20","USD",93.00,100,"3XS:20|2XS:20|XS:20|S:10|M:10|L:10|XL:10"
230747,"2022-09-15 08:39:53.45","#ZE0747",50.00,68.00,93.00,120.90,"2022-12-20","127591262","WH",4,,,,"",,"ZE0747A0",30029,3002,"2022-12-20","2023-01-20","USD",93.00,100,"3XS:20|2XS:20|XS:20|S:10|M:10|L:10|XL:10"
230748,"2022-09-15 08:39:53.45","#ZE0748",50.00,68.00,93.00,120.90,"2022-12-20","127593325","WH",4,,,,"",,"ZE0748A1",30045,5002,"2022-12-20","2023-01-20","USD",93.00,100,"3XS:20|2XS:20|XS:20|S:10|M:10|L:10|XL:10"
230749,"2022-09-15 08:39:53.45","#ZE0749",50.00,68.00,93.00,120.90,"2022-12-20","127593405","WH",4,,,,"",,"ZE0749A0",30029,6002,"2022-12-20","2023-01-20","USD",93.00,100,"3XS:20|2XS:20|XS:20|S:10|M:10|L:10|XL:10"
230750,"2022-09-15 08:39:53.45","#ZE0750",50.00,68.00,93.00,120.90,"2022-12-20","127595524","WH",4,,,,"",,"ZE0750A1",30045,8002,"2022-12-20","2023-01-20","USD",93.00,100,"3XS:20|2XS:20|XS:20|S:10|M:10|L:10|XL:10"
230751,"2022-09-15 08:39:53.45","#ZE0751",50.00,68.00,93.00,120.90,"2022-12-20","127595604","WH",4,,,,"",,"ZE0751A1",30045,1002,"2022-12-20","2023-01-20","USD",93.00,100,"3XS:20|2XS:20|XS:20|S:10|M:10|L:10|XL:10"
230752,"2022-09-15 08:39:53.45","#ZE0752",50.00,68.00,93.00,120.90,"2022-12-20","127597752","WH",4,,,,"",,"ZE0752A0",30029,3002,"2022-12-20","2023-01-20","USD",93.00,100,"3XS:20|2XS:20|XS:20|S:10|M:10|L:10|XL:10"
230753,"2022-09-15 08:39:53.45","#ZE0753",50.00,68.00,93.00,120.90,"2022-12-20","127591342","WH",4,,,,"",,"ZE0753A1",30045,5002,"2022-12-20","2023-01-20","USD",93.00,100,"3XS:20|2XS:20|XS:20|S:10|M:10|L:10|XL:10"
230754,"2022-09-15 08:39:53.45","#ZE0754",50.00,68.00,93.00,120.90,"2022-12-20","127591422","WH",4,,,,"",,"ZE0754A0",30029,6002,"2022-12-20","2023-01-20","USD",93.00,100,"3XS:20|2XS:20|XS:20|S:10|M:10|L:10|XL:10"
230755,"2022-09-15 08:39:53.45","#ZE0755",50.00,68.00,93.00,120.90,"2022-12-20","127593479","WH",4,,,,"",,"ZE0755A1",30045,8002,"2022-12-20","2023-01-20","USD",93.00,100,"3XS:20|2XS:20|XS:20|S:10|M:10|L:10|XL:10"
230756,"2022-09-15 08:39:53.45","#ZE0756",50.00,68.00,93.00,120.90,"2022-12-20","127593563","WH",4,,,,"",,"ZE0756A1",30045,1002,"2022-12-20","2023-01-20","USD",93.00,100,"3XS:20|2XS:20|XS:20|S:10|M:10|L:10|XL:10"
230757,"2022-09-15 08:39:53.45","#ZE0757",50.00,68.00,93.00,120.90,"2022-12-20","127595684","WH",4,,,,"",,"ZE0757A0",30029,3002,"2022-12-20","2023-01-20","USD",93.00,100,"3XS:20|2XS:20|XS:20|S:10|M:10|L:10|XL:10"
230758,"2022-09-15 08:39:53.45","#ZE0758",50.00,68.00,93.00,120.90,"2022-12-20","127597831","WH",4,,,,"",,"ZE0758A1",30045,5002,"2022-12-20","2023-01-20","USD",93.00,100,"3XS:20|2XS:20|XS:20|S:10|M:10|L:10|XL:10"
230759,"2022-09-15 08:39:53.45","#ZE0759",50.00,68.00,93.00,120.90,"2022-12-20","127597912","WH",4,,,,"",,"ZE0759A0",30029,6002,"2022-12-20","2023-01-20","USD",93.00,100,"3XS:20|2XS:20|XS:20|S:10|M:10|L:10|XL:10"
230760,"2022-09-15 08:39:53.45","#ZE0760",50.00,68.00,93.00,120.90,"2022-12-20","127592127","WH",4,,,,"",,"ZE0760A1",30045,8002,"2022-12-20","2023-01-20","USD",93.00,100,"3XS:20|2XS:20|XS:20|S:10|M:10|L:10|XL:10"
230761,"2022-09-15 08:39:53.45","#ZE0761",50.00,68.00,93.00,120.90,"2022-12-20","127592207","WH",4,,,,"",,"ZE0761A1",30045,1002,"2022-12-20","2023-01-20","USD",93.00,100,"3XS:20|2XS:20|XS:20|S:10|M:10|L:10|XL:10"
230762,"2022-09-15 08:39:53.45","#ZE0762",50.00,68.00,93.00,120.90,"2022-12-20","127591509","WH",4,,,,"",,"ZE0762A0",30029,3002,"2022-12-20","2023-01-20","USD",93.00,100,"3XS:20|2XS:20|XS:20|S:10|M:10|L:10|XL:10"
230763,"2022-09-15 08:39:53.45","#ZE0763",50.00,68.00,93.00,120.90,"2022-12-20","127593642","WH",4,,,,"",,"ZE0763A1",30045,5002,"2022-12-20","2023-01-20","USD",93.00,100,"3XS:20|2XS:20|XS:20|S:10|M:10|L:10|XL:10"
230764,"2022-09-15 08:39:53.45","#ZE0764",50.00,68.00,93.00,120.90,"2022-12-20","127595764","WH",4,,,,"",,"ZE0764A0",30029,6002,"2022-12-20","2023-01-20","USD",93.00,100,"3XS:20|2XS:20|XS:20|S:10|M:10|L:10|XL:10"
230765,"2022-09-15 08:39:53.45","#ZE0765",50.00,68.00,93.00,120.90,"2022-12-20","127595844","WH",4,,,,"",,"ZE0765A1",30045,8002,"2022-12-20","2023-01-20","USD",93.00,100,"3XS:20|2XS:20|XS:20|S:10|M:10|L:10|XL:10"
230766,"2022-09-15 08:39:53.45","#ZE0766",50.00,68.00,93.00,120.90,"2022-12-20","127597992","WH",4,,,,"",,"ZE0766A1",30045,1002,"2022-12-20","2023-01-20","USD",93.00,100,"3XS:20|2XS:20|XS:20|S:10|M:10|L:10|XL:10"
230767,"2022-09-15 08:39:53.45","#ZE0767",50.00,68.00,93.00,120.90,"2022-12-20","127598070","WH",4,,,,"",,"ZE0767A0",30029,3002,"2022-12-20","2023-01-20","USD",93.00,100,"3XS:20|2XS:20|XS:20|S:10|M:10|L:10|XL:10"
230768,"2022-09-15 08:39:53.45","#ZE0768",50.00,68.00,93.00,120.90,"2022-12-20","127592279","WH",4,,,,"",,"ZE0768A1",30045,5002,"2022-12-20","2023-01-20","USD",93.00,100,"3XS:20|2XS:20|XS:20|S:10|M:10|L:10|XL:10"
230769,"2022-09-15 08:39:53.45","#ZE0769",50.00,68.00,93.00,120.90,"2022-12-20","127591588","WH",4,,,,"",,"ZE0769A0",30029,6002,"2022-12-20","2023-01-20","USD",93.00,100,"3XS:20|2XS:20|XS:20|S:10|M:10|L:10|XL:10"
230770,"2022-09-15 08:39:53.45","#ZE0770",50.00,68.00,93.00,120.90,"2022-12-20","127591673","WH",4,,,,"",,"ZE0770A1",30045,8002,"2022-12-20","2023-01-20","USD",93.00,100,"3XS:20|2XS:20|XS:20|S:10|M:10|L:10|XL:10"
230771,"2022-09-15 08:39:53.45","#ZE0771",50.00,68.00,93.00,120.90,"2022-12-20","127593722","WH",4,,,,"",,"ZE0771A1",30045,1002,"2022-12-20","2023-01-20","USD",93.00,100,"3XS:20|2XS:20|XS:20|S:10|M:10|L:10|XL:10"
230772,"2022-09-15 08:39:53.45","#ZE0772",50.00,68.00,93.00,120.90,"2022-12-20","127593803","WH",4,,,,"",,"ZE0772A0",30029,3002,"2022-12-20","2023-01-20","USD",93.00,100,"3XS:20|2XS:20|XS:20|S:10|M:10|L:10|XL:10"
230773,"2022-09-15 08:39:53.45","#ZE0773",50.00,68.00,93.00,120.90,"2022-12-20","127595923","WH",4,,,,"",,"ZE0773A1",30045,5002,"2022-12-20","2023-01-20","USD",93.00,100,"3XS:20|2XS:20|XS:20|S:10|M:10|L:10|XL:10"
230774,"2022-09-15 08:39:53.45","#ZE0774",50.00,68.00,93.00,120.90,"2022-12-20","127595996","WH",4,,,,"",,"ZE0774A0",30029,6002,"2022-12-20","2023-01-20","USD",93.00,100,"3XS:20|2XS:20|XS:20|S:10|M:10|L:10|XL:10"
230775,"2022-09-15 08:39:53.45","#ZE0775",50.00,68.00,93.00,120.90,"2022-12-20","127598150","WH",4,,,,"",,"ZE0775A1",30045,8002,"2022-12-20","2023-01-20","USD",93.00,100,"3XS:20|2XS:20|XS:20|S:10|M:10|L:10|XL:10"
230776,"2022-09-15 08:39:53.45","#ZE0776",50.00,68.00,93.00,120.90,"2022-12-20","127592353","WH",4,,,,"",,"ZE0776A1",30045,1002,"2022-12-20","2023-01-20","USD",93.00,100,"3XS:20|2XS:20|XS:20|S:10|M:10|L:10|XL:10"
230777,"2022-09-15 08:39:53.45","#ZE0777",50.00,68.00,93.00,120.90,"2022-12-20","127592434","WH",4,,,,"",,"ZE0777A0",30029,3002,"2022-12-20","2023-01-20","USD",93.00,100,"3XS:20|2XS:20|XS:20|S:10|M:10|L:10|XL:10"
230778,"2022-09-15 08:39:53.45","#ZE0778",50.00,68.00,93.00,120.90,"2022-12-20","127591753","WH",4,,,,"",,"ZE0778A1",30045,5002,"2022-12-20","2023-01-20","USD",93.00,100,"3XS:20|2XS:20|XS:20|S:10|M:10|L:10|XL:10"
230779,"2022-09-15 08:39:53.45","#ZE0779",50.00,68.00,93.00,120.90,"2022-12-20","127593883","WH",4,,,,"",,"ZE0779A0",30029,6002,"2022-12-20","2023-01-20","USD",93.00,100,"3XS:20|2XS:20|XS:20|S:10|M:10|L:10|XL:10"
230780,"2022-09-15 08:39:53.45","#ZE0780",50.00,68.00,93.00,120.90,"2022-12-20","127593963","WH",4,,,,"",,"ZE0780A1",30045,8002,"2022-12-20","2023-01-20","USD",93.00,100,"3XS:20|2XS:20|XS:20|S:10|M:10|L:10|XL:10"
230781,"2022-09-15 08:39:53.45","#ZE0781",50.00,68.00,93.00,120.90,"2022-12-20","127596076","WH",4,,,,"",,"ZE0781A1",30045,1002,"2022-12-20","2023-01-20","USD",93.00,100,"3XS:20|2XS:20|XS:20|S:10|M:10|L:10|XL:10"
230782,"2022-09-15 08:39:53.45","#ZE0782",50.00,68.00,93.00,120.90,"2022-12-20","127598230","WH",4,,,,"",,"ZE0782A0",30029,3002,"2022-12-20","2023-01-20","USD",93.00,100,"3XS:20|2XS:20|XS:20|S:10|M:10|L:10|XL:10"
230783,"2022-09-15 08:39:53.45","#ZE0783",50.00,68.00,93.00,120.90,"2022-12-20","127598310","WH",4,,,,"",,"ZE0783A1",30045,5002,"2022-12-20","2023-01-20","USD",93.00,100,"3XS:20|2XS:20|XS:20|S:10|M:10|L:10|XL:10"
230784,"2022-09-15 08:39:53.45","#ZE0784",50.00,68.00,93.00,120.90,"2022-12-20","127592515","WH",4,,,,"",,"ZE0784A0",30029,6002,"2022-12-20","2023-01-20","USD",93.00,100,"3XS:20|2XS:20|XS:20|S:10|M:10|L:10|XL:10"
230785,"2022-09-15 08:39:53.45","#ZE0785",50.00,68.00,93.00,120.90,"2022-12-20","127591832","WH",4,,,,"",,"ZE0785A1",30045,8002,"2022-12-20","2023-01-20","USD",93.00,100,"3XS:20|2XS:20|XS:20|S:10|M:10|L:10|XL:10"
230786,"2022-09-15 08:39:53.45","#ZE0786",50.00,68.00,93.00,120.90,"2022-12-20","127591914","WH",4,,,,"",,"ZE0786A1",30045,1002,"2022-12-20","2023-01-20","USD",93.00,100,"3XS:20|2XS:20|XS:20|S:10|M:10|L:10|XL:10"
230787,"2022-09-15 08:39:53.45","#ZE0787",50.00,68.00,93.00,120.90,"2022-12-20","127594043","WH",4,,,,"",,"ZE0787A0",30029,3002,"2022-12-20","2023-01-20","USD",93.00,100,"3XS:20|2XS:20|XS:20|S:10|M:10|L:10|XL:10"
230788,"2022-09-15 08:39:53.45","#ZE0788",50.00,68.00,93.00,120.90,"2022-12-20","127596156","WH",4,,,,"",,"ZE0788A1",30045,5002,"2022-12-20","2023-01-20","USD",93.00,100,"3XS:20|2XS:20|XS:20|S:10|M:10|L:10|XL:10"
230789,"2022-09-15 08:39:53.45","#ZE0789",50.00,68.00,93.00,120.90,"2022-12-20","127596237","WH",4,,,,"",,"ZE0789A0",30029,6002,"2022-12-20","2023-01-20","USD",93.00,100,"3XS:20|2XS:20|XS:20|S:10|M:10|L:10|XL:10"
230790,"2022-09-15 08:39:53.45","#ZE0790",50.00,68.00,93.00,120.90,"2022-12-20","127598390","WH",4,,,,"",,"ZE0790A1",30045,8002,"2022-12-20","2023-01-20","USD",93.00,100,"3XS:20|2XS:20|XS:20|S:10|M:10|L:10|XL:10"
230791,"2022-09-15 08:39:53.45","#ZE0791",50.00,68.00,93.00,120.90,"2022-12-20","127598468","WH",4,,,,"",,"ZE0791A1",30045,1002,"2022-12-20","2023-01-20","USD",93.00,100,"3XS:20|2XS:20|XS:20|S:10|M:10|L:10|XL:10"
230792,"2022-09-15 08:39:53.45","#ZE0792",50.00,68.00,93.00,120.90,"2022-12-20","127591995","WH",4,,,,"",,"ZE0792A0",30029,3002,"2022-12-20","2023-01-20","USD",93.00,100,"3XS:20|2XS:20|XS:20|S:10|M:10|L:10|XL:10"
230793,"2022-09-15 08:39:53.45","#ZE0793",50.00,68.00,93.00,120.90,"2022-12-20","127594123","WH",4,,,,"",,"ZE0793A1",30045,5002,"2022-12-20","2023-01-20","USD",93.00,100,"3XS:20|2XS:20|XS:20|S:10|M:10|L:10|XL:10"
230794,"2022-09-15 08:39:53.45","#ZE0794",50.00,68.00,93.00,120.90,"2022-12-20","127594203","WH",4,,,,"",,"ZE0794A0",30029,6002,"2022-12-20","2023-01-20","USD",93.00,100,"3XS:20|2XS:20|XS:20|S:10|M:10|L:10|XL:10"
230795,"2022-09-15 08:39:53.45","#ZE0795",50.00,68.00,93.00,120.90,"2022-12-20","127596321","WH",4,,,,"",,"ZE0795A1",30045,8002,"2022-12-20","2023-01-20","USD",93.00,100,"3XS:20|2XS:20|XS:20|S:10|M:10|L:10|XL:10"
230796,"2022-09-15 08:39:53.45","#ZE0796",50.00,68.00,93.00,120.90,"2022-12-20","127596404","WH",4,,,,"",,"ZE0796A1",30045,1002,"2022-12-20","2023-01-20","USD",93.00,100,"3XS:20|2XS:20|XS:20|S:10|M:10|L:10|XL:10"
230797,"2022-09-15 08:39:53.45","#ZE0797",50.00,68.00,93.00,120.90,"2022-12-20","127598546","WH",4,,,,"",,"ZE0797A0",30029,3002,"2022-12-20","2023-01-20","USD",93.00,100,"3XS:20|2XS:20|XS:20|S:10|M:10|L:10|XL:10"
230798,"2022-09-15 08:39:53.45","#ZE0798",50.00,68.00,93.00,120.90,"2022-12-20","127598624","WH",4,,,,"",,"ZE0798A1",30045,5002,"2022-12-20","2023-01-20","USD",93.00,100,"3XS:20|2XS:20|XS:20|S:10|M:10|L:10|XL:10"
230799,"2022-09-15 08:39:53.45","#ZE0799",50.00,68.00,93.00,120.90,"2022-12-20","127591699","WH",4,,,,"",,"ZE0799A0",30029,6002,"2022-12-20","2023-01-20","USD",93.00,100,"3XS:20|2XS:20|XS:20|S:10|M:10|L:10|XL:10"
230800,"2022-09-15 08:39:53.45","#ZE0800",50.00,68.00,93.00,120.90,"2022-12-20","127591731","WH",4,,,,"",,"ZE0800A1",30045,8002,"2022-12-20","2023-01-20","USD",93.00,100,"3XS:20|2XS:20|XS:20|S:10|M:10|L:10|XL:10"
230801,"2022-09-15 08:39:53.45","#ZE0801",50.00,68.00,93.00,120.90,"2022-12-20","127592820","WH",4,,,,"",,"ZE0801A1",30045,1002,"2022-12-20","2023-01-20","USD",93.00,100,"3XS:20|2XS:20|XS:20|S:10|M:10|L:10|XL:10"
230802,"2022-09-15 08:39:53.45","#ZE0802",50.00,68.00,93.00,120.90,"2022-12-20","127593204","WH",4,,,,"",,"ZE0802A0",30029,3002,"2022-12-20","2023-01-20","USD",93.00,100,"3XS:20|2XS:20|XS:20|S:10|M:10|L:10|XL:10"
230803,"2022-09-15 08:39:53.45","#ZE0803",50.00,68.00,93.00,120.90,"2022-12-20","127593269","WH",4,,,,"",,"ZE0803A1",30045,5002,"2022-12-20","2023-01-20","USD",93.00,100,"3XS:20|2XS:20|XS:20|S:10|M:10|L:10|XL:10"
230804,"2022-09-15 08:39:53.45","#ZE0804",50.00,68.00,93.00,120.90,"2022-12-20","127594501","WH",4,,,,"",,"ZE0804A0",30029,6002,"2022-12-20","2023-01-20","USD",93.00,100,"3XS:20|2XS:20|XS:20|S:10|M:10|L:10|XL:10"
230805,"2022-09-15 08:39:53.45","#ZE0805",50.00,68.00,93.00,120.90,"2022-12-20","127594531","WH",4,,,,"",,"ZE0805A1",30045,8002,"2022-12-20","2023-01-20","USD",93.00,100,"3XS:20|2XS:20|XS:20|S:10|M:10|L:10|XL:10"
230806,"2022-09-15 08:39:53.45","#ZE0806",50.00,68.00,93.00,120.90,"2022-12-20","127595635","WH",4,,,,"",,"ZE0806A1",30045,1002,"2022-12-20","2023-01-20","USD",93.00,100,"3XS:20|2XS:20|XS:20|S:10|M:10|L:10|XL:10"
230807,"2022-09-15 08:39:53.45","#ZE0807",50.00,68.00,93.00,120.90,"2022-12-20","127596708","WH",4,,,,"",,"ZE0807A0",30029,3002,"2022-12-20","2023-01-20","USD",93.00,100,"3XS:20|2XS:20|XS:20|S:10|M:10|L:10|XL:10"
230808,"2022-09-15 08:39:53.45","#ZE0808",50.00,68.00,93.00,120.90,"2022-12-20","127596717","WH",4,,,,"",,"ZE0808A1",30045,5002,"2022-12-20","2023-01-20","USD",93.00,100,"3XS:20|2XS:20|XS:20|S:10|M:10|L:10|XL:10"
230809,"2022-09-15 08:39:53.45","#ZE0809",50.00,68.00,93.00,120.90,"2022-12-20","127598349","WH",4,,,,"",,"ZE0809A0",30029,6002,"2022-12-20","2023-01-20","USD",93.00,100,"3XS:20|2XS:20|XS:20|S:10|M:10|L:10|XL:10"
230810,"2022-09-15 08:39:53.45","#ZE0810",50.00,68.00,93.00,120.90,"2022-12-20","127598428","WH",4,,,,"",,"ZE0810A1",30045,8002,"2022-12-20","2023-01-20","USD",93.00,100,"3XS:20|2XS:20|XS:20|S:10|M:10|L:10|XL:10"
230811,"2022-09-15 08:39:53.45","#ZE0811",50.00,68.00,93.00,120.90,"2022-12-20","127591779","WH",4,,,,"",,"ZE0811A1",30045,1002,"2022-12-20","2023-01-20","USD",93.00,100,"3XS:20|2XS:20|XS:20|S:10|M:10|L:10|XL:10"
230812,"2022-09-15 08:39:53.45","#ZE0812",50.00,68.00,93.00,120.90,"2022-12-20","127591801","WH",4,,,,"",,"ZE0812A0",30029,3002,"2022-12-20","2023-01-20","USD",93.00,100,"3XS:20|2XS:20|XS:20|S:10|M:10|L:10|XL:10"
230813,"2022-09-15 08:39:53.45","#ZE0813",50.00,68.00,93.00,120.90,"2022-12-20","127592866","WH",4,,,,"",,"ZE0813A1",30045,5002,"2022-12-20","2023-01-20","USD",93.00,100,"3XS:20|2XS:20|XS:20|S:10|M:10|L:10|XL:10"
230814,"2022-09-15 08:39:53.45","#ZE0814",50.00,68.00,93.00,120.90,"2022-12-20","127592890","WH",4,,,,"",,"ZE0814A0",30029,6002,"2022-12-20","2023-01-20","USD",93.00,100,"3XS:20|2XS:20|XS:20|S:10|M:10|L:10|XL:10"
230815,"2022-09-15 08:39:53.45","#ZE0815",50.00,68.00,93.00,120.90,"2022-12-20","127593284","WH",4,,,,"",,"ZE0815A1",30045,8002,"2022-12-20","2023-01-20","USD",93.00,100,"3XS:20|2XS:20|XS:20|S:10|M:10|L:10|XL:10"
230816,"2022-09-15 08:39:53.45","#ZE0816",50.00,68.00,93.00,120.90,"2022-12-20","127594586","WH",4,,,,"",,"ZE0816A1",30045,1002,"2022-12-20","2023-01-20","USD",93.00,100,"3XS:20|2XS:20|XS:20|S:10|M:10|L:10|XL:10"
230817,"2022-09-15 08:39:53.45","#ZE0817",50.00,68.00,93.00,120.90,"2022-12-20","127594612","WH",4,,,,"",,"ZE0817A0",30029,3002,"2022-12-20","2023-01-20","USD",93.00,100,"3XS:20|2XS:20|XS:20|S:10|M:10|L:10|XL:10"
230818,"2022-09-15 08:39:53.45","#ZE0818",50.00,68.00,93.00,120.90,"2022-12-20","127595651","WH",4,,,,"",,"ZE0818A1",30045,5002,"2022-12-20","2023-01-20","USD",93.00,100,"3XS:20|2XS:20|XS:20|S:10|M:10|L:10|XL:10"
230819,"2022-09-15 08:39:53.45","#ZE0819",50.00,68.00,93.00,120.90,"2022-12-20","127595715","WH",4,,,,"",,"ZE0819A0",30029,6002,"2022-12-20","2023-01-20","USD",93.00,100,"3XS:20|2XS:20|XS:20|S:10|M:10|L:10|XL:10"
230820,"2022-09-15 08:39:53.45","#ZE0820",50.00,68.00,93.00,120.90,"2022-12-20","127596789","WH",4,,,,"",,"ZE0820A1",30045,8002,"2022-12-20","2023-01-20","USD",93.00,100,"3XS:20|2XS:20|XS:20|S:10|M:10|L:10|XL:10"
230821,"2022-09-15 08:39:53.45","#ZE0821",50.00,68.00,93.00,120.90,"2022-12-20","127596788","WH",4,,,,"",,"ZE0821A1",30045,1002,"2022-12-20","2023-01-20","USD",93.00,100,"3XS:20|2XS:20|XS:20|S:10|M:10|L:10|XL:10"
230822,"2022-09-15 08:39:53.45","#ZE0822",50.00,68.00,93.00,120.90,"2022-12-20","127598508","WH",4,,,,"",,"ZE0822A0",30029,3002,"2022-12-20","2023-01-20","USD",93.00,100,"3XS:20|2XS:20|XS:20|S:10|M:10|L:10|XL:10"
230823,"2022-09-15 08:39:53.45","#ZE0823",50.00,68.00,93.00,120.90,"2022-12-20","127598587","WH",4,,,,"",,"ZE0823A1",30045,5002,"2022-12-20","2023-01-20","USD",93.00,100,"3XS:20|2XS:20|XS:20|S:10|M:10|L:10|XL:10"
230824,"2022-09-15 08:39:53.45","#ZE0824",50.00,68.00,93.00,120.90,"2022-12-20","127590777","WH",4,,,,"",,"ZE0824A0",30029,6002,"2022-12-20","2023-01-20","USD",93.00,100,"3XS:20|2XS:20|XS:20|S:10|M:10|L:10|XL:10"
230825,"2022-09-15 08:39:53.45","#ZE0825",50.00,68.00,93.00,120.90,"2022-12-20","127591859","WH",4,,,,"",,"ZE0825A1",30045,8002,"2022-12-20","2023-01-20","USD",93.00,100,"3XS:20|2XS:20|XS:20|S:10|M:10|L:10|XL:10"
230826,"2022-09-15 08:39:53.45","#ZE0826",50.00,68.00,93.00,120.90,"2022-12-20","127592948","WH",4,,,,"",,"ZE0826A1",30045,1002,"2022-12-20","2023-01-20","USD",93.00,100,"3XS:20|2XS:20|XS:20|S:10|M:10|L:10|XL:10"
230827,"2022-09-15 08:39:53.45","#ZE0827",50.00,68.00,93.00,120.90,"2022-12-20","127592965","WH",4,,,,"",,"ZE0827A0",30029,3002,"2022-12-20","2023-01-20","USD",93.00,100,"3XS:20|2XS:20|XS:20|S:10|M:10|L:10|XL:10"
230828,"2022-09-15 08:39:53.45","#ZE0828",50.00,68.00,93.00,120.90,"2022-12-20","127593357","WH",4,,,,"",,"ZE0828A1",30045,5002,"2022-12-20","2023-01-20","USD",93.00,100,"3XS:20|2XS:20|XS:20|S:10|M:10|L:10|XL:10"
230829,"2022-09-15 08:39:53.45","#ZE0829",50.00,68.00,93.00,120.90,"2022-12-20","127593350","WH",4,,,,"",,"ZE0829A0",30029,6002,"2022-12-20","2023-01-20","USD",93.00,100,"3XS:20|2XS:20|XS:20|S:10|M:10|L:10|XL:10"
230830,"2022-09-15 08:39:53.45","#ZE0830",50.00,68.00,93.00,120.90,"2022-12-20","127593587","WH",4,,,,"",,"ZE0830A1",30045,8002,"2022-12-20","2023-01-20","USD",93.00,100,"3XS:20|2XS:20|XS:20|S:10|M:10|L:10|XL:10"
230831,"2022-09-15 08:39:53.45","#ZE0831",50.00,68.00,93.00,120.90,"2022-12-20","127594667","WH",4,,,,"",,"ZE0831A1",30045,1002,"2022-12-20","2023-01-20","USD",93.00,100,"3XS:20|2XS:20|XS:20|S:10|M:10|L:10|XL:10"
230832,"2022-09-15 08:39:53.45","#ZE0832",50.00,68.00,93.00,120.90,"2022-12-20","127594692","WH",4,,,,"",,"ZE0832A0",30029,3002,"2022-12-20","2023-01-20","USD",93.00,100,"3XS:20|2XS:20|XS:20|S:10|M:10|L:10|XL:10"
230833,"2022-09-15 08:39:53.45","#ZE0833",50.00,68.00,93.00,120.90,"2022-12-20","127595731","WH",4,,,,"",,"ZE0833A1",30045,5002,"2022-12-20","2023-01-20","USD",93.00,100,"3XS:20|2XS:20|XS:20|S:10|M:10|L:10|XL:10"
230834,"2022-09-15 08:39:53.45","#ZE0834",50.00,68.00,93.00,120.90,"2022-12-20","127595795","WH",4,,,,"",,"ZE0834A0",30029,6002,"2022-12-20","2023-01-20","USD",93.00,100,"3XS:20|2XS:20|XS:20|S:10|M:10|L:10|XL:10"
230835,"2022-09-15 08:39:53.45","#ZE0835",50.00,68.00,93.00,120.90,"2022-12-20","127596865","WH",4,,,,"",,"ZE0835A1",30045,8002,"2022-12-20","2023-01-20","USD",93.00,100,"3XS:20|2XS:20|XS:20|S:10|M:10|L:10|XL:10"
230836,"2022-09-15 08:39:53.45","#ZE0836",50.00,68.00,93.00,120.90,"2022-12-20","127596873","WH",4,,,,"",,"ZE0836A1",30045,1002,"2022-12-20","2023-01-20","USD",93.00,100,"3XS:20|2XS:20|XS:20|S:10|M:10|L:10|XL:10"
230837,"2022-09-15 08:39:53.45","#ZE0837",50.00,68.00,93.00,120.90,"2022-12-20","127598668","WH",4,,,,"",,"ZE0837A0",30029,3002,"2022-12-20","2023-01-20","USD",93.00,100,"3XS:20|2XS:20|XS:20|S:10|M:10|L:10|XL:10"
230838,"2022-09-15 08:39:53.45","#ZE0838",50.00,68.00,93.00,120.90,"2022-12-20","127590776","WH",4,,,,"",,"ZE0838A1",30045,5002,"2022-12-20","2023-01-20","USD",93.00,100,"3XS:20|2XS:20|XS:20|S:10|M:10|L:10|XL:10"
230839,"2022-09-15 08:39:53.45","#ZE0839",50.00,68.00,93.00,120.90,"2022-12-20","127591876","WH",4,,,,"",,"ZE0839A0",30029,6002,"2022-12-20","2023-01-20","USD",93.00,100,"3XS:20|2XS:20|XS:20|S:10|M:10|L:10|XL:10"
230840,"2022-09-15 08:39:53.45","#ZE0840",50.00,68.00,93.00,120.90,"2022-12-20","127591939","WH",4,,,,"",,"ZE0840A1",30045,8002,"2022-12-20","2023-01-20","USD",93.00,100,"3XS:20|2XS:20|XS:20|S:10|M:10|L:10|XL:10"
230841,"2022-09-15 08:39:53.45","#ZE0841",50.00,68.00,93.00,120.90,"2022-12-20","127593028","WH",4,,,,"",,"ZE0841A1",30045,1002,"2022-12-20","2023-01-20","USD",93.00,100,"3XS:20|2XS:20|XS:20|S:10|M:10|L:10|XL:10"
230842,"2022-09-15 08:39:53.45","#ZE0842",50.00,68.00,93.00,120.90,"2022-12-20","127593044","WH",4,,,,"",,"ZE0842A0",30029,3002,"2022-12-20","2023-01-20","USD",93.00,100,"3XS:20|2XS:20|XS:20|S:10|M:10|L:10|XL:10"
230843,"2022-09-15 08:39:53.45","#ZE0843",50.00,68.00,93.00,120.90,"2022-12-20","127593433","WH",4,,,,"",,"ZE0843A1",30045,5002,"2022-12-20","2023-01-20","USD",93.00,100,"3XS:20|2XS:20|XS:20|S:10|M:10|L:10|XL:10"
230844,"2022-09-15 08:39:53.45","#ZE0844",50.00,68.00,93.00,120.90,"2022-12-20","127593431","WH",4,,,,"",,"ZE0844A0",30029,6002,"2022-12-20","2023-01-20","USD",93.00,100,"3XS:20|2XS:20|XS:20|S:10|M:10|L:10|XL:10"
230845,"2022-09-15 08:39:53.45","#ZE0845",50.00,68.00,93.00,120.90,"2022-12-20","127593603","WH",4,,,,"",,"ZE0845A1",30045,8002,"2022-12-20","2023-01-20","USD",93.00,100,"3XS:20|2XS:20|XS:20|S:10|M:10|L:10|XL:10"
230846,"2022-09-15 08:39:53.45","#ZE0846",50.00,68.00,93.00,120.90,"2022-12-20","127593667","WH",4,,,,"",,"ZE0846A1",30045,1002,"2022-12-20","2023-01-20","USD",93.00,100,"3XS:20|2XS:20|XS:20|S:10|M:10|L:10|XL:10"
230847,"2022-09-15 08:39:53.45","#ZE0847",50.00,68.00,93.00,120.90,"2022-12-20","127594751","WH",4,,,,"",,"ZE0847A0",30029,3002,"2022-12-20","2023-01-20","USD",93.00,100,"3XS:20|2XS:20|XS:20|S:10|M:10|L:10|XL:10"
230848,"2022-09-15 08:39:53.45","#ZE0848",50.00,68.00,93.00,120.90,"2022-12-20","127595811","WH",4,,,,"",,"ZE0848A1",30045,5002,"2022-12-20","2023-01-20","USD",93.00,100,"3XS:20|2XS:20|XS:20|S:10|M:10|L:10|XL:10"
230849,"2022-09-15 08:39:53.45","#ZE0849",50.00,68.00,93.00,120.90,"2022-12-20","127595875","WH",4,,,,"",,"ZE0849A0",30029,6002,"2022-12-20","2023-01-20","USD",93.00,100,"3XS:20|2XS:20|XS:20|S:10|M:10|L:10|XL:10"
230850,"2022-09-15 08:39:53.45","#ZE0850",50.00,68.00,93.00,120.90,"2022-12-20","127596938","WH",4,,,,"",,"ZE0850A1",30045,8002,"2022-12-20","2023-01-20","USD",93.00,100,"3XS:20|2XS:20|XS:20|S:10|M:10|L:10|XL:10"
230851,"2022-09-15 08:39:53.45","#ZE0851",50.00,68.00,93.00,120.90,"2022-12-20","127597049","WH",4,,,,"",,"ZE0851A1",30045,1002,"2022-12-20","2023-01-20","USD",93.00,100,"3XS:20|2XS:20|XS:20|S:10|M:10|L:10|XL:10"
230852,"2022-09-15 08:39:53.45","#ZE0852",50.00,68.00,93.00,120.90,"2022-12-20","127597206","WH",4,,,,"",,"ZE0852A0",30029,3002,"2022-12-20","2023-01-20","USD",93.00,100,"3XS:20|2XS:20|XS:20|S:10|M:10|L:10|XL:10"
230853,"2022-09-15 08:39:53.45","#ZE0853",50.00,68.00,93.00,120.90,"2022-12-20","127597280","WH",4,,,,"",,"ZE0853A1",30045,5002,"2022-12-20","2023-01-20","USD",93.00,100,"3XS:20|2XS:20|XS:20|S:10|M:10|L:10|XL:10"
230854,"2022-09-15 08:39:53.45","#ZE0854",50.00,68.00,93.00,120.90,"2022-12-20","127590858","WH",4,,,,"",,"ZE0854A0",30029,6002,"2022-12-20","2023-01-20","USD",93.00,100,"3XS:20|2XS:20|XS:20|S:10|M:10|L:10|XL:10"
230855,"2022-09-15 08:39:53.45","#ZE0855",50.00,68.00,93.00,120.90,"2022-12-20","127590860","WH",4,,,,"",,"ZE0855A1",30045,8002,"2022-12-20","2023-01-20","USD",93.00,100,"3XS:20|2XS:20|XS:20|S:10|M:10|L:10|XL:10"
230856,"2022-09-15 08:39:53.45","#ZE0856",50.00,68.00,93.00,120.90,"2022-12-20","127591955","WH",4,,,,"",,"ZE0856A1",30045,1002,"2022-12-20","2023-01-20","USD",93.00,100,"3XS:20|2XS:20|XS:20|S:10|M:10|L:10|XL:10"
230857,"2022-09-15 08:39:53.45","#ZE0857",50.00,68.00,93.00,120.90,"2022-12-20","127592020","WH",4,,,,"",,"ZE0857A0",30029,3002,"2022-12-20","2023-01-20","USD",93.00,100,"3XS:20|2XS:20|XS:20|S:10|M:10|L:10|XL:10"
230858,"2022-09-15 08:39:53.45","#ZE0858",50.00,68.00,93.00,120.90,"2022-12-20","127593508","WH",4,,,,"",,"ZE0858A1",30045,5002,"2022-12-20","2023-01-20","USD",93.00,100,"3XS:20|2XS:20|XS:20|S:10|M:10|L:10|XL:10"
230859,"2022-09-15 08:39:53.45","#ZE0859",50.00,68.00,93.00,120.90,"2022-12-20","127593513","WH",4,,,,"",,"ZE0859A0",30029,6002,"2022-12-20","2023-01-20","USD",93.00,100,"3XS:20|2XS:20|XS:20|S:10|M:10|L:10|XL:10"
230860,"2022-09-15 08:39:53.45","#ZE0860",50.00,68.00,93.00,120.90,"2022-12-20","127593691","WH",4,,,,"",,"ZE0860A1",30045,8002,"2022-12-20","2023-01-20","USD",93.00,100,"3XS:20|2XS:20|XS:20|S:10|M:10|L:10|XL:10"
230861,"2022-09-15 08:39:53.45","#ZE0861",50.00,68.00,93.00,120.90,"2022-12-20","127594772","WH",4,,,,"",,"ZE0861A1",30045,1002,"2022-12-20","2023-01-20","USD",93.00,100,"3XS:20|2XS:20|XS:20|S:10|M:10|L:10|XL:10"
230862,"2022-09-15 08:39:53.45","#ZE0862",50.00,68.00,93.00,120.90,"2022-12-20","127594836","WH",4,,,,"",,"ZE0862A0",30029,3002,"2022-12-20","2023-01-20","USD",93.00,100,"3XS:20|2XS:20|XS:20|S:10|M:10|L:10|XL:10"
230863,"2022-09-15 08:39:53.45","#ZE0863",50.00,68.00,93.00,120.90,"2022-12-20","127595891","WH",4,,,,"",,"ZE0863A1",30045,5002,"2022-12-20","2023-01-20","USD",93.00,100,"3XS:20|2XS:20|XS:20|S:10|M:10|L:10|XL:10"
230864,"2022-09-15 08:39:53.45","#ZE0864",50.00,68.00,93.00,120.90,"2022-12-20","127596962","WH",4,,,,"",,"ZE0864A0",30029,6002,"2022-12-20","2023-01-20","USD",93.00,100,"3XS:20|2XS:20|XS:20|S:10|M:10|L:10|XL:10"
230865,"2022-09-15 08:39:53.45","#ZE0865",50.00,68.00,93.00,120.90,"2022-12-20","127597014","WH",4,,,,"",,"ZE0865A1",30045,8002,"2022-12-20","2023-01-20","USD",93.00,100,"3XS:20|2XS:20|XS:20|S:10|M:10|L:10|XL:10"
230866,"2022-09-15 08:39:53.45","#ZE0866",50.00,68.00,93.00,120.90,"2022-12-20","127597132","WH",4,,,,"",,"ZE0866A1",30045,1002,"2022-12-20","2023-01-20","USD",93.00,100,"3XS:20|2XS:20|XS:20|S:10|M:10|L:10|XL:10"
230867,"2022-09-15 08:39:53.45","#ZE0867",50.00,68.00,93.00,120.90,"2022-12-20","127597354","WH",4,,,,"",,"ZE0867A0",30029,3002,"2022-12-20","2023-01-20","USD",93.00,100,"3XS:20|2XS:20|XS:20|S:10|M:10|L:10|XL:10"
230868,"2022-09-15 08:39:53.45","#ZE0868",50.00,68.00,93.00,120.90,"2022-12-20","127590933","WH",4,,,,"",,"ZE0868A1",30045,5002,"2022-12-20","2023-01-20","USD",93.00,100,"3XS:20|2XS:20|XS:20|S:10|M:10|L:10|XL:10"
230869,"2022-09-15 08:39:53.45","#ZE0869",50.00,68.00,93.00,120.90,"2022-12-20","127590938","WH",4,,,,"",,"ZE0869A0",30029,6002,"2022-12-20","2023-01-20","USD",93.00,100,"3XS:20|2XS:20|XS:20|S:10|M:10|L:10|XL:10"
230870,"2022-09-15 08:39:53.45","#ZE0870",50.00,68.00,93.00,120.90,"2022-12-20","127592034","WH",4,,,,"",,"ZE0870A1",30045,8002,"2022-12-20","2023-01-20","USD",93.00,100,"3XS:20|2XS:20|XS:20|S:10|M:10|L:10|XL:10"
230871,"2022-09-15 08:39:53.45","#ZE0871",50.00,68.00,93.00,120.90,"2022-12-20","127592103","WH",4,,,,"",,"ZE0871A1",30045,1002,"2022-12-20","2023-01-20","USD",93.00,100,"3XS:20|2XS:20|XS:20|S:10|M:10|L:10|XL:10"
230872,"2022-09-15 08:39:53.45","#ZE0872",50.00,68.00,93.00,120.90,"2022-12-20","127593747","WH",4,,,,"",,"ZE0872A0",30029,3002,"2022-12-20","2023-01-20","USD",93.00,100,"3XS:20|2XS:20|XS:20|S:10|M:10|L:10|XL:10"
230873,"2022-09-15 08:39:53.45","#ZE0873",50.00,68.00,93.00,120.90,"2022-12-20","127593775","WH",4,,,,"",,"ZE0873A1",30045,5002,"2022-12-20","2023-01-20","USD",93.00,100,"3XS:20|2XS:20|XS:20|S:10|M:10|L:10|XL:10"
230874,"2022-09-15 08:39:53.45","#ZE0874",50.00,68.00,93.00,120.90,"2022-12-20","127594854","WH",4,,,,"",,"ZE0874A0",30029,6002,"2022-12-20","2023-01-20","USD",93.00,100,"3XS:20|2XS:20|XS:20|S:10|M:10|L:10|XL:10"
230875,"2022-09-15 08:39:53.45","#ZE0875",50.00,68.00,93.00,120.90,"2022-12-20","127594906","WH",4,,,,"",,"ZE0875A1",30045,8002,"2022-12-20","2023-01-20","USD",93.00,100,"3XS:20|2XS:20|XS:20|S:10|M:10|L:10|XL:10"
230876,"2022-09-15 08:39:53.45","#ZE0876",50.00,68.00,93.00,120.90,"2022-12-20","127595955","WH",4,,,,"",,"ZE0876A1",30045,1002,"2022-12-20","2023-01-20","USD",93.00,100,"3XS:20|2XS:20|XS:20|S:10|M:10|L:10|XL:10"
230877,"2022-09-15 08:39:53.45","#ZE0877",50.00,68.00,93.00,120.90,"2022-12-20","127595971","WH",4,,,,"",,"ZE0877A0",30029,3002,"2022-12-20","2023-01-20","USD",93.00,100,"3XS:20|2XS:20|XS:20|S:10|M:10|L:10|XL:10"
230878,"2022-09-15 08:39:53.45","#ZE0878",50.00,68.00,93.00,120.90,"2022-12-20","127597096","WH",4,,,,"",,"ZE0878A1",30045,5002,"2022-12-20","2023-01-20","USD",93.00,100,"3XS:20|2XS:20|XS:20|S:10|M:10|L:10|XL:10"
230879,"2022-09-15 08:39:53.45","#ZE0879",50.00,68.00,93.00,120.90,"2022-12-20","127597166","WH",4,,,,"",,"ZE0879A0",30029,6002,"2022-12-20","2023-01-20","USD",93.00,100,"3XS:20|2XS:20|XS:20|S:10|M:10|L:10|XL:10"
230880,"2022-09-15 08:39:53.45","#ZE0880",50.00,68.00,93.00,120.90,"2022-12-20","127597434","WH",4,,,,"",,"ZE0880A1",30045,8002,"2022-12-20","2023-01-20","USD",93.00,100,"3XS:20|2XS:20|XS:20|S:10|M:10|L:10|XL:10"
230881,"2022-09-15 08:39:53.45","#ZE0881",50.00,68.00,93.00,120.90,"2022-12-20","127597512","WH",4,,,,"",,"ZE0881A1",30045,1002,"2022-12-20","2023-01-20","USD",93.00,100,"3XS:20|2XS:20|XS:20|S:10|M:10|L:10|XL:10"
230882,"2022-09-15 08:39:53.45","#ZE0882",50.00,68.00,93.00,120.90,"2022-12-20","127591014","WH",4,,,,"",,"ZE0882A0",30029,3002,"2022-12-20","2023-01-20","USD",93.00,100,"3XS:20|2XS:20|XS:20|S:10|M:10|L:10|XL:10"
230883,"2022-09-15 08:39:53.45","#ZE0883",50.00,68.00,93.00,120.90,"2022-12-20","127591037","WH",4,,,,"",,"ZE0883A1",30045,5002,"2022-12-20","2023-01-20","USD",93.00,100,"3XS:20|2XS:20|XS:20|S:10|M:10|L:10|XL:10"
230884,"2022-09-15 08:39:53.45","#ZE0884",50.00,68.00,93.00,120.90,"2022-12-20","127592100","WH",4,,,,"",,"ZE0884A0",30029,6002,"2022-12-20","2023-01-20","USD",93.00,100,"3XS:20|2XS:20|XS:20|S:10|M:10|L:10|XL:10"
230885,"2022-09-15 08:39:53.45","#ZE0885",50.00,68.00,93.00,120.90,"2022-12-20","127593825","WH",4,,,,"",,"ZE0885A1",30045,8002,"2022-12-20","2023-01-20","USD",93.00,100,"3XS:20|2XS:20|XS:20|S:10|M:10|L:10|XL:10"
230886,"2022-09-15 08:39:53.45","#ZE0886",50.00,68.00,93.00,120.90,"2022-12-20","127593855","WH",4,,,,"",,"ZE0886A1",30045,1002,"2022-12-20","2023-01-20","USD",93.00,100,"3XS:20|2XS:20|XS:20|S:10|M:10|L:10|XL:10"
230887,"2022-09-15 08:39:53.45","#ZE0887",50.00,68.00,93.00,120.90,"2022-12-20","127594925","WH",4,,,,"",,"ZE0887A0",30029,3002,"2022-12-20","2023-01-20","USD",93.00,100,"3XS:20|2XS:20|XS:20|S:10|M:10|L:10|XL:10"
230888,"2022-09-15 08:39:53.45","#ZE0888",50.00,68.00,93.00,120.90,"2022-12-20","127594985","WH",4,,,,"",,"ZE0888A1",30045,5002,"2022-12-20","2023-01-20","USD",93.00,100,"3XS:20|2XS:20|XS:20|S:10|M:10|L:10|XL:10"
230889,"2022-09-15 08:39:53.45","#ZE0889",50.00,68.00,93.00,120.90,"2022-12-20","127596035","WH",4,,,,"",,"ZE0889A0",30029,6002,"2022-12-20","2023-01-20","USD",93.00,100,"3XS:20|2XS:20|XS:20|S:10|M:10|L:10|XL:10"
230890,"2022-09-15 08:39:53.45","#ZE0890",50.00,68.00,93.00,120.90,"2022-12-20","127596051","WH",4,,,,"",,"ZE0890A1",30045,8002,"2022-12-20","2023-01-20","USD",93.00,100,"3XS:20|2XS:20|XS:20|S:10|M:10|L:10|XL:10"
230891,"2022-09-15 08:39:53.45","#ZE0891",50.00,68.00,93.00,120.90,"2022-12-20","127597242","WH",4,,,,"",,"ZE0891A1",30045,1002,"2022-12-20","2023-01-20","USD",93.00,100,"3XS:20|2XS:20|XS:20|S:10|M:10|L:10|XL:10"
230892,"2022-09-15 08:39:53.45","#ZE0892",50.00,68.00,93.00,120.90,"2022-12-20","127597323","WH",4,,,,"",,"ZE0892A0",30029,3002,"2022-12-20","2023-01-20","USD",93.00,100,"3XS:20|2XS:20|XS:20|S:10|M:10|L:10|XL:10"
230893,"2022-09-15 08:39:53.45","#ZE0893",50.00,68.00,93.00,120.90,"2022-12-20","127597592","WH",4,,,,"",,"ZE0893A1",30045,5002,"2022-12-20","2023-01-20","USD",93.00,100,"3XS:20|2XS:20|XS:20|S:10|M:10|L:10|XL:10"
230894,"2022-09-15 08:39:53.45","#ZE0894",50.00,68.00,93.00,120.90,"2022-12-20","127597670","WH",4,,,,"",,"ZE0894A0",30029,6002,"2022-12-20","2023-01-20","USD",93.00,100,"3XS:20|2XS:20|XS:20|S:10|M:10|L:10|XL:10"
230895,"2022-09-15 08:39:53.45","#ZE0895",50.00,68.00,93.00,120.90,"2022-12-20","127591091","WH",4,,,,"",,"ZE0895A1",30045,8002,"2022-12-20","2023-01-20","USD",93.00,100,"3XS:20|2XS:20|XS:20|S:10|M:10|L:10|XL:10"
230896,"2022-09-15 08:39:53.45","#ZE0896",50.00,68.00,93.00,120.90,"2022-12-20","127592179","WH",4,,,,"",,"ZE0896A1",30045,1002,"2022-12-20","2023-01-20","USD",93.00,100,"3XS:20|2XS:20|XS:20|S:10|M:10|L:10|XL:10"
230897,"2022-09-15 08:39:53.45","#ZE0897",50.00,68.00,93.00,120.90,"2022-12-20","127592180","WH",4,,,,"",,"ZE0897A0",30029,3002,"2022-12-20","2023-01-20","USD",93.00,100,"3XS:20|2XS:20|XS:20|S:10|M:10|L:10|XL:10"
230898,"2022-09-15 08:39:53.45","#ZE0898",50.00,68.00,93.00,120.90,"2022-12-20","127593897","WH",4,,,,"",,"ZE0898A1",30045,5002,"2022-12-20","2023-01-20","USD",93.00,100,"3XS:20|2XS:20|XS:20|S:10|M:10|L:10|XL:10"
230899,"2022-09-15 08:39:53.45","#ZE0899",50.00,68.00,93.00,120.90,"2022-12-20","127593935","WH",4,,,,"",,"ZE0899A0",30029,6002,"2022-12-20","2023-01-20","USD",93.00,100,"3XS:20|2XS:20|XS:20|S:10|M:10|L:10|XL:10"
230900,"2022-09-15 08:39:53.45","#ZE0900",50.00,68.00,93.00,120.90,"2022-12-20","127594996","WH",4,,,,"",,"ZE0900A1",30045,8002,"2022-12-20","2023-01-20","USD",93.00,100,"3XS:20|2XS:20|XS:20|S:10|M:10|L:10|XL:10"
230901,"2022-09-15 08:39:53.45","#ZE0901",50.00,68.00,93.00,120.90,"2022-12-20","127596112","WH",4,,,,"",,"ZE0901A1",30045,1002,"2022-12-20","2023-01-20","USD",93.00,100,"3XS:20|2XS:20|XS:20|S:10|M:10|L:10|XL:10"
230902,"2022-09-15 08:39:53.45","#ZE0902",50.00,68.00,93.00,120.90,"2022-12-20","127596131","WH",4,,,,"",,"ZE0902A0",30029,3002,"2022-12-20","2023-01-20","USD",93.00,100,"3XS:20|2XS:20|XS:20|S:10|M:10|L:10|XL:10"
230903,"2022-09-15 08:39:53.45","#ZE0903",50.00,68.00,93.00,120.90,"2022-12-20","127597399","WH",4,,,,"",,"ZE0903A1",30045,5002,"2022-12-20","2023-01-20","USD",93.00,100,"3XS:20|2XS:20|XS:20|S:10|M:10|L:10|XL:10"
230904,"2022-09-15 08:39:53.45","#ZE0904",50.00,68.00,93.00,120.90,"2022-12-20","127597748","WH",4,,,,"",,"ZE0904A0",30029,6002,"2022-12-20","2023-01-20","USD",93.00,100,"3XS:20|2XS:20|XS:20|S:10|M:10|L:10|XL:10"
230905,"2022-09-15 08:39:53.45","#ZE0905",50.00,68.00,93.00,120.90,"2022-12-20","127597828","WH",4,,,,"",,"ZE0905A1",30045,8002,"2022-12-20","2023-01-20","USD",93.00,100,"3XS:20|2XS:20|XS:20|S:10|M:10|L:10|XL:10"
230906,"2022-09-15 08:39:53.45","#ZE0906",50.00,68.00,93.00,120.90,"2022-12-20","127591140","WH",4,,,,"",,"ZE0906A1",30045,1002,"2022-12-20","2023-01-20","USD",93.00,100,"3XS:20|2XS:20|XS:20|S:10|M:10|L:10|XL:10"
230907,"2022-09-15 08:39:53.45","#ZE0907",50.00,68.00,93.00,120.90,"2022-12-20","127591171","WH",4,,,,"",,"ZE0907A0",30029,3002,"2022-12-20","2023-01-20","USD",93.00,100,"3XS:20|2XS:20|XS:20|S:10|M:10|L:10|XL:10"
230908,"2022-09-15 08:39:53.45","#ZE0908",50.00,68.00,93.00,120.90,"2022-12-20","127592259","WH",4,,,,"",,"ZE0908A1",30045,5002,"2022-12-20","2023-01-20","USD",93.00,100,"3XS:20|2XS:20|XS:20|S:10|M:10|L:10|XL:10"
230909,"2022-09-15 08:39:53.45","#ZE0909",50.00,68.00,93.00,120.90,"2022-12-20","127592261","WH",4,,,,"",,"ZE0909A0",30029,6002,"2022-12-20","2023-01-20","USD",93.00,100,"3XS:20|2XS:20|XS:20|S:10|M:10|L:10|XL:10"
230910,"2022-09-15 08:39:53.45","#ZE0910",50.00,68.00,93.00,120.90,"2022-12-20","127593972","WH",4,,,,"",,"ZE0910A1",30045,8002,"2022-12-20","2023-01-20","USD",93.00,100,"3XS:20|2XS:20|XS:20|S:10|M:10|L:10|XL:10"
230911,"2022-09-15 08:39:53.45","#ZE0911",50.00,68.00,93.00,120.90,"2022-12-20","127595062","WH",4,,,,"",,"ZE0911A1",30045,1002,"2022-12-20","2023-01-20","USD",93.00,100,"3XS:20|2XS:20|XS:20|S:10|M:10|L:10|XL:10"
230912,"2022-09-15 08:39:53.45","#ZE0912",50.00,68.00,93.00,120.90,"2022-12-20","127595076","WH",4,,,,"",,"ZE0912A0",30029,3002,"2022-12-20","2023-01-20","USD",93.00,100,"3XS:20|2XS:20|XS:20|S:10|M:10|L:10|XL:10"
230913,"2022-09-15 08:39:53.45","#ZE0913",50.00,68.00,93.00,120.90,"2022-12-20","127596184","WH",4,,,,"",,"ZE0913A1",30045,5002,"2022-12-20","2023-01-20","USD",93.00,100,"3XS:20|2XS:20|XS:20|S:10|M:10|L:10|XL:10"
230914,"2022-09-15 08:39:53.45","#ZE0914",50.00,68.00,93.00,120.90,"2022-12-20","127597411","WH",4,,,,"",,"ZE0914A0",30029,6002,"2022-12-20","2023-01-20","USD",93.00,100,"3XS:20|2XS:20|XS:20|S:10|M:10|L:10|XL:10"
230915,"2022-09-15 08:39:53.45","#ZE0915",50.00,68.00,93.00,120.90,"2022-12-20","127597482","WH",4,,,,"",,"ZE0915A1",30045,8002,"2022-12-20","2023-01-20","USD",93.00,100,"3XS:20|2XS:20|XS:20|S:10|M:10|L:10|XL:10"
230916,"2022-09-15 08:39:53.45","#ZE0916",50.00,68.00,93.00,120.90,"2022-12-20","127597908","WH",4,,,,"",,"ZE0916A1",30045,1002,"2022-12-20","2023-01-20","USD",93.00,100,"3XS:20|2XS:20|XS:20|S:10|M:10|L:10|XL:10"
230917,"2022-09-15 08:39:53.45","#ZE0917",50.00,68.00,93.00,120.90,"2022-12-20","127591219","WH",4,,,,"",,"ZE0917A0",30029,3002,"2022-12-20","2023-01-20","USD",93.00,100,"3XS:20|2XS:20|XS:20|S:10|M:10|L:10|XL:10"
230918,"2022-09-15 08:39:53.45","#ZE0918",50.00,68.00,93.00,120.90,"2022-12-20","127591251","WH",4,,,,"",,"ZE0918A1",30045,5002,"2022-12-20","2023-01-20","USD",93.00,100,"3XS:20|2XS:20|XS:20|S:10|M:10|L:10|XL:10"
230919,"2022-09-15 08:39:53.45","#ZE0919",50.00,68.00,93.00,120.90,"2022-12-20","127592339","WH",4,,,,"",,"ZE0919A0",30029,6002,"2022-12-20","2023-01-20","USD",93.00,100,"3XS:20|2XS:20|XS:20|S:10|M:10|L:10|XL:10"
230920,"2022-09-15 08:39:53.45","#ZE0920",50.00,68.00,93.00,120.90,"2022-12-20","127594014","WH",4,,,,"",,"ZE0920A1",30045,8002,"2022-12-20","2023-01-20","USD",93.00,100,"3XS:20|2XS:20|XS:20|S:10|M:10|L:10|XL:10"
230921,"2022-09-15 08:39:53.45","#ZE0921",50.00,68.00,93.00,120.90,"2022-12-20","127594051","WH",4,,,,"",,"ZE0921A1",30045,1002,"2022-12-20","2023-01-20","USD",93.00,100,"3XS:20|2XS:20|XS:20|S:10|M:10|L:10|XL:10"
230922,"2022-09-15 08:39:53.45","#ZE0922",50.00,68.00,93.00,120.90,"2022-12-20","127595139","WH",4,,,,"",,"ZE0922A0",30029,3002,"2022-12-20","2023-01-20","USD",93.00,100,"3XS:20|2XS:20|XS:20|S:10|M:10|L:10|XL:10"
230923,"2022-09-15 08:39:53.45","#ZE0923",50.00,68.00,93.00,120.90,"2022-12-20","127596211","WH",4,,,,"",,"ZE0923A1",30045,5002,"2022-12-20","2023-01-20","USD",93.00,100,"3XS:20|2XS:20|XS:20|S:10|M:10|L:10|XL:10"
230924,"2022-09-15 08:39:53.45","#ZE0924",50.00,68.00,93.00,120.90,"2022-12-20","127596259","WH",4,,,,"",,"ZE0924A0",30029,6002,"2022-12-20","2023-01-20","USD",93.00,100,"3XS:20|2XS:20|XS:20|S:10|M:10|L:10|XL:10"
230925,"2022-09-15 08:39:53.45","#ZE0925",50.00,68.00,93.00,120.90,"2022-12-20","127597492","WH",4,,,,"",,"ZE0925A1",30045,8002,"2022-12-20","2023-01-20","USD",93.00,100,"3XS:20|2XS:20|XS:20|S:10|M:10|L:10|XL:10"
230926,"2022-09-15 08:39:53.45","#ZE0926",50.00,68.00,93.00,120.90,"2022-12-20","127597563","WH",4,,,,"",,"ZE0926A1",30045,1002,"2022-12-20","2023-01-20","USD",93.00,100,"3XS:20|2XS:20|XS:20|S:10|M:10|L:10|XL:10"
230927,"2022-09-15 08:39:53.45","#ZE0927",50.00,68.00,93.00,120.90,"2022-12-20","127597988","WH",4,,,,"",,"ZE0927A0",30029,3002,"2022-12-20","2023-01-20","USD",93.00,100,"3XS:20|2XS:20|XS:20|S:10|M:10|L:10|XL:10"
230928,"2022-09-15 08:39:53.45","#ZE0928",50.00,68.00,93.00,120.90,"2022-12-20","127598068","WH",4,,,,"",,"ZE0928A1",30045,5002,"2022-12-20","2023-01-20","USD",93.00,100,"3XS:20|2XS:20|XS:20|S:10|M:10|L:10|XL:10"
230929,"2022-09-15 08:39:53.45","#ZE0929",50.00,68.00,93.00,120.90,"2022-12-20","127591300","WH",4,,,,"",,"ZE0929A0",30029,6002,"2022-12-20","2023-01-20","USD",93.00,100,"3XS:20|2XS:20|XS:20|S:10|M:10|L:10|XL:10"
230930,"2022-09-15 08:39:53.45","#ZE0930",50.00,68.00,93.00,120.90,"2022-12-20","127591331","WH",4,,,,"",,"ZE0930A1",30045,8002,"2022-12-20","2023-01-20","USD",93.00,100,"3XS:20|2XS:20|XS:20|S:10|M:10|L:10|XL:10"
230931,"2022-09-15 08:39:53.45","#ZE0931",50.00,68.00,93.00,120.90,"2022-12-20","127592357","WH",4,,,,"",,"ZE0931A1",30045,1002,"2022-12-20","2023-01-20","USD",93.00,100,"3XS:20|2XS:20|XS:20|S:10|M:10|L:10|XL:10"
230932,"2022-09-15 08:39:53.45","#ZE0932",50.00,68.00,93.00,120.90,"2022-12-20","127592419","WH",4,,,,"",,"ZE0932A0",30029,3002,"2022-12-20","2023-01-20","USD",93.00,100,"3XS:20|2XS:20|XS:20|S:10|M:10|L:10|XL:10"
230933,"2022-09-15 08:39:53.45","#ZE0933",50.00,68.00,93.00,120.90,"2022-12-20","127594094","WH",4,,,,"",,"ZE0933A1",30045,5002,"2022-12-20","2023-01-20","USD",93.00,100,"3XS:20|2XS:20|XS:20|S:10|M:10|L:10|XL:10"
230934,"2022-09-15 08:39:53.45","#ZE0934",50.00,68.00,93.00,120.90,"2022-12-20","127594131","WH",4,,,,"",,"ZE0934A0",30029,6002,"2022-12-20","2023-01-20","USD",93.00,100,"3XS:20|2XS:20|XS:20|S:10|M:10|L:10|XL:10"
230935,"2022-09-15 08:39:53.45","#ZE0935",50.00,68.00,93.00,120.90,"2022-12-20","127595169","WH",4,,,,"",,"ZE0935A1",30045,8002,"2022-12-20","2023-01-20","USD",93.00,100,"3XS:20|2XS:20|XS:20|S:10|M:10|L:10|XL:10"
230936,"2022-09-15 08:39:53.45","#ZE0936",50.00,68.00,93.00,120.90,"2022-12-20","127595222","WH",4,,,,"",,"ZE0936A1",30045,1002,"2022-12-20","2023-01-20","USD",93.00,100,"3XS:20|2XS:20|XS:20|S:10|M:10|L:10|XL:10"
230937,"2022-09-15 08:39:53.45","#ZE0937",50.00,68.00,93.00,120.90,"2022-12-20","127596292","WH",4,,,,"",,"ZE0937A0",30029,3002,"2022-12-20","2023-01-20","USD",93.00,100,"3XS:20|2XS:20|XS:20|S:10|M:10|L:10|XL:10"
230938,"2022-09-15 08:39:53.45","#ZE0938",50.00,68.00,93.00,120.90,"2022-12-20","127596335","WH",4,,,,"",,"ZE0938A1",30045,5002,"2022-12-20","2023-01-20","USD",93.00,100,"3XS:20|2XS:20|XS:20|S:10|M:10|L:10|XL:10"
230939,"2022-09-15 08:39:53.45","#ZE0939",50.00,68.00,93.00,120.90,"2022-12-20","127597575","WH",4,,,,"",,"ZE0939A0",30029,6002,"2022-12-20","2023-01-20","USD",93.00,100,"3XS:20|2XS:20|XS:20|S:10|M:10|L:10|XL:10"
230940,"2022-09-15 08:39:53.45","#ZE0940",50.00,68.00,93.00,120.90,"2022-12-20","127597638","WH",4,,,,"",,"ZE0940A1",30045,8002,"2022-12-20","2023-01-20","USD",93.00,100,"3XS:20|2XS:20|XS:20|S:10|M:10|L:10|XL:10"
230941,"2022-09-15 08:39:53.45","#ZE0941",50.00,68.00,93.00,120.90,"2022-12-20","127598148","WH",4,,,,"",,"ZE0941A1",30045,1002,"2022-12-20","2023-01-20","USD",93.00,100,"3XS:20|2XS:20|XS:20|S:10|M:10|L:10|XL:10"
230942,"2022-09-15 08:39:53.45","#ZE0942",50.00,68.00,93.00,120.90,"2022-12-20","127598228","WH",4,,,,"",,"ZE0942A0",30029,3002,"2022-12-20","2023-01-20","USD",93.00,100,"3XS:20|2XS:20|XS:20|S:10|M:10|L:10|XL:10"
230943,"2022-09-15 08:39:53.45","#ZE0943",50.00,68.00,93.00,120.90,"2022-12-20","127591379","WH",4,,,,"",,"ZE0943A1",30045,5002,"2022-12-20","2023-01-20","USD",93.00,100,"3XS:20|2XS:20|XS:20|S:10|M:10|L:10|XL:10"
230944,"2022-09-15 08:39:53.45","#ZE0944",50.00,68.00,93.00,120.90,"2022-12-20","127592443","WH",4,,,,"",,"ZE0944A0",30029,6002,"2022-12-20","2023-01-20","USD",93.00,100,"3XS:20|2XS:20|XS:20|S:10|M:10|L:10|XL:10"
230945,"2022-09-15 08:39:53.45","#ZE0945",50.00,68.00,93.00,120.90,"2022-12-20","127592500","WH",4,,,,"",,"ZE0945A1",30045,8002,"2022-12-20","2023-01-20","USD",93.00,100,"3XS:20|2XS:20|XS:20|S:10|M:10|L:10|XL:10"
230946,"2022-09-15 08:39:53.45","#ZE0946",50.00,68.00,93.00,120.90,"2022-12-20","127594174","WH",4,,,,"",,"ZE0946A1",30045,1002,"2022-12-20","2023-01-20","USD",93.00,100,"3XS:20|2XS:20|XS:20|S:10|M:10|L:10|XL:10"
230947,"2022-09-15 08:39:53.45","#ZE0947",50.00,68.00,93.00,120.90,"2022-12-20","127595251","WH",4,,,,"",,"ZE0947A0",30029,3002,"2022-12-20","2023-01-20","USD",93.00,100,"3XS:20|2XS:20|XS:20|S:10|M:10|L:10|XL:10"
230948,"2022-09-15 08:39:53.45","#ZE0948",50.00,68.00,93.00,120.90,"2022-12-20","127595310","WH",4,,,,"",,"ZE0948A1",30045,5002,"2022-12-20","2023-01-20","USD",93.00,100,"3XS:20|2XS:20|XS:20|S:10|M:10|L:10|XL:10"
230949,"2022-09-15 08:39:53.45","#ZE0949",50.00,68.00,93.00,120.90,"2022-12-20","127596372","WH",4,,,,"",,"ZE0949A0",30029,6002,"2022-12-20","2023-01-20","USD",93.00,100,"3XS:20|2XS:20|XS:20|S:10|M:10|L:10|XL:10"
230950,"2022-09-15 08:39:53.45","#ZE0950",50.00,68.00,93.00,120.90,"2022-12-20","127596412","WH",4,,,,"",,"ZE0950A1",30045,8002,"2022-12-20","2023-01-20","USD",93.00,100,"3XS:20|2XS:20|XS:20|S:10|M:10|L:10|XL:10"
230951,"2022-09-15 08:39:53.45","#ZE0951",50.00,68.00,93.00,120.90,"2022-12-20","127597722","WH",4,,,,"",,"ZE0951A1",30045,1002,"2022-12-20","2023-01-20","USD",93.00,100,"3XS:20|2XS:20|XS:20|S:10|M:10|L:10|XL:10"
230952,"2022-09-15 08:39:53.45","#ZE0952",50.00,68.00,93.00,120.90,"2022-12-20","127598307","WH",4,,,,"",,"ZE0952A0",30029,3002,"2022-12-20","2023-01-20","USD",93.00,100,"3XS:20|2XS:20|XS:20|S:10|M:10|L:10|XL:10"
230953,"2022-09-15 08:39:53.45","#ZE0953",50.00,68.00,93.00,120.90,"2022-12-20","127598381","WH",4,,,,"",,"ZE0953A1",30045,5002,"2022-12-20","2023-01-20","USD",93.00,100,"3XS:20|2XS:20|XS:20|S:10|M:10|L:10|XL:10"
230954,"2022-09-15 08:39:53.45","#ZE0954",50.00,68.00,93.00,120.90,"2022-12-20","127591411","WH",4,,,,"",,"ZE0954A0",30029,6002,"2022-12-20","2023-01-20","USD",93.00,100,"3XS:20|2XS:20|XS:20|S:10|M:10|L:10|XL:10"
230955,"2022-09-15 08:39:53.45","#ZE0955",50.00,68.00,93.00,120.90,"2022-12-20","127591459","WH",4,,,,"",,"ZE0955A1",30045,8002,"2022-12-20","2023-01-20","USD",93.00,100,"3XS:20|2XS:20|XS:20|S:10|M:10|L:10|XL:10"
230956,"2022-09-15 08:39:53.45","#ZE0956",50.00,68.00,93.00,120.90,"2022-12-20","127592524","WH",4,,,,"",,"ZE0956A1",30045,1002,"2022-12-20","2023-01-20","USD",93.00,100,"3XS:20|2XS:20|XS:20|S:10|M:10|L:10|XL:10"
230957,"2022-09-15 08:39:53.45","#ZE0957",50.00,68.00,93.00,120.90,"2022-12-20","127594211","WH",4,,,,"",,"ZE0957A0",30029,3002,"2022-12-20","2023-01-20","USD",93.00,100,"3XS:20|2XS:20|XS:20|S:10|M:10|L:10|XL:10"
230958,"2022-09-15 08:39:53.45","#ZE0958",50.00,68.00,93.00,120.90,"2022-12-20","127594253","WH",4,,,,"",,"ZE0958A1",30045,5002,"2022-12-20","2023-01-20","USD",93.00,100,"3XS:20|2XS:20|XS:20|S:10|M:10|L:10|XL:10"
230959,"2022-09-15 08:39:53.45","#ZE0959",50.00,68.00,93.00,120.90,"2022-12-20","127595333","WH",4,,,,"",,"ZE0959A0",30029,6002,"2022-12-20","2023-01-20","USD",93.00,100,"3XS:20|2XS:20|XS:20|S:10|M:10|L:10|XL:10"
230960,"2022-09-15 08:39:53.45","#ZE0960",50.00,68.00,93.00,120.90,"2022-12-20","127595395","WH",4,,,,"",,"ZE0960A1",30045,8002,"2022-12-20","2023-01-20","USD",93.00,100,"3XS:20|2XS:20|XS:20|S:10|M:10|L:10|XL:10"
230961,"2022-09-15 08:39:53.45","#ZE0961",50.00,68.00,93.00,120.90,"2022-12-20","127596455","WH",4,,,,"",,"ZE0961A1",30045,1002,"2022-12-20","2023-01-20","USD",93.00,100,"3XS:20|2XS:20|XS:20|S:10|M:10|L:10|XL:10"
230962,"2022-09-15 08:39:53.45","#ZE0962",50.00,68.00,93.00,120.90,"2022-12-20","127597798","WH",4,,,,"",,"ZE0962A0",30029,3002,"2022-12-20","2023-01-20","USD",93.00,100,"3XS:20|2XS:20|XS:20|S:10|M:10|L:10|XL:10"
230963,"2022-09-15 08:39:53.45","#ZE0963",50.00,68.00,93.00,120.90,"2022-12-20","127597874","WH",4,,,,"",,"ZE0963A1",30045,5002,"2022-12-20","2023-01-20","USD",93.00,100,"3XS:20|2XS:20|XS:20|S:10|M:10|L:10|XL:10"
230964,"2022-09-15 08:39:53.45","#ZE0964",50.00,68.00,93.00,120.90,"2022-12-20","127598463","WH",4,,,,"",,"ZE0964A0",30029,6002,"2022-12-20","2023-01-20","USD",93.00,100,"3XS:20|2XS:20|XS:20|S:10|M:10|L:10|XL:10"
230965,"2022-09-15 08:39:53.45","#ZE0965",50.00,68.00,93.00,120.90,"2022-12-20","127591491","WH",4,,,,"",,"ZE0965A1",30045,8002,"2022-12-20","2023-01-20","USD",93.00,100,"3XS:20|2XS:20|XS:20|S:10|M:10|L:10|XL:10"
230966,"2022-09-15 08:39:53.45","#ZE0966",50.00,68.00,93.00,120.90,"2022-12-20","127591540","WH",4,,,,"",,"ZE0966A1",30045,1002,"2022-12-20","2023-01-20","USD",93.00,100,"3XS:20|2XS:20|XS:20|S:10|M:10|L:10|XL:10"
230967,"2022-09-15 08:39:53.45","#ZE0967",50.00,68.00,93.00,120.90,"2022-12-20","127592579","WH",4,,,,"",,"ZE0967A0",30029,3002,"2022-12-20","2023-01-20","USD",93.00,100,"3XS:20|2XS:20|XS:20|S:10|M:10|L:10|XL:10"
230968,"2022-09-15 08:39:53.45","#ZE0968",50.00,68.00,93.00,120.90,"2022-12-20","127592606","WH",4,,,,"",,"ZE0968A1",30045,5002,"2022-12-20","2023-01-20","USD",93.00,100,"3XS:20|2XS:20|XS:20|S:10|M:10|L:10|XL:10"
230969,"2022-09-15 08:39:53.45","#ZE0969",50.00,68.00,93.00,120.90,"2022-12-20","127594291","WH",4,,,,"",,"ZE0969A0",30029,6002,"2022-12-20","2023-01-20","USD",93.00,100,"3XS:20|2XS:20|XS:20|S:10|M:10|L:10|XL:10"
230970,"2022-09-15 08:39:53.45","#ZE0970",50.00,68.00,93.00,120.90,"2022-12-20","127594336","WH",4,,,,"",,"ZE0970A1",30045,8002,"2022-12-20","2023-01-20","USD",93.00,100,"3XS:20|2XS:20|XS:20|S:10|M:10|L:10|XL:10"
230971,"2022-09-15 08:39:53.45","#ZE0971",50.00,68.00,93.00,120.90,"2022-12-20","127595412","WH",4,,,,"",,"ZE0971A1",30045,1002,"2022-12-20","2023-01-20","USD",93.00,100,"3XS:20|2XS:20|XS:20|S:10|M:10|L:10|XL:10"
230972,"2022-09-15 08:39:53.45","#ZE0972",50.00,68.00,93.00,120.90,"2022-12-20","127596492","WH",4,,,,"",,"ZE0972A0",30029,3002,"2022-12-20","2023-01-20","USD",93.00,100,"3XS:20|2XS:20|XS:20|S:10|M:10|L:10|XL:10"
230973,"2022-09-15 08:39:53.45","#ZE0973",50.00,68.00,93.00,120.90,"2022-12-20","127596541","WH",4,,,,"",,"ZE0973A1",30045,5002,"2022-12-20","2023-01-20","USD",93.00,100,"3XS:20|2XS:20|XS:20|S:10|M:10|L:10|XL:10"
230974,"2022-09-15 08:39:53.45","#ZE0974",50.00,68.00,93.00,120.90,"2022-12-20","127597950","WH",4,,,,"",,"ZE0974A0",30029,6002,"2022-12-20","2023-01-20","USD",93.00,100,"3XS:20|2XS:20|XS:20|S:10|M:10|L:10|XL:10"
230975,"2022-09-15 08:39:53.45","#ZE0975",50.00,68.00,93.00,120.90,"2022-12-20","127598030","WH",4,,,,"",,"ZE0975A1",30045,8002,"2022-12-20","2023-01-20","USD",93.00,100,"3XS:20|2XS:20|XS:20|S:10|M:10|L:10|XL:10"
230976,"2022-09-15 08:39:53.45","#ZE0976",50.00,68.00,93.00,120.90,"2022-12-20","127598540","WH",4,,,,"",,"ZE0976A1",30045,1002,"2022-12-20","2023-01-20","USD",93.00,100,"3XS:20|2XS:20|XS:20|S:10|M:10|L:10|XL:10"
230977,"2022-09-15 08:39:53.45","#ZE0977",50.00,68.00,93.00,120.90,"2022-12-20","127598621","WH",4,,,,"",,"ZE0977A0",30029,3002,"2022-12-20","2023-01-20","USD",93.00,100,"3XS:20|2XS:20|XS:20|S:10|M:10|L:10|XL:10"
230978,"2022-09-15 08:39:53.45","#ZE0978",50.00,68.00,93.00,120.90,"2022-12-20","127591571","WH",4,,,,"",,"ZE0978A1",30045,5002,"2022-12-20","2023-01-20","USD",93.00,100,"3XS:20|2XS:20|XS:20|S:10|M:10|L:10|XL:10"
230979,"2022-09-15 08:39:53.45","#ZE0979",50.00,68.00,93.00,120.90,"2022-12-20","127591619","WH",4,,,,"",,"ZE0979A0",30029,6002,"2022-12-20","2023-01-20","USD",93.00,100,"3XS:20|2XS:20|XS:20|S:10|M:10|L:10|XL:10"
230980,"2022-09-15 08:39:53.45","#ZE0980",50.00,68.00,93.00,120.90,"2022-12-20","127592660","WH",4,,,,"",,"ZE0980A1",30045,8002,"2022-12-20","2023-01-20","USD",93.00,100,"3XS:20|2XS:20|XS:20|S:10|M:10|L:10|XL:10"
230981,"2022-09-15 08:39:53.45","#ZE0981",50.00,68.00,93.00,120.90,"2022-12-20","127592689","WH",4,,,,"",,"ZE0981A1",30045,1002,"2022-12-20","2023-01-20","USD",93.00,100,"3XS:20|2XS:20|XS:20|S:10|M:10|L:10|XL:10"
230982,"2022-09-15 08:39:53.45","#ZE0982",50.00,68.00,93.00,120.90,"2022-12-20","127593110","WH",4,,,,"",,"ZE0982A0",30029,3002,"2022-12-20","2023-01-20","USD",93.00,100,"3XS:20|2XS:20|XS:20|S:10|M:10|L:10|XL:10"
230983,"2022-09-15 08:39:53.45","#ZE0983",50.00,68.00,93.00,120.90,"2022-12-20","127594371","WH",4,,,,"",,"ZE0983A1",30045,5002,"2022-12-20","2023-01-20","USD",93.00,100,"3XS:20|2XS:20|XS:20|S:10|M:10|L:10|XL:10"
230984,"2022-09-15 08:39:53.45","#ZE0984",50.00,68.00,93.00,120.90,"2022-12-20","127594418","WH",4,,,,"",,"ZE0984A0",30029,6002,"2022-12-20","2023-01-20","USD",93.00,100,"3XS:20|2XS:20|XS:20|S:10|M:10|L:10|XL:10"
230985,"2022-09-15 08:39:53.45","#ZE0985",50.00,68.00,93.00,120.90,"2022-12-20","127595476","WH",4,,,,"",,"ZE0985A1",30045,8002,"2022-12-20","2023-01-20","USD",93.00,100,"3XS:20|2XS:20|XS:20|S:10|M:10|L:10|XL:10"
230986,"2022-09-15 08:39:53.45","#ZE0986",50.00,68.00,93.00,120.90,"2022-12-20","127595492","WH",4,,,,"",,"ZE0986A1",30045,1002,"2022-12-20","2023-01-20","USD",93.00,100,"3XS:20|2XS:20|XS:20|S:10|M:10|L:10|XL:10"
230987,"2022-09-15 08:39:53.45","#ZE0987",50.00,68.00,93.00,120.90,"2022-12-20","127596570","WH",4,,,,"",,"ZE0987A0",30029,3002,"2022-12-20","2023-01-20","USD",93.00,100,"3XS:20|2XS:20|XS:20|S:10|M:10|L:10|XL:10"
230988,"2022-09-15 08:39:53.45","#ZE0988",50.00,68.00,93.00,120.90,"2022-12-20","127596623","WH",4,,,,"",,"ZE0988A1",30045,5002,"2022-12-20","2023-01-20","USD",93.00,100,"3XS:20|2XS:20|XS:20|S:10|M:10|L:10|XL:10"
230989,"2022-09-15 08:39:53.45","#ZE0989",50.00,68.00,93.00,120.90,"2022-12-20","127598108","WH",4,,,,"",,"ZE0989A0",30029,6002,"2022-12-20","2023-01-20","USD",93.00,100,"3XS:20|2XS:20|XS:20|S:10|M:10|L:10|XL:10"
230990,"2022-09-15 08:39:53.45","#ZE0990",50.00,68.00,93.00,120.90,"2022-12-20","127591651","WH",4,,,,"",,"ZE0990A1",30045,8002,"2022-12-20","2023-01-20","USD",93.00,100,"3XS:20|2XS:20|XS:20|S:10|M:10|L:10|XL:10"
230991,"2022-09-15 08:39:53.45","#ZE0991",50.00,68.00,93.00,120.90,"2022-12-20","127592740","WH",4,,,,"",,"ZE0991A1",30045,1002,"2022-12-20","2023-01-20","USD",93.00,100,"3XS:20|2XS:20|XS:20|S:10|M:10|L:10|XL:10"
230992,"2022-09-15 08:39:53.45","#ZE0992",50.00,68.00,93.00,120.90,"2022-12-20","127592781","WH",4,,,,"",,"ZE0992A0",30029,3002,"2022-12-20","2023-01-20","USD",93.00,100,"3XS:20|2XS:20|XS:20|S:10|M:10|L:10|XL:10"
230993,"2022-09-15 08:39:53.45","#ZE0993",50.00,68.00,93.00,120.90,"2022-12-20","127593124","WH",4,,,,"",,"ZE0993A1",30045,5002,"2022-12-20","2023-01-20","USD",93.00,100,"3XS:20|2XS:20|XS:20|S:10|M:10|L:10|XL:10"
230994,"2022-09-15 08:39:53.45","#ZE0994",50.00,68.00,93.00,120.90,"2022-12-20","127593189","WH",4,,,,"",,"ZE0994A0",30029,6002,"2022-12-20","2023-01-20","USD",93.00,100,"3XS:20|2XS:20|XS:20|S:10|M:10|L:10|XL:10"
230995,"2022-09-15 08:39:53.45","#ZE0995",50.00,68.00,93.00,120.90,"2022-12-20","127594451","WH",4,,,,"",,"ZE0995A1",30045,8002,"2022-12-20","2023-01-20","USD",93.00,100,"3XS:20|2XS:20|XS:20|S:10|M:10|L:10|XL:10"
230996,"2022-09-15 08:39:53.45","#ZE0996",50.00,68.00,93.00,120.90,"2022-12-20","127595555","WH",4,,,,"",,"ZE0996A1",30045,1002,"2022-12-20","2023-01-20","USD",93.00,100,"3XS:20|2XS:20|XS:20|S:10|M:10|L:10|XL:10"
230997,"2022-09-15 08:39:53.45","#ZE0997",50.00,68.00,93.00,120.90,"2022-12-20","127595571","WH",4,,,,"",,"ZE0997A0",30029,3002,"2022-12-20","2023-01-20","USD",93.00,100,"3XS:20|2XS:20|XS:20|S:10|M:10|L:10|XL:10"
230998,"2022-09-15 08:39:53.45","#ZE0998",50.00,68.00,93.00,120.90,"2022-12-20","127596648","WH",4,,,,"",,"ZE0998A1",30045,5002,"2022-12-20","2023-01-20","USD",93.00,100,"3XS:20|2XS:20|XS:20|S:10|M:10|L:10|XL:10"
230999,"2022-09-15 08:39:53.45","#ZE0999",50.00,68.00,93.00,120.90,"2022-12-20","127598268","WH",4,,,,"",,"ZE0999A0",30029,6002,"2022-12-20","2023-01-20","USD",93.00,100,"3XS:20|2XS:20|XS:20|S:10|M:10|L:10|XL:10"
231000,"2022-09-15 08:39:53.45","#ZE1000",50.00,68.00,93.00,120.90,"2022-12-20","127598189","WH",4,,,,"",,"ZE1000A1",30045,8002,"2022-12-20","2023-01-20","USD",93.00,100,"3XS:20|2XS:20|XS:20|S:10|M:10|L:10|XL:10"