Registered MID code,FACTORY ID,COUNTRY OF MANUFACTURE/ORIGIN (COM/COO)
TROZDTEK319IST,,TR
BDDELGARDHA,,BD
PTCONLDA201LOR,,PT
BDDESPRI4849CHI,,BD
CNZHECHACHA,,CN
BDDNVCLO1001NAR,,BD
ITATHCAL90CAS,,IT
INBHAINT103JAI,,IN
BDEKRSWEBHA,,BD
BDELEFAS11KHI,,BD
CNTAIBAOTAI,,CN
BDEPYSTYDHA,,BD
CNJIUCAI1JIA,,CN
BDFLAFASGAZ,,BD
BDGENFAS1261GAZ,,BD
BDGOORICDHA,,BD
BDGLOGAR11CHI,,BD
CNSHAKANSHA,,CN
BDGRESMAGAZ,,BD
BDHABFASGAJ,,BD
BDHBFAS590CHI,,BD
BDHONKON26HIT,,BD
BDHOPLUN03DHA,,BD
BDHOPLUN3GAZ,,BD
AEGBXTRA1803JEB,,AE
AEYOUBOYUMM,,AE
TRKENSPO64IST,,TR
VNYIFEN4DONVNPHAINVQUI,,VN
TRSAVDEL50IST,,TR
BD162ND04DHA,,BD
BDAKMKNI14SAV,,BD
BDAMAGRA1340DHA,,BD
BDANAGARDHA,,BD
TRSTITEK19IST,,TR
INMSAGP641TIR,,IN
BDAONPOLNAR,,BD
TRISTANK3840IST,,TR
BDAPETEX99DHA,,BD
BDAPPPRO1206CHI,,BD
BDAPSHOL584GAZ,,BD
BDAPTCAS30GAZ,,BD
BDAUKTEXGAZ,,BD
BDBABGAR1216DHA,,BD
BDBDDES49CHI,,BD
BDBELTEXCHI,,BD
PKSHAENT99FAI,,PK
BDBILRES171GAZ,,BD
CNWANFOO888DON,,CN
BDCHEINT105DHA,,BD
BDTAMFAS247TON,,BD
CNMEISHOSHA,,CN
BDCONGARSAV,,BD
BDCONKNI11MYM,,BD
BDCOTCLUGAZ,,BD
BDCOTFIE23GAZ,,BD
BDCREWOO3DHA,,BD
BDCROEXCGAZ,,BD
BDTJSWE1712TON,,BD
BDULTFASDHA,,BD
TRALPCOR47IST,,TR
INMAFKNI641TIR,,IN
BDVINGARDHA,,BD
TRCENTEK18IST,,TR
BDWINAPP140DHA,,BD
BDWOOWOOGAZ,,BD
BDWUCFASDHA,,BD
VNBACGIA349BAC,,VN
CNOSRASI1FOS,,CN
BDYOUHI14DHA,,BD
CNNINSAN5175NIN,,CN
BDZZINT13CHA,,BD
BGABO56RAZ,,BG
CNHAIWEI5JIA,,CN
BGBALLTD77BLA,,BG
BGBELLTD1PET,,BG
CNFOSSHU18FOS,,CN
BGCONCOMKAR,,BG
CNDISHK438PUD,,CN
TNFASPOI14HAM,,TN
BGGV0144BLA,,BG
BGKATTEX2308SOF,,BG
TROZTEK2OSM,,TR
CNLAIYIHLAI,,CN
TRSISTEK5BUR,,TR
BGSUPBUL1PER,,BG
BGVAIMOL25GOT,,BG
BGVOIFAS2726BLA,,BG
BGYUMSIN5BLA,,BG
IDDOOJAY6SUK,,ID
GBGUMUKNOR,,GB
PKKAMLTD22LAH,,PK
INMIRINTUTA,,IN
CNINTTRA1618XIA,,CN
GBECLLIFCHE,,GB
BDIMPFAS2224DHA,,BD
BDINTAPP1619JOY,,BD
BDINTAPP9193CHI,,BD
CNWENCOF313WEN,,CN
TRKEVTEK27IST,,TR
ITCALCRI7612BAR,,IT
BDJAMDES1893DHA,,BD
BDJARIND132GAZ,,BD
BDJEA20067CHA,,BD
BDJINKNI1349GAZ,,BD
MAAYM5653FES,,MA
BDJMSGAR14CHI,,BD
BDKARSHO1ANO,,BD
INKARNIR83PRA,,IN
BDKENBAN3537CHI,,BD
CNHIPLIK3LON,,CN
BDKNIGAR1617NAR,,BD
INBHAENT110NEW,,IN
BDLAVGARDHA,,BD
HKWOLLIN910KOW,,HK
BDMAGKNI141ZIR,,BD
BDMAHFASDHA,,BD
BDMAHFASGAZ,,BD
BDMAJGAR1131GAZ,,BD
INRENEXP723GUR,,IN
THTHAPRO587BAN,,TH
BDMAYAPP323DHA,,BD
MKBANSCOSTI,,MK
BDMEDIND912GAZ,,BD
TRPROTEX6BAG,,TR
BDMEGKNIGAZ,,BD
BDCROEXCSRE,,BD
BDMICTEX23DHA,,BD
BDMIMDESGAZ,,BD
BDMOHKNI1GAZ,,BD
BDMOZKNI1000SAV,,BD
BDNABKNIDAK,,BD
BDNATDEN532DHA,,BD
CNXIAZHU1204XIA,,CN
BDNEWERA4223CHI,,BD
BDOLDTOWNAR,,BD
BDOLDTOWSID,,BD
BDORIALL1712GAZ,,BD
BDPENFORDHA,,BD
BDPINGAR09TON,,BD
BDPLONOGAZ,,BD
INAKRTES1410NER,,IN
BDPRMFAS5CHI,,BD
BDPROAPP1431NAR,,BD
BDPROAPP2NAR,,BD
BDPROAPP888DHA,,BD
BDRADINTGAZ,,BD
BDRAZAPP51NAR,,BD
CNHUASHODON,,CN
BDRIPKNIGAZ,,BD
BDSEAFABDHA,,BD
BDSHAFASDHA,,BD
BGERGTEXPET,,BG
BDSKYAPPDHA,,BD
BDSKYAPPNAR,,BD
BDSNOOUT65DHA,,BD
BDSPESWE312GAZ,,BD
CNWENACSWEN,,CN
BDSTECRESHA,,BD
BDSTYLTD11DHA,,BD
BDTDEKNIGAZ,,BD
BDTEXIND76MIR,,BD
BDTHASWA6271RAJ,,BD
CNCHACUNCHA,,CN
CNMAOLADJUR,,CN
CNCHAGAN189CHA,,CN
CNCHAGLO5CHA,,CN
CNCHAGRO299GUA,,CN
CNCHAHUA103CHA,,CN
CNFENGAR48HAN,,CN
IDGRABES8SEM,,ID
CNHAISUN887HAN,,CN
TRBUGTEKIST,,TR
CNCHATONCHA,,CN
CNCHAYUX17CHA,,CN
CNCHEDON,,CN
KHWAIFULKAN,,KH
CNCHEGUA1XIN,,CN
TRAZITEK73IST,,TR
ESSULLAB44SAN,,ES
MDFLOFAS161MOL,,MD
KHHIGHOP4KAN,,KH
CNDONBAG182DON,,CN
BGMELTEK6POD,,BG
CNHEBBES662HEB,,CN
HKKARIND10KOW,,HK
CNCHIPRO10SHE,,CN
CNHANFUWTON,,CN
CNBESBEL15CHA,,CN
INTRIINT1703THA,,IN
CNCHIXIN11XIA,,CN
KHKINFASKHA,,KH
CNCHOHUI,,CN
CNCHOSHOCHA,,CN
CNCHOXINHUI,,CN
CNCHOYAJLIN,,CN
CNCHUSHE60ZHE,,CN
MATWOONE115CAS,,MA
CNXIAINT56XIA,,CN
INAURMER29NEW,,IN
TRGONORM3441IST,,TR
CNRUGXINRUG,,CN
TRPIRPIRDIL,,TR
CNJERCOR304JIA,,CN
TRALLDEN40LON,,TR
CNPARTIM15YIW,,CN
GBIGUILLGUI,,GB
GBARNWILLEI,,GB
TRKUPTEK2BUR,,TR
CNCHUHINZHO,,CN
GBDIS4NOR,,GB
CNWENHOW1004WEN,,CN
ROSCMOD86CRA,,RO
TRPLACASCYP,,TR
CHXIAKIN16CDXIA,,CH
CNJOYFASSHE,,CN
CNAEFAS3335HON,,CN
CNAFFHEA2DON,,CN
CNLYNCO1902DAL,,CN
CNAISGAR300DON,,CN
CNANDGARFUJ,,CN
CNANHANLHEF,,CN
CNHANJUN179HAN,,CN
CNGUAKOO23GUA,,CN
CNANHJIAANH,,CN
CNANHJIN9ANH,,CN
MUMAYFAS1415COR,,MU
CNANHKAN7HUA,,CN
INDIFGARLUD,,IN
TRBIZGIY7407BOR,,TR
CNAQUINC5239DON,,CN
VNBRAGAR10THA,,VN
PTCALGEM220NOG,,PT
CNASIGLO11SHA,,CN
CNASMINT1777HAN,,CN
CNATHCLO618ZHA,,CN
VNSDQUAQUA,,VN
CNSHALIL1588SHA,,CN
CNBADSPO88JIN,,CN
INORICRA34GUR,,IN
INSCOAPP161FAR,,IN
CNBAIUND199GAO,,CN
INJAYEXP551TIR,,IN
INVDL6NOI,,IN
PKEMPTEX182KAR,,PK
CNCHASANCHA,,CN
CNBEIJOY4BEI,,CN
CNJIAHUA88NAN,,CN
CNBESFAS801GUA,,CN
CNBEYFAS5GUA,,CN
CNBINJUY1YAN,,CN
USZOUCLO1540LOS,,US
CNHUBHUAHUB,,CN
CNBOWVENGUA,,CN
AUBECAUS42WAC,,AU
CNBSMENT1601NIN,,CN
INSYAIMP126NOI,,IN
CNCAMGARJIA,,CN
CNRONHEA186YAN,,CN
CNCANUNIGUA,,CN
CNHANKAT2630HAN,,CN
CNCHAAIQCHA,,CN
CNCHACHI79JIA,,CN
CNDONQIN99GUA,,CN
VNUPE46HOC,,VN
CNAPAFOOQIN,,CN
CNDONSEN2DON,,CN
CNDONTHA9DON,,CN
TRMARCHA12GAZ,,TR
CNDONWEI2DON,,CN
TRHEMEXI53IST,,TR
CNDONYEXDON,,CN
CNDONYIQ14GUA,,CN
CNDONYOU1GUA,,CN
CNDONYOU5DON,,CN
CNDONYUF5239DON,,CN
CNDONZHO12DON,,CN
CNDONZHO28DON,,CN
CNDPLIM23GUA,,CN
CNDRACRO10NIN,,CN
INCONKON259GUR,,IN
CNEAGORD1JIU,,CN
CNOSISPONIN,,CN
GBATUEUR1WIL,,GB
CNELEFAS3423YU,,CN
CNHANTIA9HAN,,CN
GBJUJSHONOR,,GB
INMOHASI18NAG,,IN
ESVIAVEN14SPA,,ES
GTUNIAPP5270GUA,,GT
KHALPFRPHN,,KH
CNEVEEYE3250WEN,,CN
CNEVEGARGUA,,CN
CNEVEKNI6NIN,,CN
CNEVEORN98DON,,CN
ROERYMOD36MIZ,,RO
CNFANTRIZHE,,CN
CNHUNKNIGUA,,CN
CNFASCO8YIW,,CN
GBAPPDES1SET,,GB
CNMEIFAIGUA,,CN
CNCIXZHI172CIX,,CN
CNCOCSHE5SHE,,CN
CNCOMSPODON,,CN
CNCOMSPOFEN,,CN
PKARTAPPKAR,,PK
CNCREHANDON,,CN
CNCHIGAR10ZHA,,CN
CNTAIJINWEN,,CN
CNDAFJIA8JIA,,CN
CNJIUCLO4GUA,,CN
CNDALITE19DAL,,CN
CNDALVEN10DAL,,CN
CNDALWAR9DAL,,CN
TREVANIL2001DEN,,TR
GBGEMPRI1SHO,,GB
KHKINFASPHN,,KH
INTOUIND300HAR,,IN
CNDEQQIA288HUZ,,CN
TRESETEK5IST,,TR
CNDEQZHI29HAN,,CN
GBDESSOU3DER,,GB
CNDIOFAS36GUA,,CN
PKALMEXP1FAI,,PK
CNDNSSCA206ZHE,,CN
CNYIWIJO34ZHE,,CN
CNDONANG49DON,,CN
CNDONBESDON,,CN
ININDCOM699GUR,,IN
CNJIAHUA188CHA,,CN
CNDONCIT4GUA,,CN
BDPENDRE961DHA,,BD
CNNINTAININ,,CN
CNYANMINJIA,,CN
CNDONDEY4GUA,,CN
CNDONFAN6056DON,,CN
INPERVEN13PUN,,IN
CNDONGAI5230DON,,CN
CNDONGAIDON,,CN
CHZHULEI1ZHU,,CH
CNDONGOO80GUA,,CN
CNDONGUA5237DON,,CN
CNDONHAI3221ZHE,,CN
CNDONHAN5236DON,,CN
CNDONHEL7TAN,,CN
CNDONHONDON,,CN
INORICRA761GUR,,IN
CNDONINV10DON,,CN
CNDONJEC3854SHE,,CN
INARTPRO365GUR,,IN
CNDONJIA5235DON,,CN
BDCOMCOM1941TAN,,BD
CNDONKAO501DON,,CN
TRGAMDEN1891DEN,,TR
CNDONLUC3DON,,CN
CNDONLUD200DON,,CN
INLADEM103NOI,,IN
CNJINBOZ11JIN,,CN
CNNINGHO51NIN,,CN
CNGUAKAI2GUA,,CN
CNGUAKNIYAN,,CN
CNGUAKUA5GUA,,CN
CNGUALEI34DON,,CN
TRORMTEKESE,,TR
CNGUAMEI103GUA,,CN
MAADBSAR121TAN,,MA
CNGUAMIN2DON,,CN
CNGUANAFGUA,,CN
CNGUANIX230GUA,,CN
CNGUAPAL22GUA,,CN
CNGUASEL1GUA,,CN
TNMMSHOTAZ,,TN
CNGUAWEI5GUA,,CN
CNGUAXIA982GUA,,CN
CNANHJIN9BOZ,,CN
CNGUAYIB67ZEN,,CN
CNGUAYIL34GUA,,CN
CNGUAYOU28GUA,,CN
TRAKATEK6IST,,TR
CNNINBRI295NIN,,CN
CNZHERONYIW,,CN
VNGGSVIEHOA,,VN
TR3FTEK29IST,,TR
TRSEZTEK23IST,,TR
TRCPRTEK5746IZM,,TR
MAKHASAR68TAN,,MA
CNFENHUI28FEN,,CN
CNFENYAO8QIN,,CN
CNFIFAPP21GUA,,CN
BGDIAGM110KAR,,BG
ESBABNIT7SAN,,ES
CNFOOWAH72HON,,CN
CNFORLEE3GUA,,CN
ESSANTRU186BAR,,ES
CNHENTAI776HEN,,CN
CNDALXIN50DAL,,CN
MAAZZCON752TAN,,MA
CNDONCIT120DON,,CN
CNFRAZHAZHA,,CN
CNPINYIN198JIA,,CN
CNFRETRA1091SHE,,CN
ITITAWOO359MON,,IT
TRNUREKSBUR,,TR
CNFUJRONFUZ,,CN
CNFULGROZHE,,CN
CNFULKNI79DON,,CN
CNNINYIN230NIN,,CN
ALDONELETIR,,AL
CNFUSPLAFUQ,,CN
BDCLAHANNIL,,BD
CNKINGLA3QIX,,CN
INDHRGLO84FAR,,IN
TRMANTES129YAL,,TR
CNGANJIEGAN,,CN
INFAC1711JAI,,IN
CNGANSUNGAN,,CN
CNGAOPINGUA,,CN
PTJORCON1GUI,,PT
CNGENCO188HON,,CN
TRLMNTEKHAV,,TR
CNGLOFAB2308ZHE,,CN
ESSMUESPALC,,ES
CNGLOSWIGUA,,CN
CNNINSURNIN,,CN
CNGRA40GUA,,CN
PTCONDIO683FAF,,PT
TRPAMTEK12IST,,TR
MAKARSAR811TAN,,MA
CNGUA3GUA,,CN
CNGUABEN141GUA,,CN
CNGUACHA301GUA,,CN
CNGUACHL38GUA,,CN
ESJEVSL87ART,,ES
CNGUAGEN2UAN,,CN
CNDONMAG151DON,,CN
BDFASCOM1341SAV,,BD
CNYANRON186YAN,,CN
CNHONAPP9JIA,,CN
CNHONFAI11SHA,,CN
CNHONIND56WUH,,CN
VNX28QUA121QUA,,VN
TRNESTRI2IST,,TR
CNNANAIK17RUG,,CN
INMAGCLOCHE,,IN
ITMIDSPA2COR,,IT
CNHOPLON122LUO,,CN
BDGOLHOR53CHI,,BD
CNHOUQUI802GUA,,CN
TRREMKAR41USA,,TR
CNHSHFIR2ZHE,,CN
BDVINDENDHA,,BD
CNHUAFAN41JIA,,CN
KHHONDOU4REA,,KH
TRDESTEK6200IST,,TR
CNZHAAOD6ZHA,,CN
CNHUASHOCHE,,CN
CNHUAYAN3YIW,,CN
CNHUAYAN3ZHE,,CN
CNWENMC2526WEN,,CN
CNHUAYUA32HUA,,CN
CNHUAYUE149HUA,,CN
CNHUAYUX12HUA,,CN
MAFASSAR804FEZ,,MA
INCOUINT41NOI,,IN
TRFBTEK71MAN,,TR
KHROMLEA429SIH,,KH
PTVIEPOC371CAM,,PT
CNHUICOUGUA,,CN
CNHUIFAHUI,,CN
CNHUIGAO43XIA,,CN
CNHUIHUA2HUI,,CN
CNHUIJUN2HUI,,CN
CNHUILINDON,,CN
CNHUIMAOQUA,,CN
CNHUINANHUI,,CN
CNGUOHUBTAI,,CN
TRFTMMOD74IST,,TR
CNGUSLER204XIN,,CN
PKSIDGRO53KAR,,PK
CNHAEINTQIN,,CN
CNHAIBOY8ZHE,,CN
CNHAICHAHAI,,CN
CNHAIFEN1HAI,,CN
CNHAIHENSHA,,CN
CNHAIHUA1111JIA,,CN
DEKNIWER13WUP,,DE
INGEMENT19CHE,,IN
CNHAIWANHAI,,CN
CNHAIWEIJIA,,CN
CNHAIXINJIA,,CN
CNNANMALNAN,,CN
ETEKETHDEB,,ET
CNHANAOSHAN,,CN
VNVINTHUYEN,,VN
CNHANDRA1218HAN,,CN
CNHANFEIHAN,,CN
VNTHUDIN277HAN,,VN
TRAYDBAS34BIT,,TR
CNFUNJUNFUN,,CN
CNHANHONXIA,,CN
CNHANHORHAN,,CN
CNHANHSHAN,,CN
CNHANHUA279HAN,,CN
PKKLAPVT117DHA,,PK
CNHANJIE2068HAN,,CN
CNQINVICQIN,,CN
CNHANJUXYUH,,CN
CNQINHUA40QIN,,CN
CNHANNOB1375HAN,,CN
CNHANSAN8HAN,,CN
CNHANSIN11HAN,,CN
CNHANSN333HAN,,CN
CNHANSUN15ZHE,,CN
CNHANZHI188DIN,,CN
CNHANWENHAN,,CN
ESINDALCALC,,ES
ESMCDECARG,,ES
ESUNINANSAN,,ES
INDIMCRE52NOI,,IN
TRKALKON3BUR,,TR
CNSHECOL1400SHE,,CN
KHAETAPPTOU,,KH
CNZHAGUA20ZHA,,CN
CNANHTEN19LUY,,CN
CNHENRUN3ZHO,,CN
PTCONUMB2188CAL,,PT
TRHAZGRU1672BAT,,TR
CNHHAPP336LIS,,CN
CNHIGFASSHA,,CN
CNJIAZHA19JIN,,CN
CNTANCHOZHO,,CN
CNJIAZHOWUX,,CN
CNJIECITGUA,,CN
CNJIEJUNFUY,,CN
CNXINGAR1CHA,,CN
CNJIMGAR788WUJ,,CN
CHSHEZHE1556SHE,,CH
CNJINBONJIN,,CN
CNJINCIT8JIN,,CN
MUTEXSERPAI,,MU
CNJINHUAJIN,,CN
CNJINJIA18LIS,,CN
CNJINKAIJIN,,CN
KHNEWFOC4KAN,,KH
ROLODROM20ORA,,RO
CNJINLIW801QUA,,CN
CNJINLONDAL,,CN
CNSHAECO185SHA,,CN
CNJINOUS4FUJ,,CN
CNJINQIU6ZEN,,CN
CNJINSHE13JIN,,CN
INSANINT2572GUR,,IN
GBMINMAR9EMS,,GB
ININDFAS122HAR,,IN
CNBESFAS6TIA,,CN
CNJIUHAN1JIU,,CN
CNJOEWIN2ZHO,,CN
CNJOHSTU82GUA,,CN
CNHUISHU196PIN,,CN
PLLEDLAB2KRA,,PL
ITGALCAS39MIL,,IT
CNGUAYOU1GUA,,CN
CNHUIZHO5HUI,,CN
CNHUIZHO85HUI,,CN
CNHUIZHOHUI,,CN
CNHUNFAT23GUA,,CN
MAROSCLO61ERR,,MA
CNHUNSUN18SHA,,CN
CNHUNXIAGUA,,CN
IDPTABC3234JAK,,ID
KHJITTEX4PHN,,KH
TRCALTEK8IST,,TR
ITCHROFF2601OFF,,IT
CNICOHOS100DON,,CN
CNSHAYIS635SHA,,CN
GBCANUK123GWE,,GB
CNIINEGO578ZHE,,CN
INJACEXPKER,,IN
BDSAMSWEGAZ,,BD
CNHANTON207HAN,,CN
CNHIGHOP100NAN,,CN
CNZHOHUI8ZHO,,CN
TRCINMAH711CAY,,TR
TRDEPGRO3126IST,,TR
CNJANANN2033BOA,,CN
CNJAXLEAWAH,,CN
CNJBHUI1HUI,,CN
CNJECTEC3DON,,CN
CNBRIINT328SHE,,CN
CNDONFENGUA,,CN
CNJETGARDON,,CN
ITCAL2CAS,,IT
CNBAIFURGUA,,CN
CNJIAEDM3FUZ,,CN
CZSCHCOS176CES,,CZ
CNJIAGARJIA,,CN
CNJIAGUORUG,,CN
TRUGUMAK57COR,,TR
CNJIAHEY58JIA,,CN
CNJIAHUA1GUA,,CN
CNJIAHUA465JIA,,CN
CNUNIFAS2WEN,,CN
CNZHOLON33ZHO,,CN
INPRIEXP18FAR,,IN
TROZOTEK8MER,,TR
PAASHINT103FAI,,PA
CNSHEWCX100SHE,,CN
CNJIAMEN960ZHE,,CN
CNJIAPIN165CHA,,CN
CNJIAPROFUZ,,CN
CNGALSUN148WUX,,CN
CNJIASEN18JIA,,CN
CNJIASHE88JIA,,CN
INMIRTAN45NOI,,IN
INWESMID1DUB,,IN
CNJIASHU8RUG,,CN
VNSCABAO116BAO,,VN
PKSHASPOSTA,,PK
INLEDWILWES,,IN
CNJIATIA658JIA,,CN
CNJIAYAO29JIA,,CN
CNMENLUTSHA,,CN
CNMERGZ26GUA,,CN
INCHITRA2930GUJ,,IN
PTCORDE422COR,,PT
CNEMPCO602DON,,CN
INSIPTEX66HAR,,IN
INDESINDMOR,,IN
CNMISSEXSHA,,CN
CNGUAMIN1GUA,,CN
CNGUAGEN501GUA,,CN
CNMOFAC221YIW,,CN
CNMOGGAR90DON,,CN
CNMOOLIU6GUA,,CN
TREMITEK7IST,,TR
BGSAV041MUS,,BG
PKBISTEX1KHU,,PK
CNNANCHU1088NAN,,CN
TRSIMTEK28IST,,TR
PTSERCON1286GON,,PT
CNNANJIA18NAN,,CN
IDPTBUS223GUN,,ID
CNNANLEN1041NAN,,CN
CNNANMAR58NAN,,CN
CNNANOUS68JIA,,CN
CNNANROY188NAN,,CN
CNNANSHA1828NAN,,CN
CNNANSOL269NAN,,CN
KHUNIAPPCHO,,KH
CNNANSUMNAN,,CN
PKKEVSPO1236SIA,,PK
CNJIATAIJIA,,CN
CNNANYOU218NAN,,CN
CNNEOCO55JIA,,CN
CNNEWBLA811GUA,,CN
BGALBSTY5525DOB,,BG
CNNIG28GUA,,CN
INSHEAPP1173CHI,,IN
CNNINAMCNIN,,CN
CNNINBAI458NIN,,CN
ROSCACV1FOC,,RO
CNJUNJEW22YIW,,CN
CNJURCITJUR,,CN
CNJUYWAN3HEZ,,CN
INELLCRE231NEW,,IN
VNTRIINT2BIN,,VN
INCALFOO951TAM,,IN
INPROCLU2013GAU,,IN
ITCALMAR241RUG,,IT
CNKANRONFOS,,CN
INMSDEE6416TIR,,IN
BDMANSWEGAZ,,BD
CNNINHUI1988NIN,,CN
GBREALTDSWA,,GB
CNKEYGAR2032GUA,,CN
CNKIDLINGUA,,CN
CNTAIKEY7265TAI,,CN
KHNEWORI17PHN,,KH
CNKININT2488GUA,,CN
CNKITMAN50SHE,,CN
CNKJFAS8YIW,,CN
INZEUFAS71NOI,,IN
ITAST114ITA,,IT
CNDONSUNDAL,,CN
CNKUNCHU16KUN,,CN
TRYILMAD67KOC,,TR
BDTRYFAS142GAZ,,BD
CNMINLIM7DON,,CN
CNLEASUCCHO,,CN
INPEAGLO1519GUR,,IN
CNLEFGARSHU,,CN
CNTHOPER480DON,,CN
VNTAILOC63HOC,,VN
CNLEVSHI39SHE,,CN
BGKUZ2011BLA,,BG
GBFABLANCHE,,GB
INELIINT196NOI,,IN
TRARTTEK109DUZ,,TR
CNLIAPACDON,,CN
CNYUNHON1202GUA,,CN
CNLICORN18YIW,,CN
CNLINHE553HAN,,CN
INPOOINT20NOI,,IN
CNYICYUAYIC,,CN
CNLONHEN47QUZ,,CN
CNLONINDSHA,,CN
CNLOR28CHA,,CN
GBAPALTD370ELS,,GB
IDKAH16BAN,,ID
CNLUAYONLUA,,CN
LKMASBODGUR,,LK
TRBAYTEKIST,,TR
BGLUNTEX1ASE,,BG
CNHUAYUA1JIA,,CN
CNWILCOSZHU,,CN
GBMAIUKWRE,,GB
VNALLONE12ANP,,VN
CNKUOZHAFOS,,CN
CNNINWEL136NIN,,CN
CNMEIIND1DON,,CN
CNQIDMEIQID,,CN
CNQIDQUN275JIA,,CN
CNQINBE22QIN,,CN
CNQINBLU70QIN,,CN
CNQINCHE184QIN,,CN
CNQINDAOQIN,,CN
CNQINFAN158QIN,,CN
TRCANTRI43IST,,TR
CNTIADEDON,,CN
VN28COM10HOC,,VN
GBBLUGEM3LON,,GB
CNLAITAILAI,,CN
CNQINJIAQIN,,CN
CNQINKOJ3QIN,,CN
CNQINLIB902QIN,,CN
CNQINMAR111CHE,,CN
TRDAETEK13YIL,,TR
CNQINNIC120QIN,,CN
VNGENAVI100HAN,,VN
CNTAIAUTJIA,,CN
CNXUZMATXUZ,,CN
CNNINCAS17NIN,,CN
CNQINTIAQIN,,CN
CNQINXIN912QIN,,CN
CNQUABAO327QUA,,CN
CNQUABEA1319WEI,,CN
CNQUADETJIN,,CN
CNQUADIJNAN,,CN
CNNINCIT28NIN,,CN
TRBESTEK14YUR,,TR
LTLELFAC43VIL,,LT
CNNINEVE6NIN,,CN
CNJINCRE203ZHE,,CN
INAKRIND385TIR,,IN
TRHUZBAY83IST,,TR
CNNINHAI1511NIN,,CN
TWORNCO3020TAI,,TW
IDPTEASJAK,,ID
CNNINHEZ5NIN,,CN
CNBEYGAR8NIN,,CN
CNNINHUA11NIN,,CN
CNRGIMP1088GUA,,CN
INADAKNI9TIR,,IN
CNNINMAO6ZHE,,CN
TRMERDIS10IST,,TR
CNZHEDEQ88DEQ,,CN
CNNINSAN999NIG,,CN
CNNINSED1917NIN,,CN
GBD1DES3RHO,,GB
CNNINSHE18NIN,,CN
CNNINSHU12YUY,,CN
CNNINSTO2JIA,,CN
CNNINSUN708NIN,,CN
CNNINWAY1200NIN,,CN
AURHYGRO52BUR,,AU
CNNINYID6NIN,,CN
CNNINYIN892NIN,,CN
CNNINYONZHE,,CN
LKREGCAL37COL,,LK
CNNO465114DON,,CN
TRILHCAT2971MER,,TR
INGOKEXPBAN,,IN
CNOAKBAY3562SHA,,CN
CNORIINT138SHA,,CN
CNORIINT301SHA,,CN
CNPACDUNDON,,CN
CNPACHAT1188SHA,,CN
CNSHAHYSHA,,CN
INSCOGAR5600BAN,,IN
CNPARIND55HON,,CN
CNPATSHO60WEN,,CN
CNPDCLOZHO,,CN
USLIVROY610WHE,,US
CNPEN810SHA,,CN
CNJIACENJIA,,CN
ITGIUSPA10ASP,,IT
TRYILCOR21IST,,TR
CNPINYUS315PIN,,CN
CNPLAFOO11DON,,CN
BDNORFAS18GAZ,,BD
TRFATEK28IST,,TR
CNSUNGRO1GAO,,CN
CNPUTLAKPUT,,CN
CNPUTNEW3511PUT,,CN
CNPUYFUSPUY,,CN
CNQICGAR17JIN,,CN
CNQICGAR8JIN,,CN
CNSHATOU7027GUA,,CN
VNTHANGUTHA,,VN
CNSHATUOZOU,,CN
CNSHAWAN69HEZ,,CN
CNSHAWANHEZ,,CN
CNSHAXIA8XIA,,CN
BGINTGD1BLA,,BG
CNTYFAS12GUA,,CN
CNSHAYAL1206SHA,,CN
CNSHAYISLIA,,CN
TRCHATEX1180IST,,TR
CNSHAZHA3279SHA,,CN
CNSHAZHE2021SHA,,CN
ITATT2207COM,,IT
BEMANBON26AAL,,BE
ROARTSCM3ARA,,RO
CNSHECRE76GUA,,CN
CNYIWFEN1YIW,,CN
INMSSUP150KAN,,IN
CNSHEGMTPIN,,CN
CNSHEGROWUJ,,CN
TRMEMTEK201AVC,,TR
INFOUEXP126DIS,,IN
ITFIL36BER,,IT
GBPRIEUR10LON,,GB
CNSHEKARSHE,,CN
VNJOOSAI61BIN,,VN
CNSHELIT151SHE,,CN
BDMIDKNINAR,,BD
TRINTTEK6IST,,TR
CNSHESAB2SHE,,CN
CNSHESAN206GUA,,CN
INHIDEXP67NOI,,IN
TWFIRENT273NAN,,TW
CNSHEXIN3124SHE,,CN
CNFASSIC,,CN
INORICRA18GUR,,IN
BDFCIBD3639DHA,,BD
CNSHIMIN6FUJ,,CN
GBINEEURLYN,,GB
CNSHISHIQIN,,CN
INZODCLOKAR,,IN
CNSHITAT1MAC,,CN
INATLCOPPUN,,IN
CNSHUGAR2GUA,,CN
VNBINDIN105QUY,,VN
CNDONGUA12DON,,CN
CNQUAFAN142QUA,,CN
CNQUAGANFUJ,,CN
CNQUAHUA3QUA,,CN
CNQUAJUW2656QUA,,CN
CNQUAMIN4QUA,,CN
VNNAMLONTHI,,VN
CNQUATIA157FUJ,,CN
CNQUATWI238QUA,,CN
CNQUAUNI28FUZ,,CN
CNQUAXIA17QUA,,CN
CNQUAXINQUA,,CN
CNQUAYICFUJ,,CN
CNQUAYONQUA,,CN
HKMARGAR13HON,,HK
CNQUAZHE25QUA,,CN
CNNANLONJIA,,CN
INSOUIND65PUN,,IN
CNRANACC1802SHA,,CN
CNREAKAY168SHE,,CN
CNNINAUX1166NIN,,CN
CNNANREN98NAN,,CN
CNREGMIR2GON,,CN
ROSCMIL1353MOR,,RO
ROMAX95IAL,,RO
CNRIV93JIA,,CN
CNRIVINT202NAN,,CN
ROVALPROORE,,RO
TRALMTUR7IST,,TR
CNDONFEN36GUA,,CN
CNROCMAU1NIN,,CN
CNRUBPINHUN,,CN
CNRUIFAR9089ZHE,,CN
CNRUIFAS13DON,,CN
INMAIHOS60TIR,,IN
CNFENAIY9NIN,,CN
CNHANXIAXIA,,CN
CNSAMWAGUA,,CN
GBCARLOGBRA,,GB
ININDMAL5NEW,,IN
KHECOBAS21PRE,,KH
INSAP24NEW,,IN
TRCEADER117IST,,TR
CNSHAAOLGUA,,CN
CNSHAAOLSHA,,CN
CNSHACHU3SHA,,CN
MASOMMOR57SAL,,MA
CNSHACK777SHA,,CN
CNSHADAJ888SHA,,CN
VNCONTY7HOC,,VN
CNSHAGLO169SHA,,CN
CNSHAGSG7001SHA,,CN
CNSHAKEQZHE,,CN
CNTAIZHE441WEN,,CN
MKDREGUA2PHI,,MK
HKLEEHAN2732KOW,,HK
CNSHANEW511ZHE,,CN
SGHUBENG33SIN,,SG
CNSHAPEN83SHA,,CN
CNSHAQIA29YIW,,CN
CNSHARIV7SHA,,CN
CNSHASAL20000SHA,,CN
CNSHASHU324YAN,,CN
INLEDWILL24KOL,,IN
CNTHIINN365DON,,CN
CNTIA25YIW,,CN
CNTIACLOTON,,CN
VNHAIPHOHAI,,VN
INRADCRE3961GUJ,,IN
GBDEFSUPHER,,GB
TRREKDIS70ESE,,TR
CNTIAREG28TIA,,CN
CNXIAAIB7XIA,,CN
CNRUIMIN3ZHE,,CN
INJAIGAR7023TIR,,IN
CNTIAYU11PIN,,CN
CNTIAYU5181SHE,,CN
CNTIERANSHE,,CN
CNBLUSEACHA,,CN
GBADADES37TWI,,GB
INLAJEXP5600BAN,,IN
PTSON330MOG,,PT
CNTJCOM2SHA,,CN
CNTONAPPHUA,,CN
CNTONBETZHE,,CN
CNTONFORHAN,,CN
CNTONHUAHAN,,CN
CNTONJIA209HAN,,CN
VICOLHUO,,VI
CNTONKAI189HAN,,CN
CNTONLAN32TON,,CN
CNTONLIN1HAN,,CN
INUIHOU2013NOI,,IN
CNTONSEN399HAN,,CN
CNTONSEN85TON,,CN
CNJURDOFJUR,,CN
CNTOPDYN38XIX,,CN
CNSILFOXGUA,,CN
PKPROPVT210KAR,,PK
CNSIMBLD191JIJ,,CN
PKARTMIL20KAR,,PK
HKRAYAPP7HON,,HK
CNSIYIND6DON,,CN
GBSYZAPP6LEI,,GB
INKUNOVE515GUR,,IN
CNSKYTEX19HAI,,CN
LKBRALIM1KAT,,LK
CNSOUCHI5181SHE,,CN
INBHAINT272KAR,,IN
PKARTMIL23KAR,,PK
CHRATINT215JIA,,CH
CNYIWCHUZHE,,CN
CNSUILIAXUZ,,CN
CNPINSHUPIN,,CN
CNSUMTRU689NAN,,CN
TRPONDIS140IST,,TR
CNSUNGAR5XIA,,CN
CNSUNHINSHE,,CN
CNLAIHUA1099LAI,,CN
SYNIZBASDAM,,SY
INJMENT154MUM,,IN
CNDONFUJDON,,CN
INIRACC154GUR,,IN
TRASTTEK43IST,,TR
VNCROSTABIN,,VN
CNKANCO11JIA,,CN
GBLUSFAS17LEI,,GB
PKDEKCORSIA,,PK
INSONAPP100BAN,,IN
INSUPOVE151NOI,,IN
INTATINT59CHE,,IN
CNSUZMAYSUZ,,CN
GBVISONDEW,,GB
CNSUZRAN13SUZ,,CN
CNSUZSTE18SUZ,,CN
CNSUZTIA88JIA,,CN
CNSUZTIAJIA,,CN
CNSUZXIJ368SUZ,,CN
CNSUZYIN283SUZ,,CN
CNSUZYIN303SUZ,,CN
MMSHWPAN243MIN,,MM
BDSTESTYDHA,,BD
PKFORGEA1704SIA,,PK
CNTAIHON3TAI,,CN
INMAHEXI95UTT,,IN
INWESCOA3223GUJ,,IN
LKCOCEXP50GAM,,LK
CNRIC1DAL,,CN
INRKI6003CHE,,IN
CNTAIYITTAI,,CN
CNTAIYUA6TAI,,CN
ROSUPROD6SLO,,RO
ROSCJAN57CAL,,RO
CNWINNIGZHE,,CN
INSMIEXP127GUR,,IN
CNXIASHA13DON,,CN
CNSUZHO28SUZ,,CN
HKCON36HON,,HK
CNWUHJIUWUH,,CN
INEAGIND64PUN,,IN
CNWUXEASQIA,,CN
CNWUXEVE780JIA,,CN
CNWUXTAIWUX,,CN
CNJINRUI600JIN,,CN
CNKASIND555NIN,,CN
CNWUXZHA861WUX,,CN
CNWUYHONZHE,,CN
CNXAIDER9909FUJ,,CN
CNXIABEI155XIA,,CN
CNXIACLO612XIA,,CN
HKPRIHK6126KOW,,HK
INMSEMP4142SEM,,IN
MULEIGARMAU,,MU
CNXIAKIN1699XIA,,CN
CNBESCRE38YAN,,CN
CNXIASIN61XIA,,CN
CNXIAWIN102XIA,,CN
CNGREMAR1SHE,,CN
INHEI152GUR,,IN
ROSCFAB1BRA,,RO
ROSCTRI47ORA,,RO
CNSHEZHU35LON,,CN
INMIREXI57NOI,,IN
INSHICOL2013NOI,,IN
CNOSRASI202FOS,,CN
VNTRUDOA73VUT,,VN
INELIINT127NOI,,IN
CNXININDWEN,,CN
CNTOPSHANEI,,CN
CNTOPSUPSHE,,CN
CNTRA51KOW,,CN
HKMARFIT2006HON,,HK
BGALEFASKOC,,BG
CNTWILEA5SHE,,CN
CNGUAYI2GUA,,CN
INANUAPP88NOI,,IN
INSHRNOI,,IN
BRROXIND1510CAM,,BR
VNTHAMINHOC,,VN
CNUNIINT128JIA,,CN
CNUNILEAGUA,,CN
CNVENBRI96SHA,,CN
CNVFRZHA,,CN
CNHANDEL15HAN,,CN
INSNQINT6416TIR,,IN
CNVTL2GUA,,CN
CNLUEN3220YIW,,CN
CNWAIFUN7DON,,CN
VNGIADIN127HOC,,VN
ININSEXP339HAR,,IN
CNWEI58GUA,,CN
CNWEICHI19GUA,,CN
CNWEIDIS220QIN,,CN
PKNOOGAR62KAR,,PK
TNLATUN25SID,,TN
CNWEIGAR1GUA,,CN
CNWEIGAR5GUA,,CN
CNWEILIZ198WEI,,CN
CNWEIXIN2642WEI,,CN
CNYITGAR49GUA,,CN
INARKENT89DEL,,IN
CNWEL17JIA,,CN
CNWELINT4SHE,,CN
CNWELINT7SHE,,CN
CNJIAZHE2JIA,,CN
CNWELSPO3FOS,,CN
INTSKGAR3TIR,,IN
INGOKEXP2717BAN,,IN
TRKARTEK221IST,,TR
CNZHAHUIZHA,,CN
CNWENFEN197WEN,,CN
TRPOLKIM1015IST,,TR
CNWENHON25WEN,,CN
CNWENHON25ZHE,,CN
CNWENHON3WEN,,CN
CNWENHOW198WEN,,CN
CNWENIVI19WEN,,CN
CNFASFLY618FUZ,,CN
CNWENJIN677WEN,,CN
CNWENMAX209WEN,,CN
CNWENOUH389WEN,,CN
CNWENRENWEN,,CN
GBELILILBAS,,GB
GBHARINT1416ESS,,GB
TNSOCTUN113TUN,,TN
CNWENWAN3250WEN,,CN
CNHANHAN3100HAN,,CN
CNWENYON233WEN,,CN
CNWENYOUZHE,,CN
CNWENYU3250EWEN,,CN
CNWENYUS12WEN,,CN
CNWENZHO2WEN,,CN
TRCEMIPL164IST,,TR
CNZHAHENZHA,,CN
CNZHAJIA2156ZHA,,CN
ESKAIKRA264BAR,,ES
CNZHAMIN126ZHA,,CN
CNZHASHESUZ,,CN
CNGUAGRE14HUA,,CN
CNZHASUNTAI,,CN
CNYANSAB23YAN,,CN
CNZHAZHESUZ,,CN
CNZHEBANYIW,,CN
CNZHEBIDZHE,,CN
TRTAYKONIST,,TR
CNZHECUP1969JIA,,CN
CNDONYON20DON,,CN
CNZHEGB308HAN,,CN
CNJIAOTAJIA,,CN
CNZHAJIN100ZHA,,CN
CNZHEHSD233HAN,,CN
CNZHEHUA23ZHU,,CN
MAATEB2A103TAN,,MA
INAMBACC9FAR,,IN
CNZHEJAS111HAN,,CN
TRFARMOD2345IST,,TR
CNZHEJIA6ZHO,,CN
CNZHEJIE69JIA,,CN
CNDONSHA1002DON,,CN
CNZHEJIU20WEN,,CN
CNZHEJIUWEN,,CN
CNZHEKONHAI,,CN
CNXINMEI102XIN,,CN
TRCAGSTI23IST,,TR
CNXINWEI1TAI,,CN
CNXINXIA11XIA,,CN
CNZONXINZON,,CN
CNFUQSHOFUQ,,CN
FRFORSAR63REI,,FR
CNYADI2DON,,CN
ESITAPRO203ELC,,ES
CNHUIHON1416HUI,,CN
CNYANGAR1SHE,,CN
CNNINYON510NIN,,CN
CNYANJIA198YIZ,,CN
CNYANLAN10HAI,,CN
CNYANRONJIA,,CN
CNHUIXIA14HUI,,CN
CNYASHE23DON,,CN
CNYATGAR7GUA,,CN
BDCROWEABHA,,BD
INDECCRAMOR,,IN
TRCERMOD3026IST,,TR
TRKARTEK3BUR,,TR
CNZHEKAI10SHA,,CN
BGCHAFAS2800SAN,,BG
TREMRKES192BUR,,TR
CNYANJIHYAN,,CN
TRMERVEIST,,TR
CNYINJI11DON,,CN
CNYINJI1DON,,CN
TRDIKKUN3030IST,,TR
BDALETEX666GAZ,,BD
TRAXXTEK351IZM,,TR
ESHISFOO36ELC,,ES
TRYRSTEK33IST,,TR
BDCOTFIE423GAZ,,BD
CNYIWHON16YIW,,CN
CNYIWQIS2121YIW,,CN
CNYIWTIAYIW,,CN
CNYIWXIN105YIW,,CN
TRMUYPOL95IST,,TR
CNYIWYID609YIW,,CN
CNYIXYID1JIA,,CN
MACAPMOD742TAN,,MA
PKSHATEX45LAH,,PK
CNYONHONDON,,CN
ESNEWCOM10ELD,,ES
TRANKKON16ADA,,TR
CNJINDAK5QUA,,CN
ROSCKIM1BRA,,RO
CNCHETIN42CHE,,CN
CNLIXJIA11BOZ,,CN
CNZEAAPP201GUA,,CN
FRGAY19TRO,,FR
CNSHADISRIZ,,CN
TRTERGIY351IST,,TR
GB1TO28MID,,GB
GB3AFAS75LEI,,GB
GB56SHO6LON,,GB
TRLTGTEK93BUR,,TR
GBAFFCLO70MAN,,GB
TRSOLTEK689IZM,,TR
INWEAIND30NOI,,IN
MA4AC8TAN,,MA
TRQARTRI134IST,,TR
GBAMPLTD80LEI,,GB
ESICOSPA131MAD,,ES
GBASKTRA200MAN,,GB
VNCAMTHUTHA,,VN
CNHAIKAI10JIA,,CN
CNDONHON70DON,,CN
TREFETEK9ULU,,TR
GBBARDES31LEI,,GB
CNKASHEN198XIA,,CN
CNJINJUN196JIN,,CN
CNHUZKAI10HUZ,,CN
ES650CAL2VUL,,ES
GBCOCDES43LEI,,GB
TRBARUTU37IST,,TR
GBCRO39LEI,,GB
CNHUATIA20HUA,,CN
BDARJEASAV,,BD
BDLARFASNAR,,BD
ESVISCON30SAN,,ES
CNZHELTD186JIN,,CN
BDNEETEX154CHI,,BD
CNBLOWEA2638HON,,CN
ESINS200154GRA,,ES
ESFAGSL13LAS,,ES
CNZHESADZHE,,CN
CNZHESAN38WEN,,CN
CNZHESHEZHU,,CN
INBHAEXI102FAR,,IN
CNNINHEN30NIN,,CN
PTFERMIR24FRI,,PT
CNLUAEVELUA,,CN
MATIEENTTAN,,MA
CNZHETIALIN,,CN
CNZHEXIN2900ZHE,,CN
CNZHEYIC97SHA,,CN
MASAZTAN,,MA
CNZHEZHI8ZHE,,CN
CNZHEZHO3ZHE,,CN
CNGUSLER204HEN,,CN
CNZHODEM28ZHO,,CN
CNZHOEAS9GUA,,CN
CNZHUYIJ1ZHU,,CN
CNZHOENC12ZHO,,CN
CNZHOFEN21ZHO,,CN
CNZHOHAN18ZHO,,CN
CNZHOLID106GUA,,CN
MACRCPRO100MEK,,MA
CNZHOSHA58ZHO,,CN
CNZHOSHA69ZHO,,CN
CNZHOSHAZHO,,CN
MAMEDTRA10FES,,MA
ESCALDIM9ELC,,ES
ESPTGSL2HOS,,ES
CNFUJPUFFUQ,,CN
CNZHUCHADOU,,CN
MMMYUSUE6465YAN,,MM
CNZHUHUA38ZHU,,CN
CNZHULEI1ZHU,,CN
CNZHUSHA2DON,,CN
CNZHUYUA23ZHU,,CN
CNZHUZHU,,CN
CNNANGUORUG,,CN
CNZIYUNGUI,,CN
CNJINHUA60JIN,,CN
ESPREIMP157BAR,,ES
CNSHAJIN60SHA,,CN
CNQUAHON55QUA,,CN
NLPOLPOT77AAL,,NL
TRTOSPAZ11DEN,,TR
ESNEOALV44VAL,,ES
EGCRSDENPOR,,EG
VNGRAGAR3134HOC,,VN
EGEROEGYISM,,EG
ESVARTEX1BAR,,ES
ESTEXSA2224LLI,,ES
ESHERSL4516TOL,,ES
ESHISFOO32ELC,,ES
ESHIT2006CAN,,ES
INSHITEX2728LUD,,IN
CNDONCHA200DON,,CN
ESMANNEW37ELC,,ES
TRIMAGRO181IST,,TR
CNSUMGAR1NAN,,CN
CNHANJSH4HAN,,CN
CNCHIHUACHI,,CN
INVSINT363GUR,,IN
ITVIGSAS10VIG,,IT
CNAFRGAR13SHE,,CN
INKMOCOM626BAN,,IN
GBBURCOMAR,,GB
GBRIADES46LEI,,GB
GBROBMAC1KIL,,GB
CNYANXUSJIA,,CN
GBRUN2LEI,,GB
GBRUNLTDLEI,,GB
GBPURINTMAN,,GB
BDINTAPPGAZ,,BD
CNHEJLIZZHE,,CN
GBSHILTD7476LEI,,GB
GBSHOLEA16LON,,GB
TRERETEK1YOZ,,TR
CNSHEJIA1SHE,,CN
GBSOFTOU5254LEI,,GB
GBSOMES313LEI,,GB
GBSOPDES1LEI,,GB
CNYORASI8SHE,,CN
TRCAGTRIKUC,,TR
GBSRGRA3LEI,,GB
TROKYTEK661IST,,TR
HKAWALIM1321HON,,HK
CNYONFEN2SHE,,CN
GBEIGAPP37LEI,,GB
TRENEIMA5BAR,,TR
GBELILAB2123LEI,,GB
CNSHAGAO16SHA,,CN
CNLUNKAE4SHE,,CN
CNJIASAI22NAN,,CN
GBESSVEE1071LEI,,GB
FRALPEUR60SAI,,FR
IDMORIND25JAV,,ID
TWFUTINT48TAI,,TW
VNASSMANDAN,,VN
GBEXCLOG2HAR,,GB
MABMSCLOSAL,,MA
HKCHICON1302HON,,HK
GBFASSTU46LEI,,GB
GBFASSTU6EIC,,GB
TRBUYENDIST,,TR
ROMAREUR17BUZ,,RO
IDMULNABBIT,,ID
GBFREFAB28MAN,,GB
GBFUSLTD28LON,,GB
GBGARKNI64MAN,,GB
INKAPWOR499AGR,,IN
CNDAK5DON,,CN
CNXINDA7SHA,,CN
GBGNEUR364LEI,,GB
KHCAMMAN4ANG,,KH
CNMIDPRIHUI,,CN
TRORYGIY29IST,,TR
BDKWUTON5987NAR,,BD
CNNEIHON1NAN,,CN
GBINOLON1MAN,,GB
GBJACMAS129LEI,,GB
GBJADHOI2BUS,,GB
CNBEAENT77HON,,CN
GBJONADA184LON,,GB
GBJUSELE11LEI,,GB
CNHENTEXTAI,,CN
INKSGNAH2013UTT,,IN
CNAMEKNI528HAN,,CN
CNSHASKY3YAN,,CN
GBKWIJER24LEI,,GB
GBKWILTD2427LEI,,GB
CNJIAZHO9JIA,,CN
PKFAICOR167KAR,,PK
PKSADLIMFAI,,PK
CNYIHARTLAI,,CN
TRDAETEK6BUR,,TR
GBBAKTAYBIC,,GB
CHIDECOM558YUA,,CH
GBMERCMT32NOR,,GB
TRPAKERO16YEN,,TR
GBMIF12LEI,,GB
MASALCON857TAN,,MA
CNGUARIM107HUA,,CN
CNGUOFOOPUT,,CN
MMKHMCOM57MIN,,MM
TRSAKTEK19BAG,,TR
INMAHCOL63NOI,,IN
BDCOMSOU50DHA,,BD
GBGLOLINLON,,GB
INMAGENT371BAN,,IN
GBPAMMAN46LEI,,GB
BGVENMANBLA,,BG
LKNORCLO37WAL,,LK
GBPASKNI12ANC,,GB
CNJIAFENGUA,,CN
HKREGEAR9HON,,HK
LKPARCLOKAR,,LK
CNTIASAN2TIA,,CN
CNLIFU13GUA,,CN
GBCAMFABMEL,,GB
VNOKT2364BIN,,VN
INPRIFAS143TIR,,IN
PLLADKAM9507LOD,,PL
CNLESLEI139SHA,,CN
HKTINHAN2115KWU,,HK
HKUNIAPP25KOW,,HK
HKVENKNI10HON,,HK
TRBLADES118IST,,TR
HKYINMIN706HON,,HK
TRDURTEK182IST,,TR
INSHIINT21NOI,,IN
HNGILACT6LOT,,HN
TRBERTEK1IST,,TR
HNPINMANAGU,,HN
CHQUAJUN98JIN,,CH
IDANUMAJ28PAR,,ID
TRGAMTEK60DEN,,TR
IDBLUROS15BOR,,ID
BAALBLTD12CHI,,BA
ROCHRCOL14BUC,,RO
IDCON2JAW,,ID
TRMATTEK13IST,,TR
ESDATSL17ALI,,ES
IDDANLIR5755CEN,,ID
GBSFDJOI2LEI,,GB
CNDONTAI219DON,,CN
GBNEWFABMOS,,GB
TRCETGIY11ESK,,TR
CNHAIQINYAN,,CN
IDKAHMAJ389BAN,,ID
INNITKNI15TIR,,IN
INKHIHUN35CHE,,IN
CNSFDASI322SHA,,CN
CNYIWCHE6YIW,,CN
CNJINELEDON,,CN
GBTOPFAS97ILEI,,GB
GBTOPSCE308LEI,,GB
TRTAHDIS421BAG,,TR
INUKIMP27NOI,,IN
AEINDGAR103SHA,,AE
LKSWATEX105COL,,LK
CNSUZDON4JIA,,CN
INSHYTEX38FAR,,IN
GBRARLIMTWY,,GB
GBVINSTYLEI,,GB
CNTAIJIA3180TAI,,CN
GBVIVTRA71LEI,,GB
GBVIVTRA87EIC,,GB
CNTONXIA3033TON,,CN
PKRICENTSIA,,PK
GBBTGSWAR,,GB
GBDAATRA12LON,,GB
GBWINSTA60RED,,GB
BGGRO9BLA,,BG
GBXITMCR3749MAN,,GB
ROALMSC95BUC,,RO
GBJACFAS219LON,,GB
GBB8DES23LEI,,GB
GRTRI2STA,,GR
GTJNBTRA135CAT,,GT
CNZHEJIA588JIA,,CN
TRBARKON55IST,,TR
HKBUTINT2102HON,,HK
CNFASFOC2KOW,,CN
HKCHEBOD36HON,,HK
GBSTEMADLON,,GB
HKCOBFAS888HON,,HK
HKDALGAR14KOW,,HK
TRABTADN1IST,,TR
HKEVESHI1HON,,HK
HKEXTWOR28HON,,HK
CNZHESUNZHU,,CN
KHDINHANPHN,,KH
CNZHAWANZHA,,CN
HKGARCO3183HON,,HK
ROGOLREV6600IAS,,RO
IDPANBRO2BOY,,ID
INMUS5UTT,,IN
ITCALARG7CAS,,IT
CNJINELENIN,,CN
HKLICMET2HON,,HK
INNSEXP24NOI,,IN
TRSIKMAKERG,,TR
GBONEWORMID,,GB
GRDIMSA6024THE,,GR
KHTAIYAR5KAN,,KH
HKMILFORHON,,HK
HKMINFIE5015KOW,,HK
BGPAVTEX96SAN,,BG
TRECOKON10KIR,,TR
CNHOUSHUDON,,CN
GBROMLEANAS,,GB
HUBERRUHBUD,,HU
PKBESMA1312SIA,,PK
TRCANDIS10BUY,,TR
IDPTDADJAW,,ID
TRBASTEK1311IST,,TR
TRSAKSAK19IST,,TR
TRSAKTEK19IST,,TR
TRSANTEK118IST,,TR
FRTEXTEC31TOU,,FR
TRSANTEX44INS,,TR
ROSMISA1231ROM,,RO
TRSARTEKIST,,TR
TRSCATEK2263SUL,,TR
PKFAKAPP1271NAR,,PK
INOPTAPP7201TIR,,IN
INAKAIMP2425MUM,,IN
TROBSGYI451IST,,TR
TRUGUBAL29IST,,TR
INMAGMAR21GAU,,IN
TRTUTCORIST,,TR
ROALINEW60CRA,,RO
ROMILDES16MOR,,RO
ITINTEUR472CRE,,IT
ROTRIJUN4VRA,,RO
MALIN4615DRI,,MA
TRMOSTEK694IZM,,TR
TRHANTEK18IST,,TR
JOCLAFAS54RAM,,JO
ITFENCAL3MOT,,IT
BDNINNIN35CHA,,BD
GRMET6KAT,,GR
CNWHAGARGUI,,CN
FRTECSARLON,,FR
VNBINDIN40QUY,,VN
TRSETTEK73IST,,TR
PLLYSFUS1222IST,,PL
VNPHUKHA57DON,,VN
VNPOUCHEDON,,VN
VNPREGLO1BIN,,VN
MAFMTCON77MEK,,MA
TRBEYTEK1MAL,,TR
VNPTAGGDAN,,VN
CNQINDAO50QIN,,CN
VNPUNSAI187HOC,,VN
VNZONFAC4HOC,,VN
VNREGGAR61HAI,,VN
MAJOCSAR792TAN,,MA
VNSHIGLOTIE,,VN
VNSHYHUNTHU,,VN
VNSPIASI24HOC,,VN
TRSERMOS6IST,,TR
TRSERTEK14BAG,,TR
HKSHEZHE611HON,,HK
TRSETTRI102IST,,TR
CNHANZHEZHE,,CN
TRSEYTEK6YES,,TR
TRSIKMAK101TEK,,TR
TRSIMCOR106IST,,TR
TRERIGIY1000CIG,,TR
TRSINTEK1000MEN,,TR
CNSHUJIUNAN,,CN
TRSIZTEK709BAG,,TR
TRSMLTEK49IST,,TR
TRSOLFAS29INS,,TR
TRSONASF9BUR,,TR
GBBELFAS198LEI,,GB
ITPOMSPA29ASO,,IT
TRERSTEK5IST,,TR
TRPINTEKBAR,,TR
LKDESSTU60AWU,,LK
MADATSAR5EST,,MA
PKUNIAPP502KAR,,PK
INEASEND19UP,,IN
CNDONJAY501DON,,CN
CNWINGARDON,,CN
CNSHALAI100SHA,,CN
INRITEXP23KOL,,IN
BDMKPDES8DHA,,BD
GBINTSYS9POR,,GB
GBSIMWIS3LIE,,GB
CNTAISAN422TAI,,CN
INWALFAS2796NEW,,IN
ROBESART3BUZ,,RO
TRGUMSAR2273IST,,TR
BDECHLIM1751GAZ,,BD
CNSHECAP188SHE,,CN
VNTBTGARHAI,,VN
VNTHAMIN1541HOC,,VN
PKSAPTEX7LAH,,PK
CNHANJIN50HAN,,CN
TRATIAYA8311IST,,TR
VNTUNSOCCHA,,VN
VNUNICO1012DON,,VN
VNVANPHUNIN,,VN
INWAITUPDATE14,,IN
CNWAITUPDATE59,,CN
INWAITUPDATE46,,IN
TRWAITUPDATE51,,TR
INWAITUPDATE49,,IN
GRWAITUPDATE3,,GR
GBWAITUPDATE8,,GB
GRWAITUPDATE,,GR
INWAITUPDATE63,,IN
CNWAITUPDATE8,,CN
INWAITUPDATE80,,IN
TRTEPTEK7878CIG,,TR
ROAMOMAN108ILF,,RO
LKTHAGAR21BOR,,LK
ROVIR12PLO,,RO
MAVALMOR55MOR,,MA
TRBLOMOD178IST,,TR
INSILCRE1050KOL,,IN
ININDDUN157TIR,,IN
ESRANEXP21ALI,,ES
MUPOLLTE2VAC,,MU
TRIYATEK37TUR,,TR
BDSHAIND1982DHA,,BD
INKAPCAR3AMR,,IN
INMEEPVT38NEW,,IN
CNHONYANDON,,CN
CNXIAANDTON,,CN
IDNIKGEM71SER,,ID
GRDIMSA5700THE,,GR
CNPAS6BAO,,CN
VNWELSER111PAS,,VN
INJAKGRO293GUR,,IN
TRSUATEK47IST,,TR
VNVIEHUN206HOC,,VN
VNVIENAMHAI,,VN
CNGOLPOR68SHA,,CN
VNVIGGAR22HOC,,VN
TRVIZTEK94IST,,TR
VNVIRKIN743BIN,,VN
VNVIRKIN743DIA,,VN
VNVISINT19THU,,VN
VNVMCROYTAY,,VN
VNWORVIE4HOC,,VN
VNYAKVIE6VIE,,VN
VNYENLON353HAI,,VN
VNYENLONHAI,,VN
VNYOOHANHAN,,VN
VNYOUVIEHAI,,VN
LKWAITUPDATE7,,LK
GRWAITUPDATE5,,GR
CNWAITUPDATE48,,CN
TRWAITUPDATE78,,TR
GRWAITUPDATE8,,GR
CNWAITUPDATE53,,CN
GRWAITUPDATE6,,GR
TRWAITUPDATE53,,TR
CNWAITUPDATE52,,CN
INWAITUPDATE25,,IN
INWAITUPDATE5,,IN
TRWAITUPDATE81,,TR
CNWAITUPDATE89,,CN
GRWAITUPDATE15,,GR
PTWAITUPDATE1,,PT
TRWAITUPDATE19,,TR
CNSHICO1810FUJ,,CN
TNFIMINTMEN,,TN
INCRAINDMUZ,,IN
USGMSINC5031LOS,,US
KHTYFAS51KAN,,KH
TNALFSARRAS,,TN
BRKUNCIA65RIO,,BR
TRALBPLA11SEK,,TR
INSABMAN870BAM,,IN
ITSHOCAL1719CAP,,IT
GBKESINT11LON,,GB
INCRA141KER,,IN
BDACEAPPTON,,BD
TRTRATEK12IST,,TR
TRISTTEKIST,,TR
KHTKGARPHN,,KH
TRBEBTEK241IST,,TR
CNQINDAY57QIN,,CN
VNKONFAC14KON,,VN
TRECOTEK10BAB,,TR
KHCHUGAM48PHN,,KH
TRUGUKON15BES,,TR
TREFETEK1823BAG,,TR
TREGEORG123VAN,,TR
TREKOTEK8BAS,,TR
TREKPTEK12DEN,,TR
TRELATEK1024IST,,TR
TRELI34010IST,,TR
CNTWILIG1852YAN,,CN
TREMITEK32OSM,,TR
VNWAITUPDATE,,VN
CNWAITUPDATE71,,CN
CNWAITUPDATE20,,CN
TRFLKONMER,,TR
INWAITUPDATE50,,IN
LKWAITUPDATE5,,LK
INWAITUPDATE58,,IN
CNJJFAS2436TON,,CN
CNYONHAO2DON,,CN
CNGRADEV285ANQ,,CN
CNSUZLUX210SHA,,CN
INJAYPRI1126TIR,,IN
INFORSYN126UTT,,IN
TRARGTEK30IST,,TR
INNECCRA27TIR,,IN
CNHANCHI919HAN,,CN
TRMETGIYEYU,,TR
ROHHTEX278TAR,,RO
BDMICDES23UTT,,BD
HKFBCO803WAN,,HK
PKJJJEA31KAR,,PK
LKWAITUPDATE6,,LK
CNWAITUPDATE82,,CN
INWAITUPDATE27,,IN
TRWAITUPDATE58,,TR
CNWAITUPDATE56,,CN
CNWAITUPDATE31,,CN
CNWAITUPDATE25,,CN
TRWAITUPDATE70,,TR
TRWAITUPDATE12,,TR
CNWAITUPDATE3,,CN
CNWAITUPDATE32,,CN
INWAITUPDATE78,,IN
TRHEVTRI361IST,,TR
TREMOTEK34IST,,TR
CNNINREN3SHA,,CN
TRERAGIY32ZEY,,TR
TRERB62IST,,TR
BDALFPAT58SAV,,BD
CNJINCALJIN,,CN
TRERFAYA5IST,,TR
TRERFTEK67IST,,TR
TREROGIY6810AKS,,TR
TRERSDISIST,,TR
PKRKTEX1471LAH,,PK
VNKIDHA1HAN,,VN
INBHACLO140NIO,,IN
CNYANYAQ18SHA,,CN
CNSHAHUASHA,,CN
ROJOISTY1ZIM,,RO
INSHAEXP4644TIR,,IN
CNBEIREL1109BEI,,CN
INADIBIRPAN,,IN
KRFROCO4011SEO,,KR
INMPLEA2DIS,,IN
TRELITEK3421IST,,TR
VNGREHEA3NHO,,VN
MASOBSARTAN,,MA
USCSHINC3245PHI,,US
CNFUZBES33FUZ,,CN
LKELPLAN1449GAM,,LK
CNBELINT2033BOA,,CN
CNCUIFUR67NAN,,CN
ROSCCRI1COS,,RO
THSHETHA888PLU,,TH
CNGUABOX13BAI,,CN
CNGUAHUA201PAN,,CN
MAFIGCLO265TAN,,MA
BDQSTLTDDHA,,BD
TRSTRTEK4544IZM,,TR
TRSTSEROSM,,TR
TRSTUTEK4IST,,TR
ITGILSRL220FIR,,IT
UAUTGUKR85DRO,,UA
TRSUATEKSTA,,TR
TRSUNTEK523MUS,,TR
DETBOUT1HER,,DE
TRSANTEK3428IST,,TR
TRTAHDIS39MAL,,TR
INSANPVT28MUM,,IN
TRAFRTEK107IST,,TR
TRTANORM137IST,,TR
TRTANORM14IST,,TR
TREEFDIS280IZM,,TR
TRTANTEK161IST,,TR
IDMINGARJAW,,ID
PKSAFTOUSIA,,PK
PTVIASHOSEN,,PT
TRTAYDIS5IST,,TR
GBUNIPRO2LON,,GB
TREYNKONIST,,TR
TREZKTEK281IST,,TR
TRFAVTEKIST,,TR
GBLEAMGBIR,,GB
TRFETTEK5IST,,TR
HKUNIMAN1105HON,,HK
INNNCOL265UTT,,IN
HKHUNKEM1826KWA,,HK
HKDEAKNI4347TSU,,HK
PKARAPP200FAI,,PK
PKFAS117FAI,,PK
TNROYFAS1130TEB,,TN
CNWEIDIS973WEI,,CN
CNLUZTEN691LUC,,CN
BDEXEHIFGAZ,,BD
CNSINANH83ANH,,CN
PHGIGMAN55LIP,,PH
INMATCLO197GUR,,IN
GBELETRA97LEI,,GB
CNDONSHE2,,CN
ROSUPEUR200TEL,,RO
TRMODHAZ30TOK,,TR
CNSWEGAR7884CHI,,CN
CNNANSAN42NAN,,CN
TRTEPTEK78CIG,,TR
CNZHEBAN118RUI,,CN
TRTETGIY81TOK,,TR
BDENEFAS1749DHA,,BD
HKMAISEW1001KOW,,HK
TRTOMTEK5BUR,,TR
GBUPTWOO5HEN,,GB
BDOCESWE25DHA,,BD
TRTREKON12MER,,TR
TRTREKON38AKD,,TR
HKCOLRIC1882HON,,HK
TRTRITEK115IST,,TR
BDSONSWE604SAV,,BD
TRTRITEK441BAT,,TR
PKFAREXT18LAH,,PK
CNQUAHUOQUA,,CN
CNZHAUNI187JIA,,CN
IN130MAH417NEW,,IN
TRTUROZA68IST,,TR
TRTUZTEKBUR,,TR
INTULCRE173PRA,,IN
CNJIAHUA34JIA,,CN
TRGELCOR117IST,,TR
TRGENTEKIST,,TR
PKSPRSPOSLA,,PK
GBAPT27LEE,,GB
TRDEBTEK71YEN,,TR
TRGLOTEK4IST,,TR
MXALSINT3500SON,,MX
PTSON1052SMA,,PT
TRGOZMAH3421IST,,TR
TRGULCEY7EDI,,TR
INTAPCRE137HAR,,IN
CNSHEBAIZHE,,CN
CNCHATRA123JIA,,CN
CNGARPRO4210YAN,,CN
INNAKTEX8547ERO,,IN
VNDONGARTHA,,VN
HKCHIRED5870HON,,HK
LKVOGTEXNIY,,LK
HKSUNIND216MON,,HK
BDSQCELMYM,,BD
EGJADTEX200ISM,,EG
KHWINYIN4PHN,,KH
MMGUAMIN138YAN,,MM
CNMAYSIH16SUQ,,CN
CNJIAFOR96DAN,,CN
VNYSSGAR6NAM,,VN
IDUNIHANJAK,,ID
MAIBT2FEZ,,MA
CNPINYAOSHA,,CN
CNGUIDIN2SAN,,CN
CNLOVYOU5SHE,,CN
CNFUJBUF8QUA,,CN
INAQUIND1234MAL,,IN
INQUACLO12VIS,,IN
BDINTDRE1619GAZ,,BD
TRUCETEK1621IST,,TR
TRUCETEK6212IST,,TR
TRUCLTEK24ORD,,TR
TRUCLTEKIST,,TR
TRUGUBAL289SAK,,TR
INCRAAUT1234COI,,IN
CNZHOSHA0020GUA,,CN
PHINWEA25MAN,,PH
TRUNIDEM1032IST,,TR
CNPANHONPAN,,CN
CNSHAFANSAH,,CN
TRUNITEK1003IZM,,TR
TRUNITEK8IST,,TR
TRUNL17IST,,TR
TRUNYTEK19ORD,,TR
TRGURBURIST,,TR
INBLINT1612NEW,,IN
TRGUVKONBUR,,TR
TRHARTEK3BUR,,TR
TRHATTEKHAT,,TR
CNZHOSHA28ZHO,,CN
TRHURHAV22DEN,,TR
TRIDEMOD39IST,,TR
THGOLMIN1999SAM,,TH
CNSHAJIE2651HAI,,CN
RORAOIND1OLT,,RO
INHOSCOMNOI,,IN
CNZHEYUH22HAI,,CN
INJEGGAR8519ERO,,IN
TRABMGIY19IST,,TR
BDAKRFASRAJ,,BD
BDLEBSWEGAZ,,BD
MAMOD11FES,,MA
PKAHDEN143KAR,,PK
CNGUAPRE502GUA,,CN
INSAICRE134NOI,,IN
PTJOALUIFEL,,PT
IDPTPEIJOM,,ID
HKHOPLUN32KOW,,HK
CNDONHUI601GUA,,CN
TRVIOTRI10IST,,TR
TRVISTEK150KIR,,TR
BDTROLINDHA,,BD
TRYAKKON2273IST,,TR
GBVISLIM184DER,,GB
VNNAMDIN309NAM,,VN
TRYELGIY57IST,,TR
TRYENGEN30IST,,TR
TRYESSATBUR,,TR
TRYFATEK30IST,,TR
TRYFATEX3432IST,,TR
CNFAIGUA12GUA,,CN
CNINTTRATON,,CN
ITCALMAR53MAL,,IT
TRILHCAT2971TAR,,TR
TRIMTMAY1IPS,,TR
TRIMTTEK11IST,,TR
TRINSTEK2374IST,,TR
INALPIND572GHA,,IN
TRISTTEK34IST,,TR
TRINTTRI105DUC,,TR
HKCHAXIN2638HON,,HK
TRMERTEK113IST,,TR
VNHOGUO22HAN,,VN
TRISFTEK1431IST,,TR
TRBOSTEK2GAZ,,TR
CNHANXIAHAN,,CN
CNQINQIT798QIN,,CN
PKLEAUP23KAR,,PK
INRICEXP829TIR,,IN
INANIFAS29HAR,,IN
PKGULAHM19KAR,,PK
INPARPRO85NOI,,IN
INTKLKNI585COI,,IN
TRAEMTEK1002CIG,,TR
INBAG5225GUR,,IN
THPHODES62BAN,,TH
TRCAGORM9165IST,,TR
INAARPACWES,,IN
ROSCLON8BUZ,,RO
INFUTENT101BAN,,IN
INFREFAS145CHE,,IN
KHJIAHEN4TAK,,KH
BDKIMDES214GAZ,,BD
EGRUBGAR14ELI,,EG
VNEAMVIE21BEN,,VN
CNDONHUI13GUA,,CN
CNHUZNEW86DEQ,,CN
VNCHAGIAHUN,,VN
BDTRIAPP1704GAZ ,,BD
TWCHIUNI248TAI,,TW
PHELLINT23CUP,,PH
PKRAJIND7490KAR,,PK
CNDONGUA32DON,,CN
ITFENCAL35SEG,,IT
TRSINTEK87INS,,TR
INSHIEXP23JAI,,IN
CNMINUMBFUJ,,CN
TWSCOIND91KAO,,TW
TWTONCOS709TAI,,TW
TWTSUMAN68TAI,,TW
TRKAR324IST,,TR
TRKARMH67IST,,TR
TRKARTEK3IST,,TR
TRKAYGIY20AKS,,TR
CNCHEWIN188CHE,,CN
CNYUKGARTONGHEN,,CN
INSRIVAR3003TIR,,IN
TRKESCOLIST,,TR
TRKEVTEK1352IST,,TR
CNZHUCHU6ZHU,,CN
CNJENASI7017JIA,,CN
TRKONTEK27IST,,TR
CNQINJIN2QIN,,CN
TNIMPFAS1AKO,,TN
CNJUYCHESHA,,CN
ININDFAS122FAR,,IN
CNCHASENSUZ,,CN
CNMAN19ZHE,,CN
CNXIN32ZHE,,CN
INPRIWEA17OID,,IN
BDSMAPRI101DHA,,BD
CNDONBOWDON,,CN
INKRICRESAN,,IN
BDZXYAPP72GUL,,BD
IDSANGAR1TAN,,ID
TRBAHERC10YAL,,TR
KHCAMHON2KAN,,KH
ROALIHAY575BUC,,RO
GBPRISYSHUD,,GB
CNQINRAZQIN,,CN
INTHEEXP435GHA,,IN
TRURSKON1KAS,,TR
CNHUIYUX10HUI,,CN
CNSUZJIA40SUZ,,CN
INCRGAR330TIR,,IN
UABLUMOO50LVI,,UA
ESORMSA63BAR,,ES
TRSARKAR5167IZM,,TR
BDABOUT2930CHI,,BD
USCURAIR1015LOS,,US
INBLOAPP50BAN,,IN
INGHACRE101NEW,,IN
BDJERSHI1881CHI,,BD
TRDOGTEK54IST,,TR
USMSPGRO206LOS,,US
USNEVNUD3240VER,,US
TRLAFGIY7IST,,TR
TRMAHMAR8,,TR
TRBLOMODIST,,TR
TRMARTEK2GIR,,TR
TRMARTEK8GIR,,TR
TRMAYORM1MAN,,TR
TRMDTEK1000IZM,,TR
TRMDTEK34IZM,,TR
TRMERTEK3191ZM,,TR
BDSQUDEN48DHA,,BD
CNNINROC1NIN,,CN
VNMAR2960DAN,,VN
TRDETTEKIST,,TR
TRBRCTEK131IST,,TR
TRPERTEK1674IST,,TR
TRCCMGIYIST,,TR
INRKCOM1706SON,,IN
MUPROINDTER,,MU
ALDOLSHPSHI,,AL
IDBUTPRE10JAK,,ID
TRATEMAK14IST,,TR
CNWEITAI76WEI,,CN
TRCIHBIL38IST,,TR
KHSIXINDPHN,,KH
INKIWENT734GUR,,IN
FRTANROU2ROM,,FR
PTFONCAL,,PT
INNABJAL003WES,,IN
LKNORLAN231COL,,LK
BDHOMDAE731GAZ,,BD
INMGMEXP8GUJ,,IN
TRGUVTEK2IST,,TR
CNLAILIN2LAI,,CN
PTJUNTEX583VIL,,PT
CNBENJIA271BEN,,CN
VNANNVIETHA,,VN
VNAPPHADUC,,VN
VNAPPVINTHA,,VN
VNASGGLO06NHI,,VN
VNASTSAI7VIN,,VN
MAMARQUA165TAN,,MA
VNCHAVIE39DON,,VN
PKINTLAH,,PK
TRMETKON5IST,,TR
TRMIHTEK44IST,,TR
HKCERINT30HON,,HK
VNNEWVIE1091BIE,,VN
TRMOD1003IZM,,TR
TRMODKON8YEN,,TR
TRMODTEK31ERG,,TR
TRMOSTFSHNIST,,TR
TRMRTSTU222IST,,TR
TRMURYIL5458IZM,,TR
TRMUZKEM3203IST,,TR
TRMYEHAZIST,,TR
ROSMI1231ROM,,RO
INSUNFAS1805BAN,,IN
PKTAIAPP22LAH,,PK
TRPIKTEK19IST,,TR
INPOTARR100RAN,,IN
TRIDEMAT24IST,,TR
GBANOLIM70BIR,,GB
INSCOGAR244BAN,,IN
CNSHAHUN800SHA,,CN
CNTODHANJIA,,CN
INJOLMAK62MUM,,IN
MALARSAR4TAN,,MA
INZEUINTAND,,IN
VNCIBAO5LON,,VN
BDSAYTEXSAV,,BD
VNDAPCAUBAC,,VN
VNDOMQUA1QUA,,VN
CNFUNJUN16GOU,,CN
KHZHOQUN168PHN,,KH
VNEVEGLO13HAI,,VN
VNFAREAS220TAI,,VN
PTACODE617BRA,,PT
TRDEMGRO30IST,,TR
VNGBXVIELON,,VN
TRNEGTEK3IST,,TR
CNCHICIT42CHI,,CN
CNLEXINT8BEI,,CN
TRNESTRI7IST,,TR
MANEOSARTAN,,MA
TROCUVIR3420IST,,TR
HKBREASI906HON,,HK
TROKATEK221IST,,TR
TRONTIST,,TR
TRAREDOK1624BUR,,TR
TRMIBTEK24IST,,TR
CNNINRENJIA,,CN
CNTOPCRE1901CHA,,CN
CNSIN1407NAN,,CN
CNYIWCHI121YIW,,CN
CNNINBAIYIN,,CN
TRUGRTEKIST,,TR
CNJIAGUO65JIA,,CN
CNSHEQIA701SHE,,CN
CNLUOZHOLUO,,CN
CNWENYAN57WEN,,CN
CNYOUDON22YAN,,CN
GBIVYLEACHE,,GB
BDAPSKNI42GAZ,,BD
VNBACGIALAN,,VN
ROSCKAT11MUS,,RO
CNSHALID200JIN,,CN
CNHAICOUZHE,,CN
BDMETKNIDHA,,BD
VNLEV51HOC,,VN
TWJOCVAN184NEW,,TW
CNCHAKAICHA,,CN
CNGREEAG25DON,,CN
GBKNILIMHOL,,GB
TRERGTEK12MER,,TR
CNCHEFENGUA,,CN
KRFEVCOR1101SEO,,KR
FRISRSCOROM,,FR
VNHABACVIE,,VN
INRAIFAB7172NOI,,IN
PTSANGRA6BRA,,PT
CNROYTRA168JIN,,CN
VNHOAXA5NAM,,VN
ESSOBSL3IRU,,ES
VNHUNKIU743HOC,,VN
ESPRISLALQ,,ES
VNKANSAIDUC,,VN
VNKANSAILON,,VN
TRORYGIY6IST,,TR
TROZATEK34IST,,TR
CNTONXUC148TON,,CN
TROZETRI16IST,,TR
TROZGTEK5IST,,TR
MXIKATEX1042PUE,,MX
TROZLTEK3509IZM,,TR
TRNESOZM111IST,,TR
CNSHAHUIBIN,,CN
VNTANMYBAR,,VN
TRPANMAH55OSM,,TR
TRPENCOR8TEK,,TR
PTTINTIN242RON,,PT
VNOKT5HOC,,VN
MACOG855TAN,,MA
INCITCOL213TIR,,IN
MAOMEMOD840TAN,,MA
CNDACHE276DON,,CN
HKBASHK32KOW,,HK
INDET30NEW,,IN
BDESTFASGAZ,,BD
CNZHEBAN18YON,,CN
BDARMFAS2322DHA,,BD
CNZHEBIDWEN,,CN
IDPTHAN01SUB,,ID
INRAION1511CHI,,IN
TWTAIDYE29TAO,,TW
INEXESOU2647TIR,,IN
BDNURDYEFEN,,BD
HKTUNYIK2931CHA,,HK
MABMSCLO1435HAY,,MA
GBELILILHAN,,GB
CHJUNDON168LIA,,CH
INKISEXP871GUR,,IN
VNLOTTEXTRA,,VN
VNMINTRITHA,,VN
VNNAMGAR01NAM,,VN
VNNAMINABIE,,VN
VNNEOVIE185VIN,,VN
VNNEOVIE85VIN,,VN
VNNEWRICDON,,VN
VNNEWWORHAI,,VN
VNPHOPHU3DAN,,VN
TRPIMTEK13IST,,TR
TRDEBTEK104KIR,,TR
CNNINYINZHE,,CN
ROOTTROM1PAU,,RO
TRPRETEK39IST,,TR
TRRATMODIST,,TR
INMORCRU11AUR,,IN
TRREKTEK2850IST,,TR
TRREMTEK19INS,,TR
TRRHOOZI5748IZM,,TR
CNZHOTON18ZHO,,CN
ININDCRA58CHE,,IN
INFAIEMB25TIR,,IN
KHDEWCAMPHN,,KH
ROSTETOP11CAM,,RO
LKBODLTDKAL,,LK
CNCHAULI2CHA,,CN
SVINTTEXZON,,SV
PAAMAINT2282BIR,,PA
CNJIACLO11BOZ,,CN
ININDEXP1228GHA,,IN
TRKABTEK120DUZ,,TR
CNHANHENZHE,,CN
RSJEASER57LES,,RS
TRONDTEK3BAS,,TR
INNSEMB06NAG,,IN
CNDONYAM139GUA,,CN
INONEUP1221BAN,,IN
INOPTIMP2102MUM,,IN
LKMARMAN10POL,,LK
INORICRA913GUR,,IN
LKVOGPVTHIK,,LK
INPAAEXP100TIR,,IN
BDSQBIR2212MYM,,BD
TRREGTEK1345IST,,TR
TRSENSEN14AMA,,TR
INPEEEMP122FAR,,IN
INPEEEMP13FAR,,IN
CNZHUJIN1BAI,,CN
BDMAHCRE32HAR,,BD
TRBERTEK53BAG,,TR
TRBUYPLA3IST,,TR
TRBESMODIST,,TR
TRBEYAKAIST,,TR
TRBFFKOZ63IST,,TR
TRBOZMAH7042DEN,,TR
GBREDLTD24LON,,GB
IDSANJAY35CIM,,ID
IDPANBRO02BOY,,ID
IDPARWOR68SER,,ID
IDPTANU31JAK,,ID
TRINTTEKSAR,,TR
IDPTCITBOG,,ID
VNEIGMARHAI,,VN
IDPTSHOPAS,,ID
IDPTTUN13JAK,,ID
CNGUAYOU34XIN,,CN
CNLUVCLO2309GUA,,CN
INPRAKRE67NOI,,IN
CNNINVEN110NIN,,CN
PKHASTEX124KAR,,PK
CNGUASHE131PAN,,CN
INRACAPP126NOI,,IN
BDAPP21GAZ,,BD
CNLAILIF902QIN,,CN
INRAION144BAN,,IN
CNTONFAN208ZHE,,CN
INRAJCOT2343KOL,,IN
BDJLFASGAZ,,BD
PTESF10FAF,,PT
PTFLMTEX32BRI,,PT
KHKUNSTYPHN,,KH
PKKAMTEX35FAI,,PK
PTMAL5CAB,,PT
PTMAX41BAR,,PT
TRBRKTRI101IST,,TR
TRBULTEK2412PEN,,TR
TRCANCOL2327INS,,TR
TRCANKON9708KAH,,TR
TRCBCOM6031LUL,,TR
TRCECTRI2083IST,,TR
TRCEMTEK55IST,,TR
TRCETSA3421IST,,TR
CNTRALEA13ZHO,,CN
CNTGICHA3SHE,,CN
BGSPTEKSAN,,BG
GBCEN6NOR,,GB
HKBONPLA13KOW,,HK
IDSANSAU33CIM,,ID
IDSIOSEMSEM,,ID
ROMANTEA1NEA,,RO
IDSTAAPP002JEP,,ID
VNPHUHUN347HCM,,VN
BDDORAPPGAZ,,BD
PHMAGCOR5210CLA,,PH
LKFOUGAR3MAW,,LK
CNSUZJST211SUZ,,CN
CNZHAPUXIA,,CN
VNSAIKNI6THU,,VN
LKKOGGARHAB,,LK
LKKORGAR98MUN,,LK
LKMASACT52KAT,,LK
CNSHAYUS550ZHA,,CN
LKNORNOB1136THA,,LK
TRCFCGIY3488SAN,,TR
TRCHATEK23IST,,TR
INRICCO2GUR,,IN
INRICFAS57NOI,,IN
INRRTRE34NOI,,IN
INSAHEXP7PAL,,IN
CNWENYID101WEN,,CN
BDDTMUNIGAZ,,BD
INACEIND1100NEW,,IN
ITGITSRL814GEN,,IT
INACSAGE89NEW,,IN
BGALEPER79THE,,BG
TRGELORM21IST,,TR
INCOTCON573NEW,,IN
LKSUMGAR121NOR,,LK
CNCHAZHOGUA,,CN
INAISAPP3031NEW,,IN
HKSPLCAP2209HON,,HK
CNYANLON2DON,,CN
BDKNICON1400NAR,,BD
INAMAFAS6225GHA,,IN
INAMASIT2010UTT,,IN
INAMBUNI36TIR,,IN
CNJIAGUO125JIA,,CN
LKPOLGARYAK,,LK
LKSMASHI10KAT,,LK
CNGEFGAR63WUJ,,CN
LKSTYCAS9COL,,LK
CNGUAEVE300GUA,,CN
LKTHAPVTELA,,LK
CNNINPOP9210NIN,,CN
LKVOGLTDNOC,,LK
TRDENTEK197DEN,,TR
TRDENTEK47AYD,,TR
TRDENTEK92AYF,,TR
TRDEVTEK6IST,,TR
INSANINT3334UDY,,IN
TRSIBTEK6IST,,TR
TRAGAGRO16AKD,,TR
TROSAGUN22AKD,,TR
INSAVLEA2013UTT,,IN
INSHAEXP10BAN,,IN
INSHAEXP28FAR,,IN
INTEXSYN84BAN,,IN
HKCHEWIL812KOW,,HK
INANKEXP63UTT,,IN
INANNCLO2812TIR,,IN
CNZHEYUAFUZ,,CN
GBCOLLTDLON,,GB
TRAKITEK21IST,,TR
INAQUIND9325BAN,,IN
KHGOLGEA4PHN,,KH
INALIPRI5CHE,,IN
INARVKUM22NOI,,IN
INSHAEXP4451BAN,,IN
LKWINDREDHA,,LK
PKKAMLIM53FAI,,PK
PKFATAPP389NOR,,PK
TRECKTEK5DUZ,,TR
MAAGZ59TEM,,MA
ROSCASS12PRA,,RO
MADAT2060CAS,,MA
PTMAXTEX4754POR,,PT
PTMTVINDBEN,,PT
CNTIAYUN4TIA,,CN
TRBAHHAZ15IST,,TR
INSMSEXP83NOI,,IN
INSONPVT57NOI,,IN
INSRESAN183TIR,,IN
INASSGAR20AVI,,IN
INATLTEX342TIR,,IN
ROFRAIND185ARG,,RO
CNWENJIAZHE,,CN
INAFTSCH162NEW,,IN
MAIDOCON110CAS,,MA
MU664LTKPOI,,MU
INBHAEXP1GUR,,IN
ROKALPRO83BUZ,,RO
MAELIDES61ESS,,MA
MAEMISA1TET,,MA
MAKHASAR793FEZ,,MA
MANEOSRL841TAN,,MA
PTVESSA4635VIL,,PT
ROANUMAR9PRI,,RO
INSTECREDHA,,IN
BDASTKNI122DHA,,BD
CNGANYUN600GAN,,CN
CNGUAJIN3PAN,,CN
TRERATEK451IST,,TR
INSURGAR18JAI,,IN
INTAPCRE137GUR,,IN
INTATINT4550DEW,,IN
INTEJINT1011ART,,IN
INTEXIND110BAN,,IN
INCACEXP31CAL,,IN
VNBINMIN10THA,,VN
TRSILSAN4MAL,,TR
INCHAEXP5MUM,,IN
INCHEPVT7435BHA,,IN
KHMAKGARPHN,,KH
MAPOLSPO43TEM,,MA
MASTEANM102TAN,,MA
MATAJFAS833TAN,,MA
MATEXHAR816FEZ,,MA
MATEXSAR17TAZ,,MA
MATHIAMP26SAL,,MA
MAWOMTEX1TAN,,MA
MDALPOME3601UNG,,MD
ROFACBEL13BRA,,RO
ROGOSCLO936BLE,,RO
INTNENT39NOI,,IN
INTRIINT240TAM,,IN
INTUKTUK3CHE,,IN
INUMIFAB3THA,,IN
PKINDHOM174LAH,,PK
INCRAAPP272TIR,,IN
CNDANHUADAN,,CN
ROANGPRO2CEH,,RO
INDEEENT76NEW,,IN
TRATETEK5IST,,TR
INDIBIND309BAN,,IN
MGCMTMAD9ANT,,MG
MKDIMMIT94VEL,,MK
MKGRALTDSTI,,MK
MKKARLTD7500PRI,,MK
MMAMIMYA1190BAG,,MM
MMEURSPO473YAN,,MM
MMGARPRO4210RAN,,MM
ROMODLUX8101BRA,,RO
KHNEWGAR3PHN,,KH
VNTESBIN15THU,,VN
ROSCALP273BUC,,RO
ROSCANG2SAL,,RO
INVENCLO10BAN,,IN
CNGUARUI93JIE,,CN
INVISAPP4047AND,,IN
INWENPER337MUM,,IN
INWININD300CHE,,IN
INAVACHE59THA,,IN
TREVITEK4BUR,,TR
GBETYFAB9DUR,,GB
INELEOVE38GUR,,IN
TWFAREAS32TAI,,TW
CNCERINTDON,,CN
CNINTSUZ36SUZ,,CN
ITCAL21FIE,,IT
INEMCEXP617AGR,,IN
BGHADIX1BLA,,BG
ROSCGUR31SLA,,RO
CNFOSNANNAN,,CN
INFAC12NOI,,IN
MMGRAENT6162YAN,,MM
MMGRAENT61YAN,,MM
MMGREONE70YAN,,MM
MMJIAMEI859THA,,MM
MMJIAMEI859YAN,,MM
MMKIDYAN518YAN,,MM
MMKINFAS39YAN,,MM
MMMYAYOR168HLA,,MM
MMNEWGRE44YAN,,MM
MMNEWGRE44YAS,,MM
MMNEWLOT109RAN,,MM
MMPAKCHU92YAN,,MM
MMSHEMEI49YAN,,MM
MMSHWMIN2526YAN,,MM
CNYANCITGON,,CN
ROSCLON8RAM,,RO
ROSCSOR59FOC,,RO
ROSCSOU267PRA,,RO
ITABBGG56CIV,,IT
ESQUASL14PET,,ES
TRBURMUT157BUR,,TR
VNHERCHAPHU,,VN
BDHOPYIC6DHA,,BD
INBRAINT11VIZ,,IN
KHASTSKYKAN,,KH
VNUNICO101DON,,VN
ITCALCHR51BAR,,IT
ITCALILE2501CAR,,IT
ITCONLUI58VIN,,IT
CNTOPCLADON,,CN
INFARSHO7AMB,,IN
CNBOGLINGUA,,CN
PKFER18823KAR,,PK
HKEAGAPP22KOW,,HK
CNSHANASHA,,CN
INFRECLO3CHE,,IN
INFUSCLO1681MUM,,IN
TRCORDIS162BAH,,TR
CNSHALIA9SHA,,CN
TRALNTEK2621IST,,TR
INGENAPP5FAR,,IN
INGLOEXP847KAN,,IN
BDAYEFAS258NAR,,BD
MMTWILIG1825YAN,,MM
CNMINGAR101DON,,CN
INJOHGAR7362TIR,,IN
KHSHEDA2011PHN,,KH
MUIVYLEAFON,,MU
BDTALLTD1316SAV,,BD
CNNINHAI1511ZHE,,CN
ROSIMMAN352PLO,,RO
PTHTHIND1VIL,,PT
ROSOUTRI1071PRA,,RO
ROZENFAS1BRA,,RO
SGPOWIND49SIN,,SG
ITCALSPE128LUC,,IT
ITCALVAN4LUC,,IT
ITCINGPPOM,,IT
ITCOGI10VER,,IT
ITCONLAP9BAR,,IT
ITCONLIT1921AGL,,IT
ITGENSRL37CAS,,IT
INGOYFAS24JAI,,IN
KHCAMCAMPHN,,KH
GBEURKNI1113LEI,,GB
INGURFAS691GUR,,IN
IDCITPRI12BAN,,ID
INHUMDES63NOI,,IN
NLMAGBOD51ALM,,NL
PECONTEX151LIM,,PE
PECOTKNILIM,,PE
PECOTPRO210LIM,,PE
PEHILDE801LIM,,PE
PETOPTOPLIM,,PE
SGYIWYUN1001SIN,,SG
THEASBOA28BAN,,TH
THNKAPP78KHO,,TH
THTHOTHA2339BAN,,TH
THVERFAS199PAT,,TH
TNBACINTBOU,,TN
ITINTSRL28APL,,IT
ITLAR26BOL,,IT
ITMINSRLBER,,IT
ITMISACC5901PRA,,IT
ITREBFAS24PRA,,IT
PKASHINT103FAI,,PK
INIMP7DEL,,IN
BDMONINTGAZ ,,BD
CNCHAZE307GUA,,CN
CNMEIHUA1357GUA,,CN
CNZHOMIN77GUA,,CN
ININDJEA4015BOI,,IN
TRBESTEK66IST,,TR
ININTEXP202PHA,,IN
ININTFAS294NEW,,IN
INISHINT2013NOI,,IN
CNTIACIT38TIA,,CN
PHKABWORCAR,,PH
PHMACLAP,,PH
PHYUEPHI1LAP,,PH
PK35FAI,,PK
PKALAMI16KAR,,PK
PKALRIA1LAH,,PK
PKAMASON88KAR,,PK
PKARTFAB67KAR,,PK
PKARTFAB72KAR,,PK
PKARUINDLAH,,PK
TNTMTZIFAX,,TN
GBAMALTD364WES,,GB
VNSONTIELON,,VN
TRALBALA20IST,,TR
CNDONQIH5DON,,CN
ITVIABAS14POT,,IT
TRERSOFI17ANK,,TR
JPENDMAN53TSU,,JP
KHAKMGAR20KHA,,KH
KHAKMGARKHA,,KH
KHCAMEVE6137PRO,,KH
TRCHE22IST,,TR
INSVMINC2479NOI,,IN
INJMRAPP2511CHE,,IN
INJYOAPP10GUR,,IN
MGCOMMAL9ANT,,MG
CNFOSSHU2FOS,,CN
CNTAICHATAI ,,CN
INKENINT63UTT,,IN
INKHUEXP79KAN,,IN
PKAZAINT230FAI,,PK
PKAZG205DIS,,PK
CNDONDEY4GUA����,,CN
TRBLUWHI3TEK,,TR
PKBISROS196FAI,,PK
PKCASSPO1231KAR,,PK
PKCASSPO16KAR,,PK
PKCHEAPP204FAI,,PK
PKCROPAT45LAH,,PK
PKDENCLO2KAR,,PK
PKDENCLO7KAR,,PK
PKECLSPOSIA,,PK
PKFASART16KAR,,PK
PKFASBAY18FAI,,PK
PKGMGLO364FAI,,PK
TRADIDEN18ADI,,TR
TRAKACOR110IST,,TR
TRAKBTEK17BUR,,TR
TRAKBTEKTEK,,TR
TRAKSTEK7IST,,TR
TRAKYGOM110AKY,,TR
TRAKYTEK2107INS,,TR
INHINFAS4014MUM,,IN
KHEASFOO1623PHN,,KH
KHELICAMCAM,,KH
INFASFAC292NEW,,IN
KHGARINTKAM,,KH
KHGLAGAR4PHN,,KH
GBSYZAPP50LEI,,GB
INSANFRO13NOI,,IN
KHGOLSTA21SAA,,KH
KHGOOPLU3PHN,,KH
BDSWELTD1351GAZ,,BD
KHHITEC3536POI,,KH
INKOLKON44BAN,,IN
INKRIBEA2013NOI,,IN
CNENV8SHA,,CN
INKRIBEA7NOI,,IN
INKSEINC19AND,,IN
INKSNENT34GUR,,IN
CNQUAADB612FUJ,,CN
CNYULONFUJ,,CN
VNKIMSONKIM,,VN
INLAG50BAN,,IN
INLEDWILKOL,,IN
CNJINYIR1500JIN,,CN
CNYUELU727XIE,,CN
TRMODDIS101BEY,,TR
PKINO172FAI,,PK
PKINTLTD6FAI,,PK
PKLAZDEN55LAH,,PK
PKLIBMIL7570KAR,,PK
PKNISMIL22AHO,,PK
TRALICI830IST,,TR
TRALISAV10BUR,,TR
TRALNTEX47IST,,TR
TRALPTEKORD,,TR
TRANTIHR11IST,,TR
TRANTTEK118AVC,,TR
KHJIFSOK1CHA,,KH
MAMOLSAR8FES,,MA
KHMENYEE3SRO,,KH
KHNEWFUM54PHN,,KH
KHNEWORI1417PHN,,KH
KHNEWRAIMEA,,KH
KHOPTFAS4SAM,,KH
KHORISPR9PHN,,KH
KHPAPTEX5PHN,,KH
KHQUACLO313PHN,,KH
CNSUNGAR28SHE,,CN
INMAFCLOBAN,,IN
CNGUASHI18BAI,,CN
INMAHCOL23NEW,,IN
INMAHGAN11FAR,,IN
PKNOOCOR193KAR,,PK
CNGUANIN5GUA,,CN
PKNOVLEA30KAR,,PK
CNGUAXUA4015GUA,,CN
CNTIGBAG6QUA,,CN
PKRAJIND34KAR,,PK
PKRAJUNI1011KAR,,PK
CNHUIZHO43HUI,,CN
CNJIAWEI1GUG,,CN
PKREVSTIFAI,,PK
CNPROGAR22GUA,,CN
PKSIDLTD53KAR,,PK
TRARTTEK63IST,,TR
CNSATFAS9ZHE,,CN
TRASITEK2BUR,,TR
CNSTAGRO1108JIN,,CN
TRASTTEKKIR,,TR
TRASTTEX4345IST,,TR
TRAVA19IZM,,TR
TRAYCTEK234IST,,TR
KHSTAFUY16MEA,,KH
KHSUNPTE85ANG,,KH
INSUPFAS124HAR,,IN
KHTIAINTPHN,,KH
KHTIESUNPHN,,KH
KHWAIFUL4SRO,,KH
TRTAYTEK1IST,,TR
KHWINCOR62PHN,,KH
KHXINNAN3ONG,,KH
KHZHOTEX21SAA,,KH
KHPRETECBAT,,KH
CNZHEINR606HAN,,CN
INMEYAPP42GUR,,IN
INMGSGOV753KAR,,IN
BDDSFASBHA,,BD
INMIREXI2627NOI,,IN
INMIRINT1GAU,,IN
PKSMSFAS5LAH,,PK
CNMSINT4WUX,,CN
CNNANNOB601NAN,,CN
PKTAIAPP2LAH,,PK
CNWENREN6006WEN,,CN
PKWH1016KAR,,PK
PLBELPPH79JOZ,,PL
PLEZLID9LUB,,PL
PLFAEDI6BOL,,PL
TRAYTSIRIST,,TR
TRAYWTEK28IST,,TR
TRBAHKON5641IST,,TR
TRBARDOK102BUR,,TR
TRBAYMAL16MAL,,TR
TRBAYMODKOY,,TR
TRBEKCOR30DON,,TR
KRDADCOR7904KAN,,KR
KRIRE36SEO,,KR
KRNEOCO2018SOU,,KR
KHGOLGAIPHN,,KH
LKBAMEXPUVA,,LK
LKCOUCLOKAT,,LK
CNDONHOU202GUA,,CN
MAKARMAR1205TEM,,MA
KHGOLISLTAK,,KH
TRELYTEKKES,,TR
TRTESREA13AKS,,TR
CNANHHUOGUA,,CN
INMUKEXP31NOI,,IN
INNAHSPI1LUD,,IN
MMGENENT3559MYA,,MM
INNEEAPP60NOI,,IN
TRKUZTEK538IST,,TR
BDDEBOLDSID,,BD
BDDIVINTCHI,,BD
IDLEEGAR1MAJ,,ID
RSASTTEK8086NIS,,RS
CNTAILIAJIA,,CN
INANKEXP45NOI,,IN
BDFABKNI1341DHA,,BD
BDFAIAPP1420NAR,,BD
BDFAKAPP503NAR,,BD
BDFLAFAS1349GAZ,,BD
BDFOUDES78NAR,,BD
BDGABLIMDHA,,BD
CNHANFRAHAN,,CN
PTDAMJOS86VIL,,PT
TRTEPTEK7878IZM,,TR
BDHELLTD127DHA,,BD
BDHOPYIC6165DHA,,BD
CNFORINT2099XIA,,CN
AEJUMOVE3017SHA,,AE
ALEXTKOR1KOR,,AL
VNGREHEA2BAR,,VN
INEVE902SHE,,IN
BDAFRFAS16CHI,,BD
BDAFRFAS75CHI,,BD
BDALIKNIGAZ,,BD
INRADEXP65NOI,,IN
BDAMAFAS2010GHA,,BD
TRKONTEK8IST,,TR
BDANACASGAZ,,BD
BDANAGAR1341DHA,,BD
BDANAJEA772GAZ,,BD
CNCHUDAQIA,,CN
CNBSMENT160NIN,,CN
BDAONBD1141DHA,,BD
BDARTHUT7DHA,,BD
BDBASFAS93GAZ,,BD
BDBDDES4849CHI,,BD
CNZHEGAL238ZHE,,CN
BDCAPKNI279DHA,,BD
BDCHOTEX105DHA,,BD
TRBJTEK4IST,,TR
BDCIVENG8915DHA,,BD
CNJIASOH2100NAN,,CN
BDCOMAPP26HIT,,BD
BDCOMCOM822DHA,,BD
BDCOTROS1064MIR,,BD
BDCREFASGAZ,,BD
BDCROTEX1901NAR,,BD
BDCRSWEGAZ,,BD
CNINFIE3DON,,CN
BDUSIFASSRE,,BD
BDVINDENGAZ,,BD
BDVIRGMHDHA,,BD
CNSUZHIG369SUZ,,CN
BDWINAPPDHA,,BD
BDWINDRE1341DHA,,BD
VNQUOCHI2602HOC,,VN
BDYAGBAN1107DHA,,BD
BDZEEFAS1711GAZ,,BD
BDZOOSWE13DEM,,BD
BGCAR0742BYA,,BG
TRDEMTEK5647IST,,TR
IDBUSAGR001TAN,,ID
TRTANINR137IST,,TR
CNBOLCOUHUI,,CN
CNNINHAI1205NIN,,CN
BGKATTEX2309PER,,BG
BDTRZGAR576GAZ,,BD
BGMARBAG59PLO,,BG
MASCI218ELJ,,MA
CNDONHUM10GUA,,CN
CNBLUSEALIA,,CN
ITGIRDI19PIS,,IT
BYELI2DZE,,BY
BDIREKNI13DEM,,BD
KRMAGINC858CHU,,KR
CHGUAPRE4GUA,,CH
BDJAMFAS75DHA,,BD
BDJARIND32GAZ,,BD
INFIBGAR2392TIR,,IN
TROZMTEK8AVC,,TR
BDJMFABGAZ,,BD
BDKANGAR228DHA,,BD
INRAJ234KOL,,IN
BDKENBAN0003CHI,,BD
BDKMAPP8DHA,,BD
BDLANAPPGAZ,,BD
BDLODFAS16DHA,,BD
BDLOUMANGAZ,,BD
INRAMIND29AMB,,IN
BDMARMAN5BIR,,BD
BDMASSWEKAS,,BD
BDMEAAPP3713NOR,,BD
BDMEGYARGAZ,,BD
BDMESDHA,,BD
BDMGKNI311GAZ,,BD
CNNINNEW181NIN,,CN
BDMNUSWEGAZ,,BD
BDMOKNEXGAZ,,BD
BDMORFAS39ASH,,BD
BDMSPRO31NAR,,BD
BDNEWLIN1945GAZ,,BD
BDNORCOR4345GAZ,,BD
INMSSIL5KUR,,IN
ROSILSA93ZAL,,RO
BDONEPOL1460NAR,,BD
BDORIALL610GAZ,,BD
PKSAPFIN5PUN,,PK
BDPADJEA1061DHA,,BD
BDPAHTEX4202CHI,,BD
BDPANAPPGAZ,,BD
BDPARBAN711CHI,,BD
BDPARWAS2774GAZ,,BD
BDPATLIM183DHA,,BD
BDPENKNI123GAZ,,BD
BDPIAFAS23DHA,,BD
BDPIMAPP1710DHA,,BD
BDPINGAR9TON,,BD
BDPOLCOM26DHA,,BD
BDPOLSTAGAZ,,BD
CNDIVFOO8DON,,CN
CNFUJJINNIN,,CN
CNWONASI2324SHE,,CN
BDRAOSWE1236CHI,,BD
INANKFAS297BAN,,IN
BDREGTHR4223CHI,,BD
BDRINSHI2242DHA,,BD
TRBAYTEX4HEM,,TR
TRTOPTEK220IZM,,TR
BDRUSAPP561NAR,,BD
BDSATEX1243DHA,,BD
BDSAYTEXASH,,BD
BDSEPGAR181JOY,,BD
BDSEPGROGAZ,,BD
BDSFSWESAL,,BD
BDSHAAPPDHA,,BD
BDSHAAPPSAV,,BD
BDSHAFASSAV,,BD
BDSHAKNIDHA,,BD
BDSHEINDMYM,,BD
BDSKSWESRE,,BD
MMGOSSAR745TAN,,MM
ITGILSRL1VAL,,IT
BDSTASWE1704GAZ,,BD
BDSTYFASNAR,,BD
BDSTYLIM11GAZ,,BD
BDTHASWARAJ,,BD
BDTHIAPA3HIT,,BD
INMARFAS20MAD,,IN
CNSHAZHO12HAN,,CN
CNCHADON6CHA,,CN
EGMIDEASPOR,,EG
CNCHAFAS3115HAN,,CN
CNCHAKAI8CHA,,CN
CNCHASHEJIA,,CN
CNGUAZHO38GUA,,CN
CNCHASMA88CHA,,CN
CNYINGARZHU,,CN
CNCHAYAD6CHA,,CN
CNCHAZHO5210CHA,,CN
GBRBPRO43KIN,,GB
CNCHEGAO358CHE,,CN
CNCHEGAR388SUZ,,CN
CNCHELAN3CHE,,CN
CNCHIDON1CHI,,CN
CNCHIOVE252XIA,,CN
CNALAMOD298JIA,,CN
CNCHITIM409HUZ,,CN
TRBMRTEK6IST,,TR
BDDAWGAR32CHA,,BD
CNCHOREN13CHO,,CN
CNCHUJEW38QIN,,CN
CNCHUTAIGON,,CN
HKWISTRA3541KWA,,HK
CNPANTHI18CHA,,CN
INRAMLEA6000MAD,,IN
TRARDTEK57BUR,,TR
CNFREFASSHE,,CN
TRMEHBEY57IST,,TR
TRAYCTEK173IST,,TR
BASER171BUG,,BA
TRKADCOR9IST,,TR
GBALIFAS4LON,,GB
CNJIAXUL151JIA,,CN
TRHISMAK10KAY,,TR
INTULCRE137GAU,,IN
CNACEFAS3SHE,,CN
CNACTFASHUA,,CN
CNADVSPOGUA,,CN
GBFORYOU136LON,,GB
ITGIUMOD1555ROM,,IT
CNALLFAS4GUA,,CN
BDJAMDES189BAD,,BD
IDKAH16CIM,,ID
TRALTTEK43BAL,,TR
TNDENAUTRAS,,TN
MUFIRTEXGOO,,MU
CNANHAC1ANH,,CN
CNANHDAN6SUZ,,CN
CNANHEHO152BEN,,CN
PECOTDES1184LIM,,PE
CNANHWANTON,,CN
GBENDLTD3LIV,,GB
CNAOTFAS138JIA,,CN
CNARISCA336TON,,CN
CNASIAUT2400XUJ,,CN
CNASISOC2386SHA,,CN
HKNOMAN1501HON,,HK
CNAVRFASGUA,,CN
CNBAIDREQUA,,CN
CNBAIFOOSHA,,CN
CNBAIFUJJIN,,CN
CNBANFAS34DON,,CN
CNBARTRI462WEN,,CN
CNBEAINT78DON,,CN
CNBEI202BEI,,CN
CNBELINT2033DIN,,CN
TRBYMOD9MAL,,TR
CNBESDEA137SHA,,CN
CNBESFOO3HUI,,CN
CNBINSAL360SHA,,CN
CNBLA1611SHE,,CN
INSHRBHA72NOI,,IN
CNHANYUA953HAN,,CN
CNBLURIB36GUA,,CN
DEPAPPRO4MEC,,DE
GBCROOVE19BRA,,GB
USFUN2802EVE,,US
CNBOS39GUA,,CN
CNBOSLIM705GUA,,CN
ESNIGSHO32ELC,,ES
CNBOYSHO19ZHE,,CN
CNBRA86ZHE,,CN
TREMIKUY160IST,,TR
TRNEZSAP7IST,,TR
TRAYDOKA37IST,,TR
CNSHALIG256SHA,,CN
CNCARFRE8HEF,,CN
MKEUTBAN34SHT,,MK
BDABOKNI169HEM,,BD
CNCESLAD36GUA,,CN
CNCHACOM2DON,,CN
INMARIMP834NEW,,IN
CNDONREGDON,,CN
CNDONRUI113DON,,CN
CNDONRUIDON,,CN
CNHANNOV19HAN,,CN
PTFONLDA4815CAL,,PT
CNDONSPE501DON,,CN
INMAEXTUP,,IN
INAFFINT10IMT,,IN
CNDONTON42DON,,CN
INKARTEX2301TIR,,IN
CNDONWEI10DON,,CN
CNDONXIN472JIN,,CN
CNDONXINDON,,CN
CNDONXIU3DON,,CN
CNDONYIY2320DON,,CN
CNDONYIY302DON,,CN
THINTFAS140KRA,,TH
INCRE86NOI,,IN
INGOOAGR51NAG,,IN
INLALINT116NOI,,IN
CNDONZHU333DON,,CN
GBCROEURENG,,GB
CNDPOSR2420GUA,,CN
PETEXCRO769LIM,,PE
CNDUIGARLIA,,CN
CNEASAPP19ANH,,CN
CNEASDONGUA,,CN
CNELABAG2GUA,,CN
CNZHEHEN5112JIA,,CN
MANORTAN,,MA
CNETEBES16HON,,CN
CNEVECOM106QUZ,,CN
VNBRASPO2HER,,VN
CNEVEINT509NAN,,CN
CNEVELEA700WEN,,CN
CNEXC2886ANH,,CN
TRTAYTEK308MAN,,TR
GBSAMTEX11LON,,GB
MUWORKNI17COR,,MU
TRALBALAKAR,,TR
CNFANSHI10DON,,CN
GBRAFWAD5LIN,,GB
CNCIXZHI1CIX,,CN
CNCLAGHITIR,,CN
ITCALMAR4CAS,,IT
CNCLUGUA,,CN
CNCLYGAR2GUA,,CN
CNCN7003JIA,,CN
CNCOLOUTHUI,,CN
GREVAJOTHE,,GR
CNCONASI188CHA,,CN
ITARESPA12BRE,,IT
BDPRISOL2MIR,,BD
CNCOSJEAGUA,,CN
CNHANCHUHAN,,CN
CNCREGAR55GUA,,CN
INMAHFAS1151BAN,,IN
CNCYGAR1DON,,CN
INGOOCONKAN,,IN
CNDALFUK16DAL,,CN
TRENR221BUC,,TR
CNBESENT237GUA,,CN
CNHANGRE3259HAN,,CN
CNDANACT3DAN,,CN
CNDANDAN6DAN,,CN
CNDANEAS6SOU,,CN
CNDANGUODAN,,CN
CNDAYKNI809HAN,,CN
CNDCPTRAQUA,,CN
CNDEQFUS666HUZ,,CN
NLGOOBV5726AMS,,NL
HKASIGLO4894KOW,,HK
CNDEXINWEN,,CN
CNDFACO1DON,,CN
INKOMCRE58UTT,,IN
CNDIF293GUA,,CN
CNDIFJIA283GUA,,CN
CZWMW435BZE,,CZ
PTSITSEA330MOG,,PT
INMALTRA33LON,,IN
INSAAINC111DIS,,IN
CNDONAIS300DON,,CN
CNDONBACDON,,CN
CNDONBENZHE,,CN
CNDONCHODON,,CN
CNDONCIT4DON,,CN
CNDONCIT5235DON,,CN
CNDONCITDON,,CN
CNDONDON87DON,,CN
TRBAYTEK2347MAR,,TR
CNDONGLA16WEN,,CN
CNDONGOA426ZHE,,CN
CNDONGUA24DON,,CN
CNDONHON12DON,,CN
CNDONHON3DON,,CN
ROSCZFASRAM,,RO
CNDONJIA9999DON,,CN
CNDONJY3DON,,CN
CNHUBLIG185JIN,,CN
CNDONMAO93DON,,CN
CNDONMIN25DON,,CN
PTTEXIND2472GUI,,PT
CNGUAJIN15GUA,,CN
CNGUAJIN89GUA,,CN
CNGUAJIU66GUA,,CN
CNTAIHON40TAI,,CN
CNGUALUL29GUA,,CN
CNGUALUO22GUA,,CN
CNGUAOFF201GUA,,CN
CNGUAPAN65GUA,,CN
CNGUAPIN6GUA,,CN
CNHUZNEW78HUZ,,CN
ESANTILU1VAL,,ES
CNGUAROM101GUA,,CN
CNGUARUN6016GUA,,CN
CNGUASAN91GUA,,CN
CNGUASHA3GUA,,CN
CNGUASHE85GUA,,CN
CNGUASINSHA,,CN
CNGUATHO3GUA,,CN
CNGUAUND80DON,,CN
CNGUAUNI16GUA,,CN
CNGUAUNI25GUA,,CN
CNGUAUNI8GUA,,CN
ESCONPUN16MAD,,ES
CNGUAWAN26GUA,,CN
CNGUAWUZ3WUZ,,CN
CNGUAXINGUA,,CN
CNGUAXINHUI,,CN
CNYANFEN23YAN,,CN
CNGUAYIG3GUA,,CN
CNGUAYIS8GUA,,CN
INPRATEX27NOI,,IN
CNGUAZEX788GUA,,CN
CNGUANIU7GUA,,CN
CNXIAORI1069XIA,,CN
CNXINSHO18DON ,,CN
ITFVL11BRO,,IT
CNFENCRA21JIN,,CN
MATAJFAS65TAN,,MA
VNVINBON6BON,,VN
BDBDCRE2829GAZ,,BD
CNFIFAPP201GUA,,CN
TRMOSTEK9830IZM,,TR
CNCHAFEI5CHA,,CN
CNFLEAPP115GUA,,CN
VNBRAGARBIM,,VN
ESINDBOL3400STA,,ES
CNFOSEVE701FOS,,CN
VNFINCO3DUC,,VN
INKABLEA17GUR,,IN
CNUNIINTGAO,,CN
CNFULKNI245DON,,CN
KHPOWRICPHS,,KH
CNFUNHUA31FUY,,CN
ESNAVROS71BAR,,ES
CNFUQFUSFUQ,,CN
CNFUT501SHA,,CN
MAHYSSAR24TAN,,MA
ITCRAALB2LEC,,IT
TRAKSTEK21IST,,TR
CNFUZHUAFUZ,,CN
CNXUASHE27XUA,,CN
KHSTRHEA2BAT,,KH
CNYANYAN30YAN,,CN
CNGALSUN148JIA,,CN
CNGANMM7GAN,,CN
CNGANZHO12GAN,,CN
CNGAOSHIHUI,,CN
TR3FHAZ16COR,,TR
PTCORCOR140FAF,,PT
CNGENGAR2GUA,,CN
KHGOLMAN21SET,,KH
CNHAIYAN10SHA,,CN
PTLUNLDASIL,,PT
CNGLOSWI8DON,,CN
CNGMSINT528SHA,,CN
CNGOLEASDON,,CN
CNGRACLO1251SUZ,,CN
CNGRECOR746XIA,,CN
VNYENMYGIA,,VN
CNGUA22GUA,,CN
CNGUAAOS4GUA,,CN
CNHUIXIABIN,,CN
CNGUACHU1GUA,,CN
CNGUACIT529GUA,,CN
CNGUACIV19GUA,,CN
CNGUACIV19UAN,,CN
CNGUACLO105GUA,,CN
CNDUNQIN67QIN,,CN
CNGUAELA2GUA,,CN
CNGUAHUA82GUA,,CN
CNGUAIN107GUA,,CN
CNHLLPRE3DON,,CN
IDTECINDRIA,,ID
CNZONGUAZON,,CN
CNHONKON79CHA,,CN
BDWAPP1209DHA,,BD
CNHONSHO1416HUI,,CN
CNHONYUA69DON,,CN
CNHOOGUA3GUA,,CN
TRALCTES21IST,,TR
PKDENPRI186KAR,,PK
CNQUASHA18QUA,,CN
CNHUABAOHUA,,CN
VNTHALON134THA,,VN
ESJOAPIE21BAR,,ES
MAMBCON10TAN,,MA
CNHUALIQHUA,,CN
CNHUAYIN111HUA,,CN
CNDEQJIX3DEQ,,CN
CNHUAYUA1HUA,,CN
CNHUAYUA30JIA,,CN
CNHUAYUA32LIA,,CN
CNHUAYUA99HUA,,CN
ESREPSAB360BAR,,ES
CNHUBRUI100HUA,,CN
CNHUBRUI3JIN,,CN
CNHUBZHOHUB,,CN
CNGUAREN7GUA,,CN
CNHUIGAO43HUI,,CN
CNHUINANGUA,,CN
CNGUSAICGUS,,CN
BDSTEAPPSAV,,BD
MAHANINT28SAL,,MA
CNHAICHA7HAI,,CN
CNHAICOU1111JIA,,CN
CNHAIGUI12JIA,,CN
CNHAIGUIZHE,,CN
CNHAIJIN160YAN,,CN
CNHAIJINHAI,,CN
CNHAIKAIJIA,,CN
KHZJSYKRO,,KH
CNHAISANSHA,,CN
CNHAITOP19YAN,,CN
ESMANHEPHER,,ES
TRALEKON333BUR,,TR
CNHAIZHOJIA,,CN
CNHAN82HAN,,CN
CNSHANACHO,,CN
ESDOCSL121MAT,,ES
CNHANBAO3111HAN,,CN
CNHANCARHAN,,CN
CNHANCOR610HAN,,CN
ESTRAHISPOL,,ES
RSTEXDOOPET,,RS
VNFTNVIEMYP,,VN
CNHANFUQ188HAN,,CN
TRSYLTEKIST,,TR
CNNINXIX10NIN,,CN
CNHANGRE258HAN,,CN
CNHANHAN1HAN,,CN
CNNINCHA285NIN,,CN
CNHANHS1HAN,,CN
CNHANHUA5612HAN,,CN
CNHANHUA6HAN,,CN
INNOREAS71NOI,,IN
CNHANHUIHAN,,CN
CNHANJIE1HAN,,CN
CNQINOUL100QIN,,CN
CNHANLEA39SHE,,CN
TRARTTES232USA,,TR
CNHANMIN489HAN,,CN
CNHANNOVHAN,,CN
CNGUATUD47GUA,,CN
INZODCLOMUM,,IN
CNHANSHA38HAN,,CN
CNHANSUN1202HAN,,CN
CNHANTIE12SHE,,CN
PTFMINDLAG,,PT
CNHANYIHAN,,CN
CNHANYON8HAN,,CN
CNDALREN331DAL,,CN
CNHATSCA19YIW,,CN
KHJUHFOOKOM,,KH
CNHEMCHI14HAN,,CN
TRFBTEK1001CIC,,TR
INARSFAS194GID,,IN
CNELOASI9KOW,,CN
CNHENNECSHE,,CN
MAEASFAS253GUE,,MA
CNHENSAISHA,,CN
CNHENSNOPUY,,CN
VNSONTIEMYT,,VN
CNHENWENHEN,,CN
VNHUNJSC29DON,,VN
CNHEZBEASHA,,CN
CNHEZELE978SHA,,CN
CNHIGFAS8HAN,,CN
CNJIAHUB295YAN,,CN
CNHIGHOP1402NAN,,CN
CNJIAYUAYAN,,CN
CNJINAIDJIN,,CN
CNJINAISJIN,,CN
CNJINBAI1789JIN,,CN
CNJINBEL20QUA,,CN
CNWELBAO7BAO,,CN
CNLILGRO1768HAN,,CN
CNJINFULQUA,,CN
KHTOUPONPHN,,KH
CNSHAGAR19SHA,,CN
TRASTTEK4451MER,,TR
CNJINJEW79DON,,CN
CNJINJINJIN,,CN
CNJINKYL585JIN,,CN
GBDHIND3BAR,,GB
TREKEORM3405IST,,TR
CNJINMAO88CHA,,CN
CNJINMAOHUI,,CN
CNJINQUA12JIN,,CN
CNJINSAN297JIN,,CN
CNJINSHUNIN,,CN
CNJIAHONYIX,,CN
ITCONZS56PRA,,IT
INPUSINT301DEL,,IN
CNYOUCLONIN,,CN
DKLER16745,,DK
ITGRUCAL5005FIR,,IT
CNJOEWINBAN,,CN
CNJOSLIMCHA,,CN
INFUTPOL1CHE,,IN
CNZHEKIN30QUZ,,CN
ROASOCAR116ARG,,RO
GBJACFAS37LEY,,GB
VNSCACOBIN,,VN
CNHONKON2GUA,,CN
CNHUWANYIW,,CN
CNHUZCHE15HUZ,,CN
ROPARINT8997BUC,,RO
CHLYRUN352HAN,,CH
MKBOSKUM,,MK
CNIMPSHE,,CN
CNINDAPP769HUZ,,CN
CNJIJ5ZHE,,CN
CNKAOCLO1306DON,,CN
CNQICGAR17QUA,,CN
INMSNAT57NOI,,IN
KHAMCLOPRE,,KH
CNIRIBAG309YIW,,CN
CNISSINT281NAN,,CN
CNJACBEA808JIA,,CN
CNJADFAS289SHA,,CN
CNMANYANGUA,,CN
CNJASWES1988ZHE,,CN
PKANIAPP2KAR,,PK
CNJECTEC3GUA,,CN
INORIFAS4514DEL,,IN
CNJELDES302GUA,,CN
CNJENJEW11DON,,CN
CNJHGAR200GUA,,CN
CNJIAAOT139JIA,,CN
INRASIL12NEW,,IN
CNJIAASS6JIA,,CN
CNJIABIN11GUA,,CN
CNJIACAI89NAN,,CN
CNJIACEN18RUD,,CN
CNJIACHA128JIA,,CN
GBDISLOG3HAL,,GB
PKTEXPVT1324LAH,,PK
CNJIAFAC28GUA,,CN
CNZHECUPJIA,,CN
CNJIAFAN169JIA,,CN
CNKANLEASHE,,CN
BDDENLTD5GAZ,,BD
CNEMCGUA1GUA,,CN
CNJIAGAN103GAN,,CN
CNJIAGAR11BOU,,CN
PKCHIINT495KAR,,PK
CNJIAGERJAX,,CN
CNJIAGERJIA,,CN
CNJIAHEY58ZHE,,CN
CNJIAHUA52JIA,,CN
TRRGSGLO110IST,,TR
CNJIAKAI2323ZHE,,CN
ROSUMCON30BOT,,RO
CNJIALAY2500JIA,,CN
CNJIALIACHI,,CN
CNJINHAIJIN,,CN
TRRIFTRI4IST,,TR
CNJIANANJIA,,CN
CNJIAPERJIA,,CN
CNJIAPINSHA,,CN
CNJIAQIAZHA,,CN
CNJIAQUE508ZHE,,CN
CNJIAROM1725JIA,,CN
VNSONHOA1097HOC,,VN
CNJIASENJIA,,CN
RORIMPRO1BAN,,RO
CNJIASHE8JIA,,CN
INMITIND212GHA,,IN
CNJIASTR11CHA,,CN
CNJIASUD66JIA,,CN
CNJIATAI18FUZ,,CN
LKARID2ANU,,LK
CHGAIGAR8DON,,CH
CNHANJINHAN,,CN
CNJIAXIN888ZHA,,CN
CNCHIPRE8SHE,,CN
CNMIN6JIA,,CN
CNJINFASNIN,,CN
CNMINFAI138LON,,CN
TRSAVSAN0610ANK,,TR
EGCADEGY7ALE,,EG
CNDONXIN16DON,,CN
CNSICHU6CHE,,CN
CNMODBRI26GUA,,CN
CNAOSGARDON,,CN
KHTOPONE5PHN,,KH
CNMRINT100KOW,,CN
CNMRINT4GUA,,CN
CNSHELID4SHE,,CN
CNMUSAPP5DON,,CN
CNNAH3HUA,,CN
CNNAHHUB3HUA,,CN
IDPANPACSEM,,ID
MAYARCON39TAN,,MA
CNNANADO19NAN,,CN
CNNANCAT509NAN,,CN
CNNANCHE66GUA,,CN
KHCAPGARNOM,,KH
ITCASBOL4CEN,,IT
INMIREXP301DEL,,IN
CNNANFOR490NAN,,CN
CNNANHIG148HAI,,CN
CNNANHON42NAN,,CN
CNNANJIN88NAN,,CN
CNNANLAWNAN,,CN
CNNANLON1JIA,,CN
CNNANREN98CUG,,CN
CNNANSOH1301NAN,,CN
CNNANSUN5999NAN,,CN
BGGRESTYSAN,,BG
CNPREMANQIN,,CN
ARMAGSA1427BUE,,AR
CNNANSAN10CAO,,CN
CNTIACOQUA,,CN
CNNEWFIE135DON,,CN
BDRUPFABGAZ,,BD
INLAGCLO1432KAN,,IN
TRSEFTEKIST,,TR
CNNINAUN99NIN,,CN
CNNINBES66NIN,,CN
CNJUNDON168IAN,,CN
HKSOUENT98HON,,HK
INPANPLO35HAR,,IN
CNJUNWEI2ZHU,,CN
CNJUYDIWHEZ,,CN
BDSTY4244JOY,,BD
CNKALGAR88JIA,,CN
GBFARGROCRE,,GB
GBKOIFOO216MAN,,GB
CNKCFAS2SHI,,CN
INEASWES12DEL,,IN
ITPERMODCHI,,IT
TRFARLTDIST,,TR
PTTEVTEX26MOR,,PT
CNKINKNI5NEI,,CN
CNDONGUA276DON,,CN
HKBONLTD5025KOW,,HK
CNKJSPO78YAN,,CN
IDWININT12KOT,,ID
PKDIAFAB7LAH,,PK
INRAVAPP46GUR,,IN
TRKALGIY2BAG,,TR
CNLAILINLAI,,CN
CNLAISUN5290GUA,,CN
IDPANBRO178TAN,,ID
CNLANGARJIN,,CN
CNLAWGMTNAN,,CN
CNYINJIANIN,,CN
INORCOVE133GUR,,IN
TRKALDIS71IST,,TR
CNDONLIADON,,CN
CNLID3YIW,,CN
CNLIDLEAGUA,,CN
INSURTEXMUM,,IN
CNLILIA106HON,,CN
CNQINCHO112PIN,,CN
CNLOCAPP501GUA,,CN
CHMAR550QUA,,CH
CNNINZHE186NIN,,CN
TRSANTEK12IST,,TR
CNLRX1302FUJ,,CN
TRWEMDIS1504IST,,TR
CNYANZHO18YAN,,CN
CNLY352HAN,,CN
TRCELCOR56BAY,,TR
CNMAAZHIMAA,,CN
CNDONYON13DON,,CN
INSUVIND298BAN,,IN
BGMGKNI219GAZ,,BG
CHGUACIV19GUA,,CH
GBHMYRADNEW,,GB
TRBEYDEN14BAT,,TR
GBPALEURRED,,GB
CNQINCHAQIN,,CN
CNQINCHE23QIN,,CN
CNQINDAEQIN,,CN
INDIAOVE58NEW,,IN
PKRANTEXFAI,,PK
ININSCRE247PET,,IN
CNQINIFA8QIN,,CN
CNQINJEWQIN,,CN
CNQINMAY16QIN,,CN
CNDONCIT79DON,,CN
CNQINNOBQIN,,CN
CNQINOKA166QIN,,CN
CNQINOKAQIN,,CN
BDALETEXVOG,,BD
CNQINRUIPIN,,CN
CNQINRUIQIN,,CN
CNQINSON1QIN,,CN
CNQINSOU8QIN,,CN
CNQINTON556QIN,,CN
CNQINVER11QIN,,CN
CNWEIFAS1SHE,,CN
CNYINGUA299JIN,,CN
CNNANYEEGUA,,CN
ITCALILE11CAR,,IT
CNNINCHENIN,,CN
CNNINCIT50NIN,,CN
CNNINDAN5NIN,,CN
INVEETAX9DEL,,IN
ROSCLTS95IAL,,RO
CNNINDYO25NIN,,CN
CNHONKON3GUA,,CN
CNNINHAI139NIN,,CN
CNNINHAI197NIN,,CN
CNNINHAIHAI,,CN
TRVELLEA3IST,,TR
CNWINKADON,,CN
GBKIREUR10INV,,GB
CNNINJEH13NIN,,CN
HKSPLFAS1401HON,,HK
CNNINJIE55YUY,,CN
CNNINJINYIN,,CN
CNQUAKNIDON,,CN
HKPROIND3335SHA,,HK
CNNINNINNIN,,CN
CNNINSED3150NIN,,CN
ROSABCON105TAR,,RO
CNNINSED81DUA,,CN
CNNINSHE26NIN,,CN
CNNINSYL29NIN,,CN
CNNUJGAR199YIW,,CN
ESDIREXP6ELD,,ES
CNNINWEININ,,CN
CNNINWEN506NIN,,CN
CNNINWILNIN,,CN
CNNINYIN3151NIN,,CN
CNNINYIN90NIN,,CN
BDSARIND421GAZ,,BD
CNNINYUH389NIN,,CN
CNNINYUK985NIN,,CN
CNNINZHA26NIN,,CN
CNNIT15GUA,,CN
CNNTSHUA2ANQ,,CN
CNBAZCLO245DON,,CN
CNOCCOUTGUA,,CN
LKVOGTEX190KOH,,LK
INENKEXP134AGR,,IN
VNFAREAS106HAN,,VN
INFASDRE156NOI,,IN
GBNONAM2LEI,,GB
CNPANINT202ZHE,,CN
TRMETGIY523RAM,,TR
TRABECOR542IST,,TR
BDKENBAN4223CHI,,BD
INJASAPP4BAN,,IN
CNPARLTD201GUA,,CN
CNPEEINT4119GUA,,CN
CNPEISINXUZ,,CN
CNPEN51GUA,,CN
CNJIYSHOQUA,,CN
CNSHABOL9SHA,,CN
CNPGUSA39HAN,,CN
CNPIN8FOS,,CN
CNPINCLO302GU,,CN
CNPLAPRO1110GUA,,CN
ROAUGSRL40NEA,,RO
CNCHOSHOHUI,,CN
INABIAPP5273TIR,,IN
TRPETTEK668EDI,,TR
CNLILJIN13LIL,,CN
CNPRISOU1801QIN,,CN
CNHENNEC24SHE,,CN
PKSHAIND100LAH,,PK
CNPUTSUNPUT,,CN
CNPUTTENPUT,,CN
CNPUTXIAPUT,,CN
CNSHAXIN181SHA,,CN
CNSHAXIN299SHA,,CN
CNSHAXIO28SHA,,CN
CNSHAZHO30SHA,,CN
ITARTSTR13BAR,,IT
CNSHEBAGZHA,,CN
TRTURCOR26IST,,TR
CNSHEFEN3BAO,,CN
TREDAGRO6IST,,TR
CNSHEGRO6SUZ,,CN
CNSHEJIA21SHE,,CN
CNSHEJINSHE,,CN
CNSHEKNININ,,CN
CNPINCHEPIN,,CN
TRNEHGIY381IST,,TR
CNDRACRO255NIN,,CN
INSANASI2223PUN,,IN
CNSHESHI611SHE,,CN
CNSHESIM28SHE,,CN
INCHEGAR7052TIR,,IN
HKSUNIND838KOW,,HK
CNSHEXIU3SHE,,CN
CNZHEKAI7ZHE,,CN
GBWRIPLAWES,,GB
CNCHIPRO521SHE,,CN
INDHRGLO14FAR,,IN
TRSELEYY1541IST,,TR
CNSHUJIULU,,CN
CNSIHGUOJIA,,CN
CNSIHGUOSUQ,,CN
CNQUAHAO618QUA,,CN
CNQUAHEN4QUA,,CN
CHPAPLINDON,,CH
CNQUAJUN5JIN,,CN
CNQUAKUP7FUJ,,CN
CNQUASHU4JIN,,CN
CNQUAUNI28FUJ,,CN
BDLAVGARGAZ,,BD
CNRAMINDSIN,,CN
CNRANACC899SHA,,CN
INTRYIND3NOI,,IN
LKREGCAL262GAM,,LK
CNWUXYADWUX,,CN
CNREDEYE706HON,,CN
INHNINT39NOI,,IN
CNREGXIA17XIA,,CN
INEVEINTLUD,,IN
GBFARLIMROC,,GB
PKSELINT20KAR,,PK
INSNQINTCOI,,IN
LKTREPVT4591KAD,,LK
TRMUTCOR1034IST,,TR
CNROMCLO2302GUA,,CN
CHJOY118ZHE,,CH
CNRONSHOWEN,,CN
CNRRW9GUA,,CN
INSCOGAR71BYA,,IN
CNRUGLIN68RUG,,CN
RONEWFAS1461PLO,,RO
CNRUIQIARUI,,CN
LKNOBPVTHOR,,LK
BDHOSTEX96DHA,,BD
CNSAMENT2688SHE,,CN
CNHEAMFYDON,,CN
CNSATFAS9HAN,,CN
CNSCOPT39CHA,,CN
CNSENGAR38NIN,,CN
INSHAEXP433BAN,,IN
CNSEVQUA2FUJ,,CN
CHSIHUA78DON,,CH
VNINTVIN9HOC,,VN
CNSHAART17GUA,,CN
VNANTFOOTAM,,VN
CNLINDON,,CN
CNSHACOL38SHA,,CN
CNSHADRA17HON,,CN
CNHANYED172HAN,,CN
CNSHAFAS2SHA,,CN
CNQINSHEQIN,,CN
CNSHAGAR123SHA,,CN
CNSHAHES3562SHA,,CN
INFASKNI29TIR,,IN
CNSHAHUA392JIN,,CN
CNSHAINT2000SHA,,CN
CNFOSSHU11FOS,,CN
CNSHAJIUHEZ,,CN
CNSUZHIG409SUZ,,CN
CNGAUPANGUA,,CN
HKGOODEC11CHA,,HK
BDFASKNI4DHA,,BD
INMANFAS434TAM,,IN
CNSHAMAYSUQ,,CN
CNSHANIN68JIA,,CN
GRLIZ4THE,,GR
INCUTEDG1612SAD,,IN
MUMEITEXPOR,,MU
CNDONGUA5DON,,CN
CNHANTON318HAN,,CN
CNTIAFANQIN,,CN
BDWINDREDHA,,BD
INSHAEXP5BAN,,IN
KHREDSUNPHN,,KH
CNTIAWANDON,,CN
CNTIAYU1SHE,,CN
CNTIAYUA157SUZ,,CN
GBNJFROSTA,,GB
PTALITEX409VAR,,PT
CNTLW06DON,,CN
CNTNENT60NOI,,CN
CNTONCHO127CHO,,CN
IDSANGOH2100BEK,,ID
ININDGMT3851BAN,,IN
ROAMOMAN108VOL,,RO
TRAKATEK109IST,,TR
CNTONHON111JIA,,CN
CNTONHUA279HAN,,CN
CNTONJIETON,,CN
TRERO1126GAZ,,TR
CNTONKAIHAN,,CN
CNTONLANZHE,,CN
CNSHALAI367LAI,,CN
GBROCINDRED,,GB
CNTONWEIHAN,,CN
CNTONXINHAN,,CN
CNTONYINHAN,,CN
CNHUNWINLIU,,CN
CNCOMSPO4DON,,CN
CNSINRES388NAN,,CN
INDRIAPP180GUR,,IN
TRSLATEX4BUR,,TR
VNVIESHOVUN,,VN
CNSKEINT27GUA,,CN
KRNEOINC1411SEO,,KR
CNSHESKY5SHE,,CN
CNSKYYAGUA,,CN
CNSMASHIANH,,CN
IDBUASAM0705BEK,,ID
CNSOATEX8168SUZ,,CN
CNSOOJUS1988SUZ,,CN
KESAMAFRNAI,,KE
CNHONKNIDON,,CN
TRMORTEK4IST,,TR
GBSURBEASTH,,GB
CNSTALEATAN,,CN
GBPORCLOSOU,,GB
CNSTYHOT4JIA,,CN
CNSTYRUSRUS,,CN
CNSTYSHO5HUI,,CN
GBEXCGS5DAV,,GB
INNIHEXP512MUM,,IN
VNVANTHI4DON,,VN
CNSUNTEX15HAN,,CN
INMARGAR19TIR,,IN
CNSUPINT1706JIA,,CN
MMSAMFAS112YAN,,MM
CNSUZHONSUZ,,CN
CNSUZLID8JIA,,CN
CNSUZMEG3302SUZ,,CN
CNSININT329HEF,,CN
CNSUZTIA53WUZ,,CN
LKPERLIN50BOR,,LK
CNSUZYIN1TAI,,CN
CNSWISUS3VIT,,CN
BDHOTDREDHA,,BD
CNHEYUAHEY,,CN
PKSHAENT916SIA,,PK
KHPLOCAM5KOM,,KH
ITFAPSRL13ADR,,IT
INLIFIND23HAR,,IN
LKEVETIM1NIT,,LK
INKANEXP1100NEW,,IN
CNTAIHUAHAN,,CN
DETBTTIE1DET,,DE
CNTAILET9LIN,,CN
TRINTTEK25IST,,TR
CNTAIOUWEN,,CN
CNTAISAN1TAI,,CN
VN888COMTHA,,VN
CNTAITIA8JIA,,CN
CNTAIYAF157TAI,,CN
LKMASASIMID,,LK
TRDSMGRU3436IST,,TR
INGOKIMA12BAN,,IN
TRVESTEKDUZ,,TR
CNWINPUI5181SHE,,CN
CNCHAJIADON,,CN
TRARKTEK35OSM,,TR
TROZTCOR8ESE,,TR
CNWORKNI12ZHO,,CN
CNWUHBOC1107WUH,,CN
CNZHESTAZHE,,CN
CNWUHXIN68WUH,,CN
INRADTEX27BAN,,IN
CNWUXCINJIA,,CN
CNWUXEVE780WUX,,CN
CNWUXGOO11JIA,,CN
CNWUXLEJ10WUX,,CN
TRHAZTEK3IST,,TR
CNJIASAN83JIA,,CN
CNXIABON139NIN,,CN
CNXIABRI209FUJ,,CN
CNXIACYC8XIA,,CN
CNXIAHE5GUA,,CN
CNXIAHUIHAN,,CN
MKENDDOOGEV,,MK
CNXIAKIN1222XIA,,CN
VNPROEURHAI,,VN
TRPENGIY5341IST,,TR
CNXIAWEIDEZ,,CN
CNXIAXIN79NIN,,CN
KHEVETEX4TRO,,KH
CNXINELE1YIW,,CN
INLADEM10NOI,,IN
PKCONTRA12PER,,PK
IDLEEGAR4545JAW,,ID
CNXINLUO125YIW,,CN
CNTOPMORHUA,,CN
CNJIAHONGAN,,CN
CNTREUP6DON,,CN
CNTSUGUA88SHA,,CN
CNTWILON3YIW,,CN
TRERATEK82ORD,,TR
ITNAVDES43MIL,,IT
CNHEFXINHEF,,CN
CNUNIFAS13GUA,,CN
CNUNITRA16KUN,,CN
CNURBSTI1702GUA,,CN
CNVALFAS19DON,,CN
CNVALFAS8HOU,,CN
CNVANSPO13FUJ,,CN
INMAH116GAU,,IN
KHSUPLIM1533PHN,,KH
TRBURTEK1ESE,,TR
TRTERUNYUNY,,TR
ESTOPCAL8BRE,,ES
CNSUMCHUNAN,,CN
CNTRITEXZHU,,CN
GBVIVXPRCOL,,GB
INPARAPP5959NOI,,IN
ITGIRSPA20VER,,IT
ITNEWVAD12PRA,,IT
CNGUAZHO2GUA,,CN
ITATTTRE10TRE,,IT
CNWEIMFGDON,,CN
ITCALNUO4606STR,,IT
CNZIBZHO173ZIB,,CN
CNWEIXIN2WEI,,CN
CNWELGAR7SHE,,CN
VNECLTEX5DON,,VN
CNWELSHAJIA,,CN
TRMIRGIY6SUL,,TR
CNWENCLA1WEN,,CN
CNZHEWAL48HAI,,CN
CNWENDEFWEN,,CN
INSUNKNI1COI,,IN
CNWENFAS1568WEN,,CN
CNWENFEI19WEN,,CN
CNWENFOR159WEN,,CN
TRBATDIS5IST,,TR
CNWENHON26WEN,,CN
CNWENHUADON,,CN
CNWENLON55LON,,CN
CNWENMIN780ZHE,,CN
INASPCLO110DEL,,IN
INEMPCLO47CHE,,IN
CNWENSEN8OUH,,CN
CNWENSUN2WEN,,CN
TRTEMTEK3488IST,,TR
TRINTTEK1IST,,TR
CNWENYUA9WEN,,CN
CNWENZHO2SHU,,CN
CNWENZHO4248WEN,,CN
USMKEGAR6363LOS,,US
CNNINLON563NIN,,CN
FRSIX51PAR,,FR
BDZABZUBGAZ,,BD
INNEXEXPMOR,,IN
CNZHAHONZHA,,CN
CNZHAQIN59ZHA,,CN
BDNEWGAR6661SAV,,BD
PKNOOLEA47KAR,,PK
CNZHASUN88JIA,,CN
CNKANRONLIS,,CN
CNZHATON3LAN,,CN
CNZHEAIY9FEN,,CN
ESUNIVAL25BAR,,ES
CNSHASEV131SHA,,CN
CNZHEBER92HAI,,CN
CNZHECHEHAI,,CN
ESCARCAT17PAR,,ES
CNZHEEVE218HAN,,CN
CNZHEFOR308HAN,,CN
PTPADUNISOC,,PT
CNZHEHENZHE,,CN
CNZHEHENZHU,,CN
CNZHEHTM8WEN,,CN
TRNISTEK4042IST,,TR
CNZHOHUI20ZHO,,CN
CNZHEKAISHA,,CN
PTLEGUNIVIL,,PT
TRADATRIIST,,TR
CNXINPLAJIA,,CN
CNXINQIAXIN,,CN
HKSMLHON165HON,,HK
ROSCOLV201BUZ,,RO
TRHMTTEK1171KOR,,TR
CNXISYAN3SAN,,CN
CNDONKEI3DON,,CN
CNNANSUM10NAN,,CN
CNXUZTAIXUZ,,CN
CNXYFTY42DON,,CN
CNZHUSHA40ZHU,,CN
CNYANBAIJIA,,CN
CNYANDONYAN,,CN
CNYANHEN18YAN,,CN
TRFETTEK30YES,,TR
CNYANSHIYAN,,CN
ESBLAMAR35SAN,,ES
CNYASGAR777JIA,,CN
CNYATFOOFOS,,CN
CNKAISIL685JIA,,CN
KHGOLPRO40PHN,,KH
CNYIFEN50SHE,,CN
CNYIG22GUA,,CN
TRALGTRA10TEK,,TR
TRBARTEK35BUR,,TR
PTCONAND1447VIL,,PT
TRFARAKN8IST,,TR
CNWENRUN2WEN,,CN
MAWEACHO13TAN,,MA
NLASUGLO2EMM,,NL
CNYINLUN3SHA,,CN
TRCAGTRIIST,,TR
CNYIWCIT206YIW,,CN
CNYIWKAN718YIW,,CN
CNYIWNUO130ZHE,,CN
CNYIWRUN588ZHE,,CN
DKBLOALS35IKA,,DK
CNYIWTAI452YIW,,CN
MAMOC1TAN,,MA
MAARISAR7TAN,,MA
CNTYCSAF33SHE,,CN
CNYIXLUC10YIX,,CN
TRCETKUY180TOK,,TR
BDCROAPPFAT,,BD
CNBAZSAN10LAN,,CN
CNJIAACO198NIN,,CN
CNYORFAS398JIM,,CN
CNYORFAS876JIM,,CN
TRIBITEK5IST,,TR
CNHUIXIN20HUI,,CN
TROMEKON54IST,,TR
GBTAUHOULIN,,GB
DEBRUMAN24REM,,DE
CNYUNFLIGUA,,CN
MAABMSTY124TAN,,MA
MAMORNEW814FEZ,,MA
CNYUTLEA201GUA,,CN
CNYZFCLO27GUA,,CN
CNZBACCHAN,,CN
CNZHABRI360ZHA,,CN
CNGANXIA13GAN,,CN
VNBINLUCBIN,,VN
ESBARSL14POL,,ES
BDMERCO46CHI,,BD
CNTOSINF1219ZHE,,CN
PKIRFGAR171KAR,,PK
BDPLUFASFAT,,BD
BAANTDOONOV,,BA
TKSAFTEK9BAL,,TK
INALP232KOL,,IN
ESDULIBE7ZAR,,ES
ESINDCOSVAC,,ES
CNXIAFOR1020XIA,,CN
ESINPMOL18BAR,,ES
MYGESMAN34JOH,,MY
ESCLESL8PET,,ES
PTSORSAESP,,PT
GBASHACC9910LON,,GB
GBASKNI3749MAN,,GB
BDCOTLIN113DHA,,BD
CNDONLED41DON,,CN
GBBASPRE58LEI,,GB
GBBASTHI106LEI,,GB
ESENVSL6VIL,,ES
CNSHAJIH362SHA,,CN
ESMIASL180PAT,,ES
CNHONLEA126SHE,,CN
BDWELMAR678CHI,,BD
CNDALZHE600DAL,,CN
BDCONKNI2222DHA,,BD
GBBRAIN5OND,,GB
ESASLLLO7BAD,,ES
ESCASMAS22MEN,,ES
BDELAAPPASH,,BD
PTDOMDEGAN,,PT
CNYINJIA90NIN,,CN
CNJIARUN12SUZ,,CN
GBCTG126LEI,,GB
GBDEEKAY61LEI,,GB
GBDEFLIM54LEI,,GB
PTCITCONBAR,,PT
CNDALCHA30DAL,,CN
KRPAGCOR456MAP,,KR
CNZHEMENYIN,,CN
KHLONCAM61SAM,,KH
CNZHEPIN338ZHE,,CN
CNYANJIN3YAN,,CN
CNZHEQIDYIW,,CN
CNZHEQIN4LIS,,CN
CNZHEQINZHU,,CN
TR3FGLO5BUR,,TR
CNZHESANYIW,,CN
CNZHESHA330PIN,,CN
CNZHESHE24SHE,,CN
INKUS657KAN,,IN
VNENTNAMNAM,,VN
TRTAYTEK9IST,,TR
CNZHESHUWEN,,CN
INPEEAAA920KAR,,IN
CNZHETAIDON,,CN
CNZHEWEI3144HAI,,CN
CNZHEWIN1WEN,,CN
CNZHEXINTON,,CN
MARMCCON2CAS,,MA
CNZHEYIN59HAI,,CN
TNSTESER7KAI,,TN
CNZHEZHU80ZHU,,CN
ESINTMUNMOL,,ES
ESVILSAATZ,,ES
CNNANTIA3100NAN,,CN
CNZHOCARGUA,,CN
CNGUAWUZ30WUZ,,CN
MACLOBAZ190MAR,,MA
ESMOQROLCRE,,ES
CNZHOSOU1GUA,,CN
CNZHOTEA29ZHO,,CN
TRADAKON18BUR,,TR
CNZHOWEM391ZHO,,CN
VNTANPHUHAN,,VN
CNZHOXUNGUA,,CN
CNZHOYOU5153GUA,,CN
CNZHUCHE6ZHU,,CN
TRONDTEK833IST,,TR
CNZHUHAO45ZHU,,CN
VNHOGFTY3HAN,,VN
CNZHUTIAZHU,,CN
CNZHUWEL118SHA,,CN
CNZHUZUY189ZHU,,CN
CNZIBFORZIB,,CN
ESSISDE108SAN,,ES
MASOCYARTAN,,MA
COCRYSAS81SAB,,CO
CXWUXROY5705WUX,,CX
DEVITRET6WEI,,DE
CNJINFAN8JIN,,CN
TRZORDISIST,,TR
DEJACWOL1IDS,,DE
EGIEMGARNAS,,EG
EGMARINT1200CAI,,EG
CNFOSCIT10LIS,,CN
VNHOGFTYHAN,,VN
INVRIEXI2013NOI,,IN
CNHANVIS1104HAN,,CN
ESDIUSL14IGU,,ES
CNZHENANYUE,,CN
BDCROFCA25GAZ,,BD
ESKARSLBAD,,ES
INDELINT18MOR,,IN
BDPOSSWEGAZ,,BD
PTESTGUI662GUI,,PT
ESINSSER15ALI,,ES
CNANHYUA19SUS,,CN
MATANSTY855TAN,,MA
BDMADFAS441GAZ,,BD
PTSALNET120LOU,,PT
ESPMCGRU1SAN,,ES
GBPOSFAS12LON,,GB
INSUNFAS272KAR,,IN
GBPURFAS173MAN,,GB
TRRAGTEK1IST,,TR
CNSABMAN9SHE,,CN
CNDONDD1DON,,CN
TRKAPMET294INS,,TR
HKSUIJUN2232KWU,,HK
GBRONBRIOCH,,GB
GBRUNLTD2LEI,,GB
GBSARFAS3LEI,,GB
HKFAMGAR3541KWA,,HK
GBSEQDES60LEI,,GB
BATHASWARAJ,,BA
GBSHALTD8WAT,,GB
MUSHIMANVAC,,MU
GBSOMCRE313LEI,,GB
GBSTYLIM4LEI,,GB
GBSTYLTDMAN,,GB
GBSUPCRE12LON,,GB
TRBONTEK1012CER,,TR
GBEASINTDER,,GB
VNFAREAS11THU,,VN
INOSRINT2021BAN,,IN
IDPTDHA2100BEK,,ID
GBELLFAS67LON,,GB
GBENV18LON,,GB
CNKAICRAWEN,,CN
PKTAIAPP45LAH,,PK
GBESVEE4LEI,,GB
GBETEUK3LEI,,GB
GBADBAK67HAM,,GB
INCREHOM22KAR,,IN
GBEVIDES11LEI,,GB
GBFAMLTD3638LON,,GB
GBFASALL104GRE,,GB
GBFASHUB46LEI,,GB
GBFASORG1LEI,,GB
GBFASSQU15LEI,,GB
GBFASUK11LEI,,GB
GBFASUK1LEI,,GB
GBFIGEIG1921LEI,,GB
CNJIAMIN1JIA,,CN
TRHISCEL10IST,,TR
CNIMPEXPCHE,,CN
CNNEWWAV4SHA,,CN
INRADEXP412NEW,,IN
GBFULCOM1LON,,GB
CNGREWALCHA,,CN
INSHAEXP1098JOD,,IN
PKARUGAR1LAH,,PK
MDFLOFAS2CUP,,MD
INLEAEXPJAL,,IN
GBGLOSHI5LON,,GB
INBHAEXP342RAJ,,IN
GBGOSPRO346LEI,,GB
GBGUMFAS93LEI,,GB
GBHARFAS15LEI,,GB
PKNAVEXP1LAH,,PK
ININSOVE37HAR,,IN
GBIXCLO8MAN,,GB
MAZOEMAR14TAN,,MA
INFINIMP539LUD,,IN
GBMURDEC7478HER,,GB
GBKIDFOOKID,,GB
PLHIRCOM4410GLI,,PL
GBKRYDES7HAR,,GB
ROCOZSRL1GAL,,RO
GBLENHU14LEY,,GB
GBDESFOR3LAN,,GB
INRADEXP12NEW,,IN
GBLUCMON57LON,,GB
GBMEEGRA37EIC,,GB
MANARSRL2CAS,,MA
CNSHANEW268SHA,,CN
GBNEWFLA26LON,,GB
INCHOCLO358GUR,,IN
GBNJSCRHIN,,GB
GBGLOMAN4PRU,,GB
BDLAKSWEGAZ,,BD
INDAKIND12NOI,,IN
GBONE28MID,,GB
GBOURFAS81LEI,,GB
GBADEMANWES,,GB
GBPALLEI,,GB
GBRARLIMWAR,,GB
BDLIDTEX1002GAZ,,BD
HKRADHOR1501HON,,HK
TRENKMOD8IST,,TR
CNHONKON18HON,,CN
TRSOKTEK54AYD,,TR
CNJINTEX25HAI,,CN
HKSPL18NOR,,HK
BGHADIX625BRE,,BG
TRALPTEK6SAN,,TR
INMUKEXP2013NOI,,IN
MACLOLIN759TAN,,MA
CNYANYAN6BEI,,CN
INTEXSYN402BAN,,IN
INSTAHOM1220HAR,,IN
HNGILACTCOR,,HN
HNGILSAN6CON,,HN
HNINDDETEG,,HN
HNRIOGAR10SAN,,HN
HTBRAAPPFOR,,HT
GBINVCASCON,,GB
IDANGKREYOG,,ID
IDAPPONE12SEM,,ID
IDBALBUS19KUT,,ID
IDUNGSAR5SEM,,ID
TRAYCTEK15IST,,TR
IDCCHIND16BAN,,ID
VNQUICAR162HOC,,VN
GBTRIEUR20SUT,,GB
IDDRE27BOG,,ID
IDDRE27JAW,,ID
ININDEXP23COI,,IN
IDEINTREPUR,,ID
CNXIAJIA307XIA,,CN
VNKIDINDHUN,,VN
FRCOFMAN108PAR,,FR
INROHINT18MUM,,IN
TRANAMET16IST,,TR
CNLIYCIT33LIY,,CN
CNRAIFAS8HAN,,CN
VNGARHAHIE,,VN
GBTARKHOLON,,GB
CNJUNWEIDON,,CN
GBTWISIS6LON,,GB
GBGEORAY8LON,,GB
GBVANMOO31LEI,,GB
GBVEGKNI24MAN,,GB
TRDOVGIY12KAG,,TR
INNATTEX8915JIR,,IN
GBWEN53MAN,,GB
GBWHILTD64ILF,,GB
GBWHOWHO446LEI,,GB
GBWRDDAVSLESS,,GB
TRPAKTEK16IST,,TR
GBXPO5258MAN,,GB
GEAJATEX14BAT,,GE
ESCREFAM6SAX,,ES
PKPARSPI18LAH,,PK
TRSBSTEK19IST,,TR
PKINT1FAI,,PK
IDKAH16JAW,,ID
GREVAJO7THE,,GR
BDSTEDENDHA,,BD
CNYIWJUT15YIW,,CN
HKADVMAN182HON,,HK
HKASISOU46HON,,HK
TRKARTEK30IST,,TR
VNPHOPHU18HOC,,VN
HKCCOFF14NT,,HK
BDROSSWEGAZ,,BD
MGCOEDE1118MAH,,MG
HKDELBOG1701HON,,HK
INLEOPRI173PUD,,IN
ITGIOGORGUA,,IT
PTJMAFELMAR,,PT
HKEASLTD21HON,,HK
CNAISOPT67WEN,,CN
INATAIMP1744PUN,,IN
HKFORTEX1104KOW,,HK
HKFOSEAS5HON,,HK
HKFUJIN1001HON,,HK
CNDONGLA3WEN,,CN
CNHANDONXIA,,CN
CNZHUSHA245ZHU,,CN
TRAKSGIY363IST,,TR
INKANEXP36NEW,,IN
CNWININDLON,,CN
PKSERGLO9MUR,,PK
CNSHIFOOHUI,,CN
GBJARMAN40EAS,,GB
VNVETEXP246BIN,,VN
HKREATEX1SAN,,HK
SEABLIN15GOT,,SE
HKMEIFAI78HON,,HK
CNSHUBAGZHU,,CN
TRGAM12HON,,TR
HKNAMIND21HON,,HK
HKNEWERA1611HON,,HK
HKOROTIM18KWA,,HK
ITPAMMANCAS,,IT
TRRNTEK13IST,,TR
ITGIESRL8688SES,,IT
TRRONTEK220IZM,,TR
TRRUMTEK57IST,,TR
IDPTBUSTAN,,ID
TRSAFTEKIST,,TR
TRSAGTAS28IST,,TR
ITTEX5910PRA,,IT
TRSAHTRIGNG,,TR
TRSAMTEK2VCI,,TR
TRSARJEA7415IZM,,TR
INSTRIND6781GUR,,IN
PTBARGAR90MOU,,PT
TREBRTRI1SAK,,TR
TRONATEK78IST,,TR
INMALTRA43PUN,,IN
TRREGTEK56IST,,TR
INMAYFAS151VAS,,IN
ITCALARG7MAN,,IT
KHSEGGARPHN,,KH
CNGUAPUG301GUA,,CN
CNNINSEDNIN,,CN
CNGENBOE333NAN,,CN
VNASICON1701HAN,,VN
BGSLACLO120VID,,BG
CNQINHYUQIN,,CN
BDNIPFAS1DHA,,BD
CNGUAWAN106GUA,,CN
CNKUACLO68GUA,,CN
IDPTALA43DES,,ID
ROBELIMP1ROS,,RO
INBAG5225DEL,,IN
VNECLVIE5LON,,VN
CNDIDSHODON,,CN
LKORIAPP2463ALU,,LK
BDTARFAS6AOU,,BD
MAANNCLO829TAN,,MA
PKNAVEXP23KAR,,PK
INLEISHO19NOI,,IN
VNPUNSAI2BIN,,VN
VNQTTEXBAC,,VN
VNQUATHA1185HOC,,VN
INTATINTKAN,,IN
VNSAIINT225BIE,,VN
VNSAIINT225DON,,VN
VNSAISHO419HOC,,VN
ESTEXGAB50CUL,,ES
VNSHIVIN823DUC,,VN
VNSMAELE777HOC,,VN
VNSMASHI8XUA,,VN
ESBICGRATAR,,ES
VNSPEGAR5NAM,,VN
VNSTAVIEHAI,,VN
VNSUNLIG95HOC,,VN
TRSEZKON401KUC,,TR
CNGUAZHE812JIU,,CN
RONEFGRO1918PLO,,RO
CNHANDIN3100HAN,,CN
TRSINTEK59ARN,,TR
IDBALPER6BAL,,ID
VNDELSTA830HOC,,VN
HKLIAIND39HON,,HK
TWLYNCO1778KAO,,TW
BGTEVEOO11GOT,,BG
MMWANGAR5657RAN,,MM
CNDONHON16DON,,CN
GBSTYCLO1LEI,,GB
ININSEXP117FAR,,IN
ININDFAS59FAR,,IN
INRAJMIT1644WES,,IN
INKAPWOR499MAT,,IN
ROSUPMAN43BUZ,,RO
INVIKGARAMB,,IN
TRMODTEK225ERG,,TR
PKIRIAPP203FAI,,PK
HKCLAFAS1501MON,,HK
TRBOLTEK3IST,,TR
CNTIAKNI21SHA,,CN
CNYINHUIGUA,,CN
CNDONXIADON,,CN
BDNIPFAS02UTT,,BD
VNHAMCLOHAI,,VN
GTELISA214GUA,,GT
INDAKIND62GRE,,IN
CNQUADEH228QUA,,CN
VNTAIGAR1112LON,,VN
CNHAIBOY10HAI,,CN
VNTAMQUABIN,,VN
CNSUZGSGZHA,,CN
CNWUJERMWUJ,,CN
VNTHATANTHA,,VN
TRCCMTEK3TEK,,TR
CNDONFUH69DON,,CN
TROFFNAM2384IST,,TR
VNUNIVINHOC,,VN
VNUPGMAN6466HOC,,VN
BGWAITUPDATE,,BG
INWAITUPDATE19,,IN
CNWAITUPDATE85,,CN
CNWAITUPDATE28,,CN
TRWAITUPDATE13,,TR
CNWAITUPDATE9,,CN
ESWAITUPDATE,,ES
TRWAITUPDATE4,,TR
GRWAITUPDATE11,,GR
TRWAITUPDATE14,,TR
INWAITUPDATE57,,IN
INWAITUPDATE2,,IN
ESWAITUPDATE7,,ES
CNWAITUPDATE23,,CN
CNWAITUPDATE63,,CN
CNWUHRUN49WUH,,CN
INCREDES59NOI,,IN
INCENFAB217LUD,,IN
TRKATTEK21MAL,,TR
CNCHAJUNJIA,,CN
MAAVAMAR174TAN,,MA
MAARE745TAN,,MA
TRBESTEK14INS,,TR
VNHOATUA1516HOC,,VN
TRLIDCAN21TEK,,TR
GTJSINT30AMA,,GT
CNTOPSUP12SHE,,CN
INAKRIND2385TIR,,IN
CNNINTOP796NIN,,CN
TRSANTEKISK,,TR
CNROUGARNIN,,CN
BDKADSPO4COM,,BD
GBINF140MAN,,GB
VNVIEDONDON,,VN
VNVIEGAR282NAN,,VN
VNVIEGAR4VIN,,VN
VNVIEIND63GOV,,VN
VNVIEKIN7DON,,VN
VNVIEPAC10HAN,,VN
CNHANROA166HAN,,CN
CNRUICIT3RUI,,CN
VNVIETHA142THA,,VN
PTANTAUG1625GEM,,PT
CNHUZNAN315HUZ,,CN
VNYMUCOM19CHA,,VN
TRWAITUPDATE68,,TR
TRWAITUPDATE36,,TR
CNWAITUPDATE84,,CN
TRWAITUPDATE3,,TR
INWAITUPDATE34,,IN
INWAITUPDATE55,,IN
INWAITUPDATE7,,IN
BDWAITUPDATE8,,BD
VNWAITUPDATE4,,VN
CNWAITUPDATE79,,CN
INWAITUPDATE12,,IN
CNWAITUPDATE43,,CN
MAWAITUPDATE4,,MA
INWAITUPDATE3,,IN
GRWAITUPDATE21,,GR
INWAITUPDATE16,,IN
INWAITUPDATE30,,IN
CNWAITUPDATE1,,CN
CNWAITUPDATE69,,CN
CNWAITUPDATE78,,CN
INWAITUPDATE60,,IN
PKMULFAB17MUL,,PK
MUTROKNIVAC,,MU
INSILCRE4BA,,IN
LKGHA136BAN,,LK
PTVISALEALC,,PT
BGASPGAR491DHA,,BG
CNFOSHA6FOS,,CN
CNJIASAI601NAN,,CN
CNQINXID690SHA,,CN
ROSCCAT49CAL,,RO
USMONVIE9646SAN,,US
PTARA4755BAR,,PT
INMEECRE2013NOI,,IN
GBFULCOM1PAR,,GB
INANAENT237RAJ,,IN
TRADSKON81ADA,,TR
MAAFASAR14TAN,,MA
TREATTEK648IST,,TR
MAFAS751TAN,,MA
PTOLIMAR185GUI,,PT
TRECKTEK40IST,,TR
TREDADIS10TEK,,TR
ESEREMAN5559SAB,,ES
TREFEIMA7IST,,TR
TREGGTEK4IST,,TR
TREKEORM82IST,,TR
MAESPSARTAN,,MA
TREKSTRI13YES,,TR
TRELIDIS3IST,,TR
BDULTFASSAV,,BD
TRELISOC31IST,,TR
TRELYTEK10BUR,,TR
MAARA184TAN,,MA
BDWAITUPDATE1,,BD
TRWAITUPDATE50,,TR
TRWAITUPDATE31,,TR
CNWAITUPDATE111,,CN
CNWAITUPDATE76,,CN
BGWAITUPDATE2,,BG
CNJXSIL43JIA,,CN
HKPHA11800HON,,HK
CNFAL33JIA,,CN
TROMEUYA1477IST,,TR
INLEGCRE65NOD,,IN
BDALITEX9DAH,,BD
BDBRAAPP10TON,,BD
VNNAMYANTHA,,VN
KHHUAWUKHA,,KH
CNSHAWAT6GUA,,CN
MANORSAR13TAN,,MA
BRWAITUPDATE,,BR
CNWAITUPDATE12,,CN
CNWAITUPDATE103,,CN
INWAITUPDATE47,,IN
LKWAITUPDATE2,,LK
CNWAITUPDATE16,,CN
CNWAITUPDATE72,,CN
TRWAITUPDATE17,,TR
TRWAITUPDATE44,,TR
TRWAITUPDATE56,,TR
INWAITUPDATE22,,IN
TRWAITUPDATE10,,TR
GBWAITUPDATE3,,GB
INWAITUPDATE64,,IN
TRUGUBAL12IST,,TR
TREMOICSAK,,TR
TRENETRI19IST,,TR
TRENKMOD29IST,,TR
VNHOGUO18HAN,,VN
BDBIRAZ113DHA,,BD
TRESSMOD66IST,,TR
CNZHECHE9HAI,,CN
INMOTIND1THI,,IN
TREROGIY21AVC,,TR
CHRON7ZUG,,CH
TREROGIYTAS,,TR
TRERYKON75IST,,TR
TRERYTEK8786IZM,,TR
TRETEDEMIST,,TR
TRAYDTEKIST,,TR
PKCOSINT204FAI,,PK
MAVANZON32TAN,,MA
CNQIA67HEY,,CN
IDDOOIND1JAK,,ID
MAIBT5708FES,,MA
CNSHAHUA160SHA,,CN
PKFASCHA185KAR,,PK
CNIDEZHA1JIA,,CN
VNTESHOAHOA,,VN
BDSTECRE1349DHA,,BD
CNFOSBAS16GUA,,CN
CNGANMINJIA,,CN
CNJIAFAN6JIA,,CN
CNZHOZHU6GUA,,CN
TRESAKON311IZM,,TR
IN2NDPHA124GOW,,IN
CNDCKQIN,,CN
INEURFOO988MAG,,IN
CNZOUCHEZOU,,CN
MMMYALON229THA,,MM
BGSPTEXBLA,,BG
TRTAHDIS2MAL,,TR
TRTAMMOD27IST,,TR
TRTAMTEK5986TEK,,TR
TRTARBES15IST,,TR
TRTARDISIST,,TR
BDMUATEX2352KAL,,BD
CNLUK750SHA,,CN
CNNANQUA11FOS,,CN
HKREGMIR1001KWA,,HK
CNTIAGARNAN,,CN
ITCALBRACAS,,IT
TREYLTEKIST,,TR
CNFENHUI46FEN,,CN
GBENTINTNEW,,GB
TRFARMOD345SUL,,TR
TRFASTRA2IST,,TR
TRFATGIY114IST,,TR
TRFATTEK414IST,,TR
TRGONCOR19IST,,TR
TRFINTEK3032SAR,,TR
TRFLATEX24BUR,,TR
TRFLOTEK26IST,,TR
LTDENUAB91KAU,,LT
CNWINTRA16ZHE,,CN
CNWEISELSHA,,CN
INSRISIV77TAM,,IN
ESSAN202186ALI,,ES
RORONTEX59TEL,,RO
INCHADES21HAR,,IN
LKVOGPVTNOR,,LK
CNQINANG26SHA,,CN
INKNPHAN70NOI,,IN
CNNANZHI67CHI,,CN
CNGUACHU22GUA,,CN
CNHUIDES3GUA,,CN
CNJINWEIFUJ,,CN
GBBEL4547LEI,,GB
TRTEPTEK78BUY,,TR
VNTAVCOM140HOC,,VN
TRTETGIY48TOK,,TR
TRTEXKNI22IST,,TR
CNYINYONNIN,,CN
TRTOM5BUR,,TR
TRTOMDIS15IST,,TR
CNSANMINYAN,,CN
TRTRATEKIST,,TR
TRTRITEKIST,,TR
CNFUJHUA165FUZ,,CN
INGREEXI4761TIR,,IN
CNJIAGUO328ZHA,,CN
LTVILAB21UKM,,LT
TRGELTEK1574IST,,TR
ALLOCMAR8TIR,,AL
CNZHEGALZHE,,CN
ROCDSOF4CAM,,RO
GBMINLIM1DEW,,GB
PAMAKAPP1FAI,,PA
ROSCDAN205BAC,,RO
CNNINNIN,,CN
TRGOZMAH48IST,,TR
TRGULDISKOO,,TR
GBFASENTWAL,,GB
ROSCCON8DOR,,RO
MXBECSA1DEM,,MX
INBHAEXP5441TAM,,IN
CNHUAGOL66ANY,,CN
LKJAYJAY5AVI,,LK
INSRIVAR300TIR,,IN
CNNANGOLNAN,,CN
KHCWKGAR1PHN,,KH
TRLIDDER5500IZM,,TR
INPALAPP116NOI,,IN
BDSPGARGAZ,,BD
BDFLAFASGAI,,BD
CNHAIQIN2JIA,,CN
CNJIXHAN29YIW,,CN
CNMINTRA401YIW,,CN
CNORIINT2SHA,,CN
CNTAIJIE58SUZ,,CN
CNWENRUNWEN,,CN
CNXIN1327YIW,,CN
CNYIWCIT56YIW,,CN
CNYIWDON2FOT,,CN
CNZHUXIN1088CAO,,CN
GBPASKNI2MAN,,GB
PKMODTEX21KAR,,PK
TRNERTEK4CAY,,TR
USKIT641LOS,,US
VNBEEVINBIN,,VN
VNREGGARTHA,,VN
CNSHISHI86FUJ,,CN
CNSUPLEABEI,,CN
BGNEOKNI24LAN,,BG
CNGUAGAOGUA,,CN
INUNIGAR8BOM,,IN
TRUGUKON17IST,,TR
PKSTYTEXLAH,,PK
TRUGUKONBAY,,TR
TRUMUTEK2272IST,,TR
TRUNITEK1312BAT,,TR
TRUNITEK319IZM,,TR
TRUTGCAN5TOK,,TR
TRGUNTEK226TEK,,TR
GBECDESSOM,,GB
TRGURTEK3466IST,,TR
TRGUVKON81BUR,,TR
TRGUVTRIIST,,TR
TRHABTEK20IST,,TR
TRHABTEKIST,,TR
ITSABSHO128SEG,,IT
TRESTTEK6BUR,,TR
USDENLIN2525VER,,US
TRHERTEKOSM,,TR
TRHIGSTY94IST,,TR
CNEVEAPP34DON,,CN
CNTONLIN86HAN,,CN
INTAPCRE50IND,,IN
CNSUSCOU1ANH,,CN
CNAHCINT27ANH,,CN
VNBRASONLON,,VN
CNLSWORQUA,,CN
CNQINANG26QIN,,CN
CNZHAJIN1JIN,,CN
BDECHLTD991GAZ,,BD
BDPACJEA1419CHI,,BD
CNSHADAHYAN,,CN
INMAGMAR21NOI,,IN
CNSHEFRE2471SHE,,CN
ROCJS7DOL,,RO
CNYUDMANYUD,,CN
CNSTATRA14GUA,,CN
CNGOLISL217NAN,,CN
CNXIAKNI2GUA,,CN
INSONEXI182UTT,,IN
CNNINCHS565NIN,,CN
KHSUPLIN5KAM,,KH
GBELEDES2WAR,,GB
HUMOLBT10PEC,,HU
TRYASDEG117IZM,,TR
NPKATSTAKAT,,NP
TRYAVTEK2662IST,,TR
CNNINANH68NIN,,CN
VNTIETIE234HOC,,VN
INSANFOU2001COI,,IN
TWAQUCOR492TAI,,TW
TRILTOTOIST,,TR
INTRILIMBAR,,IN
TRIMTMAYEDI,,TR
CNGUAAOS25GUA,,CN
INANUFAB2TAM,,IN
TRINSTEK2374BAG,,TR
TRINTDIS9ADI,,TR
RONORROM2TUR,,RO
TRFARTEK220BUC,,TR
TRISMKOR107IST,,TR
INFREFAS25CHE,,IN
TRJOIDEN7VAN,,TR
INWININD72CHE,,IN
CNHEBHIB11SHI,,CN
TRKAITEX153IST,,TR
TRCEMIPL161IST,,TR
PTSONEUR330VIL,,PT
TRKARTEK12IST,,TR
ROMOD49SCO,,RO
CNZHEFIR218ZHE,,CN
CNQUAYIT550QUA,,CN
CNDGMDON2QIN,,CN
MMHUATIM52PAT,,MM
CNBEILON202BEI,,CN
VNUNIGARHAI,,VN
CNALICEN8ANH,,CN
CNHAIBOU233HAI,,CN
CNJINLIW23FUJ,,CN
INIDINT39NOI,,IN
INJIVDES68FAR,,IN
TRBERMAR161IZM,,TR
TRKOMTEKIST,,TR
CNTOPHARQIA,,CN
PLLESFAB15LES,,PL
CNSHALIA6SHA,,CN
TWEXTFAR492TAI,,TW
TWFOOINT206KAO,,TW
TWHEAUP31TAI,,TW
GBAPGBRA10CHE,,GB
TRWISWAS1194IZM,,TR
TRONATEK90IST,,TR
VNTRUHY2053BIN,,VN
TWPRO999TC,,TW
TWSADIND97TAI,,TW
INSANPRI7MUM,,IN
TWTAIENT15TAI,,TW
TWURBLIV10KAO,,TW
ITBIGSPA1ORA,,IT
TRFIETEK7113DEN,,TR
BDSTYGAR37BAR,,BD
TRKASKAR16IST,,TR
TRKAYKUM4IST,,TR
GBSOPLTDABI,,GB
INSCOGAR418BAN,,IN
ISUNLTEK17IST,,IS
TRKIMTEKIST,,TR
RONELFIN1BUC,,RO
CNGUATANGUA,,CN
TRKLOTEK142ESE,,TR
INTRIHIT169BAN,,IN
CNCAICOSZHA,,CN
TRKTDER3IST,,TR
TRKUPTEK3BUR,,TR
CNYIWENE308YIW,,CN
ITILACAL6VIS,,IT
ROSCRIV13GAL,,RO
INTRYIND58NOI,,IN
CNFIFAPP604GUA,,CN
GBSCHALLWIN,,GB
CNCHOFU2DON,,CN
TRCAGMAK5COR,,TR
CNJINYUNJIN,,CN
CNWEIDIN79WEI,,CN
INSHAEXP1BAN,,IN
BDANTKNI1000DHA,,BD
IDPANBRO1JAW,,ID
TNIDECHABOU,,TN
CNHUIYANGUA,,CN
ITFERCAL14BRE,,IT
TWYOHENT80TAI,,TW
DEFRISCH20NEU,,DE
CNQUALINJIN,,CN
UAMODTEX2LUT,,UA
CNSUZYON10JIA,,CN
UANOVTRI61DNI,,UA
UANOVTRI61NOV,,UA
TRHIZHAZ255BIT,,TR
VNSONHA10CAO,,VN
TROSKDIK302IZM,,TR
BDVANGARCHI,,BD
TRBARTEK1486IST,,TR
BDSUNFAS1CHI,,BD
TRASMTRI45IST,,TR
USMIAFAS1262SAN,,US
IN90ORI90GUR,,IN
CNDONYIL88DON,,CN
ININSEXP339FAR,,IN
TRYUNTEK23IST,,TR
MMMYATAH2YAN,,MM
TRMADMOD22BOL,,TR
TRESDTEK16ADI,,TR
TRMAK3IST,,TR
CNBOLUOHUI,,CN
TRMASGID1000IZM,,TR
TRMASKON5BUR,,TR
CNDONWAN2DON,,CN
GBPRILTDLAN,,GB
CNNINHAI138NIN,,CN
TRMELTEK55IST,,TR
INAPPCON3725MUM,,IN
ITPINSHO68BAR,,IT
CNCHIALLSHE,,CN
TRTRIGOM99IST,,TR
CNNINCAR7NIN,,CN
INJAIINT5235DEL,,IN
INMSJM1541MUM,,IN
CNZHEIND558YON,,CN
TRBARTEK17CAT,,TR
INSUPLIM150KAN,,IN
CNWEISHE2DON,,CN
VNTHIDOHAN,,VN
HKBEAAPP4347HON,,HK
ESNEW56ALI,,ES
KHFTEGARPHN,,KH
USSOCAL1715CAL,,US
USTRUTEM8275MEM,,US
INTRAOVEFIR,,IN
MABANSAR855TAN,,MA
VNHENSHE513HOC,,VN
ESBRASMEBAR,,ES
VNASGGLO6HOA,,VN
VNASIGAR52HOC,,VN
ESBCNGLO38SAN,,ES
KHCAMQISIH,,KH
VNBROSOC2SOC,,VN
VNCCHTOP7HOC,,VN
TRMERTEKBUR,,TR
CNDALBAI915DAL,,CN
TRMILDOK9MAL,,TR
TRMIRTEK15IST,,TR
TRMODKON8IST,,TR
TRSDTUZA2ANK,,TR
TRMODTEK31TEK,,TR
TRMORTEKAKY,,TR
INLAJEXP1100NEW,,IN
TRNARTAS20IST,,TR
VNKHUCON61TIN,,VN
THMARTHA3BAN,,TH
TRBAHHAZ1438IST,,TR
CNQINYOR876SHA,,CN
CNYANWENSHE,,CN
TRPIETEK198TUR,,TR
INPARPRO571NEW,,IN
AEINDGAR1030SHA,,AE
BGVOLOOD11SOF,,BG
AUFORNEW576RIC,,AU
VNCHOMOITIE,,VN
TRMURTEK1COR,,TR
VNDAILOC9BIN,,VN
VNDANBRA3DAN,,VN
CNTAIYAFTAI,,CN
VNDINSEN1089HOC,,VN
TRYASTEK122IST,,TR
VNELETEA2030PHU,,VN
CNZHEXIN58ZHU,,CN
VNEVEQIN46TAN,,VN
VNFULSUNYEN,,VN
VNGALVNHOC,,VN
VNGARSAI22HOC,,VN
VNGARSAI252HOC,,VN
TRNERTEK9ZON,,TR
TRNEZTEKIZM,,TR
CNHANHUA212HAN,,CN
TRNOVMUM199IST,,TR
KHTIAYAN217PHN,,KH
TRNURTEK3430IST,,TR
TRNURTRI16IST,,TR
ITNORITA250CAS,,IT
TROCATEKIST,,TR
CNCHEFUSHE,,CN
TRONEGEM74BAG,,TR
CNDONBAB53DON,,CN
CNLIABO717LIA,,CN
TRBERTEK9IST,,TR
CNCHEHK1401HAR,,CN
KHCUCCAM4KOA,,KH
CNWEACC7077HON,,CN
TRARSTRI2IST,,TR
GBAFACOLMAN,,GB
TRAYSTEK115IST,,TR
VNTRUDUO160YEN,,VN
BDROSDREASH,,BD
BDPIOKNIBAN,,BD
CNSHEYON7BAO,,CN
ROSDAUR1CUR,,RO
VNNHABE4HOC,,VN
CNYIXXIA688TON,,CN
CNHAIUNI3863HAI,,CN
ROBADINT1918CAL,,RO
TRAKODIS231SAN,,TR
MMWHOCOMAG,,MM
INLEOPRI62CHE,,IN
INELE72NOI,,IN
CNDONHUI3DON,,CN
TROTTDER4BAG,,TR
VNHUNGAR83HUN,,VN
INTOUIND35NOI,,IN
VNGLOCIT14HOC,,VN
TRBATAZY6BAT,,TR
CNZHAMIN10ZHA,,CN
VNGREPRO7374BIN,,VN
VNGRESUPLON,,VN
CNNINHAI120NIN,,CN
VNHANKOVBAC,,VN
CNTAIMEI10TAI,,CN
ESHOGTIN16MON,,ES
VNHANVIN6DIA,,VN
BDTHAIT1340SAV,,BD
TRYMOTEK15DIY,,TR
VNJSVIN5LON,,VN
VNKNICO101TIE,,VN
TRMODTEK559IST,,TR
ININSRET93GUG,,IN
TROZAK411IST,,TR
MAELI61MOR,,MA
TROZITEK5748IZM,,TR
CNJIAASI1188SHA,,CN
INMIREXI25UTT,,IN
INSHAIND10AGR,,IN
LKSUMGAR121POL,,LK
MUSGMSTRLAL,,MU
MANEOSLR841TAN,,MA
ROCRIPRE6668TOP,,RO
IDPTTEC1081BAT,,ID
GBSUNVALWIR,,GB
INATLTEX141TIR,,IN
BDREGGAR40CIT,,BD
PTMANTEX1402STA,,PT
IDSARALL20JAK,,ID
PECMNGRU32LIM,,PE
CNWENCLA4WEN,,CN
CNWUXHENWUX,,CN
LKGABAPP11COL,,LK
HKSWEGAR84KWA,,HK
CNAIMGAR26SHE,,CN
VNLAWVIE4HOC,,VN
VNLONHANTHA,,VN
VNLONVIELON,,VN
CNHAISANTON,,CN
VNMAYHAI216NAM,,VN
VNMAYPHOTRA,,VN
CNDONGUA270DON,,CN
ESCOMMAL42ELT,,ES
CNHUASHE1816HUA,,CN
PTFRAVAZGUI,,PT
VNNEWWOR353HAI,,VN
BDEKRSWENAR,,BD
TROZYKAR23IST,,TR
VNNINBIN19NIN,,VN
CNJIACHE5JIA,,CN
TRPERTEK13IST,,TR
CNTONSHOHAN,,CN
TRDERLEA6IST,,TR
TRPOLSAN3419IST,,TR
TRPOSFAS2623IST,,TR
CNBUBUDON,,CN
COCRECOL106BOG,,CO
TRPROTEX3421IST,,TR
TRCEBTRI14BAH,,TR
TRPERSAN20IST,,TR
TRVEFTRI45IST,,TR
MAHANCON49TEM,,MA
INCHREXP26KOL,,IN
INSTAAPP52CHE,,IN
BDCOMCOM8222DHA,,BD
TRERETEK15IST,,TR
CNZHEWORWEN,,CN
IDASICOL223JAK,,ID
INMALTRA1998MUM,,IN
CNJIAZHA1JIA,,CN
GBMINLTDWAK,,GB
CNHENHAT28ZHO,,CN
CNSHATRA128YIW,,CN
BDMAGCOMDHA,,BD
CNWENFUT45WEN,,CN
TRDERTEK50SUL,,TR
BDSELAPP6DHA,,BD
ININD161KOL,,IN
INVSINT38HAR,,IN
INNRSIL144UTT,,IN
CNDASYUQ703PAN,,CN
CNGUAYE3GUA,,CN
HKNANEAG17HAR,,HK
INPANEXP188DEL,,IN
CNDONDA58DON,,CN
CNFUNYIN28YAN,,CN
INPARPRO55NEW,,IN
INPARPRO8586NEW,,IN
INPEEEMP78FAR,,IN
PLTERPPH151LDZ,,PL
PTANGCON2BRA,,PT
PTBECMAL60ALV,,PT
PTCONBUG4835GUI,,PT
PTCONLAN6201VAL,,PT
PTCONMAL4750TAM,,PT
PTDARIND156FEL,,PT
TRBERGLO34IST,,TR
TRBIGTEK86IST,,TR
TRBIRTEK1BAG,,TR
TRBORKONIST,,TR
TRBORTRI24IST,,TR
TRBOSELE621IST,,TR
TRBOSTEK3IST,,TR
TRBOZKON5IST,,TR
IDMAD13SUB,,ID
IDMINGAR0904SUK,,ID
CNSHEDEL7SHE,,CN
INTUL173NOI,,IN
IDPANBRO02JAW,,ID
INGROIMP54NOI,,IN
IDPANPAC05SUB,,ID
IDPRAABA7TAN,,ID
CNNINMINNIN,,CN
CNUNIAPP88SUZ,,CN
TRNAMTEK1293IZM,,TR
INISHEXPSAH,,IN
IDPTLUC0710SEM,,ID
IDPTSAPP11SEM,,ID
IDPTTYF5716SOL,,ID
INJAKAPP65NOI,,IN
INRANSYN129NOI,,IN
INPTPAN68JAW,,IN
CNQUABEA436LIA,,CN
TRTAMTEK51BAG,,TR
INGOOFAB2872DHA,,IN
MAENNCLO328TAN,,MA
CNDONWEN41XHE,,CN
PTETN60VNF,,PT
VNSONHONNAM,,VN
PTGLOTRATRO,,PT
PTLMTRA425SER,,PT
TRBUSTEK5IST,,TR
TRCAGSOC17IST,,TR
TRCANTEK4YIL,,TR
TRCCMGIY30IST,,TR
TRCELTEK52IST,,TR
TRCETSA1864IST,,TR
TRCETTEK2567IST,,TR
HKBOGLIN1701KOW,,HK
INDHIINT299GUR,,IN
INPRILEA254NOD,,IN
BRNABFAB339RIO,,BR
ITAVEDEN6401ANC,,IT
TRORSTEKIST,,TR
HKYUYIH2HON,,HK
CNJINDON668JIN,,CN
IDAMPINTBAL,,ID
TRRAPDEK71IST,,TR
MDICSMAR75SOR,,MD
CNBOSCOCHA,,CN
LKHIRCKTAGA,,LK
LKISAPRI3KAT,,LK
LKJOLBAD,,LK
CNZHEDEC5ZHU,,CN
HKHONHUI99CEN,,HK
INPARPRO86NOI,,IN
LKMASACT231NUG,,LK
LKMASACT8NIT,,LK
LKMEELTD353GAL,,LK
INSANEXP37FAR,,IN
TRCIHMAHIST,,TR
TRCIHSIR3452IST,,TR
TRCRETEK3941IST,,TR
TRDARTEK1IST,,TR
TRDEMGRO2830IST,,TR
INRICFAS232NEW,,IN
INRKCOM1706RAI,,IN
INRUBOVE128NEW,,IN
INSAAINC111SON,,IN
INSAASHO143RAN,,IN
CNSHAONE2506SHA,,CN
CNXIEJINDON,,CN
ININDRAM28NEW,,IN
INAKRIND401BAN,,IN
USRULLA1725LOS,,US
BGBEGFAS11SAN,,BG
BDBESWOODHA,,BD
TRONTTEKIST,,TR
LKSIL14WAL,,LK
CNFUJSAF6FUZ,,CN
LKSTAGAR1COL,,LK
CNXIAOCS999FUJ,,CN
TRUNLTEK15IST,,TR
CNZHUWAL666ZHU,,CN
LKTIMGMT94WAT,,LK
LKTREADHADH,,LK
LKUNIPVTKUL,,LK
BDNORCOM1346KAS,,BD
TRDENTEK3HON,,TR
TRDETTEK24IST,,TR
TRDEVDIS18IST,,TR
TRDOGTRIIST,,TR
TRDONKON25IST,,TR
TRDSNKEM164IST,,TR
ITCUWSRL1416FOR,,IT
INSHA28BAN,,IN
INSHAEXP1161KRI,,IN
INSHAEXP2501MEE,,IN
INSHAEXP64KAR,,IN
INSHAEXP7BAN,,IN
INSHAEXP910BAN,,IN
INAMRART2186DEL,,IN
INANGEYE6NOI,,IN
INANIFAS81FAR,,IN
INANKEXP2013NOI,,IN
CNNINDONNIN,,CN
BGVIGLTD9SOF,,BG
INANUIND3943GUJ,,IN
CNXIAFEIXIA,,CN
INAQUIND1001MAN,,IN
ROSCZEN13GAL,,RO
BDFARKNISRE,,BD
INARCRAD22NEW,,IN
CNOCTEYE8SHE,,CN
VNMYNGA95HOC,,VN
CNNANBIO1320NAN,,CN
INARVLIM272BAN,,IN
INASIHAN10GUR,,IN
INCREBOS37GUR,,IN
LKVOGTEXGAL,,LK
LKUNIPRI124PAN,,LK
THTOPFOR135MAE,,TH
CNFSACC396QIA,,CN
TRIDEGLO12TOK,,TR
LVPRILAB19LIE,,LV
INUNICOLHAR,,IN
KHSUSCAM4PHN,,KH
MAAURFRE14TAN,,MA
TRTNRTEK153BAG,,TR
TRODEGIY1271TUR,,TR
MACRECLO55TAB,,MA
MADES0025TAN,,MA
PTPONCON4805BRI,,PT
PTREP146ALV,,PT
PTRODFAB144FEL,,PT
PTSCOTEX344CAV,,PT
CNLIUCITLIU,,CN
INSHOSHO11NEW,,IN
INSKYINT742GUR,,IN
CNANHDANDAN,,CN
INAURPVT63UTT,,IN
INPRACRE8310TIR,,IN
INBAGMAK523HAR,,IN
INBALLOO4208BAG,,IN
INBANLTD2013NOI,,IN
INBANLTD254NOI,,IN
ITGEAFAS29CIT,,IT
INBASIND63NOI,,IN
INMARENT370HAR,,IN
TRKALTEK118IST,,TR
PTVITDA207OLI,,PT
INBHAINT180BAN,,IN
CNTAIACCGUA,,CN
INBLINT2982TIR,,IN
MAHAN4317TEM,,MA
MAIBT3000FEZ,,MA
MAINTFAR2045CAS,,MA
MALINLIN834TAN,,MA
MAMARMOD3000FES,,MA
MAMERSAR1816BRA,,MA
PTVER178GUI,,PT
ROBLU8RAM,,RO
ROCOMINV2300OLT,,RO
ROCRIPRE66TOP,,RO
TRBUYPLA3IST ,,TR
INSUDHOS23TIR,,IN
INQUAANC3GUR,,IN
INSUNFAS5600BAN,,IN
INSUPOVE16NOI,,IN
INSWIMER2003TIR,,IN
INTANAPP25FAR,,IN
INTEXIND459BAN,,IN
INC3SID6000CHE,,IN
ITIDESRL9POL,,IT
PKHOLFIVISB,,PK
INIMAAPP384PAL,,IN
INCHOINT26MUM,,IN
KHSERCOPHN,,KH
CNZHOSHA9ZHO,,CN
INCOR1KOL,,IN
CNLINLANFUY,,CN
MAPARGAR7TAN,,MA
MAVIT73TAN,,MA
MASWIANY51SAL,,MA
MDALPOME5UNG,,MD
TRFERMOD1352IST,,TR
INTIRINT7KAN,,IN
INTRESET11GUR,,IN
INTUHDES27TIR,,IN
INTULCRE2013NAG,,IN
INUIFAS128NOI,,IN
INUKT199TIR,,IN
INUKTEX448TIR,,IN
INVALMET2440MOR,,IN
INVAMOVE137FAR,,IN
INCRCLO76NOI,,IN
CNSUMGARNAN,,CN
INGOOAPP11TIR,,IN
CNGABFASQIN,,CN
INCANFAS60NEW,,IN
INCTAAPP58NOI,,IN
CNWEIKAI59WEI,,CN
INCUBESS1210KON,,IN
INBHAINT552NEW,,IN
CNZHADON638ZHA,,CN
INDAKIND162NOI,,IN
INSAMGEM217BAN,,IN
GBDIF169LON,,GB
CNFASRUI1161KOW,,CN
CNKANINDDON,,CN
INLEATRE7435KAR,,IN
INDEXAPP2013UTT,,IN
MKFASLIN7500PRI,,MK
MMCHIPAL142RAN,,MM
MMESLGAR177RAG,,MM
ROMODCON49SCO,,RO
TRAYYBAS284DEN,,TR
TRIBBTEK7123SAK,,TR
ROORHSRL598FET,,RO
BDUHMLTD2402NAR,,BD
INVER24TIR,,IN
CNTAIBOY46JIA,,CN
INVIRIND2013NOI,,IN
INVISAPP4047CHI,,IN
INVNSACC441GUR,,IN
INWESPOI185HAR,,IN
INWHISMI29KAR,,IN
INWINTRA2013UTT,,IN
INPTDOO060PAR,,IN
INEAGFAS281TAM,,IN
CNXIEGARWEN,,CN
CNGUNIKE605GUA,,CN
CNOUYSHODON,,CN
INRICGLO41DEL,,IN
CNNINWIN99NIN,,CN
INENKEXP282UTT,,IN
INEURENT102NOI,,IN
TREZETEK5227IZM,,TR
INFANFAS10NOI,,IN
MMHENMYA1511YAN,,MM
MMHONTEX460HLA,,MM
MMJABJIA9293YAN,,MM
MMMYALIA74RAN,,MM
MMMYALON229YAN,,MM
MMMYASUM65RAN,,MM
MMSANMYA87YAN,,MM
CNDONGUA3CHI,,CN
CNLEI4YIW,,CN
ROSCDAN4FOC,,RO
TRDECMOD219EYY,,TR
ROSCEUR42TAR,,RO
ROSCGEN100BAL,,RO
ROSCLA108PIT,,RO
ROSCOZ1PLO,,RO
ROSCRAO14SCO,,RO
ROSCVIR1052BAI,,RO
BDSONFINNAR,,BD
KHAURAPP23PHN,,KH
ITANTSRL77FLO,,IT
CNDOOLIN702ZHE,,CN
CNQINCOUCHI,,CN
TRIONTEK56MER,,TR
ITCALGIU5PIS,,IT
INMGCGOV753KAR,,IN
GBDISDESEAS,,GB
PTBECMAL3BAR,,PT
INSIYSIL4812DAM,,IN
INFIBFAB21BAN,,IN
INFOUEXP146MUM,,IN
INFRECLO6000CHE,,IN
CNDONYILZHE,,CN
INFREFAS5TAM,,IN
CNZHOSHA18ZHO,,CN
PKSOF438FAI,,PK
INFUTRET6MAH,,IN
GBOMELIMWES,,GB
MMSTYFAS182YAN,,MM
MMTOYMTA1063YAN,,MM
MMTWIMYA168YAN,,MM
MMYONMYA409YON,,MM
MOLOOWAH207MAC,,MO
MUFIRTEXCHE,,MU
MUNEWSEWPOI,,MU
ROTEAIND6152TG,,RO
ROVALPRO1ORE,,RO
RSJEASER1600LES,,RS
SGBRAASI20SIN,,SG
ITEBFAS2PIU,,IT
ITEMYCAL4604MAN,,IT
ITFFIGLO2MAS,,IT
ITFULSPA5546MAN,,IT
INGLOMOD120NOI,,IN
CNPACGAR39HAN,,CN
CNHANSUNHAN,,CN
INGOKEXP5714SRI,,IN
CNLUCBRI139WEN,,CN
VNTHAINTBAN,,VN
GBRETSERWES,,GB
INHIMAPP539GUR,,IN
ROAMAMAR8BAZ,,RO
INHLKIND78NEW,,IN
MXALSINT9SON,,MX
MYIMPGAR50PER,,MY
NLGER10BRU,,NL
NLGERBV4311BRU,,NL
NPKUMTRALAL,,NP
PECMTDEL46ICA,,PE
PEHILDE801SAN,,PE
PETOPTOP1323LIM,,PE
PETOPTOP1325LIM,,PE
PHDONIN11BAT,,PH
KHPHOFASTAK,,KH
SVTEXLA46LAP,,SV
THDEVGAR4325NON,,TH
THDRAHAN204LUM,,TH
THEATIND156NAK,,TH
THFULTHA5315BAN,,TH
THINTFAS140SAM,,TH
THRAM311BAN,,TH
THVERFAS199MPAT,,TH
TNARTLABGRO,,TN
CNZHUJINBAI,,CN
INAMILEAPAL,,IN
ITMANMAR54CAR,,IT
INIKINT580UNN,,IN
MGAQUANTANT,,MG
INIMPNEWDHA,,IN
MAVER2224SID,,MA
ININDSTY34HAR,,IN
EGRUBGARALE,,EG
ININSOVE1220GUR,,IN
INSHAEXP15MYS,,IN
PTBEAMOD17MAF,,PT
TRAKA1191ERB,,TR
ININTTRA10NOI,,IN
CNGUAHON3103GUA,,CN
PHJENGARPAS,,PH
PK59FAI,,PK
PKAIMHOS22LAH,,PK
PKAJMHOI343FAI,,PK
PKALMAKFAI,,PK
PKARYOU32LAH,,PK
PKASHASH75FAI,,PK
PKASHINT75FAI,,PK
TNINTCOM28DOU,,TN
TNMANINT65BIZ,,TN
TNSFENGARTUN,,TN
TNSTEWES5170MAH,,TN
TR3FTASNIL,,TR
CHNANLTD50STA,,CH
BGGRI25SOF,,BG
INPARDES83NOI,,IN
ITTEX47PRA,,IT
ITTINMAR11SGI,,IT
CHSHESHI611SHE,,CH
BDOPEGAR561DHA,,BD
INGOPSIL3VAR,,IN
JPFUJRUB2TOK,,JP
JPMRCCOM12TOY,,JP
INRUPFABGAZ,,IN
KHAGISWEPHN,,KH
CNWUXYUH168WUX,,CN
CNZOKCRA5YIW,,CN
KHCBKIN217PHN,,KH
CNFEETAT2403SHA,,CN
INJALEXP128MUM,,IN
INJAYEXP6551TIR,,IN
INJEAKNI21BAN,,IN
TRAKATEK81BAG,,TR
CNSHESAN5DON,,CN
TRLIFTEK330AKD,,TR
TRSUP15AKD,,TR
INKABSHA231BAN,,IN
BDINTAPP742DHA,,BD
TRPRNNIR10ZEY,,TR
INKARGAR4312TIR,,IN
INKARNIR83UTT,,IN
INKAROVE6730HAR,,IN
INKAVFAS8AND,,IN
INKHEXP152CHE,,IN
PKAZG25PUN,,PK
PKCASSPO4LAN,,PK
PKCHOIND487KAR,,PK
PKCHOIND515KAR,,PK
PKDELGAR17LAH,,PK
PKDENCLO5KOR,,PK
PKFBFAS22LAH,,PK
GBFACIS1215LEI,,GB
TRADADIS3438IST,,TR
PKINTLIM117FAI,,PK
TRFATTEK1101IST,,TR
TRADETEK22IST,,TR
TRADIDEN2662ESE,,TR
TRADIDEN2662KIR,,TR
TRADIDEN662ESE,,TR
TRADOTEK23MER,,TR
TRAKATEK3430IST,,TR
TRAKATEK9MAL,,TR
TRAKBTEK197BUR,,TR
TRAKBTEK197GUR,,TR
TRAKDUTU5IST,,TR
TRAKMKON41AKS,,TR
TRGITKON12GIR,,TR
KHCWKGARDAN,,KH
KHDENCON217PHN,,KH
GBMOKLTDLON,,GB
KHDEXGAR13DON,,KH
KHECLTEXPHN,,KH
KHETEFAMPHN,,KH
CNFOSCHA53FOS,,CN
CNDONCHE2DON,,CN
KHGRACAM2PHN,,KH
KHGRATWIPHN,,KH
KHHOROUT43KAM,,KH
CNPREFAS4GUA,,CN
INKRIBEA63NOI,,IN
INKRICRE121NOI,,IN
CNGUAJIN51GUA,,CN
INKSGMAH83NOI,,IN
INLAJEXP63OID,,IN
INLBIEXP540KOL,,IN
MANORSAR62CAS,,MA
PKDIAFAB6SHE,,PK
INLEHEXP67NOI,,IN
INLEISHO789AGR,,IN
PKIJAAPP31LAH,,PK
PKINOFAS172FAI,,PK
PKLEAPVTSIA,,PK
PKLUCKNIKAR,,PK
PKNISMIL22LAH,,PK
CNDONLIUDON,,CN
INZEDCLO360AHM,,IN
TRALBTESIST,,TR
TRALEKON32NUL,,TR
TRALMTEK900YIL,,TR
TRANK1630SAN,,TR
TRARDTEKBUR,,TR
KHJIUYE5SAM,,KH
KHJSDTEXBAT,,KH
INMAHFAS303JAI,,IN
TRPIRGIY31IST,,TR
KHLEEKNI115PHN,,KH
KHLIAHENSRO,,KH
KHMLINT42OCH,,KH
KHNEWFUM54POR,,KH
KHNEWMINPHN,,KH
TRFEHAZ9BUR,,TR
KHPARAPP16SAN,,KH
LTBVHUAB51UKM,,LT
INLYRKON155GUR,,IN
CNYUQIU528JIN,,CN
CNZHISCI778JIN,,CN
INMAFCLO21BAN,,IN
INMAFCLO3532KAR,,IN
INSHOEXP1320MAH,,IN
INMAGEXP159GUR,,IN
BDNOMTERGAZ,,BD
CN3001108JIN,,CN
INMALGAR2COI,,IN
HKYIWDO216KOW,,HK
INMAREXP64NOI,,IN
BDMAYAPP6876DHA,,BD
CNCONAPP1703PAN,,CN
PKRAYTEX12FAI,,PK
PKRAZAPPPUN,,PK
PKREGAPP63MILAH,,PK
PKSAPFIN35LAH,,PK
TRBVBTEK12IST,,TR
PKSASTEX392KAR,,PK
PKSHACOT2GUL,,PK
BGDEXGRO5CHE,,BG
CNOKLCOM32GUA,,CN
CNPRIACCANH,,CN
CNYIWDIR18ZHE,,CN
TRKIMTEK3209ISP,,TR
TRATATER10KAR,,TR
TRAUSDIS152IST,,TR
KHSIXIND6PHN,,KH
CNNANRUNRUG,,CN
BDAJASWEDHA,,BD
TRHISMAK20ESK,,TR
PTVILTEX123VIL,,PT
KHWANHE4PHN,,KH
KHWILLEA4KAN,,KH
KHWININD4SAM,,KH
TRUGUKON83IST,,TR
KHXINNAN3DON,,KH
KHYUACAMKOM,,KH
KHZHEYON5PHN,,KH
INMARIMP2440MOR,,IN
GBHIGCLO338LEI,,GB
INMEEIND2916CHE,,IN
CNGANYOU1GAN,,CN
CNSHASHU3503ZHE,,CN
INMERCRE65BAN,,IN
CNSTAYOR2GUA,,CN
BDUNILEA9CHA,,BD
CNHEJHUAPIN,,CN
CNJIAGAR68NAN,,CN
CNGUACES36GUA,,CN
PKSOUSOL18LAH,,PK
PKSPPSPO18SIL,,PK
PKSTYINT20LAH,,PK
VNCELFASTAM,,VN
PKTOPNOTFAI,,PK
PLADDCLO9520PAB,,PL
PLCUTPAR8PAB,,PL
PLMIR9357MIR,,PL
TRAYTABD4DUZ,,TR
TRAYTTEK5DUZ,,TR
TRBAHEVR28IST,,TR
TRBARRIMBAR,,TR
TRBAYDEN1620MAL,,TR
TRBAYMODTUR,,TR
CNSHAWAN1SHA,,CN
INGLOFAS278DEL,,IN
INSHEAPP1016BAN,,IN
TRLOWPROBUR,,TR
TRASTBAB5BAB,,TR
CNHONHF2107HON,,CN
CHDONHUM8GUA,,CH
INBALLOO4208UTT,,IN
CNMDHAT59DON,,CN
MKDOKTEKVAL,,MK
LKCKTAPPMAT,,LK
LKCNCCLO2122WAS,,LK
LKCOUCLO32GAM,,LK
LKEAMMAL261COL,,LK
INMORSTA274TIR,,IN
INMSFAS17UTT,,IN
VNPADVIE9VIN,,VN
CNDONDAL58DON,,CN
TRMUSTRI39IST,,TR
BDHAQAPP1349DHA,,BD
TRUGUBAL125IST,,TR
BDDESKNISRE,,BD
BDDESTEX2NIL,,BD
BDDEVIND1704GAZ,,BD
BDDIVDES1213CHI,,BD
BDDIVTEX348DHA,,BD
BDECHLIMGAZ,,BD
BDECHLTDGAZ,,BD
BDECHTEXGAZ,,BD
BDECOCOU2282DHA,,BD
BDECOLTD228GAZ,,BD
BDEPYSTYGAZ,,BD
BDETHGARDHA,,BD
BDFAREASGAZ,,BD
BDFARKNI140NAR,,BD
GBMELLTD41BRE,,GB
PTPALINDESP,,PT
BDFASSTE163DHA,,BD
PTSJTEX66HAR,,PT
BDFINTEX191NAR,,BD
BDFOUFAS2852CHA,,BD
VNTAEKWA9BIE,,VN
BDGABLIMSAV,,BD
BDGAREXPGAZ,,BD
BDGEEBAN7477CHA,,BD
KHCHUJIA2PHN,,KH
BDGLOOUT89DHA,,BD
ITCAN24TOR,,IT
BDGRASOU61DHA,,BD
CNCHATON569CHA,,CN
BDGREFAS30DHA,,BD
CNDELLIG4GUA,,CN
BDHKDOUT4550CHI,,BD
BDHYDKNIGAZ,,BD
AEEURTRO201SHA,,AE
AEFRAPP302DUB,,AE
CNHUAWEI90YIW,,CN
AEMILIND27SHA,,AE
CNTOPTIE2388ZHE,,CN
CNXIABEL155XIA,,CN
AMTLIM1FAIPK,,AM
ROSCVER180SAN,,RO
HKFUNMOU88HON,,HK
INSPA166GUR,,IN
BDADOCOM1GAZ,,BD
BDAGAAPPDHA,,BD
BDMTSWE1703GAZ ,,BD
CNJIASHA496JIA,,CN
BDALLKNI118DHA,,BD
BDALMUS12SAV,,BD
BDAMAKNI1340DHA,,BD
BDAMALIMGAZ,,BD
VNSPICLO195VIE,,VN
INLEDWIL7435KOL,,IN
ITEBFAS2MAN,,IT
BDASISTAGAZ,,BD
BDASPGAR491DHA,,BD
BDASPGAR491MAN,,BD
BDBANECO188DHA,,BD
BDBARFAS6GAZ,,BD
BDBIGBOS30GAZ,,BD
BDBODBAN80SAV,,BD
BDBONGAR13UTT,,BD
BDREGTHR1318CHI,,BD
BDCAMREDPOU,,BD
BDCLAAPPNAR,,BD
BDCONGAR7DHA,,BD
BDCREWOO1DHA,,BD
BDCROFAS781JOY,,BD
BDTIMSWENAR,,BD
BDTNZAPP2288GAZ,,BD
INULT614TIR,,IN
LKKANAPPHAM,,LK
BDUNIMEN2532NAR,,BD
CNRUSPRE168KUN,,CN
BDVIY297GAZ,,BD
BDVKNCOMNAR,,BD
PKALMAK1FAI,,PK
BDWILSWE1349DHA,,BD
BDYONTAI4COM,,BD
BGBEGFAS11BLA,,BG
BGCHAFAS2932ABL,,BG
BGDAI1KOY,,BG
INAPDEXP6363BAN,,IN
INLEDWILDIS,,IN
BGKOUMOD208YAB,,BG
BGMETTEX1BLA,,BG
BGMIKMOD10GOT,,BG
USCENACC350NEW,,US
DEBONBON,,DE
CNDAN3SUZ,,CN
HKLIAOVE128WAN,,HK
BGSTOLTD1BLA,,BG
CNDONLUEGUA,,CN
INAONSER924NEW,,IN
IDAMOIND12JAK,,ID
BDINTAPP1619GAZ,,BD
ITGIASPA56ADR,,IT
CNDONMILDON,,CN
BDIREKNI13DHA,,BD
BDJFCO70DHA,,BD
BDJINKNIGAZ,,BD
BDJKKNI42DHA,,BD
BDKAPFAS1751GAZ,,BD
BDKARFAS1DHA,,BD
INSUNFAS286BAN,,IN
BDKTEIND76DHA,,BD
BDLAKINNGAZ,,BD
INDESHOU85MUM,,IN
BDLINCO5NAR,,BD
BDLIZAPP2106GAZ,,BD
BDLUMTEXDHA,,BD
INTEXHAN31VAR,,IN
BDMASSWEGAZ,,BD
BDMAWFAS1740GAZ,,BD
BDMILTEXDHA,,BD
BDMNKNI201CHA,,BD
BDMUMFAS26DHA,,BD
BDNAFAPPGAZ,,BD
BDNATDEN1341DHA,,BD
PKBILGAR77KAR,,PK
IDSAMIND17SEO,,ID
BDNORFAS1618DHA,,BD
TRGUNTEK3326IST,,TR
CHDONGUA1DON,,CH
BDORPSWE7DHA,,BD
BDPACJEA1419CHA,,BD
VNLELVIE40BEN,,VN
BDPENGAR4648CHI,,BD
BDPIOKNIMYM,,BD
BDPOLCOM226SAV,,BD
BDPRESWE222GAZ,,BD
GBLONISL34LON,,GB
GBFASCO24LEI,,GB
BDRIYTRA608DHA,,BD
BDSAFKNI1189NAR,,BD
BDSAFSWEGAZ,,BD
TRZARCOR4AKY,,TR
CNTAOSHEDON,,CN
BDSATTEX131GAZ,,BD
BDSEAFAB240NAR,,BD
BDSEAFAB5Dha,,BD
BDSECSEV4223CHI,,BD
BDSELFAS75NAR,,BD
BDSHAGAR43DHA,,BD
BDSHAGARDHA,,BD
ALBALIND18MAJ,,AL
IDKAH032CIM,,ID
BDSILSEWGAZ,,BD
BDSKY1221DHA,,BD
BDSMUSWEGAZ,,BD
INPRASYN16FAR,,IN
BDSOUSWE278UTT,,BD
BDSTASWEGAZ,,BD
BDSTTOW3GAZ,,BD
BDSTYLDT1700DHA,,BD
BDSUAGAR1371NAR,,BD
ININDSLA32NEW,,IN
TRBIEBUR5BUR,,TR
MOSUNCHE3943MAC,,MO
BDSUPSWEMYM,,BD
INCREGAR401BOM,,IN
BDTANFAS216GAZ,,BD
BDTAQFABGAZ,,BD
BDTARAPPMAN,,BD
CNTIACITTIA,,CN
CNCHAHON88CHA,,CN
TRSYLTEK13AKC,,TR
CNCHALIACHA,,CN
CNCHASHIJIA,,CN
CNCHASUXCHA,,CN
DESCHSTA9056HER,,DE
CNCHAYIF2CHA,,CN
PTOSD161POR,,PT
TRSPOGIY552IZM,,TR
GBPRESERCLA,,GB
TRUGUBAL66BAS,,TR
IDPTPUN3SUB,,ID
CNJEHTEX203NIN,,CN
CNJINYANDON,,CN
CNXINDADON,,CN
CNCHITEXZHA,,CN
CNKNAGROJIN,,CN
TRFATGIY34UMR,,TR
CNCHUFTY1327YIW,,CN
CNCHUJYE5266GAO,,CN
CHCNSUZXIJ368SUZ,,CH
TRBAT240BEY,,TR
TRILEGIY29IST,,TR
PKJAYENN244FAI,,PK
TRFNMDER411ZEY,,TR
CNOLIIMPFUJ,,CN
BDRGRSWEGAZ,,BD
INSTAOVE11MOR,,IN
MUTROKNIQUI,,MU
EGASKCLOALE,,EG
GBTAPRANHYD,,GB
TRSUATEKIST,,TR
HKWINHUN,,HK
CNACEFAS5180SHE,,CN
CNACOSEW1109HON,,CN
CNMINCHU29GUA,,CN
VNKIDHA1HUN,,VN
HKEASYIN2339HON,,HK
CNALIJEW4DON,,CN
CNNINALW289NIN,,CN
CNANH84HEF,,CN
CNSHAJIESHA,,CN
CNANHLIG8ANH,,CN
CNANHMINLUA,,CN
CNANHSUN1116SHA,,CN
CNANHTEC6CHA,,CN
CNANHYUA19HEF,,CN
CNANKHANDON,,CN
TNDFASUAMAZ,,TN
INCLIEXP1083TAM,,IN
AUZULZEP16BYR,,AU
CNHAISHEHAI,,CN
CNAPPTEC101JIA,,CN
IDPANASI68JAW,,ID
CNHANXIN6HAN,,CN
CNSUPMET60XIA,,CN
CNHANGARDON,,CN
CNBEIJOY5BEI,,CN
ROOPTEVO35BLE,,RO
HKAPPTEC18HON,,HK
INSRILAK7385TIR,,IN
CNKININDWUH,,CN
CNBINSAL2YAN,,CN
CNBOGDES701GUA,,CN
CNBONEVO3200QUI,,CN
CNBOOIMP547GUA,,CN
TR2011511INS,,TR
CNBOSLIM201GUA,,CN
TR3FTAS5BUR,,TR
BDMAHFASASH,,BD
CNBRICHA13SHE,,CN
GBCUTIN913LEI,,GB
MANIKTAN,,MA
CNZHEYEDXIN,,CN
CNTUNMANDON,,CN
BDDORGAR5060GAZ,,BD
INMORSTA6416TIR,,IN
CNCEROIL82HAN,,CN
CNCHACHI79CHA,,CN
CNCHACIT12SUZ,,CN
CNDONPHIDON,,CN
CNDONRUX3DON,,CN
CNDONSHA12DON,,CN
CNDONSHADON,,CN
CNDONSTR6DON,,CN
BDENEFASBHA,,BD
CNDONWEI16DON,,CN
TRDRNTEK1116IST,,TR
CNDONWEI7GUA,,CN
BDKNIIND2472GAZ�,,BD
CNDONXIUDON,,CN
CNDONXUADON,,CN
CNDONYIN11GUA,,CN
CNDONYUFGAR15GUA,,CN
GBWINLON,,GB
GBNORDIR77LEE,,GB
GRKALTHE,,GR
CNENIPRO502HAI,,CN
CNEVAFAS3DON,,CN
THPRODRA1292AYU,,TH
GBDESINPEA,,GB
KHZHEYOU5PHN,,KH
ITCALMUR88ASO,,IT
CNLAILAI,,CN
CNFACDIR2FOS,,CN
CNFANCHAWUH,,CN
BDAMAKNIFAT,,BD
CNCIRLIN77GUA,,CN
CNCIXKIN281CIX,,CN
PTPLA4524SAN,,PT
CNCIXWAN15CIX,,CN
CNNORGAR96CHA,,CN
CNGAIREGCHA,,CN
ROMAGIMP10BRA,,RO
CNCOLSHO9GUA,,CN
CNGUASUP1GUA,,CN
CNZHEXIN56HAN,,CN
VNUNA26HCM,,VN
ROSABIMP10CAM,,RO
PKKLATEX196FAI,,PK
CNCORFAS22FOS,,CN
CNSHENIC01SHE,,CN
CNGUAFEI56GUA,,CN
HKFIRGLO11HON,,HK
CNDALJIEDAL,,CN
CNDALRIC1213DAL,,CN
CNDALVENDAL,,CN
CNDALXIN9DAL,,CN
CNDANPRO10SUZ,,CN
CNDONGUA88DON,,CN
GBBLUAPPLON,,GB
BGBIL2900BLA,,BG
CNDAYTEX555HAN,,CN
CNDEB65JIA,,CN
CNDEBHEI,,CN
MAFASGAR56CAS,,MA
CNDECCO79GUA,,CN
GBBENBOWBOR,,GB
TRONETEK76IST,,TR
CNZHOTEX168YAN,,CN
TWTUNTUN642CHA,,TW
CNHANDRE1102HAN,,CN
CNDGAUSGUA,,CN
CNDIS2642WEI,,CN
LAGOLDELVIE,,LA
CNDONAOR2DON,,CN
CNDONBAO666LIA,,CN
CNDONBOTDON,,CN
CNDONCIT03DON,,CN
CNFASLEA1568WEN,,CN
TREKSTEK22IST,,TR
IDCVMAH27BAL,,ID
CNYONJIN116YON,,CN
USKYINT405NEW,,US
CNFENYINNIN,,CN
TRPAKSOC16IST,,TR
CNDONGARZHA,,CN
TRMINTEK49BEY,,TR
CNDONGLA31WEN,,CN
CNLONDONLON,,CN
CNZHESTA4HAN,,CN
CNDONGUA22DON,,CN
CNDONGUA28DON,,CN
ESVERMOD7CAL,,ES
HKCHACRA2213HON,,HK
HKSUNHIN4050TSU,,HK
CNDONHUM19DON,,CN
INCAPCLO47TIR,,IN
CNDONJISDON,,CN
THHONSEN289BAN,,TH
CNDONJUN202DON,,CN
CNDONJUN3GUA,,CN
GBUNIDIS95LON,,GB
CNDONLIA16DON,,CN
CNDONLIN702DON,,CN
CNDONLINGUA,,CN
BDGREGAR1GAZ,,BD
CNDONMEIDON,,CN
CNDONMEIJIA,,CN
CNGUAJIA53GUA,,CN
CNJIAKNI67JIA,,CN
CNSUZRAN17SUZ,,CN
CNGUAPAN11GUA,,CN
ESARESOL17MOL,,ES
CNGUAPIN2GUA,,CN
TRAKYTEK2107IST,,TR
CNGUARED9GUA,,CN
CNGUAROM4GUA,,CN
CNGUASHE910DON,,CN
VNANHUN231TUY,,VN
CNGUASUN4014GUA,,CN
ROSCASS33PET,,RO
PKALKAR11KAR,,PK
ESLABNATLAS,,ES
CNGUAWEI1ZEN,,CN
VNTDTINVPHU,,VN
CNGUAXIL103GUA,,CN
CNGUAXIN401GUA,,CN
CNKAIKNINEI,,CN
CNGUAROM20GUA,,CN
KHLUTHA1SVA,,KH
CNGUAYOU34GUA,,CN
ESBUNSPA8BAR,,ES
TRCHADOK882IST,,TR
CNFENLEASHU,,CN
CNFENMAONIN,,CN
CNJMINTQIN,,CN
MAMAY18TAN,,MA
CNFIFAPP2GUA,,CN
TRFIDTEK24IST,,TR
CNFLE4GUA,,CN
CNGUACIT40GUA,,CN
CNFOREXP11DON,,CN
CNFORHANHUI,,CN
CNFORSHA288SHA,,CN
CNDONDUO10DON,,CN
CNFOSNIN13GUA,,CN
CNFOSTOWFOS,,CN
CNFOXOPTFUQ,,CN
CNFSACC401DON,,CN
TRAKDTRI29IST,,TR
CNFUHSHE18SHE,,CN
CNFUJHUAQUA,,CN
ESGRASA30BAR,,ES
CNFUJNANQUA,,CN
CNFUJPROQUA,,CN
CNFUJPUT10PUT,,CN
CNFUJSHU57FUJ,,CN
CNFUJTIA2122FUZ,,CN
TRSARKONBEY,,TR
CNFUQXINFUQ,,CN
CNFUSIND5GUA,,CN
CNFUTTEX501SHA,,CN
CNFUYWEI66FUY,,CN
CNFUZLIYJIN,,CN
CNFUZLUY139FUZ,,CN
MAACMODTAN,,MA
CNGAIDON,,CN
CNGALCN2GUA,,CN
CNZHELAN78SHE,,CN
CNGALVAS58NIN,,CN
CNGANCHU58GAN,,CN
CNSUMTEX56NAN,,CN
TRCICKAR7BAT,,TR
CNGBXTRA12XIA,,CN
CNZHEGAN109ZHE,,CN
CNGIACO110SHA,,CN
CNNINHAI800NIN,,CN
INDHRGLO1138FAR,,IN
CNGLOUNI2628ZHE,,CN
CNJIADIN399JIA,,CN
CNGOLBON11HON,,CN
PKDENINT133KAR,,PK
CNGOLENTDON,,CN
CNGOLFLO888SHA,,CN
INJAWPVTLUD,,IN
ESEURBAO68MAT,,ES
CNZHESHA100YIW,,CN
CNGUABIW18GUA,,CN
ESESTPERLLI,,ES
CNGUACIT1GUA,,CN
CNGUADAN2GUA,,CN
CNGUADB5GUA,,CN
CNGUADGC22GUA,,CN
CNGUAGRI201GUA,,CN
BDEXPCLO7282SAV,,BD
CNHKAMO3201DON,,CN
ESIMPSL7VIL,,ES
COEXPDE8213BAR,,CO
ESLATSL9VIL,,ES
MAANTBAR266TAN,,MA
CNHONGAR12GUA,,CN
MMMYAWID99YAN,,MM
CNHUIYUE10HUI,,CN
CNHONKON1003HON,,CN
TRDEMTEK11YIL,,TR
CNHONKON3500FUJ,,CN
CNHONKON4GUA,,CN
CNHONPUN1209DON,,CN
CNHUADON205HUA,,CN
CNHONYIGON,,CN
CNHOPLUN4GUA,,CN
TRAKKTAS2271IST,,TR
CNNINHUA85YUY,,CN
INARVLTD246BAN,,IN
TRWELIFIST,,TR
CNHSSHA257SHA,,CN
GBBLUSTO26LEI,,GB
TRKUBTEK15IST,,TR
CNQINALT10QIN,,CN
ESAIRVAL27GAV,,ES
CNHUAMANGUA,,CN
CNHUAYUA3032HUA,,CN
CNHUAYUA99LIA,,CN
CNHUBDONHUB,,CN
BDSECSEV0102CHI,,BD
INPRIIMP18FAR,,IN
CNHUIDON2GUA,,CN
CNHUIDON5163GUA,,CN
INMOHOVE59FAR,,IN
TRSERDEMANT,,TR
CNHUIHUI8HUI,,CN
CNHUIJIAYUA,,CN
CNHUIJIL123HUI,,CN
CNWENOUT12WEN,,CN
CNYONDAM399YON,,CN
TRHIRTEK8068IST,,TR
CNHAIANZ66ZHE,,CN
BDGRAKNINAR,,BD
CNHAICHE5HAI,,CN
CNHAICHE5YAN,,CN
CNHAIGARHUZ,,CN
CNHAIGOL161JIA,,CN
CNJIAUNI29FUN,,CN
CNHAIHON100ZHE,,CN
CNHAIHONJIA,,CN
CNHAITOP19HAI,,CN
CNHAIXINYUC,,CN
ESESTFER197PAL,,ES
CNHAIYUA96JIN,,CN
TRFERITH20ERB,,TR
CNHANFIN2114ZHE,,CN
CNHANFUEHAN,,CN
MMLOAMYA22YAN,,MM
CNHANHONHAN,,CN
CNHANHS3111HAN,,CN
KHSEOPHN,,KH
CNHANHUAHAN,,CN
CNHANJIE3111HAN,,CN
BDSCAKNI1601NAR,,BD
CNHANJIEHAN,,CN
BDMAGKNI141SAV,,BD
BDRUSAPPMYM,,BD
CNHANMOO55HAN,,CN
CNHANSHI602HAN,,CN
CNHANSUN3100HAN,,CN
CNHANTAT421GUA,,CN
ESLINPEI212MAT,,ES
CNHANTIA139HAN,,CN
TRMUDSAN14CIG,,TR
CNHANTRE78HAN,,CN
CNHANUJU0001HAN,,CN
CNQINMIR79QIN,,CN
CNHUBKAIXIA,,CN
CNHANXIN6ZHE,,CN
CNHANYISHAN,,CN
PTTEXFLO19FAF,,PT
BDEURKNI10NAR,,BD
CNDONYUA880DON,,CN
BDNEOFASDHA,,BD
CNSUZGOLYAN,,CN
MAEMASAR406TAN,,MA
TRSRLTEK8780IZM,,TR
CNHCPPAC5SUZ,,CN
VNQTTEXYEN,,VN
MAVIT107TAN,,MA
TRMBKON24IZM,,TR
MABOG120CAS,,MA
CNNINXIN80NIN,,CN
CNHENDAJIA,,CN
CNHENHON38HEN,,CN
CNHANJIA104TAN,,CN
CNHENSUMYON,,CN
TRAKMTRI1387IST,,TR
MAMCSSAR24TAN,,MA
CNHESJUN3123JIA,,CN
ESVIDSAN1AIE,,ES
CNHIAJIE71JIA,,CN
CNHUASHO5HUI,,CN
CNHANCEN1418HAN,,CN
CNJIAYUE18RUG,,CN
CNJIAZHO21JIA,,CN
CNJIAZHO2JIN,,CN
ITBKOSKI18TRE,,IT
TRKOMTEK1IST,,TR
CNJILMY180CHA,,CN
CNJINAIESJA,,CN
CNJINAODJIN,,CN
LKUNIPVT56MAL,,LK
CNJINDEN299CHA,,CN
CNJINFAS5009DON,,CN
CNJINFEI3622JIN,,CN
CNJINGAR2250YAN,,CN
CNJINHUA9YAN,,CN
CNJINIMPSHA,,CN
CNJININD1,,CN
INHOUHOU00,,IN
PKCHAINDSIA,,PK
CNJINLIW23JIN,,CN
TRTARTEK276IST,,TR
CNZHESHO430HAN,,CN
CNJINSUH66JIN,,CN
CNJINWAN66QUA,,CN
CNJINYUEQUA,,CN
CNJINZHA1JIN,,CN
CNJMINTSHA,,CN
INNKEXI2013NOI,,IN
CNJOIWELHUI,,CN
INCANTAN47CAL,,IN
GBTHAUKBAS,,GB
INKRIBEA400MUM,,IN
CNHUIZHOBOL,,CN
CNHUN3GUA,,CN
CNHUNXIAHUZ,,CN
CNHUZVIB515HUZ,,CN
CNHUZZHE199HUZ,,CN
PKTARSPOSIA,,PK
CNIKE605GUA,,CN
CNINDHUI5HUI,,CN
CNINDTEX228HAN,,CN
CNINFHARJIA,,CN
BDDIASWE213DAK,,BD
CNINTENT4DAS,,CN
CNJAC808NAN,,CN
VNSCHVIE239HAN,,VN
CNCYCIND3403SHA,,CN
INGHCLIM1911GUI,,IN
CNJEAJEWQIN,,CN
PTMUCMAT36AMA,,PT
CNJIAAOT138ZHE,,CN
CNJIAAOT39JIA,,CN
TRINCTEK2242DIN,,TR
CNJIABAOYAN,,CN
BDANODRE280CHI,,BD
CNJIABEI308JIA,,CN
CNJIACAI189NAN,,CN
CNJIACEN168NAN,,CN
PKSAMTEX50LAH,,PK
CNJIACIT2ZHU,,CN
CNJIAFEI2000JIA,,CN
CNJIAFUH16DON,,CN
CNJIASOH705NAN,,CN
HKTRAKNI14SAN,,HK
CNJIAGUO23ZHA,,CN
CNJIAHAIJIA,,CN
CNJIAHAIWUX,,CN
CNJIAHAP1813JIA,,CN
MADARZAM60SAL,,MA
CNJIAHUA2JIA,,CN
CNJIAJIA3140JIA,,CN
TRINTTEK10ADI,,TR
TRYILTRI15IST,,TR
INZOEDES1027GUR,,IN
CNJIAKAN13XIU,,CN
CNJIALUGZHA,,CN
CNWEIFAN110WEI,,CN
INANIAPP101MUM,,IN
CNJIARON139JIA,,CN
CNJIASAI21YUH,,CN
INNAMAPP2013NOI,,IN
CNJIASAI5NAN,,CN
CNJIASANWUX,,CN
CNJIASOL496NAN,,CN
CNJIASUN85NAN,,CN
VNHAIDUO54HAI,,VN
CNJIAXINJIA,,CN
CNJIAXIYIN,,CN
CNJIAYIJ166NAN,,CN
CNJIAYIN14JIA,,CN
CNJIAYIN7JIA,,CN
INULT14TIR,,IN
TRAKATEK1003CIG,,TR
CNMINLEAZHE,,CN
CNCOFXIN20XIN,,CN
INELIIND14PAL,,IN
CNJIACHENIN,,CN
CNMISTRU70GUA,,CN
PKMULPAK239KAR,,PK
CNMOKSHA,,CN
CNMORKNI2DON,,CN
CNNAGWOODON,,CN
CNNAMCHEDON,,CN
INSAHEXP37NOI,,IN
CNNANCAP16CHA,,CN
CNNANCAP808NAN,,CN
TRDOSIVA800KOC,,TR
INNEWDEL135UTT,,IN
CNNANGUA8QUA,,CN
CNFANADV2GUA,,CN
CNNANHYM88JIA,,CN
CNNANJUNJIA,,CN
CNNANLEN273NAN,,CN
CNNANMACFOS,,CN
GBTOW4LON,,GB
CNNANPHA15NAN,,CN
CNNANRUI2NAN,,CN
CNNANSOLNAN,,CN
CNNEWAIRHAN,,CN
CNNANXINZHE,,CN
CNFANZHOGUA,,CN
CNNEWACC10JIA,,CN
CNNEWFAS8108GUA,,CN
CNNEWSKY2DON,,CN
CNNICGAI201NAN,,CN
VNANPSEW14HOC,,VN
CNJUNSHO2HUI,,CN
CNJUNSHOHUI,,CN
CNJUNSPO3DON,,CN
HKTREFAS31KOW,,HK
INSUNCLO322GUR,,IN
CHSHUGUO8JIA,,CH
BDMATSWE1704GAZ,,BD
IDSARPAS12KAL,,ID
LKVOGTEXHIK,,LK
TRFERKON1993IST,,TR
TRKIVTEK179GAZ,,TR
INDESMAN84HYD,,IN
CNKASIND3151NIN,,CN
PLLENSPO78RZE,,PL
CNNINRAF3150NIN,,CN
CNKINHK98WUH,,CN
HKSTHPAC108KOW,,HK
TRKOCTEK2DEN,,TR
CNKINWAH1HON,,CN
CNKINYUE6021GUA,,CN
CNKIRINT7GAN,,CN
PTMOB39BRA,,PT
FRALCLAB1RUM,,FR
CNSIMWAHZHU,,CN
LKSTAGAR02KAT,,LK
CNLAIZEYLAI,,CN
PTA2AJAVIL,,PT
INNATEMB56MUM,,IN
CNLAUROO1012GUA,,CN
CNLEBUN313SHE,,CN
CNLEXGAR1628NIN,,CN
BDFASSTE163SAT,,BD
CNLIDTRA9SHA,,CN
CNLIKPROGUA,,CN
CNLINDONDEZ,,CN
CNLINMAO1LIN,,CN
BGSBNVIO9ZLA,,BG
HKRONSHO2474KOW,,HK
INBHAEXP1176SAN,,IN
CNLUC34GUA,,CN
CNLUCMONHEN,,CN
CNLUEACC577YIW,,CN
CNLUEANG25YIW,,CN
CNLUNTO1GUA,,CN
CNLYRUN352HAN,,CN
CNDESIND2207GUA,,CN
CNMAREMPZHO,,CN
CNMATGAR2212XUZ,,CN
INNEEAPP40NOI,,IN
ITCALFAP4604CAS,,IT
INUIFAS128UTT,,IN
CNMEIHUAZEN,,CN
CNMELFAS401GUA,,CN
KHQUIMAJSRO,,KH
HKMARPOW1912HON,,HK
CNQINCAS1001QIN,,CN
GBLAMLTDLEE,,GB
CNQINDNC1180QIN,,CN
CNQINFAS1705GUA,,CN
BDASHTEX52DHA,,BD
CNQINHUA2661QIN,,CN
TNROTDES4030SOU,,TN
CNQINLINQIN,,CN
CNQINMODQIN,,CN
CNDEHGUAFUJ,,CN
TRLIBTEXINS,,TR
CNQINSHIQIN,,CN
CNQINUIQIN,,CN
CNQINXIN2663QIN,,CN
CNQUABAI504FUJ,,CN
CNQUABAOQUA,,CN
CNQUABEA1319GAO,,CN
CNNINBRI668NIN,,CN
CNNINBRI815NIN,,CN
CNNINCHE32NIN,,CN
CNSHEELE9SUZ,,CN
CNNINCIT28FEN,,CN
CNNINHAI2NIN,,CN
CNNINHAI3150NIN,,CN
CNNINHEN3153NIN,,CN
CNNINISUNIN,,CN
CNNINJIA17NIN,,CN
PTLUSFAB86SEI,,PT
CNNINJIA277ZHE,,CN
TRNAZMAK6086IZM,,TR
CNNINLIY139NIN,,CN
CNNINLONNIN,,CN
GBSFD2LEI,,GB
CNZENCOM333SHA,,CN
GBRUDWIL900LUT,,GB
CNNINNIN2512NIN,,CN
CNNINORI70NIN,,CN
CNNINORI81NIN,,CN
CNNINORI97SED,,CN
TRTREKON6472BOL,,TR
CNLILHUAHUN,,CN
CNNINSHENIN,,CN
CNNINSUR118NIN,,CN
CNNINWAL6NIN,,CN
CNNINWEL321JIA,,CN
CNNINWOL2392ZHE,,CN
BDLAMMINDHA,,BD
CNNINYON0002XIA,,CN
CNNINYUANIN,,CN
CNNINYUAYIN,,CN
CNNINZHA41NIN,,CN
CNNUMONE6QUA,,CN
CNOCEKNI5GUA,,CN
ESPASPRO16ELC,,ES
CNOFFTRA1702KOW,,CN
CNORDTEX15HAN,,CN
CNORIINT27SHA,,CN
CNDONRUI5DON,,CN
CNZHOKNIDON,,CN
TRSEDTEK1234IST,,TR
INBHAENT189GUR,,IN
PTARMSHO4650CAR,,PT
CNOSRLIM2421GUA,,CN
CNPACGAR39ZHE,,CN
CNZHEQID3722ZHE,,CN
HNGIL9COR,,HN
GBRUBLTD4HIL,,GB
CNPANYU435GUA,,CN
TRYOZEREYER,,TR
INMANINT8MUM,,IN
CNYOUFASCHE,,CN
PTPINRODOLI,,PT
TRBILTEKSAL,,TR
INSHOINT38GUR,,IN
CNPINCIT3142PIN,,CN
CNPINHUAJIA,,CN
CNPINSHEPIN,,CN
CNNINNEWZHE,,CN
CNPOLSWI2SHE,,CN
CNXINWEI,,CN
ROJANPRO57CLA,,RO
CNPRIDIS,,CN
CNPUNJIMGUA,,CN
CNPWRFAS239DAL,,CN
CNQIASON85YIW,,CN
CNQIATIN147SHA,,CN
CNSHAYUR85SHA,,CN
CNSHEBOO16XIN,,CN
INFOUEXP126GUJ,,IN
VNVIETIE7HOC,,VN
CNDARSHO8WEN,,CN
CNSHEFRE305LIA,,CN
EGMARINT1200OBO,,EG
CNSHEHANGUA,,CN
CNSHEHEN147SHE,,CN
IDMULCEMTAN,,ID
INZEUGOD133GOD,,IN
CNDINYUTSHA,,CN
HKTIGAUS1301HON,,HK
CNSHERUI120SHE,,CN
TRAAKTEX5745CAM,,TR
CNSHESUN28SHE,,CN
MUPROINDRIC,,MU
ITDILOR28CAP,,IT
CNSHEZHE1556SHE,,CN
CNSHEZHO1308SHE,,CN
CNSHI569SHA,,CN
THNANYAN71NON,,TH
TRMEMTEKAVC,,TR
CNDONFAS18NAN,,CN
CNSHILOU286ZHE,,CN
AUBESCHA350ABB,,AU
CNSHISHU24QUA,,CN
INMSAGP6416TIR,,IN
VNTAMHOP139HOC,,VN
CNSHUGUO8IAN,,CN
TRAVRTEKBAH,,TR
CNSHUJIU2313ANH,,CN
CNSHUMAOFOS,,CN
CNSHUMAOSHU,,CN
CNSHUTAI1DON,,CN
CNSIHUA78DON,,CN
CNSIL101GUA,,CN
MMSAUOO35YAN,,MM
CNQUAJIA240FUJ,,CN
CNQUAJIAFUJ,,CN
VNIZDIR4TAN,,VN
CNQUALON2QUA,,CN
CNQUANEWQUA,,CN
CNHANTON1HAN,,CN
CNQUATANQUA,,CN
CNQUATM21QUA,,CN
CNSHESUN3SHE,,CN
GBEBALIMDUR,,GB
CNGUASUP1161GUA,,CN
INJCINT44KOL,,IN
CNREADUD47FUJ,,CN
ITCALGIO50FER,,IT
PKMIIND186KAR,,PK
CNMAGLAY240KUN,,CN
CNRICDAL1DAL,,CN
CNRICDEV601KOW,,CN
CNDONWAN8DON,,CN
KRPNGCOR116SEO,,KR
CNROMCLO302GUA,,CN
CNRONKNI88HAN,,CN
PKMULNAT16KAR,,PK
CNRUBPIN4CHE,,CN
CNRUDYUK58NAN,,CN
CNRUIANTRUI,,CN
USXCVLLC2311LOS,,US
INGUPOVE414NEW,,IN
ROOTTROM57CLA,,RO
CNSAMFAS58TON,,CN
CNSAMGAR142GUA,,CN
ROTAN47BUC,,RO
CNSANCRA12YIW,,CN
CNSANGAR22QUA,,CN
CNSEN37GUA,,CN
CNHANKNIDON,,CN
CNSHAALL688SHA,,CN
CNSHAAOLJIN,,CN
CNSHAAOS3FEI,,CN
CNSHAAOSSHA,,CN
CNSHACAR409SHA,,CN
MASABSAR298TAN,,MA
CNSHADAH2SHA,,CN
KHSUPCHO532PHN,,KH
ITCALPRI25LOG,,IT
PTFABDEFEL,,PT
CNSHAJOY4DON,,CN
CNSHAJUY2740HEZ,,CN
PKNEVIND17LAH,,PK
CNSHAKIN368SHA,,CN
CNSHAKIN68SHA,,CN
INLOR06DEL,,IN
GBOHHDEE36LOU,,GB
GBPARFLESTO,,GB
GBLADCLAGLO,,GB
TRGIMTEK12IST,,TR
CNSHAMAOSHA,,CN
CNSHAMOO38SHA,,CN
CNSHANIN68SHA,,CN
CNSHAPEN830SHA,,CN
CNGUADIN12GUA,,CN
CNSHARICDEZ,,CN
CNSHATEX258SHA,,CN
INFARLEA7WES,,IN
LKKORLAN1KAT,,LK
CNLYEPRE019DON,,CN
INSAFTRE230GUR,,IN
CNTIADREQUA,,CN
LKPOLGAREKA,,LK
TRKACTEK15BUR,,TR
CNTIARUN33DON,,CN
CNGUACAM398GUA,,CN
CNTINHAN42DON,,CN
CNTINHANDON,,CN
INKUTKRA61NOI,,IN
CNTOMFAS5GUA,,CN
CHTIERANSHE,,CH
GBBOXLEE,,GB
CNTONHENHAN,,CN
CNTONHUI595TON,,CN
CNTONJIA839HAN,,CN
TRTYHULUBAB,,TR
CNTONTIATON,,CN
INPRILEA254UTT,,IN
CNTONYI18ZHO,,CN
PHFASCON3LAH,,PH
CNSINLIM100YIW,,CN
CNINNFAS598SHE,,CN
CNSINSTAMAA,,CN
CNZHOSHA16GUA,,CN
CNSISJAN7GUA,,CN
CNSITHON164HON,,CN
CNSITLEAGUA,,CN
CNSITYINGUA,,CN
HKKAININ40HON,,HK
ININDHAN92GUR,,IN
ITCALFAP9CAS,,IT
CNSMASHI188CHO,,CN
ITMASPLU2123INZ,,IT
CHSINLIM100YIW,,CH
CNFASNET20HAN,,CN
MATWIFAS3SUR,,MA
TRSEYKUM714IST,,TR
CNSTAPAC100QIN,,CN
BDRAQAPPTET,,BD
TRSIMTEK8IST,,TR
CNSUNJET9JIA,,CN
ININDMFG13NOI,,IN
TROZITEK748IZM,,TR
CNSUQHAO3SUQ,,CN
CNGUABAO4GUA,,CN
CNNINESO18NIN,,CN
CNCAMKNIDON,,CN
INMOHCOM163BAN,,IN
TRALDTEKKIK,,TR
BDGEEBAN7477CHI,,BD
CNJETTEA9299SHA,,CN
TRUGSGIY37IST,,TR
CNSUZFLY303SUZ,,CN
TRTALTEK3IST,,TR
CNSUZKEJ30SUZ,,CN
GBRUFLIMMAN,,GB
CNSUZLAO888SUZ,,CN
INELEEXP42PAC,,IN
TRDAHBIAIST,,TR
CNSUZZHO979SUZ,,CN
CNDONZERDON,,CN
TRALBALA3638IST,,TR
VNTRUSON801HOC,,VN
IDTRIGAR115BAN,,ID
CNTAIJFTAI,,CN
CNTAIMEI128TAI,,CN
BGKOLLTD53SOF,,BG
ITGOLWIKCAP,,IT
CNTAIYOU1WEN,,CN
BDKENBAN3142CHI,,BD
CNTAIZHO111TAI,,CN
ROPLATAI13PAU,,RO
CNLUCSTAHUI,,CN
MUFLOKNIFLO,,MU
LKNASIMP110HOM,,LK
CNWIZPAN92GUA,,CN
KHSEEGARPHN,,KH
GBAMSRET2021WOR,,GB
CNWORTAR12KOW,,CN
TRGIBALF103DUZ,,TR
EGJADAPPALE,,EG
CNWUJSHE1SHE,,CN
CNMININDJIE,,CN
CNWUXCITJIA,,CN
CNWUXEVE2168WUX,,CN
CNWUXJIN1009WUX,,CN
CNWUXSTY2144JIA,,CN
CNJINMAO88JIN,,CN
INELEOVEHAR,,IN
CNWUYHONWUY,,CN
CNXIA2GUA,,CN
CNXIABEL155FUJ,,CN
GBLAUDES19TOR,,GB
CNXIAGAR17QUA,,CN
CNXIAHON15NIN,,CN
CNXIAHONNIN,,CN
CNJINLIN328JIN,,CN
PKSIDLIM7570KAR,,PK
INEXALEA191CAL,,IN
CNSTECLO18SUZ,,CN
CNXIAJIU219XIA,,CN
CNXIALIS65TON,,CN
CNXIANIC1003XIA,,CN
CNXIASHE1FUI,,CN
KRLILJEW142IKS,,KR
INENREXP1063TIR,,IN
TRMERILK30IST,,TR
TREKEHZR1BUR,,TR
VNCHECHI3TIH,,VN
INBIRGAR5156TIR,,IN
ROUKFAS399GAL,,RO
CNXINHONGAN,,CN
HKOKIOPT2501KOW,,HK
CNXININDZHE,,CN
CNTOPUMBDON,,CN
ITBONPER3REN,,IT
CNTREXIA5XIA,,CN
GBWHILTD11RUN,,GB
CNTUD47GUA,,CN
CNTUDKNI69GUA,,CN
INUN1KOL,,IN
VNFOOFOO162HOC,,VN
CNUJUARTHAN,,CN
CNUNI188SUZ,,CN
VN28QUA121QUA,,VN
ROSCVAL17BRA,,RO
CNUNIFAS18SHA,,CN
CNUNIFOU206SHA,,CN
CNDALRIC15DAL,,CN
CNUSL188QUA,,CN
HKCEN550KOW,,HK
CNVERFAS403DON,,CN
TRDENCAM2001DEN,,TR
CNVICFOO3DON,,CN
CNVININT9990HON,,CN
CNVIPLEADON,,CN
VNDAYBIJDUY,,VN
TRJANTEK4IST,,TR
CNWALDES2JIN,,CN
CNWANKNI100YIW,,CN
CNWEIDIS0202SHA,,CN
CNWEIDIS49WEI,,CN
CNWEIFAS58GUA,,CN
CNWEIFOR182WEI,,CN
CNWEIGARJIN,,CN
GBEGGBRO2531SHE,,GB
TRPOLTEK4IST,,TR
TRLAVSANIST,,TR
CNWEIMEIJIA,,CN
TRINDWHI3095IST,,TR
CNYONRUIQUA,,CN
VNWEAVIE304VUN,,VN
CNDESSHO3ZHO,,CN
CNHUAFAS39ANH,,CN
CNDONSILGUA,,CN
IDHAPDEA229BAL,,ID
INMAFAPP541TIR,,IN
INSTAAPP52AVA,,IN
UABERCLO12BER,,UA
INESSBEE6696GUR,,IN
CNWENDON16WEN,,CN
CNWENDON3250WEN,,CN
INSUPLIM7287UNN,,IN
CNWENLEA145WEN,,CN
CNWENLON55ZHE,,CN
CNWENLUCWEN,,CN
CNWENMIN780WEN,,CN
CNWENOUH1WEN,,CN
CNWENPER601ZHE,,CN
INSHA1100BAN,,IN
CNWENSHAZHE,,CN
ESSANSL193ELC,,ES
VNPHUBIN1023HOC,,VN
CNWILGRO17KOW,,CN
KHCAMLUC2BAT,,KH
CNZHACITZHA,,CN
TRVAVTEK1433IST,,TR
CNZHALEA30SHU,,CN
CNZHASHEZHA,,CN
CNZHASUY16ZHA,,CN
CNZHATEX9GUA,,CN
UALACTRE3CHE,,UA
BDOASFASGAZ,,BD
TRAYDSYBIL,,TR
CNZHECLI39ZHE,,CN
TRAKATEK911IST,,TR
CNZHEFAS111YIW,,CN
CNZHEFUC563HAN,,CN
CNZHEGAL129HAI,,CN
INJKMLEA4CHE,,IN
CNZHOCHE3ZEN,,CN
VNHOGUMTHA,,VN
CNZHEHAO39ZHE,,CN
CNCHAHAN40CHA,,CN
CNZHEHUI18ZHU,,CN
CNHUIINS10HUI,,CN
CNYIWSUN14YIW,,CN
CNTOPSIL8DON,,CN
CNZHELIK8ZHU,,CN
MAZELFASTAN,,MA
CNXINQINYAN,,CN
CNXINROM17WEN,,CN
MMSINMYA5YAN,,MM
CNXINTE132YIW,,CN
TRCRSDEN34TOK,,TR
CNZHEOUT5YIW,,CN
CNXSYJEWJIM,,CN
TRSUNTEKMUS,,TR
CNQUAJIL151JIN,,CN
CNHONINT221JIA,,CN
CNLEELUN78SHE,,CN
CNXUYJXDHUA,,CN
CNWENYUA20WEN,,CN
CNYANCHU9YAN,,CN
CNYANFEN23JIA,,CN
CNYANFUYYAN,,CN
CNYANHANNIN,,CN
CNSHAXIN299ZHE,,CN
CNYANJIA16HAI,,CN
CNYANLAN27HAI,,CN
PTCONROS176GUI,,PT
TRORYKON62UZU,,TR
CNYANSHU94GAO,,CN
CNYANXIA982GUA,,CN
CNYANXIN5100SHE,,CN
CNYANYAQ18HAI,,CN
USTYCINT1040IND,,US
CNYANZHO2251YAN,,CN
CNYASHE2107DON,,CN
ESIMPCAT4VIC,,ES
ESTEX7IGU,,ES
CNYIHFAC8GUA,,CN
MANEWCOL229TAN,,MA
CNJIAGUO2508ZHA,,CN
CNYIMEIDON,,CN
CNYINFAS8SHE,,CN
CNSUPUNI1ZHU,,CN
PKAYATEX19KAR,,PK
ESCALMIC41ALM,,ES
PKSADLIM2FAI,,PK
CNHEBJIN8BAO,,CN
CNYIWFAN25ZHE,,CN
CNYIWJIN1YIW,,CN
CNHANCHA156FUY,,CN
INAHIKNI30TIR,,IN
CNYIWZHA2YIW,,CN
CNSHASHI155YIQ,,CN
TRYIMTRI210IST,,TR
PTVINLDAGUI,,PT
TRYUSKON11IST,,TR
CNYONINT911SHA,,CN
CNYUAHEA1HUA,,CN
INWHIFAC487BAN,,IN
MMJIUSHE72YAN,,MM
ITFVLSRL11BRO,,IT
PTPLUUNIBRA,,PT
CNYUKGARHAN,,CN
CNZELIND899NAN,,CN
CNZHAAOYZHA,,CN
CNRUNCLO8XUZ,,CN
FRMAE15LEV,,FR
ESCOLFAS17ALI,,ES
FRTFN7500PAR,,FR
FRTFN82PAR,,FR
PKAMBAPP20LAH,,PK
CNSHEYUA301GUA,,CN
GBABOBEY5LEI,,GB
GBACECLO23LEI,,GB
GBALVLTD11LON,,GB
CNHENHUALUY,,CN
MAROA824TAN,,MA
CNHANSPE1HAN,,CN
PTJPISA7046FEL,,PT
TRADAGIY2IST,,TR
TRARZTEK3511IST,,TR
INRISENT92CHE,,IN
TRBUGTEK4110DAR,,TR
GBCHIDEN100LEC,,GB
TRBERTEX1573IST,,TR
GBCITGOD107ROM,,GB
ESVINPLA1MON,,ES
GBCLOLON40LON,,GB
INSAVLEA33NAG,,IN
MATECSAR348TAN,,MA
ESBOTSAN124SAB,,ES
PTDEPMIS4650RAN,,PT
CNZHERON20TAI,,CN
ESANALLE50COR,,ES
MAGALTAN,,MA
CNFOSCIT23NAN,,CN
GBDAISTR23ANC,,GB
CNANPSHOJIN,,CN
CNDONINS14DON,,CN
TRARTTEK100KAY,,TR
GBDHAKNI5LEI,,GB
TREMAKON14ADA,,TR
INARVLIMBAN,,IN
CNZHEOUT12WEN,,CN
CNZHEPRO10SHE,,CN
CNZHEQIA1HUZ,,CN
PTARMDAGUI,,PT
CNZHERONWEN,,CN
CNZHAHAI10ZHA,,CN
CNYIWGK909YIW,,CN
MAMARSARTAN,,MA
CNDONBESJIN,,CN
CNZHEXUE56YIW,,CN
CNZHEYIN3124ZHE,,CN
TRNURGRU19BUR,,TR
CNZHEZHO88PIN,,CN
CNHUIHEN10HUI,,CN
TRMAITEK52CIL,,TR
CNZHOBIA38ZHO,,CN
ROSCTRI4VRA,,RO
CNZHOFEI11ZHO,,CN
CNZHOHAN8ZHO,,CN
CNSHAAOL10SHA,,CN
TRBAKTEK37TEK,,TR
CNZHOSHA8GUA,,CN
CNZHOTEA8ZHO,,CN
CNZHOUNIZHO,,CN
TRYEKGLO1531IST,,TR
CNZHOWEI48ZHO,,CN
INFORART5NOI,,IN
CNLIADIS200LIA,,CN
CNZHUJIAGUA,,CN
TRERETEK42IST,,TR
CNZHUNAN11ZHU,,CN
CNZHUWEL21ZHU,,CN
CNZHUWELSHA,,CN
ESECL1661BAR,,ES
CNHAPWIS3023WAN,,CN
CNCHAZHE91CHA,,CN
CNGUAWAN401GUA,,CN
CNZHONAN1836NAN,,CN
BDBANDESDHA,,BD
CNSIHJOYSUQ,,CN
CNLUAWEILUA,,CN
BDKARFASGAZ,,BD
EGAKTMIS3195ELM,,EG
ESIDEVIS13GIJ,,ES
EGGNTTEX23POR,,EG
ESCALAMP64ELC,,ES
CNBAOJIN8BAO,,CN
ESIMPDAL3040MUR,,ES
PKSHAIND100PUN,,PK
CNSHARED2SHA,,CN
ESPINFOO16ALI,,ES
CNSAMSUZ,,CN
BDSUMAPP1121GAZ,,BD
ETINDAPP36HAW,,ET
CNJIABES88ZHU,,CN
CNREBINT7DON,,CN
GBPRICAS360LEI,,GB
GBPRISILHER,,GB
VNWESVIE7HAI,,VN
INUALFAS21NEW,,IN
TRSIESANMUM,,TR
GBRATFAS810LON,,GB
GBRAWEDG43LEI,,GB
CNGUAKAY3903GUA,,CN
BDMEGKNI1740GAZ,,BD
INMAHIND417GUR,,IN
GBRINDEZ38YOR,,GB
GBRIVBLU6LEI,,GB
INAADPAC712WES,,IN
ESCASSL32ASP,,ES
INSRIEXP48NOI,,IN
GBROMLEA6NOR,,GB
VNTRIGAR6DAN,,VN
TRISTKAL13INS,,TR
GBSAN38LEI,,GB
INRSPAR4000MUM,,IN
ROMAXSC9253LAL,,RO
GBSHIGUY124LEI,,GB
GBSHIGUYLEI,,GB
GBSKETRA10LEI,,GB
GBSKYBLU7LEI,,GB
INVIREXP41NOI,,IN
CNWUHXIN18WUH,,CN
GBSTYUK12MAN,,GB
GBSUBUK1LEI,,GB
ESPUNPRE123ELC,,ES
RORIVEYE13GAL,,RO
TRBLTGIY1003CIG,,TR
ROEURCON13CAL,,RO
GBESSVEE4LEI,,GB
INANJAPP5AVI,,IN
GBFASREB1MAN,,GB
TNMAICON1SFA,,TN
GBFASSTU10LEI,,GB
GBFASSTY4850LEI,,GB
GBFASTIM13LEI,,GB
TRDORMER126BOR,,TR
GBFIRJIA71LEI,,GB
TRBRATEK23IST,,TR
CNSHAXIN518NAN,,CN
GBGENLON46LON,,GB
CNHAIXIN8ZHE,,CN
TRABATEK40IST,,TR
CNPINCOM16JIA,,CN
GBGODCG107ESS,,GB
GBGREESC1BER,,GB
GBGREPOL2BLA,,GB
CNSOUCHI12ZHO,,CN
GBHIGFAS891CHA,,GB
MATEXHAR816FES,,MA
GBIDLIM47LEI,,GB
CNZHEWAN100YIW,,CN
BDMOTAPP591DHA,,BD
CNOTICOM10ZHO,,CN
GBREAPRONOT,,GB
GBGUMLIMPOR,,GB
LKWINFASKAL,,LK
CNMACCLO507DON,,CN
IDRIMRAY45SAM,,ID
HKHOMCOR491KOW,,HK
INAISCLO61CHE,,IN
VNPHUGAR1425HOC,,VN
GBKNILTD6MAN,,GB
INSMAAPP6416GAZ,,IN
BDZOOSWE13DHA,,BD
TRETIDIS221IST,,TR
USCAIJAE1472GAR,,US
GBLOGWOR49LEI,,GB
GBLONJER1LON,,GB
BDJBTEX5DHA,,BD
GBLULLTD113MAN,,GB
CHSHACII1058SHA,,CH
CNXIASHA226XIA,,CN
CNHUAHIS31WEN,,CN
GBMAPDES3LON,,GB
GBBARFAS8LEI,,GB
INNSEMBF46NOI,,IN
GBMDAFAS1LON,,GB
HKSUNINT4751HON,,HK
CNMUSDISSHE,,CN
GBMISEUR1MAN,,GB
GBMNSKNI105LEI,,GB
INPAR2013NOI,,IN
CNZHUKOL618ZHU,,CN
GBNALLIM41LON,,GB
GBNEWCAM34MAN,,GB
CNJIALEA1JIA,,CN
ININVIND3053SON,,IN
CNKEYVAL189SHE,,CN
HKNAMIND1HON,,HK
ITDIMSRL14BOR,,IT
CNDONINT3503SHA,,CN
GBEISLTDLON,,GB
HKWEAIND1962NOR,,HK
GBPALPRILEI,,GB
PTMAXTEXBAR,,PT
GBPAVLTD19LON,,GB
HKREGMIR63HON,,HK
MAWISCAE2661PER,,MA
HKSITHAN164HON,,HK
BGGRIE005290SOF,,BG
HKSOUSEA14HON,,HK
CNFANZHO63GUA,,CN
INPRILEA254NOI,,IN
HKSWIPRO29HON,,HK
HKTOPMER703HON,,HK
CNSUZWAN1SUZ,,CN
CNZHEJIA441DON,,CN
HKWINBUN604KOW,,HK
PTALAIND231VIZ,,PT
ROZEN13GAL,,RO
HKYUETA16HON,,HK
GBLEEDICNOR,,GB
MUEXBONTRI,,MU
ITCOLCOS472DOV,,IT
DESHWCOS1HER,,DE
KHGOLPLU2PHN,,KH
IDAMELIVYOG,,ID
CNFUJHONFUJ,,CN
INJAISAI63NOI,,IN
INMSADH6FAR,,IN
TRERDDIS1KON,,TR
ESSABCAL1CAT,,ES
IDDOOSANJAV,,ID
IDEAGGOV18YOG,,ID
TRRBKTEK6472MER,,TR
IDFASMAN115SEM,,ID
IDJLPAH25BAN,,ID
INELEDES22NEW,,IN
LKUNIAPP20MAH,,LK
INCELAPP56BAN,,IN
IDLEEAPP3399SIN,,ID
TRSBSTEK80MEV,,TR
CNSHALIBSHA,,CN
PTCONCON320MAI,,PT
TRTOM5009OSM,,TR
CNDONRONDON,,CN
BDALPKNI888DHA,,BD
INHGACC75GUR,,IN
BDFAKTEX235DHA,,BD
GBUNIBUI34MAN,,GB
VNMSVIN7HAN,,VN
GBVILFAC2LON,,GB
GBVINKNI191LEI,,GB
GBVOGCLO3LEI,,GB
TWHSIENT101SHE,,TW
CNSHUJINGUA,,CN
INBHAEXP1213KAN,,IN
CNTHIKAL6HEN,,CN
CNSHEIMP448SHA,,CN
GBXCHFAS36LEI,,GB
GBZAZGAB63LON,,GB
GEBATLTD131BAT,,GE
GRBANSCO2000MAC,,GR
GREDWJEATHE,,GR
CNWUYGAR2210ZHE,,CN
GBVOGINT0810BER,,GB
GBPACINT1STO,,GB
GRMETCO6THE,,GR
GTCORIND526VIL,,GT
GTHYUJIN5270GUA,,GT
CNCHAWAN8CHA ,,CN
HKACOSEW1109KOW,,HK
TRBESTEK1214ERG,,TR
CNTONHEH2106HAN,,CN
HKAMEPHI2HON,,HK
CNHHJEWQIN,,CN
PKIDEPRI19KAR,,PK
HKAURFAS25KOW,,HK
CNWEICOM79WEI,,CN
CNZHESHU665ZHU,,CN
TRKANDER7IST,,TR
ITGALSEM108GAM,,IT
KHALPINTPHN,,KH
TRPERDIS3083IST,,TR
TRCET11ESK,,TR
HKFEETAT1016HON,,HK
INSUNAPP152NOI,,IN
TRBRKTRI10IST,,TR
ROLAPCLO348PLO,,RO
HKGLOBRI16CHE,,HK
INMOHAMA7MOR,,IN
CNJIAYINDON,,CN
HKHANGAR3840HON,,HK
TRTUZTEK3BUR,,TR
HKHEYCHI1301HON,,HK
IDMINGAR9SUK,,ID
HKHOPLUN32HON,,HK
HKJETHER2202KOW,,HK
TNKALTEXSOU,,TN
CNFORSHO10DON,,CN
CNJUNFAS23SHE,,CN
IDHANINDJAK,,ID
PTANJLOU4750BAR,,PT
INMIRINTUNN,,IN
INALPGAR622BAN,,IN
HKLOTGAR725HON,,HK
TRSMLTEK149IST,,TR
PTMARCAL195FEL,,PT
BDASRSWEGAZ,,BD
CNQINCHU3JIA,,CN
TRKESGIY12BAH,,TR
HKPROFUN23HON,,HK
MACOD842TAN,,MA
TRSAFTEK3IST,,TR
VNKAIYAN196HAI,,VN
TRSAHKONGAZ,,TR
CNHONCRAHAN,,CN
TRSEFHAZ433IST,,TR
TRSEREMP53IST,,TR
INELICOM59NOI,,IN
TRBARTEK17INS,,TR
TRCELTEK5IST,,TR
CNDONXIU501GUA,,CN
TRAUSDIS15IST,,TR
TRPERTEK20IST,,TR
ITARESPAAGL,,IT
TRFETTEK391MAL,,TR
CNSHACOU3XIN,,CN
MMSHIMYA277YAN,,MM
PKMAHTEX9496MUL,,PK
TRBAYMOD100IST,,TR
GBEMBBRA292NOT,,GB
VNPNGVIE52HAI,,VN
CNAILHANZHU,,CN
CNHANTIE998ZHE,,CN
HKCONASI10HON,,HK
TRALBIC1IST,,TR
RORESTRA924BAC,,RO
TRMIYKONBUR,,TR
CNJIAYIF1GAN,,CN
VNPUNBEN34MYT,,VN
CNZHEGAR109ZHE,,CN
VNSAMTON2THU,,VN
VNSAMVIN8BAC,,VN
VNSHICO1000HAI,,VN
MABBTFEZ,,MA
VNSIVIE423BEN,,VN
VNSMAELE25HOC,,VN
CNSHACON100LIN,,CN
VNSONHA2DON,,VN
VNSONHABIE,,VN
VNSTAFAS4HAN,,VN
TRSETEX1MER,,TR
CNMAGRAEGUA,,CN
TRSIKMAK342TOK,,TR
TRSIN15IST,,TR
TRSIRTEK571IST,,TR
TRSIVHAZ68IST,,TR
TRSMMTEKANB,,TR
TRSPRTEKIST,,TR
TRSTAJEA5746IZM,,TR
INSHIUDY113HAR,,IN
CNOTTMOD3QIN,,CN
ROBESTEX10BUZ,,RO
ESGENFAC64ALI,,ES
SKLINSRO289HEN,,SK
INSANINT4124HAR,,IN
VNQUAHOPTHA,,VN
CNFEICLO56GUA,,CN
CNSHAZHO1238SHA,,CN
TRBUSTEK281TUR,,TR
LKKLEMANEMB,,LK
CNZHAGTI1510CHI,,CN
TRTMNTEK2BUR,,TR
CNTAISUN185ZHE,,CN
INMIRINT2098UNN,,IN
GBQUALTD15LEI,,GB
TRGURGIY11PEN,,TR
TRMODTEK87TEK,,TR
DESALGMB70BER,,DE
VNTHAPHATHA,,VN
VNTHAUYE2977HOC,,VN
CNWUYPHO16JIN,,CN
KHSYUCAMKAM,,KH
VNTIEHUNHUN,,VN
VNFGLJOITAN,,VN
VNTRIINT3BIN,,VN
VNTRUDUO160HOC,,VN
BGWAITUPDATE3,,BG
INWAITUPDATE51,,IN
INWAITUPDATE32,,IN
CNWAITUPDATE15,,CN
GBWAITUPDATE9,,GB
TRWAITUPDATE67,,TR
CNWAITUPDATE42,,CN
INWAITUPDATE66,,IN
BDWAITUPDATE4,,BD
GBWAITUPDATE,,GB
TRWAITUPDATE1,,TR
CNWAITUPDATE37,,CN
INWAITUPDATE4,,IN
CNWAITUPDATE74,,CN
TRSTYTEK24LUL,,TR
INVINIMP58NEW,,IN
PTMUNMAN5464CAL,,PT
RORADFAS1PIT,,RO
CNFENYUE18DON,,CN
ITALDI42SEA,,IT
CNSUKXIA28XIA,,CN
INNEECLO628NEW,,IN
TRUNITEK5746CAM,,TR
TRSISSAN6SEK,,TR
ROSCFEM59VLA,,RO
GBJONLTD10FLI,,GB
GBDOTCRO33LON,,GB
PTMUNCOR326CAM,,PT
INVISEXP2440MOR,,IN
BGELETEX20DOU,,BG
TRALBDIS573IST,,TR
VNVIEHAPTHA,,VN
VNVIEHUN10DON,,VN
VNVIETHACAN,,VN
VNVIN3THI,,VN
INSAHEXP114NOI,,IN
MAFATLA5CAS,,MA
VNWORSPO30QUA,,VN
VNWORVIEHOC,,VN
VNYUPVIE15BIE,,VN
INWAITUPDATE41,,IN
CNWAITUPDATE109,,CN
ESWAITUPDATE2,,ES
GRWAITUPDATE19,,GR
LKWAITUPDATE8,,LK
TRWAITUPDATE59,,TR
TRWAITUPDATE47,,TR
CNWAITUPDATE17,,CN
INWAITUPDATE54,,IN
MKWAITUPDATE,,MK
VNWAITUPDATE5,,VN
TRWAITUPDATE24,,TR
CNWAITUPDATE101,,CN
CNWAITUPDATE5,,CN
BDNEWKNI223TAN,,BD
INGBGLO26BAN,,IN
TRBOSTEK6IST,,TR
INBOU4546UTT,,IN
TRRAYKON12AKD,,TR
TRBIZTEKIST,,TR
INIRACC154HAR,,IN
MAMOR129FES,,MA
ROSIMCRE1PLO,,RO
INFIZENT2861DEL,,IN
VNHAPHOBAC,,VN
INAARCRE10NOD,,IN
ROSTAAUR1CUR,,RO
INRANINT98GUR,,IN
CNGUASHU2SHA,,CN
CHSILSA7WOH,,CH
CNJIACHEZHE,,CN
INSUPFAS331NEW,,IN
CN01CHAGUA,,CN
INJBCGAR219BAN,,IN
TRBOLTEKIST,,TR
TRINSTEK208IST,,TR
TRBEYAS2ESE,,TR
USHANINC1000WIN,,US
CNGANDAL47LAN,,CN
CNJIALIB88JIN,,CN
TRMODTEK2BUR,,TR
TRUGUBALIST,,TR
VNBRAHOA1AIT,,VN
CNLEN19WUH,,CN
CNQINFAS116QIN,,CN
TREGEORG23VAN,,TR
TREGUTEK220IZM,,TR
CNSHAHAP308SHA,,CN
TREKSTRI13MAL,,TR
TRELICOR6IST,,TR
INRAIFAB42NOI,,IN
TRELITEKIST,,TR
KEWAITUPDATE,,KE
TRWAITUPDATE9,,TR
TRISMAVC14IST,,TR
INWAITUPDATE23,,IN
CNHUAMAO15ANH,,CN
CNLIYCIT98CHA,,CN
VNKIDINDVIN,,VN
CNWUXHUAWUX,,CN
TRDEBUNI319BUC,,TR
CNNANLUO23NAN,,CN
MAMCSSAR782TAN,,MA
TRSELTEKIST,,TR
TRUTGCAN6TOK,,TR
ROVANRAD9SCO,,RO
ROCON124OLT,,RO
INPARPRONOI,,IN
MAGCMOR1100TAB,,MA
MATMTGRO772TAN,,MA
CNWAITUPDATE27,,CN
CNWAITUPDATE107,,CN
INWAITUPDATE44,,IN
GRWAITUPDATE24,,GR
CNWAITUPDATE18,,CN
MAWAITUPDATE1,,MA
CNWAITUPDATE98,,CN
CNWAITUPDATE49,,CN
TRWAITUPDATE7,,TR
ESWAITUPDATE8,,ES
TREMOTEKIST,,TR
TREMPTEK33IST,,TR
TREMTTEK1000IZM,,TR
CNNANHIN2766PUT,,CN
TRENETRI1719IST,,TR
TRENETRI709IST,,TR
TRERATEK319IZM,,TR
ROMAXSC95LAL,,RO
ESHMYYUDZAR,,ES
INRAEART265GHA,,IN
ROSCUNI1045PAU,,RO
TRERTKOZIST,,TR
CNFUSLIGFUS,,CN
TRESKCOR21ESK,,TR
BDSHACAR19KIR,,BD
CNZHEPIN338PIN,,CN
CNZHESER508ZHE,,CN
CNHEZCITHEZ,,CN
CNXIN125YIW,,CN
BDMEHSTY56DHA,,BD
CNGOOBEL7DON,,CN
CNHAN3U1205HAN,,CN
CNQINSHI101SHA,,CN
HKVENENT100HON,,HK
TRSMHTEKIST,,TR
CNGUALAN67GUA,,CN
TRSABCOR122IST,,TR
MAFLA60TAN,,MA
INBLIWOO171HAR,,IN
CNCANHONCAN,,CN
HKEMSCOM1206TSI,,HK
CNSHEFRE1100SHE,,CN
CNGUAAIS401PAN,,CN
CNGUAKEL59BAI,,CN
CNGUAYIN22ZEN,,CN
CNZHEJIA2ZHE,,CN
CNZHOXIN77GUA,,CN
CNWUXJIN101WUX,,CN
GBABBENGKNU,,GB
TRTAHTEKHAV,,TR
TRTAMTEK21ERG,,TR
CNMINWEIHUI,,CN
TRTARDIS15IST,,TR
GBCAN5CHO,,GB
TRTEKSAN161IST,,TR
INALPOVE11CAL,,IN
INREATEX45TIR,,IN
TRFABTEX831IST,,TR
CNFANXIA2410AHN,,CN
TRFARTEK311BUC,,TR
TRFARTEK3505BAT,,TR
TRFATTEK2662IST,,TR
TRFAYAKK4IST,,TR
CNNINSEA3150NIN,,CN
CNNAMEIDON,,CN
TRFIDTRI102IST,,TR
FRPIEQUISAI,,FR
TRFINTEK18IST,,TR
TRFORTEK2316IST,,TR
TRHMGTEK58IST,,TR
INOPEGLO59NOI,,IN
CNSHEXIN369ZHE,,CN
PLMIRSP8RZE,,PL
TRTEKEND19AKS,,TR
CNXIAHIG402XIA,,CN
INPARPRO63NOI,,IN
CNSMLSTY302GUA,,CN
TRCEMIPL216IST,,TR
INNO6FRE6POR,,IN
CNDONGAI8GUA,,CN
INDEXAPP183UTT,,IN
TRAPOTEK4IST,,TR
CNQINJY610SHA,,CN
CNQUZJIE2ZHE,,CN
CNMAABESMAA,,CN
IDPTHOR4TAN,,ID
BDBELAPPGAZ,,BD
IDCAHTIMKAB,,ID
ESBVOSTU15BAR,,ES
KHYNTCOPHS,,KH
CNDONPIN5DON,,CN
CNGUATUS5013GUA,,CN
CNGUAZHI247GUA,,CN
INCHOINT026MUM,,IN
CNDONPIN5GUA,,CN
TRTEPTEKIZM,,TR
TRTERGIY1012ORD,,TR
CNZHEDEQHUZ,,CN
KHHKWIN4PHN,,KH
VN28HUN168HOC,,VN
BDNATDEN531SAV,,BD
INARUGAR15TIR,,IN
HKGRAKNI8508KOW,,HK
INTHEEXP251NEW,,IN
TRTRITEK784IST,,TR
INMSTVA67BAN,,IN
TRTYHULU1165ALT,,TR
TRFORTEK46IST,,TR
TRFORULU72IST,,TR
TRFTMMOD74BAH,,TR
TRFURTRI3BAG,,TR
TRGALORM1673INS,,TR
TRGAMTEK1891DEN,,TR
TRGAPPAZ18IST,,TR
TRARDTEK1IST,,TR
ROSMI1231NEA,,RO
CNZHEBINJIN,,CN
TRGLOTEX4INS,,TR
TRGRUHEL2421IST,,TR
BDREGTHR1318CHA,,BD
LKEAMMALRAT,,LK
MMLEAONETHA,,MM
TRFETGIY122IST,,TR
CNFUJPUT368PUT,,CN
VNFIRTEA787TAY,,VN
BDMAHFASSAV,,BD
CNQINSHI92LAI,,CN
CNSHAJIA2JIN,,CN
CNYIWRUI480FOT,,CN
IDPTHOR4PAS,,ID
INCACCLO59NOI,,IN
INDEVOVE228NEW,,IN
INWAITUPDATE81,,IN
TKARTTEK109DUZ,,TK
VNINFHON830XAL,,VN
VNYUPVIE4BIE,,VN
CNDANJIA1126SUZ,,CN
CNSHALINLAI,,CN
KHSUNWOR3PHN,,KH
INSARLEA18VEL,,IN
CNMINUMBZHA,,CN
TRUGUBALGEY,,TR
TRUGUKON2IST,,TR
TRUGUKON3IST,,TR
TRYASTEX18IST,,TR
TRERETEK28IST,,TR
INKHEXP1421VEL,,IN
TRULUTEK68KIR,,TR
TRULUTUR70IST,,TR
TRUNLTEK17IST,,TR
TRURBTIC9IST,,TR
CNHANHEN1ZHE,,CN
TRUURKONSAK,,TR
TRUZMKES23BUR,,TR
TRANTTEK45BEY,,TR
TRGUNKON31IST,,TR
TRMERTEK3KIR,,TR
TRGURTEK8MEL,,TR
TRHABTEK4IST,,TR
TRHAMDIS38SUL,,TR
TRHANTEK153IST,,TR
PTGABCON4705VIL,,PT
TRHAZTEK3421IST,,TR
TRHEDTRI43IST,,TR
CNTAIGUA1GUA,,CN
TRHITTEK3452IST,,TR
TRHMGTEKINS,,TR
TRHUZTEK1477IST,,TR
TRIBRBAT310IST,,TR
CNGUALI6GUA,,CN
TRIDETEK1921BUR,,TR
TRIENETRI3420IST,,TR
INKHEXP108CHE,,IN
TRINNTEK14ESE,,TR
CNWENCOUWEN,,CN
KHCPINT904KHA,,KH
INMADTRA14FAR,,IN
PTRODFABREV,,PT
CNTONHON58TON,,CN
TRMODTEK87EDI,,TR
MXMANMEC407SAN,,MX
TRSTIGYM10IST,,TR
TRVAMTEK31IST,,TR
USCSHINC3245PEN,,US
INLEATRE93KAR,,IN
RORADFAS1ARG,,RO
HKCHEHK1401HON,,HK
BGIMPNEW260DHA,,BG
CNSHEFUH1FUJ,,CN
BGJERIME31DHA,,BG
TRVIPASY74IST,,TR
INPEAFAA3132TAM,,IN
TRVOLTEK20IST,,TR
TRYARTEK5227IZM,,TR
TRYATTEK153COR,,TR
LKORIAPP0702COL,,LK
CNWENJOY8RUI,,CN
INNANLAL1BHA,,IN
TRYNSTEKARI,,TR
TRYNSTEKIST,,TR
BDAGAFAS791GAZ,,BD
CHIKE605GUA,,CH
CNDGOCE3DON,,CN
CNCARKNISHA,,CN
TRIMTMAY3AVC,,TR
TRIZMSEN1000IZM,,TR
CNMODHAN5DON,,CN
KHGOLPRO4PHN,,KH
TRINTTEK62IST,,TR
TRINTTEK63IST,,TR
VNVIEINDTUK,,VN
GBABPAC29GWE,,GB
TRIROTEKISM,,TR
INSPAA1220GUR,,IN
INDUSTIL83VIH,,IN
LKSUMHAS30NIT,,LK
ROMAF48ALE,,RO
TRPOLTEK40IST,,TR
INVNLEXP1261JAI,,IN
TRYENMAH20IST,,TR
PTCALRAL25FEL,,PT
INGARSOL45NEW,,IN
TRADADES28IZM,,TR
TRCEYTEK142IST,,TR
CNANHHUI258HEF,,CN
TWBRIFOO45TAI,,TW
TWBSWHEA31TIC,,TW
CNMAXNAN89JIA,,CN
KHYTCCOR4KAM,,KH
TWFEMSTE3CHI,,TW
ROMARMAD11ARG,,RO
GBREPFABPEE,,GB
CHNAHHUB3HUA,,CH
GBHAVLTDCAR,,GB
TWKAYINT59NEW,,TW
ROSCFAB114AVR,,RO
INMIRINT146KAN,,IN
CNSUZHEN888SUZ,,CN
TWSADIND10TAI,,TW
VNHAIJOIBIN,,VN
TWSHIKNI101TAO,,TW
TWTAIHOO90TAI,,TW
TRKANTRA5KIR,,TR
TRKAPUCL24IST,,TR
ROSCROJ12BRA,,RO
TRKARSOU324IST,,TR
VNHANGAR296HOC,,VN
ITSPEFRASAN,,IT
TRKARUTU172IST,,TR
VNTHONHA2845HOC,,VN
TRKASGUN29ESE,,TR
VNSAIGAR4032HOC,,VN
ININSEXP1210HAR,,IN
INARNCRE1171NOI,,IN
VNTHALON250HAN,,VN
TRKOCTEK7IST,,TR
TRKOMTEK10IST,,TR
TRKRETEK45IST,,TR
TRKULTEK117INS,,TR
TRKUPTEKBUR,,TR
INNIRPRI203PAT,,IN
CNTAISAN1DON,,CN
ROBLUNIL16HAR,,RO
CNGAOTAN1999SHA,,CN
INAMILEATHA,,IN
PKNUTINT9394KAR,,PK
INMAGMAR80UTT,,IN
INRRTRE344NOI,,IN
TRDARTES8036KAG,,TR
CNDONFUL1DON,,CN
CNJIN65ZHE,,CN
CNSHUYUZSUQ,,CN
VNTAVCOM1401HOC,,VN
CNHLIINT560XIA,,CN
CHWHOUNA20GEN,,CH
INREGINT11NEW,,IN
PTPARTEX212SIL,,PT
CNHOLLIM299XIA,,CN
CNWELSTA6SHE,,CN
HKTRIINT1318HON,,HK
EGAMIEGY38CAI,,EG
GBMARKNI26LEI,,GB
MAALI37CAS,,MA
CNSHAYON46SHA,,CN
CNBONEURDON,,CN
CNGIASHA1061SHA,,CN
TWYIJHA492TAI,,TW
ESONDSA50BAR,,ES
UAGORGAR9GOR,,UA
UAMILUKR8TRA,,UA
USAMECO276ENF,,US
CNGUALEI10DON,,CN
USHANSOC948PER,,US
USILS1125CAL,,US
TREBRTRI15ARI,,TR
INBANSYN56SUR,,IN
BDINA2171DHA,,BD
USMASPRI2035CAL,,US
LKJOLANBAD,,LK
PAROSCLO196FAI,,PA
TRMAITEK500DUZ,,TR
MUFITGAR1STP,,MU
USSETMAN2926OLY,,US
TRMAYDEN128IST,,TR
TRMAZTEK6BAG,,TR
INFASMAK123NOI,,IN
GBCHESHO69DES,,GB
TRMERILKIST,,TR
CNYUAWEI88NIN,,CN
INMICWAS343TIR,,IN
VNGAILAI12PLE,,VN
TRDERTEK50IST,,TR
TROKATEKIST,,TR
ROCONSOC5BUZ,,RO
TRNEGTEK13GUN,,TR
VNNHAMIN6HOC,,VN
CNDALCHE1205DAL,,CN
TWPLO340TAI,,TW
MANOVMOD258TAN,,MA
VNQRILTD40BRA,,VN
TRBENTEK3488SAN,,TR
CNNINWAV168NIN,,CN
SIIUVDD31VRH,,SI
CNTANLEILIN,,CN
ESMOSSA119BAD,,ES
ESFELVILVUL,,ES
MACLEVIE166TAN,,MA
CNSHATIA20TAI,,CN
VNALDCOM30BIN,,VN
CNWUHKAI88ANH,,CN
TRMOMTEK30IST,,TR
CNJIAFEI20JIA,,CN
CNXIPHEN1ZHU,,CN
VNASGGLOLON,,VN
BDAKHFAS1331SAV,,BD
ESARQFAC1920PAL,,ES
ESRUITAU24BAD,,ES
VNBIVN1075HOC,,VN
VNBRAGARTHA,,VN
NPSTAFASKAT,,NP
INACHAPP28NEW,,IN
TRMETTEK142BAT,,TR
CNFININD66ZHE,,CN
TRMINTEK39IST,,TR
TRMIRHAZ7IZM,,TR
TRMIRTEK1487IST,,TR
FRBCMCOS34VIT,,FR
TRKIMTEK40DEN,,TR
BDTHAIT1471DHA,,BD
TRMOSTEK9101IZM,,TR
TRNAITEK5IST,,TR
ROSITALB3ORA,,RO
MDFLOFAS61FLO,,MD
TRDINRAU172IST,,TR
BDSTEKNI261GAZ,,BD
TRSENMOD2729TUR,,TR
TRHIPTEK22IST,,TR
TRSSLIN7TUR,,TR
INKSBEXP906FAR,,IN
CNJIALUCJIA,,CN
INPANMER101MUM,,IN
TRPENCOR8COR,,TR
MUAQUINTQUA,,MU
VNCHITHA990CAC,,VN
TRORYKON1UZU,,TR
VNCRYMARHAN,,VN
VNDELGALBIN,,VN
VNDONBIT11BIE,,VN
VNMINQUAPHU,,VN
TRZORTEK100KIR,,TR
VNNAMCOHAI,,VN
CNYANSEA10YAN,,CN
TRSIKMAK34TOK,,TR
BDAPTCAS30DHA,,BD
BDINTKNIKAS,,BD
TRNARTEK5IST,,TR
ITCALIMA27MON,,IT
TRNDMTEK3541IZM,,TR
TRNEGTEK13IST,,TR
GBMENSOC41KIN,,GB
TRNFSEA1726INS,,TR
IT5501CAP,,IT
TRNURYAP223BIT,,TR
TRMTFTRI2GAZ,,TR
TRORSDENIST,,TR
CNNINSHI959YIN,,CN
MXGRUMAQXAL,,MX
BDENEFASBAN,,BD
GTCICGRO305SAN,,GT
INFABTEX1POS,,IN
CNANHRON84HEF,,CN
CNGUAYAH30YAN,,CN
TRPOITEK4IST,,TR
BDDEKAPPDHA,,BD
CNKAMRUN7DON,,CN
CNANHBEC22ANH,,CN
IDPTDIA5BOY,,ID
GBNALEUR1HER,,GB
ROSCEUR2ISI,,RO
VNCERVIEVIN,,VN
TRHEYTEK4IST,,TR
INMODINT192JHA,,IN
AEDESSTU8795SHA,,AE
KHWINSAN118KAN,,KH
TRMERTEK34IST,,TR
VNGIANAM212HAI,,VN
VNGREGLO6GIA,,VN
IDTOS6162JAK,,ID
PTVILCOMGUI,,PT
TNCUISAR13TUN,,TN
TRBATBES83BES,,TR
CNSUZSAI10SUZ,,CN
DEADTSEN7RAT,,DE
VNHUNGAR8NAM,,VN
VNHUNYEN8HUN,,VN
VNHUUNGH835CAN,,VN
TRFARMOD2345SUL,,TR
VNTHINAMHAI,,VN
THAMEAXL5005RAY,,TH
TROZMDER8IST,,TR
CNJIAKAN3JIA,,CN
TRPASGIY3MAL,,TR
INROVAPP300CHE,,IN
ITATHCAL90MAN,,IT
PKSIDLIM33KAR,,PK
LKORIAPPMAR,,LK
IDJALEXP604BA,,ID
MANIK58TAN,,MA
TRBELTEK30TEK,,TR
TRTTTEK517IST,,TR
BGMISSIX30STA,,BG
CNWUXBEE100JIA,,CN
USHOPFAT1717LOS,,US
CNSUNCHAQIN,,CN
TRFGTEKIGD,,TR
TRILATEK11BUR,,TR
VNJEAMUS21BEN,,VN
INISHINT38NOI,,IN
INKIK17NOI,,IN
CNJIAGUO11ZHA,,CN
CNHAIBOW369HAI,,CN
FRGABEUR63BON,,FR
VNLANGAR24TRA,,VN
VNMANSPO8611THA,,VN
VNMAYGAR678HAI,,VN
VNMINVIE6791HOC,,VN
VNNAMHA10UJI,,VN
VNNAMLONMYT,,VN
TRBAYMODIST,,TR
FRCORMAGPAR,,FR
VNNHABE7HOC,,VN
CNNANXIN40NAN,,CN
TRYEKTEK153IST,,TR
VNPEAVINHAN,,VN
TRPENGIYTER,,TR
TRGURTEK9KUC,,TR
ITINTEUR84AGR,,IT
TRPLAGIY3083IST,,TR
CNTKINT1SHE,,CN
TRPORDISIST,,TR
CNWHIINC3106SHE,,CN
TRRAG15IST,,TR
CNHUABAODON,,CN
ESLALCAL7ELC,,ES
TRRAZTEK82KON,,TR
TRRIFTRI32IST,,TR
INGYAINT63NOI,,IN
INVALFAS872TIR,,IN
KESOKEPZMOM,,KE
LKVOGPVTWEL,,LK
ROSIL2SAL,,RO
LKSUNGAR61PIN,,LK
ROIONFAS11CAM,,RO
ITVIG14BRE,,IT
INDIMCRE35NEW,,IN
MULTKMAU,,MU
CNZHEJIA58HAN,,CN
VNPUNKOO8DIA,,VN
CNADVFOO46LUN,,CN
CNGLOSHO2GUA,,CN
INMETTRA107BAN,,IN
LTVIKFAC31VIL,,LT
CNDONFOODON,,CN
CNZHOHUAZHO,,CN
INPAHINT29NEW,,IN
BDHAMSWE1414DHA,,BD
CNGUAQIH18HAI,,CN
INPARPRO35GAU,,IN
CNKAMTAI78HUI,,CN
PTCAEFIL23POR,,PT
PTCARCAL222CAB,,PT
PTCARCAL2729FEL,,PT
PTCOM5BRA,,PT
MMCHEZHA4344MEI,,MM
CNJIACOU7JIN,,CN
TRBIRTEK4IST,,TR
TRBIZTEK76IST,,TR
ROKOS29ALB,,RO
ROSCMTA17BUZ,,RO
ROSIM352PLO,,RO
UABLUMOO7901LVI,,UA
MUMAXLTDPIT,,MU
IDPERINDBAT,,ID
IDPRISEJ02BOY,,ID
BDWELTEXSRE,,BD
IDPTGRE165JAW,,ID
HKLAIWAH18HON,,HK
INPRI17NOI,,IN
CNPINDIAGUA,,CN
INPROEXP6963TIR,,IN
KHSHEGAR136CAM,,KH
INRAHINT182NOI,,IN
INRANEXP2728NOI,,IN
TREVEMAG83MUS,,TR
VNSPEMOTTHA,,VN
BDMANDHA,,BD
PTGAB4700VIL,,PT
PTGABCONVIL,,PT
PTLEK195FER,,PT
PTLIPMAL382SMA,,PT
TRBROTEK10TEK,,TR
TRBULSOC1320IST,,TR
TRCARTEK2201IST,,TR
TRCAVTRI3943IST,,TR
IDPUNIND18GRO,,ID
CNCAIGAR66FUY,,CN
CNJINGAR188ERL,,CN
HKRICIND706SHA,,HK
TROBSGYI451INS,,TR
IDSRIFAS5KAN,,ID
IDTASUTABAT,,ID
IDTRIWISKAR,,ID
PKNAVEXP21KAR,,PK
CNJINHUI1DON,,CN
IDYOGBOOBAL,,ID
ILDELGAL45CAE,,IL
INAAR2013NOI,,IN
INAARFAS130NOI,,IN
INAARINTLUD,,IN
LKELPLAN1449COL,,LK
CNPUTCIT999PUT,,CN
LKGARSERMEE,,LK
LKKLEMAN7020EMB,,LK
PKDIG211RAG,,PK
VNYENLON7HAI,,VN
LKLEALAD1KAT,,LK
LKMASACTMID,,LK
BDNETCLO2283GAZ,,BD
LKMICFOOKAT,,LK
TRDAMTEKBAG,,TR
TRCFCGIY8IST,,TR
TRCHASANIST,,TR
TRCICKAR14BAT,,TR
TRCOTEK28IZM,,TR
TRDAETEKYIL,,TR
TRDAR3IST,,TR
TRDEFEV100LUL,,TR
TRDEMTEK8IZM,,TR
INRICFAS129NOI,,IN
INRICFASNEW,,IN
INROYEXP8384BAN,,IN
ININTIM12FAR,,IN
ITINTSRL80MIL,,IT
PLSTUMOD38OLS,,PL
ROSCVER4IAS,,RO
INAKRIND388TIR,,IN
INALDES347GUR,,IN
CNSHALIA1008SHA,,CN
NLDELFAS110ZAA,,NL
INPANEXP8FAR,,IN
CNGUACERQUA,,CN
BDBHMINDDHA,,BD
BDNRNFAS985DAH,,BD
TRPAMGIY1461IST,,TR
LKROSPRI393PAN,,LK
LKSUNQUEIRI,,LK
BD4AYARDHA,,BD
BDMSALF58SAV,,BD
TRDENTEK15AFY,,TR
TRDENTEK3949BAT,,TR
TRDENTEK3DEN,,TR
TRDERTEK5345IST,,TR
TRDESDER208IST,,TR
TRDETGIY169INS,,TR
TRDIKTEK434IST,,TR
TRDMTEK21IST,,TR
TRDOTTEK7MER,,TR
TRMALMODSAM,,TR
INSAW144NEW,,IN
INSEEKAM4JAI,,IN
INSHAINT13MUM,,IN
INSHICOL25NEW,,IN
TNMCSSFA,,TN
INANAENT337MUM,,IN
INCRAGIF2DEH,,IN
INAKAEMP26MUM,,IN
IDBUALAUJAK,,ID
KHSILMANPRE,,KH
THNIDCOP6011PAT,,TH
PTSOMSOC459BAR,,PT
INAQUIND1234MYS,,IN
GBMEDLTDCAR,,GB
CNCLATRA313ZHU,,CN
CNMININT3PEN,,CN
CNWENGUA598ZHE,,CN
MAISOMOD43LAR,,MA
MABBT7778TAN,,MA
MACROSAR140CAS,,MA
MAEASFASGUE,,MA
MAEIRCONTAN,,MA
PTMAXTEK414BAR,,PT
ALAAWEA8150FIE,,AL
PTPEDRODBAR,,PT
PTRCCCOM208CAN,,PT
PTSJTEXBAR,,PT
INSHOBUS703GUR,,IN
TRDOGORM181IST,,TR
INSMSEXP7NEW,,IN
INSOU57NOI,,IN
INSTAAPP14CHE,,IN
INSTAGLO178GUR,,IN
TWCHIFU678CHA,,TW
INATLAPP28MYS,,IN
KHOCESTA183DON,,KH
INATLIMP56NEW,,IN
CNSHAHAI21SHA,,CN
INAVA99NOI,,IN
ININTAPP711BAN,,IN
INAVIKNI34TIR,,IN
INAVINT2AGR,,IN
MAAMECONTAN,,MA
TRAKYTEK6621IST,,TR
HKATEASI26HON,,HK
INBAZKON691GUR,,IN
ROTEXGEL173TUL,,RO
TRSANTEK83IST,,TR
GBTOTSHI13LON,,GB
INBLIGLO171HAR,,IN
INBLINT14NOI,,IN
MALIFFAS357TAN,,MA
MALINLIN830TAN,,MA
MAMARMOD801FES,,MA
MAMAS859TAN,,MA
MAMODCOR1TAN,,MA
MAMORNEW814FES,,MA
MANEOSAR841TAN,,MA
PTVIERMAR4830POV,,PT
ROARTSRL12FOS,,RO
ROAURCLO115PRA,,RO
ROBHMKNI2SAL,,RO
INSTYPAL2122NOI,,IN
KHJINYUA5PHN,,KH
INSUNWEA152HAR,,IN
INSYNIMPTIR,,IN
INTANDES140GUR,,IN
INTANDES140HAR,,IN
INTANIMP18NOI,,IN
INTEJINT10AGR,,IN
CNHANSIGHAN,,CN
GBPURMUS2CER,,GB
INCHEBLO101TIR,,IN
INCHEIND346KOL,,IN
CNYUNGAOYUN,,CN
INCHOCLO332GUR,,IN
MUREAGAR1112POR,,MU
INTURGOL29KAR,,IN
MAADACON804FEZ,,MA
MANOGNOU456CAS,,MA
MAPOLSPO1200TEM,,MA
MAPROTEK493TAN,,MA
MAROS60SAL,,MA
MASMASET86CAS,,MA
MASPESTY16TAN,,MA
MASWIANW51SAL,,MA
MATEXSARTAZ,,MA
CNDONXIN201CHA,,CN
INBRAAPP7VIS,,IN
ROEURNEWPLO,,RO
ROGELTEX132CAL,,RO
CNTONSEN525TON,,CN
LKNEWUNISRI,,LK
INTRITRE12NEW,,IN
INTULCRE173GAU,,IN
INUIFAS92NEW,,IN
INUKIMP59NOI,,IN
TRBURTEK7BUR,,TR
INOMLART7001KOL,,IN
INCROSTI44HAR,,IN
INCTCINT8544TIR,,IN
GBNORSIG5NOR,,GB
INDASSTY17KOL,,IN
INRADCRE4007NAV,,IN
INDESCLA4CHE,,IN
PTESTDOCAM,,PT
INDESSAN21013NOI,,IN
TRCRKTEK122IST,,TR
MDMOLGRO3BAL,,MD
MGAQUMADANT,,MG
MMCHEZHA2MEI,,MM
ROMODELI278NEA,,RO
CNNINORI397NIN,,CN
ROPLACON10PAU,,RO
ROSCALL34IAS,,RO
ROSCAUG40JUD,,RO
ROSCBEBBUZ,,RO
INVENIND2440MOR,,IN
CNGUAMAL302GUA,,CN
CNQUAHUA2QUA,,CN
INVIRIND7NOI,,IN
INWHIHOU425CHE,,IN
INWINTRA102NEW,,IN
INYONZHOYON,,IN
ROGYLNEW1074PAU,,RO
CNGREFOR1HEY,,CN
INEASAPP2013NEW,,IN
INEASEXP591TIR,,IN
TRARIBEY47IST,,TR
HKBASHK3703HON,,HK
INESSIMP1210KON,,IN
GBELINT48LON,,GB
THDESCO175PRA,,TH
INEXMINT22GAU,,IN
INFABCLO169NEW,,IN
MMGOLKTK1801YAN,,MM
MMGOLSHI62YAN,,MM
MMGUOGUO48ANN,,MM
MMJIASOH95HIA,,MM
MMJOIGAR106YAN,,MM
MMKFIINT652BAG,,MM
CNSAMFAS58JIA,,CN
MMMEIGLO126YAN,,MM
MMMYALI247HLA,,MM
MMNEXGAR127YAN,,MM
MMPEAGAR131YAN,,MM
MMSANAPP87YAN,,MM
MMSAWVT131YAN,,MM
MMSPRMOO123YAN,,MM
CNYANSIEYAN,,CN
ROSCLON1281BUZ,,RO
ROSCMAG2CAL,,RO
ROSCNEW7BUZ,,RO
ROSCSIL193SLA,,RO
ROSCTEX173TUL,,RO
IT2SVIA2591PRA,,IT
KHJAKGARTAK,,KH
VNTESBIN15BIN,,VN
ITBBFGAM26GUI,,IT
LKSHOCLORAT,,LK
PTANJLOUSAN,,PT
PTAMEPOR,,PT
BDCONKNIGAZ,,BD
INFASCOR141FAR,,IN
CNHODIND1DON,,CN
INFASTEC32DEL,,IN
TRANAMAD1332DIK,,TR
IDPTDON15JAK,,ID
INGETCOL199NOI,,IN
MMTOPGLO245YAN,,MM
MMTOYMYA1063YAN,,MM
INKHIHUN3135RAM,,IN
MUCMTNEWPOI,,MU
MUCMTPOI,,MU
MUREAGAR11POI,,MU
ROSIMFAS204FOC,,RO
ROSOUTRI267COR,,RO
ROTRAEUR6CIS,,RO
ITCASNUO83CAS,,IT
ITCONFIB6MAN,,IT
ITEMYCALCAS,,IT
ITGIZCAL79CAS,,IT
INGLOSHI7BAN,,IN
INGODEXP35NEW,,IN
INGOLSEA7BAN,,IN
INGOLSEA7KAR,,IN
CNNINBET43NIN,,CN
GBASKTRA59LAN,,GB
TRCICTTE1DEN,,TR
VNGARCORHAN,,VN
INGOWKNI431TIR,,IN
INGRAPP8139TIR,,IN
CNMULFUJ300JIN,,CN
INFUTENT6MAH,,IN
CNSHAJIN328SHA,,CN
ROSCEDI7051HAR,,RO
ESOLGRIVSAN,,ES
MXTHRTHR7780CAN,,MX
MYGIMIND8300JOH,,MY
MYTAIWAH527JOH,,MY
PELIVSAC336LIM,,PE
BDFOUAPP295CHA,,BD
SVFUNTEE46LAP,,SV
THGROCO1802NAK,,TH
THHITEC328BAN,,TH
THONSTHA153CHI,,TH
THTRETHA44BAN,,TH
TKCORREA376INS,,TK
TNARTLABSOL,,TN
TNBENSARJEM,,TN
TNCLRTEX115JEM,,TN
BDSMAJEA910CHI,,BD
TRACEGIY2AFY,,TR
ITQINSIL1JIM,,IT
TRBATDIS2DUZ,,TR
CNHUZCHAHUZ,,CN
CNINTCOS89SUZ,,CN
INIMP7NEW,,IN
CNRUGYIH7RUG,,CN
CNZHOMAO3ZHO,,CN
CNZHOTON4GUA,,CN
ININSEXP9HAR,,IN
MARIODES13TAN,,MA
TRSIMTEK3479IST,,TR
ININTEXICHE,,IN
INISHINT2829NOI,,IN
PHHATINC9LAP,,PH
EGGNTTEX1819POR,,EG
PKACTAPP58LAH,,PK
PKALPKNI20FAI,,PK
PKAQAPP6426FAI,,PK
PKARTDEN2324KAR,,PK
PKARTFAB20KAR,,PK
PKARTGAR72KAR,,PK
PKARTMIL16KAR,,PK
PKARTMIL25KAR,,PK
TNJC2MEN,,TN
TNJCMCONGHE,,TN
TNOPTTEXTUN,,TN
TNQUESHOBOU,,TN
TNSUNSAN10LAM,,TN
TNTUN1TUN,,TN
TR201IST3451IST,,TR
TR3FTAS5NIL,,TR
KHWILGAR694PHN,,KH
ITSTU1010PRA,,IT
ITSTYBRO1761PRA,,IT
INLAJEXP2013NOI,,IN
CNSHAELEDON,,CN
HKSWEGAR7884HON,,HK
ITVIOCAL18ACQ,,IT
ITVMCSRL73CAS,,IT
GBGLOEPP75LEI,,GB
KHCALAPPPHN,,KH
KHCHACAMPHN,,KH
CNDONLUO41DON,,CN
INJAJINT665MUM,,IN
INJAKGRO704GUR,,IN
CNGUAPAN101GUA,,CN
CNHUIGAN4HUI,,CN
INJAYEXP3163TIR,,IN
CNQUAAPP3DON,,CN
PTPETCON429PAC,,PT
INJEGGAR8519PER,,IN
TRIDEMOD162AVC,,TR
VNVIEGIAVIE,,VN
INJYOENT415HAR,,IN
CNRUIXIN33GAN,,CN
INKARTEX1751AZI,,IN
INKININT19UNN,,IN
PKAZGLAH,,PK
PKAZIGAR17KAR,,PK
PKDYNSPO5LAH,,PK
PKFACFZFAI,,PK
PKFASSTY117FAI,,PK
GBLILLIM1LEI,,GB
TRADAGIY721IST,,TR
TRADATRI4IST,,TR
TRADIDEN2662IST,,TR
TRAKATEK1000CIG,,TR
TRAKATRI41IST,,TR
TRAKBTEK169BUR,,TR
TRAKMTRI387IST,,TR
KHCWKGARKHA,,KH
KHDAQTEXPHN,,KH
KHDIGKNI21SAA,,KH
KHDUSER566PEN,,KH
KHEASGARPHN,,KH
CNFOSNAN5GUA,,CN
CNSHEJUN20SHE,,CN
HKAGAAGE1701MON,,HK
KHFLEAPPPHN,,KH
ITMAGMAP2703LOM,,IT
KHGRACAMTAK,,KH
TRKONTEK14IZM,,TR
CNNINHOM69NIN,,CN
KHHAIHB402HNO,,KH
KHHOROUTKAM,,KH
KHHOTFOO2PHN,,KH
KHHOUHOU2LON,,KH
KHHUNWAHPHN,,KH
BDBHIAPP671DHA,,BD
INKNIKNI157HAR,,IN
TREMITEK103IST,,TR
INKOLKON1028BAN,,IN
CNHENKUA6HEN,,CN
INKRUCOT239DHU,,IN
CNLAMCLOGUA,,CN
CNZHESTA538JIN,,CN
INKUNINT5355AGR,,IN
LKNORFAS13POL,,LK
INAPSSIL37BAN,,IN
PKIDESPI1088FAI,,PK
PKIHSCOT4RAI,,PK
PKINOLON172FAI,,PK
PKJMSTRA13SAH,,PK
PKJMSTRA13SIA,,PK
PKKAMTEX5FAI,,PK
PKKEYCRY8SIN,,PK
PKLYAFAS3FAI,,PK
PKMKDEN18LAH,,PK
CNQINXIN12JIA,,CN
TRALDTEKKIR,,TR
TRALETEKBUR,,TR
TRALTTEK43GON,,TR
TRARDTEKIST,,TR
TRAREDOK1BUR,,TR
TRARIBEY10IST,,TR
KHJIAYUA12PHN,,KH
BDDENAPP431DHA,,BD
KHLIAGAR115KAN,,KH
INUNIFAS165TIR,,IN
CNJIAULT439SHA,,CN
HKLIAHUA130HON,,HK
KHPAPTEXKHA,,KH
KHPONFOO3TAK,,KH
KHSABCAM4PHN,,KH
VNGRESHO2DUC,,VN
KHSEWGOOPHN,,KH
KHSHEHUA475NA,,KH
BDANZAPPSAV,,BD
BDJAMAPP9495GAZ,,BD
INLOTFOO3MAN,,IN
INMADTRA1210FAR,,IN
CNZHENYL6ZHE,,CN
PKSOOENT26KAR,,PK
INMAGMAR2013NOI,,IN
CNDP1702GUA,,CN
CNHANLON2501ZHE,,CN
INMAHGAR561TIR,,IN
INMAJEXP10TIR,,IN
INMALTRAMAH,,IN
TRVASTEK58IST,,TR
CNHUIHON1416GUA,,CN
CNYIWLU28ZHE,,CN
PKPARPAK50KAR,,PK
PKPINSTI1FAI,,PK
PKRAJIND119KAR,,PK
PKRAJIND174SIN,,PK
PKRAJIND78KAR,,PK
CNJIAGUO1517SUZ,,CN
PKRIJFAS456KAR,,PK
PKROSBIS196FAI,,PK
GBSUNDEV11GLA,,GB
CNDONHUM1301HUM,,CN
PKSHAGAR5504FAI,,PK
PKSHAIND3LAH,,PK
PKSHAKNI9KAR,,PK
PKSIDLTD33KAR,,PK
PKSILSQU91LAH,,PK
CNFAIHAN,,CN
TRASLTEK2DEN,,TR
TRBAGMAH62IST,,TR
TRTUNTEK40IST,,TR
TRASTTEX45IST,,TR
TRATATEK3/1,,TR
TRATLGIY126KAH,,TR
TRATMTEK5IST,,TR
TRXUSTEK10BAY,,TR
VNGARGRE196HUN,,VN
KHSOLGAR2BAT,,KH
TRMAHMOP15IZM,,TR
KHSURGAR1PHN,,KH
INSELIND19DEL,,IN
TRFGTEK1941IZM,,TR
KHWINSOC2TAK,,KH
KHYUAXI12PHN,,KH
KHZHOGUO3KON,,KH
INMARGOL125NOI,,IN
PKARTGAR5354KAR,,PK
INMATCLOGUR,,IN
TRTANGIY180YOZ,,TR
INMNHAN29NEW,,IN
CNJUXMINSHA,,CN
CNPINZHE301PIN,,CN
CNJIAHUA881NAN,,CN
PKSTYTEX126LAH,,PK
PKSUPSOUFAI,,PK
TRAZITEK34IST,,TR
PKTFAPP29KAR,,PK
PKUSAPP20LAH,,PK
PKUSAPP3PUN,,PK
PKVIPGAR26KAR,,PK
PKVIVINT10SIA,,PK
PKWELWEA21LAH,,PK
PKWIDINT94FAI,,PK
TRBAHEVR28INS,,TR
TRBAYTEK16MER,,TR
TRBAYTEK2347IST,,TR
TRBENTEK1IST,,TR
VNCHAREG39THU,,VN
CNTAIHUATAI,,CN
HNGILACT6VIL,,HN
KRHAEAPP25SEO,,KR
INBAGPLA5225HAR,,IN
KHACUCON1801KOW,,KH
KR3MKOR273SEO,,KR
LKACEAPP1HAB,,LK
GBGLOGAM31BUC,,GB
CNGZCIU6HAI,,CN
VNTIETIETIE,,VN
INMSAES74NEW,,IN
CNQINGUA,,CN
INAHPAPP3411BAN,,IN
VNREGMIR6HUN,,VN
INMSNEE60UTT,,IN
INMUKEXP72OID,,IN
INMUS61NOI,,IN
CNFOSSHU23FOS,,CN
CNGUANAT9GUA,,CN
CNJELLIMTAI,,CN
INTEXINC307BAN,,IN
INNEWDEL2013NOI,,IN
BDDAEBAN731KAL,,BD
BDDEBLIMGAZ,,BD
BDDEKAPP7DHA,,BD
BDDEKGARGAZ,,BD
BDDEKREA7DHA,,BD
TRATLDIS1IST,,TR
BDDESKNIGAZ,,BD
BDDHALTD2327DHA,,BD
BDDHALTD7377DHA,,BD
BDDIRCOMGAZ,,BD
BDDIVINTCHA,,BD
INSUPTAN6UNN,,IN
BDECHEXGAZ,,BD
BDEKRSWEMYM,,BD
TRSTABAS141KAG,,TR
PK3MPAK9CLI,,PK
BDEPYGLOGAZ,,BD
TRGISTEK38BUR,,TR
BDEVEDRE219DHA,,BD
BDEVIAPPGAZ,,BD
BDFAKFASNAR,,BD
BDFAREAS1751GAZ,,BD
BDFARKNINAR,,BD
BDFKDFAR188KAL,,BD
BDFRAAPP80HIT,,BD
GBRICKEW3LEI,,GB
BDGENNEX348DHA,,BD
BDGMSCOM110DHA,,BD
BDGMSTEXGAZ,,BD
BDGOLTIMGAZ,,BD
BDHANKNI505GAZ,,BD
BDHANKNI555GAZ,,BD
CNFUJALA1191PUT,,CN
CNGUAFIF3GUA,,CN
CNJIAPEAJIA,,CN
AEINDGAR11SHA,,AE
AL3MOSHP15DUR,,AL
CNSILGAR46GUA,,CN
CNSITYINYIN,,CN
ALFORMATBUR,,AL
BAALMRAS7134OLO,,BA
TRUGUTEK5IST,,TR
BDABSWENAR,,BD
BDAFRFAS75CHA,,BD
BDQUAFASGAZ,,BD
BDAGDRE09HIM,,BD
BDAKHECO495DHA,,BD
BDAKMKNI1340DHA,,BD
CNDOULIR21DON,,CN
BDALETEXGAZ,,BD
CNSHIFOL389HEB,,CN
BDALICOMGAZ,,BD
BDALPAPP198DHA,,BD
BDAMASYN939JOY,,BD
PHPANPHI5CEB,,PH
BDANAHUA223DHA,,BD
BDAPELINGAZ,,BD
BDAPPPRO1206CHA,,BD
CNAOSGAR3FEI,,CN
BDARRFAB4204CHO,,BD
BDARTHUT248DHA,,BD
CNSUPINTSHE,,CN
BDASISOU332DHA,,BD
BDAST3GAZ,,BD
BDASWCOMDHA,,BD
BDBABGAR21DHA,,BD
BDBANDEV1093DHA,,BD
BDBODFASGAZ,,BD
BDCHEINT105ASH,,BD
BDCONGAR8DHA,,BD
BDCONKNI8MYM,,BD
BDCOTFARDHA,,BD
BDCROKOW2852DHA,,BD
BDTRIAPP1704GAZ,,BD
VNHOATEX36DAN,,VN
ROSCITA1918BEI,,RO
BDUNIJEA69CHA,,BD
BDUNIMEN2342NAR,,BD
BDUNISPO1700GAZ,,BD
BDUSIFASGAZ,,BD
BDVIYLTD297GAZ,,BD
TRIRETEK8IST,,TR
BDOPEFAS1206DHA,,BD
TRSEZTEKIST,,TR
BDWINWET936GAZ,,BD
PKTABINTSIA,,PK
TRHOBCOR14IST,,TR
BDYOUSOCSAV,,BD
BDZAHKNINAR,,BD
BDZXYINT891DHA,,BD
BDZZINT13CHI,,BD
BGALFCOT2MAR,,BG
BDEPYKNINAR,,BD
CNDASPHO7GUA,,CN
CNDONMEI98DON,,CN
CNZHETUN10JUR,,CN
KHWINGARPHN,,KH
BGCHAFAS1BLA,,BG
BDDAEFAS731GAZ,,BD
GBPARPREHUL,,GB
BGGRO9GOT,,BG
BGHANKNI505GAZ,,BG
INJYOAPP10MAN,,IN
BGKOUMOD55BOU,,BG
BGKOUMODTRA,,BG
BGLIMALM1LOM,,BG
BGMANEOOVIL,,BG
BGSAHBULKAR,,BG
BGSMI6BLA,,BG
INSUPFAS1210FAR,,IN
BGSUPLTD1PER,,BG
INELEEXP406HAR,,IN
GBINTGROSUN,,GB
BGVIC11107PLE,,BG
TRYALTEK319IZM,,TR
BGVOIFAS24BLA,,BG
PTPEDROD4755BAR,,PT
BDORCGARGAZ,,BD
BDINCFASGAZ,,BD
BDINFOUT1823AZI,,BD
CNZHEJIA88JIN,,CN
BDIRIFAB42DHA,,BD
BDISLGAR2GAZ,,BD
BDIXOAPP547GAZ,,BD
BDJAMDES1893BAD,,BD
CNYIWQIA1603YIW,,CN
BDJINFASGAZ,,BD
BDJLSWESAV,,BD
BDKCLIN571NAR,,BD
BDKNIIND2472GAZ,,BD
INRUGCRE1321PAN,,IN
BDMAGKNI41SAV,,BD
BDMAMBAN3CHI,,BD
BDMAXSWE2426NAR,,BD
BDMDMAH323DHA,,BD
BDMGKNI1219GAZ,,BD
TRCICTEK220IZM,,TR
BDMNKNI201CHI,,BD
BDMOHFAS1219GAZ,,BD
BDMOOLTD1341DHA,,BD
BDMOZKNISAV,,BD
BDMZMFAS9CHI,,BD
BDNAFAPP9101CHI,,BD
TRSERCOR3090IST,,TR
PKPAKTANSIA,,PK
GBFIGROUCHE,,GB
TRTURBLU11NIL,,TR
BDODYCRADHA,,BD
BDORBKNI1341DHA,,BD
PTMARCOM2ESP,,PT
BDORPSWE2DHA,,BD
BDPARCOM0711CHI,,BD
BDPATAPP253NAR,,BD
BDPENKNI1GAZ,,BD
BDPIOKNIVAL,,BD
IDPTEMB4515WES,,ID
BDPOLO226DHK,,BD
BDPOSSWESAD,,BD
TRSUNTEK6TOR,,TR
BDREEKNI36DHA,,BD
ITCALSAR2VER,,IT
BDROBBANNAR,,BD
BDROSDREDHA,,BD
BDROSINTDHA,,BD
TRALTTEK437BAL,,TR
INTRI7KAN,,IN
CNCHEYUE27DON,,CN
BDSHADEN177DHA,,BD
BDSHIAPP2171DHA,,BD
BDSILROUDHA,,BD
CNCHEGARHAN,,CN
PKPALCOR224PUN,,PK
BDSQUFAS48DHA,,BD
BDSRPSWE731GAZ,,BD
ININTCLO96BAN,,IN
RORCMSRL22SUC,,RO
BDSTULIM34DHA,,BD
BDSTY1GAZ,,BD
CNCHEOPT150XIA,,CN
BDSWELTD1187GAZ,,BD
BDTEXEURGAZ,,BD
CNCHADON8CHA,,CN
BDAKHFAS1331DHA,,BD
CNCHAFAS5DON,,CN
CNSHACRC8YAN,,CN
GBTOPFAS97LEI,,GB
INSWAFAS341TIR,,IN
GBFASENT167LON,,GB
GBINOPLAHUL,,GB
CNYIWJIEYIW,,CN
LTINTDIS248VIL,,LT
BDAGAAPPSAV,,BD
MAAYMSAR810FES,,MA
CNCHATUO907JIA,,CN
CNCHAZHOCHA,,CN
INSUPLIM55UNN,,IN
ITARCSRL26MIL,,IT
VNVIECO5VUN,,VN
PTCON4750BAR,,PT
INGLOHER137AND,,IN
INDHIGLO375GUR,,IN
PKARFINT16LAH,,PK
VINAMHA10NAM,,VI
CNCHITIN56HAN,,CN
INHITEXP187AGR,,IN
ITCALNUO4604MAN,,IT
CNCHUHON208CHU,,CN
PTSEAIND330MOG,,PT
GBCHA80SME,,GB
GBEXCLOGHAR,,GB
CHMGILUX2501BIE,,CH
TRCANTEK52BAG,,TR
CNRORIND6XIA,,CN
GBMATLTD410EVS,,GB
GTGUAPAN1162GUA,,GT
MMMAYYOR168MAY,,MM
CN1STBLODON,,CN
CNACEFAS3GUA,,CN
CNHANKIN6LIN,,CN
CNALEROG4GUA,,CN
CNWENSHA1ZHE,,CN
TNTIFINT22TUN,,TN
CNCHITIN195HAN,,CN
CNANHFORLUA,,CN
CNANHLIG8HEF,,CN
CNANHSIY17XUA,,CN
CNANYGLOQIN,,CN
INGLOSTO2224KAR,,IN
CNAPELEA2ZHO,,CN
CNWENAIBWEN,,CN
TNGOLSARBIZ,,TN
CNARTVIP788ZHE,,CN
CNCHUXINJIA,,CN
CNASIAUT2386SHA,,CN
CNANDONE39DON,,CN
CNASISOC2017SHA,,CN
INSHAINT1121KAN,,IN
USSEVBRO1835SOU,,US
CNAUSHONDON,,CN
CNAUTIND22GUA,,CN
CNHONGAR2GUA,,CN
CNCHAYINCHA,,CN
FRTANROU2ISE,,FR
CNBAOSHOQUA,,CN
TRSANDISGAZ,,TR
CNBEIKAIBEI,,CN
PKCONAPP112KAR,,PK
CNBELGAR422NIN,,CN
CNBESFAS34GUA,,CN
MAMARMAT295MEX,,MA
KHEVEAPPPHN,,KH
CNBINSAL2BIN,,CN
CNCHAPINDON,,CN
CNBONEVO2QIN,,CN
INSRVKNI681BAN,,IN
CNBOSCOM1QUA,,CN
LKMAXPRI329COL,,LK
CNCAIXINDON,,CN
CNCAL54GUA,,CN
CNCANACC36YIW,,CN
CNCAPINTHON,,CN
ITGIOSPA55LON,,IT
TRONETEK4342IST,,TR
CNCHA8014GUA,,CN
CNCHACHA1381CHA,,CN
CNCHACHA5210CHA,,CN
INMOHINTPAN,,IN
CNDONQIN65DON,,CN
CNDONRUI13GUA,,CN
CNDONSECDON,,CN
CNDONSHI5239DON,,CN
CNDONSID151DON,,CN
CNDONSIM93DON,,CN
CNDONSUS17DON,,CN
CNDONWAN888DON,,CN
BDGOUFASPAH,,BD
INSTY51TIR,,IN
CNDONWINDON,,CN
CNDONYAZ6GUA,,CN
GBCOLPOI48LEI,,GB
CNDONYILDON,,CN
ITCES0601PER,,IT
CNDONYIN8DON,,CN
CNDANHEN3DAN,,CN
CNDONYONDON,,CN
CNDONZHE7DON,,CN
CNDREFAS46BAR,,CN
CNDUISHALIA,,CN
GBBOODIS6RIP,,GB
BDPIGSWE175DHA,,BD
CNEMEFAS2QIN,,CN
CNEMSCO25GUA,,CN
GBMISNON42LON,,GB
CNTANGARJUR,,CN
CNEPO28QUA,,CN
CNERTAI8HUI,,CN
ITDDSRL7274LUC,,IT
CNESTINT809SHA,,CN
VN3QVIN16HOC,,VN
BDLUMTEXNAR,,BD
TRKARKON324IST,,TR
CNATCHOM1704SHA,,CN
CNEVEORN96DON,,CN
GBCOOSTO1MAN,,GB
CNFANNEW16GUA,,CN
VICHUPHU92HOC,,VI
CNCIXCIS238NIN,,CN
ROJONADA184LON,,RO
CNCN701168LIA,,CN
IDCVBAL2BAL,,ID
CNHAIQIL8HAI,,CN
CNCONLTD2ZHO,,CN
MDEXCMAN146BAL,,MD
TNACCETRIA,,TN
CNCXXXIA6181XIA,,CN
CNDAIBAO3SHE,,CN
TRNEO21IST,,TR
CNDAN33SUZ,,CN
CNDONXIEDON,,CN
CNDANINTHUI,,CN
CNFOSHAFOS,,CN
CNDANYIFDON,,CN
CNNINKAI168NIN,,CN
INTRILEA44CHE,,IN
CNDAZ9SHA,,CN
ROSCVES5860FOC,,RO
CNDEFENFOS,,CN
BDCUTEDG1612SAD,,BD
CNDEHDONQUA,,CN
CNDEQPAI118HUZ,,CN
INSUNKNI1NEW,,IN
TRSKYULA37ANK,,TR
INSHAEXP43TNA,,IN
ITFAPSPA9MAN,,IT
CNDINYU12ANX,,CN
CNNANHUA2NAN,,CN
CNDISGRO186SHA,,CN
CNDJIND301GUA,,CN
BDRUPKNINAR,,BD
INCONCLO433HAR,,IN
HKHEOASI160HON,,HK
CNDONAOGUA,,CN
CNDONAOR2GUA,,CN
CNDONBES11ZHE,,CN
KRCOSKOR1712EUM,,KR
TRTAHTEKIST,,TR
CNDONCHI94DON,,CN
TRYILKON7BAG,,TR
CNDONCIT1DON,,CN
CNDONCIT38DON,,CN
BDWISATTNAR,,BD
INKKPFIN88TAM,,IN
CNDONETEDON,,CN
CNDONEXC236DON,,CN
TRJESTEK1TUR,,TR
CNUNIPOW3BEI,,CN
BDSUPKNICHI,,BD
CNDONGOLGUA,,CN
CNDONGUA2DON,,CN
CNDONGUA4DON,,CN
CNDONGUAGUA,,CN
CNDONHANDON,,CN
INGIVLTD42GUR,,IN
CNDONHON69CHA,,CN
MAAHR213TAN,,MA
CNDONJIA5234GUA,,CN
CNDONJIN7DON,,CN
CNDONKIN5230DON,,CN
TRHMYTEKSAN,,TR
CNDONMIC139DON,,CN
CNDONMIL88DON,,CN
CNDONMOUGUA,,CN
MAMTC10FEZ,,MA
PTCOSTEI72FEL,,PT
TRONGTEK2BUR,,TR
CNQINFAS16QIN,,CN
CNGUAMIM21GUA,,CN
ESVELMAR40ELT,,ES
CNGUAMIN53GUA,,CN
CNGUAMIR3033GUA,,CN
TRKARTEK2300IST,,TR
CNGUANEWCHA,,CN
CNTAIXIN20TAI,,CN
CNGUAPRE4GUA,,CN
CNGUASHE25BAI,,CN
CNGUASHE406GUA,,CN
CNGUASUN3GUA,,CN
CNGUATOP40GUA,,CN
CNGUAWEI901GUA,,CN
CNGUAWIN482GUA,,CN
ESROSFUS1BEG,,ES
CNHUIHUA8HUA,,CN
CNGUAYI37GUA,,CN
CNGUIJUNXIS,,CN
INFASTRE40NEW,,IN
CNFENFASHUI,,CN
BDHYDKNI5DHA,,BD
BDCROTEX190FAT,,BD
CNDONCHE401DON,,CN
ESINDDIS36SAB,,ES
IDFGXINDJAV,,ID
ESAIRWOR53ALM,,ES
CNFOOWAH6270HON,,CN
ESTEXSL21IGU,,ES
VNHATCHEHAN,,VN
VNTAISHO5DUC,,VN
CNFOSGLOFOS,,CN
CNDONCIT140DON,,CN
CNFOSSAN151FOS,,CN
CNDONHON200DON,,CN
CNLUYSHIZHO,,CN
MAARTSAR92CAS,,MA
BDCUTEDGGAZ,,BD
TROFFARG30IST,,TR
CNFUJDEHQUA,,CN
ESHIT2006BAR,,ES
ESNAILAB7BAR,,ES
VNVIETHA1270HOC,,VN
INPKE171NOI,,IN
CNFUJJINJIN,,CN
CNFUJJINQUA,,CN
CNFUJJINYON,,CN
CNJIACHE40JIA,,CN
CNFULCHI1602KWU,,CN
CNFULKNI19MAC,,CN
KHCUCCAM4PHU,,KH
CNFUQLIUFUQ,,CN
CNFOSBEA10FOS,,CN
CNSHASUT666SHA,,CN
INUNI21NOI,,IN
TRGOKGIY35IST,,TR
CNVBFOO3WUH,,CN
CNGANBOHGAN,,CN
MAMORWEA1331TET,,MA
CNGLIGARHUI,,CN
BDSAAMUSCHI,,BD
CNGOLPREDON,,CN
TRVIPGIY21DAR,,TR
ESIRODES19SEN,,ES
MMKAMMAN186YAN,,MM
CNGTSGOLDON,,CN
CNGUA1GUA,,CN
BDARRFAB5051CHI,,BD
CNGUABEY302GUA,,CN
CNGUADOM201GUA,,CN
BDALITEX9SAV,,BD
CNGUABLIGUA,,CN
CNGUAHAO33GUA,,CN
CNGUAHUA220GUA,,CN
CNGUAHUIHUI,,CN
CNGUAIMP1GUA,,CN
BDAMISHICOM,,BD
CNHISEYE31WEN,,CN
CNHON990SHA,,CN
PTELICON347LON,,PT
CNHONAPP9SHU,,CN
INTEXFASBAN,,IN
TRMIYTEK202SAN,,TR
MMSHEMYA2962YAN,,MM
PTPRISEA29SAN,,PT
INPTPAN5SUK,,IN
CNHONGAR91EZH,,CN
BENVSER21KON,,BE
ESCOTBCN81BAR,,ES
FINORALU31SIP,,FI
CNHONTON111TON,,CN
CNHONYU2559GUA,,CN
CNHOPGARQUA,,CN
TRDEMTEK49BUR,,TR
CNHOPLUNJIA,,CN
CNHOTGAR3FUJ,,CN
CNHSFAC1HAN,,CN
CNHSHSF2HAN,,CN
CNHSHSF2ZHE,,CN
CNHUAANY32LIA,,CN
ESLEDILU18SAN,,ES
CNHUACHI27QUA,,CN
KHTAOKIVSAN,,KH
TRMIRTEK22MER,,TR
CNHUAMAN1DON,,CN
PKCREAPP21LAH,,PK
MASABSARTAN,,MA
CNHUICITHUA,,CN
CNWENGOL158WEN,,CN
CNHUICOUHUI,,CN
CNHUIHUA7HUI,,CN
CNHUIHUA9GUA,,CN
TRYENHAZ149TOK,,TR
CNHAI8HAN,,CN
CNHAIFENSHA,,CN
VNTRUXUAHAN,,VN
INUNI2KOL,,IN
TRADATRA23EDI,,TR
CNANHELE10HUO,,CN
CNHAIKAN368HAI,,CN
CNHAILIA12HAI,,CN
CNHAISANHAI,,CN
CNHAISHA558JIA,,CN
PKKAMLTD38LAH,,PK
CNHAIXINZHE,,CN
CNHAIYAN3YAN,,CN
CNHAIYUH88ZHE,,CN
CNHAN1HAN,,CN
MASTEAGZ59RAB,,MA
CNHANBAOHAN,,CN
CNHANBICHAN,,CN
CNHANBOCHAN,,CN
VNBRAPHUYEN,,VN
CNBEAWOR9GUA,,CN
CNHANDON90HAN,,CN
CNHANDON90ZHE,,CN
CNHANFUT439HAN,,CN
CNYIWCIT1061YIW,,CN
CNHANHAN39LON,,CN
NLALTBV77OVE,,NL
CNHANHUA288HAN,,CN
JPSEIEPS35SUW,,JP
CNHANJS115HAN,,CN
CNHANKIN117HAN,,CN
CNHANLINHAN,,CN
CNHANMIN9HAN,,CN
TRENRTEK221IZM,,TR
CNHANSANHAN,,CN
CNHANSHA15HAN,,CN
TRSAVTEK1600BUR,,TR
CNHANTONHAN,,CN
CNHANWAN18HAN,,CN
CNZHAFIV40ZHA,,CN
CNHANYIH92HAN,,CN
TRLAVDEN901BAT,,TR
CNHANYUT318TON,,CN
PTCONCUN151SAL,,PT
UAPJSBER12BER,,UA
CNSUILIA10SUI,,CN
TRSETEX1IST,,TR
MMTWILIG1852YAN,,MM
CNMANPRO78DON,,CN
BDALPCLOSAV,,BD
CNHELI158QUA,,CN
TRMZAKON44ANK,,TR
ESTEXATHVIL,,ES
INMSRAK63NOI,,IN
BDPAKKNI15SAV,,BD
INELTIND887GUR,,IN
CNHESJIEHES,,CN
CNHEYAPPZHE,,CN
CNHIGHOP1021CHA,,CN
CNJINAIDFUJ,,CN
CNJINCHE18GUA,,CN
TRPUNLEA4IST,,TR
DEGENGMB17AUE,,DE
CNEPSTRA799SHA,,CN
TRMERTEK3421IST,,TR
CNUHVFAS2DON,,CN
CNJINNUOJIN,,CN
CNWENBIG2WEN,,CN
CNFUQCHEFUJ,,CN
CNJINTIA3FU,,CN
ROALESRL8BAI,,RO
CNJINYIN419JIN,,CN
CNJINZHA1QUA,,CN
CNJOY118ZHE,,CN
PKMASTEXLAH,,PK
INPARCLO394MAH,,IN
CNHUIWEI3HUI,,CN
CNHUIYIH1HUI,,CN
CNYONLEANIN,,CN
CNMHCIND115QIN,,CN
INSAMGEM228BAN,,IN
PTVALFIB2450QUI,,PT
GBBATUKHAM,,GB
CNHUZDIEHUZ,,CN
CNIND67NIN,,CN
CNINTCOS1898SHA,,CN
INMEECRE113NOI,,IN
KHINDAPPKHS,,KH
MAVALMOR55SAL,,MA
GBCDSGRO11ROM,,GB
CNJE4403GUA,,CN
CNJECTEC517SHE,,CN
CNJECTECDON,,CN
CNJIABAR19ZHE,,CN
CNJIABENJIA,,CN
KHKUACAM66PHU,,KH
TRALBALA20BEY,,TR
CNJIAFACGUA,,CN
HKRATKNI7034KOW,,HK
CNJIAFENDON,,CN
CNJIAGOL11JIA,,CN
CNJIAGUO12ZHA,,CN
CNJIAGUO2156ZHA,,CN
CNJIAHONJIA,,CN
CNJIAHUA28JIA,,CN
CNANHHUA2103HEF,,CN
CNJIAJIN515ZHE,,CN
CNJIAJINJIA,,CN
IDPTBAT115UNG,,ID
ITDEBSPA16MON,,IT
PTESFCON491FAF,,PT
CNJIALUY224JIA,,CN
CNJIAMAX7TON,,CN
CNJIAMET5JIA,,CN
INPGENT135MAN,,IN
CNJIASAM58JIA,,CN
CNJIASHI3JIA,,CN
CNZHOLI3ZHO,,CN
CNJIASUN353JIA,,CN
CNJIASUNJIA,,CN
MMEURSPO473SOU,,MM
INRAJINT707TIR,,IN
CNJIAXIN28JIA,,CN
CNJIAYANLIA,,CN
CNMENLUTLIN,,CN
CNMHCINDQUA,,CN
TRCONTEK33IST,,TR
CNMINBAG658JIA,,CN
TRBEYDER4INS,,TR
GBTHATHO4LON,,GB
KHLEIFEN542SAN,,KH
GBKVCGB2STA,,GB
CNMOMYUL67YUL,,CN
CNMRINT100HON,,CN
CNNANBLU8012NAN,,CN
CNNANCIT5124NAN,,CN
CNNANDEL66NAN,,CN
CNNANFOR2260NAN,,CN
CNNANHUN38NAN,,CN
PKUMEFAI01FAI,,PK
CNNANKIN204NAN,,CN
HKWELDON189KOW,,HK
CNNANOUM8NAN,,CN
CNNANPAR702NAN,,CN
VNCAMRAN6CAM,,VN
INOPEGLO122NEW,,IN
CNNANYOU218TON,,CN
INORABUS51CHE,,IN
BDMASCOMGAZ,,BD
CNNEIJINNEI,,CN
TROZTCOR7IST,,TR
CNWELGAR123GUA,,CN
AUWEARE74PAD,,AU
CNNEWBLA8108GUA,,CN
TWHANCHO253TAI,,TW
CNSHEJIN5SHE,,CN
INMEYAPP42DEL,,IN
INJABCIR26MAH,,IN
CNHANHS4SHE,,CN
CNNINBAININ,,CN
CNNINBEICIX,,CN
CNNINBON1719NIN,,CN
TRDAMTEK48IST,,TR
CNNAMEIMAI,,CN
CNJURGRAJUR,,CN
CNJUYWAN3JUY,,CN
CNJVXJINFUL,,CN
CNKAIGAR5GUA,,CN
CNKAIHAT64YIW,,CN
ITFASPLA16MIL,,IT
CNKALGAR881JIA,,CN
TRAKITEK25KIR,,TR
INVANCLO80NOI,,IN
CNKCPQIN209QIN,,CN
TRYKSGIY0005KOC,,TR
PKSOOENT2426KAR,,PK
CNKINHK9HUB,,CN
TRTEMCOR40BAY,,TR
DKTRATEX9KOL,,DK
CNKOKGAR33HUI,,CN
CNYUNEMB1689YUN,,CN
INNEECRA102NOI,,IN
CNLAFENT66GUA,,CN
CNNINDUN2NIN,,CN
CNLAIJUNLAI,,CN
CNLAISUNGUA,,CN
CNLAISUNJIA,,CN
USMONSYS1500CAR,,US
CNLAUROO12GUA,,CN
CNLAWGARJIA,,CN
CNLEEKEUHUI,,CN
CNLEETAI833KOW,,CN
BDWALFASGAZ,,BD
CNLINHENSHE,,CN
CNLINXINLIN,,CN
CNLIYCIT3LIY,,CN
CNLIYUGUA,,CN
CNLNS4684GUA,,CN
TRDINDIN52COR,,TR
CNLOLGAR708DON,,CN
VNGODGOLTHA,,VN
GBMALSTU7LON,,GB
VNAMW34HOC,,VN
INACEINT6223NEW,,IN
INGOOLEA47CHE,,IN
CNLUEFAT1101DON,,CN
ESNEWVIR12ELC,,ES
CNLUKSOU750SHA,,CN
CNLUN4369HAN,,CN
ITFRELIN1719BAR,,IT
CNORIMAXDON,,CN
HKLIMAN602HON,,HK
IDAPEDNS1532TAN,,ID
TRYAVGID17GIR,,TR
TROYKTEK5GUN,,TR
CNMAI5QIN,,CN
CNMAJCIT883HON,,CN
CNQUZTNI485ZHE,,CN
KHMAUGAR50PHN,,KH
KHSEDCAMKET,,KH
CNZHESHEYON,,CN
PKFRIPVT89SIA,,PK
CNMAR550QUA,,CN
CNNINHONYIN,,CN
BRWIRIND600DOI,,BR
INMALTAN2013NOI,,IN
CNMAYLEAJIA,,CN
INHISTY7TAM,,IN
INMARKNI778TIR,,IN
INREGLIM29HAR,,IN
CNMEGFAS3SUZ,,CN
CNMEIFAINAN,,CN
INWESPOI185GUR,,IN
CNMEITE121JIA,,CN
IDKAHCIT2BEK,,ID
TRMERTEK18IST,,TR
GBCLAJOIWES,,GB
CNQINBES18QIN,,CN
GBKLANOT,,GB
CNQINBXYQIN,,CN
GBFOR79LON,,GB
CNQINFASQIN,,CN
TRZEVORM201IST,,TR
CNQINGIO116CHE,,CN
CNQINGRA5QIN,,CN
CNQINHIK8QIN,,CN
CNQINJEW610QIN,,CN
CNQINJINJIA,,CN
CNQINMEI6QIN,,CN
CNQINOUD177QIN,,CN
CNINDHAIDON,,CN
TRPARMAK3IST,,TR
CNQINQIA37JIA,,CN
VNHANVIEKHO,,VN
KHWINTAI1782PHN,,KH
CNYINNINNIN,,CN
CNQINSUNQIN,,CN
CNGUAPAN60PAN,,CN
CNQINXIN3QIN,,CN
BDQUAABEDHA,,BD
CNCHEFUTDON,,CN
VNLAWVIE46HOC,,VN
CNQUABAO1QUA,,CN
CNNINDOR568NIN,,CN
TRFMTRI5083IST,,TR
ITBBGGAM460GUI,,IT
CNNINGUA3151NIN,,CN
CNNINHAI8NIN,,CN
BDBEXLTDGAZ,,BD
CNNINJIA277NIN,,CN
CNNINMIN32XIA,,CN
VNMAYGAR8HAI,,VN
CNNINQIA548NIN,,CN
CNNINQINXIA,,CN
CNRICTEXSUZ,,CN
CNNINSAN288NIN,,CN
CNNINSEDZHE,,CN
CNNINSYL1315NIN,,CN
TRNESTRI7BAS,,TR
CNNINWZ295NIN,,CN
CNNINYON1301NIN,,CN
CNNINZHA18NIN,,CN
MADBCLO1244SAL,,MA
MAEURSARTAN,,MA
PKCASSPO440KAR,,PK
CNNO19ZHA,,CN
TRUCETEK1621SUL,,TR
CNNUB52GUA,,CN
VNTIESINHAI,,VN
CNEVEFAS314DAL,,CN
CNSUZCHUSUZ,,CN
CNORIKINDON,,CN
INEXP65TIR,,IN
CNOUHGMTNAN,,CN
CNPACFOO3HUI,,CN
PTLUNRUA15GUI,,PT
BDMOOKNI7504NAR,,BD
INSTASTU2013NOI,,IN
CNPARCOS15YIW,,CN
FRTEXDE12HAL,,FR
INDESCRAMOR,,IN
CNXIASHE291XIA,,CN
CNPENAPP83SHA,,CN
CNPENINDSHA,,CN
CNPGLTD12GUA,,CN
CNPINANS5PIN,,CN
CNPINCHE8WEN,,CN
CNPINHUA338JIA,,CN
INADIFAS4364MUM,,IN
CNPINLIAPIN,,CN
PTJOAFERFEL,,PT
MUIVYLEADUS,,MU
CNHONDENDON,,CN
INSANZARBAR,,IN
BDUNISPOGAZ,,BD
CNPURFAS403GUA,,CN
CNQGP11HOC,,CN
CNQIASON185YIW,,CN
CNQICGARJIN,,CN
CNSHATOU7GUA,,CN
IDCVISK8011BAL,,ID
CNSHAWUZSHA,,CN
CNSHAXIA1SHA,,CN
CNSHAXIA312SHA,,CN
CNMAYFOO1DON,,CN
HKZHEJUHON,,HK
CNSHAYASHA,,CN
CNSHAYUASHA,,CN
TRFAZTEKIST,,TR
CNSHAZHO18SHO,,CN
CNSHEALT155SHE,,CN
INTRIAPP1914BAN,,IN
CNSHEGRO3SHE,,CN
TRVISTEK128IST,,TR
CNSHEMIN1SHE,,CN
CNSHENIC5SHE,,CN
BGMANVEN1BLA,,BG
CNSHESHI202SHE,,CN
CNSHEYUE55SHE,,CN
CNSHICLO1183SUZ,,CN
CNSHIFAS1NIN,,CN
VNTAIGAR1122LON,,VN
BDASIAPP1381KON,,BD
INNAMEXP150NEW,,IN
INTRIIND1425MAH,,IN
CNJIAGUO1517ZHA,,CN
CNSHEJIA5SHE,,CN
CNSHUGUO8SUQ,,CN
CNSHUMET200GUA,,CN
GBPALEURHAM,,GB
TROSITEK678TOP,,TR
CHSITHON164HON,,CH
INVELPRI163TIR,,IN
CNSIHUA78GUA,,CN
CNSIKZHO,,CN
IDTRISEN1SID,,ID
INWAAIMP1210NAD,,IN
CNQUAJUN98JIN,,CN
KHZHEYON4PHN,,KH
PKHAAMAN208FAI,,PK
CNDONPRO3DON,,CN
CNQUAUNI28QUA,,CN
CNQUAZHOFUJ,,CN
CNQUERUI150XIA,,CN
CNQUZAIS207ZHE,,CN
KHFORPAC1KRO,,KH
GBJEMWOO,,GB
MDFABDE20CHI,,MD
KRYEOCHA4231YAN,,KR
CNRAI5025PAN,,CN
CNHANJIAZHE,,CN
GBGLDAMPER,,GB
CNRANSHENIN,,CN
BDALBLTD2CHI,,BD
CNREDGAR1ZHO,,CN
CNFANHUI2410ANH,,CN
TRKRASAN791IST,,TR
MAIBI1SID,,MA
CNFANZHO2410ANH,,CN
INGAR1162JAI,,IN
BDSYNSOU1DHA,,BD
TRINTTEKADI,,TR
CNQINPAN519QIN,,CN
CNROCGUA577NIN,,CN
CNROO501GUA,,CN
CNROYDEV1607CIX,,CN
ITCALSAN35ACQ,,IT
CNROYHER151XIA,,CN
CNRUDKNI18NAN,,CN
CNLINCLONIN,,CN
CNRUICOM98DON,,CN
BDOEKLTDGAZ,,BD
INMOHINTHAR,,IN
CNRUIGAR169SUZ,,CN
CNLESCHI100SHA,,CN
CNAJSHO21DON,,CN
BDSECSEV2126CHI,,BD
CNLIATIA3LIA,,CN
CNSEECO16GUA,,CN
CNSHAAMI4031SHA,,CN
TRDOMTEK3IST,,TR
CNSHACACSHA,,CN
CNSHADIS201SHA,,CN
CNDONGAODON,,CN
CNSHAJIN2014SHA,,CN
CNSHAKAQSHA,,CN
CNSHEDEDON,,CN
MACODSAR842TAN,,MA
INPARPRO2013GAU,,IN
INKIWENT423GUR,,IN
INWEAWEL2013NOI,,IN
CNSHANEW1341SHA,,CN
INMIFAS4DEL,,IN
CNSHANOV1709SHA,,CN
CNSHAPLA88SHA,,CN
CNSHASAL1301SHA,,CN
CNSHASUN6881CHA,,CN
CNSHATEX668SHA,,CN
FRVABCOSTER,,FR
INESSEXP19CHE,,IN
INMSDET1210FAR,,IN
VNTANHOP1HOC,,VN
INVPINT33GUR,,IN
MUCMTKNIPOI,,MU
CNTIATONTIA,,CN
CNTONCITNAN,,CN
CNTONGARGUA,,CN
CNTONHON111TON,,CN
TRTESCOR160BAR,,TR
GBPAR4LEI,,GB
CNTONRON88HAN,,CN
INAGCLO40NOI,,IN
CNTONTON53GUA,,CN
CNTONYIT26ZHE,,CN
CNFRE6DON,,CN
INBHAINT342CHE,,IN
CNDONSTADON,,CN
LKKASGARSOU,,LK
CNSISLIM405GUA,,CN
CNSISSIX28GUA,,CN
VNCONTY1431HOC,,VN
CNSKYJIA,,CN
CNXIASAN902XIA,,CN
CNHOPSHIDON,,CN
CNSKYZHE47JIA,,CN
ITMADCOS5456BAG,,IT
CNGLODIS11WUJ,,CN
CNSOPINT23GUA,,CN
CNSOUCHI3SHE,,CN
CNSOUCHI4GUA,,CN
CNSOUCHISHE,,CN
CNSPOINT23GUA,,CN
CNKAIGAR2GUA,,CN
CNSTFUT1415KOW,,CN
CNSUNGARGUA,,CN
CNSTYART12QIN,,CN
ITVANSNCLUC,,IT
CNSUIGUO1213XUZ,,CN
CNSUKSHA302HON,,CN
INLAGCLO111BAN,,IN
GBORIADDMID,,GB
CNSUNFASQIN,,CN
INBMAENT1131NEW,,IN
CNSUNHANDON,,CN
CNSUNHIN2829SHE,,CN
CNSUNIND2OUH,,CN
INSILCRE4BAN,,IN
TRMEGKON114IST,,TR
INNEEOVE34AGR,,IN
CNSINSHA1719SHA,,CN
CNSUQGUO110SUQ,,CN
MDSRLMOL13BAL,,MD
GBPRILTD2HER,,GB
CNSUZFEN368SUZ,,CN
CNSUZHEN201SUZ,,CN
CNSUZKAI165SUZ,,CN
CNSUZKIN188SUZ,,CN
CNSUZLOT3607SUZ,,CN
CNSUZMEI12ZHA,,CN
CNSUZNEW1207CHA,,CN
CNSUZTIA599JIA,,CN
CNSUZTOK1SUZ,,CN
CNSUZWEISUZ,,CN
CNT&AFOO151WEN,,CN
CNTAICHADAI,,CN
CNTAIFEN4018SHE,,CN
HKWILWOL17KOW,,HK
CNTAIJIAZHE,,CN
GBCULCON7SUR,,GB
CNTAILET9TAI,,CN
CNJERSHA971SHA,,CN
INGOOSOU18AUR,,IN
CNTAIMUD30TAI,,CN
ROMODSCM37ORA,,RO
CNTAITIA107JIA,,CN
GBBRAUK2SHE,,GB
CNTANLEI100LIN,,CN
CNAQUHON890XIA,,CN
TRKUTTEK1891ORD,,TR
CNWINNINNIN,,CN
TRBEYGES13BUR,,TR
CNWOFENGUA,,CN
CNZHOCIT58ZHO,,CN
ISHINT292NOI,,IS
PKRAJINDKAR,,PK
CNWUXEVE2425JIA,,CN
CNWUXJIEWUX,,CN
CNWUXPRI233WUX,,CN
CNJIAGAO188CHA,,CN
ITFRELIN7612BAR,,IT
CNXIACAN48NIN,,CN
CNFULCHADON,,CN
RORODES6MAR,,RO
PKFRIENT7ISL,,PK
CNGLI4GUA,,CN
CNXIAJIN308DEZ,,CN
CNXIAMOR18XIA,,CN
CNXIASEN32NIN,,CN
GBWENLTDESS,,GB
CNXIAYAN152XIA,,CN
CNXIAYIL1515XIA,,CN
INMSMAR125NOI,,IN
CNXICHU201DON,,CN
IDSANMAD9JAK,,ID
GBWHIINDBRI,,GB
BDKSAPPGAZ,,BD
INSRELAK203TIR,,IN
CNXINGAR70SH,,CN
CNXINGARSHI,,CN
INVIRINT2820AGR,,IN
MUSTAKNIRIV,,MU
CNTRATEX266ZHU,,CN
CNTRATEXFUQ,,CN
LASCALAO5VIE,,LA
CNSHANO2SHA,,CN
PKRICLEA115SIA,,PK
GBBENBOW19LON,,GB
TRONEKIM39IZM,,TR
TREURTEE31IST,,TR
CNUNIINT128YAN,,CN
CNVAN2105JIN,,CN
INADIEXI31MUM,,IN
CNVEEIND4SHE,,CN
CNVERLUC26GUA,,CN
TRARSTRI8IST,,TR
CNZHAZHO75ZHA,,CN
INMAGCAS4249CHE,,IN
CNWAIPAK4ZHO,,CN
CNWAISAN48MAC,,CN
TRBAYDEN21IST,,TR
INCRALEAKOL,,IN
INXLNFAS2013NOI,,IN
TWJEAYVE123TAI,,TW
CNWEIBAG637DON,,CN
CNWEIDIS30WEI,,CN
CNWEIDIS50WEI,,CN
TRKESCOL30IST,,TR
INSANINT134NEW,,IN
CNWEISELWEI,,CN
BGDIAGRU4DOB,,BG
INSSINT2013NOI,,IN
CNWEIYA1DON,,CN
CNWEL11GUA,,CN
VISPIHAN9HOC,,VI
CNWELCO3SHE,,CN
ROEUR159BUC,,RO
CNWENAIL65WEN,,CN
CNWENDON6WEN,,CN
CNWENGOLWEN,,CN
GBTOPBAN1TET,,GB
CNWENHEN3250WEN,,CN
PTCONIMP4795MAR,,PT
INNAMEXP118NEW,,IN
KHDEWCAMPOR,,KH
CNJIAHUAJIA,,CN
ITAZYING,,IT
CNWENMIN76ZHE,,CN
PKROSCLO196FAI,,PK
CNWENROY10WEN,,CN
CNLONSHO6SHE,,CN
ROINCVRA51FOC,,RO
LKTIMGAR390KAD,,LK
VNMADCLOBIN,,VN
CNWENUNI3250ZHE,,CN
TR4E1TEK159IST,,TR
GBELLWAR21WES,,GB
CNWENZHI98WEN,,CN
CNWENZHO3250WEN,,CN
CNXINLIK5DON,,CN
TRFIDTRI10IST,,TR
BDTEXEURDHA,,BD
ESPIVSA4POL,,ES
IDEPS4BEK,,ID
CNZHAFUSJIA,,CN
TRAKYTEK66IST,,TR
CNZHAHAI2TAN,,CN
CNZHAHUA0001ZHA,,CN
CNZHAHUA28ZHA,,CN
CNZHAJIAJIA,,CN
CNZHAMINZHA,,CN
INKVNTRA37GUA,,IN
CNZHASHE328ZHA,,CN
PTASSMAR71AGR,,PT
TRMINMODIST,,TR
CNZHAZHOZHA,,CN
CNZHEALE156HAN,,CN
VNNEWDRA207HAN,,VN
CNZHEFAS111ZHE,,CN
MAOCCSAR60TAN,,MA
CNZHEFUC566HAN,,CN
TRALIDOM38BUR,,TR
CNZHEHEM477HAN,,CN
TRADADES34IZM,,TR
CNZHEJIA288JIA,,CN
MAPARSARTAN,,MA
BDCONGAR5DHA,,BD
CNXINPLADON,,CN
CNXIXTIAXIN,,CN
PTMARCUN4650RAN,,PT
CNXUTSPODON,,CN
ITKALMOD1923MON,,IT
CNXY3GUA,,CN
CNTAISHU58TAI,,CN
CNYANHANJIA,,CN
CNYANHON47YAN,,CN
CNYANHON58YAN,,CN
ESINDDIG52BAR,,ES
CNYANSHEJIN,,CN
CNYANTAI27YAN,,CN
ESTEIINT8ART,,ES
INFORINT57GUR,,IN
MABMINT3233TAZ,,MA
BDTROLINSAV,,BD
CNYANYAO3YAN,,CN
CNYANYAO605MIN,,CN
VNPHUTHO7PHU,,VN
TRKAN45IST,,TR
PTROSMAR127CAV,,PT
INAPOENT13GUR,,IN
MACATMOD7TAN,,MA
PTLAYDEGUI,,PT
CNTONSHE3TON,,CN
CNYES568BAO,,CN
TRELASENESE,,TR
CNGONADHGON,,CN
KHSTRHEA247TAK,,KH
CNYIKYUE1013HON,,CN
CNQINVEN10QIN,,CN
INRAMEXP64NEW,,IN
CNYINGUA25GUA,,CN
INAMALEA646AGR,,IN
CNDRASPL11YIW,,CN
VNMAYHAIHUN,,VN
CNYIUJIN2DON,,CN
ESSIGSL1MON,,ES
PTCONFRE216FAF,,PT
PTCONPIA1GUI,,PT
INAMIENT11NOI,,IN
MAMOHSARTAN,,MA
CNYIZGAR691LUZ,,CN
BDLIBKNI881GAZ,,BD
CNJIAJIK1WUX,,CN
CNYONJINCHA,,CN
CNYONLIA36HUI,,CN
TRGONPLA27IST,,TR
CNYPYCLO4GUA,,CN
KHCHUCAM21SRO,,KH
CNYUAFAS21GUA,,CN
CNYUEYUEGUA,,CN
CNZHAJIN40ZHA,,CN
CNYULYUN67YUL,,CN
CNYUNHON465GUA,,CN
ETSHAGAR11ADD,,ET
TRMARTRI361IST,,TR
CNYUYHON897YUY,,CN
TRKALTEK1181IST,,TR
CNYUYHAO83NIN,,CN
CNZHACASZHA,,CN
TRDEFEVKIR,,TR
TRYMOTEK987IST,,TR
FRKOKSASBID,,FR
FRTFNPAR82PAR,,FR
TRNASORM1532IST,,TR
GBALPCLO5LEI,,GB
CNQINSHI49QIN,,CN
CNZHECOL10ZHE,,CN
GBASATRA10LEI,,GB
GBASKTRA59ROC,,GB
GBASMHOU10LEI,,GB
CNSEAAIR6988SHA,,CN
GBAURCLO495LON,,GB
GBBAR31LEI,,GB
GBBARFAS31LEI,,GB
MAMBCON3TAN,,MA
INMSIDU443TIR,,IN
GBBELFAS121LEI,,GB
INIIPGLO140NOI,,IN
MAEASLIF18TAN,,MA
GBCANSTRLEI,,GB
GBCHEFAS25LEI,,GB
MASTEAFA14TAN,,MA
GBCHRDEN3LEI,,GB
TRMASKONBUR,,TR
ESGRACEY208VAL,,ES
GBCLOPAL12LEI,,GB
GBCLULEI,,GB
TRGAMTRI1IST,,TR
ESALASLL26BER,,ES
CNTIAXIACHU,,CN
GBCORUK1531LON,,GB
GBCOUBRADER,,GB
ESHALCERALC,,ES
TRMATTRI19IST,,TR
ESVALTRA2LAS,,ES
GBDAISTR23MAN,,GB
CNENTSHO1DON,,CN
ESSHO12ARN,,ES
KHGOLSTA21SAN,,KH
CNJINZHA10JIN,,CN
KHAKMGARPHN,,KH
GBDOLLON17LON,,GB
GBDOTCRO6ALD,,GB
MABLUFIN23CAS,,MA
CNZHENEW29ZHE,,CN
CNZHENI13DON,,CN
CNZHEPROYIW,,CN
CNZHONOA11ZHO,,CN
HUREGMET2301TAB,,HU
VNJASTEXYEN,,VN
ESCERSL9SEN,,ES
CNZHETAN66ZHE,,CN
CNZHETIA1668SHE,,CN
GBSNOBUSSTR,,GB
CNZHEXIN2900YIW,,CN
TRCROKON160OSM,,TR
CNZHEXINWEN,,CN
CNZHEYED172HAN,,CN
PKLAHFAS2FAI,,PK
CNZHEYIN818SHE,,CN
BDMUATEX235GAZ,,BD
TRDOGTEK1491IST,,TR
CNZHIJINDON,,CN
TRYILKON711MAL,,TR
CNZHOQIF2ZHO,,CN
CNSANGAR10TIA,,CN
CNZHOSHA2GUA,,CN
MMSANOVE1516YAN,,MM
CNUSHHOMGUI,,CN
TNNORAFR3DOU,,TN
CNZHUAILZHU,,CN
INMOTHALGAZ,,IN
CNZHUCHEZHU,,CN
ESSAIGEN1240CER,,ES
CNLAICHICHI,,CN
KHXINGAR32PHN,,KH
CNRUIGUA7GAN,,CN
CNZHUHONZHU,,CN
TRTERGIY101FAT,,TR
TRYESMOD13IST,,TR
CNZHUYIM2ZHU,,CN
CNZHUZUY189ZHE,,CN
CNHANJSH400HAN,,CN
DEWILSTR10WOL,,DE
CNGUAYIJ324GUA,,CN
ESSYSSL8MON,,ES
TRZARTEK1002IZM,,TR
EGCALALEBORALE,,EG
EGELSTEX10RAM,,EG
EGETOEGY68ALE,,EG
ESALMCOMALM,,ES
EGJADTEX104RAM,,EG
TRURFFAC219URF,,TR
VNSUNILDON,,VN
CNWENBAN2XIA,,CN
BDSMKNIGAZ,,BD
BDSHAEXPGAZ,,BD
CNZHEZHU2SHA,,CN
PKHAFTAN7KAR,,PK
MMWORAPP518YAN,,MM
TRDERTEK10BUR,,TR
ROGENCOL100BAL,,RO
PKCASSPO123LAN,,PK
ESWOMTRA131ELC,,ES
CNFUJAOF8GUA,,CN
GBPOSFASLEI,,GB
CNNANYUN23NAN,,CN
CNSHACHESHA,,CN
GBPROTEK7LEI,,GB
BDHYDKNIKAL,,BD
GBRATCLO10OND,,GB
TRMODTEK100EDI,,TR
CNGALPAC777BEI,,CN
INCOTBLO189TIR,,IN
CNDEQPAI118ZHE,,CN
MAFRULOO1SKH,,MA
CNGUASAC7SHU,,CN
GBROCOFF9LIV,,GB
GBSALIS119WES,,GB
CNCHASUNGUA,,CN
GBSAN104GRE,,GB
GBJAHARMID,,GB
ITCALSAN06TUS,,IT
INTEXPRECOI,,IN
GBSILGIR53LEI,,GB
GBSIMWIS3LEI,,GB
CNYONCERCHA,,CN
BDECHLIM94GAZ,,BD
INSHIINT23CHE,,IN
GBSOFTOU65LEI,,GB
GBWHIIND6TEL,,GB
GBWALTHI28LUT,,GB
GBSTAJEA103NOR,,GB
VNPHUGARPHU,,VN
TRNURTUR22IST,,TR
BDSARRES43MIR,,BD
GBSTU368LEI,,GB
GBSTUONE368LEI,,GB
GBSUNSAN122LON,,GB
TRDMMAK1050KON,,TR
GBAWAAPP3SUR,,GB
INEURFOO988UTT,,IN
TREROGIY41AKS,,TR
GBESSVEE3LEI,,GB
GBESTBEL15MAN,,GB
GBFANLTD21COA,,GB
GBFASGEN8LON,,GB
GBFASSTY50LEI,,GB
INPOLIND198PUN,,IN
CNJINYALJIN,,CN
INMALTRA1233KAN,,IN
CNHANHANHAN,,CN
GBELICRE100LON,,GB
GBGALKNI39LEI,,GB
BDCOLSTI463UTT,,BD
GBGKFAS70LEI,,GB
BDSTECREDHA,,BD
GBGLAUS47BRO,,GB
CNNINWEL1501NIN,,CN
INAMAEXP105TIR,,IN
GBIFCLO24LEI,,GB
ROSCROM13SAL,,RO
GBINOUNIMAN,,GB
TRGLOTEK251IST,,TR
CNGUATEN15GUA,,CN
INMERGAR275TIR,,IN
BDMOUKNIGAZ,,BD
GBJPKNI10LEI,,GB
CNHAICHA11HAI,,CN
GBKAN6LEI,,GB
CNDONCLO66TIA,,CN
TRSAFTEK1BUR,,TR
TWGIACOR124TAI,,TW
IDDONONE15JAK,,ID
INSANCRE6416TIR,,IN
BDPARCER1700GAZ,,BD
GBLLLON4LON,,GB
TRSUNTEK49MAN,,TR
CNMAXINT108QIN,,CN
GBMARCLO1LEI,,GB
INLINFAS6979CHE,,IN
PTCENIND670MAN,,PT
GBMEEGRA37LEI,,GB
HKINT932HON,,HK
TRGLOTAS28IST,,TR
GBPRILIMWEL,,GB
LKSTYGAR9KAT,,LK
CNNAMINDDON,,CN
KHSIGGMTPHO,,KH
GBONY3LEI,,GB
CNAIYGAR9NIN,,CN
GBPALINTLEI,,GB
INFARLEA7KOL,,IN
GBPARDES17LON,,GB
GBPARHOU145MAN,,GB
GBPERTRA9LEI,,GB
BDARRAPP248DHA,,BD
TRSAHTEK7IST,,TR
HKSILROU83HON,,HK
HKSOUPAC10HON,,HK
HKSUNSHU803HON,,HK
BGDIS3BLA,,BG
INABHAPP39BAN,,IN
INPARPRO635TAM,,IN
CNJINTECSHA,,CN
CNNANHEN58RUG,,CN
HNGILACT6CHO,,HN
HNPRIMAN13CHO,,HN
TRULTCOR6BEY,,TR
CNFASBAYSHE,,CN
IDADISEM73BAN,,ID
TRTAHPAZ32IST,,TR
IDAPEDNC25SEL,,ID
PLINT7620SLU,,PL
IDBINBAR07MAJ,,ID
IDBUSAGRBAN,,ID
IDCHAIND16KAR,,ID
IDCHNINDKAR,,ID
IDCVBALDEN,,ID
IDDJTRA1682BOG,,ID
IDEAGSPO86JAW,,ID
IDEINTRE1003JAW,,ID
IDFORBAGGRO,,ID
IDGAHGRE245SUM,,ID
BDBASTEX106DHA,,BD
CNDILFAS1898SHA,,CN
IDHOWJEOKLA,,ID
IDJLPAH25TAN,,ID
IDKAH1031IND,,ID
PETEXSAN447LIM,,PE
CNQINHUNQIN,,CN
ROALMHOL2CAL,,RO
INTULINT90HAR,,IN
GBTOPFAS77LEI,,GB
INCAROVEGUR,,IN
TRAPSGIYMER,,TR
CNNINHEN28NIN,,CN
GBTWISIS27LON,,GB
GBVEEKNI88LEI,,GB
GBVILFAC22LON,,GB
GBWDKLIMLON,,GB
CNSHAGLO2012SHA,,CN
GBWHISMI61MAN,,GB
TRKIRTEK22BUR,,TR
CNCHAYAJCHA,,CN
CNGARHAN,,CN
GREXCFAS21ATH,,GR
GTKLEINC39ESC,,GT
GTMIAFAS3470CDA,,GT
GTPROSA305SAN,,GT
INMIRFAS1458NOI,,IN
HKBESINT10KOW,,HK
HKCERINT79HON,,HK
CNINIBAG9WEN,,CN
HKCHICHO3141HON,,HK
HKCITLTD17HON,,HK
PKSLISQU91LAH,,PK
CNNINHENCIX,,CN
BDEVIAPPDIS,,BD
GBAJFAS5LEI,,GB
TNGALTUNJEM,,TN
HKGOLISL1016HON,,HK
TRADATEKIST,,TR
INYELJER782ERO,,IN
HKKIDLIN700HON,,HK
CNJINGAR299SHA,,CN
HKLEGSWI2101HON,,HK
HKMAN1HON,,HK
BDKARTEX1751DHA,,BD
CNDONKIN2DON,,CN
CNYININD586SHA,,CN
RORAVCON6MOR,,RO
CNOLEUND13FOS,,CN
HKPHGAR1901HON,,HK
TRRIFTRI40GUN,,TR
INIVOCLO9NOI,,IN
TRSALAZE9IST,,TR
TRSAMINS2219IST,,TR
TRSAMTEK104DUZ,,TR
TRSANTEK1180IST,,TR
VNBINPHA1BIN,,VN
PKPAKLEA42KAR,,PK
TRSEDTEK24IST,,TR
ITVAN4LUC,,IT
LKJKGAR641IBB,,LK
BDYUNBD2242NAR,,BD
INNVEXP6CHI,,IN
CNWEIGAR7SHE,,CN
INMADTRA143FAR,,IN
CNZHEDRE186FUJ,,CN
CNGUADERDON,,CN
ROTRIJUN4PAN,,RO
CNMAGCORHUI,,CN
CNJINXIN33JIN,,CN
BDDENEXP9610CHI,,BD
INTATINTDEW,,IN
VNPHUKHA521DOC,,VN
CNHENYOU300ZHU,,CN
EGWAGMOASHO,,EG
VNPHUTHOSOC,,VN
VNPREGLO1HOC,,VN
VNQUAVIE11CHA,,VN
VNREGGARHAI,,VN
CNNEXFAS5PAN,,CN
INGOKGAAVEE,,IN
MABEREIR119CAS,,MA
VNSPI195HOC,,VN
VNSUNINCTHU,,VN
TRSERTEKINS,,TR
TRSERTEKIST,,TR
CNJASCOM138SHE,,CN
TRSIKMAK4COR,,TR
VNGENSHO5ANP,,VN
NIKENSA14MAN,,NI
TRSIMTEK3IST,,TR
PLLEG1JUT,,PL
TRSLNTEK2655BAG,,TR
INJAIINT6902TIR,,IN
TRDOTMOD1433IST,,TR
MAISOMOD41LAR,,MA
INARTIND366GUR,,IN
BDVIRMH178DHA,,BD
INTATINT1DEW,,IN
BRPILIND2915BRA,,BR
INBOUGLO27HAR,,IN
INENGBLA301BAN,,IN
INCLIEXP1083TIR,,IN
PKSHASON22KAR,,PK
CNCHAENT1802SHA,,CN
GRNEWAGE6THE,,GR
CNSHUJIUANH,,CN
BDPADJEA1349DHA,,BD
HKFILSPO7KOW,,HK
IDPTTEO10CIM,,ID
GBENVCAM,,GB
CNCHEYEGUA,,CN
INSAIJYO72SUR,,IN
GBARCGRP6LON,,GB
TNVENCON4SFA,,TN
INMAPEXP77NOI,,IN
GBLONSTY2733LON,,GB
INSHIMAD2892SUR,,IN
PKKAMINDKHI,,PK
IDPANBRO02MOJ,,ID
MABOUFAS16TAN,,MA
TRBURTEK80IST,,TR
CNNOABRA3SHA,,CN
VNTANDON743BIN,,VN
VNTAVCOM468HOC,,VN
TRINTTRI2MAL,,TR
VNTHISHO26HOC,,VN
TRUMUTRIIST,,TR
PKSAMRUB23LAH,,PK
VNTNGINV160THA,,VN
CNGTIHUB1630ZHA,,CN
VNTNGINVTHA,,VN
VNTUNMUN1365HOC,,VN
VNUNISWI1CAM,,VN
CNWAITUPDATE54,,CN
BDWAITUPDATE,,BD
CNWAITUPDATE,,CN
CNWAITUPDATE34,,CN
KHWAITUPDATE,,KH
INWAITUPDATE33,,IN
BDWAITUPDATE3,,BD
TRWAITUPDATE65,,TR
TROKATEK91IST,,TR
VNECLTEX5LON,,VN
INMAH1656BAN,,IN
MATEX17TAZ,,MA
CNZHEXIN1500JIA,,CN
MATHIAMP26RAH,,MA
MUTEXKNI8LES,,MU
CNQINFENGUA,,CN
TRTANTEK5081IST,,TR
GBGOLBEL211MAN,,GB
PTMALSON1163BAR,,PT
CNNANTEXGUA,,CN
VNBOWVIE6BIN,,VN
CNAMCMER5015SHE,,CN
CNBILHOR12PAN,,CN
CNXIALIA3611XIA,,CN
ITVIGSPA1007TOR,,IT
INJJEXP22NEW,,IN
VNVIEGAR7HOC,,VN
VNVIEGOL67HAN,,VN
ESMATSOL15SAN,,ES
TRTALTEK2662IST,,TR
VNVINBAC2BAC,,VN
TRALDAGR9431AGR,,TR
TRWAITUPDATE5,,TR
TRWAITUPDATE43,,TR
GRWAITUPDATE7,,GR
INWAITUPDATE52,,IN
CNWAITUPDATE81,,CN
INWAITUPDATE39,,IN
INWAITUPDATE36,,IN
GRWAITUPDATE22,,GR
TRWAITUPDATE57,,TR
ROWAITUPDATE5,,RO
GRWAITUPDATE2,,GR
CNWAITUPDATE99,,CN
LKWAITUPDATE13,,LK
INWAITUPDATE8,,IN
TRWAITUPDATE33,,TR
CNWAITUPDATE40,,CN
BDHOMFASNAR,,BD
INMEEIND2916ROY,,IN
LKNEWUNIHET,,LK
INSIGGAR6UTT,,IN
ROIRC79CRA,,RO
INSANINT34GUR,,IN
TRDMTEK3721IST,,TR
CNJIAYAWJIA,,CN
TRDURTEK1433IST,,TR
ROANNREE173ARG,,RO
ROMUNSI210PIT,,RO
TRASYMOD2367IST,,TR
ROSUPEUR200JUD,,RO
ITANTAZZ5014FIR,,IT
INKUMINT8BOM,,IN
INMADTRA9NEW,,IN
CNDONFEN2DON,,CN
MAZAKFASTAN,,MA
TRADATEK30GUM,,TR
CNSHAYALSHA,,CN
BDINTKNIGAZ,,BD
CNRUIDADON,,CN
CNAFFHEADIN,,CN
KHLIKAIPHN,,KH
INMIC629LUC,,IN
IDPTBUS1112JAK,,ID
CNWEIGAR7DON,,CN
TRCAKGRO2823IST,,TR
TRDURTEKIST,,TR
CNXIAMET15DON,,CN
TRECETEK1838IST,,TR
TREDTHAZ2BUR,,TR
ESAMNUR5359BAR,,ES
TREGETEK3562IZM,,TR
TREKITEKIST,,TR
BDSPGAR10GAZ,,BD
PKMUHASH54KAR,,PK
TRELICOR3401IST,,TR
TRELIDISINS,,TR
CNWAITUPDATE110,,CN
CNWAITUPDATE44,,CN
PKWAITUPDATE,,PK
TRWAITUPDATE21,,TR
TRWAITUPDATE23,,TR
TRWAITUPDATE55,,TR
CNWAITUPDATE80,,CN
CNWAITUPDATE87,,CN
PTWAITUPDATE4,,PT
GBWAITUPDATE1,,GB
GBWAITUPDATE2,,GB
TRWAITUPDATE40,,TR
TRESVORM6IST,,TR
CNSHEYIN818SHE,,CN
BGLIM57PAV,,BG
CNCHAXIN422ZHA,,CN
CNGANALF1GAN,,CN
CNDAYTEK422ZHA,,CN
PTBRIMIR257BAR,,PT
TRILYKON250KIR,,TR
ROUTIMOD37PLO,,RO
INELEEXP2GUR,,IN
LKMILFAS3SRI,,LK
INWAITUPDATE20,,IN
INWAITUPDATE68,,IN
TRWAITUPDATE37,,TR
PTWAITUPDATE3,,PT
GRWAITUPDATE12,,GR
MXWAITUPDATE,,MX
GBWAITUPDATE5,,GB
INWAITUPDATE48,,IN
TRWAITUPDATE15,,TR
TRFINTEK184IST,,TR
CNJIAGUO23JIA,,CN
CNXINSHO10GUA,,CN
TRERATEX3IST,,TR
CNNANWAHNAN,,CN
GBSURLIF274LON,,GB
TREROTEK33GAZ,,TR
INBLIANA93GUR,,IN
INMIRINTMAG,,IN
CNBHSCORCHA,,CN
HKCIREXP3739HON,,HK
CNNINYIWWUX,,CN
MALAG191CAS,,MA
CNBONLOG23XIA,,CN
CNHOPINDDON,,CN
LKNORMAN74WAL,,LK
LKJUMLAN162NAK,,LK
INRITEXP7000KOL,,IN
CNTAILOT2TAI,,CN
MMSEOHO62HLE,,MM
CNGANDINJIA,,CN
CNGUAKAN401PAN,,CN
CNGUAZHI778NAN,,CN
CNZHEGUA335BAI,,CN
ROCAA115PLO,,RO
PKOJTRA45KAR,,PK
PKMRDEN83LAH,,PK
TRSUNDES2718IST,,TR
PKINTLIM7FAI,,PK
TRSYKTEK5BUR,,TR
GBREDEYE20LON,,GB
AEJUMGEN1046DUB,,AE
INFARLEA11KAN,,IN
TRTAYTEK115ADA,,TR
BDHANFAS1119GAZ,,BD
TRTAYTEKBUY,,TR
IDKAHSOC1031JAW,,ID
TREURTEK268TEK,,TR
INPAGFAS70SAC,,IN
TREZKTEK51IST,,TR
TRFARTEK5458IZM,,TR
TRFASPOI200IST,,TR
TRFLOMODDUZ,,TR
TRFORTEK3426IST,,TR
MASABSAR297TAN,,MA
BDPATECO50GAZ,,BD
CNTONJDL839TON,,CN
VGMGIENTTOR,,VG
CNJIAGUO18ZHA,,CN
TREMFTEK3IZM,,TR
INBHAEXP189HAR,,IN
ROANGPRO2SAL,,RO
INKVSTEX3429TIR,,IN
BDCROKOW288DHA,,BD
HKWORTRA3CHE,,HK
INBHAEXP1697BAL,,IN
CNGUAJIA401GUA,,CN
CNGUAKAI59GUA,,CN
CNGUASHU509GUA,,CN
CNGUACHU26GUA,,CN
VNADRVINVIN,,VN
CNHUIDES3HUI,,CN
CNTAIBAIZHE,,CN
TRTERMAH18IST,,TR
INJYOOVE11NAG,,IN
TRTNTKON41MER,,TR
TRTOFTEK1IST,,TR
CNHOTGAR78JIN,,CN
GBWRECLUWRE,,GB
IDPTDEI3SER,,ID
CNZHEWOODON,,CN
BDPANSWEGAZ,,BD
GTACEYK285SAN,,GT
TRGELTEK5IST,,TR
CNQUALICQUA,,CN
PTCALPEDRAN,,PT
TRGIGTEK33IST,,TR
MAPRECOU12CAS,,MA
GBANGINT4CAM,,GB
TRGOKKON27BUR,,TR
TRGOKTEK16ERB,,TR
CNXIAJH489XIA,,CN
TRGOTOZI5748IZM,,TR
TRGUL18IST,,TR
CNWEIGAR7GUA,,CN
EGETOEGY668ALE,,EG
THINTMET292LAM,,TH
CNHUAYIHANH,,CN
CNHANTUO7027ZHE,,CN
INSHAEXP4644TNA,,IN
UASCFOR12BER,,UA
INPANJAY1275ABA,,IN
USPROSOC615LOS,,US
LKEAMMALAMP,,LK
BGVANEOO3PAR,,BG
CNUNIFASWEN,,CN
INDAIAPP99TIR,,IN
VNTESHOAVIE,,VN
CNGUALIGGUA,,CN
CNRIOSPO168QUA,,CN
CNRSMTIATIA,,CN
CNSHADINHEZ,,CN
INDEXAPP183NOI,,IN
INKNPHAN135NOI,,IN
ITCIOSPA11QUI,,IT
ITMIRSPAVEN,,IT
TKSAGTA28IST,,TK
INFANFAS28IND,,IN
BDMSKNI13SAV,,BD
CNDONYI6GUA,,CN
CNGUAYUN5GUA,,CN
CNSHAUB1805ZHE,,CN
TRTYHULU363ULE,,TR
TRTYHULU7IST,,TR
INANDCLO6416TIR,,IN
TRUGUBAL1871IST,,TR
INARTHOMPAN,,IN
CNZHEXIL13HAN,,CN
TRURAKUMIST,,TR
TRUTGIST120IST,,TR
TRUTSGIY14IST,,TR
TRVAMTEK6IST,,TR
TRVESTEKDÜZ,,TR
GBTREMILLIS,,GB
TRRIVTOZ3300GEB,,TR
TRGUVKAR25ESK,,TR
TRGUVTEK1IST,,TR
TRBVBTEK17IST,,TR
TRHAZTEK1031IST,,TR
TRHAZTEK48BAG,,TR
CNJIACOU7CHI,,CN
CNSHIZHO27QUA,,CN
CNHEFSWI97GUA,,CN
CNQUAZHO301QUA,,CN
TRANAGEL5TUR,,TR
CNANHLEX3LUA,,CN
TWLSHEA121TAI,,TW
ROSCVIR12BAI,,RO
TRDALTEK9MAL,,TR
INKDDES34GUR,,IN
INFREFAS6POR,,IN
CNGUAYI13GUA,,CN
CNEVIINT37NIN,,CN
CNHANESD85FUJ,,CN
BDNRNFAS985DHA,,BD
CNNANSHO28CHI,,CN
TRVIGTEX432IST,,TR
TRVURKON31IST,,TR
TRWIZON8IST,,TR
LKMIAEXPBUT,,LK
CNFAITRADON,,CN
CNJHLIF5YAN,,CN
TRYAVAYK7KAR,,TR
CNHANPAS6HAN,,CN
TRYILTEK7IST,,TR
TRYURBAS5IST,,TR
TRZEYMOD18IST,,TR
TRZEYTEKIST,,TR
TRZORTIC3975,,TR
TRILGTEK81IST,,TR
CNTAIGTTAI,,CN
CNTODTRE101SHE,,CN
INVICCLO476TIR,,IN
MASOMMOR57RAH,,MA
TRISMALP3101ADA,,TR
VNDHABACBAC,,VN
CNSUNCLOYUN,,CN
CNJIACHE151JIA,,CN
TRKAMCOR7IST,,TR
TRKAMTEXIST,,TR
PKKASPVT1831KAR,,PK
INMHAHAN1708KHA,,IN
CNDONCIT3DON,,CN
TNROYFASTEB,,TN
RONEWCAS37VAL,,RO
INEASHER65NOI,,IN
MUNEWSEWMAU,,MU
CNXIABOO3880XIA,,CN
CNLEKFUJ6FUJ,,CN
PKISMAIWLAH,,PK
CNWENSTE8ZHE,,CN
CNZHEFAI308HAN,,CN
BDTOTFASDHA,,BD
CNSHAKOY2302HAN,,CN
VNHOGFTY22HUN,,VN
BDVINDEN1740GAZ,,BD
CNTAIDONTAI,,CN
CNREGEAREAS,,CN
INZIPDEN02BAN,,IN
TWDOTEYE7104TAI,,TW
PEINDTEX2583LIM,,PE
ITLINSRL9CAP,,IT
TWFUSHE9TAO,,TW
CNJIAJIA158PIN,,CN
TWGREYO7104TAI,,TW
PKAMAINT42KAR,,PK
TWLAUTEC10KAO,,TW
TRIDEDIS19KOC,,TR
HKFULBAG61HON,,HK
TWSINYOU167TAI,,TW
TWTIGGRO216TAI,,TW
TRKAR26IST,,TR
TRKIMTEKISP,,TR
TRKISTEK9IST,,TR
TRKIVTEK179IST,,TR
CNJOEWINZHO,,CN
TRKOCTEK3405IST,,TR
TRKTEDIS1247IST,,TR
TRKULSUB4517MAN,,TR
ININSOVE37GUR,,IN
MABODCAS4TAN,,MA
TRAKBTEK17GUR,,TR
TRNEWMOD1063INS,,TR
CNHON1230ZHE,,CN
GBROYLOWNOT,,GB
CNSHAJIA157SHA,,CN
HNACEALF17PUE,,HN
TRDOTTEK16MER,,TR
KHSOKSITSIE,,KH
TRASTEK311IZM,,TR
CNNINJIN688NIN,,CN
UABERCLO2BER,,UA
PTCORIND257POR,,PT
GBAVEDEN1WOO,,GB
UAGORLVI,,UA
UAMODLTD2LUT,,UA
TRAYDKON22IST,,TR
TRCEMTEK91EDI,,TR
UATROLVI,,UA
INZAFSHO52AMB,,IN
MMSMKMIN4YAN,,MM
USEARAPP908CRO,,US
BDALIFASGAZ,,BD
ESHISTEX3SAN,,ES
USIIILEA512NEW,,US
ESCALCON10CAR,,ES
USMASPRI2035DOM,,US
TRLAVID45IST,,TR
CNZHEHUA123ZHU,,CN
INAMASHO163UTT,,IN
TRUNIMAHIST,,TR
GBWRISONLOU,,GB
TRLIDCAN8TEK,,TR
TRMAHMAH2655IST,,TR
TRMALMAH3IST,,TR
PKNOOAPP115KAR,,PK
HKMARINT56HON,,HK
TRMARTEK14BUR,,TR
CNTONFOR61HAN,,CN
TRMAYCOR20IST,,TR
TRMEGETI17IST,,TR
INSAGAR3941TIR,,IN
TRMEMUSA20IST,,TR
INMSFUTMUM,,IN
TRMERMAH22IST,,TR
CNSUZHH358SUZ,,CN
MAMOD2CAS,,MA
MANOR774TAN,,MA
ITPERCAR4042MAR,,IT
LKVOGPVTKOG,,LK
GBCTGCLO126LEI,,GB
GBEDGCLO32MAN,,GB
GBMORFAS001ESS,,GB
CNSHAFEN9SHA,,CN
CNZHETANJUR,,CN
CNSUNTEX88ZHA,,CN
INVAREXP238TAM,,IN
GBFIRLIG10OXF,,GB
INEVOINDTHA,,IN
RONELFIN372ALE,,RO
BDANACAS99GAZ,,BD
VNALEVIETHA,,VN
CNQINFUR10QIN,,CN
VNAPAFOO128KAB,,VN
CNTONAPP3ZHA,,CN
TREVATEK101IST,,TR
VNCCHTOP521TAI,,VN
TRMETGENIST,,TR
PKAKHTEX23KAR,,PK
TRMILSPO7IST,,TR
INABCLEA875GUR,,IN
TRMIRTEK22AKD,,TR
TRMODTEKCOR,,TR
CNKJHAIHAI,,CN
IDFASMANSEM,,ID
TRMTKTEK83SIN,,TR
TRMURCOR29INS,,TR
TRBOL12IST,,TR
INANJAPP5ANA,,IN
INBOUINT47NOI,,IN
INASPCLO110NOI,,IN
TRBIZGIY7407IZM,,TR
TRTANTEK23IST,,TR
CHGAIGAI8DON,,CH
CNGUAPIN99PAN,,CN
INMSSILKOL,,IN
INNYAPP8163NOI,,IN
TRLIBIPL8IST,,TR
USVIRAPP2030LA,,US
CNSUQHOL88JIA,,CN
HKGRAINT11KOW,,HK
ROCHRJOH5254CAM,,RO
BDLIBTEXGAZ,,BD
VNCHEOKT40HOC,,VN
PTRITTENFAF,,PT
VNECLTEX5HOC,,VN
VNESPVIEHOC,,VN
VNFLE234DON,,VN
VNFORINDHAI,,VN
VNFWKVIESON,,VN
VNFWKVIEVIN,,VN
VNGIAGAR12PLE,,VN
INSAHEXP9AND,,IN
TRNAZTEK579MER,,TR
TRNAZTEK615IZM,,TR
CNHANSAN188HAN,,CN
TRNEGTEK13INT,,TR
TRNEOTEK21IST,,TR
TRNESTRK804GUM,,TR
TRNEWHAZ48IST,,TR
LKSANPVTALU,,LK
TRNORDIS42IST,,TR
TRNURKON1315IST,,TR
CNGUAJINGUA,,CN
TROKATEK4IST,,TR
TROLLTEX94IST,,TR
TRGAMAFYAFY,,TR
TRONTSELIST,,TR
INRRHAS109UTT,,IN
TRORMTEK2IST,,TR
MAMASMOD859RAB,,MA
BDCOTDYEDHA,,BD
BDJERIME31DHA,,BD
BDRENDES15DHA,,BD
CNYIWYIN201YIW,,CN
INPERHAN38NOI,,IN
BDB2BEXC8DHA,,BD
MMGUOGLO1381SHE,,MM
CNFORCHOSHA,,CN
CNSHECLO2DON,,CN
CNNINYON41NIN,,CN
CNDONFULDON,,CN
BDNORCORGAZ,,BD
INAGRAPP63NOI,,IN
CNNINSUN48NIN,,CN
ITIDEPER6VIL,,IT
TRBENBAN101IST,,TR
VNTNGINV2500THA,,VN
CNNANAPPFOS,,CN
CNSHAMIC10SHA,,CN
MAARASARTAN,,MA
ESPROKOLROC,,ES
VNVIEIND63HAI,,VN
VNHASFAS33GIA,,VN
VNHOGGRO102HAN,,VN
MADIDSARTAN,,MA
VNHONAPP24HUN,,VN
VNHUNLON24HAO,,VN
MASTEHANTEM,,MA
VNKINBACHAN,,VN
INKUNDRA535GRA,,IN
VNGARJOIHUN,,VN
GBDIALIM10BAR,,GB
TROZATEK10IST,,TR
TRCOB3IST,,TR
ITCOTSRL6GRA,,IT
ITIDEMAR9POL,,IT
PKSININT66KAR,,PK
CNCHEYUGUA,,CN
TROZTSAN1BUR,,TR
TRPENCORTEK,,TR
TRPENGIY3001IST,,TR
BDSQUDENMYM,,BD
MAFASTAN,,MA
ROELEFAS1BAN,,RO
LKORIAPPDUM,,LK
ROEURIMP4IAS,,RO
GBWAXART5ROM,,GB
CNNINHAININ,,CN
ESCREMAL9ASP,,ES
CNINFINC8CHA,,CN
INSONFAS117BAN,,IN
VNLACTY2HAU,,VN
VNLEAGAR7LON,,VN
TRAYCTEK1015IZM,,TR
PTLUZTEX106VIZ,,PT
VNMAXINT386HAI,,VN
VNMYTHO8200MY,,VN
VNMYVIE9HOC,,VN
TRREMTEK9810IST,,TR
VNNAMGAR510NAM,,VN
VNNAMSONHAN,,VN
VNORIGARANG,,VN
TRPERSTA1375IZM,,TR
CNSUZWUZSUZ,,CN
ESPLAGAM6196BAR,,ES
TRPIRTEK6IST,,TR
ROJATSA32BOT,,RO
CNASKCLOGUA,,CN
TRREKTEK2850STA,,TR
TRREYMOD3943IST,,TR
TRREYTEK14BAR,,TR
TRRHOOZL3509IZM,,TR
ROKATFAS11CAM,,RO
TRARATEK1219IST,,TR
INCENOVE37NEW,,IN
MASWIANY51TAB,,MA
ROVIRTEX12BAI,,RO
TRRBKTEK61IST,,TR
ITTONSRL58MAN,,IT
GBSWABID,,GB
VNGARCOM10HAN,,VN
MANEO841TAN,,MA
TRTAMTAM75IZM,,TR
TRECETEK32BUY,,TR
BADKSLOV24GEM,,BA
CNNANJUNTON,,CN
CNXINMETGUA,,CN
INMSSRI6383BHA,,IN
CNHUALU45DON,,CN
CNWUXJINWUX,,CN
INORICRA16NEW,,IN
INORICRA8NEW,,IN
INPAREXP718HAR,,IN
INPARPRO2013NOI,,IN
INPARPRO35UTT,,IN
INPEAFAA3132TIR,,IN
INPERFOO76AGR,,IN
CNDISHUA20DAL,,CN
PLTEXUNI130ZIE,,PL
PLTIBJV24JAN,,PL
PTBARGAR660RIO,,PT
PTBECMAL60BAR,,PT
PTCRIFABPAR,,PT
TRBERHAZIST,,TR
TRBEYTEK1673IST,,TR
TRBHSCOR11IST,,TR
TRBILCOR3KIR,,TR
TRBOLTEK3440IST,,TR
TRBONTEK1012TEK,,TR
TRBOSTEK346IST,,TR
IDNATAPP4702DIN,,ID
CNZHOWEI5284ZHO,,CN
CNKAILAM13SHE,,CN
CNAOX557DON,,CN
IDPANJAYBAN,,ID
IDPANPAC12SEM,,ID
IDPARWORJAW,,ID
GBBILLTD4LON,,GB
TRMORTEK192IST,,TR
AEALPFAL3129ALG,,AE
CNDAICHI32SHA,,CN
CHNINTEN565NIN,,CH
IDPTKAH16BAN,,ID
IDPTNIK72SER,,ID
INPICEXP188DEL,,IN
CNQTRFAS5025CHO,,CN
CNYIWDRE206YIW,,CN
INPRIOVE54AGR,,IN
PKLYAKNI3481FAI,,PK
CNACOSEW4FUZ,,CN
INRADEXP186HAR,,IN
INRAIFAB69NOI,,IN
PTERITEX1NOV,,PT
CNSHULIX8FOS,,CN
ROSCSYK27DOL,,RO
VNLINAQU1HUN,,VN
PTFAVSOC270BAR,,PT
PTFOLCONESP,,PT
CNHUIHEN1HUI,,CN
CNYANFUS201GUA,,CN
PTJFVTEX119TAM,,PT
PTLIDAND126FEL,,PT
PTMALSONBAR,,PT
TRBRATEKIST,,TR
TRBROTEKIST,,TR
TRBUDTEK10IST,,TR
TRCCMGIY2022IST,,TR
TRCCMGIY2022YEN,,TR
TRCERDIS5DUZ,,TR
INNN2FAR,,IN
IDRINJAY18SUK,,ID
MAFRULOO1205TEM,,MA
CNDONWEI37DON,,CN
GRCASSA3THE,,GR
CNBEIAUS6BEI,,CN
IDSTAFAS55SEM,,ID
CNDANFEI160DAN,,CN
CNDZICON403SHE,,CN
IDTRIWISKLA,,ID
IDUNGIND5SEM,,ID
IDUNGSAR235SEM,,ID
IDUTASS12SUR,,ID
IDVISLAN26SEM,,ID
IDYUNIND24BOG,,ID
ILHITEX1365MIS,,IL
INAARFAS570MUM,,IN
LKELEMAN37NEG,,LK
LKEMJINTKUR,,LK
CNFOSCHUFOS,,CN
LKHIRIND279KAH,,LK
VNPHAINVQUI,,VN
LKJUMLAN62BIB,,LK
CNTOPFAS39JIA,,CN
MAARE854TAN,,MA
LKLANNAI94KAT,,LK
VNNAMCOKIM,,VN
LKLINAQUCOL,,LK
LKMANCOL31WAT,,LK
TRCIIMAR15IST,,TR
TRCISGIY8IST,,TR
TRCNCTEK3IST,,TR
TRCRNTRI80IST,,TR
TRCUMMAH5IST,,TR
TRDALCOR28IST,,TR
TRDANTEK7IST,,TR
TRDARTEK3IST,,TR
TRDAYTEK15IST,,TR
TRDENKUM3419IST,,TR
INRIKEXP2013NOI,,IN
INRISENT92UTT,,IN
INRKCOM706SON,,IN
INRKIND37CHE,,IN
INSAHEXP204NOI,,IN
INSAICRE134NOD,,IN
TRBATTEK3INS,,TR
INMAGFOO11UTT,,IN
INADIBIR622BAN,,IN
CNCHAGARZHA,,CN
KHBLOCEN2BAT,,KH
CNAPPMAT28XIA,,CN
TRENDTEK33PIN,,TR
GBOPTMFG83LIV,,GB
GBRAFLAK1073LAK,,GB
VNTNGPHUTHA,,VN
INALIIMPMOR,,IN
INALPAPP27FAR,,IN
TREFETEK9ORD,,TR
INALPOVE16KOL,,IN
INAMILEA64NOI,,IN
LKORIAPP1AVI,,LK
LKORIAPP4AVI,,LK
BDKNICON62BAN,,BD
BDSQUDENBHA,,BD
LKSHIAPP144WAT,,LK
CNAOS5GUA,,CN
CNHAIYUS18HAI,,CN
LKTIMGARNIT,,LK
LKVOGTEX23GAL,,LK
TRDENTEK197TAV,,TR
TRDENTEK92AFY,,TR
TRDENTEKDEN,,TR
TRDETTEKAVC,,TR
TRDINDINERG,,TR
TRDOGDOK46IST,,TR
TRDOGKON2337IST,,TR
CNYOI402JIA,,CN
INSAREXP344GUR,,IN
INSELIND1925DEL,,IN
INSHAEXP1HAR,,IN
INSHAEXP25BAN,,IN
INSHAEXP38BAN,,IN
INSHAEXP4313BAN,,IN
INMAYPRO237AHM,,IN
INAQUIND2011BAN,,IN
INARSFAS194VAP,,IN
INMSSAB247NOI,,IN
LKBRAAPP27KOG,,LK
HKSANGRO19KOW,,HK
LTUABDEN91KAU,,LT
LTUABGIT9MOL,,LT
CNWENJIE383ZHE,,CN
MACNF804FEZ,,MA
MACRECLO10SAL,,MA
MADAT5CAS,,MA
PTMAXTEX414BAR,,PT
PTROD61FEL,,PT
PTSHOUNL4650FEL,,PT
PTSJTEX66BAR,,PT
PTTETIND68ERV,,PT
PTTEX24BAR,,PT
PTTEX4740ESP,,PT
PTTEXAND4750BAR,,PT
INSHRAPP502TIR,,IN
INSHRKRI2440UTT,,IN
INSIMSUE5CHE,,IN
INSIYSIL4811DAM,,IN
INSMSEXP28NEW,,IN
INSRESAN52TIR,,IN
INSRESAN83TIR,,IN
INSRIFAS5CHE,,IN
INSSGAPP34TIR,,IN
INSTAAPP52KAN,,IN
INATT187GUR,,IN
INBAGMAK5225GUR,,IN
CNDUOSHO95WEN,,CN
INBANEXI19GUR,,IN
ITILASPA1314ROM,,IT
CNDINART19NAN,,CN
VNWORVIE2TIN,,VN
INBHAENT189HAR,,IN
PKMARENTSIA,,PK
TRFATGIY804IST,,TR
INMIRINT1265MAG,,IN
INBKFAS105NOI,,IN
INBLIGLO1220HAR,,IN
MAELIDES61SSA,,MA
MAFASMAR94TAN,,MA
MAGCMOR4SAL,,MA
MALUBSARTAN,,MA
MAMODSAR770TAN,,MA
PTVIEMAR4830POV,,PT
ROALLCIO34LAS,,RO
ROAMAMAR2CAL,,RO
ROCOMINV2SLA,,RO
ROCRIPRE66JUD,,RO
RODIMFAS112PIT,,RO
INSTRINT70BAN,,IN
INSTYELI2013PRA,,IN
INSUDHOS23NEW,,IN
INSUNIND3UTT,,IN
INSUPLIM15UNN,,IN
CNHUASCA279HAN,,CN
ROCONSRL124OLT,,RO
INBNENT30NEW,,IN
INNOOHAN113NEW,,IN
INUNICOL1220GUR,,IN
BASOC3TES,,BA
INCELKNI150NOI,,IN
INMAFCLORAJ,,IN
BDMAXSWE2426RUP,,BD
GBNEWFABCHE,,GB
CNHANKIN117ZHE,,CN
INCOCEXP39HAR,,IN
INCOTCLO8NEW,,IN
MAMTS4SEF,,MA
MARMCON116CAS,,MA
MASATCLOTAN,,MA
MASTEAFACAS,,MA
MASUNBEL32TAN,,MA
ROFEDDES10PLO,,RO
ROIRCSTY79CRA,,RO
ROMOD14BRA,,RO
INTJAPP11TIR,,IN
GBFASUK2WES,,GB
INTRISER534MUM,,IN
INTULCRE172GAU,,IN
INTURTOO435PUN,,IN
INTVA123NOI,,IN
INUANEXP2013NO1,,IN
INVAMOVE65NOI,,IN
INCREGAR351BAN,,IN
CNACILTDJIN,,CN
CNWINTEX25HAN,,CN
PKNISMIL7LAH,,PK
INNAHTEXTHA,,IN
INCUBFAS1138TAM,,IN
ITALDI24PRA,,IT
INTEXAPP427BAN,,IN
VNDUCTHA375HOC,,VN
CNPREFURGUA,,CN
INDEEEXI544HAR,,IN
BDPERSWE23DHA,,BD
BDSPRTRA2DHA,,BD
IDSSHCBKAM,,ID
MDICSEXCBAL,,MD
MGANTKNI1458ANT,,MG
MGEPSSA12ANT,,MG
MKMERCORGEV,,MK
MMCMFMYA250YAN,,MM
MMESLGAR177RAN,,MM
MMGLOWIN2722YAN,,MM
MDNORMOD7BAL,,MD
CNSHUGUO6SUQ,,CN
MMMYALON229HLA,,MM
RONELFIN372LEX,,RO
ROROJTEX12BRA,,RO
ROSCALI552URZ,,RO
ROSCBEB4BUZ,,RO
INVICCLO4761TIR,,IN
INVIRINT74AGR,,IN
INVIS28SEC,,IN
INVJKNI8544TIR,,IN
INWHIHOU6032GUD,,IN
INWININDCHE,,IN
INWREJEA114NOD,,IN
INXLNFAS85NOI,,IN
INYUVAPP657TIR,,IN
INZILPTE3309NEW,,IN
INZODCLOBAN,,IN
BACONKNI8MYM,,BA
INEMPEXP421MUM,,IN
PKUSATEX3LAH,,PK
CNQUAMIN6QUA,,CN
TRETEDEM119IST,,TR
INARV339JAI,,IN
ITMEDSRL23MON,,IT
INVNLEXP1126JAI,,IN
INEVETAN902KAN,,IN
INFABCLO57NOI,,IN
MMGOLSHI7374MIN,,MM
MMHIGFAS182YAN,,MM
MMHONKON216MON,,MM
MMLONFAS229YAN,,MM
MMSINGAR5YAN,,MM
ROSCCHR66TOP,,RO
CNWENGUF158CAN,,CN
ROSCFRA185PIT,,RO
ROSCGUR2301SLA,,RO
ROSCPEA30URL,,RO
CNZHEHUI228JIA,,CN
ITACALFAP46040CAS,,IT
FRTEXVAUVAU,,FR
ITCALCRI4951BAR,,IT
ITCALDUE133CAS,,IT
ITCALFAP9MAN,,IT
PLPPHAPA25SLU,,PL
CNWENYUL58WEN,,CN
INFASLIN1805BAN,,IN
INFASSTY53NOI,,IN
VNOKTLTD2361HOC,,VN
INFUTRET2152MUM,,IN
TRNAMKEM164IST,,TR
ALANEBRO6110KIL,,AL
MDTHACOM2260CLA,,MD
CNWINELE8GUA,,CN
INGLOEXP1614POK,,IN
MMZONMYA3YAN,,MM
BDNEWDEL1207DHA ,,BD
BDSTYSANMAG,,BD
TRLAT9IST,,TR
MUCOMMAUVAC,,MU
MUFIRTEXPOR,,MU
MUMAR119TAN,,MU
ROSILSA2CEH,,RO
ROTET6CIS,,RO
ROUNIEXI2300SLA,,RO
ROUNIEXI25SLA,,RO
SGGIMIND92SIN,,SG
ITCOLSRL3CAR,,IT
ITELISTU8PRA,,IT
ITEMYCAL48CAS,,IT
ITGIZCAL4604CAS,,IT
INGLOLEA8CHE,,IN
INGLOMOD65NOI,,IN
INPRIACC1252MUM,,IN
TRGEYSAK,,TR
TRVESTEK31IST,,TR
INIMPIND38MOR,,IN
INGOKIND37BAN,,IN
INANUINT186TAM,,IN
INGOOFAB5601BAN,,IN
INGOWKNI2431TIR,,IN
INGRECLO271TIR,,IN
CNJIAHUA650JIA,,CN
INRAM1291AND,,IN
INHASULL880NEW,,IN
INHIDEXP113NOI,,IN
INHISTY27TAM,,IN
INHOSCOM8586NOI,,IN
MXHERAPPHUE,,MX
