280001,"2024-02-07 08:39:53.45","#PO0001",50.00,68.00,93.00,120.90,"2024-02-27","134759565","PO",4,,,,"","ALMA","PO0001A1",30025,1002,"2024-02-27","2024-03-27","USD",93.00,100,"3XS:20|2XS:20|XS:20|S:10|M:10|L:10|XL:10"
280002,"2024-02-07 08:39:53.45","#PO0002",50.00,68.00,93.00,120.90,"2024-02-27","134759565","PO",4,,,,"","ALMA","PO0002A0",30026,1016,"2024-02-27","2024-03-27","USD",93.00,100,"3XS:20|2XS:20|XS:20|S:10|M:10|L:10|XL:10"
280003,"2024-02-07 08:39:53.45","#PO0003",50.00,68.00,93.00,120.90,"2024-02-27","134759565","PO",4,,,,"","ALMA","PO0003A1",30027,3002,"2024-02-27","2024-03-27","USD",93.00,100,"3XS:20|2XS:20|XS:20|S:10|M:10|L:10|XL:10"
280004,"2024-02-07 08:39:53.45","#PO0004",50.00,68.00,93.00,120.90,"2024-02-27","134759565","PO",4,,,,"","ALMA","PO0004A0",30066,4002,"2024-02-27","2024-03-27","USD",93.00,100,"3XS:20|2XS:20|XS:20|S:10|M:10|L:10|XL:10"
280005,"2024-02-07 08:39:53.45","#PO0005",50.00,68.00,93.00,120.90,"2024-02-27","134759565","PO",4,,,,"","ALMA","PO0005A1",30067,5002,"2024-02-27","2024-03-27","USD",93.00,100,"3XS:20|2XS:20|XS:20|S:10|M:10|L:10|XL:10"
280006,"2024-02-07 08:39:53.45","#PO0006",50.00,68.00,93.00,120.90,"2024-02-27","134759565","PO",4,,,,"","ALMA","PO0006A0",30068,6002,"2024-02-27","2024-03-27","USD",93.00,100,"3XS:20|2XS:20|XS:20|S:10|M:10|L:10|XL:10"
280007,"2024-02-07 08:39:53.45","#PO0007",50.00,68.00,93.00,120.90,"2024-02-27","134759565","PO",4,,,,"","ALMA","PO0007A1",30069,8002,"2024-02-27","2024-03-27","USD",93.00,100,"3XS:20|2XS:20|XS:20|S:10|M:10|L:10|XL:10"
280008,"2024-02-07 08:39:53.45","#PO0008",50.00,68.00,93.00,120.90,"2024-02-27","134759566","PO",4,,,,"","ALMA","PO0008A1",30025,1002,"2024-02-27","2024-03-27","USD",93.00,100,"3XS:20|2XS:20|XS:20|S:10|M:10|L:10|XL:10"
280009,"2024-02-07 08:39:53.45","#PO0009",50.00,68.00,93.00,120.90,"2024-02-27","134759566","PO",4,,,,"","ALMA","PO0009A0",30026,1016,"2024-02-27","2024-03-27","USD",93.00,100,"3XS:20|2XS:20|XS:20|S:10|M:10|L:10|XL:10"
280010,"2024-02-07 08:39:53.45","#PO0010",50.00,68.00,93.00,120.90,"2024-02-27","134759566","PO",4,,,,"","ALMA","PO0010A1",30027,3002,"2024-02-27","2024-03-27","USD",93.00,100,"3XS:20|2XS:20|XS:20|S:10|M:10|L:10|XL:10"
280011,"2024-02-07 08:39:53.45","#PO0011",50.00,68.00,93.00,120.90,"2024-02-27","134759566","PO",4,,,,"","ALMA","PO0011A0",30066,4002,"2024-02-27","2024-03-27","USD",93.00,100,"3XS:20|2XS:20|XS:20|S:10|M:10|L:10|XL:10"
280012,"2024-02-07 08:39:53.45","#PO0012",50.00,68.00,93.00,120.90,"2024-02-27","134759566","PO",4,,,,"","ALMA","PO0012A1",30067,5002,"2024-02-27","2024-03-27","USD",93.00,100,"3XS:20|2XS:20|XS:20|S:10|M:10|L:10|XL:10"
280013,"2024-02-07 08:39:53.45","#PO0013",50.00,68.00,93.00,120.90,"2024-02-27","134759566","PO",4,,,,"","ALMA","PO0013A0",30068,6002,"2024-02-27","2024-03-27","USD",93.00,100,"3XS:20|2XS:20|XS:20|S:10|M:10|L:10|XL:10"
280014,"2024-02-07 08:39:53.45","#PO0014",50.00,68.00,93.00,120.90,"2024-02-27","134759566","PO",4,,,,"","ALMA","PO0014A1",30069,8002,"2024-02-27","2024-03-27","USD",93.00,100,"3XS:20|2XS:20|XS:20|S:10|M:10|L:10|XL:10"
280015,"2024-02-07 08:39:53.45","#PO0015",50.00,68.00,93.00,120.90,"2024-02-27","134759567","PO",4,,,,"","ALMA","PO0015A1",30025,1002,"2024-02-27","2024-03-27","USD",93.00,100,"3XS:20|2XS:20|XS:20|S:10|M:10|L:10|XL:10"
280016,"2024-02-07 08:39:53.45","#PO0016",50.00,68.00,93.00,120.90,"2024-02-27","134759567","PO",4,,,,"","ALMA","PO0016A0",30026,1016,"2024-02-27","2024-03-27","USD",93.00,100,"3XS:20|2XS:20|XS:20|S:10|M:10|L:10|XL:10"
280017,"2024-02-07 08:39:53.45","#PO0017",50.00,68.00,93.00,120.90,"2024-02-27","134759567","PO",4,,,,"","ALMA","PO0017A1",30027,3002,"2024-02-27","2024-03-27","USD",93.00,100,"3XS:20|2XS:20|XS:20|S:10|M:10|L:10|XL:10"
280018,"2024-02-07 08:39:53.45","#PO0018",50.00,68.00,93.00,120.90,"2024-02-27","134759567","PO",4,,,,"","ALMA","PO0018A0",30066,4002,"2024-02-27","2024-03-27","USD",93.00,100,"3XS:20|2XS:20|XS:20|S:10|M:10|L:10|XL:10"
280019,"2024-02-07 08:39:53.45","#PO0019",50.00,68.00,93.00,120.90,"2024-02-27","134759567","PO",4,,,,"","ALMA","PO0019A1",30067,5002,"2024-02-27","2024-03-27","USD",93.00,100,"3XS:20|2XS:20|XS:20|S:10|M:10|L:10|XL:10"
280020,"2024-02-07 08:39:53.45","#PO0020",50.00,68.00,93.00,120.90,"2024-02-27","134759567","PO",4,,,,"","ALMA","PO0020A0",30068,6002,"2024-02-27","2024-03-27","USD",93.00,100,"3XS:20|2XS:20|XS:20|S:10|M:10|L:10|XL:10"
280021,"2024-02-07 08:39:53.45","#PO0021",50.00,68.00,93.00,120.90,"2024-02-27","134759567","PO",4,,,,"","ALMA","PO0021A1",30069,8002,"2024-02-27","2024-03-27","USD",93.00,100,"3XS:20|2XS:20|XS:20|S:10|M:10|L:10|XL:10"
280022,"2024-02-07 08:39:53.45","#PO0022",50.00,68.00,93.00,120.90,"2024-02-27","134759568","PO",4,,,,"","ALMA","PO0022A1",30025,1002,"2024-02-27","2024-03-27","USD",93.00,100,"3XS:20|2XS:20|XS:20|S:10|M:10|L:10|XL:10"
280023,"2024-02-07 08:39:53.45","#PO0023",50.00,68.00,93.00,120.90,"2024-02-27","134759568","PO",4,,,,"","ALMA","PO0023A0",30026,1016,"2024-02-27","2024-03-27","USD",93.00,100,"3XS:20|2XS:20|XS:20|S:10|M:10|L:10|XL:10"
280024,"2024-02-07 08:39:53.45","#PO0024",50.00,68.00,93.00,120.90,"2024-02-27","134759568","PO",4,,,,"","ALMA","PO0024A1",30027,3002,"2024-02-27","2024-03-27","USD",93.00,100,"3XS:20|2XS:20|XS:20|S:10|M:10|L:10|XL:10"
280025,"2024-02-07 08:39:53.45","#PO0025",50.00,68.00,93.00,120.90,"2024-02-27","134759568","PO",4,,,,"","ALMA","PO0025A0",30066,4002,"2024-02-27","2024-03-27","USD",93.00,100,"3XS:20|2XS:20|XS:20|S:10|M:10|L:10|XL:10"
280026,"2024-02-07 08:39:53.45","#PO0026",50.00,68.00,93.00,120.90,"2024-02-27","134759568","PO",4,,,,"","ALMA","PO0026A1",30067,5002,"2024-02-27","2024-03-27","USD",93.00,100,"3XS:20|2XS:20|XS:20|S:10|M:10|L:10|XL:10"
280027,"2024-02-07 08:39:53.45","#PO0027",50.00,68.00,93.00,120.90,"2024-02-27","134759568","PO",4,,,,"","ALMA","PO0027A0",30068,6002,"2024-02-27","2024-03-27","USD",93.00,100,"3XS:20|2XS:20|XS:20|S:10|M:10|L:10|XL:10"
280028,"2024-02-07 08:39:53.45","#PO0028",50.00,68.00,93.00,120.90,"2024-02-27","134759568","PO",4,,,,"","ALMA","PO0028A1",30069,8002,"2024-02-27","2024-03-27","USD",93.00,100,"3XS:20|2XS:20|XS:20|S:10|M:10|L:10|XL:10"
280029,"2024-02-07 08:39:53.45","#PO0029",50.00,68.00,93.00,120.90,"2024-02-27","134759569","PO",4,,,,"","ALMA","PO0029A1",30025,1002,"2024-02-27","2024-03-27","USD",93.00,100,"3XS:20|2XS:20|XS:20|S:10|M:10|L:10|XL:10"
280030,"2024-02-07 08:39:53.45","#PO0030",50.00,68.00,93.00,120.90,"2024-02-27","134759569","PO",4,,,,"","ALMA","PO0030A0",30026,1016,"2024-02-27","2024-03-27","USD",93.00,100,"3XS:20|2XS:20|XS:20|S:10|M:10|L:10|XL:10"
280031,"2024-02-07 08:39:53.45","#PO0031",50.00,68.00,93.00,120.90,"2024-02-27","134759569","PO",4,,,,"","ALMA","PO0031A1",30027,3002,"2024-02-27","2024-03-27","USD",93.00,100,"3XS:20|2XS:20|XS:20|S:10|M:10|L:10|XL:10"
280032,"2024-02-07 08:39:53.45","#PO0032",50.00,68.00,93.00,120.90,"2024-02-27","134759569","PO",4,,,,"","ALMA","PO0032A0",30066,4002,"2024-02-27","2024-03-27","USD",93.00,100,"3XS:20|2XS:20|XS:20|S:10|M:10|L:10|XL:10"
280033,"2024-02-07 08:39:53.45","#PO0033",50.00,68.00,93.00,120.90,"2024-02-27","134759569","PO",4,,,,"","ALMA","PO0033A1",30067,5002,"2024-02-27","2024-03-27","USD",93.00,100,"3XS:20|2XS:20|XS:20|S:10|M:10|L:10|XL:10"
280034,"2024-02-07 08:39:53.45","#PO0034",50.00,68.00,93.00,120.90,"2024-02-27","134759569","PO",4,,,,"","ALMA","PO0034A0",30068,6002,"2024-02-27","2024-03-27","USD",93.00,100,"3XS:20|2XS:20|XS:20|S:10|M:10|L:10|XL:10"
280035,"2024-02-07 08:39:53.45","#PO0035",50.00,68.00,93.00,120.90,"2024-02-27","134759569","PO",4,,,,"","ALMA","PO0035A1",30069,8002,"2024-02-27","2024-03-27","USD",93.00,100,"3XS:20|2XS:20|XS:20|S:10|M:10|L:10|XL:10"
280036,"2024-02-07 08:39:53.45","#PO0036",50.00,68.00,93.00,120.90,"2024-02-27","134759570","PO",4,,,,"","ALMA","PO0036A1",30025,1002,"2024-02-27","2024-03-27","USD",93.00,100,"3XS:20|2XS:20|XS:20|S:10|M:10|L:10|XL:10"
280037,"2024-02-07 08:39:53.45","#PO0037",50.00,68.00,93.00,120.90,"2024-02-27","134759570","PO",4,,,,"","ALMA","PO0037A0",30026,1016,"2024-02-27","2024-03-27","USD",93.00,100,"3XS:20|2XS:20|XS:20|S:10|M:10|L:10|XL:10"
280038,"2024-02-07 08:39:53.45","#PO0038",50.00,68.00,93.00,120.90,"2024-02-27","134759570","PO",4,,,,"","ALMA","PO0038A1",30027,3002,"2024-02-27","2024-03-27","USD",93.00,100,"3XS:20|2XS:20|XS:20|S:10|M:10|L:10|XL:10"
280039,"2024-02-07 08:39:53.45","#PO0039",50.00,68.00,93.00,120.90,"2024-02-27","134759570","PO",4,,,,"","ALMA","PO0039A0",30066,4002,"2024-02-27","2024-03-27","USD",93.00,100,"3XS:20|2XS:20|XS:20|S:10|M:10|L:10|XL:10"
280040,"2024-02-07 08:39:53.45","#PO0040",50.00,68.00,93.00,120.90,"2024-02-27","134759570","PO",4,,,,"","ALMA","PO0040A1",30067,5002,"2024-02-27","2024-03-27","USD",93.00,100,"3XS:20|2XS:20|XS:20|S:10|M:10|L:10|XL:10"
280041,"2024-02-07 08:39:53.45","#PO0041",50.00,68.00,93.00,120.90,"2024-02-27","134759570","PO",4,,,,"","ALMA","PO0041A0",30068,6002,"2024-02-27","2024-03-27","USD",93.00,100,"3XS:20|2XS:20|XS:20|S:10|M:10|L:10|XL:10"
280042,"2024-02-07 08:39:53.45","#PO0042",50.00,68.00,93.00,120.90,"2024-02-27","134759570","PO",4,,,,"","ALMA","PO0042A1",30069,8002,"2024-02-27","2024-03-27","USD",93.00,100,"3XS:20|2XS:20|XS:20|S:10|M:10|L:10|XL:10"
280043,"2024-02-07 08:39:53.45","#PO0043",50.00,68.00,93.00,120.90,"2024-02-27","134759571","PO",4,,,,"","ALMA","PO0043A1",30025,1002,"2024-02-27","2024-03-27","USD",93.00,100,"3XS:20|2XS:20|XS:20|S:10|M:10|L:10|XL:10"
280044,"2024-02-07 08:39:53.45","#PO0044",50.00,68.00,93.00,120.90,"2024-02-27","134759571","PO",4,,,,"","ALMA","PO0044A0",30026,1016,"2024-02-27","2024-03-27","USD",93.00,100,"3XS:20|2XS:20|XS:20|S:10|M:10|L:10|XL:10"
280045,"2024-02-07 08:39:53.45","#PO0045",50.00,68.00,93.00,120.90,"2024-02-27","134759571","PO",4,,,,"","ALMA","PO0045A1",30027,3002,"2024-02-27","2024-03-27","USD",93.00,100,"3XS:20|2XS:20|XS:20|S:10|M:10|L:10|XL:10"
280046,"2024-02-07 08:39:53.45","#PO0046",50.00,68.00,93.00,120.90,"2024-02-27","134759571","PO",4,,,,"","ALMA","PO0046A0",30066,4002,"2024-02-27","2024-03-27","USD",93.00,100,"3XS:20|2XS:20|XS:20|S:10|M:10|L:10|XL:10"
280047,"2024-02-07 08:39:53.45","#PO0047",50.00,68.00,93.00,120.90,"2024-02-27","134759571","PO",4,,,,"","ALMA","PO0047A1",30067,5002,"2024-02-27","2024-03-27","USD",93.00,100,"3XS:20|2XS:20|XS:20|S:10|M:10|L:10|XL:10"
280048,"2024-02-07 08:39:53.45","#PO0048",50.00,68.00,93.00,120.90,"2024-02-27","134759571","PO",4,,,,"","ALMA","PO0048A0",30068,6002,"2024-02-27","2024-03-27","USD",93.00,100,"3XS:20|2XS:20|XS:20|S:10|M:10|L:10|XL:10"
280049,"2024-02-07 08:39:53.45","#PO0049",50.00,68.00,93.00,120.90,"2024-02-27","134759571","PO",4,,,,"","ALMA","PO0049A1",30069,8002,"2024-02-27","2024-03-27","USD",93.00,100,"3XS:20|2XS:20|XS:20|S:10|M:10|L:10|XL:10"
280050,"2024-02-07 08:39:53.45","#PO0050",50.00,68.00,93.00,120.90,"2024-02-27","134759572","PO",4,,,,"","ALMA","PO0050A1",30025,1002,"2024-02-27","2024-03-27","USD",93.00,100,"3XS:20|2XS:20|XS:20|S:10|M:10|L:10|XL:10"
280051,"2024-02-07 08:39:53.45","#PO0051",50.00,68.00,93.00,120.90,"2024-02-27","134759572","PO",4,,,,"","ALMA","PO0051A0",30026,1016,"2024-02-27","2024-03-27","USD",93.00,100,"3XS:20|2XS:20|XS:20|S:10|M:10|L:10|XL:10"
280052,"2024-02-07 08:39:53.45","#PO0052",50.00,68.00,93.00,120.90,"2024-02-27","134759572","PO",4,,,,"","ALMA","PO0052A1",30027,3002,"2024-02-27","2024-03-27","USD",93.00,100,"3XS:20|2XS:20|XS:20|S:10|M:10|L:10|XL:10"
280053,"2024-02-07 08:39:53.45","#PO0053",50.00,68.00,93.00,120.90,"2024-02-27","134759572","PO",4,,,,"","ALMA","PO0053A0",30066,4002,"2024-02-27","2024-03-27","USD",93.00,100,"3XS:20|2XS:20|XS:20|S:10|M:10|L:10|XL:10"
280054,"2024-02-07 08:39:53.45","#PO0054",50.00,68.00,93.00,120.90,"2024-02-27","134759572","PO",4,,,,"","ALMA","PO0054A1",30067,5002,"2024-02-27","2024-03-27","USD",93.00,100,"3XS:20|2XS:20|XS:20|S:10|M:10|L:10|XL:10"
280055,"2024-02-07 08:39:53.45","#PO0055",50.00,68.00,93.00,120.90,"2024-02-27","134759572","PO",4,,,,"","ALMA","PO0055A0",30068,6002,"2024-02-27","2024-03-27","USD",93.00,100,"3XS:20|2XS:20|XS:20|S:10|M:10|L:10|XL:10"
280056,"2024-02-07 08:39:53.45","#PO0056",50.00,68.00,93.00,120.90,"2024-02-27","134759572","PO",4,,,,"","ALMA","PO0056A1",30069,8002,"2024-02-27","2024-03-27","USD",93.00,100,"3XS:20|2XS:20|XS:20|S:10|M:10|L:10|XL:10"
280057,"2024-02-07 08:39:53.45","#PO0057",50.00,68.00,93.00,120.90,"2024-02-27","134759573","PO",4,,,,"","ALMA","PO0057A1",30025,1002,"2024-02-27","2024-03-27","USD",93.00,100,"3XS:20|2XS:20|XS:20|S:10|M:10|L:10|XL:10"
280058,"2024-02-07 08:39:53.45","#PO0058",50.00,68.00,93.00,120.90,"2024-02-27","134759573","PO",4,,,,"","ALMA","PO0058A0",30026,1016,"2024-02-27","2024-03-27","USD",93.00,100,"3XS:20|2XS:20|XS:20|S:10|M:10|L:10|XL:10"
280059,"2024-02-07 08:39:53.45","#PO0059",50.00,68.00,93.00,120.90,"2024-02-27","134759573","PO",4,,,,"","ALMA","PO0059A1",30027,3002,"2024-02-27","2024-03-27","USD",93.00,100,"3XS:20|2XS:20|XS:20|S:10|M:10|L:10|XL:10"
280060,"2024-02-07 08:39:53.45","#PO0060",50.00,68.00,93.00,120.90,"2024-02-27","134759573","PO",4,,,,"","ALMA","PO0060A0",30066,4002,"2024-02-27","2024-03-27","USD",93.00,100,"3XS:20|2XS:20|XS:20|S:10|M:10|L:10|XL:10"
280061,"2024-02-07 08:39:53.45","#PO0061",50.00,68.00,93.00,120.90,"2024-02-27","134759573","PO",4,,,,"","ALMA","PO0061A1",30067,5002,"2024-02-27","2024-03-27","USD",93.00,100,"3XS:20|2XS:20|XS:20|S:10|M:10|L:10|XL:10"
280062,"2024-02-07 08:39:53.45","#PO0062",50.00,68.00,93.00,120.90,"2024-02-27","134759573","PO",4,,,,"","ALMA","PO0062A0",30068,6002,"2024-02-27","2024-03-27","USD",93.00,100,"3XS:20|2XS:20|XS:20|S:10|M:10|L:10|XL:10"
280063,"2024-02-07 08:39:53.45","#PO0063",50.00,68.00,93.00,120.90,"2024-02-27","134759573","PO",4,,,,"","ALMA","PO0063A1",30069,8002,"2024-02-27","2024-03-27","USD",93.00,100,"3XS:20|2XS:20|XS:20|S:10|M:10|L:10|XL:10"
280064,"2024-02-07 08:39:53.45","#PO0064",50.00,68.00,93.00,120.90,"2024-02-27","134759574","PO",4,,,,"","ALMA","PO0064A1",30025,1002,"2024-02-27","2024-03-27","USD",93.00,100,"3XS:20|2XS:20|XS:20|S:10|M:10|L:10|XL:10"
280065,"2024-02-07 08:39:53.45","#PO0065",50.00,68.00,93.00,120.90,"2024-02-27","134759574","PO",4,,,,"","ALMA","PO0065A0",30026,1016,"2024-02-27","2024-03-27","USD",93.00,100,"3XS:20|2XS:20|XS:20|S:10|M:10|L:10|XL:10"
280066,"2024-02-07 08:39:53.45","#PO0066",50.00,68.00,93.00,120.90,"2024-02-27","134759574","PO",4,,,,"","ALMA","PO0066A1",30027,3002,"2024-02-27","2024-03-27","USD",93.00,100,"3XS:20|2XS:20|XS:20|S:10|M:10|L:10|XL:10"
280067,"2024-02-07 08:39:53.45","#PO0067",50.00,68.00,93.00,120.90,"2024-02-27","134759574","PO",4,,,,"","ALMA","PO0067A0",30066,4002,"2024-02-27","2024-03-27","USD",93.00,100,"3XS:20|2XS:20|XS:20|S:10|M:10|L:10|XL:10"
280068,"2024-02-07 08:39:53.45","#PO0068",50.00,68.00,93.00,120.90,"2024-02-27","134759574","PO",4,,,,"","ALMA","PO0068A1",30067,5002,"2024-02-27","2024-03-27","USD",93.00,100,"3XS:20|2XS:20|XS:20|S:10|M:10|L:10|XL:10"
280069,"2024-02-07 08:39:53.45","#PO0069",50.00,68.00,93.00,120.90,"2024-02-27","134759574","PO",4,,,,"","ALMA","PO0069A0",30068,6002,"2024-02-27","2024-03-27","USD",93.00,100,"3XS:20|2XS:20|XS:20|S:10|M:10|L:10|XL:10"
280070,"2024-02-07 08:39:53.45","#PO0070",50.00,68.00,93.00,120.90,"2024-02-27","134759574","PO",4,,,,"","ALMA","PO0070A1",30069,8002,"2024-02-27","2024-03-27","USD",93.00,100,"3XS:20|2XS:20|XS:20|S:10|M:10|L:10|XL:10"
280071,"2024-02-07 08:39:53.45","#PO0071",50.00,68.00,93.00,120.90,"2024-02-27","134759575","PO",4,,,,"","ALMA","PO0071A1",30025,1002,"2024-02-27","2024-03-27","USD",93.00,100,"3XS:20|2XS:20|XS:20|S:10|M:10|L:10|XL:10"
280072,"2024-02-07 08:39:53.45","#PO0072",50.00,68.00,93.00,120.90,"2024-02-27","134759575","PO",4,,,,"","ALMA","PO0072A0",30026,1016,"2024-02-27","2024-03-27","USD",93.00,100,"3XS:20|2XS:20|XS:20|S:10|M:10|L:10|XL:10"
280073,"2024-02-07 08:39:53.45","#PO0073",50.00,68.00,93.00,120.90,"2024-02-27","134759575","PO",4,,,,"","ALMA","PO0073A1",30027,3002,"2024-02-27","2024-03-27","USD",93.00,100,"3XS:20|2XS:20|XS:20|S:10|M:10|L:10|XL:10"
280074,"2024-02-07 08:39:53.45","#PO0074",50.00,68.00,93.00,120.90,"2024-02-27","134759575","PO",4,,,,"","ALMA","PO0074A0",30066,4002,"2024-02-27","2024-03-27","USD",93.00,100,"3XS:20|2XS:20|XS:20|S:10|M:10|L:10|XL:10"
280075,"2024-02-07 08:39:53.45","#PO0075",50.00,68.00,93.00,120.90,"2024-02-27","134759575","PO",4,,,,"","ALMA","PO0075A1",30067,5002,"2024-02-27","2024-03-27","USD",93.00,100,"3XS:20|2XS:20|XS:20|S:10|M:10|L:10|XL:10"
280076,"2024-02-07 08:39:53.45","#PO0076",50.00,68.00,93.00,120.90,"2024-02-27","134759575","PO",4,,,,"","ALMA","PO0076A0",30068,6002,"2024-02-27","2024-03-27","USD",93.00,100,"3XS:20|2XS:20|XS:20|S:10|M:10|L:10|XL:10"
280077,"2024-02-07 08:39:53.45","#PO0077",50.00,68.00,93.00,120.90,"2024-02-27","134759575","PO",4,,,,"","ALMA","PO0077A1",30069,8002,"2024-02-27","2024-03-27","USD",93.00,100,"3XS:20|2XS:20|XS:20|S:10|M:10|L:10|XL:10"
280078,"2024-02-07 08:39:53.45","#PO0078",50.00,68.00,93.00,120.90,"2024-02-27","134759576","PO",4,,,,"","ALMA","PO0078A1",30025,1002,"2024-02-27","2024-03-27","USD",93.00,100,"3XS:20|2XS:20|XS:20|S:10|M:10|L:10|XL:10"
280079,"2024-02-07 08:39:53.45","#PO0079",50.00,68.00,93.00,120.90,"2024-02-27","134759576","PO",4,,,,"","ALMA","PO0079A0",30026,1016,"2024-02-27","2024-03-27","USD",93.00,100,"3XS:20|2XS:20|XS:20|S:10|M:10|L:10|XL:10"
280080,"2024-02-07 08:39:53.45","#PO0080",50.00,68.00,93.00,120.90,"2024-02-27","134759576","PO",4,,,,"","ALMA","PO0080A1",30027,3002,"2024-02-27","2024-03-27","USD",93.00,100,"3XS:20|2XS:20|XS:20|S:10|M:10|L:10|XL:10"
280081,"2024-02-07 08:39:53.45","#PO0081",50.00,68.00,93.00,120.90,"2024-02-27","134759576","PO",4,,,,"","ALMA","PO0081A0",30066,4002,"2024-02-27","2024-03-27","USD",93.00,100,"3XS:20|2XS:20|XS:20|S:10|M:10|L:10|XL:10"
280082,"2024-02-07 08:39:53.45","#PO0082",50.00,68.00,93.00,120.90,"2024-02-27","134759576","PO",4,,,,"","ALMA","PO0082A1",30067,5002,"2024-02-27","2024-03-27","USD",93.00,100,"3XS:20|2XS:20|XS:20|S:10|M:10|L:10|XL:10"
280083,"2024-02-07 08:39:53.45","#PO0083",50.00,68.00,93.00,120.90,"2024-02-27","134759576","PO",4,,,,"","ALMA","PO0083A0",30068,6002,"2024-02-27","2024-03-27","USD",93.00,100,"3XS:20|2XS:20|XS:20|S:10|M:10|L:10|XL:10"
280084,"2024-02-07 08:39:53.45","#PO0084",50.00,68.00,93.00,120.90,"2024-02-27","134759576","PO",4,,,,"","ALMA","PO0084A1",30069,8002,"2024-02-27","2024-03-27","USD",93.00,100,"3XS:20|2XS:20|XS:20|S:10|M:10|L:10|XL:10"
280085,"2024-02-07 08:39:53.45","#PO0085",50.00,68.00,93.00,120.90,"2024-02-27","134759577","PO",4,,,,"","ALMA","PO0085A1",30025,1002,"2024-02-27","2024-03-27","USD",93.00,100,"3XS:20|2XS:20|XS:20|S:10|M:10|L:10|XL:10"
280086,"2024-02-07 08:39:53.45","#PO0086",50.00,68.00,93.00,120.90,"2024-02-27","134759577","PO",4,,,,"","ALMA","PO0086A0",30026,1016,"2024-02-27","2024-03-27","USD",93.00,100,"3XS:20|2XS:20|XS:20|S:10|M:10|L:10|XL:10"
280087,"2024-02-07 08:39:53.45","#PO0087",50.00,68.00,93.00,120.90,"2024-02-27","134759577","PO",4,,,,"","ALMA","PO0087A1",30027,3002,"2024-02-27","2024-03-27","USD",93.00,100,"3XS:20|2XS:20|XS:20|S:10|M:10|L:10|XL:10"
280088,"2024-02-07 08:39:53.45","#PO0088",50.00,68.00,93.00,120.90,"2024-02-27","134759577","PO",4,,,,"","ALMA","PO0088A0",30066,4002,"2024-02-27","2024-03-27","USD",93.00,100,"3XS:20|2XS:20|XS:20|S:10|M:10|L:10|XL:10"
280089,"2024-02-07 08:39:53.45","#PO0089",50.00,68.00,93.00,120.90,"2024-02-27","134759577","PO",4,,,,"","ALMA","PO0089A1",30067,5002,"2024-02-27","2024-03-27","USD",93.00,100,"3XS:20|2XS:20|XS:20|S:10|M:10|L:10|XL:10"
280090,"2024-02-07 08:39:53.45","#PO0090",50.00,68.00,93.00,120.90,"2024-02-27","134759577","PO",4,,,,"","ALMA","PO0090A0",30068,6002,"2024-02-27","2024-03-27","USD",93.00,100,"3XS:20|2XS:20|XS:20|S:10|M:10|L:10|XL:10"
280091,"2024-02-07 08:39:53.45","#PO0091",50.00,68.00,93.00,120.90,"2024-02-27","134759577","PO",4,,,,"","ALMA","PO0091A1",30069,8002,"2024-02-27","2024-03-27","USD",93.00,100,"3XS:20|2XS:20|XS:20|S:10|M:10|L:10|XL:10"
280092,"2024-02-07 08:39:53.45","#PO0092",50.00,68.00,93.00,120.90,"2024-02-27","134759578","PO",4,,,,"","ALMA","PO0092A1",30025,1002,"2024-02-27","2024-03-27","USD",93.00,100,"3XS:20|2XS:20|XS:20|S:10|M:10|L:10|XL:10"
280093,"2024-02-07 08:39:53.45","#PO0093",50.00,68.00,93.00,120.90,"2024-02-27","134759578","PO",4,,,,"","ALMA","PO0093A0",30026,1016,"2024-02-27","2024-03-27","USD",93.00,100,"3XS:20|2XS:20|XS:20|S:10|M:10|L:10|XL:10"
280094,"2024-02-07 08:39:53.45","#PO0094",50.00,68.00,93.00,120.90,"2024-02-27","134759578","PO",4,,,,"","ALMA","PO0094A1",30027,3002,"2024-02-27","2024-03-27","USD",93.00,100,"3XS:20|2XS:20|XS:20|S:10|M:10|L:10|XL:10"
280095,"2024-02-07 08:39:53.45","#PO0095",50.00,68.00,93.00,120.90,"2024-02-27","134759578","PO",4,,,,"","ALMA","PO0095A0",30066,4002,"2024-02-27","2024-03-27","USD",93.00,100,"3XS:20|2XS:20|XS:20|S:10|M:10|L:10|XL:10"
280096,"2024-02-07 08:39:53.45","#PO0096",50.00,68.00,93.00,120.90,"2024-02-27","134759578","PO",4,,,,"","ALMA","PO0096A1",30067,5002,"2024-02-27","2024-03-27","USD",93.00,100,"3XS:20|2XS:20|XS:20|S:10|M:10|L:10|XL:10"
280097,"2024-02-07 08:39:53.45","#PO0097",50.00,68.00,93.00,120.90,"2024-02-27","134759578","PO",4,,,,"","ALMA","PO0097A0",30068,6002,"2024-02-27","2024-03-27","USD",93.00,100,"3XS:20|2XS:20|XS:20|S:10|M:10|L:10|XL:10"
280098,"2024-02-07 08:39:53.45","#PO0098",50.00,68.00,93.00,120.90,"2024-02-27","134759578","PO",4,,,,"","ALMA","PO0098A1",30069,8002,"2024-02-27","2024-03-27","USD",93.00,100,"3XS:20|2XS:20|XS:20|S:10|M:10|L:10|XL:10"
280099,"2024-02-07 08:39:53.45","#PO0099",50.00,68.00,93.00,120.90,"2024-02-27","134759600","PO",4,,,,"","ALMA","PO0099A1",30025,1002,"2024-02-27","2024-03-27","USD",93.00,100,"3XS:20|2XS:20|XS:20|S:10|M:10|L:10|XL:10"
280100,"2024-02-07 08:39:53.45","#PO0100",50.00,68.00,93.00,120.90,"2024-02-27","134759600","PO",4,,,,"","ALMA","PO0100A0",30026,1016,"2024-02-27","2024-03-27","USD",93.00,100,"3XS:20|2XS:20|XS:20|S:10|M:10|L:10|XL:10"
280101,"2024-02-07 08:39:53.45","#PO0101",50.00,68.00,93.00,120.90,"2024-02-27","134759600","PO",4,,,,"","ALMA","PO0101A1",30027,3002,"2024-02-27","2024-03-27","USD",93.00,100,"3XS:20|2XS:20|XS:20|S:10|M:10|L:10|XL:10"
280102,"2024-02-07 08:39:53.45","#PO0102",50.00,68.00,93.00,120.90,"2024-02-27","134759600","PO",4,,,,"","ALMA","PO0102A0",30066,4002,"2024-02-27","2024-03-27","USD",93.00,100,"3XS:20|2XS:20|XS:20|S:10|M:10|L:10|XL:10"
280103,"2024-02-07 08:39:53.45","#PO0103",50.00,68.00,93.00,120.90,"2024-02-27","134759600","PO",4,,,,"","ALMA","PO0103A1",30067,5002,"2024-02-27","2024-03-27","USD",93.00,100,"3XS:20|2XS:20|XS:20|S:10|M:10|L:10|XL:10"
280104,"2024-02-07 08:39:53.45","#PO0104",50.00,68.00,93.00,120.90,"2024-02-27","134759600","PO",4,,,,"","ALMA","PO0104A0",30068,6002,"2024-02-27","2024-03-27","USD",93.00,100,"3XS:20|2XS:20|XS:20|S:10|M:10|L:10|XL:10"
280105,"2024-02-07 08:39:53.45","#PO0105",50.00,68.00,93.00,120.90,"2024-02-27","134759600","PO",4,,,,"","ALMA","PO0105A1",30069,8002,"2024-02-27","2024-03-27","USD",93.00,100,"3XS:20|2XS:20|XS:20|S:10|M:10|L:10|XL:10"
280106,"2024-02-07 08:39:53.45","#PO0106",50.00,68.00,93.00,120.90,"2024-02-27","134759601","PO",4,,,,"","ALMA","PO0106A1",30025,1002,"2024-02-27","2024-03-27","USD",93.00,100,"3XS:20|2XS:20|XS:20|S:10|M:10|L:10|XL:10"
280107,"2024-02-07 08:39:53.45","#PO0107",50.00,68.00,93.00,120.90,"2024-02-27","134759601","PO",4,,,,"","ALMA","PO0107A0",30026,1016,"2024-02-27","2024-03-27","USD",93.00,100,"3XS:20|2XS:20|XS:20|S:10|M:10|L:10|XL:10"
280108,"2024-02-07 08:39:53.45","#PO0108",50.00,68.00,93.00,120.90,"2024-02-27","134759601","PO",4,,,,"","ALMA","PO0108A1",30027,3002,"2024-02-27","2024-03-27","USD",93.00,100,"3XS:20|2XS:20|XS:20|S:10|M:10|L:10|XL:10"
280109,"2024-02-07 08:39:53.45","#PO0109",50.00,68.00,93.00,120.90,"2024-02-27","134759601","PO",4,,,,"","ALMA","PO0109A0",30066,4002,"2024-02-27","2024-03-27","USD",93.00,100,"3XS:20|2XS:20|XS:20|S:10|M:10|L:10|XL:10"
280110,"2024-02-07 08:39:53.45","#PO0110",50.00,68.00,93.00,120.90,"2024-02-27","134759601","PO",4,,,,"","ALMA","PO0110A1",30067,5002,"2024-02-27","2024-03-27","USD",93.00,100,"3XS:20|2XS:20|XS:20|S:10|M:10|L:10|XL:10"
280111,"2024-02-07 08:39:53.45","#PO0111",50.00,68.00,93.00,120.90,"2024-02-27","134759601","PO",4,,,,"","ALMA","PO0111A0",30068,6002,"2024-02-27","2024-03-27","USD",93.00,100,"3XS:20|2XS:20|XS:20|S:10|M:10|L:10|XL:10"
280112,"2024-02-07 08:39:53.45","#PO0112",50.00,68.00,93.00,120.90,"2024-02-27","134759601","PO",4,,,,"","ALMA","PO0112A1",30069,8002,"2024-02-27","2024-03-27","USD",93.00,100,"3XS:20|2XS:20|XS:20|S:10|M:10|L:10|XL:10"
280113,"2024-02-07 08:39:53.45","#PO0113",50.00,68.00,93.00,120.90,"2024-02-27","134759609","PO",4,,,,"","ALMA","PO0113A1",30025,1002,"2024-02-27","2024-03-27","USD",93.00,100,"3XS:20|2XS:20|XS:20|S:10|M:10|L:10|XL:10"
280114,"2024-02-07 08:39:53.45","#PO0114",50.00,68.00,93.00,120.90,"2024-02-27","134759609","PO",4,,,,"","ALMA","PO0114A0",30026,1016,"2024-02-27","2024-03-27","USD",93.00,100,"3XS:20|2XS:20|XS:20|S:10|M:10|L:10|XL:10"
280115,"2024-02-07 08:39:53.45","#PO0115",50.00,68.00,93.00,120.90,"2024-02-27","134759609","PO",4,,,,"","ALMA","PO0115A1",30027,3002,"2024-02-27","2024-03-27","USD",93.00,100,"3XS:20|2XS:20|XS:20|S:10|M:10|L:10|XL:10"
280116,"2024-02-07 08:39:53.45","#PO0116",50.00,68.00,93.00,120.90,"2024-02-27","134759609","PO",4,,,,"","ALMA","PO0116A0",30066,4002,"2024-02-27","2024-03-27","USD",93.00,100,"3XS:20|2XS:20|XS:20|S:10|M:10|L:10|XL:10"
280117,"2024-02-07 08:39:53.45","#PO0117",50.00,68.00,93.00,120.90,"2024-02-27","134759609","PO",4,,,,"","ALMA","PO0117A1",30067,5002,"2024-02-27","2024-03-27","USD",93.00,100,"3XS:20|2XS:20|XS:20|S:10|M:10|L:10|XL:10"
280118,"2024-02-07 08:39:53.45","#PO0118",50.00,68.00,93.00,120.90,"2024-02-27","134759609","PO",4,,,,"","ALMA","PO0118A0",30068,6002,"2024-02-27","2024-03-27","USD",93.00,100,"3XS:20|2XS:20|XS:20|S:10|M:10|L:10|XL:10"
280119,"2024-02-07 08:39:53.45","#PO0119",50.00,68.00,93.00,120.90,"2024-02-27","134759609","PO",4,,,,"","ALMA","PO0119A1",30069,8002,"2024-02-27","2024-03-27","USD",93.00,100,"3XS:20|2XS:20|XS:20|S:10|M:10|L:10|XL:10"
280120,"2024-02-07 08:39:53.45","#PO0120",50.00,68.00,93.00,120.90,"2024-02-27","134759617","PO",4,,,,"","ALMA","PO0120A1",30025,1002,"2024-02-27","2024-03-27","USD",93.00,100,"3XS:20|2XS:20|XS:20|S:10|M:10|L:10|XL:10"
280121,"2024-02-07 08:39:53.45","#PO0121",50.00,68.00,93.00,120.90,"2024-02-27","134759617","PO",4,,,,"","ALMA","PO0121A0",30026,1016,"2024-02-27","2024-03-27","USD",93.00,100,"3XS:20|2XS:20|XS:20|S:10|M:10|L:10|XL:10"
280122,"2024-02-07 08:39:53.45","#PO0122",50.00,68.00,93.00,120.90,"2024-02-27","134759617","PO",4,,,,"","ALMA","PO0122A1",30027,3002,"2024-02-27","2024-03-27","USD",93.00,100,"3XS:20|2XS:20|XS:20|S:10|M:10|L:10|XL:10"
280123,"2024-02-07 08:39:53.45","#PO0123",50.00,68.00,93.00,120.90,"2024-02-27","134759617","PO",4,,,,"","ALMA","PO0123A0",30066,4002,"2024-02-27","2024-03-27","USD",93.00,100,"3XS:20|2XS:20|XS:20|S:10|M:10|L:10|XL:10"
280124,"2024-02-07 08:39:53.45","#PO0124",50.00,68.00,93.00,120.90,"2024-02-27","134759617","PO",4,,,,"","ALMA","PO0124A1",30067,5002,"2024-02-27","2024-03-27","USD",93.00,100,"3XS:20|2XS:20|XS:20|S:10|M:10|L:10|XL:10"
280125,"2024-02-07 08:39:53.45","#PO0125",50.00,68.00,93.00,120.90,"2024-02-27","134759617","PO",4,,,,"","ALMA","PO0125A0",30068,6002,"2024-02-27","2024-03-27","USD",93.00,100,"3XS:20|2XS:20|XS:20|S:10|M:10|L:10|XL:10"
280126,"2024-02-07 08:39:53.45","#PO0126",50.00,68.00,93.00,120.90,"2024-02-27","134759617","PO",4,,,,"","ALMA","PO0126A1",30069,8002,"2024-02-27","2024-03-27","USD",93.00,100,"3XS:20|2XS:20|XS:20|S:10|M:10|L:10|XL:10"
280127,"2024-02-07 08:39:53.45","#PO0127",50.00,68.00,93.00,120.90,"2024-02-27","134759625","PO",4,,,,"","ALMA","PO0127A1",30025,1002,"2024-02-27","2024-03-27","USD",93.00,100,"3XS:20|2XS:20|XS:20|S:10|M:10|L:10|XL:10"
280128,"2024-02-07 08:39:53.45","#PO0128",50.00,68.00,93.00,120.90,"2024-02-27","134759625","PO",4,,,,"","ALMA","PO0128A0",30026,1016,"2024-02-27","2024-03-27","USD",93.00,100,"3XS:20|2XS:20|XS:20|S:10|M:10|L:10|XL:10"
280129,"2024-02-07 08:39:53.45","#PO0129",50.00,68.00,93.00,120.90,"2024-02-27","134759625","PO",4,,,,"","ALMA","PO0129A1",30027,3002,"2024-02-27","2024-03-27","USD",93.00,100,"3XS:20|2XS:20|XS:20|S:10|M:10|L:10|XL:10"
280130,"2024-02-07 08:39:53.45","#PO0130",50.00,68.00,93.00,120.90,"2024-02-27","134759625","PO",4,,,,"","ALMA","PO0130A0",30066,4002,"2024-02-27","2024-03-27","USD",93.00,100,"3XS:20|2XS:20|XS:20|S:10|M:10|L:10|XL:10"
280131,"2024-02-07 08:39:53.45","#PO0131",50.00,68.00,93.00,120.90,"2024-02-27","134759625","PO",4,,,,"","ALMA","PO0131A1",30067,5002,"2024-02-27","2024-03-27","USD",93.00,100,"3XS:20|2XS:20|XS:20|S:10|M:10|L:10|XL:10"
280132,"2024-02-07 08:39:53.45","#PO0132",50.00,68.00,93.00,120.90,"2024-02-27","134759625","PO",4,,,,"","ALMA","PO0132A0",30068,6002,"2024-02-27","2024-03-27","USD",93.00,100,"3XS:20|2XS:20|XS:20|S:10|M:10|L:10|XL:10"
280133,"2024-02-07 08:39:53.45","#PO0133",50.00,68.00,93.00,120.90,"2024-02-27","134759625","PO",4,,,,"","ALMA","PO0133A1",30069,8002,"2024-02-27","2024-03-27","USD",93.00,100,"3XS:20|2XS:20|XS:20|S:10|M:10|L:10|XL:10"
280134,"2024-02-07 08:39:53.45","#PO0134",50.00,68.00,93.00,120.90,"2024-02-27","134759633","PO",4,,,,"","ALMA","PO0134A1",30025,1002,"2024-02-27","2024-03-27","USD",93.00,100,"3XS:20|2XS:20|XS:20|S:10|M:10|L:10|XL:10"
280135,"2024-02-07 08:39:53.45","#PO0135",50.00,68.00,93.00,120.90,"2024-02-27","134759633","PO",4,,,,"","ALMA","PO0135A0",30026,1016,"2024-02-27","2024-03-27","USD",93.00,100,"3XS:20|2XS:20|XS:20|S:10|M:10|L:10|XL:10"
280136,"2024-02-07 08:39:53.45","#PO0136",50.00,68.00,93.00,120.90,"2024-02-27","134759633","PO",4,,,,"","ALMA","PO0136A1",30027,3002,"2024-02-27","2024-03-27","USD",93.00,100,"3XS:20|2XS:20|XS:20|S:10|M:10|L:10|XL:10"
280137,"2024-02-07 08:39:53.45","#PO0137",50.00,68.00,93.00,120.90,"2024-02-27","134759633","PO",4,,,,"","ALMA","PO0137A0",30066,4002,"2024-02-27","2024-03-27","USD",93.00,100,"3XS:20|2XS:20|XS:20|S:10|M:10|L:10|XL:10"
280138,"2024-02-07 08:39:53.45","#PO0138",50.00,68.00,93.00,120.90,"2024-02-27","134759633","PO",4,,,,"","ALMA","PO0138A1",30067,5002,"2024-02-27","2024-03-27","USD",93.00,100,"3XS:20|2XS:20|XS:20|S:10|M:10|L:10|XL:10"
280139,"2024-02-07 08:39:53.45","#PO0139",50.00,68.00,93.00,120.90,"2024-02-27","134759633","PO",4,,,,"","ALMA","PO0139A0",30068,6002,"2024-02-27","2024-03-27","USD",93.00,100,"3XS:20|2XS:20|XS:20|S:10|M:10|L:10|XL:10"
280140,"2024-02-07 08:39:53.45","#PO0140",50.00,68.00,93.00,120.90,"2024-02-27","134759633","PO",4,,,,"","ALMA","PO0140A1",30069,8002,"2024-02-27","2024-03-27","USD",93.00,100,"3XS:20|2XS:20|XS:20|S:10|M:10|L:10|XL:10"
280141,"2024-02-07 08:39:53.45","#PO0141",50.00,68.00,93.00,120.90,"2024-02-27","134759648","PO",4,,,,"","ALMA","PO0141A1",30025,1002,"2024-02-27","2024-03-27","USD",93.00,100,"3XS:20|2XS:20|XS:20|S:10|M:10|L:10|XL:10"
280142,"2024-02-07 08:39:53.45","#PO0142",50.00,68.00,93.00,120.90,"2024-02-27","134759648","PO",4,,,,"","ALMA","PO0142A0",30026,1016,"2024-02-27","2024-03-27","USD",93.00,100,"3XS:20|2XS:20|XS:20|S:10|M:10|L:10|XL:10"
280143,"2024-02-07 08:39:53.45","#PO0143",50.00,68.00,93.00,120.90,"2024-02-27","134759648","PO",4,,,,"","ALMA","PO0143A1",30027,3002,"2024-02-27","2024-03-27","USD",93.00,100,"3XS:20|2XS:20|XS:20|S:10|M:10|L:10|XL:10"
280144,"2024-02-07 08:39:53.45","#PO0144",50.00,68.00,93.00,120.90,"2024-02-27","134759648","PO",4,,,,"","ALMA","PO0144A0",30066,4002,"2024-02-27","2024-03-27","USD",93.00,100,"3XS:20|2XS:20|XS:20|S:10|M:10|L:10|XL:10"
280145,"2024-02-07 08:39:53.45","#PO0145",50.00,68.00,93.00,120.90,"2024-02-27","134759648","PO",4,,,,"","ALMA","PO0145A1",30067,5002,"2024-02-27","2024-03-27","USD",93.00,100,"3XS:20|2XS:20|XS:20|S:10|M:10|L:10|XL:10"
280146,"2024-02-07 08:39:53.45","#PO0146",50.00,68.00,93.00,120.90,"2024-02-27","134759648","PO",4,,,,"","ALMA","PO0146A0",30068,6002,"2024-02-27","2024-03-27","USD",93.00,100,"3XS:20|2XS:20|XS:20|S:10|M:10|L:10|XL:10"
280147,"2024-02-07 08:39:53.45","#PO0147",50.00,68.00,93.00,120.90,"2024-02-27","134759648","PO",4,,,,"","ALMA","PO0147A1",30069,8002,"2024-02-27","2024-03-27","USD",93.00,100,"3XS:20|2XS:20|XS:20|S:10|M:10|L:10|XL:10"
280148,"2024-02-07 08:39:53.45","#PO0148",50.00,68.00,93.00,120.90,"2024-02-27","134759649","PO",4,,,,"","ALMA","PO0148A1",30025,1002,"2024-02-27","2024-03-27","USD",93.00,100,"3XS:20|2XS:20|XS:20|S:10|M:10|L:10|XL:10"
280149,"2024-02-07 08:39:53.45","#PO0149",50.00,68.00,93.00,120.90,"2024-02-27","134759649","PO",4,,,,"","ALMA","PO0149A0",30026,1016,"2024-02-27","2024-03-27","USD",93.00,100,"3XS:20|2XS:20|XS:20|S:10|M:10|L:10|XL:10"
280150,"2024-02-07 08:39:53.45","#PO0150",50.00,68.00,93.00,120.90,"2024-02-27","134759649","PO",4,,,,"","ALMA","PO0150A1",30027,3002,"2024-02-27","2024-03-27","USD",93.00,100,"3XS:20|2XS:20|XS:20|S:10|M:10|L:10|XL:10"
280151,"2024-02-07 08:39:53.45","#PO0151",50.00,68.00,93.00,120.90,"2024-02-27","134759649","PO",4,,,,"","ALMA","PO0151A0",30066,4002,"2024-02-27","2024-03-27","USD",93.00,100,"3XS:20|2XS:20|XS:20|S:10|M:10|L:10|XL:10"
280152,"2024-02-07 08:39:53.45","#PO0152",50.00,68.00,93.00,120.90,"2024-02-27","134759649","PO",4,,,,"","ALMA","PO0152A1",30067,5002,"2024-02-27","2024-03-27","USD",93.00,100,"3XS:20|2XS:20|XS:20|S:10|M:10|L:10|XL:10"
280153,"2024-02-07 08:39:53.45","#PO0153",50.00,68.00,93.00,120.90,"2024-02-27","134759649","PO",4,,,,"","ALMA","PO0153A0",30068,6002,"2024-02-27","2024-03-27","USD",93.00,100,"3XS:20|2XS:20|XS:20|S:10|M:10|L:10|XL:10"
280154,"2024-02-07 08:39:53.45","#PO0154",50.00,68.00,93.00,120.90,"2024-02-27","134759649","PO",4,,,,"","ALMA","PO0154A1",30069,8002,"2024-02-27","2024-03-27","USD",93.00,100,"3XS:20|2XS:20|XS:20|S:10|M:10|L:10|XL:10"
280155,"2024-02-07 08:39:53.45","#PO0155",50.00,68.00,93.00,120.90,"2024-02-27","134759650","PO",4,,,,"","ALMA","PO0155A1",30025,1002,"2024-02-27","2024-03-27","USD",93.00,100,"3XS:20|2XS:20|XS:20|S:10|M:10|L:10|XL:10"
280156,"2024-02-07 08:39:53.45","#PO0156",50.00,68.00,93.00,120.90,"2024-02-27","134759650","PO",4,,,,"","ALMA","PO0156A0",30026,1016,"2024-02-27","2024-03-27","USD",93.00,100,"3XS:20|2XS:20|XS:20|S:10|M:10|L:10|XL:10"
280157,"2024-02-07 08:39:53.45","#PO0157",50.00,68.00,93.00,120.90,"2024-02-27","134759650","PO",4,,,,"","ALMA","PO0157A1",30027,3002,"2024-02-27","2024-03-27","USD",93.00,100,"3XS:20|2XS:20|XS:20|S:10|M:10|L:10|XL:10"
280158,"2024-02-07 08:39:53.45","#PO0158",50.00,68.00,93.00,120.90,"2024-02-27","134759650","PO",4,,,,"","ALMA","PO0158A0",30066,4002,"2024-02-27","2024-03-27","USD",93.00,100,"3XS:20|2XS:20|XS:20|S:10|M:10|L:10|XL:10"
280159,"2024-02-07 08:39:53.45","#PO0159",50.00,68.00,93.00,120.90,"2024-02-27","134759650","PO",4,,,,"","ALMA","PO0159A1",30067,5002,"2024-02-27","2024-03-27","USD",93.00,100,"3XS:20|2XS:20|XS:20|S:10|M:10|L:10|XL:10"
280160,"2024-02-07 08:39:53.45","#PO0160",50.00,68.00,93.00,120.90,"2024-02-27","134759650","PO",4,,,,"","ALMA","PO0160A0",30068,6002,"2024-02-27","2024-03-27","USD",93.00,100,"3XS:20|2XS:20|XS:20|S:10|M:10|L:10|XL:10"
280161,"2024-02-07 08:39:53.45","#PO0161",50.00,68.00,93.00,120.90,"2024-02-27","134759650","PO",4,,,,"","ALMA","PO0161A1",30069,8002,"2024-02-27","2024-03-27","USD",93.00,100,"3XS:20|2XS:20|XS:20|S:10|M:10|L:10|XL:10"
280162,"2024-02-07 08:39:53.45","#PO0162",50.00,68.00,93.00,120.90,"2024-02-27","134759672","PO",4,,,,"","ALMA","PO0162A1",30025,1002,"2024-02-27","2024-03-27","USD",93.00,100,"3XS:20|2XS:20|XS:20|S:10|M:10|L:10|XL:10"
280163,"2024-02-07 08:39:53.45","#PO0163",50.00,68.00,93.00,120.90,"2024-02-27","134759672","PO",4,,,,"","ALMA","PO0163A0",30026,1016,"2024-02-27","2024-03-27","USD",93.00,100,"3XS:20|2XS:20|XS:20|S:10|M:10|L:10|XL:10"
280164,"2024-02-07 08:39:53.45","#PO0164",50.00,68.00,93.00,120.90,"2024-02-27","134759672","PO",4,,,,"","ALMA","PO0164A1",30027,3002,"2024-02-27","2024-03-27","USD",93.00,100,"3XS:20|2XS:20|XS:20|S:10|M:10|L:10|XL:10"
280165,"2024-02-07 08:39:53.45","#PO0165",50.00,68.00,93.00,120.90,"2024-02-27","134759672","PO",4,,,,"","ALMA","PO0165A0",30066,4002,"2024-02-27","2024-03-27","USD",93.00,100,"3XS:20|2XS:20|XS:20|S:10|M:10|L:10|XL:10"
280166,"2024-02-07 08:39:53.45","#PO0166",50.00,68.00,93.00,120.90,"2024-02-27","134759672","PO",4,,,,"","ALMA","PO0166A1",30067,5002,"2024-02-27","2024-03-27","USD",93.00,100,"3XS:20|2XS:20|XS:20|S:10|M:10|L:10|XL:10"
280167,"2024-02-07 08:39:53.45","#PO0167",50.00,68.00,93.00,120.90,"2024-02-27","134759672","PO",4,,,,"","ALMA","PO0167A0",30068,6002,"2024-02-27","2024-03-27","USD",93.00,100,"3XS:20|2XS:20|XS:20|S:10|M:10|L:10|XL:10"
280168,"2024-02-07 08:39:53.45","#PO0168",50.00,68.00,93.00,120.90,"2024-02-27","134759672","PO",4,,,,"","ALMA","PO0168A1",30069,8002,"2024-02-27","2024-03-27","USD",93.00,100,"3XS:20|2XS:20|XS:20|S:10|M:10|L:10|XL:10"
280169,"2024-02-07 08:39:53.45","#PO0169",50.00,68.00,93.00,120.90,"2024-02-27","134759680","PO",4,,,,"","ALMA","PO0169A1",30025,1002,"2024-02-27","2024-03-27","USD",93.00,100,"3XS:20|2XS:20|XS:20|S:10|M:10|L:10|XL:10"
280170,"2024-02-07 08:39:53.45","#PO0170",50.00,68.00,93.00,120.90,"2024-02-27","134759680","PO",4,,,,"","ALMA","PO0170A0",30026,1016,"2024-02-27","2024-03-27","USD",93.00,100,"3XS:20|2XS:20|XS:20|S:10|M:10|L:10|XL:10"
280171,"2024-02-07 08:39:53.45","#PO0171",50.00,68.00,93.00,120.90,"2024-02-27","134759680","PO",4,,,,"","ALMA","PO0171A1",30027,3002,"2024-02-27","2024-03-27","USD",93.00,100,"3XS:20|2XS:20|XS:20|S:10|M:10|L:10|XL:10"
280172,"2024-02-07 08:39:53.45","#PO0172",50.00,68.00,93.00,120.90,"2024-02-27","134759680","PO",4,,,,"","ALMA","PO0172A0",30066,4002,"2024-02-27","2024-03-27","USD",93.00,100,"3XS:20|2XS:20|XS:20|S:10|M:10|L:10|XL:10"
280173,"2024-02-07 08:39:53.45","#PO0173",50.00,68.00,93.00,120.90,"2024-02-27","134759680","PO",4,,,,"","ALMA","PO0173A1",30067,5002,"2024-02-27","2024-03-27","USD",93.00,100,"3XS:20|2XS:20|XS:20|S:10|M:10|L:10|XL:10"
280174,"2024-02-07 08:39:53.45","#PO0174",50.00,68.00,93.00,120.90,"2024-02-27","134759680","PO",4,,,,"","ALMA","PO0174A0",30068,6002,"2024-02-27","2024-03-27","USD",93.00,100,"3XS:20|2XS:20|XS:20|S:10|M:10|L:10|XL:10"
280175,"2024-02-07 08:39:53.45","#PO0175",50.00,68.00,93.00,120.90,"2024-02-27","134759680","PO",4,,,,"","ALMA","PO0175A1",30069,8002,"2024-02-27","2024-03-27","USD",93.00,100,"3XS:20|2XS:20|XS:20|S:10|M:10|L:10|XL:10"
280176,"2024-02-07 08:39:53.45","#PO0176",50.00,68.00,93.00,120.90,"2024-02-27","134759681","PO",4,,,,"","ALMA","PO0176A1",30025,1002,"2024-02-27","2024-03-27","USD",93.00,100,"3XS:20|2XS:20|XS:20|S:10|M:10|L:10|XL:10"
280177,"2024-02-07 08:39:53.45","#PO0177",50.00,68.00,93.00,120.90,"2024-02-27","134759681","PO",4,,,,"","ALMA","PO0177A0",30026,1016,"2024-02-27","2024-03-27","USD",93.00,100,"3XS:20|2XS:20|XS:20|S:10|M:10|L:10|XL:10"
280178,"2024-02-07 08:39:53.45","#PO0178",50.00,68.00,93.00,120.90,"2024-02-27","134759681","PO",4,,,,"","ALMA","PO0178A1",30027,3002,"2024-02-27","2024-03-27","USD",93.00,100,"3XS:20|2XS:20|XS:20|S:10|M:10|L:10|XL:10"
280179,"2024-02-07 08:39:53.45","#PO0179",50.00,68.00,93.00,120.90,"2024-02-27","134759681","PO",4,,,,"","ALMA","PO0179A0",30066,4002,"2024-02-27","2024-03-27","USD",93.00,100,"3XS:20|2XS:20|XS:20|S:10|M:10|L:10|XL:10"
280180,"2024-02-07 08:39:53.45","#PO0180",50.00,68.00,93.00,120.90,"2024-02-27","134759681","PO",4,,,,"","ALMA","PO0180A1",30067,5002,"2024-02-27","2024-03-27","USD",93.00,100,"3XS:20|2XS:20|XS:20|S:10|M:10|L:10|XL:10"
280181,"2024-02-07 08:39:53.45","#PO0181",50.00,68.00,93.00,120.90,"2024-02-27","134759681","PO",4,,,,"","ALMA","PO0181A0",30068,6002,"2024-02-27","2024-03-27","USD",93.00,100,"3XS:20|2XS:20|XS:20|S:10|M:10|L:10|XL:10"
280182,"2024-02-07 08:39:53.45","#PO0182",50.00,68.00,93.00,120.90,"2024-02-27","134759681","PO",4,,,,"","ALMA","PO0182A1",30069,8002,"2024-02-27","2024-03-27","USD",93.00,100,"3XS:20|2XS:20|XS:20|S:10|M:10|L:10|XL:10"
280183,"2024-02-07 08:39:53.45","#PO0183",50.00,68.00,93.00,120.90,"2024-02-27","134759682","PO",4,,,,"","ALMA","PO0183A1",30025,1002,"2024-02-27","2024-03-27","USD",93.00,100,"3XS:20|2XS:20|XS:20|S:10|M:10|L:10|XL:10"
280184,"2024-02-07 08:39:53.45","#PO0184",50.00,68.00,93.00,120.90,"2024-02-27","134759682","PO",4,,,,"","ALMA","PO0184A0",30026,1016,"2024-02-27","2024-03-27","USD",93.00,100,"3XS:20|2XS:20|XS:20|S:10|M:10|L:10|XL:10"
280185,"2024-02-07 08:39:53.45","#PO0185",50.00,68.00,93.00,120.90,"2024-02-27","134759682","PO",4,,,,"","ALMA","PO0185A1",30027,3002,"2024-02-27","2024-03-27","USD",93.00,100,"3XS:20|2XS:20|XS:20|S:10|M:10|L:10|XL:10"
280186,"2024-02-07 08:39:53.45","#PO0186",50.00,68.00,93.00,120.90,"2024-02-27","134759682","PO",4,,,,"","ALMA","PO0186A0",30066,4002,"2024-02-27","2024-03-27","USD",93.00,100,"3XS:20|2XS:20|XS:20|S:10|M:10|L:10|XL:10"
280187,"2024-02-07 08:39:53.45","#PO0187",50.00,68.00,93.00,120.90,"2024-02-27","134759682","PO",4,,,,"","ALMA","PO0187A1",30067,5002,"2024-02-27","2024-03-27","USD",93.00,100,"3XS:20|2XS:20|XS:20|S:10|M:10|L:10|XL:10"
280188,"2024-02-07 08:39:53.45","#PO0188",50.00,68.00,93.00,120.90,"2024-02-27","134759682","PO",4,,,,"","ALMA","PO0188A0",30068,6002,"2024-02-27","2024-03-27","USD",93.00,100,"3XS:20|2XS:20|XS:20|S:10|M:10|L:10|XL:10"
280189,"2024-02-07 08:39:53.45","#PO0189",50.00,68.00,93.00,120.90,"2024-02-27","134759682","PO",4,,,,"","ALMA","PO0189A1",30069,8002,"2024-02-27","2024-03-27","USD",93.00,100,"3XS:20|2XS:20|XS:20|S:10|M:10|L:10|XL:10"
280190,"2024-02-07 08:39:53.45","#PO0190",50.00,68.00,93.00,120.90,"2024-02-27","134759697","PO",4,,,,"","ALMA","PO0190A1",30025,1002,"2024-02-27","2024-03-27","USD",93.00,100,"3XS:20|2XS:20|XS:20|S:10|M:10|L:10|XL:10"
280191,"2024-02-07 08:39:53.45","#PO0191",50.00,68.00,93.00,120.90,"2024-02-27","134759697","PO",4,,,,"","ALMA","PO0191A0",30026,1016,"2024-02-27","2024-03-27","USD",93.00,100,"3XS:20|2XS:20|XS:20|S:10|M:10|L:10|XL:10"
280192,"2024-02-07 08:39:53.45","#PO0192",50.00,68.00,93.00,120.90,"2024-02-27","134759697","PO",4,,,,"","ALMA","PO0192A1",30027,3002,"2024-02-27","2024-03-27","USD",93.00,100,"3XS:20|2XS:20|XS:20|S:10|M:10|L:10|XL:10"
280193,"2024-02-07 08:39:53.45","#PO0193",50.00,68.00,93.00,120.90,"2024-02-27","134759697","PO",4,,,,"","ALMA","PO0193A0",30066,4002,"2024-02-27","2024-03-27","USD",93.00,100,"3XS:20|2XS:20|XS:20|S:10|M:10|L:10|XL:10"
280194,"2024-02-07 08:39:53.45","#PO0194",50.00,68.00,93.00,120.90,"2024-02-27","134759697","PO",4,,,,"","ALMA","PO0194A1",30067,5002,"2024-02-27","2024-03-27","USD",93.00,100,"3XS:20|2XS:20|XS:20|S:10|M:10|L:10|XL:10"
280195,"2024-02-07 08:39:53.45","#PO0195",50.00,68.00,93.00,120.90,"2024-02-27","134759697","PO",4,,,,"","ALMA","PO0195A0",30068,6002,"2024-02-27","2024-03-27","USD",93.00,100,"3XS:20|2XS:20|XS:20|S:10|M:10|L:10|XL:10"
280196,"2024-02-07 08:39:53.45","#PO0196",50.00,68.00,93.00,120.90,"2024-02-27","134759697","PO",4,,,,"","ALMA","PO0196A1",30069,8002,"2024-02-27","2024-03-27","USD",93.00,100,"3XS:20|2XS:20|XS:20|S:10|M:10|L:10|XL:10"
280197,"2024-02-07 08:39:53.45","#PO0197",50.00,68.00,93.00,120.90,"2024-02-27","134759705","PO",4,,,,"","ALMA","PO0197A1",30025,1002,"2024-02-27","2024-03-27","USD",93.00,100,"3XS:20|2XS:20|XS:20|S:10|M:10|L:10|XL:10"
280198,"2024-02-07 08:39:53.45","#PO0198",50.00,68.00,93.00,120.90,"2024-02-27","134759705","PO",4,,,,"","ALMA","PO0198A0",30026,1016,"2024-02-27","2024-03-27","USD",93.00,100,"3XS:20|2XS:20|XS:20|S:10|M:10|L:10|XL:10"
280199,"2024-02-07 08:39:53.45","#PO0199",50.00,68.00,93.00,120.90,"2024-02-27","134759705","PO",4,,,,"","ALMA","PO0199A1",30027,3002,"2024-02-27","2024-03-27","USD",93.00,100,"3XS:20|2XS:20|XS:20|S:10|M:10|L:10|XL:10"
280200,"2024-02-07 08:39:53.45","#PO0200",50.00,68.00,93.00,120.90,"2024-02-27","134759705","PO",4,,,,"","ALMA","PO0200A0",30066,4002,"2024-02-27","2024-03-27","USD",93.00,100,"3XS:20|2XS:20|XS:20|S:10|M:10|L:10|XL:10"
280201,"2024-02-07 08:39:53.45","#PO0201",50.00,68.00,93.00,120.90,"2024-02-27","134759705","PO",4,,,,"","ALMA","PO0201A1",30067,5002,"2024-02-27","2024-03-27","USD",93.00,100,"3XS:20|2XS:20|XS:20|S:10|M:10|L:10|XL:10"
280202,"2024-02-07 08:39:53.45","#PO0202",50.00,68.00,93.00,120.90,"2024-02-27","134759705","PO",4,,,,"","ALMA","PO0202A0",30068,6002,"2024-02-27","2024-03-27","USD",93.00,100,"3XS:20|2XS:20|XS:20|S:10|M:10|L:10|XL:10"
280203,"2024-02-07 08:39:53.45","#PO0203",50.00,68.00,93.00,120.90,"2024-02-27","134759705","PO",4,,,,"","ALMA","PO0203A1",30069,8002,"2024-02-27","2024-03-27","USD",93.00,100,"3XS:20|2XS:20|XS:20|S:10|M:10|L:10|XL:10"
280204,"2024-02-07 08:39:53.45","#PO0204",50.00,68.00,93.00,120.90,"2024-02-27","134759706","PO",4,,,,"","ALMA","PO0204A1",30025,1002,"2024-02-27","2024-03-27","USD",93.00,100,"3XS:20|2XS:20|XS:20|S:10|M:10|L:10|XL:10"
280205,"2024-02-07 08:39:53.45","#PO0205",50.00,68.00,93.00,120.90,"2024-02-27","134759706","PO",4,,,,"","ALMA","PO0205A0",30026,1016,"2024-02-27","2024-03-27","USD",93.00,100,"3XS:20|2XS:20|XS:20|S:10|M:10|L:10|XL:10"
280206,"2024-02-07 08:39:53.45","#PO0206",50.00,68.00,93.00,120.90,"2024-02-27","134759706","PO",4,,,,"","ALMA","PO0206A1",30027,3002,"2024-02-27","2024-03-27","USD",93.00,100,"3XS:20|2XS:20|XS:20|S:10|M:10|L:10|XL:10"
280207,"2024-02-07 08:39:53.45","#PO0207",50.00,68.00,93.00,120.90,"2024-02-27","134759706","PO",4,,,,"","ALMA","PO0207A0",30066,4002,"2024-02-27","2024-03-27","USD",93.00,100,"3XS:20|2XS:20|XS:20|S:10|M:10|L:10|XL:10"
280208,"2024-02-07 08:39:53.45","#PO0208",50.00,68.00,93.00,120.90,"2024-02-27","134759706","PO",4,,,,"","ALMA","PO0208A1",30067,5002,"2024-02-27","2024-03-27","USD",93.00,100,"3XS:20|2XS:20|XS:20|S:10|M:10|L:10|XL:10"
280209,"2024-02-07 08:39:53.45","#PO0209",50.00,68.00,93.00,120.90,"2024-02-27","134759706","PO",4,,,,"","ALMA","PO0209A0",30068,6002,"2024-02-27","2024-03-27","USD",93.00,100,"3XS:20|2XS:20|XS:20|S:10|M:10|L:10|XL:10"
280210,"2024-02-07 08:39:53.45","#PO0210",50.00,68.00,93.00,120.90,"2024-02-27","134759706","PO",4,,,,"","ALMA","PO0210A1",30069,8002,"2024-02-27","2024-03-27","USD",93.00,100,"3XS:20|2XS:20|XS:20|S:10|M:10|L:10|XL:10"
280211,"2024-02-07 08:39:53.45","#PO0211",50.00,68.00,93.00,120.90,"2024-02-27","134759721","PO",4,,,,"","ALMA","PO0211A1",30025,1002,"2024-02-27","2024-03-27","USD",93.00,100,"3XS:20|2XS:20|XS:20|S:10|M:10|L:10|XL:10"
280212,"2024-02-07 08:39:53.45","#PO0212",50.00,68.00,93.00,120.90,"2024-02-27","134759721","PO",4,,,,"","ALMA","PO0212A0",30026,1016,"2024-02-27","2024-03-27","USD",93.00,100,"3XS:20|2XS:20|XS:20|S:10|M:10|L:10|XL:10"
280213,"2024-02-07 08:39:53.45","#PO0213",50.00,68.00,93.00,120.90,"2024-02-27","134759721","PO",4,,,,"","ALMA","PO0213A1",30027,3002,"2024-02-27","2024-03-27","USD",93.00,100,"3XS:20|2XS:20|XS:20|S:10|M:10|L:10|XL:10"
280214,"2024-02-07 08:39:53.45","#PO0214",50.00,68.00,93.00,120.90,"2024-02-27","134759721","PO",4,,,,"","ALMA","PO0214A0",30066,4002,"2024-02-27","2024-03-27","USD",93.00,100,"3XS:20|2XS:20|XS:20|S:10|M:10|L:10|XL:10"
280215,"2024-02-07 08:39:53.45","#PO0215",50.00,68.00,93.00,120.90,"2024-02-27","134759721","PO",4,,,,"","ALMA","PO0215A1",30067,5002,"2024-02-27","2024-03-27","USD",93.00,100,"3XS:20|2XS:20|XS:20|S:10|M:10|L:10|XL:10"
280216,"2024-02-07 08:39:53.45","#PO0216",50.00,68.00,93.00,120.90,"2024-02-27","134759721","PO",4,,,,"","ALMA","PO0216A0",30068,6002,"2024-02-27","2024-03-27","USD",93.00,100,"3XS:20|2XS:20|XS:20|S:10|M:10|L:10|XL:10"
280217,"2024-02-07 08:39:53.45","#PO0217",50.00,68.00,93.00,120.90,"2024-02-27","134759721","PO",4,,,,"","ALMA","PO0217A1",30069,8002,"2024-02-27","2024-03-27","USD",93.00,100,"3XS:20|2XS:20|XS:20|S:10|M:10|L:10|XL:10"
280218,"2024-02-07 08:39:53.45","#PO0218",50.00,68.00,93.00,120.90,"2024-02-27","134759729","PO",4,,,,"","ALMA","PO0218A1",30025,1002,"2024-02-27","2024-03-27","USD",93.00,100,"3XS:20|2XS:20|XS:20|S:10|M:10|L:10|XL:10"
280219,"2024-02-07 08:39:53.45","#PO0219",50.00,68.00,93.00,120.90,"2024-02-27","134759729","PO",4,,,,"","ALMA","PO0219A0",30026,1016,"2024-02-27","2024-03-27","USD",93.00,100,"3XS:20|2XS:20|XS:20|S:10|M:10|L:10|XL:10"
280220,"2024-02-07 08:39:53.45","#PO0220",50.00,68.00,93.00,120.90,"2024-02-27","134759729","PO",4,,,,"","ALMA","PO0220A1",30027,3002,"2024-02-27","2024-03-27","USD",93.00,100,"3XS:20|2XS:20|XS:20|S:10|M:10|L:10|XL:10"
280221,"2024-02-07 08:39:53.45","#PO0221",50.00,68.00,93.00,120.90,"2024-02-27","134759729","PO",4,,,,"","ALMA","PO0221A0",30066,4002,"2024-02-27","2024-03-27","USD",93.00,100,"3XS:20|2XS:20|XS:20|S:10|M:10|L:10|XL:10"
280222,"2024-02-07 08:39:53.45","#PO0222",50.00,68.00,93.00,120.90,"2024-02-27","134759729","PO",4,,,,"","ALMA","PO0222A1",30067,5002,"2024-02-27","2024-03-27","USD",93.00,100,"3XS:20|2XS:20|XS:20|S:10|M:10|L:10|XL:10"
280223,"2024-02-07 08:39:53.45","#PO0223",50.00,68.00,93.00,120.90,"2024-02-27","134759729","PO",4,,,,"","ALMA","PO0223A0",30068,6002,"2024-02-27","2024-03-27","USD",93.00,100,"3XS:20|2XS:20|XS:20|S:10|M:10|L:10|XL:10"
280224,"2024-02-07 08:39:53.45","#PO0224",50.00,68.00,93.00,120.90,"2024-02-27","134759729","PO",4,,,,"","ALMA","PO0224A1",30069,8002,"2024-02-27","2024-03-27","USD",93.00,100,"3XS:20|2XS:20|XS:20|S:10|M:10|L:10|XL:10"
280225,"2024-02-07 08:39:53.45","#PO0225",50.00,68.00,93.00,120.90,"2024-02-27","134759730","PO",4,,,,"","ALMA","PO0225A1",30025,1002,"2024-02-27","2024-03-27","USD",93.00,100,"3XS:20|2XS:20|XS:20|S:10|M:10|L:10|XL:10"
280226,"2024-02-07 08:39:53.45","#PO0226",50.00,68.00,93.00,120.90,"2024-02-27","134759730","PO",4,,,,"","ALMA","PO0226A0",30026,1016,"2024-02-27","2024-03-27","USD",93.00,100,"3XS:20|2XS:20|XS:20|S:10|M:10|L:10|XL:10"
280227,"2024-02-07 08:39:53.45","#PO0227",50.00,68.00,93.00,120.90,"2024-02-27","134759730","PO",4,,,,"","ALMA","PO0227A1",30027,3002,"2024-02-27","2024-03-27","USD",93.00,100,"3XS:20|2XS:20|XS:20|S:10|M:10|L:10|XL:10"
280228,"2024-02-07 08:39:53.45","#PO0228",50.00,68.00,93.00,120.90,"2024-02-27","134759730","PO",4,,,,"","ALMA","PO0228A0",30066,4002,"2024-02-27","2024-03-27","USD",93.00,100,"3XS:20|2XS:20|XS:20|S:10|M:10|L:10|XL:10"
280229,"2024-02-07 08:39:53.45","#PO0229",50.00,68.00,93.00,120.90,"2024-02-27","134759730","PO",4,,,,"","ALMA","PO0229A1",30067,5002,"2024-02-27","2024-03-27","USD",93.00,100,"3XS:20|2XS:20|XS:20|S:10|M:10|L:10|XL:10"
280230,"2024-02-07 08:39:53.45","#PO0230",50.00,68.00,93.00,120.90,"2024-02-27","134759730","PO",4,,,,"","ALMA","PO0230A0",30068,6002,"2024-02-27","2024-03-27","USD",93.00,100,"3XS:20|2XS:20|XS:20|S:10|M:10|L:10|XL:10"
280231,"2024-02-07 08:39:53.45","#PO0231",50.00,68.00,93.00,120.90,"2024-02-27","134759730","PO",4,,,,"","ALMA","PO0231A1",30069,8002,"2024-02-27","2024-03-27","USD",93.00,100,"3XS:20|2XS:20|XS:20|S:10|M:10|L:10|XL:10"
280232,"2024-02-07 08:39:53.45","#PO0232",50.00,68.00,93.00,120.90,"2024-02-27","134759731","PO",4,,,,"","ALMA","PO0232A1",30025,1002,"2024-02-27","2024-03-27","USD",93.00,100,"3XS:20|2XS:20|XS:20|S:10|M:10|L:10|XL:10"
280233,"2024-02-07 08:39:53.45","#PO0233",50.00,68.00,93.00,120.90,"2024-02-27","134759731","PO",4,,,,"","ALMA","PO0233A0",30026,1016,"2024-02-27","2024-03-27","USD",93.00,100,"3XS:20|2XS:20|XS:20|S:10|M:10|L:10|XL:10"
280234,"2024-02-07 08:39:53.45","#PO0234",50.00,68.00,93.00,120.90,"2024-02-27","134759731","PO",4,,,,"","ALMA","PO0234A1",30027,3002,"2024-02-27","2024-03-27","USD",93.00,100,"3XS:20|2XS:20|XS:20|S:10|M:10|L:10|XL:10"
280235,"2024-02-07 08:39:53.45","#PO0235",50.00,68.00,93.00,120.90,"2024-02-27","134759731","PO",4,,,,"","ALMA","PO0235A0",30066,4002,"2024-02-27","2024-03-27","USD",93.00,100,"3XS:20|2XS:20|XS:20|S:10|M:10|L:10|XL:10"
280236,"2024-02-07 08:39:53.45","#PO0236",50.00,68.00,93.00,120.90,"2024-02-27","134759731","PO",4,,,,"","ALMA","PO0236A1",30067,5002,"2024-02-27","2024-03-27","USD",93.00,100,"3XS:20|2XS:20|XS:20|S:10|M:10|L:10|XL:10"
280237,"2024-02-07 08:39:53.45","#PO0237",50.00,68.00,93.00,120.90,"2024-02-27","134759731","PO",4,,,,"","ALMA","PO0237A0",30068,6002,"2024-02-27","2024-03-27","USD",93.00,100,"3XS:20|2XS:20|XS:20|S:10|M:10|L:10|XL:10"
280238,"2024-02-07 08:39:53.45","#PO0238",50.00,68.00,93.00,120.90,"2024-02-27","134759731","PO",4,,,,"","ALMA","PO0238A1",30069,8002,"2024-02-27","2024-03-27","USD",93.00,100,"3XS:20|2XS:20|XS:20|S:10|M:10|L:10|XL:10"
280239,"2024-02-07 08:39:53.45","#PO0239",50.00,68.00,93.00,120.90,"2024-02-27","134759732","PO",4,,,,"","ALMA","PO0239A1",30025,1002,"2024-02-27","2024-03-27","USD",93.00,100,"3XS:20|2XS:20|XS:20|S:10|M:10|L:10|XL:10"
280240,"2024-02-07 08:39:53.45","#PO0240",50.00,68.00,93.00,120.90,"2024-02-27","134759732","PO",4,,,,"","ALMA","PO0240A0",30026,1016,"2024-02-27","2024-03-27","USD",93.00,100,"3XS:20|2XS:20|XS:20|S:10|M:10|L:10|XL:10"
280241,"2024-02-07 08:39:53.45","#PO0241",50.00,68.00,93.00,120.90,"2024-02-27","134759732","PO",4,,,,"","ALMA","PO0241A1",30027,3002,"2024-02-27","2024-03-27","USD",93.00,100,"3XS:20|2XS:20|XS:20|S:10|M:10|L:10|XL:10"
280242,"2024-02-07 08:39:53.45","#PO0242",50.00,68.00,93.00,120.90,"2024-02-27","134759732","PO",4,,,,"","ALMA","PO0242A0",30066,4002,"2024-02-27","2024-03-27","USD",93.00,100,"3XS:20|2XS:20|XS:20|S:10|M:10|L:10|XL:10"
280243,"2024-02-07 08:39:53.45","#PO0243",50.00,68.00,93.00,120.90,"2024-02-27","134759732","PO",4,,,,"","ALMA","PO0243A1",30067,5002,"2024-02-27","2024-03-27","USD",93.00,100,"3XS:20|2XS:20|XS:20|S:10|M:10|L:10|XL:10"
280244,"2024-02-07 08:39:53.45","#PO0244",50.00,68.00,93.00,120.90,"2024-02-27","134759732","PO",4,,,,"","ALMA","PO0244A0",30068,6002,"2024-02-27","2024-03-27","USD",93.00,100,"3XS:20|2XS:20|XS:20|S:10|M:10|L:10|XL:10"
280245,"2024-02-07 08:39:53.45","#PO0245",50.00,68.00,93.00,120.90,"2024-02-27","134759732","PO",4,,,,"","ALMA","PO0245A1",30069,8002,"2024-02-27","2024-03-27","USD",93.00,100,"3XS:20|2XS:20|XS:20|S:10|M:10|L:10|XL:10"
280246,"2024-02-07 08:39:53.45","#PO0246",50.00,68.00,93.00,120.90,"2024-02-27","134759747","PO",4,,,,"","ALMA","PO0246A1",30025,1002,"2024-02-27","2024-03-27","USD",93.00,100,"3XS:20|2XS:20|XS:20|S:10|M:10|L:10|XL:10"
280247,"2024-02-07 08:39:53.45","#PO0247",50.00,68.00,93.00,120.90,"2024-02-27","134759747","PO",4,,,,"","ALMA","PO0247A0",30026,1016,"2024-02-27","2024-03-27","USD",93.00,100,"3XS:20|2XS:20|XS:20|S:10|M:10|L:10|XL:10"
280248,"2024-02-07 08:39:53.45","#PO0248",50.00,68.00,93.00,120.90,"2024-02-27","134759747","PO",4,,,,"","ALMA","PO0248A1",30027,3002,"2024-02-27","2024-03-27","USD",93.00,100,"3XS:20|2XS:20|XS:20|S:10|M:10|L:10|XL:10"
280249,"2024-02-07 08:39:53.45","#PO0249",50.00,68.00,93.00,120.90,"2024-02-27","134759747","PO",4,,,,"","ALMA","PO0249A0",30066,4002,"2024-02-27","2024-03-27","USD",93.00,100,"3XS:20|2XS:20|XS:20|S:10|M:10|L:10|XL:10"
280250,"2024-02-07 08:39:53.45","#PO0250",50.00,68.00,93.00,120.90,"2024-02-27","134759747","PO",4,,,,"","ALMA","PO0250A1",30067,5002,"2024-02-27","2024-03-27","USD",93.00,100,"3XS:20|2XS:20|XS:20|S:10|M:10|L:10|XL:10"
280251,"2024-02-07 08:39:53.45","#PO0251",50.00,68.00,93.00,120.90,"2024-02-27","134759747","PO",4,,,,"","ALMA","PO0251A0",30068,6002,"2024-02-27","2024-03-27","USD",93.00,100,"3XS:20|2XS:20|XS:20|S:10|M:10|L:10|XL:10"
280252,"2024-02-07 08:39:53.45","#PO0252",50.00,68.00,93.00,120.90,"2024-02-27","134759747","PO",4,,,,"","ALMA","PO0252A1",30069,8002,"2024-02-27","2024-03-27","USD",93.00,100,"3XS:20|2XS:20|XS:20|S:10|M:10|L:10|XL:10"
280253,"2024-02-07 08:39:53.45","#PO0253",50.00,68.00,93.00,120.90,"2024-02-27","134759762","PO",4,,,,"","ALMA","PO0253A1",30025,1002,"2024-02-27","2024-03-27","USD",93.00,100,"3XS:20|2XS:20|XS:20|S:10|M:10|L:10|XL:10"
280254,"2024-02-07 08:39:53.45","#PO0254",50.00,68.00,93.00,120.90,"2024-02-27","134759762","PO",4,,,,"","ALMA","PO0254A0",30026,1016,"2024-02-27","2024-03-27","USD",93.00,100,"3XS:20|2XS:20|XS:20|S:10|M:10|L:10|XL:10"
280255,"2024-02-07 08:39:53.45","#PO0255",50.00,68.00,93.00,120.90,"2024-02-27","134759762","PO",4,,,,"","ALMA","PO0255A1",30027,3002,"2024-02-27","2024-03-27","USD",93.00,100,"3XS:20|2XS:20|XS:20|S:10|M:10|L:10|XL:10"
280256,"2024-02-07 08:39:53.45","#PO0256",50.00,68.00,93.00,120.90,"2024-02-27","134759762","PO",4,,,,"","ALMA","PO0256A0",30066,4002,"2024-02-27","2024-03-27","USD",93.00,100,"3XS:20|2XS:20|XS:20|S:10|M:10|L:10|XL:10"
280257,"2024-02-07 08:39:53.45","#PO0257",50.00,68.00,93.00,120.90,"2024-02-27","134759762","PO",4,,,,"","ALMA","PO0257A1",30067,5002,"2024-02-27","2024-03-27","USD",93.00,100,"3XS:20|2XS:20|XS:20|S:10|M:10|L:10|XL:10"
280258,"2024-02-07 08:39:53.45","#PO0258",50.00,68.00,93.00,120.90,"2024-02-27","134759762","PO",4,,,,"","ALMA","PO0258A0",30068,6002,"2024-02-27","2024-03-27","USD",93.00,100,"3XS:20|2XS:20|XS:20|S:10|M:10|L:10|XL:10"
280259,"2024-02-07 08:39:53.45","#PO0259",50.00,68.00,93.00,120.90,"2024-02-27","134759762","PO",4,,,,"","ALMA","PO0259A1",30069,8002,"2024-02-27","2024-03-27","USD",93.00,100,"3XS:20|2XS:20|XS:20|S:10|M:10|L:10|XL:10"
280260,"2024-02-07 08:39:53.45","#PO0260",50.00,68.00,93.00,120.90,"2024-02-27","134759763","PO",4,,,,"","ALMA","PO0260A1",30025,1002,"2024-02-27","2024-03-27","USD",93.00,100,"3XS:20|2XS:20|XS:20|S:10|M:10|L:10|XL:10"
280261,"2024-02-07 08:39:53.45","#PO0261",50.00,68.00,93.00,120.90,"2024-02-27","134759763","PO",4,,,,"","ALMA","PO0261A0",30026,1016,"2024-02-27","2024-03-27","USD",93.00,100,"3XS:20|2XS:20|XS:20|S:10|M:10|L:10|XL:10"
280262,"2024-02-07 08:39:53.45","#PO0262",50.00,68.00,93.00,120.90,"2024-02-27","134759763","PO",4,,,,"","ALMA","PO0262A1",30027,3002,"2024-02-27","2024-03-27","USD",93.00,100,"3XS:20|2XS:20|XS:20|S:10|M:10|L:10|XL:10"
280263,"2024-02-07 08:39:53.45","#PO0263",50.00,68.00,93.00,120.90,"2024-02-27","134759763","PO",4,,,,"","ALMA","PO0263A0",30066,4002,"2024-02-27","2024-03-27","USD",93.00,100,"3XS:20|2XS:20|XS:20|S:10|M:10|L:10|XL:10"
280264,"2024-02-07 08:39:53.45","#PO0264",50.00,68.00,93.00,120.90,"2024-02-27","134759763","PO",4,,,,"","ALMA","PO0264A1",30067,5002,"2024-02-27","2024-03-27","USD",93.00,100,"3XS:20|2XS:20|XS:20|S:10|M:10|L:10|XL:10"
280265,"2024-02-07 08:39:53.45","#PO0265",50.00,68.00,93.00,120.90,"2024-02-27","134759763","PO",4,,,,"","ALMA","PO0265A0",30068,6002,"2024-02-27","2024-03-27","USD",93.00,100,"3XS:20|2XS:20|XS:20|S:10|M:10|L:10|XL:10"
280266,"2024-02-07 08:39:53.45","#PO0266",50.00,68.00,93.00,120.90,"2024-02-27","134759763","PO",4,,,,"","ALMA","PO0266A1",30069,8002,"2024-02-27","2024-03-27","USD",93.00,100,"3XS:20|2XS:20|XS:20|S:10|M:10|L:10|XL:10"
280267,"2024-02-07 08:39:53.45","#PO0267",50.00,68.00,93.00,120.90,"2024-02-27","134759764","PO",4,,,,"","ALMA","PO0267A1",30025,1002,"2024-02-27","2024-03-27","USD",93.00,100,"3XS:20|2XS:20|XS:20|S:10|M:10|L:10|XL:10"
280268,"2024-02-07 08:39:53.45","#PO0268",50.00,68.00,93.00,120.90,"2024-02-27","134759764","PO",4,,,,"","ALMA","PO0268A0",30026,1016,"2024-02-27","2024-03-27","USD",93.00,100,"3XS:20|2XS:20|XS:20|S:10|M:10|L:10|XL:10"
280269,"2024-02-07 08:39:53.45","#PO0269",50.00,68.00,93.00,120.90,"2024-02-27","134759764","PO",4,,,,"","ALMA","PO0269A1",30027,3002,"2024-02-27","2024-03-27","USD",93.00,100,"3XS:20|2XS:20|XS:20|S:10|M:10|L:10|XL:10"
280270,"2024-02-07 08:39:53.45","#PO0270",50.00,68.00,93.00,120.90,"2024-02-27","134759764","PO",4,,,,"","ALMA","PO0270A0",30066,4002,"2024-02-27","2024-03-27","USD",93.00,100,"3XS:20|2XS:20|XS:20|S:10|M:10|L:10|XL:10"
280271,"2024-02-07 08:39:53.45","#PO0271",50.00,68.00,93.00,120.90,"2024-02-27","134759764","PO",4,,,,"","ALMA","PO0271A1",30067,5002,"2024-02-27","2024-03-27","USD",93.00,100,"3XS:20|2XS:20|XS:20|S:10|M:10|L:10|XL:10"
280272,"2024-02-07 08:39:53.45","#PO0272",50.00,68.00,93.00,120.90,"2024-02-27","134759764","PO",4,,,,"","ALMA","PO0272A0",30068,6002,"2024-02-27","2024-03-27","USD",93.00,100,"3XS:20|2XS:20|XS:20|S:10|M:10|L:10|XL:10"
280273,"2024-02-07 08:39:53.45","#PO0273",50.00,68.00,93.00,120.90,"2024-02-27","134759764","PO",4,,,,"","ALMA","PO0273A1",30069,8002,"2024-02-27","2024-03-27","USD",93.00,100,"3XS:20|2XS:20|XS:20|S:10|M:10|L:10|XL:10"
280274,"2024-02-07 08:39:53.45","#PO0274",50.00,68.00,93.00,120.90,"2024-02-27","134759765","PO",4,,,,"","ALMA","PO0274A1",30025,1002,"2024-02-27","2024-03-27","USD",93.00,100,"3XS:20|2XS:20|XS:20|S:10|M:10|L:10|XL:10"
280275,"2024-02-07 08:39:53.45","#PO0275",50.00,68.00,93.00,120.90,"2024-02-27","134759765","PO",4,,,,"","ALMA","PO0275A0",30026,1016,"2024-02-27","2024-03-27","USD",93.00,100,"3XS:20|2XS:20|XS:20|S:10|M:10|L:10|XL:10"
280276,"2024-02-07 08:39:53.45","#PO0276",50.00,68.00,93.00,120.90,"2024-02-27","134759765","PO",4,,,,"","ALMA","PO0276A1",30027,3002,"2024-02-27","2024-03-27","USD",93.00,100,"3XS:20|2XS:20|XS:20|S:10|M:10|L:10|XL:10"
280277,"2024-02-07 08:39:53.45","#PO0277",50.00,68.00,93.00,120.90,"2024-02-27","134759765","PO",4,,,,"","ALMA","PO0277A0",30066,4002,"2024-02-27","2024-03-27","USD",93.00,100,"3XS:20|2XS:20|XS:20|S:10|M:10|L:10|XL:10"
280278,"2024-02-07 08:39:53.45","#PO0278",50.00,68.00,93.00,120.90,"2024-02-27","134759765","PO",4,,,,"","ALMA","PO0278A1",30067,5002,"2024-02-27","2024-03-27","USD",93.00,100,"3XS:20|2XS:20|XS:20|S:10|M:10|L:10|XL:10"
280279,"2024-02-07 08:39:53.45","#PO0279",50.00,68.00,93.00,120.90,"2024-02-27","134759765","PO",4,,,,"","ALMA","PO0279A0",30068,6002,"2024-02-27","2024-03-27","USD",93.00,100,"3XS:20|2XS:20|XS:20|S:10|M:10|L:10|XL:10"
280280,"2024-02-07 08:39:53.45","#PO0280",50.00,68.00,93.00,120.90,"2024-02-27","134759765","PO",4,,,,"","ALMA","PO0280A1",30069,8002,"2024-02-27","2024-03-27","USD",93.00,100,"3XS:20|2XS:20|XS:20|S:10|M:10|L:10|XL:10"
280281,"2024-02-07 08:39:53.45","#PO0281",50.00,68.00,93.00,120.90,"2024-02-27","134759780","PO",4,,,,"","ALMA","PO0281A1",30025,1002,"2024-02-27","2024-03-27","USD",93.00,100,"3XS:20|2XS:20|XS:20|S:10|M:10|L:10|XL:10"
280282,"2024-02-07 08:39:53.45","#PO0282",50.00,68.00,93.00,120.90,"2024-02-27","134759780","PO",4,,,,"","ALMA","PO0282A0",30026,1016,"2024-02-27","2024-03-27","USD",93.00,100,"3XS:20|2XS:20|XS:20|S:10|M:10|L:10|XL:10"
280283,"2024-02-07 08:39:53.45","#PO0283",50.00,68.00,93.00,120.90,"2024-02-27","134759780","PO",4,,,,"","ALMA","PO0283A1",30027,3002,"2024-02-27","2024-03-27","USD",93.00,100,"3XS:20|2XS:20|XS:20|S:10|M:10|L:10|XL:10"
280284,"2024-02-07 08:39:53.45","#PO0284",50.00,68.00,93.00,120.90,"2024-02-27","134759780","PO",4,,,,"","ALMA","PO0284A0",30066,4002,"2024-02-27","2024-03-27","USD",93.00,100,"3XS:20|2XS:20|XS:20|S:10|M:10|L:10|XL:10"
280285,"2024-02-07 08:39:53.45","#PO0285",50.00,68.00,93.00,120.90,"2024-02-27","134759780","PO",4,,,,"","ALMA","PO0285A1",30067,5002,"2024-02-27","2024-03-27","USD",93.00,100,"3XS:20|2XS:20|XS:20|S:10|M:10|L:10|XL:10"
280286,"2024-02-07 08:39:53.45","#PO0286",50.00,68.00,93.00,120.90,"2024-02-27","134759780","PO",4,,,,"","ALMA","PO0286A0",30068,6002,"2024-02-27","2024-03-27","USD",93.00,100,"3XS:20|2XS:20|XS:20|S:10|M:10|L:10|XL:10"
280287,"2024-02-07 08:39:53.45","#PO0287",50.00,68.00,93.00,120.90,"2024-02-27","134759780","PO",4,,,,"","ALMA","PO0287A1",30069,8002,"2024-02-27","2024-03-27","USD",93.00,100,"3XS:20|2XS:20|XS:20|S:10|M:10|L:10|XL:10"
280288,"2024-02-07 08:39:53.45","#PO0288",50.00,68.00,93.00,120.90,"2024-02-27","134759788","PO",4,,,,"","ALMA","PO0288A1",30025,1002,"2024-02-27","2024-03-27","USD",93.00,100,"3XS:20|2XS:20|XS:20|S:10|M:10|L:10|XL:10"
280289,"2024-02-07 08:39:53.45","#PO0289",50.00,68.00,93.00,120.90,"2024-02-27","134759788","PO",4,,,,"","ALMA","PO0289A0",30026,1016,"2024-02-27","2024-03-27","USD",93.00,100,"3XS:20|2XS:20|XS:20|S:10|M:10|L:10|XL:10"
280290,"2024-02-07 08:39:53.45","#PO0290",50.00,68.00,93.00,120.90,"2024-02-27","134759788","PO",4,,,,"","ALMA","PO0290A1",30027,3002,"2024-02-27","2024-03-27","USD",93.00,100,"3XS:20|2XS:20|XS:20|S:10|M:10|L:10|XL:10"
280291,"2024-02-07 08:39:53.45","#PO0291",50.00,68.00,93.00,120.90,"2024-02-27","134759788","PO",4,,,,"","ALMA","PO0291A0",30066,4002,"2024-02-27","2024-03-27","USD",93.00,100,"3XS:20|2XS:20|XS:20|S:10|M:10|L:10|XL:10"
280292,"2024-02-07 08:39:53.45","#PO0292",50.00,68.00,93.00,120.90,"2024-02-27","134759788","PO",4,,,,"","ALMA","PO0292A1",30067,5002,"2024-02-27","2024-03-27","USD",93.00,100,"3XS:20|2XS:20|XS:20|S:10|M:10|L:10|XL:10"
280293,"2024-02-07 08:39:53.45","#PO0293",50.00,68.00,93.00,120.90,"2024-02-27","134759788","PO",4,,,,"","ALMA","PO0293A0",30068,6002,"2024-02-27","2024-03-27","USD",93.00,100,"3XS:20|2XS:20|XS:20|S:10|M:10|L:10|XL:10"
280294,"2024-02-07 08:39:53.45","#PO0294",50.00,68.00,93.00,120.90,"2024-02-27","134759788","PO",4,,,,"","ALMA","PO0294A1",30069,8002,"2024-02-27","2024-03-27","USD",93.00,100,"3XS:20|2XS:20|XS:20|S:10|M:10|L:10|XL:10"
280295,"2024-02-07 08:39:53.45","#PO0295",50.00,68.00,93.00,120.90,"2024-02-27","134759796","PO",4,,,,"","ALMA","PO0295A1",30025,1002,"2024-02-27","2024-03-27","USD",93.00,100,"3XS:20|2XS:20|XS:20|S:10|M:10|L:10|XL:10"
280296,"2024-02-07 08:39:53.45","#PO0296",50.00,68.00,93.00,120.90,"2024-02-27","134759796","PO",4,,,,"","ALMA","PO0296A0",30026,1016,"2024-02-27","2024-03-27","USD",93.00,100,"3XS:20|2XS:20|XS:20|S:10|M:10|L:10|XL:10"
280297,"2024-02-07 08:39:53.45","#PO0297",50.00,68.00,93.00,120.90,"2024-02-27","134759796","PO",4,,,,"","ALMA","PO0297A1",30027,3002,"2024-02-27","2024-03-27","USD",93.00,100,"3XS:20|2XS:20|XS:20|S:10|M:10|L:10|XL:10"
280298,"2024-02-07 08:39:53.45","#PO0298",50.00,68.00,93.00,120.90,"2024-02-27","134759796","PO",4,,,,"","ALMA","PO0298A0",30066,4002,"2024-02-27","2024-03-27","USD",93.00,100,"3XS:20|2XS:20|XS:20|S:10|M:10|L:10|XL:10"
280299,"2024-02-07 08:39:53.45","#PO0299",50.00,68.00,93.00,120.90,"2024-02-27","134759796","PO",4,,,,"","ALMA","PO0299A1",30067,5002,"2024-02-27","2024-03-27","USD",93.00,100,"3XS:20|2XS:20|XS:20|S:10|M:10|L:10|XL:10"
280300,"2024-02-07 08:39:53.45","#PO0300",50.00,68.00,93.00,120.90,"2024-02-27","134759796","PO",4,,,,"","ALMA","PO0300A0",30068,6002,"2024-02-27","2024-03-27","USD",93.00,100,"3XS:20|2XS:20|XS:20|S:10|M:10|L:10|XL:10"
280301,"2024-02-07 08:39:53.45","#PO0301",50.00,68.00,93.00,120.90,"2024-02-27","134759796","PO",4,,,,"","ALMA","PO0301A1",30069,8002,"2024-02-27","2024-03-27","USD",93.00,100,"3XS:20|2XS:20|XS:20|S:10|M:10|L:10|XL:10"
280302,"2024-02-07 08:39:53.45","#PO0302",50.00,68.00,93.00,120.90,"2024-02-27","134759797","PO",4,,,,"","ALMA","PO0302A1",30025,1002,"2024-02-27","2024-03-27","USD",93.00,100,"3XS:20|2XS:20|XS:20|S:10|M:10|L:10|XL:10"
280303,"2024-02-07 08:39:53.45","#PO0303",50.00,68.00,93.00,120.90,"2024-02-27","134759797","PO",4,,,,"","ALMA","PO0303A0",30026,1016,"2024-02-27","2024-03-27","USD",93.00,100,"3XS:20|2XS:20|XS:20|S:10|M:10|L:10|XL:10"
280304,"2024-02-07 08:39:53.45","#PO0304",50.00,68.00,93.00,120.90,"2024-02-27","134759797","PO",4,,,,"","ALMA","PO0304A1",30027,3002,"2024-02-27","2024-03-27","USD",93.00,100,"3XS:20|2XS:20|XS:20|S:10|M:10|L:10|XL:10"
280305,"2024-02-07 08:39:53.45","#PO0305",50.00,68.00,93.00,120.90,"2024-02-27","134759797","PO",4,,,,"","ALMA","PO0305A0",30066,4002,"2024-02-27","2024-03-27","USD",93.00,100,"3XS:20|2XS:20|XS:20|S:10|M:10|L:10|XL:10"
280306,"2024-02-07 08:39:53.45","#PO0306",50.00,68.00,93.00,120.90,"2024-02-27","134759797","PO",4,,,,"","ALMA","PO0306A1",30067,5002,"2024-02-27","2024-03-27","USD",93.00,100,"3XS:20|2XS:20|XS:20|S:10|M:10|L:10|XL:10"
280307,"2024-02-07 08:39:53.45","#PO0307",50.00,68.00,93.00,120.90,"2024-02-27","134759797","PO",4,,,,"","ALMA","PO0307A0",30068,6002,"2024-02-27","2024-03-27","USD",93.00,100,"3XS:20|2XS:20|XS:20|S:10|M:10|L:10|XL:10"
280308,"2024-02-07 08:39:53.45","#PO0308",50.00,68.00,93.00,120.90,"2024-02-27","134759797","PO",4,,,,"","ALMA","PO0308A1",30069,8002,"2024-02-27","2024-03-27","USD",93.00,100,"3XS:20|2XS:20|XS:20|S:10|M:10|L:10|XL:10"
280309,"2024-02-07 08:39:53.45","#PO0309",50.00,68.00,93.00,120.90,"2024-02-27","134759798","PO",4,,,,"","ALMA","PO0309A1",30025,1002,"2024-02-27","2024-03-27","USD",93.00,100,"3XS:20|2XS:20|XS:20|S:10|M:10|L:10|XL:10"
280310,"2024-02-07 08:39:53.45","#PO0310",50.00,68.00,93.00,120.90,"2024-02-27","134759798","PO",4,,,,"","ALMA","PO0310A0",30026,1016,"2024-02-27","2024-03-27","USD",93.00,100,"3XS:20|2XS:20|XS:20|S:10|M:10|L:10|XL:10"
280311,"2024-02-07 08:39:53.45","#PO0311",50.00,68.00,93.00,120.90,"2024-02-27","134759798","PO",4,,,,"","ALMA","PO0311A1",30027,3002,"2024-02-27","2024-03-27","USD",93.00,100,"3XS:20|2XS:20|XS:20|S:10|M:10|L:10|XL:10"
280312,"2024-02-07 08:39:53.45","#PO0312",50.00,68.00,93.00,120.90,"2024-02-27","134759798","PO",4,,,,"","ALMA","PO0312A0",30066,4002,"2024-02-27","2024-03-27","USD",93.00,100,"3XS:20|2XS:20|XS:20|S:10|M:10|L:10|XL:10"
280313,"2024-02-07 08:39:53.45","#PO0313",50.00,68.00,93.00,120.90,"2024-02-27","134759798","PO",4,,,,"","ALMA","PO0313A1",30067,5002,"2024-02-27","2024-03-27","USD",93.00,100,"3XS:20|2XS:20|XS:20|S:10|M:10|L:10|XL:10"
280314,"2024-02-07 08:39:53.45","#PO0314",50.00,68.00,93.00,120.90,"2024-02-27","134759798","PO",4,,,,"","ALMA","PO0314A0",30068,6002,"2024-02-27","2024-03-27","USD",93.00,100,"3XS:20|2XS:20|XS:20|S:10|M:10|L:10|XL:10"
280315,"2024-02-07 08:39:53.45","#PO0315",50.00,68.00,93.00,120.90,"2024-02-27","134759798","PO",4,,,,"","ALMA","PO0315A1",30069,8002,"2024-02-27","2024-03-27","USD",93.00,100,"3XS:20|2XS:20|XS:20|S:10|M:10|L:10|XL:10"
280316,"2024-02-07 08:39:53.45","#PO0316",50.00,68.00,93.00,120.90,"2024-02-27","134759806","PO",4,,,,"","ALMA","PO0316A1",30025,1002,"2024-02-27","2024-03-27","USD",93.00,100,"3XS:20|2XS:20|XS:20|S:10|M:10|L:10|XL:10"
280317,"2024-02-07 08:39:53.45","#PO0317",50.00,68.00,93.00,120.90,"2024-02-27","134759806","PO",4,,,,"","ALMA","PO0317A0",30026,1016,"2024-02-27","2024-03-27","USD",93.00,100,"3XS:20|2XS:20|XS:20|S:10|M:10|L:10|XL:10"
280318,"2024-02-07 08:39:53.45","#PO0318",50.00,68.00,93.00,120.90,"2024-02-27","134759806","PO",4,,,,"","ALMA","PO0318A1",30027,3002,"2024-02-27","2024-03-27","USD",93.00,100,"3XS:20|2XS:20|XS:20|S:10|M:10|L:10|XL:10"
280319,"2024-02-07 08:39:53.45","#PO0319",50.00,68.00,93.00,120.90,"2024-02-27","134759806","PO",4,,,,"","ALMA","PO0319A0",30066,4002,"2024-02-27","2024-03-27","USD",93.00,100,"3XS:20|2XS:20|XS:20|S:10|M:10|L:10|XL:10"
280320,"2024-02-07 08:39:53.45","#PO0320",50.00,68.00,93.00,120.90,"2024-02-27","134759806","PO",4,,,,"","ALMA","PO0320A1",30067,5002,"2024-02-27","2024-03-27","USD",93.00,100,"3XS:20|2XS:20|XS:20|S:10|M:10|L:10|XL:10"
280321,"2024-02-07 08:39:53.45","#PO0321",50.00,68.00,93.00,120.90,"2024-02-27","134759806","PO",4,,,,"","ALMA","PO0321A0",30068,6002,"2024-02-27","2024-03-27","USD",93.00,100,"3XS:20|2XS:20|XS:20|S:10|M:10|L:10|XL:10"
280322,"2024-02-07 08:39:53.45","#PO0322",50.00,68.00,93.00,120.90,"2024-02-27","134759806","PO",4,,,,"","ALMA","PO0322A1",30069,8002,"2024-02-27","2024-03-27","USD",93.00,100,"3XS:20|2XS:20|XS:20|S:10|M:10|L:10|XL:10"
280323,"2024-02-07 08:39:53.45","#PO0323",50.00,68.00,93.00,120.90,"2024-02-27","134759814","PO",4,,,,"","ALMA","PO0323A1",30025,1002,"2024-02-27","2024-03-27","USD",93.00,100,"3XS:20|2XS:20|XS:20|S:10|M:10|L:10|XL:10"
280324,"2024-02-07 08:39:53.45","#PO0324",50.00,68.00,93.00,120.90,"2024-02-27","134759814","PO",4,,,,"","ALMA","PO0324A0",30026,1016,"2024-02-27","2024-03-27","USD",93.00,100,"3XS:20|2XS:20|XS:20|S:10|M:10|L:10|XL:10"
280325,"2024-02-07 08:39:53.45","#PO0325",50.00,68.00,93.00,120.90,"2024-02-27","134759814","PO",4,,,,"","ALMA","PO0325A1",30027,3002,"2024-02-27","2024-03-27","USD",93.00,100,"3XS:20|2XS:20|XS:20|S:10|M:10|L:10|XL:10"
280326,"2024-02-07 08:39:53.45","#PO0326",50.00,68.00,93.00,120.90,"2024-02-27","134759814","PO",4,,,,"","ALMA","PO0326A0",30066,4002,"2024-02-27","2024-03-27","USD",93.00,100,"3XS:20|2XS:20|XS:20|S:10|M:10|L:10|XL:10"
280327,"2024-02-07 08:39:53.45","#PO0327",50.00,68.00,93.00,120.90,"2024-02-27","134759814","PO",4,,,,"","ALMA","PO0327A1",30067,5002,"2024-02-27","2024-03-27","USD",93.00,100,"3XS:20|2XS:20|XS:20|S:10|M:10|L:10|XL:10"
280328,"2024-02-07 08:39:53.45","#PO0328",50.00,68.00,93.00,120.90,"2024-02-27","134759814","PO",4,,,,"","ALMA","PO0328A0",30068,6002,"2024-02-27","2024-03-27","USD",93.00,100,"3XS:20|2XS:20|XS:20|S:10|M:10|L:10|XL:10"
280329,"2024-02-07 08:39:53.45","#PO0329",50.00,68.00,93.00,120.90,"2024-02-27","134759814","PO",4,,,,"","ALMA","PO0329A1",30069,8002,"2024-02-27","2024-03-27","USD",93.00,100,"3XS:20|2XS:20|XS:20|S:10|M:10|L:10|XL:10"
280330,"2024-02-07 08:39:53.45","#PO0330",50.00,68.00,93.00,120.90,"2024-02-27","134759822","PO",4,,,,"","ALMA","PO0330A1",30025,1002,"2024-02-27","2024-03-27","USD",93.00,100,"3XS:20|2XS:20|XS:20|S:10|M:10|L:10|XL:10"
280331,"2024-02-07 08:39:53.45","#PO0331",50.00,68.00,93.00,120.90,"2024-02-27","134759822","PO",4,,,,"","ALMA","PO0331A0",30026,1016,"2024-02-27","2024-03-27","USD",93.00,100,"3XS:20|2XS:20|XS:20|S:10|M:10|L:10|XL:10"
280332,"2024-02-07 08:39:53.45","#PO0332",50.00,68.00,93.00,120.90,"2024-02-27","134759822","PO",4,,,,"","ALMA","PO0332A1",30027,3002,"2024-02-27","2024-03-27","USD",93.00,100,"3XS:20|2XS:20|XS:20|S:10|M:10|L:10|XL:10"
280333,"2024-02-07 08:39:53.45","#PO0333",50.00,68.00,93.00,120.90,"2024-02-27","134759822","PO",4,,,,"","ALMA","PO0333A0",30066,4002,"2024-02-27","2024-03-27","USD",93.00,100,"3XS:20|2XS:20|XS:20|S:10|M:10|L:10|XL:10"
280334,"2024-02-07 08:39:53.45","#PO0334",50.00,68.00,93.00,120.90,"2024-02-27","134759822","PO",4,,,,"","ALMA","PO0334A1",30067,5002,"2024-02-27","2024-03-27","USD",93.00,100,"3XS:20|2XS:20|XS:20|S:10|M:10|L:10|XL:10"
280335,"2024-02-07 08:39:53.45","#PO0335",50.00,68.00,93.00,120.90,"2024-02-27","134759822","PO",4,,,,"","ALMA","PO0335A0",30068,6002,"2024-02-27","2024-03-27","USD",93.00,100,"3XS:20|2XS:20|XS:20|S:10|M:10|L:10|XL:10"
280336,"2024-02-07 08:39:53.45","#PO0336",50.00,68.00,93.00,120.90,"2024-02-27","134759822","PO",4,,,,"","ALMA","PO0336A1",30069,8002,"2024-02-27","2024-03-27","USD",93.00,100,"3XS:20|2XS:20|XS:20|S:10|M:10|L:10|XL:10"
280337,"2024-02-07 08:39:53.45","#PO0337",50.00,68.00,93.00,120.90,"2024-02-27","134759830","PO",4,,,,"","ALMA","PO0337A1",30025,1002,"2024-02-27","2024-03-27","USD",93.00,100,"3XS:20|2XS:20|XS:20|S:10|M:10|L:10|XL:10"
280338,"2024-02-07 08:39:53.45","#PO0338",50.00,68.00,93.00,120.90,"2024-02-27","134759830","PO",4,,,,"","ALMA","PO0338A0",30026,1016,"2024-02-27","2024-03-27","USD",93.00,100,"3XS:20|2XS:20|XS:20|S:10|M:10|L:10|XL:10"
280339,"2024-02-07 08:39:53.45","#PO0339",50.00,68.00,93.00,120.90,"2024-02-27","134759830","PO",4,,,,"","ALMA","PO0339A1",30027,3002,"2024-02-27","2024-03-27","USD",93.00,100,"3XS:20|2XS:20|XS:20|S:10|M:10|L:10|XL:10"
280340,"2024-02-07 08:39:53.45","#PO0340",50.00,68.00,93.00,120.90,"2024-02-27","134759830","PO",4,,,,"","ALMA","PO0340A0",30066,4002,"2024-02-27","2024-03-27","USD",93.00,100,"3XS:20|2XS:20|XS:20|S:10|M:10|L:10|XL:10"
280341,"2024-02-07 08:39:53.45","#PO0341",50.00,68.00,93.00,120.90,"2024-02-27","134759830","PO",4,,,,"","ALMA","PO0341A1",30067,5002,"2024-02-27","2024-03-27","USD",93.00,100,"3XS:20|2XS:20|XS:20|S:10|M:10|L:10|XL:10"
280342,"2024-02-07 08:39:53.45","#PO0342",50.00,68.00,93.00,120.90,"2024-02-27","134759830","PO",4,,,,"","ALMA","PO0342A0",30068,6002,"2024-02-27","2024-03-27","USD",93.00,100,"3XS:20|2XS:20|XS:20|S:10|M:10|L:10|XL:10"
280343,"2024-02-07 08:39:53.45","#PO0343",50.00,68.00,93.00,120.90,"2024-02-27","134759830","PO",4,,,,"","ALMA","PO0343A1",30069,8002,"2024-02-27","2024-03-27","USD",93.00,100,"3XS:20|2XS:20|XS:20|S:10|M:10|L:10|XL:10"
280344,"2024-02-07 08:39:53.45","#PO0344",50.00,68.00,93.00,120.90,"2024-02-27","134759831","PO",4,,,,"","ALMA","PO0344A1",30025,1002,"2024-02-27","2024-03-27","USD",93.00,100,"3XS:20|2XS:20|XS:20|S:10|M:10|L:10|XL:10"
280345,"2024-02-07 08:39:53.45","#PO0345",50.00,68.00,93.00,120.90,"2024-02-27","134759831","PO",4,,,,"","ALMA","PO0345A0",30026,1016,"2024-02-27","2024-03-27","USD",93.00,100,"3XS:20|2XS:20|XS:20|S:10|M:10|L:10|XL:10"
280346,"2024-02-07 08:39:53.45","#PO0346",50.00,68.00,93.00,120.90,"2024-02-27","134759831","PO",4,,,,"","ALMA","PO0346A1",30027,3002,"2024-02-27","2024-03-27","USD",93.00,100,"3XS:20|2XS:20|XS:20|S:10|M:10|L:10|XL:10"
280347,"2024-02-07 08:39:53.45","#PO0347",50.00,68.00,93.00,120.90,"2024-02-27","134759831","PO",4,,,,"","ALMA","PO0347A0",30066,4002,"2024-02-27","2024-03-27","USD",93.00,100,"3XS:20|2XS:20|XS:20|S:10|M:10|L:10|XL:10"
280348,"2024-02-07 08:39:53.45","#PO0348",50.00,68.00,93.00,120.90,"2024-02-27","134759831","PO",4,,,,"","ALMA","PO0348A1",30067,5002,"2024-02-27","2024-03-27","USD",93.00,100,"3XS:20|2XS:20|XS:20|S:10|M:10|L:10|XL:10"
280349,"2024-02-07 08:39:53.45","#PO0349",50.00,68.00,93.00,120.90,"2024-02-27","134759831","PO",4,,,,"","ALMA","PO0349A0",30068,6002,"2024-02-27","2024-03-27","USD",93.00,100,"3XS:20|2XS:20|XS:20|S:10|M:10|L:10|XL:10"
280350,"2024-02-07 08:39:53.45","#PO0350",50.00,68.00,93.00,120.90,"2024-02-27","134759831","PO",4,,,,"","ALMA","PO0350A1",30069,8002,"2024-02-27","2024-03-27","USD",93.00,100,"3XS:20|2XS:20|XS:20|S:10|M:10|L:10|XL:10"
280351,"2024-02-07 08:39:53.45","#PO0351",50.00,68.00,93.00,120.90,"2024-02-27","134759965","PO",4,,,,"","ALMA","PO0351A1",30025,1002,"2024-02-27","2024-03-27","USD",93.00,100,"3XS:20|2XS:20|XS:20|S:10|M:10|L:10|XL:10"
280352,"2024-02-07 08:39:53.45","#PO0352",50.00,68.00,93.00,120.90,"2024-02-27","134759965","PO",4,,,,"","ALMA","PO0352A0",30026,1016,"2024-02-27","2024-03-27","USD",93.00,100,"3XS:20|2XS:20|XS:20|S:10|M:10|L:10|XL:10"
280353,"2024-02-07 08:39:53.45","#PO0353",50.00,68.00,93.00,120.90,"2024-02-27","134759965","PO",4,,,,"","ALMA","PO0353A1",30027,3002,"2024-02-27","2024-03-27","USD",93.00,100,"3XS:20|2XS:20|XS:20|S:10|M:10|L:10|XL:10"
280354,"2024-02-07 08:39:53.45","#PO0354",50.00,68.00,93.00,120.90,"2024-02-27","134759965","PO",4,,,,"","ALMA","PO0354A0",30066,4002,"2024-02-27","2024-03-27","USD",93.00,100,"3XS:20|2XS:20|XS:20|S:10|M:10|L:10|XL:10"
280355,"2024-02-07 08:39:53.45","#PO0355",50.00,68.00,93.00,120.90,"2024-02-27","134759965","PO",4,,,,"","ALMA","PO0355A1",30067,5002,"2024-02-27","2024-03-27","USD",93.00,100,"3XS:20|2XS:20|XS:20|S:10|M:10|L:10|XL:10"
280356,"2024-02-07 08:39:53.45","#PO0356",50.00,68.00,93.00,120.90,"2024-02-27","134759965","PO",4,,,,"","ALMA","PO0356A0",30068,6002,"2024-02-27","2024-03-27","USD",93.00,100,"3XS:20|2XS:20|XS:20|S:10|M:10|L:10|XL:10"
280357,"2024-02-07 08:39:53.45","#PO0357",50.00,68.00,93.00,120.90,"2024-02-27","134759965","PO",4,,,,"","ALMA","PO0357A1",30069,8002,"2024-02-27","2024-03-27","USD",93.00,100,"3XS:20|2XS:20|XS:20|S:10|M:10|L:10|XL:10"
280358,"2024-02-07 08:39:53.45","#PO0358",50.00,68.00,93.00,120.90,"2024-02-27","134759966","PO",4,,,,"","ALMA","PO0358A1",30025,1002,"2024-02-27","2024-03-27","USD",93.00,100,"3XS:20|2XS:20|XS:20|S:10|M:10|L:10|XL:10"
280359,"2024-02-07 08:39:53.45","#PO0359",50.00,68.00,93.00,120.90,"2024-02-27","134759966","PO",4,,,,"","ALMA","PO0359A0",30026,1016,"2024-02-27","2024-03-27","USD",93.00,100,"3XS:20|2XS:20|XS:20|S:10|M:10|L:10|XL:10"
280360,"2024-02-07 08:39:53.45","#PO0360",50.00,68.00,93.00,120.90,"2024-02-27","134759966","PO",4,,,,"","ALMA","PO0360A1",30027,3002,"2024-02-27","2024-03-27","USD",93.00,100,"3XS:20|2XS:20|XS:20|S:10|M:10|L:10|XL:10"
280361,"2024-02-07 08:39:53.45","#PO0361",50.00,68.00,93.00,120.90,"2024-02-27","134759966","PO",4,,,,"","ALMA","PO0361A0",30066,4002,"2024-02-27","2024-03-27","USD",93.00,100,"3XS:20|2XS:20|XS:20|S:10|M:10|L:10|XL:10"
280362,"2024-02-07 08:39:53.45","#PO0362",50.00,68.00,93.00,120.90,"2024-02-27","134759966","PO",4,,,,"","ALMA","PO0362A1",30067,5002,"2024-02-27","2024-03-27","USD",93.00,100,"3XS:20|2XS:20|XS:20|S:10|M:10|L:10|XL:10"
280363,"2024-02-07 08:39:53.45","#PO0363",50.00,68.00,93.00,120.90,"2024-02-27","134759966","PO",4,,,,"","ALMA","PO0363A0",30068,6002,"2024-02-27","2024-03-27","USD",93.00,100,"3XS:20|2XS:20|XS:20|S:10|M:10|L:10|XL:10"
280364,"2024-02-07 08:39:53.45","#PO0364",50.00,68.00,93.00,120.90,"2024-02-27","134759966","PO",4,,,,"","ALMA","PO0364A1",30069,8002,"2024-02-27","2024-03-27","USD",93.00,100,"3XS:20|2XS:20|XS:20|S:10|M:10|L:10|XL:10"
280365,"2024-02-07 08:39:53.45","#PO0365",50.00,68.00,93.00,120.90,"2024-02-27","134759967","PO",4,,,,"","ALMA","PO0365A1",30025,1002,"2024-02-27","2024-03-27","USD",93.00,100,"3XS:20|2XS:20|XS:20|S:10|M:10|L:10|XL:10"
280366,"2024-02-07 08:39:53.45","#PO0366",50.00,68.00,93.00,120.90,"2024-02-27","134759967","PO",4,,,,"","ALMA","PO0366A0",30026,1016,"2024-02-27","2024-03-27","USD",93.00,100,"3XS:20|2XS:20|XS:20|S:10|M:10|L:10|XL:10"
280367,"2024-02-07 08:39:53.45","#PO0367",50.00,68.00,93.00,120.90,"2024-02-27","134759967","PO",4,,,,"","ALMA","PO0367A1",30027,3002,"2024-02-27","2024-03-27","USD",93.00,100,"3XS:20|2XS:20|XS:20|S:10|M:10|L:10|XL:10"
280368,"2024-02-07 08:39:53.45","#PO0368",50.00,68.00,93.00,120.90,"2024-02-27","134759967","PO",4,,,,"","ALMA","PO0368A0",30066,4002,"2024-02-27","2024-03-27","USD",93.00,100,"3XS:20|2XS:20|XS:20|S:10|M:10|L:10|XL:10"
280369,"2024-02-07 08:39:53.45","#PO0369",50.00,68.00,93.00,120.90,"2024-02-27","134759967","PO",4,,,,"","ALMA","PO0369A1",30067,5002,"2024-02-27","2024-03-27","USD",93.00,100,"3XS:20|2XS:20|XS:20|S:10|M:10|L:10|XL:10"
280370,"2024-02-07 08:39:53.45","#PO0370",50.00,68.00,93.00,120.90,"2024-02-27","134759967","PO",4,,,,"","ALMA","PO0370A0",30068,6002,"2024-02-27","2024-03-27","USD",93.00,100,"3XS:20|2XS:20|XS:20|S:10|M:10|L:10|XL:10"
280371,"2024-02-07 08:39:53.45","#PO0371",50.00,68.00,93.00,120.90,"2024-02-27","134759967","PO",4,,,,"","ALMA","PO0371A1",30069,8002,"2024-02-27","2024-03-27","USD",93.00,100,"3XS:20|2XS:20|XS:20|S:10|M:10|L:10|XL:10"
280372,"2024-02-07 08:39:53.45","#PO0372",50.00,68.00,93.00,120.90,"2024-02-27","134759968","PO",4,,,,"","ALMA","PO0372A1",30025,1002,"2024-02-27","2024-03-27","USD",93.00,100,"3XS:20|2XS:20|XS:20|S:10|M:10|L:10|XL:10"
280373,"2024-02-07 08:39:53.45","#PO0373",50.00,68.00,93.00,120.90,"2024-02-27","134759968","PO",4,,,,"","ALMA","PO0373A0",30026,1016,"2024-02-27","2024-03-27","USD",93.00,100,"3XS:20|2XS:20|XS:20|S:10|M:10|L:10|XL:10"
280374,"2024-02-07 08:39:53.45","#PO0374",50.00,68.00,93.00,120.90,"2024-02-27","134759968","PO",4,,,,"","ALMA","PO0374A1",30027,3002,"2024-02-27","2024-03-27","USD",93.00,100,"3XS:20|2XS:20|XS:20|S:10|M:10|L:10|XL:10"
280375,"2024-02-07 08:39:53.45","#PO0375",50.00,68.00,93.00,120.90,"2024-02-27","134759968","PO",4,,,,"","ALMA","PO0375A0",30066,4002,"2024-02-27","2024-03-27","USD",93.00,100,"3XS:20|2XS:20|XS:20|S:10|M:10|L:10|XL:10"
280376,"2024-02-07 08:39:53.45","#PO0376",50.00,68.00,93.00,120.90,"2024-02-27","134759968","PO",4,,,,"","ALMA","PO0376A1",30067,5002,"2024-02-27","2024-03-27","USD",93.00,100,"3XS:20|2XS:20|XS:20|S:10|M:10|L:10|XL:10"
280377,"2024-02-07 08:39:53.45","#PO0377",50.00,68.00,93.00,120.90,"2024-02-27","134759968","PO",4,,,,"","ALMA","PO0377A0",30068,6002,"2024-02-27","2024-03-27","USD",93.00,100,"3XS:20|2XS:20|XS:20|S:10|M:10|L:10|XL:10"
280378,"2024-02-07 08:39:53.45","#PO0378",50.00,68.00,93.00,120.90,"2024-02-27","134759968","PO",4,,,,"","ALMA","PO0378A1",30069,8002,"2024-02-27","2024-03-27","USD",93.00,100,"3XS:20|2XS:20|XS:20|S:10|M:10|L:10|XL:10"
280379,"2024-02-07 08:39:53.45","#PO0379",50.00,68.00,93.00,120.90,"2024-02-27","134759969","PO",4,,,,"","ALMA","PO0379A1",30025,1002,"2024-02-27","2024-03-27","USD",93.00,100,"3XS:20|2XS:20|XS:20|S:10|M:10|L:10|XL:10"
280380,"2024-02-07 08:39:53.45","#PO0380",50.00,68.00,93.00,120.90,"2024-02-27","134759969","PO",4,,,,"","ALMA","PO0380A0",30026,1016,"2024-02-27","2024-03-27","USD",93.00,100,"3XS:20|2XS:20|XS:20|S:10|M:10|L:10|XL:10"
280381,"2024-02-07 08:39:53.45","#PO0381",50.00,68.00,93.00,120.90,"2024-02-27","134759969","PO",4,,,,"","ALMA","PO0381A1",30027,3002,"2024-02-27","2024-03-27","USD",93.00,100,"3XS:20|2XS:20|XS:20|S:10|M:10|L:10|XL:10"
280382,"2024-02-07 08:39:53.45","#PO0382",50.00,68.00,93.00,120.90,"2024-02-27","134759969","PO",4,,,,"","ALMA","PO0382A0",30066,4002,"2024-02-27","2024-03-27","USD",93.00,100,"3XS:20|2XS:20|XS:20|S:10|M:10|L:10|XL:10"
280383,"2024-02-07 08:39:53.45","#PO0383",50.00,68.00,93.00,120.90,"2024-02-27","134759969","PO",4,,,,"","ALMA","PO0383A1",30067,5002,"2024-02-27","2024-03-27","USD",93.00,100,"3XS:20|2XS:20|XS:20|S:10|M:10|L:10|XL:10"
280384,"2024-02-07 08:39:53.45","#PO0384",50.00,68.00,93.00,120.90,"2024-02-27","134759969","PO",4,,,,"","ALMA","PO0384A0",30068,6002,"2024-02-27","2024-03-27","USD",93.00,100,"3XS:20|2XS:20|XS:20|S:10|M:10|L:10|XL:10"
280385,"2024-02-07 08:39:53.45","#PO0385",50.00,68.00,93.00,120.90,"2024-02-27","134759969","PO",4,,,,"","ALMA","PO0385A1",30069,8002,"2024-02-27","2024-03-27","USD",93.00,100,"3XS:20|2XS:20|XS:20|S:10|M:10|L:10|XL:10"
280386,"2024-02-07 08:39:53.45","#PO0386",50.00,68.00,93.00,120.90,"2024-02-27","134759970","PO",4,,,,"","ALMA","PO0386A1",30025,1002,"2024-02-27","2024-03-27","USD",93.00,100,"3XS:20|2XS:20|XS:20|S:10|M:10|L:10|XL:10"
280387,"2024-02-07 08:39:53.45","#PO0387",50.00,68.00,93.00,120.90,"2024-02-27","134759970","PO",4,,,,"","ALMA","PO0387A0",30026,1016,"2024-02-27","2024-03-27","USD",93.00,100,"3XS:20|2XS:20|XS:20|S:10|M:10|L:10|XL:10"
280388,"2024-02-07 08:39:53.45","#PO0388",50.00,68.00,93.00,120.90,"2024-02-27","134759970","PO",4,,,,"","ALMA","PO0388A1",30027,3002,"2024-02-27","2024-03-27","USD",93.00,100,"3XS:20|2XS:20|XS:20|S:10|M:10|L:10|XL:10"
280389,"2024-02-07 08:39:53.45","#PO0389",50.00,68.00,93.00,120.90,"2024-02-27","134759970","PO",4,,,,"","ALMA","PO0389A0",30066,4002,"2024-02-27","2024-03-27","USD",93.00,100,"3XS:20|2XS:20|XS:20|S:10|M:10|L:10|XL:10"
280390,"2024-02-07 08:39:53.45","#PO0390",50.00,68.00,93.00,120.90,"2024-02-27","134759970","PO",4,,,,"","ALMA","PO0390A1",30067,5002,"2024-02-27","2024-03-27","USD",93.00,100,"3XS:20|2XS:20|XS:20|S:10|M:10|L:10|XL:10"
280391,"2024-02-07 08:39:53.45","#PO0391",50.00,68.00,93.00,120.90,"2024-02-27","134759970","PO",4,,,,"","ALMA","PO0391A0",30068,6002,"2024-02-27","2024-03-27","USD",93.00,100,"3XS:20|2XS:20|XS:20|S:10|M:10|L:10|XL:10"
280392,"2024-02-07 08:39:53.45","#PO0392",50.00,68.00,93.00,120.90,"2024-02-27","134759970","PO",4,,,,"","ALMA","PO0392A1",30069,8002,"2024-02-27","2024-03-27","USD",93.00,100,"3XS:20|2XS:20|XS:20|S:10|M:10|L:10|XL:10"
280393,"2024-02-07 08:39:53.45","#PO0393",50.00,68.00,93.00,120.90,"2024-02-27","134759971","PO",4,,,,"","ALMA","PO0393A1",30025,1002,"2024-02-27","2024-03-27","USD",93.00,100,"3XS:20|2XS:20|XS:20|S:10|M:10|L:10|XL:10"
280394,"2024-02-07 08:39:53.45","#PO0394",50.00,68.00,93.00,120.90,"2024-02-27","134759971","PO",4,,,,"","ALMA","PO0394A0",30026,1016,"2024-02-27","2024-03-27","USD",93.00,100,"3XS:20|2XS:20|XS:20|S:10|M:10|L:10|XL:10"
280395,"2024-02-07 08:39:53.45","#PO0395",50.00,68.00,93.00,120.90,"2024-02-27","134759971","PO",4,,,,"","ALMA","PO0395A1",30027,3002,"2024-02-27","2024-03-27","USD",93.00,100,"3XS:20|2XS:20|XS:20|S:10|M:10|L:10|XL:10"
280396,"2024-02-07 08:39:53.45","#PO0396",50.00,68.00,93.00,120.90,"2024-02-27","134759971","PO",4,,,,"","ALMA","PO0396A0",30066,4002,"2024-02-27","2024-03-27","USD",93.00,100,"3XS:20|2XS:20|XS:20|S:10|M:10|L:10|XL:10"
280397,"2024-02-07 08:39:53.45","#PO0397",50.00,68.00,93.00,120.90,"2024-02-27","134759971","PO",4,,,,"","ALMA","PO0397A1",30067,5002,"2024-02-27","2024-03-27","USD",93.00,100,"3XS:20|2XS:20|XS:20|S:10|M:10|L:10|XL:10"
280398,"2024-02-07 08:39:53.45","#PO0398",50.00,68.00,93.00,120.90,"2024-02-27","134759971","PO",4,,,,"","ALMA","PO0398A0",30068,6002,"2024-02-27","2024-03-27","USD",93.00,100,"3XS:20|2XS:20|XS:20|S:10|M:10|L:10|XL:10"
280399,"2024-02-07 08:39:53.45","#PO0399",50.00,68.00,93.00,120.90,"2024-02-27","134759971","PO",4,,,,"","ALMA","PO0399A1",30069,8002,"2024-02-27","2024-03-27","USD",93.00,100,"3XS:20|2XS:20|XS:20|S:10|M:10|L:10|XL:10"
280400,"2024-02-07 08:39:53.45","#PO0400",50.00,68.00,93.00,120.90,"2024-02-27","134759972","PO",4,,,,"","ALMA","PO0400A1",30025,1002,"2024-02-27","2024-03-27","USD",93.00,100,"3XS:20|2XS:20|XS:20|S:10|M:10|L:10|XL:10"
280401,"2024-02-07 08:39:53.45","#PO0401",50.00,68.00,93.00,120.90,"2024-02-27","134759972","PO",4,,,,"","ALMA","PO0401A0",30026,1016,"2024-02-27","2024-03-27","USD",93.00,100,"3XS:20|2XS:20|XS:20|S:10|M:10|L:10|XL:10"
280402,"2024-02-07 08:39:53.45","#PO0402",50.00,68.00,93.00,120.90,"2024-02-27","134759972","PO",4,,,,"","ALMA","PO0402A1",30027,3002,"2024-02-27","2024-03-27","USD",93.00,100,"3XS:20|2XS:20|XS:20|S:10|M:10|L:10|XL:10"
280403,"2024-02-07 08:39:53.45","#PO0403",50.00,68.00,93.00,120.90,"2024-02-27","134759972","PO",4,,,,"","ALMA","PO0403A0",30066,4002,"2024-02-27","2024-03-27","USD",93.00,100,"3XS:20|2XS:20|XS:20|S:10|M:10|L:10|XL:10"
280404,"2024-02-07 08:39:53.45","#PO0404",50.00,68.00,93.00,120.90,"2024-02-27","134759972","PO",4,,,,"","ALMA","PO0404A1",30067,5002,"2024-02-27","2024-03-27","USD",93.00,100,"3XS:20|2XS:20|XS:20|S:10|M:10|L:10|XL:10"
280405,"2024-02-07 08:39:53.45","#PO0405",50.00,68.00,93.00,120.90,"2024-02-27","134759972","PO",4,,,,"","ALMA","PO0405A0",30068,6002,"2024-02-27","2024-03-27","USD",93.00,100,"3XS:20|2XS:20|XS:20|S:10|M:10|L:10|XL:10"
280406,"2024-02-07 08:39:53.45","#PO0406",50.00,68.00,93.00,120.90,"2024-02-27","134759972","PO",4,,,,"","ALMA","PO0406A1",30069,8002,"2024-02-27","2024-03-27","USD",93.00,100,"3XS:20|2XS:20|XS:20|S:10|M:10|L:10|XL:10"
280407,"2024-02-07 08:39:53.45","#PO0407",50.00,68.00,93.00,120.90,"2024-02-27","134759973","PO",4,,,,"","ALMA","PO0407A1",30025,1002,"2024-02-27","2024-03-27","USD",93.00,100,"3XS:20|2XS:20|XS:20|S:10|M:10|L:10|XL:10"
280408,"2024-02-07 08:39:53.45","#PO0408",50.00,68.00,93.00,120.90,"2024-02-27","134759973","PO",4,,,,"","ALMA","PO0408A0",30026,1016,"2024-02-27","2024-03-27","USD",93.00,100,"3XS:20|2XS:20|XS:20|S:10|M:10|L:10|XL:10"
280409,"2024-02-07 08:39:53.45","#PO0409",50.00,68.00,93.00,120.90,"2024-02-27","134759973","PO",4,,,,"","ALMA","PO0409A1",30027,3002,"2024-02-27","2024-03-27","USD",93.00,100,"3XS:20|2XS:20|XS:20|S:10|M:10|L:10|XL:10"
280410,"2024-02-07 08:39:53.45","#PO0410",50.00,68.00,93.00,120.90,"2024-02-27","134759973","PO",4,,,,"","ALMA","PO0410A0",30066,4002,"2024-02-27","2024-03-27","USD",93.00,100,"3XS:20|2XS:20|XS:20|S:10|M:10|L:10|XL:10"
280411,"2024-02-07 08:39:53.45","#PO0411",50.00,68.00,93.00,120.90,"2024-02-27","134759973","PO",4,,,,"","ALMA","PO0411A1",30067,5002,"2024-02-27","2024-03-27","USD",93.00,100,"3XS:20|2XS:20|XS:20|S:10|M:10|L:10|XL:10"
280412,"2024-02-07 08:39:53.45","#PO0412",50.00,68.00,93.00,120.90,"2024-02-27","134759973","PO",4,,,,"","ALMA","PO0412A0",30068,6002,"2024-02-27","2024-03-27","USD",93.00,100,"3XS:20|2XS:20|XS:20|S:10|M:10|L:10|XL:10"
280413,"2024-02-07 08:39:53.45","#PO0413",50.00,68.00,93.00,120.90,"2024-02-27","134759973","PO",4,,,,"","ALMA","PO0413A1",30069,8002,"2024-02-27","2024-03-27","USD",93.00,100,"3XS:20|2XS:20|XS:20|S:10|M:10|L:10|XL:10"
280414,"2024-02-07 08:39:53.45","#PO0414",50.00,68.00,93.00,120.90,"2024-02-27","134759974","PO",4,,,,"","ALMA","PO0414A1",30025,1002,"2024-02-27","2024-03-27","USD",93.00,100,"3XS:20|2XS:20|XS:20|S:10|M:10|L:10|XL:10"
280415,"2024-02-07 08:39:53.45","#PO0415",50.00,68.00,93.00,120.90,"2024-02-27","134759974","PO",4,,,,"","ALMA","PO0415A0",30026,1016,"2024-02-27","2024-03-27","USD",93.00,100,"3XS:20|2XS:20|XS:20|S:10|M:10|L:10|XL:10"
280416,"2024-02-07 08:39:53.45","#PO0416",50.00,68.00,93.00,120.90,"2024-02-27","134759974","PO",4,,,,"","ALMA","PO0416A1",30027,3002,"2024-02-27","2024-03-27","USD",93.00,100,"3XS:20|2XS:20|XS:20|S:10|M:10|L:10|XL:10"
280417,"2024-02-07 08:39:53.45","#PO0417",50.00,68.00,93.00,120.90,"2024-02-27","134759974","PO",4,,,,"","ALMA","PO0417A0",30066,4002,"2024-02-27","2024-03-27","USD",93.00,100,"3XS:20|2XS:20|XS:20|S:10|M:10|L:10|XL:10"
280418,"2024-02-07 08:39:53.45","#PO0418",50.00,68.00,93.00,120.90,"2024-02-27","134759974","PO",4,,,,"","ALMA","PO0418A1",30067,5002,"2024-02-27","2024-03-27","USD",93.00,100,"3XS:20|2XS:20|XS:20|S:10|M:10|L:10|XL:10"
280419,"2024-02-07 08:39:53.45","#PO0419",50.00,68.00,93.00,120.90,"2024-02-27","134759974","PO",4,,,,"","ALMA","PO0419A0",30068,6002,"2024-02-27","2024-03-27","USD",93.00,100,"3XS:20|2XS:20|XS:20|S:10|M:10|L:10|XL:10"
280420,"2024-02-07 08:39:53.45","#PO0420",50.00,68.00,93.00,120.90,"2024-02-27","134759974","PO",4,,,,"","ALMA","PO0420A1",30069,8002,"2024-02-27","2024-03-27","USD",93.00,100,"3XS:20|2XS:20|XS:20|S:10|M:10|L:10|XL:10"
280421,"2024-02-07 08:39:53.45","#PO0421",50.00,68.00,93.00,120.90,"2024-02-27","134759975","PO",4,,,,"","ALMA","PO0421A1",30025,1002,"2024-02-27","2024-03-27","USD",93.00,100,"3XS:20|2XS:20|XS:20|S:10|M:10|L:10|XL:10"
280422,"2024-02-07 08:39:53.45","#PO0422",50.00,68.00,93.00,120.90,"2024-02-27","134759975","PO",4,,,,"","ALMA","PO0422A0",30026,1016,"2024-02-27","2024-03-27","USD",93.00,100,"3XS:20|2XS:20|XS:20|S:10|M:10|L:10|XL:10"
280423,"2024-02-07 08:39:53.45","#PO0423",50.00,68.00,93.00,120.90,"2024-02-27","134759975","PO",4,,,,"","ALMA","PO0423A1",30027,3002,"2024-02-27","2024-03-27","USD",93.00,100,"3XS:20|2XS:20|XS:20|S:10|M:10|L:10|XL:10"
280424,"2024-02-07 08:39:53.45","#PO0424",50.00,68.00,93.00,120.90,"2024-02-27","134759975","PO",4,,,,"","ALMA","PO0424A0",30066,4002,"2024-02-27","2024-03-27","USD",93.00,100,"3XS:20|2XS:20|XS:20|S:10|M:10|L:10|XL:10"
280425,"2024-02-07 08:39:53.45","#PO0425",50.00,68.00,93.00,120.90,"2024-02-27","134759975","PO",4,,,,"","ALMA","PO0425A1",30067,5002,"2024-02-27","2024-03-27","USD",93.00,100,"3XS:20|2XS:20|XS:20|S:10|M:10|L:10|XL:10"
280426,"2024-02-07 08:39:53.45","#PO0426",50.00,68.00,93.00,120.90,"2024-02-27","134759975","PO",4,,,,"","ALMA","PO0426A0",30068,6002,"2024-02-27","2024-03-27","USD",93.00,100,"3XS:20|2XS:20|XS:20|S:10|M:10|L:10|XL:10"
280427,"2024-02-07 08:39:53.45","#PO0427",50.00,68.00,93.00,120.90,"2024-02-27","134759975","PO",4,,,,"","ALMA","PO0427A1",30069,8002,"2024-02-27","2024-03-27","USD",93.00,100,"3XS:20|2XS:20|XS:20|S:10|M:10|L:10|XL:10"
280428,"2024-02-07 08:39:53.45","#PO0428",50.00,68.00,93.00,120.90,"2024-02-27","134759976","PO",4,,,,"","ALMA","PO0428A1",30025,1002,"2024-02-27","2024-03-27","USD",93.00,100,"3XS:20|2XS:20|XS:20|S:10|M:10|L:10|XL:10"
280429,"2024-02-07 08:39:53.45","#PO0429",50.00,68.00,93.00,120.90,"2024-02-27","134759976","PO",4,,,,"","ALMA","PO0429A0",30026,1016,"2024-02-27","2024-03-27","USD",93.00,100,"3XS:20|2XS:20|XS:20|S:10|M:10|L:10|XL:10"
280430,"2024-02-07 08:39:53.45","#PO0430",50.00,68.00,93.00,120.90,"2024-02-27","134759976","PO",4,,,,"","ALMA","PO0430A1",30027,3002,"2024-02-27","2024-03-27","USD",93.00,100,"3XS:20|2XS:20|XS:20|S:10|M:10|L:10|XL:10"
280431,"2024-02-07 08:39:53.45","#PO0431",50.00,68.00,93.00,120.90,"2024-02-27","134759976","PO",4,,,,"","ALMA","PO0431A0",30066,4002,"2024-02-27","2024-03-27","USD",93.00,100,"3XS:20|2XS:20|XS:20|S:10|M:10|L:10|XL:10"
280432,"2024-02-07 08:39:53.45","#PO0432",50.00,68.00,93.00,120.90,"2024-02-27","134759976","PO",4,,,,"","ALMA","PO0432A1",30067,5002,"2024-02-27","2024-03-27","USD",93.00,100,"3XS:20|2XS:20|XS:20|S:10|M:10|L:10|XL:10"
280433,"2024-02-07 08:39:53.45","#PO0433",50.00,68.00,93.00,120.90,"2024-02-27","134759976","PO",4,,,,"","ALMA","PO0433A0",30068,6002,"2024-02-27","2024-03-27","USD",93.00,100,"3XS:20|2XS:20|XS:20|S:10|M:10|L:10|XL:10"
280434,"2024-02-07 08:39:53.45","#PO0434",50.00,68.00,93.00,120.90,"2024-02-27","134759976","PO",4,,,,"","ALMA","PO0434A1",30069,8002,"2024-02-27","2024-03-27","USD",93.00,100,"3XS:20|2XS:20|XS:20|S:10|M:10|L:10|XL:10"
280435,"2024-02-07 08:39:53.45","#PO0435",50.00,68.00,93.00,120.90,"2024-02-27","134759977","PO",4,,,,"","ALMA","PO0435A1",30025,1002,"2024-02-27","2024-03-27","USD",93.00,100,"3XS:20|2XS:20|XS:20|S:10|M:10|L:10|XL:10"
280436,"2024-02-07 08:39:53.45","#PO0436",50.00,68.00,93.00,120.90,"2024-02-27","134759977","PO",4,,,,"","ALMA","PO0436A0",30026,1016,"2024-02-27","2024-03-27","USD",93.00,100,"3XS:20|2XS:20|XS:20|S:10|M:10|L:10|XL:10"
280437,"2024-02-07 08:39:53.45","#PO0437",50.00,68.00,93.00,120.90,"2024-02-27","134759977","PO",4,,,,"","ALMA","PO0437A1",30027,3002,"2024-02-27","2024-03-27","USD",93.00,100,"3XS:20|2XS:20|XS:20|S:10|M:10|L:10|XL:10"
280438,"2024-02-07 08:39:53.45","#PO0438",50.00,68.00,93.00,120.90,"2024-02-27","134759977","PO",4,,,,"","ALMA","PO0438A0",30066,4002,"2024-02-27","2024-03-27","USD",93.00,100,"3XS:20|2XS:20|XS:20|S:10|M:10|L:10|XL:10"
280439,"2024-02-07 08:39:53.45","#PO0439",50.00,68.00,93.00,120.90,"2024-02-27","134759977","PO",4,,,,"","ALMA","PO0439A1",30067,5002,"2024-02-27","2024-03-27","USD",93.00,100,"3XS:20|2XS:20|XS:20|S:10|M:10|L:10|XL:10"
280440,"2024-02-07 08:39:53.45","#PO0440",50.00,68.00,93.00,120.90,"2024-02-27","134759977","PO",4,,,,"","ALMA","PO0440A0",30068,6002,"2024-02-27","2024-03-27","USD",93.00,100,"3XS:20|2XS:20|XS:20|S:10|M:10|L:10|XL:10"
280441,"2024-02-07 08:39:53.45","#PO0441",50.00,68.00,93.00,120.90,"2024-02-27","134759977","PO",4,,,,"","ALMA","PO0441A1",30069,8002,"2024-02-27","2024-03-27","USD",93.00,100,"3XS:20|2XS:20|XS:20|S:10|M:10|L:10|XL:10"
280442,"2024-02-07 08:39:53.45","#PO0442",50.00,68.00,93.00,120.90,"2024-02-27","134759978","PO",4,,,,"","ALMA","PO0442A1",30025,1002,"2024-02-27","2024-03-27","USD",93.00,100,"3XS:20|2XS:20|XS:20|S:10|M:10|L:10|XL:10"
280443,"2024-02-07 08:39:53.45","#PO0443",50.00,68.00,93.00,120.90,"2024-02-27","134759978","PO",4,,,,"","ALMA","PO0443A0",30026,1016,"2024-02-27","2024-03-27","USD",93.00,100,"3XS:20|2XS:20|XS:20|S:10|M:10|L:10|XL:10"
280444,"2024-02-07 08:39:53.45","#PO0444",50.00,68.00,93.00,120.90,"2024-02-27","134759978","PO",4,,,,"","ALMA","PO0444A1",30027,3002,"2024-02-27","2024-03-27","USD",93.00,100,"3XS:20|2XS:20|XS:20|S:10|M:10|L:10|XL:10"
280445,"2024-02-07 08:39:53.45","#PO0445",50.00,68.00,93.00,120.90,"2024-02-27","134759978","PO",4,,,,"","ALMA","PO0445A0",30066,4002,"2024-02-27","2024-03-27","USD",93.00,100,"3XS:20|2XS:20|XS:20|S:10|M:10|L:10|XL:10"
280446,"2024-02-07 08:39:53.45","#PO0446",50.00,68.00,93.00,120.90,"2024-02-27","134759978","PO",4,,,,"","ALMA","PO0446A1",30067,5002,"2024-02-27","2024-03-27","USD",93.00,100,"3XS:20|2XS:20|XS:20|S:10|M:10|L:10|XL:10"
280447,"2024-02-07 08:39:53.45","#PO0447",50.00,68.00,93.00,120.90,"2024-02-27","134759978","PO",4,,,,"","ALMA","PO0447A0",30068,6002,"2024-02-27","2024-03-27","USD",93.00,100,"3XS:20|2XS:20|XS:20|S:10|M:10|L:10|XL:10"
280448,"2024-02-07 08:39:53.45","#PO0448",50.00,68.00,93.00,120.90,"2024-02-27","134759978","PO",4,,,,"","ALMA","PO0448A1",30069,8002,"2024-02-27","2024-03-27","USD",93.00,100,"3XS:20|2XS:20|XS:20|S:10|M:10|L:10|XL:10"
280449,"2024-02-07 08:39:53.45","#PO0449",50.00,68.00,93.00,120.90,"2024-02-27","134759979","PO",4,,,,"","ALMA","PO0449A1",30025,1002,"2024-02-27","2024-03-27","USD",93.00,100,"3XS:20|2XS:20|XS:20|S:10|M:10|L:10|XL:10"
280450,"2024-02-07 08:39:53.45","#PO0450",50.00,68.00,93.00,120.90,"2024-02-27","134759979","PO",4,,,,"","ALMA","PO0450A0",30026,1016,"2024-02-27","2024-03-27","USD",93.00,100,"3XS:20|2XS:20|XS:20|S:10|M:10|L:10|XL:10"
280451,"2024-02-07 08:39:53.45","#PO0451",50.00,68.00,93.00,120.90,"2024-02-27","134759979","PO",4,,,,"","ALMA","PO0451A1",30027,3002,"2024-02-27","2024-03-27","USD",93.00,100,"3XS:20|2XS:20|XS:20|S:10|M:10|L:10|XL:10"
280452,"2024-02-07 08:39:53.45","#PO0452",50.00,68.00,93.00,120.90,"2024-02-27","134759979","PO",4,,,,"","ALMA","PO0452A0",30066,4002,"2024-02-27","2024-03-27","USD",93.00,100,"3XS:20|2XS:20|XS:20|S:10|M:10|L:10|XL:10"
280453,"2024-02-07 08:39:53.45","#PO0453",50.00,68.00,93.00,120.90,"2024-02-27","134759979","PO",4,,,,"","ALMA","PO0453A1",30067,5002,"2024-02-27","2024-03-27","USD",93.00,100,"3XS:20|2XS:20|XS:20|S:10|M:10|L:10|XL:10"
280454,"2024-02-07 08:39:53.45","#PO0454",50.00,68.00,93.00,120.90,"2024-02-27","134759979","PO",4,,,,"","ALMA","PO0454A0",30068,6002,"2024-02-27","2024-03-27","USD",93.00,100,"3XS:20|2XS:20|XS:20|S:10|M:10|L:10|XL:10"
280455,"2024-02-07 08:39:53.45","#PO0455",50.00,68.00,93.00,120.90,"2024-02-27","134759979","PO",4,,,,"","ALMA","PO0455A1",30069,8002,"2024-02-27","2024-03-27","USD",93.00,100,"3XS:20|2XS:20|XS:20|S:10|M:10|L:10|XL:10"
280456,"2024-02-07 08:39:53.45","#PO0456",50.00,68.00,93.00,120.90,"2024-02-27","134759980","PO",4,,,,"","ALMA","PO0456A1",30025,1002,"2024-02-27","2024-03-27","USD",93.00,100,"3XS:20|2XS:20|XS:20|S:10|M:10|L:10|XL:10"
280457,"2024-02-07 08:39:53.45","#PO0457",50.00,68.00,93.00,120.90,"2024-02-27","134759980","PO",4,,,,"","ALMA","PO0457A0",30026,1016,"2024-02-27","2024-03-27","USD",93.00,100,"3XS:20|2XS:20|XS:20|S:10|M:10|L:10|XL:10"
280458,"2024-02-07 08:39:53.45","#PO0458",50.00,68.00,93.00,120.90,"2024-02-27","134759980","PO",4,,,,"","ALMA","PO0458A1",30027,3002,"2024-02-27","2024-03-27","USD",93.00,100,"3XS:20|2XS:20|XS:20|S:10|M:10|L:10|XL:10"
280459,"2024-02-07 08:39:53.45","#PO0459",50.00,68.00,93.00,120.90,"2024-02-27","134759980","PO",4,,,,"","ALMA","PO0459A0",30066,4002,"2024-02-27","2024-03-27","USD",93.00,100,"3XS:20|2XS:20|XS:20|S:10|M:10|L:10|XL:10"
280460,"2024-02-07 08:39:53.45","#PO0460",50.00,68.00,93.00,120.90,"2024-02-27","134759980","PO",4,,,,"","ALMA","PO0460A1",30067,5002,"2024-02-27","2024-03-27","USD",93.00,100,"3XS:20|2XS:20|XS:20|S:10|M:10|L:10|XL:10"
280461,"2024-02-07 08:39:53.45","#PO0461",50.00,68.00,93.00,120.90,"2024-02-27","134759980","PO",4,,,,"","ALMA","PO0461A0",30068,6002,"2024-02-27","2024-03-27","USD",93.00,100,"3XS:20|2XS:20|XS:20|S:10|M:10|L:10|XL:10"
280462,"2024-02-07 08:39:53.45","#PO0462",50.00,68.00,93.00,120.90,"2024-02-27","134759980","PO",4,,,,"","ALMA","PO0462A1",30069,8002,"2024-02-27","2024-03-27","USD",93.00,100,"3XS:20|2XS:20|XS:20|S:10|M:10|L:10|XL:10"
280463,"2024-02-07 08:39:53.45","#PO0463",50.00,68.00,93.00,120.90,"2024-02-27","134759981","PO",4,,,,"","ALMA","PO0463A1",30025,1002,"2024-02-27","2024-03-27","USD",93.00,100,"3XS:20|2XS:20|XS:20|S:10|M:10|L:10|XL:10"
280464,"2024-02-07 08:39:53.45","#PO0464",50.00,68.00,93.00,120.90,"2024-02-27","134759981","PO",4,,,,"","ALMA","PO0464A0",30026,1016,"2024-02-27","2024-03-27","USD",93.00,100,"3XS:20|2XS:20|XS:20|S:10|M:10|L:10|XL:10"
280465,"2024-02-07 08:39:53.45","#PO0465",50.00,68.00,93.00,120.90,"2024-02-27","134759981","PO",4,,,,"","ALMA","PO0465A1",30027,3002,"2024-02-27","2024-03-27","USD",93.00,100,"3XS:20|2XS:20|XS:20|S:10|M:10|L:10|XL:10"
280466,"2024-02-07 08:39:53.45","#PO0466",50.00,68.00,93.00,120.90,"2024-02-27","134759981","PO",4,,,,"","ALMA","PO0466A0",30066,4002,"2024-02-27","2024-03-27","USD",93.00,100,"3XS:20|2XS:20|XS:20|S:10|M:10|L:10|XL:10"
280467,"2024-02-07 08:39:53.45","#PO0467",50.00,68.00,93.00,120.90,"2024-02-27","134759981","PO",4,,,,"","ALMA","PO0467A1",30067,5002,"2024-02-27","2024-03-27","USD",93.00,100,"3XS:20|2XS:20|XS:20|S:10|M:10|L:10|XL:10"
280468,"2024-02-07 08:39:53.45","#PO0468",50.00,68.00,93.00,120.90,"2024-02-27","134759981","PO",4,,,,"","ALMA","PO0468A0",30068,6002,"2024-02-27","2024-03-27","USD",93.00,100,"3XS:20|2XS:20|XS:20|S:10|M:10|L:10|XL:10"
280469,"2024-02-07 08:39:53.45","#PO0469",50.00,68.00,93.00,120.90,"2024-02-27","134759981","PO",4,,,,"","ALMA","PO0469A1",30069,8002,"2024-02-27","2024-03-27","USD",93.00,100,"3XS:20|2XS:20|XS:20|S:10|M:10|L:10|XL:10"
280470,"2024-02-07 08:39:53.45","#PO0470",50.00,68.00,93.00,120.90,"2024-02-27","134759982","PO",4,,,,"","ALMA","PO0470A1",30025,1002,"2024-02-27","2024-03-27","USD",93.00,100,"3XS:20|2XS:20|XS:20|S:10|M:10|L:10|XL:10"
280471,"2024-02-07 08:39:53.45","#PO0471",50.00,68.00,93.00,120.90,"2024-02-27","134759982","PO",4,,,,"","ALMA","PO0471A0",30026,1016,"2024-02-27","2024-03-27","USD",93.00,100,"3XS:20|2XS:20|XS:20|S:10|M:10|L:10|XL:10"
280472,"2024-02-07 08:39:53.45","#PO0472",50.00,68.00,93.00,120.90,"2024-02-27","134759982","PO",4,,,,"","ALMA","PO0472A1",30027,3002,"2024-02-27","2024-03-27","USD",93.00,100,"3XS:20|2XS:20|XS:20|S:10|M:10|L:10|XL:10"
280473,"2024-02-07 08:39:53.45","#PO0473",50.00,68.00,93.00,120.90,"2024-02-27","134759982","PO",4,,,,"","ALMA","PO0473A0",30066,4002,"2024-02-27","2024-03-27","USD",93.00,100,"3XS:20|2XS:20|XS:20|S:10|M:10|L:10|XL:10"
280474,"2024-02-07 08:39:53.45","#PO0474",50.00,68.00,93.00,120.90,"2024-02-27","134759982","PO",4,,,,"","ALMA","PO0474A1",30067,5002,"2024-02-27","2024-03-27","USD",93.00,100,"3XS:20|2XS:20|XS:20|S:10|M:10|L:10|XL:10"
280475,"2024-02-07 08:39:53.45","#PO0475",50.00,68.00,93.00,120.90,"2024-02-27","134759982","PO",4,,,,"","ALMA","PO0475A0",30068,6002,"2024-02-27","2024-03-27","USD",93.00,100,"3XS:20|2XS:20|XS:20|S:10|M:10|L:10|XL:10"
280476,"2024-02-07 08:39:53.45","#PO0476",50.00,68.00,93.00,120.90,"2024-02-27","134759982","PO",4,,,,"","ALMA","PO0476A1",30069,8002,"2024-02-27","2024-03-27","USD",93.00,100,"3XS:20|2XS:20|XS:20|S:10|M:10|L:10|XL:10"
280477,"2024-02-07 08:39:53.45","#PO0477",50.00,68.00,93.00,120.90,"2024-02-27","134759983","PO",4,,,,"","ALMA","PO0477A1",30025,1002,"2024-02-27","2024-03-27","USD",93.00,100,"3XS:20|2XS:20|XS:20|S:10|M:10|L:10|XL:10"
280478,"2024-02-07 08:39:53.45","#PO0478",50.00,68.00,93.00,120.90,"2024-02-27","134759983","PO",4,,,,"","ALMA","PO0478A0",30026,1016,"2024-02-27","2024-03-27","USD",93.00,100,"3XS:20|2XS:20|XS:20|S:10|M:10|L:10|XL:10"
280479,"2024-02-07 08:39:53.45","#PO0479",50.00,68.00,93.00,120.90,"2024-02-27","134759983","PO",4,,,,"","ALMA","PO0479A1",30027,3002,"2024-02-27","2024-03-27","USD",93.00,100,"3XS:20|2XS:20|XS:20|S:10|M:10|L:10|XL:10"
280480,"2024-02-07 08:39:53.45","#PO0480",50.00,68.00,93.00,120.90,"2024-02-27","134759983","PO",4,,,,"","ALMA","PO0480A0",30066,4002,"2024-02-27","2024-03-27","USD",93.00,100,"3XS:20|2XS:20|XS:20|S:10|M:10|L:10|XL:10"
280481,"2024-02-07 08:39:53.45","#PO0481",50.00,68.00,93.00,120.90,"2024-02-27","134759983","PO",4,,,,"","ALMA","PO0481A1",30067,5002,"2024-02-27","2024-03-27","USD",93.00,100,"3XS:20|2XS:20|XS:20|S:10|M:10|L:10|XL:10"
280482,"2024-02-07 08:39:53.45","#PO0482",50.00,68.00,93.00,120.90,"2024-02-27","134759983","PO",4,,,,"","ALMA","PO0482A0",30068,6002,"2024-02-27","2024-03-27","USD",93.00,100,"3XS:20|2XS:20|XS:20|S:10|M:10|L:10|XL:10"
280483,"2024-02-07 08:39:53.45","#PO0483",50.00,68.00,93.00,120.90,"2024-02-27","134759983","PO",4,,,,"","ALMA","PO0483A1",30069,8002,"2024-02-27","2024-03-27","USD",93.00,100,"3XS:20|2XS:20|XS:20|S:10|M:10|L:10|XL:10"
280484,"2024-02-07 08:39:53.45","#PO0484",50.00,68.00,93.00,120.90,"2024-02-27","134759984","PO",4,,,,"","ALMA","PO0484A1",30025,1002,"2024-02-27","2024-03-27","USD",93.00,100,"3XS:20|2XS:20|XS:20|S:10|M:10|L:10|XL:10"
280485,"2024-02-07 08:39:53.45","#PO0485",50.00,68.00,93.00,120.90,"2024-02-27","134759984","PO",4,,,,"","ALMA","PO0485A0",30026,1016,"2024-02-27","2024-03-27","USD",93.00,100,"3XS:20|2XS:20|XS:20|S:10|M:10|L:10|XL:10"
280486,"2024-02-07 08:39:53.45","#PO0486",50.00,68.00,93.00,120.90,"2024-02-27","134759984","PO",4,,,,"","ALMA","PO0486A1",30027,3002,"2024-02-27","2024-03-27","USD",93.00,100,"3XS:20|2XS:20|XS:20|S:10|M:10|L:10|XL:10"
280487,"2024-02-07 08:39:53.45","#PO0487",50.00,68.00,93.00,120.90,"2024-02-27","134759984","PO",4,,,,"","ALMA","PO0487A0",30066,4002,"2024-02-27","2024-03-27","USD",93.00,100,"3XS:20|2XS:20|XS:20|S:10|M:10|L:10|XL:10"
280488,"2024-02-07 08:39:53.45","#PO0488",50.00,68.00,93.00,120.90,"2024-02-27","134759984","PO",4,,,,"","ALMA","PO0488A1",30067,5002,"2024-02-27","2024-03-27","USD",93.00,100,"3XS:20|2XS:20|XS:20|S:10|M:10|L:10|XL:10"
280489,"2024-02-07 08:39:53.45","#PO0489",50.00,68.00,93.00,120.90,"2024-02-27","134759984","PO",4,,,,"","ALMA","PO0489A0",30068,6002,"2024-02-27","2024-03-27","USD",93.00,100,"3XS:20|2XS:20|XS:20|S:10|M:10|L:10|XL:10"
280490,"2024-02-07 08:39:53.45","#PO0490",50.00,68.00,93.00,120.90,"2024-02-27","134759984","PO",4,,,,"","ALMA","PO0490A1",30069,8002,"2024-02-27","2024-03-27","USD",93.00,100,"3XS:20|2XS:20|XS:20|S:10|M:10|L:10|XL:10"
280491,"2024-02-07 08:39:53.45","#PO0491",50.00,68.00,93.00,120.90,"2024-02-27","134759985","PO",4,,,,"","ALMA","PO0491A1",30025,1002,"2024-02-27","2024-03-27","USD",93.00,100,"3XS:20|2XS:20|XS:20|S:10|M:10|L:10|XL:10"
280492,"2024-02-07 08:39:53.45","#PO0492",50.00,68.00,93.00,120.90,"2024-02-27","134759985","PO",4,,,,"","ALMA","PO0492A0",30026,1016,"2024-02-27","2024-03-27","USD",93.00,100,"3XS:20|2XS:20|XS:20|S:10|M:10|L:10|XL:10"
280493,"2024-02-07 08:39:53.45","#PO0493",50.00,68.00,93.00,120.90,"2024-02-27","134759985","PO",4,,,,"","ALMA","PO0493A1",30027,3002,"2024-02-27","2024-03-27","USD",93.00,100,"3XS:20|2XS:20|XS:20|S:10|M:10|L:10|XL:10"
280494,"2024-02-07 08:39:53.45","#PO0494",50.00,68.00,93.00,120.90,"2024-02-27","134759985","PO",4,,,,"","ALMA","PO0494A0",30066,4002,"2024-02-27","2024-03-27","USD",93.00,100,"3XS:20|2XS:20|XS:20|S:10|M:10|L:10|XL:10"
280495,"2024-02-07 08:39:53.45","#PO0495",50.00,68.00,93.00,120.90,"2024-02-27","134759985","PO",4,,,,"","ALMA","PO0495A1",30067,5002,"2024-02-27","2024-03-27","USD",93.00,100,"3XS:20|2XS:20|XS:20|S:10|M:10|L:10|XL:10"
280496,"2024-02-07 08:39:53.45","#PO0496",50.00,68.00,93.00,120.90,"2024-02-27","134759985","PO",4,,,,"","ALMA","PO0496A0",30068,6002,"2024-02-27","2024-03-27","USD",93.00,100,"3XS:20|2XS:20|XS:20|S:10|M:10|L:10|XL:10"
280497,"2024-02-07 08:39:53.45","#PO0497",50.00,68.00,93.00,120.90,"2024-02-27","134759985","PO",4,,,,"","ALMA","PO0497A1",30069,8002,"2024-02-27","2024-03-27","USD",93.00,100,"3XS:20|2XS:20|XS:20|S:10|M:10|L:10|XL:10"
280498,"2024-02-07 08:39:53.45","#PO0498",50.00,68.00,93.00,120.90,"2024-02-27","134759986","PO",4,,,,"","ALMA","PO0498A1",30025,1002,"2024-02-27","2024-03-27","USD",93.00,100,"3XS:20|2XS:20|XS:20|S:10|M:10|L:10|XL:10"
280499,"2024-02-07 08:39:53.45","#PO0499",50.00,68.00,93.00,120.90,"2024-02-27","134759986","PO",4,,,,"","ALMA","PO0499A0",30026,1016,"2024-02-27","2024-03-27","USD",93.00,100,"3XS:20|2XS:20|XS:20|S:10|M:10|L:10|XL:10"
280500,"2024-02-07 08:39:53.45","#PO0500",50.00,68.00,93.00,120.90,"2024-02-27","134759986","PO",4,,,,"","ALMA","PO0500A1",30027,3002,"2024-02-27","2024-03-27","USD",93.00,100,"3XS:20|2XS:20|XS:20|S:10|M:10|L:10|XL:10"
280501,"2024-02-07 08:39:53.45","#PO0501",50.00,68.00,93.00,120.90,"2024-02-27","134759986","PO",4,,,,"","ALMA","PO0501A0",30066,4002,"2024-02-27","2024-03-27","USD",93.00,100,"3XS:20|2XS:20|XS:20|S:10|M:10|L:10|XL:10"
280502,"2024-02-07 08:39:53.45","#PO0502",50.00,68.00,93.00,120.90,"2024-02-27","134759986","PO",4,,,,"","ALMA","PO0502A1",30067,5002,"2024-02-27","2024-03-27","USD",93.00,100,"3XS:20|2XS:20|XS:20|S:10|M:10|L:10|XL:10"
280503,"2024-02-07 08:39:53.45","#PO0503",50.00,68.00,93.00,120.90,"2024-02-27","134759986","PO",4,,,,"","ALMA","PO0503A0",30068,6002,"2024-02-27","2024-03-27","USD",93.00,100,"3XS:20|2XS:20|XS:20|S:10|M:10|L:10|XL:10"
280504,"2024-02-07 08:39:53.45","#PO0504",50.00,68.00,93.00,120.90,"2024-02-27","134759986","PO",4,,,,"","ALMA","PO0504A1",30069,8002,"2024-02-27","2024-03-27","USD",93.00,100,"3XS:20|2XS:20|XS:20|S:10|M:10|L:10|XL:10"
280505,"2024-02-07 08:39:53.45","#PO0505",50.00,68.00,93.00,120.90,"2024-02-27","134759987","PO",4,,,,"","ALMA","PO0505A1",30025,1002,"2024-02-27","2024-03-27","USD",93.00,100,"3XS:20|2XS:20|XS:20|S:10|M:10|L:10|XL:10"
280506,"2024-02-07 08:39:53.45","#PO0506",50.00,68.00,93.00,120.90,"2024-02-27","134759987","PO",4,,,,"","ALMA","PO0506A0",30026,1016,"2024-02-27","2024-03-27","USD",93.00,100,"3XS:20|2XS:20|XS:20|S:10|M:10|L:10|XL:10"
280507,"2024-02-07 08:39:53.45","#PO0507",50.00,68.00,93.00,120.90,"2024-02-27","134759987","PO",4,,,,"","ALMA","PO0507A1",30027,3002,"2024-02-27","2024-03-27","USD",93.00,100,"3XS:20|2XS:20|XS:20|S:10|M:10|L:10|XL:10"
280508,"2024-02-07 08:39:53.45","#PO0508",50.00,68.00,93.00,120.90,"2024-02-27","134759987","PO",4,,,,"","ALMA","PO0508A0",30066,4002,"2024-02-27","2024-03-27","USD",93.00,100,"3XS:20|2XS:20|XS:20|S:10|M:10|L:10|XL:10"
280509,"2024-02-07 08:39:53.45","#PO0509",50.00,68.00,93.00,120.90,"2024-02-27","134759987","PO",4,,,,"","ALMA","PO0509A1",30067,5002,"2024-02-27","2024-03-27","USD",93.00,100,"3XS:20|2XS:20|XS:20|S:10|M:10|L:10|XL:10"
280510,"2024-02-07 08:39:53.45","#PO0510",50.00,68.00,93.00,120.90,"2024-02-27","134759987","PO",4,,,,"","ALMA","PO0510A0",30068,6002,"2024-02-27","2024-03-27","USD",93.00,100,"3XS:20|2XS:20|XS:20|S:10|M:10|L:10|XL:10"
280511,"2024-02-07 08:39:53.45","#PO0511",50.00,68.00,93.00,120.90,"2024-02-27","134759987","PO",4,,,,"","ALMA","PO0511A1",30069,8002,"2024-02-27","2024-03-27","USD",93.00,100,"3XS:20|2XS:20|XS:20|S:10|M:10|L:10|XL:10"
280512,"2024-02-07 08:39:53.45","#PO0512",50.00,68.00,93.00,120.90,"2024-02-27","134759988","PO",4,,,,"","ALMA","PO0512A1",30025,1002,"2024-02-27","2024-03-27","USD",93.00,100,"3XS:20|2XS:20|XS:20|S:10|M:10|L:10|XL:10"
280513,"2024-02-07 08:39:53.45","#PO0513",50.00,68.00,93.00,120.90,"2024-02-27","134759988","PO",4,,,,"","ALMA","PO0513A0",30026,1016,"2024-02-27","2024-03-27","USD",93.00,100,"3XS:20|2XS:20|XS:20|S:10|M:10|L:10|XL:10"
280514,"2024-02-07 08:39:53.45","#PO0514",50.00,68.00,93.00,120.90,"2024-02-27","134759988","PO",4,,,,"","ALMA","PO0514A1",30027,3002,"2024-02-27","2024-03-27","USD",93.00,100,"3XS:20|2XS:20|XS:20|S:10|M:10|L:10|XL:10"
280515,"2024-02-07 08:39:53.45","#PO0515",50.00,68.00,93.00,120.90,"2024-02-27","134759988","PO",4,,,,"","ALMA","PO0515A0",30066,4002,"2024-02-27","2024-03-27","USD",93.00,100,"3XS:20|2XS:20|XS:20|S:10|M:10|L:10|XL:10"
280516,"2024-02-07 08:39:53.45","#PO0516",50.00,68.00,93.00,120.90,"2024-02-27","134759988","PO",4,,,,"","ALMA","PO0516A1",30067,5002,"2024-02-27","2024-03-27","USD",93.00,100,"3XS:20|2XS:20|XS:20|S:10|M:10|L:10|XL:10"
280517,"2024-02-07 08:39:53.45","#PO0517",50.00,68.00,93.00,120.90,"2024-02-27","134759988","PO",4,,,,"","ALMA","PO0517A0",30068,6002,"2024-02-27","2024-03-27","USD",93.00,100,"3XS:20|2XS:20|XS:20|S:10|M:10|L:10|XL:10"
280518,"2024-02-07 08:39:53.45","#PO0518",50.00,68.00,93.00,120.90,"2024-02-27","134759988","PO",4,,,,"","ALMA","PO0518A1",30069,8002,"2024-02-27","2024-03-27","USD",93.00,100,"3XS:20|2XS:20|XS:20|S:10|M:10|L:10|XL:10"
280519,"2024-02-07 08:39:53.45","#PO0519",50.00,68.00,93.00,120.90,"2024-02-27","134759989","PO",4,,,,"","ALMA","PO0519A1",30025,1002,"2024-02-27","2024-03-27","USD",93.00,100,"3XS:20|2XS:20|XS:20|S:10|M:10|L:10|XL:10"
280520,"2024-02-07 08:39:53.45","#PO0520",50.00,68.00,93.00,120.90,"2024-02-27","134759989","PO",4,,,,"","ALMA","PO0520A0",30026,1016,"2024-02-27","2024-03-27","USD",93.00,100,"3XS:20|2XS:20|XS:20|S:10|M:10|L:10|XL:10"
280521,"2024-02-07 08:39:53.45","#PO0521",50.00,68.00,93.00,120.90,"2024-02-27","134759989","PO",4,,,,"","ALMA","PO0521A1",30027,3002,"2024-02-27","2024-03-27","USD",93.00,100,"3XS:20|2XS:20|XS:20|S:10|M:10|L:10|XL:10"
280522,"2024-02-07 08:39:53.45","#PO0522",50.00,68.00,93.00,120.90,"2024-02-27","134759989","PO",4,,,,"","ALMA","PO0522A0",30066,4002,"2024-02-27","2024-03-27","USD",93.00,100,"3XS:20|2XS:20|XS:20|S:10|M:10|L:10|XL:10"
280523,"2024-02-07 08:39:53.45","#PO0523",50.00,68.00,93.00,120.90,"2024-02-27","134759989","PO",4,,,,"","ALMA","PO0523A1",30067,5002,"2024-02-27","2024-03-27","USD",93.00,100,"3XS:20|2XS:20|XS:20|S:10|M:10|L:10|XL:10"
280524,"2024-02-07 08:39:53.45","#PO0524",50.00,68.00,93.00,120.90,"2024-02-27","134759989","PO",4,,,,"","ALMA","PO0524A0",30068,6002,"2024-02-27","2024-03-27","USD",93.00,100,"3XS:20|2XS:20|XS:20|S:10|M:10|L:10|XL:10"
280525,"2024-02-07 08:39:53.45","#PO0525",50.00,68.00,93.00,120.90,"2024-02-27","134759989","PO",4,,,,"","ALMA","PO0525A1",30069,8002,"2024-02-27","2024-03-27","USD",93.00,100,"3XS:20|2XS:20|XS:20|S:10|M:10|L:10|XL:10"
280526,"2024-02-07 08:39:53.45","#PO0526",50.00,68.00,93.00,120.90,"2024-02-27","134759990","PO",4,,,,"","ALMA","PO0526A1",30025,1002,"2024-02-27","2024-03-27","USD",93.00,100,"3XS:20|2XS:20|XS:20|S:10|M:10|L:10|XL:10"
280527,"2024-02-07 08:39:53.45","#PO0527",50.00,68.00,93.00,120.90,"2024-02-27","134759990","PO",4,,,,"","ALMA","PO0527A0",30026,1016,"2024-02-27","2024-03-27","USD",93.00,100,"3XS:20|2XS:20|XS:20|S:10|M:10|L:10|XL:10"
280528,"2024-02-07 08:39:53.45","#PO0528",50.00,68.00,93.00,120.90,"2024-02-27","134759990","PO",4,,,,"","ALMA","PO0528A1",30027,3002,"2024-02-27","2024-03-27","USD",93.00,100,"3XS:20|2XS:20|XS:20|S:10|M:10|L:10|XL:10"
280529,"2024-02-07 08:39:53.45","#PO0529",50.00,68.00,93.00,120.90,"2024-02-27","134759990","PO",4,,,,"","ALMA","PO0529A0",30066,4002,"2024-02-27","2024-03-27","USD",93.00,100,"3XS:20|2XS:20|XS:20|S:10|M:10|L:10|XL:10"
280530,"2024-02-07 08:39:53.45","#PO0530",50.00,68.00,93.00,120.90,"2024-02-27","134759990","PO",4,,,,"","ALMA","PO0530A1",30067,5002,"2024-02-27","2024-03-27","USD",93.00,100,"3XS:20|2XS:20|XS:20|S:10|M:10|L:10|XL:10"
280531,"2024-02-07 08:39:53.45","#PO0531",50.00,68.00,93.00,120.90,"2024-02-27","134759990","PO",4,,,,"","ALMA","PO0531A0",30068,6002,"2024-02-27","2024-03-27","USD",93.00,100,"3XS:20|2XS:20|XS:20|S:10|M:10|L:10|XL:10"
280532,"2024-02-07 08:39:53.45","#PO0532",50.00,68.00,93.00,120.90,"2024-02-27","134759990","PO",4,,,,"","ALMA","PO0532A1",30069,8002,"2024-02-27","2024-03-27","USD",93.00,100,"3XS:20|2XS:20|XS:20|S:10|M:10|L:10|XL:10"
280533,"2024-02-07 08:39:53.45","#PO0533",50.00,68.00,93.00,120.90,"2024-02-27","134759991","PO",4,,,,"","ALMA","PO0533A1",30025,1002,"2024-02-27","2024-03-27","USD",93.00,100,"3XS:20|2XS:20|XS:20|S:10|M:10|L:10|XL:10"
280534,"2024-02-07 08:39:53.45","#PO0534",50.00,68.00,93.00,120.90,"2024-02-27","134759991","PO",4,,,,"","ALMA","PO0534A0",30026,1016,"2024-02-27","2024-03-27","USD",93.00,100,"3XS:20|2XS:20|XS:20|S:10|M:10|L:10|XL:10"
280535,"2024-02-07 08:39:53.45","#PO0535",50.00,68.00,93.00,120.90,"2024-02-27","134759991","PO",4,,,,"","ALMA","PO0535A1",30027,3002,"2024-02-27","2024-03-27","USD",93.00,100,"3XS:20|2XS:20|XS:20|S:10|M:10|L:10|XL:10"
280536,"2024-02-07 08:39:53.45","#PO0536",50.00,68.00,93.00,120.90,"2024-02-27","134759991","PO",4,,,,"","ALMA","PO0536A0",30066,4002,"2024-02-27","2024-03-27","USD",93.00,100,"3XS:20|2XS:20|XS:20|S:10|M:10|L:10|XL:10"
280537,"2024-02-07 08:39:53.45","#PO0537",50.00,68.00,93.00,120.90,"2024-02-27","134759991","PO",4,,,,"","ALMA","PO0537A1",30067,5002,"2024-02-27","2024-03-27","USD",93.00,100,"3XS:20|2XS:20|XS:20|S:10|M:10|L:10|XL:10"
280538,"2024-02-07 08:39:53.45","#PO0538",50.00,68.00,93.00,120.90,"2024-02-27","134759991","PO",4,,,,"","ALMA","PO0538A0",30068,6002,"2024-02-27","2024-03-27","USD",93.00,100,"3XS:20|2XS:20|XS:20|S:10|M:10|L:10|XL:10"
280539,"2024-02-07 08:39:53.45","#PO0539",50.00,68.00,93.00,120.90,"2024-02-27","134759991","PO",4,,,,"","ALMA","PO0539A1",30069,8002,"2024-02-27","2024-03-27","USD",93.00,100,"3XS:20|2XS:20|XS:20|S:10|M:10|L:10|XL:10"
280540,"2024-02-07 08:39:53.45","#PO0540",50.00,68.00,93.00,120.90,"2024-02-27","134759992","PO",4,,,,"","ALMA","PO0540A1",30025,1002,"2024-02-27","2024-03-27","USD",93.00,100,"3XS:20|2XS:20|XS:20|S:10|M:10|L:10|XL:10"
280541,"2024-02-07 08:39:53.45","#PO0541",50.00,68.00,93.00,120.90,"2024-02-27","134759992","PO",4,,,,"","ALMA","PO0541A0",30026,1016,"2024-02-27","2024-03-27","USD",93.00,100,"3XS:20|2XS:20|XS:20|S:10|M:10|L:10|XL:10"
280542,"2024-02-07 08:39:53.45","#PO0542",50.00,68.00,93.00,120.90,"2024-02-27","134759992","PO",4,,,,"","ALMA","PO0542A1",30027,3002,"2024-02-27","2024-03-27","USD",93.00,100,"3XS:20|2XS:20|XS:20|S:10|M:10|L:10|XL:10"
280543,"2024-02-07 08:39:53.45","#PO0543",50.00,68.00,93.00,120.90,"2024-02-27","134759992","PO",4,,,,"","ALMA","PO0543A0",30066,4002,"2024-02-27","2024-03-27","USD",93.00,100,"3XS:20|2XS:20|XS:20|S:10|M:10|L:10|XL:10"
280544,"2024-02-07 08:39:53.45","#PO0544",50.00,68.00,93.00,120.90,"2024-02-27","134759992","PO",4,,,,"","ALMA","PO0544A1",30067,5002,"2024-02-27","2024-03-27","USD",93.00,100,"3XS:20|2XS:20|XS:20|S:10|M:10|L:10|XL:10"
280545,"2024-02-07 08:39:53.45","#PO0545",50.00,68.00,93.00,120.90,"2024-02-27","134759992","PO",4,,,,"","ALMA","PO0545A0",30068,6002,"2024-02-27","2024-03-27","USD",93.00,100,"3XS:20|2XS:20|XS:20|S:10|M:10|L:10|XL:10"
280546,"2024-02-07 08:39:53.45","#PO0546",50.00,68.00,93.00,120.90,"2024-02-27","134759992","PO",4,,,,"","ALMA","PO0546A1",30069,8002,"2024-02-27","2024-03-27","USD",93.00,100,"3XS:20|2XS:20|XS:20|S:10|M:10|L:10|XL:10"
280547,"2024-02-07 08:39:53.45","#PO0547",50.00,68.00,93.00,120.90,"2024-02-27","134759993","PO",4,,,,"","ALMA","PO0547A1",30025,1002,"2024-02-27","2024-03-27","USD",93.00,100,"3XS:20|2XS:20|XS:20|S:10|M:10|L:10|XL:10"
280548,"2024-02-07 08:39:53.45","#PO0548",50.00,68.00,93.00,120.90,"2024-02-27","134759993","PO",4,,,,"","ALMA","PO0548A0",30026,1016,"2024-02-27","2024-03-27","USD",93.00,100,"3XS:20|2XS:20|XS:20|S:10|M:10|L:10|XL:10"
280549,"2024-02-07 08:39:53.45","#PO0549",50.00,68.00,93.00,120.90,"2024-02-27","134759993","PO",4,,,,"","ALMA","PO0549A1",30027,3002,"2024-02-27","2024-03-27","USD",93.00,100,"3XS:20|2XS:20|XS:20|S:10|M:10|L:10|XL:10"
280550,"2024-02-07 08:39:53.45","#PO0550",50.00,68.00,93.00,120.90,"2024-02-27","134759993","PO",4,,,,"","ALMA","PO0550A0",30066,4002,"2024-02-27","2024-03-27","USD",93.00,100,"3XS:20|2XS:20|XS:20|S:10|M:10|L:10|XL:10"
280551,"2024-02-07 08:39:53.45","#PO0551",50.00,68.00,93.00,120.90,"2024-02-27","134759993","PO",4,,,,"","ALMA","PO0551A1",30067,5002,"2024-02-27","2024-03-27","USD",93.00,100,"3XS:20|2XS:20|XS:20|S:10|M:10|L:10|XL:10"
280552,"2024-02-07 08:39:53.45","#PO0552",50.00,68.00,93.00,120.90,"2024-02-27","134759993","PO",4,,,,"","ALMA","PO0552A0",30068,6002,"2024-02-27","2024-03-27","USD",93.00,100,"3XS:20|2XS:20|XS:20|S:10|M:10|L:10|XL:10"
280553,"2024-02-07 08:39:53.45","#PO0553",50.00,68.00,93.00,120.90,"2024-02-27","134759993","PO",4,,,,"","ALMA","PO0553A1",30069,8002,"2024-02-27","2024-03-27","USD",93.00,100,"3XS:20|2XS:20|XS:20|S:10|M:10|L:10|XL:10"
280554,"2024-02-07 08:39:53.45","#PO0554",50.00,68.00,93.00,120.90,"2024-02-27","134759994","PO",4,,,,"","ALMA","PO0554A1",30025,1002,"2024-02-27","2024-03-27","USD",93.00,100,"3XS:20|2XS:20|XS:20|S:10|M:10|L:10|XL:10"
280555,"2024-02-07 08:39:53.45","#PO0555",50.00,68.00,93.00,120.90,"2024-02-27","134759994","PO",4,,,,"","ALMA","PO0555A0",30026,1016,"2024-02-27","2024-03-27","USD",93.00,100,"3XS:20|2XS:20|XS:20|S:10|M:10|L:10|XL:10"
280556,"2024-02-07 08:39:53.45","#PO0556",50.00,68.00,93.00,120.90,"2024-02-27","134759994","PO",4,,,,"","ALMA","PO0556A1",30027,3002,"2024-02-27","2024-03-27","USD",93.00,100,"3XS:20|2XS:20|XS:20|S:10|M:10|L:10|XL:10"
280557,"2024-02-07 08:39:53.45","#PO0557",50.00,68.00,93.00,120.90,"2024-02-27","134759994","PO",4,,,,"","ALMA","PO0557A0",30066,4002,"2024-02-27","2024-03-27","USD",93.00,100,"3XS:20|2XS:20|XS:20|S:10|M:10|L:10|XL:10"
280558,"2024-02-07 08:39:53.45","#PO0558",50.00,68.00,93.00,120.90,"2024-02-27","134759994","PO",4,,,,"","ALMA","PO0558A1",30067,5002,"2024-02-27","2024-03-27","USD",93.00,100,"3XS:20|2XS:20|XS:20|S:10|M:10|L:10|XL:10"
280559,"2024-02-07 08:39:53.45","#PO0559",50.00,68.00,93.00,120.90,"2024-02-27","134759994","PO",4,,,,"","ALMA","PO0559A0",30068,6002,"2024-02-27","2024-03-27","USD",93.00,100,"3XS:20|2XS:20|XS:20|S:10|M:10|L:10|XL:10"
280560,"2024-02-07 08:39:53.45","#PO0560",50.00,68.00,93.00,120.90,"2024-02-27","134759994","PO",4,,,,"","ALMA","PO0560A1",30069,8002,"2024-02-27","2024-03-27","USD",93.00,100,"3XS:20|2XS:20|XS:20|S:10|M:10|L:10|XL:10"
280561,"2024-02-07 08:39:53.45","#PO0561",50.00,68.00,93.00,120.90,"2024-02-27","134759995","PO",4,,,,"","ALMA","PO0561A1",30025,1002,"2024-02-27","2024-03-27","USD",93.00,100,"3XS:20|2XS:20|XS:20|S:10|M:10|L:10|XL:10"
280562,"2024-02-07 08:39:53.45","#PO0562",50.00,68.00,93.00,120.90,"2024-02-27","134759995","PO",4,,,,"","ALMA","PO0562A0",30026,1016,"2024-02-27","2024-03-27","USD",93.00,100,"3XS:20|2XS:20|XS:20|S:10|M:10|L:10|XL:10"
280563,"2024-02-07 08:39:53.45","#PO0563",50.00,68.00,93.00,120.90,"2024-02-27","134759995","PO",4,,,,"","ALMA","PO0563A1",30027,3002,"2024-02-27","2024-03-27","USD",93.00,100,"3XS:20|2XS:20|XS:20|S:10|M:10|L:10|XL:10"
280564,"2024-02-07 08:39:53.45","#PO0564",50.00,68.00,93.00,120.90,"2024-02-27","134759995","PO",4,,,,"","ALMA","PO0564A0",30066,4002,"2024-02-27","2024-03-27","USD",93.00,100,"3XS:20|2XS:20|XS:20|S:10|M:10|L:10|XL:10"
280565,"2024-02-07 08:39:53.45","#PO0565",50.00,68.00,93.00,120.90,"2024-02-27","134759995","PO",4,,,,"","ALMA","PO0565A1",30067,5002,"2024-02-27","2024-03-27","USD",93.00,100,"3XS:20|2XS:20|XS:20|S:10|M:10|L:10|XL:10"
280566,"2024-02-07 08:39:53.45","#PO0566",50.00,68.00,93.00,120.90,"2024-02-27","134759995","PO",4,,,,"","ALMA","PO0566A0",30068,6002,"2024-02-27","2024-03-27","USD",93.00,100,"3XS:20|2XS:20|XS:20|S:10|M:10|L:10|XL:10"
280567,"2024-02-07 08:39:53.45","#PO0567",50.00,68.00,93.00,120.90,"2024-02-27","134759995","PO",4,,,,"","ALMA","PO0567A1",30069,8002,"2024-02-27","2024-03-27","USD",93.00,100,"3XS:20|2XS:20|XS:20|S:10|M:10|L:10|XL:10"
280568,"2024-02-07 08:39:53.45","#PO0568",50.00,68.00,93.00,120.90,"2024-02-27","134759996","PO",4,,,,"","ALMA","PO0568A1",30025,1002,"2024-02-27","2024-03-27","USD",93.00,100,"3XS:20|2XS:20|XS:20|S:10|M:10|L:10|XL:10"
280569,"2024-02-07 08:39:53.45","#PO0569",50.00,68.00,93.00,120.90,"2024-02-27","134759996","PO",4,,,,"","ALMA","PO0569A0",30026,1016,"2024-02-27","2024-03-27","USD",93.00,100,"3XS:20|2XS:20|XS:20|S:10|M:10|L:10|XL:10"
280570,"2024-02-07 08:39:53.45","#PO0570",50.00,68.00,93.00,120.90,"2024-02-27","134759996","PO",4,,,,"","ALMA","PO0570A1",30027,3002,"2024-02-27","2024-03-27","USD",93.00,100,"3XS:20|2XS:20|XS:20|S:10|M:10|L:10|XL:10"
280571,"2024-02-07 08:39:53.45","#PO0571",50.00,68.00,93.00,120.90,"2024-02-27","134759996","PO",4,,,,"","ALMA","PO0571A0",30066,4002,"2024-02-27","2024-03-27","USD",93.00,100,"3XS:20|2XS:20|XS:20|S:10|M:10|L:10|XL:10"
280572,"2024-02-07 08:39:53.45","#PO0572",50.00,68.00,93.00,120.90,"2024-02-27","134759996","PO",4,,,,"","ALMA","PO0572A1",30067,5002,"2024-02-27","2024-03-27","USD",93.00,100,"3XS:20|2XS:20|XS:20|S:10|M:10|L:10|XL:10"
280573,"2024-02-07 08:39:53.45","#PO0573",50.00,68.00,93.00,120.90,"2024-02-27","134759996","PO",4,,,,"","ALMA","PO0573A0",30068,6002,"2024-02-27","2024-03-27","USD",93.00,100,"3XS:20|2XS:20|XS:20|S:10|M:10|L:10|XL:10"
280574,"2024-02-07 08:39:53.45","#PO0574",50.00,68.00,93.00,120.90,"2024-02-27","134759996","PO",4,,,,"","ALMA","PO0574A1",30069,8002,"2024-02-27","2024-03-27","USD",93.00,100,"3XS:20|2XS:20|XS:20|S:10|M:10|L:10|XL:10"
280575,"2024-02-07 08:39:53.45","#PO0575",50.00,68.00,93.00,120.90,"2024-02-27","134759997","PO",4,,,,"","ALMA","PO0575A1",30025,1002,"2024-02-27","2024-03-27","USD",93.00,100,"3XS:20|2XS:20|XS:20|S:10|M:10|L:10|XL:10"
280576,"2024-02-07 08:39:53.45","#PO0576",50.00,68.00,93.00,120.90,"2024-02-27","134759997","PO",4,,,,"","ALMA","PO0576A0",30026,1016,"2024-02-27","2024-03-27","USD",93.00,100,"3XS:20|2XS:20|XS:20|S:10|M:10|L:10|XL:10"
280577,"2024-02-07 08:39:53.45","#PO0577",50.00,68.00,93.00,120.90,"2024-02-27","134759997","PO",4,,,,"","ALMA","PO0577A1",30027,3002,"2024-02-27","2024-03-27","USD",93.00,100,"3XS:20|2XS:20|XS:20|S:10|M:10|L:10|XL:10"
280578,"2024-02-07 08:39:53.45","#PO0578",50.00,68.00,93.00,120.90,"2024-02-27","134759997","PO",4,,,,"","ALMA","PO0578A0",30066,4002,"2024-02-27","2024-03-27","USD",93.00,100,"3XS:20|2XS:20|XS:20|S:10|M:10|L:10|XL:10"
280579,"2024-02-07 08:39:53.45","#PO0579",50.00,68.00,93.00,120.90,"2024-02-27","134759997","PO",4,,,,"","ALMA","PO0579A1",30067,5002,"2024-02-27","2024-03-27","USD",93.00,100,"3XS:20|2XS:20|XS:20|S:10|M:10|L:10|XL:10"
280580,"2024-02-07 08:39:53.45","#PO0580",50.00,68.00,93.00,120.90,"2024-02-27","134759997","PO",4,,,,"","ALMA","PO0580A0",30068,6002,"2024-02-27","2024-03-27","USD",93.00,100,"3XS:20|2XS:20|XS:20|S:10|M:10|L:10|XL:10"
280581,"2024-02-07 08:39:53.45","#PO0581",50.00,68.00,93.00,120.90,"2024-02-27","134759997","PO",4,,,,"","ALMA","PO0581A1",30069,8002,"2024-02-27","2024-03-27","USD",93.00,100,"3XS:20|2XS:20|XS:20|S:10|M:10|L:10|XL:10"
280582,"2024-02-07 08:39:53.45","#PO0582",50.00,68.00,93.00,120.90,"2024-02-27","134759998","PO",4,,,,"","ALMA","PO0582A1",30025,1002,"2024-02-27","2024-03-27","USD",93.00,100,"3XS:20|2XS:20|XS:20|S:10|M:10|L:10|XL:10"
280583,"2024-02-07 08:39:53.45","#PO0583",50.00,68.00,93.00,120.90,"2024-02-27","134759998","PO",4,,,,"","ALMA","PO0583A0",30026,1016,"2024-02-27","2024-03-27","USD",93.00,100,"3XS:20|2XS:20|XS:20|S:10|M:10|L:10|XL:10"
280584,"2024-02-07 08:39:53.45","#PO0584",50.00,68.00,93.00,120.90,"2024-02-27","134759998","PO",4,,,,"","ALMA","PO0584A1",30027,3002,"2024-02-27","2024-03-27","USD",93.00,100,"3XS:20|2XS:20|XS:20|S:10|M:10|L:10|XL:10"
280585,"2024-02-07 08:39:53.45","#PO0585",50.00,68.00,93.00,120.90,"2024-02-27","134759998","PO",4,,,,"","ALMA","PO0585A0",30066,4002,"2024-02-27","2024-03-27","USD",93.00,100,"3XS:20|2XS:20|XS:20|S:10|M:10|L:10|XL:10"
280586,"2024-02-07 08:39:53.45","#PO0586",50.00,68.00,93.00,120.90,"2024-02-27","134759998","PO",4,,,,"","ALMA","PO0586A1",30067,5002,"2024-02-27","2024-03-27","USD",93.00,100,"3XS:20|2XS:20|XS:20|S:10|M:10|L:10|XL:10"
280587,"2024-02-07 08:39:53.45","#PO0587",50.00,68.00,93.00,120.90,"2024-02-27","134759998","PO",4,,,,"","ALMA","PO0587A0",30068,6002,"2024-02-27","2024-03-27","USD",93.00,100,"3XS:20|2XS:20|XS:20|S:10|M:10|L:10|XL:10"
280588,"2024-02-07 08:39:53.45","#PO0588",50.00,68.00,93.00,120.90,"2024-02-27","134759998","PO",4,,,,"","ALMA","PO0588A1",30069,8002,"2024-02-27","2024-03-27","USD",93.00,100,"3XS:20|2XS:20|XS:20|S:10|M:10|L:10|XL:10"
280589,"2024-02-07 08:39:53.45","#PO0589",50.00,68.00,93.00,120.90,"2024-02-27","134759999","PO",4,,,,"","ALMA","PO0589A1",30025,1002,"2024-02-27","2024-03-27","USD",93.00,100,"3XS:20|2XS:20|XS:20|S:10|M:10|L:10|XL:10"
280590,"2024-02-07 08:39:53.45","#PO0590",50.00,68.00,93.00,120.90,"2024-02-27","134759999","PO",4,,,,"","ALMA","PO0590A0",30026,1016,"2024-02-27","2024-03-27","USD",93.00,100,"3XS:20|2XS:20|XS:20|S:10|M:10|L:10|XL:10"
280591,"2024-02-07 08:39:53.45","#PO0591",50.00,68.00,93.00,120.90,"2024-02-27","134759999","PO",4,,,,"","ALMA","PO0591A1",30027,3002,"2024-02-27","2024-03-27","USD",93.00,100,"3XS:20|2XS:20|XS:20|S:10|M:10|L:10|XL:10"
280592,"2024-02-07 08:39:53.45","#PO0592",50.00,68.00,93.00,120.90,"2024-02-27","134759999","PO",4,,,,"","ALMA","PO0592A0",30066,4002,"2024-02-27","2024-03-27","USD",93.00,100,"3XS:20|2XS:20|XS:20|S:10|M:10|L:10|XL:10"
280593,"2024-02-07 08:39:53.45","#PO0593",50.00,68.00,93.00,120.90,"2024-02-27","134759999","PO",4,,,,"","ALMA","PO0593A1",30067,5002,"2024-02-27","2024-03-27","USD",93.00,100,"3XS:20|2XS:20|XS:20|S:10|M:10|L:10|XL:10"
280594,"2024-02-07 08:39:53.45","#PO0594",50.00,68.00,93.00,120.90,"2024-02-27","134759999","PO",4,,,,"","ALMA","PO0594A0",30068,6002,"2024-02-27","2024-03-27","USD",93.00,100,"3XS:20|2XS:20|XS:20|S:10|M:10|L:10|XL:10"
280595,"2024-02-07 08:39:53.45","#PO0595",50.00,68.00,93.00,120.90,"2024-02-27","134759999","PO",4,,,,"","ALMA","PO0595A1",30069,8002,"2024-02-27","2024-03-27","USD",93.00,100,"3XS:20|2XS:20|XS:20|S:10|M:10|L:10|XL:10"
280596,"2024-02-07 08:39:53.45","#PO0596",50.00,68.00,93.00,120.90,"2024-02-27","134760000","PO",4,,,,"","ALMA","PO0596A1",30025,1002,"2024-02-27","2024-03-27","USD",93.00,100,"3XS:20|2XS:20|XS:20|S:10|M:10|L:10|XL:10"
280597,"2024-02-07 08:39:53.45","#PO0597",50.00,68.00,93.00,120.90,"2024-02-27","134760000","PO",4,,,,"","ALMA","PO0597A0",30026,1016,"2024-02-27","2024-03-27","USD",93.00,100,"3XS:20|2XS:20|XS:20|S:10|M:10|L:10|XL:10"
280598,"2024-02-07 08:39:53.45","#PO0598",50.00,68.00,93.00,120.90,"2024-02-27","134760000","PO",4,,,,"","ALMA","PO0598A1",30027,3002,"2024-02-27","2024-03-27","USD",93.00,100,"3XS:20|2XS:20|XS:20|S:10|M:10|L:10|XL:10"
280599,"2024-02-07 08:39:53.45","#PO0599",50.00,68.00,93.00,120.90,"2024-02-27","134760000","PO",4,,,,"","ALMA","PO0599A0",30066,4002,"2024-02-27","2024-03-27","USD",93.00,100,"3XS:20|2XS:20|XS:20|S:10|M:10|L:10|XL:10"
280600,"2024-02-07 08:39:53.45","#PO0600",50.00,68.00,93.00,120.90,"2024-02-27","134760000","PO",4,,,,"","ALMA","PO0600A1",30067,5002,"2024-02-27","2024-03-27","USD",93.00,100,"3XS:20|2XS:20|XS:20|S:10|M:10|L:10|XL:10"
280601,"2024-02-07 08:39:53.45","#PO0601",50.00,68.00,93.00,120.90,"2024-02-27","134760000","PO",4,,,,"","ALMA","PO0601A0",30068,6002,"2024-02-27","2024-03-27","USD",93.00,100,"3XS:20|2XS:20|XS:20|S:10|M:10|L:10|XL:10"
280602,"2024-02-07 08:39:53.45","#PO0602",50.00,68.00,93.00,120.90,"2024-02-27","134760000","PO",4,,,,"","ALMA","PO0602A1",30069,8002,"2024-02-27","2024-03-27","USD",93.00,100,"3XS:20|2XS:20|XS:20|S:10|M:10|L:10|XL:10"
280603,"2024-02-07 08:39:53.45","#PO0603",50.00,68.00,93.00,120.90,"2024-02-27","134760001","PO",4,,,,"","ALMA","PO0603A1",30025,1002,"2024-02-27","2024-03-27","USD",93.00,100,"3XS:20|2XS:20|XS:20|S:10|M:10|L:10|XL:10"
280604,"2024-02-07 08:39:53.45","#PO0604",50.00,68.00,93.00,120.90,"2024-02-27","134760001","PO",4,,,,"","ALMA","PO0604A0",30026,1016,"2024-02-27","2024-03-27","USD",93.00,100,"3XS:20|2XS:20|XS:20|S:10|M:10|L:10|XL:10"
280605,"2024-02-07 08:39:53.45","#PO0605",50.00,68.00,93.00,120.90,"2024-02-27","134760001","PO",4,,,,"","ALMA","PO0605A1",30027,3002,"2024-02-27","2024-03-27","USD",93.00,100,"3XS:20|2XS:20|XS:20|S:10|M:10|L:10|XL:10"
280606,"2024-02-07 08:39:53.45","#PO0606",50.00,68.00,93.00,120.90,"2024-02-27","134760001","PO",4,,,,"","ALMA","PO0606A0",30066,4002,"2024-02-27","2024-03-27","USD",93.00,100,"3XS:20|2XS:20|XS:20|S:10|M:10|L:10|XL:10"
280607,"2024-02-07 08:39:53.45","#PO0607",50.00,68.00,93.00,120.90,"2024-02-27","134760001","PO",4,,,,"","ALMA","PO0607A1",30067,5002,"2024-02-27","2024-03-27","USD",93.00,100,"3XS:20|2XS:20|XS:20|S:10|M:10|L:10|XL:10"
280608,"2024-02-07 08:39:53.45","#PO0608",50.00,68.00,93.00,120.90,"2024-02-27","134760001","PO",4,,,,"","ALMA","PO0608A0",30068,6002,"2024-02-27","2024-03-27","USD",93.00,100,"3XS:20|2XS:20|XS:20|S:10|M:10|L:10|XL:10"
280609,"2024-02-07 08:39:53.45","#PO0609",50.00,68.00,93.00,120.90,"2024-02-27","134760001","PO",4,,,,"","ALMA","PO0609A1",30069,8002,"2024-02-27","2024-03-27","USD",93.00,100,"3XS:20|2XS:20|XS:20|S:10|M:10|L:10|XL:10"
280610,"2024-02-07 08:39:53.45","#PO0610",50.00,68.00,93.00,120.90,"2024-02-27","134760002","PO",4,,,,"","ALMA","PO0610A1",30025,1002,"2024-02-27","2024-03-27","USD",93.00,100,"3XS:20|2XS:20|XS:20|S:10|M:10|L:10|XL:10"
280611,"2024-02-07 08:39:53.45","#PO0611",50.00,68.00,93.00,120.90,"2024-02-27","134760002","PO",4,,,,"","ALMA","PO0611A0",30026,1016,"2024-02-27","2024-03-27","USD",93.00,100,"3XS:20|2XS:20|XS:20|S:10|M:10|L:10|XL:10"
280612,"2024-02-07 08:39:53.45","#PO0612",50.00,68.00,93.00,120.90,"2024-02-27","134760002","PO",4,,,,"","ALMA","PO0612A1",30027,3002,"2024-02-27","2024-03-27","USD",93.00,100,"3XS:20|2XS:20|XS:20|S:10|M:10|L:10|XL:10"
280613,"2024-02-07 08:39:53.45","#PO0613",50.00,68.00,93.00,120.90,"2024-02-27","134760002","PO",4,,,,"","ALMA","PO0613A0",30066,4002,"2024-02-27","2024-03-27","USD",93.00,100,"3XS:20|2XS:20|XS:20|S:10|M:10|L:10|XL:10"
280614,"2024-02-07 08:39:53.45","#PO0614",50.00,68.00,93.00,120.90,"2024-02-27","134760002","PO",4,,,,"","ALMA","PO0614A1",30067,5002,"2024-02-27","2024-03-27","USD",93.00,100,"3XS:20|2XS:20|XS:20|S:10|M:10|L:10|XL:10"
280615,"2024-02-07 08:39:53.45","#PO0615",50.00,68.00,93.00,120.90,"2024-02-27","134760002","PO",4,,,,"","ALMA","PO0615A0",30068,6002,"2024-02-27","2024-03-27","USD",93.00,100,"3XS:20|2XS:20|XS:20|S:10|M:10|L:10|XL:10"
280616,"2024-02-07 08:39:53.45","#PO0616",50.00,68.00,93.00,120.90,"2024-02-27","134760002","PO",4,,,,"","ALMA","PO0616A1",30069,8002,"2024-02-27","2024-03-27","USD",93.00,100,"3XS:20|2XS:20|XS:20|S:10|M:10|L:10|XL:10"
280617,"2024-02-07 08:39:53.45","#PO0617",50.00,68.00,93.00,120.90,"2024-02-27","134760003","PO",4,,,,"","ALMA","PO0617A1",30025,1002,"2024-02-27","2024-03-27","USD",93.00,100,"3XS:20|2XS:20|XS:20|S:10|M:10|L:10|XL:10"
280618,"2024-02-07 08:39:53.45","#PO0618",50.00,68.00,93.00,120.90,"2024-02-27","134760003","PO",4,,,,"","ALMA","PO0618A0",30026,1016,"2024-02-27","2024-03-27","USD",93.00,100,"3XS:20|2XS:20|XS:20|S:10|M:10|L:10|XL:10"
280619,"2024-02-07 08:39:53.45","#PO0619",50.00,68.00,93.00,120.90,"2024-02-27","134760003","PO",4,,,,"","ALMA","PO0619A1",30027,3002,"2024-02-27","2024-03-27","USD",93.00,100,"3XS:20|2XS:20|XS:20|S:10|M:10|L:10|XL:10"
280620,"2024-02-07 08:39:53.45","#PO0620",50.00,68.00,93.00,120.90,"2024-02-27","134760003","PO",4,,,,"","ALMA","PO0620A0",30066,4002,"2024-02-27","2024-03-27","USD",93.00,100,"3XS:20|2XS:20|XS:20|S:10|M:10|L:10|XL:10"
280621,"2024-02-07 08:39:53.45","#PO0621",50.00,68.00,93.00,120.90,"2024-02-27","134760003","PO",4,,,,"","ALMA","PO0621A1",30067,5002,"2024-02-27","2024-03-27","USD",93.00,100,"3XS:20|2XS:20|XS:20|S:10|M:10|L:10|XL:10"
280622,"2024-02-07 08:39:53.45","#PO0622",50.00,68.00,93.00,120.90,"2024-02-27","134760003","PO",4,,,,"","ALMA","PO0622A0",30068,6002,"2024-02-27","2024-03-27","USD",93.00,100,"3XS:20|2XS:20|XS:20|S:10|M:10|L:10|XL:10"
280623,"2024-02-07 08:39:53.45","#PO0623",50.00,68.00,93.00,120.90,"2024-02-27","134760003","PO",4,,,,"","ALMA","PO0623A1",30069,8002,"2024-02-27","2024-03-27","USD",93.00,100,"3XS:20|2XS:20|XS:20|S:10|M:10|L:10|XL:10"
280624,"2024-02-07 08:39:53.45","#PO0624",50.00,68.00,93.00,120.90,"2024-02-27","134760004","PO",4,,,,"","ALMA","PO0624A1",30025,1002,"2024-02-27","2024-03-27","USD",93.00,100,"3XS:20|2XS:20|XS:20|S:10|M:10|L:10|XL:10"
280625,"2024-02-07 08:39:53.45","#PO0625",50.00,68.00,93.00,120.90,"2024-02-27","134760004","PO",4,,,,"","ALMA","PO0625A0",30026,1016,"2024-02-27","2024-03-27","USD",93.00,100,"3XS:20|2XS:20|XS:20|S:10|M:10|L:10|XL:10"
280626,"2024-02-07 08:39:53.45","#PO0626",50.00,68.00,93.00,120.90,"2024-02-27","134760004","PO",4,,,,"","ALMA","PO0626A1",30027,3002,"2024-02-27","2024-03-27","USD",93.00,100,"3XS:20|2XS:20|XS:20|S:10|M:10|L:10|XL:10"
280627,"2024-02-07 08:39:53.45","#PO0627",50.00,68.00,93.00,120.90,"2024-02-27","134760004","PO",4,,,,"","ALMA","PO0627A0",30066,4002,"2024-02-27","2024-03-27","USD",93.00,100,"3XS:20|2XS:20|XS:20|S:10|M:10|L:10|XL:10"
280628,"2024-02-07 08:39:53.45","#PO0628",50.00,68.00,93.00,120.90,"2024-02-27","134760004","PO",4,,,,"","ALMA","PO0628A1",30067,5002,"2024-02-27","2024-03-27","USD",93.00,100,"3XS:20|2XS:20|XS:20|S:10|M:10|L:10|XL:10"
280629,"2024-02-07 08:39:53.45","#PO0629",50.00,68.00,93.00,120.90,"2024-02-27","134760004","PO",4,,,,"","ALMA","PO0629A0",30068,6002,"2024-02-27","2024-03-27","USD",93.00,100,"3XS:20|2XS:20|XS:20|S:10|M:10|L:10|XL:10"
280630,"2024-02-07 08:39:53.45","#PO0630",50.00,68.00,93.00,120.90,"2024-02-27","134760004","PO",4,,,,"","ALMA","PO0630A1",30069,8002,"2024-02-27","2024-03-27","USD",93.00,100,"3XS:20|2XS:20|XS:20|S:10|M:10|L:10|XL:10"
280631,"2024-02-07 08:39:53.45","#PO0631",50.00,68.00,93.00,120.90,"2024-02-27","134760005","PO",4,,,,"","ALMA","PO0631A1",30025,1002,"2024-02-27","2024-03-27","USD",93.00,100,"3XS:20|2XS:20|XS:20|S:10|M:10|L:10|XL:10"
280632,"2024-02-07 08:39:53.45","#PO0632",50.00,68.00,93.00,120.90,"2024-02-27","134760005","PO",4,,,,"","ALMA","PO0632A0",30026,1016,"2024-02-27","2024-03-27","USD",93.00,100,"3XS:20|2XS:20|XS:20|S:10|M:10|L:10|XL:10"
280633,"2024-02-07 08:39:53.45","#PO0633",50.00,68.00,93.00,120.90,"2024-02-27","134760005","PO",4,,,,"","ALMA","PO0633A1",30027,3002,"2024-02-27","2024-03-27","USD",93.00,100,"3XS:20|2XS:20|XS:20|S:10|M:10|L:10|XL:10"
280634,"2024-02-07 08:39:53.45","#PO0634",50.00,68.00,93.00,120.90,"2024-02-27","134760005","PO",4,,,,"","ALMA","PO0634A0",30066,4002,"2024-02-27","2024-03-27","USD",93.00,100,"3XS:20|2XS:20|XS:20|S:10|M:10|L:10|XL:10"
280635,"2024-02-07 08:39:53.45","#PO0635",50.00,68.00,93.00,120.90,"2024-02-27","134760005","PO",4,,,,"","ALMA","PO0635A1",30067,5002,"2024-02-27","2024-03-27","USD",93.00,100,"3XS:20|2XS:20|XS:20|S:10|M:10|L:10|XL:10"
280636,"2024-02-07 08:39:53.45","#PO0636",50.00,68.00,93.00,120.90,"2024-02-27","134760005","PO",4,,,,"","ALMA","PO0636A0",30068,6002,"2024-02-27","2024-03-27","USD",93.00,100,"3XS:20|2XS:20|XS:20|S:10|M:10|L:10|XL:10"
280637,"2024-02-07 08:39:53.45","#PO0637",50.00,68.00,93.00,120.90,"2024-02-27","134760005","PO",4,,,,"","ALMA","PO0637A1",30069,8002,"2024-02-27","2024-03-27","USD",93.00,100,"3XS:20|2XS:20|XS:20|S:10|M:10|L:10|XL:10"
280638,"2024-02-07 08:39:53.45","#PO0638",50.00,68.00,93.00,120.90,"2024-02-27","134760006","PO",4,,,,"","ALMA","PO0638A1",30025,1002,"2024-02-27","2024-03-27","USD",93.00,100,"3XS:20|2XS:20|XS:20|S:10|M:10|L:10|XL:10"
280639,"2024-02-07 08:39:53.45","#PO0639",50.00,68.00,93.00,120.90,"2024-02-27","134760006","PO",4,,,,"","ALMA","PO0639A0",30026,1016,"2024-02-27","2024-03-27","USD",93.00,100,"3XS:20|2XS:20|XS:20|S:10|M:10|L:10|XL:10"
280640,"2024-02-07 08:39:53.45","#PO0640",50.00,68.00,93.00,120.90,"2024-02-27","134760006","PO",4,,,,"","ALMA","PO0640A1",30027,3002,"2024-02-27","2024-03-27","USD",93.00,100,"3XS:20|2XS:20|XS:20|S:10|M:10|L:10|XL:10"
280641,"2024-02-07 08:39:53.45","#PO0641",50.00,68.00,93.00,120.90,"2024-02-27","134760006","PO",4,,,,"","ALMA","PO0641A0",30066,4002,"2024-02-27","2024-03-27","USD",93.00,100,"3XS:20|2XS:20|XS:20|S:10|M:10|L:10|XL:10"
280642,"2024-02-07 08:39:53.45","#PO0642",50.00,68.00,93.00,120.90,"2024-02-27","134760006","PO",4,,,,"","ALMA","PO0642A1",30067,5002,"2024-02-27","2024-03-27","USD",93.00,100,"3XS:20|2XS:20|XS:20|S:10|M:10|L:10|XL:10"
280643,"2024-02-07 08:39:53.45","#PO0643",50.00,68.00,93.00,120.90,"2024-02-27","134760006","PO",4,,,,"","ALMA","PO0643A0",30068,6002,"2024-02-27","2024-03-27","USD",93.00,100,"3XS:20|2XS:20|XS:20|S:10|M:10|L:10|XL:10"
280644,"2024-02-07 08:39:53.45","#PO0644",50.00,68.00,93.00,120.90,"2024-02-27","134760006","PO",4,,,,"","ALMA","PO0644A1",30069,8002,"2024-02-27","2024-03-27","USD",93.00,100,"3XS:20|2XS:20|XS:20|S:10|M:10|L:10|XL:10"
280645,"2024-02-07 08:39:53.45","#PO0645",50.00,68.00,93.00,120.90,"2024-02-27","134760007","PO",4,,,,"","ALMA","PO0645A1",30025,1002,"2024-02-27","2024-03-27","USD",93.00,100,"3XS:20|2XS:20|XS:20|S:10|M:10|L:10|XL:10"
280646,"2024-02-07 08:39:53.45","#PO0646",50.00,68.00,93.00,120.90,"2024-02-27","134760007","PO",4,,,,"","ALMA","PO0646A0",30026,1016,"2024-02-27","2024-03-27","USD",93.00,100,"3XS:20|2XS:20|XS:20|S:10|M:10|L:10|XL:10"
280647,"2024-02-07 08:39:53.45","#PO0647",50.00,68.00,93.00,120.90,"2024-02-27","134760007","PO",4,,,,"","ALMA","PO0647A1",30027,3002,"2024-02-27","2024-03-27","USD",93.00,100,"3XS:20|2XS:20|XS:20|S:10|M:10|L:10|XL:10"
280648,"2024-02-07 08:39:53.45","#PO0648",50.00,68.00,93.00,120.90,"2024-02-27","134760007","PO",4,,,,"","ALMA","PO0648A0",30066,4002,"2024-02-27","2024-03-27","USD",93.00,100,"3XS:20|2XS:20|XS:20|S:10|M:10|L:10|XL:10"
280649,"2024-02-07 08:39:53.45","#PO0649",50.00,68.00,93.00,120.90,"2024-02-27","134760007","PO",4,,,,"","ALMA","PO0649A1",30067,5002,"2024-02-27","2024-03-27","USD",93.00,100,"3XS:20|2XS:20|XS:20|S:10|M:10|L:10|XL:10"
280650,"2024-02-07 08:39:53.45","#PO0650",50.00,68.00,93.00,120.90,"2024-02-27","134760007","PO",4,,,,"","ALMA","PO0650A0",30068,6002,"2024-02-27","2024-03-27","USD",93.00,100,"3XS:20|2XS:20|XS:20|S:10|M:10|L:10|XL:10"
280651,"2024-02-07 08:39:53.45","#PO0651",50.00,68.00,93.00,120.90,"2024-02-27","134760007","PO",4,,,,"","ALMA","PO0651A1",30069,8002,"2024-02-27","2024-03-27","USD",93.00,100,"3XS:20|2XS:20|XS:20|S:10|M:10|L:10|XL:10"
280652,"2024-02-07 08:39:53.45","#PO0652",50.00,68.00,93.00,120.90,"2024-02-27","134760008","PO",4,,,,"","ALMA","PO0652A1",30025,1002,"2024-02-27","2024-03-27","USD",93.00,100,"3XS:20|2XS:20|XS:20|S:10|M:10|L:10|XL:10"
280653,"2024-02-07 08:39:53.45","#PO0653",50.00,68.00,93.00,120.90,"2024-02-27","134760008","PO",4,,,,"","ALMA","PO0653A0",30026,1016,"2024-02-27","2024-03-27","USD",93.00,100,"3XS:20|2XS:20|XS:20|S:10|M:10|L:10|XL:10"
280654,"2024-02-07 08:39:53.45","#PO0654",50.00,68.00,93.00,120.90,"2024-02-27","134760008","PO",4,,,,"","ALMA","PO0654A1",30027,3002,"2024-02-27","2024-03-27","USD",93.00,100,"3XS:20|2XS:20|XS:20|S:10|M:10|L:10|XL:10"
280655,"2024-02-07 08:39:53.45","#PO0655",50.00,68.00,93.00,120.90,"2024-02-27","134760008","PO",4,,,,"","ALMA","PO0655A0",30066,4002,"2024-02-27","2024-03-27","USD",93.00,100,"3XS:20|2XS:20|XS:20|S:10|M:10|L:10|XL:10"
280656,"2024-02-07 08:39:53.45","#PO0656",50.00,68.00,93.00,120.90,"2024-02-27","134760008","PO",4,,,,"","ALMA","PO0656A1",30067,5002,"2024-02-27","2024-03-27","USD",93.00,100,"3XS:20|2XS:20|XS:20|S:10|M:10|L:10|XL:10"
280657,"2024-02-07 08:39:53.45","#PO0657",50.00,68.00,93.00,120.90,"2024-02-27","134760008","PO",4,,,,"","ALMA","PO0657A0",30068,6002,"2024-02-27","2024-03-27","USD",93.00,100,"3XS:20|2XS:20|XS:20|S:10|M:10|L:10|XL:10"
280658,"2024-02-07 08:39:53.45","#PO0658",50.00,68.00,93.00,120.90,"2024-02-27","134760008","PO",4,,,,"","ALMA","PO0658A1",30069,8002,"2024-02-27","2024-03-27","USD",93.00,100,"3XS:20|2XS:20|XS:20|S:10|M:10|L:10|XL:10"
280659,"2024-02-07 08:39:53.45","#PO0659",50.00,68.00,93.00,120.90,"2024-02-27","134760009","PO",4,,,,"","ALMA","PO0659A1",30025,1002,"2024-02-27","2024-03-27","USD",93.00,100,"3XS:20|2XS:20|XS:20|S:10|M:10|L:10|XL:10"
280660,"2024-02-07 08:39:53.45","#PO0660",50.00,68.00,93.00,120.90,"2024-02-27","134760009","PO",4,,,,"","ALMA","PO0660A0",30026,1016,"2024-02-27","2024-03-27","USD",93.00,100,"3XS:20|2XS:20|XS:20|S:10|M:10|L:10|XL:10"
280661,"2024-02-07 08:39:53.45","#PO0661",50.00,68.00,93.00,120.90,"2024-02-27","134760009","PO",4,,,,"","ALMA","PO0661A1",30027,3002,"2024-02-27","2024-03-27","USD",93.00,100,"3XS:20|2XS:20|XS:20|S:10|M:10|L:10|XL:10"
280662,"2024-02-07 08:39:53.45","#PO0662",50.00,68.00,93.00,120.90,"2024-02-27","134760009","PO",4,,,,"","ALMA","PO0662A0",30066,4002,"2024-02-27","2024-03-27","USD",93.00,100,"3XS:20|2XS:20|XS:20|S:10|M:10|L:10|XL:10"
280663,"2024-02-07 08:39:53.45","#PO0663",50.00,68.00,93.00,120.90,"2024-02-27","134760009","PO",4,,,,"","ALMA","PO0663A1",30067,5002,"2024-02-27","2024-03-27","USD",93.00,100,"3XS:20|2XS:20|XS:20|S:10|M:10|L:10|XL:10"
280664,"2024-02-07 08:39:53.45","#PO0664",50.00,68.00,93.00,120.90,"2024-02-27","134760009","PO",4,,,,"","ALMA","PO0664A0",30068,6002,"2024-02-27","2024-03-27","USD",93.00,100,"3XS:20|2XS:20|XS:20|S:10|M:10|L:10|XL:10"
280665,"2024-02-07 08:39:53.45","#PO0665",50.00,68.00,93.00,120.90,"2024-02-27","134760009","PO",4,,,,"","ALMA","PO0665A1",30069,8002,"2024-02-27","2024-03-27","USD",93.00,100,"3XS:20|2XS:20|XS:20|S:10|M:10|L:10|XL:10"
280666,"2024-02-07 08:39:53.45","#PO0666",50.00,68.00,93.00,120.90,"2024-02-27","134760010","PO",4,,,,"","ALMA","PO0666A1",30025,1002,"2024-02-27","2024-03-27","USD",93.00,100,"3XS:20|2XS:20|XS:20|S:10|M:10|L:10|XL:10"
280667,"2024-02-07 08:39:53.45","#PO0667",50.00,68.00,93.00,120.90,"2024-02-27","134760010","PO",4,,,,"","ALMA","PO0667A0",30026,1016,"2024-02-27","2024-03-27","USD",93.00,100,"3XS:20|2XS:20|XS:20|S:10|M:10|L:10|XL:10"
280668,"2024-02-07 08:39:53.45","#PO0668",50.00,68.00,93.00,120.90,"2024-02-27","134760010","PO",4,,,,"","ALMA","PO0668A1",30027,3002,"2024-02-27","2024-03-27","USD",93.00,100,"3XS:20|2XS:20|XS:20|S:10|M:10|L:10|XL:10"
280669,"2024-02-07 08:39:53.45","#PO0669",50.00,68.00,93.00,120.90,"2024-02-27","134760010","PO",4,,,,"","ALMA","PO0669A0",30066,4002,"2024-02-27","2024-03-27","USD",93.00,100,"3XS:20|2XS:20|XS:20|S:10|M:10|L:10|XL:10"
280670,"2024-02-07 08:39:53.45","#PO0670",50.00,68.00,93.00,120.90,"2024-02-27","134760010","PO",4,,,,"","ALMA","PO0670A1",30067,5002,"2024-02-27","2024-03-27","USD",93.00,100,"3XS:20|2XS:20|XS:20|S:10|M:10|L:10|XL:10"
280671,"2024-02-07 08:39:53.45","#PO0671",50.00,68.00,93.00,120.90,"2024-02-27","134760010","PO",4,,,,"","ALMA","PO0671A0",30068,6002,"2024-02-27","2024-03-27","USD",93.00,100,"3XS:20|2XS:20|XS:20|S:10|M:10|L:10|XL:10"
280672,"2024-02-07 08:39:53.45","#PO0672",50.00,68.00,93.00,120.90,"2024-02-27","134760010","PO",4,,,,"","ALMA","PO0672A1",30069,8002,"2024-02-27","2024-03-27","USD",93.00,100,"3XS:20|2XS:20|XS:20|S:10|M:10|L:10|XL:10"
280673,"2024-02-07 08:39:53.45","#PO0673",50.00,68.00,93.00,120.90,"2024-02-27","134760011","PO",4,,,,"","ALMA","PO0673A1",30025,1002,"2024-02-27","2024-03-27","USD",93.00,100,"3XS:20|2XS:20|XS:20|S:10|M:10|L:10|XL:10"
280674,"2024-02-07 08:39:53.45","#PO0674",50.00,68.00,93.00,120.90,"2024-02-27","134760011","PO",4,,,,"","ALMA","PO0674A0",30026,1016,"2024-02-27","2024-03-27","USD",93.00,100,"3XS:20|2XS:20|XS:20|S:10|M:10|L:10|XL:10"
280675,"2024-02-07 08:39:53.45","#PO0675",50.00,68.00,93.00,120.90,"2024-02-27","134760011","PO",4,,,,"","ALMA","PO0675A1",30027,3002,"2024-02-27","2024-03-27","USD",93.00,100,"3XS:20|2XS:20|XS:20|S:10|M:10|L:10|XL:10"
280676,"2024-02-07 08:39:53.45","#PO0676",50.00,68.00,93.00,120.90,"2024-02-27","134760011","PO",4,,,,"","ALMA","PO0676A0",30066,4002,"2024-02-27","2024-03-27","USD",93.00,100,"3XS:20|2XS:20|XS:20|S:10|M:10|L:10|XL:10"
280677,"2024-02-07 08:39:53.45","#PO0677",50.00,68.00,93.00,120.90,"2024-02-27","134760011","PO",4,,,,"","ALMA","PO0677A1",30067,5002,"2024-02-27","2024-03-27","USD",93.00,100,"3XS:20|2XS:20|XS:20|S:10|M:10|L:10|XL:10"
280678,"2024-02-07 08:39:53.45","#PO0678",50.00,68.00,93.00,120.90,"2024-02-27","134760011","PO",4,,,,"","ALMA","PO0678A0",30068,6002,"2024-02-27","2024-03-27","USD",93.00,100,"3XS:20|2XS:20|XS:20|S:10|M:10|L:10|XL:10"
280679,"2024-02-07 08:39:53.45","#PO0679",50.00,68.00,93.00,120.90,"2024-02-27","134760011","PO",4,,,,"","ALMA","PO0679A1",30069,8002,"2024-02-27","2024-03-27","USD",93.00,100,"3XS:20|2XS:20|XS:20|S:10|M:10|L:10|XL:10"
280680,"2024-02-07 08:39:53.45","#PO0680",50.00,68.00,93.00,120.90,"2024-02-27","134760012","PO",4,,,,"","ALMA","PO0680A1",30025,1002,"2024-02-27","2024-03-27","USD",93.00,100,"3XS:20|2XS:20|XS:20|S:10|M:10|L:10|XL:10"
280681,"2024-02-07 08:39:53.45","#PO0681",50.00,68.00,93.00,120.90,"2024-02-27","134760012","PO",4,,,,"","ALMA","PO0681A0",30026,1016,"2024-02-27","2024-03-27","USD",93.00,100,"3XS:20|2XS:20|XS:20|S:10|M:10|L:10|XL:10"
280682,"2024-02-07 08:39:53.45","#PO0682",50.00,68.00,93.00,120.90,"2024-02-27","134760012","PO",4,,,,"","ALMA","PO0682A1",30027,3002,"2024-02-27","2024-03-27","USD",93.00,100,"3XS:20|2XS:20|XS:20|S:10|M:10|L:10|XL:10"
280683,"2024-02-07 08:39:53.45","#PO0683",50.00,68.00,93.00,120.90,"2024-02-27","134760012","PO",4,,,,"","ALMA","PO0683A0",30066,4002,"2024-02-27","2024-03-27","USD",93.00,100,"3XS:20|2XS:20|XS:20|S:10|M:10|L:10|XL:10"
280684,"2024-02-07 08:39:53.45","#PO0684",50.00,68.00,93.00,120.90,"2024-02-27","134760012","PO",4,,,,"","ALMA","PO0684A1",30067,5002,"2024-02-27","2024-03-27","USD",93.00,100,"3XS:20|2XS:20|XS:20|S:10|M:10|L:10|XL:10"
280685,"2024-02-07 08:39:53.45","#PO0685",50.00,68.00,93.00,120.90,"2024-02-27","134760012","PO",4,,,,"","ALMA","PO0685A0",30068,6002,"2024-02-27","2024-03-27","USD",93.00,100,"3XS:20|2XS:20|XS:20|S:10|M:10|L:10|XL:10"
280686,"2024-02-07 08:39:53.45","#PO0686",50.00,68.00,93.00,120.90,"2024-02-27","134760012","PO",4,,,,"","ALMA","PO0686A1",30069,8002,"2024-02-27","2024-03-27","USD",93.00,100,"3XS:20|2XS:20|XS:20|S:10|M:10|L:10|XL:10"
280687,"2024-02-07 08:39:53.45","#PO0687",50.00,68.00,93.00,120.90,"2024-02-27","134760013","PO",4,,,,"","ALMA","PO0687A1",30025,1002,"2024-02-27","2024-03-27","USD",93.00,100,"3XS:20|2XS:20|XS:20|S:10|M:10|L:10|XL:10"
280688,"2024-02-07 08:39:53.45","#PO0688",50.00,68.00,93.00,120.90,"2024-02-27","134760013","PO",4,,,,"","ALMA","PO0688A0",30026,1016,"2024-02-27","2024-03-27","USD",93.00,100,"3XS:20|2XS:20|XS:20|S:10|M:10|L:10|XL:10"
280689,"2024-02-07 08:39:53.45","#PO0689",50.00,68.00,93.00,120.90,"2024-02-27","134760013","PO",4,,,,"","ALMA","PO0689A1",30027,3002,"2024-02-27","2024-03-27","USD",93.00,100,"3XS:20|2XS:20|XS:20|S:10|M:10|L:10|XL:10"
280690,"2024-02-07 08:39:53.45","#PO0690",50.00,68.00,93.00,120.90,"2024-02-27","134760013","PO",4,,,,"","ALMA","PO0690A0",30066,4002,"2024-02-27","2024-03-27","USD",93.00,100,"3XS:20|2XS:20|XS:20|S:10|M:10|L:10|XL:10"
280691,"2024-02-07 08:39:53.45","#PO0691",50.00,68.00,93.00,120.90,"2024-02-27","134760013","PO",4,,,,"","ALMA","PO0691A1",30067,5002,"2024-02-27","2024-03-27","USD",93.00,100,"3XS:20|2XS:20|XS:20|S:10|M:10|L:10|XL:10"
280692,"2024-02-07 08:39:53.45","#PO0692",50.00,68.00,93.00,120.90,"2024-02-27","134760013","PO",4,,,,"","ALMA","PO0692A0",30068,6002,"2024-02-27","2024-03-27","USD",93.00,100,"3XS:20|2XS:20|XS:20|S:10|M:10|L:10|XL:10"
280693,"2024-02-07 08:39:53.45","#PO0693",50.00,68.00,93.00,120.90,"2024-02-27","134760013","PO",4,,,,"","ALMA","PO0693A1",30069,8002,"2024-02-27","2024-03-27","USD",93.00,100,"3XS:20|2XS:20|XS:20|S:10|M:10|L:10|XL:10"
280694,"2024-02-07 08:39:53.45","#PO0694",50.00,68.00,93.00,120.90,"2024-02-27","134760014","PO",4,,,,"","ALMA","PO0694A1",30025,1002,"2024-02-27","2024-03-27","USD",93.00,100,"3XS:20|2XS:20|XS:20|S:10|M:10|L:10|XL:10"
280695,"2024-02-07 08:39:53.45","#PO0695",50.00,68.00,93.00,120.90,"2024-02-27","134760014","PO",4,,,,"","ALMA","PO0695A0",30026,1016,"2024-02-27","2024-03-27","USD",93.00,100,"3XS:20|2XS:20|XS:20|S:10|M:10|L:10|XL:10"
280696,"2024-02-07 08:39:53.45","#PO0696",50.00,68.00,93.00,120.90,"2024-02-27","134760014","PO",4,,,,"","ALMA","PO0696A1",30027,3002,"2024-02-27","2024-03-27","USD",93.00,100,"3XS:20|2XS:20|XS:20|S:10|M:10|L:10|XL:10"
280697,"2024-02-07 08:39:53.45","#PO0697",50.00,68.00,93.00,120.90,"2024-02-27","134760014","PO",4,,,,"","ALMA","PO0697A0",30066,4002,"2024-02-27","2024-03-27","USD",93.00,100,"3XS:20|2XS:20|XS:20|S:10|M:10|L:10|XL:10"
280698,"2024-02-07 08:39:53.45","#PO0698",50.00,68.00,93.00,120.90,"2024-02-27","134760014","PO",4,,,,"","ALMA","PO0698A1",30067,5002,"2024-02-27","2024-03-27","USD",93.00,100,"3XS:20|2XS:20|XS:20|S:10|M:10|L:10|XL:10"
280699,"2024-02-07 08:39:53.45","#PO0699",50.00,68.00,93.00,120.90,"2024-02-27","134760014","PO",4,,,,"","ALMA","PO0699A0",30068,6002,"2024-02-27","2024-03-27","USD",93.00,100,"3XS:20|2XS:20|XS:20|S:10|M:10|L:10|XL:10"
280700,"2024-02-07 08:39:53.45","#PO0700",50.00,68.00,93.00,120.90,"2024-02-27","134760014","PO",4,,,,"","ALMA","PO0700A1",30069,8002,"2024-02-27","2024-03-27","USD",93.00,100,"3XS:20|2XS:20|XS:20|S:10|M:10|L:10|XL:10"
280701,"2024-02-07 08:39:53.45","#PO0701",50.00,68.00,93.00,120.90,"2024-02-27","134760365","PO",4,,,,"","ALMA","PO0701A1",30025,1002,"2024-02-27","2024-03-27","USD",93.00,100,"3XS:20|2XS:20|XS:20|S:10|M:10|L:10|XL:10"
280702,"2024-02-07 08:39:53.45","#PO0702",50.00,68.00,93.00,120.90,"2024-02-27","134760365","PO",4,,,,"","ALMA","PO0702A0",30026,1016,"2024-02-27","2024-03-27","USD",93.00,100,"3XS:20|2XS:20|XS:20|S:10|M:10|L:10|XL:10"
280703,"2024-02-07 08:39:53.45","#PO0703",50.00,68.00,93.00,120.90,"2024-02-27","134760365","PO",4,,,,"","ALMA","PO0703A1",30027,3002,"2024-02-27","2024-03-27","USD",93.00,100,"3XS:20|2XS:20|XS:20|S:10|M:10|L:10|XL:10"
280704,"2024-02-07 08:39:53.45","#PO0704",50.00,68.00,93.00,120.90,"2024-02-27","134760365","PO",4,,,,"","ALMA","PO0704A0",30066,4002,"2024-02-27","2024-03-27","USD",93.00,100,"3XS:20|2XS:20|XS:20|S:10|M:10|L:10|XL:10"
280705,"2024-02-07 08:39:53.45","#PO0705",50.00,68.00,93.00,120.90,"2024-02-27","134760365","PO",4,,,,"","ALMA","PO0705A1",30067,5002,"2024-02-27","2024-03-27","USD",93.00,100,"3XS:20|2XS:20|XS:20|S:10|M:10|L:10|XL:10"
280706,"2024-02-07 08:39:53.45","#PO0706",50.00,68.00,93.00,120.90,"2024-02-27","134760365","PO",4,,,,"","ALMA","PO0706A0",30068,6002,"2024-02-27","2024-03-27","USD",93.00,100,"3XS:20|2XS:20|XS:20|S:10|M:10|L:10|XL:10"
280707,"2024-02-07 08:39:53.45","#PO0707",50.00,68.00,93.00,120.90,"2024-02-27","134760365","PO",4,,,,"","ALMA","PO0707A1",30069,8002,"2024-02-27","2024-03-27","USD",93.00,100,"3XS:20|2XS:20|XS:20|S:10|M:10|L:10|XL:10"
280708,"2024-02-07 08:39:53.45","#PO0708",50.00,68.00,93.00,120.90,"2024-02-27","134760366","PO",4,,,,"","ALMA","PO0708A1",30025,1002,"2024-02-27","2024-03-27","USD",93.00,100,"3XS:20|2XS:20|XS:20|S:10|M:10|L:10|XL:10"
280709,"2024-02-07 08:39:53.45","#PO0709",50.00,68.00,93.00,120.90,"2024-02-27","134760366","PO",4,,,,"","ALMA","PO0709A0",30026,1016,"2024-02-27","2024-03-27","USD",93.00,100,"3XS:20|2XS:20|XS:20|S:10|M:10|L:10|XL:10"
280710,"2024-02-07 08:39:53.45","#PO0710",50.00,68.00,93.00,120.90,"2024-02-27","134760366","PO",4,,,,"","ALMA","PO0710A1",30027,3002,"2024-02-27","2024-03-27","USD",93.00,100,"3XS:20|2XS:20|XS:20|S:10|M:10|L:10|XL:10"
280711,"2024-02-07 08:39:53.45","#PO0711",50.00,68.00,93.00,120.90,"2024-02-27","134760366","PO",4,,,,"","ALMA","PO0711A0",30066,4002,"2024-02-27","2024-03-27","USD",93.00,100,"3XS:20|2XS:20|XS:20|S:10|M:10|L:10|XL:10"
280712,"2024-02-07 08:39:53.45","#PO0712",50.00,68.00,93.00,120.90,"2024-02-27","134760366","PO",4,,,,"","ALMA","PO0712A1",30067,5002,"2024-02-27","2024-03-27","USD",93.00,100,"3XS:20|2XS:20|XS:20|S:10|M:10|L:10|XL:10"
280713,"2024-02-07 08:39:53.45","#PO0713",50.00,68.00,93.00,120.90,"2024-02-27","134760366","PO",4,,,,"","ALMA","PO0713A0",30068,6002,"2024-02-27","2024-03-27","USD",93.00,100,"3XS:20|2XS:20|XS:20|S:10|M:10|L:10|XL:10"
280714,"2024-02-07 08:39:53.45","#PO0714",50.00,68.00,93.00,120.90,"2024-02-27","134760366","PO",4,,,,"","ALMA","PO0714A1",30069,8002,"2024-02-27","2024-03-27","USD",93.00,100,"3XS:20|2XS:20|XS:20|S:10|M:10|L:10|XL:10"
280715,"2024-02-07 08:39:53.45","#PO0715",50.00,68.00,93.00,120.90,"2024-02-27","134760367","PO",4,,,,"","ALMA","PO0715A1",30025,1002,"2024-02-27","2024-03-27","USD",93.00,100,"3XS:20|2XS:20|XS:20|S:10|M:10|L:10|XL:10"
280716,"2024-02-07 08:39:53.45","#PO0716",50.00,68.00,93.00,120.90,"2024-02-27","134760367","PO",4,,,,"","ALMA","PO0716A0",30026,1016,"2024-02-27","2024-03-27","USD",93.00,100,"3XS:20|2XS:20|XS:20|S:10|M:10|L:10|XL:10"
280717,"2024-02-07 08:39:53.45","#PO0717",50.00,68.00,93.00,120.90,"2024-02-27","134760367","PO",4,,,,"","ALMA","PO0717A1",30027,3002,"2024-02-27","2024-03-27","USD",93.00,100,"3XS:20|2XS:20|XS:20|S:10|M:10|L:10|XL:10"
280718,"2024-02-07 08:39:53.45","#PO0718",50.00,68.00,93.00,120.90,"2024-02-27","134760367","PO",4,,,,"","ALMA","PO0718A0",30066,4002,"2024-02-27","2024-03-27","USD",93.00,100,"3XS:20|2XS:20|XS:20|S:10|M:10|L:10|XL:10"
280719,"2024-02-07 08:39:53.45","#PO0719",50.00,68.00,93.00,120.90,"2024-02-27","134760367","PO",4,,,,"","ALMA","PO0719A1",30067,5002,"2024-02-27","2024-03-27","USD",93.00,100,"3XS:20|2XS:20|XS:20|S:10|M:10|L:10|XL:10"
280720,"2024-02-07 08:39:53.45","#PO0720",50.00,68.00,93.00,120.90,"2024-02-27","134760367","PO",4,,,,"","ALMA","PO0720A0",30068,6002,"2024-02-27","2024-03-27","USD",93.00,100,"3XS:20|2XS:20|XS:20|S:10|M:10|L:10|XL:10"
280721,"2024-02-07 08:39:53.45","#PO0721",50.00,68.00,93.00,120.90,"2024-02-27","134760367","PO",4,,,,"","ALMA","PO0721A1",30069,8002,"2024-02-27","2024-03-27","USD",93.00,100,"3XS:20|2XS:20|XS:20|S:10|M:10|L:10|XL:10"
280722,"2024-02-07 08:39:53.45","#PO0722",50.00,68.00,93.00,120.90,"2024-02-27","134760368","PO",4,,,,"","ALMA","PO0722A1",30025,1002,"2024-02-27","2024-03-27","USD",93.00,100,"3XS:20|2XS:20|XS:20|S:10|M:10|L:10|XL:10"
280723,"2024-02-07 08:39:53.45","#PO0723",50.00,68.00,93.00,120.90,"2024-02-27","134760368","PO",4,,,,"","ALMA","PO0723A0",30026,1016,"2024-02-27","2024-03-27","USD",93.00,100,"3XS:20|2XS:20|XS:20|S:10|M:10|L:10|XL:10"
280724,"2024-02-07 08:39:53.45","#PO0724",50.00,68.00,93.00,120.90,"2024-02-27","134760368","PO",4,,,,"","ALMA","PO0724A1",30027,3002,"2024-02-27","2024-03-27","USD",93.00,100,"3XS:20|2XS:20|XS:20|S:10|M:10|L:10|XL:10"
280725,"2024-02-07 08:39:53.45","#PO0725",50.00,68.00,93.00,120.90,"2024-02-27","134760368","PO",4,,,,"","ALMA","PO0725A0",30066,4002,"2024-02-27","2024-03-27","USD",93.00,100,"3XS:20|2XS:20|XS:20|S:10|M:10|L:10|XL:10"
280726,"2024-02-07 08:39:53.45","#PO0726",50.00,68.00,93.00,120.90,"2024-02-27","134760368","PO",4,,,,"","ALMA","PO0726A1",30067,5002,"2024-02-27","2024-03-27","USD",93.00,100,"3XS:20|2XS:20|XS:20|S:10|M:10|L:10|XL:10"
280727,"2024-02-07 08:39:53.45","#PO0727",50.00,68.00,93.00,120.90,"2024-02-27","134760368","PO",4,,,,"","ALMA","PO0727A0",30068,6002,"2024-02-27","2024-03-27","USD",93.00,100,"3XS:20|2XS:20|XS:20|S:10|M:10|L:10|XL:10"
280728,"2024-02-07 08:39:53.45","#PO0728",50.00,68.00,93.00,120.90,"2024-02-27","134760368","PO",4,,,,"","ALMA","PO0728A1",30069,8002,"2024-02-27","2024-03-27","USD",93.00,100,"3XS:20|2XS:20|XS:20|S:10|M:10|L:10|XL:10"
280729,"2024-02-07 08:39:53.45","#PO0729",50.00,68.00,93.00,120.90,"2024-02-27","134760369","PO",4,,,,"","ALMA","PO0729A1",30025,1002,"2024-02-27","2024-03-27","USD",93.00,100,"3XS:20|2XS:20|XS:20|S:10|M:10|L:10|XL:10"
280730,"2024-02-07 08:39:53.45","#PO0730",50.00,68.00,93.00,120.90,"2024-02-27","134760369","PO",4,,,,"","ALMA","PO0730A0",30026,1016,"2024-02-27","2024-03-27","USD",93.00,100,"3XS:20|2XS:20|XS:20|S:10|M:10|L:10|XL:10"
280731,"2024-02-07 08:39:53.45","#PO0731",50.00,68.00,93.00,120.90,"2024-02-27","134760369","PO",4,,,,"","ALMA","PO0731A1",30027,3002,"2024-02-27","2024-03-27","USD",93.00,100,"3XS:20|2XS:20|XS:20|S:10|M:10|L:10|XL:10"
280732,"2024-02-07 08:39:53.45","#PO0732",50.00,68.00,93.00,120.90,"2024-02-27","134760369","PO",4,,,,"","ALMA","PO0732A0",30066,4002,"2024-02-27","2024-03-27","USD",93.00,100,"3XS:20|2XS:20|XS:20|S:10|M:10|L:10|XL:10"
280733,"2024-02-07 08:39:53.45","#PO0733",50.00,68.00,93.00,120.90,"2024-02-27","134760369","PO",4,,,,"","ALMA","PO0733A1",30067,5002,"2024-02-27","2024-03-27","USD",93.00,100,"3XS:20|2XS:20|XS:20|S:10|M:10|L:10|XL:10"
280734,"2024-02-07 08:39:53.45","#PO0734",50.00,68.00,93.00,120.90,"2024-02-27","134760369","PO",4,,,,"","ALMA","PO0734A0",30068,6002,"2024-02-27","2024-03-27","USD",93.00,100,"3XS:20|2XS:20|XS:20|S:10|M:10|L:10|XL:10"
280735,"2024-02-07 08:39:53.45","#PO0735",50.00,68.00,93.00,120.90,"2024-02-27","134760369","PO",4,,,,"","ALMA","PO0735A1",30069,8002,"2024-02-27","2024-03-27","USD",93.00,100,"3XS:20|2XS:20|XS:20|S:10|M:10|L:10|XL:10"
280736,"2024-02-07 08:39:53.45","#PO0736",50.00,68.00,93.00,120.90,"2024-02-27","134760370","PO",4,,,,"","ALMA","PO0736A1",30025,1002,"2024-02-27","2024-03-27","USD",93.00,100,"3XS:20|2XS:20|XS:20|S:10|M:10|L:10|XL:10"
280737,"2024-02-07 08:39:53.45","#PO0737",50.00,68.00,93.00,120.90,"2024-02-27","134760370","PO",4,,,,"","ALMA","PO0737A0",30026,1016,"2024-02-27","2024-03-27","USD",93.00,100,"3XS:20|2XS:20|XS:20|S:10|M:10|L:10|XL:10"
280738,"2024-02-07 08:39:53.45","#PO0738",50.00,68.00,93.00,120.90,"2024-02-27","134760370","PO",4,,,,"","ALMA","PO0738A1",30027,3002,"2024-02-27","2024-03-27","USD",93.00,100,"3XS:20|2XS:20|XS:20|S:10|M:10|L:10|XL:10"
280739,"2024-02-07 08:39:53.45","#PO0739",50.00,68.00,93.00,120.90,"2024-02-27","134760370","PO",4,,,,"","ALMA","PO0739A0",30066,4002,"2024-02-27","2024-03-27","USD",93.00,100,"3XS:20|2XS:20|XS:20|S:10|M:10|L:10|XL:10"
280740,"2024-02-07 08:39:53.45","#PO0740",50.00,68.00,93.00,120.90,"2024-02-27","134760370","PO",4,,,,"","ALMA","PO0740A1",30067,5002,"2024-02-27","2024-03-27","USD",93.00,100,"3XS:20|2XS:20|XS:20|S:10|M:10|L:10|XL:10"
280741,"2024-02-07 08:39:53.45","#PO0741",50.00,68.00,93.00,120.90,"2024-02-27","134760370","PO",4,,,,"","ALMA","PO0741A0",30068,6002,"2024-02-27","2024-03-27","USD",93.00,100,"3XS:20|2XS:20|XS:20|S:10|M:10|L:10|XL:10"
280742,"2024-02-07 08:39:53.45","#PO0742",50.00,68.00,93.00,120.90,"2024-02-27","134760370","PO",4,,,,"","ALMA","PO0742A1",30069,8002,"2024-02-27","2024-03-27","USD",93.00,100,"3XS:20|2XS:20|XS:20|S:10|M:10|L:10|XL:10"
280743,"2024-02-07 08:39:53.45","#PO0743",50.00,68.00,93.00,120.90,"2024-02-27","134760371","PO",4,,,,"","ALMA","PO0743A1",30025,1002,"2024-02-27","2024-03-27","USD",93.00,100,"3XS:20|2XS:20|XS:20|S:10|M:10|L:10|XL:10"
280744,"2024-02-07 08:39:53.45","#PO0744",50.00,68.00,93.00,120.90,"2024-02-27","134760371","PO",4,,,,"","ALMA","PO0744A0",30026,1016,"2024-02-27","2024-03-27","USD",93.00,100,"3XS:20|2XS:20|XS:20|S:10|M:10|L:10|XL:10"
280745,"2024-02-07 08:39:53.45","#PO0745",50.00,68.00,93.00,120.90,"2024-02-27","134760371","PO",4,,,,"","ALMA","PO0745A1",30027,3002,"2024-02-27","2024-03-27","USD",93.00,100,"3XS:20|2XS:20|XS:20|S:10|M:10|L:10|XL:10"
280746,"2024-02-07 08:39:53.45","#PO0746",50.00,68.00,93.00,120.90,"2024-02-27","134760371","PO",4,,,,"","ALMA","PO0746A0",30066,4002,"2024-02-27","2024-03-27","USD",93.00,100,"3XS:20|2XS:20|XS:20|S:10|M:10|L:10|XL:10"
280747,"2024-02-07 08:39:53.45","#PO0747",50.00,68.00,93.00,120.90,"2024-02-27","134760371","PO",4,,,,"","ALMA","PO0747A1",30067,5002,"2024-02-27","2024-03-27","USD",93.00,100,"3XS:20|2XS:20|XS:20|S:10|M:10|L:10|XL:10"
280748,"2024-02-07 08:39:53.45","#PO0748",50.00,68.00,93.00,120.90,"2024-02-27","134760371","PO",4,,,,"","ALMA","PO0748A0",30068,6002,"2024-02-27","2024-03-27","USD",93.00,100,"3XS:20|2XS:20|XS:20|S:10|M:10|L:10|XL:10"
280749,"2024-02-07 08:39:53.45","#PO0749",50.00,68.00,93.00,120.90,"2024-02-27","134760371","PO",4,,,,"","ALMA","PO0749A1",30069,8002,"2024-02-27","2024-03-27","USD",93.00,100,"3XS:20|2XS:20|XS:20|S:10|M:10|L:10|XL:10"
280750,"2024-02-07 08:39:53.45","#PO0750",50.00,68.00,93.00,120.90,"2024-02-27","134760372","PO",4,,,,"","ALMA","PO0750A1",30025,1002,"2024-02-27","2024-03-27","USD",93.00,100,"3XS:20|2XS:20|XS:20|S:10|M:10|L:10|XL:10"
280751,"2024-02-07 08:39:53.45","#PO0751",50.00,68.00,93.00,120.90,"2024-02-27","134760372","PO",4,,,,"","ALMA","PO0751A0",30026,1016,"2024-02-27","2024-03-27","USD",93.00,100,"3XS:20|2XS:20|XS:20|S:10|M:10|L:10|XL:10"
280752,"2024-02-07 08:39:53.45","#PO0752",50.00,68.00,93.00,120.90,"2024-02-27","134760372","PO",4,,,,"","ALMA","PO0752A1",30027,3002,"2024-02-27","2024-03-27","USD",93.00,100,"3XS:20|2XS:20|XS:20|S:10|M:10|L:10|XL:10"
280753,"2024-02-07 08:39:53.45","#PO0753",50.00,68.00,93.00,120.90,"2024-02-27","134760372","PO",4,,,,"","ALMA","PO0753A0",30066,4002,"2024-02-27","2024-03-27","USD",93.00,100,"3XS:20|2XS:20|XS:20|S:10|M:10|L:10|XL:10"
280754,"2024-02-07 08:39:53.45","#PO0754",50.00,68.00,93.00,120.90,"2024-02-27","134760372","PO",4,,,,"","ALMA","PO0754A1",30067,5002,"2024-02-27","2024-03-27","USD",93.00,100,"3XS:20|2XS:20|XS:20|S:10|M:10|L:10|XL:10"
280755,"2024-02-07 08:39:53.45","#PO0755",50.00,68.00,93.00,120.90,"2024-02-27","134760372","PO",4,,,,"","ALMA","PO0755A0",30068,6002,"2024-02-27","2024-03-27","USD",93.00,100,"3XS:20|2XS:20|XS:20|S:10|M:10|L:10|XL:10"
280756,"2024-02-07 08:39:53.45","#PO0756",50.00,68.00,93.00,120.90,"2024-02-27","134760372","PO",4,,,,"","ALMA","PO0756A1",30069,8002,"2024-02-27","2024-03-27","USD",93.00,100,"3XS:20|2XS:20|XS:20|S:10|M:10|L:10|XL:10"
280757,"2024-02-07 08:39:53.45","#PO0757",50.00,68.00,93.00,120.90,"2024-02-27","134760373","PO",4,,,,"","ALMA","PO0757A1",30025,1002,"2024-02-27","2024-03-27","USD",93.00,100,"3XS:20|2XS:20|XS:20|S:10|M:10|L:10|XL:10"
280758,"2024-02-07 08:39:53.45","#PO0758",50.00,68.00,93.00,120.90,"2024-02-27","134760373","PO",4,,,,"","ALMA","PO0758A0",30026,1016,"2024-02-27","2024-03-27","USD",93.00,100,"3XS:20|2XS:20|XS:20|S:10|M:10|L:10|XL:10"
280759,"2024-02-07 08:39:53.45","#PO0759",50.00,68.00,93.00,120.90,"2024-02-27","134760373","PO",4,,,,"","ALMA","PO0759A1",30027,3002,"2024-02-27","2024-03-27","USD",93.00,100,"3XS:20|2XS:20|XS:20|S:10|M:10|L:10|XL:10"
280760,"2024-02-07 08:39:53.45","#PO0760",50.00,68.00,93.00,120.90,"2024-02-27","134760373","PO",4,,,,"","ALMA","PO0760A0",30066,4002,"2024-02-27","2024-03-27","USD",93.00,100,"3XS:20|2XS:20|XS:20|S:10|M:10|L:10|XL:10"
280761,"2024-02-07 08:39:53.45","#PO0761",50.00,68.00,93.00,120.90,"2024-02-27","134760373","PO",4,,,,"","ALMA","PO0761A1",30067,5002,"2024-02-27","2024-03-27","USD",93.00,100,"3XS:20|2XS:20|XS:20|S:10|M:10|L:10|XL:10"
280762,"2024-02-07 08:39:53.45","#PO0762",50.00,68.00,93.00,120.90,"2024-02-27","134760373","PO",4,,,,"","ALMA","PO0762A0",30068,6002,"2024-02-27","2024-03-27","USD",93.00,100,"3XS:20|2XS:20|XS:20|S:10|M:10|L:10|XL:10"
280763,"2024-02-07 08:39:53.45","#PO0763",50.00,68.00,93.00,120.90,"2024-02-27","134760373","PO",4,,,,"","ALMA","PO0763A1",30069,8002,"2024-02-27","2024-03-27","USD",93.00,100,"3XS:20|2XS:20|XS:20|S:10|M:10|L:10|XL:10"
280764,"2024-02-07 08:39:53.45","#PO0764",50.00,68.00,93.00,120.90,"2024-02-27","134760374","PO",4,,,,"","ALMA","PO0764A1",30025,1002,"2024-02-27","2024-03-27","USD",93.00,100,"3XS:20|2XS:20|XS:20|S:10|M:10|L:10|XL:10"
280765,"2024-02-07 08:39:53.45","#PO0765",50.00,68.00,93.00,120.90,"2024-02-27","134760374","PO",4,,,,"","ALMA","PO0765A0",30026,1016,"2024-02-27","2024-03-27","USD",93.00,100,"3XS:20|2XS:20|XS:20|S:10|M:10|L:10|XL:10"
280766,"2024-02-07 08:39:53.45","#PO0766",50.00,68.00,93.00,120.90,"2024-02-27","134760374","PO",4,,,,"","ALMA","PO0766A1",30027,3002,"2024-02-27","2024-03-27","USD",93.00,100,"3XS:20|2XS:20|XS:20|S:10|M:10|L:10|XL:10"
280767,"2024-02-07 08:39:53.45","#PO0767",50.00,68.00,93.00,120.90,"2024-02-27","134760374","PO",4,,,,"","ALMA","PO0767A0",30066,4002,"2024-02-27","2024-03-27","USD",93.00,100,"3XS:20|2XS:20|XS:20|S:10|M:10|L:10|XL:10"
280768,"2024-02-07 08:39:53.45","#PO0768",50.00,68.00,93.00,120.90,"2024-02-27","134760374","PO",4,,,,"","ALMA","PO0768A1",30067,5002,"2024-02-27","2024-03-27","USD",93.00,100,"3XS:20|2XS:20|XS:20|S:10|M:10|L:10|XL:10"
280769,"2024-02-07 08:39:53.45","#PO0769",50.00,68.00,93.00,120.90,"2024-02-27","134760374","PO",4,,,,"","ALMA","PO0769A0",30068,6002,"2024-02-27","2024-03-27","USD",93.00,100,"3XS:20|2XS:20|XS:20|S:10|M:10|L:10|XL:10"
280770,"2024-02-07 08:39:53.45","#PO0770",50.00,68.00,93.00,120.90,"2024-02-27","134760374","PO",4,,,,"","ALMA","PO0770A1",30069,8002,"2024-02-27","2024-03-27","USD",93.00,100,"3XS:20|2XS:20|XS:20|S:10|M:10|L:10|XL:10"
280771,"2024-02-07 08:39:53.45","#PO0771",50.00,68.00,93.00,120.90,"2024-02-27","134760375","PO",4,,,,"","ALMA","PO0771A1",30025,1002,"2024-02-27","2024-03-27","USD",93.00,100,"3XS:20|2XS:20|XS:20|S:10|M:10|L:10|XL:10"
280772,"2024-02-07 08:39:53.45","#PO0772",50.00,68.00,93.00,120.90,"2024-02-27","134760375","PO",4,,,,"","ALMA","PO0772A0",30026,1016,"2024-02-27","2024-03-27","USD",93.00,100,"3XS:20|2XS:20|XS:20|S:10|M:10|L:10|XL:10"
280773,"2024-02-07 08:39:53.45","#PO0773",50.00,68.00,93.00,120.90,"2024-02-27","134760375","PO",4,,,,"","ALMA","PO0773A1",30027,3002,"2024-02-27","2024-03-27","USD",93.00,100,"3XS:20|2XS:20|XS:20|S:10|M:10|L:10|XL:10"
280774,"2024-02-07 08:39:53.45","#PO0774",50.00,68.00,93.00,120.90,"2024-02-27","134760375","PO",4,,,,"","ALMA","PO0774A0",30066,4002,"2024-02-27","2024-03-27","USD",93.00,100,"3XS:20|2XS:20|XS:20|S:10|M:10|L:10|XL:10"
280775,"2024-02-07 08:39:53.45","#PO0775",50.00,68.00,93.00,120.90,"2024-02-27","134760375","PO",4,,,,"","ALMA","PO0775A1",30067,5002,"2024-02-27","2024-03-27","USD",93.00,100,"3XS:20|2XS:20|XS:20|S:10|M:10|L:10|XL:10"
280776,"2024-02-07 08:39:53.45","#PO0776",50.00,68.00,93.00,120.90,"2024-02-27","134760375","PO",4,,,,"","ALMA","PO0776A0",30068,6002,"2024-02-27","2024-03-27","USD",93.00,100,"3XS:20|2XS:20|XS:20|S:10|M:10|L:10|XL:10"
280777,"2024-02-07 08:39:53.45","#PO0777",50.00,68.00,93.00,120.90,"2024-02-27","134760375","PO",4,,,,"","ALMA","PO0777A1",30069,8002,"2024-02-27","2024-03-27","USD",93.00,100,"3XS:20|2XS:20|XS:20|S:10|M:10|L:10|XL:10"
280778,"2024-02-07 08:39:53.45","#PO0778",50.00,68.00,93.00,120.90,"2024-02-27","134760376","PO",4,,,,"","ALMA","PO0778A1",30025,1002,"2024-02-27","2024-03-27","USD",93.00,100,"3XS:20|2XS:20|XS:20|S:10|M:10|L:10|XL:10"
280779,"2024-02-07 08:39:53.45","#PO0779",50.00,68.00,93.00,120.90,"2024-02-27","134760376","PO",4,,,,"","ALMA","PO0779A0",30026,1016,"2024-02-27","2024-03-27","USD",93.00,100,"3XS:20|2XS:20|XS:20|S:10|M:10|L:10|XL:10"
280780,"2024-02-07 08:39:53.45","#PO0780",50.00,68.00,93.00,120.90,"2024-02-27","134760376","PO",4,,,,"","ALMA","PO0780A1",30027,3002,"2024-02-27","2024-03-27","USD",93.00,100,"3XS:20|2XS:20|XS:20|S:10|M:10|L:10|XL:10"
280781,"2024-02-07 08:39:53.45","#PO0781",50.00,68.00,93.00,120.90,"2024-02-27","134760376","PO",4,,,,"","ALMA","PO0781A0",30066,4002,"2024-02-27","2024-03-27","USD",93.00,100,"3XS:20|2XS:20|XS:20|S:10|M:10|L:10|XL:10"
280782,"2024-02-07 08:39:53.45","#PO0782",50.00,68.00,93.00,120.90,"2024-02-27","134760376","PO",4,,,,"","ALMA","PO0782A1",30067,5002,"2024-02-27","2024-03-27","USD",93.00,100,"3XS:20|2XS:20|XS:20|S:10|M:10|L:10|XL:10"
280783,"2024-02-07 08:39:53.45","#PO0783",50.00,68.00,93.00,120.90,"2024-02-27","134760376","PO",4,,,,"","ALMA","PO0783A0",30068,6002,"2024-02-27","2024-03-27","USD",93.00,100,"3XS:20|2XS:20|XS:20|S:10|M:10|L:10|XL:10"
280784,"2024-02-07 08:39:53.45","#PO0784",50.00,68.00,93.00,120.90,"2024-02-27","134760376","PO",4,,,,"","ALMA","PO0784A1",30069,8002,"2024-02-27","2024-03-27","USD",93.00,100,"3XS:20|2XS:20|XS:20|S:10|M:10|L:10|XL:10"
280785,"2024-02-07 08:39:53.45","#PO0785",50.00,68.00,93.00,120.90,"2024-02-27","134760377","PO",4,,,,"","ALMA","PO0785A1",30025,1002,"2024-02-27","2024-03-27","USD",93.00,100,"3XS:20|2XS:20|XS:20|S:10|M:10|L:10|XL:10"
280786,"2024-02-07 08:39:53.45","#PO0786",50.00,68.00,93.00,120.90,"2024-02-27","134760377","PO",4,,,,"","ALMA","PO0786A0",30026,1016,"2024-02-27","2024-03-27","USD",93.00,100,"3XS:20|2XS:20|XS:20|S:10|M:10|L:10|XL:10"
280787,"2024-02-07 08:39:53.45","#PO0787",50.00,68.00,93.00,120.90,"2024-02-27","134760377","PO",4,,,,"","ALMA","PO0787A1",30027,3002,"2024-02-27","2024-03-27","USD",93.00,100,"3XS:20|2XS:20|XS:20|S:10|M:10|L:10|XL:10"
280788,"2024-02-07 08:39:53.45","#PO0788",50.00,68.00,93.00,120.90,"2024-02-27","134760377","PO",4,,,,"","ALMA","PO0788A0",30066,4002,"2024-02-27","2024-03-27","USD",93.00,100,"3XS:20|2XS:20|XS:20|S:10|M:10|L:10|XL:10"
280789,"2024-02-07 08:39:53.45","#PO0789",50.00,68.00,93.00,120.90,"2024-02-27","134760377","PO",4,,,,"","ALMA","PO0789A1",30067,5002,"2024-02-27","2024-03-27","USD",93.00,100,"3XS:20|2XS:20|XS:20|S:10|M:10|L:10|XL:10"
280790,"2024-02-07 08:39:53.45","#PO0790",50.00,68.00,93.00,120.90,"2024-02-27","134760377","PO",4,,,,"","ALMA","PO0790A0",30068,6002,"2024-02-27","2024-03-27","USD",93.00,100,"3XS:20|2XS:20|XS:20|S:10|M:10|L:10|XL:10"
280791,"2024-02-07 08:39:53.45","#PO0791",50.00,68.00,93.00,120.90,"2024-02-27","134760377","PO",4,,,,"","ALMA","PO0791A1",30069,8002,"2024-02-27","2024-03-27","USD",93.00,100,"3XS:20|2XS:20|XS:20|S:10|M:10|L:10|XL:10"
280792,"2024-02-07 08:39:53.45","#PO0792",50.00,68.00,93.00,120.90,"2024-02-27","134760378","PO",4,,,,"","ALMA","PO0792A1",30025,1002,"2024-02-27","2024-03-27","USD",93.00,100,"3XS:20|2XS:20|XS:20|S:10|M:10|L:10|XL:10"
280793,"2024-02-07 08:39:53.45","#PO0793",50.00,68.00,93.00,120.90,"2024-02-27","134760378","PO",4,,,,"","ALMA","PO0793A0",30026,1016,"2024-02-27","2024-03-27","USD",93.00,100,"3XS:20|2XS:20|XS:20|S:10|M:10|L:10|XL:10"
280794,"2024-02-07 08:39:53.45","#PO0794",50.00,68.00,93.00,120.90,"2024-02-27","134760378","PO",4,,,,"","ALMA","PO0794A1",30027,3002,"2024-02-27","2024-03-27","USD",93.00,100,"3XS:20|2XS:20|XS:20|S:10|M:10|L:10|XL:10"
280795,"2024-02-07 08:39:53.45","#PO0795",50.00,68.00,93.00,120.90,"2024-02-27","134760378","PO",4,,,,"","ALMA","PO0795A0",30066,4002,"2024-02-27","2024-03-27","USD",93.00,100,"3XS:20|2XS:20|XS:20|S:10|M:10|L:10|XL:10"
280796,"2024-02-07 08:39:53.45","#PO0796",50.00,68.00,93.00,120.90,"2024-02-27","134760378","PO",4,,,,"","ALMA","PO0796A1",30067,5002,"2024-02-27","2024-03-27","USD",93.00,100,"3XS:20|2XS:20|XS:20|S:10|M:10|L:10|XL:10"
280797,"2024-02-07 08:39:53.45","#PO0797",50.00,68.00,93.00,120.90,"2024-02-27","134760378","PO",4,,,,"","ALMA","PO0797A0",30068,6002,"2024-02-27","2024-03-27","USD",93.00,100,"3XS:20|2XS:20|XS:20|S:10|M:10|L:10|XL:10"
280798,"2024-02-07 08:39:53.45","#PO0798",50.00,68.00,93.00,120.90,"2024-02-27","134760378","PO",4,,,,"","ALMA","PO0798A1",30069,8002,"2024-02-27","2024-03-27","USD",93.00,100,"3XS:20|2XS:20|XS:20|S:10|M:10|L:10|XL:10"
280799,"2024-02-07 08:39:53.45","#PO0799",50.00,68.00,93.00,120.90,"2024-02-27","134760379","PO",4,,,,"","ALMA","PO0799A1",30025,1002,"2024-02-27","2024-03-27","USD",93.00,100,"3XS:20|2XS:20|XS:20|S:10|M:10|L:10|XL:10"
280800,"2024-02-07 08:39:53.45","#PO0800",50.00,68.00,93.00,120.90,"2024-02-27","134760379","PO",4,,,,"","ALMA","PO0800A0",30026,1016,"2024-02-27","2024-03-27","USD",93.00,100,"3XS:20|2XS:20|XS:20|S:10|M:10|L:10|XL:10"
280801,"2024-02-07 08:39:53.45","#PO0801",50.00,68.00,93.00,120.90,"2024-02-27","134760379","PO",4,,,,"","ALMA","PO0801A1",30027,3002,"2024-02-27","2024-03-27","USD",93.00,100,"3XS:20|2XS:20|XS:20|S:10|M:10|L:10|XL:10"
280802,"2024-02-07 08:39:53.45","#PO0802",50.00,68.00,93.00,120.90,"2024-02-27","134760379","PO",4,,,,"","ALMA","PO0802A0",30066,4002,"2024-02-27","2024-03-27","USD",93.00,100,"3XS:20|2XS:20|XS:20|S:10|M:10|L:10|XL:10"
280803,"2024-02-07 08:39:53.45","#PO0803",50.00,68.00,93.00,120.90,"2024-02-27","134760379","PO",4,,,,"","ALMA","PO0803A1",30067,5002,"2024-02-27","2024-03-27","USD",93.00,100,"3XS:20|2XS:20|XS:20|S:10|M:10|L:10|XL:10"
280804,"2024-02-07 08:39:53.45","#PO0804",50.00,68.00,93.00,120.90,"2024-02-27","134760379","PO",4,,,,"","ALMA","PO0804A0",30068,6002,"2024-02-27","2024-03-27","USD",93.00,100,"3XS:20|2XS:20|XS:20|S:10|M:10|L:10|XL:10"
280805,"2024-02-07 08:39:53.45","#PO0805",50.00,68.00,93.00,120.90,"2024-02-27","134760379","PO",4,,,,"","ALMA","PO0805A1",30069,8002,"2024-02-27","2024-03-27","USD",93.00,100,"3XS:20|2XS:20|XS:20|S:10|M:10|L:10|XL:10"
280806,"2024-02-07 08:39:53.45","#PO0806",50.00,68.00,93.00,120.90,"2024-02-27","134760380","PO",4,,,,"","ALMA","PO0806A1",30025,1002,"2024-02-27","2024-03-27","USD",93.00,100,"3XS:20|2XS:20|XS:20|S:10|M:10|L:10|XL:10"
280807,"2024-02-07 08:39:53.45","#PO0807",50.00,68.00,93.00,120.90,"2024-02-27","134760380","PO",4,,,,"","ALMA","PO0807A0",30026,1016,"2024-02-27","2024-03-27","USD",93.00,100,"3XS:20|2XS:20|XS:20|S:10|M:10|L:10|XL:10"
280808,"2024-02-07 08:39:53.45","#PO0808",50.00,68.00,93.00,120.90,"2024-02-27","134760380","PO",4,,,,"","ALMA","PO0808A1",30027,3002,"2024-02-27","2024-03-27","USD",93.00,100,"3XS:20|2XS:20|XS:20|S:10|M:10|L:10|XL:10"
280809,"2024-02-07 08:39:53.45","#PO0809",50.00,68.00,93.00,120.90,"2024-02-27","134760380","PO",4,,,,"","ALMA","PO0809A0",30066,4002,"2024-02-27","2024-03-27","USD",93.00,100,"3XS:20|2XS:20|XS:20|S:10|M:10|L:10|XL:10"
280810,"2024-02-07 08:39:53.45","#PO0810",50.00,68.00,93.00,120.90,"2024-02-27","134760380","PO",4,,,,"","ALMA","PO0810A1",30067,5002,"2024-02-27","2024-03-27","USD",93.00,100,"3XS:20|2XS:20|XS:20|S:10|M:10|L:10|XL:10"
280811,"2024-02-07 08:39:53.45","#PO0811",50.00,68.00,93.00,120.90,"2024-02-27","134760380","PO",4,,,,"","ALMA","PO0811A0",30068,6002,"2024-02-27","2024-03-27","USD",93.00,100,"3XS:20|2XS:20|XS:20|S:10|M:10|L:10|XL:10"
280812,"2024-02-07 08:39:53.45","#PO0812",50.00,68.00,93.00,120.90,"2024-02-27","134760380","PO",4,,,,"","ALMA","PO0812A1",30069,8002,"2024-02-27","2024-03-27","USD",93.00,100,"3XS:20|2XS:20|XS:20|S:10|M:10|L:10|XL:10"
280813,"2024-02-07 08:39:53.45","#PO0813",50.00,68.00,93.00,120.90,"2024-02-27","134760381","PO",4,,,,"","ALMA","PO0813A1",30025,1002,"2024-02-27","2024-03-27","USD",93.00,100,"3XS:20|2XS:20|XS:20|S:10|M:10|L:10|XL:10"
280814,"2024-02-07 08:39:53.45","#PO0814",50.00,68.00,93.00,120.90,"2024-02-27","134760381","PO",4,,,,"","ALMA","PO0814A0",30026,1016,"2024-02-27","2024-03-27","USD",93.00,100,"3XS:20|2XS:20|XS:20|S:10|M:10|L:10|XL:10"
280815,"2024-02-07 08:39:53.45","#PO0815",50.00,68.00,93.00,120.90,"2024-02-27","134760381","PO",4,,,,"","ALMA","PO0815A1",30027,3002,"2024-02-27","2024-03-27","USD",93.00,100,"3XS:20|2XS:20|XS:20|S:10|M:10|L:10|XL:10"
280816,"2024-02-07 08:39:53.45","#PO0816",50.00,68.00,93.00,120.90,"2024-02-27","134760381","PO",4,,,,"","ALMA","PO0816A0",30066,4002,"2024-02-27","2024-03-27","USD",93.00,100,"3XS:20|2XS:20|XS:20|S:10|M:10|L:10|XL:10"
280817,"2024-02-07 08:39:53.45","#PO0817",50.00,68.00,93.00,120.90,"2024-02-27","134760381","PO",4,,,,"","ALMA","PO0817A1",30067,5002,"2024-02-27","2024-03-27","USD",93.00,100,"3XS:20|2XS:20|XS:20|S:10|M:10|L:10|XL:10"
280818,"2024-02-07 08:39:53.45","#PO0818",50.00,68.00,93.00,120.90,"2024-02-27","134760381","PO",4,,,,"","ALMA","PO0818A0",30068,6002,"2024-02-27","2024-03-27","USD",93.00,100,"3XS:20|2XS:20|XS:20|S:10|M:10|L:10|XL:10"
280819,"2024-02-07 08:39:53.45","#PO0819",50.00,68.00,93.00,120.90,"2024-02-27","134760381","PO",4,,,,"","ALMA","PO0819A1",30069,8002,"2024-02-27","2024-03-27","USD",93.00,100,"3XS:20|2XS:20|XS:20|S:10|M:10|L:10|XL:10"
280820,"2024-02-07 08:39:53.45","#PO0820",50.00,68.00,93.00,120.90,"2024-02-27","134760382","PO",4,,,,"","ALMA","PO0820A1",30025,1002,"2024-02-27","2024-03-27","USD",93.00,100,"3XS:20|2XS:20|XS:20|S:10|M:10|L:10|XL:10"
280821,"2024-02-07 08:39:53.45","#PO0821",50.00,68.00,93.00,120.90,"2024-02-27","134760382","PO",4,,,,"","ALMA","PO0821A0",30026,1016,"2024-02-27","2024-03-27","USD",93.00,100,"3XS:20|2XS:20|XS:20|S:10|M:10|L:10|XL:10"
280822,"2024-02-07 08:39:53.45","#PO0822",50.00,68.00,93.00,120.90,"2024-02-27","134760382","PO",4,,,,"","ALMA","PO0822A1",30027,3002,"2024-02-27","2024-03-27","USD",93.00,100,"3XS:20|2XS:20|XS:20|S:10|M:10|L:10|XL:10"
280823,"2024-02-07 08:39:53.45","#PO0823",50.00,68.00,93.00,120.90,"2024-02-27","134760382","PO",4,,,,"","ALMA","PO0823A0",30066,4002,"2024-02-27","2024-03-27","USD",93.00,100,"3XS:20|2XS:20|XS:20|S:10|M:10|L:10|XL:10"
280824,"2024-02-07 08:39:53.45","#PO0824",50.00,68.00,93.00,120.90,"2024-02-27","134760382","PO",4,,,,"","ALMA","PO0824A1",30067,5002,"2024-02-27","2024-03-27","USD",93.00,100,"3XS:20|2XS:20|XS:20|S:10|M:10|L:10|XL:10"
280825,"2024-02-07 08:39:53.45","#PO0825",50.00,68.00,93.00,120.90,"2024-02-27","134760382","PO",4,,,,"","ALMA","PO0825A0",30068,6002,"2024-02-27","2024-03-27","USD",93.00,100,"3XS:20|2XS:20|XS:20|S:10|M:10|L:10|XL:10"
280826,"2024-02-07 08:39:53.45","#PO0826",50.00,68.00,93.00,120.90,"2024-02-27","134760382","PO",4,,,,"","ALMA","PO0826A1",30069,8002,"2024-02-27","2024-03-27","USD",93.00,100,"3XS:20|2XS:20|XS:20|S:10|M:10|L:10|XL:10"
280827,"2024-02-07 08:39:53.45","#PO0827",50.00,68.00,93.00,120.90,"2024-02-27","134760383","PO",4,,,,"","ALMA","PO0827A1",30025,1002,"2024-02-27","2024-03-27","USD",93.00,100,"3XS:20|2XS:20|XS:20|S:10|M:10|L:10|XL:10"
280828,"2024-02-07 08:39:53.45","#PO0828",50.00,68.00,93.00,120.90,"2024-02-27","134760383","PO",4,,,,"","ALMA","PO0828A0",30026,1016,"2024-02-27","2024-03-27","USD",93.00,100,"3XS:20|2XS:20|XS:20|S:10|M:10|L:10|XL:10"
280829,"2024-02-07 08:39:53.45","#PO0829",50.00,68.00,93.00,120.90,"2024-02-27","134760383","PO",4,,,,"","ALMA","PO0829A1",30027,3002,"2024-02-27","2024-03-27","USD",93.00,100,"3XS:20|2XS:20|XS:20|S:10|M:10|L:10|XL:10"
280830,"2024-02-07 08:39:53.45","#PO0830",50.00,68.00,93.00,120.90,"2024-02-27","134760383","PO",4,,,,"","ALMA","PO0830A0",30066,4002,"2024-02-27","2024-03-27","USD",93.00,100,"3XS:20|2XS:20|XS:20|S:10|M:10|L:10|XL:10"
280831,"2024-02-07 08:39:53.45","#PO0831",50.00,68.00,93.00,120.90,"2024-02-27","134760383","PO",4,,,,"","ALMA","PO0831A1",30067,5002,"2024-02-27","2024-03-27","USD",93.00,100,"3XS:20|2XS:20|XS:20|S:10|M:10|L:10|XL:10"
280832,"2024-02-07 08:39:53.45","#PO0832",50.00,68.00,93.00,120.90,"2024-02-27","134760383","PO",4,,,,"","ALMA","PO0832A0",30068,6002,"2024-02-27","2024-03-27","USD",93.00,100,"3XS:20|2XS:20|XS:20|S:10|M:10|L:10|XL:10"
280833,"2024-02-07 08:39:53.45","#PO0833",50.00,68.00,93.00,120.90,"2024-02-27","134760383","PO",4,,,,"","ALMA","PO0833A1",30069,8002,"2024-02-27","2024-03-27","USD",93.00,100,"3XS:20|2XS:20|XS:20|S:10|M:10|L:10|XL:10"
280834,"2024-02-07 08:39:53.45","#PO0834",50.00,68.00,93.00,120.90,"2024-02-27","134760384","PO",4,,,,"","ALMA","PO0834A1",30025,1002,"2024-02-27","2024-03-27","USD",93.00,100,"3XS:20|2XS:20|XS:20|S:10|M:10|L:10|XL:10"
280835,"2024-02-07 08:39:53.45","#PO0835",50.00,68.00,93.00,120.90,"2024-02-27","134760384","PO",4,,,,"","ALMA","PO0835A0",30026,1016,"2024-02-27","2024-03-27","USD",93.00,100,"3XS:20|2XS:20|XS:20|S:10|M:10|L:10|XL:10"
280836,"2024-02-07 08:39:53.45","#PO0836",50.00,68.00,93.00,120.90,"2024-02-27","134760384","PO",4,,,,"","ALMA","PO0836A1",30027,3002,"2024-02-27","2024-03-27","USD",93.00,100,"3XS:20|2XS:20|XS:20|S:10|M:10|L:10|XL:10"
280837,"2024-02-07 08:39:53.45","#PO0837",50.00,68.00,93.00,120.90,"2024-02-27","134760384","PO",4,,,,"","ALMA","PO0837A0",30066,4002,"2024-02-27","2024-03-27","USD",93.00,100,"3XS:20|2XS:20|XS:20|S:10|M:10|L:10|XL:10"
280838,"2024-02-07 08:39:53.45","#PO0838",50.00,68.00,93.00,120.90,"2024-02-27","134760384","PO",4,,,,"","ALMA","PO0838A1",30067,5002,"2024-02-27","2024-03-27","USD",93.00,100,"3XS:20|2XS:20|XS:20|S:10|M:10|L:10|XL:10"
280839,"2024-02-07 08:39:53.45","#PO0839",50.00,68.00,93.00,120.90,"2024-02-27","134760384","PO",4,,,,"","ALMA","PO0839A0",30068,6002,"2024-02-27","2024-03-27","USD",93.00,100,"3XS:20|2XS:20|XS:20|S:10|M:10|L:10|XL:10"
280840,"2024-02-07 08:39:53.45","#PO0840",50.00,68.00,93.00,120.90,"2024-02-27","134760384","PO",4,,,,"","ALMA","PO0840A1",30069,8002,"2024-02-27","2024-03-27","USD",93.00,100,"3XS:20|2XS:20|XS:20|S:10|M:10|L:10|XL:10"
280841,"2024-02-07 08:39:53.45","#PO0841",50.00,68.00,93.00,120.90,"2024-02-27","134760385","PO",4,,,,"","ALMA","PO0841A1",30025,1002,"2024-02-27","2024-03-27","USD",93.00,100,"3XS:20|2XS:20|XS:20|S:10|M:10|L:10|XL:10"
280842,"2024-02-07 08:39:53.45","#PO0842",50.00,68.00,93.00,120.90,"2024-02-27","134760385","PO",4,,,,"","ALMA","PO0842A0",30026,1016,"2024-02-27","2024-03-27","USD",93.00,100,"3XS:20|2XS:20|XS:20|S:10|M:10|L:10|XL:10"
280843,"2024-02-07 08:39:53.45","#PO0843",50.00,68.00,93.00,120.90,"2024-02-27","134760385","PO",4,,,,"","ALMA","PO0843A1",30027,3002,"2024-02-27","2024-03-27","USD",93.00,100,"3XS:20|2XS:20|XS:20|S:10|M:10|L:10|XL:10"
280844,"2024-02-07 08:39:53.45","#PO0844",50.00,68.00,93.00,120.90,"2024-02-27","134760385","PO",4,,,,"","ALMA","PO0844A0",30066,4002,"2024-02-27","2024-03-27","USD",93.00,100,"3XS:20|2XS:20|XS:20|S:10|M:10|L:10|XL:10"
280845,"2024-02-07 08:39:53.45","#PO0845",50.00,68.00,93.00,120.90,"2024-02-27","134760385","PO",4,,,,"","ALMA","PO0845A1",30067,5002,"2024-02-27","2024-03-27","USD",93.00,100,"3XS:20|2XS:20|XS:20|S:10|M:10|L:10|XL:10"
280846,"2024-02-07 08:39:53.45","#PO0846",50.00,68.00,93.00,120.90,"2024-02-27","134760385","PO",4,,,,"","ALMA","PO0846A0",30068,6002,"2024-02-27","2024-03-27","USD",93.00,100,"3XS:20|2XS:20|XS:20|S:10|M:10|L:10|XL:10"
280847,"2024-02-07 08:39:53.45","#PO0847",50.00,68.00,93.00,120.90,"2024-02-27","134760385","PO",4,,,,"","ALMA","PO0847A1",30069,8002,"2024-02-27","2024-03-27","USD",93.00,100,"3XS:20|2XS:20|XS:20|S:10|M:10|L:10|XL:10"
280848,"2024-02-07 08:39:53.45","#PO0848",50.00,68.00,93.00,120.90,"2024-02-27","134760386","PO",4,,,,"","ALMA","PO0848A1",30025,1002,"2024-02-27","2024-03-27","USD",93.00,100,"3XS:20|2XS:20|XS:20|S:10|M:10|L:10|XL:10"
280849,"2024-02-07 08:39:53.45","#PO0849",50.00,68.00,93.00,120.90,"2024-02-27","134760386","PO",4,,,,"","ALMA","PO0849A0",30026,1016,"2024-02-27","2024-03-27","USD",93.00,100,"3XS:20|2XS:20|XS:20|S:10|M:10|L:10|XL:10"
280850,"2024-02-07 08:39:53.45","#PO0850",50.00,68.00,93.00,120.90,"2024-02-27","134760386","PO",4,,,,"","ALMA","PO0850A1",30027,3002,"2024-02-27","2024-03-27","USD",93.00,100,"3XS:20|2XS:20|XS:20|S:10|M:10|L:10|XL:10"
280851,"2024-02-07 08:39:53.45","#PO0851",50.00,68.00,93.00,120.90,"2024-02-27","134760386","PO",4,,,,"","ALMA","PO0851A0",30066,4002,"2024-02-27","2024-03-27","USD",93.00,100,"3XS:20|2XS:20|XS:20|S:10|M:10|L:10|XL:10"
280852,"2024-02-07 08:39:53.45","#PO0852",50.00,68.00,93.00,120.90,"2024-02-27","134760386","PO",4,,,,"","ALMA","PO0852A1",30067,5002,"2024-02-27","2024-03-27","USD",93.00,100,"3XS:20|2XS:20|XS:20|S:10|M:10|L:10|XL:10"
280853,"2024-02-07 08:39:53.45","#PO0853",50.00,68.00,93.00,120.90,"2024-02-27","134760386","PO",4,,,,"","ALMA","PO0853A0",30068,6002,"2024-02-27","2024-03-27","USD",93.00,100,"3XS:20|2XS:20|XS:20|S:10|M:10|L:10|XL:10"
280854,"2024-02-07 08:39:53.45","#PO0854",50.00,68.00,93.00,120.90,"2024-02-27","134760386","PO",4,,,,"","ALMA","PO0854A1",30069,8002,"2024-02-27","2024-03-27","USD",93.00,100,"3XS:20|2XS:20|XS:20|S:10|M:10|L:10|XL:10"
280855,"2024-02-07 08:39:53.45","#PO0855",50.00,68.00,93.00,120.90,"2024-02-27","134760387","PO",4,,,,"","ALMA","PO0855A1",30025,1002,"2024-02-27","2024-03-27","USD",93.00,100,"3XS:20|2XS:20|XS:20|S:10|M:10|L:10|XL:10"
280856,"2024-02-07 08:39:53.45","#PO0856",50.00,68.00,93.00,120.90,"2024-02-27","134760387","PO",4,,,,"","ALMA","PO0856A0",30026,1016,"2024-02-27","2024-03-27","USD",93.00,100,"3XS:20|2XS:20|XS:20|S:10|M:10|L:10|XL:10"
280857,"2024-02-07 08:39:53.45","#PO0857",50.00,68.00,93.00,120.90,"2024-02-27","134760387","PO",4,,,,"","ALMA","PO0857A1",30027,3002,"2024-02-27","2024-03-27","USD",93.00,100,"3XS:20|2XS:20|XS:20|S:10|M:10|L:10|XL:10"
280858,"2024-02-07 08:39:53.45","#PO0858",50.00,68.00,93.00,120.90,"2024-02-27","134760387","PO",4,,,,"","ALMA","PO0858A0",30066,4002,"2024-02-27","2024-03-27","USD",93.00,100,"3XS:20|2XS:20|XS:20|S:10|M:10|L:10|XL:10"
280859,"2024-02-07 08:39:53.45","#PO0859",50.00,68.00,93.00,120.90,"2024-02-27","134760387","PO",4,,,,"","ALMA","PO0859A1",30067,5002,"2024-02-27","2024-03-27","USD",93.00,100,"3XS:20|2XS:20|XS:20|S:10|M:10|L:10|XL:10"
280860,"2024-02-07 08:39:53.45","#PO0860",50.00,68.00,93.00,120.90,"2024-02-27","134760387","PO",4,,,,"","ALMA","PO0860A0",30068,6002,"2024-02-27","2024-03-27","USD",93.00,100,"3XS:20|2XS:20|XS:20|S:10|M:10|L:10|XL:10"
280861,"2024-02-07 08:39:53.45","#PO0861",50.00,68.00,93.00,120.90,"2024-02-27","134760387","PO",4,,,,"","ALMA","PO0861A1",30069,8002,"2024-02-27","2024-03-27","USD",93.00,100,"3XS:20|2XS:20|XS:20|S:10|M:10|L:10|XL:10"
280862,"2024-02-07 08:39:53.45","#PO0862",50.00,68.00,93.00,120.90,"2024-02-27","134760388","PO",4,,,,"","ALMA","PO0862A1",30025,1002,"2024-02-27","2024-03-27","USD",93.00,100,"3XS:20|2XS:20|XS:20|S:10|M:10|L:10|XL:10"
280863,"2024-02-07 08:39:53.45","#PO0863",50.00,68.00,93.00,120.90,"2024-02-27","134760388","PO",4,,,,"","ALMA","PO0863A0",30026,1016,"2024-02-27","2024-03-27","USD",93.00,100,"3XS:20|2XS:20|XS:20|S:10|M:10|L:10|XL:10"
280864,"2024-02-07 08:39:53.45","#PO0864",50.00,68.00,93.00,120.90,"2024-02-27","134760388","PO",4,,,,"","ALMA","PO0864A1",30027,3002,"2024-02-27","2024-03-27","USD",93.00,100,"3XS:20|2XS:20|XS:20|S:10|M:10|L:10|XL:10"
280865,"2024-02-07 08:39:53.45","#PO0865",50.00,68.00,93.00,120.90,"2024-02-27","134760388","PO",4,,,,"","ALMA","PO0865A0",30066,4002,"2024-02-27","2024-03-27","USD",93.00,100,"3XS:20|2XS:20|XS:20|S:10|M:10|L:10|XL:10"
280866,"2024-02-07 08:39:53.45","#PO0866",50.00,68.00,93.00,120.90,"2024-02-27","134760388","PO",4,,,,"","ALMA","PO0866A1",30067,5002,"2024-02-27","2024-03-27","USD",93.00,100,"3XS:20|2XS:20|XS:20|S:10|M:10|L:10|XL:10"
280867,"2024-02-07 08:39:53.45","#PO0867",50.00,68.00,93.00,120.90,"2024-02-27","134760388","PO",4,,,,"","ALMA","PO0867A0",30068,6002,"2024-02-27","2024-03-27","USD",93.00,100,"3XS:20|2XS:20|XS:20|S:10|M:10|L:10|XL:10"
280868,"2024-02-07 08:39:53.45","#PO0868",50.00,68.00,93.00,120.90,"2024-02-27","134760388","PO",4,,,,"","ALMA","PO0868A1",30069,8002,"2024-02-27","2024-03-27","USD",93.00,100,"3XS:20|2XS:20|XS:20|S:10|M:10|L:10|XL:10"
280869,"2024-02-07 08:39:53.45","#PO0869",50.00,68.00,93.00,120.90,"2024-02-27","134760389","PO",4,,,,"","ALMA","PO0869A1",30025,1002,"2024-02-27","2024-03-27","USD",93.00,100,"3XS:20|2XS:20|XS:20|S:10|M:10|L:10|XL:10"
280870,"2024-02-07 08:39:53.45","#PO0870",50.00,68.00,93.00,120.90,"2024-02-27","134760389","PO",4,,,,"","ALMA","PO0870A0",30026,1016,"2024-02-27","2024-03-27","USD",93.00,100,"3XS:20|2XS:20|XS:20|S:10|M:10|L:10|XL:10"
280871,"2024-02-07 08:39:53.45","#PO0871",50.00,68.00,93.00,120.90,"2024-02-27","134760389","PO",4,,,,"","ALMA","PO0871A1",30027,3002,"2024-02-27","2024-03-27","USD",93.00,100,"3XS:20|2XS:20|XS:20|S:10|M:10|L:10|XL:10"
280872,"2024-02-07 08:39:53.45","#PO0872",50.00,68.00,93.00,120.90,"2024-02-27","134760389","PO",4,,,,"","ALMA","PO0872A0",30066,4002,"2024-02-27","2024-03-27","USD",93.00,100,"3XS:20|2XS:20|XS:20|S:10|M:10|L:10|XL:10"
280873,"2024-02-07 08:39:53.45","#PO0873",50.00,68.00,93.00,120.90,"2024-02-27","134760389","PO",4,,,,"","ALMA","PO0873A1",30067,5002,"2024-02-27","2024-03-27","USD",93.00,100,"3XS:20|2XS:20|XS:20|S:10|M:10|L:10|XL:10"
280874,"2024-02-07 08:39:53.45","#PO0874",50.00,68.00,93.00,120.90,"2024-02-27","134760389","PO",4,,,,"","ALMA","PO0874A0",30068,6002,"2024-02-27","2024-03-27","USD",93.00,100,"3XS:20|2XS:20|XS:20|S:10|M:10|L:10|XL:10"
280875,"2024-02-07 08:39:53.45","#PO0875",50.00,68.00,93.00,120.90,"2024-02-27","134760389","PO",4,,,,"","ALMA","PO0875A1",30069,8002,"2024-02-27","2024-03-27","USD",93.00,100,"3XS:20|2XS:20|XS:20|S:10|M:10|L:10|XL:10"
280876,"2024-02-07 08:39:53.45","#PO0876",50.00,68.00,93.00,120.90,"2024-02-27","134760390","PO",4,,,,"","ALMA","PO0876A1",30025,1002,"2024-02-27","2024-03-27","USD",93.00,100,"3XS:20|2XS:20|XS:20|S:10|M:10|L:10|XL:10"
280877,"2024-02-07 08:39:53.45","#PO0877",50.00,68.00,93.00,120.90,"2024-02-27","134760390","PO",4,,,,"","ALMA","PO0877A0",30026,1016,"2024-02-27","2024-03-27","USD",93.00,100,"3XS:20|2XS:20|XS:20|S:10|M:10|L:10|XL:10"
280878,"2024-02-07 08:39:53.45","#PO0878",50.00,68.00,93.00,120.90,"2024-02-27","134760390","PO",4,,,,"","ALMA","PO0878A1",30027,3002,"2024-02-27","2024-03-27","USD",93.00,100,"3XS:20|2XS:20|XS:20|S:10|M:10|L:10|XL:10"
280879,"2024-02-07 08:39:53.45","#PO0879",50.00,68.00,93.00,120.90,"2024-02-27","134760390","PO",4,,,,"","ALMA","PO0879A0",30066,4002,"2024-02-27","2024-03-27","USD",93.00,100,"3XS:20|2XS:20|XS:20|S:10|M:10|L:10|XL:10"
280880,"2024-02-07 08:39:53.45","#PO0880",50.00,68.00,93.00,120.90,"2024-02-27","134760390","PO",4,,,,"","ALMA","PO0880A1",30067,5002,"2024-02-27","2024-03-27","USD",93.00,100,"3XS:20|2XS:20|XS:20|S:10|M:10|L:10|XL:10"
280881,"2024-02-07 08:39:53.45","#PO0881",50.00,68.00,93.00,120.90,"2024-02-27","134760390","PO",4,,,,"","ALMA","PO0881A0",30068,6002,"2024-02-27","2024-03-27","USD",93.00,100,"3XS:20|2XS:20|XS:20|S:10|M:10|L:10|XL:10"
280882,"2024-02-07 08:39:53.45","#PO0882",50.00,68.00,93.00,120.90,"2024-02-27","134760390","PO",4,,,,"","ALMA","PO0882A1",30069,8002,"2024-02-27","2024-03-27","USD",93.00,100,"3XS:20|2XS:20|XS:20|S:10|M:10|L:10|XL:10"
280883,"2024-02-07 08:39:53.45","#PO0883",50.00,68.00,93.00,120.90,"2024-02-27","134760391","PO",4,,,,"","ALMA","PO0883A1",30025,1002,"2024-02-27","2024-03-27","USD",93.00,100,"3XS:20|2XS:20|XS:20|S:10|M:10|L:10|XL:10"
280884,"2024-02-07 08:39:53.45","#PO0884",50.00,68.00,93.00,120.90,"2024-02-27","134760391","PO",4,,,,"","ALMA","PO0884A0",30026,1016,"2024-02-27","2024-03-27","USD",93.00,100,"3XS:20|2XS:20|XS:20|S:10|M:10|L:10|XL:10"
280885,"2024-02-07 08:39:53.45","#PO0885",50.00,68.00,93.00,120.90,"2024-02-27","134760391","PO",4,,,,"","ALMA","PO0885A1",30027,3002,"2024-02-27","2024-03-27","USD",93.00,100,"3XS:20|2XS:20|XS:20|S:10|M:10|L:10|XL:10"
280886,"2024-02-07 08:39:53.45","#PO0886",50.00,68.00,93.00,120.90,"2024-02-27","134760391","PO",4,,,,"","ALMA","PO0886A0",30066,4002,"2024-02-27","2024-03-27","USD",93.00,100,"3XS:20|2XS:20|XS:20|S:10|M:10|L:10|XL:10"
280887,"2024-02-07 08:39:53.45","#PO0887",50.00,68.00,93.00,120.90,"2024-02-27","134760391","PO",4,,,,"","ALMA","PO0887A1",30067,5002,"2024-02-27","2024-03-27","USD",93.00,100,"3XS:20|2XS:20|XS:20|S:10|M:10|L:10|XL:10"
280888,"2024-02-07 08:39:53.45","#PO0888",50.00,68.00,93.00,120.90,"2024-02-27","134760391","PO",4,,,,"","ALMA","PO0888A0",30068,6002,"2024-02-27","2024-03-27","USD",93.00,100,"3XS:20|2XS:20|XS:20|S:10|M:10|L:10|XL:10"
280889,"2024-02-07 08:39:53.45","#PO0889",50.00,68.00,93.00,120.90,"2024-02-27","134760391","PO",4,,,,"","ALMA","PO0889A1",30069,8002,"2024-02-27","2024-03-27","USD",93.00,100,"3XS:20|2XS:20|XS:20|S:10|M:10|L:10|XL:10"
280890,"2024-02-07 08:39:53.45","#PO0890",50.00,68.00,93.00,120.90,"2024-02-27","134760392","PO",4,,,,"","ALMA","PO0890A1",30025,1002,"2024-02-27","2024-03-27","USD",93.00,100,"3XS:20|2XS:20|XS:20|S:10|M:10|L:10|XL:10"
280891,"2024-02-07 08:39:53.45","#PO0891",50.00,68.00,93.00,120.90,"2024-02-27","134760392","PO",4,,,,"","ALMA","PO0891A0",30026,1016,"2024-02-27","2024-03-27","USD",93.00,100,"3XS:20|2XS:20|XS:20|S:10|M:10|L:10|XL:10"
280892,"2024-02-07 08:39:53.45","#PO0892",50.00,68.00,93.00,120.90,"2024-02-27","134760392","PO",4,,,,"","ALMA","PO0892A1",30027,3002,"2024-02-27","2024-03-27","USD",93.00,100,"3XS:20|2XS:20|XS:20|S:10|M:10|L:10|XL:10"
280893,"2024-02-07 08:39:53.45","#PO0893",50.00,68.00,93.00,120.90,"2024-02-27","134760392","PO",4,,,,"","ALMA","PO0893A0",30066,4002,"2024-02-27","2024-03-27","USD",93.00,100,"3XS:20|2XS:20|XS:20|S:10|M:10|L:10|XL:10"
280894,"2024-02-07 08:39:53.45","#PO0894",50.00,68.00,93.00,120.90,"2024-02-27","134760392","PO",4,,,,"","ALMA","PO0894A1",30067,5002,"2024-02-27","2024-03-27","USD",93.00,100,"3XS:20|2XS:20|XS:20|S:10|M:10|L:10|XL:10"
280895,"2024-02-07 08:39:53.45","#PO0895",50.00,68.00,93.00,120.90,"2024-02-27","134760392","PO",4,,,,"","ALMA","PO0895A0",30068,6002,"2024-02-27","2024-03-27","USD",93.00,100,"3XS:20|2XS:20|XS:20|S:10|M:10|L:10|XL:10"
280896,"2024-02-07 08:39:53.45","#PO0896",50.00,68.00,93.00,120.90,"2024-02-27","134760392","PO",4,,,,"","ALMA","PO0896A1",30069,8002,"2024-02-27","2024-03-27","USD",93.00,100,"3XS:20|2XS:20|XS:20|S:10|M:10|L:10|XL:10"
280897,"2024-02-07 08:39:53.45","#PO0897",50.00,68.00,93.00,120.90,"2024-02-27","134760393","PO",4,,,,"","ALMA","PO0897A1",30025,1002,"2024-02-27","2024-03-27","USD",93.00,100,"3XS:20|2XS:20|XS:20|S:10|M:10|L:10|XL:10"
280898,"2024-02-07 08:39:53.45","#PO0898",50.00,68.00,93.00,120.90,"2024-02-27","134760393","PO",4,,,,"","ALMA","PO0898A0",30026,1016,"2024-02-27","2024-03-27","USD",93.00,100,"3XS:20|2XS:20|XS:20|S:10|M:10|L:10|XL:10"
280899,"2024-02-07 08:39:53.45","#PO0899",50.00,68.00,93.00,120.90,"2024-02-27","134760393","PO",4,,,,"","ALMA","PO0899A1",30027,3002,"2024-02-27","2024-03-27","USD",93.00,100,"3XS:20|2XS:20|XS:20|S:10|M:10|L:10|XL:10"
280900,"2024-02-07 08:39:53.45","#PO0900",50.00,68.00,93.00,120.90,"2024-02-27","134760393","PO",4,,,,"","ALMA","PO0900A0",30066,4002,"2024-02-27","2024-03-27","USD",93.00,100,"3XS:20|2XS:20|XS:20|S:10|M:10|L:10|XL:10"
280901,"2024-02-07 08:39:53.45","#PO0901",50.00,68.00,93.00,120.90,"2024-02-27","134760393","PO",4,,,,"","ALMA","PO0901A1",30067,5002,"2024-02-27","2024-03-27","USD",93.00,100,"3XS:20|2XS:20|XS:20|S:10|M:10|L:10|XL:10"
280902,"2024-02-07 08:39:53.45","#PO0902",50.00,68.00,93.00,120.90,"2024-02-27","134760393","PO",4,,,,"","ALMA","PO0902A0",30068,6002,"2024-02-27","2024-03-27","USD",93.00,100,"3XS:20|2XS:20|XS:20|S:10|M:10|L:10|XL:10"
280903,"2024-02-07 08:39:53.45","#PO0903",50.00,68.00,93.00,120.90,"2024-02-27","134760393","PO",4,,,,"","ALMA","PO0903A1",30069,8002,"2024-02-27","2024-03-27","USD",93.00,100,"3XS:20|2XS:20|XS:20|S:10|M:10|L:10|XL:10"
280904,"2024-02-07 08:39:53.45","#PO0904",50.00,68.00,93.00,120.90,"2024-02-27","134760394","PO",4,,,,"","ALMA","PO0904A1",30025,1002,"2024-02-27","2024-03-27","USD",93.00,100,"3XS:20|2XS:20|XS:20|S:10|M:10|L:10|XL:10"
280905,"2024-02-07 08:39:53.45","#PO0905",50.00,68.00,93.00,120.90,"2024-02-27","134760394","PO",4,,,,"","ALMA","PO0905A0",30026,1016,"2024-02-27","2024-03-27","USD",93.00,100,"3XS:20|2XS:20|XS:20|S:10|M:10|L:10|XL:10"
280906,"2024-02-07 08:39:53.45","#PO0906",50.00,68.00,93.00,120.90,"2024-02-27","134760394","PO",4,,,,"","ALMA","PO0906A1",30027,3002,"2024-02-27","2024-03-27","USD",93.00,100,"3XS:20|2XS:20|XS:20|S:10|M:10|L:10|XL:10"
280907,"2024-02-07 08:39:53.45","#PO0907",50.00,68.00,93.00,120.90,"2024-02-27","134760394","PO",4,,,,"","ALMA","PO0907A0",30066,4002,"2024-02-27","2024-03-27","USD",93.00,100,"3XS:20|2XS:20|XS:20|S:10|M:10|L:10|XL:10"
280908,"2024-02-07 08:39:53.45","#PO0908",50.00,68.00,93.00,120.90,"2024-02-27","134760394","PO",4,,,,"","ALMA","PO0908A1",30067,5002,"2024-02-27","2024-03-27","USD",93.00,100,"3XS:20|2XS:20|XS:20|S:10|M:10|L:10|XL:10"
280909,"2024-02-07 08:39:53.45","#PO0909",50.00,68.00,93.00,120.90,"2024-02-27","134760394","PO",4,,,,"","ALMA","PO0909A0",30068,6002,"2024-02-27","2024-03-27","USD",93.00,100,"3XS:20|2XS:20|XS:20|S:10|M:10|L:10|XL:10"
280910,"2024-02-07 08:39:53.45","#PO0910",50.00,68.00,93.00,120.90,"2024-02-27","134760394","PO",4,,,,"","ALMA","PO0910A1",30069,8002,"2024-02-27","2024-03-27","USD",93.00,100,"3XS:20|2XS:20|XS:20|S:10|M:10|L:10|XL:10"
280911,"2024-02-07 08:39:53.45","#PO0911",50.00,68.00,93.00,120.90,"2024-02-27","134760395","PO",4,,,,"","ALMA","PO0911A1",30025,1002,"2024-02-27","2024-03-27","USD",93.00,100,"3XS:20|2XS:20|XS:20|S:10|M:10|L:10|XL:10"
280912,"2024-02-07 08:39:53.45","#PO0912",50.00,68.00,93.00,120.90,"2024-02-27","134760395","PO",4,,,,"","ALMA","PO0912A0",30026,1016,"2024-02-27","2024-03-27","USD",93.00,100,"3XS:20|2XS:20|XS:20|S:10|M:10|L:10|XL:10"
280913,"2024-02-07 08:39:53.45","#PO0913",50.00,68.00,93.00,120.90,"2024-02-27","134760395","PO",4,,,,"","ALMA","PO0913A1",30027,3002,"2024-02-27","2024-03-27","USD",93.00,100,"3XS:20|2XS:20|XS:20|S:10|M:10|L:10|XL:10"
280914,"2024-02-07 08:39:53.45","#PO0914",50.00,68.00,93.00,120.90,"2024-02-27","134760395","PO",4,,,,"","ALMA","PO0914A0",30066,4002,"2024-02-27","2024-03-27","USD",93.00,100,"3XS:20|2XS:20|XS:20|S:10|M:10|L:10|XL:10"
280915,"2024-02-07 08:39:53.45","#PO0915",50.00,68.00,93.00,120.90,"2024-02-27","134760395","PO",4,,,,"","ALMA","PO0915A1",30067,5002,"2024-02-27","2024-03-27","USD",93.00,100,"3XS:20|2XS:20|XS:20|S:10|M:10|L:10|XL:10"
280916,"2024-02-07 08:39:53.45","#PO0916",50.00,68.00,93.00,120.90,"2024-02-27","134760395","PO",4,,,,"","ALMA","PO0916A0",30068,6002,"2024-02-27","2024-03-27","USD",93.00,100,"3XS:20|2XS:20|XS:20|S:10|M:10|L:10|XL:10"
280917,"2024-02-07 08:39:53.45","#PO0917",50.00,68.00,93.00,120.90,"2024-02-27","134760395","PO",4,,,,"","ALMA","PO0917A1",30069,8002,"2024-02-27","2024-03-27","USD",93.00,100,"3XS:20|2XS:20|XS:20|S:10|M:10|L:10|XL:10"
280918,"2024-02-07 08:39:53.45","#PO0918",50.00,68.00,93.00,120.90,"2024-02-27","134760396","PO",4,,,,"","ALMA","PO0918A1",30025,1002,"2024-02-27","2024-03-27","USD",93.00,100,"3XS:20|2XS:20|XS:20|S:10|M:10|L:10|XL:10"
280919,"2024-02-07 08:39:53.45","#PO0919",50.00,68.00,93.00,120.90,"2024-02-27","134760396","PO",4,,,,"","ALMA","PO0919A0",30026,1016,"2024-02-27","2024-03-27","USD",93.00,100,"3XS:20|2XS:20|XS:20|S:10|M:10|L:10|XL:10"
280920,"2024-02-07 08:39:53.45","#PO0920",50.00,68.00,93.00,120.90,"2024-02-27","134760396","PO",4,,,,"","ALMA","PO0920A1",30027,3002,"2024-02-27","2024-03-27","USD",93.00,100,"3XS:20|2XS:20|XS:20|S:10|M:10|L:10|XL:10"
280921,"2024-02-07 08:39:53.45","#PO0921",50.00,68.00,93.00,120.90,"2024-02-27","134760396","PO",4,,,,"","ALMA","PO0921A0",30066,4002,"2024-02-27","2024-03-27","USD",93.00,100,"3XS:20|2XS:20|XS:20|S:10|M:10|L:10|XL:10"
280922,"2024-02-07 08:39:53.45","#PO0922",50.00,68.00,93.00,120.90,"2024-02-27","134760396","PO",4,,,,"","ALMA","PO0922A1",30067,5002,"2024-02-27","2024-03-27","USD",93.00,100,"3XS:20|2XS:20|XS:20|S:10|M:10|L:10|XL:10"
280923,"2024-02-07 08:39:53.45","#PO0923",50.00,68.00,93.00,120.90,"2024-02-27","134760396","PO",4,,,,"","ALMA","PO0923A0",30068,6002,"2024-02-27","2024-03-27","USD",93.00,100,"3XS:20|2XS:20|XS:20|S:10|M:10|L:10|XL:10"
280924,"2024-02-07 08:39:53.45","#PO0924",50.00,68.00,93.00,120.90,"2024-02-27","134760396","PO",4,,,,"","ALMA","PO0924A1",30069,8002,"2024-02-27","2024-03-27","USD",93.00,100,"3XS:20|2XS:20|XS:20|S:10|M:10|L:10|XL:10"
280925,"2024-02-07 08:39:53.45","#PO0925",50.00,68.00,93.00,120.90,"2024-02-27","134760397","PO",4,,,,"","ALMA","PO0925A1",30025,1002,"2024-02-27","2024-03-27","USD",93.00,100,"3XS:20|2XS:20|XS:20|S:10|M:10|L:10|XL:10"
280926,"2024-02-07 08:39:53.45","#PO0926",50.00,68.00,93.00,120.90,"2024-02-27","134760397","PO",4,,,,"","ALMA","PO0926A0",30026,1016,"2024-02-27","2024-03-27","USD",93.00,100,"3XS:20|2XS:20|XS:20|S:10|M:10|L:10|XL:10"
280927,"2024-02-07 08:39:53.45","#PO0927",50.00,68.00,93.00,120.90,"2024-02-27","134760397","PO",4,,,,"","ALMA","PO0927A1",30027,3002,"2024-02-27","2024-03-27","USD",93.00,100,"3XS:20|2XS:20|XS:20|S:10|M:10|L:10|XL:10"
280928,"2024-02-07 08:39:53.45","#PO0928",50.00,68.00,93.00,120.90,"2024-02-27","134760397","PO",4,,,,"","ALMA","PO0928A0",30066,4002,"2024-02-27","2024-03-27","USD",93.00,100,"3XS:20|2XS:20|XS:20|S:10|M:10|L:10|XL:10"
280929,"2024-02-07 08:39:53.45","#PO0929",50.00,68.00,93.00,120.90,"2024-02-27","134760397","PO",4,,,,"","ALMA","PO0929A1",30067,5002,"2024-02-27","2024-03-27","USD",93.00,100,"3XS:20|2XS:20|XS:20|S:10|M:10|L:10|XL:10"
280930,"2024-02-07 08:39:53.45","#PO0930",50.00,68.00,93.00,120.90,"2024-02-27","134760397","PO",4,,,,"","ALMA","PO0930A0",30068,6002,"2024-02-27","2024-03-27","USD",93.00,100,"3XS:20|2XS:20|XS:20|S:10|M:10|L:10|XL:10"
280931,"2024-02-07 08:39:53.45","#PO0931",50.00,68.00,93.00,120.90,"2024-02-27","134760397","PO",4,,,,"","ALMA","PO0931A1",30069,8002,"2024-02-27","2024-03-27","USD",93.00,100,"3XS:20|2XS:20|XS:20|S:10|M:10|L:10|XL:10"
280932,"2024-02-07 08:39:53.45","#PO0932",50.00,68.00,93.00,120.90,"2024-02-27","134760398","PO",4,,,,"","ALMA","PO0932A1",30025,1002,"2024-02-27","2024-03-27","USD",93.00,100,"3XS:20|2XS:20|XS:20|S:10|M:10|L:10|XL:10"
280933,"2024-02-07 08:39:53.45","#PO0933",50.00,68.00,93.00,120.90,"2024-02-27","134760398","PO",4,,,,"","ALMA","PO0933A0",30026,1016,"2024-02-27","2024-03-27","USD",93.00,100,"3XS:20|2XS:20|XS:20|S:10|M:10|L:10|XL:10"
280934,"2024-02-07 08:39:53.45","#PO0934",50.00,68.00,93.00,120.90,"2024-02-27","134760398","PO",4,,,,"","ALMA","PO0934A1",30027,3002,"2024-02-27","2024-03-27","USD",93.00,100,"3XS:20|2XS:20|XS:20|S:10|M:10|L:10|XL:10"
280935,"2024-02-07 08:39:53.45","#PO0935",50.00,68.00,93.00,120.90,"2024-02-27","134760398","PO",4,,,,"","ALMA","PO0935A0",30066,4002,"2024-02-27","2024-03-27","USD",93.00,100,"3XS:20|2XS:20|XS:20|S:10|M:10|L:10|XL:10"
280936,"2024-02-07 08:39:53.45","#PO0936",50.00,68.00,93.00,120.90,"2024-02-27","134760398","PO",4,,,,"","ALMA","PO0936A1",30067,5002,"2024-02-27","2024-03-27","USD",93.00,100,"3XS:20|2XS:20|XS:20|S:10|M:10|L:10|XL:10"
280937,"2024-02-07 08:39:53.45","#PO0937",50.00,68.00,93.00,120.90,"2024-02-27","134760398","PO",4,,,,"","ALMA","PO0937A0",30068,6002,"2024-02-27","2024-03-27","USD",93.00,100,"3XS:20|2XS:20|XS:20|S:10|M:10|L:10|XL:10"
280938,"2024-02-07 08:39:53.45","#PO0938",50.00,68.00,93.00,120.90,"2024-02-27","134760398","PO",4,,,,"","ALMA","PO0938A1",30069,8002,"2024-02-27","2024-03-27","USD",93.00,100,"3XS:20|2XS:20|XS:20|S:10|M:10|L:10|XL:10"
280939,"2024-02-07 08:39:53.45","#PO0939",50.00,68.00,93.00,120.90,"2024-02-27","134760399","PO",4,,,,"","ALMA","PO0939A1",30025,1002,"2024-02-27","2024-03-27","USD",93.00,100,"3XS:20|2XS:20|XS:20|S:10|M:10|L:10|XL:10"
280940,"2024-02-07 08:39:53.45","#PO0940",50.00,68.00,93.00,120.90,"2024-02-27","134760399","PO",4,,,,"","ALMA","PO0940A0",30026,1016,"2024-02-27","2024-03-27","USD",93.00,100,"3XS:20|2XS:20|XS:20|S:10|M:10|L:10|XL:10"
280941,"2024-02-07 08:39:53.45","#PO0941",50.00,68.00,93.00,120.90,"2024-02-27","134760399","PO",4,,,,"","ALMA","PO0941A1",30027,3002,"2024-02-27","2024-03-27","USD",93.00,100,"3XS:20|2XS:20|XS:20|S:10|M:10|L:10|XL:10"
280942,"2024-02-07 08:39:53.45","#PO0942",50.00,68.00,93.00,120.90,"2024-02-27","134760399","PO",4,,,,"","ALMA","PO0942A0",30066,4002,"2024-02-27","2024-03-27","USD",93.00,100,"3XS:20|2XS:20|XS:20|S:10|M:10|L:10|XL:10"
280943,"2024-02-07 08:39:53.45","#PO0943",50.00,68.00,93.00,120.90,"2024-02-27","134760399","PO",4,,,,"","ALMA","PO0943A1",30067,5002,"2024-02-27","2024-03-27","USD",93.00,100,"3XS:20|2XS:20|XS:20|S:10|M:10|L:10|XL:10"
280944,"2024-02-07 08:39:53.45","#PO0944",50.00,68.00,93.00,120.90,"2024-02-27","134760399","PO",4,,,,"","ALMA","PO0944A0",30068,6002,"2024-02-27","2024-03-27","USD",93.00,100,"3XS:20|2XS:20|XS:20|S:10|M:10|L:10|XL:10"
280945,"2024-02-07 08:39:53.45","#PO0945",50.00,68.00,93.00,120.90,"2024-02-27","134760399","PO",4,,,,"","ALMA","PO0945A1",30069,8002,"2024-02-27","2024-03-27","USD",93.00,100,"3XS:20|2XS:20|XS:20|S:10|M:10|L:10|XL:10"
280946,"2024-02-07 08:39:53.45","#PO0946",50.00,68.00,93.00,120.90,"2024-02-27","134760400","PO",4,,,,"","ALMA","PO0946A1",30025,1002,"2024-02-27","2024-03-27","USD",93.00,100,"3XS:20|2XS:20|XS:20|S:10|M:10|L:10|XL:10"
280947,"2024-02-07 08:39:53.45","#PO0947",50.00,68.00,93.00,120.90,"2024-02-27","134760400","PO",4,,,,"","ALMA","PO0947A0",30026,1016,"2024-02-27","2024-03-27","USD",93.00,100,"3XS:20|2XS:20|XS:20|S:10|M:10|L:10|XL:10"
280948,"2024-02-07 08:39:53.45","#PO0948",50.00,68.00,93.00,120.90,"2024-02-27","134760400","PO",4,,,,"","ALMA","PO0948A1",30027,3002,"2024-02-27","2024-03-27","USD",93.00,100,"3XS:20|2XS:20|XS:20|S:10|M:10|L:10|XL:10"
280949,"2024-02-07 08:39:53.45","#PO0949",50.00,68.00,93.00,120.90,"2024-02-27","134760400","PO",4,,,,"","ALMA","PO0949A0",30066,4002,"2024-02-27","2024-03-27","USD",93.00,100,"3XS:20|2XS:20|XS:20|S:10|M:10|L:10|XL:10"
280950,"2024-02-07 08:39:53.45","#PO0950",50.00,68.00,93.00,120.90,"2024-02-27","134760400","PO",4,,,,"","ALMA","PO0950A1",30067,5002,"2024-02-27","2024-03-27","USD",93.00,100,"3XS:20|2XS:20|XS:20|S:10|M:10|L:10|XL:10"
280951,"2024-02-07 08:39:53.45","#PO0951",50.00,68.00,93.00,120.90,"2024-02-27","134760400","PO",4,,,,"","ALMA","PO0951A0",30068,6002,"2024-02-27","2024-03-27","USD",93.00,100,"3XS:20|2XS:20|XS:20|S:10|M:10|L:10|XL:10"
280952,"2024-02-07 08:39:53.45","#PO0952",50.00,68.00,93.00,120.90,"2024-02-27","134760400","PO",4,,,,"","ALMA","PO0952A1",30069,8002,"2024-02-27","2024-03-27","USD",93.00,100,"3XS:20|2XS:20|XS:20|S:10|M:10|L:10|XL:10"
280953,"2024-02-07 08:39:53.45","#PO0953",50.00,68.00,93.00,120.90,"2024-02-27","134760401","PO",4,,,,"","ALMA","PO0953A1",30025,1002,"2024-02-27","2024-03-27","USD",93.00,100,"3XS:20|2XS:20|XS:20|S:10|M:10|L:10|XL:10"
280954,"2024-02-07 08:39:53.45","#PO0954",50.00,68.00,93.00,120.90,"2024-02-27","134760401","PO",4,,,,"","ALMA","PO0954A0",30026,1016,"2024-02-27","2024-03-27","USD",93.00,100,"3XS:20|2XS:20|XS:20|S:10|M:10|L:10|XL:10"
280955,"2024-02-07 08:39:53.45","#PO0955",50.00,68.00,93.00,120.90,"2024-02-27","134760401","PO",4,,,,"","ALMA","PO0955A1",30027,3002,"2024-02-27","2024-03-27","USD",93.00,100,"3XS:20|2XS:20|XS:20|S:10|M:10|L:10|XL:10"
280956,"2024-02-07 08:39:53.45","#PO0956",50.00,68.00,93.00,120.90,"2024-02-27","134760401","PO",4,,,,"","ALMA","PO0956A0",30066,4002,"2024-02-27","2024-03-27","USD",93.00,100,"3XS:20|2XS:20|XS:20|S:10|M:10|L:10|XL:10"
280957,"2024-02-07 08:39:53.45","#PO0957",50.00,68.00,93.00,120.90,"2024-02-27","134760401","PO",4,,,,"","ALMA","PO0957A1",30067,5002,"2024-02-27","2024-03-27","USD",93.00,100,"3XS:20|2XS:20|XS:20|S:10|M:10|L:10|XL:10"
280958,"2024-02-07 08:39:53.45","#PO0958",50.00,68.00,93.00,120.90,"2024-02-27","134760401","PO",4,,,,"","ALMA","PO0958A0",30068,6002,"2024-02-27","2024-03-27","USD",93.00,100,"3XS:20|2XS:20|XS:20|S:10|M:10|L:10|XL:10"
280959,"2024-02-07 08:39:53.45","#PO0959",50.00,68.00,93.00,120.90,"2024-02-27","134760401","PO",4,,,,"","ALMA","PO0959A1",30069,8002,"2024-02-27","2024-03-27","USD",93.00,100,"3XS:20|2XS:20|XS:20|S:10|M:10|L:10|XL:10"
280960,"2024-02-07 08:39:53.45","#PO0960",50.00,68.00,93.00,120.90,"2024-02-27","134760402","PO",4,,,,"","ALMA","PO0960A1",30025,1002,"2024-02-27","2024-03-27","USD",93.00,100,"3XS:20|2XS:20|XS:20|S:10|M:10|L:10|XL:10"
280961,"2024-02-07 08:39:53.45","#PO0961",50.00,68.00,93.00,120.90,"2024-02-27","134760402","PO",4,,,,"","ALMA","PO0961A0",30026,1016,"2024-02-27","2024-03-27","USD",93.00,100,"3XS:20|2XS:20|XS:20|S:10|M:10|L:10|XL:10"
280962,"2024-02-07 08:39:53.45","#PO0962",50.00,68.00,93.00,120.90,"2024-02-27","134760402","PO",4,,,,"","ALMA","PO0962A1",30027,3002,"2024-02-27","2024-03-27","USD",93.00,100,"3XS:20|2XS:20|XS:20|S:10|M:10|L:10|XL:10"
280963,"2024-02-07 08:39:53.45","#PO0963",50.00,68.00,93.00,120.90,"2024-02-27","134760402","PO",4,,,,"","ALMA","PO0963A0",30066,4002,"2024-02-27","2024-03-27","USD",93.00,100,"3XS:20|2XS:20|XS:20|S:10|M:10|L:10|XL:10"
280964,"2024-02-07 08:39:53.45","#PO0964",50.00,68.00,93.00,120.90,"2024-02-27","134760402","PO",4,,,,"","ALMA","PO0964A1",30067,5002,"2024-02-27","2024-03-27","USD",93.00,100,"3XS:20|2XS:20|XS:20|S:10|M:10|L:10|XL:10"
280965,"2024-02-07 08:39:53.45","#PO0965",50.00,68.00,93.00,120.90,"2024-02-27","134760402","PO",4,,,,"","ALMA","PO0965A0",30068,6002,"2024-02-27","2024-03-27","USD",93.00,100,"3XS:20|2XS:20|XS:20|S:10|M:10|L:10|XL:10"
280966,"2024-02-07 08:39:53.45","#PO0966",50.00,68.00,93.00,120.90,"2024-02-27","134760402","PO",4,,,,"","ALMA","PO0966A1",30069,8002,"2024-02-27","2024-03-27","USD",93.00,100,"3XS:20|2XS:20|XS:20|S:10|M:10|L:10|XL:10"
280967,"2024-02-07 08:39:53.45","#PO0967",50.00,68.00,93.00,120.90,"2024-02-27","134760403","PO",4,,,,"","ALMA","PO0967A1",30025,1002,"2024-02-27","2024-03-27","USD",93.00,100,"3XS:20|2XS:20|XS:20|S:10|M:10|L:10|XL:10"
280968,"2024-02-07 08:39:53.45","#PO0968",50.00,68.00,93.00,120.90,"2024-02-27","134760403","PO",4,,,,"","ALMA","PO0968A0",30026,1016,"2024-02-27","2024-03-27","USD",93.00,100,"3XS:20|2XS:20|XS:20|S:10|M:10|L:10|XL:10"
280969,"2024-02-07 08:39:53.45","#PO0969",50.00,68.00,93.00,120.90,"2024-02-27","134760403","PO",4,,,,"","ALMA","PO0969A1",30027,3002,"2024-02-27","2024-03-27","USD",93.00,100,"3XS:20|2XS:20|XS:20|S:10|M:10|L:10|XL:10"
280970,"2024-02-07 08:39:53.45","#PO0970",50.00,68.00,93.00,120.90,"2024-02-27","134760403","PO",4,,,,"","ALMA","PO0970A0",30066,4002,"2024-02-27","2024-03-27","USD",93.00,100,"3XS:20|2XS:20|XS:20|S:10|M:10|L:10|XL:10"
280971,"2024-02-07 08:39:53.45","#PO0971",50.00,68.00,93.00,120.90,"2024-02-27","134760403","PO",4,,,,"","ALMA","PO0971A1",30067,5002,"2024-02-27","2024-03-27","USD",93.00,100,"3XS:20|2XS:20|XS:20|S:10|M:10|L:10|XL:10"
280972,"2024-02-07 08:39:53.45","#PO0972",50.00,68.00,93.00,120.90,"2024-02-27","134760403","PO",4,,,,"","ALMA","PO0972A0",30068,6002,"2024-02-27","2024-03-27","USD",93.00,100,"3XS:20|2XS:20|XS:20|S:10|M:10|L:10|XL:10"
280973,"2024-02-07 08:39:53.45","#PO0973",50.00,68.00,93.00,120.90,"2024-02-27","134760403","PO",4,,,,"","ALMA","PO0973A1",30069,8002,"2024-02-27","2024-03-27","USD",93.00,100,"3XS:20|2XS:20|XS:20|S:10|M:10|L:10|XL:10"
280974,"2024-02-07 08:39:53.45","#PO0974",50.00,68.00,93.00,120.90,"2024-02-27","134760404","PO",4,,,,"","ALMA","PO0974A1",30025,1002,"2024-02-27","2024-03-27","USD",93.00,100,"3XS:20|2XS:20|XS:20|S:10|M:10|L:10|XL:10"
280975,"2024-02-07 08:39:53.45","#PO0975",50.00,68.00,93.00,120.90,"2024-02-27","134760404","PO",4,,,,"","ALMA","PO0975A0",30026,1016,"2024-02-27","2024-03-27","USD",93.00,100,"3XS:20|2XS:20|XS:20|S:10|M:10|L:10|XL:10"
280976,"2024-02-07 08:39:53.45","#PO0976",50.00,68.00,93.00,120.90,"2024-02-27","134760404","PO",4,,,,"","ALMA","PO0976A1",30027,3002,"2024-02-27","2024-03-27","USD",93.00,100,"3XS:20|2XS:20|XS:20|S:10|M:10|L:10|XL:10"
280977,"2024-02-07 08:39:53.45","#PO0977",50.00,68.00,93.00,120.90,"2024-02-27","134760404","PO",4,,,,"","ALMA","PO0977A0",30066,4002,"2024-02-27","2024-03-27","USD",93.00,100,"3XS:20|2XS:20|XS:20|S:10|M:10|L:10|XL:10"
280978,"2024-02-07 08:39:53.45","#PO0978",50.00,68.00,93.00,120.90,"2024-02-27","134760404","PO",4,,,,"","ALMA","PO0978A1",30067,5002,"2024-02-27","2024-03-27","USD",93.00,100,"3XS:20|2XS:20|XS:20|S:10|M:10|L:10|XL:10"
280979,"2024-02-07 08:39:53.45","#PO0979",50.00,68.00,93.00,120.90,"2024-02-27","134760404","PO",4,,,,"","ALMA","PO0979A0",30068,6002,"2024-02-27","2024-03-27","USD",93.00,100,"3XS:20|2XS:20|XS:20|S:10|M:10|L:10|XL:10"
280980,"2024-02-07 08:39:53.45","#PO0980",50.00,68.00,93.00,120.90,"2024-02-27","134760404","PO",4,,,,"","ALMA","PO0980A1",30069,8002,"2024-02-27","2024-03-27","USD",93.00,100,"3XS:20|2XS:20|XS:20|S:10|M:10|L:10|XL:10"
280981,"2024-02-07 08:39:53.45","#PO0981",50.00,68.00,93.00,120.90,"2024-02-27","134760405","PO",4,,,,"","ALMA","PO0981A1",30025,1002,"2024-02-27","2024-03-27","USD",93.00,100,"3XS:20|2XS:20|XS:20|S:10|M:10|L:10|XL:10"
280982,"2024-02-07 08:39:53.45","#PO0982",50.00,68.00,93.00,120.90,"2024-02-27","134760405","PO",4,,,,"","ALMA","PO0982A0",30026,1016,"2024-02-27","2024-03-27","USD",93.00,100,"3XS:20|2XS:20|XS:20|S:10|M:10|L:10|XL:10"
280983,"2024-02-07 08:39:53.45","#PO0983",50.00,68.00,93.00,120.90,"2024-02-27","134760405","PO",4,,,,"","ALMA","PO0983A1",30027,3002,"2024-02-27","2024-03-27","USD",93.00,100,"3XS:20|2XS:20|XS:20|S:10|M:10|L:10|XL:10"
280984,"2024-02-07 08:39:53.45","#PO0984",50.00,68.00,93.00,120.90,"2024-02-27","134760405","PO",4,,,,"","ALMA","PO0984A0",30066,4002,"2024-02-27","2024-03-27","USD",93.00,100,"3XS:20|2XS:20|XS:20|S:10|M:10|L:10|XL:10"
280985,"2024-02-07 08:39:53.45","#PO0985",50.00,68.00,93.00,120.90,"2024-02-27","134760405","PO",4,,,,"","ALMA","PO0985A1",30067,5002,"2024-02-27","2024-03-27","USD",93.00,100,"3XS:20|2XS:20|XS:20|S:10|M:10|L:10|XL:10"
280986,"2024-02-07 08:39:53.45","#PO0986",50.00,68.00,93.00,120.90,"2024-02-27","134760405","PO",4,,,,"","ALMA","PO0986A0",30068,6002,"2024-02-27","2024-03-27","USD",93.00,100,"3XS:20|2XS:20|XS:20|S:10|M:10|L:10|XL:10"
280987,"2024-02-07 08:39:53.45","#PO0987",50.00,68.00,93.00,120.90,"2024-02-27","134760405","PO",4,,,,"","ALMA","PO0987A1",30069,8002,"2024-02-27","2024-03-27","USD",93.00,100,"3XS:20|2XS:20|XS:20|S:10|M:10|L:10|XL:10"
280988,"2024-02-07 08:39:53.45","#PO0988",50.00,68.00,93.00,120.90,"2024-02-27","134760406","PO",4,,,,"","ALMA","PO0988A1",30025,1002,"2024-02-27","2024-03-27","USD",93.00,100,"3XS:20|2XS:20|XS:20|S:10|M:10|L:10|XL:10"
280989,"2024-02-07 08:39:53.45","#PO0989",50.00,68.00,93.00,120.90,"2024-02-27","134760406","PO",4,,,,"","ALMA","PO0989A0",30026,1016,"2024-02-27","2024-03-27","USD",93.00,100,"3XS:20|2XS:20|XS:20|S:10|M:10|L:10|XL:10"
280990,"2024-02-07 08:39:53.45","#PO0990",50.00,68.00,93.00,120.90,"2024-02-27","134760406","PO",4,,,,"","ALMA","PO0990A1",30027,3002,"2024-02-27","2024-03-27","USD",93.00,100,"3XS:20|2XS:20|XS:20|S:10|M:10|L:10|XL:10"
280991,"2024-02-07 08:39:53.45","#PO0991",50.00,68.00,93.00,120.90,"2024-02-27","134760406","PO",4,,,,"","ALMA","PO0991A0",30066,4002,"2024-02-27","2024-03-27","USD",93.00,100,"3XS:20|2XS:20|XS:20|S:10|M:10|L:10|XL:10"
280992,"2024-02-07 08:39:53.45","#PO0992",50.00,68.00,93.00,120.90,"2024-02-27","134760406","PO",4,,,,"","ALMA","PO0992A1",30067,5002,"2024-02-27","2024-03-27","USD",93.00,100,"3XS:20|2XS:20|XS:20|S:10|M:10|L:10|XL:10"
280993,"2024-02-07 08:39:53.45","#PO0993",50.00,68.00,93.00,120.90,"2024-02-27","134760406","PO",4,,,,"","ALMA","PO0993A0",30068,6002,"2024-02-27","2024-03-27","USD",93.00,100,"3XS:20|2XS:20|XS:20|S:10|M:10|L:10|XL:10"
280994,"2024-02-07 08:39:53.45","#PO0994",50.00,68.00,93.00,120.90,"2024-02-27","134760406","PO",4,,,,"","ALMA","PO0994A1",30069,8002,"2024-02-27","2024-03-27","USD",93.00,100,"3XS:20|2XS:20|XS:20|S:10|M:10|L:10|XL:10"
280995,"2024-02-07 08:39:53.45","#PO0995",50.00,68.00,93.00,120.90,"2024-02-27","134760407","PO",4,,,,"","ALMA","PO0995A1",30025,1002,"2024-02-27","2024-03-27","USD",93.00,100,"3XS:20|2XS:20|XS:20|S:10|M:10|L:10|XL:10"
280996,"2024-02-07 08:39:53.45","#PO0996",50.00,68.00,93.00,120.90,"2024-02-27","134760407","PO",4,,,,"","ALMA","PO0996A0",30026,1016,"2024-02-27","2024-03-27","USD",93.00,100,"3XS:20|2XS:20|XS:20|S:10|M:10|L:10|XL:10"
280997,"2024-02-07 08:39:53.45","#PO0997",50.00,68.00,93.00,120.90,"2024-02-27","134760407","PO",4,,,,"","ALMA","PO0997A1",30027,3002,"2024-02-27","2024-03-27","USD",93.00,100,"3XS:20|2XS:20|XS:20|S:10|M:10|L:10|XL:10"
280998,"2024-02-07 08:39:53.45","#PO0998",50.00,68.00,93.00,120.90,"2024-02-27","134760407","PO",4,,,,"","ALMA","PO0998A0",30066,4002,"2024-02-27","2024-03-27","USD",93.00,100,"3XS:20|2XS:20|XS:20|S:10|M:10|L:10|XL:10"
280999,"2024-02-07 08:39:53.45","#PO0999",50.00,68.00,93.00,120.90,"2024-02-27","134760407","PO",4,,,,"","ALMA","PO0999A1",30067,5002,"2024-02-27","2024-03-27","USD",93.00,100,"3XS:20|2XS:20|XS:20|S:10|M:10|L:10|XL:10"
281000,"2024-02-07 08:39:53.45","#PO1000",50.00,68.00,93.00,120.90,"2024-02-27","134760407","PO",4,,,,"","ALMA","PO1000A0",30068,6002,"2024-02-27","2024-03-27","USD",93.00,100,"3XS:20|2XS:20|XS:20|S:10|M:10|L:10|XL:10"
281001,"2024-02-07 08:39:53.45","#PO1001",50.00,68.00,93.00,120.90,"2024-02-27","134760407","PO",4,,,,"","ALMA","PO1001A1",30069,8002,"2024-02-27","2024-03-27","USD",93.00,100,"3XS:20|2XS:20|XS:20|S:10|M:10|L:10|XL:10"
281002,"2024-02-07 08:39:53.45","#PO1002",50.00,68.00,93.00,120.90,"2024-02-27","134760408","PO",4,,,,"","ALMA","PO1002A1",30025,1002,"2024-02-27","2024-03-27","USD",93.00,100,"3XS:20|2XS:20|XS:20|S:10|M:10|L:10|XL:10"
281003,"2024-02-07 08:39:53.45","#PO1003",50.00,68.00,93.00,120.90,"2024-02-27","134760408","PO",4,,,,"","ALMA","PO1003A0",30026,1016,"2024-02-27","2024-03-27","USD",93.00,100,"3XS:20|2XS:20|XS:20|S:10|M:10|L:10|XL:10"
281004,"2024-02-07 08:39:53.45","#PO1004",50.00,68.00,93.00,120.90,"2024-02-27","134760408","PO",4,,,,"","ALMA","PO1004A1",30027,3002,"2024-02-27","2024-03-27","USD",93.00,100,"3XS:20|2XS:20|XS:20|S:10|M:10|L:10|XL:10"
281005,"2024-02-07 08:39:53.45","#PO1005",50.00,68.00,93.00,120.90,"2024-02-27","134760408","PO",4,,,,"","ALMA","PO1005A0",30066,4002,"2024-02-27","2024-03-27","USD",93.00,100,"3XS:20|2XS:20|XS:20|S:10|M:10|L:10|XL:10"
281006,"2024-02-07 08:39:53.45","#PO1006",50.00,68.00,93.00,120.90,"2024-02-27","134760408","PO",4,,,,"","ALMA","PO1006A1",30067,5002,"2024-02-27","2024-03-27","USD",93.00,100,"3XS:20|2XS:20|XS:20|S:10|M:10|L:10|XL:10"
281007,"2024-02-07 08:39:53.45","#PO1007",50.00,68.00,93.00,120.90,"2024-02-27","134760408","PO",4,,,,"","ALMA","PO1007A0",30068,6002,"2024-02-27","2024-03-27","USD",93.00,100,"3XS:20|2XS:20|XS:20|S:10|M:10|L:10|XL:10"
281008,"2024-02-07 08:39:53.45","#PO1008",50.00,68.00,93.00,120.90,"2024-02-27","134760408","PO",4,,,,"","ALMA","PO1008A1",30069,8002,"2024-02-27","2024-03-27","USD",93.00,100,"3XS:20|2XS:20|XS:20|S:10|M:10|L:10|XL:10"
281009,"2024-02-07 08:39:53.45","#PO1009",50.00,68.00,93.00,120.90,"2024-02-27","134760409","PO",4,,,,"","ALMA","PO1009A1",30025,1002,"2024-02-27","2024-03-27","USD",93.00,100,"3XS:20|2XS:20|XS:20|S:10|M:10|L:10|XL:10"
281010,"2024-02-07 08:39:53.45","#PO1010",50.00,68.00,93.00,120.90,"2024-02-27","134760409","PO",4,,,,"","ALMA","PO1010A0",30026,1016,"2024-02-27","2024-03-27","USD",93.00,100,"3XS:20|2XS:20|XS:20|S:10|M:10|L:10|XL:10"
281011,"2024-02-07 08:39:53.45","#PO1011",50.00,68.00,93.00,120.90,"2024-02-27","134760409","PO",4,,,,"","ALMA","PO1011A1",30027,3002,"2024-02-27","2024-03-27","USD",93.00,100,"3XS:20|2XS:20|XS:20|S:10|M:10|L:10|XL:10"
281012,"2024-02-07 08:39:53.45","#PO1012",50.00,68.00,93.00,120.90,"2024-02-27","134760409","PO",4,,,,"","ALMA","PO1012A0",30066,4002,"2024-02-27","2024-03-27","USD",93.00,100,"3XS:20|2XS:20|XS:20|S:10|M:10|L:10|XL:10"
281013,"2024-02-07 08:39:53.45","#PO1013",50.00,68.00,93.00,120.90,"2024-02-27","134760409","PO",4,,,,"","ALMA","PO1013A1",30067,5002,"2024-02-27","2024-03-27","USD",93.00,100,"3XS:20|2XS:20|XS:20|S:10|M:10|L:10|XL:10"
281014,"2024-02-07 08:39:53.45","#PO1014",50.00,68.00,93.00,120.90,"2024-02-27","134760409","PO",4,,,,"","ALMA","PO1014A0",30068,6002,"2024-02-27","2024-03-27","USD",93.00,100,"3XS:20|2XS:20|XS:20|S:10|M:10|L:10|XL:10"
281015,"2024-02-07 08:39:53.45","#PO1015",50.00,68.00,93.00,120.90,"2024-02-27","134760409","PO",4,,,,"","ALMA","PO1015A1",30069,8002,"2024-02-27","2024-03-27","USD",93.00,100,"3XS:20|2XS:20|XS:20|S:10|M:10|L:10|XL:10"
281016,"2024-02-07 08:39:53.45","#PO1016",50.00,68.00,93.00,120.90,"2024-02-27","134760410","PO",4,,,,"","ALMA","PO1016A1",30025,1002,"2024-02-27","2024-03-27","USD",93.00,100,"3XS:20|2XS:20|XS:20|S:10|M:10|L:10|XL:10"
281017,"2024-02-07 08:39:53.45","#PO1017",50.00,68.00,93.00,120.90,"2024-02-27","134760410","PO",4,,,,"","ALMA","PO1017A0",30026,1016,"2024-02-27","2024-03-27","USD",93.00,100,"3XS:20|2XS:20|XS:20|S:10|M:10|L:10|XL:10"
281018,"2024-02-07 08:39:53.45","#PO1018",50.00,68.00,93.00,120.90,"2024-02-27","134760410","PO",4,,,,"","ALMA","PO1018A1",30027,3002,"2024-02-27","2024-03-27","USD",93.00,100,"3XS:20|2XS:20|XS:20|S:10|M:10|L:10|XL:10"
281019,"2024-02-07 08:39:53.45","#PO1019",50.00,68.00,93.00,120.90,"2024-02-27","134760410","PO",4,,,,"","ALMA","PO1019A0",30066,4002,"2024-02-27","2024-03-27","USD",93.00,100,"3XS:20|2XS:20|XS:20|S:10|M:10|L:10|XL:10"
281020,"2024-02-07 08:39:53.45","#PO1020",50.00,68.00,93.00,120.90,"2024-02-27","134760410","PO",4,,,,"","ALMA","PO1020A1",30067,5002,"2024-02-27","2024-03-27","USD",93.00,100,"3XS:20|2XS:20|XS:20|S:10|M:10|L:10|XL:10"
281021,"2024-02-07 08:39:53.45","#PO1021",50.00,68.00,93.00,120.90,"2024-02-27","134760410","PO",4,,,,"","ALMA","PO1021A0",30068,6002,"2024-02-27","2024-03-27","USD",93.00,100,"3XS:20|2XS:20|XS:20|S:10|M:10|L:10|XL:10"
281022,"2024-02-07 08:39:53.45","#PO1022",50.00,68.00,93.00,120.90,"2024-02-27","134760410","PO",4,,,,"","ALMA","PO1022A1",30069,8002,"2024-02-27","2024-03-27","USD",93.00,100,"3XS:20|2XS:20|XS:20|S:10|M:10|L:10|XL:10"
281023,"2024-02-07 08:39:53.45","#PO1023",50.00,68.00,93.00,120.90,"2024-02-27","134760411","PO",4,,,,"","ALMA","PO1023A1",30025,1002,"2024-02-27","2024-03-27","USD",93.00,100,"3XS:20|2XS:20|XS:20|S:10|M:10|L:10|XL:10"
281024,"2024-02-07 08:39:53.45","#PO1024",50.00,68.00,93.00,120.90,"2024-02-27","134760411","PO",4,,,,"","ALMA","PO1024A0",30026,1016,"2024-02-27","2024-03-27","USD",93.00,100,"3XS:20|2XS:20|XS:20|S:10|M:10|L:10|XL:10"
281025,"2024-02-07 08:39:53.45","#PO1025",50.00,68.00,93.00,120.90,"2024-02-27","134760411","PO",4,,,,"","ALMA","PO1025A1",30027,3002,"2024-02-27","2024-03-27","USD",93.00,100,"3XS:20|2XS:20|XS:20|S:10|M:10|L:10|XL:10"
281026,"2024-02-07 08:39:53.45","#PO1026",50.00,68.00,93.00,120.90,"2024-02-27","134760411","PO",4,,,,"","ALMA","PO1026A0",30066,4002,"2024-02-27","2024-03-27","USD",93.00,100,"3XS:20|2XS:20|XS:20|S:10|M:10|L:10|XL:10"
281027,"2024-02-07 08:39:53.45","#PO1027",50.00,68.00,93.00,120.90,"2024-02-27","134760411","PO",4,,,,"","ALMA","PO1027A1",30067,5002,"2024-02-27","2024-03-27","USD",93.00,100,"3XS:20|2XS:20|XS:20|S:10|M:10|L:10|XL:10"
281028,"2024-02-07 08:39:53.45","#PO1028",50.00,68.00,93.00,120.90,"2024-02-27","134760411","PO",4,,,,"","ALMA","PO1028A0",30068,6002,"2024-02-27","2024-03-27","USD",93.00,100,"3XS:20|2XS:20|XS:20|S:10|M:10|L:10|XL:10"
281029,"2024-02-07 08:39:53.45","#PO1029",50.00,68.00,93.00,120.90,"2024-02-27","134760411","PO",4,,,,"","ALMA","PO1029A1",30069,8002,"2024-02-27","2024-03-27","USD",93.00,100,"3XS:20|2XS:20|XS:20|S:10|M:10|L:10|XL:10"
281030,"2024-02-07 08:39:53.45","#PO1030",50.00,68.00,93.00,120.90,"2024-02-27","134760412","PO",4,,,,"","ALMA","PO1030A1",30025,1002,"2024-02-27","2024-03-27","USD",93.00,100,"3XS:20|2XS:20|XS:20|S:10|M:10|L:10|XL:10"
281031,"2024-02-07 08:39:53.45","#PO1031",50.00,68.00,93.00,120.90,"2024-02-27","134760412","PO",4,,,,"","ALMA","PO1031A0",30026,1016,"2024-02-27","2024-03-27","USD",93.00,100,"3XS:20|2XS:20|XS:20|S:10|M:10|L:10|XL:10"
281032,"2024-02-07 08:39:53.45","#PO1032",50.00,68.00,93.00,120.90,"2024-02-27","134760412","PO",4,,,,"","ALMA","PO1032A1",30027,3002,"2024-02-27","2024-03-27","USD",93.00,100,"3XS:20|2XS:20|XS:20|S:10|M:10|L:10|XL:10"
281033,"2024-02-07 08:39:53.45","#PO1033",50.00,68.00,93.00,120.90,"2024-02-27","134760412","PO",4,,,,"","ALMA","PO1033A0",30066,4002,"2024-02-27","2024-03-27","USD",93.00,100,"3XS:20|2XS:20|XS:20|S:10|M:10|L:10|XL:10"
281034,"2024-02-07 08:39:53.45","#PO1034",50.00,68.00,93.00,120.90,"2024-02-27","134760412","PO",4,,,,"","ALMA","PO1034A1",30067,5002,"2024-02-27","2024-03-27","USD",93.00,100,"3XS:20|2XS:20|XS:20|S:10|M:10|L:10|XL:10"
281035,"2024-02-07 08:39:53.45","#PO1035",50.00,68.00,93.00,120.90,"2024-02-27","134760412","PO",4,,,,"","ALMA","PO1035A0",30068,6002,"2024-02-27","2024-03-27","USD",93.00,100,"3XS:20|2XS:20|XS:20|S:10|M:10|L:10|XL:10"
281036,"2024-02-07 08:39:53.45","#PO1036",50.00,68.00,93.00,120.90,"2024-02-27","134760412","PO",4,,,,"","ALMA","PO1036A1",30069,8002,"2024-02-27","2024-03-27","USD",93.00,100,"3XS:20|2XS:20|XS:20|S:10|M:10|L:10|XL:10"
281037,"2024-02-07 08:39:53.45","#PO1037",50.00,68.00,93.00,120.90,"2024-02-27","134760413","PO",4,,,,"","ALMA","PO1037A1",30025,1002,"2024-02-27","2024-03-27","USD",93.00,100,"3XS:20|2XS:20|XS:20|S:10|M:10|L:10|XL:10"
281038,"2024-02-07 08:39:53.45","#PO1038",50.00,68.00,93.00,120.90,"2024-02-27","134760413","PO",4,,,,"","ALMA","PO1038A0",30026,1016,"2024-02-27","2024-03-27","USD",93.00,100,"3XS:20|2XS:20|XS:20|S:10|M:10|L:10|XL:10"
281039,"2024-02-07 08:39:53.45","#PO1039",50.00,68.00,93.00,120.90,"2024-02-27","134760413","PO",4,,,,"","ALMA","PO1039A1",30027,3002,"2024-02-27","2024-03-27","USD",93.00,100,"3XS:20|2XS:20|XS:20|S:10|M:10|L:10|XL:10"
281040,"2024-02-07 08:39:53.45","#PO1040",50.00,68.00,93.00,120.90,"2024-02-27","134760413","PO",4,,,,"","ALMA","PO1040A0",30066,4002,"2024-02-27","2024-03-27","USD",93.00,100,"3XS:20|2XS:20|XS:20|S:10|M:10|L:10|XL:10"
281041,"2024-02-07 08:39:53.45","#PO1041",50.00,68.00,93.00,120.90,"2024-02-27","134760413","PO",4,,,,"","ALMA","PO1041A1",30067,5002,"2024-02-27","2024-03-27","USD",93.00,100,"3XS:20|2XS:20|XS:20|S:10|M:10|L:10|XL:10"
281042,"2024-02-07 08:39:53.45","#PO1042",50.00,68.00,93.00,120.90,"2024-02-27","134760413","PO",4,,,,"","ALMA","PO1042A0",30068,6002,"2024-02-27","2024-03-27","USD",93.00,100,"3XS:20|2XS:20|XS:20|S:10|M:10|L:10|XL:10"
281043,"2024-02-07 08:39:53.45","#PO1043",50.00,68.00,93.00,120.90,"2024-02-27","134760413","PO",4,,,,"","ALMA","PO1043A1",30069,8002,"2024-02-27","2024-03-27","USD",93.00,100,"3XS:20|2XS:20|XS:20|S:10|M:10|L:10|XL:10"
281044,"2024-02-07 08:39:53.45","#PO1044",50.00,68.00,93.00,120.90,"2024-02-27","134760414","PO",4,,,,"","ALMA","PO1044A1",30025,1002,"2024-02-27","2024-03-27","USD",93.00,100,"3XS:20|2XS:20|XS:20|S:10|M:10|L:10|XL:10"
281045,"2024-02-07 08:39:53.45","#PO1045",50.00,68.00,93.00,120.90,"2024-02-27","134760414","PO",4,,,,"","ALMA","PO1045A0",30026,1016,"2024-02-27","2024-03-27","USD",93.00,100,"3XS:20|2XS:20|XS:20|S:10|M:10|L:10|XL:10"
281046,"2024-02-07 08:39:53.45","#PO1046",50.00,68.00,93.00,120.90,"2024-02-27","134760414","PO",4,,,,"","ALMA","PO1046A1",30027,3002,"2024-02-27","2024-03-27","USD",93.00,100,"3XS:20|2XS:20|XS:20|S:10|M:10|L:10|XL:10"
281047,"2024-02-07 08:39:53.45","#PO1047",50.00,68.00,93.00,120.90,"2024-02-27","134760414","PO",4,,,,"","ALMA","PO1047A0",30066,4002,"2024-02-27","2024-03-27","USD",93.00,100,"3XS:20|2XS:20|XS:20|S:10|M:10|L:10|XL:10"
281048,"2024-02-07 08:39:53.45","#PO1048",50.00,68.00,93.00,120.90,"2024-02-27","134760414","PO",4,,,,"","ALMA","PO1048A1",30067,5002,"2024-02-27","2024-03-27","USD",93.00,100,"3XS:20|2XS:20|XS:20|S:10|M:10|L:10|XL:10"
281049,"2024-02-07 08:39:53.45","#PO1049",50.00,68.00,93.00,120.90,"2024-02-27","134760414","PO",4,,,,"","ALMA","PO1049A0",30068,6002,"2024-02-27","2024-03-27","USD",93.00,100,"3XS:20|2XS:20|XS:20|S:10|M:10|L:10|XL:10"
281050,"2024-02-07 08:39:53.45","#PO1050",50.00,68.00,93.00,120.90,"2024-02-27","134760414","PO",4,,,,"","ALMA","PO1050A1",30069,8002,"2024-02-27","2024-03-27","USD",93.00,100,"3XS:20|2XS:20|XS:20|S:10|M:10|L:10|XL:10"
281051,"2024-02-07 08:39:53.45","#PO1051",50.00,68.00,93.00,120.90,"2024-02-27","134760765","PO",4,,,,"","ALMA","PO1051A1",30025,1002,"2024-02-27","2024-03-27","USD",93.00,100,"3XS:20|2XS:20|XS:20|S:10|M:10|L:10|XL:10"
281052,"2024-02-07 08:39:53.45","#PO1052",50.00,68.00,93.00,120.90,"2024-02-27","134760765","PO",4,,,,"","ALMA","PO1052A0",30026,1016,"2024-02-27","2024-03-27","USD",93.00,100,"3XS:20|2XS:20|XS:20|S:10|M:10|L:10|XL:10"
281053,"2024-02-07 08:39:53.45","#PO1053",50.00,68.00,93.00,120.90,"2024-02-27","134760765","PO",4,,,,"","ALMA","PO1053A1",30027,3002,"2024-02-27","2024-03-27","USD",93.00,100,"3XS:20|2XS:20|XS:20|S:10|M:10|L:10|XL:10"
281054,"2024-02-07 08:39:53.45","#PO1054",50.00,68.00,93.00,120.90,"2024-02-27","134760765","PO",4,,,,"","ALMA","PO1054A0",30066,4002,"2024-02-27","2024-03-27","USD",93.00,100,"3XS:20|2XS:20|XS:20|S:10|M:10|L:10|XL:10"
281055,"2024-02-07 08:39:53.45","#PO1055",50.00,68.00,93.00,120.90,"2024-02-27","134760765","PO",4,,,,"","ALMA","PO1055A1",30067,5002,"2024-02-27","2024-03-27","USD",93.00,100,"3XS:20|2XS:20|XS:20|S:10|M:10|L:10|XL:10"
281056,"2024-02-07 08:39:53.45","#PO1056",50.00,68.00,93.00,120.90,"2024-02-27","134760765","PO",4,,,,"","ALMA","PO1056A0",30068,6002,"2024-02-27","2024-03-27","USD",93.00,100,"3XS:20|2XS:20|XS:20|S:10|M:10|L:10|XL:10"
281057,"2024-02-07 08:39:53.45","#PO1057",50.00,68.00,93.00,120.90,"2024-02-27","134760765","PO",4,,,,"","ALMA","PO1057A1",30069,8002,"2024-02-27","2024-03-27","USD",93.00,100,"3XS:20|2XS:20|XS:20|S:10|M:10|L:10|XL:10"
281058,"2024-02-07 08:39:53.45","#PO1058",50.00,68.00,93.00,120.90,"2024-02-27","134760766","PO",4,,,,"","ALMA","PO1058A1",30025,1002,"2024-02-27","2024-03-27","USD",93.00,100,"3XS:20|2XS:20|XS:20|S:10|M:10|L:10|XL:10"
281059,"2024-02-07 08:39:53.45","#PO1059",50.00,68.00,93.00,120.90,"2024-02-27","134760766","PO",4,,,,"","ALMA","PO1059A0",30026,1016,"2024-02-27","2024-03-27","USD",93.00,100,"3XS:20|2XS:20|XS:20|S:10|M:10|L:10|XL:10"
281060,"2024-02-07 08:39:53.45","#PO1060",50.00,68.00,93.00,120.90,"2024-02-27","134760766","PO",4,,,,"","ALMA","PO1060A1",30027,3002,"2024-02-27","2024-03-27","USD",93.00,100,"3XS:20|2XS:20|XS:20|S:10|M:10|L:10|XL:10"
281061,"2024-02-07 08:39:53.45","#PO1061",50.00,68.00,93.00,120.90,"2024-02-27","134760766","PO",4,,,,"","ALMA","PO1061A0",30066,4002,"2024-02-27","2024-03-27","USD",93.00,100,"3XS:20|2XS:20|XS:20|S:10|M:10|L:10|XL:10"
281062,"2024-02-07 08:39:53.45","#PO1062",50.00,68.00,93.00,120.90,"2024-02-27","134760766","PO",4,,,,"","ALMA","PO1062A1",30067,5002,"2024-02-27","2024-03-27","USD",93.00,100,"3XS:20|2XS:20|XS:20|S:10|M:10|L:10|XL:10"
281063,"2024-02-07 08:39:53.45","#PO1063",50.00,68.00,93.00,120.90,"2024-02-27","134760766","PO",4,,,,"","ALMA","PO1063A0",30068,6002,"2024-02-27","2024-03-27","USD",93.00,100,"3XS:20|2XS:20|XS:20|S:10|M:10|L:10|XL:10"
281064,"2024-02-07 08:39:53.45","#PO1064",50.00,68.00,93.00,120.90,"2024-02-27","134760766","PO",4,,,,"","ALMA","PO1064A1",30069,8002,"2024-02-27","2024-03-27","USD",93.00,100,"3XS:20|2XS:20|XS:20|S:10|M:10|L:10|XL:10"
281065,"2024-02-07 08:39:53.45","#PO1065",50.00,68.00,93.00,120.90,"2024-02-27","134760767","PO",4,,,,"","ALMA","PO1065A1",30025,1002,"2024-02-27","2024-03-27","USD",93.00,100,"3XS:20|2XS:20|XS:20|S:10|M:10|L:10|XL:10"
281066,"2024-02-07 08:39:53.45","#PO1066",50.00,68.00,93.00,120.90,"2024-02-27","134760767","PO",4,,,,"","ALMA","PO1066A0",30026,1016,"2024-02-27","2024-03-27","USD",93.00,100,"3XS:20|2XS:20|XS:20|S:10|M:10|L:10|XL:10"
281067,"2024-02-07 08:39:53.45","#PO1067",50.00,68.00,93.00,120.90,"2024-02-27","134760767","PO",4,,,,"","ALMA","PO1067A1",30027,3002,"2024-02-27","2024-03-27","USD",93.00,100,"3XS:20|2XS:20|XS:20|S:10|M:10|L:10|XL:10"
281068,"2024-02-07 08:39:53.45","#PO1068",50.00,68.00,93.00,120.90,"2024-02-27","134760767","PO",4,,,,"","ALMA","PO1068A0",30066,4002,"2024-02-27","2024-03-27","USD",93.00,100,"3XS:20|2XS:20|XS:20|S:10|M:10|L:10|XL:10"
281069,"2024-02-07 08:39:53.45","#PO1069",50.00,68.00,93.00,120.90,"2024-02-27","134760767","PO",4,,,,"","ALMA","PO1069A1",30067,5002,"2024-02-27","2024-03-27","USD",93.00,100,"3XS:20|2XS:20|XS:20|S:10|M:10|L:10|XL:10"
281070,"2024-02-07 08:39:53.45","#PO1070",50.00,68.00,93.00,120.90,"2024-02-27","134760767","PO",4,,,,"","ALMA","PO1070A0",30068,6002,"2024-02-27","2024-03-27","USD",93.00,100,"3XS:20|2XS:20|XS:20|S:10|M:10|L:10|XL:10"
281071,"2024-02-07 08:39:53.45","#PO1071",50.00,68.00,93.00,120.90,"2024-02-27","134760767","PO",4,,,,"","ALMA","PO1071A1",30069,8002,"2024-02-27","2024-03-27","USD",93.00,100,"3XS:20|2XS:20|XS:20|S:10|M:10|L:10|XL:10"
281072,"2024-02-07 08:39:53.45","#PO1072",50.00,68.00,93.00,120.90,"2024-02-27","134760768","PO",4,,,,"","ALMA","PO1072A1",30025,1002,"2024-02-27","2024-03-27","USD",93.00,100,"3XS:20|2XS:20|XS:20|S:10|M:10|L:10|XL:10"
281073,"2024-02-07 08:39:53.45","#PO1073",50.00,68.00,93.00,120.90,"2024-02-27","134760768","PO",4,,,,"","ALMA","PO1073A0",30026,1016,"2024-02-27","2024-03-27","USD",93.00,100,"3XS:20|2XS:20|XS:20|S:10|M:10|L:10|XL:10"
281074,"2024-02-07 08:39:53.45","#PO1074",50.00,68.00,93.00,120.90,"2024-02-27","134760768","PO",4,,,,"","ALMA","PO1074A1",30027,3002,"2024-02-27","2024-03-27","USD",93.00,100,"3XS:20|2XS:20|XS:20|S:10|M:10|L:10|XL:10"
281075,"2024-02-07 08:39:53.45","#PO1075",50.00,68.00,93.00,120.90,"2024-02-27","134760768","PO",4,,,,"","ALMA","PO1075A0",30066,4002,"2024-02-27","2024-03-27","USD",93.00,100,"3XS:20|2XS:20|XS:20|S:10|M:10|L:10|XL:10"
281076,"2024-02-07 08:39:53.45","#PO1076",50.00,68.00,93.00,120.90,"2024-02-27","134760768","PO",4,,,,"","ALMA","PO1076A1",30067,5002,"2024-02-27","2024-03-27","USD",93.00,100,"3XS:20|2XS:20|XS:20|S:10|M:10|L:10|XL:10"
281077,"2024-02-07 08:39:53.45","#PO1077",50.00,68.00,93.00,120.90,"2024-02-27","134760768","PO",4,,,,"","ALMA","PO1077A0",30068,6002,"2024-02-27","2024-03-27","USD",93.00,100,"3XS:20|2XS:20|XS:20|S:10|M:10|L:10|XL:10"
281078,"2024-02-07 08:39:53.45","#PO1078",50.00,68.00,93.00,120.90,"2024-02-27","134760768","PO",4,,,,"","ALMA","PO1078A1",30069,8002,"2024-02-27","2024-03-27","USD",93.00,100,"3XS:20|2XS:20|XS:20|S:10|M:10|L:10|XL:10"
281079,"2024-02-07 08:39:53.45","#PO1079",50.00,68.00,93.00,120.90,"2024-02-27","134760769","PO",4,,,,"","ALMA","PO1079A1",30025,1002,"2024-02-27","2024-03-27","USD",93.00,100,"3XS:20|2XS:20|XS:20|S:10|M:10|L:10|XL:10"
281080,"2024-02-07 08:39:53.45","#PO1080",50.00,68.00,93.00,120.90,"2024-02-27","134760769","PO",4,,,,"","ALMA","PO1080A0",30026,1016,"2024-02-27","2024-03-27","USD",93.00,100,"3XS:20|2XS:20|XS:20|S:10|M:10|L:10|XL:10"
281081,"2024-02-07 08:39:53.45","#PO1081",50.00,68.00,93.00,120.90,"2024-02-27","134760769","PO",4,,,,"","ALMA","PO1081A1",30027,3002,"2024-02-27","2024-03-27","USD",93.00,100,"3XS:20|2XS:20|XS:20|S:10|M:10|L:10|XL:10"
281082,"2024-02-07 08:39:53.45","#PO1082",50.00,68.00,93.00,120.90,"2024-02-27","134760769","PO",4,,,,"","ALMA","PO1082A0",30066,4002,"2024-02-27","2024-03-27","USD",93.00,100,"3XS:20|2XS:20|XS:20|S:10|M:10|L:10|XL:10"
281083,"2024-02-07 08:39:53.45","#PO1083",50.00,68.00,93.00,120.90,"2024-02-27","134760769","PO",4,,,,"","ALMA","PO1083A1",30067,5002,"2024-02-27","2024-03-27","USD",93.00,100,"3XS:20|2XS:20|XS:20|S:10|M:10|L:10|XL:10"
281084,"2024-02-07 08:39:53.45","#PO1084",50.00,68.00,93.00,120.90,"2024-02-27","134760769","PO",4,,,,"","ALMA","PO1084A0",30068,6002,"2024-02-27","2024-03-27","USD",93.00,100,"3XS:20|2XS:20|XS:20|S:10|M:10|L:10|XL:10"
281085,"2024-02-07 08:39:53.45","#PO1085",50.00,68.00,93.00,120.90,"2024-02-27","134760769","PO",4,,,,"","ALMA","PO1085A1",30069,8002,"2024-02-27","2024-03-27","USD",93.00,100,"3XS:20|2XS:20|XS:20|S:10|M:10|L:10|XL:10"
281086,"2024-02-07 08:39:53.45","#PO1086",50.00,68.00,93.00,120.90,"2024-02-27","134760770","PO",4,,,,"","ALMA","PO1086A1",30025,1002,"2024-02-27","2024-03-27","USD",93.00,100,"3XS:20|2XS:20|XS:20|S:10|M:10|L:10|XL:10"
281087,"2024-02-07 08:39:53.45","#PO1087",50.00,68.00,93.00,120.90,"2024-02-27","134760770","PO",4,,,,"","ALMA","PO1087A0",30026,1016,"2024-02-27","2024-03-27","USD",93.00,100,"3XS:20|2XS:20|XS:20|S:10|M:10|L:10|XL:10"
281088,"2024-02-07 08:39:53.45","#PO1088",50.00,68.00,93.00,120.90,"2024-02-27","134760770","PO",4,,,,"","ALMA","PO1088A1",30027,3002,"2024-02-27","2024-03-27","USD",93.00,100,"3XS:20|2XS:20|XS:20|S:10|M:10|L:10|XL:10"
281089,"2024-02-07 08:39:53.45","#PO1089",50.00,68.00,93.00,120.90,"2024-02-27","134760770","PO",4,,,,"","ALMA","PO1089A0",30066,4002,"2024-02-27","2024-03-27","USD",93.00,100,"3XS:20|2XS:20|XS:20|S:10|M:10|L:10|XL:10"
281090,"2024-02-07 08:39:53.45","#PO1090",50.00,68.00,93.00,120.90,"2024-02-27","134760770","PO",4,,,,"","ALMA","PO1090A1",30067,5002,"2024-02-27","2024-03-27","USD",93.00,100,"3XS:20|2XS:20|XS:20|S:10|M:10|L:10|XL:10"
281091,"2024-02-07 08:39:53.45","#PO1091",50.00,68.00,93.00,120.90,"2024-02-27","134760770","PO",4,,,,"","ALMA","PO1091A0",30068,6002,"2024-02-27","2024-03-27","USD",93.00,100,"3XS:20|2XS:20|XS:20|S:10|M:10|L:10|XL:10"
281092,"2024-02-07 08:39:53.45","#PO1092",50.00,68.00,93.00,120.90,"2024-02-27","134760770","PO",4,,,,"","ALMA","PO1092A1",30069,8002,"2024-02-27","2024-03-27","USD",93.00,100,"3XS:20|2XS:20|XS:20|S:10|M:10|L:10|XL:10"
281093,"2024-02-07 08:39:53.45","#PO1093",50.00,68.00,93.00,120.90,"2024-02-27","134760771","PO",4,,,,"","ALMA","PO1093A1",30025,1002,"2024-02-27","2024-03-27","USD",93.00,100,"3XS:20|2XS:20|XS:20|S:10|M:10|L:10|XL:10"
281094,"2024-02-07 08:39:53.45","#PO1094",50.00,68.00,93.00,120.90,"2024-02-27","134760771","PO",4,,,,"","ALMA","PO1094A0",30026,1016,"2024-02-27","2024-03-27","USD",93.00,100,"3XS:20|2XS:20|XS:20|S:10|M:10|L:10|XL:10"
281095,"2024-02-07 08:39:53.45","#PO1095",50.00,68.00,93.00,120.90,"2024-02-27","134760771","PO",4,,,,"","ALMA","PO1095A1",30027,3002,"2024-02-27","2024-03-27","USD",93.00,100,"3XS:20|2XS:20|XS:20|S:10|M:10|L:10|XL:10"
281096,"2024-02-07 08:39:53.45","#PO1096",50.00,68.00,93.00,120.90,"2024-02-27","134760771","PO",4,,,,"","ALMA","PO1096A0",30066,4002,"2024-02-27","2024-03-27","USD",93.00,100,"3XS:20|2XS:20|XS:20|S:10|M:10|L:10|XL:10"
281097,"2024-02-07 08:39:53.45","#PO1097",50.00,68.00,93.00,120.90,"2024-02-27","134760771","PO",4,,,,"","ALMA","PO1097A1",30067,5002,"2024-02-27","2024-03-27","USD",93.00,100,"3XS:20|2XS:20|XS:20|S:10|M:10|L:10|XL:10"
281098,"2024-02-07 08:39:53.45","#PO1098",50.00,68.00,93.00,120.90,"2024-02-27","134760771","PO",4,,,,"","ALMA","PO1098A0",30068,6002,"2024-02-27","2024-03-27","USD",93.00,100,"3XS:20|2XS:20|XS:20|S:10|M:10|L:10|XL:10"
281099,"2024-02-07 08:39:53.45","#PO1099",50.00,68.00,93.00,120.90,"2024-02-27","134760771","PO",4,,,,"","ALMA","PO1099A1",30069,8002,"2024-02-27","2024-03-27","USD",93.00,100,"3XS:20|2XS:20|XS:20|S:10|M:10|L:10|XL:10"
281100,"2024-02-07 08:39:53.45","#PO1100",50.00,68.00,93.00,120.90,"2024-02-27","134760772","PO",4,,,,"","ALMA","PO1100A1",30025,1002,"2024-02-27","2024-03-27","USD",93.00,100,"3XS:20|2XS:20|XS:20|S:10|M:10|L:10|XL:10"
281101,"2024-02-07 08:39:53.45","#PO1101",50.00,68.00,93.00,120.90,"2024-02-27","134760772","PO",4,,,,"","ALMA","PO1101A0",30026,1016,"2024-02-27","2024-03-27","USD",93.00,100,"3XS:20|2XS:20|XS:20|S:10|M:10|L:10|XL:10"
281102,"2024-02-07 08:39:53.45","#PO1102",50.00,68.00,93.00,120.90,"2024-02-27","134760772","PO",4,,,,"","ALMA","PO1102A1",30027,3002,"2024-02-27","2024-03-27","USD",93.00,100,"3XS:20|2XS:20|XS:20|S:10|M:10|L:10|XL:10"
281103,"2024-02-07 08:39:53.45","#PO1103",50.00,68.00,93.00,120.90,"2024-02-27","134760772","PO",4,,,,"","ALMA","PO1103A0",30066,4002,"2024-02-27","2024-03-27","USD",93.00,100,"3XS:20|2XS:20|XS:20|S:10|M:10|L:10|XL:10"
281104,"2024-02-07 08:39:53.45","#PO1104",50.00,68.00,93.00,120.90,"2024-02-27","134760772","PO",4,,,,"","ALMA","PO1104A1",30067,5002,"2024-02-27","2024-03-27","USD",93.00,100,"3XS:20|2XS:20|XS:20|S:10|M:10|L:10|XL:10"
281105,"2024-02-07 08:39:53.45","#PO1105",50.00,68.00,93.00,120.90,"2024-02-27","134760772","PO",4,,,,"","ALMA","PO1105A0",30068,6002,"2024-02-27","2024-03-27","USD",93.00,100,"3XS:20|2XS:20|XS:20|S:10|M:10|L:10|XL:10"
281106,"2024-02-07 08:39:53.45","#PO1106",50.00,68.00,93.00,120.90,"2024-02-27","134760772","PO",4,,,,"","ALMA","PO1106A1",30069,8002,"2024-02-27","2024-03-27","USD",93.00,100,"3XS:20|2XS:20|XS:20|S:10|M:10|L:10|XL:10"
281107,"2024-02-07 08:39:53.45","#PO1107",50.00,68.00,93.00,120.90,"2024-02-27","134760773","PO",4,,,,"","ALMA","PO1107A1",30025,1002,"2024-02-27","2024-03-27","USD",93.00,100,"3XS:20|2XS:20|XS:20|S:10|M:10|L:10|XL:10"
281108,"2024-02-07 08:39:53.45","#PO1108",50.00,68.00,93.00,120.90,"2024-02-27","134760773","PO",4,,,,"","ALMA","PO1108A0",30026,1016,"2024-02-27","2024-03-27","USD",93.00,100,"3XS:20|2XS:20|XS:20|S:10|M:10|L:10|XL:10"
281109,"2024-02-07 08:39:53.45","#PO1109",50.00,68.00,93.00,120.90,"2024-02-27","134760773","PO",4,,,,"","ALMA","PO1109A1",30027,3002,"2024-02-27","2024-03-27","USD",93.00,100,"3XS:20|2XS:20|XS:20|S:10|M:10|L:10|XL:10"
281110,"2024-02-07 08:39:53.45","#PO1110",50.00,68.00,93.00,120.90,"2024-02-27","134760773","PO",4,,,,"","ALMA","PO1110A0",30066,4002,"2024-02-27","2024-03-27","USD",93.00,100,"3XS:20|2XS:20|XS:20|S:10|M:10|L:10|XL:10"
281111,"2024-02-07 08:39:53.45","#PO1111",50.00,68.00,93.00,120.90,"2024-02-27","134760773","PO",4,,,,"","ALMA","PO1111A1",30067,5002,"2024-02-27","2024-03-27","USD",93.00,100,"3XS:20|2XS:20|XS:20|S:10|M:10|L:10|XL:10"
281112,"2024-02-07 08:39:53.45","#PO1112",50.00,68.00,93.00,120.90,"2024-02-27","134760773","PO",4,,,,"","ALMA","PO1112A0",30068,6002,"2024-02-27","2024-03-27","USD",93.00,100,"3XS:20|2XS:20|XS:20|S:10|M:10|L:10|XL:10"
281113,"2024-02-07 08:39:53.45","#PO1113",50.00,68.00,93.00,120.90,"2024-02-27","134760773","PO",4,,,,"","ALMA","PO1113A1",30069,8002,"2024-02-27","2024-03-27","USD",93.00,100,"3XS:20|2XS:20|XS:20|S:10|M:10|L:10|XL:10"
281114,"2024-02-07 08:39:53.45","#PO1114",50.00,68.00,93.00,120.90,"2024-02-27","134760774","PO",4,,,,"","ALMA","PO1114A1",30025,1002,"2024-02-27","2024-03-27","USD",93.00,100,"3XS:20|2XS:20|XS:20|S:10|M:10|L:10|XL:10"
281115,"2024-02-07 08:39:53.45","#PO1115",50.00,68.00,93.00,120.90,"2024-02-27","134760774","PO",4,,,,"","ALMA","PO1115A0",30026,1016,"2024-02-27","2024-03-27","USD",93.00,100,"3XS:20|2XS:20|XS:20|S:10|M:10|L:10|XL:10"
281116,"2024-02-07 08:39:53.45","#PO1116",50.00,68.00,93.00,120.90,"2024-02-27","134760774","PO",4,,,,"","ALMA","PO1116A1",30027,3002,"2024-02-27","2024-03-27","USD",93.00,100,"3XS:20|2XS:20|XS:20|S:10|M:10|L:10|XL:10"
281117,"2024-02-07 08:39:53.45","#PO1117",50.00,68.00,93.00,120.90,"2024-02-27","134760774","PO",4,,,,"","ALMA","PO1117A0",30066,4002,"2024-02-27","2024-03-27","USD",93.00,100,"3XS:20|2XS:20|XS:20|S:10|M:10|L:10|XL:10"
281118,"2024-02-07 08:39:53.45","#PO1118",50.00,68.00,93.00,120.90,"2024-02-27","134760774","PO",4,,,,"","ALMA","PO1118A1",30067,5002,"2024-02-27","2024-03-27","USD",93.00,100,"3XS:20|2XS:20|XS:20|S:10|M:10|L:10|XL:10"
281119,"2024-02-07 08:39:53.45","#PO1119",50.00,68.00,93.00,120.90,"2024-02-27","134760774","PO",4,,,,"","ALMA","PO1119A0",30068,6002,"2024-02-27","2024-03-27","USD",93.00,100,"3XS:20|2XS:20|XS:20|S:10|M:10|L:10|XL:10"
281120,"2024-02-07 08:39:53.45","#PO1120",50.00,68.00,93.00,120.90,"2024-02-27","134760774","PO",4,,,,"","ALMA","PO1120A1",30069,8002,"2024-02-27","2024-03-27","USD",93.00,100,"3XS:20|2XS:20|XS:20|S:10|M:10|L:10|XL:10"
281121,"2024-02-07 08:39:53.45","#PO1121",50.00,68.00,93.00,120.90,"2024-02-27","134760775","PO",4,,,,"","ALMA","PO1121A1",30025,1002,"2024-02-27","2024-03-27","USD",93.00,100,"3XS:20|2XS:20|XS:20|S:10|M:10|L:10|XL:10"
281122,"2024-02-07 08:39:53.45","#PO1122",50.00,68.00,93.00,120.90,"2024-02-27","134760775","PO",4,,,,"","ALMA","PO1122A0",30026,1016,"2024-02-27","2024-03-27","USD",93.00,100,"3XS:20|2XS:20|XS:20|S:10|M:10|L:10|XL:10"
281123,"2024-02-07 08:39:53.45","#PO1123",50.00,68.00,93.00,120.90,"2024-02-27","134760775","PO",4,,,,"","ALMA","PO1123A1",30027,3002,"2024-02-27","2024-03-27","USD",93.00,100,"3XS:20|2XS:20|XS:20|S:10|M:10|L:10|XL:10"
281124,"2024-02-07 08:39:53.45","#PO1124",50.00,68.00,93.00,120.90,"2024-02-27","134760775","PO",4,,,,"","ALMA","PO1124A0",30066,4002,"2024-02-27","2024-03-27","USD",93.00,100,"3XS:20|2XS:20|XS:20|S:10|M:10|L:10|XL:10"
281125,"2024-02-07 08:39:53.45","#PO1125",50.00,68.00,93.00,120.90,"2024-02-27","134760775","PO",4,,,,"","ALMA","PO1125A1",30067,5002,"2024-02-27","2024-03-27","USD",93.00,100,"3XS:20|2XS:20|XS:20|S:10|M:10|L:10|XL:10"
281126,"2024-02-07 08:39:53.45","#PO1126",50.00,68.00,93.00,120.90,"2024-02-27","134760775","PO",4,,,,"","ALMA","PO1126A0",30068,6002,"2024-02-27","2024-03-27","USD",93.00,100,"3XS:20|2XS:20|XS:20|S:10|M:10|L:10|XL:10"
281127,"2024-02-07 08:39:53.45","#PO1127",50.00,68.00,93.00,120.90,"2024-02-27","134760775","PO",4,,,,"","ALMA","PO1127A1",30069,8002,"2024-02-27","2024-03-27","USD",93.00,100,"3XS:20|2XS:20|XS:20|S:10|M:10|L:10|XL:10"
281128,"2024-02-07 08:39:53.45","#PO1128",50.00,68.00,93.00,120.90,"2024-02-27","134760776","PO",4,,,,"","ALMA","PO1128A1",30025,1002,"2024-02-27","2024-03-27","USD",93.00,100,"3XS:20|2XS:20|XS:20|S:10|M:10|L:10|XL:10"
281129,"2024-02-07 08:39:53.45","#PO1129",50.00,68.00,93.00,120.90,"2024-02-27","134760776","PO",4,,,,"","ALMA","PO1129A0",30026,1016,"2024-02-27","2024-03-27","USD",93.00,100,"3XS:20|2XS:20|XS:20|S:10|M:10|L:10|XL:10"
281130,"2024-02-07 08:39:53.45","#PO1130",50.00,68.00,93.00,120.90,"2024-02-27","134760776","PO",4,,,,"","ALMA","PO1130A1",30027,3002,"2024-02-27","2024-03-27","USD",93.00,100,"3XS:20|2XS:20|XS:20|S:10|M:10|L:10|XL:10"
281131,"2024-02-07 08:39:53.45","#PO1131",50.00,68.00,93.00,120.90,"2024-02-27","134760776","PO",4,,,,"","ALMA","PO1131A0",30066,4002,"2024-02-27","2024-03-27","USD",93.00,100,"3XS:20|2XS:20|XS:20|S:10|M:10|L:10|XL:10"
281132,"2024-02-07 08:39:53.45","#PO1132",50.00,68.00,93.00,120.90,"2024-02-27","134760776","PO",4,,,,"","ALMA","PO1132A1",30067,5002,"2024-02-27","2024-03-27","USD",93.00,100,"3XS:20|2XS:20|XS:20|S:10|M:10|L:10|XL:10"
281133,"2024-02-07 08:39:53.45","#PO1133",50.00,68.00,93.00,120.90,"2024-02-27","134760776","PO",4,,,,"","ALMA","PO1133A0",30068,6002,"2024-02-27","2024-03-27","USD",93.00,100,"3XS:20|2XS:20|XS:20|S:10|M:10|L:10|XL:10"
281134,"2024-02-07 08:39:53.45","#PO1134",50.00,68.00,93.00,120.90,"2024-02-27","134760776","PO",4,,,,"","ALMA","PO1134A1",30069,8002,"2024-02-27","2024-03-27","USD",93.00,100,"3XS:20|2XS:20|XS:20|S:10|M:10|L:10|XL:10"
281135,"2024-02-07 08:39:53.45","#PO1135",50.00,68.00,93.00,120.90,"2024-02-27","134760777","PO",4,,,,"","ALMA","PO1135A1",30025,1002,"2024-02-27","2024-03-27","USD",93.00,100,"3XS:20|2XS:20|XS:20|S:10|M:10|L:10|XL:10"
281136,"2024-02-07 08:39:53.45","#PO1136",50.00,68.00,93.00,120.90,"2024-02-27","134760777","PO",4,,,,"","ALMA","PO1136A0",30026,1016,"2024-02-27","2024-03-27","USD",93.00,100,"3XS:20|2XS:20|XS:20|S:10|M:10|L:10|XL:10"
281137,"2024-02-07 08:39:53.45","#PO1137",50.00,68.00,93.00,120.90,"2024-02-27","134760777","PO",4,,,,"","ALMA","PO1137A1",30027,3002,"2024-02-27","2024-03-27","USD",93.00,100,"3XS:20|2XS:20|XS:20|S:10|M:10|L:10|XL:10"
281138,"2024-02-07 08:39:53.45","#PO1138",50.00,68.00,93.00,120.90,"2024-02-27","134760777","PO",4,,,,"","ALMA","PO1138A0",30066,4002,"2024-02-27","2024-03-27","USD",93.00,100,"3XS:20|2XS:20|XS:20|S:10|M:10|L:10|XL:10"
281139,"2024-02-07 08:39:53.45","#PO1139",50.00,68.00,93.00,120.90,"2024-02-27","134760777","PO",4,,,,"","ALMA","PO1139A1",30067,5002,"2024-02-27","2024-03-27","USD",93.00,100,"3XS:20|2XS:20|XS:20|S:10|M:10|L:10|XL:10"
281140,"2024-02-07 08:39:53.45","#PO1140",50.00,68.00,93.00,120.90,"2024-02-27","134760777","PO",4,,,,"","ALMA","PO1140A0",30068,6002,"2024-02-27","2024-03-27","USD",93.00,100,"3XS:20|2XS:20|XS:20|S:10|M:10|L:10|XL:10"
281141,"2024-02-07 08:39:53.45","#PO1141",50.00,68.00,93.00,120.90,"2024-02-27","134760777","PO",4,,,,"","ALMA","PO1141A1",30069,8002,"2024-02-27","2024-03-27","USD",93.00,100,"3XS:20|2XS:20|XS:20|S:10|M:10|L:10|XL:10"
281142,"2024-02-07 08:39:53.45","#PO1142",50.00,68.00,93.00,120.90,"2024-02-27","134760778","PO",4,,,,"","ALMA","PO1142A1",30025,1002,"2024-02-27","2024-03-27","USD",93.00,100,"3XS:20|2XS:20|XS:20|S:10|M:10|L:10|XL:10"
281143,"2024-02-07 08:39:53.45","#PO1143",50.00,68.00,93.00,120.90,"2024-02-27","134760778","PO",4,,,,"","ALMA","PO1143A0",30026,1016,"2024-02-27","2024-03-27","USD",93.00,100,"3XS:20|2XS:20|XS:20|S:10|M:10|L:10|XL:10"
281144,"2024-02-07 08:39:53.45","#PO1144",50.00,68.00,93.00,120.90,"2024-02-27","134760778","PO",4,,,,"","ALMA","PO1144A1",30027,3002,"2024-02-27","2024-03-27","USD",93.00,100,"3XS:20|2XS:20|XS:20|S:10|M:10|L:10|XL:10"
281145,"2024-02-07 08:39:53.45","#PO1145",50.00,68.00,93.00,120.90,"2024-02-27","134760778","PO",4,,,,"","ALMA","PO1145A0",30066,4002,"2024-02-27","2024-03-27","USD",93.00,100,"3XS:20|2XS:20|XS:20|S:10|M:10|L:10|XL:10"
281146,"2024-02-07 08:39:53.45","#PO1146",50.00,68.00,93.00,120.90,"2024-02-27","134760778","PO",4,,,,"","ALMA","PO1146A1",30067,5002,"2024-02-27","2024-03-27","USD",93.00,100,"3XS:20|2XS:20|XS:20|S:10|M:10|L:10|XL:10"
281147,"2024-02-07 08:39:53.45","#PO1147",50.00,68.00,93.00,120.90,"2024-02-27","134760778","PO",4,,,,"","ALMA","PO1147A0",30068,6002,"2024-02-27","2024-03-27","USD",93.00,100,"3XS:20|2XS:20|XS:20|S:10|M:10|L:10|XL:10"
281148,"2024-02-07 08:39:53.45","#PO1148",50.00,68.00,93.00,120.90,"2024-02-27","134760778","PO",4,,,,"","ALMA","PO1148A1",30069,8002,"2024-02-27","2024-03-27","USD",93.00,100,"3XS:20|2XS:20|XS:20|S:10|M:10|L:10|XL:10"
281149,"2024-02-07 08:39:53.45","#PO1149",50.00,68.00,93.00,120.90,"2024-02-27","134760779","PO",4,,,,"","ALMA","PO1149A1",30025,1002,"2024-02-27","2024-03-27","USD",93.00,100,"3XS:20|2XS:20|XS:20|S:10|M:10|L:10|XL:10"
281150,"2024-02-07 08:39:53.45","#PO1150",50.00,68.00,93.00,120.90,"2024-02-27","134760779","PO",4,,,,"","ALMA","PO1150A0",30026,1016,"2024-02-27","2024-03-27","USD",93.00,100,"3XS:20|2XS:20|XS:20|S:10|M:10|L:10|XL:10"
281151,"2024-02-07 08:39:53.45","#PO1151",50.00,68.00,93.00,120.90,"2024-02-27","134760779","PO",4,,,,"","ALMA","PO1151A1",30027,3002,"2024-02-27","2024-03-27","USD",93.00,100,"3XS:20|2XS:20|XS:20|S:10|M:10|L:10|XL:10"
281152,"2024-02-07 08:39:53.45","#PO1152",50.00,68.00,93.00,120.90,"2024-02-27","134760779","PO",4,,,,"","ALMA","PO1152A0",30066,4002,"2024-02-27","2024-03-27","USD",93.00,100,"3XS:20|2XS:20|XS:20|S:10|M:10|L:10|XL:10"
281153,"2024-02-07 08:39:53.45","#PO1153",50.00,68.00,93.00,120.90,"2024-02-27","134760779","PO",4,,,,"","ALMA","PO1153A1",30067,5002,"2024-02-27","2024-03-27","USD",93.00,100,"3XS:20|2XS:20|XS:20|S:10|M:10|L:10|XL:10"
281154,"2024-02-07 08:39:53.45","#PO1154",50.00,68.00,93.00,120.90,"2024-02-27","134760779","PO",4,,,,"","ALMA","PO1154A0",30068,6002,"2024-02-27","2024-03-27","USD",93.00,100,"3XS:20|2XS:20|XS:20|S:10|M:10|L:10|XL:10"
281155,"2024-02-07 08:39:53.45","#PO1155",50.00,68.00,93.00,120.90,"2024-02-27","134760779","PO",4,,,,"","ALMA","PO1155A1",30069,8002,"2024-02-27","2024-03-27","USD",93.00,100,"3XS:20|2XS:20|XS:20|S:10|M:10|L:10|XL:10"
281156,"2024-02-07 08:39:53.45","#PO1156",50.00,68.00,93.00,120.90,"2024-02-27","134760780","PO",4,,,,"","ALMA","PO1156A1",30025,1002,"2024-02-27","2024-03-27","USD",93.00,100,"3XS:20|2XS:20|XS:20|S:10|M:10|L:10|XL:10"
281157,"2024-02-07 08:39:53.45","#PO1157",50.00,68.00,93.00,120.90,"2024-02-27","134760780","PO",4,,,,"","ALMA","PO1157A0",30026,1016,"2024-02-27","2024-03-27","USD",93.00,100,"3XS:20|2XS:20|XS:20|S:10|M:10|L:10|XL:10"
281158,"2024-02-07 08:39:53.45","#PO1158",50.00,68.00,93.00,120.90,"2024-02-27","134760780","PO",4,,,,"","ALMA","PO1158A1",30027,3002,"2024-02-27","2024-03-27","USD",93.00,100,"3XS:20|2XS:20|XS:20|S:10|M:10|L:10|XL:10"
281159,"2024-02-07 08:39:53.45","#PO1159",50.00,68.00,93.00,120.90,"2024-02-27","134760780","PO",4,,,,"","ALMA","PO1159A0",30066,4002,"2024-02-27","2024-03-27","USD",93.00,100,"3XS:20|2XS:20|XS:20|S:10|M:10|L:10|XL:10"
281160,"2024-02-07 08:39:53.45","#PO1160",50.00,68.00,93.00,120.90,"2024-02-27","134760780","PO",4,,,,"","ALMA","PO1160A1",30067,5002,"2024-02-27","2024-03-27","USD",93.00,100,"3XS:20|2XS:20|XS:20|S:10|M:10|L:10|XL:10"
281161,"2024-02-07 08:39:53.45","#PO1161",50.00,68.00,93.00,120.90,"2024-02-27","134760780","PO",4,,,,"","ALMA","PO1161A0",30068,6002,"2024-02-27","2024-03-27","USD",93.00,100,"3XS:20|2XS:20|XS:20|S:10|M:10|L:10|XL:10"
281162,"2024-02-07 08:39:53.45","#PO1162",50.00,68.00,93.00,120.90,"2024-02-27","134760780","PO",4,,,,"","ALMA","PO1162A1",30069,8002,"2024-02-27","2024-03-27","USD",93.00,100,"3XS:20|2XS:20|XS:20|S:10|M:10|L:10|XL:10"
281163,"2024-02-07 08:39:53.45","#PO1163",50.00,68.00,93.00,120.90,"2024-02-27","134760781","PO",4,,,,"","ALMA","PO1163A1",30025,1002,"2024-02-27","2024-03-27","USD",93.00,100,"3XS:20|2XS:20|XS:20|S:10|M:10|L:10|XL:10"
281164,"2024-02-07 08:39:53.45","#PO1164",50.00,68.00,93.00,120.90,"2024-02-27","134760781","PO",4,,,,"","ALMA","PO1164A0",30026,1016,"2024-02-27","2024-03-27","USD",93.00,100,"3XS:20|2XS:20|XS:20|S:10|M:10|L:10|XL:10"
281165,"2024-02-07 08:39:53.45","#PO1165",50.00,68.00,93.00,120.90,"2024-02-27","134760781","PO",4,,,,"","ALMA","PO1165A1",30027,3002,"2024-02-27","2024-03-27","USD",93.00,100,"3XS:20|2XS:20|XS:20|S:10|M:10|L:10|XL:10"
281166,"2024-02-07 08:39:53.45","#PO1166",50.00,68.00,93.00,120.90,"2024-02-27","134760781","PO",4,,,,"","ALMA","PO1166A0",30066,4002,"2024-02-27","2024-03-27","USD",93.00,100,"3XS:20|2XS:20|XS:20|S:10|M:10|L:10|XL:10"
281167,"2024-02-07 08:39:53.45","#PO1167",50.00,68.00,93.00,120.90,"2024-02-27","134760781","PO",4,,,,"","ALMA","PO1167A1",30067,5002,"2024-02-27","2024-03-27","USD",93.00,100,"3XS:20|2XS:20|XS:20|S:10|M:10|L:10|XL:10"
281168,"2024-02-07 08:39:53.45","#PO1168",50.00,68.00,93.00,120.90,"2024-02-27","134760781","PO",4,,,,"","ALMA","PO1168A0",30068,6002,"2024-02-27","2024-03-27","USD",93.00,100,"3XS:20|2XS:20|XS:20|S:10|M:10|L:10|XL:10"
281169,"2024-02-07 08:39:53.45","#PO1169",50.00,68.00,93.00,120.90,"2024-02-27","134760781","PO",4,,,,"","ALMA","PO1169A1",30069,8002,"2024-02-27","2024-03-27","USD",93.00,100,"3XS:20|2XS:20|XS:20|S:10|M:10|L:10|XL:10"
281170,"2024-02-07 08:39:53.45","#PO1170",50.00,68.00,93.00,120.90,"2024-02-27","134760782","PO",4,,,,"","ALMA","PO1170A1",30025,1002,"2024-02-27","2024-03-27","USD",93.00,100,"3XS:20|2XS:20|XS:20|S:10|M:10|L:10|XL:10"
281171,"2024-02-07 08:39:53.45","#PO1171",50.00,68.00,93.00,120.90,"2024-02-27","134760782","PO",4,,,,"","ALMA","PO1171A0",30026,1016,"2024-02-27","2024-03-27","USD",93.00,100,"3XS:20|2XS:20|XS:20|S:10|M:10|L:10|XL:10"
281172,"2024-02-07 08:39:53.45","#PO1172",50.00,68.00,93.00,120.90,"2024-02-27","134760782","PO",4,,,,"","ALMA","PO1172A1",30027,3002,"2024-02-27","2024-03-27","USD",93.00,100,"3XS:20|2XS:20|XS:20|S:10|M:10|L:10|XL:10"
281173,"2024-02-07 08:39:53.45","#PO1173",50.00,68.00,93.00,120.90,"2024-02-27","134760782","PO",4,,,,"","ALMA","PO1173A0",30066,4002,"2024-02-27","2024-03-27","USD",93.00,100,"3XS:20|2XS:20|XS:20|S:10|M:10|L:10|XL:10"
281174,"2024-02-07 08:39:53.45","#PO1174",50.00,68.00,93.00,120.90,"2024-02-27","134760782","PO",4,,,,"","ALMA","PO1174A1",30067,5002,"2024-02-27","2024-03-27","USD",93.00,100,"3XS:20|2XS:20|XS:20|S:10|M:10|L:10|XL:10"
281175,"2024-02-07 08:39:53.45","#PO1175",50.00,68.00,93.00,120.90,"2024-02-27","134760782","PO",4,,,,"","ALMA","PO1175A0",30068,6002,"2024-02-27","2024-03-27","USD",93.00,100,"3XS:20|2XS:20|XS:20|S:10|M:10|L:10|XL:10"
281176,"2024-02-07 08:39:53.45","#PO1176",50.00,68.00,93.00,120.90,"2024-02-27","134760782","PO",4,,,,"","ALMA","PO1176A1",30069,8002,"2024-02-27","2024-03-27","USD",93.00,100,"3XS:20|2XS:20|XS:20|S:10|M:10|L:10|XL:10"
281177,"2024-02-07 08:39:53.45","#PO1177",50.00,68.00,93.00,120.90,"2024-02-27","134760783","PO",4,,,,"","ALMA","PO1177A1",30025,1002,"2024-02-27","2024-03-27","USD",93.00,100,"3XS:20|2XS:20|XS:20|S:10|M:10|L:10|XL:10"
281178,"2024-02-07 08:39:53.45","#PO1178",50.00,68.00,93.00,120.90,"2024-02-27","134760783","PO",4,,,,"","ALMA","PO1178A0",30026,1016,"2024-02-27","2024-03-27","USD",93.00,100,"3XS:20|2XS:20|XS:20|S:10|M:10|L:10|XL:10"
281179,"2024-02-07 08:39:53.45","#PO1179",50.00,68.00,93.00,120.90,"2024-02-27","134760783","PO",4,,,,"","ALMA","PO1179A1",30027,3002,"2024-02-27","2024-03-27","USD",93.00,100,"3XS:20|2XS:20|XS:20|S:10|M:10|L:10|XL:10"
281180,"2024-02-07 08:39:53.45","#PO1180",50.00,68.00,93.00,120.90,"2024-02-27","134760783","PO",4,,,,"","ALMA","PO1180A0",30066,4002,"2024-02-27","2024-03-27","USD",93.00,100,"3XS:20|2XS:20|XS:20|S:10|M:10|L:10|XL:10"
281181,"2024-02-07 08:39:53.45","#PO1181",50.00,68.00,93.00,120.90,"2024-02-27","134760783","PO",4,,,,"","ALMA","PO1181A1",30067,5002,"2024-02-27","2024-03-27","USD",93.00,100,"3XS:20|2XS:20|XS:20|S:10|M:10|L:10|XL:10"
281182,"2024-02-07 08:39:53.45","#PO1182",50.00,68.00,93.00,120.90,"2024-02-27","134760783","PO",4,,,,"","ALMA","PO1182A0",30068,6002,"2024-02-27","2024-03-27","USD",93.00,100,"3XS:20|2XS:20|XS:20|S:10|M:10|L:10|XL:10"
281183,"2024-02-07 08:39:53.45","#PO1183",50.00,68.00,93.00,120.90,"2024-02-27","134760783","PO",4,,,,"","ALMA","PO1183A1",30069,8002,"2024-02-27","2024-03-27","USD",93.00,100,"3XS:20|2XS:20|XS:20|S:10|M:10|L:10|XL:10"
281184,"2024-02-07 08:39:53.45","#PO1184",50.00,68.00,93.00,120.90,"2024-02-27","134760784","PO",4,,,,"","ALMA","PO1184A1",30025,1002,"2024-02-27","2024-03-27","USD",93.00,100,"3XS:20|2XS:20|XS:20|S:10|M:10|L:10|XL:10"
281185,"2024-02-07 08:39:53.45","#PO1185",50.00,68.00,93.00,120.90,"2024-02-27","134760784","PO",4,,,,"","ALMA","PO1185A0",30026,1016,"2024-02-27","2024-03-27","USD",93.00,100,"3XS:20|2XS:20|XS:20|S:10|M:10|L:10|XL:10"
281186,"2024-02-07 08:39:53.45","#PO1186",50.00,68.00,93.00,120.90,"2024-02-27","134760784","PO",4,,,,"","ALMA","PO1186A1",30027,3002,"2024-02-27","2024-03-27","USD",93.00,100,"3XS:20|2XS:20|XS:20|S:10|M:10|L:10|XL:10"
281187,"2024-02-07 08:39:53.45","#PO1187",50.00,68.00,93.00,120.90,"2024-02-27","134760784","PO",4,,,,"","ALMA","PO1187A0",30066,4002,"2024-02-27","2024-03-27","USD",93.00,100,"3XS:20|2XS:20|XS:20|S:10|M:10|L:10|XL:10"
281188,"2024-02-07 08:39:53.45","#PO1188",50.00,68.00,93.00,120.90,"2024-02-27","134760784","PO",4,,,,"","ALMA","PO1188A1",30067,5002,"2024-02-27","2024-03-27","USD",93.00,100,"3XS:20|2XS:20|XS:20|S:10|M:10|L:10|XL:10"
281189,"2024-02-07 08:39:53.45","#PO1189",50.00,68.00,93.00,120.90,"2024-02-27","134760784","PO",4,,,,"","ALMA","PO1189A0",30068,6002,"2024-02-27","2024-03-27","USD",93.00,100,"3XS:20|2XS:20|XS:20|S:10|M:10|L:10|XL:10"
281190,"2024-02-07 08:39:53.45","#PO1190",50.00,68.00,93.00,120.90,"2024-02-27","134760784","PO",4,,,,"","ALMA","PO1190A1",30069,8002,"2024-02-27","2024-03-27","USD",93.00,100,"3XS:20|2XS:20|XS:20|S:10|M:10|L:10|XL:10"
281191,"2024-02-07 08:39:53.45","#PO1191",50.00,68.00,93.00,120.90,"2024-02-27","134760785","PO",4,,,,"","ALMA","PO1191A1",30025,1002,"2024-02-27","2024-03-27","USD",93.00,100,"3XS:20|2XS:20|XS:20|S:10|M:10|L:10|XL:10"
281192,"2024-02-07 08:39:53.45","#PO1192",50.00,68.00,93.00,120.90,"2024-02-27","134760785","PO",4,,,,"","ALMA","PO1192A0",30026,1016,"2024-02-27","2024-03-27","USD",93.00,100,"3XS:20|2XS:20|XS:20|S:10|M:10|L:10|XL:10"
281193,"2024-02-07 08:39:53.45","#PO1193",50.00,68.00,93.00,120.90,"2024-02-27","134760785","PO",4,,,,"","ALMA","PO1193A1",30027,3002,"2024-02-27","2024-03-27","USD",93.00,100,"3XS:20|2XS:20|XS:20|S:10|M:10|L:10|XL:10"
281194,"2024-02-07 08:39:53.45","#PO1194",50.00,68.00,93.00,120.90,"2024-02-27","134760785","PO",4,,,,"","ALMA","PO1194A0",30066,4002,"2024-02-27","2024-03-27","USD",93.00,100,"3XS:20|2XS:20|XS:20|S:10|M:10|L:10|XL:10"
281195,"2024-02-07 08:39:53.45","#PO1195",50.00,68.00,93.00,120.90,"2024-02-27","134760785","PO",4,,,,"","ALMA","PO1195A1",30067,5002,"2024-02-27","2024-03-27","USD",93.00,100,"3XS:20|2XS:20|XS:20|S:10|M:10|L:10|XL:10"
281196,"2024-02-07 08:39:53.45","#PO1196",50.00,68.00,93.00,120.90,"2024-02-27","134760785","PO",4,,,,"","ALMA","PO1196A0",30068,6002,"2024-02-27","2024-03-27","USD",93.00,100,"3XS:20|2XS:20|XS:20|S:10|M:10|L:10|XL:10"
281197,"2024-02-07 08:39:53.45","#PO1197",50.00,68.00,93.00,120.90,"2024-02-27","134760785","PO",4,,,,"","ALMA","PO1197A1",30069,8002,"2024-02-27","2024-03-27","USD",93.00,100,"3XS:20|2XS:20|XS:20|S:10|M:10|L:10|XL:10"
281198,"2024-02-07 08:39:53.45","#PO1198",50.00,68.00,93.00,120.90,"2024-02-27","134760786","PO",4,,,,"","ALMA","PO1198A1",30025,1002,"2024-02-27","2024-03-27","USD",93.00,100,"3XS:20|2XS:20|XS:20|S:10|M:10|L:10|XL:10"
281199,"2024-02-07 08:39:53.45","#PO1199",50.00,68.00,93.00,120.90,"2024-02-27","134760786","PO",4,,,,"","ALMA","PO1199A0",30026,1016,"2024-02-27","2024-03-27","USD",93.00,100,"3XS:20|2XS:20|XS:20|S:10|M:10|L:10|XL:10"
281200,"2024-02-07 08:39:53.45","#PO1200",50.00,68.00,93.00,120.90,"2024-02-27","134760786","PO",4,,,,"","ALMA","PO1200A1",30027,3002,"2024-02-27","2024-03-27","USD",93.00,100,"3XS:20|2XS:20|XS:20|S:10|M:10|L:10|XL:10"
281201,"2024-02-07 08:39:53.45","#PO1201",50.00,68.00,93.00,120.90,"2024-02-27","134760786","PO",4,,,,"","ALMA","PO1201A0",30066,4002,"2024-02-27","2024-03-27","USD",93.00,100,"3XS:20|2XS:20|XS:20|S:10|M:10|L:10|XL:10"
281202,"2024-02-07 08:39:53.45","#PO1202",50.00,68.00,93.00,120.90,"2024-02-27","134760786","PO",4,,,,"","ALMA","PO1202A1",30067,5002,"2024-02-27","2024-03-27","USD",93.00,100,"3XS:20|2XS:20|XS:20|S:10|M:10|L:10|XL:10"
281203,"2024-02-07 08:39:53.45","#PO1203",50.00,68.00,93.00,120.90,"2024-02-27","134760786","PO",4,,,,"","ALMA","PO1203A0",30068,6002,"2024-02-27","2024-03-27","USD",93.00,100,"3XS:20|2XS:20|XS:20|S:10|M:10|L:10|XL:10"
281204,"2024-02-07 08:39:53.45","#PO1204",50.00,68.00,93.00,120.90,"2024-02-27","134760786","PO",4,,,,"","ALMA","PO1204A1",30069,8002,"2024-02-27","2024-03-27","USD",93.00,100,"3XS:20|2XS:20|XS:20|S:10|M:10|L:10|XL:10"
281205,"2024-02-07 08:39:53.45","#PO1205",50.00,68.00,93.00,120.90,"2024-02-27","134760787","PO",4,,,,"","ALMA","PO1205A1",30025,1002,"2024-02-27","2024-03-27","USD",93.00,100,"3XS:20|2XS:20|XS:20|S:10|M:10|L:10|XL:10"
281206,"2024-02-07 08:39:53.45","#PO1206",50.00,68.00,93.00,120.90,"2024-02-27","134760787","PO",4,,,,"","ALMA","PO1206A0",30026,1016,"2024-02-27","2024-03-27","USD",93.00,100,"3XS:20|2XS:20|XS:20|S:10|M:10|L:10|XL:10"
281207,"2024-02-07 08:39:53.45","#PO1207",50.00,68.00,93.00,120.90,"2024-02-27","134760787","PO",4,,,,"","ALMA","PO1207A1",30027,3002,"2024-02-27","2024-03-27","USD",93.00,100,"3XS:20|2XS:20|XS:20|S:10|M:10|L:10|XL:10"
281208,"2024-02-07 08:39:53.45","#PO1208",50.00,68.00,93.00,120.90,"2024-02-27","134760787","PO",4,,,,"","ALMA","PO1208A0",30066,4002,"2024-02-27","2024-03-27","USD",93.00,100,"3XS:20|2XS:20|XS:20|S:10|M:10|L:10|XL:10"
281209,"2024-02-07 08:39:53.45","#PO1209",50.00,68.00,93.00,120.90,"2024-02-27","134760787","PO",4,,,,"","ALMA","PO1209A1",30067,5002,"2024-02-27","2024-03-27","USD",93.00,100,"3XS:20|2XS:20|XS:20|S:10|M:10|L:10|XL:10"
281210,"2024-02-07 08:39:53.45","#PO1210",50.00,68.00,93.00,120.90,"2024-02-27","134760787","PO",4,,,,"","ALMA","PO1210A0",30068,6002,"2024-02-27","2024-03-27","USD",93.00,100,"3XS:20|2XS:20|XS:20|S:10|M:10|L:10|XL:10"
281211,"2024-02-07 08:39:53.45","#PO1211",50.00,68.00,93.00,120.90,"2024-02-27","134760787","PO",4,,,,"","ALMA","PO1211A1",30069,8002,"2024-02-27","2024-03-27","USD",93.00,100,"3XS:20|2XS:20|XS:20|S:10|M:10|L:10|XL:10"
281212,"2024-02-07 08:39:53.45","#PO1212",50.00,68.00,93.00,120.90,"2024-02-27","134760788","PO",4,,,,"","ALMA","PO1212A1",30025,1002,"2024-02-27","2024-03-27","USD",93.00,100,"3XS:20|2XS:20|XS:20|S:10|M:10|L:10|XL:10"
281213,"2024-02-07 08:39:53.45","#PO1213",50.00,68.00,93.00,120.90,"2024-02-27","134760788","PO",4,,,,"","ALMA","PO1213A0",30026,1016,"2024-02-27","2024-03-27","USD",93.00,100,"3XS:20|2XS:20|XS:20|S:10|M:10|L:10|XL:10"
281214,"2024-02-07 08:39:53.45","#PO1214",50.00,68.00,93.00,120.90,"2024-02-27","134760788","PO",4,,,,"","ALMA","PO1214A1",30027,3002,"2024-02-27","2024-03-27","USD",93.00,100,"3XS:20|2XS:20|XS:20|S:10|M:10|L:10|XL:10"
281215,"2024-02-07 08:39:53.45","#PO1215",50.00,68.00,93.00,120.90,"2024-02-27","134760788","PO",4,,,,"","ALMA","PO1215A0",30066,4002,"2024-02-27","2024-03-27","USD",93.00,100,"3XS:20|2XS:20|XS:20|S:10|M:10|L:10|XL:10"
281216,"2024-02-07 08:39:53.45","#PO1216",50.00,68.00,93.00,120.90,"2024-02-27","134760788","PO",4,,,,"","ALMA","PO1216A1",30067,5002,"2024-02-27","2024-03-27","USD",93.00,100,"3XS:20|2XS:20|XS:20|S:10|M:10|L:10|XL:10"
281217,"2024-02-07 08:39:53.45","#PO1217",50.00,68.00,93.00,120.90,"2024-02-27","134760788","PO",4,,,,"","ALMA","PO1217A0",30068,6002,"2024-02-27","2024-03-27","USD",93.00,100,"3XS:20|2XS:20|XS:20|S:10|M:10|L:10|XL:10"
281218,"2024-02-07 08:39:53.45","#PO1218",50.00,68.00,93.00,120.90,"2024-02-27","134760788","PO",4,,,,"","ALMA","PO1218A1",30069,8002,"2024-02-27","2024-03-27","USD",93.00,100,"3XS:20|2XS:20|XS:20|S:10|M:10|L:10|XL:10"
281219,"2024-02-07 08:39:53.45","#PO1219",50.00,68.00,93.00,120.90,"2024-02-27","134760789","PO",4,,,,"","ALMA","PO1219A1",30025,1002,"2024-02-27","2024-03-27","USD",93.00,100,"3XS:20|2XS:20|XS:20|S:10|M:10|L:10|XL:10"
281220,"2024-02-07 08:39:53.45","#PO1220",50.00,68.00,93.00,120.90,"2024-02-27","134760789","PO",4,,,,"","ALMA","PO1220A0",30026,1016,"2024-02-27","2024-03-27","USD",93.00,100,"3XS:20|2XS:20|XS:20|S:10|M:10|L:10|XL:10"
281221,"2024-02-07 08:39:53.45","#PO1221",50.00,68.00,93.00,120.90,"2024-02-27","134760789","PO",4,,,,"","ALMA","PO1221A1",30027,3002,"2024-02-27","2024-03-27","USD",93.00,100,"3XS:20|2XS:20|XS:20|S:10|M:10|L:10|XL:10"
281222,"2024-02-07 08:39:53.45","#PO1222",50.00,68.00,93.00,120.90,"2024-02-27","134760789","PO",4,,,,"","ALMA","PO1222A0",30066,4002,"2024-02-27","2024-03-27","USD",93.00,100,"3XS:20|2XS:20|XS:20|S:10|M:10|L:10|XL:10"
281223,"2024-02-07 08:39:53.45","#PO1223",50.00,68.00,93.00,120.90,"2024-02-27","134760789","PO",4,,,,"","ALMA","PO1223A1",30067,5002,"2024-02-27","2024-03-27","USD",93.00,100,"3XS:20|2XS:20|XS:20|S:10|M:10|L:10|XL:10"
281224,"2024-02-07 08:39:53.45","#PO1224",50.00,68.00,93.00,120.90,"2024-02-27","134760789","PO",4,,,,"","ALMA","PO1224A0",30068,6002,"2024-02-27","2024-03-27","USD",93.00,100,"3XS:20|2XS:20|XS:20|S:10|M:10|L:10|XL:10"
281225,"2024-02-07 08:39:53.45","#PO1225",50.00,68.00,93.00,120.90,"2024-02-27","134760789","PO",4,,,,"","ALMA","PO1225A1",30069,8002,"2024-02-27","2024-03-27","USD",93.00,100,"3XS:20|2XS:20|XS:20|S:10|M:10|L:10|XL:10"
281226,"2024-02-07 08:39:53.45","#PO1226",50.00,68.00,93.00,120.90,"2024-02-27","134760825","PO",4,,,,"","ALMA","PO1226A1",30025,1002,"2024-02-27","2024-03-27","USD",93.00,100,"3XS:20|2XS:20|XS:20|S:10|M:10|L:10|XL:10"
281227,"2024-02-07 08:39:53.45","#PO1227",50.00,68.00,93.00,120.90,"2024-02-27","134760825","PO",4,,,,"","ALMA","PO1227A0",30026,1016,"2024-02-27","2024-03-27","USD",93.00,100,"3XS:20|2XS:20|XS:20|S:10|M:10|L:10|XL:10"
281228,"2024-02-07 08:39:53.45","#PO1228",50.00,68.00,93.00,120.90,"2024-02-27","134760825","PO",4,,,,"","ALMA","PO1228A1",30027,3002,"2024-02-27","2024-03-27","USD",93.00,100,"3XS:20|2XS:20|XS:20|S:10|M:10|L:10|XL:10"
281229,"2024-02-07 08:39:53.45","#PO1229",50.00,68.00,93.00,120.90,"2024-02-27","134760825","PO",4,,,,"","ALMA","PO1229A0",30066,4002,"2024-02-27","2024-03-27","USD",93.00,100,"3XS:20|2XS:20|XS:20|S:10|M:10|L:10|XL:10"
281230,"2024-02-07 08:39:53.45","#PO1230",50.00,68.00,93.00,120.90,"2024-02-27","134760825","PO",4,,,,"","ALMA","PO1230A1",30067,5002,"2024-02-27","2024-03-27","USD",93.00,100,"3XS:20|2XS:20|XS:20|S:10|M:10|L:10|XL:10"
281231,"2024-02-07 08:39:53.45","#PO1231",50.00,68.00,93.00,120.90,"2024-02-27","134760825","PO",4,,,,"","ALMA","PO1231A0",30068,6002,"2024-02-27","2024-03-27","USD",93.00,100,"3XS:20|2XS:20|XS:20|S:10|M:10|L:10|XL:10"
281232,"2024-02-07 08:39:53.45","#PO1232",50.00,68.00,93.00,120.90,"2024-02-27","134760825","PO",4,,,,"","ALMA","PO1232A1",30069,8002,"2024-02-27","2024-03-27","USD",93.00,100,"3XS:20|2XS:20|XS:20|S:10|M:10|L:10|XL:10"
281233,"2024-02-07 08:39:53.45","#PO1233",50.00,68.00,93.00,120.90,"2024-02-27","134760826","PO",4,,,,"","ALMA","PO1233A1",30025,1002,"2024-02-27","2024-03-27","USD",93.00,100,"3XS:20|2XS:20|XS:20|S:10|M:10|L:10|XL:10"
281234,"2024-02-07 08:39:53.45","#PO1234",50.00,68.00,93.00,120.90,"2024-02-27","134760826","PO",4,,,,"","ALMA","PO1234A0",30026,1016,"2024-02-27","2024-03-27","USD",93.00,100,"3XS:20|2XS:20|XS:20|S:10|M:10|L:10|XL:10"
281235,"2024-02-07 08:39:53.45","#PO1235",50.00,68.00,93.00,120.90,"2024-02-27","134760826","PO",4,,,,"","ALMA","PO1235A1",30027,3002,"2024-02-27","2024-03-27","USD",93.00,100,"3XS:20|2XS:20|XS:20|S:10|M:10|L:10|XL:10"
281236,"2024-02-07 08:39:53.45","#PO1236",50.00,68.00,93.00,120.90,"2024-02-27","134760826","PO",4,,,,"","ALMA","PO1236A0",30066,4002,"2024-02-27","2024-03-27","USD",93.00,100,"3XS:20|2XS:20|XS:20|S:10|M:10|L:10|XL:10"
281237,"2024-02-07 08:39:53.45","#PO1237",50.00,68.00,93.00,120.90,"2024-02-27","134760826","PO",4,,,,"","ALMA","PO1237A1",30067,5002,"2024-02-27","2024-03-27","USD",93.00,100,"3XS:20|2XS:20|XS:20|S:10|M:10|L:10|XL:10"
281238,"2024-02-07 08:39:53.45","#PO1238",50.00,68.00,93.00,120.90,"2024-02-27","134760826","PO",4,,,,"","ALMA","PO1238A0",30068,6002,"2024-02-27","2024-03-27","USD",93.00,100,"3XS:20|2XS:20|XS:20|S:10|M:10|L:10|XL:10"
281239,"2024-02-07 08:39:53.45","#PO1239",50.00,68.00,93.00,120.90,"2024-02-27","134760826","PO",4,,,,"","ALMA","PO1239A1",30069,8002,"2024-02-27","2024-03-27","USD",93.00,100,"3XS:20|2XS:20|XS:20|S:10|M:10|L:10|XL:10"
281240,"2024-02-07 08:39:53.45","#PO1240",50.00,68.00,93.00,120.90,"2024-02-27","134760827","PO",4,,,,"","ALMA","PO1240A1",30025,1002,"2024-02-27","2024-03-27","USD",93.00,100,"3XS:20|2XS:20|XS:20|S:10|M:10|L:10|XL:10"
281241,"2024-02-07 08:39:53.45","#PO1241",50.00,68.00,93.00,120.90,"2024-02-27","134760827","PO",4,,,,"","ALMA","PO1241A0",30026,1016,"2024-02-27","2024-03-27","USD",93.00,100,"3XS:20|2XS:20|XS:20|S:10|M:10|L:10|XL:10"
281242,"2024-02-07 08:39:53.45","#PO1242",50.00,68.00,93.00,120.90,"2024-02-27","134760827","PO",4,,,,"","ALMA","PO1242A1",30027,3002,"2024-02-27","2024-03-27","USD",93.00,100,"3XS:20|2XS:20|XS:20|S:10|M:10|L:10|XL:10"
281243,"2024-02-07 08:39:53.45","#PO1243",50.00,68.00,93.00,120.90,"2024-02-27","134760827","PO",4,,,,"","ALMA","PO1243A0",30066,4002,"2024-02-27","2024-03-27","USD",93.00,100,"3XS:20|2XS:20|XS:20|S:10|M:10|L:10|XL:10"
281244,"2024-02-07 08:39:53.45","#PO1244",50.00,68.00,93.00,120.90,"2024-02-27","134760827","PO",4,,,,"","ALMA","PO1244A1",30067,5002,"2024-02-27","2024-03-27","USD",93.00,100,"3XS:20|2XS:20|XS:20|S:10|M:10|L:10|XL:10"
281245,"2024-02-07 08:39:53.45","#PO1245",50.00,68.00,93.00,120.90,"2024-02-27","134760827","PO",4,,,,"","ALMA","PO1245A0",30068,6002,"2024-02-27","2024-03-27","USD",93.00,100,"3XS:20|2XS:20|XS:20|S:10|M:10|L:10|XL:10"
281246,"2024-02-07 08:39:53.45","#PO1246",50.00,68.00,93.00,120.90,"2024-02-27","134760827","PO",4,,,,"","ALMA","PO1246A1",30069,8002,"2024-02-27","2024-03-27","USD",93.00,100,"3XS:20|2XS:20|XS:20|S:10|M:10|L:10|XL:10"
281247,"2024-02-07 08:39:53.45","#PO1247",50.00,68.00,93.00,120.90,"2024-02-27","134760835","PO",4,,,,"","ALMA","PO1247A1",30025,1002,"2024-02-27","2024-03-27","USD",93.00,100,"3XS:20|2XS:20|XS:20|S:10|M:10|L:10|XL:10"
281248,"2024-02-07 08:39:53.45","#PO1248",50.00,68.00,93.00,120.90,"2024-02-27","134760835","PO",4,,,,"","ALMA","PO1248A0",30026,1016,"2024-02-27","2024-03-27","USD",93.00,100,"3XS:20|2XS:20|XS:20|S:10|M:10|L:10|XL:10"
281249,"2024-02-07 08:39:53.45","#PO1249",50.00,68.00,93.00,120.90,"2024-02-27","134760835","PO",4,,,,"","ALMA","PO1249A1",30027,3002,"2024-02-27","2024-03-27","USD",93.00,100,"3XS:20|2XS:20|XS:20|S:10|M:10|L:10|XL:10"
281250,"2024-02-07 08:39:53.45","#PO1250",50.00,68.00,93.00,120.90,"2024-02-27","134760835","PO",4,,,,"","ALMA","PO1250A0",30066,4002,"2024-02-27","2024-03-27","USD",93.00,100,"3XS:20|2XS:20|XS:20|S:10|M:10|L:10|XL:10"
281251,"2024-02-07 08:39:53.45","#PO1251",50.00,68.00,93.00,120.90,"2024-02-27","134760835","PO",4,,,,"","ALMA","PO1251A1",30067,5002,"2024-02-27","2024-03-27","USD",93.00,100,"3XS:20|2XS:20|XS:20|S:10|M:10|L:10|XL:10"
281252,"2024-02-07 08:39:53.45","#PO1252",50.00,68.00,93.00,120.90,"2024-02-27","134760835","PO",4,,,,"","ALMA","PO1252A0",30068,6002,"2024-02-27","2024-03-27","USD",93.00,100,"3XS:20|2XS:20|XS:20|S:10|M:10|L:10|XL:10"
281253,"2024-02-07 08:39:53.45","#PO1253",50.00,68.00,93.00,120.90,"2024-02-27","134760835","PO",4,,,,"","ALMA","PO1253A1",30069,8002,"2024-02-27","2024-03-27","USD",93.00,100,"3XS:20|2XS:20|XS:20|S:10|M:10|L:10|XL:10"
281254,"2024-02-07 08:39:53.45","#PO1254",50.00,68.00,93.00,120.90,"2024-02-27","134760836","PO",4,,,,"","ALMA","PO1254A1",30025,1002,"2024-02-27","2024-03-27","USD",93.00,100,"3XS:20|2XS:20|XS:20|S:10|M:10|L:10|XL:10"
281255,"2024-02-07 08:39:53.45","#PO1255",50.00,68.00,93.00,120.90,"2024-02-27","134760836","PO",4,,,,"","ALMA","PO1255A0",30026,1016,"2024-02-27","2024-03-27","USD",93.00,100,"3XS:20|2XS:20|XS:20|S:10|M:10|L:10|XL:10"
281256,"2024-02-07 08:39:53.45","#PO1256",50.00,68.00,93.00,120.90,"2024-02-27","134760836","PO",4,,,,"","ALMA","PO1256A1",30027,3002,"2024-02-27","2024-03-27","USD",93.00,100,"3XS:20|2XS:20|XS:20|S:10|M:10|L:10|XL:10"
281257,"2024-02-07 08:39:53.45","#PO1257",50.00,68.00,93.00,120.90,"2024-02-27","134760836","PO",4,,,,"","ALMA","PO1257A0",30066,4002,"2024-02-27","2024-03-27","USD",93.00,100,"3XS:20|2XS:20|XS:20|S:10|M:10|L:10|XL:10"
281258,"2024-02-07 08:39:53.45","#PO1258",50.00,68.00,93.00,120.90,"2024-02-27","134760836","PO",4,,,,"","ALMA","PO1258A1",30067,5002,"2024-02-27","2024-03-27","USD",93.00,100,"3XS:20|2XS:20|XS:20|S:10|M:10|L:10|XL:10"
281259,"2024-02-07 08:39:53.45","#PO1259",50.00,68.00,93.00,120.90,"2024-02-27","134760836","PO",4,,,,"","ALMA","PO1259A0",30068,6002,"2024-02-27","2024-03-27","USD",93.00,100,"3XS:20|2XS:20|XS:20|S:10|M:10|L:10|XL:10"
281260,"2024-02-07 08:39:53.45","#PO1260",50.00,68.00,93.00,120.90,"2024-02-27","134760836","PO",4,,,,"","ALMA","PO1260A1",30069,8002,"2024-02-27","2024-03-27","USD",93.00,100,"3XS:20|2XS:20|XS:20|S:10|M:10|L:10|XL:10"
281261,"2024-02-07 08:39:53.45","#PO1261",50.00,68.00,93.00,120.90,"2024-02-27","134760851","PO",4,,,,"","ALMA","PO1261A1",30025,1002,"2024-02-27","2024-03-27","USD",93.00,100,"3XS:20|2XS:20|XS:20|S:10|M:10|L:10|XL:10"
281262,"2024-02-07 08:39:53.45","#PO1262",50.00,68.00,93.00,120.90,"2024-02-27","134760851","PO",4,,,,"","ALMA","PO1262A0",30026,1016,"2024-02-27","2024-03-27","USD",93.00,100,"3XS:20|2XS:20|XS:20|S:10|M:10|L:10|XL:10"
281263,"2024-02-07 08:39:53.45","#PO1263",50.00,68.00,93.00,120.90,"2024-02-27","134760851","PO",4,,,,"","ALMA","PO1263A1",30027,3002,"2024-02-27","2024-03-27","USD",93.00,100,"3XS:20|2XS:20|XS:20|S:10|M:10|L:10|XL:10"
281264,"2024-02-07 08:39:53.45","#PO1264",50.00,68.00,93.00,120.90,"2024-02-27","134760851","PO",4,,,,"","ALMA","PO1264A0",30066,4002,"2024-02-27","2024-03-27","USD",93.00,100,"3XS:20|2XS:20|XS:20|S:10|M:10|L:10|XL:10"
281265,"2024-02-07 08:39:53.45","#PO1265",50.00,68.00,93.00,120.90,"2024-02-27","134760851","PO",4,,,,"","ALMA","PO1265A1",30067,5002,"2024-02-27","2024-03-27","USD",93.00,100,"3XS:20|2XS:20|XS:20|S:10|M:10|L:10|XL:10"
281266,"2024-02-07 08:39:53.45","#PO1266",50.00,68.00,93.00,120.90,"2024-02-27","134760851","PO",4,,,,"","ALMA","PO1266A0",30068,6002,"2024-02-27","2024-03-27","USD",93.00,100,"3XS:20|2XS:20|XS:20|S:10|M:10|L:10|XL:10"
281267,"2024-02-07 08:39:53.45","#PO1267",50.00,68.00,93.00,120.90,"2024-02-27","134760851","PO",4,,,,"","ALMA","PO1267A1",30069,8002,"2024-02-27","2024-03-27","USD",93.00,100,"3XS:20|2XS:20|XS:20|S:10|M:10|L:10|XL:10"
281268,"2024-02-07 08:39:53.45","#PO1268",50.00,68.00,93.00,120.90,"2024-02-27","134760852","PO",4,,,,"","ALMA","PO1268A1",30025,1002,"2024-02-27","2024-03-27","USD",93.00,100,"3XS:20|2XS:20|XS:20|S:10|M:10|L:10|XL:10"
281269,"2024-02-07 08:39:53.45","#PO1269",50.00,68.00,93.00,120.90,"2024-02-27","134760852","PO",4,,,,"","ALMA","PO1269A0",30026,1016,"2024-02-27","2024-03-27","USD",93.00,100,"3XS:20|2XS:20|XS:20|S:10|M:10|L:10|XL:10"
281270,"2024-02-07 08:39:53.45","#PO1270",50.00,68.00,93.00,120.90,"2024-02-27","134760852","PO",4,,,,"","ALMA","PO1270A1",30027,3002,"2024-02-27","2024-03-27","USD",93.00,100,"3XS:20|2XS:20|XS:20|S:10|M:10|L:10|XL:10"
281271,"2024-02-07 08:39:53.45","#PO1271",50.00,68.00,93.00,120.90,"2024-02-27","134760852","PO",4,,,,"","ALMA","PO1271A0",30066,4002,"2024-02-27","2024-03-27","USD",93.00,100,"3XS:20|2XS:20|XS:20|S:10|M:10|L:10|XL:10"
281272,"2024-02-07 08:39:53.45","#PO1272",50.00,68.00,93.00,120.90,"2024-02-27","134760852","PO",4,,,,"","ALMA","PO1272A1",30067,5002,"2024-02-27","2024-03-27","USD",93.00,100,"3XS:20|2XS:20|XS:20|S:10|M:10|L:10|XL:10"
281273,"2024-02-07 08:39:53.45","#PO1273",50.00,68.00,93.00,120.90,"2024-02-27","134760852","PO",4,,,,"","ALMA","PO1273A0",30068,6002,"2024-02-27","2024-03-27","USD",93.00,100,"3XS:20|2XS:20|XS:20|S:10|M:10|L:10|XL:10"
281274,"2024-02-07 08:39:53.45","#PO1274",50.00,68.00,93.00,120.90,"2024-02-27","134760852","PO",4,,,,"","ALMA","PO1274A1",30069,8002,"2024-02-27","2024-03-27","USD",93.00,100,"3XS:20|2XS:20|XS:20|S:10|M:10|L:10|XL:10"
281275,"2024-02-07 08:39:53.45","#PO1275",50.00,68.00,93.00,120.90,"2024-02-27","134760853","PO",4,,,,"","ALMA","PO1275A1",30025,1002,"2024-02-27","2024-03-27","USD",93.00,100,"3XS:20|2XS:20|XS:20|S:10|M:10|L:10|XL:10"
281276,"2024-02-07 08:39:53.45","#PO1276",50.00,68.00,93.00,120.90,"2024-02-27","134760853","PO",4,,,,"","ALMA","PO1276A0",30026,1016,"2024-02-27","2024-03-27","USD",93.00,100,"3XS:20|2XS:20|XS:20|S:10|M:10|L:10|XL:10"
281277,"2024-02-07 08:39:53.45","#PO1277",50.00,68.00,93.00,120.90,"2024-02-27","134760853","PO",4,,,,"","ALMA","PO1277A1",30027,3002,"2024-02-27","2024-03-27","USD",93.00,100,"3XS:20|2XS:20|XS:20|S:10|M:10|L:10|XL:10"
281278,"2024-02-07 08:39:53.45","#PO1278",50.00,68.00,93.00,120.90,"2024-02-27","134760853","PO",4,,,,"","ALMA","PO1278A0",30066,4002,"2024-02-27","2024-03-27","USD",93.00,100,"3XS:20|2XS:20|XS:20|S:10|M:10|L:10|XL:10"
281279,"2024-02-07 08:39:53.45","#PO1279",50.00,68.00,93.00,120.90,"2024-02-27","134760853","PO",4,,,,"","ALMA","PO1279A1",30067,5002,"2024-02-27","2024-03-27","USD",93.00,100,"3XS:20|2XS:20|XS:20|S:10|M:10|L:10|XL:10"
281280,"2024-02-07 08:39:53.45","#PO1280",50.00,68.00,93.00,120.90,"2024-02-27","134760853","PO",4,,,,"","ALMA","PO1280A0",30068,6002,"2024-02-27","2024-03-27","USD",93.00,100,"3XS:20|2XS:20|XS:20|S:10|M:10|L:10|XL:10"
281281,"2024-02-07 08:39:53.45","#PO1281",50.00,68.00,93.00,120.90,"2024-02-27","134760853","PO",4,,,,"","ALMA","PO1281A1",30069,8002,"2024-02-27","2024-03-27","USD",93.00,100,"3XS:20|2XS:20|XS:20|S:10|M:10|L:10|XL:10"
281282,"2024-02-07 08:39:53.45","#PO1282",50.00,68.00,93.00,120.90,"2024-02-27","134760854","PO",4,,,,"","ALMA","PO1282A1",30025,1002,"2024-02-27","2024-03-27","USD",93.00,100,"3XS:20|2XS:20|XS:20|S:10|M:10|L:10|XL:10"
281283,"2024-02-07 08:39:53.45","#PO1283",50.00,68.00,93.00,120.90,"2024-02-27","134760854","PO",4,,,,"","ALMA","PO1283A0",30026,1016,"2024-02-27","2024-03-27","USD",93.00,100,"3XS:20|2XS:20|XS:20|S:10|M:10|L:10|XL:10"
281284,"2024-02-07 08:39:53.45","#PO1284",50.00,68.00,93.00,120.90,"2024-02-27","134760854","PO",4,,,,"","ALMA","PO1284A1",30027,3002,"2024-02-27","2024-03-27","USD",93.00,100,"3XS:20|2XS:20|XS:20|S:10|M:10|L:10|XL:10"
281285,"2024-02-07 08:39:53.45","#PO1285",50.00,68.00,93.00,120.90,"2024-02-27","134760854","PO",4,,,,"","ALMA","PO1285A0",30066,4002,"2024-02-27","2024-03-27","USD",93.00,100,"3XS:20|2XS:20|XS:20|S:10|M:10|L:10|XL:10"
281286,"2024-02-07 08:39:53.45","#PO1286",50.00,68.00,93.00,120.90,"2024-02-27","134760854","PO",4,,,,"","ALMA","PO1286A1",30067,5002,"2024-02-27","2024-03-27","USD",93.00,100,"3XS:20|2XS:20|XS:20|S:10|M:10|L:10|XL:10"
281287,"2024-02-07 08:39:53.45","#PO1287",50.00,68.00,93.00,120.90,"2024-02-27","134760854","PO",4,,,,"","ALMA","PO1287A0",30068,6002,"2024-02-27","2024-03-27","USD",93.00,100,"3XS:20|2XS:20|XS:20|S:10|M:10|L:10|XL:10"
281288,"2024-02-07 08:39:53.45","#PO1288",50.00,68.00,93.00,120.90,"2024-02-27","134760854","PO",4,,,,"","ALMA","PO1288A1",30069,8002,"2024-02-27","2024-03-27","USD",93.00,100,"3XS:20|2XS:20|XS:20|S:10|M:10|L:10|XL:10"
281289,"2024-02-07 08:39:53.45","#PO1289",50.00,68.00,93.00,120.90,"2024-02-27","134760855","PO",4,,,,"","ALMA","PO1289A1",30025,1002,"2024-02-27","2024-03-27","USD",93.00,100,"3XS:20|2XS:20|XS:20|S:10|M:10|L:10|XL:10"
281290,"2024-02-07 08:39:53.45","#PO1290",50.00,68.00,93.00,120.90,"2024-02-27","134760855","PO",4,,,,"","ALMA","PO1290A0",30026,1016,"2024-02-27","2024-03-27","USD",93.00,100,"3XS:20|2XS:20|XS:20|S:10|M:10|L:10|XL:10"
281291,"2024-02-07 08:39:53.45","#PO1291",50.00,68.00,93.00,120.90,"2024-02-27","134760855","PO",4,,,,"","ALMA","PO1291A1",30027,3002,"2024-02-27","2024-03-27","USD",93.00,100,"3XS:20|2XS:20|XS:20|S:10|M:10|L:10|XL:10"
281292,"2024-02-07 08:39:53.45","#PO1292",50.00,68.00,93.00,120.90,"2024-02-27","134760855","PO",4,,,,"","ALMA","PO1292A0",30066,4002,"2024-02-27","2024-03-27","USD",93.00,100,"3XS:20|2XS:20|XS:20|S:10|M:10|L:10|XL:10"
281293,"2024-02-07 08:39:53.45","#PO1293",50.00,68.00,93.00,120.90,"2024-02-27","134760855","PO",4,,,,"","ALMA","PO1293A1",30067,5002,"2024-02-27","2024-03-27","USD",93.00,100,"3XS:20|2XS:20|XS:20|S:10|M:10|L:10|XL:10"
281294,"2024-02-07 08:39:53.45","#PO1294",50.00,68.00,93.00,120.90,"2024-02-27","134760855","PO",4,,,,"","ALMA","PO1294A0",30068,6002,"2024-02-27","2024-03-27","USD",93.00,100,"3XS:20|2XS:20|XS:20|S:10|M:10|L:10|XL:10"
281295,"2024-02-07 08:39:53.45","#PO1295",50.00,68.00,93.00,120.90,"2024-02-27","134760855","PO",4,,,,"","ALMA","PO1295A1",30069,8002,"2024-02-27","2024-03-27","USD",93.00,100,"3XS:20|2XS:20|XS:20|S:10|M:10|L:10|XL:10"
281296,"2024-02-07 08:39:53.45","#PO1296",50.00,68.00,93.00,120.90,"2024-02-27","134760856","PO",4,,,,"","ALMA","PO1296A1",30025,1002,"2024-02-27","2024-03-27","USD",93.00,100,"3XS:20|2XS:20|XS:20|S:10|M:10|L:10|XL:10"
281297,"2024-02-07 08:39:53.45","#PO1297",50.00,68.00,93.00,120.90,"2024-02-27","134760856","PO",4,,,,"","ALMA","PO1297A0",30026,1016,"2024-02-27","2024-03-27","USD",93.00,100,"3XS:20|2XS:20|XS:20|S:10|M:10|L:10|XL:10"
281298,"2024-02-07 08:39:53.45","#PO1298",50.00,68.00,93.00,120.90,"2024-02-27","134760856","PO",4,,,,"","ALMA","PO1298A1",30027,3002,"2024-02-27","2024-03-27","USD",93.00,100,"3XS:20|2XS:20|XS:20|S:10|M:10|L:10|XL:10"
281299,"2024-02-07 08:39:53.45","#PO1299",50.00,68.00,93.00,120.90,"2024-02-27","134760856","PO",4,,,,"","ALMA","PO1299A0",30066,4002,"2024-02-27","2024-03-27","USD",93.00,100,"3XS:20|2XS:20|XS:20|S:10|M:10|L:10|XL:10"
281300,"2024-02-07 08:39:53.45","#PO1300",50.00,68.00,93.00,120.90,"2024-02-27","134760856","PO",4,,,,"","ALMA","PO1300A1",30067,5002,"2024-02-27","2024-03-27","USD",93.00,100,"3XS:20|2XS:20|XS:20|S:10|M:10|L:10|XL:10"
281301,"2024-02-07 08:39:53.45","#PO1301",50.00,68.00,93.00,120.90,"2024-02-27","134760856","PO",4,,,,"","ALMA","PO1301A0",30068,6002,"2024-02-27","2024-03-27","USD",93.00,100,"3XS:20|2XS:20|XS:20|S:10|M:10|L:10|XL:10"
281302,"2024-02-07 08:39:53.45","#PO1302",50.00,68.00,93.00,120.90,"2024-02-27","134760856","PO",4,,,,"","ALMA","PO1302A1",30069,8002,"2024-02-27","2024-03-27","USD",93.00,100,"3XS:20|2XS:20|XS:20|S:10|M:10|L:10|XL:10"
281303,"2024-02-07 08:39:53.45","#PO1303",50.00,68.00,93.00,120.90,"2024-02-27","134760857","PO",4,,,,"","ALMA","PO1303A1",30025,1002,"2024-02-27","2024-03-27","USD",93.00,100,"3XS:20|2XS:20|XS:20|S:10|M:10|L:10|XL:10"
281304,"2024-02-07 08:39:53.45","#PO1304",50.00,68.00,93.00,120.90,"2024-02-27","134760857","PO",4,,,,"","ALMA","PO1304A0",30026,1016,"2024-02-27","2024-03-27","USD",93.00,100,"3XS:20|2XS:20|XS:20|S:10|M:10|L:10|XL:10"
281305,"2024-02-07 08:39:53.45","#PO1305",50.00,68.00,93.00,120.90,"2024-02-27","134760857","PO",4,,,,"","ALMA","PO1305A1",30027,3002,"2024-02-27","2024-03-27","USD",93.00,100,"3XS:20|2XS:20|XS:20|S:10|M:10|L:10|XL:10"
281306,"2024-02-07 08:39:53.45","#PO1306",50.00,68.00,93.00,120.90,"2024-02-27","134760857","PO",4,,,,"","ALMA","PO1306A0",30066,4002,"2024-02-27","2024-03-27","USD",93.00,100,"3XS:20|2XS:20|XS:20|S:10|M:10|L:10|XL:10"
281307,"2024-02-07 08:39:53.45","#PO1307",50.00,68.00,93.00,120.90,"2024-02-27","134760857","PO",4,,,,"","ALMA","PO1307A1",30067,5002,"2024-02-27","2024-03-27","USD",93.00,100,"3XS:20|2XS:20|XS:20|S:10|M:10|L:10|XL:10"
281308,"2024-02-07 08:39:53.45","#PO1308",50.00,68.00,93.00,120.90,"2024-02-27","134760857","PO",4,,,,"","ALMA","PO1308A0",30068,6002,"2024-02-27","2024-03-27","USD",93.00,100,"3XS:20|2XS:20|XS:20|S:10|M:10|L:10|XL:10"
281309,"2024-02-07 08:39:53.45","#PO1309",50.00,68.00,93.00,120.90,"2024-02-27","134760857","PO",4,,,,"","ALMA","PO1309A1",30069,8002,"2024-02-27","2024-03-27","USD",93.00,100,"3XS:20|2XS:20|XS:20|S:10|M:10|L:10|XL:10"
281310,"2024-02-07 08:39:53.45","#PO1310",50.00,68.00,93.00,120.90,"2024-02-27","134760858","PO",4,,,,"","ALMA","PO1310A1",30025,1002,"2024-02-27","2024-03-27","USD",93.00,100,"3XS:20|2XS:20|XS:20|S:10|M:10|L:10|XL:10"
281311,"2024-02-07 08:39:53.45","#PO1311",50.00,68.00,93.00,120.90,"2024-02-27","134760858","PO",4,,,,"","ALMA","PO1311A0",30026,1016,"2024-02-27","2024-03-27","USD",93.00,100,"3XS:20|2XS:20|XS:20|S:10|M:10|L:10|XL:10"
281312,"2024-02-07 08:39:53.45","#PO1312",50.00,68.00,93.00,120.90,"2024-02-27","134760858","PO",4,,,,"","ALMA","PO1312A1",30027,3002,"2024-02-27","2024-03-27","USD",93.00,100,"3XS:20|2XS:20|XS:20|S:10|M:10|L:10|XL:10"
281313,"2024-02-07 08:39:53.45","#PO1313",50.00,68.00,93.00,120.90,"2024-02-27","134760858","PO",4,,,,"","ALMA","PO1313A0",30066,4002,"2024-02-27","2024-03-27","USD",93.00,100,"3XS:20|2XS:20|XS:20|S:10|M:10|L:10|XL:10"
281314,"2024-02-07 08:39:53.45","#PO1314",50.00,68.00,93.00,120.90,"2024-02-27","134760858","PO",4,,,,"","ALMA","PO1314A1",30067,5002,"2024-02-27","2024-03-27","USD",93.00,100,"3XS:20|2XS:20|XS:20|S:10|M:10|L:10|XL:10"
281315,"2024-02-07 08:39:53.45","#PO1315",50.00,68.00,93.00,120.90,"2024-02-27","134760858","PO",4,,,,"","ALMA","PO1315A0",30068,6002,"2024-02-27","2024-03-27","USD",93.00,100,"3XS:20|2XS:20|XS:20|S:10|M:10|L:10|XL:10"
281316,"2024-02-07 08:39:53.45","#PO1316",50.00,68.00,93.00,120.90,"2024-02-27","134760858","PO",4,,,,"","ALMA","PO1316A1",30069,8002,"2024-02-27","2024-03-27","USD",93.00,100,"3XS:20|2XS:20|XS:20|S:10|M:10|L:10|XL:10"
281317,"2024-02-07 08:39:53.45","#PO1317",50.00,68.00,93.00,120.90,"2024-02-27","134760866","PO",4,,,,"","ALMA","PO1317A1",30025,1002,"2024-02-27","2024-03-27","USD",93.00,100,"3XS:20|2XS:20|XS:20|S:10|M:10|L:10|XL:10"
281318,"2024-02-07 08:39:53.45","#PO1318",50.00,68.00,93.00,120.90,"2024-02-27","134760866","PO",4,,,,"","ALMA","PO1318A0",30026,1016,"2024-02-27","2024-03-27","USD",93.00,100,"3XS:20|2XS:20|XS:20|S:10|M:10|L:10|XL:10"
281319,"2024-02-07 08:39:53.45","#PO1319",50.00,68.00,93.00,120.90,"2024-02-27","134760866","PO",4,,,,"","ALMA","PO1319A1",30027,3002,"2024-02-27","2024-03-27","USD",93.00,100,"3XS:20|2XS:20|XS:20|S:10|M:10|L:10|XL:10"
281320,"2024-02-07 08:39:53.45","#PO1320",50.00,68.00,93.00,120.90,"2024-02-27","134760866","PO",4,,,,"","ALMA","PO1320A0",30066,4002,"2024-02-27","2024-03-27","USD",93.00,100,"3XS:20|2XS:20|XS:20|S:10|M:10|L:10|XL:10"
281321,"2024-02-07 08:39:53.45","#PO1321",50.00,68.00,93.00,120.90,"2024-02-27","134760866","PO",4,,,,"","ALMA","PO1321A1",30067,5002,"2024-02-27","2024-03-27","USD",93.00,100,"3XS:20|2XS:20|XS:20|S:10|M:10|L:10|XL:10"
281322,"2024-02-07 08:39:53.45","#PO1322",50.00,68.00,93.00,120.90,"2024-02-27","134760866","PO",4,,,,"","ALMA","PO1322A0",30068,6002,"2024-02-27","2024-03-27","USD",93.00,100,"3XS:20|2XS:20|XS:20|S:10|M:10|L:10|XL:10"
281323,"2024-02-07 08:39:53.45","#PO1323",50.00,68.00,93.00,120.90,"2024-02-27","134760866","PO",4,,,,"","ALMA","PO1323A1",30069,8002,"2024-02-27","2024-03-27","USD",93.00,100,"3XS:20|2XS:20|XS:20|S:10|M:10|L:10|XL:10"
281324,"2024-02-07 08:39:53.45","#PO1324",50.00,68.00,93.00,120.90,"2024-02-27","134760867","PO",4,,,,"","ALMA","PO1324A1",30025,1002,"2024-02-27","2024-03-27","USD",93.00,100,"3XS:20|2XS:20|XS:20|S:10|M:10|L:10|XL:10"
281325,"2024-02-07 08:39:53.45","#PO1325",50.00,68.00,93.00,120.90,"2024-02-27","134760867","PO",4,,,,"","ALMA","PO1325A0",30026,1016,"2024-02-27","2024-03-27","USD",93.00,100,"3XS:20|2XS:20|XS:20|S:10|M:10|L:10|XL:10"
281326,"2024-02-07 08:39:53.45","#PO1326",50.00,68.00,93.00,120.90,"2024-02-27","134760867","PO",4,,,,"","ALMA","PO1326A1",30027,3002,"2024-02-27","2024-03-27","USD",93.00,100,"3XS:20|2XS:20|XS:20|S:10|M:10|L:10|XL:10"
281327,"2024-02-07 08:39:53.45","#PO1327",50.00,68.00,93.00,120.90,"2024-02-27","134760867","PO",4,,,,"","ALMA","PO1327A0",30066,4002,"2024-02-27","2024-03-27","USD",93.00,100,"3XS:20|2XS:20|XS:20|S:10|M:10|L:10|XL:10"
281328,"2024-02-07 08:39:53.45","#PO1328",50.00,68.00,93.00,120.90,"2024-02-27","134760867","PO",4,,,,"","ALMA","PO1328A1",30067,5002,"2024-02-27","2024-03-27","USD",93.00,100,"3XS:20|2XS:20|XS:20|S:10|M:10|L:10|XL:10"
281329,"2024-02-07 08:39:53.45","#PO1329",50.00,68.00,93.00,120.90,"2024-02-27","134760867","PO",4,,,,"","ALMA","PO1329A0",30068,6002,"2024-02-27","2024-03-27","USD",93.00,100,"3XS:20|2XS:20|XS:20|S:10|M:10|L:10|XL:10"
281330,"2024-02-07 08:39:53.45","#PO1330",50.00,68.00,93.00,120.90,"2024-02-27","134760867","PO",4,,,,"","ALMA","PO1330A1",30069,8002,"2024-02-27","2024-03-27","USD",93.00,100,"3XS:20|2XS:20|XS:20|S:10|M:10|L:10|XL:10"
281331,"2024-02-07 08:39:53.45","#PO1331",50.00,68.00,93.00,120.90,"2024-02-27","134760873","PO",4,,,,"","ALMA","PO1331A1",30025,1002,"2024-02-27","2024-03-27","USD",93.00,100,"3XS:20|2XS:20|XS:20|S:10|M:10|L:10|XL:10"
281332,"2024-02-07 08:39:53.45","#PO1332",50.00,68.00,93.00,120.90,"2024-02-27","134760873","PO",4,,,,"","ALMA","PO1332A0",30026,1016,"2024-02-27","2024-03-27","USD",93.00,100,"3XS:20|2XS:20|XS:20|S:10|M:10|L:10|XL:10"
281333,"2024-02-07 08:39:53.45","#PO1333",50.00,68.00,93.00,120.90,"2024-02-27","134760873","PO",4,,,,"","ALMA","PO1333A1",30027,3002,"2024-02-27","2024-03-27","USD",93.00,100,"3XS:20|2XS:20|XS:20|S:10|M:10|L:10|XL:10"
281334,"2024-02-07 08:39:53.45","#PO1334",50.00,68.00,93.00,120.90,"2024-02-27","134760873","PO",4,,,,"","ALMA","PO1334A0",30066,4002,"2024-02-27","2024-03-27","USD",93.00,100,"3XS:20|2XS:20|XS:20|S:10|M:10|L:10|XL:10"
281335,"2024-02-07 08:39:53.45","#PO1335",50.00,68.00,93.00,120.90,"2024-02-27","134760873","PO",4,,,,"","ALMA","PO1335A1",30067,5002,"2024-02-27","2024-03-27","USD",93.00,100,"3XS:20|2XS:20|XS:20|S:10|M:10|L:10|XL:10"
281336,"2024-02-07 08:39:53.45","#PO1336",50.00,68.00,93.00,120.90,"2024-02-27","134760873","PO",4,,,,"","ALMA","PO1336A0",30068,6002,"2024-02-27","2024-03-27","USD",93.00,100,"3XS:20|2XS:20|XS:20|S:10|M:10|L:10|XL:10"
281337,"2024-02-07 08:39:53.45","#PO1337",50.00,68.00,93.00,120.90,"2024-02-27","134760873","PO",4,,,,"","ALMA","PO1337A1",30069,8002,"2024-02-27","2024-03-27","USD",93.00,100,"3XS:20|2XS:20|XS:20|S:10|M:10|L:10|XL:10"
281338,"2024-02-07 08:39:53.45","#PO1338",50.00,68.00,93.00,120.90,"2024-02-27","134760918","PO",4,,,,"","ALMA","PO1338A1",30025,1002,"2024-02-27","2024-03-27","USD",93.00,100,"3XS:20|2XS:20|XS:20|S:10|M:10|L:10|XL:10"
281339,"2024-02-07 08:39:53.45","#PO1339",50.00,68.00,93.00,120.90,"2024-02-27","134760918","PO",4,,,,"","ALMA","PO1339A0",30026,1016,"2024-02-27","2024-03-27","USD",93.00,100,"3XS:20|2XS:20|XS:20|S:10|M:10|L:10|XL:10"
281340,"2024-02-07 08:39:53.45","#PO1340",50.00,68.00,93.00,120.90,"2024-02-27","134760918","PO",4,,,,"","ALMA","PO1340A1",30027,3002,"2024-02-27","2024-03-27","USD",93.00,100,"3XS:20|2XS:20|XS:20|S:10|M:10|L:10|XL:10"
281341,"2024-02-07 08:39:53.45","#PO1341",50.00,68.00,93.00,120.90,"2024-02-27","134760918","PO",4,,,,"","ALMA","PO1341A0",30066,4002,"2024-02-27","2024-03-27","USD",93.00,100,"3XS:20|2XS:20|XS:20|S:10|M:10|L:10|XL:10"
281342,"2024-02-07 08:39:53.45","#PO1342",50.00,68.00,93.00,120.90,"2024-02-27","134760918","PO",4,,,,"","ALMA","PO1342A1",30067,5002,"2024-02-27","2024-03-27","USD",93.00,100,"3XS:20|2XS:20|XS:20|S:10|M:10|L:10|XL:10"
281343,"2024-02-07 08:39:53.45","#PO1343",50.00,68.00,93.00,120.90,"2024-02-27","134760918","PO",4,,,,"","ALMA","PO1343A0",30068,6002,"2024-02-27","2024-03-27","USD",93.00,100,"3XS:20|2XS:20|XS:20|S:10|M:10|L:10|XL:10"
281344,"2024-02-07 08:39:53.45","#PO1344",50.00,68.00,93.00,120.90,"2024-02-27","134760918","PO",4,,,,"","ALMA","PO1344A1",30069,8002,"2024-02-27","2024-03-27","USD",93.00,100,"3XS:20|2XS:20|XS:20|S:10|M:10|L:10|XL:10"
281345,"2024-02-07 08:39:53.45","#PO1345",50.00,68.00,93.00,120.90,"2024-02-27","134760926","PO",4,,,,"","ALMA","PO1345A1",30025,1002,"2024-02-27","2024-03-27","USD",93.00,100,"3XS:20|2XS:20|XS:20|S:10|M:10|L:10|XL:10"
281346,"2024-02-07 08:39:53.45","#PO1346",50.00,68.00,93.00,120.90,"2024-02-27","134760926","PO",4,,,,"","ALMA","PO1346A0",30026,1016,"2024-02-27","2024-03-27","USD",93.00,100,"3XS:20|2XS:20|XS:20|S:10|M:10|L:10|XL:10"
281347,"2024-02-07 08:39:53.45","#PO1347",50.00,68.00,93.00,120.90,"2024-02-27","134760926","PO",4,,,,"","ALMA","PO1347A1",30027,3002,"2024-02-27","2024-03-27","USD",93.00,100,"3XS:20|2XS:20|XS:20|S:10|M:10|L:10|XL:10"
281348,"2024-02-07 08:39:53.45","#PO1348",50.00,68.00,93.00,120.90,"2024-02-27","134760926","PO",4,,,,"","ALMA","PO1348A0",30066,4002,"2024-02-27","2024-03-27","USD",93.00,100,"3XS:20|2XS:20|XS:20|S:10|M:10|L:10|XL:10"
281349,"2024-02-07 08:39:53.45","#PO1349",50.00,68.00,93.00,120.90,"2024-02-27","134760926","PO",4,,,,"","ALMA","PO1349A1",30067,5002,"2024-02-27","2024-03-27","USD",93.00,100,"3XS:20|2XS:20|XS:20|S:10|M:10|L:10|XL:10"
281350,"2024-02-07 08:39:53.45","#PO1350",50.00,68.00,93.00,120.90,"2024-02-27","134760926","PO",4,,,,"","ALMA","PO1350A0",30068,6002,"2024-02-27","2024-03-27","USD",93.00,100,"3XS:20|2XS:20|XS:20|S:10|M:10|L:10|XL:10"
281351,"2024-02-07 08:39:53.45","#PO1351",50.00,68.00,93.00,120.90,"2024-02-27","134760926","PO",4,,,,"","ALMA","PO1351A1",30069,8002,"2024-02-27","2024-03-27","USD",93.00,100,"3XS:20|2XS:20|XS:20|S:10|M:10|L:10|XL:10"
281352,"2024-02-07 08:39:53.45","#PO1352",50.00,68.00,93.00,120.90,"2024-02-27","134760927","PO",4,,,,"","ALMA","PO1352A1",30025,1002,"2024-02-27","2024-03-27","USD",93.00,100,"3XS:20|2XS:20|XS:20|S:10|M:10|L:10|XL:10"
281353,"2024-02-07 08:39:53.45","#PO1353",50.00,68.00,93.00,120.90,"2024-02-27","134760927","PO",4,,,,"","ALMA","PO1353A0",30026,1016,"2024-02-27","2024-03-27","USD",93.00,100,"3XS:20|2XS:20|XS:20|S:10|M:10|L:10|XL:10"
281354,"2024-02-07 08:39:53.45","#PO1354",50.00,68.00,93.00,120.90,"2024-02-27","134760927","PO",4,,,,"","ALMA","PO1354A1",30027,3002,"2024-02-27","2024-03-27","USD",93.00,100,"3XS:20|2XS:20|XS:20|S:10|M:10|L:10|XL:10"
281355,"2024-02-07 08:39:53.45","#PO1355",50.00,68.00,93.00,120.90,"2024-02-27","134760927","PO",4,,,,"","ALMA","PO1355A0",30066,4002,"2024-02-27","2024-03-27","USD",93.00,100,"3XS:20|2XS:20|XS:20|S:10|M:10|L:10|XL:10"
281356,"2024-02-07 08:39:53.45","#PO1356",50.00,68.00,93.00,120.90,"2024-02-27","134760927","PO",4,,,,"","ALMA","PO1356A1",30067,5002,"2024-02-27","2024-03-27","USD",93.00,100,"3XS:20|2XS:20|XS:20|S:10|M:10|L:10|XL:10"
281357,"2024-02-07 08:39:53.45","#PO1357",50.00,68.00,93.00,120.90,"2024-02-27","134760927","PO",4,,,,"","ALMA","PO1357A0",30068,6002,"2024-02-27","2024-03-27","USD",93.00,100,"3XS:20|2XS:20|XS:20|S:10|M:10|L:10|XL:10"
281358,"2024-02-07 08:39:53.45","#PO1358",50.00,68.00,93.00,120.90,"2024-02-27","134760927","PO",4,,,,"","ALMA","PO1358A1",30069,8002,"2024-02-27","2024-03-27","USD",93.00,100,"3XS:20|2XS:20|XS:20|S:10|M:10|L:10|XL:10"
281359,"2024-02-07 08:39:53.45","#PO1359",50.00,68.00,93.00,120.90,"2024-02-27","134760984","PO",4,,,,"","ALMA","PO1359A1",30025,1002,"2024-02-27","2024-03-27","USD",93.00,100,"3XS:20|2XS:20|XS:20|S:10|M:10|L:10|XL:10"
281360,"2024-02-07 08:39:53.45","#PO1360",50.00,68.00,93.00,120.90,"2024-02-27","134760984","PO",4,,,,"","ALMA","PO1360A0",30026,1016,"2024-02-27","2024-03-27","USD",93.00,100,"3XS:20|2XS:20|XS:20|S:10|M:10|L:10|XL:10"
281361,"2024-02-07 08:39:53.45","#PO1361",50.00,68.00,93.00,120.90,"2024-02-27","134760984","PO",4,,,,"","ALMA","PO1361A1",30027,3002,"2024-02-27","2024-03-27","USD",93.00,100,"3XS:20|2XS:20|XS:20|S:10|M:10|L:10|XL:10"
281362,"2024-02-07 08:39:53.45","#PO1362",50.00,68.00,93.00,120.90,"2024-02-27","134760984","PO",4,,,,"","ALMA","PO1362A0",30066,4002,"2024-02-27","2024-03-27","USD",93.00,100,"3XS:20|2XS:20|XS:20|S:10|M:10|L:10|XL:10"
281363,"2024-02-07 08:39:53.45","#PO1363",50.00,68.00,93.00,120.90,"2024-02-27","134760984","PO",4,,,,"","ALMA","PO1363A1",30067,5002,"2024-02-27","2024-03-27","USD",93.00,100,"3XS:20|2XS:20|XS:20|S:10|M:10|L:10|XL:10"
281364,"2024-02-07 08:39:53.45","#PO1364",50.00,68.00,93.00,120.90,"2024-02-27","134760984","PO",4,,,,"","ALMA","PO1364A0",30068,6002,"2024-02-27","2024-03-27","USD",93.00,100,"3XS:20|2XS:20|XS:20|S:10|M:10|L:10|XL:10"
281365,"2024-02-07 08:39:53.45","#PO1365",50.00,68.00,93.00,120.90,"2024-02-27","134760984","PO",4,,,,"","ALMA","PO1365A1",30069,8002,"2024-02-27","2024-03-27","USD",93.00,100,"3XS:20|2XS:20|XS:20|S:10|M:10|L:10|XL:10"
281366,"2024-02-07 08:39:53.45","#PO1366",50.00,68.00,93.00,120.90,"2024-02-27","134760985","PO",4,,,,"","ALMA","PO1366A1",30025,1002,"2024-02-27","2024-03-27","USD",93.00,100,"3XS:20|2XS:20|XS:20|S:10|M:10|L:10|XL:10"
281367,"2024-02-07 08:39:53.45","#PO1367",50.00,68.00,93.00,120.90,"2024-02-27","134760985","PO",4,,,,"","ALMA","PO1367A0",30026,1016,"2024-02-27","2024-03-27","USD",93.00,100,"3XS:20|2XS:20|XS:20|S:10|M:10|L:10|XL:10"
281368,"2024-02-07 08:39:53.45","#PO1368",50.00,68.00,93.00,120.90,"2024-02-27","134760985","PO",4,,,,"","ALMA","PO1368A1",30027,3002,"2024-02-27","2024-03-27","USD",93.00,100,"3XS:20|2XS:20|XS:20|S:10|M:10|L:10|XL:10"
281369,"2024-02-07 08:39:53.45","#PO1369",50.00,68.00,93.00,120.90,"2024-02-27","134760985","PO",4,,,,"","ALMA","PO1369A0",30066,4002,"2024-02-27","2024-03-27","USD",93.00,100,"3XS:20|2XS:20|XS:20|S:10|M:10|L:10|XL:10"
281370,"2024-02-07 08:39:53.45","#PO1370",50.00,68.00,93.00,120.90,"2024-02-27","134760985","PO",4,,,,"","ALMA","PO1370A1",30067,5002,"2024-02-27","2024-03-27","USD",93.00,100,"3XS:20|2XS:20|XS:20|S:10|M:10|L:10|XL:10"
281371,"2024-02-07 08:39:53.45","#PO1371",50.00,68.00,93.00,120.90,"2024-02-27","134760985","PO",4,,,,"","ALMA","PO1371A0",30068,6002,"2024-02-27","2024-03-27","USD",93.00,100,"3XS:20|2XS:20|XS:20|S:10|M:10|L:10|XL:10"
281372,"2024-02-07 08:39:53.45","#PO1372",50.00,68.00,93.00,120.90,"2024-02-27","134760985","PO",4,,,,"","ALMA","PO1372A1",30069,8002,"2024-02-27","2024-03-27","USD",93.00,100,"3XS:20|2XS:20|XS:20|S:10|M:10|L:10|XL:10"
281373,"2024-02-07 08:39:53.45","#PO1373",50.00,68.00,93.00,120.90,"2024-02-27","134760986","PO",4,,,,"","ALMA","PO1373A1",30025,1002,"2024-02-27","2024-03-27","USD",93.00,100,"3XS:20|2XS:20|XS:20|S:10|M:10|L:10|XL:10"
281374,"2024-02-07 08:39:53.45","#PO1374",50.00,68.00,93.00,120.90,"2024-02-27","134760986","PO",4,,,,"","ALMA","PO1374A0",30026,1016,"2024-02-27","2024-03-27","USD",93.00,100,"3XS:20|2XS:20|XS:20|S:10|M:10|L:10|XL:10"
281375,"2024-02-07 08:39:53.45","#PO1375",50.00,68.00,93.00,120.90,"2024-02-27","134760986","PO",4,,,,"","ALMA","PO1375A1",30027,3002,"2024-02-27","2024-03-27","USD",93.00,100,"3XS:20|2XS:20|XS:20|S:10|M:10|L:10|XL:10"
281376,"2024-02-07 08:39:53.45","#PO1376",50.00,68.00,93.00,120.90,"2024-02-27","134760986","PO",4,,,,"","ALMA","PO1376A0",30066,4002,"2024-02-27","2024-03-27","USD",93.00,100,"3XS:20|2XS:20|XS:20|S:10|M:10|L:10|XL:10"
281377,"2024-02-07 08:39:53.45","#PO1377",50.00,68.00,93.00,120.90,"2024-02-27","134760986","PO",4,,,,"","ALMA","PO1377A1",30067,5002,"2024-02-27","2024-03-27","USD",93.00,100,"3XS:20|2XS:20|XS:20|S:10|M:10|L:10|XL:10"
281378,"2024-02-07 08:39:53.45","#PO1378",50.00,68.00,93.00,120.90,"2024-02-27","134760986","PO",4,,,,"","ALMA","PO1378A0",30068,6002,"2024-02-27","2024-03-27","USD",93.00,100,"3XS:20|2XS:20|XS:20|S:10|M:10|L:10|XL:10"
281379,"2024-02-07 08:39:53.45","#PO1379",50.00,68.00,93.00,120.90,"2024-02-27","134760986","PO",4,,,,"","ALMA","PO1379A1",30069,8002,"2024-02-27","2024-03-27","USD",93.00,100,"3XS:20|2XS:20|XS:20|S:10|M:10|L:10|XL:10"
281380,"2024-02-07 08:39:53.45","#PO1380",50.00,68.00,93.00,120.90,"2024-02-27","134760987","PO",4,,,,"","ALMA","PO1380A1",30025,1002,"2024-02-27","2024-03-27","USD",93.00,100,"3XS:20|2XS:20|XS:20|S:10|M:10|L:10|XL:10"
281381,"2024-02-07 08:39:53.45","#PO1381",50.00,68.00,93.00,120.90,"2024-02-27","134760987","PO",4,,,,"","ALMA","PO1381A0",30026,1016,"2024-02-27","2024-03-27","USD",93.00,100,"3XS:20|2XS:20|XS:20|S:10|M:10|L:10|XL:10"
281382,"2024-02-07 08:39:53.45","#PO1382",50.00,68.00,93.00,120.90,"2024-02-27","134760987","PO",4,,,,"","ALMA","PO1382A1",30027,3002,"2024-02-27","2024-03-27","USD",93.00,100,"3XS:20|2XS:20|XS:20|S:10|M:10|L:10|XL:10"
281383,"2024-02-07 08:39:53.45","#PO1383",50.00,68.00,93.00,120.90,"2024-02-27","134760987","PO",4,,,,"","ALMA","PO1383A0",30066,4002,"2024-02-27","2024-03-27","USD",93.00,100,"3XS:20|2XS:20|XS:20|S:10|M:10|L:10|XL:10"
281384,"2024-02-07 08:39:53.45","#PO1384",50.00,68.00,93.00,120.90,"2024-02-27","134760987","PO",4,,,,"","ALMA","PO1384A1",30067,5002,"2024-02-27","2024-03-27","USD",93.00,100,"3XS:20|2XS:20|XS:20|S:10|M:10|L:10|XL:10"
281385,"2024-02-07 08:39:53.45","#PO1385",50.00,68.00,93.00,120.90,"2024-02-27","134760987","PO",4,,,,"","ALMA","PO1385A0",30068,6002,"2024-02-27","2024-03-27","USD",93.00,100,"3XS:20|2XS:20|XS:20|S:10|M:10|L:10|XL:10"
281386,"2024-02-07 08:39:53.45","#PO1386",50.00,68.00,93.00,120.90,"2024-02-27","134760987","PO",4,,,,"","ALMA","PO1386A1",30069,8002,"2024-02-27","2024-03-27","USD",93.00,100,"3XS:20|2XS:20|XS:20|S:10|M:10|L:10|XL:10"
281387,"2024-02-07 08:39:53.45","#PO1387",50.00,68.00,93.00,120.90,"2024-02-27","134760988","PO",4,,,,"","ALMA","PO1387A1",30025,1002,"2024-02-27","2024-03-27","USD",93.00,100,"3XS:20|2XS:20|XS:20|S:10|M:10|L:10|XL:10"
281388,"2024-02-07 08:39:53.45","#PO1388",50.00,68.00,93.00,120.90,"2024-02-27","134760988","PO",4,,,,"","ALMA","PO1388A0",30026,1016,"2024-02-27","2024-03-27","USD",93.00,100,"3XS:20|2XS:20|XS:20|S:10|M:10|L:10|XL:10"
281389,"2024-02-07 08:39:53.45","#PO1389",50.00,68.00,93.00,120.90,"2024-02-27","134760988","PO",4,,,,"","ALMA","PO1389A1",30027,3002,"2024-02-27","2024-03-27","USD",93.00,100,"3XS:20|2XS:20|XS:20|S:10|M:10|L:10|XL:10"
281390,"2024-02-07 08:39:53.45","#PO1390",50.00,68.00,93.00,120.90,"2024-02-27","134760988","PO",4,,,,"","ALMA","PO1390A0",30066,4002,"2024-02-27","2024-03-27","USD",93.00,100,"3XS:20|2XS:20|XS:20|S:10|M:10|L:10|XL:10"
281391,"2024-02-07 08:39:53.45","#PO1391",50.00,68.00,93.00,120.90,"2024-02-27","134760988","PO",4,,,,"","ALMA","PO1391A1",30067,5002,"2024-02-27","2024-03-27","USD",93.00,100,"3XS:20|2XS:20|XS:20|S:10|M:10|L:10|XL:10"
281392,"2024-02-07 08:39:53.45","#PO1392",50.00,68.00,93.00,120.90,"2024-02-27","134760988","PO",4,,,,"","ALMA","PO1392A0",30068,6002,"2024-02-27","2024-03-27","USD",93.00,100,"3XS:20|2XS:20|XS:20|S:10|M:10|L:10|XL:10"
281393,"2024-02-07 08:39:53.45","#PO1393",50.00,68.00,93.00,120.90,"2024-02-27","134760988","PO",4,,,,"","ALMA","PO1393A1",30069,8002,"2024-02-27","2024-03-27","USD",93.00,100,"3XS:20|2XS:20|XS:20|S:10|M:10|L:10|XL:10"
281394,"2024-02-07 08:39:53.45","#PO1394",50.00,68.00,93.00,120.90,"2024-02-27","134760989","PO",4,,,,"","ALMA","PO1394A1",30025,1002,"2024-02-27","2024-03-27","USD",93.00,100,"3XS:20|2XS:20|XS:20|S:10|M:10|L:10|XL:10"
281395,"2024-02-07 08:39:53.45","#PO1395",50.00,68.00,93.00,120.90,"2024-02-27","134760989","PO",4,,,,"","ALMA","PO1395A0",30026,1016,"2024-02-27","2024-03-27","USD",93.00,100,"3XS:20|2XS:20|XS:20|S:10|M:10|L:10|XL:10"
281396,"2024-02-07 08:39:53.45","#PO1396",50.00,68.00,93.00,120.90,"2024-02-27","134760989","PO",4,,,,"","ALMA","PO1396A1",30027,3002,"2024-02-27","2024-03-27","USD",93.00,100,"3XS:20|2XS:20|XS:20|S:10|M:10|L:10|XL:10"
281397,"2024-02-07 08:39:53.45","#PO1397",50.00,68.00,93.00,120.90,"2024-02-27","134760989","PO",4,,,,"","ALMA","PO1397A0",30066,4002,"2024-02-27","2024-03-27","USD",93.00,100,"3XS:20|2XS:20|XS:20|S:10|M:10|L:10|XL:10"
281398,"2024-02-07 08:39:53.45","#PO1398",50.00,68.00,93.00,120.90,"2024-02-27","134760989","PO",4,,,,"","ALMA","PO1398A1",30067,5002,"2024-02-27","2024-03-27","USD",93.00,100,"3XS:20|2XS:20|XS:20|S:10|M:10|L:10|XL:10"
281399,"2024-02-07 08:39:53.45","#PO1399",50.00,68.00,93.00,120.90,"2024-02-27","134760989","PO",4,,,,"","ALMA","PO1399A0",30068,6002,"2024-02-27","2024-03-27","USD",93.00,100,"3XS:20|2XS:20|XS:20|S:10|M:10|L:10|XL:10"
281400,"2024-02-07 08:39:53.45","#PO1400",50.00,68.00,93.00,120.90,"2024-02-27","134760989","PO",4,,,,"","ALMA","PO1400A1",30069,8002,"2024-02-27","2024-03-27","USD",93.00,100,"3XS:20|2XS:20|XS:20|S:10|M:10|L:10|XL:10"