40001,"2025-04-09 08:39:53.45","#SD0001",50.00,68.00,93.00,120.90,"2025-04-09","143778975","PO",4,,,,"","ALMA","SD0001A1",30013,1002,"2025-04-09","2025-05-09","USD",93.00,60,"3XS:5|2XS:5|XS:10|S:10|M:10|L:10|XL:10"
40002,"2025-04-09 08:39:53.45","#SD0002",50.00,68.00,93.00,120.90,"2025-04-09","143778975","PO",4,,,,"","ALMA","SD0002A0",30022,4002,"2025-04-09","2025-05-09","USD",93.00,60,"3XS:5|2XS:5|XS:10|S:10|M:10|L:10|XL:10"
40003,"2025-04-09 08:39:53.45","#SD0003",50.00,68.00,93.00,120.90,"2025-04-09","143778975","PO",4,,,,"","ALMA","SD0003A1",30025,5002,"2025-04-09","2025-05-09","USD",93.00,60,"3XS:5|2XS:5|XS:10|S:10|M:10|L:10|XL:10"
40004,"2025-04-09 08:39:53.45","#SD0004",50.00,68.00,93.00,120.90,"2025-04-09","143778975","PO",4,,,,"","ALMA","SD0004A0",30026,6002,"2025-04-09","2025-05-09","USD",93.00,60,"3XS:5|2XS:5|XS:10|S:10|M:10|L:10|XL:10"
40005,"2025-04-09 08:39:53.45","#SD0005",50.00,68.00,93.00,120.90,"2025-04-09","143778975","PO",4,,,,"","ALMA","SD0005A1",30027,7002,"2025-04-09","2025-05-09","USD",93.00,60,"3XS:5|2XS:5|XS:10|S:10|M:10|L:10|XL:10"
40006,"2025-04-09 08:39:53.45","#SD0006",50.00,68.00,93.00,120.90,"2025-04-09","143778982","PO",4,,,,"","ALMA","SD0006A0",30029,1002,"2025-04-09","2025-05-09","USD",93.00,60,"3XS:5|2XS:5|XS:10|S:10|M:10|L:10|XL:10"
40007,"2025-04-09 08:39:53.45","#SD0007",50.00,68.00,93.00,120.90,"2025-04-09","143778982","PO",4,,,,"","ALMA","SD0007A1",30045,4002,"2025-04-09","2025-05-09","USD",93.00,60,"3XS:5|2XS:5|XS:10|S:10|M:10|L:10|XL:10"
40008,"2025-04-09 08:39:53.45","#SD0008",50.00,68.00,93.00,120.90,"2025-04-09","143778982","PO",4,,,,"","ALMA","SD0008A1",30047,5002,"2025-04-09","2025-05-09","USD",93.00,60,"3XS:5|2XS:5|XS:10|S:10|M:10|L:10|XL:10"
40009,"2025-04-09 08:39:53.45","#SD0009",50.00,68.00,93.00,120.90,"2025-04-09","143778982","PO",4,,,,"","ALMA","SD0009A0",30065,6002,"2025-04-09","2025-05-09","USD",93.00,60,"3XS:5|2XS:5|XS:10|S:10|M:10|L:10|XL:10"
40010,"2025-04-09 08:39:53.45","#SD0010",50.00,68.00,93.00,120.90,"2025-04-09","143778982","PO",4,,,,"","ALMA","SD0010A1",30069,7002,"2025-04-09","2025-05-09","USD",93.00,60,"3XS:5|2XS:5|XS:10|S:10|M:10|L:10|XL:10"
40011,"2025-04-09 08:39:53.45","#SD0011",50.00,68.00,93.00,120.90,"2025-04-09","143778991","PO",4,,,,"","ALMA","SD0011A0",30070,1002,"2025-04-09","2025-05-09","USD",93.00,60,"3XS:5|2XS:5|XS:10|S:10|M:10|L:10|XL:10"
40012,"2025-04-09 08:39:53.45","#SD0012",50.00,68.00,93.00,120.90,"2025-04-09","143778991","PO",4,,,,"","ALMA","SD0012A1",30071,4002,"2025-04-09","2025-05-09","USD",93.00,60,"3XS:5|2XS:5|XS:10|S:10|M:10|L:10|XL:10"
40013,"2025-04-09 08:39:53.45","#SD0013",50.00,68.00,93.00,120.90,"2025-04-09","143778991","PO",4,,,,"","ALMA","SD0013A0",30072,5002,"2025-04-09","2025-05-09","USD",93.00,60,"3XS:5|2XS:5|XS:10|S:10|M:10|L:10|XL:10"
40014,"2025-04-09 08:39:53.45","#SD0014",50.00,68.00,93.00,120.90,"2025-04-09","143778991","PO",4,,,,"","ALMA","SD0014A1",30073,6002,"2025-04-09","2025-05-09","USD",93.00,60,"3XS:5|2XS:5|XS:10|S:10|M:10|L:10|XL:10"
40015,"2025-04-09 08:39:53.45","#SD0015",50.00,68.00,93.00,120.90,"2025-04-09","143778991","PO",4,,,,"","ALMA","SD0015A1",30074,7002,"2025-04-09","2025-05-09","USD",93.00,60,"3XS:5|2XS:5|XS:10|S:10|M:10|L:10|XL:10"
40016,"2025-04-09 08:39:53.45","#SD0016",50.00,68.00,93.00,120.90,"2025-04-09","143778993","PO",4,,,,"","ALMA","SD0016A0",30075,1002,"2025-04-09","2025-05-09","USD",93.00,60,"3XS:5|2XS:5|XS:10|S:10|M:10|L:10|XL:10"
40017,"2025-04-09 08:39:53.45","#SD0017",50.00,68.00,93.00,120.90,"2025-04-09","143778993","PO",4,,,,"","ALMA","SD0017A1",30076,4002,"2025-04-09","2025-05-09","USD",93.00,60,"3XS:5|2XS:5|XS:10|S:10|M:10|L:10|XL:10"
40018,"2025-04-09 08:39:53.45","#SD0018",50.00,68.00,93.00,120.90,"2025-04-09","143778993","PO",4,,,,"","ALMA","SD0018A0",30077,5002,"2025-04-09","2025-05-09","USD",93.00,60,"3XS:5|2XS:5|XS:10|S:10|M:10|L:10|XL:10"
40019,"2025-04-09 08:39:53.45","#SD0019",50.00,68.00,93.00,120.90,"2025-04-09","143778993","PO",4,,,,"","ALMA","SD0019A1",30078,6002,"2025-04-09","2025-05-09","USD",93.00,60,"3XS:5|2XS:5|XS:10|S:10|M:10|L:10|XL:10"
40020,"2025-04-09 08:39:53.45","#SD0020",50.00,68.00,93.00,120.90,"2025-04-09","143778993","PO",4,,,,"","ALMA","SD0020A0",30079,7002,"2025-04-09","2025-05-09","USD",93.00,60,"3XS:5|2XS:5|XS:10|S:10|M:10|L:10|XL:10"
40021,"2025-04-09 08:39:53.45","#SD0021",50.00,68.00,93.00,120.90,"2025-04-09","143778996","PO",4,,,,"","ALMA","SD0021A1",30082,1002,"2025-04-09","2025-05-09","USD",93.00,60,"3XS:5|2XS:5|XS:10|S:10|M:10|L:10|XL:10"
40022,"2025-04-09 08:39:53.45","#SD0022",50.00,68.00,93.00,120.90,"2025-04-09","143778996","PO",4,,,,"","ALMA","SD0022A1",30083,4002,"2025-04-09","2025-05-09","USD",93.00,60,"3XS:5|2XS:5|XS:10|S:10|M:10|L:10|XL:10"
40023,"2025-04-09 08:39:53.45","#SD0023",50.00,68.00,93.00,120.90,"2025-04-09","143778996","PO",4,,,,"","ALMA","SD0023A0",30084,5002,"2025-04-09","2025-05-09","USD",93.00,60,"3XS:5|2XS:5|XS:10|S:10|M:10|L:10|XL:10"
40024,"2025-04-09 08:39:53.45","#SD0024",50.00,68.00,93.00,120.90,"2025-04-09","143778996","PO",4,,,,"","ALMA","SD0024A1",30085,6002,"2025-04-09","2025-05-09","USD",93.00,60,"3XS:5|2XS:5|XS:10|S:10|M:10|L:10|XL:10"
40025,"2025-04-09 08:39:53.45","#SD0025",50.00,68.00,93.00,120.90,"2025-04-09","143778996","PO",4,,,,"","ALMA","SD0025A0",30086,7002,"2025-04-09","2025-05-09","USD",93.00,60,"3XS:5|2XS:5|XS:10|S:10|M:10|L:10|XL:10"
40026,"2025-04-09 08:39:53.45","#SD0026",50.00,68.00,93.00,120.90,"2025-04-09","143778998","PO",4,,,,"","ALMA","SD0026A1",30087,1002,"2025-04-09","2025-05-09","USD",93.00,60,"3XS:5|2XS:5|XS:10|S:10|M:10|L:10|XL:10"
40027,"2025-04-09 08:39:53.45","#SD0027",50.00,68.00,93.00,120.90,"2025-04-09","143778998","PO",4,,,,"","ALMA","SD0027A0",30088,4002,"2025-04-09","2025-05-09","USD",93.00,60,"3XS:5|2XS:5|XS:10|S:10|M:10|L:10|XL:10"
40028,"2025-04-09 08:39:53.45","#SD0028",50.00,68.00,93.00,120.90,"2025-04-09","143778998","PO",4,,,,"","ALMA","SD0028A1",30089,5002,"2025-04-09","2025-05-09","USD",93.00,60,"3XS:5|2XS:5|XS:10|S:10|M:10|L:10|XL:10"
40029,"2025-04-09 08:39:53.45","#SD0029",50.00,68.00,93.00,120.90,"2025-04-09","143778998","PO",4,,,,"","ALMA","SD0029A1",30090,6002,"2025-04-09","2025-05-09","USD",93.00,60,"3XS:5|2XS:5|XS:10|S:10|M:10|L:10|XL:10"
40030,"2025-04-09 08:39:53.45","#SD0030",50.00,68.00,93.00,120.90,"2025-04-09","143778998","PO",4,,,,"","ALMA","SD0030A0",30013,7002,"2025-04-09","2025-05-09","USD",93.00,60,"3XS:5|2XS:5|XS:10|S:10|M:10|L:10|XL:10"
40031,"2025-04-09 08:39:53.45","#SD0031",50.00,68.00,93.00,120.90,"2025-04-09","143779004","PO",4,,,,"","ALMA","SD0031A1",30022,1002,"2025-04-09","2025-05-09","USD",93.00,60,"3XS:5|2XS:5|XS:10|S:10|M:10|L:10|XL:10"
40032,"2025-04-09 08:39:53.45","#SD0032",50.00,68.00,93.00,120.90,"2025-04-09","143779004","PO",4,,,,"","ALMA","SD0032A0",30025,4002,"2025-04-09","2025-05-09","USD",93.00,60,"3XS:5|2XS:5|XS:10|S:10|M:10|L:10|XL:10"
40033,"2025-04-09 08:39:53.45","#SD0033",50.00,68.00,93.00,120.90,"2025-04-09","143779004","PO",4,,,,"","ALMA","SD0033A1",30026,5002,"2025-04-09","2025-05-09","USD",93.00,60,"3XS:5|2XS:5|XS:10|S:10|M:10|L:10|XL:10"
40034,"2025-04-09 08:39:53.45","#SD0034",50.00,68.00,93.00,120.90,"2025-04-09","143779004","PO",4,,,,"","ALMA","SD0034A0",30027,6002,"2025-04-09","2025-05-09","USD",93.00,60,"3XS:5|2XS:5|XS:10|S:10|M:10|L:10|XL:10"
40035,"2025-04-09 08:39:53.45","#SD0035",50.00,68.00,93.00,120.90,"2025-04-09","143779004","PO",4,,,,"","ALMA","SD0035A1",30029,7002,"2025-04-09","2025-05-09","USD",93.00,60,"3XS:5|2XS:5|XS:10|S:10|M:10|L:10|XL:10"
40036,"2025-04-09 08:39:53.45","#SD0036",50.00,68.00,93.00,120.90,"2025-04-09","143779016","PO",4,,,,"","ALMA","SD0036A1",30045,1002,"2025-04-09","2025-05-09","USD",93.00,60,"3XS:5|2XS:5|XS:10|S:10|M:10|L:10|XL:10"
40037,"2025-04-09 08:39:53.45","#SD0037",50.00,68.00,93.00,120.90,"2025-04-09","143779016","PO",4,,,,"","ALMA","SD0037A0",30047,4002,"2025-04-09","2025-05-09","USD",93.00,60,"3XS:5|2XS:5|XS:10|S:10|M:10|L:10|XL:10"
40038,"2025-04-09 08:39:53.45","#SD0038",50.00,68.00,93.00,120.90,"2025-04-09","143779016","PO",4,,,,"","ALMA","SD0038A1",30065,5002,"2025-04-09","2025-05-09","USD",93.00,60,"3XS:5|2XS:5|XS:10|S:10|M:10|L:10|XL:10"
40039,"2025-04-09 08:39:53.45","#SD0039",50.00,68.00,93.00,120.90,"2025-04-09","143779016","PO",4,,,,"","ALMA","SD0039A0",30069,6002,"2025-04-09","2025-05-09","USD",93.00,60,"3XS:5|2XS:5|XS:10|S:10|M:10|L:10|XL:10"
40040,"2025-04-09 08:39:53.45","#SD0040",50.00,68.00,93.00,120.90,"2025-04-09","143779016","PO",4,,,,"","ALMA","SD0040A1",30070,7002,"2025-04-09","2025-05-09","USD",93.00,60,"3XS:5|2XS:5|XS:10|S:10|M:10|L:10|XL:10"
40041,"2025-04-09 08:39:53.45","#SD0041",50.00,68.00,93.00,120.90,"2025-04-09","143779033","PO",4,,,,"","ALMA","SD0041A0",30071,1002,"2025-04-09","2025-05-09","USD",93.00,60,"3XS:5|2XS:5|XS:10|S:10|M:10|L:10|XL:10"
40042,"2025-04-09 08:39:53.45","#SD0042",50.00,68.00,93.00,120.90,"2025-04-09","143779033","PO",4,,,,"","ALMA","SD0042A1",30072,4002,"2025-04-09","2025-05-09","USD",93.00,60,"3XS:5|2XS:5|XS:10|S:10|M:10|L:10|XL:10"
40043,"2025-04-09 08:39:53.45","#SD0043",50.00,68.00,93.00,120.90,"2025-04-09","143779033","PO",4,,,,"","ALMA","SD0043A1",30073,5002,"2025-04-09","2025-05-09","USD",93.00,60,"3XS:5|2XS:5|XS:10|S:10|M:10|L:10|XL:10"
40044,"2025-04-09 08:39:53.45","#SD0044",50.00,68.00,93.00,120.90,"2025-04-09","143779033","PO",4,,,,"","ALMA","SD0044A0",30074,6002,"2025-04-09","2025-05-09","USD",93.00,60,"3XS:5|2XS:5|XS:10|S:10|M:10|L:10|XL:10"
40045,"2025-04-09 08:39:53.45","#SD0045",50.00,68.00,93.00,120.90,"2025-04-09","143779033","PO",4,,,,"","ALMA","SD0045A1",30075,7002,"2025-04-09","2025-05-09","USD",93.00,60,"3XS:5|2XS:5|XS:10|S:10|M:10|L:10|XL:10"
40046,"2025-04-09 08:39:53.45","#SD0046",50.00,68.00,93.00,120.90,"2025-04-09","143779043","PO",4,,,,"","ALMA","SD0046A0",30076,1002,"2025-04-09","2025-05-09","USD",93.00,60,"3XS:5|2XS:5|XS:10|S:10|M:10|L:10|XL:10"
40047,"2025-04-09 08:39:53.45","#SD0047",50.00,68.00,93.00,120.90,"2025-04-09","143779043","PO",4,,,,"","ALMA","SD0047A1",30077,4002,"2025-04-09","2025-05-09","USD",93.00,60,"3XS:5|2XS:5|XS:10|S:10|M:10|L:10|XL:10"
40048,"2025-04-09 08:39:53.45","#SD0048",50.00,68.00,93.00,120.90,"2025-04-09","143779043","PO",4,,,,"","ALMA","SD0048A0",30078,5002,"2025-04-09","2025-05-09","USD",93.00,60,"3XS:5|2XS:5|XS:10|S:10|M:10|L:10|XL:10"
40049,"2025-04-09 08:39:53.45","#SD0049",50.00,68.00,93.00,120.90,"2025-04-09","143779043","PO",4,,,,"","ALMA","SD0049A1",30079,6002,"2025-04-09","2025-05-09","USD",93.00,60,"3XS:5|2XS:5|XS:10|S:10|M:10|L:10|XL:10"
40050,"2025-04-09 08:39:53.45","#SD0050",50.00,68.00,93.00,120.90,"2025-04-09","143779043","PO",4,,,,"","ALMA","SD0050A1",30082,7002,"2025-04-09","2025-05-09","USD",93.00,60,"3XS:5|2XS:5|XS:10|S:10|M:10|L:10|XL:10"
40051,"2025-04-09 08:39:53.45","#SD0051",50.00,68.00,93.00,120.90,"2025-04-09","143779071","PO",4,,,,"","ALMA","SD0051A0",30083,1002,"2025-04-09","2025-05-09","USD",93.00,60,"3XS:5|2XS:5|XS:10|S:10|M:10|L:10|XL:10"
40052,"2025-04-09 08:39:53.45","#SD0052",50.00,68.00,93.00,120.90,"2025-04-09","143779071","PO",4,,,,"","ALMA","SD0052A1",30084,4002,"2025-04-09","2025-05-09","USD",93.00,60,"3XS:5|2XS:5|XS:10|S:10|M:10|L:10|XL:10"
40053,"2025-04-09 08:39:53.45","#SD0053",50.00,68.00,93.00,120.90,"2025-04-09","143779071","PO",4,,,,"","ALMA","SD0053A0",30085,5002,"2025-04-09","2025-05-09","USD",93.00,60,"3XS:5|2XS:5|XS:10|S:10|M:10|L:10|XL:10"
40054,"2025-04-09 08:39:53.45","#SD0054",50.00,68.00,93.00,120.90,"2025-04-09","143779071","PO",4,,,,"","ALMA","SD0054A1",30086,6002,"2025-04-09","2025-05-09","USD",93.00,60,"3XS:5|2XS:5|XS:10|S:10|M:10|L:10|XL:10"
40055,"2025-04-09 08:39:53.45","#SD0055",50.00,68.00,93.00,120.90,"2025-04-09","143779071","PO",4,,,,"","ALMA","SD0055A0",30087,7002,"2025-04-09","2025-05-09","USD",93.00,60,"3XS:5|2XS:5|XS:10|S:10|M:10|L:10|XL:10"
40056,"2025-04-09 08:39:53.45","#SD0056",50.00,68.00,93.00,120.90,"2025-04-09","143779086","PO",4,,,,"","ALMA","SD0056A1",30088,1002,"2025-04-09","2025-05-09","USD",93.00,60,"3XS:5|2XS:5|XS:10|S:10|M:10|L:10|XL:10"
40057,"2025-04-09 08:39:53.45","#SD0057",50.00,68.00,93.00,120.90,"2025-04-09","143779086","PO",4,,,,"","ALMA","SD0057A1",30089,4002,"2025-04-09","2025-05-09","USD",93.00,60,"3XS:5|2XS:5|XS:10|S:10|M:10|L:10|XL:10"
40058,"2025-04-09 08:39:53.45","#SD0058",50.00,68.00,93.00,120.90,"2025-04-09","143779086","PO",4,,,,"","ALMA","SD0058A0",30090,5002,"2025-04-09","2025-05-09","USD",93.00,60,"3XS:5|2XS:5|XS:10|S:10|M:10|L:10|XL:10"
40059,"2025-04-09 08:39:53.45","#SD0059",50.00,68.00,93.00,120.90,"2025-04-09","143779086","PO",4,,,,"","ALMA","SD0059A1",30013,6002,"2025-04-09","2025-05-09","USD",93.00,60,"3XS:5|2XS:5|XS:10|S:10|M:10|L:10|XL:10"
40060,"2025-04-09 08:39:53.45","#SD0060",50.00,68.00,93.00,120.90,"2025-04-09","143779086","PO",4,,,,"","ALMA","SD0060A0",30022,7002,"2025-04-09","2025-05-09","USD",93.00,60,"3XS:5|2XS:5|XS:10|S:10|M:10|L:10|XL:10"
40061,"2025-04-09 08:39:53.45","#SD0061",50.00,68.00,93.00,120.90,"2025-04-09","143779091","PO",4,,,,"","ALMA","SD0061A1",30025,1002,"2025-04-09","2025-05-09","USD",93.00,60,"3XS:5|2XS:5|XS:10|S:10|M:10|L:10|XL:10"
40062,"2025-04-09 08:39:53.45","#SD0062",50.00,68.00,93.00,120.90,"2025-04-09","143779091","PO",4,,,,"","ALMA","SD0062A0",30026,4002,"2025-04-09","2025-05-09","USD",93.00,60,"3XS:5|2XS:5|XS:10|S:10|M:10|L:10|XL:10"
40063,"2025-04-09 08:39:53.45","#SD0063",50.00,68.00,93.00,120.90,"2025-04-09","143779091","PO",4,,,,"","ALMA","SD0063A1",30027,5002,"2025-04-09","2025-05-09","USD",93.00,60,"3XS:5|2XS:5|XS:10|S:10|M:10|L:10|XL:10"
40064,"2025-04-09 08:39:53.45","#SD0064",50.00,68.00,93.00,120.90,"2025-04-09","143779091","PO",4,,,,"","ALMA","SD0064A1",30029,6002,"2025-04-09","2025-05-09","USD",93.00,60,"3XS:5|2XS:5|XS:10|S:10|M:10|L:10|XL:10"
40065,"2025-04-09 08:39:53.45","#SD0065",50.00,68.00,93.00,120.90,"2025-04-09","143779091","PO",4,,,,"","ALMA","SD0065A0",30045,7002,"2025-04-09","2025-05-09","USD",93.00,60,"3XS:5|2XS:5|XS:10|S:10|M:10|L:10|XL:10"
40066,"2025-04-09 08:39:53.45","#SD0066",50.00,68.00,93.00,120.90,"2025-04-09","143779097","PO",4,,,,"","ALMA","SD0066A1",30047,1002,"2025-04-09","2025-05-09","USD",93.00,60,"3XS:5|2XS:5|XS:10|S:10|M:10|L:10|XL:10"
40067,"2025-04-09 08:39:53.45","#SD0067",50.00,68.00,93.00,120.90,"2025-04-09","143779097","PO",4,,,,"","ALMA","SD0067A0",30065,4002,"2025-04-09","2025-05-09","USD",93.00,60,"3XS:5|2XS:5|XS:10|S:10|M:10|L:10|XL:10"
40068,"2025-04-09 08:39:53.45","#SD0068",50.00,68.00,93.00,120.90,"2025-04-09","143779097","PO",4,,,,"","ALMA","SD0068A1",30069,5002,"2025-04-09","2025-05-09","USD",93.00,60,"3XS:5|2XS:5|XS:10|S:10|M:10|L:10|XL:10"
40069,"2025-04-09 08:39:53.45","#SD0069",50.00,68.00,93.00,120.90,"2025-04-09","143779097","PO",4,,,,"","ALMA","SD0069A0",30070,6002,"2025-04-09","2025-05-09","USD",93.00,60,"3XS:5|2XS:5|XS:10|S:10|M:10|L:10|XL:10"
40070,"2025-04-09 08:39:53.45","#SD0070",50.00,68.00,93.00,120.90,"2025-04-09","143779097","PO",4,,,,"","ALMA","SD0070A1",30071,7002,"2025-04-09","2025-05-09","USD",93.00,60,"3XS:5|2XS:5|XS:10|S:10|M:10|L:10|XL:10"
40071,"2025-04-09 08:39:53.45","#SD0071",50.00,68.00,93.00,120.90,"2025-04-09","143779101","PO",4,,,,"","ALMA","SD0071A1",30072,1002,"2025-04-09","2025-05-09","USD",93.00,60,"3XS:5|2XS:5|XS:10|S:10|M:10|L:10|XL:10"
40072,"2025-04-09 08:39:53.45","#SD0072",50.00,68.00,93.00,120.90,"2025-04-09","143779101","PO",4,,,,"","ALMA","SD0072A0",30073,4002,"2025-04-09","2025-05-09","USD",93.00,60,"3XS:5|2XS:5|XS:10|S:10|M:10|L:10|XL:10"
40073,"2025-04-09 08:39:53.45","#SD0073",50.00,68.00,93.00,120.90,"2025-04-09","143779101","PO",4,,,,"","ALMA","SD0073A1",30074,5002,"2025-04-09","2025-05-09","USD",93.00,60,"3XS:5|2XS:5|XS:10|S:10|M:10|L:10|XL:10"
40074,"2025-04-09 08:39:53.45","#SD0074",50.00,68.00,93.00,120.90,"2025-04-09","143779101","PO",4,,,,"","ALMA","SD0074A0",30075,6002,"2025-04-09","2025-05-09","USD",93.00,60,"3XS:5|2XS:5|XS:10|S:10|M:10|L:10|XL:10"
40075,"2025-04-09 08:39:53.45","#SD0075",50.00,68.00,93.00,120.90,"2025-04-09","143779101","PO",4,,,,"","ALMA","SD0075A1",30076,7002,"2025-04-09","2025-05-09","USD",93.00,60,"3XS:5|2XS:5|XS:10|S:10|M:10|L:10|XL:10"
40076,"2025-04-09 08:39:53.45","#SD0076",50.00,68.00,93.00,120.90,"2025-04-09","143779102","PO",4,,,,"","ALMA","SD0076A0",30077,1002,"2025-04-09","2025-05-09","USD",93.00,60,"3XS:5|2XS:5|XS:10|S:10|M:10|L:10|XL:10"
40077,"2025-04-09 08:39:53.45","#SD0077",50.00,68.00,93.00,120.90,"2025-04-09","143779102","PO",4,,,,"","ALMA","SD0077A1",30078,4002,"2025-04-09","2025-05-09","USD",93.00,60,"3XS:5|2XS:5|XS:10|S:10|M:10|L:10|XL:10"
40078,"2025-04-09 08:39:53.45","#SD0078",50.00,68.00,93.00,120.90,"2025-04-09","143779102","PO",4,,,,"","ALMA","SD0078A1",30079,5002,"2025-04-09","2025-05-09","USD",93.00,60,"3XS:5|2XS:5|XS:10|S:10|M:10|L:10|XL:10"
40079,"2025-04-09 08:39:53.45","#SD0079",50.00,68.00,93.00,120.90,"2025-04-09","143779102","PO",4,,,,"","ALMA","SD0079A0",30082,6002,"2025-04-09","2025-05-09","USD",93.00,60,"3XS:5|2XS:5|XS:10|S:10|M:10|L:10|XL:10"
40080,"2025-04-09 08:39:53.45","#SD0080",50.00,68.00,93.00,120.90,"2025-04-09","143779102","PO",4,,,,"","ALMA","SD0080A1",30083,7002,"2025-04-09","2025-05-09","USD",93.00,60,"3XS:5|2XS:5|XS:10|S:10|M:10|L:10|XL:10"
40081,"2025-04-09 08:39:53.45","#SD0081",50.00,68.00,93.00,120.90,"2025-04-09","143779129","PO",4,,,,"","ALMA","SD0081A0",30084,1002,"2025-04-09","2025-05-09","USD",93.00,60,"3XS:5|2XS:5|XS:10|S:10|M:10|L:10|XL:10"
40082,"2025-04-09 08:39:53.45","#SD0082",50.00,68.00,93.00,120.90,"2025-04-09","143779129","PO",4,,,,"","ALMA","SD0082A1",30085,4002,"2025-04-09","2025-05-09","USD",93.00,60,"3XS:5|2XS:5|XS:10|S:10|M:10|L:10|XL:10"
40083,"2025-04-09 08:39:53.45","#SD0083",50.00,68.00,93.00,120.90,"2025-04-09","143779129","PO",4,,,,"","ALMA","SD0083A0",30086,5002,"2025-04-09","2025-05-09","USD",93.00,60,"3XS:5|2XS:5|XS:10|S:10|M:10|L:10|XL:10"
40084,"2025-04-09 08:39:53.45","#SD0084",50.00,68.00,93.00,120.90,"2025-04-09","143779129","PO",4,,,,"","ALMA","SD0084A1",30087,6002,"2025-04-09","2025-05-09","USD",93.00,60,"3XS:5|2XS:5|XS:10|S:10|M:10|L:10|XL:10"
40085,"2025-04-09 08:39:53.45","#SD0085",50.00,68.00,93.00,120.90,"2025-04-09","143779129","PO",4,,,,"","ALMA","SD0085A1",30088,7002,"2025-04-09","2025-05-09","USD",93.00,60,"3XS:5|2XS:5|XS:10|S:10|M:10|L:10|XL:10"
40086,"2025-04-09 08:39:53.45","#SD0086",50.00,68.00,93.00,120.90,"2025-04-09","143779139","PO",4,,,,"","ALMA","SD0086A0",30089,1002,"2025-04-09","2025-05-09","USD",93.00,60,"3XS:5|2XS:5|XS:10|S:10|M:10|L:10|XL:10"
40087,"2025-04-09 08:39:53.45","#SD0087",50.00,68.00,93.00,120.90,"2025-04-09","143779139","PO",4,,,,"","ALMA","SD0087A1",30090,4002,"2025-04-09","2025-05-09","USD",93.00,60,"3XS:5|2XS:5|XS:10|S:10|M:10|L:10|XL:10"
40088,"2025-04-09 08:39:53.45","#SD0088",50.00,68.00,93.00,120.90,"2025-04-09","143779139","PO",4,,,,"","ALMA","SD0088A0",30013,5002,"2025-04-09","2025-05-09","USD",93.00,60,"3XS:5|2XS:5|XS:10|S:10|M:10|L:10|XL:10"
40089,"2025-04-09 08:39:53.45","#SD0089",50.00,68.00,93.00,120.90,"2025-04-09","143779139","PO",4,,,,"","ALMA","SD0089A1",30022,6002,"2025-04-09","2025-05-09","USD",93.00,60,"3XS:5|2XS:5|XS:10|S:10|M:10|L:10|XL:10"
40090,"2025-04-09 08:39:53.45","#SD0090",50.00,68.00,93.00,120.90,"2025-04-09","143779139","PO",4,,,,"","ALMA","SD0090A0",30025,7002,"2025-04-09","2025-05-09","USD",93.00,60,"3XS:5|2XS:5|XS:10|S:10|M:10|L:10|XL:10"
40091,"2025-04-09 08:39:53.45","#SD0091",50.00,68.00,93.00,120.90,"2025-04-09","143779147","PO",4,,,,"","ALMA","SD0091A1",30026,1002,"2025-04-09","2025-05-09","USD",93.00,60,"3XS:5|2XS:5|XS:10|S:10|M:10|L:10|XL:10"
40092,"2025-04-09 08:39:53.45","#SD0092",50.00,68.00,93.00,120.90,"2025-04-09","143779147","PO",4,,,,"","ALMA","SD0092A1",30027,4002,"2025-04-09","2025-05-09","USD",93.00,60,"3XS:5|2XS:5|XS:10|S:10|M:10|L:10|XL:10"
40093,"2025-04-09 08:39:53.45","#SD0093",50.00,68.00,93.00,120.90,"2025-04-09","143779147","PO",4,,,,"","ALMA","SD0093A0",30029,5002,"2025-04-09","2025-05-09","USD",93.00,60,"3XS:5|2XS:5|XS:10|S:10|M:10|L:10|XL:10"
40094,"2025-04-09 08:39:53.45","#SD0094",50.00,68.00,93.00,120.90,"2025-04-09","143779147","PO",4,,,,"","ALMA","SD0094A1",30045,6002,"2025-04-09","2025-05-09","USD",93.00,60,"3XS:5|2XS:5|XS:10|S:10|M:10|L:10|XL:10"
40095,"2025-04-09 08:39:53.45","#SD0095",50.00,68.00,93.00,120.90,"2025-04-09","143779147","PO",4,,,,"","ALMA","SD0095A0",30047,7002,"2025-04-09","2025-05-09","USD",93.00,60,"3XS:5|2XS:5|XS:10|S:10|M:10|L:10|XL:10"
40096,"2025-04-09 08:39:53.45","#SD0096",50.00,68.00,93.00,120.90,"2025-04-09","143779148","PO",4,,,,"","ALMA","SD0096A1",30065,1002,"2025-04-09","2025-05-09","USD",93.00,60,"3XS:5|2XS:5|XS:10|S:10|M:10|L:10|XL:10"
40097,"2025-04-09 08:39:53.45","#SD0097",50.00,68.00,93.00,120.90,"2025-04-09","143779148","PO",4,,,,"","ALMA","SD0097A0",30069,4002,"2025-04-09","2025-05-09","USD",93.00,60,"3XS:5|2XS:5|XS:10|S:10|M:10|L:10|XL:10"
40098,"2025-04-09 08:39:53.45","#SD0098",50.00,68.00,93.00,120.90,"2025-04-09","143779148","PO",4,,,,"","ALMA","SD0098A1",30070,5002,"2025-04-09","2025-05-09","USD",93.00,60,"3XS:5|2XS:5|XS:10|S:10|M:10|L:10|XL:10"
40099,"2025-04-09 08:39:53.45","#SD0099",50.00,68.00,93.00,120.90,"2025-04-09","143779148","PO",4,,,,"","ALMA","SD0099A1",30071,6002,"2025-04-09","2025-05-09","USD",93.00,60,"3XS:5|2XS:5|XS:10|S:10|M:10|L:10|XL:10"
40100,"2025-04-09 08:39:53.45","#SD0100",50.00,68.00,93.00,120.90,"2025-04-09","143779148","PO",4,,,,"","ALMA","SD0100A0",30072,7002,"2025-04-09","2025-05-09","USD",93.00,60,"3XS:5|2XS:5|XS:10|S:10|M:10|L:10|XL:10"
40101,"2025-04-09 08:39:53.45","#SD0101",50.00,68.00,93.00,120.90,"2025-04-09","143779150","PO",4,,,,"","ALMA","SD0101A1",30073,1002,"2025-04-09","2025-05-09","USD",93.00,60,"3XS:5|2XS:5|XS:10|S:10|M:10|L:10|XL:10"
40102,"2025-04-09 08:39:53.45","#SD0102",50.00,68.00,93.00,120.90,"2025-04-09","143779150","PO",4,,,,"","ALMA","SD0102A0",30074,4002,"2025-04-09","2025-05-09","USD",93.00,60,"3XS:5|2XS:5|XS:10|S:10|M:10|L:10|XL:10"
40103,"2025-04-09 08:39:53.45","#SD0103",50.00,68.00,93.00,120.90,"2025-04-09","143779150","PO",4,,,,"","ALMA","SD0103A1",30075,5002,"2025-04-09","2025-05-09","USD",93.00,60,"3XS:5|2XS:5|XS:10|S:10|M:10|L:10|XL:10"
40104,"2025-04-09 08:39:53.45","#SD0104",50.00,68.00,93.00,120.90,"2025-04-09","143779150","PO",4,,,,"","ALMA","SD0104A0",30076,6002,"2025-04-09","2025-05-09","USD",93.00,60,"3XS:5|2XS:5|XS:10|S:10|M:10|L:10|XL:10"
40105,"2025-04-09 08:39:53.45","#SD0105",50.00,68.00,93.00,120.90,"2025-04-09","143779150","PO",4,,,,"","ALMA","SD0105A1",30077,7002,"2025-04-09","2025-05-09","USD",93.00,60,"3XS:5|2XS:5|XS:10|S:10|M:10|L:10|XL:10"
40106,"2025-04-09 08:39:53.45","#SD0106",50.00,68.00,93.00,120.90,"2025-04-09","143779152","PO",4,,,,"","ALMA","SD0106A1",30078,1002,"2025-04-09","2025-05-09","USD",93.00,60,"3XS:5|2XS:5|XS:10|S:10|M:10|L:10|XL:10"
40107,"2025-04-09 08:39:53.45","#SD0107",50.00,68.00,93.00,120.90,"2025-04-09","143779152","PO",4,,,,"","ALMA","SD0107A0",30079,4002,"2025-04-09","2025-05-09","USD",93.00,60,"3XS:5|2XS:5|XS:10|S:10|M:10|L:10|XL:10"
40108,"2025-04-09 08:39:53.45","#SD0108",50.00,68.00,93.00,120.90,"2025-04-09","143779152","PO",4,,,,"","ALMA","SD0108A1",30082,5002,"2025-04-09","2025-05-09","USD",93.00,60,"3XS:5|2XS:5|XS:10|S:10|M:10|L:10|XL:10"
40109,"2025-04-09 08:39:53.45","#SD0109",50.00,68.00,93.00,120.90,"2025-04-09","143779152","PO",4,,,,"","ALMA","SD0109A0",30083,6002,"2025-04-09","2025-05-09","USD",93.00,60,"3XS:5|2XS:5|XS:10|S:10|M:10|L:10|XL:10"
40110,"2025-04-09 08:39:53.45","#SD0110",50.00,68.00,93.00,120.90,"2025-04-09","143779152","PO",4,,,,"","ALMA","SD0110A1",30084,7002,"2025-04-09","2025-05-09","USD",93.00,60,"3XS:5|2XS:5|XS:10|S:10|M:10|L:10|XL:10"
40111,"2025-04-09 08:39:53.45","#SD0111",50.00,68.00,93.00,120.90,"2025-04-09","143779154","PO",4,,,,"","ALMA","SD0111A0",30085,1002,"2025-04-09","2025-05-09","USD",93.00,60,"3XS:5|2XS:5|XS:10|S:10|M:10|L:10|XL:10"
40112,"2025-04-09 08:39:53.45","#SD0112",50.00,68.00,93.00,120.90,"2025-04-09","143779154","PO",4,,,,"","ALMA","SD0112A1",30086,4002,"2025-04-09","2025-05-09","USD",93.00,60,"3XS:5|2XS:5|XS:10|S:10|M:10|L:10|XL:10"
40113,"2025-04-09 08:39:53.45","#SD0113",50.00,68.00,93.00,120.90,"2025-04-09","143779154","PO",4,,,,"","ALMA","SD0113A1",30087,5002,"2025-04-09","2025-05-09","USD",93.00,60,"3XS:5|2XS:5|XS:10|S:10|M:10|L:10|XL:10"
40114,"2025-04-09 08:39:53.45","#SD0114",50.00,68.00,93.00,120.90,"2025-04-09","143779154","PO",4,,,,"","ALMA","SD0114A0",30088,6002,"2025-04-09","2025-05-09","USD",93.00,60,"3XS:5|2XS:5|XS:10|S:10|M:10|L:10|XL:10"
40115,"2025-04-09 08:39:53.45","#SD0115",50.00,68.00,93.00,120.90,"2025-04-09","143779154","PO",4,,,,"","ALMA","SD0115A1",30089,7002,"2025-04-09","2025-05-09","USD",93.00,60,"3XS:5|2XS:5|XS:10|S:10|M:10|L:10|XL:10"
40116,"2025-04-09 08:39:53.45","#SD0116",50.00,68.00,93.00,120.90,"2025-04-09","143779155","PO",4,,,,"","ALMA","SD0116A0",30090,1002,"2025-04-09","2025-05-09","USD",93.00,60,"3XS:5|2XS:5|XS:10|S:10|M:10|L:10|XL:10"
40117,"2025-04-09 08:39:53.45","#SD0117",50.00,68.00,93.00,120.90,"2025-04-09","143779155","PO",4,,,,"","ALMA","SD0117A1",30013,4002,"2025-04-09","2025-05-09","USD",93.00,60,"3XS:5|2XS:5|XS:10|S:10|M:10|L:10|XL:10"
40118,"2025-04-09 08:39:53.45","#SD0118",50.00,68.00,93.00,120.90,"2025-04-09","143779155","PO",4,,,,"","ALMA","SD0118A0",30022,5002,"2025-04-09","2025-05-09","USD",93.00,60,"3XS:5|2XS:5|XS:10|S:10|M:10|L:10|XL:10"
40119,"2025-04-09 08:39:53.45","#SD0119",50.00,68.00,93.00,120.90,"2025-04-09","143779155","PO",4,,,,"","ALMA","SD0119A1",30025,6002,"2025-04-09","2025-05-09","USD",93.00,60,"3XS:5|2XS:5|XS:10|S:10|M:10|L:10|XL:10"
40120,"2025-04-09 08:39:53.45","#SD0120",50.00,68.00,93.00,120.90,"2025-04-09","143779155","PO",4,,,,"","ALMA","SD0120A1",30026,7002,"2025-04-09","2025-05-09","USD",93.00,60,"3XS:5|2XS:5|XS:10|S:10|M:10|L:10|XL:10"
40121,"2025-04-09 08:39:53.45","#SD0121",50.00,68.00,93.00,120.90,"2025-04-09","143779167","PO",4,,,,"","ALMA","SD0121A0",30027,1002,"2025-04-09","2025-05-09","USD",93.00,60,"3XS:5|2XS:5|XS:10|S:10|M:10|L:10|XL:10"
40122,"2025-04-09 08:39:53.45","#SD0122",50.00,68.00,93.00,120.90,"2025-04-09","143779167","PO",4,,,,"","ALMA","SD0122A1",30029,4002,"2025-04-09","2025-05-09","USD",93.00,60,"3XS:5|2XS:5|XS:10|S:10|M:10|L:10|XL:10"
40123,"2025-04-09 08:39:53.45","#SD0123",50.00,68.00,93.00,120.90,"2025-04-09","143779167","PO",4,,,,"","ALMA","SD0123A0",30045,5002,"2025-04-09","2025-05-09","USD",93.00,60,"3XS:5|2XS:5|XS:10|S:10|M:10|L:10|XL:10"
40124,"2025-04-09 08:39:53.45","#SD0124",50.00,68.00,93.00,120.90,"2025-04-09","143779167","PO",4,,,,"","ALMA","SD0124A1",30047,6002,"2025-04-09","2025-05-09","USD",93.00,60,"3XS:5|2XS:5|XS:10|S:10|M:10|L:10|XL:10"
40125,"2025-04-09 08:39:53.45","#SD0125",50.00,68.00,93.00,120.90,"2025-04-09","143779167","PO",4,,,,"","ALMA","SD0125A0",30065,7002,"2025-04-09","2025-05-09","USD",93.00,60,"3XS:5|2XS:5|XS:10|S:10|M:10|L:10|XL:10"
40126,"2025-04-09 08:39:53.45","#SD0126",50.00,68.00,93.00,120.90,"2025-04-09","143779169","PO",4,,,,"","ALMA","SD0126A1",30069,1002,"2025-04-09","2025-05-09","USD",93.00,60,"3XS:5|2XS:5|XS:10|S:10|M:10|L:10|XL:10"
40127,"2025-04-09 08:39:53.45","#SD0127",50.00,68.00,93.00,120.90,"2025-04-09","143779169","PO",4,,,,"","ALMA","SD0127A1",30070,4002,"2025-04-09","2025-05-09","USD",93.00,60,"3XS:5|2XS:5|XS:10|S:10|M:10|L:10|XL:10"
40128,"2025-04-09 08:39:53.45","#SD0128",50.00,68.00,93.00,120.90,"2025-04-09","143779169","PO",4,,,,"","ALMA","SD0128A0",30071,5002,"2025-04-09","2025-05-09","USD",93.00,60,"3XS:5|2XS:5|XS:10|S:10|M:10|L:10|XL:10"
40129,"2025-04-09 08:39:53.45","#SD0129",50.00,68.00,93.00,120.90,"2025-04-09","143779169","PO",4,,,,"","ALMA","SD0129A1",30072,6002,"2025-04-09","2025-05-09","USD",93.00,60,"3XS:5|2XS:5|XS:10|S:10|M:10|L:10|XL:10"
40130,"2025-04-09 08:39:53.45","#SD0130",50.00,68.00,93.00,120.90,"2025-04-09","143779169","PO",4,,,,"","ALMA","SD0130A0",30073,7002,"2025-04-09","2025-05-09","USD",93.00,60,"3XS:5|2XS:5|XS:10|S:10|M:10|L:10|XL:10"
40131,"2025-04-09 08:39:53.45","#SD0131",50.00,68.00,93.00,120.90,"2025-04-09","143779182","PO",4,,,,"","ALMA","SD0131A1",30074,1002,"2025-04-09","2025-05-09","USD",93.00,60,"3XS:5|2XS:5|XS:10|S:10|M:10|L:10|XL:10"
40132,"2025-04-09 08:39:53.45","#SD0132",50.00,68.00,93.00,120.90,"2025-04-09","143779182","PO",4,,,,"","ALMA","SD0132A0",30075,4002,"2025-04-09","2025-05-09","USD",93.00,60,"3XS:5|2XS:5|XS:10|S:10|M:10|L:10|XL:10"
40133,"2025-04-09 08:39:53.45","#SD0133",50.00,68.00,93.00,120.90,"2025-04-09","143779182","PO",4,,,,"","ALMA","SD0133A1",30076,5002,"2025-04-09","2025-05-09","USD",93.00,60,"3XS:5|2XS:5|XS:10|S:10|M:10|L:10|XL:10"
40134,"2025-04-09 08:39:53.45","#SD0134",50.00,68.00,93.00,120.90,"2025-04-09","143779182","PO",4,,,,"","ALMA","SD0134A1",30077,6002,"2025-04-09","2025-05-09","USD",93.00,60,"3XS:5|2XS:5|XS:10|S:10|M:10|L:10|XL:10"
40135,"2025-04-09 08:39:53.45","#SD0135",50.00,68.00,93.00,120.90,"2025-04-09","143779182","PO",4,,,,"","ALMA","SD0135A0",30078,7002,"2025-04-09","2025-05-09","USD",93.00,60,"3XS:5|2XS:5|XS:10|S:10|M:10|L:10|XL:10"
40136,"2025-04-09 08:39:53.45","#SD0136",50.00,68.00,93.00,120.90,"2025-04-09","143779189","PO",4,,,,"","ALMA","SD0136A1",30079,1002,"2025-04-09","2025-05-09","USD",93.00,60,"3XS:5|2XS:5|XS:10|S:10|M:10|L:10|XL:10"
40137,"2025-04-09 08:39:53.45","#SD0137",50.00,68.00,93.00,120.90,"2025-04-09","143779189","PO",4,,,,"","ALMA","SD0137A0",30082,4002,"2025-04-09","2025-05-09","USD",93.00,60,"3XS:5|2XS:5|XS:10|S:10|M:10|L:10|XL:10"
40138,"2025-04-09 08:39:53.45","#SD0138",50.00,68.00,93.00,120.90,"2025-04-09","143779189","PO",4,,,,"","ALMA","SD0138A1",30083,5002,"2025-04-09","2025-05-09","USD",93.00,60,"3XS:5|2XS:5|XS:10|S:10|M:10|L:10|XL:10"
40139,"2025-04-09 08:39:53.45","#SD0139",50.00,68.00,93.00,120.90,"2025-04-09","143779189","PO",4,,,,"","ALMA","SD0139A0",30084,6002,"2025-04-09","2025-05-09","USD",93.00,60,"3XS:5|2XS:5|XS:10|S:10|M:10|L:10|XL:10"
40140,"2025-04-09 08:39:53.45","#SD0140",50.00,68.00,93.00,120.90,"2025-04-09","143779189","PO",4,,,,"","ALMA","SD0140A1",30085,7002,"2025-04-09","2025-05-09","USD",93.00,60,"3XS:5|2XS:5|XS:10|S:10|M:10|L:10|XL:10"
40141,"2025-04-09 08:39:53.45","#SD0141",50.00,68.00,93.00,120.90,"2025-04-09","143779200","PO",4,,,,"","ALMA","SD0141A1",30086,1002,"2025-04-09","2025-05-09","USD",93.00,60,"3XS:5|2XS:5|XS:10|S:10|M:10|L:10|XL:10"
40142,"2025-04-09 08:39:53.45","#SD0142",50.00,68.00,93.00,120.90,"2025-04-09","143779200","PO",4,,,,"","ALMA","SD0142A0",30087,4002,"2025-04-09","2025-05-09","USD",93.00,60,"3XS:5|2XS:5|XS:10|S:10|M:10|L:10|XL:10"
40143,"2025-04-09 08:39:53.45","#SD0143",50.00,68.00,93.00,120.90,"2025-04-09","143779200","PO",4,,,,"","ALMA","SD0143A1",30088,5002,"2025-04-09","2025-05-09","USD",93.00,60,"3XS:5|2XS:5|XS:10|S:10|M:10|L:10|XL:10"
40144,"2025-04-09 08:39:53.45","#SD0144",50.00,68.00,93.00,120.90,"2025-04-09","143779200","PO",4,,,,"","ALMA","SD0144A0",30089,6002,"2025-04-09","2025-05-09","USD",93.00,60,"3XS:5|2XS:5|XS:10|S:10|M:10|L:10|XL:10"
40145,"2025-04-09 08:39:53.45","#SD0145",50.00,68.00,93.00,120.90,"2025-04-09","143779200","PO",4,,,,"","ALMA","SD0145A1",30090,7002,"2025-04-09","2025-05-09","USD",93.00,60,"3XS:5|2XS:5|XS:10|S:10|M:10|L:10|XL:10"
40146,"2025-04-09 08:39:53.45","#SD0146",50.00,68.00,93.00,120.90,"2025-04-09","143779201","PO",4,,,,"","ALMA","SD0146A0",30013,1002,"2025-04-09","2025-05-09","USD",93.00,60,"3XS:5|2XS:5|XS:10|S:10|M:10|L:10|XL:10"
40147,"2025-04-09 08:39:53.45","#SD0147",50.00,68.00,93.00,120.90,"2025-04-09","143779201","PO",4,,,,"","ALMA","SD0147A1",30022,4002,"2025-04-09","2025-05-09","USD",93.00,60,"3XS:5|2XS:5|XS:10|S:10|M:10|L:10|XL:10"
40148,"2025-04-09 08:39:53.45","#SD0148",50.00,68.00,93.00,120.90,"2025-04-09","143779201","PO",4,,,,"","ALMA","SD0148A1",30025,5002,"2025-04-09","2025-05-09","USD",93.00,60,"3XS:5|2XS:5|XS:10|S:10|M:10|L:10|XL:10"
40149,"2025-04-09 08:39:53.45","#SD0149",50.00,68.00,93.00,120.90,"2025-04-09","143779201","PO",4,,,,"","ALMA","SD0149A0",30026,6002,"2025-04-09","2025-05-09","USD",93.00,60,"3XS:5|2XS:5|XS:10|S:10|M:10|L:10|XL:10"
40150,"2025-04-09 08:39:53.45","#SD0150",50.00,68.00,93.00,120.90,"2025-04-09","143779201","PO",4,,,,"","ALMA","SD0150A1",30027,7002,"2025-04-09","2025-05-09","USD",93.00,60,"3XS:5|2XS:5|XS:10|S:10|M:10|L:10|XL:10"
40151,"2025-04-09 08:39:53.45","#SD0151",50.00,68.00,93.00,120.90,"2025-04-09","143779205","PO",4,,,,"","ALMA","SD0151A0",30029,1002,"2025-04-09","2025-05-09","USD",93.00,60,"3XS:5|2XS:5|XS:10|S:10|M:10|L:10|XL:10"
40152,"2025-04-09 08:39:53.45","#SD0152",50.00,68.00,93.00,120.90,"2025-04-09","143779205","PO",4,,,,"","ALMA","SD0152A1",30045,4002,"2025-04-09","2025-05-09","USD",93.00,60,"3XS:5|2XS:5|XS:10|S:10|M:10|L:10|XL:10"
40153,"2025-04-09 08:39:53.45","#SD0153",50.00,68.00,93.00,120.90,"2025-04-09","143779205","PO",4,,,,"","ALMA","SD0153A0",30047,5002,"2025-04-09","2025-05-09","USD",93.00,60,"3XS:5|2XS:5|XS:10|S:10|M:10|L:10|XL:10"
40154,"2025-04-09 08:39:53.45","#SD0154",50.00,68.00,93.00,120.90,"2025-04-09","143779205","PO",4,,,,"","ALMA","SD0154A1",30065,6002,"2025-04-09","2025-05-09","USD",93.00,60,"3XS:5|2XS:5|XS:10|S:10|M:10|L:10|XL:10"
40155,"2025-04-09 08:39:53.45","#SD0155",50.00,68.00,93.00,120.90,"2025-04-09","143779205","PO",4,,,,"","ALMA","SD0155A1",30069,7002,"2025-04-09","2025-05-09","USD",93.00,60,"3XS:5|2XS:5|XS:10|S:10|M:10|L:10|XL:10"
40156,"2025-04-09 08:39:53.45","#SD0156",50.00,68.00,93.00,120.90,"2025-04-09","143779207","PO",4,,,,"","ALMA","SD0156A0",30070,1002,"2025-04-09","2025-05-09","USD",93.00,60,"3XS:5|2XS:5|XS:10|S:10|M:10|L:10|XL:10"
40157,"2025-04-09 08:39:53.45","#SD0157",50.00,68.00,93.00,120.90,"2025-04-09","143779207","PO",4,,,,"","ALMA","SD0157A1",30071,4002,"2025-04-09","2025-05-09","USD",93.00,60,"3XS:5|2XS:5|XS:10|S:10|M:10|L:10|XL:10"
40158,"2025-04-09 08:39:53.45","#SD0158",50.00,68.00,93.00,120.90,"2025-04-09","143779207","PO",4,,,,"","ALMA","SD0158A0",30072,5002,"2025-04-09","2025-05-09","USD",93.00,60,"3XS:5|2XS:5|XS:10|S:10|M:10|L:10|XL:10"
40159,"2025-04-09 08:39:53.45","#SD0159",50.00,68.00,93.00,120.90,"2025-04-09","143779207","PO",4,,,,"","ALMA","SD0159A1",30073,6002,"2025-04-09","2025-05-09","USD",93.00,60,"3XS:5|2XS:5|XS:10|S:10|M:10|L:10|XL:10"
40160,"2025-04-09 08:39:53.45","#SD0160",50.00,68.00,93.00,120.90,"2025-04-09","143779207","PO",4,,,,"","ALMA","SD0160A0",30074,7002,"2025-04-09","2025-05-09","USD",93.00,60,"3XS:5|2XS:5|XS:10|S:10|M:10|L:10|XL:10"
40161,"2025-04-09 08:39:53.45","#SD0161",50.00,68.00,93.00,120.90,"2025-04-09","143779223","PO",4,,,,"","ALMA","SD0161A1",30075,1002,"2025-04-09","2025-05-09","USD",93.00,60,"3XS:5|2XS:5|XS:10|S:10|M:10|L:10|XL:10"
40162,"2025-04-09 08:39:53.45","#SD0162",50.00,68.00,93.00,120.90,"2025-04-09","143779223","PO",4,,,,"","ALMA","SD0162A1",30076,4002,"2025-04-09","2025-05-09","USD",93.00,60,"3XS:5|2XS:5|XS:10|S:10|M:10|L:10|XL:10"
40163,"2025-04-09 08:39:53.45","#SD0163",50.00,68.00,93.00,120.90,"2025-04-09","143779223","PO",4,,,,"","ALMA","SD0163A0",30077,5002,"2025-04-09","2025-05-09","USD",93.00,60,"3XS:5|2XS:5|XS:10|S:10|M:10|L:10|XL:10"
40164,"2025-04-09 08:39:53.45","#SD0164",50.00,68.00,93.00,120.90,"2025-04-09","143779223","PO",4,,,,"","ALMA","SD0164A1",30078,6002,"2025-04-09","2025-05-09","USD",93.00,60,"3XS:5|2XS:5|XS:10|S:10|M:10|L:10|XL:10"
40165,"2025-04-09 08:39:53.45","#SD0165",50.00,68.00,93.00,120.90,"2025-04-09","143779223","PO",4,,,,"","ALMA","SD0165A0",30079,7002,"2025-04-09","2025-05-09","USD",93.00,60,"3XS:5|2XS:5|XS:10|S:10|M:10|L:10|XL:10"
40166,"2025-04-09 08:39:53.45","#SD0166",50.00,68.00,93.00,120.90,"2025-04-09","143779227","PO",4,,,,"","ALMA","SD0166A1",30082,1002,"2025-04-09","2025-05-09","USD",93.00,60,"3XS:5|2XS:5|XS:10|S:10|M:10|L:10|XL:10"
40167,"2025-04-09 08:39:53.45","#SD0167",50.00,68.00,93.00,120.90,"2025-04-09","143779227","PO",4,,,,"","ALMA","SD0167A0",30083,4002,"2025-04-09","2025-05-09","USD",93.00,60,"3XS:5|2XS:5|XS:10|S:10|M:10|L:10|XL:10"
40168,"2025-04-09 08:39:53.45","#SD0168",50.00,68.00,93.00,120.90,"2025-04-09","143779227","PO",4,,,,"","ALMA","SD0168A1",30084,5002,"2025-04-09","2025-05-09","USD",93.00,60,"3XS:5|2XS:5|XS:10|S:10|M:10|L:10|XL:10"
40169,"2025-04-09 08:39:53.45","#SD0169",50.00,68.00,93.00,120.90,"2025-04-09","143779227","PO",4,,,,"","ALMA","SD0169A1",30085,6002,"2025-04-09","2025-05-09","USD",93.00,60,"3XS:5|2XS:5|XS:10|S:10|M:10|L:10|XL:10"
40170,"2025-04-09 08:39:53.45","#SD0170",50.00,68.00,93.00,120.90,"2025-04-09","143779227","PO",4,,,,"","ALMA","SD0170A0",30086,7002,"2025-04-09","2025-05-09","USD",93.00,60,"3XS:5|2XS:5|XS:10|S:10|M:10|L:10|XL:10"
40171,"2025-04-09 08:39:53.45","#SD0171",50.00,68.00,93.00,120.90,"2025-04-09","143779247","PO",4,,,,"","ALMA","SD0171A1",30087,1002,"2025-04-09","2025-05-09","USD",93.00,60,"3XS:5|2XS:5|XS:10|S:10|M:10|L:10|XL:10"
40172,"2025-04-09 08:39:53.45","#SD0172",50.00,68.00,93.00,120.90,"2025-04-09","143779247","PO",4,,,,"","ALMA","SD0172A0",30088,4002,"2025-04-09","2025-05-09","USD",93.00,60,"3XS:5|2XS:5|XS:10|S:10|M:10|L:10|XL:10"
40173,"2025-04-09 08:39:53.45","#SD0173",50.00,68.00,93.00,120.90,"2025-04-09","143779247","PO",4,,,,"","ALMA","SD0173A1",30089,5002,"2025-04-09","2025-05-09","USD",93.00,60,"3XS:5|2XS:5|XS:10|S:10|M:10|L:10|XL:10"
40174,"2025-04-09 08:39:53.45","#SD0174",50.00,68.00,93.00,120.90,"2025-04-09","143779247","PO",4,,,,"","ALMA","SD0174A0",30090,6002,"2025-04-09","2025-05-09","USD",93.00,60,"3XS:5|2XS:5|XS:10|S:10|M:10|L:10|XL:10"
40175,"2025-04-09 08:39:53.45","#SD0175",50.00,68.00,93.00,120.90,"2025-04-09","143779247","PO",4,,,,"","ALMA","SD0175A1",30013,7002,"2025-04-09","2025-05-09","USD",93.00,60,"3XS:5|2XS:5|XS:10|S:10|M:10|L:10|XL:10"
40176,"2025-04-09 08:39:53.45","#SD0176",50.00,68.00,93.00,120.90,"2025-04-09","143779250","PO",4,,,,"","ALMA","SD0176A1",30022,1002,"2025-04-09","2025-05-09","USD",93.00,60,"3XS:5|2XS:5|XS:10|S:10|M:10|L:10|XL:10"
40177,"2025-04-09 08:39:53.45","#SD0177",50.00,68.00,93.00,120.90,"2025-04-09","143779250","PO",4,,,,"","ALMA","SD0177A0",30025,4002,"2025-04-09","2025-05-09","USD",93.00,60,"3XS:5|2XS:5|XS:10|S:10|M:10|L:10|XL:10"
40178,"2025-04-09 08:39:53.45","#SD0178",50.00,68.00,93.00,120.90,"2025-04-09","143779250","PO",4,,,,"","ALMA","SD0178A1",30026,5002,"2025-04-09","2025-05-09","USD",93.00,60,"3XS:5|2XS:5|XS:10|S:10|M:10|L:10|XL:10"
40179,"2025-04-09 08:39:53.45","#SD0179",50.00,68.00,93.00,120.90,"2025-04-09","143779250","PO",4,,,,"","ALMA","SD0179A0",30027,6002,"2025-04-09","2025-05-09","USD",93.00,60,"3XS:5|2XS:5|XS:10|S:10|M:10|L:10|XL:10"
40180,"2025-04-09 08:39:53.45","#SD0180",50.00,68.00,93.00,120.90,"2025-04-09","143779250","PO",4,,,,"","ALMA","SD0180A1",30029,7002,"2025-04-09","2025-05-09","USD",93.00,60,"3XS:5|2XS:5|XS:10|S:10|M:10|L:10|XL:10"
40181,"2025-04-09 08:39:53.45","#SD0181",50.00,68.00,93.00,120.90,"2025-04-09","143779282","PO",4,,,,"","ALMA","SD0181A0",30045,1002,"2025-04-09","2025-05-09","USD",93.00,60,"3XS:5|2XS:5|XS:10|S:10|M:10|L:10|XL:10"
40182,"2025-04-09 08:39:53.45","#SD0182",50.00,68.00,93.00,120.90,"2025-04-09","143779282","PO",4,,,,"","ALMA","SD0182A1",30047,4002,"2025-04-09","2025-05-09","USD",93.00,60,"3XS:5|2XS:5|XS:10|S:10|M:10|L:10|XL:10"
40183,"2025-04-09 08:39:53.45","#SD0183",50.00,68.00,93.00,120.90,"2025-04-09","143779282","PO",4,,,,"","ALMA","SD0183A1",30065,5002,"2025-04-09","2025-05-09","USD",93.00,60,"3XS:5|2XS:5|XS:10|S:10|M:10|L:10|XL:10"
40184,"2025-04-09 08:39:53.45","#SD0184",50.00,68.00,93.00,120.90,"2025-04-09","143779282","PO",4,,,,"","ALMA","SD0184A0",30069,6002,"2025-04-09","2025-05-09","USD",93.00,60,"3XS:5|2XS:5|XS:10|S:10|M:10|L:10|XL:10"
40185,"2025-04-09 08:39:53.45","#SD0185",50.00,68.00,93.00,120.90,"2025-04-09","143779282","PO",4,,,,"","ALMA","SD0185A1",30070,7002,"2025-04-09","2025-05-09","USD",93.00,60,"3XS:5|2XS:5|XS:10|S:10|M:10|L:10|XL:10"
40186,"2025-04-09 08:39:53.45","#SD0186",50.00,68.00,93.00,120.90,"2025-04-09","143779294","PO",4,,,,"","ALMA","SD0186A0",30071,1002,"2025-04-09","2025-05-09","USD",93.00,60,"3XS:5|2XS:5|XS:10|S:10|M:10|L:10|XL:10"
40187,"2025-04-09 08:39:53.45","#SD0187",50.00,68.00,93.00,120.90,"2025-04-09","143779294","PO",4,,,,"","ALMA","SD0187A1",30072,4002,"2025-04-09","2025-05-09","USD",93.00,60,"3XS:5|2XS:5|XS:10|S:10|M:10|L:10|XL:10"
40188,"2025-04-09 08:39:53.45","#SD0188",50.00,68.00,93.00,120.90,"2025-04-09","143779294","PO",4,,,,"","ALMA","SD0188A0",30073,5002,"2025-04-09","2025-05-09","USD",93.00,60,"3XS:5|2XS:5|XS:10|S:10|M:10|L:10|XL:10"
40189,"2025-04-09 08:39:53.45","#SD0189",50.00,68.00,93.00,120.90,"2025-04-09","143779294","PO",4,,,,"","ALMA","SD0189A1",30074,6002,"2025-04-09","2025-05-09","USD",93.00,60,"3XS:5|2XS:5|XS:10|S:10|M:10|L:10|XL:10"
40190,"2025-04-09 08:39:53.45","#SD0190",50.00,68.00,93.00,120.90,"2025-04-09","143779294","PO",4,,,,"","ALMA","SD0190A1",30075,7002,"2025-04-09","2025-05-09","USD",93.00,60,"3XS:5|2XS:5|XS:10|S:10|M:10|L:10|XL:10"
40191,"2025-04-09 08:39:53.45","#SD0191",50.00,68.00,93.00,120.90,"2025-04-09","143779300","PO",4,,,,"","ALMA","SD0191A0",30076,1002,"2025-04-09","2025-05-09","USD",93.00,60,"3XS:5|2XS:5|XS:10|S:10|M:10|L:10|XL:10"
40192,"2025-04-09 08:39:53.45","#SD0192",50.00,68.00,93.00,120.90,"2025-04-09","143779300","PO",4,,,,"","ALMA","SD0192A1",30077,4002,"2025-04-09","2025-05-09","USD",93.00,60,"3XS:5|2XS:5|XS:10|S:10|M:10|L:10|XL:10"
40193,"2025-04-09 08:39:53.45","#SD0193",50.00,68.00,93.00,120.90,"2025-04-09","143779300","PO",4,,,,"","ALMA","SD0193A0",30078,5002,"2025-04-09","2025-05-09","USD",93.00,60,"3XS:5|2XS:5|XS:10|S:10|M:10|L:10|XL:10"
40194,"2025-04-09 08:39:53.45","#SD0194",50.00,68.00,93.00,120.90,"2025-04-09","143779300","PO",4,,,,"","ALMA","SD0194A1",30079,6002,"2025-04-09","2025-05-09","USD",93.00,60,"3XS:5|2XS:5|XS:10|S:10|M:10|L:10|XL:10"
40195,"2025-04-09 08:39:53.45","#SD0195",50.00,68.00,93.00,120.90,"2025-04-09","143779300","PO",4,,,,"","ALMA","SD0195A0",30082,7002,"2025-04-09","2025-05-09","USD",93.00,60,"3XS:5|2XS:5|XS:10|S:10|M:10|L:10|XL:10"
40196,"2025-04-09 08:39:53.45","#SD0196",50.00,68.00,93.00,120.90,"2025-04-09","143779301","PO",4,,,,"","ALMA","SD0196A1",30083,1002,"2025-04-09","2025-05-09","USD",93.00,60,"3XS:5|2XS:5|XS:10|S:10|M:10|L:10|XL:10"
40197,"2025-04-09 08:39:53.45","#SD0197",50.00,68.00,93.00,120.90,"2025-04-09","143779301","PO",4,,,,"","ALMA","SD0197A1",30084,4002,"2025-04-09","2025-05-09","USD",93.00,60,"3XS:5|2XS:5|XS:10|S:10|M:10|L:10|XL:10"
40198,"2025-04-09 08:39:53.45","#SD0198",50.00,68.00,93.00,120.90,"2025-04-09","143779301","PO",4,,,,"","ALMA","SD0198A0",30085,5002,"2025-04-09","2025-05-09","USD",93.00,60,"3XS:5|2XS:5|XS:10|S:10|M:10|L:10|XL:10"
40199,"2025-04-09 08:39:53.45","#SD0199",50.00,68.00,93.00,120.90,"2025-04-09","143779301","PO",4,,,,"","ALMA","SD0199A1",30086,6002,"2025-04-09","2025-05-09","USD",93.00,60,"3XS:5|2XS:5|XS:10|S:10|M:10|L:10|XL:10"
40200,"2025-04-09 08:39:53.45","#SD0200",50.00,68.00,93.00,120.90,"2025-04-09","143779301","PO",4,,,,"","ALMA","SD0200A0",30087,7002,"2025-04-09","2025-05-09","USD",93.00,60,"3XS:5|2XS:5|XS:10|S:10|M:10|L:10|XL:10"
40201,"2025-04-09 08:39:53.45","#SD0201",50.00,68.00,93.00,120.90,"2025-04-09","143779309","PO",4,,,,"","ALMA","SD0201A1",30088,1002,"2025-04-09","2025-05-09","USD",93.00,60,"3XS:5|2XS:5|XS:10|S:10|M:10|L:10|XL:10"
40202,"2025-04-09 08:39:53.45","#SD0202",50.00,68.00,93.00,120.90,"2025-04-09","143779309","PO",4,,,,"","ALMA","SD0202A0",30089,4002,"2025-04-09","2025-05-09","USD",93.00,60,"3XS:5|2XS:5|XS:10|S:10|M:10|L:10|XL:10"
40203,"2025-04-09 08:39:53.45","#SD0203",50.00,68.00,93.00,120.90,"2025-04-09","143779309","PO",4,,,,"","ALMA","SD0203A1",30090,5002,"2025-04-09","2025-05-09","USD",93.00,60,"3XS:5|2XS:5|XS:10|S:10|M:10|L:10|XL:10"
40204,"2025-04-09 08:39:53.45","#SD0204",50.00,68.00,93.00,120.90,"2025-04-09","143779309","PO",4,,,,"","ALMA","SD0204A1",30013,6002,"2025-04-09","2025-05-09","USD",93.00,60,"3XS:5|2XS:5|XS:10|S:10|M:10|L:10|XL:10"
40205,"2025-04-09 08:39:53.45","#SD0205",50.00,68.00,93.00,120.90,"2025-04-09","143779309","PO",4,,,,"","ALMA","SD0205A0",30022,7002,"2025-04-09","2025-05-09","USD",93.00,60,"3XS:5|2XS:5|XS:10|S:10|M:10|L:10|XL:10"
40206,"2025-04-09 08:39:53.45","#SD0206",50.00,68.00,93.00,120.90,"2025-04-09","143779324","PO",4,,,,"","ALMA","SD0206A1",30025,1002,"2025-04-09","2025-05-09","USD",93.00,60,"3XS:5|2XS:5|XS:10|S:10|M:10|L:10|XL:10"
40207,"2025-04-09 08:39:53.45","#SD0207",50.00,68.00,93.00,120.90,"2025-04-09","143779324","PO",4,,,,"","ALMA","SD0207A0",30026,4002,"2025-04-09","2025-05-09","USD",93.00,60,"3XS:5|2XS:5|XS:10|S:10|M:10|L:10|XL:10"
40208,"2025-04-09 08:39:53.45","#SD0208",50.00,68.00,93.00,120.90,"2025-04-09","143779324","PO",4,,,,"","ALMA","SD0208A1",30027,5002,"2025-04-09","2025-05-09","USD",93.00,60,"3XS:5|2XS:5|XS:10|S:10|M:10|L:10|XL:10"
40209,"2025-04-09 08:39:53.45","#SD0209",50.00,68.00,93.00,120.90,"2025-04-09","143779324","PO",4,,,,"","ALMA","SD0209A0",30029,6002,"2025-04-09","2025-05-09","USD",93.00,60,"3XS:5|2XS:5|XS:10|S:10|M:10|L:10|XL:10"
40210,"2025-04-09 08:39:53.45","#SD0210",50.00,68.00,93.00,120.90,"2025-04-09","143779324","PO",4,,,,"","ALMA","SD0210A1",30045,7002,"2025-04-09","2025-05-09","USD",93.00,60,"3XS:5|2XS:5|XS:10|S:10|M:10|L:10|XL:10"
40211,"2025-04-09 08:39:53.45","#SD0211",50.00,68.00,93.00,120.90,"2025-04-09","143779342","PO",4,,,,"","ALMA","SD0211A1",30047,1002,"2025-04-09","2025-05-09","USD",93.00,60,"3XS:5|2XS:5|XS:10|S:10|M:10|L:10|XL:10"
40212,"2025-04-09 08:39:53.45","#SD0212",50.00,68.00,93.00,120.90,"2025-04-09","143779342","PO",4,,,,"","ALMA","SD0212A0",30065,4002,"2025-04-09","2025-05-09","USD",93.00,60,"3XS:5|2XS:5|XS:10|S:10|M:10|L:10|XL:10"
40213,"2025-04-09 08:39:53.45","#SD0213",50.00,68.00,93.00,120.90,"2025-04-09","143779342","PO",4,,,,"","ALMA","SD0213A1",30069,5002,"2025-04-09","2025-05-09","USD",93.00,60,"3XS:5|2XS:5|XS:10|S:10|M:10|L:10|XL:10"
40214,"2025-04-09 08:39:53.45","#SD0214",50.00,68.00,93.00,120.90,"2025-04-09","143779342","PO",4,,,,"","ALMA","SD0214A0",30070,6002,"2025-04-09","2025-05-09","USD",93.00,60,"3XS:5|2XS:5|XS:10|S:10|M:10|L:10|XL:10"
40215,"2025-04-09 08:39:53.45","#SD0215",50.00,68.00,93.00,120.90,"2025-04-09","143779342","PO",4,,,,"","ALMA","SD0215A1",30071,7002,"2025-04-09","2025-05-09","USD",93.00,60,"3XS:5|2XS:5|XS:10|S:10|M:10|L:10|XL:10"
40216,"2025-04-09 08:39:53.45","#SD0216",50.00,68.00,93.00,120.90,"2025-04-09","143779347","PO",4,,,,"","ALMA","SD0216A0",30072,1002,"2025-04-09","2025-05-09","USD",93.00,60,"3XS:5|2XS:5|XS:10|S:10|M:10|L:10|XL:10"
40217,"2025-04-09 08:39:53.45","#SD0217",50.00,68.00,93.00,120.90,"2025-04-09","143779347","PO",4,,,,"","ALMA","SD0217A1",30073,4002,"2025-04-09","2025-05-09","USD",93.00,60,"3XS:5|2XS:5|XS:10|S:10|M:10|L:10|XL:10"
40218,"2025-04-09 08:39:53.45","#SD0218",50.00,68.00,93.00,120.90,"2025-04-09","143779347","PO",4,,,,"","ALMA","SD0218A1",30074,5002,"2025-04-09","2025-05-09","USD",93.00,60,"3XS:5|2XS:5|XS:10|S:10|M:10|L:10|XL:10"
40219,"2025-04-09 08:39:53.45","#SD0219",50.00,68.00,93.00,120.90,"2025-04-09","143779347","PO",4,,,,"","ALMA","SD0219A0",30075,6002,"2025-04-09","2025-05-09","USD",93.00,60,"3XS:5|2XS:5|XS:10|S:10|M:10|L:10|XL:10"
40220,"2025-04-09 08:39:53.45","#SD0220",50.00,68.00,93.00,120.90,"2025-04-09","143779347","PO",4,,,,"","ALMA","SD0220A1",30076,7002,"2025-04-09","2025-05-09","USD",93.00,60,"3XS:5|2XS:5|XS:10|S:10|M:10|L:10|XL:10"
40221,"2025-04-09 08:39:53.45","#SD0221",50.00,68.00,93.00,120.90,"2025-04-09","143779348","PO",4,,,,"","ALMA","SD0221A0",30077,1002,"2025-04-09","2025-05-09","USD",93.00,60,"3XS:5|2XS:5|XS:10|S:10|M:10|L:10|XL:10"
40222,"2025-04-09 08:39:53.45","#SD0222",50.00,68.00,93.00,120.90,"2025-04-09","143779348","PO",4,,,,"","ALMA","SD0222A1",30078,4002,"2025-04-09","2025-05-09","USD",93.00,60,"3XS:5|2XS:5|XS:10|S:10|M:10|L:10|XL:10"
40223,"2025-04-09 08:39:53.45","#SD0223",50.00,68.00,93.00,120.90,"2025-04-09","143779348","PO",4,,,,"","ALMA","SD0223A0",30079,5002,"2025-04-09","2025-05-09","USD",93.00,60,"3XS:5|2XS:5|XS:10|S:10|M:10|L:10|XL:10"
40224,"2025-04-09 08:39:53.45","#SD0224",50.00,68.00,93.00,120.90,"2025-04-09","143779348","PO",4,,,,"","ALMA","SD0224A1",30082,6002,"2025-04-09","2025-05-09","USD",93.00,60,"3XS:5|2XS:5|XS:10|S:10|M:10|L:10|XL:10"
40225,"2025-04-09 08:39:53.45","#SD0225",50.00,68.00,93.00,120.90,"2025-04-09","143779348","PO",4,,,,"","ALMA","SD0225A1",30083,7002,"2025-04-09","2025-05-09","USD",93.00,60,"3XS:5|2XS:5|XS:10|S:10|M:10|L:10|XL:10"
40226,"2025-04-09 08:39:53.45","#SD0226",50.00,68.00,93.00,120.90,"2025-04-09","143779349","PO",4,,,,"","ALMA","SD0226A0",30084,1002,"2025-04-09","2025-05-09","USD",93.00,60,"3XS:5|2XS:5|XS:10|S:10|M:10|L:10|XL:10"
40227,"2025-04-09 08:39:53.45","#SD0227",50.00,68.00,93.00,120.90,"2025-04-09","143779349","PO",4,,,,"","ALMA","SD0227A1",30085,4002,"2025-04-09","2025-05-09","USD",93.00,60,"3XS:5|2XS:5|XS:10|S:10|M:10|L:10|XL:10"
40228,"2025-04-09 08:39:53.45","#SD0228",50.00,68.00,93.00,120.90,"2025-04-09","143779349","PO",4,,,,"","ALMA","SD0228A0",30086,5002,"2025-04-09","2025-05-09","USD",93.00,60,"3XS:5|2XS:5|XS:10|S:10|M:10|L:10|XL:10"
40229,"2025-04-09 08:39:53.45","#SD0229",50.00,68.00,93.00,120.90,"2025-04-09","143779349","PO",4,,,,"","ALMA","SD0229A1",30087,6002,"2025-04-09","2025-05-09","USD",93.00,60,"3XS:5|2XS:5|XS:10|S:10|M:10|L:10|XL:10"
40230,"2025-04-09 08:39:53.45","#SD0230",50.00,68.00,93.00,120.90,"2025-04-09","143779349","PO",4,,,,"","ALMA","SD0230A0",30088,7002,"2025-04-09","2025-05-09","USD",93.00,60,"3XS:5|2XS:5|XS:10|S:10|M:10|L:10|XL:10"
40231,"2025-04-09 08:39:53.45","#SD0231",50.00,68.00,93.00,120.90,"2025-04-09","143779353","PO",4,,,,"","ALMA","SD0231A1",30089,1002,"2025-04-09","2025-05-09","USD",93.00,60,"3XS:5|2XS:5|XS:10|S:10|M:10|L:10|XL:10"
40232,"2025-04-09 08:39:53.45","#SD0232",50.00,68.00,93.00,120.90,"2025-04-09","143779353","PO",4,,,,"","ALMA","SD0232A1",30090,4002,"2025-04-09","2025-05-09","USD",93.00,60,"3XS:5|2XS:5|XS:10|S:10|M:10|L:10|XL:10"
40233,"2025-04-09 08:39:53.45","#SD0233",50.00,68.00,93.00,120.90,"2025-04-09","143779353","PO",4,,,,"","ALMA","SD0233A0",30013,5002,"2025-04-09","2025-05-09","USD",93.00,60,"3XS:5|2XS:5|XS:10|S:10|M:10|L:10|XL:10"
40234,"2025-04-09 08:39:53.45","#SD0234",50.00,68.00,93.00,120.90,"2025-04-09","143779353","PO",4,,,,"","ALMA","SD0234A1",30022,6002,"2025-04-09","2025-05-09","USD",93.00,60,"3XS:5|2XS:5|XS:10|S:10|M:10|L:10|XL:10"
40235,"2025-04-09 08:39:53.45","#SD0235",50.00,68.00,93.00,120.90,"2025-04-09","143779353","PO",4,,,,"","ALMA","SD0235A0",30025,7002,"2025-04-09","2025-05-09","USD",93.00,60,"3XS:5|2XS:5|XS:10|S:10|M:10|L:10|XL:10"
40236,"2025-04-09 08:39:53.45","#SD0236",50.00,68.00,93.00,120.90,"2025-04-09","143779355","PO",4,,,,"","ALMA","SD0236A1",30026,1002,"2025-04-09","2025-05-09","USD",93.00,60,"3XS:5|2XS:5|XS:10|S:10|M:10|L:10|XL:10"
40237,"2025-04-09 08:39:53.45","#SD0237",50.00,68.00,93.00,120.90,"2025-04-09","143779355","PO",4,,,,"","ALMA","SD0237A0",30027,4002,"2025-04-09","2025-05-09","USD",93.00,60,"3XS:5|2XS:5|XS:10|S:10|M:10|L:10|XL:10"
40238,"2025-04-09 08:39:53.45","#SD0238",50.00,68.00,93.00,120.90,"2025-04-09","143779355","PO",4,,,,"","ALMA","SD0238A1",30029,5002,"2025-04-09","2025-05-09","USD",93.00,60,"3XS:5|2XS:5|XS:10|S:10|M:10|L:10|XL:10"
40239,"2025-04-09 08:39:53.45","#SD0239",50.00,68.00,93.00,120.90,"2025-04-09","143779355","PO",4,,,,"","ALMA","SD0239A1",30045,6002,"2025-04-09","2025-05-09","USD",93.00,60,"3XS:5|2XS:5|XS:10|S:10|M:10|L:10|XL:10"
40240,"2025-04-09 08:39:53.45","#SD0240",50.00,68.00,93.00,120.90,"2025-04-09","143779355","PO",4,,,,"","ALMA","SD0240A0",30047,7002,"2025-04-09","2025-05-09","USD",93.00,60,"3XS:5|2XS:5|XS:10|S:10|M:10|L:10|XL:10"
40241,"2025-04-09 08:39:53.45","#SD0241",50.00,68.00,93.00,120.90,"2025-04-09","143779359","PO",4,,,,"","ALMA","SD0241A1",30065,1002,"2025-04-09","2025-05-09","USD",93.00,60,"3XS:5|2XS:5|XS:10|S:10|M:10|L:10|XL:10"
40242,"2025-04-09 08:39:53.45","#SD0242",50.00,68.00,93.00,120.90,"2025-04-09","143779359","PO",4,,,,"","ALMA","SD0242A0",30069,4002,"2025-04-09","2025-05-09","USD",93.00,60,"3XS:5|2XS:5|XS:10|S:10|M:10|L:10|XL:10"
40243,"2025-04-09 08:39:53.45","#SD0243",50.00,68.00,93.00,120.90,"2025-04-09","143779359","PO",4,,,,"","ALMA","SD0243A1",30070,5002,"2025-04-09","2025-05-09","USD",93.00,60,"3XS:5|2XS:5|XS:10|S:10|M:10|L:10|XL:10"
40244,"2025-04-09 08:39:53.45","#SD0244",50.00,68.00,93.00,120.90,"2025-04-09","143779359","PO",4,,,,"","ALMA","SD0244A0",30071,6002,"2025-04-09","2025-05-09","USD",93.00,60,"3XS:5|2XS:5|XS:10|S:10|M:10|L:10|XL:10"
40245,"2025-04-09 08:39:53.45","#SD0245",50.00,68.00,93.00,120.90,"2025-04-09","143779359","PO",4,,,,"","ALMA","SD0245A1",30072,7002,"2025-04-09","2025-05-09","USD",93.00,60,"3XS:5|2XS:5|XS:10|S:10|M:10|L:10|XL:10"
40246,"2025-04-09 08:39:53.45","#SD0246",50.00,68.00,93.00,120.90,"2025-04-09","143779362","PO",4,,,,"","ALMA","SD0246A1",30073,1002,"2025-04-09","2025-05-09","USD",93.00,60,"3XS:5|2XS:5|XS:10|S:10|M:10|L:10|XL:10"
40247,"2025-04-09 08:39:53.45","#SD0247",50.00,68.00,93.00,120.90,"2025-04-09","143779362","PO",4,,,,"","ALMA","SD0247A0",30074,4002,"2025-04-09","2025-05-09","USD",93.00,60,"3XS:5|2XS:5|XS:10|S:10|M:10|L:10|XL:10"
40248,"2025-04-09 08:39:53.45","#SD0248",50.00,68.00,93.00,120.90,"2025-04-09","143779362","PO",4,,,,"","ALMA","SD0248A1",30075,5002,"2025-04-09","2025-05-09","USD",93.00,60,"3XS:5|2XS:5|XS:10|S:10|M:10|L:10|XL:10"
40249,"2025-04-09 08:39:53.45","#SD0249",50.00,68.00,93.00,120.90,"2025-04-09","143779362","PO",4,,,,"","ALMA","SD0249A0",30076,6002,"2025-04-09","2025-05-09","USD",93.00,60,"3XS:5|2XS:5|XS:10|S:10|M:10|L:10|XL:10"
40250,"2025-04-09 08:39:53.45","#SD0250",50.00,68.00,93.00,120.90,"2025-04-09","143779362","PO",4,,,,"","ALMA","SD0250A1",30077,7002,"2025-04-09","2025-05-09","USD",93.00,60,"3XS:5|2XS:5|XS:10|S:10|M:10|L:10|XL:10"
40251,"2025-04-09 08:39:53.45","#SD0251",50.00,68.00,93.00,120.90,"2025-04-09","143779379","PO",4,,,,"","ALMA","SD0251A0",30078,1002,"2025-04-09","2025-05-09","USD",93.00,60,"3XS:5|2XS:5|XS:10|S:10|M:10|L:10|XL:10"
40252,"2025-04-09 08:39:53.45","#SD0252",50.00,68.00,93.00,120.90,"2025-04-09","143779379","PO",4,,,,"","ALMA","SD0252A1",30079,4002,"2025-04-09","2025-05-09","USD",93.00,60,"3XS:5|2XS:5|XS:10|S:10|M:10|L:10|XL:10"
40253,"2025-04-09 08:39:53.45","#SD0253",50.00,68.00,93.00,120.90,"2025-04-09","143779379","PO",4,,,,"","ALMA","SD0253A1",30082,5002,"2025-04-09","2025-05-09","USD",93.00,60,"3XS:5|2XS:5|XS:10|S:10|M:10|L:10|XL:10"
40254,"2025-04-09 08:39:53.45","#SD0254",50.00,68.00,93.00,120.90,"2025-04-09","143779379","PO",4,,,,"","ALMA","SD0254A0",30083,6002,"2025-04-09","2025-05-09","USD",93.00,60,"3XS:5|2XS:5|XS:10|S:10|M:10|L:10|XL:10"
40255,"2025-04-09 08:39:53.45","#SD0255",50.00,68.00,93.00,120.90,"2025-04-09","143779379","PO",4,,,,"","ALMA","SD0255A1",30084,7002,"2025-04-09","2025-05-09","USD",93.00,60,"3XS:5|2XS:5|XS:10|S:10|M:10|L:10|XL:10"
40256,"2025-04-09 08:39:53.45","#SD0256",50.00,68.00,93.00,120.90,"2025-04-09","143779385","PO",4,,,,"","ALMA","SD0256A0",30085,1002,"2025-04-09","2025-05-09","USD",93.00,60,"3XS:5|2XS:5|XS:10|S:10|M:10|L:10|XL:10"
40257,"2025-04-09 08:39:53.45","#SD0257",50.00,68.00,93.00,120.90,"2025-04-09","143779385","PO",4,,,,"","ALMA","SD0257A1",30086,4002,"2025-04-09","2025-05-09","USD",93.00,60,"3XS:5|2XS:5|XS:10|S:10|M:10|L:10|XL:10"
40258,"2025-04-09 08:39:53.45","#SD0258",50.00,68.00,93.00,120.90,"2025-04-09","143779385","PO",4,,,,"","ALMA","SD0258A0",30087,5002,"2025-04-09","2025-05-09","USD",93.00,60,"3XS:5|2XS:5|XS:10|S:10|M:10|L:10|XL:10"
40259,"2025-04-09 08:39:53.45","#SD0259",50.00,68.00,93.00,120.90,"2025-04-09","143779385","PO",4,,,,"","ALMA","SD0259A1",30088,6002,"2025-04-09","2025-05-09","USD",93.00,60,"3XS:5|2XS:5|XS:10|S:10|M:10|L:10|XL:10"
40260,"2025-04-09 08:39:53.45","#SD0260",50.00,68.00,93.00,120.90,"2025-04-09","143779385","PO",4,,,,"","ALMA","SD0260A1",30089,7002,"2025-04-09","2025-05-09","USD",93.00,60,"3XS:5|2XS:5|XS:10|S:10|M:10|L:10|XL:10"
40261,"2025-04-09 08:39:53.45","#SD0261",50.00,68.00,93.00,120.90,"2025-04-09","143779391","PO",4,,,,"","ALMA","SD0261A0",30090,1002,"2025-04-09","2025-05-09","USD",93.00,60,"3XS:5|2XS:5|XS:10|S:10|M:10|L:10|XL:10"
40262,"2025-04-09 08:39:53.45","#SD0262",50.00,68.00,93.00,120.90,"2025-04-09","143779391","PO",4,,,,"","ALMA","SD0262A1",30013,4002,"2025-04-09","2025-05-09","USD",93.00,60,"3XS:5|2XS:5|XS:10|S:10|M:10|L:10|XL:10"
40263,"2025-04-09 08:39:53.45","#SD0263",50.00,68.00,93.00,120.90,"2025-04-09","143779391","PO",4,,,,"","ALMA","SD0263A0",30022,5002,"2025-04-09","2025-05-09","USD",93.00,60,"3XS:5|2XS:5|XS:10|S:10|M:10|L:10|XL:10"
40264,"2025-04-09 08:39:53.45","#SD0264",50.00,68.00,93.00,120.90,"2025-04-09","143779391","PO",4,,,,"","ALMA","SD0264A1",30025,6002,"2025-04-09","2025-05-09","USD",93.00,60,"3XS:5|2XS:5|XS:10|S:10|M:10|L:10|XL:10"
40265,"2025-04-09 08:39:53.45","#SD0265",50.00,68.00,93.00,120.90,"2025-04-09","143779391","PO",4,,,,"","ALMA","SD0265A0",30026,7002,"2025-04-09","2025-05-09","USD",93.00,60,"3XS:5|2XS:5|XS:10|S:10|M:10|L:10|XL:10"
40266,"2025-04-09 08:39:53.45","#SD0266",50.00,68.00,93.00,120.90,"2025-04-09","143779398","PO",4,,,,"","ALMA","SD0266A1",30027,1002,"2025-04-09","2025-05-09","USD",93.00,60,"3XS:5|2XS:5|XS:10|S:10|M:10|L:10|XL:10"
40267,"2025-04-09 08:39:53.45","#SD0267",50.00,68.00,93.00,120.90,"2025-04-09","143779398","PO",4,,,,"","ALMA","SD0267A1",30029,4002,"2025-04-09","2025-05-09","USD",93.00,60,"3XS:5|2XS:5|XS:10|S:10|M:10|L:10|XL:10"
40268,"2025-04-09 08:39:53.45","#SD0268",50.00,68.00,93.00,120.90,"2025-04-09","143779398","PO",4,,,,"","ALMA","SD0268A0",30045,5002,"2025-04-09","2025-05-09","USD",93.00,60,"3XS:5|2XS:5|XS:10|S:10|M:10|L:10|XL:10"
40269,"2025-04-09 08:39:53.45","#SD0269",50.00,68.00,93.00,120.90,"2025-04-09","143779398","PO",4,,,,"","ALMA","SD0269A1",30047,6002,"2025-04-09","2025-05-09","USD",93.00,60,"3XS:5|2XS:5|XS:10|S:10|M:10|L:10|XL:10"
40270,"2025-04-09 08:39:53.45","#SD0270",50.00,68.00,93.00,120.90,"2025-04-09","143779398","PO",4,,,,"","ALMA","SD0270A0",30065,7002,"2025-04-09","2025-05-09","USD",93.00,60,"3XS:5|2XS:5|XS:10|S:10|M:10|L:10|XL:10"
40271,"2025-04-09 08:39:53.45","#SD0271",50.00,68.00,93.00,120.90,"2025-04-09","143779399","PO",4,,,,"","ALMA","SD0271A1",30069,1002,"2025-04-09","2025-05-09","USD",93.00,60,"3XS:5|2XS:5|XS:10|S:10|M:10|L:10|XL:10"
40272,"2025-04-09 08:39:53.45","#SD0272",50.00,68.00,93.00,120.90,"2025-04-09","143779399","PO",4,,,,"","ALMA","SD0272A0",30070,4002,"2025-04-09","2025-05-09","USD",93.00,60,"3XS:5|2XS:5|XS:10|S:10|M:10|L:10|XL:10"
40273,"2025-04-09 08:39:53.45","#SD0273",50.00,68.00,93.00,120.90,"2025-04-09","143779399","PO",4,,,,"","ALMA","SD0273A1",30071,5002,"2025-04-09","2025-05-09","USD",93.00,60,"3XS:5|2XS:5|XS:10|S:10|M:10|L:10|XL:10"
40274,"2025-04-09 08:39:53.45","#SD0274",50.00,68.00,93.00,120.90,"2025-04-09","143779399","PO",4,,,,"","ALMA","SD0274A1",30072,6002,"2025-04-09","2025-05-09","USD",93.00,60,"3XS:5|2XS:5|XS:10|S:10|M:10|L:10|XL:10"
40275,"2025-04-09 08:39:53.45","#SD0275",50.00,68.00,93.00,120.90,"2025-04-09","143779399","PO",4,,,,"","ALMA","SD0275A0",30073,7002,"2025-04-09","2025-05-09","USD",93.00,60,"3XS:5|2XS:5|XS:10|S:10|M:10|L:10|XL:10"
40276,"2025-04-09 08:39:53.45","#SD0276",50.00,68.00,93.00,120.90,"2025-04-09","143779410","PO",4,,,,"","ALMA","SD0276A1",30074,1002,"2025-04-09","2025-05-09","USD",93.00,60,"3XS:5|2XS:5|XS:10|S:10|M:10|L:10|XL:10"
40277,"2025-04-09 08:39:53.45","#SD0277",50.00,68.00,93.00,120.90,"2025-04-09","143779410","PO",4,,,,"","ALMA","SD0277A0",30075,4002,"2025-04-09","2025-05-09","USD",93.00,60,"3XS:5|2XS:5|XS:10|S:10|M:10|L:10|XL:10"
40278,"2025-04-09 08:39:53.45","#SD0278",50.00,68.00,93.00,120.90,"2025-04-09","143779410","PO",4,,,,"","ALMA","SD0278A1",30076,5002,"2025-04-09","2025-05-09","USD",93.00,60,"3XS:5|2XS:5|XS:10|S:10|M:10|L:10|XL:10"
40279,"2025-04-09 08:39:53.45","#SD0279",50.00,68.00,93.00,120.90,"2025-04-09","143779410","PO",4,,,,"","ALMA","SD0279A0",30077,6002,"2025-04-09","2025-05-09","USD",93.00,60,"3XS:5|2XS:5|XS:10|S:10|M:10|L:10|XL:10"
40280,"2025-04-09 08:39:53.45","#SD0280",50.00,68.00,93.00,120.90,"2025-04-09","143779410","PO",4,,,,"","ALMA","SD0280A1",30078,7002,"2025-04-09","2025-05-09","USD",93.00,60,"3XS:5|2XS:5|XS:10|S:10|M:10|L:10|XL:10"
40281,"2025-04-09 08:39:53.45","#SD0281",50.00,68.00,93.00,120.90,"2025-04-09","143779411","PO",4,,,,"","ALMA","SD0281A1",30079,1002,"2025-04-09","2025-05-09","USD",93.00,60,"3XS:5|2XS:5|XS:10|S:10|M:10|L:10|XL:10"
40282,"2025-04-09 08:39:53.45","#SD0282",50.00,68.00,93.00,120.90,"2025-04-09","143779411","PO",4,,,,"","ALMA","SD0282A0",30082,4002,"2025-04-09","2025-05-09","USD",93.00,60,"3XS:5|2XS:5|XS:10|S:10|M:10|L:10|XL:10"
40283,"2025-04-09 08:39:53.45","#SD0283",50.00,68.00,93.00,120.90,"2025-04-09","143779411","PO",4,,,,"","ALMA","SD0283A1",30083,5002,"2025-04-09","2025-05-09","USD",93.00,60,"3XS:5|2XS:5|XS:10|S:10|M:10|L:10|XL:10"
40284,"2025-04-09 08:39:53.45","#SD0284",50.00,68.00,93.00,120.90,"2025-04-09","143779411","PO",4,,,,"","ALMA","SD0284A0",30084,6002,"2025-04-09","2025-05-09","USD",93.00,60,"3XS:5|2XS:5|XS:10|S:10|M:10|L:10|XL:10"
40285,"2025-04-09 08:39:53.45","#SD0285",50.00,68.00,93.00,120.90,"2025-04-09","143779411","PO",4,,,,"","ALMA","SD0285A1",30085,7002,"2025-04-09","2025-05-09","USD",93.00,60,"3XS:5|2XS:5|XS:10|S:10|M:10|L:10|XL:10"
40286,"2025-04-09 08:39:53.45","#SD0286",50.00,68.00,93.00,120.90,"2025-04-09","143779423","PO",4,,,,"","ALMA","SD0286A0",30086,1002,"2025-04-09","2025-05-09","USD",93.00,60,"3XS:5|2XS:5|XS:10|S:10|M:10|L:10|XL:10"
40287,"2025-04-09 08:39:53.45","#SD0287",50.00,68.00,93.00,120.90,"2025-04-09","143779423","PO",4,,,,"","ALMA","SD0287A1",30087,4002,"2025-04-09","2025-05-09","USD",93.00,60,"3XS:5|2XS:5|XS:10|S:10|M:10|L:10|XL:10"
40288,"2025-04-09 08:39:53.45","#SD0288",50.00,68.00,93.00,120.90,"2025-04-09","143779423","PO",4,,,,"","ALMA","SD0288A1",30088,5002,"2025-04-09","2025-05-09","USD",93.00,60,"3XS:5|2XS:5|XS:10|S:10|M:10|L:10|XL:10"
40289,"2025-04-09 08:39:53.45","#SD0289",50.00,68.00,93.00,120.90,"2025-04-09","143779423","PO",4,,,,"","ALMA","SD0289A0",30089,6002,"2025-04-09","2025-05-09","USD",93.00,60,"3XS:5|2XS:5|XS:10|S:10|M:10|L:10|XL:10"
40290,"2025-04-09 08:39:53.45","#SD0290",50.00,68.00,93.00,120.90,"2025-04-09","143779423","PO",4,,,,"","ALMA","SD0290A1",30090,7002,"2025-04-09","2025-05-09","USD",93.00,60,"3XS:5|2XS:5|XS:10|S:10|M:10|L:10|XL:10"
40291,"2025-04-09 08:39:53.45","#SD0291",50.00,68.00,93.00,120.90,"2025-04-09","143779424","PO",4,,,,"","ALMA","SD0291A0",30013,1002,"2025-04-09","2025-05-09","USD",93.00,60,"3XS:5|2XS:5|XS:10|S:10|M:10|L:10|XL:10"
40292,"2025-04-09 08:39:53.45","#SD0292",50.00,68.00,93.00,120.90,"2025-04-09","143779424","PO",4,,,,"","ALMA","SD0292A1",30022,4002,"2025-04-09","2025-05-09","USD",93.00,60,"3XS:5|2XS:5|XS:10|S:10|M:10|L:10|XL:10"
40293,"2025-04-09 08:39:53.45","#SD0293",50.00,68.00,93.00,120.90,"2025-04-09","143779424","PO",4,,,,"","ALMA","SD0293A0",30025,5002,"2025-04-09","2025-05-09","USD",93.00,60,"3XS:5|2XS:5|XS:10|S:10|M:10|L:10|XL:10"
40294,"2025-04-09 08:39:53.45","#SD0294",50.00,68.00,93.00,120.90,"2025-04-09","143779424","PO",4,,,,"","ALMA","SD0294A1",30026,6002,"2025-04-09","2025-05-09","USD",93.00,60,"3XS:5|2XS:5|XS:10|S:10|M:10|L:10|XL:10"
40295,"2025-04-09 08:39:53.45","#SD0295",50.00,68.00,93.00,120.90,"2025-04-09","143779424","PO",4,,,,"","ALMA","SD0295A1",30027,7002,"2025-04-09","2025-05-09","USD",93.00,60,"3XS:5|2XS:5|XS:10|S:10|M:10|L:10|XL:10"
40296,"2025-04-09 08:39:53.45","#SD0296",50.00,68.00,93.00,120.90,"2025-04-09","143779432","PO",4,,,,"","ALMA","SD0296A0",30029,1002,"2025-04-09","2025-05-09","USD",93.00,60,"3XS:5|2XS:5|XS:10|S:10|M:10|L:10|XL:10"
40297,"2025-04-09 08:39:53.45","#SD0297",50.00,68.00,93.00,120.90,"2025-04-09","143779432","PO",4,,,,"","ALMA","SD0297A1",30045,4002,"2025-04-09","2025-05-09","USD",93.00,60,"3XS:5|2XS:5|XS:10|S:10|M:10|L:10|XL:10"
40298,"2025-04-09 08:39:53.45","#SD0298",50.00,68.00,93.00,120.90,"2025-04-09","143779432","PO",4,,,,"","ALMA","SD0298A0",30047,5002,"2025-04-09","2025-05-09","USD",93.00,60,"3XS:5|2XS:5|XS:10|S:10|M:10|L:10|XL:10"
40299,"2025-04-09 08:39:53.45","#SD0299",50.00,68.00,93.00,120.90,"2025-04-09","143779432","PO",4,,,,"","ALMA","SD0299A1",30065,6002,"2025-04-09","2025-05-09","USD",93.00,60,"3XS:5|2XS:5|XS:10|S:10|M:10|L:10|XL:10"
40300,"2025-04-09 08:39:53.45","#SD0300",50.00,68.00,93.00,120.90,"2025-04-09","143779432","PO",4,,,,"","ALMA","SD0300A0",30069,7002,"2025-04-09","2025-05-09","USD",93.00,60,"3XS:5|2XS:5|XS:10|S:10|M:10|L:10|XL:10"
40301,"2025-04-09 08:39:53.45","#SD0301",50.00,68.00,93.00,120.90,"2025-04-09","143779445","PO",4,,,,"","ALMA","SD0301A1",30070,1002,"2025-04-09","2025-05-09","USD",93.00,60,"3XS:5|2XS:5|XS:10|S:10|M:10|L:10|XL:10"
40302,"2025-04-09 08:39:53.45","#SD0302",50.00,68.00,93.00,120.90,"2025-04-09","143779445","PO",4,,,,"","ALMA","SD0302A1",30071,4002,"2025-04-09","2025-05-09","USD",93.00,60,"3XS:5|2XS:5|XS:10|S:10|M:10|L:10|XL:10"
40303,"2025-04-09 08:39:53.45","#SD0303",50.00,68.00,93.00,120.90,"2025-04-09","143779445","PO",4,,,,"","ALMA","SD0303A0",30072,5002,"2025-04-09","2025-05-09","USD",93.00,60,"3XS:5|2XS:5|XS:10|S:10|M:10|L:10|XL:10"
40304,"2025-04-09 08:39:53.45","#SD0304",50.00,68.00,93.00,120.90,"2025-04-09","143779445","PO",4,,,,"","ALMA","SD0304A1",30073,6002,"2025-04-09","2025-05-09","USD",93.00,60,"3XS:5|2XS:5|XS:10|S:10|M:10|L:10|XL:10"
40305,"2025-04-09 08:39:53.45","#SD0305",50.00,68.00,93.00,120.90,"2025-04-09","143779445","PO",4,,,,"","ALMA","SD0305A0",30074,7002,"2025-04-09","2025-05-09","USD",93.00,60,"3XS:5|2XS:5|XS:10|S:10|M:10|L:10|XL:10"
40306,"2025-04-09 08:39:53.45","#SD0306",50.00,68.00,93.00,120.90,"2025-04-09","143779465","PO",4,,,,"","ALMA","SD0306A1",30075,1002,"2025-04-09","2025-05-09","USD",93.00,60,"3XS:5|2XS:5|XS:10|S:10|M:10|L:10|XL:10"
40307,"2025-04-09 08:39:53.45","#SD0307",50.00,68.00,93.00,120.90,"2025-04-09","143779465","PO",4,,,,"","ALMA","SD0307A0",30076,4002,"2025-04-09","2025-05-09","USD",93.00,60,"3XS:5|2XS:5|XS:10|S:10|M:10|L:10|XL:10"
40308,"2025-04-09 08:39:53.45","#SD0308",50.00,68.00,93.00,120.90,"2025-04-09","143779465","PO",4,,,,"","ALMA","SD0308A1",30077,5002,"2025-04-09","2025-05-09","USD",93.00,60,"3XS:5|2XS:5|XS:10|S:10|M:10|L:10|XL:10"
40309,"2025-04-09 08:39:53.45","#SD0309",50.00,68.00,93.00,120.90,"2025-04-09","143779465","PO",4,,,,"","ALMA","SD0309A1",30078,6002,"2025-04-09","2025-05-09","USD",93.00,60,"3XS:5|2XS:5|XS:10|S:10|M:10|L:10|XL:10"
40310,"2025-04-09 08:39:53.45","#SD0310",50.00,68.00,93.00,120.90,"2025-04-09","143779465","PO",4,,,,"","ALMA","SD0310A0",30079,7002,"2025-04-09","2025-05-09","USD",93.00,60,"3XS:5|2XS:5|XS:10|S:10|M:10|L:10|XL:10"
40311,"2025-04-09 08:39:53.45","#SD0311",50.00,68.00,93.00,120.90,"2025-04-09","143779489","PO",4,,,,"","ALMA","SD0311A1",30082,1002,"2025-04-09","2025-05-09","USD",93.00,60,"3XS:5|2XS:5|XS:10|S:10|M:10|L:10|XL:10"
40312,"2025-04-09 08:39:53.45","#SD0312",50.00,68.00,93.00,120.90,"2025-04-09","143779489","PO",4,,,,"","ALMA","SD0312A0",30083,4002,"2025-04-09","2025-05-09","USD",93.00,60,"3XS:5|2XS:5|XS:10|S:10|M:10|L:10|XL:10"
40313,"2025-04-09 08:39:53.45","#SD0313",50.00,68.00,93.00,120.90,"2025-04-09","143779489","PO",4,,,,"","ALMA","SD0313A1",30084,5002,"2025-04-09","2025-05-09","USD",93.00,60,"3XS:5|2XS:5|XS:10|S:10|M:10|L:10|XL:10"
40314,"2025-04-09 08:39:53.45","#SD0314",50.00,68.00,93.00,120.90,"2025-04-09","143779489","PO",4,,,,"","ALMA","SD0314A0",30085,6002,"2025-04-09","2025-05-09","USD",93.00,60,"3XS:5|2XS:5|XS:10|S:10|M:10|L:10|XL:10"
40315,"2025-04-09 08:39:53.45","#SD0315",50.00,68.00,93.00,120.90,"2025-04-09","143779489","PO",4,,,,"","ALMA","SD0315A1",30086,7002,"2025-04-09","2025-05-09","USD",93.00,60,"3XS:5|2XS:5|XS:10|S:10|M:10|L:10|XL:10"
40316,"2025-04-09 08:39:53.45","#SD0316",50.00,68.00,93.00,120.90,"2025-04-09","143779500","PO",4,,,,"","ALMA","SD0316A1",30087,1002,"2025-04-09","2025-05-09","USD",93.00,60,"3XS:5|2XS:5|XS:10|S:10|M:10|L:10|XL:10"
40317,"2025-04-09 08:39:53.45","#SD0317",50.00,68.00,93.00,120.90,"2025-04-09","143779500","PO",4,,,,"","ALMA","SD0317A0",30088,4002,"2025-04-09","2025-05-09","USD",93.00,60,"3XS:5|2XS:5|XS:10|S:10|M:10|L:10|XL:10"
40318,"2025-04-09 08:39:53.45","#SD0318",50.00,68.00,93.00,120.90,"2025-04-09","143779500","PO",4,,,,"","ALMA","SD0318A1",30089,5002,"2025-04-09","2025-05-09","USD",93.00,60,"3XS:5|2XS:5|XS:10|S:10|M:10|L:10|XL:10"
40319,"2025-04-09 08:39:53.45","#SD0319",50.00,68.00,93.00,120.90,"2025-04-09","143779500","PO",4,,,,"","ALMA","SD0319A0",30090,6002,"2025-04-09","2025-05-09","USD",93.00,60,"3XS:5|2XS:5|XS:10|S:10|M:10|L:10|XL:10"
40320,"2025-04-09 08:39:53.45","#SD0320",50.00,68.00,93.00,120.90,"2025-04-09","143779500","PO",4,,,,"","ALMA","SD0320A1",30013,7002,"2025-04-09","2025-05-09","USD",93.00,60,"3XS:5|2XS:5|XS:10|S:10|M:10|L:10|XL:10"
40321,"2025-04-09 08:39:53.45","#SD0321",50.00,68.00,93.00,120.90,"2025-04-09","143779502","PO",4,,,,"","ALMA","SD0321A0",30022,1002,"2025-04-09","2025-05-09","USD",93.00,60,"3XS:5|2XS:5|XS:10|S:10|M:10|L:10|XL:10"
40322,"2025-04-09 08:39:53.45","#SD0322",50.00,68.00,93.00,120.90,"2025-04-09","143779502","PO",4,,,,"","ALMA","SD0322A1",30025,4002,"2025-04-09","2025-05-09","USD",93.00,60,"3XS:5|2XS:5|XS:10|S:10|M:10|L:10|XL:10"
40323,"2025-04-09 08:39:53.45","#SD0323",50.00,68.00,93.00,120.90,"2025-04-09","143779502","PO",4,,,,"","ALMA","SD0323A1",30026,5002,"2025-04-09","2025-05-09","USD",93.00,60,"3XS:5|2XS:5|XS:10|S:10|M:10|L:10|XL:10"
40324,"2025-04-09 08:39:53.45","#SD0324",50.00,68.00,93.00,120.90,"2025-04-09","143779502","PO",4,,,,"","ALMA","SD0324A0",30027,6002,"2025-04-09","2025-05-09","USD",93.00,60,"3XS:5|2XS:5|XS:10|S:10|M:10|L:10|XL:10"
40325,"2025-04-09 08:39:53.45","#SD0325",50.00,68.00,93.00,120.90,"2025-04-09","143779502","PO",4,,,,"","ALMA","SD0325A1",30029,7002,"2025-04-09","2025-05-09","USD",93.00,60,"3XS:5|2XS:5|XS:10|S:10|M:10|L:10|XL:10"
40326,"2025-04-09 08:39:53.45","#SD0326",50.00,68.00,93.00,120.90,"2025-04-09","143779515","PO",4,,,,"","ALMA","SD0326A0",30045,1002,"2025-04-09","2025-05-09","USD",93.00,60,"3XS:5|2XS:5|XS:10|S:10|M:10|L:10|XL:10"
40327,"2025-04-09 08:39:53.45","#SD0327",50.00,68.00,93.00,120.90,"2025-04-09","143779515","PO",4,,,,"","ALMA","SD0327A1",30047,4002,"2025-04-09","2025-05-09","USD",93.00,60,"3XS:5|2XS:5|XS:10|S:10|M:10|L:10|XL:10"
40328,"2025-04-09 08:39:53.45","#SD0328",50.00,68.00,93.00,120.90,"2025-04-09","143779515","PO",4,,,,"","ALMA","SD0328A0",30065,5002,"2025-04-09","2025-05-09","USD",93.00,60,"3XS:5|2XS:5|XS:10|S:10|M:10|L:10|XL:10"
40329,"2025-04-09 08:39:53.45","#SD0329",50.00,68.00,93.00,120.90,"2025-04-09","143779515","PO",4,,,,"","ALMA","SD0329A1",30069,6002,"2025-04-09","2025-05-09","USD",93.00,60,"3XS:5|2XS:5|XS:10|S:10|M:10|L:10|XL:10"
40330,"2025-04-09 08:39:53.45","#SD0330",50.00,68.00,93.00,120.90,"2025-04-09","143779515","PO",4,,,,"","ALMA","SD0330A1",30070,7002,"2025-04-09","2025-05-09","USD",93.00,60,"3XS:5|2XS:5|XS:10|S:10|M:10|L:10|XL:10"
40331,"2025-04-09 08:39:53.45","#SD0331",50.00,68.00,93.00,120.90,"2025-04-09","143779516","PO",4,,,,"","ALMA","SD0331A0",30071,1002,"2025-04-09","2025-05-09","USD",93.00,60,"3XS:5|2XS:5|XS:10|S:10|M:10|L:10|XL:10"
40332,"2025-04-09 08:39:53.45","#SD0332",50.00,68.00,93.00,120.90,"2025-04-09","143779516","PO",4,,,,"","ALMA","SD0332A1",30072,4002,"2025-04-09","2025-05-09","USD",93.00,60,"3XS:5|2XS:5|XS:10|S:10|M:10|L:10|XL:10"
40333,"2025-04-09 08:39:53.45","#SD0333",50.00,68.00,93.00,120.90,"2025-04-09","143779516","PO",4,,,,"","ALMA","SD0333A0",30073,5002,"2025-04-09","2025-05-09","USD",93.00,60,"3XS:5|2XS:5|XS:10|S:10|M:10|L:10|XL:10"
40334,"2025-04-09 08:39:53.45","#SD0334",50.00,68.00,93.00,120.90,"2025-04-09","143779516","PO",4,,,,"","ALMA","SD0334A1",30074,6002,"2025-04-09","2025-05-09","USD",93.00,60,"3XS:5|2XS:5|XS:10|S:10|M:10|L:10|XL:10"
40335,"2025-04-09 08:39:53.45","#SD0335",50.00,68.00,93.00,120.90,"2025-04-09","143779516","PO",4,,,,"","ALMA","SD0335A0",30075,7002,"2025-04-09","2025-05-09","USD",93.00,60,"3XS:5|2XS:5|XS:10|S:10|M:10|L:10|XL:10"
40336,"2025-04-09 08:39:53.45","#SD0336",50.00,68.00,93.00,120.90,"2025-04-09","143779542","PO",4,,,,"","ALMA","SD0336A1",30076,1002,"2025-04-09","2025-05-09","USD",93.00,60,"3XS:5|2XS:5|XS:10|S:10|M:10|L:10|XL:10"
40337,"2025-04-09 08:39:53.45","#SD0337",50.00,68.00,93.00,120.90,"2025-04-09","143779542","PO",4,,,,"","ALMA","SD0337A1",30077,4002,"2025-04-09","2025-05-09","USD",93.00,60,"3XS:5|2XS:5|XS:10|S:10|M:10|L:10|XL:10"
40338,"2025-04-09 08:39:53.45","#SD0338",50.00,68.00,93.00,120.90,"2025-04-09","143779542","PO",4,,,,"","ALMA","SD0338A0",30078,5002,"2025-04-09","2025-05-09","USD",93.00,60,"3XS:5|2XS:5|XS:10|S:10|M:10|L:10|XL:10"
40339,"2025-04-09 08:39:53.45","#SD0339",50.00,68.00,93.00,120.90,"2025-04-09","143779542","PO",4,,,,"","ALMA","SD0339A1",30079,6002,"2025-04-09","2025-05-09","USD",93.00,60,"3XS:5|2XS:5|XS:10|S:10|M:10|L:10|XL:10"
40340,"2025-04-09 08:39:53.45","#SD0340",50.00,68.00,93.00,120.90,"2025-04-09","143779542","PO",4,,,,"","ALMA","SD0340A0",30082,7002,"2025-04-09","2025-05-09","USD",93.00,60,"3XS:5|2XS:5|XS:10|S:10|M:10|L:10|XL:10"
40341,"2025-04-09 08:39:53.45","#SD0341",50.00,68.00,93.00,120.90,"2025-04-09","143779546","PO",4,,,,"","ALMA","SD0341A1",30083,1002,"2025-04-09","2025-05-09","USD",93.00,60,"3XS:5|2XS:5|XS:10|S:10|M:10|L:10|XL:10"
40342,"2025-04-09 08:39:53.45","#SD0342",50.00,68.00,93.00,120.90,"2025-04-09","143779546","PO",4,,,,"","ALMA","SD0342A0",30084,4002,"2025-04-09","2025-05-09","USD",93.00,60,"3XS:5|2XS:5|XS:10|S:10|M:10|L:10|XL:10"
40343,"2025-04-09 08:39:53.45","#SD0343",50.00,68.00,93.00,120.90,"2025-04-09","143779546","PO",4,,,,"","ALMA","SD0343A1",30085,5002,"2025-04-09","2025-05-09","USD",93.00,60,"3XS:5|2XS:5|XS:10|S:10|M:10|L:10|XL:10"
40344,"2025-04-09 08:39:53.45","#SD0344",50.00,68.00,93.00,120.90,"2025-04-09","143779546","PO",4,,,,"","ALMA","SD0344A1",30086,6002,"2025-04-09","2025-05-09","USD",93.00,60,"3XS:5|2XS:5|XS:10|S:10|M:10|L:10|XL:10"
40345,"2025-04-09 08:39:53.45","#SD0345",50.00,68.00,93.00,120.90,"2025-04-09","143779546","PO",4,,,,"","ALMA","SD0345A0",30087,7002,"2025-04-09","2025-05-09","USD",93.00,60,"3XS:5|2XS:5|XS:10|S:10|M:10|L:10|XL:10"
40346,"2025-04-09 08:39:53.45","#SD0346",50.00,68.00,93.00,120.90,"2025-04-09","143779548","PO",4,,,,"","ALMA","SD0346A1",30088,1002,"2025-04-09","2025-05-09","USD",93.00,60,"3XS:5|2XS:5|XS:10|S:10|M:10|L:10|XL:10"
40347,"2025-04-09 08:39:53.45","#SD0347",50.00,68.00,93.00,120.90,"2025-04-09","143779548","PO",4,,,,"","ALMA","SD0347A0",30089,4002,"2025-04-09","2025-05-09","USD",93.00,60,"3XS:5|2XS:5|XS:10|S:10|M:10|L:10|XL:10"
40348,"2025-04-09 08:39:53.45","#SD0348",50.00,68.00,93.00,120.90,"2025-04-09","143779548","PO",4,,,,"","ALMA","SD0348A1",30090,5002,"2025-04-09","2025-05-09","USD",93.00,60,"3XS:5|2XS:5|XS:10|S:10|M:10|L:10|XL:10"
40349,"2025-04-09 08:39:53.45","#SD0349",50.00,68.00,93.00,120.90,"2025-04-09","143779548","PO",4,,,,"","ALMA","SD0349A0",30013,6002,"2025-04-09","2025-05-09","USD",93.00,60,"3XS:5|2XS:5|XS:10|S:10|M:10|L:10|XL:10"
40350,"2025-04-09 08:39:53.45","#SD0350",50.00,68.00,93.00,120.90,"2025-04-09","143779548","PO",4,,,,"","ALMA","SD0350A1",30022,7002,"2025-04-09","2025-05-09","USD",93.00,60,"3XS:5|2XS:5|XS:10|S:10|M:10|L:10|XL:10"
40351,"2025-04-09 08:39:53.45","#SD0351",50.00,68.00,93.00,120.90,"2025-04-09","143779554","PO",4,,,,"","ALMA","SD0351A1",30025,1002,"2025-04-09","2025-05-09","USD",93.00,60,"3XS:5|2XS:5|XS:10|S:10|M:10|L:10|XL:10"
40352,"2025-04-09 08:39:53.45","#SD0352",50.00,68.00,93.00,120.90,"2025-04-09","143779554","PO",4,,,,"","ALMA","SD0352A0",30026,4002,"2025-04-09","2025-05-09","USD",93.00,60,"3XS:5|2XS:5|XS:10|S:10|M:10|L:10|XL:10"
40353,"2025-04-09 08:39:53.45","#SD0353",50.00,68.00,93.00,120.90,"2025-04-09","143779554","PO",4,,,,"","ALMA","SD0353A1",30027,5002,"2025-04-09","2025-05-09","USD",93.00,60,"3XS:5|2XS:5|XS:10|S:10|M:10|L:10|XL:10"
40354,"2025-04-09 08:39:53.45","#SD0354",50.00,68.00,93.00,120.90,"2025-04-09","143779554","PO",4,,,,"","ALMA","SD0354A0",30029,6002,"2025-04-09","2025-05-09","USD",93.00,60,"3XS:5|2XS:5|XS:10|S:10|M:10|L:10|XL:10"
40355,"2025-04-09 08:39:53.45","#SD0355",50.00,68.00,93.00,120.90,"2025-04-09","143779554","PO",4,,,,"","ALMA","SD0355A1",30045,7002,"2025-04-09","2025-05-09","USD",93.00,60,"3XS:5|2XS:5|XS:10|S:10|M:10|L:10|XL:10"
40356,"2025-04-09 08:39:53.45","#SD0356",50.00,68.00,93.00,120.90,"2025-04-09","143779563","PO",4,,,,"","ALMA","SD0356A0",30047,1002,"2025-04-09","2025-05-09","USD",93.00,60,"3XS:5|2XS:5|XS:10|S:10|M:10|L:10|XL:10"
40357,"2025-04-09 08:39:53.45","#SD0357",50.00,68.00,93.00,120.90,"2025-04-09","143779563","PO",4,,,,"","ALMA","SD0357A1",30065,4002,"2025-04-09","2025-05-09","USD",93.00,60,"3XS:5|2XS:5|XS:10|S:10|M:10|L:10|XL:10"
40358,"2025-04-09 08:39:53.45","#SD0358",50.00,68.00,93.00,120.90,"2025-04-09","143779563","PO",4,,,,"","ALMA","SD0358A1",30069,5002,"2025-04-09","2025-05-09","USD",93.00,60,"3XS:5|2XS:5|XS:10|S:10|M:10|L:10|XL:10"
40359,"2025-04-09 08:39:53.45","#SD0359",50.00,68.00,93.00,120.90,"2025-04-09","143779563","PO",4,,,,"","ALMA","SD0359A0",30070,6002,"2025-04-09","2025-05-09","USD",93.00,60,"3XS:5|2XS:5|XS:10|S:10|M:10|L:10|XL:10"
40360,"2025-04-09 08:39:53.45","#SD0360",50.00,68.00,93.00,120.90,"2025-04-09","143779563","PO",4,,,,"","ALMA","SD0360A1",30071,7002,"2025-04-09","2025-05-09","USD",93.00,60,"3XS:5|2XS:5|XS:10|S:10|M:10|L:10|XL:10"
40361,"2025-04-09 08:39:53.45","#SD0361",50.00,68.00,93.00,120.90,"2025-04-09","143779568","PO",4,,,,"","ALMA","SD0361A0",30072,1002,"2025-04-09","2025-05-09","USD",93.00,60,"3XS:5|2XS:5|XS:10|S:10|M:10|L:10|XL:10"
40362,"2025-04-09 08:39:53.45","#SD0362",50.00,68.00,93.00,120.90,"2025-04-09","143779568","PO",4,,,,"","ALMA","SD0362A1",30073,4002,"2025-04-09","2025-05-09","USD",93.00,60,"3XS:5|2XS:5|XS:10|S:10|M:10|L:10|XL:10"
40363,"2025-04-09 08:39:53.45","#SD0363",50.00,68.00,93.00,120.90,"2025-04-09","143779568","PO",4,,,,"","ALMA","SD0363A0",30074,5002,"2025-04-09","2025-05-09","USD",93.00,60,"3XS:5|2XS:5|XS:10|S:10|M:10|L:10|XL:10"
40364,"2025-04-09 08:39:53.45","#SD0364",50.00,68.00,93.00,120.90,"2025-04-09","143779568","PO",4,,,,"","ALMA","SD0364A1",30075,6002,"2025-04-09","2025-05-09","USD",93.00,60,"3XS:5|2XS:5|XS:10|S:10|M:10|L:10|XL:10"
40365,"2025-04-09 08:39:53.45","#SD0365",50.00,68.00,93.00,120.90,"2025-04-09","143779568","PO",4,,,,"","ALMA","SD0365A1",30076,7002,"2025-04-09","2025-05-09","USD",93.00,60,"3XS:5|2XS:5|XS:10|S:10|M:10|L:10|XL:10"
40366,"2025-04-09 08:39:53.45","#SD0366",50.00,68.00,93.00,120.90,"2025-04-09","143779573","PO",4,,,,"","ALMA","SD0366A0",30077,1002,"2025-04-09","2025-05-09","USD",93.00,60,"3XS:5|2XS:5|XS:10|S:10|M:10|L:10|XL:10"
40367,"2025-04-09 08:39:53.45","#SD0367",50.00,68.00,93.00,120.90,"2025-04-09","143779573","PO",4,,,,"","ALMA","SD0367A1",30078,4002,"2025-04-09","2025-05-09","USD",93.00,60,"3XS:5|2XS:5|XS:10|S:10|M:10|L:10|XL:10"
40368,"2025-04-09 08:39:53.45","#SD0368",50.00,68.00,93.00,120.90,"2025-04-09","143779573","PO",4,,,,"","ALMA","SD0368A0",30079,5002,"2025-04-09","2025-05-09","USD",93.00,60,"3XS:5|2XS:5|XS:10|S:10|M:10|L:10|XL:10"
40369,"2025-04-09 08:39:53.45","#SD0369",50.00,68.00,93.00,120.90,"2025-04-09","143779573","PO",4,,,,"","ALMA","SD0369A1",30082,6002,"2025-04-09","2025-05-09","USD",93.00,60,"3XS:5|2XS:5|XS:10|S:10|M:10|L:10|XL:10"
40370,"2025-04-09 08:39:53.45","#SD0370",50.00,68.00,93.00,120.90,"2025-04-09","143779573","PO",4,,,,"","ALMA","SD0370A0",30083,7002,"2025-04-09","2025-05-09","USD",93.00,60,"3XS:5|2XS:5|XS:10|S:10|M:10|L:10|XL:10"
40371,"2025-04-09 08:39:53.45","#SD0371",50.00,68.00,93.00,120.90,"2025-04-09","143779574","PO",4,,,,"","ALMA","SD0371A1",30084,1002,"2025-04-09","2025-05-09","USD",93.00,60,"3XS:5|2XS:5|XS:10|S:10|M:10|L:10|XL:10"
40372,"2025-04-09 08:39:53.45","#SD0372",50.00,68.00,93.00,120.90,"2025-04-09","143779574","PO",4,,,,"","ALMA","SD0372A1",30085,4002,"2025-04-09","2025-05-09","USD",93.00,60,"3XS:5|2XS:5|XS:10|S:10|M:10|L:10|XL:10"
40373,"2025-04-09 08:39:53.45","#SD0373",50.00,68.00,93.00,120.90,"2025-04-09","143779574","PO",4,,,,"","ALMA","SD0373A0",30086,5002,"2025-04-09","2025-05-09","USD",93.00,60,"3XS:5|2XS:5|XS:10|S:10|M:10|L:10|XL:10"
40374,"2025-04-09 08:39:53.45","#SD0374",50.00,68.00,93.00,120.90,"2025-04-09","143779574","PO",4,,,,"","ALMA","SD0374A1",30087,6002,"2025-04-09","2025-05-09","USD",93.00,60,"3XS:5|2XS:5|XS:10|S:10|M:10|L:10|XL:10"
40375,"2025-04-09 08:39:53.45","#SD0375",50.00,68.00,93.00,120.90,"2025-04-09","143779574","PO",4,,,,"","ALMA","SD0375A0",30088,7002,"2025-04-09","2025-05-09","USD",93.00,60,"3XS:5|2XS:5|XS:10|S:10|M:10|L:10|XL:10"
40376,"2025-04-09 08:39:53.45","#SD0376",50.00,68.00,93.00,120.90,"2025-04-09","143779576","PO",4,,,,"","ALMA","SD0376A1",30089,1002,"2025-04-09","2025-05-09","USD",93.00,60,"3XS:5|2XS:5|XS:10|S:10|M:10|L:10|XL:10"
40377,"2025-04-09 08:39:53.45","#SD0377",50.00,68.00,93.00,120.90,"2025-04-09","143779576","PO",4,,,,"","ALMA","SD0377A0",30090,4002,"2025-04-09","2025-05-09","USD",93.00,60,"3XS:5|2XS:5|XS:10|S:10|M:10|L:10|XL:10"
40378,"2025-04-09 08:39:53.45","#SD0378",50.00,68.00,93.00,120.90,"2025-04-09","143779576","PO",4,,,,"","ALMA","SD0378A1",30013,5002,"2025-04-09","2025-05-09","USD",93.00,60,"3XS:5|2XS:5|XS:10|S:10|M:10|L:10|XL:10"
40379,"2025-04-09 08:39:53.45","#SD0379",50.00,68.00,93.00,120.90,"2025-04-09","143779576","PO",4,,,,"","ALMA","SD0379A1",30022,6002,"2025-04-09","2025-05-09","USD",93.00,60,"3XS:5|2XS:5|XS:10|S:10|M:10|L:10|XL:10"
40380,"2025-04-09 08:39:53.45","#SD0380",50.00,68.00,93.00,120.90,"2025-04-09","143779576","PO",4,,,,"","ALMA","SD0380A0",30025,7002,"2025-04-09","2025-05-09","USD",93.00,60,"3XS:5|2XS:5|XS:10|S:10|M:10|L:10|XL:10"
40381,"2025-04-09 08:39:53.45","#SD0381",50.00,68.00,93.00,120.90,"2025-04-09","143779587","PO",4,,,,"","ALMA","SD0381A1",30026,1002,"2025-04-09","2025-05-09","USD",93.00,60,"3XS:5|2XS:5|XS:10|S:10|M:10|L:10|XL:10"
40382,"2025-04-09 08:39:53.45","#SD0382",50.00,68.00,93.00,120.90,"2025-04-09","143779587","PO",4,,,,"","ALMA","SD0382A0",30027,4002,"2025-04-09","2025-05-09","USD",93.00,60,"3XS:5|2XS:5|XS:10|S:10|M:10|L:10|XL:10"
40383,"2025-04-09 08:39:53.45","#SD0383",50.00,68.00,93.00,120.90,"2025-04-09","143779587","PO",4,,,,"","ALMA","SD0383A1",30029,5002,"2025-04-09","2025-05-09","USD",93.00,60,"3XS:5|2XS:5|XS:10|S:10|M:10|L:10|XL:10"
40384,"2025-04-09 08:39:53.45","#SD0384",50.00,68.00,93.00,120.90,"2025-04-09","143779587","PO",4,,,,"","ALMA","SD0384A0",30045,6002,"2025-04-09","2025-05-09","USD",93.00,60,"3XS:5|2XS:5|XS:10|S:10|M:10|L:10|XL:10"
40385,"2025-04-09 08:39:53.45","#SD0385",50.00,68.00,93.00,120.90,"2025-04-09","143779587","PO",4,,,,"","ALMA","SD0385A1",30047,7002,"2025-04-09","2025-05-09","USD",93.00,60,"3XS:5|2XS:5|XS:10|S:10|M:10|L:10|XL:10"
40386,"2025-04-09 08:39:53.45","#SD0386",50.00,68.00,93.00,120.90,"2025-04-09","143779596","PO",4,,,,"","ALMA","SD0386A1",30065,1002,"2025-04-09","2025-05-09","USD",93.00,60,"3XS:5|2XS:5|XS:10|S:10|M:10|L:10|XL:10"
40387,"2025-04-09 08:39:53.45","#SD0387",50.00,68.00,93.00,120.90,"2025-04-09","143779596","PO",4,,,,"","ALMA","SD0387A0",30069,4002,"2025-04-09","2025-05-09","USD",93.00,60,"3XS:5|2XS:5|XS:10|S:10|M:10|L:10|XL:10"
40388,"2025-04-09 08:39:53.45","#SD0388",50.00,68.00,93.00,120.90,"2025-04-09","143779596","PO",4,,,,"","ALMA","SD0388A1",30070,5002,"2025-04-09","2025-05-09","USD",93.00,60,"3XS:5|2XS:5|XS:10|S:10|M:10|L:10|XL:10"
40389,"2025-04-09 08:39:53.45","#SD0389",50.00,68.00,93.00,120.90,"2025-04-09","143779596","PO",4,,,,"","ALMA","SD0389A0",30071,6002,"2025-04-09","2025-05-09","USD",93.00,60,"3XS:5|2XS:5|XS:10|S:10|M:10|L:10|XL:10"
40390,"2025-04-09 08:39:53.45","#SD0390",50.00,68.00,93.00,120.90,"2025-04-09","143779596","PO",4,,,,"","ALMA","SD0390A1",30072,7002,"2025-04-09","2025-05-09","USD",93.00,60,"3XS:5|2XS:5|XS:10|S:10|M:10|L:10|XL:10"
40391,"2025-04-09 08:39:53.45","#SD0391",50.00,68.00,93.00,120.90,"2025-04-09","143779599","PO",4,,,,"","ALMA","SD0391A0",30073,1002,"2025-04-09","2025-05-09","USD",93.00,60,"3XS:5|2XS:5|XS:10|S:10|M:10|L:10|XL:10"
40392,"2025-04-09 08:39:53.45","#SD0392",50.00,68.00,93.00,120.90,"2025-04-09","143779599","PO",4,,,,"","ALMA","SD0392A1",30074,4002,"2025-04-09","2025-05-09","USD",93.00,60,"3XS:5|2XS:5|XS:10|S:10|M:10|L:10|XL:10"
40393,"2025-04-09 08:39:53.45","#SD0393",50.00,68.00,93.00,120.90,"2025-04-09","143779599","PO",4,,,,"","ALMA","SD0393A1",30075,5002,"2025-04-09","2025-05-09","USD",93.00,60,"3XS:5|2XS:5|XS:10|S:10|M:10|L:10|XL:10"
40394,"2025-04-09 08:39:53.45","#SD0394",50.00,68.00,93.00,120.90,"2025-04-09","143779599","PO",4,,,,"","ALMA","SD0394A0",30076,6002,"2025-04-09","2025-05-09","USD",93.00,60,"3XS:5|2XS:5|XS:10|S:10|M:10|L:10|XL:10"
40395,"2025-04-09 08:39:53.45","#SD0395",50.00,68.00,93.00,120.90,"2025-04-09","143779599","PO",4,,,,"","ALMA","SD0395A1",30077,7002,"2025-04-09","2025-05-09","USD",93.00,60,"3XS:5|2XS:5|XS:10|S:10|M:10|L:10|XL:10"
40396,"2025-04-09 08:39:53.45","#SD0396",50.00,68.00,93.00,120.90,"2025-04-09","143779601","PO",4,,,,"","ALMA","SD0396A0",30078,1002,"2025-04-09","2025-05-09","USD",93.00,60,"3XS:5|2XS:5|XS:10|S:10|M:10|L:10|XL:10"
40397,"2025-04-09 08:39:53.45","#SD0397",50.00,68.00,93.00,120.90,"2025-04-09","143779601","PO",4,,,,"","ALMA","SD0397A1",30079,4002,"2025-04-09","2025-05-09","USD",93.00,60,"3XS:5|2XS:5|XS:10|S:10|M:10|L:10|XL:10"
40398,"2025-04-09 08:39:53.45","#SD0398",50.00,68.00,93.00,120.90,"2025-04-09","143779601","PO",4,,,,"","ALMA","SD0398A0",30082,5002,"2025-04-09","2025-05-09","USD",93.00,60,"3XS:5|2XS:5|XS:10|S:10|M:10|L:10|XL:10"
40399,"2025-04-09 08:39:53.45","#SD0399",50.00,68.00,93.00,120.90,"2025-04-09","143779601","PO",4,,,,"","ALMA","SD0399A1",30083,6002,"2025-04-09","2025-05-09","USD",93.00,60,"3XS:5|2XS:5|XS:10|S:10|M:10|L:10|XL:10"
40400,"2025-04-09 08:39:53.45","#SD0400",50.00,68.00,93.00,120.90,"2025-04-09","143779601","PO",4,,,,"","ALMA","SD0400A1",30084,7002,"2025-04-09","2025-05-09","USD",93.00,60,"3XS:5|2XS:5|XS:10|S:10|M:10|L:10|XL:10"
40401,"2025-04-09 08:39:53.45","#SD0401",50.00,68.00,93.00,120.90,"2025-04-09","143779607","PO",4,,,,"","ALMA","SD0401A0",30085,1002,"2025-04-09","2025-05-09","USD",93.00,60,"3XS:5|2XS:5|XS:10|S:10|M:10|L:10|XL:10"
40402,"2025-04-09 08:39:53.45","#SD0402",50.00,68.00,93.00,120.90,"2025-04-09","143779607","PO",4,,,,"","ALMA","SD0402A1",30086,4002,"2025-04-09","2025-05-09","USD",93.00,60,"3XS:5|2XS:5|XS:10|S:10|M:10|L:10|XL:10"
40403,"2025-04-09 08:39:53.45","#SD0403",50.00,68.00,93.00,120.90,"2025-04-09","143779607","PO",4,,,,"","ALMA","SD0403A0",30087,5002,"2025-04-09","2025-05-09","USD",93.00,60,"3XS:5|2XS:5|XS:10|S:10|M:10|L:10|XL:10"
40404,"2025-04-09 08:39:53.45","#SD0404",50.00,68.00,93.00,120.90,"2025-04-09","143779607","PO",4,,,,"","ALMA","SD0404A1",30088,6002,"2025-04-09","2025-05-09","USD",93.00,60,"3XS:5|2XS:5|XS:10|S:10|M:10|L:10|XL:10"
40405,"2025-04-09 08:39:53.45","#SD0405",50.00,68.00,93.00,120.90,"2025-04-09","143779607","PO",4,,,,"","ALMA","SD0405A0",30089,7002,"2025-04-09","2025-05-09","USD",93.00,60,"3XS:5|2XS:5|XS:10|S:10|M:10|L:10|XL:10"
40406,"2025-04-09 08:39:53.45","#SD0406",50.00,68.00,93.00,120.90,"2025-04-09","143779618","PO",4,,,,"","ALMA","SD0406A1",30090,1002,"2025-04-09","2025-05-09","USD",93.00,60,"3XS:5|2XS:5|XS:10|S:10|M:10|L:10|XL:10"
40407,"2025-04-09 08:39:53.45","#SD0407",50.00,68.00,93.00,120.90,"2025-04-09","143779618","PO",4,,,,"","ALMA","SD0407A1",30013,4002,"2025-04-09","2025-05-09","USD",93.00,60,"3XS:5|2XS:5|XS:10|S:10|M:10|L:10|XL:10"
40408,"2025-04-09 08:39:53.45","#SD0408",50.00,68.00,93.00,120.90,"2025-04-09","143779618","PO",4,,,,"","ALMA","SD0408A0",30022,5002,"2025-04-09","2025-05-09","USD",93.00,60,"3XS:5|2XS:5|XS:10|S:10|M:10|L:10|XL:10"
40409,"2025-04-09 08:39:53.45","#SD0409",50.00,68.00,93.00,120.90,"2025-04-09","143779618","PO",4,,,,"","ALMA","SD0409A1",30025,6002,"2025-04-09","2025-05-09","USD",93.00,60,"3XS:5|2XS:5|XS:10|S:10|M:10|L:10|XL:10"
40410,"2025-04-09 08:39:53.45","#SD0410",50.00,68.00,93.00,120.90,"2025-04-09","143779618","PO",4,,,,"","ALMA","SD0410A0",30026,7002,"2025-04-09","2025-05-09","USD",93.00,60,"3XS:5|2XS:5|XS:10|S:10|M:10|L:10|XL:10"
40411,"2025-04-09 08:39:53.45","#SD0411",50.00,68.00,93.00,120.90,"2025-04-09","143779621","PO",4,,,,"","ALMA","SD0411A1",30027,1002,"2025-04-09","2025-05-09","USD",93.00,60,"3XS:5|2XS:5|XS:10|S:10|M:10|L:10|XL:10"
40412,"2025-04-09 08:39:53.45","#SD0412",50.00,68.00,93.00,120.90,"2025-04-09","143779621","PO",4,,,,"","ALMA","SD0412A0",30029,4002,"2025-04-09","2025-05-09","USD",93.00,60,"3XS:5|2XS:5|XS:10|S:10|M:10|L:10|XL:10"
40413,"2025-04-09 08:39:53.45","#SD0413",50.00,68.00,93.00,120.90,"2025-04-09","143779621","PO",4,,,,"","ALMA","SD0413A1",30045,5002,"2025-04-09","2025-05-09","USD",93.00,60,"3XS:5|2XS:5|XS:10|S:10|M:10|L:10|XL:10"
40414,"2025-04-09 08:39:53.45","#SD0414",50.00,68.00,93.00,120.90,"2025-04-09","143779621","PO",4,,,,"","ALMA","SD0414A1",30047,6002,"2025-04-09","2025-05-09","USD",93.00,60,"3XS:5|2XS:5|XS:10|S:10|M:10|L:10|XL:10"
40415,"2025-04-09 08:39:53.45","#SD0415",50.00,68.00,93.00,120.90,"2025-04-09","143779621","PO",4,,,,"","ALMA","SD0415A0",30065,7002,"2025-04-09","2025-05-09","USD",93.00,60,"3XS:5|2XS:5|XS:10|S:10|M:10|L:10|XL:10"
40416,"2025-04-09 08:39:53.45","#SD0416",50.00,68.00,93.00,120.90,"2025-04-09","143779629","PO",4,,,,"","ALMA","SD0416A1",30069,1002,"2025-04-09","2025-05-09","USD",93.00,60,"3XS:5|2XS:5|XS:10|S:10|M:10|L:10|XL:10"
40417,"2025-04-09 08:39:53.45","#SD0417",50.00,68.00,93.00,120.90,"2025-04-09","143779629","PO",4,,,,"","ALMA","SD0417A0",30070,4002,"2025-04-09","2025-05-09","USD",93.00,60,"3XS:5|2XS:5|XS:10|S:10|M:10|L:10|XL:10"
40418,"2025-04-09 08:39:53.45","#SD0418",50.00,68.00,93.00,120.90,"2025-04-09","143779629","PO",4,,,,"","ALMA","SD0418A1",30071,5002,"2025-04-09","2025-05-09","USD",93.00,60,"3XS:5|2XS:5|XS:10|S:10|M:10|L:10|XL:10"
40419,"2025-04-09 08:39:53.45","#SD0419",50.00,68.00,93.00,120.90,"2025-04-09","143779629","PO",4,,,,"","ALMA","SD0419A0",30072,6002,"2025-04-09","2025-05-09","USD",93.00,60,"3XS:5|2XS:5|XS:10|S:10|M:10|L:10|XL:10"
40420,"2025-04-09 08:39:53.45","#SD0420",50.00,68.00,93.00,120.90,"2025-04-09","143779629","PO",4,,,,"","ALMA","SD0420A1",30073,7002,"2025-04-09","2025-05-09","USD",93.00,60,"3XS:5|2XS:5|XS:10|S:10|M:10|L:10|XL:10"
40421,"2025-04-09 08:39:53.45","#SD0421",50.00,68.00,93.00,120.90,"2025-04-09","143779633","PO",4,,,,"","ALMA","SD0421A1",30074,1002,"2025-04-09","2025-05-09","USD",93.00,60,"3XS:5|2XS:5|XS:10|S:10|M:10|L:10|XL:10"
40422,"2025-04-09 08:39:53.45","#SD0422",50.00,68.00,93.00,120.90,"2025-04-09","143779633","PO",4,,,,"","ALMA","SD0422A0",30075,4002,"2025-04-09","2025-05-09","USD",93.00,60,"3XS:5|2XS:5|XS:10|S:10|M:10|L:10|XL:10"
40423,"2025-04-09 08:39:53.45","#SD0423",50.00,68.00,93.00,120.90,"2025-04-09","143779633","PO",4,,,,"","ALMA","SD0423A1",30076,5002,"2025-04-09","2025-05-09","USD",93.00,60,"3XS:5|2XS:5|XS:10|S:10|M:10|L:10|XL:10"
40424,"2025-04-09 08:39:53.45","#SD0424",50.00,68.00,93.00,120.90,"2025-04-09","143779633","PO",4,,,,"","ALMA","SD0424A0",30077,6002,"2025-04-09","2025-05-09","USD",93.00,60,"3XS:5|2XS:5|XS:10|S:10|M:10|L:10|XL:10"
40425,"2025-04-09 08:39:53.45","#SD0425",50.00,68.00,93.00,120.90,"2025-04-09","143779633","PO",4,,,,"","ALMA","SD0425A1",30078,7002,"2025-04-09","2025-05-09","USD",93.00,60,"3XS:5|2XS:5|XS:10|S:10|M:10|L:10|XL:10"
40426,"2025-04-09 08:39:53.45","#SD0426",50.00,68.00,93.00,120.90,"2025-04-09","143779645","PO",4,,,,"","ALMA","SD0426A0",30079,1002,"2025-04-09","2025-05-09","USD",93.00,60,"3XS:5|2XS:5|XS:10|S:10|M:10|L:10|XL:10"
40427,"2025-04-09 08:39:53.45","#SD0427",50.00,68.00,93.00,120.90,"2025-04-09","143779645","PO",4,,,,"","ALMA","SD0427A1",30082,4002,"2025-04-09","2025-05-09","USD",93.00,60,"3XS:5|2XS:5|XS:10|S:10|M:10|L:10|XL:10"
40428,"2025-04-09 08:39:53.45","#SD0428",50.00,68.00,93.00,120.90,"2025-04-09","143779645","PO",4,,,,"","ALMA","SD0428A1",30083,5002,"2025-04-09","2025-05-09","USD",93.00,60,"3XS:5|2XS:5|XS:10|S:10|M:10|L:10|XL:10"
40429,"2025-04-09 08:39:53.45","#SD0429",50.00,68.00,93.00,120.90,"2025-04-09","143779645","PO",4,,,,"","ALMA","SD0429A0",30084,6002,"2025-04-09","2025-05-09","USD",93.00,60,"3XS:5|2XS:5|XS:10|S:10|M:10|L:10|XL:10"
40430,"2025-04-09 08:39:53.45","#SD0430",50.00,68.00,93.00,120.90,"2025-04-09","143779645","PO",4,,,,"","ALMA","SD0430A1",30085,7002,"2025-04-09","2025-05-09","USD",93.00,60,"3XS:5|2XS:5|XS:10|S:10|M:10|L:10|XL:10"
40431,"2025-04-09 08:39:53.45","#SD0431",50.00,68.00,93.00,120.90,"2025-04-09","143779651","PO",4,,,,"","ALMA","SD0431A0",30086,1002,"2025-04-09","2025-05-09","USD",93.00,60,"3XS:5|2XS:5|XS:10|S:10|M:10|L:10|XL:10"
40432,"2025-04-09 08:39:53.45","#SD0432",50.00,68.00,93.00,120.90,"2025-04-09","143779651","PO",4,,,,"","ALMA","SD0432A1",30087,4002,"2025-04-09","2025-05-09","USD",93.00,60,"3XS:5|2XS:5|XS:10|S:10|M:10|L:10|XL:10"
40433,"2025-04-09 08:39:53.45","#SD0433",50.00,68.00,93.00,120.90,"2025-04-09","143779651","PO",4,,,,"","ALMA","SD0433A0",30088,5002,"2025-04-09","2025-05-09","USD",93.00,60,"3XS:5|2XS:5|XS:10|S:10|M:10|L:10|XL:10"
40434,"2025-04-09 08:39:53.45","#SD0434",50.00,68.00,93.00,120.90,"2025-04-09","143779651","PO",4,,,,"","ALMA","SD0434A1",30089,6002,"2025-04-09","2025-05-09","USD",93.00,60,"3XS:5|2XS:5|XS:10|S:10|M:10|L:10|XL:10"
40435,"2025-04-09 08:39:53.45","#SD0435",50.00,68.00,93.00,120.90,"2025-04-09","143779651","PO",4,,,,"","ALMA","SD0435A1",30090,7002,"2025-04-09","2025-05-09","USD",93.00,60,"3XS:5|2XS:5|XS:10|S:10|M:10|L:10|XL:10"
40436,"2025-04-09 08:39:53.45","#SD0436",50.00,68.00,93.00,120.90,"2025-04-09","143779671","PO",4,,,,"","ALMA","SD0436A0",30013,1002,"2025-04-09","2025-05-09","USD",93.00,60,"3XS:5|2XS:5|XS:10|S:10|M:10|L:10|XL:10"
40437,"2025-04-09 08:39:53.45","#SD0437",50.00,68.00,93.00,120.90,"2025-04-09","143779671","PO",4,,,,"","ALMA","SD0437A1",30022,4002,"2025-04-09","2025-05-09","USD",93.00,60,"3XS:5|2XS:5|XS:10|S:10|M:10|L:10|XL:10"
40438,"2025-04-09 08:39:53.45","#SD0438",50.00,68.00,93.00,120.90,"2025-04-09","143779671","PO",4,,,,"","ALMA","SD0438A0",30025,5002,"2025-04-09","2025-05-09","USD",93.00,60,"3XS:5|2XS:5|XS:10|S:10|M:10|L:10|XL:10"
40439,"2025-04-09 08:39:53.45","#SD0439",50.00,68.00,93.00,120.90,"2025-04-09","143779671","PO",4,,,,"","ALMA","SD0439A1",30026,6002,"2025-04-09","2025-05-09","USD",93.00,60,"3XS:5|2XS:5|XS:10|S:10|M:10|L:10|XL:10"
40440,"2025-04-09 08:39:53.45","#SD0440",50.00,68.00,93.00,120.90,"2025-04-09","143779671","PO",4,,,,"","ALMA","SD0440A0",30027,7002,"2025-04-09","2025-05-09","USD",93.00,60,"3XS:5|2XS:5|XS:10|S:10|M:10|L:10|XL:10"
40441,"2025-04-09 08:39:53.45","#SD0441",50.00,68.00,93.00,120.90,"2025-04-09","143779687","PO",4,,,,"","ALMA","SD0441A1",30029,1002,"2025-04-09","2025-05-09","USD",93.00,60,"3XS:5|2XS:5|XS:10|S:10|M:10|L:10|XL:10"
40442,"2025-04-09 08:39:53.45","#SD0442",50.00,68.00,93.00,120.90,"2025-04-09","143779687","PO",4,,,,"","ALMA","SD0442A1",30045,4002,"2025-04-09","2025-05-09","USD",93.00,60,"3XS:5|2XS:5|XS:10|S:10|M:10|L:10|XL:10"
40443,"2025-04-09 08:39:53.45","#SD0443",50.00,68.00,93.00,120.90,"2025-04-09","143779687","PO",4,,,,"","ALMA","SD0443A0",30047,5002,"2025-04-09","2025-05-09","USD",93.00,60,"3XS:5|2XS:5|XS:10|S:10|M:10|L:10|XL:10"
40444,"2025-04-09 08:39:53.45","#SD0444",50.00,68.00,93.00,120.90,"2025-04-09","143779687","PO",4,,,,"","ALMA","SD0444A1",30065,6002,"2025-04-09","2025-05-09","USD",93.00,60,"3XS:5|2XS:5|XS:10|S:10|M:10|L:10|XL:10"
40445,"2025-04-09 08:39:53.45","#SD0445",50.00,68.00,93.00,120.90,"2025-04-09","143779687","PO",4,,,,"","ALMA","SD0445A0",30069,7002,"2025-04-09","2025-05-09","USD",93.00,60,"3XS:5|2XS:5|XS:10|S:10|M:10|L:10|XL:10"
40446,"2025-04-09 08:39:53.45","#SD0446",50.00,68.00,93.00,120.90,"2025-04-09","143779712","PO",4,,,,"","ALMA","SD0446A1",30070,1002,"2025-04-09","2025-05-09","USD",93.00,60,"3XS:5|2XS:5|XS:10|S:10|M:10|L:10|XL:10"
40447,"2025-04-09 08:39:53.45","#SD0447",50.00,68.00,93.00,120.90,"2025-04-09","143779712","PO",4,,,,"","ALMA","SD0447A0",30071,4002,"2025-04-09","2025-05-09","USD",93.00,60,"3XS:5|2XS:5|XS:10|S:10|M:10|L:10|XL:10"
40448,"2025-04-09 08:39:53.45","#SD0448",50.00,68.00,93.00,120.90,"2025-04-09","143779712","PO",4,,,,"","ALMA","SD0448A1",30072,5002,"2025-04-09","2025-05-09","USD",93.00,60,"3XS:5|2XS:5|XS:10|S:10|M:10|L:10|XL:10"
40449,"2025-04-09 08:39:53.45","#SD0449",50.00,68.00,93.00,120.90,"2025-04-09","143779712","PO",4,,,,"","ALMA","SD0449A1",30073,6002,"2025-04-09","2025-05-09","USD",93.00,60,"3XS:5|2XS:5|XS:10|S:10|M:10|L:10|XL:10"
40450,"2025-04-09 08:39:53.45","#SD0450",50.00,68.00,93.00,120.90,"2025-04-09","143779712","PO",4,,,,"","ALMA","SD0450A0",30074,7002,"2025-04-09","2025-05-09","USD",93.00,60,"3XS:5|2XS:5|XS:10|S:10|M:10|L:10|XL:10"
40451,"2025-04-09 08:39:53.45","#SD0451",50.00,68.00,93.00,120.90,"2025-04-09","143779716","PO",4,,,,"","ALMA","SD0451A1",30075,1002,"2025-04-09","2025-05-09","USD",93.00,60,"3XS:5|2XS:5|XS:10|S:10|M:10|L:10|XL:10"
40452,"2025-04-09 08:39:53.45","#SD0452",50.00,68.00,93.00,120.90,"2025-04-09","143779716","PO",4,,,,"","ALMA","SD0452A0",30076,4002,"2025-04-09","2025-05-09","USD",93.00,60,"3XS:5|2XS:5|XS:10|S:10|M:10|L:10|XL:10"
40453,"2025-04-09 08:39:53.45","#SD0453",50.00,68.00,93.00,120.90,"2025-04-09","143779716","PO",4,,,,"","ALMA","SD0453A1",30077,5002,"2025-04-09","2025-05-09","USD",93.00,60,"3XS:5|2XS:5|XS:10|S:10|M:10|L:10|XL:10"
40454,"2025-04-09 08:39:53.45","#SD0454",50.00,68.00,93.00,120.90,"2025-04-09","143779716","PO",4,,,,"","ALMA","SD0454A0",30078,6002,"2025-04-09","2025-05-09","USD",93.00,60,"3XS:5|2XS:5|XS:10|S:10|M:10|L:10|XL:10"
40455,"2025-04-09 08:39:53.45","#SD0455",50.00,68.00,93.00,120.90,"2025-04-09","143779716","PO",4,,,,"","ALMA","SD0455A1",30079,7002,"2025-04-09","2025-05-09","USD",93.00,60,"3XS:5|2XS:5|XS:10|S:10|M:10|L:10|XL:10"
40456,"2025-04-09 08:39:53.45","#SD0456",50.00,68.00,93.00,120.90,"2025-04-09","143779724","PO",4,,,,"","ALMA","SD0456A1",30082,1002,"2025-04-09","2025-05-09","USD",93.00,60,"3XS:5|2XS:5|XS:10|S:10|M:10|L:10|XL:10"
40457,"2025-04-09 08:39:53.45","#SD0457",50.00,68.00,93.00,120.90,"2025-04-09","143779724","PO",4,,,,"","ALMA","SD0457A0",30083,4002,"2025-04-09","2025-05-09","USD",93.00,60,"3XS:5|2XS:5|XS:10|S:10|M:10|L:10|XL:10"
40458,"2025-04-09 08:39:53.45","#SD0458",50.00,68.00,93.00,120.90,"2025-04-09","143779724","PO",4,,,,"","ALMA","SD0458A1",30084,5002,"2025-04-09","2025-05-09","USD",93.00,60,"3XS:5|2XS:5|XS:10|S:10|M:10|L:10|XL:10"
40459,"2025-04-09 08:39:53.45","#SD0459",50.00,68.00,93.00,120.90,"2025-04-09","143779724","PO",4,,,,"","ALMA","SD0459A0",30085,6002,"2025-04-09","2025-05-09","USD",93.00,60,"3XS:5|2XS:5|XS:10|S:10|M:10|L:10|XL:10"
40460,"2025-04-09 08:39:53.45","#SD0460",50.00,68.00,93.00,120.90,"2025-04-09","143779724","PO",4,,,,"","ALMA","SD0460A1",30086,7002,"2025-04-09","2025-05-09","USD",93.00,60,"3XS:5|2XS:5|XS:10|S:10|M:10|L:10|XL:10"
40461,"2025-04-09 08:39:53.45","#SD0461",50.00,68.00,93.00,120.90,"2025-04-09","143779736","PO",4,,,,"","ALMA","SD0461A0",30087,1002,"2025-04-09","2025-05-09","USD",93.00,60,"3XS:5|2XS:5|XS:10|S:10|M:10|L:10|XL:10"
40462,"2025-04-09 08:39:53.45","#SD0462",50.00,68.00,93.00,120.90,"2025-04-09","143779736","PO",4,,,,"","ALMA","SD0462A1",30088,4002,"2025-04-09","2025-05-09","USD",93.00,60,"3XS:5|2XS:5|XS:10|S:10|M:10|L:10|XL:10"
40463,"2025-04-09 08:39:53.45","#SD0463",50.00,68.00,93.00,120.90,"2025-04-09","143779736","PO",4,,,,"","ALMA","SD0463A1",30089,5002,"2025-04-09","2025-05-09","USD",93.00,60,"3XS:5|2XS:5|XS:10|S:10|M:10|L:10|XL:10"
40464,"2025-04-09 08:39:53.45","#SD0464",50.00,68.00,93.00,120.90,"2025-04-09","143779736","PO",4,,,,"","ALMA","SD0464A0",30090,6002,"2025-04-09","2025-05-09","USD",93.00,60,"3XS:5|2XS:5|XS:10|S:10|M:10|L:10|XL:10"
40465,"2025-04-09 08:39:53.45","#SD0465",50.00,68.00,93.00,120.90,"2025-04-09","143779736","PO",4,,,,"","ALMA","SD0465A1",30013,7002,"2025-04-09","2025-05-09","USD",93.00,60,"3XS:5|2XS:5|XS:10|S:10|M:10|L:10|XL:10"
40466,"2025-04-09 08:39:53.45","#SD0466",50.00,68.00,93.00,120.90,"2025-04-09","143779741","PO",4,,,,"","ALMA","SD0466A0",30022,1002,"2025-04-09","2025-05-09","USD",93.00,60,"3XS:5|2XS:5|XS:10|S:10|M:10|L:10|XL:10"
40467,"2025-04-09 08:39:53.45","#SD0467",50.00,68.00,93.00,120.90,"2025-04-09","143779741","PO",4,,,,"","ALMA","SD0467A1",30025,4002,"2025-04-09","2025-05-09","USD",93.00,60,"3XS:5|2XS:5|XS:10|S:10|M:10|L:10|XL:10"
40468,"2025-04-09 08:39:53.45","#SD0468",50.00,68.00,93.00,120.90,"2025-04-09","143779741","PO",4,,,,"","ALMA","SD0468A0",30026,5002,"2025-04-09","2025-05-09","USD",93.00,60,"3XS:5|2XS:5|XS:10|S:10|M:10|L:10|XL:10"
40469,"2025-04-09 08:39:53.45","#SD0469",50.00,68.00,93.00,120.90,"2025-04-09","143779741","PO",4,,,,"","ALMA","SD0469A1",30027,6002,"2025-04-09","2025-05-09","USD",93.00,60,"3XS:5|2XS:5|XS:10|S:10|M:10|L:10|XL:10"
40470,"2025-04-09 08:39:53.45","#SD0470",50.00,68.00,93.00,120.90,"2025-04-09","143779741","PO",4,,,,"","ALMA","SD0470A1",30029,7002,"2025-04-09","2025-05-09","USD",93.00,60,"3XS:5|2XS:5|XS:10|S:10|M:10|L:10|XL:10"
40471,"2025-04-09 08:39:53.45","#SD0471",50.00,68.00,93.00,120.90,"2025-04-09","143779746","PO",4,,,,"","ALMA","SD0471A0",30045,1002,"2025-04-09","2025-05-09","USD",93.00,60,"3XS:5|2XS:5|XS:10|S:10|M:10|L:10|XL:10"
40472,"2025-04-09 08:39:53.45","#SD0472",50.00,68.00,93.00,120.90,"2025-04-09","143779746","PO",4,,,,"","ALMA","SD0472A1",30047,4002,"2025-04-09","2025-05-09","USD",93.00,60,"3XS:5|2XS:5|XS:10|S:10|M:10|L:10|XL:10"
40473,"2025-04-09 08:39:53.45","#SD0473",50.00,68.00,93.00,120.90,"2025-04-09","143779746","PO",4,,,,"","ALMA","SD0473A0",30065,5002,"2025-04-09","2025-05-09","USD",93.00,60,"3XS:5|2XS:5|XS:10|S:10|M:10|L:10|XL:10"
40474,"2025-04-09 08:39:53.45","#SD0474",50.00,68.00,93.00,120.90,"2025-04-09","143779746","PO",4,,,,"","ALMA","SD0474A1",30069,6002,"2025-04-09","2025-05-09","USD",93.00,60,"3XS:5|2XS:5|XS:10|S:10|M:10|L:10|XL:10"
40475,"2025-04-09 08:39:53.45","#SD0475",50.00,68.00,93.00,120.90,"2025-04-09","143779746","PO",4,,,,"","ALMA","SD0475A0",30070,7002,"2025-04-09","2025-05-09","USD",93.00,60,"3XS:5|2XS:5|XS:10|S:10|M:10|L:10|XL:10"
40476,"2025-04-09 08:39:53.45","#SD0476",50.00,68.00,93.00,120.90,"2025-04-09","143779753","PO",4,,,,"","ALMA","SD0476A1",30071,1002,"2025-04-09","2025-05-09","USD",93.00,60,"3XS:5|2XS:5|XS:10|S:10|M:10|L:10|XL:10"
40477,"2025-04-09 08:39:53.45","#SD0477",50.00,68.00,93.00,120.90,"2025-04-09","143779753","PO",4,,,,"","ALMA","SD0477A1",30072,4002,"2025-04-09","2025-05-09","USD",93.00,60,"3XS:5|2XS:5|XS:10|S:10|M:10|L:10|XL:10"
40478,"2025-04-09 08:39:53.45","#SD0478",50.00,68.00,93.00,120.90,"2025-04-09","143779753","PO",4,,,,"","ALMA","SD0478A0",30073,5002,"2025-04-09","2025-05-09","USD",93.00,60,"3XS:5|2XS:5|XS:10|S:10|M:10|L:10|XL:10"
40479,"2025-04-09 08:39:53.45","#SD0479",50.00,68.00,93.00,120.90,"2025-04-09","143779753","PO",4,,,,"","ALMA","SD0479A1",30074,6002,"2025-04-09","2025-05-09","USD",93.00,60,"3XS:5|2XS:5|XS:10|S:10|M:10|L:10|XL:10"
40480,"2025-04-09 08:39:53.45","#SD0480",50.00,68.00,93.00,120.90,"2025-04-09","143779753","PO",4,,,,"","ALMA","SD0480A0",30075,7002,"2025-04-09","2025-05-09","USD",93.00,60,"3XS:5|2XS:5|XS:10|S:10|M:10|L:10|XL:10"
40481,"2025-04-09 08:39:53.45","#SD0481",50.00,68.00,93.00,120.90,"2025-04-09","143779763","PO",4,,,,"","ALMA","SD0481A1",30076,1002,"2025-04-09","2025-05-09","USD",93.00,60,"3XS:5|2XS:5|XS:10|S:10|M:10|L:10|XL:10"
40482,"2025-04-09 08:39:53.45","#SD0482",50.00,68.00,93.00,120.90,"2025-04-09","143779763","PO",4,,,,"","ALMA","SD0482A0",30077,4002,"2025-04-09","2025-05-09","USD",93.00,60,"3XS:5|2XS:5|XS:10|S:10|M:10|L:10|XL:10"
40483,"2025-04-09 08:39:53.45","#SD0483",50.00,68.00,93.00,120.90,"2025-04-09","143779763","PO",4,,,,"","ALMA","SD0483A1",30078,5002,"2025-04-09","2025-05-09","USD",93.00,60,"3XS:5|2XS:5|XS:10|S:10|M:10|L:10|XL:10"
40484,"2025-04-09 08:39:53.45","#SD0484",50.00,68.00,93.00,120.90,"2025-04-09","143779763","PO",4,,,,"","ALMA","SD0484A1",30079,6002,"2025-04-09","2025-05-09","USD",93.00,60,"3XS:5|2XS:5|XS:10|S:10|M:10|L:10|XL:10"
40485,"2025-04-09 08:39:53.45","#SD0485",50.00,68.00,93.00,120.90,"2025-04-09","143779763","PO",4,,,,"","ALMA","SD0485A0",30082,7002,"2025-04-09","2025-05-09","USD",93.00,60,"3XS:5|2XS:5|XS:10|S:10|M:10|L:10|XL:10"
40486,"2025-04-09 08:39:53.45","#SD0486",50.00,68.00,93.00,120.90,"2025-04-09","143779768","PO",4,,,,"","ALMA","SD0486A1",30083,1002,"2025-04-09","2025-05-09","USD",93.00,60,"3XS:5|2XS:5|XS:10|S:10|M:10|L:10|XL:10"
40487,"2025-04-09 08:39:53.45","#SD0487",50.00,68.00,93.00,120.90,"2025-04-09","143779768","PO",4,,,,"","ALMA","SD0487A0",30084,4002,"2025-04-09","2025-05-09","USD",93.00,60,"3XS:5|2XS:5|XS:10|S:10|M:10|L:10|XL:10"
40488,"2025-04-09 08:39:53.45","#SD0488",50.00,68.00,93.00,120.90,"2025-04-09","143779768","PO",4,,,,"","ALMA","SD0488A1",30085,5002,"2025-04-09","2025-05-09","USD",93.00,60,"3XS:5|2XS:5|XS:10|S:10|M:10|L:10|XL:10"
40489,"2025-04-09 08:39:53.45","#SD0489",50.00,68.00,93.00,120.90,"2025-04-09","143779768","PO",4,,,,"","ALMA","SD0489A0",30086,6002,"2025-04-09","2025-05-09","USD",93.00,60,"3XS:5|2XS:5|XS:10|S:10|M:10|L:10|XL:10"
40490,"2025-04-09 08:39:53.45","#SD0490",50.00,68.00,93.00,120.90,"2025-04-09","143779768","PO",4,,,,"","ALMA","SD0490A1",30087,7002,"2025-04-09","2025-05-09","USD",93.00,60,"3XS:5|2XS:5|XS:10|S:10|M:10|L:10|XL:10"
40491,"2025-04-09 08:39:53.45","#SD0491",50.00,68.00,93.00,120.90,"2025-04-09","143779773","PO",4,,,,"","ALMA","SD0491A1",30088,1002,"2025-04-09","2025-05-09","USD",93.00,60,"3XS:5|2XS:5|XS:10|S:10|M:10|L:10|XL:10"
40492,"2025-04-09 08:39:53.45","#SD0492",50.00,68.00,93.00,120.90,"2025-04-09","143779773","PO",4,,,,"","ALMA","SD0492A0",30089,4002,"2025-04-09","2025-05-09","USD",93.00,60,"3XS:5|2XS:5|XS:10|S:10|M:10|L:10|XL:10"
40493,"2025-04-09 08:39:53.45","#SD0493",50.00,68.00,93.00,120.90,"2025-04-09","143779773","PO",4,,,,"","ALMA","SD0493A1",30090,5002,"2025-04-09","2025-05-09","USD",93.00,60,"3XS:5|2XS:5|XS:10|S:10|M:10|L:10|XL:10"
40494,"2025-04-09 08:39:53.45","#SD0494",50.00,68.00,93.00,120.90,"2025-04-09","143779773","PO",4,,,,"","ALMA","SD0494A0",30013,6002,"2025-04-09","2025-05-09","USD",93.00,60,"3XS:5|2XS:5|XS:10|S:10|M:10|L:10|XL:10"
40495,"2025-04-09 08:39:53.45","#SD0495",50.00,68.00,93.00,120.90,"2025-04-09","143779773","PO",4,,,,"","ALMA","SD0495A1",30022,7002,"2025-04-09","2025-05-09","USD",93.00,60,"3XS:5|2XS:5|XS:10|S:10|M:10|L:10|XL:10"
40496,"2025-04-09 08:39:53.45","#SD0496",50.00,68.00,93.00,120.90,"2025-04-09","143779775","PO",4,,,,"","ALMA","SD0496A0",30025,1002,"2025-04-09","2025-05-09","USD",93.00,60,"3XS:5|2XS:5|XS:10|S:10|M:10|L:10|XL:10"
40497,"2025-04-09 08:39:53.45","#SD0497",50.00,68.00,93.00,120.90,"2025-04-09","143779775","PO",4,,,,"","ALMA","SD0497A1",30026,4002,"2025-04-09","2025-05-09","USD",93.00,60,"3XS:5|2XS:5|XS:10|S:10|M:10|L:10|XL:10"
40498,"2025-04-09 08:39:53.45","#SD0498",50.00,68.00,93.00,120.90,"2025-04-09","143779775","PO",4,,,,"","ALMA","SD0498A1",30027,5002,"2025-04-09","2025-05-09","USD",93.00,60,"3XS:5|2XS:5|XS:10|S:10|M:10|L:10|XL:10"
40499,"2025-04-09 08:39:53.45","#SD0499",50.00,68.00,93.00,120.90,"2025-04-09","143779775","PO",4,,,,"","ALMA","SD0499A0",30029,6002,"2025-04-09","2025-05-09","USD",93.00,60,"3XS:5|2XS:5|XS:10|S:10|M:10|L:10|XL:10"
40500,"2025-04-09 08:39:53.45","#SD0500",50.00,68.00,93.00,120.90,"2025-04-09","143779775","PO",4,,,,"","ALMA","SD0500A1",30045,7002,"2025-04-09","2025-05-09","USD",93.00,60,"3XS:5|2XS:5|XS:10|S:10|M:10|L:10|XL:10"
40501,"2025-04-09 08:39:53.45","#SD0501",50.00,68.00,93.00,120.90,"2025-04-09","143779781","PO",4,,,,"","ALMA","SD0501A0",30047,1002,"2025-04-09","2025-05-09","USD",93.00,60,"3XS:5|2XS:5|XS:10|S:10|M:10|L:10|XL:10"
40502,"2025-04-09 08:39:53.45","#SD0502",50.00,68.00,93.00,120.90,"2025-04-09","143779781","PO",4,,,,"","ALMA","SD0502A1",30065,4002,"2025-04-09","2025-05-09","USD",93.00,60,"3XS:5|2XS:5|XS:10|S:10|M:10|L:10|XL:10"
40503,"2025-04-09 08:39:53.45","#SD0503",50.00,68.00,93.00,120.90,"2025-04-09","143779781","PO",4,,,,"","ALMA","SD0503A0",30069,5002,"2025-04-09","2025-05-09","USD",93.00,60,"3XS:5|2XS:5|XS:10|S:10|M:10|L:10|XL:10"
40504,"2025-04-09 08:39:53.45","#SD0504",50.00,68.00,93.00,120.90,"2025-04-09","143779781","PO",4,,,,"","ALMA","SD0504A1",30070,6002,"2025-04-09","2025-05-09","USD",93.00,60,"3XS:5|2XS:5|XS:10|S:10|M:10|L:10|XL:10"
40505,"2025-04-09 08:39:53.45","#SD0505",50.00,68.00,93.00,120.90,"2025-04-09","143779781","PO",4,,,,"","ALMA","SD0505A1",30071,7002,"2025-04-09","2025-05-09","USD",93.00,60,"3XS:5|2XS:5|XS:10|S:10|M:10|L:10|XL:10"
40506,"2025-04-09 08:39:53.45","#SD0506",50.00,68.00,93.00,120.90,"2025-04-09","143779791","PO",4,,,,"","ALMA","SD0506A0",30072,1002,"2025-04-09","2025-05-09","USD",93.00,60,"3XS:5|2XS:5|XS:10|S:10|M:10|L:10|XL:10"
40507,"2025-04-09 08:39:53.45","#SD0507",50.00,68.00,93.00,120.90,"2025-04-09","143779791","PO",4,,,,"","ALMA","SD0507A1",30073,4002,"2025-04-09","2025-05-09","USD",93.00,60,"3XS:5|2XS:5|XS:10|S:10|M:10|L:10|XL:10"
40508,"2025-04-09 08:39:53.45","#SD0508",50.00,68.00,93.00,120.90,"2025-04-09","143779791","PO",4,,,,"","ALMA","SD0508A0",30074,5002,"2025-04-09","2025-05-09","USD",93.00,60,"3XS:5|2XS:5|XS:10|S:10|M:10|L:10|XL:10"
40509,"2025-04-09 08:39:53.45","#SD0509",50.00,68.00,93.00,120.90,"2025-04-09","143779791","PO",4,,,,"","ALMA","SD0509A1",30075,6002,"2025-04-09","2025-05-09","USD",93.00,60,"3XS:5|2XS:5|XS:10|S:10|M:10|L:10|XL:10"
40510,"2025-04-09 08:39:53.45","#SD0510",50.00,68.00,93.00,120.90,"2025-04-09","143779791","PO",4,,,,"","ALMA","SD0510A0",30076,7002,"2025-04-09","2025-05-09","USD",93.00,60,"3XS:5|2XS:5|XS:10|S:10|M:10|L:10|XL:10"
40511,"2025-04-09 08:39:53.45","#SD0511",50.00,68.00,93.00,120.90,"2025-04-09","143779803","PO",4,,,,"","ALMA","SD0511A1",30077,1002,"2025-04-09","2025-05-09","USD",93.00,60,"3XS:5|2XS:5|XS:10|S:10|M:10|L:10|XL:10"
40512,"2025-04-09 08:39:53.45","#SD0512",50.00,68.00,93.00,120.90,"2025-04-09","143779803","PO",4,,,,"","ALMA","SD0512A1",30078,4002,"2025-04-09","2025-05-09","USD",93.00,60,"3XS:5|2XS:5|XS:10|S:10|M:10|L:10|XL:10"
40513,"2025-04-09 08:39:53.45","#SD0513",50.00,68.00,93.00,120.90,"2025-04-09","143779803","PO",4,,,,"","ALMA","SD0513A0",30079,5002,"2025-04-09","2025-05-09","USD",93.00,60,"3XS:5|2XS:5|XS:10|S:10|M:10|L:10|XL:10"
40514,"2025-04-09 08:39:53.45","#SD0514",50.00,68.00,93.00,120.90,"2025-04-09","143779803","PO",4,,,,"","ALMA","SD0514A1",30082,6002,"2025-04-09","2025-05-09","USD",93.00,60,"3XS:5|2XS:5|XS:10|S:10|M:10|L:10|XL:10"
40515,"2025-04-09 08:39:53.45","#SD0515",50.00,68.00,93.00,120.90,"2025-04-09","143779803","PO",4,,,,"","ALMA","SD0515A0",30083,7002,"2025-04-09","2025-05-09","USD",93.00,60,"3XS:5|2XS:5|XS:10|S:10|M:10|L:10|XL:10"
40516,"2025-04-09 08:39:53.45","#SD0516",50.00,68.00,93.00,120.90,"2025-04-09","143779804","PO",4,,,,"","ALMA","SD0516A1",30084,1002,"2025-04-09","2025-05-09","USD",93.00,60,"3XS:5|2XS:5|XS:10|S:10|M:10|L:10|XL:10"
40517,"2025-04-09 08:39:53.45","#SD0517",50.00,68.00,93.00,120.90,"2025-04-09","143779804","PO",4,,,,"","ALMA","SD0517A0",30085,4002,"2025-04-09","2025-05-09","USD",93.00,60,"3XS:5|2XS:5|XS:10|S:10|M:10|L:10|XL:10"
40518,"2025-04-09 08:39:53.45","#SD0518",50.00,68.00,93.00,120.90,"2025-04-09","143779804","PO",4,,,,"","ALMA","SD0518A1",30086,5002,"2025-04-09","2025-05-09","USD",93.00,60,"3XS:5|2XS:5|XS:10|S:10|M:10|L:10|XL:10"
40519,"2025-04-09 08:39:53.45","#SD0519",50.00,68.00,93.00,120.90,"2025-04-09","143779804","PO",4,,,,"","ALMA","SD0519A1",30087,6002,"2025-04-09","2025-05-09","USD",93.00,60,"3XS:5|2XS:5|XS:10|S:10|M:10|L:10|XL:10"
40520,"2025-04-09 08:39:53.45","#SD0520",50.00,68.00,93.00,120.90,"2025-04-09","143779804","PO",4,,,,"","ALMA","SD0520A0",30088,7002,"2025-04-09","2025-05-09","USD",93.00,60,"3XS:5|2XS:5|XS:10|S:10|M:10|L:10|XL:10"
40521,"2025-04-09 08:39:53.45","#SD0521",50.00,68.00,93.00,120.90,"2025-04-09","143779806","PO",4,,,,"","ALMA","SD0521A1",30089,1002,"2025-04-09","2025-05-09","USD",93.00,60,"3XS:5|2XS:5|XS:10|S:10|M:10|L:10|XL:10"
40522,"2025-04-09 08:39:53.45","#SD0522",50.00,68.00,93.00,120.90,"2025-04-09","143779806","PO",4,,,,"","ALMA","SD0522A0",30090,4002,"2025-04-09","2025-05-09","USD",93.00,60,"3XS:5|2XS:5|XS:10|S:10|M:10|L:10|XL:10"
40523,"2025-04-09 08:39:53.45","#SD0523",50.00,68.00,93.00,120.90,"2025-04-09","143779806","PO",4,,,,"","ALMA","SD0523A1",30013,5002,"2025-04-09","2025-05-09","USD",93.00,60,"3XS:5|2XS:5|XS:10|S:10|M:10|L:10|XL:10"
40524,"2025-04-09 08:39:53.45","#SD0524",50.00,68.00,93.00,120.90,"2025-04-09","143779806","PO",4,,,,"","ALMA","SD0524A0",30022,6002,"2025-04-09","2025-05-09","USD",93.00,60,"3XS:5|2XS:5|XS:10|S:10|M:10|L:10|XL:10"
40525,"2025-04-09 08:39:53.45","#SD0525",50.00,68.00,93.00,120.90,"2025-04-09","143779806","PO",4,,,,"","ALMA","SD0525A1",30025,7002,"2025-04-09","2025-05-09","USD",93.00,60,"3XS:5|2XS:5|XS:10|S:10|M:10|L:10|XL:10"
40526,"2025-04-09 08:39:53.45","#SD0526",50.00,68.00,93.00,120.90,"2025-04-09","143779808","PO",4,,,,"","ALMA","SD0526A1",30026,1002,"2025-04-09","2025-05-09","USD",93.00,60,"3XS:5|2XS:5|XS:10|S:10|M:10|L:10|XL:10"
40527,"2025-04-09 08:39:53.45","#SD0527",50.00,68.00,93.00,120.90,"2025-04-09","143779808","PO",4,,,,"","ALMA","SD0527A0",30027,4002,"2025-04-09","2025-05-09","USD",93.00,60,"3XS:5|2XS:5|XS:10|S:10|M:10|L:10|XL:10"
40528,"2025-04-09 08:39:53.45","#SD0528",50.00,68.00,93.00,120.90,"2025-04-09","143779808","PO",4,,,,"","ALMA","SD0528A1",30029,5002,"2025-04-09","2025-05-09","USD",93.00,60,"3XS:5|2XS:5|XS:10|S:10|M:10|L:10|XL:10"
40529,"2025-04-09 08:39:53.45","#SD0529",50.00,68.00,93.00,120.90,"2025-04-09","143779808","PO",4,,,,"","ALMA","SD0529A0",30045,6002,"2025-04-09","2025-05-09","USD",93.00,60,"3XS:5|2XS:5|XS:10|S:10|M:10|L:10|XL:10"
40530,"2025-04-09 08:39:53.45","#SD0530",50.00,68.00,93.00,120.90,"2025-04-09","143779808","PO",4,,,,"","ALMA","SD0530A1",30047,7002,"2025-04-09","2025-05-09","USD",93.00,60,"3XS:5|2XS:5|XS:10|S:10|M:10|L:10|XL:10"
40531,"2025-04-09 08:39:53.45","#SD0531",50.00,68.00,93.00,120.90,"2025-04-09","143779812","PO",4,,,,"","ALMA","SD0531A0",30065,1002,"2025-04-09","2025-05-09","USD",93.00,60,"3XS:5|2XS:5|XS:10|S:10|M:10|L:10|XL:10"
40532,"2025-04-09 08:39:53.45","#SD0532",50.00,68.00,93.00,120.90,"2025-04-09","143779812","PO",4,,,,"","ALMA","SD0532A1",30069,4002,"2025-04-09","2025-05-09","USD",93.00,60,"3XS:5|2XS:5|XS:10|S:10|M:10|L:10|XL:10"
40533,"2025-04-09 08:39:53.45","#SD0533",50.00,68.00,93.00,120.90,"2025-04-09","143779812","PO",4,,,,"","ALMA","SD0533A1",30070,5002,"2025-04-09","2025-05-09","USD",93.00,60,"3XS:5|2XS:5|XS:10|S:10|M:10|L:10|XL:10"
40534,"2025-04-09 08:39:53.45","#SD0534",50.00,68.00,93.00,120.90,"2025-04-09","143779812","PO",4,,,,"","ALMA","SD0534A0",30071,6002,"2025-04-09","2025-05-09","USD",93.00,60,"3XS:5|2XS:5|XS:10|S:10|M:10|L:10|XL:10"
40535,"2025-04-09 08:39:53.45","#SD0535",50.00,68.00,93.00,120.90,"2025-04-09","143779812","PO",4,,,,"","ALMA","SD0535A1",30072,7002,"2025-04-09","2025-05-09","USD",93.00,60,"3XS:5|2XS:5|XS:10|S:10|M:10|L:10|XL:10"
40536,"2025-04-09 08:39:53.45","#SD0536",50.00,68.00,93.00,120.90,"2025-04-09","143779823","PO",4,,,,"","ALMA","SD0536A0",30073,1002,"2025-04-09","2025-05-09","USD",93.00,60,"3XS:5|2XS:5|XS:10|S:10|M:10|L:10|XL:10"
40537,"2025-04-09 08:39:53.45","#SD0537",50.00,68.00,93.00,120.90,"2025-04-09","143779823","PO",4,,,,"","ALMA","SD0537A1",30074,4002,"2025-04-09","2025-05-09","USD",93.00,60,"3XS:5|2XS:5|XS:10|S:10|M:10|L:10|XL:10"
40538,"2025-04-09 08:39:53.45","#SD0538",50.00,68.00,93.00,120.90,"2025-04-09","143779823","PO",4,,,,"","ALMA","SD0538A0",30075,5002,"2025-04-09","2025-05-09","USD",93.00,60,"3XS:5|2XS:5|XS:10|S:10|M:10|L:10|XL:10"
40539,"2025-04-09 08:39:53.45","#SD0539",50.00,68.00,93.00,120.90,"2025-04-09","143779823","PO",4,,,,"","ALMA","SD0539A1",30076,6002,"2025-04-09","2025-05-09","USD",93.00,60,"3XS:5|2XS:5|XS:10|S:10|M:10|L:10|XL:10"
40540,"2025-04-09 08:39:53.45","#SD0540",50.00,68.00,93.00,120.90,"2025-04-09","143779823","PO",4,,,,"","ALMA","SD0540A1",30077,7002,"2025-04-09","2025-05-09","USD",93.00,60,"3XS:5|2XS:5|XS:10|S:10|M:10|L:10|XL:10"
40541,"2025-04-09 08:39:53.45","#SD0541",50.00,68.00,93.00,120.90,"2025-04-09","143779830","PO",4,,,,"","ALMA","SD0541A0",30078,1002,"2025-04-09","2025-05-09","USD",93.00,60,"3XS:5|2XS:5|XS:10|S:10|M:10|L:10|XL:10"
40542,"2025-04-09 08:39:53.45","#SD0542",50.00,68.00,93.00,120.90,"2025-04-09","143779830","PO",4,,,,"","ALMA","SD0542A1",30079,4002,"2025-04-09","2025-05-09","USD",93.00,60,"3XS:5|2XS:5|XS:10|S:10|M:10|L:10|XL:10"
40543,"2025-04-09 08:39:53.45","#SD0543",50.00,68.00,93.00,120.90,"2025-04-09","143779830","PO",4,,,,"","ALMA","SD0543A0",30082,5002,"2025-04-09","2025-05-09","USD",93.00,60,"3XS:5|2XS:5|XS:10|S:10|M:10|L:10|XL:10"
40544,"2025-04-09 08:39:53.45","#SD0544",50.00,68.00,93.00,120.90,"2025-04-09","143779830","PO",4,,,,"","ALMA","SD0544A1",30083,6002,"2025-04-09","2025-05-09","USD",93.00,60,"3XS:5|2XS:5|XS:10|S:10|M:10|L:10|XL:10"
40545,"2025-04-09 08:39:53.45","#SD0545",50.00,68.00,93.00,120.90,"2025-04-09","143779830","PO",4,,,,"","ALMA","SD0545A0",30084,7002,"2025-04-09","2025-05-09","USD",93.00,60,"3XS:5|2XS:5|XS:10|S:10|M:10|L:10|XL:10"
40546,"2025-04-09 08:39:53.45","#SD0546",50.00,68.00,93.00,120.90,"2025-04-09","143779832","PO",4,,,,"","ALMA","SD0546A1",30085,1002,"2025-04-09","2025-05-09","USD",93.00,60,"3XS:5|2XS:5|XS:10|S:10|M:10|L:10|XL:10"
40547,"2025-04-09 08:39:53.45","#SD0547",50.00,68.00,93.00,120.90,"2025-04-09","143779832","PO",4,,,,"","ALMA","SD0547A1",30086,4002,"2025-04-09","2025-05-09","USD",93.00,60,"3XS:5|2XS:5|XS:10|S:10|M:10|L:10|XL:10"
40548,"2025-04-09 08:39:53.45","#SD0548",50.00,68.00,93.00,120.90,"2025-04-09","143779832","PO",4,,,,"","ALMA","SD0548A0",30087,5002,"2025-04-09","2025-05-09","USD",93.00,60,"3XS:5|2XS:5|XS:10|S:10|M:10|L:10|XL:10"
40549,"2025-04-09 08:39:53.45","#SD0549",50.00,68.00,93.00,120.90,"2025-04-09","143779832","PO",4,,,,"","ALMA","SD0549A1",30088,6002,"2025-04-09","2025-05-09","USD",93.00,60,"3XS:5|2XS:5|XS:10|S:10|M:10|L:10|XL:10"
40550,"2025-04-09 08:39:53.45","#SD0550",50.00,68.00,93.00,120.90,"2025-04-09","143779832","PO",4,,,,"","ALMA","SD0550A0",30089,7002,"2025-04-09","2025-05-09","USD",93.00,60,"3XS:5|2XS:5|XS:10|S:10|M:10|L:10|XL:10"
40551,"2025-04-09 08:39:53.45","#SD0551",50.00,68.00,93.00,120.90,"2025-04-09","143779842","PO",4,,,,"","ALMA","SD0551A1",30090,1002,"2025-04-09","2025-05-09","USD",93.00,60,"3XS:5|2XS:5|XS:10|S:10|M:10|L:10|XL:10"
40552,"2025-04-09 08:39:53.45","#SD0552",50.00,68.00,93.00,120.90,"2025-04-09","143779842","PO",4,,,,"","ALMA","SD0552A0",30013,4002,"2025-04-09","2025-05-09","USD",93.00,60,"3XS:5|2XS:5|XS:10|S:10|M:10|L:10|XL:10"
40553,"2025-04-09 08:39:53.45","#SD0553",50.00,68.00,93.00,120.90,"2025-04-09","143779842","PO",4,,,,"","ALMA","SD0553A1",30022,5002,"2025-04-09","2025-05-09","USD",93.00,60,"3XS:5|2XS:5|XS:10|S:10|M:10|L:10|XL:10"
40554,"2025-04-09 08:39:53.45","#SD0554",50.00,68.00,93.00,120.90,"2025-04-09","143779842","PO",4,,,,"","ALMA","SD0554A1",30025,6002,"2025-04-09","2025-05-09","USD",93.00,60,"3XS:5|2XS:5|XS:10|S:10|M:10|L:10|XL:10"
40555,"2025-04-09 08:39:53.45","#SD0555",50.00,68.00,93.00,120.90,"2025-04-09","143779842","PO",4,,,,"","ALMA","SD0555A0",30026,7002,"2025-04-09","2025-05-09","USD",93.00,60,"3XS:5|2XS:5|XS:10|S:10|M:10|L:10|XL:10"
40556,"2025-04-09 08:39:53.45","#SD0556",50.00,68.00,93.00,120.90,"2025-04-09","143779849","PO",4,,,,"","ALMA","SD0556A1",30027,1002,"2025-04-09","2025-05-09","USD",93.00,60,"3XS:5|2XS:5|XS:10|S:10|M:10|L:10|XL:10"
40557,"2025-04-09 08:39:53.45","#SD0557",50.00,68.00,93.00,120.90,"2025-04-09","143779849","PO",4,,,,"","ALMA","SD0557A0",30029,4002,"2025-04-09","2025-05-09","USD",93.00,60,"3XS:5|2XS:5|XS:10|S:10|M:10|L:10|XL:10"
40558,"2025-04-09 08:39:53.45","#SD0558",50.00,68.00,93.00,120.90,"2025-04-09","143779849","PO",4,,,,"","ALMA","SD0558A1",30045,5002,"2025-04-09","2025-05-09","USD",93.00,60,"3XS:5|2XS:5|XS:10|S:10|M:10|L:10|XL:10"
40559,"2025-04-09 08:39:53.45","#SD0559",50.00,68.00,93.00,120.90,"2025-04-09","143779849","PO",4,,,,"","ALMA","SD0559A0",30047,6002,"2025-04-09","2025-05-09","USD",93.00,60,"3XS:5|2XS:5|XS:10|S:10|M:10|L:10|XL:10"
40560,"2025-04-09 08:39:53.45","#SD0560",50.00,68.00,93.00,120.90,"2025-04-09","143779849","PO",4,,,,"","ALMA","SD0560A1",30065,7002,"2025-04-09","2025-05-09","USD",93.00,60,"3XS:5|2XS:5|XS:10|S:10|M:10|L:10|XL:10"
40561,"2025-04-09 08:39:53.45","#SD0561",50.00,68.00,93.00,120.90,"2025-04-09","143779858","PO",4,,,,"","ALMA","SD0561A1",30069,1002,"2025-04-09","2025-05-09","USD",93.00,60,"3XS:5|2XS:5|XS:10|S:10|M:10|L:10|XL:10"
40562,"2025-04-09 08:39:53.45","#SD0562",50.00,68.00,93.00,120.90,"2025-04-09","143779858","PO",4,,,,"","ALMA","SD0562A0",30070,4002,"2025-04-09","2025-05-09","USD",93.00,60,"3XS:5|2XS:5|XS:10|S:10|M:10|L:10|XL:10"
40563,"2025-04-09 08:39:53.45","#SD0563",50.00,68.00,93.00,120.90,"2025-04-09","143779858","PO",4,,,,"","ALMA","SD0563A1",30071,5002,"2025-04-09","2025-05-09","USD",93.00,60,"3XS:5|2XS:5|XS:10|S:10|M:10|L:10|XL:10"
40564,"2025-04-09 08:39:53.45","#SD0564",50.00,68.00,93.00,120.90,"2025-04-09","143779858","PO",4,,,,"","ALMA","SD0564A0",30072,6002,"2025-04-09","2025-05-09","USD",93.00,60,"3XS:5|2XS:5|XS:10|S:10|M:10|L:10|XL:10"
40565,"2025-04-09 08:39:53.45","#SD0565",50.00,68.00,93.00,120.90,"2025-04-09","143779858","PO",4,,,,"","ALMA","SD0565A1",30073,7002,"2025-04-09","2025-05-09","USD",93.00,60,"3XS:5|2XS:5|XS:10|S:10|M:10|L:10|XL:10"
40566,"2025-04-09 08:39:53.45","#SD0566",50.00,68.00,93.00,120.90,"2025-04-09","143779875","PO",4,,,,"","ALMA","SD0566A0",30074,1002,"2025-04-09","2025-05-09","USD",93.00,60,"3XS:5|2XS:5|XS:10|S:10|M:10|L:10|XL:10"
40567,"2025-04-09 08:39:53.45","#SD0567",50.00,68.00,93.00,120.90,"2025-04-09","143779875","PO",4,,,,"","ALMA","SD0567A1",30075,4002,"2025-04-09","2025-05-09","USD",93.00,60,"3XS:5|2XS:5|XS:10|S:10|M:10|L:10|XL:10"
40568,"2025-04-09 08:39:53.45","#SD0568",50.00,68.00,93.00,120.90,"2025-04-09","143779875","PO",4,,,,"","ALMA","SD0568A1",30076,5002,"2025-04-09","2025-05-09","USD",93.00,60,"3XS:5|2XS:5|XS:10|S:10|M:10|L:10|XL:10"
40569,"2025-04-09 08:39:53.45","#SD0569",50.00,68.00,93.00,120.90,"2025-04-09","143779875","PO",4,,,,"","ALMA","SD0569A0",30077,6002,"2025-04-09","2025-05-09","USD",93.00,60,"3XS:5|2XS:5|XS:10|S:10|M:10|L:10|XL:10"
40570,"2025-04-09 08:39:53.45","#SD0570",50.00,68.00,93.00,120.90,"2025-04-09","143779875","PO",4,,,,"","ALMA","SD0570A1",30078,7002,"2025-04-09","2025-05-09","USD",93.00,60,"3XS:5|2XS:5|XS:10|S:10|M:10|L:10|XL:10"
40571,"2025-04-09 08:39:53.45","#SD0571",50.00,68.00,93.00,120.90,"2025-04-09","143779906","PO",4,,,,"","ALMA","SD0571A0",30079,1002,"2025-04-09","2025-05-09","USD",93.00,60,"3XS:5|2XS:5|XS:10|S:10|M:10|L:10|XL:10"
40572,"2025-04-09 08:39:53.45","#SD0572",50.00,68.00,93.00,120.90,"2025-04-09","143779906","PO",4,,,,"","ALMA","SD0572A1",30082,4002,"2025-04-09","2025-05-09","USD",93.00,60,"3XS:5|2XS:5|XS:10|S:10|M:10|L:10|XL:10"
40573,"2025-04-09 08:39:53.45","#SD0573",50.00,68.00,93.00,120.90,"2025-04-09","143779906","PO",4,,,,"","ALMA","SD0573A0",30083,5002,"2025-04-09","2025-05-09","USD",93.00,60,"3XS:5|2XS:5|XS:10|S:10|M:10|L:10|XL:10"
40574,"2025-04-09 08:39:53.45","#SD0574",50.00,68.00,93.00,120.90,"2025-04-09","143779906","PO",4,,,,"","ALMA","SD0574A1",30084,6002,"2025-04-09","2025-05-09","USD",93.00,60,"3XS:5|2XS:5|XS:10|S:10|M:10|L:10|XL:10"
40575,"2025-04-09 08:39:53.45","#SD0575",50.00,68.00,93.00,120.90,"2025-04-09","143779906","PO",4,,,,"","ALMA","SD0575A1",30085,7002,"2025-04-09","2025-05-09","USD",93.00,60,"3XS:5|2XS:5|XS:10|S:10|M:10|L:10|XL:10"
40576,"2025-04-09 08:39:53.45","#SD0576",50.00,68.00,93.00,120.90,"2025-04-09","143779921","PO",4,,,,"","ALMA","SD0576A0",30086,1002,"2025-04-09","2025-05-09","USD",93.00,60,"3XS:5|2XS:5|XS:10|S:10|M:10|L:10|XL:10"
40577,"2025-04-09 08:39:53.45","#SD0577",50.00,68.00,93.00,120.90,"2025-04-09","143779921","PO",4,,,,"","ALMA","SD0577A1",30087,4002,"2025-04-09","2025-05-09","USD",93.00,60,"3XS:5|2XS:5|XS:10|S:10|M:10|L:10|XL:10"
40578,"2025-04-09 08:39:53.45","#SD0578",50.00,68.00,93.00,120.90,"2025-04-09","143779921","PO",4,,,,"","ALMA","SD0578A0",30088,5002,"2025-04-09","2025-05-09","USD",93.00,60,"3XS:5|2XS:5|XS:10|S:10|M:10|L:10|XL:10"
40579,"2025-04-09 08:39:53.45","#SD0579",50.00,68.00,93.00,120.90,"2025-04-09","143779921","PO",4,,,,"","ALMA","SD0579A1",30089,6002,"2025-04-09","2025-05-09","USD",93.00,60,"3XS:5|2XS:5|XS:10|S:10|M:10|L:10|XL:10"
40580,"2025-04-09 08:39:53.45","#SD0580",50.00,68.00,93.00,120.90,"2025-04-09","143779921","PO",4,,,,"","ALMA","SD0580A0",30090,7002,"2025-04-09","2025-05-09","USD",93.00,60,"3XS:5|2XS:5|XS:10|S:10|M:10|L:10|XL:10"
40581,"2025-04-09 08:39:53.45","#SD0581",50.00,68.00,93.00,120.90,"2025-04-09","143779931","PO",4,,,,"","ALMA","SD0581A1",30013,1002,"2025-04-09","2025-05-09","USD",93.00,60,"3XS:5|2XS:5|XS:10|S:10|M:10|L:10|XL:10"
40582,"2025-04-09 08:39:53.45","#SD0582",50.00,68.00,93.00,120.90,"2025-04-09","143779931","PO",4,,,,"","ALMA","SD0582A1",30022,4002,"2025-04-09","2025-05-09","USD",93.00,60,"3XS:5|2XS:5|XS:10|S:10|M:10|L:10|XL:10"
40583,"2025-04-09 08:39:53.45","#SD0583",50.00,68.00,93.00,120.90,"2025-04-09","143779931","PO",4,,,,"","ALMA","SD0583A0",30025,5002,"2025-04-09","2025-05-09","USD",93.00,60,"3XS:5|2XS:5|XS:10|S:10|M:10|L:10|XL:10"
40584,"2025-04-09 08:39:53.45","#SD0584",50.00,68.00,93.00,120.90,"2025-04-09","143779931","PO",4,,,,"","ALMA","SD0584A1",30026,6002,"2025-04-09","2025-05-09","USD",93.00,60,"3XS:5|2XS:5|XS:10|S:10|M:10|L:10|XL:10"
40585,"2025-04-09 08:39:53.45","#SD0585",50.00,68.00,93.00,120.90,"2025-04-09","143779931","PO",4,,,,"","ALMA","SD0585A0",30027,7002,"2025-04-09","2025-05-09","USD",93.00,60,"3XS:5|2XS:5|XS:10|S:10|M:10|L:10|XL:10"
40586,"2025-04-09 08:39:53.45","#SD0586",50.00,68.00,93.00,120.90,"2025-04-09","143779932","PO",4,,,,"","ALMA","SD0586A1",30029,1002,"2025-04-09","2025-05-09","USD",93.00,60,"3XS:5|2XS:5|XS:10|S:10|M:10|L:10|XL:10"
40587,"2025-04-09 08:39:53.45","#SD0587",50.00,68.00,93.00,120.90,"2025-04-09","143779932","PO",4,,,,"","ALMA","SD0587A0",30045,4002,"2025-04-09","2025-05-09","USD",93.00,60,"3XS:5|2XS:5|XS:10|S:10|M:10|L:10|XL:10"
40588,"2025-04-09 08:39:53.45","#SD0588",50.00,68.00,93.00,120.90,"2025-04-09","143779932","PO",4,,,,"","ALMA","SD0588A1",30047,5002,"2025-04-09","2025-05-09","USD",93.00,60,"3XS:5|2XS:5|XS:10|S:10|M:10|L:10|XL:10"
40589,"2025-04-09 08:39:53.45","#SD0589",50.00,68.00,93.00,120.90,"2025-04-09","143779932","PO",4,,,,"","ALMA","SD0589A1",30065,6002,"2025-04-09","2025-05-09","USD",93.00,60,"3XS:5|2XS:5|XS:10|S:10|M:10|L:10|XL:10"
40590,"2025-04-09 08:39:53.45","#SD0590",50.00,68.00,93.00,120.90,"2025-04-09","143779932","PO",4,,,,"","ALMA","SD0590A0",30069,7002,"2025-04-09","2025-05-09","USD",93.00,60,"3XS:5|2XS:5|XS:10|S:10|M:10|L:10|XL:10"
40591,"2025-04-09 08:39:53.45","#SD0591",50.00,68.00,93.00,120.90,"2025-04-09","143779935","PO",4,,,,"","ALMA","SD0591A1",30070,1002,"2025-04-09","2025-05-09","USD",93.00,60,"3XS:5|2XS:5|XS:10|S:10|M:10|L:10|XL:10"
40592,"2025-04-09 08:39:53.45","#SD0592",50.00,68.00,93.00,120.90,"2025-04-09","143779935","PO",4,,,,"","ALMA","SD0592A0",30071,4002,"2025-04-09","2025-05-09","USD",93.00,60,"3XS:5|2XS:5|XS:10|S:10|M:10|L:10|XL:10"
40593,"2025-04-09 08:39:53.45","#SD0593",50.00,68.00,93.00,120.90,"2025-04-09","143779935","PO",4,,,,"","ALMA","SD0593A1",30072,5002,"2025-04-09","2025-05-09","USD",93.00,60,"3XS:5|2XS:5|XS:10|S:10|M:10|L:10|XL:10"
40594,"2025-04-09 08:39:53.45","#SD0594",50.00,68.00,93.00,120.90,"2025-04-09","143779935","PO",4,,,,"","ALMA","SD0594A0",30073,6002,"2025-04-09","2025-05-09","USD",93.00,60,"3XS:5|2XS:5|XS:10|S:10|M:10|L:10|XL:10"
40595,"2025-04-09 08:39:53.45","#SD0595",50.00,68.00,93.00,120.90,"2025-04-09","143779935","PO",4,,,,"","ALMA","SD0595A1",30074,7002,"2025-04-09","2025-05-09","USD",93.00,60,"3XS:5|2XS:5|XS:10|S:10|M:10|L:10|XL:10"
40596,"2025-04-09 08:39:53.45","#SD0596",50.00,68.00,93.00,120.90,"2025-04-09","143779952","PO",4,,,,"","ALMA","SD0596A1",30075,1002,"2025-04-09","2025-05-09","USD",93.00,60,"3XS:5|2XS:5|XS:10|S:10|M:10|L:10|XL:10"
40597,"2025-04-09 08:39:53.45","#SD0597",50.00,68.00,93.00,120.90,"2025-04-09","143779952","PO",4,,,,"","ALMA","SD0597A0",30076,4002,"2025-04-09","2025-05-09","USD",93.00,60,"3XS:5|2XS:5|XS:10|S:10|M:10|L:10|XL:10"
40598,"2025-04-09 08:39:53.45","#SD0598",50.00,68.00,93.00,120.90,"2025-04-09","143779952","PO",4,,,,"","ALMA","SD0598A1",30077,5002,"2025-04-09","2025-05-09","USD",93.00,60,"3XS:5|2XS:5|XS:10|S:10|M:10|L:10|XL:10"
40599,"2025-04-09 08:39:53.45","#SD0599",50.00,68.00,93.00,120.90,"2025-04-09","143779952","PO",4,,,,"","ALMA","SD0599A0",30078,6002,"2025-04-09","2025-05-09","USD",93.00,60,"3XS:5|2XS:5|XS:10|S:10|M:10|L:10|XL:10"
40600,"2025-04-09 08:39:53.45","#SD0600",50.00,68.00,93.00,120.90,"2025-04-09","143779952","PO",4,,,,"","ALMA","SD0600A1",30079,7002,"2025-04-09","2025-05-09","USD",93.00,60,"3XS:5|2XS:5|XS:10|S:10|M:10|L:10|XL:10"
40601,"2025-04-09 08:39:53.45","#SD0601",50.00,68.00,93.00,120.90,"2025-04-09","143779954","PO",4,,,,"","ALMA","SD0601A0",30082,1002,"2025-04-09","2025-05-09","USD",93.00,60,"3XS:5|2XS:5|XS:10|S:10|M:10|L:10|XL:10"
40602,"2025-04-09 08:39:53.45","#SD0602",50.00,68.00,93.00,120.90,"2025-04-09","143779954","PO",4,,,,"","ALMA","SD0602A1",30083,4002,"2025-04-09","2025-05-09","USD",93.00,60,"3XS:5|2XS:5|XS:10|S:10|M:10|L:10|XL:10"
40603,"2025-04-09 08:39:53.45","#SD0603",50.00,68.00,93.00,120.90,"2025-04-09","143779954","PO",4,,,,"","ALMA","SD0603A1",30084,5002,"2025-04-09","2025-05-09","USD",93.00,60,"3XS:5|2XS:5|XS:10|S:10|M:10|L:10|XL:10"
40604,"2025-04-09 08:39:53.45","#SD0604",50.00,68.00,93.00,120.90,"2025-04-09","143779954","PO",4,,,,"","ALMA","SD0604A0",30085,6002,"2025-04-09","2025-05-09","USD",93.00,60,"3XS:5|2XS:5|XS:10|S:10|M:10|L:10|XL:10"
40605,"2025-04-09 08:39:53.45","#SD0605",50.00,68.00,93.00,120.90,"2025-04-09","143779954","PO",4,,,,"","ALMA","SD0605A1",30086,7002,"2025-04-09","2025-05-09","USD",93.00,60,"3XS:5|2XS:5|XS:10|S:10|M:10|L:10|XL:10"
40606,"2025-04-09 08:39:53.45","#SD0606",50.00,68.00,93.00,120.90,"2025-04-09","143779964","PO",4,,,,"","ALMA","SD0606A0",30087,1002,"2025-04-09","2025-05-09","USD",93.00,60,"3XS:5|2XS:5|XS:10|S:10|M:10|L:10|XL:10"
40607,"2025-04-09 08:39:53.45","#SD0607",50.00,68.00,93.00,120.90,"2025-04-09","143779964","PO",4,,,,"","ALMA","SD0607A1",30088,4002,"2025-04-09","2025-05-09","USD",93.00,60,"3XS:5|2XS:5|XS:10|S:10|M:10|L:10|XL:10"
40608,"2025-04-09 08:39:53.45","#SD0608",50.00,68.00,93.00,120.90,"2025-04-09","143779964","PO",4,,,,"","ALMA","SD0608A0",30089,5002,"2025-04-09","2025-05-09","USD",93.00,60,"3XS:5|2XS:5|XS:10|S:10|M:10|L:10|XL:10"
40609,"2025-04-09 08:39:53.45","#SD0609",50.00,68.00,93.00,120.90,"2025-04-09","143779964","PO",4,,,,"","ALMA","SD0609A1",30090,6002,"2025-04-09","2025-05-09","USD",93.00,60,"3XS:5|2XS:5|XS:10|S:10|M:10|L:10|XL:10"
40610,"2025-04-09 08:39:53.45","#SD0610",50.00,68.00,93.00,120.90,"2025-04-09","143779964","PO",4,,,,"","ALMA","SD0610A1",30013,7002,"2025-04-09","2025-05-09","USD",93.00,60,"3XS:5|2XS:5|XS:10|S:10|M:10|L:10|XL:10"
40611,"2025-04-09 08:39:53.45","#SD0611",50.00,68.00,93.00,120.90,"2025-04-09","143779965","PO",4,,,,"","ALMA","SD0611A0",30022,1002,"2025-04-09","2025-05-09","USD",93.00,60,"3XS:5|2XS:5|XS:10|S:10|M:10|L:10|XL:10"
40612,"2025-04-09 08:39:53.45","#SD0612",50.00,68.00,93.00,120.90,"2025-04-09","143779965","PO",4,,,,"","ALMA","SD0612A1",30025,4002,"2025-04-09","2025-05-09","USD",93.00,60,"3XS:5|2XS:5|XS:10|S:10|M:10|L:10|XL:10"
40613,"2025-04-09 08:39:53.45","#SD0613",50.00,68.00,93.00,120.90,"2025-04-09","143779965","PO",4,,,,"","ALMA","SD0613A0",30026,5002,"2025-04-09","2025-05-09","USD",93.00,60,"3XS:5|2XS:5|XS:10|S:10|M:10|L:10|XL:10"
40614,"2025-04-09 08:39:53.45","#SD0614",50.00,68.00,93.00,120.90,"2025-04-09","143779965","PO",4,,,,"","ALMA","SD0614A1",30027,6002,"2025-04-09","2025-05-09","USD",93.00,60,"3XS:5|2XS:5|XS:10|S:10|M:10|L:10|XL:10"
40615,"2025-04-09 08:39:53.45","#SD0615",50.00,68.00,93.00,120.90,"2025-04-09","143779965","PO",4,,,,"","ALMA","SD0615A0",30029,7002,"2025-04-09","2025-05-09","USD",93.00,60,"3XS:5|2XS:5|XS:10|S:10|M:10|L:10|XL:10"
40616,"2025-04-09 08:39:53.45","#SD0616",50.00,68.00,93.00,120.90,"2025-04-09","143779967","PO",4,,,,"","ALMA","SD0616A1",30045,1002,"2025-04-09","2025-05-09","USD",93.00,60,"3XS:5|2XS:5|XS:10|S:10|M:10|L:10|XL:10"
40617,"2025-04-09 08:39:53.45","#SD0617",50.00,68.00,93.00,120.90,"2025-04-09","143779967","PO",4,,,,"","ALMA","SD0617A1",30047,4002,"2025-04-09","2025-05-09","USD",93.00,60,"3XS:5|2XS:5|XS:10|S:10|M:10|L:10|XL:10"
40618,"2025-04-09 08:39:53.45","#SD0618",50.00,68.00,93.00,120.90,"2025-04-09","143779967","PO",4,,,,"","ALMA","SD0618A0",30065,5002,"2025-04-09","2025-05-09","USD",93.00,60,"3XS:5|2XS:5|XS:10|S:10|M:10|L:10|XL:10"
40619,"2025-04-09 08:39:53.45","#SD0619",50.00,68.00,93.00,120.90,"2025-04-09","143779967","PO",4,,,,"","ALMA","SD0619A1",30069,6002,"2025-04-09","2025-05-09","USD",93.00,60,"3XS:5|2XS:5|XS:10|S:10|M:10|L:10|XL:10"
40620,"2025-04-09 08:39:53.45","#SD0620",50.00,68.00,93.00,120.90,"2025-04-09","143779967","PO",4,,,,"","ALMA","SD0620A0",30070,7002,"2025-04-09","2025-05-09","USD",93.00,60,"3XS:5|2XS:5|XS:10|S:10|M:10|L:10|XL:10"
40621,"2025-04-09 08:39:53.45","#SD0621",50.00,68.00,93.00,120.90,"2025-04-09","143779976","PO",4,,,,"","ALMA","SD0621A1",30071,1002,"2025-04-09","2025-05-09","USD",93.00,60,"3XS:5|2XS:5|XS:10|S:10|M:10|L:10|XL:10"
40622,"2025-04-09 08:39:53.45","#SD0622",50.00,68.00,93.00,120.90,"2025-04-09","143779976","PO",4,,,,"","ALMA","SD0622A0",30072,4002,"2025-04-09","2025-05-09","USD",93.00,60,"3XS:5|2XS:5|XS:10|S:10|M:10|L:10|XL:10"
40623,"2025-04-09 08:39:53.45","#SD0623",50.00,68.00,93.00,120.90,"2025-04-09","143779976","PO",4,,,,"","ALMA","SD0623A1",30073,5002,"2025-04-09","2025-05-09","USD",93.00,60,"3XS:5|2XS:5|XS:10|S:10|M:10|L:10|XL:10"
40624,"2025-04-09 08:39:53.45","#SD0624",50.00,68.00,93.00,120.90,"2025-04-09","143779976","PO",4,,,,"","ALMA","SD0624A1",30074,6002,"2025-04-09","2025-05-09","USD",93.00,60,"3XS:5|2XS:5|XS:10|S:10|M:10|L:10|XL:10"
40625,"2025-04-09 08:39:53.45","#SD0625",50.00,68.00,93.00,120.90,"2025-04-09","143779976","PO",4,,,,"","ALMA","SD0625A0",30075,7002,"2025-04-09","2025-05-09","USD",93.00,60,"3XS:5|2XS:5|XS:10|S:10|M:10|L:10|XL:10"
40626,"2025-04-09 08:39:53.45","#SD0626",50.00,68.00,93.00,120.90,"2025-04-09","143779982","PO",4,,,,"","ALMA","SD0626A1",30076,1002,"2025-04-09","2025-05-09","USD",93.00,60,"3XS:5|2XS:5|XS:10|S:10|M:10|L:10|XL:10"
40627,"2025-04-09 08:39:53.45","#SD0627",50.00,68.00,93.00,120.90,"2025-04-09","143779982","PO",4,,,,"","ALMA","SD0627A0",30077,4002,"2025-04-09","2025-05-09","USD",93.00,60,"3XS:5|2XS:5|XS:10|S:10|M:10|L:10|XL:10"
40628,"2025-04-09 08:39:53.45","#SD0628",50.00,68.00,93.00,120.90,"2025-04-09","143779982","PO",4,,,,"","ALMA","SD0628A1",30078,5002,"2025-04-09","2025-05-09","USD",93.00,60,"3XS:5|2XS:5|XS:10|S:10|M:10|L:10|XL:10"
40629,"2025-04-09 08:39:53.45","#SD0629",50.00,68.00,93.00,120.90,"2025-04-09","143779982","PO",4,,,,"","ALMA","SD0629A0",30079,6002,"2025-04-09","2025-05-09","USD",93.00,60,"3XS:5|2XS:5|XS:10|S:10|M:10|L:10|XL:10"
40630,"2025-04-09 08:39:53.45","#SD0630",50.00,68.00,93.00,120.90,"2025-04-09","143779982","PO",4,,,,"","ALMA","SD0630A1",30082,7002,"2025-04-09","2025-05-09","USD",93.00,60,"3XS:5|2XS:5|XS:10|S:10|M:10|L:10|XL:10"
40631,"2025-04-09 08:39:53.45","#SD0631",50.00,68.00,93.00,120.90,"2025-04-09","143779999","PO",4,,,,"","ALMA","SD0631A1",30083,1002,"2025-04-09","2025-05-09","USD",93.00,60,"3XS:5|2XS:5|XS:10|S:10|M:10|L:10|XL:10"
40632,"2025-04-09 08:39:53.45","#SD0632",50.00,68.00,93.00,120.90,"2025-04-09","143779999","PO",4,,,,"","ALMA","SD0632A0",30084,4002,"2025-04-09","2025-05-09","USD",93.00,60,"3XS:5|2XS:5|XS:10|S:10|M:10|L:10|XL:10"
40633,"2025-04-09 08:39:53.45","#SD0633",50.00,68.00,93.00,120.90,"2025-04-09","143779999","PO",4,,,,"","ALMA","SD0633A1",30085,5002,"2025-04-09","2025-05-09","USD",93.00,60,"3XS:5|2XS:5|XS:10|S:10|M:10|L:10|XL:10"
40634,"2025-04-09 08:39:53.45","#SD0634",50.00,68.00,93.00,120.90,"2025-04-09","143779999","PO",4,,,,"","ALMA","SD0634A0",30086,6002,"2025-04-09","2025-05-09","USD",93.00,60,"3XS:5|2XS:5|XS:10|S:10|M:10|L:10|XL:10"
40635,"2025-04-09 08:39:53.45","#SD0635",50.00,68.00,93.00,120.90,"2025-04-09","143779999","PO",4,,,,"","ALMA","SD0635A1",30087,7002,"2025-04-09","2025-05-09","USD",93.00,60,"3XS:5|2XS:5|XS:10|S:10|M:10|L:10|XL:10"
40636,"2025-04-09 08:39:53.45","#SD0636",50.00,68.00,93.00,120.90,"2025-04-09","143780001","PO",4,,,,"","ALMA","SD0636A0",30088,1002,"2025-04-09","2025-05-09","USD",93.00,60,"3XS:5|2XS:5|XS:10|S:10|M:10|L:10|XL:10"
40637,"2025-04-09 08:39:53.45","#SD0637",50.00,68.00,93.00,120.90,"2025-04-09","143780001","PO",4,,,,"","ALMA","SD0637A1",30089,4002,"2025-04-09","2025-05-09","USD",93.00,60,"3XS:5|2XS:5|XS:10|S:10|M:10|L:10|XL:10"
40638,"2025-04-09 08:39:53.45","#SD0638",50.00,68.00,93.00,120.90,"2025-04-09","143780001","PO",4,,,,"","ALMA","SD0638A1",30090,5002,"2025-04-09","2025-05-09","USD",93.00,60,"3XS:5|2XS:5|XS:10|S:10|M:10|L:10|XL:10"
40639,"2025-04-09 08:39:53.45","#SD0639",50.00,68.00,93.00,120.90,"2025-04-09","143780001","PO",4,,,,"","ALMA","SD0639A0",30013,6002,"2025-04-09","2025-05-09","USD",93.00,60,"3XS:5|2XS:5|XS:10|S:10|M:10|L:10|XL:10"
40640,"2025-04-09 08:39:53.45","#SD0640",50.00,68.00,93.00,120.90,"2025-04-09","143780001","PO",4,,,,"","ALMA","SD0640A1",30022,7002,"2025-04-09","2025-05-09","USD",93.00,60,"3XS:5|2XS:5|XS:10|S:10|M:10|L:10|XL:10"
40641,"2025-04-09 08:39:53.45","#SD0641",50.00,68.00,93.00,120.90,"2025-04-09","143780008","PO",4,,,,"","ALMA","SD0641A0",30025,1002,"2025-04-09","2025-05-09","USD",93.00,60,"3XS:5|2XS:5|XS:10|S:10|M:10|L:10|XL:10"
40642,"2025-04-09 08:39:53.45","#SD0642",50.00,68.00,93.00,120.90,"2025-04-09","143780008","PO",4,,,,"","ALMA","SD0642A1",30026,4002,"2025-04-09","2025-05-09","USD",93.00,60,"3XS:5|2XS:5|XS:10|S:10|M:10|L:10|XL:10"
40643,"2025-04-09 08:39:53.45","#SD0643",50.00,68.00,93.00,120.90,"2025-04-09","143780008","PO",4,,,,"","ALMA","SD0643A0",30027,5002,"2025-04-09","2025-05-09","USD",93.00,60,"3XS:5|2XS:5|XS:10|S:10|M:10|L:10|XL:10"
40644,"2025-04-09 08:39:53.45","#SD0644",50.00,68.00,93.00,120.90,"2025-04-09","143780008","PO",4,,,,"","ALMA","SD0644A1",30029,6002,"2025-04-09","2025-05-09","USD",93.00,60,"3XS:5|2XS:5|XS:10|S:10|M:10|L:10|XL:10"
40645,"2025-04-09 08:39:53.45","#SD0645",50.00,68.00,93.00,120.90,"2025-04-09","143780008","PO",4,,,,"","ALMA","SD0645A1",30045,7002,"2025-04-09","2025-05-09","USD",93.00,60,"3XS:5|2XS:5|XS:10|S:10|M:10|L:10|XL:10"
40646,"2025-04-09 08:39:53.45","#SD0646",50.00,68.00,93.00,120.90,"2025-04-09","143780009","PO",4,,,,"","ALMA","SD0646A0",30047,1002,"2025-04-09","2025-05-09","USD",93.00,60,"3XS:5|2XS:5|XS:10|S:10|M:10|L:10|XL:10"
40647,"2025-04-09 08:39:53.45","#SD0647",50.00,68.00,93.00,120.90,"2025-04-09","143780009","PO",4,,,,"","ALMA","SD0647A1",30065,4002,"2025-04-09","2025-05-09","USD",93.00,60,"3XS:5|2XS:5|XS:10|S:10|M:10|L:10|XL:10"
40648,"2025-04-09 08:39:53.45","#SD0648",50.00,68.00,93.00,120.90,"2025-04-09","143780009","PO",4,,,,"","ALMA","SD0648A0",30069,5002,"2025-04-09","2025-05-09","USD",93.00,60,"3XS:5|2XS:5|XS:10|S:10|M:10|L:10|XL:10"
40649,"2025-04-09 08:39:53.45","#SD0649",50.00,68.00,93.00,120.90,"2025-04-09","143780009","PO",4,,,,"","ALMA","SD0649A1",30070,6002,"2025-04-09","2025-05-09","USD",93.00,60,"3XS:5|2XS:5|XS:10|S:10|M:10|L:10|XL:10"
40650,"2025-04-09 08:39:53.45","#SD0650",50.00,68.00,93.00,120.90,"2025-04-09","143780009","PO",4,,,,"","ALMA","SD0650A0",30071,7002,"2025-04-09","2025-05-09","USD",93.00,60,"3XS:5|2XS:5|XS:10|S:10|M:10|L:10|XL:10"
40651,"2025-04-09 08:39:53.45","#SD0651",50.00,68.00,93.00,120.90,"2025-04-09","143780011","PO",4,,,,"","ALMA","SD0651A1",30072,1002,"2025-04-09","2025-05-09","USD",93.00,60,"3XS:5|2XS:5|XS:10|S:10|M:10|L:10|XL:10"
40652,"2025-04-09 08:39:53.45","#SD0652",50.00,68.00,93.00,120.90,"2025-04-09","143780011","PO",4,,,,"","ALMA","SD0652A1",30073,4002,"2025-04-09","2025-05-09","USD",93.00,60,"3XS:5|2XS:5|XS:10|S:10|M:10|L:10|XL:10"
40653,"2025-04-09 08:39:53.45","#SD0653",50.00,68.00,93.00,120.90,"2025-04-09","143780011","PO",4,,,,"","ALMA","SD0653A0",30074,5002,"2025-04-09","2025-05-09","USD",93.00,60,"3XS:5|2XS:5|XS:10|S:10|M:10|L:10|XL:10"
40654,"2025-04-09 08:39:53.45","#SD0654",50.00,68.00,93.00,120.90,"2025-04-09","143780011","PO",4,,,,"","ALMA","SD0654A1",30075,6002,"2025-04-09","2025-05-09","USD",93.00,60,"3XS:5|2XS:5|XS:10|S:10|M:10|L:10|XL:10"
40655,"2025-04-09 08:39:53.45","#SD0655",50.00,68.00,93.00,120.90,"2025-04-09","143780011","PO",4,,,,"","ALMA","SD0655A0",30076,7002,"2025-04-09","2025-05-09","USD",93.00,60,"3XS:5|2XS:5|XS:10|S:10|M:10|L:10|XL:10"
40656,"2025-04-09 08:39:53.45","#SD0656",50.00,68.00,93.00,120.90,"2025-04-09","143780014","PO",4,,,,"","ALMA","SD0656A1",30077,1002,"2025-04-09","2025-05-09","USD",93.00,60,"3XS:5|2XS:5|XS:10|S:10|M:10|L:10|XL:10"
40657,"2025-04-09 08:39:53.45","#SD0657",50.00,68.00,93.00,120.90,"2025-04-09","143780014","PO",4,,,,"","ALMA","SD0657A0",30078,4002,"2025-04-09","2025-05-09","USD",93.00,60,"3XS:5|2XS:5|XS:10|S:10|M:10|L:10|XL:10"
40658,"2025-04-09 08:39:53.45","#SD0658",50.00,68.00,93.00,120.90,"2025-04-09","143780014","PO",4,,,,"","ALMA","SD0658A1",30079,5002,"2025-04-09","2025-05-09","USD",93.00,60,"3XS:5|2XS:5|XS:10|S:10|M:10|L:10|XL:10"
40659,"2025-04-09 08:39:53.45","#SD0659",50.00,68.00,93.00,120.90,"2025-04-09","143780014","PO",4,,,,"","ALMA","SD0659A1",30082,6002,"2025-04-09","2025-05-09","USD",93.00,60,"3XS:5|2XS:5|XS:10|S:10|M:10|L:10|XL:10"
40660,"2025-04-09 08:39:53.45","#SD0660",50.00,68.00,93.00,120.90,"2025-04-09","143780014","PO",4,,,,"","ALMA","SD0660A0",30083,7002,"2025-04-09","2025-05-09","USD",93.00,60,"3XS:5|2XS:5|XS:10|S:10|M:10|L:10|XL:10"
40661,"2025-04-09 08:39:53.45","#SD0661",50.00,68.00,93.00,120.90,"2025-04-09","143780021","PO",4,,,,"","ALMA","SD0661A1",30084,1002,"2025-04-09","2025-05-09","USD",93.00,60,"3XS:5|2XS:5|XS:10|S:10|M:10|L:10|XL:10"
40662,"2025-04-09 08:39:53.45","#SD0662",50.00,68.00,93.00,120.90,"2025-04-09","143780021","PO",4,,,,"","ALMA","SD0662A0",30085,4002,"2025-04-09","2025-05-09","USD",93.00,60,"3XS:5|2XS:5|XS:10|S:10|M:10|L:10|XL:10"
40663,"2025-04-09 08:39:53.45","#SD0663",50.00,68.00,93.00,120.90,"2025-04-09","143780021","PO",4,,,,"","ALMA","SD0663A1",30086,5002,"2025-04-09","2025-05-09","USD",93.00,60,"3XS:5|2XS:5|XS:10|S:10|M:10|L:10|XL:10"
40664,"2025-04-09 08:39:53.45","#SD0664",50.00,68.00,93.00,120.90,"2025-04-09","143780021","PO",4,,,,"","ALMA","SD0664A0",30087,6002,"2025-04-09","2025-05-09","USD",93.00,60,"3XS:5|2XS:5|XS:10|S:10|M:10|L:10|XL:10"
40665,"2025-04-09 08:39:53.45","#SD0665",50.00,68.00,93.00,120.90,"2025-04-09","143780021","PO",4,,,,"","ALMA","SD0665A1",30088,7002,"2025-04-09","2025-05-09","USD",93.00,60,"3XS:5|2XS:5|XS:10|S:10|M:10|L:10|XL:10"
40666,"2025-04-09 08:39:53.45","#SD0666",50.00,68.00,93.00,120.90,"2025-04-09","143780039","PO",4,,,,"","ALMA","SD0666A1",30089,1002,"2025-04-09","2025-05-09","USD",93.00,60,"3XS:5|2XS:5|XS:10|S:10|M:10|L:10|XL:10"
40667,"2025-04-09 08:39:53.45","#SD0667",50.00,68.00,93.00,120.90,"2025-04-09","143780039","PO",4,,,,"","ALMA","SD0667A0",30090,4002,"2025-04-09","2025-05-09","USD",93.00,60,"3XS:5|2XS:5|XS:10|S:10|M:10|L:10|XL:10"
40668,"2025-04-09 08:39:53.45","#SD0668",50.00,68.00,93.00,120.90,"2025-04-09","143780039","PO",4,,,,"","ALMA","SD0668A1",30013,5002,"2025-04-09","2025-05-09","USD",93.00,60,"3XS:5|2XS:5|XS:10|S:10|M:10|L:10|XL:10"
40669,"2025-04-09 08:39:53.45","#SD0669",50.00,68.00,93.00,120.90,"2025-04-09","143780039","PO",4,,,,"","ALMA","SD0669A0",30022,6002,"2025-04-09","2025-05-09","USD",93.00,60,"3XS:5|2XS:5|XS:10|S:10|M:10|L:10|XL:10"
40670,"2025-04-09 08:39:53.45","#SD0670",50.00,68.00,93.00,120.90,"2025-04-09","143780039","PO",4,,,,"","ALMA","SD0670A1",30025,7002,"2025-04-09","2025-05-09","USD",93.00,60,"3XS:5|2XS:5|XS:10|S:10|M:10|L:10|XL:10"
40671,"2025-04-09 08:39:53.45","#SD0671",50.00,68.00,93.00,120.90,"2025-04-09","143780041","PO",4,,,,"","ALMA","SD0671A0",30026,1002,"2025-04-09","2025-05-09","USD",93.00,60,"3XS:5|2XS:5|XS:10|S:10|M:10|L:10|XL:10"
40672,"2025-04-09 08:39:53.45","#SD0672",50.00,68.00,93.00,120.90,"2025-04-09","143780041","PO",4,,,,"","ALMA","SD0672A1",30027,4002,"2025-04-09","2025-05-09","USD",93.00,60,"3XS:5|2XS:5|XS:10|S:10|M:10|L:10|XL:10"
40673,"2025-04-09 08:39:53.45","#SD0673",50.00,68.00,93.00,120.90,"2025-04-09","143780041","PO",4,,,,"","ALMA","SD0673A1",30029,5002,"2025-04-09","2025-05-09","USD",93.00,60,"3XS:5|2XS:5|XS:10|S:10|M:10|L:10|XL:10"
40674,"2025-04-09 08:39:53.45","#SD0674",50.00,68.00,93.00,120.90,"2025-04-09","143780041","PO",4,,,,"","ALMA","SD0674A0",30045,6002,"2025-04-09","2025-05-09","USD",93.00,60,"3XS:5|2XS:5|XS:10|S:10|M:10|L:10|XL:10"
40675,"2025-04-09 08:39:53.45","#SD0675",50.00,68.00,93.00,120.90,"2025-04-09","143780041","PO",4,,,,"","ALMA","SD0675A1",30047,7002,"2025-04-09","2025-05-09","USD",93.00,60,"3XS:5|2XS:5|XS:10|S:10|M:10|L:10|XL:10"
40676,"2025-04-09 08:39:53.45","#SD0676",50.00,68.00,93.00,120.90,"2025-04-09","143780056","PO",4,,,,"","ALMA","SD0676A0",30065,1002,"2025-04-09","2025-05-09","USD",93.00,60,"3XS:5|2XS:5|XS:10|S:10|M:10|L:10|XL:10"
40677,"2025-04-09 08:39:53.45","#SD0677",50.00,68.00,93.00,120.90,"2025-04-09","143780056","PO",4,,,,"","ALMA","SD0677A1",30069,4002,"2025-04-09","2025-05-09","USD",93.00,60,"3XS:5|2XS:5|XS:10|S:10|M:10|L:10|XL:10"
40678,"2025-04-09 08:39:53.45","#SD0678",50.00,68.00,93.00,120.90,"2025-04-09","143780056","PO",4,,,,"","ALMA","SD0678A0",30070,5002,"2025-04-09","2025-05-09","USD",93.00,60,"3XS:5|2XS:5|XS:10|S:10|M:10|L:10|XL:10"
40679,"2025-04-09 08:39:53.45","#SD0679",50.00,68.00,93.00,120.90,"2025-04-09","143780056","PO",4,,,,"","ALMA","SD0679A1",30071,6002,"2025-04-09","2025-05-09","USD",93.00,60,"3XS:5|2XS:5|XS:10|S:10|M:10|L:10|XL:10"
40680,"2025-04-09 08:39:53.45","#SD0680",50.00,68.00,93.00,120.90,"2025-04-09","143780056","PO",4,,,,"","ALMA","SD0680A1",30072,7002,"2025-04-09","2025-05-09","USD",93.00,60,"3XS:5|2XS:5|XS:10|S:10|M:10|L:10|XL:10"
40681,"2025-04-09 08:39:53.45","#SD0681",50.00,68.00,93.00,120.90,"2025-04-09","143780057","PO",4,,,,"","ALMA","SD0681A0",30073,1002,"2025-04-09","2025-05-09","USD",93.00,60,"3XS:5|2XS:5|XS:10|S:10|M:10|L:10|XL:10"
40682,"2025-04-09 08:39:53.45","#SD0682",50.00,68.00,93.00,120.90,"2025-04-09","143780057","PO",4,,,,"","ALMA","SD0682A1",30074,4002,"2025-04-09","2025-05-09","USD",93.00,60,"3XS:5|2XS:5|XS:10|S:10|M:10|L:10|XL:10"
40683,"2025-04-09 08:39:53.45","#SD0683",50.00,68.00,93.00,120.90,"2025-04-09","143780057","PO",4,,,,"","ALMA","SD0683A0",30075,5002,"2025-04-09","2025-05-09","USD",93.00,60,"3XS:5|2XS:5|XS:10|S:10|M:10|L:10|XL:10"
40684,"2025-04-09 08:39:53.45","#SD0684",50.00,68.00,93.00,120.90,"2025-04-09","143780057","PO",4,,,,"","ALMA","SD0684A1",30076,6002,"2025-04-09","2025-05-09","USD",93.00,60,"3XS:5|2XS:5|XS:10|S:10|M:10|L:10|XL:10"
40685,"2025-04-09 08:39:53.45","#SD0685",50.00,68.00,93.00,120.90,"2025-04-09","143780057","PO",4,,,,"","ALMA","SD0685A0",30077,7002,"2025-04-09","2025-05-09","USD",93.00,60,"3XS:5|2XS:5|XS:10|S:10|M:10|L:10|XL:10"
40686,"2025-04-09 08:39:53.45","#SD0686",50.00,68.00,93.00,120.90,"2025-04-09","143780068","PO",4,,,,"","ALMA","SD0686A1",30078,1002,"2025-04-09","2025-05-09","USD",93.00,60,"3XS:5|2XS:5|XS:10|S:10|M:10|L:10|XL:10"
40687,"2025-04-09 08:39:53.45","#SD0687",50.00,68.00,93.00,120.90,"2025-04-09","143780068","PO",4,,,,"","ALMA","SD0687A1",30079,4002,"2025-04-09","2025-05-09","USD",93.00,60,"3XS:5|2XS:5|XS:10|S:10|M:10|L:10|XL:10"
40688,"2025-04-09 08:39:53.45","#SD0688",50.00,68.00,93.00,120.90,"2025-04-09","143780068","PO",4,,,,"","ALMA","SD0688A0",30082,5002,"2025-04-09","2025-05-09","USD",93.00,60,"3XS:5|2XS:5|XS:10|S:10|M:10|L:10|XL:10"
40689,"2025-04-09 08:39:53.45","#SD0689",50.00,68.00,93.00,120.90,"2025-04-09","143780068","PO",4,,,,"","ALMA","SD0689A1",30083,6002,"2025-04-09","2025-05-09","USD",93.00,60,"3XS:5|2XS:5|XS:10|S:10|M:10|L:10|XL:10"
40690,"2025-04-09 08:39:53.45","#SD0690",50.00,68.00,93.00,120.90,"2025-04-09","143780068","PO",4,,,,"","ALMA","SD0690A0",30084,7002,"2025-04-09","2025-05-09","USD",93.00,60,"3XS:5|2XS:5|XS:10|S:10|M:10|L:10|XL:10"
40691,"2025-04-09 08:39:53.45","#SD0691",50.00,68.00,93.00,120.90,"2025-04-09","143780077","PO",4,,,,"","ALMA","SD0691A1",30085,1002,"2025-04-09","2025-05-09","USD",93.00,60,"3XS:5|2XS:5|XS:10|S:10|M:10|L:10|XL:10"
40692,"2025-04-09 08:39:53.45","#SD0692",50.00,68.00,93.00,120.90,"2025-04-09","143780077","PO",4,,,,"","ALMA","SD0692A0",30086,4002,"2025-04-09","2025-05-09","USD",93.00,60,"3XS:5|2XS:5|XS:10|S:10|M:10|L:10|XL:10"
40693,"2025-04-09 08:39:53.45","#SD0693",50.00,68.00,93.00,120.90,"2025-04-09","143780077","PO",4,,,,"","ALMA","SD0693A1",30087,5002,"2025-04-09","2025-05-09","USD",93.00,60,"3XS:5|2XS:5|XS:10|S:10|M:10|L:10|XL:10"
40694,"2025-04-09 08:39:53.45","#SD0694",50.00,68.00,93.00,120.90,"2025-04-09","143780077","PO",4,,,,"","ALMA","SD0694A1",30088,6002,"2025-04-09","2025-05-09","USD",93.00,60,"3XS:5|2XS:5|XS:10|S:10|M:10|L:10|XL:10"
40695,"2025-04-09 08:39:53.45","#SD0695",50.00,68.00,93.00,120.90,"2025-04-09","143780077","PO",4,,,,"","ALMA","SD0695A0",30089,7002,"2025-04-09","2025-05-09","USD",93.00,60,"3XS:5|2XS:5|XS:10|S:10|M:10|L:10|XL:10"
40696,"2025-04-09 08:39:53.45","#SD0696",50.00,68.00,93.00,120.90,"2025-04-09","143780090","PO",4,,,,"","ALMA","SD0696A1",30090,1002,"2025-04-09","2025-05-09","USD",93.00,60,"3XS:5|2XS:5|XS:10|S:10|M:10|L:10|XL:10"
40697,"2025-04-09 08:39:53.45","#SD0697",50.00,68.00,93.00,120.90,"2025-04-09","143780090","PO",4,,,,"","ALMA","SD0697A0",30013,4002,"2025-04-09","2025-05-09","USD",93.00,60,"3XS:5|2XS:5|XS:10|S:10|M:10|L:10|XL:10"
40698,"2025-04-09 08:39:53.45","#SD0698",50.00,68.00,93.00,120.90,"2025-04-09","143780090","PO",4,,,,"","ALMA","SD0698A1",30022,5002,"2025-04-09","2025-05-09","USD",93.00,60,"3XS:5|2XS:5|XS:10|S:10|M:10|L:10|XL:10"
40699,"2025-04-09 08:39:53.45","#SD0699",50.00,68.00,93.00,120.90,"2025-04-09","143780090","PO",4,,,,"","ALMA","SD0699A0",30025,6002,"2025-04-09","2025-05-09","USD",93.00,60,"3XS:5|2XS:5|XS:10|S:10|M:10|L:10|XL:10"
40700,"2025-04-09 08:39:53.45","#SD0700",50.00,68.00,93.00,120.90,"2025-04-09","143780090","PO",4,,,,"","ALMA","SD0700A1",30026,7002,"2025-04-09","2025-05-09","USD",93.00,60,"3XS:5|2XS:5|XS:10|S:10|M:10|L:10|XL:10"
40701,"2025-04-09 08:39:53.45","#SD0701",50.00,68.00,93.00,120.90,"2025-04-09","143780128","PO",4,,,,"","ALMA","SD0701A1",30027,1002,"2025-04-09","2025-05-09","USD",93.00,60,"3XS:5|2XS:5|XS:10|S:10|M:10|L:10|XL:10"
40702,"2025-04-09 08:39:53.45","#SD0702",50.00,68.00,93.00,120.90,"2025-04-09","143780128","PO",4,,,,"","ALMA","SD0702A0",30029,4002,"2025-04-09","2025-05-09","USD",93.00,60,"3XS:5|2XS:5|XS:10|S:10|M:10|L:10|XL:10"
40703,"2025-04-09 08:39:53.45","#SD0703",50.00,68.00,93.00,120.90,"2025-04-09","143780128","PO",4,,,,"","ALMA","SD0703A1",30045,5002,"2025-04-09","2025-05-09","USD",93.00,60,"3XS:5|2XS:5|XS:10|S:10|M:10|L:10|XL:10"
40704,"2025-04-09 08:39:53.45","#SD0704",50.00,68.00,93.00,120.90,"2025-04-09","143780128","PO",4,,,,"","ALMA","SD0704A0",30047,6002,"2025-04-09","2025-05-09","USD",93.00,60,"3XS:5|2XS:5|XS:10|S:10|M:10|L:10|XL:10"
40705,"2025-04-09 08:39:53.45","#SD0705",50.00,68.00,93.00,120.90,"2025-04-09","143780128","PO",4,,,,"","ALMA","SD0705A1",30065,7002,"2025-04-09","2025-05-09","USD",93.00,60,"3XS:5|2XS:5|XS:10|S:10|M:10|L:10|XL:10"
40706,"2025-04-09 08:39:53.45","#SD0706",50.00,68.00,93.00,120.90,"2025-04-09","143780131","PO",4,,,,"","ALMA","SD0706A0",30069,1002,"2025-04-09","2025-05-09","USD",93.00,60,"3XS:5|2XS:5|XS:10|S:10|M:10|L:10|XL:10"
40707,"2025-04-09 08:39:53.45","#SD0707",50.00,68.00,93.00,120.90,"2025-04-09","143780131","PO",4,,,,"","ALMA","SD0707A1",30070,4002,"2025-04-09","2025-05-09","USD",93.00,60,"3XS:5|2XS:5|XS:10|S:10|M:10|L:10|XL:10"
40708,"2025-04-09 08:39:53.45","#SD0708",50.00,68.00,93.00,120.90,"2025-04-09","143780131","PO",4,,,,"","ALMA","SD0708A1",30071,5002,"2025-04-09","2025-05-09","USD",93.00,60,"3XS:5|2XS:5|XS:10|S:10|M:10|L:10|XL:10"
40709,"2025-04-09 08:39:53.45","#SD0709",50.00,68.00,93.00,120.90,"2025-04-09","143780131","PO",4,,,,"","ALMA","SD0709A0",30072,6002,"2025-04-09","2025-05-09","USD",93.00,60,"3XS:5|2XS:5|XS:10|S:10|M:10|L:10|XL:10"
40710,"2025-04-09 08:39:53.45","#SD0710",50.00,68.00,93.00,120.90,"2025-04-09","143780131","PO",4,,,,"","ALMA","SD0710A1",30073,7002,"2025-04-09","2025-05-09","USD",93.00,60,"3XS:5|2XS:5|XS:10|S:10|M:10|L:10|XL:10"
40711,"2025-04-09 08:39:53.45","#SD0711",50.00,68.00,93.00,120.90,"2025-04-09","143780132","PO",4,,,,"","ALMA","SD0711A0",30074,1002,"2025-04-09","2025-05-09","USD",93.00,60,"3XS:5|2XS:5|XS:10|S:10|M:10|L:10|XL:10"
40712,"2025-04-09 08:39:53.45","#SD0712",50.00,68.00,93.00,120.90,"2025-04-09","143780132","PO",4,,,,"","ALMA","SD0712A1",30075,4002,"2025-04-09","2025-05-09","USD",93.00,60,"3XS:5|2XS:5|XS:10|S:10|M:10|L:10|XL:10"
40713,"2025-04-09 08:39:53.45","#SD0713",50.00,68.00,93.00,120.90,"2025-04-09","143780132","PO",4,,,,"","ALMA","SD0713A0",30076,5002,"2025-04-09","2025-05-09","USD",93.00,60,"3XS:5|2XS:5|XS:10|S:10|M:10|L:10|XL:10"
40714,"2025-04-09 08:39:53.45","#SD0714",50.00,68.00,93.00,120.90,"2025-04-09","143780132","PO",4,,,,"","ALMA","SD0714A1",30077,6002,"2025-04-09","2025-05-09","USD",93.00,60,"3XS:5|2XS:5|XS:10|S:10|M:10|L:10|XL:10"
40715,"2025-04-09 08:39:53.45","#SD0715",50.00,68.00,93.00,120.90,"2025-04-09","143780132","PO",4,,,,"","ALMA","SD0715A1",30078,7002,"2025-04-09","2025-05-09","USD",93.00,60,"3XS:5|2XS:5|XS:10|S:10|M:10|L:10|XL:10"
40716,"2025-04-09 08:39:53.45","#SD0716",50.00,68.00,93.00,120.90,"2025-04-09","143780133","PO",4,,,,"","ALMA","SD0716A0",30079,1002,"2025-04-09","2025-05-09","USD",93.00,60,"3XS:5|2XS:5|XS:10|S:10|M:10|L:10|XL:10"
40717,"2025-04-09 08:39:53.45","#SD0717",50.00,68.00,93.00,120.90,"2025-04-09","143780133","PO",4,,,,"","ALMA","SD0717A1",30082,4002,"2025-04-09","2025-05-09","USD",93.00,60,"3XS:5|2XS:5|XS:10|S:10|M:10|L:10|XL:10"
40718,"2025-04-09 08:39:53.45","#SD0718",50.00,68.00,93.00,120.90,"2025-04-09","143780133","PO",4,,,,"","ALMA","SD0718A0",30083,5002,"2025-04-09","2025-05-09","USD",93.00,60,"3XS:5|2XS:5|XS:10|S:10|M:10|L:10|XL:10"
40719,"2025-04-09 08:39:53.45","#SD0719",50.00,68.00,93.00,120.90,"2025-04-09","143780133","PO",4,,,,"","ALMA","SD0719A1",30084,6002,"2025-04-09","2025-05-09","USD",93.00,60,"3XS:5|2XS:5|XS:10|S:10|M:10|L:10|XL:10"
40720,"2025-04-09 08:39:53.45","#SD0720",50.00,68.00,93.00,120.90,"2025-04-09","143780133","PO",4,,,,"","ALMA","SD0720A0",30085,7002,"2025-04-09","2025-05-09","USD",93.00,60,"3XS:5|2XS:5|XS:10|S:10|M:10|L:10|XL:10"
40721,"2025-04-09 08:39:53.45","#SD0721",50.00,68.00,93.00,120.90,"2025-04-09","143780147","PO",4,,,,"","ALMA","SD0721A1",30086,1002,"2025-04-09","2025-05-09","USD",93.00,60,"3XS:5|2XS:5|XS:10|S:10|M:10|L:10|XL:10"
40722,"2025-04-09 08:39:53.45","#SD0722",50.00,68.00,93.00,120.90,"2025-04-09","143780147","PO",4,,,,"","ALMA","SD0722A1",30087,4002,"2025-04-09","2025-05-09","USD",93.00,60,"3XS:5|2XS:5|XS:10|S:10|M:10|L:10|XL:10"
40723,"2025-04-09 08:39:53.45","#SD0723",50.00,68.00,93.00,120.90,"2025-04-09","143780147","PO",4,,,,"","ALMA","SD0723A0",30088,5002,"2025-04-09","2025-05-09","USD",93.00,60,"3XS:5|2XS:5|XS:10|S:10|M:10|L:10|XL:10"
40724,"2025-04-09 08:39:53.45","#SD0724",50.00,68.00,93.00,120.90,"2025-04-09","143780147","PO",4,,,,"","ALMA","SD0724A1",30089,6002,"2025-04-09","2025-05-09","USD",93.00,60,"3XS:5|2XS:5|XS:10|S:10|M:10|L:10|XL:10"
40725,"2025-04-09 08:39:53.45","#SD0725",50.00,68.00,93.00,120.90,"2025-04-09","143780147","PO",4,,,,"","ALMA","SD0725A0",30090,7002,"2025-04-09","2025-05-09","USD",93.00,60,"3XS:5|2XS:5|XS:10|S:10|M:10|L:10|XL:10"
40726,"2025-04-09 08:39:53.45","#SD0726",50.00,68.00,93.00,120.90,"2025-04-09","143780158","PO",4,,,,"","ALMA","SD0726A1",30013,1002,"2025-04-09","2025-05-09","USD",93.00,60,"3XS:5|2XS:5|XS:10|S:10|M:10|L:10|XL:10"
40727,"2025-04-09 08:39:53.45","#SD0727",50.00,68.00,93.00,120.90,"2025-04-09","143780158","PO",4,,,,"","ALMA","SD0727A0",30022,4002,"2025-04-09","2025-05-09","USD",93.00,60,"3XS:5|2XS:5|XS:10|S:10|M:10|L:10|XL:10"
40728,"2025-04-09 08:39:53.45","#SD0728",50.00,68.00,93.00,120.90,"2025-04-09","143780158","PO",4,,,,"","ALMA","SD0728A1",30025,5002,"2025-04-09","2025-05-09","USD",93.00,60,"3XS:5|2XS:5|XS:10|S:10|M:10|L:10|XL:10"
40729,"2025-04-09 08:39:53.45","#SD0729",50.00,68.00,93.00,120.90,"2025-04-09","143780158","PO",4,,,,"","ALMA","SD0729A1",30026,6002,"2025-04-09","2025-05-09","USD",93.00,60,"3XS:5|2XS:5|XS:10|S:10|M:10|L:10|XL:10"
40730,"2025-04-09 08:39:53.45","#SD0730",50.00,68.00,93.00,120.90,"2025-04-09","143780158","PO",4,,,,"","ALMA","SD0730A0",30027,7002,"2025-04-09","2025-05-09","USD",93.00,60,"3XS:5|2XS:5|XS:10|S:10|M:10|L:10|XL:10"
40731,"2025-04-09 08:39:53.45","#SD0731",50.00,68.00,93.00,120.90,"2025-04-09","143780163","PO",4,,,,"","ALMA","SD0731A1",30029,1002,"2025-04-09","2025-05-09","USD",93.00,60,"3XS:5|2XS:5|XS:10|S:10|M:10|L:10|XL:10"
40732,"2025-04-09 08:39:53.45","#SD0732",50.00,68.00,93.00,120.90,"2025-04-09","143780163","PO",4,,,,"","ALMA","SD0732A0",30045,4002,"2025-04-09","2025-05-09","USD",93.00,60,"3XS:5|2XS:5|XS:10|S:10|M:10|L:10|XL:10"
40733,"2025-04-09 08:39:53.45","#SD0733",50.00,68.00,93.00,120.90,"2025-04-09","143780163","PO",4,,,,"","ALMA","SD0733A1",30047,5002,"2025-04-09","2025-05-09","USD",93.00,60,"3XS:5|2XS:5|XS:10|S:10|M:10|L:10|XL:10"
40734,"2025-04-09 08:39:53.45","#SD0734",50.00,68.00,93.00,120.90,"2025-04-09","143780163","PO",4,,,,"","ALMA","SD0734A0",30065,6002,"2025-04-09","2025-05-09","USD",93.00,60,"3XS:5|2XS:5|XS:10|S:10|M:10|L:10|XL:10"
40735,"2025-04-09 08:39:53.45","#SD0735",50.00,68.00,93.00,120.90,"2025-04-09","143780163","PO",4,,,,"","ALMA","SD0735A1",30069,7002,"2025-04-09","2025-05-09","USD",93.00,60,"3XS:5|2XS:5|XS:10|S:10|M:10|L:10|XL:10"
40736,"2025-04-09 08:39:53.45","#SD0736",50.00,68.00,93.00,120.90,"2025-04-09","143780165","PO",4,,,,"","ALMA","SD0736A1",30070,1002,"2025-04-09","2025-05-09","USD",93.00,60,"3XS:5|2XS:5|XS:10|S:10|M:10|L:10|XL:10"
40737,"2025-04-09 08:39:53.45","#SD0737",50.00,68.00,93.00,120.90,"2025-04-09","143780165","PO",4,,,,"","ALMA","SD0737A0",30071,4002,"2025-04-09","2025-05-09","USD",93.00,60,"3XS:5|2XS:5|XS:10|S:10|M:10|L:10|XL:10"
40738,"2025-04-09 08:39:53.45","#SD0738",50.00,68.00,93.00,120.90,"2025-04-09","143780165","PO",4,,,,"","ALMA","SD0738A1",30072,5002,"2025-04-09","2025-05-09","USD",93.00,60,"3XS:5|2XS:5|XS:10|S:10|M:10|L:10|XL:10"
40739,"2025-04-09 08:39:53.45","#SD0739",50.00,68.00,93.00,120.90,"2025-04-09","143780165","PO",4,,,,"","ALMA","SD0739A0",30073,6002,"2025-04-09","2025-05-09","USD",93.00,60,"3XS:5|2XS:5|XS:10|S:10|M:10|L:10|XL:10"
40740,"2025-04-09 08:39:53.45","#SD0740",50.00,68.00,93.00,120.90,"2025-04-09","143780165","PO",4,,,,"","ALMA","SD0740A1",30074,7002,"2025-04-09","2025-05-09","USD",93.00,60,"3XS:5|2XS:5|XS:10|S:10|M:10|L:10|XL:10"
40741,"2025-04-09 08:39:53.45","#SD0741",50.00,68.00,93.00,120.90,"2025-04-09","143780167","PO",4,,,,"","ALMA","SD0741A0",30075,1002,"2025-04-09","2025-05-09","USD",93.00,60,"3XS:5|2XS:5|XS:10|S:10|M:10|L:10|XL:10"
40742,"2025-04-09 08:39:53.45","#SD0742",50.00,68.00,93.00,120.90,"2025-04-09","143780167","PO",4,,,,"","ALMA","SD0742A1",30076,4002,"2025-04-09","2025-05-09","USD",93.00,60,"3XS:5|2XS:5|XS:10|S:10|M:10|L:10|XL:10"
40743,"2025-04-09 08:39:53.45","#SD0743",50.00,68.00,93.00,120.90,"2025-04-09","143780167","PO",4,,,,"","ALMA","SD0743A1",30077,5002,"2025-04-09","2025-05-09","USD",93.00,60,"3XS:5|2XS:5|XS:10|S:10|M:10|L:10|XL:10"
40744,"2025-04-09 08:39:53.45","#SD0744",50.00,68.00,93.00,120.90,"2025-04-09","143780167","PO",4,,,,"","ALMA","SD0744A0",30078,6002,"2025-04-09","2025-05-09","USD",93.00,60,"3XS:5|2XS:5|XS:10|S:10|M:10|L:10|XL:10"
40745,"2025-04-09 08:39:53.45","#SD0745",50.00,68.00,93.00,120.90,"2025-04-09","143780167","PO",4,,,,"","ALMA","SD0745A1",30079,7002,"2025-04-09","2025-05-09","USD",93.00,60,"3XS:5|2XS:5|XS:10|S:10|M:10|L:10|XL:10"
40746,"2025-04-09 08:39:53.45","#SD0746",50.00,68.00,93.00,120.90,"2025-04-09","143780173","PO",4,,,,"","ALMA","SD0746A0",30082,1002,"2025-04-09","2025-05-09","USD",93.00,60,"3XS:5|2XS:5|XS:10|S:10|M:10|L:10|XL:10"
40747,"2025-04-09 08:39:53.45","#SD0747",50.00,68.00,93.00,120.90,"2025-04-09","143780173","PO",4,,,,"","ALMA","SD0747A1",30083,4002,"2025-04-09","2025-05-09","USD",93.00,60,"3XS:5|2XS:5|XS:10|S:10|M:10|L:10|XL:10"
40748,"2025-04-09 08:39:53.45","#SD0748",50.00,68.00,93.00,120.90,"2025-04-09","143780173","PO",4,,,,"","ALMA","SD0748A0",30084,5002,"2025-04-09","2025-05-09","USD",93.00,60,"3XS:5|2XS:5|XS:10|S:10|M:10|L:10|XL:10"
40749,"2025-04-09 08:39:53.45","#SD0749",50.00,68.00,93.00,120.90,"2025-04-09","143780173","PO",4,,,,"","ALMA","SD0749A1",30085,6002,"2025-04-09","2025-05-09","USD",93.00,60,"3XS:5|2XS:5|XS:10|S:10|M:10|L:10|XL:10"
40750,"2025-04-09 08:39:53.45","#SD0750",50.00,68.00,93.00,120.90,"2025-04-09","143780173","PO",4,,,,"","ALMA","SD0750A1",30086,7002,"2025-04-09","2025-05-09","USD",93.00,60,"3XS:5|2XS:5|XS:10|S:10|M:10|L:10|XL:10"
40751,"2025-04-09 08:39:53.45","#SD0751",50.00,68.00,93.00,120.90,"2025-04-09","143780180","PO",4,,,,"","ALMA","SD0751A0",30087,1002,"2025-04-09","2025-05-09","USD",93.00,60,"3XS:5|2XS:5|XS:10|S:10|M:10|L:10|XL:10"
40752,"2025-04-09 08:39:53.45","#SD0752",50.00,68.00,93.00,120.90,"2025-04-09","143780180","PO",4,,,,"","ALMA","SD0752A1",30088,4002,"2025-04-09","2025-05-09","USD",93.00,60,"3XS:5|2XS:5|XS:10|S:10|M:10|L:10|XL:10"
40753,"2025-04-09 08:39:53.45","#SD0753",50.00,68.00,93.00,120.90,"2025-04-09","143780180","PO",4,,,,"","ALMA","SD0753A0",30089,5002,"2025-04-09","2025-05-09","USD",93.00,60,"3XS:5|2XS:5|XS:10|S:10|M:10|L:10|XL:10"
40754,"2025-04-09 08:39:53.45","#SD0754",50.00,68.00,93.00,120.90,"2025-04-09","143780180","PO",4,,,,"","ALMA","SD0754A1",30090,6002,"2025-04-09","2025-05-09","USD",93.00,60,"3XS:5|2XS:5|XS:10|S:10|M:10|L:10|XL:10"
40755,"2025-04-09 08:39:53.45","#SD0755",50.00,68.00,93.00,120.90,"2025-04-09","143780180","PO",4,,,,"","ALMA","SD0755A0",30013,7002,"2025-04-09","2025-05-09","USD",93.00,60,"3XS:5|2XS:5|XS:10|S:10|M:10|L:10|XL:10"
40756,"2025-04-09 08:39:53.45","#SD0756",50.00,68.00,93.00,120.90,"2025-04-09","143780194","PO",4,,,,"","ALMA","SD0756A1",30022,1002,"2025-04-09","2025-05-09","USD",93.00,60,"3XS:5|2XS:5|XS:10|S:10|M:10|L:10|XL:10"
40757,"2025-04-09 08:39:53.45","#SD0757",50.00,68.00,93.00,120.90,"2025-04-09","143780194","PO",4,,,,"","ALMA","SD0757A1",30025,4002,"2025-04-09","2025-05-09","USD",93.00,60,"3XS:5|2XS:5|XS:10|S:10|M:10|L:10|XL:10"
40758,"2025-04-09 08:39:53.45","#SD0758",50.00,68.00,93.00,120.90,"2025-04-09","143780194","PO",4,,,,"","ALMA","SD0758A0",30026,5002,"2025-04-09","2025-05-09","USD",93.00,60,"3XS:5|2XS:5|XS:10|S:10|M:10|L:10|XL:10"
40759,"2025-04-09 08:39:53.45","#SD0759",50.00,68.00,93.00,120.90,"2025-04-09","143780194","PO",4,,,,"","ALMA","SD0759A1",30027,6002,"2025-04-09","2025-05-09","USD",93.00,60,"3XS:5|2XS:5|XS:10|S:10|M:10|L:10|XL:10"
40760,"2025-04-09 08:39:53.45","#SD0760",50.00,68.00,93.00,120.90,"2025-04-09","143780194","PO",4,,,,"","ALMA","SD0760A0",30029,7002,"2025-04-09","2025-05-09","USD",93.00,60,"3XS:5|2XS:5|XS:10|S:10|M:10|L:10|XL:10"
40761,"2025-04-09 08:39:53.45","#SD0761",50.00,68.00,93.00,120.90,"2025-04-09","143780205","PO",4,,,,"","ALMA","SD0761A1",30045,1002,"2025-04-09","2025-05-09","USD",93.00,60,"3XS:5|2XS:5|XS:10|S:10|M:10|L:10|XL:10"
40762,"2025-04-09 08:39:53.45","#SD0762",50.00,68.00,93.00,120.90,"2025-04-09","143780205","PO",4,,,,"","ALMA","SD0762A0",30047,4002,"2025-04-09","2025-05-09","USD",93.00,60,"3XS:5|2XS:5|XS:10|S:10|M:10|L:10|XL:10"
40763,"2025-04-09 08:39:53.45","#SD0763",50.00,68.00,93.00,120.90,"2025-04-09","143780205","PO",4,,,,"","ALMA","SD0763A1",30065,5002,"2025-04-09","2025-05-09","USD",93.00,60,"3XS:5|2XS:5|XS:10|S:10|M:10|L:10|XL:10"
40764,"2025-04-09 08:39:53.45","#SD0764",50.00,68.00,93.00,120.90,"2025-04-09","143780205","PO",4,,,,"","ALMA","SD0764A1",30069,6002,"2025-04-09","2025-05-09","USD",93.00,60,"3XS:5|2XS:5|XS:10|S:10|M:10|L:10|XL:10"
40765,"2025-04-09 08:39:53.45","#SD0765",50.00,68.00,93.00,120.90,"2025-04-09","143780205","PO",4,,,,"","ALMA","SD0765A0",30070,7002,"2025-04-09","2025-05-09","USD",93.00,60,"3XS:5|2XS:5|XS:10|S:10|M:10|L:10|XL:10"
40766,"2025-04-09 08:39:53.45","#SD0766",50.00,68.00,93.00,120.90,"2025-04-09","143780209","PO",4,,,,"","ALMA","SD0766A1",30071,1002,"2025-04-09","2025-05-09","USD",93.00,60,"3XS:5|2XS:5|XS:10|S:10|M:10|L:10|XL:10"
40767,"2025-04-09 08:39:53.45","#SD0767",50.00,68.00,93.00,120.90,"2025-04-09","143780209","PO",4,,,,"","ALMA","SD0767A0",30072,4002,"2025-04-09","2025-05-09","USD",93.00,60,"3XS:5|2XS:5|XS:10|S:10|M:10|L:10|XL:10"
40768,"2025-04-09 08:39:53.45","#SD0768",50.00,68.00,93.00,120.90,"2025-04-09","143780209","PO",4,,,,"","ALMA","SD0768A1",30073,5002,"2025-04-09","2025-05-09","USD",93.00,60,"3XS:5|2XS:5|XS:10|S:10|M:10|L:10|XL:10"
40769,"2025-04-09 08:39:53.45","#SD0769",50.00,68.00,93.00,120.90,"2025-04-09","143780209","PO",4,,,,"","ALMA","SD0769A0",30074,6002,"2025-04-09","2025-05-09","USD",93.00,60,"3XS:5|2XS:5|XS:10|S:10|M:10|L:10|XL:10"
40770,"2025-04-09 08:39:53.45","#SD0770",50.00,68.00,93.00,120.90,"2025-04-09","143780209","PO",4,,,,"","ALMA","SD0770A1",30075,7002,"2025-04-09","2025-05-09","USD",93.00,60,"3XS:5|2XS:5|XS:10|S:10|M:10|L:10|XL:10"
40771,"2025-04-09 08:39:53.45","#SD0771",50.00,68.00,93.00,120.90,"2025-04-09","143780210","PO",4,,,,"","ALMA","SD0771A1",30076,1002,"2025-04-09","2025-05-09","USD",93.00,60,"3XS:5|2XS:5|XS:10|S:10|M:10|L:10|XL:10"
40772,"2025-04-09 08:39:53.45","#SD0772",50.00,68.00,93.00,120.90,"2025-04-09","143780210","PO",4,,,,"","ALMA","SD0772A0",30077,4002,"2025-04-09","2025-05-09","USD",93.00,60,"3XS:5|2XS:5|XS:10|S:10|M:10|L:10|XL:10"
40773,"2025-04-09 08:39:53.45","#SD0773",50.00,68.00,93.00,120.90,"2025-04-09","143780210","PO",4,,,,"","ALMA","SD0773A1",30078,5002,"2025-04-09","2025-05-09","USD",93.00,60,"3XS:5|2XS:5|XS:10|S:10|M:10|L:10|XL:10"
40774,"2025-04-09 08:39:53.45","#SD0774",50.00,68.00,93.00,120.90,"2025-04-09","143780210","PO",4,,,,"","ALMA","SD0774A0",30079,6002,"2025-04-09","2025-05-09","USD",93.00,60,"3XS:5|2XS:5|XS:10|S:10|M:10|L:10|XL:10"
40775,"2025-04-09 08:39:53.45","#SD0775",50.00,68.00,93.00,120.90,"2025-04-09","143780210","PO",4,,,,"","ALMA","SD0775A1",30082,7002,"2025-04-09","2025-05-09","USD",93.00,60,"3XS:5|2XS:5|XS:10|S:10|M:10|L:10|XL:10"
40776,"2025-04-09 08:39:53.45","#SD0776",50.00,68.00,93.00,120.90,"2025-04-09","143780215","PO",4,,,,"","ALMA","SD0776A0",30083,1002,"2025-04-09","2025-05-09","USD",93.00,60,"3XS:5|2XS:5|XS:10|S:10|M:10|L:10|XL:10"
40777,"2025-04-09 08:39:53.45","#SD0777",50.00,68.00,93.00,120.90,"2025-04-09","143780215","PO",4,,,,"","ALMA","SD0777A1",30084,4002,"2025-04-09","2025-05-09","USD",93.00,60,"3XS:5|2XS:5|XS:10|S:10|M:10|L:10|XL:10"
40778,"2025-04-09 08:39:53.45","#SD0778",50.00,68.00,93.00,120.90,"2025-04-09","143780215","PO",4,,,,"","ALMA","SD0778A1",30085,5002,"2025-04-09","2025-05-09","USD",93.00,60,"3XS:5|2XS:5|XS:10|S:10|M:10|L:10|XL:10"
40779,"2025-04-09 08:39:53.45","#SD0779",50.00,68.00,93.00,120.90,"2025-04-09","143780215","PO",4,,,,"","ALMA","SD0779A0",30086,6002,"2025-04-09","2025-05-09","USD",93.00,60,"3XS:5|2XS:5|XS:10|S:10|M:10|L:10|XL:10"
40780,"2025-04-09 08:39:53.45","#SD0780",50.00,68.00,93.00,120.90,"2025-04-09","143780215","PO",4,,,,"","ALMA","SD0780A1",30087,7002,"2025-04-09","2025-05-09","USD",93.00,60,"3XS:5|2XS:5|XS:10|S:10|M:10|L:10|XL:10"
40781,"2025-04-09 08:39:53.45","#SD0781",50.00,68.00,93.00,120.90,"2025-04-09","143780217","PO",4,,,,"","ALMA","SD0781A0",30088,1002,"2025-04-09","2025-05-09","USD",93.00,60,"3XS:5|2XS:5|XS:10|S:10|M:10|L:10|XL:10"
40782,"2025-04-09 08:39:53.45","#SD0782",50.00,68.00,93.00,120.90,"2025-04-09","143780217","PO",4,,,,"","ALMA","SD0782A1",30089,4002,"2025-04-09","2025-05-09","USD",93.00,60,"3XS:5|2XS:5|XS:10|S:10|M:10|L:10|XL:10"
40783,"2025-04-09 08:39:53.45","#SD0783",50.00,68.00,93.00,120.90,"2025-04-09","143780217","PO",4,,,,"","ALMA","SD0783A0",30090,5002,"2025-04-09","2025-05-09","USD",93.00,60,"3XS:5|2XS:5|XS:10|S:10|M:10|L:10|XL:10"
40784,"2025-04-09 08:39:53.45","#SD0784",50.00,68.00,93.00,120.90,"2025-04-09","143780217","PO",4,,,,"","ALMA","SD0784A1",30013,6002,"2025-04-09","2025-05-09","USD",93.00,60,"3XS:5|2XS:5|XS:10|S:10|M:10|L:10|XL:10"
40785,"2025-04-09 08:39:53.45","#SD0785",50.00,68.00,93.00,120.90,"2025-04-09","143780217","PO",4,,,,"","ALMA","SD0785A1",30022,7002,"2025-04-09","2025-05-09","USD",93.00,60,"3XS:5|2XS:5|XS:10|S:10|M:10|L:10|XL:10"
40786,"2025-04-09 08:39:53.45","#SD0786",50.00,68.00,93.00,120.90,"2025-04-09","143780221","PO",4,,,,"","ALMA","SD0786A0",30025,1002,"2025-04-09","2025-05-09","USD",93.00,60,"3XS:5|2XS:5|XS:10|S:10|M:10|L:10|XL:10"
40787,"2025-04-09 08:39:53.45","#SD0787",50.00,68.00,93.00,120.90,"2025-04-09","143780221","PO",4,,,,"","ALMA","SD0787A1",30026,4002,"2025-04-09","2025-05-09","USD",93.00,60,"3XS:5|2XS:5|XS:10|S:10|M:10|L:10|XL:10"
40788,"2025-04-09 08:39:53.45","#SD0788",50.00,68.00,93.00,120.90,"2025-04-09","143780221","PO",4,,,,"","ALMA","SD0788A0",30027,5002,"2025-04-09","2025-05-09","USD",93.00,60,"3XS:5|2XS:5|XS:10|S:10|M:10|L:10|XL:10"
40789,"2025-04-09 08:39:53.45","#SD0789",50.00,68.00,93.00,120.90,"2025-04-09","143780221","PO",4,,,,"","ALMA","SD0789A1",30029,6002,"2025-04-09","2025-05-09","USD",93.00,60,"3XS:5|2XS:5|XS:10|S:10|M:10|L:10|XL:10"
40790,"2025-04-09 08:39:53.45","#SD0790",50.00,68.00,93.00,120.90,"2025-04-09","143780221","PO",4,,,,"","ALMA","SD0790A0",30045,7002,"2025-04-09","2025-05-09","USD",93.00,60,"3XS:5|2XS:5|XS:10|S:10|M:10|L:10|XL:10"
40791,"2025-04-09 08:39:53.45","#SD0791",50.00,68.00,93.00,120.90,"2025-04-09","143780236","PO",4,,,,"","ALMA","SD0791A1",30047,1002,"2025-04-09","2025-05-09","USD",93.00,60,"3XS:5|2XS:5|XS:10|S:10|M:10|L:10|XL:10"
40792,"2025-04-09 08:39:53.45","#SD0792",50.00,68.00,93.00,120.90,"2025-04-09","143780236","PO",4,,,,"","ALMA","SD0792A1",30065,4002,"2025-04-09","2025-05-09","USD",93.00,60,"3XS:5|2XS:5|XS:10|S:10|M:10|L:10|XL:10"
40793,"2025-04-09 08:39:53.45","#SD0793",50.00,68.00,93.00,120.90,"2025-04-09","143780236","PO",4,,,,"","ALMA","SD0793A0",30069,5002,"2025-04-09","2025-05-09","USD",93.00,60,"3XS:5|2XS:5|XS:10|S:10|M:10|L:10|XL:10"
40794,"2025-04-09 08:39:53.45","#SD0794",50.00,68.00,93.00,120.90,"2025-04-09","143780236","PO",4,,,,"","ALMA","SD0794A1",30070,6002,"2025-04-09","2025-05-09","USD",93.00,60,"3XS:5|2XS:5|XS:10|S:10|M:10|L:10|XL:10"
40795,"2025-04-09 08:39:53.45","#SD0795",50.00,68.00,93.00,120.90,"2025-04-09","143780236","PO",4,,,,"","ALMA","SD0795A0",30071,7002,"2025-04-09","2025-05-09","USD",93.00,60,"3XS:5|2XS:5|XS:10|S:10|M:10|L:10|XL:10"
40796,"2025-04-09 08:39:53.45","#SD0796",50.00,68.00,93.00,120.90,"2025-04-09","143780244","PO",4,,,,"","ALMA","SD0796A1",30072,1002,"2025-04-09","2025-05-09","USD",93.00,60,"3XS:5|2XS:5|XS:10|S:10|M:10|L:10|XL:10"
40797,"2025-04-09 08:39:53.45","#SD0797",50.00,68.00,93.00,120.90,"2025-04-09","143780244","PO",4,,,,"","ALMA","SD0797A0",30073,4002,"2025-04-09","2025-05-09","USD",93.00,60,"3XS:5|2XS:5|XS:10|S:10|M:10|L:10|XL:10"
40798,"2025-04-09 08:39:53.45","#SD0798",50.00,68.00,93.00,120.90,"2025-04-09","143780244","PO",4,,,,"","ALMA","SD0798A1",30074,5002,"2025-04-09","2025-05-09","USD",93.00,60,"3XS:5|2XS:5|XS:10|S:10|M:10|L:10|XL:10"
40799,"2025-04-09 08:39:53.45","#SD0799",50.00,68.00,93.00,120.90,"2025-04-09","143780244","PO",4,,,,"","ALMA","SD0799A1",30075,6002,"2025-04-09","2025-05-09","USD",93.00,60,"3XS:5|2XS:5|XS:10|S:10|M:10|L:10|XL:10"
40800,"2025-04-09 08:39:53.45","#SD0800",50.00,68.00,93.00,120.90,"2025-04-09","143780244","PO",4,,,,"","ALMA","SD0800A0",30076,7002,"2025-04-09","2025-05-09","USD",93.00,60,"3XS:5|2XS:5|XS:10|S:10|M:10|L:10|XL:10"
40801,"2025-04-09 08:39:53.45","#SD0801",50.00,68.00,93.00,120.90,"2025-04-09","143780245","PO",4,,,,"","ALMA","SD0801A1",30077,1002,"2025-04-09","2025-05-09","USD",93.00,60,"3XS:5|2XS:5|XS:10|S:10|M:10|L:10|XL:10"
40802,"2025-04-09 08:39:53.45","#SD0802",50.00,68.00,93.00,120.90,"2025-04-09","143780245","PO",4,,,,"","ALMA","SD0802A0",30078,4002,"2025-04-09","2025-05-09","USD",93.00,60,"3XS:5|2XS:5|XS:10|S:10|M:10|L:10|XL:10"
40803,"2025-04-09 08:39:53.45","#SD0803",50.00,68.00,93.00,120.90,"2025-04-09","143780245","PO",4,,,,"","ALMA","SD0803A1",30079,5002,"2025-04-09","2025-05-09","USD",93.00,60,"3XS:5|2XS:5|XS:10|S:10|M:10|L:10|XL:10"
40804,"2025-04-09 08:39:53.45","#SD0804",50.00,68.00,93.00,120.90,"2025-04-09","143780245","PO",4,,,,"","ALMA","SD0804A0",30082,6002,"2025-04-09","2025-05-09","USD",93.00,60,"3XS:5|2XS:5|XS:10|S:10|M:10|L:10|XL:10"
40805,"2025-04-09 08:39:53.45","#SD0805",50.00,68.00,93.00,120.90,"2025-04-09","143780245","PO",4,,,,"","ALMA","SD0805A1",30083,7002,"2025-04-09","2025-05-09","USD",93.00,60,"3XS:5|2XS:5|XS:10|S:10|M:10|L:10|XL:10"
40806,"2025-04-09 08:39:53.45","#SD0806",50.00,68.00,93.00,120.90,"2025-04-09","143780260","PO",4,,,,"","ALMA","SD0806A1",30084,1002,"2025-04-09","2025-05-09","USD",93.00,60,"3XS:5|2XS:5|XS:10|S:10|M:10|L:10|XL:10"
40807,"2025-04-09 08:39:53.45","#SD0807",50.00,68.00,93.00,120.90,"2025-04-09","143780260","PO",4,,,,"","ALMA","SD0807A0",30085,4002,"2025-04-09","2025-05-09","USD",93.00,60,"3XS:5|2XS:5|XS:10|S:10|M:10|L:10|XL:10"
40808,"2025-04-09 08:39:53.45","#SD0808",50.00,68.00,93.00,120.90,"2025-04-09","143780260","PO",4,,,,"","ALMA","SD0808A1",30086,5002,"2025-04-09","2025-05-09","USD",93.00,60,"3XS:5|2XS:5|XS:10|S:10|M:10|L:10|XL:10"
40809,"2025-04-09 08:39:53.45","#SD0809",50.00,68.00,93.00,120.90,"2025-04-09","143780260","PO",4,,,,"","ALMA","SD0809A0",30087,6002,"2025-04-09","2025-05-09","USD",93.00,60,"3XS:5|2XS:5|XS:10|S:10|M:10|L:10|XL:10"
40810,"2025-04-09 08:39:53.45","#SD0810",50.00,68.00,93.00,120.90,"2025-04-09","143780260","PO",4,,,,"","ALMA","SD0810A1",30088,7002,"2025-04-09","2025-05-09","USD",93.00,60,"3XS:5|2XS:5|XS:10|S:10|M:10|L:10|XL:10"
40811,"2025-04-09 08:39:53.45","#SD0811",50.00,68.00,93.00,120.90,"2025-04-09","143780264","PO",4,,,,"","ALMA","SD0811A0",30089,1002,"2025-04-09","2025-05-09","USD",93.00,60,"3XS:5|2XS:5|XS:10|S:10|M:10|L:10|XL:10"
40812,"2025-04-09 08:39:53.45","#SD0812",50.00,68.00,93.00,120.90,"2025-04-09","143780264","PO",4,,,,"","ALMA","SD0812A1",30090,4002,"2025-04-09","2025-05-09","USD",93.00,60,"3XS:5|2XS:5|XS:10|S:10|M:10|L:10|XL:10"
40813,"2025-04-09 08:39:53.45","#SD0813",50.00,68.00,93.00,120.90,"2025-04-09","143780264","PO",4,,,,"","ALMA","SD0813A1",30013,5002,"2025-04-09","2025-05-09","USD",93.00,60,"3XS:5|2XS:5|XS:10|S:10|M:10|L:10|XL:10"
40814,"2025-04-09 08:39:53.45","#SD0814",50.00,68.00,93.00,120.90,"2025-04-09","143780264","PO",4,,,,"","ALMA","SD0814A0",30022,6002,"2025-04-09","2025-05-09","USD",93.00,60,"3XS:5|2XS:5|XS:10|S:10|M:10|L:10|XL:10"
40815,"2025-04-09 08:39:53.45","#SD0815",50.00,68.00,93.00,120.90,"2025-04-09","143780264","PO",4,,,,"","ALMA","SD0815A1",30025,7002,"2025-04-09","2025-05-09","USD",93.00,60,"3XS:5|2XS:5|XS:10|S:10|M:10|L:10|XL:10"
40816,"2025-04-09 08:39:53.45","#SD0816",50.00,68.00,93.00,120.90,"2025-04-09","143780272","PO",4,,,,"","ALMA","SD0816A0",30026,1002,"2025-04-09","2025-05-09","USD",93.00,60,"3XS:5|2XS:5|XS:10|S:10|M:10|L:10|XL:10"
40817,"2025-04-09 08:39:53.45","#SD0817",50.00,68.00,93.00,120.90,"2025-04-09","143780272","PO",4,,,,"","ALMA","SD0817A1",30027,4002,"2025-04-09","2025-05-09","USD",93.00,60,"3XS:5|2XS:5|XS:10|S:10|M:10|L:10|XL:10"
40818,"2025-04-09 08:39:53.45","#SD0818",50.00,68.00,93.00,120.90,"2025-04-09","143780272","PO",4,,,,"","ALMA","SD0818A0",30029,5002,"2025-04-09","2025-05-09","USD",93.00,60,"3XS:5|2XS:5|XS:10|S:10|M:10|L:10|XL:10"
40819,"2025-04-09 08:39:53.45","#SD0819",50.00,68.00,93.00,120.90,"2025-04-09","143780272","PO",4,,,,"","ALMA","SD0819A1",30045,6002,"2025-04-09","2025-05-09","USD",93.00,60,"3XS:5|2XS:5|XS:10|S:10|M:10|L:10|XL:10"
40820,"2025-04-09 08:39:53.45","#SD0820",50.00,68.00,93.00,120.90,"2025-04-09","143780272","PO",4,,,,"","ALMA","SD0820A1",30047,7002,"2025-04-09","2025-05-09","USD",93.00,60,"3XS:5|2XS:5|XS:10|S:10|M:10|L:10|XL:10"
40821,"2025-04-09 08:39:53.45","#SD0821",50.00,68.00,93.00,120.90,"2025-04-09","143780282","PO",4,,,,"","ALMA","SD0821A0",30065,1002,"2025-04-09","2025-05-09","USD",93.00,60,"3XS:5|2XS:5|XS:10|S:10|M:10|L:10|XL:10"
40822,"2025-04-09 08:39:53.45","#SD0822",50.00,68.00,93.00,120.90,"2025-04-09","143780282","PO",4,,,,"","ALMA","SD0822A1",30069,4002,"2025-04-09","2025-05-09","USD",93.00,60,"3XS:5|2XS:5|XS:10|S:10|M:10|L:10|XL:10"
40823,"2025-04-09 08:39:53.45","#SD0823",50.00,68.00,93.00,120.90,"2025-04-09","143780282","PO",4,,,,"","ALMA","SD0823A0",30070,5002,"2025-04-09","2025-05-09","USD",93.00,60,"3XS:5|2XS:5|XS:10|S:10|M:10|L:10|XL:10"
40824,"2025-04-09 08:39:53.45","#SD0824",50.00,68.00,93.00,120.90,"2025-04-09","143780282","PO",4,,,,"","ALMA","SD0824A1",30071,6002,"2025-04-09","2025-05-09","USD",93.00,60,"3XS:5|2XS:5|XS:10|S:10|M:10|L:10|XL:10"
40825,"2025-04-09 08:39:53.45","#SD0825",50.00,68.00,93.00,120.90,"2025-04-09","143780282","PO",4,,,,"","ALMA","SD0825A0",30072,7002,"2025-04-09","2025-05-09","USD",93.00,60,"3XS:5|2XS:5|XS:10|S:10|M:10|L:10|XL:10"
40826,"2025-04-09 08:39:53.45","#SD0826",50.00,68.00,93.00,120.90,"2025-04-09","143780326","PO",4,,,,"","ALMA","SD0826A1",30073,1002,"2025-04-09","2025-05-09","USD",93.00,60,"3XS:5|2XS:5|XS:10|S:10|M:10|L:10|XL:10"
40827,"2025-04-09 08:39:53.45","#SD0827",50.00,68.00,93.00,120.90,"2025-04-09","143780326","PO",4,,,,"","ALMA","SD0827A1",30074,4002,"2025-04-09","2025-05-09","USD",93.00,60,"3XS:5|2XS:5|XS:10|S:10|M:10|L:10|XL:10"
40828,"2025-04-09 08:39:53.45","#SD0828",50.00,68.00,93.00,120.90,"2025-04-09","143780326","PO",4,,,,"","ALMA","SD0828A0",30075,5002,"2025-04-09","2025-05-09","USD",93.00,60,"3XS:5|2XS:5|XS:10|S:10|M:10|L:10|XL:10"
40829,"2025-04-09 08:39:53.45","#SD0829",50.00,68.00,93.00,120.90,"2025-04-09","143780326","PO",4,,,,"","ALMA","SD0829A1",30076,6002,"2025-04-09","2025-05-09","USD",93.00,60,"3XS:5|2XS:5|XS:10|S:10|M:10|L:10|XL:10"
40830,"2025-04-09 08:39:53.45","#SD0830",50.00,68.00,93.00,120.90,"2025-04-09","143780326","PO",4,,,,"","ALMA","SD0830A0",30077,7002,"2025-04-09","2025-05-09","USD",93.00,60,"3XS:5|2XS:5|XS:10|S:10|M:10|L:10|XL:10"
40831,"2025-04-09 08:39:53.45","#SD0831",50.00,68.00,93.00,120.90,"2025-04-09","143780330","PO",4,,,,"","ALMA","SD0831A1",30078,1002,"2025-04-09","2025-05-09","USD",93.00,60,"3XS:5|2XS:5|XS:10|S:10|M:10|L:10|XL:10"
40832,"2025-04-09 08:39:53.45","#SD0832",50.00,68.00,93.00,120.90,"2025-04-09","143780330","PO",4,,,,"","ALMA","SD0832A0",30079,4002,"2025-04-09","2025-05-09","USD",93.00,60,"3XS:5|2XS:5|XS:10|S:10|M:10|L:10|XL:10"
40833,"2025-04-09 08:39:53.45","#SD0833",50.00,68.00,93.00,120.90,"2025-04-09","143780330","PO",4,,,,"","ALMA","SD0833A1",30082,5002,"2025-04-09","2025-05-09","USD",93.00,60,"3XS:5|2XS:5|XS:10|S:10|M:10|L:10|XL:10"
40834,"2025-04-09 08:39:53.45","#SD0834",50.00,68.00,93.00,120.90,"2025-04-09","143780330","PO",4,,,,"","ALMA","SD0834A1",30083,6002,"2025-04-09","2025-05-09","USD",93.00,60,"3XS:5|2XS:5|XS:10|S:10|M:10|L:10|XL:10"
40835,"2025-04-09 08:39:53.45","#SD0835",50.00,68.00,93.00,120.90,"2025-04-09","143780330","PO",4,,,,"","ALMA","SD0835A0",30084,7002,"2025-04-09","2025-05-09","USD",93.00,60,"3XS:5|2XS:5|XS:10|S:10|M:10|L:10|XL:10"
40836,"2025-04-09 08:39:53.45","#SD0836",50.00,68.00,93.00,120.90,"2025-04-09","143780338","PO",4,,,,"","ALMA","SD0836A1",30085,1002,"2025-04-09","2025-05-09","USD",93.00,60,"3XS:5|2XS:5|XS:10|S:10|M:10|L:10|XL:10"
40837,"2025-04-09 08:39:53.45","#SD0837",50.00,68.00,93.00,120.90,"2025-04-09","143780338","PO",4,,,,"","ALMA","SD0837A0",30086,4002,"2025-04-09","2025-05-09","USD",93.00,60,"3XS:5|2XS:5|XS:10|S:10|M:10|L:10|XL:10"
40838,"2025-04-09 08:39:53.45","#SD0838",50.00,68.00,93.00,120.90,"2025-04-09","143780338","PO",4,,,,"","ALMA","SD0838A1",30087,5002,"2025-04-09","2025-05-09","USD",93.00,60,"3XS:5|2XS:5|XS:10|S:10|M:10|L:10|XL:10"
40839,"2025-04-09 08:39:53.45","#SD0839",50.00,68.00,93.00,120.90,"2025-04-09","143780338","PO",4,,,,"","ALMA","SD0839A0",30088,6002,"2025-04-09","2025-05-09","USD",93.00,60,"3XS:5|2XS:5|XS:10|S:10|M:10|L:10|XL:10"
40840,"2025-04-09 08:39:53.45","#SD0840",50.00,68.00,93.00,120.90,"2025-04-09","143780338","PO",4,,,,"","ALMA","SD0840A1",30089,7002,"2025-04-09","2025-05-09","USD",93.00,60,"3XS:5|2XS:5|XS:10|S:10|M:10|L:10|XL:10"
40841,"2025-04-09 08:39:53.45","#SD0841",50.00,68.00,93.00,120.90,"2025-04-09","143780343","PO",4,,,,"","ALMA","SD0841A1",30090,1002,"2025-04-09","2025-05-09","USD",93.00,60,"3XS:5|2XS:5|XS:10|S:10|M:10|L:10|XL:10"
40842,"2025-04-09 08:39:53.45","#SD0842",50.00,68.00,93.00,120.90,"2025-04-09","143780343","PO",4,,,,"","ALMA","SD0842A0",30013,4002,"2025-04-09","2025-05-09","USD",93.00,60,"3XS:5|2XS:5|XS:10|S:10|M:10|L:10|XL:10"
40843,"2025-04-09 08:39:53.45","#SD0843",50.00,68.00,93.00,120.90,"2025-04-09","143780343","PO",4,,,,"","ALMA","SD0843A1",30022,5002,"2025-04-09","2025-05-09","USD",93.00,60,"3XS:5|2XS:5|XS:10|S:10|M:10|L:10|XL:10"
40844,"2025-04-09 08:39:53.45","#SD0844",50.00,68.00,93.00,120.90,"2025-04-09","143780343","PO",4,,,,"","ALMA","SD0844A0",30025,6002,"2025-04-09","2025-05-09","USD",93.00,60,"3XS:5|2XS:5|XS:10|S:10|M:10|L:10|XL:10"
40845,"2025-04-09 08:39:53.45","#SD0845",50.00,68.00,93.00,120.90,"2025-04-09","143780343","PO",4,,,,"","ALMA","SD0845A1",30026,7002,"2025-04-09","2025-05-09","USD",93.00,60,"3XS:5|2XS:5|XS:10|S:10|M:10|L:10|XL:10"
40846,"2025-04-09 08:39:53.45","#SD0846",50.00,68.00,93.00,120.90,"2025-04-09","143780347","PO",4,,,,"","ALMA","SD0846A0",30027,1002,"2025-04-09","2025-05-09","USD",93.00,60,"3XS:5|2XS:5|XS:10|S:10|M:10|L:10|XL:10"
40847,"2025-04-09 08:39:53.45","#SD0847",50.00,68.00,93.00,120.90,"2025-04-09","143780347","PO",4,,,,"","ALMA","SD0847A1",30029,4002,"2025-04-09","2025-05-09","USD",93.00,60,"3XS:5|2XS:5|XS:10|S:10|M:10|L:10|XL:10"
40848,"2025-04-09 08:39:53.45","#SD0848",50.00,68.00,93.00,120.90,"2025-04-09","143780347","PO",4,,,,"","ALMA","SD0848A1",30045,5002,"2025-04-09","2025-05-09","USD",93.00,60,"3XS:5|2XS:5|XS:10|S:10|M:10|L:10|XL:10"
40849,"2025-04-09 08:39:53.45","#SD0849",50.00,68.00,93.00,120.90,"2025-04-09","143780347","PO",4,,,,"","ALMA","SD0849A0",30047,6002,"2025-04-09","2025-05-09","USD",93.00,60,"3XS:5|2XS:5|XS:10|S:10|M:10|L:10|XL:10"
40850,"2025-04-09 08:39:53.45","#SD0850",50.00,68.00,93.00,120.90,"2025-04-09","143780347","PO",4,,,,"","ALMA","SD0850A1",30065,7002,"2025-04-09","2025-05-09","USD",93.00,60,"3XS:5|2XS:5|XS:10|S:10|M:10|L:10|XL:10"
40851,"2025-04-09 08:39:53.45","#SD0851",50.00,68.00,93.00,120.90,"2025-04-09","143780358","PO",4,,,,"","ALMA","SD0851A0",30069,1002,"2025-04-09","2025-05-09","USD",93.00,60,"3XS:5|2XS:5|XS:10|S:10|M:10|L:10|XL:10"
40852,"2025-04-09 08:39:53.45","#SD0852",50.00,68.00,93.00,120.90,"2025-04-09","143780358","PO",4,,,,"","ALMA","SD0852A1",30070,4002,"2025-04-09","2025-05-09","USD",93.00,60,"3XS:5|2XS:5|XS:10|S:10|M:10|L:10|XL:10"
40853,"2025-04-09 08:39:53.45","#SD0853",50.00,68.00,93.00,120.90,"2025-04-09","143780358","PO",4,,,,"","ALMA","SD0853A0",30071,5002,"2025-04-09","2025-05-09","USD",93.00,60,"3XS:5|2XS:5|XS:10|S:10|M:10|L:10|XL:10"
40854,"2025-04-09 08:39:53.45","#SD0854",50.00,68.00,93.00,120.90,"2025-04-09","143780358","PO",4,,,,"","ALMA","SD0854A1",30072,6002,"2025-04-09","2025-05-09","USD",93.00,60,"3XS:5|2XS:5|XS:10|S:10|M:10|L:10|XL:10"
40855,"2025-04-09 08:39:53.45","#SD0855",50.00,68.00,93.00,120.90,"2025-04-09","143780358","PO",4,,,,"","ALMA","SD0855A1",30073,7002,"2025-04-09","2025-05-09","USD",93.00,60,"3XS:5|2XS:5|XS:10|S:10|M:10|L:10|XL:10"
40856,"2025-04-09 08:39:53.45","#SD0856",50.00,68.00,93.00,120.90,"2025-04-09","143780359","PO",4,,,,"","ALMA","SD0856A0",30074,1002,"2025-04-09","2025-05-09","USD",93.00,60,"3XS:5|2XS:5|XS:10|S:10|M:10|L:10|XL:10"
40857,"2025-04-09 08:39:53.45","#SD0857",50.00,68.00,93.00,120.90,"2025-04-09","143780359","PO",4,,,,"","ALMA","SD0857A1",30075,4002,"2025-04-09","2025-05-09","USD",93.00,60,"3XS:5|2XS:5|XS:10|S:10|M:10|L:10|XL:10"
40858,"2025-04-09 08:39:53.45","#SD0858",50.00,68.00,93.00,120.90,"2025-04-09","143780359","PO",4,,,,"","ALMA","SD0858A0",30076,5002,"2025-04-09","2025-05-09","USD",93.00,60,"3XS:5|2XS:5|XS:10|S:10|M:10|L:10|XL:10"
40859,"2025-04-09 08:39:53.45","#SD0859",50.00,68.00,93.00,120.90,"2025-04-09","143780359","PO",4,,,,"","ALMA","SD0859A1",30077,6002,"2025-04-09","2025-05-09","USD",93.00,60,"3XS:5|2XS:5|XS:10|S:10|M:10|L:10|XL:10"
40860,"2025-04-09 08:39:53.45","#SD0860",50.00,68.00,93.00,120.90,"2025-04-09","143780359","PO",4,,,,"","ALMA","SD0860A0",30078,7002,"2025-04-09","2025-05-09","USD",93.00,60,"3XS:5|2XS:5|XS:10|S:10|M:10|L:10|XL:10"
40861,"2025-04-09 08:39:53.45","#SD0861",50.00,68.00,93.00,120.90,"2025-04-09","143780366","PO",4,,,,"","ALMA","SD0861A1",30079,1002,"2025-04-09","2025-05-09","USD",93.00,60,"3XS:5|2XS:5|XS:10|S:10|M:10|L:10|XL:10"
40862,"2025-04-09 08:39:53.45","#SD0862",50.00,68.00,93.00,120.90,"2025-04-09","143780366","PO",4,,,,"","ALMA","SD0862A1",30082,4002,"2025-04-09","2025-05-09","USD",93.00,60,"3XS:5|2XS:5|XS:10|S:10|M:10|L:10|XL:10"
40863,"2025-04-09 08:39:53.45","#SD0863",50.00,68.00,93.00,120.90,"2025-04-09","143780366","PO",4,,,,"","ALMA","SD0863A0",30083,5002,"2025-04-09","2025-05-09","USD",93.00,60,"3XS:5|2XS:5|XS:10|S:10|M:10|L:10|XL:10"
40864,"2025-04-09 08:39:53.45","#SD0864",50.00,68.00,93.00,120.90,"2025-04-09","143780366","PO",4,,,,"","ALMA","SD0864A1",30084,6002,"2025-04-09","2025-05-09","USD",93.00,60,"3XS:5|2XS:5|XS:10|S:10|M:10|L:10|XL:10"
40865,"2025-04-09 08:39:53.45","#SD0865",50.00,68.00,93.00,120.90,"2025-04-09","143780366","PO",4,,,,"","ALMA","SD0865A0",30085,7002,"2025-04-09","2025-05-09","USD",93.00,60,"3XS:5|2XS:5|XS:10|S:10|M:10|L:10|XL:10"
40866,"2025-04-09 08:39:53.45","#SD0866",50.00,68.00,93.00,120.90,"2025-04-09","143780369","PO",4,,,,"","ALMA","SD0866A1",30086,1002,"2025-04-09","2025-05-09","USD",93.00,60,"3XS:5|2XS:5|XS:10|S:10|M:10|L:10|XL:10"
40867,"2025-04-09 08:39:53.45","#SD0867",50.00,68.00,93.00,120.90,"2025-04-09","143780369","PO",4,,,,"","ALMA","SD0867A0",30087,4002,"2025-04-09","2025-05-09","USD",93.00,60,"3XS:5|2XS:5|XS:10|S:10|M:10|L:10|XL:10"
40868,"2025-04-09 08:39:53.45","#SD0868",50.00,68.00,93.00,120.90,"2025-04-09","143780369","PO",4,,,,"","ALMA","SD0868A1",30088,5002,"2025-04-09","2025-05-09","USD",93.00,60,"3XS:5|2XS:5|XS:10|S:10|M:10|L:10|XL:10"
40869,"2025-04-09 08:39:53.45","#SD0869",50.00,68.00,93.00,120.90,"2025-04-09","143780369","PO",4,,,,"","ALMA","SD0869A1",30089,6002,"2025-04-09","2025-05-09","USD",93.00,60,"3XS:5|2XS:5|XS:10|S:10|M:10|L:10|XL:10"
40870,"2025-04-09 08:39:53.45","#SD0870",50.00,68.00,93.00,120.90,"2025-04-09","143780369","PO",4,,,,"","ALMA","SD0870A0",30090,7002,"2025-04-09","2025-05-09","USD",93.00,60,"3XS:5|2XS:5|XS:10|S:10|M:10|L:10|XL:10"
40871,"2025-04-09 08:39:53.45","#SD0871",50.00,68.00,93.00,120.90,"2025-04-09","143780375","PO",4,,,,"","ALMA","SD0871A1",30013,1002,"2025-04-09","2025-05-09","USD",93.00,60,"3XS:5|2XS:5|XS:10|S:10|M:10|L:10|XL:10"
40872,"2025-04-09 08:39:53.45","#SD0872",50.00,68.00,93.00,120.90,"2025-04-09","143780375","PO",4,,,,"","ALMA","SD0872A0",30022,4002,"2025-04-09","2025-05-09","USD",93.00,60,"3XS:5|2XS:5|XS:10|S:10|M:10|L:10|XL:10"
40873,"2025-04-09 08:39:53.45","#SD0873",50.00,68.00,93.00,120.90,"2025-04-09","143780375","PO",4,,,,"","ALMA","SD0873A1",30025,5002,"2025-04-09","2025-05-09","USD",93.00,60,"3XS:5|2XS:5|XS:10|S:10|M:10|L:10|XL:10"
40874,"2025-04-09 08:39:53.45","#SD0874",50.00,68.00,93.00,120.90,"2025-04-09","143780375","PO",4,,,,"","ALMA","SD0874A0",30026,6002,"2025-04-09","2025-05-09","USD",93.00,60,"3XS:5|2XS:5|XS:10|S:10|M:10|L:10|XL:10"
40875,"2025-04-09 08:39:53.45","#SD0875",50.00,68.00,93.00,120.90,"2025-04-09","143780375","PO",4,,,,"","ALMA","SD0875A1",30027,7002,"2025-04-09","2025-05-09","USD",93.00,60,"3XS:5|2XS:5|XS:10|S:10|M:10|L:10|XL:10"
40876,"2025-04-09 08:39:53.45","#SD0876",50.00,68.00,93.00,120.90,"2025-04-09","143780376","PO",4,,,,"","ALMA","SD0876A1",30029,1002,"2025-04-09","2025-05-09","USD",93.00,60,"3XS:5|2XS:5|XS:10|S:10|M:10|L:10|XL:10"
40877,"2025-04-09 08:39:53.45","#SD0877",50.00,68.00,93.00,120.90,"2025-04-09","143780376","PO",4,,,,"","ALMA","SD0877A0",30045,4002,"2025-04-09","2025-05-09","USD",93.00,60,"3XS:5|2XS:5|XS:10|S:10|M:10|L:10|XL:10"
40878,"2025-04-09 08:39:53.45","#SD0878",50.00,68.00,93.00,120.90,"2025-04-09","143780376","PO",4,,,,"","ALMA","SD0878A1",30047,5002,"2025-04-09","2025-05-09","USD",93.00,60,"3XS:5|2XS:5|XS:10|S:10|M:10|L:10|XL:10"
40879,"2025-04-09 08:39:53.45","#SD0879",50.00,68.00,93.00,120.90,"2025-04-09","143780376","PO",4,,,,"","ALMA","SD0879A0",30065,6002,"2025-04-09","2025-05-09","USD",93.00,60,"3XS:5|2XS:5|XS:10|S:10|M:10|L:10|XL:10"
40880,"2025-04-09 08:39:53.45","#SD0880",50.00,68.00,93.00,120.90,"2025-04-09","143780376","PO",4,,,,"","ALMA","SD0880A1",30069,7002,"2025-04-09","2025-05-09","USD",93.00,60,"3XS:5|2XS:5|XS:10|S:10|M:10|L:10|XL:10"
40881,"2025-04-09 08:39:53.45","#SD0881",50.00,68.00,93.00,120.90,"2025-04-09","143780398","PO",4,,,,"","ALMA","SD0881A0",30070,1002,"2025-04-09","2025-05-09","USD",93.00,60,"3XS:5|2XS:5|XS:10|S:10|M:10|L:10|XL:10"
40882,"2025-04-09 08:39:53.45","#SD0882",50.00,68.00,93.00,120.90,"2025-04-09","143780398","PO",4,,,,"","ALMA","SD0882A1",30071,4002,"2025-04-09","2025-05-09","USD",93.00,60,"3XS:5|2XS:5|XS:10|S:10|M:10|L:10|XL:10"
40883,"2025-04-09 08:39:53.45","#SD0883",50.00,68.00,93.00,120.90,"2025-04-09","143780398","PO",4,,,,"","ALMA","SD0883A1",30072,5002,"2025-04-09","2025-05-09","USD",93.00,60,"3XS:5|2XS:5|XS:10|S:10|M:10|L:10|XL:10"
40884,"2025-04-09 08:39:53.45","#SD0884",50.00,68.00,93.00,120.90,"2025-04-09","143780398","PO",4,,,,"","ALMA","SD0884A0",30073,6002,"2025-04-09","2025-05-09","USD",93.00,60,"3XS:5|2XS:5|XS:10|S:10|M:10|L:10|XL:10"
40885,"2025-04-09 08:39:53.45","#SD0885",50.00,68.00,93.00,120.90,"2025-04-09","143780398","PO",4,,,,"","ALMA","SD0885A1",30074,7002,"2025-04-09","2025-05-09","USD",93.00,60,"3XS:5|2XS:5|XS:10|S:10|M:10|L:10|XL:10"
40886,"2025-04-09 08:39:53.45","#SD0886",50.00,68.00,93.00,120.90,"2025-04-09","143780400","PO",4,,,,"","ALMA","SD0886A0",30075,1002,"2025-04-09","2025-05-09","USD",93.00,60,"3XS:5|2XS:5|XS:10|S:10|M:10|L:10|XL:10"
40887,"2025-04-09 08:39:53.45","#SD0887",50.00,68.00,93.00,120.90,"2025-04-09","143780400","PO",4,,,,"","ALMA","SD0887A1",30076,4002,"2025-04-09","2025-05-09","USD",93.00,60,"3XS:5|2XS:5|XS:10|S:10|M:10|L:10|XL:10"
40888,"2025-04-09 08:39:53.45","#SD0888",50.00,68.00,93.00,120.90,"2025-04-09","143780400","PO",4,,,,"","ALMA","SD0888A0",30077,5002,"2025-04-09","2025-05-09","USD",93.00,60,"3XS:5|2XS:5|XS:10|S:10|M:10|L:10|XL:10"
40889,"2025-04-09 08:39:53.45","#SD0889",50.00,68.00,93.00,120.90,"2025-04-09","143780400","PO",4,,,,"","ALMA","SD0889A1",30078,6002,"2025-04-09","2025-05-09","USD",93.00,60,"3XS:5|2XS:5|XS:10|S:10|M:10|L:10|XL:10"
40890,"2025-04-09 08:39:53.45","#SD0890",50.00,68.00,93.00,120.90,"2025-04-09","143780400","PO",4,,,,"","ALMA","SD0890A1",30079,7002,"2025-04-09","2025-05-09","USD",93.00,60,"3XS:5|2XS:5|XS:10|S:10|M:10|L:10|XL:10"
40891,"2025-04-09 08:39:53.45","#SD0891",50.00,68.00,93.00,120.90,"2025-04-09","143780404","PO",4,,,,"","ALMA","SD0891A0",30082,1002,"2025-04-09","2025-05-09","USD",93.00,60,"3XS:5|2XS:5|XS:10|S:10|M:10|L:10|XL:10"
40892,"2025-04-09 08:39:53.45","#SD0892",50.00,68.00,93.00,120.90,"2025-04-09","143780404","PO",4,,,,"","ALMA","SD0892A1",30083,4002,"2025-04-09","2025-05-09","USD",93.00,60,"3XS:5|2XS:5|XS:10|S:10|M:10|L:10|XL:10"
40893,"2025-04-09 08:39:53.45","#SD0893",50.00,68.00,93.00,120.90,"2025-04-09","143780404","PO",4,,,,"","ALMA","SD0893A0",30084,5002,"2025-04-09","2025-05-09","USD",93.00,60,"3XS:5|2XS:5|XS:10|S:10|M:10|L:10|XL:10"
40894,"2025-04-09 08:39:53.45","#SD0894",50.00,68.00,93.00,120.90,"2025-04-09","143780404","PO",4,,,,"","ALMA","SD0894A1",30085,6002,"2025-04-09","2025-05-09","USD",93.00,60,"3XS:5|2XS:5|XS:10|S:10|M:10|L:10|XL:10"
40895,"2025-04-09 08:39:53.45","#SD0895",50.00,68.00,93.00,120.90,"2025-04-09","143780404","PO",4,,,,"","ALMA","SD0895A0",30086,7002,"2025-04-09","2025-05-09","USD",93.00,60,"3XS:5|2XS:5|XS:10|S:10|M:10|L:10|XL:10"
40896,"2025-04-09 08:39:53.45","#SD0896",50.00,68.00,93.00,120.90,"2025-04-09","143780407","PO",4,,,,"","ALMA","SD0896A1",30087,1002,"2025-04-09","2025-05-09","USD",93.00,60,"3XS:5|2XS:5|XS:10|S:10|M:10|L:10|XL:10"
40897,"2025-04-09 08:39:53.45","#SD0897",50.00,68.00,93.00,120.90,"2025-04-09","143780407","PO",4,,,,"","ALMA","SD0897A1",30088,4002,"2025-04-09","2025-05-09","USD",93.00,60,"3XS:5|2XS:5|XS:10|S:10|M:10|L:10|XL:10"
40898,"2025-04-09 08:39:53.45","#SD0898",50.00,68.00,93.00,120.90,"2025-04-09","143780407","PO",4,,,,"","ALMA","SD0898A0",30089,5002,"2025-04-09","2025-05-09","USD",93.00,60,"3XS:5|2XS:5|XS:10|S:10|M:10|L:10|XL:10"
40899,"2025-04-09 08:39:53.45","#SD0899",50.00,68.00,93.00,120.90,"2025-04-09","143780407","PO",4,,,,"","ALMA","SD0899A1",30090,6002,"2025-04-09","2025-05-09","USD",93.00,60,"3XS:5|2XS:5|XS:10|S:10|M:10|L:10|XL:10"
40900,"2025-04-09 08:39:53.45","#SD0900",50.00,68.00,93.00,120.90,"2025-04-09","143780407","PO",4,,,,"","ALMA","SD0900A0",30013,7002,"2025-04-09","2025-05-09","USD",93.00,60,"3XS:5|2XS:5|XS:10|S:10|M:10|L:10|XL:10"
40901,"2025-04-09 08:39:53.45","#SD0901",50.00,68.00,93.00,120.90,"2025-04-09","143780415","PO",4,,,,"","ALMA","SD0901A1",30022,1002,"2025-04-09","2025-05-09","USD",93.00,60,"3XS:5|2XS:5|XS:10|S:10|M:10|L:10|XL:10"
40902,"2025-04-09 08:39:53.45","#SD0902",50.00,68.00,93.00,120.90,"2025-04-09","143780415","PO",4,,,,"","ALMA","SD0902A0",30025,4002,"2025-04-09","2025-05-09","USD",93.00,60,"3XS:5|2XS:5|XS:10|S:10|M:10|L:10|XL:10"
40903,"2025-04-09 08:39:53.45","#SD0903",50.00,68.00,93.00,120.90,"2025-04-09","143780415","PO",4,,,,"","ALMA","SD0903A1",30026,5002,"2025-04-09","2025-05-09","USD",93.00,60,"3XS:5|2XS:5|XS:10|S:10|M:10|L:10|XL:10"
40904,"2025-04-09 08:39:53.45","#SD0904",50.00,68.00,93.00,120.90,"2025-04-09","143780415","PO",4,,,,"","ALMA","SD0904A1",30027,6002,"2025-04-09","2025-05-09","USD",93.00,60,"3XS:5|2XS:5|XS:10|S:10|M:10|L:10|XL:10"
40905,"2025-04-09 08:39:53.45","#SD0905",50.00,68.00,93.00,120.90,"2025-04-09","143780415","PO",4,,,,"","ALMA","SD0905A0",30029,7002,"2025-04-09","2025-05-09","USD",93.00,60,"3XS:5|2XS:5|XS:10|S:10|M:10|L:10|XL:10"
40906,"2025-04-09 08:39:53.45","#SD0906",50.00,68.00,93.00,120.90,"2025-04-09","143780416","PO",4,,,,"","ALMA","SD0906A1",30045,1002,"2025-04-09","2025-05-09","USD",93.00,60,"3XS:5|2XS:5|XS:10|S:10|M:10|L:10|XL:10"
40907,"2025-04-09 08:39:53.45","#SD0907",50.00,68.00,93.00,120.90,"2025-04-09","143780416","PO",4,,,,"","ALMA","SD0907A0",30047,4002,"2025-04-09","2025-05-09","USD",93.00,60,"3XS:5|2XS:5|XS:10|S:10|M:10|L:10|XL:10"
40908,"2025-04-09 08:39:53.45","#SD0908",50.00,68.00,93.00,120.90,"2025-04-09","143780416","PO",4,,,,"","ALMA","SD0908A1",30065,5002,"2025-04-09","2025-05-09","USD",93.00,60,"3XS:5|2XS:5|XS:10|S:10|M:10|L:10|XL:10"
40909,"2025-04-09 08:39:53.45","#SD0909",50.00,68.00,93.00,120.90,"2025-04-09","143780416","PO",4,,,,"","ALMA","SD0909A0",30069,6002,"2025-04-09","2025-05-09","USD",93.00,60,"3XS:5|2XS:5|XS:10|S:10|M:10|L:10|XL:10"
40910,"2025-04-09 08:39:53.45","#SD0910",50.00,68.00,93.00,120.90,"2025-04-09","143780416","PO",4,,,,"","ALMA","SD0910A1",30070,7002,"2025-04-09","2025-05-09","USD",93.00,60,"3XS:5|2XS:5|XS:10|S:10|M:10|L:10|XL:10"
40911,"2025-04-09 08:39:53.45","#SD0911",50.00,68.00,93.00,120.90,"2025-04-09","143780426","PO",4,,,,"","ALMA","SD0911A1",30071,1002,"2025-04-09","2025-05-09","USD",93.00,60,"3XS:5|2XS:5|XS:10|S:10|M:10|L:10|XL:10"
40912,"2025-04-09 08:39:53.45","#SD0912",50.00,68.00,93.00,120.90,"2025-04-09","143780426","PO",4,,,,"","ALMA","SD0912A0",30072,4002,"2025-04-09","2025-05-09","USD",93.00,60,"3XS:5|2XS:5|XS:10|S:10|M:10|L:10|XL:10"
40913,"2025-04-09 08:39:53.45","#SD0913",50.00,68.00,93.00,120.90,"2025-04-09","143780426","PO",4,,,,"","ALMA","SD0913A1",30073,5002,"2025-04-09","2025-05-09","USD",93.00,60,"3XS:5|2XS:5|XS:10|S:10|M:10|L:10|XL:10"
40914,"2025-04-09 08:39:53.45","#SD0914",50.00,68.00,93.00,120.90,"2025-04-09","143780426","PO",4,,,,"","ALMA","SD0914A0",30074,6002,"2025-04-09","2025-05-09","USD",93.00,60,"3XS:5|2XS:5|XS:10|S:10|M:10|L:10|XL:10"
40915,"2025-04-09 08:39:53.45","#SD0915",50.00,68.00,93.00,120.90,"2025-04-09","143780426","PO",4,,,,"","ALMA","SD0915A1",30075,7002,"2025-04-09","2025-05-09","USD",93.00,60,"3XS:5|2XS:5|XS:10|S:10|M:10|L:10|XL:10"
40916,"2025-04-09 08:39:53.45","#SD0916",50.00,68.00,93.00,120.90,"2025-04-09","143780433","PO",4,,,,"","ALMA","SD0916A0",30076,1002,"2025-04-09","2025-05-09","USD",93.00,60,"3XS:5|2XS:5|XS:10|S:10|M:10|L:10|XL:10"
40917,"2025-04-09 08:39:53.45","#SD0917",50.00,68.00,93.00,120.90,"2025-04-09","143780433","PO",4,,,,"","ALMA","SD0917A1",30077,4002,"2025-04-09","2025-05-09","USD",93.00,60,"3XS:5|2XS:5|XS:10|S:10|M:10|L:10|XL:10"
40918,"2025-04-09 08:39:53.45","#SD0918",50.00,68.00,93.00,120.90,"2025-04-09","143780433","PO",4,,,,"","ALMA","SD0918A1",30078,5002,"2025-04-09","2025-05-09","USD",93.00,60,"3XS:5|2XS:5|XS:10|S:10|M:10|L:10|XL:10"
40919,"2025-04-09 08:39:53.45","#SD0919",50.00,68.00,93.00,120.90,"2025-04-09","143780433","PO",4,,,,"","ALMA","SD0919A0",30079,6002,"2025-04-09","2025-05-09","USD",93.00,60,"3XS:5|2XS:5|XS:10|S:10|M:10|L:10|XL:10"
40920,"2025-04-09 08:39:53.45","#SD0920",50.00,68.00,93.00,120.90,"2025-04-09","143780433","PO",4,,,,"","ALMA","SD0920A1",30082,7002,"2025-04-09","2025-05-09","USD",93.00,60,"3XS:5|2XS:5|XS:10|S:10|M:10|L:10|XL:10"
40921,"2025-04-09 08:39:53.45","#SD0921",50.00,68.00,93.00,120.90,"2025-04-09","143780442","PO",4,,,,"","ALMA","SD0921A0",30083,1002,"2025-04-09","2025-05-09","USD",93.00,60,"3XS:5|2XS:5|XS:10|S:10|M:10|L:10|XL:10"
40922,"2025-04-09 08:39:53.45","#SD0922",50.00,68.00,93.00,120.90,"2025-04-09","143780442","PO",4,,,,"","ALMA","SD0922A1",30084,4002,"2025-04-09","2025-05-09","USD",93.00,60,"3XS:5|2XS:5|XS:10|S:10|M:10|L:10|XL:10"
40923,"2025-04-09 08:39:53.45","#SD0923",50.00,68.00,93.00,120.90,"2025-04-09","143780442","PO",4,,,,"","ALMA","SD0923A0",30085,5002,"2025-04-09","2025-05-09","USD",93.00,60,"3XS:5|2XS:5|XS:10|S:10|M:10|L:10|XL:10"
40924,"2025-04-09 08:39:53.45","#SD0924",50.00,68.00,93.00,120.90,"2025-04-09","143780442","PO",4,,,,"","ALMA","SD0924A1",30086,6002,"2025-04-09","2025-05-09","USD",93.00,60,"3XS:5|2XS:5|XS:10|S:10|M:10|L:10|XL:10"
40925,"2025-04-09 08:39:53.45","#SD0925",50.00,68.00,93.00,120.90,"2025-04-09","143780442","PO",4,,,,"","ALMA","SD0925A1",30087,7002,"2025-04-09","2025-05-09","USD",93.00,60,"3XS:5|2XS:5|XS:10|S:10|M:10|L:10|XL:10"
40926,"2025-04-09 08:39:53.45","#SD0926",50.00,68.00,93.00,120.90,"2025-04-09","143780443","PO",4,,,,"","ALMA","SD0926A0",30088,1002,"2025-04-09","2025-05-09","USD",93.00,60,"3XS:5|2XS:5|XS:10|S:10|M:10|L:10|XL:10"
40927,"2025-04-09 08:39:53.45","#SD0927",50.00,68.00,93.00,120.90,"2025-04-09","143780443","PO",4,,,,"","ALMA","SD0927A1",30089,4002,"2025-04-09","2025-05-09","USD",93.00,60,"3XS:5|2XS:5|XS:10|S:10|M:10|L:10|XL:10"
40928,"2025-04-09 08:39:53.45","#SD0928",50.00,68.00,93.00,120.90,"2025-04-09","143780443","PO",4,,,,"","ALMA","SD0928A0",30090,5002,"2025-04-09","2025-05-09","USD",93.00,60,"3XS:5|2XS:5|XS:10|S:10|M:10|L:10|XL:10"
40929,"2025-04-09 08:39:53.45","#SD0929",50.00,68.00,93.00,120.90,"2025-04-09","143780443","PO",4,,,,"","ALMA","SD0929A1",30013,6002,"2025-04-09","2025-05-09","USD",93.00,60,"3XS:5|2XS:5|XS:10|S:10|M:10|L:10|XL:10"
40930,"2025-04-09 08:39:53.45","#SD0930",50.00,68.00,93.00,120.90,"2025-04-09","143780443","PO",4,,,,"","ALMA","SD0930A0",30022,7002,"2025-04-09","2025-05-09","USD",93.00,60,"3XS:5|2XS:5|XS:10|S:10|M:10|L:10|XL:10"
40931,"2025-04-09 08:39:53.45","#SD0931",50.00,68.00,93.00,120.90,"2025-04-09","143780461","PO",4,,,,"","ALMA","SD0931A1",30025,1002,"2025-04-09","2025-05-09","USD",93.00,60,"3XS:5|2XS:5|XS:10|S:10|M:10|L:10|XL:10"
40932,"2025-04-09 08:39:53.45","#SD0932",50.00,68.00,93.00,120.90,"2025-04-09","143780461","PO",4,,,,"","ALMA","SD0932A1",30026,4002,"2025-04-09","2025-05-09","USD",93.00,60,"3XS:5|2XS:5|XS:10|S:10|M:10|L:10|XL:10"
40933,"2025-04-09 08:39:53.45","#SD0933",50.00,68.00,93.00,120.90,"2025-04-09","143780461","PO",4,,,,"","ALMA","SD0933A0",30027,5002,"2025-04-09","2025-05-09","USD",93.00,60,"3XS:5|2XS:5|XS:10|S:10|M:10|L:10|XL:10"
40934,"2025-04-09 08:39:53.45","#SD0934",50.00,68.00,93.00,120.90,"2025-04-09","143780461","PO",4,,,,"","ALMA","SD0934A1",30029,6002,"2025-04-09","2025-05-09","USD",93.00,60,"3XS:5|2XS:5|XS:10|S:10|M:10|L:10|XL:10"
40935,"2025-04-09 08:39:53.45","#SD0935",50.00,68.00,93.00,120.90,"2025-04-09","143780461","PO",4,,,,"","ALMA","SD0935A0",30045,7002,"2025-04-09","2025-05-09","USD",93.00,60,"3XS:5|2XS:5|XS:10|S:10|M:10|L:10|XL:10"
40936,"2025-04-09 08:39:53.45","#SD0936",50.00,68.00,93.00,120.90,"2025-04-09","143780467","PO",4,,,,"","ALMA","SD0936A1",30047,1002,"2025-04-09","2025-05-09","USD",93.00,60,"3XS:5|2XS:5|XS:10|S:10|M:10|L:10|XL:10"
40937,"2025-04-09 08:39:53.45","#SD0937",50.00,68.00,93.00,120.90,"2025-04-09","143780467","PO",4,,,,"","ALMA","SD0937A0",30065,4002,"2025-04-09","2025-05-09","USD",93.00,60,"3XS:5|2XS:5|XS:10|S:10|M:10|L:10|XL:10"
40938,"2025-04-09 08:39:53.45","#SD0938",50.00,68.00,93.00,120.90,"2025-04-09","143780467","PO",4,,,,"","ALMA","SD0938A1",30069,5002,"2025-04-09","2025-05-09","USD",93.00,60,"3XS:5|2XS:5|XS:10|S:10|M:10|L:10|XL:10"
40939,"2025-04-09 08:39:53.45","#SD0939",50.00,68.00,93.00,120.90,"2025-04-09","143780467","PO",4,,,,"","ALMA","SD0939A1",30070,6002,"2025-04-09","2025-05-09","USD",93.00,60,"3XS:5|2XS:5|XS:10|S:10|M:10|L:10|XL:10"
40940,"2025-04-09 08:39:53.45","#SD0940",50.00,68.00,93.00,120.90,"2025-04-09","143780467","PO",4,,,,"","ALMA","SD0940A0",30071,7002,"2025-04-09","2025-05-09","USD",93.00,60,"3XS:5|2XS:5|XS:10|S:10|M:10|L:10|XL:10"
40941,"2025-04-09 08:39:53.45","#SD0941",50.00,68.00,93.00,120.90,"2025-04-09","143780474","PO",4,,,,"","ALMA","SD0941A1",30072,1002,"2025-04-09","2025-05-09","USD",93.00,60,"3XS:5|2XS:5|XS:10|S:10|M:10|L:10|XL:10"
40942,"2025-04-09 08:39:53.45","#SD0942",50.00,68.00,93.00,120.90,"2025-04-09","143780474","PO",4,,,,"","ALMA","SD0942A0",30073,4002,"2025-04-09","2025-05-09","USD",93.00,60,"3XS:5|2XS:5|XS:10|S:10|M:10|L:10|XL:10"
40943,"2025-04-09 08:39:53.45","#SD0943",50.00,68.00,93.00,120.90,"2025-04-09","143780474","PO",4,,,,"","ALMA","SD0943A1",30074,5002,"2025-04-09","2025-05-09","USD",93.00,60,"3XS:5|2XS:5|XS:10|S:10|M:10|L:10|XL:10"
40944,"2025-04-09 08:39:53.45","#SD0944",50.00,68.00,93.00,120.90,"2025-04-09","143780474","PO",4,,,,"","ALMA","SD0944A0",30075,6002,"2025-04-09","2025-05-09","USD",93.00,60,"3XS:5|2XS:5|XS:10|S:10|M:10|L:10|XL:10"
40945,"2025-04-09 08:39:53.45","#SD0945",50.00,68.00,93.00,120.90,"2025-04-09","143780474","PO",4,,,,"","ALMA","SD0945A1",30076,7002,"2025-04-09","2025-05-09","USD",93.00,60,"3XS:5|2XS:5|XS:10|S:10|M:10|L:10|XL:10"
40946,"2025-04-09 08:39:53.45","#SD0946",50.00,68.00,93.00,120.90,"2025-04-09","143780477","PO",4,,,,"","ALMA","SD0946A1",30077,1002,"2025-04-09","2025-05-09","USD",93.00,60,"3XS:5|2XS:5|XS:10|S:10|M:10|L:10|XL:10"
40947,"2025-04-09 08:39:53.45","#SD0947",50.00,68.00,93.00,120.90,"2025-04-09","143780477","PO",4,,,,"","ALMA","SD0947A0",30078,4002,"2025-04-09","2025-05-09","USD",93.00,60,"3XS:5|2XS:5|XS:10|S:10|M:10|L:10|XL:10"
40948,"2025-04-09 08:39:53.45","#SD0948",50.00,68.00,93.00,120.90,"2025-04-09","143780477","PO",4,,,,"","ALMA","SD0948A1",30079,5002,"2025-04-09","2025-05-09","USD",93.00,60,"3XS:5|2XS:5|XS:10|S:10|M:10|L:10|XL:10"
40949,"2025-04-09 08:39:53.45","#SD0949",50.00,68.00,93.00,120.90,"2025-04-09","143780477","PO",4,,,,"","ALMA","SD0949A0",30082,6002,"2025-04-09","2025-05-09","USD",93.00,60,"3XS:5|2XS:5|XS:10|S:10|M:10|L:10|XL:10"
40950,"2025-04-09 08:39:53.45","#SD0950",50.00,68.00,93.00,120.90,"2025-04-09","143780477","PO",4,,,,"","ALMA","SD0950A1",30083,7002,"2025-04-09","2025-05-09","USD",93.00,60,"3XS:5|2XS:5|XS:10|S:10|M:10|L:10|XL:10"
40951,"2025-04-09 08:39:53.45","#SD0951",50.00,68.00,93.00,120.90,"2025-04-09","143780518","PO",4,,,,"","ALMA","SD0951A0",30084,1002,"2025-04-09","2025-05-09","USD",93.00,60,"3XS:5|2XS:5|XS:10|S:10|M:10|L:10|XL:10"
40952,"2025-04-09 08:39:53.45","#SD0952",50.00,68.00,93.00,120.90,"2025-04-09","143780518","PO",4,,,,"","ALMA","SD0952A1",30085,4002,"2025-04-09","2025-05-09","USD",93.00,60,"3XS:5|2XS:5|XS:10|S:10|M:10|L:10|XL:10"
40953,"2025-04-09 08:39:53.45","#SD0953",50.00,68.00,93.00,120.90,"2025-04-09","143780518","PO",4,,,,"","ALMA","SD0953A1",30086,5002,"2025-04-09","2025-05-09","USD",93.00,60,"3XS:5|2XS:5|XS:10|S:10|M:10|L:10|XL:10"
40954,"2025-04-09 08:39:53.45","#SD0954",50.00,68.00,93.00,120.90,"2025-04-09","143780518","PO",4,,,,"","ALMA","SD0954A0",30087,6002,"2025-04-09","2025-05-09","USD",93.00,60,"3XS:5|2XS:5|XS:10|S:10|M:10|L:10|XL:10"
40955,"2025-04-09 08:39:53.45","#SD0955",50.00,68.00,93.00,120.90,"2025-04-09","143780518","PO",4,,,,"","ALMA","SD0955A1",30088,7002,"2025-04-09","2025-05-09","USD",93.00,60,"3XS:5|2XS:5|XS:10|S:10|M:10|L:10|XL:10"
40956,"2025-04-09 08:39:53.45","#SD0956",50.00,68.00,93.00,120.90,"2025-04-09","143780524","PO",4,,,,"","ALMA","SD0956A0",30089,1002,"2025-04-09","2025-05-09","USD",93.00,60,"3XS:5|2XS:5|XS:10|S:10|M:10|L:10|XL:10"
40957,"2025-04-09 08:39:53.45","#SD0957",50.00,68.00,93.00,120.90,"2025-04-09","143780524","PO",4,,,,"","ALMA","SD0957A1",30090,4002,"2025-04-09","2025-05-09","USD",93.00,60,"3XS:5|2XS:5|XS:10|S:10|M:10|L:10|XL:10"
40958,"2025-04-09 08:39:53.45","#SD0958",50.00,68.00,93.00,120.90,"2025-04-09","143780524","PO",4,,,,"","ALMA","SD0958A0",30013,5002,"2025-04-09","2025-05-09","USD",93.00,60,"3XS:5|2XS:5|XS:10|S:10|M:10|L:10|XL:10"
40959,"2025-04-09 08:39:53.45","#SD0959",50.00,68.00,93.00,120.90,"2025-04-09","143780524","PO",4,,,,"","ALMA","SD0959A1",30022,6002,"2025-04-09","2025-05-09","USD",93.00,60,"3XS:5|2XS:5|XS:10|S:10|M:10|L:10|XL:10"
40960,"2025-04-09 08:39:53.45","#SD0960",50.00,68.00,93.00,120.90,"2025-04-09","143780524","PO",4,,,,"","ALMA","SD0960A1",30025,7002,"2025-04-09","2025-05-09","USD",93.00,60,"3XS:5|2XS:5|XS:10|S:10|M:10|L:10|XL:10"
40961,"2025-04-09 08:39:53.45","#SD0961",50.00,68.00,93.00,120.90,"2025-04-09","143780545","PO",4,,,,"","ALMA","SD0961A0",30026,1002,"2025-04-09","2025-05-09","USD",93.00,60,"3XS:5|2XS:5|XS:10|S:10|M:10|L:10|XL:10"
40962,"2025-04-09 08:39:53.45","#SD0962",50.00,68.00,93.00,120.90,"2025-04-09","143780545","PO",4,,,,"","ALMA","SD0962A1",30027,4002,"2025-04-09","2025-05-09","USD",93.00,60,"3XS:5|2XS:5|XS:10|S:10|M:10|L:10|XL:10"
40963,"2025-04-09 08:39:53.45","#SD0963",50.00,68.00,93.00,120.90,"2025-04-09","143780545","PO",4,,,,"","ALMA","SD0963A0",30029,5002,"2025-04-09","2025-05-09","USD",93.00,60,"3XS:5|2XS:5|XS:10|S:10|M:10|L:10|XL:10"
40964,"2025-04-09 08:39:53.45","#SD0964",50.00,68.00,93.00,120.90,"2025-04-09","143780545","PO",4,,,,"","ALMA","SD0964A1",30045,6002,"2025-04-09","2025-05-09","USD",93.00,60,"3XS:5|2XS:5|XS:10|S:10|M:10|L:10|XL:10"
40965,"2025-04-09 08:39:53.45","#SD0965",50.00,68.00,93.00,120.90,"2025-04-09","143780545","PO",4,,,,"","ALMA","SD0965A0",30047,7002,"2025-04-09","2025-05-09","USD",93.00,60,"3XS:5|2XS:5|XS:10|S:10|M:10|L:10|XL:10"
40966,"2025-04-09 08:39:53.45","#SD0966",50.00,68.00,93.00,120.90,"2025-04-09","143780547","PO",4,,,,"","ALMA","SD0966A1",30065,1002,"2025-04-09","2025-05-09","USD",93.00,60,"3XS:5|2XS:5|XS:10|S:10|M:10|L:10|XL:10"
40967,"2025-04-09 08:39:53.45","#SD0967",50.00,68.00,93.00,120.90,"2025-04-09","143780547","PO",4,,,,"","ALMA","SD0967A1",30069,4002,"2025-04-09","2025-05-09","USD",93.00,60,"3XS:5|2XS:5|XS:10|S:10|M:10|L:10|XL:10"
40968,"2025-04-09 08:39:53.45","#SD0968",50.00,68.00,93.00,120.90,"2025-04-09","143780547","PO",4,,,,"","ALMA","SD0968A0",30070,5002,"2025-04-09","2025-05-09","USD",93.00,60,"3XS:5|2XS:5|XS:10|S:10|M:10|L:10|XL:10"
40969,"2025-04-09 08:39:53.45","#SD0969",50.00,68.00,93.00,120.90,"2025-04-09","143780547","PO",4,,,,"","ALMA","SD0969A1",30071,6002,"2025-04-09","2025-05-09","USD",93.00,60,"3XS:5|2XS:5|XS:10|S:10|M:10|L:10|XL:10"
40970,"2025-04-09 08:39:53.45","#SD0970",50.00,68.00,93.00,120.90,"2025-04-09","143780547","PO",4,,,,"","ALMA","SD0970A0",30072,7002,"2025-04-09","2025-05-09","USD",93.00,60,"3XS:5|2XS:5|XS:10|S:10|M:10|L:10|XL:10"
40971,"2025-04-09 08:39:53.45","#SD0971",50.00,68.00,93.00,120.90,"2025-04-09","143780548","PO",4,,,,"","ALMA","SD0971A1",30073,1002,"2025-04-09","2025-05-09","USD",93.00,60,"3XS:5|2XS:5|XS:10|S:10|M:10|L:10|XL:10"
40972,"2025-04-09 08:39:53.45","#SD0972",50.00,68.00,93.00,120.90,"2025-04-09","143780548","PO",4,,,,"","ALMA","SD0972A0",30074,4002,"2025-04-09","2025-05-09","USD",93.00,60,"3XS:5|2XS:5|XS:10|S:10|M:10|L:10|XL:10"
40973,"2025-04-09 08:39:53.45","#SD0973",50.00,68.00,93.00,120.90,"2025-04-09","143780548","PO",4,,,,"","ALMA","SD0973A1",30075,5002,"2025-04-09","2025-05-09","USD",93.00,60,"3XS:5|2XS:5|XS:10|S:10|M:10|L:10|XL:10"
40974,"2025-04-09 08:39:53.45","#SD0974",50.00,68.00,93.00,120.90,"2025-04-09","143780548","PO",4,,,,"","ALMA","SD0974A1",30076,6002,"2025-04-09","2025-05-09","USD",93.00,60,"3XS:5|2XS:5|XS:10|S:10|M:10|L:10|XL:10"
40975,"2025-04-09 08:39:53.45","#SD0975",50.00,68.00,93.00,120.90,"2025-04-09","143780548","PO",4,,,,"","ALMA","SD0975A0",30077,7002,"2025-04-09","2025-05-09","USD",93.00,60,"3XS:5|2XS:5|XS:10|S:10|M:10|L:10|XL:10"
40976,"2025-04-09 08:39:53.45","#SD0976",50.00,68.00,93.00,120.90,"2025-04-09","143780551","PO",4,,,,"","ALMA","SD0976A1",30078,1002,"2025-04-09","2025-05-09","USD",93.00,60,"3XS:5|2XS:5|XS:10|S:10|M:10|L:10|XL:10"
40977,"2025-04-09 08:39:53.45","#SD0977",50.00,68.00,93.00,120.90,"2025-04-09","143780551","PO",4,,,,"","ALMA","SD0977A0",30079,4002,"2025-04-09","2025-05-09","USD",93.00,60,"3XS:5|2XS:5|XS:10|S:10|M:10|L:10|XL:10"
40978,"2025-04-09 08:39:53.45","#SD0978",50.00,68.00,93.00,120.90,"2025-04-09","143780551","PO",4,,,,"","ALMA","SD0978A1",30082,5002,"2025-04-09","2025-05-09","USD",93.00,60,"3XS:5|2XS:5|XS:10|S:10|M:10|L:10|XL:10"
40979,"2025-04-09 08:39:53.45","#SD0979",50.00,68.00,93.00,120.90,"2025-04-09","143780551","PO",4,,,,"","ALMA","SD0979A0",30083,6002,"2025-04-09","2025-05-09","USD",93.00,60,"3XS:5|2XS:5|XS:10|S:10|M:10|L:10|XL:10"
40980,"2025-04-09 08:39:53.45","#SD0980",50.00,68.00,93.00,120.90,"2025-04-09","143780551","PO",4,,,,"","ALMA","SD0980A1",30084,7002,"2025-04-09","2025-05-09","USD",93.00,60,"3XS:5|2XS:5|XS:10|S:10|M:10|L:10|XL:10"
40981,"2025-04-09 08:39:53.45","#SD0981",50.00,68.00,93.00,120.90,"2025-04-09","143780559","PO",4,,,,"","ALMA","SD0981A1",30085,1002,"2025-04-09","2025-05-09","USD",93.00,60,"3XS:5|2XS:5|XS:10|S:10|M:10|L:10|XL:10"
40982,"2025-04-09 08:39:53.45","#SD0982",50.00,68.00,93.00,120.90,"2025-04-09","143780559","PO",4,,,,"","ALMA","SD0982A0",30086,4002,"2025-04-09","2025-05-09","USD",93.00,60,"3XS:5|2XS:5|XS:10|S:10|M:10|L:10|XL:10"
40983,"2025-04-09 08:39:53.45","#SD0983",50.00,68.00,93.00,120.90,"2025-04-09","143780559","PO",4,,,,"","ALMA","SD0983A1",30087,5002,"2025-04-09","2025-05-09","USD",93.00,60,"3XS:5|2XS:5|XS:10|S:10|M:10|L:10|XL:10"
40984,"2025-04-09 08:39:53.45","#SD0984",50.00,68.00,93.00,120.90,"2025-04-09","143780559","PO",4,,,,"","ALMA","SD0984A0",30088,6002,"2025-04-09","2025-05-09","USD",93.00,60,"3XS:5|2XS:5|XS:10|S:10|M:10|L:10|XL:10"
40985,"2025-04-09 08:39:53.45","#SD0985",50.00,68.00,93.00,120.90,"2025-04-09","143780559","PO",4,,,,"","ALMA","SD0985A1",30089,7002,"2025-04-09","2025-05-09","USD",93.00,60,"3XS:5|2XS:5|XS:10|S:10|M:10|L:10|XL:10"
40986,"2025-04-09 08:39:53.45","#SD0986",50.00,68.00,93.00,120.90,"2025-04-09","143780561","PO",4,,,,"","ALMA","SD0986A0",30090,1002,"2025-04-09","2025-05-09","USD",93.00,60,"3XS:5|2XS:5|XS:10|S:10|M:10|L:10|XL:10"
40987,"2025-04-09 08:39:53.45","#SD0987",50.00,68.00,93.00,120.90,"2025-04-09","143780561","PO",4,,,,"","ALMA","SD0987A1",30013,4002,"2025-04-09","2025-05-09","USD",93.00,60,"3XS:5|2XS:5|XS:10|S:10|M:10|L:10|XL:10"
40988,"2025-04-09 08:39:53.45","#SD0988",50.00,68.00,93.00,120.90,"2025-04-09","143780561","PO",4,,,,"","ALMA","SD0988A1",30022,5002,"2025-04-09","2025-05-09","USD",93.00,60,"3XS:5|2XS:5|XS:10|S:10|M:10|L:10|XL:10"
40989,"2025-04-09 08:39:53.45","#SD0989",50.00,68.00,93.00,120.90,"2025-04-09","143780561","PO",4,,,,"","ALMA","SD0989A0",30025,6002,"2025-04-09","2025-05-09","USD",93.00,60,"3XS:5|2XS:5|XS:10|S:10|M:10|L:10|XL:10"
40990,"2025-04-09 08:39:53.45","#SD0990",50.00,68.00,93.00,120.90,"2025-04-09","143780561","PO",4,,,,"","ALMA","SD0990A1",30026,7002,"2025-04-09","2025-05-09","USD",93.00,60,"3XS:5|2XS:5|XS:10|S:10|M:10|L:10|XL:10"
40991,"2025-04-09 08:39:53.45","#SD0991",50.00,68.00,93.00,120.90,"2025-04-09","143780569","PO",4,,,,"","ALMA","SD0991A0",30027,1002,"2025-04-09","2025-05-09","USD",93.00,60,"3XS:5|2XS:5|XS:10|S:10|M:10|L:10|XL:10"
40992,"2025-04-09 08:39:53.45","#SD0992",50.00,68.00,93.00,120.90,"2025-04-09","143780569","PO",4,,,,"","ALMA","SD0992A1",30029,4002,"2025-04-09","2025-05-09","USD",93.00,60,"3XS:5|2XS:5|XS:10|S:10|M:10|L:10|XL:10"
40993,"2025-04-09 08:39:53.45","#SD0993",50.00,68.00,93.00,120.90,"2025-04-09","143780569","PO",4,,,,"","ALMA","SD0993A0",30045,5002,"2025-04-09","2025-05-09","USD",93.00,60,"3XS:5|2XS:5|XS:10|S:10|M:10|L:10|XL:10"
40994,"2025-04-09 08:39:53.45","#SD0994",50.00,68.00,93.00,120.90,"2025-04-09","143780569","PO",4,,,,"","ALMA","SD0994A1",30047,6002,"2025-04-09","2025-05-09","USD",93.00,60,"3XS:5|2XS:5|XS:10|S:10|M:10|L:10|XL:10"
40995,"2025-04-09 08:39:53.45","#SD0995",50.00,68.00,93.00,120.90,"2025-04-09","143780569","PO",4,,,,"","ALMA","SD0995A1",30065,7002,"2025-04-09","2025-05-09","USD",93.00,60,"3XS:5|2XS:5|XS:10|S:10|M:10|L:10|XL:10"
40996,"2025-04-09 08:39:53.45","#SD0996",50.00,68.00,93.00,120.90,"2025-04-09","143780572","PO",4,,,,"","ALMA","SD0996A0",30069,1002,"2025-04-09","2025-05-09","USD",93.00,60,"3XS:5|2XS:5|XS:10|S:10|M:10|L:10|XL:10"
40997,"2025-04-09 08:39:53.45","#SD0997",50.00,68.00,93.00,120.90,"2025-04-09","143780572","PO",4,,,,"","ALMA","SD0997A1",30070,4002,"2025-04-09","2025-05-09","USD",93.00,60,"3XS:5|2XS:5|XS:10|S:10|M:10|L:10|XL:10"
40998,"2025-04-09 08:39:53.45","#SD0998",50.00,68.00,93.00,120.90,"2025-04-09","143780572","PO",4,,,,"","ALMA","SD0998A0",30071,5002,"2025-04-09","2025-05-09","USD",93.00,60,"3XS:5|2XS:5|XS:10|S:10|M:10|L:10|XL:10"
40999,"2025-04-09 08:39:53.45","#SD0999",50.00,68.00,93.00,120.90,"2025-04-09","143780572","PO",4,,,,"","ALMA","SD0999A1",30072,6002,"2025-04-09","2025-05-09","USD",93.00,60,"3XS:5|2XS:5|XS:10|S:10|M:10|L:10|XL:10"
41000,"2025-04-09 08:39:53.45","#SD1000",50.00,68.00,93.00,120.90,"2025-04-09","143780572","PO",4,,,,"","ALMA","SD1000A0",30073,7002,"2025-04-09","2025-05-09","USD",93.00,60,"3XS:5|2XS:5|XS:10|S:10|M:10|L:10|XL:10"
41001,"2025-04-09 08:39:53.45","#SD1001",50.00,68.00,93.00,120.90,"2025-04-09","143780577","PO",4,,,,"","ALMA","SD1001A1",30074,1002,"2025-04-09","2025-05-09","USD",93.00,60,"3XS:5|2XS:5|XS:10|S:10|M:10|L:10|XL:10"
41002,"2025-04-09 08:39:53.45","#SD1002",50.00,68.00,93.00,120.90,"2025-04-09","143780577","PO",4,,,,"","ALMA","SD1002A1",30075,4002,"2025-04-09","2025-05-09","USD",93.00,60,"3XS:5|2XS:5|XS:10|S:10|M:10|L:10|XL:10"
41003,"2025-04-09 08:39:53.45","#SD1003",50.00,68.00,93.00,120.90,"2025-04-09","143780577","PO",4,,,,"","ALMA","SD1003A0",30076,5002,"2025-04-09","2025-05-09","USD",93.00,60,"3XS:5|2XS:5|XS:10|S:10|M:10|L:10|XL:10"
41004,"2025-04-09 08:39:53.45","#SD1004",50.00,68.00,93.00,120.90,"2025-04-09","143780577","PO",4,,,,"","ALMA","SD1004A1",30077,6002,"2025-04-09","2025-05-09","USD",93.00,60,"3XS:5|2XS:5|XS:10|S:10|M:10|L:10|XL:10"
41005,"2025-04-09 08:39:53.45","#SD1005",50.00,68.00,93.00,120.90,"2025-04-09","143780577","PO",4,,,,"","ALMA","SD1005A0",30078,7002,"2025-04-09","2025-05-09","USD",93.00,60,"3XS:5|2XS:5|XS:10|S:10|M:10|L:10|XL:10"
41006,"2025-04-09 08:39:53.45","#SD1006",50.00,68.00,93.00,120.90,"2025-04-09","143780591","PO",4,,,,"","ALMA","SD1006A1",30079,1002,"2025-04-09","2025-05-09","USD",93.00,60,"3XS:5|2XS:5|XS:10|S:10|M:10|L:10|XL:10"
41007,"2025-04-09 08:39:53.45","#SD1007",50.00,68.00,93.00,120.90,"2025-04-09","143780591","PO",4,,,,"","ALMA","SD1007A0",30082,4002,"2025-04-09","2025-05-09","USD",93.00,60,"3XS:5|2XS:5|XS:10|S:10|M:10|L:10|XL:10"
41008,"2025-04-09 08:39:53.45","#SD1008",50.00,68.00,93.00,120.90,"2025-04-09","143780591","PO",4,,,,"","ALMA","SD1008A1",30083,5002,"2025-04-09","2025-05-09","USD",93.00,60,"3XS:5|2XS:5|XS:10|S:10|M:10|L:10|XL:10"
41009,"2025-04-09 08:39:53.45","#SD1009",50.00,68.00,93.00,120.90,"2025-04-09","143780591","PO",4,,,,"","ALMA","SD1009A1",30084,6002,"2025-04-09","2025-05-09","USD",93.00,60,"3XS:5|2XS:5|XS:10|S:10|M:10|L:10|XL:10"
41010,"2025-04-09 08:39:53.45","#SD1010",50.00,68.00,93.00,120.90,"2025-04-09","143780591","PO",4,,,,"","ALMA","SD1010A0",30085,7002,"2025-04-09","2025-05-09","USD",93.00,60,"3XS:5|2XS:5|XS:10|S:10|M:10|L:10|XL:10"
41011,"2025-04-09 08:39:53.45","#SD1011",50.00,68.00,93.00,120.90,"2025-04-09","143780601","PO",4,,,,"","ALMA","SD1011A1",30086,1002,"2025-04-09","2025-05-09","USD",93.00,60,"3XS:5|2XS:5|XS:10|S:10|M:10|L:10|XL:10"
41012,"2025-04-09 08:39:53.45","#SD1012",50.00,68.00,93.00,120.90,"2025-04-09","143780601","PO",4,,,,"","ALMA","SD1012A0",30087,4002,"2025-04-09","2025-05-09","USD",93.00,60,"3XS:5|2XS:5|XS:10|S:10|M:10|L:10|XL:10"
41013,"2025-04-09 08:39:53.45","#SD1013",50.00,68.00,93.00,120.90,"2025-04-09","143780601","PO",4,,,,"","ALMA","SD1013A1",30088,5002,"2025-04-09","2025-05-09","USD",93.00,60,"3XS:5|2XS:5|XS:10|S:10|M:10|L:10|XL:10"
41014,"2025-04-09 08:39:53.45","#SD1014",50.00,68.00,93.00,120.90,"2025-04-09","143780601","PO",4,,,,"","ALMA","SD1014A0",30089,6002,"2025-04-09","2025-05-09","USD",93.00,60,"3XS:5|2XS:5|XS:10|S:10|M:10|L:10|XL:10"
41015,"2025-04-09 08:39:53.45","#SD1015",50.00,68.00,93.00,120.90,"2025-04-09","143780601","PO",4,,,,"","ALMA","SD1015A1",30090,7002,"2025-04-09","2025-05-09","USD",93.00,60,"3XS:5|2XS:5|XS:10|S:10|M:10|L:10|XL:10"
41016,"2025-04-09 08:39:53.45","#SD1016",50.00,68.00,93.00,120.90,"2025-04-09","143780607","PO",4,,,,"","ALMA","SD1016A1",30013,1002,"2025-04-09","2025-05-09","USD",93.00,60,"3XS:5|2XS:5|XS:10|S:10|M:10|L:10|XL:10"
41017,"2025-04-09 08:39:53.45","#SD1017",50.00,68.00,93.00,120.90,"2025-04-09","143780607","PO",4,,,,"","ALMA","SD1017A0",30022,4002,"2025-04-09","2025-05-09","USD",93.00,60,"3XS:5|2XS:5|XS:10|S:10|M:10|L:10|XL:10"
41018,"2025-04-09 08:39:53.45","#SD1018",50.00,68.00,93.00,120.90,"2025-04-09","143780607","PO",4,,,,"","ALMA","SD1018A1",30025,5002,"2025-04-09","2025-05-09","USD",93.00,60,"3XS:5|2XS:5|XS:10|S:10|M:10|L:10|XL:10"
41019,"2025-04-09 08:39:53.45","#SD1019",50.00,68.00,93.00,120.90,"2025-04-09","143780607","PO",4,,,,"","ALMA","SD1019A0",30026,6002,"2025-04-09","2025-05-09","USD",93.00,60,"3XS:5|2XS:5|XS:10|S:10|M:10|L:10|XL:10"
41020,"2025-04-09 08:39:53.45","#SD1020",50.00,68.00,93.00,120.90,"2025-04-09","143780607","PO",4,,,,"","ALMA","SD1020A1",30027,7002,"2025-04-09","2025-05-09","USD",93.00,60,"3XS:5|2XS:5|XS:10|S:10|M:10|L:10|XL:10"
41021,"2025-04-09 08:39:53.45","#SD1021",50.00,68.00,93.00,120.90,"2025-04-09","143780611","PO",4,,,,"","ALMA","SD1021A0",30029,1002,"2025-04-09","2025-05-09","USD",93.00,60,"3XS:5|2XS:5|XS:10|S:10|M:10|L:10|XL:10"
41022,"2025-04-09 08:39:53.45","#SD1022",50.00,68.00,93.00,120.90,"2025-04-09","143780611","PO",4,,,,"","ALMA","SD1022A1",30045,4002,"2025-04-09","2025-05-09","USD",93.00,60,"3XS:5|2XS:5|XS:10|S:10|M:10|L:10|XL:10"
41023,"2025-04-09 08:39:53.45","#SD1023",50.00,68.00,93.00,120.90,"2025-04-09","143780611","PO",4,,,,"","ALMA","SD1023A1",30047,5002,"2025-04-09","2025-05-09","USD",93.00,60,"3XS:5|2XS:5|XS:10|S:10|M:10|L:10|XL:10"
41024,"2025-04-09 08:39:53.45","#SD1024",50.00,68.00,93.00,120.90,"2025-04-09","143780611","PO",4,,,,"","ALMA","SD1024A0",30065,6002,"2025-04-09","2025-05-09","USD",93.00,60,"3XS:5|2XS:5|XS:10|S:10|M:10|L:10|XL:10"
41025,"2025-04-09 08:39:53.45","#SD1025",50.00,68.00,93.00,120.90,"2025-04-09","143780611","PO",4,,,,"","ALMA","SD1025A1",30069,7002,"2025-04-09","2025-05-09","USD",93.00,60,"3XS:5|2XS:5|XS:10|S:10|M:10|L:10|XL:10"
41026,"2025-04-09 08:39:53.45","#SD1026",50.00,68.00,93.00,120.90,"2025-04-09","143780619","PO",4,,,,"","ALMA","SD1026A0",30070,1002,"2025-04-09","2025-05-09","USD",93.00,60,"3XS:5|2XS:5|XS:10|S:10|M:10|L:10|XL:10"
41027,"2025-04-09 08:39:53.45","#SD1027",50.00,68.00,93.00,120.90,"2025-04-09","143780619","PO",4,,,,"","ALMA","SD1027A1",30071,4002,"2025-04-09","2025-05-09","USD",93.00,60,"3XS:5|2XS:5|XS:10|S:10|M:10|L:10|XL:10"
41028,"2025-04-09 08:39:53.45","#SD1028",50.00,68.00,93.00,120.90,"2025-04-09","143780619","PO",4,,,,"","ALMA","SD1028A0",30072,5002,"2025-04-09","2025-05-09","USD",93.00,60,"3XS:5|2XS:5|XS:10|S:10|M:10|L:10|XL:10"
41029,"2025-04-09 08:39:53.45","#SD1029",50.00,68.00,93.00,120.90,"2025-04-09","143780619","PO",4,,,,"","ALMA","SD1029A1",30073,6002,"2025-04-09","2025-05-09","USD",93.00,60,"3XS:5|2XS:5|XS:10|S:10|M:10|L:10|XL:10"
41030,"2025-04-09 08:39:53.45","#SD1030",50.00,68.00,93.00,120.90,"2025-04-09","143780619","PO",4,,,,"","ALMA","SD1030A1",30074,7002,"2025-04-09","2025-05-09","USD",93.00,60,"3XS:5|2XS:5|XS:10|S:10|M:10|L:10|XL:10"
41031,"2025-04-09 08:39:53.45","#SD1031",50.00,68.00,93.00,120.90,"2025-04-09","143780625","PO",4,,,,"","ALMA","SD1031A0",30075,1002,"2025-04-09","2025-05-09","USD",93.00,60,"3XS:5|2XS:5|XS:10|S:10|M:10|L:10|XL:10"
41032,"2025-04-09 08:39:53.45","#SD1032",50.00,68.00,93.00,120.90,"2025-04-09","143780625","PO",4,,,,"","ALMA","SD1032A1",30076,4002,"2025-04-09","2025-05-09","USD",93.00,60,"3XS:5|2XS:5|XS:10|S:10|M:10|L:10|XL:10"
41033,"2025-04-09 08:39:53.45","#SD1033",50.00,68.00,93.00,120.90,"2025-04-09","143780625","PO",4,,,,"","ALMA","SD1033A0",30077,5002,"2025-04-09","2025-05-09","USD",93.00,60,"3XS:5|2XS:5|XS:10|S:10|M:10|L:10|XL:10"
41034,"2025-04-09 08:39:53.45","#SD1034",50.00,68.00,93.00,120.90,"2025-04-09","143780625","PO",4,,,,"","ALMA","SD1034A1",30078,6002,"2025-04-09","2025-05-09","USD",93.00,60,"3XS:5|2XS:5|XS:10|S:10|M:10|L:10|XL:10"
41035,"2025-04-09 08:39:53.45","#SD1035",50.00,68.00,93.00,120.90,"2025-04-09","143780625","PO",4,,,,"","ALMA","SD1035A0",30079,7002,"2025-04-09","2025-05-09","USD",93.00,60,"3XS:5|2XS:5|XS:10|S:10|M:10|L:10|XL:10"
41036,"2025-04-09 08:39:53.45","#SD1036",50.00,68.00,93.00,120.90,"2025-04-09","143780627","PO",4,,,,"","ALMA","SD1036A1",30082,1002,"2025-04-09","2025-05-09","USD",93.00,60,"3XS:5|2XS:5|XS:10|S:10|M:10|L:10|XL:10"
41037,"2025-04-09 08:39:53.45","#SD1037",50.00,68.00,93.00,120.90,"2025-04-09","143780627","PO",4,,,,"","ALMA","SD1037A1",30083,4002,"2025-04-09","2025-05-09","USD",93.00,60,"3XS:5|2XS:5|XS:10|S:10|M:10|L:10|XL:10"
41038,"2025-04-09 08:39:53.45","#SD1038",50.00,68.00,93.00,120.90,"2025-04-09","143780627","PO",4,,,,"","ALMA","SD1038A0",30084,5002,"2025-04-09","2025-05-09","USD",93.00,60,"3XS:5|2XS:5|XS:10|S:10|M:10|L:10|XL:10"
41039,"2025-04-09 08:39:53.45","#SD1039",50.00,68.00,93.00,120.90,"2025-04-09","143780627","PO",4,,,,"","ALMA","SD1039A1",30085,6002,"2025-04-09","2025-05-09","USD",93.00,60,"3XS:5|2XS:5|XS:10|S:10|M:10|L:10|XL:10"
41040,"2025-04-09 08:39:53.45","#SD1040",50.00,68.00,93.00,120.90,"2025-04-09","143780627","PO",4,,,,"","ALMA","SD1040A0",30086,7002,"2025-04-09","2025-05-09","USD",93.00,60,"3XS:5|2XS:5|XS:10|S:10|M:10|L:10|XL:10"
41041,"2025-04-09 08:39:53.45","#SD1041",50.00,68.00,93.00,120.90,"2025-04-09","143780630","PO",4,,,,"","ALMA","SD1041A1",30087,1002,"2025-04-09","2025-05-09","USD",93.00,60,"3XS:5|2XS:5|XS:10|S:10|M:10|L:10|XL:10"
41042,"2025-04-09 08:39:53.45","#SD1042",50.00,68.00,93.00,120.90,"2025-04-09","143780630","PO",4,,,,"","ALMA","SD1042A0",30088,4002,"2025-04-09","2025-05-09","USD",93.00,60,"3XS:5|2XS:5|XS:10|S:10|M:10|L:10|XL:10"
41043,"2025-04-09 08:39:53.45","#SD1043",50.00,68.00,93.00,120.90,"2025-04-09","143780630","PO",4,,,,"","ALMA","SD1043A1",30089,5002,"2025-04-09","2025-05-09","USD",93.00,60,"3XS:5|2XS:5|XS:10|S:10|M:10|L:10|XL:10"
41044,"2025-04-09 08:39:53.45","#SD1044",50.00,68.00,93.00,120.90,"2025-04-09","143780630","PO",4,,,,"","ALMA","SD1044A1",30090,6002,"2025-04-09","2025-05-09","USD",93.00,60,"3XS:5|2XS:5|XS:10|S:10|M:10|L:10|XL:10"
41045,"2025-04-09 08:39:53.45","#SD1045",50.00,68.00,93.00,120.90,"2025-04-09","143780630","PO",4,,,,"","ALMA","SD1045A0",30013,7002,"2025-04-09","2025-05-09","USD",93.00,60,"3XS:5|2XS:5|XS:10|S:10|M:10|L:10|XL:10"
41046,"2025-04-09 08:39:53.45","#SD1046",50.00,68.00,93.00,120.90,"2025-04-09","143780639","PO",4,,,,"","ALMA","SD1046A1",30022,1002,"2025-04-09","2025-05-09","USD",93.00,60,"3XS:5|2XS:5|XS:10|S:10|M:10|L:10|XL:10"
41047,"2025-04-09 08:39:53.45","#SD1047",50.00,68.00,93.00,120.90,"2025-04-09","143780639","PO",4,,,,"","ALMA","SD1047A0",30025,4002,"2025-04-09","2025-05-09","USD",93.00,60,"3XS:5|2XS:5|XS:10|S:10|M:10|L:10|XL:10"
41048,"2025-04-09 08:39:53.45","#SD1048",50.00,68.00,93.00,120.90,"2025-04-09","143780639","PO",4,,,,"","ALMA","SD1048A1",30026,5002,"2025-04-09","2025-05-09","USD",93.00,60,"3XS:5|2XS:5|XS:10|S:10|M:10|L:10|XL:10"
41049,"2025-04-09 08:39:53.45","#SD1049",50.00,68.00,93.00,120.90,"2025-04-09","143780639","PO",4,,,,"","ALMA","SD1049A0",30027,6002,"2025-04-09","2025-05-09","USD",93.00,60,"3XS:5|2XS:5|XS:10|S:10|M:10|L:10|XL:10"
41050,"2025-04-09 08:39:53.45","#SD1050",50.00,68.00,93.00,120.90,"2025-04-09","143780639","PO",4,,,,"","ALMA","SD1050A1",30029,7002,"2025-04-09","2025-05-09","USD",93.00,60,"3XS:5|2XS:5|XS:10|S:10|M:10|L:10|XL:10"
41051,"2025-04-09 08:39:53.45","#SD1051",50.00,68.00,93.00,120.90,"2025-04-09","143780658","PO",4,,,,"","ALMA","SD1051A1",30045,1002,"2025-04-09","2025-05-09","USD",93.00,60,"3XS:5|2XS:5|XS:10|S:10|M:10|L:10|XL:10"
41052,"2025-04-09 08:39:53.45","#SD1052",50.00,68.00,93.00,120.90,"2025-04-09","143780658","PO",4,,,,"","ALMA","SD1052A0",30047,4002,"2025-04-09","2025-05-09","USD",93.00,60,"3XS:5|2XS:5|XS:10|S:10|M:10|L:10|XL:10"
41053,"2025-04-09 08:39:53.45","#SD1053",50.00,68.00,93.00,120.90,"2025-04-09","143780658","PO",4,,,,"","ALMA","SD1053A1",30065,5002,"2025-04-09","2025-05-09","USD",93.00,60,"3XS:5|2XS:5|XS:10|S:10|M:10|L:10|XL:10"
41054,"2025-04-09 08:39:53.45","#SD1054",50.00,68.00,93.00,120.90,"2025-04-09","143780658","PO",4,,,,"","ALMA","SD1054A0",30069,6002,"2025-04-09","2025-05-09","USD",93.00,60,"3XS:5|2XS:5|XS:10|S:10|M:10|L:10|XL:10"
41055,"2025-04-09 08:39:53.45","#SD1055",50.00,68.00,93.00,120.90,"2025-04-09","143780658","PO",4,,,,"","ALMA","SD1055A1",30070,7002,"2025-04-09","2025-05-09","USD",93.00,60,"3XS:5|2XS:5|XS:10|S:10|M:10|L:10|XL:10"
41056,"2025-04-09 08:39:53.45","#SD1056",50.00,68.00,93.00,120.90,"2025-04-09","143780659","PO",4,,,,"","ALMA","SD1056A0",30071,1002,"2025-04-09","2025-05-09","USD",93.00,60,"3XS:5|2XS:5|XS:10|S:10|M:10|L:10|XL:10"
41057,"2025-04-09 08:39:53.45","#SD1057",50.00,68.00,93.00,120.90,"2025-04-09","143780659","PO",4,,,,"","ALMA","SD1057A1",30072,4002,"2025-04-09","2025-05-09","USD",93.00,60,"3XS:5|2XS:5|XS:10|S:10|M:10|L:10|XL:10"
41058,"2025-04-09 08:39:53.45","#SD1058",50.00,68.00,93.00,120.90,"2025-04-09","143780659","PO",4,,,,"","ALMA","SD1058A1",30073,5002,"2025-04-09","2025-05-09","USD",93.00,60,"3XS:5|2XS:5|XS:10|S:10|M:10|L:10|XL:10"
41059,"2025-04-09 08:39:53.45","#SD1059",50.00,68.00,93.00,120.90,"2025-04-09","143780659","PO",4,,,,"","ALMA","SD1059A0",30074,6002,"2025-04-09","2025-05-09","USD",93.00,60,"3XS:5|2XS:5|XS:10|S:10|M:10|L:10|XL:10"
41060,"2025-04-09 08:39:53.45","#SD1060",50.00,68.00,93.00,120.90,"2025-04-09","143780659","PO",4,,,,"","ALMA","SD1060A1",30075,7002,"2025-04-09","2025-05-09","USD",93.00,60,"3XS:5|2XS:5|XS:10|S:10|M:10|L:10|XL:10"
41061,"2025-04-09 08:39:53.45","#SD1061",50.00,68.00,93.00,120.90,"2025-04-09","143780668","PO",4,,,,"","ALMA","SD1061A0",30076,1002,"2025-04-09","2025-05-09","USD",93.00,60,"3XS:5|2XS:5|XS:10|S:10|M:10|L:10|XL:10"
41062,"2025-04-09 08:39:53.45","#SD1062",50.00,68.00,93.00,120.90,"2025-04-09","143780668","PO",4,,,,"","ALMA","SD1062A1",30077,4002,"2025-04-09","2025-05-09","USD",93.00,60,"3XS:5|2XS:5|XS:10|S:10|M:10|L:10|XL:10"
41063,"2025-04-09 08:39:53.45","#SD1063",50.00,68.00,93.00,120.90,"2025-04-09","143780668","PO",4,,,,"","ALMA","SD1063A0",30078,5002,"2025-04-09","2025-05-09","USD",93.00,60,"3XS:5|2XS:5|XS:10|S:10|M:10|L:10|XL:10"
41064,"2025-04-09 08:39:53.45","#SD1064",50.00,68.00,93.00,120.90,"2025-04-09","143780668","PO",4,,,,"","ALMA","SD1064A1",30079,6002,"2025-04-09","2025-05-09","USD",93.00,60,"3XS:5|2XS:5|XS:10|S:10|M:10|L:10|XL:10"
41065,"2025-04-09 08:39:53.45","#SD1065",50.00,68.00,93.00,120.90,"2025-04-09","143780668","PO",4,,,,"","ALMA","SD1065A1",30082,7002,"2025-04-09","2025-05-09","USD",93.00,60,"3XS:5|2XS:5|XS:10|S:10|M:10|L:10|XL:10"
41066,"2025-04-09 08:39:53.45","#SD1066",50.00,68.00,93.00,120.90,"2025-04-09","143780672","PO",4,,,,"","ALMA","SD1066A0",30083,1002,"2025-04-09","2025-05-09","USD",93.00,60,"3XS:5|2XS:5|XS:10|S:10|M:10|L:10|XL:10"
41067,"2025-04-09 08:39:53.45","#SD1067",50.00,68.00,93.00,120.90,"2025-04-09","143780672","PO",4,,,,"","ALMA","SD1067A1",30084,4002,"2025-04-09","2025-05-09","USD",93.00,60,"3XS:5|2XS:5|XS:10|S:10|M:10|L:10|XL:10"
41068,"2025-04-09 08:39:53.45","#SD1068",50.00,68.00,93.00,120.90,"2025-04-09","143780672","PO",4,,,,"","ALMA","SD1068A0",30085,5002,"2025-04-09","2025-05-09","USD",93.00,60,"3XS:5|2XS:5|XS:10|S:10|M:10|L:10|XL:10"
41069,"2025-04-09 08:39:53.45","#SD1069",50.00,68.00,93.00,120.90,"2025-04-09","143780672","PO",4,,,,"","ALMA","SD1069A1",30086,6002,"2025-04-09","2025-05-09","USD",93.00,60,"3XS:5|2XS:5|XS:10|S:10|M:10|L:10|XL:10"
41070,"2025-04-09 08:39:53.45","#SD1070",50.00,68.00,93.00,120.90,"2025-04-09","143780672","PO",4,,,,"","ALMA","SD1070A0",30087,7002,"2025-04-09","2025-05-09","USD",93.00,60,"3XS:5|2XS:5|XS:10|S:10|M:10|L:10|XL:10"
41071,"2025-04-09 08:39:53.45","#SD1071",50.00,68.00,93.00,120.90,"2025-04-09","143780685","PO",4,,,,"","ALMA","SD1071A1",30088,1002,"2025-04-09","2025-05-09","USD",93.00,60,"3XS:5|2XS:5|XS:10|S:10|M:10|L:10|XL:10"
41072,"2025-04-09 08:39:53.45","#SD1072",50.00,68.00,93.00,120.90,"2025-04-09","143780685","PO",4,,,,"","ALMA","SD1072A1",30089,4002,"2025-04-09","2025-05-09","USD",93.00,60,"3XS:5|2XS:5|XS:10|S:10|M:10|L:10|XL:10"
41073,"2025-04-09 08:39:53.45","#SD1073",50.00,68.00,93.00,120.90,"2025-04-09","143780685","PO",4,,,,"","ALMA","SD1073A0",30090,5002,"2025-04-09","2025-05-09","USD",93.00,60,"3XS:5|2XS:5|XS:10|S:10|M:10|L:10|XL:10"
41074,"2025-04-09 08:39:53.45","#SD1074",50.00,68.00,93.00,120.90,"2025-04-09","143780685","PO",4,,,,"","ALMA","SD1074A1",30013,6002,"2025-04-09","2025-05-09","USD",93.00,60,"3XS:5|2XS:5|XS:10|S:10|M:10|L:10|XL:10"
41075,"2025-04-09 08:39:53.45","#SD1075",50.00,68.00,93.00,120.90,"2025-04-09","143780685","PO",4,,,,"","ALMA","SD1075A0",30022,7002,"2025-04-09","2025-05-09","USD",93.00,60,"3XS:5|2XS:5|XS:10|S:10|M:10|L:10|XL:10"
41076,"2025-04-09 08:39:53.45","#SD1076",50.00,68.00,93.00,120.90,"2025-04-09","143780700","PO",4,,,,"","ALMA","SD1076A1",30025,1002,"2025-04-09","2025-05-09","USD",93.00,60,"3XS:5|2XS:5|XS:10|S:10|M:10|L:10|XL:10"
41077,"2025-04-09 08:39:53.45","#SD1077",50.00,68.00,93.00,120.90,"2025-04-09","143780700","PO",4,,,,"","ALMA","SD1077A0",30026,4002,"2025-04-09","2025-05-09","USD",93.00,60,"3XS:5|2XS:5|XS:10|S:10|M:10|L:10|XL:10"
41078,"2025-04-09 08:39:53.45","#SD1078",50.00,68.00,93.00,120.90,"2025-04-09","143780700","PO",4,,,,"","ALMA","SD1078A1",30027,5002,"2025-04-09","2025-05-09","USD",93.00,60,"3XS:5|2XS:5|XS:10|S:10|M:10|L:10|XL:10"
41079,"2025-04-09 08:39:53.45","#SD1079",50.00,68.00,93.00,120.90,"2025-04-09","143780700","PO",4,,,,"","ALMA","SD1079A1",30029,6002,"2025-04-09","2025-05-09","USD",93.00,60,"3XS:5|2XS:5|XS:10|S:10|M:10|L:10|XL:10"
41080,"2025-04-09 08:39:53.45","#SD1080",50.00,68.00,93.00,120.90,"2025-04-09","143780700","PO",4,,,,"","ALMA","SD1080A0",30045,7002,"2025-04-09","2025-05-09","USD",93.00,60,"3XS:5|2XS:5|XS:10|S:10|M:10|L:10|XL:10"
41081,"2025-04-09 08:39:53.45","#SD1081",50.00,68.00,93.00,120.90,"2025-04-09","143780710","PO",4,,,,"","ALMA","SD1081A1",30047,1002,"2025-04-09","2025-05-09","USD",93.00,60,"3XS:5|2XS:5|XS:10|S:10|M:10|L:10|XL:10"
41082,"2025-04-09 08:39:53.45","#SD1082",50.00,68.00,93.00,120.90,"2025-04-09","143780710","PO",4,,,,"","ALMA","SD1082A0",30065,4002,"2025-04-09","2025-05-09","USD",93.00,60,"3XS:5|2XS:5|XS:10|S:10|M:10|L:10|XL:10"
41083,"2025-04-09 08:39:53.45","#SD1083",50.00,68.00,93.00,120.90,"2025-04-09","143780710","PO",4,,,,"","ALMA","SD1083A1",30069,5002,"2025-04-09","2025-05-09","USD",93.00,60,"3XS:5|2XS:5|XS:10|S:10|M:10|L:10|XL:10"
41084,"2025-04-09 08:39:53.45","#SD1084",50.00,68.00,93.00,120.90,"2025-04-09","143780710","PO",4,,,,"","ALMA","SD1084A0",30070,6002,"2025-04-09","2025-05-09","USD",93.00,60,"3XS:5|2XS:5|XS:10|S:10|M:10|L:10|XL:10"
41085,"2025-04-09 08:39:53.45","#SD1085",50.00,68.00,93.00,120.90,"2025-04-09","143780710","PO",4,,,,"","ALMA","SD1085A1",30071,7002,"2025-04-09","2025-05-09","USD",93.00,60,"3XS:5|2XS:5|XS:10|S:10|M:10|L:10|XL:10"
41086,"2025-04-09 08:39:53.45","#SD1086",50.00,68.00,93.00,120.90,"2025-04-09","143780746","PO",4,,,,"","ALMA","SD1086A1",30072,1002,"2025-04-09","2025-05-09","USD",93.00,60,"3XS:5|2XS:5|XS:10|S:10|M:10|L:10|XL:10"
41087,"2025-04-09 08:39:53.45","#SD1087",50.00,68.00,93.00,120.90,"2025-04-09","143780746","PO",4,,,,"","ALMA","SD1087A0",30073,4002,"2025-04-09","2025-05-09","USD",93.00,60,"3XS:5|2XS:5|XS:10|S:10|M:10|L:10|XL:10"
41088,"2025-04-09 08:39:53.45","#SD1088",50.00,68.00,93.00,120.90,"2025-04-09","143780746","PO",4,,,,"","ALMA","SD1088A1",30074,5002,"2025-04-09","2025-05-09","USD",93.00,60,"3XS:5|2XS:5|XS:10|S:10|M:10|L:10|XL:10"
41089,"2025-04-09 08:39:53.45","#SD1089",50.00,68.00,93.00,120.90,"2025-04-09","143780746","PO",4,,,,"","ALMA","SD1089A0",30075,6002,"2025-04-09","2025-05-09","USD",93.00,60,"3XS:5|2XS:5|XS:10|S:10|M:10|L:10|XL:10"
41090,"2025-04-09 08:39:53.45","#SD1090",50.00,68.00,93.00,120.90,"2025-04-09","143780746","PO",4,,,,"","ALMA","SD1090A1",30076,7002,"2025-04-09","2025-05-09","USD",93.00,60,"3XS:5|2XS:5|XS:10|S:10|M:10|L:10|XL:10"
41091,"2025-04-09 08:39:53.45","#SD1091",50.00,68.00,93.00,120.90,"2025-04-09","143780747","PO",4,,,,"","ALMA","SD1091A0",30077,1002,"2025-04-09","2025-05-09","USD",93.00,60,"3XS:5|2XS:5|XS:10|S:10|M:10|L:10|XL:10"
41092,"2025-04-09 08:39:53.45","#SD1092",50.00,68.00,93.00,120.90,"2025-04-09","143780747","PO",4,,,,"","ALMA","SD1092A1",30078,4002,"2025-04-09","2025-05-09","USD",93.00,60,"3XS:5|2XS:5|XS:10|S:10|M:10|L:10|XL:10"
41093,"2025-04-09 08:39:53.45","#SD1093",50.00,68.00,93.00,120.90,"2025-04-09","143780747","PO",4,,,,"","ALMA","SD1093A1",30079,5002,"2025-04-09","2025-05-09","USD",93.00,60,"3XS:5|2XS:5|XS:10|S:10|M:10|L:10|XL:10"
41094,"2025-04-09 08:39:53.45","#SD1094",50.00,68.00,93.00,120.90,"2025-04-09","143780747","PO",4,,,,"","ALMA","SD1094A0",30082,6002,"2025-04-09","2025-05-09","USD",93.00,60,"3XS:5|2XS:5|XS:10|S:10|M:10|L:10|XL:10"
41095,"2025-04-09 08:39:53.45","#SD1095",50.00,68.00,93.00,120.90,"2025-04-09","143780747","PO",4,,,,"","ALMA","SD1095A1",30083,7002,"2025-04-09","2025-05-09","USD",93.00,60,"3XS:5|2XS:5|XS:10|S:10|M:10|L:10|XL:10"
41096,"2025-04-09 08:39:53.45","#SD1096",50.00,68.00,93.00,120.90,"2025-04-09","143780748","PO",4,,,,"","ALMA","SD1096A0",30084,1002,"2025-04-09","2025-05-09","USD",93.00,60,"3XS:5|2XS:5|XS:10|S:10|M:10|L:10|XL:10"
41097,"2025-04-09 08:39:53.45","#SD1097",50.00,68.00,93.00,120.90,"2025-04-09","143780748","PO",4,,,,"","ALMA","SD1097A1",30085,4002,"2025-04-09","2025-05-09","USD",93.00,60,"3XS:5|2XS:5|XS:10|S:10|M:10|L:10|XL:10"
41098,"2025-04-09 08:39:53.45","#SD1098",50.00,68.00,93.00,120.90,"2025-04-09","143780748","PO",4,,,,"","ALMA","SD1098A0",30086,5002,"2025-04-09","2025-05-09","USD",93.00,60,"3XS:5|2XS:5|XS:10|S:10|M:10|L:10|XL:10"
41099,"2025-04-09 08:39:53.45","#SD1099",50.00,68.00,93.00,120.90,"2025-04-09","143780748","PO",4,,,,"","ALMA","SD1099A1",30087,6002,"2025-04-09","2025-05-09","USD",93.00,60,"3XS:5|2XS:5|XS:10|S:10|M:10|L:10|XL:10"
41100,"2025-04-09 08:39:53.45","#SD1100",50.00,68.00,93.00,120.90,"2025-04-09","143780748","PO",4,,,,"","ALMA","SD1100A1",30088,7002,"2025-04-09","2025-05-09","USD",93.00,60,"3XS:5|2XS:5|XS:10|S:10|M:10|L:10|XL:10"
41101,"2025-04-09 08:39:53.45","#SD1101",50.00,68.00,93.00,120.90,"2025-04-09","143780749","PO",4,,,,"","ALMA","SD1101A0",30089,1002,"2025-04-09","2025-05-09","USD",93.00,60,"3XS:5|2XS:5|XS:10|S:10|M:10|L:10|XL:10"
41102,"2025-04-09 08:39:53.45","#SD1102",50.00,68.00,93.00,120.90,"2025-04-09","143780749","PO",4,,,,"","ALMA","SD1102A1",30090,4002,"2025-04-09","2025-05-09","USD",93.00,60,"3XS:5|2XS:5|XS:10|S:10|M:10|L:10|XL:10"
41103,"2025-04-09 08:39:53.45","#SD1103",50.00,68.00,93.00,120.90,"2025-04-09","143780749","PO",4,,,,"","ALMA","SD1103A0",30013,5002,"2025-04-09","2025-05-09","USD",93.00,60,"3XS:5|2XS:5|XS:10|S:10|M:10|L:10|XL:10"
41104,"2025-04-09 08:39:53.45","#SD1104",50.00,68.00,93.00,120.90,"2025-04-09","143780749","PO",4,,,,"","ALMA","SD1104A1",30022,6002,"2025-04-09","2025-05-09","USD",93.00,60,"3XS:5|2XS:5|XS:10|S:10|M:10|L:10|XL:10"
41105,"2025-04-09 08:39:53.45","#SD1105",50.00,68.00,93.00,120.90,"2025-04-09","143780749","PO",4,,,,"","ALMA","SD1105A0",30025,7002,"2025-04-09","2025-05-09","USD",93.00,60,"3XS:5|2XS:5|XS:10|S:10|M:10|L:10|XL:10"
41106,"2025-04-09 08:39:53.45","#SD1106",50.00,68.00,93.00,120.90,"2025-04-09","143780750","PO",4,,,,"","ALMA","SD1106A1",30026,1002,"2025-04-09","2025-05-09","USD",93.00,60,"3XS:5|2XS:5|XS:10|S:10|M:10|L:10|XL:10"
41107,"2025-04-09 08:39:53.45","#SD1107",50.00,68.00,93.00,120.90,"2025-04-09","143780750","PO",4,,,,"","ALMA","SD1107A1",30027,4002,"2025-04-09","2025-05-09","USD",93.00,60,"3XS:5|2XS:5|XS:10|S:10|M:10|L:10|XL:10"
41108,"2025-04-09 08:39:53.45","#SD1108",50.00,68.00,93.00,120.90,"2025-04-09","143780750","PO",4,,,,"","ALMA","SD1108A0",30029,5002,"2025-04-09","2025-05-09","USD",93.00,60,"3XS:5|2XS:5|XS:10|S:10|M:10|L:10|XL:10"
41109,"2025-04-09 08:39:53.45","#SD1109",50.00,68.00,93.00,120.90,"2025-04-09","143780750","PO",4,,,,"","ALMA","SD1109A1",30045,6002,"2025-04-09","2025-05-09","USD",93.00,60,"3XS:5|2XS:5|XS:10|S:10|M:10|L:10|XL:10"
41110,"2025-04-09 08:39:53.45","#SD1110",50.00,68.00,93.00,120.90,"2025-04-09","143780750","PO",4,,,,"","ALMA","SD1110A0",30047,7002,"2025-04-09","2025-05-09","USD",93.00,60,"3XS:5|2XS:5|XS:10|S:10|M:10|L:10|XL:10"
41111,"2025-04-09 08:39:53.45","#SD1111",50.00,68.00,93.00,120.90,"2025-04-09","143780753","PO",4,,,,"","ALMA","SD1111A1",30065,1002,"2025-04-09","2025-05-09","USD",93.00,60,"3XS:5|2XS:5|XS:10|S:10|M:10|L:10|XL:10"
41112,"2025-04-09 08:39:53.45","#SD1112",50.00,68.00,93.00,120.90,"2025-04-09","143780753","PO",4,,,,"","ALMA","SD1112A0",30069,4002,"2025-04-09","2025-05-09","USD",93.00,60,"3XS:5|2XS:5|XS:10|S:10|M:10|L:10|XL:10"
41113,"2025-04-09 08:39:53.45","#SD1113",50.00,68.00,93.00,120.90,"2025-04-09","143780753","PO",4,,,,"","ALMA","SD1113A1",30070,5002,"2025-04-09","2025-05-09","USD",93.00,60,"3XS:5|2XS:5|XS:10|S:10|M:10|L:10|XL:10"
41114,"2025-04-09 08:39:53.45","#SD1114",50.00,68.00,93.00,120.90,"2025-04-09","143780753","PO",4,,,,"","ALMA","SD1114A1",30071,6002,"2025-04-09","2025-05-09","USD",93.00,60,"3XS:5|2XS:5|XS:10|S:10|M:10|L:10|XL:10"
41115,"2025-04-09 08:39:53.45","#SD1115",50.00,68.00,93.00,120.90,"2025-04-09","143780753","PO",4,,,,"","ALMA","SD1115A0",30072,7002,"2025-04-09","2025-05-09","USD",93.00,60,"3XS:5|2XS:5|XS:10|S:10|M:10|L:10|XL:10"
41116,"2025-04-09 08:39:53.45","#SD1116",50.00,68.00,93.00,120.90,"2025-04-09","143780761","PO",4,,,,"","ALMA","SD1116A1",30073,1002,"2025-04-09","2025-05-09","USD",93.00,60,"3XS:5|2XS:5|XS:10|S:10|M:10|L:10|XL:10"
41117,"2025-04-09 08:39:53.45","#SD1117",50.00,68.00,93.00,120.90,"2025-04-09","143780761","PO",4,,,,"","ALMA","SD1117A0",30074,4002,"2025-04-09","2025-05-09","USD",93.00,60,"3XS:5|2XS:5|XS:10|S:10|M:10|L:10|XL:10"
41118,"2025-04-09 08:39:53.45","#SD1118",50.00,68.00,93.00,120.90,"2025-04-09","143780761","PO",4,,,,"","ALMA","SD1118A1",30075,5002,"2025-04-09","2025-05-09","USD",93.00,60,"3XS:5|2XS:5|XS:10|S:10|M:10|L:10|XL:10"
41119,"2025-04-09 08:39:53.45","#SD1119",50.00,68.00,93.00,120.90,"2025-04-09","143780761","PO",4,,,,"","ALMA","SD1119A0",30076,6002,"2025-04-09","2025-05-09","USD",93.00,60,"3XS:5|2XS:5|XS:10|S:10|M:10|L:10|XL:10"
41120,"2025-04-09 08:39:53.45","#SD1120",50.00,68.00,93.00,120.90,"2025-04-09","143780761","PO",4,,,,"","ALMA","SD1120A1",30077,7002,"2025-04-09","2025-05-09","USD",93.00,60,"3XS:5|2XS:5|XS:10|S:10|M:10|L:10|XL:10"
41121,"2025-04-09 08:39:53.45","#SD1121",50.00,68.00,93.00,120.90,"2025-04-09","143780774","PO",4,,,,"","ALMA","SD1121A1",30078,1002,"2025-04-09","2025-05-09","USD",93.00,60,"3XS:5|2XS:5|XS:10|S:10|M:10|L:10|XL:10"
41122,"2025-04-09 08:39:53.45","#SD1122",50.00,68.00,93.00,120.90,"2025-04-09","143780774","PO",4,,,,"","ALMA","SD1122A0",30079,4002,"2025-04-09","2025-05-09","USD",93.00,60,"3XS:5|2XS:5|XS:10|S:10|M:10|L:10|XL:10"
41123,"2025-04-09 08:39:53.45","#SD1123",50.00,68.00,93.00,120.90,"2025-04-09","143780774","PO",4,,,,"","ALMA","SD1123A1",30082,5002,"2025-04-09","2025-05-09","USD",93.00,60,"3XS:5|2XS:5|XS:10|S:10|M:10|L:10|XL:10"
41124,"2025-04-09 08:39:53.45","#SD1124",50.00,68.00,93.00,120.90,"2025-04-09","143780774","PO",4,,,,"","ALMA","SD1124A0",30083,6002,"2025-04-09","2025-05-09","USD",93.00,60,"3XS:5|2XS:5|XS:10|S:10|M:10|L:10|XL:10"
41125,"2025-04-09 08:39:53.45","#SD1125",50.00,68.00,93.00,120.90,"2025-04-09","143780774","PO",4,,,,"","ALMA","SD1125A1",30084,7002,"2025-04-09","2025-05-09","USD",93.00,60,"3XS:5|2XS:5|XS:10|S:10|M:10|L:10|XL:10"
41126,"2025-04-09 08:39:53.45","#SD1126",50.00,68.00,93.00,120.90,"2025-04-09","143780775","PO",4,,,,"","ALMA","SD1126A0",30085,1002,"2025-04-09","2025-05-09","USD",93.00,60,"3XS:5|2XS:5|XS:10|S:10|M:10|L:10|XL:10"
41127,"2025-04-09 08:39:53.45","#SD1127",50.00,68.00,93.00,120.90,"2025-04-09","143780775","PO",4,,,,"","ALMA","SD1127A1",30086,4002,"2025-04-09","2025-05-09","USD",93.00,60,"3XS:5|2XS:5|XS:10|S:10|M:10|L:10|XL:10"
41128,"2025-04-09 08:39:53.45","#SD1128",50.00,68.00,93.00,120.90,"2025-04-09","143780775","PO",4,,,,"","ALMA","SD1128A1",30087,5002,"2025-04-09","2025-05-09","USD",93.00,60,"3XS:5|2XS:5|XS:10|S:10|M:10|L:10|XL:10"
41129,"2025-04-09 08:39:53.45","#SD1129",50.00,68.00,93.00,120.90,"2025-04-09","143780775","PO",4,,,,"","ALMA","SD1129A0",30088,6002,"2025-04-09","2025-05-09","USD",93.00,60,"3XS:5|2XS:5|XS:10|S:10|M:10|L:10|XL:10"
41130,"2025-04-09 08:39:53.45","#SD1130",50.00,68.00,93.00,120.90,"2025-04-09","143780775","PO",4,,,,"","ALMA","SD1130A1",30089,7002,"2025-04-09","2025-05-09","USD",93.00,60,"3XS:5|2XS:5|XS:10|S:10|M:10|L:10|XL:10"
41131,"2025-04-09 08:39:53.45","#SD1131",50.00,68.00,93.00,120.90,"2025-04-09","143780794","PO",4,,,,"","ALMA","SD1131A0",30090,1002,"2025-04-09","2025-05-09","USD",93.00,60,"3XS:5|2XS:5|XS:10|S:10|M:10|L:10|XL:10"
41132,"2025-04-09 08:39:53.45","#SD1132",50.00,68.00,93.00,120.90,"2025-04-09","143780794","PO",4,,,,"","ALMA","SD1132A1",30013,4002,"2025-04-09","2025-05-09","USD",93.00,60,"3XS:5|2XS:5|XS:10|S:10|M:10|L:10|XL:10"
41133,"2025-04-09 08:39:53.45","#SD1133",50.00,68.00,93.00,120.90,"2025-04-09","143780794","PO",4,,,,"","ALMA","SD1133A0",30022,5002,"2025-04-09","2025-05-09","USD",93.00,60,"3XS:5|2XS:5|XS:10|S:10|M:10|L:10|XL:10"
41134,"2025-04-09 08:39:53.45","#SD1134",50.00,68.00,93.00,120.90,"2025-04-09","143780794","PO",4,,,,"","ALMA","SD1134A1",30025,6002,"2025-04-09","2025-05-09","USD",93.00,60,"3XS:5|2XS:5|XS:10|S:10|M:10|L:10|XL:10"
41135,"2025-04-09 08:39:53.45","#SD1135",50.00,68.00,93.00,120.90,"2025-04-09","143780794","PO",4,,,,"","ALMA","SD1135A1",30026,7002,"2025-04-09","2025-05-09","USD",93.00,60,"3XS:5|2XS:5|XS:10|S:10|M:10|L:10|XL:10"
41136,"2025-04-09 08:39:53.45","#SD1136",50.00,68.00,93.00,120.90,"2025-04-09","143780799","PO",4,,,,"","ALMA","SD1136A0",30027,1002,"2025-04-09","2025-05-09","USD",93.00,60,"3XS:5|2XS:5|XS:10|S:10|M:10|L:10|XL:10"
41137,"2025-04-09 08:39:53.45","#SD1137",50.00,68.00,93.00,120.90,"2025-04-09","143780799","PO",4,,,,"","ALMA","SD1137A1",30029,4002,"2025-04-09","2025-05-09","USD",93.00,60,"3XS:5|2XS:5|XS:10|S:10|M:10|L:10|XL:10"
41138,"2025-04-09 08:39:53.45","#SD1138",50.00,68.00,93.00,120.90,"2025-04-09","143780799","PO",4,,,,"","ALMA","SD1138A0",30045,5002,"2025-04-09","2025-05-09","USD",93.00,60,"3XS:5|2XS:5|XS:10|S:10|M:10|L:10|XL:10"
41139,"2025-04-09 08:39:53.45","#SD1139",50.00,68.00,93.00,120.90,"2025-04-09","143780799","PO",4,,,,"","ALMA","SD1139A1",30047,6002,"2025-04-09","2025-05-09","USD",93.00,60,"3XS:5|2XS:5|XS:10|S:10|M:10|L:10|XL:10"
41140,"2025-04-09 08:39:53.45","#SD1140",50.00,68.00,93.00,120.90,"2025-04-09","143780799","PO",4,,,,"","ALMA","SD1140A0",30065,7002,"2025-04-09","2025-05-09","USD",93.00,60,"3XS:5|2XS:5|XS:10|S:10|M:10|L:10|XL:10"
41141,"2025-04-09 08:39:53.45","#SD1141",50.00,68.00,93.00,120.90,"2025-04-09","143780805","PO",4,,,,"","ALMA","SD1141A1",30069,1002,"2025-04-09","2025-05-09","USD",93.00,60,"3XS:5|2XS:5|XS:10|S:10|M:10|L:10|XL:10"
41142,"2025-04-09 08:39:53.45","#SD1142",50.00,68.00,93.00,120.90,"2025-04-09","143780805","PO",4,,,,"","ALMA","SD1142A1",30070,4002,"2025-04-09","2025-05-09","USD",93.00,60,"3XS:5|2XS:5|XS:10|S:10|M:10|L:10|XL:10"
41143,"2025-04-09 08:39:53.45","#SD1143",50.00,68.00,93.00,120.90,"2025-04-09","143780805","PO",4,,,,"","ALMA","SD1143A0",30071,5002,"2025-04-09","2025-05-09","USD",93.00,60,"3XS:5|2XS:5|XS:10|S:10|M:10|L:10|XL:10"
41144,"2025-04-09 08:39:53.45","#SD1144",50.00,68.00,93.00,120.90,"2025-04-09","143780805","PO",4,,,,"","ALMA","SD1144A1",30072,6002,"2025-04-09","2025-05-09","USD",93.00,60,"3XS:5|2XS:5|XS:10|S:10|M:10|L:10|XL:10"
41145,"2025-04-09 08:39:53.45","#SD1145",50.00,68.00,93.00,120.90,"2025-04-09","143780805","PO",4,,,,"","ALMA","SD1145A0",30073,7002,"2025-04-09","2025-05-09","USD",93.00,60,"3XS:5|2XS:5|XS:10|S:10|M:10|L:10|XL:10"
41146,"2025-04-09 08:39:53.45","#SD1146",50.00,68.00,93.00,120.90,"2025-04-09","143780806","PO",4,,,,"","ALMA","SD1146A1",30074,1002,"2025-04-09","2025-05-09","USD",93.00,60,"3XS:5|2XS:5|XS:10|S:10|M:10|L:10|XL:10"
41147,"2025-04-09 08:39:53.45","#SD1147",50.00,68.00,93.00,120.90,"2025-04-09","143780806","PO",4,,,,"","ALMA","SD1147A0",30075,4002,"2025-04-09","2025-05-09","USD",93.00,60,"3XS:5|2XS:5|XS:10|S:10|M:10|L:10|XL:10"
41148,"2025-04-09 08:39:53.45","#SD1148",50.00,68.00,93.00,120.90,"2025-04-09","143780806","PO",4,,,,"","ALMA","SD1148A1",30076,5002,"2025-04-09","2025-05-09","USD",93.00,60,"3XS:5|2XS:5|XS:10|S:10|M:10|L:10|XL:10"
41149,"2025-04-09 08:39:53.45","#SD1149",50.00,68.00,93.00,120.90,"2025-04-09","143780806","PO",4,,,,"","ALMA","SD1149A1",30077,6002,"2025-04-09","2025-05-09","USD",93.00,60,"3XS:5|2XS:5|XS:10|S:10|M:10|L:10|XL:10"
41150,"2025-04-09 08:39:53.45","#SD1150",50.00,68.00,93.00,120.90,"2025-04-09","143780806","PO",4,,,,"","ALMA","SD1150A0",30078,7002,"2025-04-09","2025-05-09","USD",93.00,60,"3XS:5|2XS:5|XS:10|S:10|M:10|L:10|XL:10"
41151,"2025-04-09 08:39:53.45","#SD1151",50.00,68.00,93.00,120.90,"2025-04-09","143780817","PO",4,,,,"","ALMA","SD1151A1",30079,1002,"2025-04-09","2025-05-09","USD",93.00,60,"3XS:5|2XS:5|XS:10|S:10|M:10|L:10|XL:10"
41152,"2025-04-09 08:39:53.45","#SD1152",50.00,68.00,93.00,120.90,"2025-04-09","143780817","PO",4,,,,"","ALMA","SD1152A0",30082,4002,"2025-04-09","2025-05-09","USD",93.00,60,"3XS:5|2XS:5|XS:10|S:10|M:10|L:10|XL:10"
41153,"2025-04-09 08:39:53.45","#SD1153",50.00,68.00,93.00,120.90,"2025-04-09","143780817","PO",4,,,,"","ALMA","SD1153A1",30083,5002,"2025-04-09","2025-05-09","USD",93.00,60,"3XS:5|2XS:5|XS:10|S:10|M:10|L:10|XL:10"
41154,"2025-04-09 08:39:53.45","#SD1154",50.00,68.00,93.00,120.90,"2025-04-09","143780817","PO",4,,,,"","ALMA","SD1154A0",30084,6002,"2025-04-09","2025-05-09","USD",93.00,60,"3XS:5|2XS:5|XS:10|S:10|M:10|L:10|XL:10"
41155,"2025-04-09 08:39:53.45","#SD1155",50.00,68.00,93.00,120.90,"2025-04-09","143780817","PO",4,,,,"","ALMA","SD1155A1",30085,7002,"2025-04-09","2025-05-09","USD",93.00,60,"3XS:5|2XS:5|XS:10|S:10|M:10|L:10|XL:10"
41156,"2025-04-09 08:39:53.45","#SD1156",50.00,68.00,93.00,120.90,"2025-04-09","143780820","PO",4,,,,"","ALMA","SD1156A1",30086,1002,"2025-04-09","2025-05-09","USD",93.00,60,"3XS:5|2XS:5|XS:10|S:10|M:10|L:10|XL:10"
41157,"2025-04-09 08:39:53.45","#SD1157",50.00,68.00,93.00,120.90,"2025-04-09","143780820","PO",4,,,,"","ALMA","SD1157A0",30087,4002,"2025-04-09","2025-05-09","USD",93.00,60,"3XS:5|2XS:5|XS:10|S:10|M:10|L:10|XL:10"
41158,"2025-04-09 08:39:53.45","#SD1158",50.00,68.00,93.00,120.90,"2025-04-09","143780820","PO",4,,,,"","ALMA","SD1158A1",30088,5002,"2025-04-09","2025-05-09","USD",93.00,60,"3XS:5|2XS:5|XS:10|S:10|M:10|L:10|XL:10"
41159,"2025-04-09 08:39:53.45","#SD1159",50.00,68.00,93.00,120.90,"2025-04-09","143780820","PO",4,,,,"","ALMA","SD1159A0",30089,6002,"2025-04-09","2025-05-09","USD",93.00,60,"3XS:5|2XS:5|XS:10|S:10|M:10|L:10|XL:10"
41160,"2025-04-09 08:39:53.45","#SD1160",50.00,68.00,93.00,120.90,"2025-04-09","143780820","PO",4,,,,"","ALMA","SD1160A1",30090,7002,"2025-04-09","2025-05-09","USD",93.00,60,"3XS:5|2XS:5|XS:10|S:10|M:10|L:10|XL:10"
41161,"2025-04-09 08:39:53.45","#SD1161",50.00,68.00,93.00,120.90,"2025-04-09","143780828","PO",4,,,,"","ALMA","SD1161A0",30013,1002,"2025-04-09","2025-05-09","USD",93.00,60,"3XS:5|2XS:5|XS:10|S:10|M:10|L:10|XL:10"
41162,"2025-04-09 08:39:53.45","#SD1162",50.00,68.00,93.00,120.90,"2025-04-09","143780828","PO",4,,,,"","ALMA","SD1162A1",30022,4002,"2025-04-09","2025-05-09","USD",93.00,60,"3XS:5|2XS:5|XS:10|S:10|M:10|L:10|XL:10"
41163,"2025-04-09 08:39:53.45","#SD1163",50.00,68.00,93.00,120.90,"2025-04-09","143780828","PO",4,,,,"","ALMA","SD1163A1",30025,5002,"2025-04-09","2025-05-09","USD",93.00,60,"3XS:5|2XS:5|XS:10|S:10|M:10|L:10|XL:10"
41164,"2025-04-09 08:39:53.45","#SD1164",50.00,68.00,93.00,120.90,"2025-04-09","143780828","PO",4,,,,"","ALMA","SD1164A0",30026,6002,"2025-04-09","2025-05-09","USD",93.00,60,"3XS:5|2XS:5|XS:10|S:10|M:10|L:10|XL:10"
41165,"2025-04-09 08:39:53.45","#SD1165",50.00,68.00,93.00,120.90,"2025-04-09","143780828","PO",4,,,,"","ALMA","SD1165A1",30027,7002,"2025-04-09","2025-05-09","USD",93.00,60,"3XS:5|2XS:5|XS:10|S:10|M:10|L:10|XL:10"
41166,"2025-04-09 08:39:53.45","#SD1166",50.00,68.00,93.00,120.90,"2025-04-09","143780831","PO",4,,,,"","ALMA","SD1166A0",30029,1002,"2025-04-09","2025-05-09","USD",93.00,60,"3XS:5|2XS:5|XS:10|S:10|M:10|L:10|XL:10"
41167,"2025-04-09 08:39:53.45","#SD1167",50.00,68.00,93.00,120.90,"2025-04-09","143780831","PO",4,,,,"","ALMA","SD1167A1",30045,4002,"2025-04-09","2025-05-09","USD",93.00,60,"3XS:5|2XS:5|XS:10|S:10|M:10|L:10|XL:10"
41168,"2025-04-09 08:39:53.45","#SD1168",50.00,68.00,93.00,120.90,"2025-04-09","143780831","PO",4,,,,"","ALMA","SD1168A0",30047,5002,"2025-04-09","2025-05-09","USD",93.00,60,"3XS:5|2XS:5|XS:10|S:10|M:10|L:10|XL:10"
41169,"2025-04-09 08:39:53.45","#SD1169",50.00,68.00,93.00,120.90,"2025-04-09","143780831","PO",4,,,,"","ALMA","SD1169A1",30065,6002,"2025-04-09","2025-05-09","USD",93.00,60,"3XS:5|2XS:5|XS:10|S:10|M:10|L:10|XL:10"
41170,"2025-04-09 08:39:53.45","#SD1170",50.00,68.00,93.00,120.90,"2025-04-09","143780831","PO",4,,,,"","ALMA","SD1170A1",30069,7002,"2025-04-09","2025-05-09","USD",93.00,60,"3XS:5|2XS:5|XS:10|S:10|M:10|L:10|XL:10"
41171,"2025-04-09 08:39:53.45","#SD1171",50.00,68.00,93.00,120.90,"2025-04-09","143780832","PO",4,,,,"","ALMA","SD1171A0",30070,1002,"2025-04-09","2025-05-09","USD",93.00,60,"3XS:5|2XS:5|XS:10|S:10|M:10|L:10|XL:10"
41172,"2025-04-09 08:39:53.45","#SD1172",50.00,68.00,93.00,120.90,"2025-04-09","143780832","PO",4,,,,"","ALMA","SD1172A1",30071,4002,"2025-04-09","2025-05-09","USD",93.00,60,"3XS:5|2XS:5|XS:10|S:10|M:10|L:10|XL:10"
41173,"2025-04-09 08:39:53.45","#SD1173",50.00,68.00,93.00,120.90,"2025-04-09","143780832","PO",4,,,,"","ALMA","SD1173A0",30072,5002,"2025-04-09","2025-05-09","USD",93.00,60,"3XS:5|2XS:5|XS:10|S:10|M:10|L:10|XL:10"
41174,"2025-04-09 08:39:53.45","#SD1174",50.00,68.00,93.00,120.90,"2025-04-09","143780832","PO",4,,,,"","ALMA","SD1174A1",30073,6002,"2025-04-09","2025-05-09","USD",93.00,60,"3XS:5|2XS:5|XS:10|S:10|M:10|L:10|XL:10"
41175,"2025-04-09 08:39:53.45","#SD1175",50.00,68.00,93.00,120.90,"2025-04-09","143780832","PO",4,,,,"","ALMA","SD1175A0",30074,7002,"2025-04-09","2025-05-09","USD",93.00,60,"3XS:5|2XS:5|XS:10|S:10|M:10|L:10|XL:10"
41176,"2025-04-09 08:39:53.45","#SD1176",50.00,68.00,93.00,120.90,"2025-04-09","143780854","PO",4,,,,"","ALMA","SD1176A1",30075,1002,"2025-04-09","2025-05-09","USD",93.00,60,"3XS:5|2XS:5|XS:10|S:10|M:10|L:10|XL:10"
41177,"2025-04-09 08:39:53.45","#SD1177",50.00,68.00,93.00,120.90,"2025-04-09","143780854","PO",4,,,,"","ALMA","SD1177A1",30076,4002,"2025-04-09","2025-05-09","USD",93.00,60,"3XS:5|2XS:5|XS:10|S:10|M:10|L:10|XL:10"
41178,"2025-04-09 08:39:53.45","#SD1178",50.00,68.00,93.00,120.90,"2025-04-09","143780854","PO",4,,,,"","ALMA","SD1178A0",30077,5002,"2025-04-09","2025-05-09","USD",93.00,60,"3XS:5|2XS:5|XS:10|S:10|M:10|L:10|XL:10"
41179,"2025-04-09 08:39:53.45","#SD1179",50.00,68.00,93.00,120.90,"2025-04-09","143780854","PO",4,,,,"","ALMA","SD1179A1",30078,6002,"2025-04-09","2025-05-09","USD",93.00,60,"3XS:5|2XS:5|XS:10|S:10|M:10|L:10|XL:10"
41180,"2025-04-09 08:39:53.45","#SD1180",50.00,68.00,93.00,120.90,"2025-04-09","143780854","PO",4,,,,"","ALMA","SD1180A0",30079,7002,"2025-04-09","2025-05-09","USD",93.00,60,"3XS:5|2XS:5|XS:10|S:10|M:10|L:10|XL:10"
41181,"2025-04-09 08:39:53.45","#SD1181",50.00,68.00,93.00,120.90,"2025-04-09","143780863","PO",4,,,,"","ALMA","SD1181A1",30082,1002,"2025-04-09","2025-05-09","USD",93.00,60,"3XS:5|2XS:5|XS:10|S:10|M:10|L:10|XL:10"
41182,"2025-04-09 08:39:53.45","#SD1182",50.00,68.00,93.00,120.90,"2025-04-09","143780863","PO",4,,,,"","ALMA","SD1182A0",30083,4002,"2025-04-09","2025-05-09","USD",93.00,60,"3XS:5|2XS:5|XS:10|S:10|M:10|L:10|XL:10"
41183,"2025-04-09 08:39:53.45","#SD1183",50.00,68.00,93.00,120.90,"2025-04-09","143780863","PO",4,,,,"","ALMA","SD1183A1",30084,5002,"2025-04-09","2025-05-09","USD",93.00,60,"3XS:5|2XS:5|XS:10|S:10|M:10|L:10|XL:10"
41184,"2025-04-09 08:39:53.45","#SD1184",50.00,68.00,93.00,120.90,"2025-04-09","143780863","PO",4,,,,"","ALMA","SD1184A1",30085,6002,"2025-04-09","2025-05-09","USD",93.00,60,"3XS:5|2XS:5|XS:10|S:10|M:10|L:10|XL:10"
41185,"2025-04-09 08:39:53.45","#SD1185",50.00,68.00,93.00,120.90,"2025-04-09","143780863","PO",4,,,,"","ALMA","SD1185A0",30086,7002,"2025-04-09","2025-05-09","USD",93.00,60,"3XS:5|2XS:5|XS:10|S:10|M:10|L:10|XL:10"
41186,"2025-04-09 08:39:53.45","#SD1186",50.00,68.00,93.00,120.90,"2025-04-09","143780867","PO",4,,,,"","ALMA","SD1186A1",30087,1002,"2025-04-09","2025-05-09","USD",93.00,60,"3XS:5|2XS:5|XS:10|S:10|M:10|L:10|XL:10"
41187,"2025-04-09 08:39:53.45","#SD1187",50.00,68.00,93.00,120.90,"2025-04-09","143780867","PO",4,,,,"","ALMA","SD1187A0",30088,4002,"2025-04-09","2025-05-09","USD",93.00,60,"3XS:5|2XS:5|XS:10|S:10|M:10|L:10|XL:10"
41188,"2025-04-09 08:39:53.45","#SD1188",50.00,68.00,93.00,120.90,"2025-04-09","143780867","PO",4,,,,"","ALMA","SD1188A1",30089,5002,"2025-04-09","2025-05-09","USD",93.00,60,"3XS:5|2XS:5|XS:10|S:10|M:10|L:10|XL:10"
41189,"2025-04-09 08:39:53.45","#SD1189",50.00,68.00,93.00,120.90,"2025-04-09","143780867","PO",4,,,,"","ALMA","SD1189A0",30090,6002,"2025-04-09","2025-05-09","USD",93.00,60,"3XS:5|2XS:5|XS:10|S:10|M:10|L:10|XL:10"
41190,"2025-04-09 08:39:53.45","#SD1190",50.00,68.00,93.00,120.90,"2025-04-09","143780867","PO",4,,,,"","ALMA","SD1190A1",30013,7002,"2025-04-09","2025-05-09","USD",93.00,60,"3XS:5|2XS:5|XS:10|S:10|M:10|L:10|XL:10"
41191,"2025-04-09 08:39:53.45","#SD1191",50.00,68.00,93.00,120.90,"2025-04-09","143780884","PO",4,,,,"","ALMA","SD1191A1",30022,1002,"2025-04-09","2025-05-09","USD",93.00,60,"3XS:5|2XS:5|XS:10|S:10|M:10|L:10|XL:10"
41192,"2025-04-09 08:39:53.45","#SD1192",50.00,68.00,93.00,120.90,"2025-04-09","143780884","PO",4,,,,"","ALMA","SD1192A0",30025,4002,"2025-04-09","2025-05-09","USD",93.00,60,"3XS:5|2XS:5|XS:10|S:10|M:10|L:10|XL:10"
41193,"2025-04-09 08:39:53.45","#SD1193",50.00,68.00,93.00,120.90,"2025-04-09","143780884","PO",4,,,,"","ALMA","SD1193A1",30026,5002,"2025-04-09","2025-05-09","USD",93.00,60,"3XS:5|2XS:5|XS:10|S:10|M:10|L:10|XL:10"
41194,"2025-04-09 08:39:53.45","#SD1194",50.00,68.00,93.00,120.90,"2025-04-09","143780884","PO",4,,,,"","ALMA","SD1194A0",30027,6002,"2025-04-09","2025-05-09","USD",93.00,60,"3XS:5|2XS:5|XS:10|S:10|M:10|L:10|XL:10"
41195,"2025-04-09 08:39:53.45","#SD1195",50.00,68.00,93.00,120.90,"2025-04-09","143780884","PO",4,,,,"","ALMA","SD1195A1",30029,7002,"2025-04-09","2025-05-09","USD",93.00,60,"3XS:5|2XS:5|XS:10|S:10|M:10|L:10|XL:10"
41196,"2025-04-09 08:39:53.45","#SD1196",50.00,68.00,93.00,120.90,"2025-04-09","143780886","PO",4,,,,"","ALMA","SD1196A0",30045,1002,"2025-04-09","2025-05-09","USD",93.00,60,"3XS:5|2XS:5|XS:10|S:10|M:10|L:10|XL:10"
41197,"2025-04-09 08:39:53.45","#SD1197",50.00,68.00,93.00,120.90,"2025-04-09","143780886","PO",4,,,,"","ALMA","SD1197A1",30047,4002,"2025-04-09","2025-05-09","USD",93.00,60,"3XS:5|2XS:5|XS:10|S:10|M:10|L:10|XL:10"
41198,"2025-04-09 08:39:53.45","#SD1198",50.00,68.00,93.00,120.90,"2025-04-09","143780886","PO",4,,,,"","ALMA","SD1198A1",30065,5002,"2025-04-09","2025-05-09","USD",93.00,60,"3XS:5|2XS:5|XS:10|S:10|M:10|L:10|XL:10"
41199,"2025-04-09 08:39:53.45","#SD1199",50.00,68.00,93.00,120.90,"2025-04-09","143780886","PO",4,,,,"","ALMA","SD1199A0",30069,6002,"2025-04-09","2025-05-09","USD",93.00,60,"3XS:5|2XS:5|XS:10|S:10|M:10|L:10|XL:10"
41200,"2025-04-09 08:39:53.45","#SD1200",50.00,68.00,93.00,120.90,"2025-04-09","143780886","PO",4,,,,"","ALMA","SD1200A1",30070,7002,"2025-04-09","2025-05-09","USD",93.00,60,"3XS:5|2XS:5|XS:10|S:10|M:10|L:10|XL:10"
41201,"2025-04-09 08:39:53.45","#SD1201",50.00,68.00,93.00,120.90,"2025-04-09","143780891","PO",4,,,,"","ALMA","SD1201A0",30071,1002,"2025-04-09","2025-05-09","USD",93.00,60,"3XS:5|2XS:5|XS:10|S:10|M:10|L:10|XL:10"
41202,"2025-04-09 08:39:53.45","#SD1202",50.00,68.00,93.00,120.90,"2025-04-09","143780891","PO",4,,,,"","ALMA","SD1202A1",30072,4002,"2025-04-09","2025-05-09","USD",93.00,60,"3XS:5|2XS:5|XS:10|S:10|M:10|L:10|XL:10"
41203,"2025-04-09 08:39:53.45","#SD1203",50.00,68.00,93.00,120.90,"2025-04-09","143780891","PO",4,,,,"","ALMA","SD1203A0",30073,5002,"2025-04-09","2025-05-09","USD",93.00,60,"3XS:5|2XS:5|XS:10|S:10|M:10|L:10|XL:10"
41204,"2025-04-09 08:39:53.45","#SD1204",50.00,68.00,93.00,120.90,"2025-04-09","143780891","PO",4,,,,"","ALMA","SD1204A1",30074,6002,"2025-04-09","2025-05-09","USD",93.00,60,"3XS:5|2XS:5|XS:10|S:10|M:10|L:10|XL:10"
41205,"2025-04-09 08:39:53.45","#SD1205",50.00,68.00,93.00,120.90,"2025-04-09","143780891","PO",4,,,,"","ALMA","SD1205A1",30075,7002,"2025-04-09","2025-05-09","USD",93.00,60,"3XS:5|2XS:5|XS:10|S:10|M:10|L:10|XL:10"
41206,"2025-04-09 08:39:53.45","#SD1206",50.00,68.00,93.00,120.90,"2025-04-09","143780899","PO",4,,,,"","ALMA","SD1206A0",30076,1002,"2025-04-09","2025-05-09","USD",93.00,60,"3XS:5|2XS:5|XS:10|S:10|M:10|L:10|XL:10"
41207,"2025-04-09 08:39:53.45","#SD1207",50.00,68.00,93.00,120.90,"2025-04-09","143780899","PO",4,,,,"","ALMA","SD1207A1",30077,4002,"2025-04-09","2025-05-09","USD",93.00,60,"3XS:5|2XS:5|XS:10|S:10|M:10|L:10|XL:10"
41208,"2025-04-09 08:39:53.45","#SD1208",50.00,68.00,93.00,120.90,"2025-04-09","143780899","PO",4,,,,"","ALMA","SD1208A0",30078,5002,"2025-04-09","2025-05-09","USD",93.00,60,"3XS:5|2XS:5|XS:10|S:10|M:10|L:10|XL:10"
41209,"2025-04-09 08:39:53.45","#SD1209",50.00,68.00,93.00,120.90,"2025-04-09","143780899","PO",4,,,,"","ALMA","SD1209A1",30079,6002,"2025-04-09","2025-05-09","USD",93.00,60,"3XS:5|2XS:5|XS:10|S:10|M:10|L:10|XL:10"
41210,"2025-04-09 08:39:53.45","#SD1210",50.00,68.00,93.00,120.90,"2025-04-09","143780899","PO",4,,,,"","ALMA","SD1210A0",30082,7002,"2025-04-09","2025-05-09","USD",93.00,60,"3XS:5|2XS:5|XS:10|S:10|M:10|L:10|XL:10"
41211,"2025-04-09 08:39:53.45","#SD1211",50.00,68.00,93.00,120.90,"2025-04-09","143780946","PO",4,,,,"","ALMA","SD1211A1",30083,1002,"2025-04-09","2025-05-09","USD",93.00,60,"3XS:5|2XS:5|XS:10|S:10|M:10|L:10|XL:10"
41212,"2025-04-09 08:39:53.45","#SD1212",50.00,68.00,93.00,120.90,"2025-04-09","143780946","PO",4,,,,"","ALMA","SD1212A1",30084,4002,"2025-04-09","2025-05-09","USD",93.00,60,"3XS:5|2XS:5|XS:10|S:10|M:10|L:10|XL:10"
41213,"2025-04-09 08:39:53.45","#SD1213",50.00,68.00,93.00,120.90,"2025-04-09","143780946","PO",4,,,,"","ALMA","SD1213A0",30085,5002,"2025-04-09","2025-05-09","USD",93.00,60,"3XS:5|2XS:5|XS:10|S:10|M:10|L:10|XL:10"
41214,"2025-04-09 08:39:53.45","#SD1214",50.00,68.00,93.00,120.90,"2025-04-09","143780946","PO",4,,,,"","ALMA","SD1214A1",30086,6002,"2025-04-09","2025-05-09","USD",93.00,60,"3XS:5|2XS:5|XS:10|S:10|M:10|L:10|XL:10"
41215,"2025-04-09 08:39:53.45","#SD1215",50.00,68.00,93.00,120.90,"2025-04-09","143780946","PO",4,,,,"","ALMA","SD1215A0",30087,7002,"2025-04-09","2025-05-09","USD",93.00,60,"3XS:5|2XS:5|XS:10|S:10|M:10|L:10|XL:10"
41216,"2025-04-09 08:39:53.45","#SD1216",50.00,68.00,93.00,120.90,"2025-04-09","143780947","PO",4,,,,"","ALMA","SD1216A1",30088,1002,"2025-04-09","2025-05-09","USD",93.00,60,"3XS:5|2XS:5|XS:10|S:10|M:10|L:10|XL:10"
41217,"2025-04-09 08:39:53.45","#SD1217",50.00,68.00,93.00,120.90,"2025-04-09","143780947","PO",4,,,,"","ALMA","SD1217A0",30089,4002,"2025-04-09","2025-05-09","USD",93.00,60,"3XS:5|2XS:5|XS:10|S:10|M:10|L:10|XL:10"
41218,"2025-04-09 08:39:53.45","#SD1218",50.00,68.00,93.00,120.90,"2025-04-09","143780947","PO",4,,,,"","ALMA","SD1218A1",30090,5002,"2025-04-09","2025-05-09","USD",93.00,60,"3XS:5|2XS:5|XS:10|S:10|M:10|L:10|XL:10"
41219,"2025-04-09 08:39:53.45","#SD1219",50.00,68.00,93.00,120.90,"2025-04-09","143780947","PO",4,,,,"","ALMA","SD1219A1",30013,6002,"2025-04-09","2025-05-09","USD",93.00,60,"3XS:5|2XS:5|XS:10|S:10|M:10|L:10|XL:10"
41220,"2025-04-09 08:39:53.45","#SD1220",50.00,68.00,93.00,120.90,"2025-04-09","143780947","PO",4,,,,"","ALMA","SD1220A0",30022,7002,"2025-04-09","2025-05-09","USD",93.00,60,"3XS:5|2XS:5|XS:10|S:10|M:10|L:10|XL:10"
41221,"2025-04-09 08:39:53.45","#SD1221",50.00,68.00,93.00,120.90,"2025-04-09","143780948","PO",4,,,,"","ALMA","SD1221A1",30025,1002,"2025-04-09","2025-05-09","USD",93.00,60,"3XS:5|2XS:5|XS:10|S:10|M:10|L:10|XL:10"
41222,"2025-04-09 08:39:53.45","#SD1222",50.00,68.00,93.00,120.90,"2025-04-09","143780948","PO",4,,,,"","ALMA","SD1222A0",30026,4002,"2025-04-09","2025-05-09","USD",93.00,60,"3XS:5|2XS:5|XS:10|S:10|M:10|L:10|XL:10"
41223,"2025-04-09 08:39:53.45","#SD1223",50.00,68.00,93.00,120.90,"2025-04-09","143780948","PO",4,,,,"","ALMA","SD1223A1",30027,5002,"2025-04-09","2025-05-09","USD",93.00,60,"3XS:5|2XS:5|XS:10|S:10|M:10|L:10|XL:10"
41224,"2025-04-09 08:39:53.45","#SD1224",50.00,68.00,93.00,120.90,"2025-04-09","143780948","PO",4,,,,"","ALMA","SD1224A0",30029,6002,"2025-04-09","2025-05-09","USD",93.00,60,"3XS:5|2XS:5|XS:10|S:10|M:10|L:10|XL:10"
41225,"2025-04-09 08:39:53.45","#SD1225",50.00,68.00,93.00,120.90,"2025-04-09","143780948","PO",4,,,,"","ALMA","SD1225A1",30045,7002,"2025-04-09","2025-05-09","USD",93.00,60,"3XS:5|2XS:5|XS:10|S:10|M:10|L:10|XL:10"
41226,"2025-04-09 08:39:53.45","#SD1226",50.00,68.00,93.00,120.90,"2025-04-09","143780949","PO",4,,,,"","ALMA","SD1226A1",30047,1002,"2025-04-09","2025-05-09","USD",93.00,60,"3XS:5|2XS:5|XS:10|S:10|M:10|L:10|XL:10"
41227,"2025-04-09 08:39:53.45","#SD1227",50.00,68.00,93.00,120.90,"2025-04-09","143780949","PO",4,,,,"","ALMA","SD1227A0",30065,4002,"2025-04-09","2025-05-09","USD",93.00,60,"3XS:5|2XS:5|XS:10|S:10|M:10|L:10|XL:10"
41228,"2025-04-09 08:39:53.45","#SD1228",50.00,68.00,93.00,120.90,"2025-04-09","143780949","PO",4,,,,"","ALMA","SD1228A1",30069,5002,"2025-04-09","2025-05-09","USD",93.00,60,"3XS:5|2XS:5|XS:10|S:10|M:10|L:10|XL:10"
41229,"2025-04-09 08:39:53.45","#SD1229",50.00,68.00,93.00,120.90,"2025-04-09","143780949","PO",4,,,,"","ALMA","SD1229A0",30070,6002,"2025-04-09","2025-05-09","USD",93.00,60,"3XS:5|2XS:5|XS:10|S:10|M:10|L:10|XL:10"
41230,"2025-04-09 08:39:53.45","#SD1230",50.00,68.00,93.00,120.90,"2025-04-09","143780949","PO",4,,,,"","ALMA","SD1230A1",30071,7002,"2025-04-09","2025-05-09","USD",93.00,60,"3XS:5|2XS:5|XS:10|S:10|M:10|L:10|XL:10"
41231,"2025-04-09 08:39:53.45","#SD1231",50.00,68.00,93.00,120.90,"2025-04-09","143780950","PO",4,,,,"","ALMA","SD1231A0",30072,1002,"2025-04-09","2025-05-09","USD",93.00,60,"3XS:5|2XS:5|XS:10|S:10|M:10|L:10|XL:10"
41232,"2025-04-09 08:39:53.45","#SD1232",50.00,68.00,93.00,120.90,"2025-04-09","143780950","PO",4,,,,"","ALMA","SD1232A1",30073,4002,"2025-04-09","2025-05-09","USD",93.00,60,"3XS:5|2XS:5|XS:10|S:10|M:10|L:10|XL:10"
41233,"2025-04-09 08:39:53.45","#SD1233",50.00,68.00,93.00,120.90,"2025-04-09","143780950","PO",4,,,,"","ALMA","SD1233A1",30074,5002,"2025-04-09","2025-05-09","USD",93.00,60,"3XS:5|2XS:5|XS:10|S:10|M:10|L:10|XL:10"
41234,"2025-04-09 08:39:53.45","#SD1234",50.00,68.00,93.00,120.90,"2025-04-09","143780950","PO",4,,,,"","ALMA","SD1234A0",30075,6002,"2025-04-09","2025-05-09","USD",93.00,60,"3XS:5|2XS:5|XS:10|S:10|M:10|L:10|XL:10"
41235,"2025-04-09 08:39:53.45","#SD1235",50.00,68.00,93.00,120.90,"2025-04-09","143780950","PO",4,,,,"","ALMA","SD1235A1",30076,7002,"2025-04-09","2025-05-09","USD",93.00,60,"3XS:5|2XS:5|XS:10|S:10|M:10|L:10|XL:10"
41236,"2025-04-09 08:39:53.45","#SD1236",50.00,68.00,93.00,120.90,"2025-04-09","143780951","PO",4,,,,"","ALMA","SD1236A0",30077,1002,"2025-04-09","2025-05-09","USD",93.00,60,"3XS:5|2XS:5|XS:10|S:10|M:10|L:10|XL:10"
41237,"2025-04-09 08:39:53.45","#SD1237",50.00,68.00,93.00,120.90,"2025-04-09","143780951","PO",4,,,,"","ALMA","SD1237A1",30078,4002,"2025-04-09","2025-05-09","USD",93.00,60,"3XS:5|2XS:5|XS:10|S:10|M:10|L:10|XL:10"
41238,"2025-04-09 08:39:53.45","#SD1238",50.00,68.00,93.00,120.90,"2025-04-09","143780951","PO",4,,,,"","ALMA","SD1238A0",30079,5002,"2025-04-09","2025-05-09","USD",93.00,60,"3XS:5|2XS:5|XS:10|S:10|M:10|L:10|XL:10"
41239,"2025-04-09 08:39:53.45","#SD1239",50.00,68.00,93.00,120.90,"2025-04-09","143780951","PO",4,,,,"","ALMA","SD1239A1",30082,6002,"2025-04-09","2025-05-09","USD",93.00,60,"3XS:5|2XS:5|XS:10|S:10|M:10|L:10|XL:10"
41240,"2025-04-09 08:39:53.45","#SD1240",50.00,68.00,93.00,120.90,"2025-04-09","143780951","PO",4,,,,"","ALMA","SD1240A1",30083,7002,"2025-04-09","2025-05-09","USD",93.00,60,"3XS:5|2XS:5|XS:10|S:10|M:10|L:10|XL:10"
41241,"2025-04-09 08:39:53.45","#SD1241",50.00,68.00,93.00,120.90,"2025-04-09","143780953","PO",4,,,,"","ALMA","SD1241A0",30084,1002,"2025-04-09","2025-05-09","USD",93.00,60,"3XS:5|2XS:5|XS:10|S:10|M:10|L:10|XL:10"
41242,"2025-04-09 08:39:53.45","#SD1242",50.00,68.00,93.00,120.90,"2025-04-09","143780953","PO",4,,,,"","ALMA","SD1242A1",30085,4002,"2025-04-09","2025-05-09","USD",93.00,60,"3XS:5|2XS:5|XS:10|S:10|M:10|L:10|XL:10"
41243,"2025-04-09 08:39:53.45","#SD1243",50.00,68.00,93.00,120.90,"2025-04-09","143780953","PO",4,,,,"","ALMA","SD1243A0",30086,5002,"2025-04-09","2025-05-09","USD",93.00,60,"3XS:5|2XS:5|XS:10|S:10|M:10|L:10|XL:10"
41244,"2025-04-09 08:39:53.45","#SD1244",50.00,68.00,93.00,120.90,"2025-04-09","143780953","PO",4,,,,"","ALMA","SD1244A1",30087,6002,"2025-04-09","2025-05-09","USD",93.00,60,"3XS:5|2XS:5|XS:10|S:10|M:10|L:10|XL:10"
41245,"2025-04-09 08:39:53.45","#SD1245",50.00,68.00,93.00,120.90,"2025-04-09","143780953","PO",4,,,,"","ALMA","SD1245A0",30088,7002,"2025-04-09","2025-05-09","USD",93.00,60,"3XS:5|2XS:5|XS:10|S:10|M:10|L:10|XL:10"
41246,"2025-04-09 08:39:53.45","#SD1246",50.00,68.00,93.00,120.90,"2025-04-09","143780970","PO",4,,,,"","ALMA","SD1246A1",30089,1002,"2025-04-09","2025-05-09","USD",93.00,60,"3XS:5|2XS:5|XS:10|S:10|M:10|L:10|XL:10"
41247,"2025-04-09 08:39:53.45","#SD1247",50.00,68.00,93.00,120.90,"2025-04-09","143780970","PO",4,,,,"","ALMA","SD1247A1",30090,4002,"2025-04-09","2025-05-09","USD",93.00,60,"3XS:5|2XS:5|XS:10|S:10|M:10|L:10|XL:10"
41248,"2025-04-09 08:39:53.45","#SD1248",50.00,68.00,93.00,120.90,"2025-04-09","143780970","PO",4,,,,"","ALMA","SD1248A0",30013,5002,"2025-04-09","2025-05-09","USD",93.00,60,"3XS:5|2XS:5|XS:10|S:10|M:10|L:10|XL:10"
41249,"2025-04-09 08:39:53.45","#SD1249",50.00,68.00,93.00,120.90,"2025-04-09","143780970","PO",4,,,,"","ALMA","SD1249A1",30022,6002,"2025-04-09","2025-05-09","USD",93.00,60,"3XS:5|2XS:5|XS:10|S:10|M:10|L:10|XL:10"
41250,"2025-04-09 08:39:53.45","#SD1250",50.00,68.00,93.00,120.90,"2025-04-09","143780970","PO",4,,,,"","ALMA","SD1250A0",30025,7002,"2025-04-09","2025-05-09","USD",93.00,60,"3XS:5|2XS:5|XS:10|S:10|M:10|L:10|XL:10"
41251,"2025-04-09 08:39:53.45","#SD1251",50.00,68.00,93.00,120.90,"2025-04-09","143780981","PO",4,,,,"","ALMA","SD1251A1",30026,1002,"2025-04-09","2025-05-09","USD",93.00,60,"3XS:5|2XS:5|XS:10|S:10|M:10|L:10|XL:10"
41252,"2025-04-09 08:39:53.45","#SD1252",50.00,68.00,93.00,120.90,"2025-04-09","143780981","PO",4,,,,"","ALMA","SD1252A0",30027,4002,"2025-04-09","2025-05-09","USD",93.00,60,"3XS:5|2XS:5|XS:10|S:10|M:10|L:10|XL:10"
41253,"2025-04-09 08:39:53.45","#SD1253",50.00,68.00,93.00,120.90,"2025-04-09","143780981","PO",4,,,,"","ALMA","SD1253A1",30029,5002,"2025-04-09","2025-05-09","USD",93.00,60,"3XS:5|2XS:5|XS:10|S:10|M:10|L:10|XL:10"
41254,"2025-04-09 08:39:53.45","#SD1254",50.00,68.00,93.00,120.90,"2025-04-09","143780981","PO",4,,,,"","ALMA","SD1254A1",30045,6002,"2025-04-09","2025-05-09","USD",93.00,60,"3XS:5|2XS:5|XS:10|S:10|M:10|L:10|XL:10"
41255,"2025-04-09 08:39:53.45","#SD1255",50.00,68.00,93.00,120.90,"2025-04-09","143780981","PO",4,,,,"","ALMA","SD1255A0",30047,7002,"2025-04-09","2025-05-09","USD",93.00,60,"3XS:5|2XS:5|XS:10|S:10|M:10|L:10|XL:10"
41256,"2025-04-09 08:39:53.45","#SD1256",50.00,68.00,93.00,120.90,"2025-04-09","143780999","PO",4,,,,"","ALMA","SD1256A1",30065,1002,"2025-04-09","2025-05-09","USD",93.00,60,"3XS:5|2XS:5|XS:10|S:10|M:10|L:10|XL:10"
41257,"2025-04-09 08:39:53.45","#SD1257",50.00,68.00,93.00,120.90,"2025-04-09","143780999","PO",4,,,,"","ALMA","SD1257A0",30069,4002,"2025-04-09","2025-05-09","USD",93.00,60,"3XS:5|2XS:5|XS:10|S:10|M:10|L:10|XL:10"
41258,"2025-04-09 08:39:53.45","#SD1258",50.00,68.00,93.00,120.90,"2025-04-09","143780999","PO",4,,,,"","ALMA","SD1258A1",30070,5002,"2025-04-09","2025-05-09","USD",93.00,60,"3XS:5|2XS:5|XS:10|S:10|M:10|L:10|XL:10"
41259,"2025-04-09 08:39:53.45","#SD1259",50.00,68.00,93.00,120.90,"2025-04-09","143780999","PO",4,,,,"","ALMA","SD1259A0",30071,6002,"2025-04-09","2025-05-09","USD",93.00,60,"3XS:5|2XS:5|XS:10|S:10|M:10|L:10|XL:10"
41260,"2025-04-09 08:39:53.45","#SD1260",50.00,68.00,93.00,120.90,"2025-04-09","143780999","PO",4,,,,"","ALMA","SD1260A1",30072,7002,"2025-04-09","2025-05-09","USD",93.00,60,"3XS:5|2XS:5|XS:10|S:10|M:10|L:10|XL:10"
41261,"2025-04-09 08:39:53.45","#SD1261",50.00,68.00,93.00,120.90,"2025-04-09","143781000","PO",4,,,,"","ALMA","SD1261A1",30073,1002,"2025-04-09","2025-05-09","USD",93.00,60,"3XS:5|2XS:5|XS:10|S:10|M:10|L:10|XL:10"
41262,"2025-04-09 08:39:53.45","#SD1262",50.00,68.00,93.00,120.90,"2025-04-09","143781000","PO",4,,,,"","ALMA","SD1262A0",30074,4002,"2025-04-09","2025-05-09","USD",93.00,60,"3XS:5|2XS:5|XS:10|S:10|M:10|L:10|XL:10"
41263,"2025-04-09 08:39:53.45","#SD1263",50.00,68.00,93.00,120.90,"2025-04-09","143781000","PO",4,,,,"","ALMA","SD1263A1",30075,5002,"2025-04-09","2025-05-09","USD",93.00,60,"3XS:5|2XS:5|XS:10|S:10|M:10|L:10|XL:10"
41264,"2025-04-09 08:39:53.45","#SD1264",50.00,68.00,93.00,120.90,"2025-04-09","143781000","PO",4,,,,"","ALMA","SD1264A0",30076,6002,"2025-04-09","2025-05-09","USD",93.00,60,"3XS:5|2XS:5|XS:10|S:10|M:10|L:10|XL:10"
41265,"2025-04-09 08:39:53.45","#SD1265",50.00,68.00,93.00,120.90,"2025-04-09","143781000","PO",4,,,,"","ALMA","SD1265A1",30077,7002,"2025-04-09","2025-05-09","USD",93.00,60,"3XS:5|2XS:5|XS:10|S:10|M:10|L:10|XL:10"
41266,"2025-04-09 08:39:53.45","#SD1266",50.00,68.00,93.00,120.90,"2025-04-09","143781008","PO",4,,,,"","ALMA","SD1266A0",30078,1002,"2025-04-09","2025-05-09","USD",93.00,60,"3XS:5|2XS:5|XS:10|S:10|M:10|L:10|XL:10"
41267,"2025-04-09 08:39:53.45","#SD1267",50.00,68.00,93.00,120.90,"2025-04-09","143781008","PO",4,,,,"","ALMA","SD1267A1",30079,4002,"2025-04-09","2025-05-09","USD",93.00,60,"3XS:5|2XS:5|XS:10|S:10|M:10|L:10|XL:10"
41268,"2025-04-09 08:39:53.45","#SD1268",50.00,68.00,93.00,120.90,"2025-04-09","143781008","PO",4,,,,"","ALMA","SD1268A1",30082,5002,"2025-04-09","2025-05-09","USD",93.00,60,"3XS:5|2XS:5|XS:10|S:10|M:10|L:10|XL:10"
41269,"2025-04-09 08:39:53.45","#SD1269",50.00,68.00,93.00,120.90,"2025-04-09","143781008","PO",4,,,,"","ALMA","SD1269A0",30083,6002,"2025-04-09","2025-05-09","USD",93.00,60,"3XS:5|2XS:5|XS:10|S:10|M:10|L:10|XL:10"
41270,"2025-04-09 08:39:53.45","#SD1270",50.00,68.00,93.00,120.90,"2025-04-09","143781008","PO",4,,,,"","ALMA","SD1270A1",30084,7002,"2025-04-09","2025-05-09","USD",93.00,60,"3XS:5|2XS:5|XS:10|S:10|M:10|L:10|XL:10"
41271,"2025-04-09 08:39:53.45","#SD1271",50.00,68.00,93.00,120.90,"2025-04-09","143781010","PO",4,,,,"","ALMA","SD1271A0",30085,1002,"2025-04-09","2025-05-09","USD",93.00,60,"3XS:5|2XS:5|XS:10|S:10|M:10|L:10|XL:10"
41272,"2025-04-09 08:39:53.45","#SD1272",50.00,68.00,93.00,120.90,"2025-04-09","143781010","PO",4,,,,"","ALMA","SD1272A1",30086,4002,"2025-04-09","2025-05-09","USD",93.00,60,"3XS:5|2XS:5|XS:10|S:10|M:10|L:10|XL:10"
41273,"2025-04-09 08:39:53.45","#SD1273",50.00,68.00,93.00,120.90,"2025-04-09","143781010","PO",4,,,,"","ALMA","SD1273A0",30087,5002,"2025-04-09","2025-05-09","USD",93.00,60,"3XS:5|2XS:5|XS:10|S:10|M:10|L:10|XL:10"
41274,"2025-04-09 08:39:53.45","#SD1274",50.00,68.00,93.00,120.90,"2025-04-09","143781010","PO",4,,,,"","ALMA","SD1274A1",30088,6002,"2025-04-09","2025-05-09","USD",93.00,60,"3XS:5|2XS:5|XS:10|S:10|M:10|L:10|XL:10"
41275,"2025-04-09 08:39:53.45","#SD1275",50.00,68.00,93.00,120.90,"2025-04-09","143781010","PO",4,,,,"","ALMA","SD1275A1",30089,7002,"2025-04-09","2025-05-09","USD",93.00,60,"3XS:5|2XS:5|XS:10|S:10|M:10|L:10|XL:10"
41276,"2025-04-09 08:39:53.45","#SD1276",50.00,68.00,93.00,120.90,"2025-04-09","143781015","PO",4,,,,"","ALMA","SD1276A0",30090,1002,"2025-04-09","2025-05-09","USD",93.00,60,"3XS:5|2XS:5|XS:10|S:10|M:10|L:10|XL:10"
41277,"2025-04-09 08:39:53.45","#SD1277",50.00,68.00,93.00,120.90,"2025-04-09","143781015","PO",4,,,,"","ALMA","SD1277A1",30013,4002,"2025-04-09","2025-05-09","USD",93.00,60,"3XS:5|2XS:5|XS:10|S:10|M:10|L:10|XL:10"
41278,"2025-04-09 08:39:53.45","#SD1278",50.00,68.00,93.00,120.90,"2025-04-09","143781015","PO",4,,,,"","ALMA","SD1278A0",30022,5002,"2025-04-09","2025-05-09","USD",93.00,60,"3XS:5|2XS:5|XS:10|S:10|M:10|L:10|XL:10"
41279,"2025-04-09 08:39:53.45","#SD1279",50.00,68.00,93.00,120.90,"2025-04-09","143781015","PO",4,,,,"","ALMA","SD1279A1",30025,6002,"2025-04-09","2025-05-09","USD",93.00,60,"3XS:5|2XS:5|XS:10|S:10|M:10|L:10|XL:10"
41280,"2025-04-09 08:39:53.45","#SD1280",50.00,68.00,93.00,120.90,"2025-04-09","143781015","PO",4,,,,"","ALMA","SD1280A0",30026,7002,"2025-04-09","2025-05-09","USD",93.00,60,"3XS:5|2XS:5|XS:10|S:10|M:10|L:10|XL:10"
41281,"2025-04-09 08:39:53.45","#SD1281",50.00,68.00,93.00,120.90,"2025-04-09","143781018","PO",4,,,,"","ALMA","SD1281A1",30027,1002,"2025-04-09","2025-05-09","USD",93.00,60,"3XS:5|2XS:5|XS:10|S:10|M:10|L:10|XL:10"
41282,"2025-04-09 08:39:53.45","#SD1282",50.00,68.00,93.00,120.90,"2025-04-09","143781018","PO",4,,,,"","ALMA","SD1282A1",30029,4002,"2025-04-09","2025-05-09","USD",93.00,60,"3XS:5|2XS:5|XS:10|S:10|M:10|L:10|XL:10"
41283,"2025-04-09 08:39:53.45","#SD1283",50.00,68.00,93.00,120.90,"2025-04-09","143781018","PO",4,,,,"","ALMA","SD1283A0",30045,5002,"2025-04-09","2025-05-09","USD",93.00,60,"3XS:5|2XS:5|XS:10|S:10|M:10|L:10|XL:10"
41284,"2025-04-09 08:39:53.45","#SD1284",50.00,68.00,93.00,120.90,"2025-04-09","143781018","PO",4,,,,"","ALMA","SD1284A1",30047,6002,"2025-04-09","2025-05-09","USD",93.00,60,"3XS:5|2XS:5|XS:10|S:10|M:10|L:10|XL:10"
41285,"2025-04-09 08:39:53.45","#SD1285",50.00,68.00,93.00,120.90,"2025-04-09","143781018","PO",4,,,,"","ALMA","SD1285A0",30065,7002,"2025-04-09","2025-05-09","USD",93.00,60,"3XS:5|2XS:5|XS:10|S:10|M:10|L:10|XL:10"
41286,"2025-04-09 08:39:53.45","#SD1286",50.00,68.00,93.00,120.90,"2025-04-09","143781027","PO",4,,,,"","ALMA","SD1286A1",30069,1002,"2025-04-09","2025-05-09","USD",93.00,60,"3XS:5|2XS:5|XS:10|S:10|M:10|L:10|XL:10"
41287,"2025-04-09 08:39:53.45","#SD1287",50.00,68.00,93.00,120.90,"2025-04-09","143781027","PO",4,,,,"","ALMA","SD1287A0",30070,4002,"2025-04-09","2025-05-09","USD",93.00,60,"3XS:5|2XS:5|XS:10|S:10|M:10|L:10|XL:10"
41288,"2025-04-09 08:39:53.45","#SD1288",50.00,68.00,93.00,120.90,"2025-04-09","143781027","PO",4,,,,"","ALMA","SD1288A1",30071,5002,"2025-04-09","2025-05-09","USD",93.00,60,"3XS:5|2XS:5|XS:10|S:10|M:10|L:10|XL:10"
41289,"2025-04-09 08:39:53.45","#SD1289",50.00,68.00,93.00,120.90,"2025-04-09","143781027","PO",4,,,,"","ALMA","SD1289A1",30072,6002,"2025-04-09","2025-05-09","USD",93.00,60,"3XS:5|2XS:5|XS:10|S:10|M:10|L:10|XL:10"
41290,"2025-04-09 08:39:53.45","#SD1290",50.00,68.00,93.00,120.90,"2025-04-09","143781027","PO",4,,,,"","ALMA","SD1290A0",30073,7002,"2025-04-09","2025-05-09","USD",93.00,60,"3XS:5|2XS:5|XS:10|S:10|M:10|L:10|XL:10"
41291,"2025-04-09 08:39:53.45","#SD1291",50.00,68.00,93.00,120.90,"2025-04-09","143781031","PO",4,,,,"","ALMA","SD1291A1",30074,1002,"2025-04-09","2025-05-09","USD",93.00,60,"3XS:5|2XS:5|XS:10|S:10|M:10|L:10|XL:10"
41292,"2025-04-09 08:39:53.45","#SD1292",50.00,68.00,93.00,120.90,"2025-04-09","143781031","PO",4,,,,"","ALMA","SD1292A0",30075,4002,"2025-04-09","2025-05-09","USD",93.00,60,"3XS:5|2XS:5|XS:10|S:10|M:10|L:10|XL:10"
41293,"2025-04-09 08:39:53.45","#SD1293",50.00,68.00,93.00,120.90,"2025-04-09","143781031","PO",4,,,,"","ALMA","SD1293A1",30076,5002,"2025-04-09","2025-05-09","USD",93.00,60,"3XS:5|2XS:5|XS:10|S:10|M:10|L:10|XL:10"
41294,"2025-04-09 08:39:53.45","#SD1294",50.00,68.00,93.00,120.90,"2025-04-09","143781031","PO",4,,,,"","ALMA","SD1294A0",30077,6002,"2025-04-09","2025-05-09","USD",93.00,60,"3XS:5|2XS:5|XS:10|S:10|M:10|L:10|XL:10"
41295,"2025-04-09 08:39:53.45","#SD1295",50.00,68.00,93.00,120.90,"2025-04-09","143781031","PO",4,,,,"","ALMA","SD1295A1",30078,7002,"2025-04-09","2025-05-09","USD",93.00,60,"3XS:5|2XS:5|XS:10|S:10|M:10|L:10|XL:10"
41296,"2025-04-09 08:39:53.45","#SD1296",50.00,68.00,93.00,120.90,"2025-04-09","143781033","PO",4,,,,"","ALMA","SD1296A1",30079,1002,"2025-04-09","2025-05-09","USD",93.00,60,"3XS:5|2XS:5|XS:10|S:10|M:10|L:10|XL:10"
41297,"2025-04-09 08:39:53.45","#SD1297",50.00,68.00,93.00,120.90,"2025-04-09","143781033","PO",4,,,,"","ALMA","SD1297A0",30082,4002,"2025-04-09","2025-05-09","USD",93.00,60,"3XS:5|2XS:5|XS:10|S:10|M:10|L:10|XL:10"
41298,"2025-04-09 08:39:53.45","#SD1298",50.00,68.00,93.00,120.90,"2025-04-09","143781033","PO",4,,,,"","ALMA","SD1298A1",30083,5002,"2025-04-09","2025-05-09","USD",93.00,60,"3XS:5|2XS:5|XS:10|S:10|M:10|L:10|XL:10"
41299,"2025-04-09 08:39:53.45","#SD1299",50.00,68.00,93.00,120.90,"2025-04-09","143781033","PO",4,,,,"","ALMA","SD1299A0",30084,6002,"2025-04-09","2025-05-09","USD",93.00,60,"3XS:5|2XS:5|XS:10|S:10|M:10|L:10|XL:10"
41300,"2025-04-09 08:39:53.45","#SD1300",50.00,68.00,93.00,120.90,"2025-04-09","143781033","PO",4,,,,"","ALMA","SD1300A1",30085,7002,"2025-04-09","2025-05-09","USD",93.00,60,"3XS:5|2XS:5|XS:10|S:10|M:10|L:10|XL:10"
41301,"2025-04-09 08:39:53.45","#SD1301",50.00,68.00,93.00,120.90,"2025-04-09","143781044","PO",4,,,,"","ALMA","SD1301A0",30086,1002,"2025-04-09","2025-05-09","USD",93.00,60,"3XS:5|2XS:5|XS:10|S:10|M:10|L:10|XL:10"
41302,"2025-04-09 08:39:53.45","#SD1302",50.00,68.00,93.00,120.90,"2025-04-09","143781044","PO",4,,,,"","ALMA","SD1302A1",30087,4002,"2025-04-09","2025-05-09","USD",93.00,60,"3XS:5|2XS:5|XS:10|S:10|M:10|L:10|XL:10"
41303,"2025-04-09 08:39:53.45","#SD1303",50.00,68.00,93.00,120.90,"2025-04-09","143781044","PO",4,,,,"","ALMA","SD1303A1",30088,5002,"2025-04-09","2025-05-09","USD",93.00,60,"3XS:5|2XS:5|XS:10|S:10|M:10|L:10|XL:10"
41304,"2025-04-09 08:39:53.45","#SD1304",50.00,68.00,93.00,120.90,"2025-04-09","143781044","PO",4,,,,"","ALMA","SD1304A0",30089,6002,"2025-04-09","2025-05-09","USD",93.00,60,"3XS:5|2XS:5|XS:10|S:10|M:10|L:10|XL:10"
41305,"2025-04-09 08:39:53.45","#SD1305",50.00,68.00,93.00,120.90,"2025-04-09","143781044","PO",4,,,,"","ALMA","SD1305A1",30090,7002,"2025-04-09","2025-05-09","USD",93.00,60,"3XS:5|2XS:5|XS:10|S:10|M:10|L:10|XL:10"
41306,"2025-04-09 08:39:53.45","#SD1306",50.00,68.00,93.00,120.90,"2025-04-09","143781064","PO",4,,,,"","ALMA","SD1306A0",30013,1002,"2025-04-09","2025-05-09","USD",93.00,60,"3XS:5|2XS:5|XS:10|S:10|M:10|L:10|XL:10"
41307,"2025-04-09 08:39:53.45","#SD1307",50.00,68.00,93.00,120.90,"2025-04-09","143781064","PO",4,,,,"","ALMA","SD1307A1",30022,4002,"2025-04-09","2025-05-09","USD",93.00,60,"3XS:5|2XS:5|XS:10|S:10|M:10|L:10|XL:10"
41308,"2025-04-09 08:39:53.45","#SD1308",50.00,68.00,93.00,120.90,"2025-04-09","143781064","PO",4,,,,"","ALMA","SD1308A0",30025,5002,"2025-04-09","2025-05-09","USD",93.00,60,"3XS:5|2XS:5|XS:10|S:10|M:10|L:10|XL:10"
41309,"2025-04-09 08:39:53.45","#SD1309",50.00,68.00,93.00,120.90,"2025-04-09","143781064","PO",4,,,,"","ALMA","SD1309A1",30026,6002,"2025-04-09","2025-05-09","USD",93.00,60,"3XS:5|2XS:5|XS:10|S:10|M:10|L:10|XL:10"
41310,"2025-04-09 08:39:53.45","#SD1310",50.00,68.00,93.00,120.90,"2025-04-09","143781064","PO",4,,,,"","ALMA","SD1310A1",30027,7002,"2025-04-09","2025-05-09","USD",93.00,60,"3XS:5|2XS:5|XS:10|S:10|M:10|L:10|XL:10"
41311,"2025-04-09 08:39:53.45","#SD1311",50.00,68.00,93.00,120.90,"2025-04-09","143781066","PO",4,,,,"","ALMA","SD1311A0",30029,1002,"2025-04-09","2025-05-09","USD",93.00,60,"3XS:5|2XS:5|XS:10|S:10|M:10|L:10|XL:10"
41312,"2025-04-09 08:39:53.45","#SD1312",50.00,68.00,93.00,120.90,"2025-04-09","143781066","PO",4,,,,"","ALMA","SD1312A1",30045,4002,"2025-04-09","2025-05-09","USD",93.00,60,"3XS:5|2XS:5|XS:10|S:10|M:10|L:10|XL:10"
41313,"2025-04-09 08:39:53.45","#SD1313",50.00,68.00,93.00,120.90,"2025-04-09","143781066","PO",4,,,,"","ALMA","SD1313A0",30047,5002,"2025-04-09","2025-05-09","USD",93.00,60,"3XS:5|2XS:5|XS:10|S:10|M:10|L:10|XL:10"
41314,"2025-04-09 08:39:53.45","#SD1314",50.00,68.00,93.00,120.90,"2025-04-09","143781066","PO",4,,,,"","ALMA","SD1314A1",30065,6002,"2025-04-09","2025-05-09","USD",93.00,60,"3XS:5|2XS:5|XS:10|S:10|M:10|L:10|XL:10"
41315,"2025-04-09 08:39:53.45","#SD1315",50.00,68.00,93.00,120.90,"2025-04-09","143781066","PO",4,,,,"","ALMA","SD1315A0",30069,7002,"2025-04-09","2025-05-09","USD",93.00,60,"3XS:5|2XS:5|XS:10|S:10|M:10|L:10|XL:10"
41316,"2025-04-09 08:39:53.45","#SD1316",50.00,68.00,93.00,120.90,"2025-04-09","143781082","PO",4,,,,"","ALMA","SD1316A1",30070,1002,"2025-04-09","2025-05-09","USD",93.00,60,"3XS:5|2XS:5|XS:10|S:10|M:10|L:10|XL:10"
41317,"2025-04-09 08:39:53.45","#SD1317",50.00,68.00,93.00,120.90,"2025-04-09","143781082","PO",4,,,,"","ALMA","SD1317A1",30071,4002,"2025-04-09","2025-05-09","USD",93.00,60,"3XS:5|2XS:5|XS:10|S:10|M:10|L:10|XL:10"
41318,"2025-04-09 08:39:53.45","#SD1318",50.00,68.00,93.00,120.90,"2025-04-09","143781082","PO",4,,,,"","ALMA","SD1318A0",30072,5002,"2025-04-09","2025-05-09","USD",93.00,60,"3XS:5|2XS:5|XS:10|S:10|M:10|L:10|XL:10"
41319,"2025-04-09 08:39:53.45","#SD1319",50.00,68.00,93.00,120.90,"2025-04-09","143781082","PO",4,,,,"","ALMA","SD1319A1",30073,6002,"2025-04-09","2025-05-09","USD",93.00,60,"3XS:5|2XS:5|XS:10|S:10|M:10|L:10|XL:10"
41320,"2025-04-09 08:39:53.45","#SD1320",50.00,68.00,93.00,120.90,"2025-04-09","143781082","PO",4,,,,"","ALMA","SD1320A0",30074,7002,"2025-04-09","2025-05-09","USD",93.00,60,"3XS:5|2XS:5|XS:10|S:10|M:10|L:10|XL:10"
41321,"2025-04-09 08:39:53.45","#SD1321",50.00,68.00,93.00,120.90,"2025-04-09","143781091","PO",4,,,,"","ALMA","SD1321A1",30075,1002,"2025-04-09","2025-05-09","USD",93.00,60,"3XS:5|2XS:5|XS:10|S:10|M:10|L:10|XL:10"
41322,"2025-04-09 08:39:53.45","#SD1322",50.00,68.00,93.00,120.90,"2025-04-09","143781091","PO",4,,,,"","ALMA","SD1322A0",30076,4002,"2025-04-09","2025-05-09","USD",93.00,60,"3XS:5|2XS:5|XS:10|S:10|M:10|L:10|XL:10"
41323,"2025-04-09 08:39:53.45","#SD1323",50.00,68.00,93.00,120.90,"2025-04-09","143781091","PO",4,,,,"","ALMA","SD1323A1",30077,5002,"2025-04-09","2025-05-09","USD",93.00,60,"3XS:5|2XS:5|XS:10|S:10|M:10|L:10|XL:10"
41324,"2025-04-09 08:39:53.45","#SD1324",50.00,68.00,93.00,120.90,"2025-04-09","143781091","PO",4,,,,"","ALMA","SD1324A1",30078,6002,"2025-04-09","2025-05-09","USD",93.00,60,"3XS:5|2XS:5|XS:10|S:10|M:10|L:10|XL:10"
41325,"2025-04-09 08:39:53.45","#SD1325",50.00,68.00,93.00,120.90,"2025-04-09","143781091","PO",4,,,,"","ALMA","SD1325A0",30079,7002,"2025-04-09","2025-05-09","USD",93.00,60,"3XS:5|2XS:5|XS:10|S:10|M:10|L:10|XL:10"
41326,"2025-04-09 08:39:53.45","#SD1326",50.00,68.00,93.00,120.90,"2025-04-09","143781092","PO",4,,,,"","ALMA","SD1326A1",30082,1002,"2025-04-09","2025-05-09","USD",93.00,60,"3XS:5|2XS:5|XS:10|S:10|M:10|L:10|XL:10"
41327,"2025-04-09 08:39:53.45","#SD1327",50.00,68.00,93.00,120.90,"2025-04-09","143781092","PO",4,,,,"","ALMA","SD1327A0",30083,4002,"2025-04-09","2025-05-09","USD",93.00,60,"3XS:5|2XS:5|XS:10|S:10|M:10|L:10|XL:10"
41328,"2025-04-09 08:39:53.45","#SD1328",50.00,68.00,93.00,120.90,"2025-04-09","143781092","PO",4,,,,"","ALMA","SD1328A1",30084,5002,"2025-04-09","2025-05-09","USD",93.00,60,"3XS:5|2XS:5|XS:10|S:10|M:10|L:10|XL:10"
41329,"2025-04-09 08:39:53.45","#SD1329",50.00,68.00,93.00,120.90,"2025-04-09","143781092","PO",4,,,,"","ALMA","SD1329A0",30085,6002,"2025-04-09","2025-05-09","USD",93.00,60,"3XS:5|2XS:5|XS:10|S:10|M:10|L:10|XL:10"
41330,"2025-04-09 08:39:53.45","#SD1330",50.00,68.00,93.00,120.90,"2025-04-09","143781092","PO",4,,,,"","ALMA","SD1330A1",30086,7002,"2025-04-09","2025-05-09","USD",93.00,60,"3XS:5|2XS:5|XS:10|S:10|M:10|L:10|XL:10"
41331,"2025-04-09 08:39:53.45","#SD1331",50.00,68.00,93.00,120.90,"2025-04-09","143781108","PO",4,,,,"","ALMA","SD1331A1",30087,1002,"2025-04-09","2025-05-09","USD",93.00,60,"3XS:5|2XS:5|XS:10|S:10|M:10|L:10|XL:10"
41332,"2025-04-09 08:39:53.45","#SD1332",50.00,68.00,93.00,120.90,"2025-04-09","143781108","PO",4,,,,"","ALMA","SD1332A0",30088,4002,"2025-04-09","2025-05-09","USD",93.00,60,"3XS:5|2XS:5|XS:10|S:10|M:10|L:10|XL:10"
41333,"2025-04-09 08:39:53.45","#SD1333",50.00,68.00,93.00,120.90,"2025-04-09","143781108","PO",4,,,,"","ALMA","SD1333A1",30089,5002,"2025-04-09","2025-05-09","USD",93.00,60,"3XS:5|2XS:5|XS:10|S:10|M:10|L:10|XL:10"
41334,"2025-04-09 08:39:53.45","#SD1334",50.00,68.00,93.00,120.90,"2025-04-09","143781108","PO",4,,,,"","ALMA","SD1334A0",30090,6002,"2025-04-09","2025-05-09","USD",93.00,60,"3XS:5|2XS:5|XS:10|S:10|M:10|L:10|XL:10"
41335,"2025-04-09 08:39:53.45","#SD1335",50.00,68.00,93.00,120.90,"2025-04-09","143781108","PO",4,,,,"","ALMA","SD1335A1",30013,7002,"2025-04-09","2025-05-09","USD",93.00,60,"3XS:5|2XS:5|XS:10|S:10|M:10|L:10|XL:10"
41336,"2025-04-09 08:39:53.45","#SD1336",50.00,68.00,93.00,120.90,"2025-04-09","143781146","PO",4,,,,"","ALMA","SD1336A0",30022,1002,"2025-04-09","2025-05-09","USD",93.00,60,"3XS:5|2XS:5|XS:10|S:10|M:10|L:10|XL:10"
41337,"2025-04-09 08:39:53.45","#SD1337",50.00,68.00,93.00,120.90,"2025-04-09","143781146","PO",4,,,,"","ALMA","SD1337A1",30025,4002,"2025-04-09","2025-05-09","USD",93.00,60,"3XS:5|2XS:5|XS:10|S:10|M:10|L:10|XL:10"
41338,"2025-04-09 08:39:53.45","#SD1338",50.00,68.00,93.00,120.90,"2025-04-09","143781146","PO",4,,,,"","ALMA","SD1338A1",30026,5002,"2025-04-09","2025-05-09","USD",93.00,60,"3XS:5|2XS:5|XS:10|S:10|M:10|L:10|XL:10"
41339,"2025-04-09 08:39:53.45","#SD1339",50.00,68.00,93.00,120.90,"2025-04-09","143781146","PO",4,,,,"","ALMA","SD1339A0",30027,6002,"2025-04-09","2025-05-09","USD",93.00,60,"3XS:5|2XS:5|XS:10|S:10|M:10|L:10|XL:10"
41340,"2025-04-09 08:39:53.45","#SD1340",50.00,68.00,93.00,120.90,"2025-04-09","143781146","PO",4,,,,"","ALMA","SD1340A1",30029,7002,"2025-04-09","2025-05-09","USD",93.00,60,"3XS:5|2XS:5|XS:10|S:10|M:10|L:10|XL:10"
41341,"2025-04-09 08:39:53.45","#SD1341",50.00,68.00,93.00,120.90,"2025-04-09","143781147","PO",4,,,,"","ALMA","SD1341A0",30045,1002,"2025-04-09","2025-05-09","USD",93.00,60,"3XS:5|2XS:5|XS:10|S:10|M:10|L:10|XL:10"
41342,"2025-04-09 08:39:53.45","#SD1342",50.00,68.00,93.00,120.90,"2025-04-09","143781147","PO",4,,,,"","ALMA","SD1342A1",30047,4002,"2025-04-09","2025-05-09","USD",93.00,60,"3XS:5|2XS:5|XS:10|S:10|M:10|L:10|XL:10"
41343,"2025-04-09 08:39:53.45","#SD1343",50.00,68.00,93.00,120.90,"2025-04-09","143781147","PO",4,,,,"","ALMA","SD1343A0",30065,5002,"2025-04-09","2025-05-09","USD",93.00,60,"3XS:5|2XS:5|XS:10|S:10|M:10|L:10|XL:10"
41344,"2025-04-09 08:39:53.45","#SD1344",50.00,68.00,93.00,120.90,"2025-04-09","143781147","PO",4,,,,"","ALMA","SD1344A1",30069,6002,"2025-04-09","2025-05-09","USD",93.00,60,"3XS:5|2XS:5|XS:10|S:10|M:10|L:10|XL:10"
41345,"2025-04-09 08:39:53.45","#SD1345",50.00,68.00,93.00,120.90,"2025-04-09","143781147","PO",4,,,,"","ALMA","SD1345A1",30070,7002,"2025-04-09","2025-05-09","USD",93.00,60,"3XS:5|2XS:5|XS:10|S:10|M:10|L:10|XL:10"
41346,"2025-04-09 08:39:53.45","#SD1346",50.00,68.00,93.00,120.90,"2025-04-09","143781148","PO",4,,,,"","ALMA","SD1346A0",30071,1002,"2025-04-09","2025-05-09","USD",93.00,60,"3XS:5|2XS:5|XS:10|S:10|M:10|L:10|XL:10"
41347,"2025-04-09 08:39:53.45","#SD1347",50.00,68.00,93.00,120.90,"2025-04-09","143781148","PO",4,,,,"","ALMA","SD1347A1",30072,4002,"2025-04-09","2025-05-09","USD",93.00,60,"3XS:5|2XS:5|XS:10|S:10|M:10|L:10|XL:10"
41348,"2025-04-09 08:39:53.45","#SD1348",50.00,68.00,93.00,120.90,"2025-04-09","143781148","PO",4,,,,"","ALMA","SD1348A0",30073,5002,"2025-04-09","2025-05-09","USD",93.00,60,"3XS:5|2XS:5|XS:10|S:10|M:10|L:10|XL:10"
41349,"2025-04-09 08:39:53.45","#SD1349",50.00,68.00,93.00,120.90,"2025-04-09","143781148","PO",4,,,,"","ALMA","SD1349A1",30074,6002,"2025-04-09","2025-05-09","USD",93.00,60,"3XS:5|2XS:5|XS:10|S:10|M:10|L:10|XL:10"
41350,"2025-04-09 08:39:53.45","#SD1350",50.00,68.00,93.00,120.90,"2025-04-09","143781148","PO",4,,,,"","ALMA","SD1350A0",30075,7002,"2025-04-09","2025-05-09","USD",93.00,60,"3XS:5|2XS:5|XS:10|S:10|M:10|L:10|XL:10"
41351,"2025-04-09 08:39:53.45","#SD1351",50.00,68.00,93.00,120.90,"2025-04-09","143781149","PO",4,,,,"","ALMA","SD1351A1",30076,1002,"2025-04-09","2025-05-09","USD",93.00,60,"3XS:5|2XS:5|XS:10|S:10|M:10|L:10|XL:10"
41352,"2025-04-09 08:39:53.45","#SD1352",50.00,68.00,93.00,120.90,"2025-04-09","143781149","PO",4,,,,"","ALMA","SD1352A1",30077,4002,"2025-04-09","2025-05-09","USD",93.00,60,"3XS:5|2XS:5|XS:10|S:10|M:10|L:10|XL:10"
41353,"2025-04-09 08:39:53.45","#SD1353",50.00,68.00,93.00,120.90,"2025-04-09","143781149","PO",4,,,,"","ALMA","SD1353A0",30078,5002,"2025-04-09","2025-05-09","USD",93.00,60,"3XS:5|2XS:5|XS:10|S:10|M:10|L:10|XL:10"
41354,"2025-04-09 08:39:53.45","#SD1354",50.00,68.00,93.00,120.90,"2025-04-09","143781149","PO",4,,,,"","ALMA","SD1354A1",30079,6002,"2025-04-09","2025-05-09","USD",93.00,60,"3XS:5|2XS:5|XS:10|S:10|M:10|L:10|XL:10"
41355,"2025-04-09 08:39:53.45","#SD1355",50.00,68.00,93.00,120.90,"2025-04-09","143781149","PO",4,,,,"","ALMA","SD1355A0",30082,7002,"2025-04-09","2025-05-09","USD",93.00,60,"3XS:5|2XS:5|XS:10|S:10|M:10|L:10|XL:10"
41356,"2025-04-09 08:39:53.45","#SD1356",50.00,68.00,93.00,120.90,"2025-04-09","143781150","PO",4,,,,"","ALMA","SD1356A1",30083,1002,"2025-04-09","2025-05-09","USD",93.00,60,"3XS:5|2XS:5|XS:10|S:10|M:10|L:10|XL:10"
41357,"2025-04-09 08:39:53.45","#SD1357",50.00,68.00,93.00,120.90,"2025-04-09","143781150","PO",4,,,,"","ALMA","SD1357A0",30084,4002,"2025-04-09","2025-05-09","USD",93.00,60,"3XS:5|2XS:5|XS:10|S:10|M:10|L:10|XL:10"
41358,"2025-04-09 08:39:53.45","#SD1358",50.00,68.00,93.00,120.90,"2025-04-09","143781150","PO",4,,,,"","ALMA","SD1358A1",30085,5002,"2025-04-09","2025-05-09","USD",93.00,60,"3XS:5|2XS:5|XS:10|S:10|M:10|L:10|XL:10"
41359,"2025-04-09 08:39:53.45","#SD1359",50.00,68.00,93.00,120.90,"2025-04-09","143781150","PO",4,,,,"","ALMA","SD1359A1",30086,6002,"2025-04-09","2025-05-09","USD",93.00,60,"3XS:5|2XS:5|XS:10|S:10|M:10|L:10|XL:10"
41360,"2025-04-09 08:39:53.45","#SD1360",50.00,68.00,93.00,120.90,"2025-04-09","143781150","PO",4,,,,"","ALMA","SD1360A0",30087,7002,"2025-04-09","2025-05-09","USD",93.00,60,"3XS:5|2XS:5|XS:10|S:10|M:10|L:10|XL:10"
41361,"2025-04-09 08:39:53.45","#SD1361",50.00,68.00,93.00,120.90,"2025-04-09","143781151","PO",4,,,,"","ALMA","SD1361A1",30088,1002,"2025-04-09","2025-05-09","USD",93.00,60,"3XS:5|2XS:5|XS:10|S:10|M:10|L:10|XL:10"
41362,"2025-04-09 08:39:53.45","#SD1362",50.00,68.00,93.00,120.90,"2025-04-09","143781151","PO",4,,,,"","ALMA","SD1362A0",30089,4002,"2025-04-09","2025-05-09","USD",93.00,60,"3XS:5|2XS:5|XS:10|S:10|M:10|L:10|XL:10"
41363,"2025-04-09 08:39:53.45","#SD1363",50.00,68.00,93.00,120.90,"2025-04-09","143781151","PO",4,,,,"","ALMA","SD1363A1",30090,5002,"2025-04-09","2025-05-09","USD",93.00,60,"3XS:5|2XS:5|XS:10|S:10|M:10|L:10|XL:10"
41364,"2025-04-09 08:39:53.45","#SD1364",50.00,68.00,93.00,120.90,"2025-04-09","143781151","PO",4,,,,"","ALMA","SD1364A0",30013,6002,"2025-04-09","2025-05-09","USD",93.00,60,"3XS:5|2XS:5|XS:10|S:10|M:10|L:10|XL:10"
41365,"2025-04-09 08:39:53.45","#SD1365",50.00,68.00,93.00,120.90,"2025-04-09","143781151","PO",4,,,,"","ALMA","SD1365A1",30022,7002,"2025-04-09","2025-05-09","USD",93.00,60,"3XS:5|2XS:5|XS:10|S:10|M:10|L:10|XL:10"
41366,"2025-04-09 08:39:53.45","#SD1366",50.00,68.00,93.00,120.90,"2025-04-09","143781154","PO",4,,,,"","ALMA","SD1366A1",30025,1002,"2025-04-09","2025-05-09","USD",93.00,60,"3XS:5|2XS:5|XS:10|S:10|M:10|L:10|XL:10"
41367,"2025-04-09 08:39:53.45","#SD1367",50.00,68.00,93.00,120.90,"2025-04-09","143781154","PO",4,,,,"","ALMA","SD1367A0",30026,4002,"2025-04-09","2025-05-09","USD",93.00,60,"3XS:5|2XS:5|XS:10|S:10|M:10|L:10|XL:10"
41368,"2025-04-09 08:39:53.45","#SD1368",50.00,68.00,93.00,120.90,"2025-04-09","143781154","PO",4,,,,"","ALMA","SD1368A1",30027,5002,"2025-04-09","2025-05-09","USD",93.00,60,"3XS:5|2XS:5|XS:10|S:10|M:10|L:10|XL:10"
41369,"2025-04-09 08:39:53.45","#SD1369",50.00,68.00,93.00,120.90,"2025-04-09","143781154","PO",4,,,,"","ALMA","SD1369A0",30029,6002,"2025-04-09","2025-05-09","USD",93.00,60,"3XS:5|2XS:5|XS:10|S:10|M:10|L:10|XL:10"
41370,"2025-04-09 08:39:53.45","#SD1370",50.00,68.00,93.00,120.90,"2025-04-09","143781154","PO",4,,,,"","ALMA","SD1370A1",30045,7002,"2025-04-09","2025-05-09","USD",93.00,60,"3XS:5|2XS:5|XS:10|S:10|M:10|L:10|XL:10"
41371,"2025-04-09 08:39:53.45","#SD1371",50.00,68.00,93.00,120.90,"2025-04-09","143781162","PO",4,,,,"","ALMA","SD1371A0",30047,1002,"2025-04-09","2025-05-09","USD",93.00,60,"3XS:5|2XS:5|XS:10|S:10|M:10|L:10|XL:10"
41372,"2025-04-09 08:39:53.45","#SD1372",50.00,68.00,93.00,120.90,"2025-04-09","143781162","PO",4,,,,"","ALMA","SD1372A1",30065,4002,"2025-04-09","2025-05-09","USD",93.00,60,"3XS:5|2XS:5|XS:10|S:10|M:10|L:10|XL:10"
41373,"2025-04-09 08:39:53.45","#SD1373",50.00,68.00,93.00,120.90,"2025-04-09","143781162","PO",4,,,,"","ALMA","SD1373A1",30069,5002,"2025-04-09","2025-05-09","USD",93.00,60,"3XS:5|2XS:5|XS:10|S:10|M:10|L:10|XL:10"
41374,"2025-04-09 08:39:53.45","#SD1374",50.00,68.00,93.00,120.90,"2025-04-09","143781162","PO",4,,,,"","ALMA","SD1374A0",30070,6002,"2025-04-09","2025-05-09","USD",93.00,60,"3XS:5|2XS:5|XS:10|S:10|M:10|L:10|XL:10"
41375,"2025-04-09 08:39:53.45","#SD1375",50.00,68.00,93.00,120.90,"2025-04-09","143781162","PO",4,,,,"","ALMA","SD1375A1",30071,7002,"2025-04-09","2025-05-09","USD",93.00,60,"3XS:5|2XS:5|XS:10|S:10|M:10|L:10|XL:10"
41376,"2025-04-09 08:39:53.45","#SD1376",50.00,68.00,93.00,120.90,"2025-04-09","143781190","PO",4,,,,"","ALMA","SD1376A0",30072,1002,"2025-04-09","2025-05-09","USD",93.00,60,"3XS:5|2XS:5|XS:10|S:10|M:10|L:10|XL:10"
41377,"2025-04-09 08:39:53.45","#SD1377",50.00,68.00,93.00,120.90,"2025-04-09","143781190","PO",4,,,,"","ALMA","SD1377A1",30073,4002,"2025-04-09","2025-05-09","USD",93.00,60,"3XS:5|2XS:5|XS:10|S:10|M:10|L:10|XL:10"
41378,"2025-04-09 08:39:53.45","#SD1378",50.00,68.00,93.00,120.90,"2025-04-09","143781190","PO",4,,,,"","ALMA","SD1378A0",30074,5002,"2025-04-09","2025-05-09","USD",93.00,60,"3XS:5|2XS:5|XS:10|S:10|M:10|L:10|XL:10"
41379,"2025-04-09 08:39:53.45","#SD1379",50.00,68.00,93.00,120.90,"2025-04-09","143781190","PO",4,,,,"","ALMA","SD1379A1",30075,6002,"2025-04-09","2025-05-09","USD",93.00,60,"3XS:5|2XS:5|XS:10|S:10|M:10|L:10|XL:10"
41380,"2025-04-09 08:39:53.45","#SD1380",50.00,68.00,93.00,120.90,"2025-04-09","143781190","PO",4,,,,"","ALMA","SD1380A1",30076,7002,"2025-04-09","2025-05-09","USD",93.00,60,"3XS:5|2XS:5|XS:10|S:10|M:10|L:10|XL:10"
41381,"2025-04-09 08:39:53.45","#SD1381",50.00,68.00,93.00,120.90,"2025-04-09","143781194","PO",4,,,,"","ALMA","SD1381A0",30077,1002,"2025-04-09","2025-05-09","USD",93.00,60,"3XS:5|2XS:5|XS:10|S:10|M:10|L:10|XL:10"
41382,"2025-04-09 08:39:53.45","#SD1382",50.00,68.00,93.00,120.90,"2025-04-09","143781194","PO",4,,,,"","ALMA","SD1382A1",30078,4002,"2025-04-09","2025-05-09","USD",93.00,60,"3XS:5|2XS:5|XS:10|S:10|M:10|L:10|XL:10"
41383,"2025-04-09 08:39:53.45","#SD1383",50.00,68.00,93.00,120.90,"2025-04-09","143781194","PO",4,,,,"","ALMA","SD1383A0",30079,5002,"2025-04-09","2025-05-09","USD",93.00,60,"3XS:5|2XS:5|XS:10|S:10|M:10|L:10|XL:10"
41384,"2025-04-09 08:39:53.45","#SD1384",50.00,68.00,93.00,120.90,"2025-04-09","143781194","PO",4,,,,"","ALMA","SD1384A1",30082,6002,"2025-04-09","2025-05-09","USD",93.00,60,"3XS:5|2XS:5|XS:10|S:10|M:10|L:10|XL:10"
41385,"2025-04-09 08:39:53.45","#SD1385",50.00,68.00,93.00,120.90,"2025-04-09","143781194","PO",4,,,,"","ALMA","SD1385A0",30083,7002,"2025-04-09","2025-05-09","USD",93.00,60,"3XS:5|2XS:5|XS:10|S:10|M:10|L:10|XL:10"
41386,"2025-04-09 08:39:53.45","#SD1386",50.00,68.00,93.00,120.90,"2025-04-09","143781199","PO",4,,,,"","ALMA","SD1386A1",30084,1002,"2025-04-09","2025-05-09","USD",93.00,60,"3XS:5|2XS:5|XS:10|S:10|M:10|L:10|XL:10"
41387,"2025-04-09 08:39:53.45","#SD1387",50.00,68.00,93.00,120.90,"2025-04-09","143781199","PO",4,,,,"","ALMA","SD1387A1",30085,4002,"2025-04-09","2025-05-09","USD",93.00,60,"3XS:5|2XS:5|XS:10|S:10|M:10|L:10|XL:10"
41388,"2025-04-09 08:39:53.45","#SD1388",50.00,68.00,93.00,120.90,"2025-04-09","143781199","PO",4,,,,"","ALMA","SD1388A0",30086,5002,"2025-04-09","2025-05-09","USD",93.00,60,"3XS:5|2XS:5|XS:10|S:10|M:10|L:10|XL:10"
41389,"2025-04-09 08:39:53.45","#SD1389",50.00,68.00,93.00,120.90,"2025-04-09","143781199","PO",4,,,,"","ALMA","SD1389A1",30087,6002,"2025-04-09","2025-05-09","USD",93.00,60,"3XS:5|2XS:5|XS:10|S:10|M:10|L:10|XL:10"
41390,"2025-04-09 08:39:53.45","#SD1390",50.00,68.00,93.00,120.90,"2025-04-09","143781199","PO",4,,,,"","ALMA","SD1390A0",30088,7002,"2025-04-09","2025-05-09","USD",93.00,60,"3XS:5|2XS:5|XS:10|S:10|M:10|L:10|XL:10"
41391,"2025-04-09 08:39:53.45","#SD1391",50.00,68.00,93.00,120.90,"2025-04-09","143781210","PO",4,,,,"","ALMA","SD1391A1",30089,1002,"2025-04-09","2025-05-09","USD",93.00,60,"3XS:5|2XS:5|XS:10|S:10|M:10|L:10|XL:10"
41392,"2025-04-09 08:39:53.45","#SD1392",50.00,68.00,93.00,120.90,"2025-04-09","143781210","PO",4,,,,"","ALMA","SD1392A0",30090,4002,"2025-04-09","2025-05-09","USD",93.00,60,"3XS:5|2XS:5|XS:10|S:10|M:10|L:10|XL:10"
41393,"2025-04-09 08:39:53.45","#SD1393",50.00,68.00,93.00,120.90,"2025-04-09","143781210","PO",4,,,,"","ALMA","SD1393A1",30013,5002,"2025-04-09","2025-05-09","USD",93.00,60,"3XS:5|2XS:5|XS:10|S:10|M:10|L:10|XL:10"
41394,"2025-04-09 08:39:53.45","#SD1394",50.00,68.00,93.00,120.90,"2025-04-09","143781210","PO",4,,,,"","ALMA","SD1394A1",30022,6002,"2025-04-09","2025-05-09","USD",93.00,60,"3XS:5|2XS:5|XS:10|S:10|M:10|L:10|XL:10"
41395,"2025-04-09 08:39:53.45","#SD1395",50.00,68.00,93.00,120.90,"2025-04-09","143781210","PO",4,,,,"","ALMA","SD1395A0",30025,7002,"2025-04-09","2025-05-09","USD",93.00,60,"3XS:5|2XS:5|XS:10|S:10|M:10|L:10|XL:10"
41396,"2025-04-09 08:39:53.45","#SD1396",50.00,68.00,93.00,120.90,"2025-04-09","143781211","PO",4,,,,"","ALMA","SD1396A1",30026,1002,"2025-04-09","2025-05-09","USD",93.00,60,"3XS:5|2XS:5|XS:10|S:10|M:10|L:10|XL:10"
41397,"2025-04-09 08:39:53.45","#SD1397",50.00,68.00,93.00,120.90,"2025-04-09","143781211","PO",4,,,,"","ALMA","SD1397A0",30027,4002,"2025-04-09","2025-05-09","USD",93.00,60,"3XS:5|2XS:5|XS:10|S:10|M:10|L:10|XL:10"
41398,"2025-04-09 08:39:53.45","#SD1398",50.00,68.00,93.00,120.90,"2025-04-09","143781211","PO",4,,,,"","ALMA","SD1398A1",30029,5002,"2025-04-09","2025-05-09","USD",93.00,60,"3XS:5|2XS:5|XS:10|S:10|M:10|L:10|XL:10"
41399,"2025-04-09 08:39:53.45","#SD1399",50.00,68.00,93.00,120.90,"2025-04-09","143781211","PO",4,,,,"","ALMA","SD1399A0",30045,6002,"2025-04-09","2025-05-09","USD",93.00,60,"3XS:5|2XS:5|XS:10|S:10|M:10|L:10|XL:10"
41400,"2025-04-09 08:39:53.45","#SD1400",50.00,68.00,93.00,120.90,"2025-04-09","143781211","PO",4,,,,"","ALMA","SD1400A1",30047,7002,"2025-04-09","2025-05-09","USD",93.00,60,"3XS:5|2XS:5|XS:10|S:10|M:10|L:10|XL:10"
41401,"2025-04-09 08:39:53.45","#SD1401",50.00,68.00,93.00,120.90,"2025-04-09","143781214","PO",4,,,,"","ALMA","SD1401A0",30065,1002,"2025-04-09","2025-05-09","USD",93.00,60,"3XS:5|2XS:5|XS:10|S:10|M:10|L:10|XL:10"
41402,"2025-04-09 08:39:53.45","#SD1402",50.00,68.00,93.00,120.90,"2025-04-09","143781214","PO",4,,,,"","ALMA","SD1402A1",30069,4002,"2025-04-09","2025-05-09","USD",93.00,60,"3XS:5|2XS:5|XS:10|S:10|M:10|L:10|XL:10"
41403,"2025-04-09 08:39:53.45","#SD1403",50.00,68.00,93.00,120.90,"2025-04-09","143781214","PO",4,,,,"","ALMA","SD1403A0",30070,5002,"2025-04-09","2025-05-09","USD",93.00,60,"3XS:5|2XS:5|XS:10|S:10|M:10|L:10|XL:10"
41404,"2025-04-09 08:39:53.45","#SD1404",50.00,68.00,93.00,120.90,"2025-04-09","143781214","PO",4,,,,"","ALMA","SD1404A1",30071,6002,"2025-04-09","2025-05-09","USD",93.00,60,"3XS:5|2XS:5|XS:10|S:10|M:10|L:10|XL:10"
41405,"2025-04-09 08:39:53.45","#SD1405",50.00,68.00,93.00,120.90,"2025-04-09","143781214","PO",4,,,,"","ALMA","SD1405A0",30072,7002,"2025-04-09","2025-05-09","USD",93.00,60,"3XS:5|2XS:5|XS:10|S:10|M:10|L:10|XL:10"
41406,"2025-04-09 08:39:53.45","#SD1406",50.00,68.00,93.00,120.90,"2025-04-09","143781217","PO",4,,,,"","ALMA","SD1406A1",30073,1002,"2025-04-09","2025-05-09","USD",93.00,60,"3XS:5|2XS:5|XS:10|S:10|M:10|L:10|XL:10"
41407,"2025-04-09 08:39:53.45","#SD1407",50.00,68.00,93.00,120.90,"2025-04-09","143781217","PO",4,,,,"","ALMA","SD1407A1",30074,4002,"2025-04-09","2025-05-09","USD",93.00,60,"3XS:5|2XS:5|XS:10|S:10|M:10|L:10|XL:10"
41408,"2025-04-09 08:39:53.45","#SD1408",50.00,68.00,93.00,120.90,"2025-04-09","143781217","PO",4,,,,"","ALMA","SD1408A0",30075,5002,"2025-04-09","2025-05-09","USD",93.00,60,"3XS:5|2XS:5|XS:10|S:10|M:10|L:10|XL:10"
41409,"2025-04-09 08:39:53.45","#SD1409",50.00,68.00,93.00,120.90,"2025-04-09","143781217","PO",4,,,,"","ALMA","SD1409A1",30076,6002,"2025-04-09","2025-05-09","USD",93.00,60,"3XS:5|2XS:5|XS:10|S:10|M:10|L:10|XL:10"
41410,"2025-04-09 08:39:53.45","#SD1410",50.00,68.00,93.00,120.90,"2025-04-09","143781217","PO",4,,,,"","ALMA","SD1410A0",30077,7002,"2025-04-09","2025-05-09","USD",93.00,60,"3XS:5|2XS:5|XS:10|S:10|M:10|L:10|XL:10"
41411,"2025-04-09 08:39:53.45","#SD1411",50.00,68.00,93.00,120.90,"2025-04-09","143781220","PO",4,,,,"","ALMA","SD1411A1",30078,1002,"2025-04-09","2025-05-09","USD",93.00,60,"3XS:5|2XS:5|XS:10|S:10|M:10|L:10|XL:10"
41412,"2025-04-09 08:39:53.45","#SD1412",50.00,68.00,93.00,120.90,"2025-04-09","143781220","PO",4,,,,"","ALMA","SD1412A0",30079,4002,"2025-04-09","2025-05-09","USD",93.00,60,"3XS:5|2XS:5|XS:10|S:10|M:10|L:10|XL:10"
41413,"2025-04-09 08:39:53.45","#SD1413",50.00,68.00,93.00,120.90,"2025-04-09","143781220","PO",4,,,,"","ALMA","SD1413A1",30082,5002,"2025-04-09","2025-05-09","USD",93.00,60,"3XS:5|2XS:5|XS:10|S:10|M:10|L:10|XL:10"
41414,"2025-04-09 08:39:53.45","#SD1414",50.00,68.00,93.00,120.90,"2025-04-09","143781220","PO",4,,,,"","ALMA","SD1414A1",30083,6002,"2025-04-09","2025-05-09","USD",93.00,60,"3XS:5|2XS:5|XS:10|S:10|M:10|L:10|XL:10"
41415,"2025-04-09 08:39:53.45","#SD1415",50.00,68.00,93.00,120.90,"2025-04-09","143781220","PO",4,,,,"","ALMA","SD1415A0",30084,7002,"2025-04-09","2025-05-09","USD",93.00,60,"3XS:5|2XS:5|XS:10|S:10|M:10|L:10|XL:10"
41416,"2025-04-09 08:39:53.45","#SD1416",50.00,68.00,93.00,120.90,"2025-04-09","143781225","PO",4,,,,"","ALMA","SD1416A1",30085,1002,"2025-04-09","2025-05-09","USD",93.00,60,"3XS:5|2XS:5|XS:10|S:10|M:10|L:10|XL:10"
41417,"2025-04-09 08:39:53.45","#SD1417",50.00,68.00,93.00,120.90,"2025-04-09","143781225","PO",4,,,,"","ALMA","SD1417A0",30086,4002,"2025-04-09","2025-05-09","USD",93.00,60,"3XS:5|2XS:5|XS:10|S:10|M:10|L:10|XL:10"
41418,"2025-04-09 08:39:53.45","#SD1418",50.00,68.00,93.00,120.90,"2025-04-09","143781225","PO",4,,,,"","ALMA","SD1418A1",30087,5002,"2025-04-09","2025-05-09","USD",93.00,60,"3XS:5|2XS:5|XS:10|S:10|M:10|L:10|XL:10"
41419,"2025-04-09 08:39:53.45","#SD1419",50.00,68.00,93.00,120.90,"2025-04-09","143781225","PO",4,,,,"","ALMA","SD1419A0",30088,6002,"2025-04-09","2025-05-09","USD",93.00,60,"3XS:5|2XS:5|XS:10|S:10|M:10|L:10|XL:10"
41420,"2025-04-09 08:39:53.45","#SD1420",50.00,68.00,93.00,120.90,"2025-04-09","143781225","PO",4,,,,"","ALMA","SD1420A1",30089,7002,"2025-04-09","2025-05-09","USD",93.00,60,"3XS:5|2XS:5|XS:10|S:10|M:10|L:10|XL:10"
41421,"2025-04-09 08:39:53.45","#SD1421",50.00,68.00,93.00,120.90,"2025-04-09","143781233","PO",4,,,,"","ALMA","SD1421A1",30090,1002,"2025-04-09","2025-05-09","USD",93.00,60,"3XS:5|2XS:5|XS:10|S:10|M:10|L:10|XL:10"
41422,"2025-04-09 08:39:53.45","#SD1422",50.00,68.00,93.00,120.90,"2025-04-09","143781233","PO",4,,,,"","ALMA","SD1422A0",30013,4002,"2025-04-09","2025-05-09","USD",93.00,60,"3XS:5|2XS:5|XS:10|S:10|M:10|L:10|XL:10"
41423,"2025-04-09 08:39:53.45","#SD1423",50.00,68.00,93.00,120.90,"2025-04-09","143781233","PO",4,,,,"","ALMA","SD1423A1",30022,5002,"2025-04-09","2025-05-09","USD",93.00,60,"3XS:5|2XS:5|XS:10|S:10|M:10|L:10|XL:10"
41424,"2025-04-09 08:39:53.45","#SD1424",50.00,68.00,93.00,120.90,"2025-04-09","143781233","PO",4,,,,"","ALMA","SD1424A0",30025,6002,"2025-04-09","2025-05-09","USD",93.00,60,"3XS:5|2XS:5|XS:10|S:10|M:10|L:10|XL:10"
41425,"2025-04-09 08:39:53.45","#SD1425",50.00,68.00,93.00,120.90,"2025-04-09","143781233","PO",4,,,,"","ALMA","SD1425A1",30026,7002,"2025-04-09","2025-05-09","USD",93.00,60,"3XS:5|2XS:5|XS:10|S:10|M:10|L:10|XL:10"
41426,"2025-04-09 08:39:53.45","#SD1426",50.00,68.00,93.00,120.90,"2025-04-09","143781240","PO",4,,,,"","ALMA","SD1426A0",30027,1002,"2025-04-09","2025-05-09","USD",93.00,60,"3XS:5|2XS:5|XS:10|S:10|M:10|L:10|XL:10"
41427,"2025-04-09 08:39:53.45","#SD1427",50.00,68.00,93.00,120.90,"2025-04-09","143781240","PO",4,,,,"","ALMA","SD1427A1",30029,4002,"2025-04-09","2025-05-09","USD",93.00,60,"3XS:5|2XS:5|XS:10|S:10|M:10|L:10|XL:10"
41428,"2025-04-09 08:39:53.45","#SD1428",50.00,68.00,93.00,120.90,"2025-04-09","143781240","PO",4,,,,"","ALMA","SD1428A1",30045,5002,"2025-04-09","2025-05-09","USD",93.00,60,"3XS:5|2XS:5|XS:10|S:10|M:10|L:10|XL:10"
41429,"2025-04-09 08:39:53.45","#SD1429",50.00,68.00,93.00,120.90,"2025-04-09","143781240","PO",4,,,,"","ALMA","SD1429A0",30047,6002,"2025-04-09","2025-05-09","USD",93.00,60,"3XS:5|2XS:5|XS:10|S:10|M:10|L:10|XL:10"
41430,"2025-04-09 08:39:53.45","#SD1430",50.00,68.00,93.00,120.90,"2025-04-09","143781240","PO",4,,,,"","ALMA","SD1430A1",30065,7002,"2025-04-09","2025-05-09","USD",93.00,60,"3XS:5|2XS:5|XS:10|S:10|M:10|L:10|XL:10"
41431,"2025-04-09 08:39:53.45","#SD1431",50.00,68.00,93.00,120.90,"2025-04-09","143781262","PO",4,,,,"","ALMA","SD1431A0",30069,1002,"2025-04-09","2025-05-09","USD",93.00,60,"3XS:5|2XS:5|XS:10|S:10|M:10|L:10|XL:10"
41432,"2025-04-09 08:39:53.45","#SD1432",50.00,68.00,93.00,120.90,"2025-04-09","143781262","PO",4,,,,"","ALMA","SD1432A1",30070,4002,"2025-04-09","2025-05-09","USD",93.00,60,"3XS:5|2XS:5|XS:10|S:10|M:10|L:10|XL:10"
41433,"2025-04-09 08:39:53.45","#SD1433",50.00,68.00,93.00,120.90,"2025-04-09","143781262","PO",4,,,,"","ALMA","SD1433A0",30071,5002,"2025-04-09","2025-05-09","USD",93.00,60,"3XS:5|2XS:5|XS:10|S:10|M:10|L:10|XL:10"
41434,"2025-04-09 08:39:53.45","#SD1434",50.00,68.00,93.00,120.90,"2025-04-09","143781262","PO",4,,,,"","ALMA","SD1434A1",30072,6002,"2025-04-09","2025-05-09","USD",93.00,60,"3XS:5|2XS:5|XS:10|S:10|M:10|L:10|XL:10"
41435,"2025-04-09 08:39:53.45","#SD1435",50.00,68.00,93.00,120.90,"2025-04-09","143781262","PO",4,,,,"","ALMA","SD1435A1",30073,7002,"2025-04-09","2025-05-09","USD",93.00,60,"3XS:5|2XS:5|XS:10|S:10|M:10|L:10|XL:10"
41436,"2025-04-09 08:39:53.45","#SD1436",50.00,68.00,93.00,120.90,"2025-04-09","143781264","PO",4,,,,"","ALMA","SD1436A0",30074,1002,"2025-04-09","2025-05-09","USD",93.00,60,"3XS:5|2XS:5|XS:10|S:10|M:10|L:10|XL:10"
41437,"2025-04-09 08:39:53.45","#SD1437",50.00,68.00,93.00,120.90,"2025-04-09","143781264","PO",4,,,,"","ALMA","SD1437A1",30075,4002,"2025-04-09","2025-05-09","USD",93.00,60,"3XS:5|2XS:5|XS:10|S:10|M:10|L:10|XL:10"
41438,"2025-04-09 08:39:53.45","#SD1438",50.00,68.00,93.00,120.90,"2025-04-09","143781264","PO",4,,,,"","ALMA","SD1438A0",30076,5002,"2025-04-09","2025-05-09","USD",93.00,60,"3XS:5|2XS:5|XS:10|S:10|M:10|L:10|XL:10"
41439,"2025-04-09 08:39:53.45","#SD1439",50.00,68.00,93.00,120.90,"2025-04-09","143781264","PO",4,,,,"","ALMA","SD1439A1",30077,6002,"2025-04-09","2025-05-09","USD",93.00,60,"3XS:5|2XS:5|XS:10|S:10|M:10|L:10|XL:10"
41440,"2025-04-09 08:39:53.45","#SD1440",50.00,68.00,93.00,120.90,"2025-04-09","143781264","PO",4,,,,"","ALMA","SD1440A0",30078,7002,"2025-04-09","2025-05-09","USD",93.00,60,"3XS:5|2XS:5|XS:10|S:10|M:10|L:10|XL:10"
41441,"2025-04-09 08:39:53.45","#SD1441",50.00,68.00,93.00,120.90,"2025-04-09","143781277","PO",4,,,,"","ALMA","SD1441A1",30079,1002,"2025-04-09","2025-05-09","USD",93.00,60,"3XS:5|2XS:5|XS:10|S:10|M:10|L:10|XL:10"
41442,"2025-04-09 08:39:53.45","#SD1442",50.00,68.00,93.00,120.90,"2025-04-09","143781277","PO",4,,,,"","ALMA","SD1442A1",30082,4002,"2025-04-09","2025-05-09","USD",93.00,60,"3XS:5|2XS:5|XS:10|S:10|M:10|L:10|XL:10"
41443,"2025-04-09 08:39:53.45","#SD1443",50.00,68.00,93.00,120.90,"2025-04-09","143781277","PO",4,,,,"","ALMA","SD1443A0",30083,5002,"2025-04-09","2025-05-09","USD",93.00,60,"3XS:5|2XS:5|XS:10|S:10|M:10|L:10|XL:10"
41444,"2025-04-09 08:39:53.45","#SD1444",50.00,68.00,93.00,120.90,"2025-04-09","143781277","PO",4,,,,"","ALMA","SD1444A1",30084,6002,"2025-04-09","2025-05-09","USD",93.00,60,"3XS:5|2XS:5|XS:10|S:10|M:10|L:10|XL:10"
41445,"2025-04-09 08:39:53.45","#SD1445",50.00,68.00,93.00,120.90,"2025-04-09","143781277","PO",4,,,,"","ALMA","SD1445A0",30085,7002,"2025-04-09","2025-05-09","USD",93.00,60,"3XS:5|2XS:5|XS:10|S:10|M:10|L:10|XL:10"
41446,"2025-04-09 08:39:53.45","#SD1446",50.00,68.00,93.00,120.90,"2025-04-09","143781286","PO",4,,,,"","ALMA","SD1446A1",30086,1002,"2025-04-09","2025-05-09","USD",93.00,60,"3XS:5|2XS:5|XS:10|S:10|M:10|L:10|XL:10"
41447,"2025-04-09 08:39:53.45","#SD1447",50.00,68.00,93.00,120.90,"2025-04-09","143781286","PO",4,,,,"","ALMA","SD1447A0",30087,4002,"2025-04-09","2025-05-09","USD",93.00,60,"3XS:5|2XS:5|XS:10|S:10|M:10|L:10|XL:10"
41448,"2025-04-09 08:39:53.45","#SD1448",50.00,68.00,93.00,120.90,"2025-04-09","143781286","PO",4,,,,"","ALMA","SD1448A1",30088,5002,"2025-04-09","2025-05-09","USD",93.00,60,"3XS:5|2XS:5|XS:10|S:10|M:10|L:10|XL:10"
41449,"2025-04-09 08:39:53.45","#SD1449",50.00,68.00,93.00,120.90,"2025-04-09","143781286","PO",4,,,,"","ALMA","SD1449A1",30089,6002,"2025-04-09","2025-05-09","USD",93.00,60,"3XS:5|2XS:5|XS:10|S:10|M:10|L:10|XL:10"
41450,"2025-04-09 08:39:53.45","#SD1450",50.00,68.00,93.00,120.90,"2025-04-09","143781286","PO",4,,,,"","ALMA","SD1450A0",30090,7002,"2025-04-09","2025-05-09","USD",93.00,60,"3XS:5|2XS:5|XS:10|S:10|M:10|L:10|XL:10"
41451,"2025-04-09 08:39:53.45","#SD1451",50.00,68.00,93.00,120.90,"2025-04-09","143781291","PO",4,,,,"","ALMA","SD1451A1",30013,1002,"2025-04-09","2025-05-09","USD",93.00,60,"3XS:5|2XS:5|XS:10|S:10|M:10|L:10|XL:10"
41452,"2025-04-09 08:39:53.45","#SD1452",50.00,68.00,93.00,120.90,"2025-04-09","143781291","PO",4,,,,"","ALMA","SD1452A0",30022,4002,"2025-04-09","2025-05-09","USD",93.00,60,"3XS:5|2XS:5|XS:10|S:10|M:10|L:10|XL:10"
41453,"2025-04-09 08:39:53.45","#SD1453",50.00,68.00,93.00,120.90,"2025-04-09","143781291","PO",4,,,,"","ALMA","SD1453A1",30025,5002,"2025-04-09","2025-05-09","USD",93.00,60,"3XS:5|2XS:5|XS:10|S:10|M:10|L:10|XL:10"
41454,"2025-04-09 08:39:53.45","#SD1454",50.00,68.00,93.00,120.90,"2025-04-09","143781291","PO",4,,,,"","ALMA","SD1454A0",30026,6002,"2025-04-09","2025-05-09","USD",93.00,60,"3XS:5|2XS:5|XS:10|S:10|M:10|L:10|XL:10"
41455,"2025-04-09 08:39:53.45","#SD1455",50.00,68.00,93.00,120.90,"2025-04-09","143781291","PO",4,,,,"","ALMA","SD1455A1",30027,7002,"2025-04-09","2025-05-09","USD",93.00,60,"3XS:5|2XS:5|XS:10|S:10|M:10|L:10|XL:10"
41456,"2025-04-09 08:39:53.45","#SD1456",50.00,68.00,93.00,120.90,"2025-04-09","143781316","PO",4,,,,"","ALMA","SD1456A1",30029,1002,"2025-04-09","2025-05-09","USD",93.00,60,"3XS:5|2XS:5|XS:10|S:10|M:10|L:10|XL:10"
41457,"2025-04-09 08:39:53.45","#SD1457",50.00,68.00,93.00,120.90,"2025-04-09","143781316","PO",4,,,,"","ALMA","SD1457A0",30045,4002,"2025-04-09","2025-05-09","USD",93.00,60,"3XS:5|2XS:5|XS:10|S:10|M:10|L:10|XL:10"
41458,"2025-04-09 08:39:53.45","#SD1458",50.00,68.00,93.00,120.90,"2025-04-09","143781316","PO",4,,,,"","ALMA","SD1458A1",30047,5002,"2025-04-09","2025-05-09","USD",93.00,60,"3XS:5|2XS:5|XS:10|S:10|M:10|L:10|XL:10"
41459,"2025-04-09 08:39:53.45","#SD1459",50.00,68.00,93.00,120.90,"2025-04-09","143781316","PO",4,,,,"","ALMA","SD1459A0",30065,6002,"2025-04-09","2025-05-09","USD",93.00,60,"3XS:5|2XS:5|XS:10|S:10|M:10|L:10|XL:10"
41460,"2025-04-09 08:39:53.45","#SD1460",50.00,68.00,93.00,120.90,"2025-04-09","143781316","PO",4,,,,"","ALMA","SD1460A1",30069,7002,"2025-04-09","2025-05-09","USD",93.00,60,"3XS:5|2XS:5|XS:10|S:10|M:10|L:10|XL:10"
41461,"2025-04-09 08:39:53.45","#SD1461",50.00,68.00,93.00,120.90,"2025-04-09","143781346","PO",4,,,,"","ALMA","SD1461A0",30070,1002,"2025-04-09","2025-05-09","USD",93.00,60,"3XS:5|2XS:5|XS:10|S:10|M:10|L:10|XL:10"
41462,"2025-04-09 08:39:53.45","#SD1462",50.00,68.00,93.00,120.90,"2025-04-09","143781346","PO",4,,,,"","ALMA","SD1462A1",30071,4002,"2025-04-09","2025-05-09","USD",93.00,60,"3XS:5|2XS:5|XS:10|S:10|M:10|L:10|XL:10"
41463,"2025-04-09 08:39:53.45","#SD1463",50.00,68.00,93.00,120.90,"2025-04-09","143781346","PO",4,,,,"","ALMA","SD1463A1",30072,5002,"2025-04-09","2025-05-09","USD",93.00,60,"3XS:5|2XS:5|XS:10|S:10|M:10|L:10|XL:10"
41464,"2025-04-09 08:39:53.45","#SD1464",50.00,68.00,93.00,120.90,"2025-04-09","143781346","PO",4,,,,"","ALMA","SD1464A0",30073,6002,"2025-04-09","2025-05-09","USD",93.00,60,"3XS:5|2XS:5|XS:10|S:10|M:10|L:10|XL:10"
41465,"2025-04-09 08:39:53.45","#SD1465",50.00,68.00,93.00,120.90,"2025-04-09","143781346","PO",4,,,,"","ALMA","SD1465A1",30074,7002,"2025-04-09","2025-05-09","USD",93.00,60,"3XS:5|2XS:5|XS:10|S:10|M:10|L:10|XL:10"
41466,"2025-04-09 08:39:53.45","#SD1466",50.00,68.00,93.00,120.90,"2025-04-09","143781347","PO",4,,,,"","ALMA","SD1466A0",30075,1002,"2025-04-09","2025-05-09","USD",93.00,60,"3XS:5|2XS:5|XS:10|S:10|M:10|L:10|XL:10"
41467,"2025-04-09 08:39:53.45","#SD1467",50.00,68.00,93.00,120.90,"2025-04-09","143781347","PO",4,,,,"","ALMA","SD1467A1",30076,4002,"2025-04-09","2025-05-09","USD",93.00,60,"3XS:5|2XS:5|XS:10|S:10|M:10|L:10|XL:10"
41468,"2025-04-09 08:39:53.45","#SD1468",50.00,68.00,93.00,120.90,"2025-04-09","143781347","PO",4,,,,"","ALMA","SD1468A0",30077,5002,"2025-04-09","2025-05-09","USD",93.00,60,"3XS:5|2XS:5|XS:10|S:10|M:10|L:10|XL:10"
41469,"2025-04-09 08:39:53.45","#SD1469",50.00,68.00,93.00,120.90,"2025-04-09","143781347","PO",4,,,,"","ALMA","SD1469A1",30078,6002,"2025-04-09","2025-05-09","USD",93.00,60,"3XS:5|2XS:5|XS:10|S:10|M:10|L:10|XL:10"
41470,"2025-04-09 08:39:53.45","#SD1470",50.00,68.00,93.00,120.90,"2025-04-09","143781347","PO",4,,,,"","ALMA","SD1470A1",30079,7002,"2025-04-09","2025-05-09","USD",93.00,60,"3XS:5|2XS:5|XS:10|S:10|M:10|L:10|XL:10"
41471,"2025-04-09 08:39:53.45","#SD1471",50.00,68.00,93.00,120.90,"2025-04-09","143781348","PO",4,,,,"","ALMA","SD1471A0",30082,1002,"2025-04-09","2025-05-09","USD",93.00,60,"3XS:5|2XS:5|XS:10|S:10|M:10|L:10|XL:10"
41472,"2025-04-09 08:39:53.45","#SD1472",50.00,68.00,93.00,120.90,"2025-04-09","143781348","PO",4,,,,"","ALMA","SD1472A1",30083,4002,"2025-04-09","2025-05-09","USD",93.00,60,"3XS:5|2XS:5|XS:10|S:10|M:10|L:10|XL:10"
41473,"2025-04-09 08:39:53.45","#SD1473",50.00,68.00,93.00,120.90,"2025-04-09","143781348","PO",4,,,,"","ALMA","SD1473A0",30084,5002,"2025-04-09","2025-05-09","USD",93.00,60,"3XS:5|2XS:5|XS:10|S:10|M:10|L:10|XL:10"
41474,"2025-04-09 08:39:53.45","#SD1474",50.00,68.00,93.00,120.90,"2025-04-09","143781348","PO",4,,,,"","ALMA","SD1474A1",30085,6002,"2025-04-09","2025-05-09","USD",93.00,60,"3XS:5|2XS:5|XS:10|S:10|M:10|L:10|XL:10"
41475,"2025-04-09 08:39:53.45","#SD1475",50.00,68.00,93.00,120.90,"2025-04-09","143781348","PO",4,,,,"","ALMA","SD1475A0",30086,7002,"2025-04-09","2025-05-09","USD",93.00,60,"3XS:5|2XS:5|XS:10|S:10|M:10|L:10|XL:10"
41476,"2025-04-09 08:39:53.45","#SD1476",50.00,68.00,93.00,120.90,"2025-04-09","143781349","PO",4,,,,"","ALMA","SD1476A1",30087,1002,"2025-04-09","2025-05-09","USD",93.00,60,"3XS:5|2XS:5|XS:10|S:10|M:10|L:10|XL:10"
41477,"2025-04-09 08:39:53.45","#SD1477",50.00,68.00,93.00,120.90,"2025-04-09","143781349","PO",4,,,,"","ALMA","SD1477A1",30088,4002,"2025-04-09","2025-05-09","USD",93.00,60,"3XS:5|2XS:5|XS:10|S:10|M:10|L:10|XL:10"
41478,"2025-04-09 08:39:53.45","#SD1478",50.00,68.00,93.00,120.90,"2025-04-09","143781349","PO",4,,,,"","ALMA","SD1478A0",30089,5002,"2025-04-09","2025-05-09","USD",93.00,60,"3XS:5|2XS:5|XS:10|S:10|M:10|L:10|XL:10"
41479,"2025-04-09 08:39:53.45","#SD1479",50.00,68.00,93.00,120.90,"2025-04-09","143781349","PO",4,,,,"","ALMA","SD1479A1",30090,6002,"2025-04-09","2025-05-09","USD",93.00,60,"3XS:5|2XS:5|XS:10|S:10|M:10|L:10|XL:10"
41480,"2025-04-09 08:39:53.45","#SD1480",50.00,68.00,93.00,120.90,"2025-04-09","143781349","PO",4,,,,"","ALMA","SD1480A0",30013,7002,"2025-04-09","2025-05-09","USD",93.00,60,"3XS:5|2XS:5|XS:10|S:10|M:10|L:10|XL:10"
41481,"2025-04-09 08:39:53.45","#SD1481",50.00,68.00,93.00,120.90,"2025-04-09","143781350","PO",4,,,,"","ALMA","SD1481A1",30022,1002,"2025-04-09","2025-05-09","USD",93.00,60,"3XS:5|2XS:5|XS:10|S:10|M:10|L:10|XL:10"
41482,"2025-04-09 08:39:53.45","#SD1482",50.00,68.00,93.00,120.90,"2025-04-09","143781350","PO",4,,,,"","ALMA","SD1482A0",30025,4002,"2025-04-09","2025-05-09","USD",93.00,60,"3XS:5|2XS:5|XS:10|S:10|M:10|L:10|XL:10"
41483,"2025-04-09 08:39:53.45","#SD1483",50.00,68.00,93.00,120.90,"2025-04-09","143781350","PO",4,,,,"","ALMA","SD1483A1",30026,5002,"2025-04-09","2025-05-09","USD",93.00,60,"3XS:5|2XS:5|XS:10|S:10|M:10|L:10|XL:10"
41484,"2025-04-09 08:39:53.45","#SD1484",50.00,68.00,93.00,120.90,"2025-04-09","143781350","PO",4,,,,"","ALMA","SD1484A1",30027,6002,"2025-04-09","2025-05-09","USD",93.00,60,"3XS:5|2XS:5|XS:10|S:10|M:10|L:10|XL:10"
41485,"2025-04-09 08:39:53.45","#SD1485",50.00,68.00,93.00,120.90,"2025-04-09","143781350","PO",4,,,,"","ALMA","SD1485A0",30029,7002,"2025-04-09","2025-05-09","USD",93.00,60,"3XS:5|2XS:5|XS:10|S:10|M:10|L:10|XL:10"
41486,"2025-04-09 08:39:53.45","#SD1486",50.00,68.00,93.00,120.90,"2025-04-09","143781353","PO",4,,,,"","ALMA","SD1486A1",30045,1002,"2025-04-09","2025-05-09","USD",93.00,60,"3XS:5|2XS:5|XS:10|S:10|M:10|L:10|XL:10"
41487,"2025-04-09 08:39:53.45","#SD1487",50.00,68.00,93.00,120.90,"2025-04-09","143781353","PO",4,,,,"","ALMA","SD1487A0",30047,4002,"2025-04-09","2025-05-09","USD",93.00,60,"3XS:5|2XS:5|XS:10|S:10|M:10|L:10|XL:10"
41488,"2025-04-09 08:39:53.45","#SD1488",50.00,68.00,93.00,120.90,"2025-04-09","143781353","PO",4,,,,"","ALMA","SD1488A1",30065,5002,"2025-04-09","2025-05-09","USD",93.00,60,"3XS:5|2XS:5|XS:10|S:10|M:10|L:10|XL:10"
41489,"2025-04-09 08:39:53.45","#SD1489",50.00,68.00,93.00,120.90,"2025-04-09","143781353","PO",4,,,,"","ALMA","SD1489A0",30069,6002,"2025-04-09","2025-05-09","USD",93.00,60,"3XS:5|2XS:5|XS:10|S:10|M:10|L:10|XL:10"
41490,"2025-04-09 08:39:53.45","#SD1490",50.00,68.00,93.00,120.90,"2025-04-09","143781353","PO",4,,,,"","ALMA","SD1490A1",30070,7002,"2025-04-09","2025-05-09","USD",93.00,60,"3XS:5|2XS:5|XS:10|S:10|M:10|L:10|XL:10"
41491,"2025-04-09 08:39:53.45","#SD1491",50.00,68.00,93.00,120.90,"2025-04-09","143781358","PO",4,,,,"","ALMA","SD1491A1",30071,1002,"2025-04-09","2025-05-09","USD",93.00,60,"3XS:5|2XS:5|XS:10|S:10|M:10|L:10|XL:10"
41492,"2025-04-09 08:39:53.45","#SD1492",50.00,68.00,93.00,120.90,"2025-04-09","143781358","PO",4,,,,"","ALMA","SD1492A0",30072,4002,"2025-04-09","2025-05-09","USD",93.00,60,"3XS:5|2XS:5|XS:10|S:10|M:10|L:10|XL:10"
41493,"2025-04-09 08:39:53.45","#SD1493",50.00,68.00,93.00,120.90,"2025-04-09","143781358","PO",4,,,,"","ALMA","SD1493A1",30073,5002,"2025-04-09","2025-05-09","USD",93.00,60,"3XS:5|2XS:5|XS:10|S:10|M:10|L:10|XL:10"
41494,"2025-04-09 08:39:53.45","#SD1494",50.00,68.00,93.00,120.90,"2025-04-09","143781358","PO",4,,,,"","ALMA","SD1494A0",30074,6002,"2025-04-09","2025-05-09","USD",93.00,60,"3XS:5|2XS:5|XS:10|S:10|M:10|L:10|XL:10"
41495,"2025-04-09 08:39:53.45","#SD1495",50.00,68.00,93.00,120.90,"2025-04-09","143781358","PO",4,,,,"","ALMA","SD1495A1",30075,7002,"2025-04-09","2025-05-09","USD",93.00,60,"3XS:5|2XS:5|XS:10|S:10|M:10|L:10|XL:10"
41496,"2025-04-09 08:39:53.45","#SD1496",50.00,68.00,93.00,120.90,"2025-04-09","143781366","PO",4,,,,"","ALMA","SD1496A0",30076,1002,"2025-04-09","2025-05-09","USD",93.00,60,"3XS:5|2XS:5|XS:10|S:10|M:10|L:10|XL:10"
41497,"2025-04-09 08:39:53.45","#SD1497",50.00,68.00,93.00,120.90,"2025-04-09","143781366","PO",4,,,,"","ALMA","SD1497A1",30077,4002,"2025-04-09","2025-05-09","USD",93.00,60,"3XS:5|2XS:5|XS:10|S:10|M:10|L:10|XL:10"
41498,"2025-04-09 08:39:53.45","#SD1498",50.00,68.00,93.00,120.90,"2025-04-09","143781366","PO",4,,,,"","ALMA","SD1498A1",30078,5002,"2025-04-09","2025-05-09","USD",93.00,60,"3XS:5|2XS:5|XS:10|S:10|M:10|L:10|XL:10"
41499,"2025-04-09 08:39:53.45","#SD1499",50.00,68.00,93.00,120.90,"2025-04-09","143781366","PO",4,,,,"","ALMA","SD1499A0",30079,6002,"2025-04-09","2025-05-09","USD",93.00,60,"3XS:5|2XS:5|XS:10|S:10|M:10|L:10|XL:10"
41500,"2025-04-09 08:39:53.45","#SD1500",50.00,68.00,93.00,120.90,"2025-04-09","143781366","PO",4,,,,"","ALMA","SD1500A1",30082,7002,"2025-04-09","2025-05-09","USD",93.00,60,"3XS:5|2XS:5|XS:10|S:10|M:10|L:10|XL:10"
41501,"2025-04-09 08:39:53.45","#SD1501",50.00,68.00,93.00,120.90,"2025-04-09","143781376","PO",4,,,,"","ALMA","SD1501A0",30083,1002,"2025-04-09","2025-05-09","USD",93.00,60,"3XS:5|2XS:5|XS:10|S:10|M:10|L:10|XL:10"
41502,"2025-04-09 08:39:53.45","#SD1502",50.00,68.00,93.00,120.90,"2025-04-09","143781376","PO",4,,,,"","ALMA","SD1502A1",30084,4002,"2025-04-09","2025-05-09","USD",93.00,60,"3XS:5|2XS:5|XS:10|S:10|M:10|L:10|XL:10"
41503,"2025-04-09 08:39:53.45","#SD1503",50.00,68.00,93.00,120.90,"2025-04-09","143781376","PO",4,,,,"","ALMA","SD1503A0",30085,5002,"2025-04-09","2025-05-09","USD",93.00,60,"3XS:5|2XS:5|XS:10|S:10|M:10|L:10|XL:10"
41504,"2025-04-09 08:39:53.45","#SD1504",50.00,68.00,93.00,120.90,"2025-04-09","143781376","PO",4,,,,"","ALMA","SD1504A1",30086,6002,"2025-04-09","2025-05-09","USD",93.00,60,"3XS:5|2XS:5|XS:10|S:10|M:10|L:10|XL:10"
41505,"2025-04-09 08:39:53.45","#SD1505",50.00,68.00,93.00,120.90,"2025-04-09","143781376","PO",4,,,,"","ALMA","SD1505A1",30087,7002,"2025-04-09","2025-05-09","USD",93.00,60,"3XS:5|2XS:5|XS:10|S:10|M:10|L:10|XL:10"
41506,"2025-04-09 08:39:53.45","#SD1506",50.00,68.00,93.00,120.90,"2025-04-09","143781391","PO",4,,,,"","ALMA","SD1506A0",30088,1002,"2025-04-09","2025-05-09","USD",93.00,60,"3XS:5|2XS:5|XS:10|S:10|M:10|L:10|XL:10"
41507,"2025-04-09 08:39:53.45","#SD1507",50.00,68.00,93.00,120.90,"2025-04-09","143781391","PO",4,,,,"","ALMA","SD1507A1",30089,4002,"2025-04-09","2025-05-09","USD",93.00,60,"3XS:5|2XS:5|XS:10|S:10|M:10|L:10|XL:10"
41508,"2025-04-09 08:39:53.45","#SD1508",50.00,68.00,93.00,120.90,"2025-04-09","143781391","PO",4,,,,"","ALMA","SD1508A0",30090,5002,"2025-04-09","2025-05-09","USD",93.00,60,"3XS:5|2XS:5|XS:10|S:10|M:10|L:10|XL:10"
41509,"2025-04-09 08:39:53.45","#SD1509",50.00,68.00,93.00,120.90,"2025-04-09","143781391","PO",4,,,,"","ALMA","SD1509A1",30013,6002,"2025-04-09","2025-05-09","USD",93.00,60,"3XS:5|2XS:5|XS:10|S:10|M:10|L:10|XL:10"
41510,"2025-04-09 08:39:53.45","#SD1510",50.00,68.00,93.00,120.90,"2025-04-09","143781391","PO",4,,,,"","ALMA","SD1510A0",30022,7002,"2025-04-09","2025-05-09","USD",93.00,60,"3XS:5|2XS:5|XS:10|S:10|M:10|L:10|XL:10"
41511,"2025-04-09 08:39:53.45","#SD1511",50.00,68.00,93.00,120.90,"2025-04-09","143781397","PO",4,,,,"","ALMA","SD1511A1",30025,1002,"2025-04-09","2025-05-09","USD",93.00,60,"3XS:5|2XS:5|XS:10|S:10|M:10|L:10|XL:10"
41512,"2025-04-09 08:39:53.45","#SD1512",50.00,68.00,93.00,120.90,"2025-04-09","143781397","PO",4,,,,"","ALMA","SD1512A1",30026,4002,"2025-04-09","2025-05-09","USD",93.00,60,"3XS:5|2XS:5|XS:10|S:10|M:10|L:10|XL:10"
41513,"2025-04-09 08:39:53.45","#SD1513",50.00,68.00,93.00,120.90,"2025-04-09","143781397","PO",4,,,,"","ALMA","SD1513A0",30027,5002,"2025-04-09","2025-05-09","USD",93.00,60,"3XS:5|2XS:5|XS:10|S:10|M:10|L:10|XL:10"
41514,"2025-04-09 08:39:53.45","#SD1514",50.00,68.00,93.00,120.90,"2025-04-09","143781397","PO",4,,,,"","ALMA","SD1514A1",30029,6002,"2025-04-09","2025-05-09","USD",93.00,60,"3XS:5|2XS:5|XS:10|S:10|M:10|L:10|XL:10"
41515,"2025-04-09 08:39:53.45","#SD1515",50.00,68.00,93.00,120.90,"2025-04-09","143781397","PO",4,,,,"","ALMA","SD1515A0",30045,7002,"2025-04-09","2025-05-09","USD",93.00,60,"3XS:5|2XS:5|XS:10|S:10|M:10|L:10|XL:10"
41516,"2025-04-09 08:39:53.45","#SD1516",50.00,68.00,93.00,120.90,"2025-04-09","143781407","PO",4,,,,"","ALMA","SD1516A1",30047,1002,"2025-04-09","2025-05-09","USD",93.00,60,"3XS:5|2XS:5|XS:10|S:10|M:10|L:10|XL:10"
41517,"2025-04-09 08:39:53.45","#SD1517",50.00,68.00,93.00,120.90,"2025-04-09","143781407","PO",4,,,,"","ALMA","SD1517A0",30065,4002,"2025-04-09","2025-05-09","USD",93.00,60,"3XS:5|2XS:5|XS:10|S:10|M:10|L:10|XL:10"
41518,"2025-04-09 08:39:53.45","#SD1518",50.00,68.00,93.00,120.90,"2025-04-09","143781407","PO",4,,,,"","ALMA","SD1518A1",30069,5002,"2025-04-09","2025-05-09","USD",93.00,60,"3XS:5|2XS:5|XS:10|S:10|M:10|L:10|XL:10"
41519,"2025-04-09 08:39:53.45","#SD1519",50.00,68.00,93.00,120.90,"2025-04-09","143781407","PO",4,,,,"","ALMA","SD1519A1",30070,6002,"2025-04-09","2025-05-09","USD",93.00,60,"3XS:5|2XS:5|XS:10|S:10|M:10|L:10|XL:10"
41520,"2025-04-09 08:39:53.45","#SD1520",50.00,68.00,93.00,120.90,"2025-04-09","143781407","PO",4,,,,"","ALMA","SD1520A0",30071,7002,"2025-04-09","2025-05-09","USD",93.00,60,"3XS:5|2XS:5|XS:10|S:10|M:10|L:10|XL:10"
41521,"2025-04-09 08:39:53.45","#SD1521",50.00,68.00,93.00,120.90,"2025-04-09","143781413","PO",4,,,,"","ALMA","SD1521A1",30072,1002,"2025-04-09","2025-05-09","USD",93.00,60,"3XS:5|2XS:5|XS:10|S:10|M:10|L:10|XL:10"
41522,"2025-04-09 08:39:53.45","#SD1522",50.00,68.00,93.00,120.90,"2025-04-09","143781413","PO",4,,,,"","ALMA","SD1522A0",30073,4002,"2025-04-09","2025-05-09","USD",93.00,60,"3XS:5|2XS:5|XS:10|S:10|M:10|L:10|XL:10"
41523,"2025-04-09 08:39:53.45","#SD1523",50.00,68.00,93.00,120.90,"2025-04-09","143781413","PO",4,,,,"","ALMA","SD1523A1",30074,5002,"2025-04-09","2025-05-09","USD",93.00,60,"3XS:5|2XS:5|XS:10|S:10|M:10|L:10|XL:10"
41524,"2025-04-09 08:39:53.45","#SD1524",50.00,68.00,93.00,120.90,"2025-04-09","143781413","PO",4,,,,"","ALMA","SD1524A0",30075,6002,"2025-04-09","2025-05-09","USD",93.00,60,"3XS:5|2XS:5|XS:10|S:10|M:10|L:10|XL:10"
41525,"2025-04-09 08:39:53.45","#SD1525",50.00,68.00,93.00,120.90,"2025-04-09","143781413","PO",4,,,,"","ALMA","SD1525A1",30076,7002,"2025-04-09","2025-05-09","USD",93.00,60,"3XS:5|2XS:5|XS:10|S:10|M:10|L:10|XL:10"
41526,"2025-04-09 08:39:53.45","#SD1526",50.00,68.00,93.00,120.90,"2025-04-09","143781416","PO",4,,,,"","ALMA","SD1526A1",30077,1002,"2025-04-09","2025-05-09","USD",93.00,60,"3XS:5|2XS:5|XS:10|S:10|M:10|L:10|XL:10"
41527,"2025-04-09 08:39:53.45","#SD1527",50.00,68.00,93.00,120.90,"2025-04-09","143781416","PO",4,,,,"","ALMA","SD1527A0",30078,4002,"2025-04-09","2025-05-09","USD",93.00,60,"3XS:5|2XS:5|XS:10|S:10|M:10|L:10|XL:10"
41528,"2025-04-09 08:39:53.45","#SD1528",50.00,68.00,93.00,120.90,"2025-04-09","143781416","PO",4,,,,"","ALMA","SD1528A1",30079,5002,"2025-04-09","2025-05-09","USD",93.00,60,"3XS:5|2XS:5|XS:10|S:10|M:10|L:10|XL:10"
41529,"2025-04-09 08:39:53.45","#SD1529",50.00,68.00,93.00,120.90,"2025-04-09","143781416","PO",4,,,,"","ALMA","SD1529A0",30082,6002,"2025-04-09","2025-05-09","USD",93.00,60,"3XS:5|2XS:5|XS:10|S:10|M:10|L:10|XL:10"
41530,"2025-04-09 08:39:53.45","#SD1530",50.00,68.00,93.00,120.90,"2025-04-09","143781416","PO",4,,,,"","ALMA","SD1530A1",30083,7002,"2025-04-09","2025-05-09","USD",93.00,60,"3XS:5|2XS:5|XS:10|S:10|M:10|L:10|XL:10"
41531,"2025-04-09 08:39:53.45","#SD1531",50.00,68.00,93.00,120.90,"2025-04-09","143781417","PO",4,,,,"","ALMA","SD1531A0",30084,1002,"2025-04-09","2025-05-09","USD",93.00,60,"3XS:5|2XS:5|XS:10|S:10|M:10|L:10|XL:10"
41532,"2025-04-09 08:39:53.45","#SD1532",50.00,68.00,93.00,120.90,"2025-04-09","143781417","PO",4,,,,"","ALMA","SD1532A1",30085,4002,"2025-04-09","2025-05-09","USD",93.00,60,"3XS:5|2XS:5|XS:10|S:10|M:10|L:10|XL:10"
41533,"2025-04-09 08:39:53.45","#SD1533",50.00,68.00,93.00,120.90,"2025-04-09","143781417","PO",4,,,,"","ALMA","SD1533A1",30086,5002,"2025-04-09","2025-05-09","USD",93.00,60,"3XS:5|2XS:5|XS:10|S:10|M:10|L:10|XL:10"
41534,"2025-04-09 08:39:53.45","#SD1534",50.00,68.00,93.00,120.90,"2025-04-09","143781417","PO",4,,,,"","ALMA","SD1534A0",30087,6002,"2025-04-09","2025-05-09","USD",93.00,60,"3XS:5|2XS:5|XS:10|S:10|M:10|L:10|XL:10"
41535,"2025-04-09 08:39:53.45","#SD1535",50.00,68.00,93.00,120.90,"2025-04-09","143781417","PO",4,,,,"","ALMA","SD1535A1",30088,7002,"2025-04-09","2025-05-09","USD",93.00,60,"3XS:5|2XS:5|XS:10|S:10|M:10|L:10|XL:10"
41536,"2025-04-09 08:39:53.45","#SD1536",50.00,68.00,93.00,120.90,"2025-04-09","143781425","PO",4,,,,"","ALMA","SD1536A0",30089,1002,"2025-04-09","2025-05-09","USD",93.00,60,"3XS:5|2XS:5|XS:10|S:10|M:10|L:10|XL:10"
41537,"2025-04-09 08:39:53.45","#SD1537",50.00,68.00,93.00,120.90,"2025-04-09","143781425","PO",4,,,,"","ALMA","SD1537A1",30090,4002,"2025-04-09","2025-05-09","USD",93.00,60,"3XS:5|2XS:5|XS:10|S:10|M:10|L:10|XL:10"
41538,"2025-04-09 08:39:53.45","#SD1538",50.00,68.00,93.00,120.90,"2025-04-09","143781425","PO",4,,,,"","ALMA","SD1538A0",30013,5002,"2025-04-09","2025-05-09","USD",93.00,60,"3XS:5|2XS:5|XS:10|S:10|M:10|L:10|XL:10"
41539,"2025-04-09 08:39:53.45","#SD1539",50.00,68.00,93.00,120.90,"2025-04-09","143781425","PO",4,,,,"","ALMA","SD1539A1",30022,6002,"2025-04-09","2025-05-09","USD",93.00,60,"3XS:5|2XS:5|XS:10|S:10|M:10|L:10|XL:10"
41540,"2025-04-09 08:39:53.45","#SD1540",50.00,68.00,93.00,120.90,"2025-04-09","143781425","PO",4,,,,"","ALMA","SD1540A1",30025,7002,"2025-04-09","2025-05-09","USD",93.00,60,"3XS:5|2XS:5|XS:10|S:10|M:10|L:10|XL:10"
41541,"2025-04-09 08:39:53.45","#SD1541",50.00,68.00,93.00,120.90,"2025-04-09","143781427","PO",4,,,,"","ALMA","SD1541A0",30026,1002,"2025-04-09","2025-05-09","USD",93.00,60,"3XS:5|2XS:5|XS:10|S:10|M:10|L:10|XL:10"
41542,"2025-04-09 08:39:53.45","#SD1542",50.00,68.00,93.00,120.90,"2025-04-09","143781427","PO",4,,,,"","ALMA","SD1542A1",30027,4002,"2025-04-09","2025-05-09","USD",93.00,60,"3XS:5|2XS:5|XS:10|S:10|M:10|L:10|XL:10"
41543,"2025-04-09 08:39:53.45","#SD1543",50.00,68.00,93.00,120.90,"2025-04-09","143781427","PO",4,,,,"","ALMA","SD1543A0",30029,5002,"2025-04-09","2025-05-09","USD",93.00,60,"3XS:5|2XS:5|XS:10|S:10|M:10|L:10|XL:10"
41544,"2025-04-09 08:39:53.45","#SD1544",50.00,68.00,93.00,120.90,"2025-04-09","143781427","PO",4,,,,"","ALMA","SD1544A1",30045,6002,"2025-04-09","2025-05-09","USD",93.00,60,"3XS:5|2XS:5|XS:10|S:10|M:10|L:10|XL:10"
41545,"2025-04-09 08:39:53.45","#SD1545",50.00,68.00,93.00,120.90,"2025-04-09","143781427","PO",4,,,,"","ALMA","SD1545A0",30047,7002,"2025-04-09","2025-05-09","USD",93.00,60,"3XS:5|2XS:5|XS:10|S:10|M:10|L:10|XL:10"
41546,"2025-04-09 08:39:53.45","#SD1546",50.00,68.00,93.00,120.90,"2025-04-09","143781431","PO",4,,,,"","ALMA","SD1546A1",30065,1002,"2025-04-09","2025-05-09","USD",93.00,60,"3XS:5|2XS:5|XS:10|S:10|M:10|L:10|XL:10"
41547,"2025-04-09 08:39:53.45","#SD1547",50.00,68.00,93.00,120.90,"2025-04-09","143781431","PO",4,,,,"","ALMA","SD1547A1",30069,4002,"2025-04-09","2025-05-09","USD",93.00,60,"3XS:5|2XS:5|XS:10|S:10|M:10|L:10|XL:10"
41548,"2025-04-09 08:39:53.45","#SD1548",50.00,68.00,93.00,120.90,"2025-04-09","143781431","PO",4,,,,"","ALMA","SD1548A0",30070,5002,"2025-04-09","2025-05-09","USD",93.00,60,"3XS:5|2XS:5|XS:10|S:10|M:10|L:10|XL:10"
41549,"2025-04-09 08:39:53.45","#SD1549",50.00,68.00,93.00,120.90,"2025-04-09","143781431","PO",4,,,,"","ALMA","SD1549A1",30071,6002,"2025-04-09","2025-05-09","USD",93.00,60,"3XS:5|2XS:5|XS:10|S:10|M:10|L:10|XL:10"
41550,"2025-04-09 08:39:53.45","#SD1550",50.00,68.00,93.00,120.90,"2025-04-09","143781431","PO",4,,,,"","ALMA","SD1550A0",30072,7002,"2025-04-09","2025-05-09","USD",93.00,60,"3XS:5|2XS:5|XS:10|S:10|M:10|L:10|XL:10"
41551,"2025-04-09 08:39:53.45","#SD1551",50.00,68.00,93.00,120.90,"2025-04-09","143781455","PO",4,,,,"","ALMA","SD1551A1",30073,1002,"2025-04-09","2025-05-09","USD",93.00,60,"3XS:5|2XS:5|XS:10|S:10|M:10|L:10|XL:10"
41552,"2025-04-09 08:39:53.45","#SD1552",50.00,68.00,93.00,120.90,"2025-04-09","143781455","PO",4,,,,"","ALMA","SD1552A0",30074,4002,"2025-04-09","2025-05-09","USD",93.00,60,"3XS:5|2XS:5|XS:10|S:10|M:10|L:10|XL:10"
41553,"2025-04-09 08:39:53.45","#SD1553",50.00,68.00,93.00,120.90,"2025-04-09","143781455","PO",4,,,,"","ALMA","SD1553A1",30075,5002,"2025-04-09","2025-05-09","USD",93.00,60,"3XS:5|2XS:5|XS:10|S:10|M:10|L:10|XL:10"
41554,"2025-04-09 08:39:53.45","#SD1554",50.00,68.00,93.00,120.90,"2025-04-09","143781455","PO",4,,,,"","ALMA","SD1554A1",30076,6002,"2025-04-09","2025-05-09","USD",93.00,60,"3XS:5|2XS:5|XS:10|S:10|M:10|L:10|XL:10"
41555,"2025-04-09 08:39:53.45","#SD1555",50.00,68.00,93.00,120.90,"2025-04-09","143781455","PO",4,,,,"","ALMA","SD1555A0",30077,7002,"2025-04-09","2025-05-09","USD",93.00,60,"3XS:5|2XS:5|XS:10|S:10|M:10|L:10|XL:10"
41556,"2025-04-09 08:39:53.45","#SD1556",50.00,68.00,93.00,120.90,"2025-04-09","143781456","PO",4,,,,"","ALMA","SD1556A1",30078,1002,"2025-04-09","2025-05-09","USD",93.00,60,"3XS:5|2XS:5|XS:10|S:10|M:10|L:10|XL:10"
41557,"2025-04-09 08:39:53.45","#SD1557",50.00,68.00,93.00,120.90,"2025-04-09","143781456","PO",4,,,,"","ALMA","SD1557A0",30079,4002,"2025-04-09","2025-05-09","USD",93.00,60,"3XS:5|2XS:5|XS:10|S:10|M:10|L:10|XL:10"
41558,"2025-04-09 08:39:53.45","#SD1558",50.00,68.00,93.00,120.90,"2025-04-09","143781456","PO",4,,,,"","ALMA","SD1558A1",30082,5002,"2025-04-09","2025-05-09","USD",93.00,60,"3XS:5|2XS:5|XS:10|S:10|M:10|L:10|XL:10"
41559,"2025-04-09 08:39:53.45","#SD1559",50.00,68.00,93.00,120.90,"2025-04-09","143781456","PO",4,,,,"","ALMA","SD1559A0",30083,6002,"2025-04-09","2025-05-09","USD",93.00,60,"3XS:5|2XS:5|XS:10|S:10|M:10|L:10|XL:10"
41560,"2025-04-09 08:39:53.45","#SD1560",50.00,68.00,93.00,120.90,"2025-04-09","143781456","PO",4,,,,"","ALMA","SD1560A1",30084,7002,"2025-04-09","2025-05-09","USD",93.00,60,"3XS:5|2XS:5|XS:10|S:10|M:10|L:10|XL:10"
41561,"2025-04-09 08:39:53.45","#SD1561",50.00,68.00,93.00,120.90,"2025-04-09","143781466","PO",4,,,,"","ALMA","SD1561A1",30085,1002,"2025-04-09","2025-05-09","USD",93.00,60,"3XS:5|2XS:5|XS:10|S:10|M:10|L:10|XL:10"
41562,"2025-04-09 08:39:53.45","#SD1562",50.00,68.00,93.00,120.90,"2025-04-09","143781466","PO",4,,,,"","ALMA","SD1562A0",30086,4002,"2025-04-09","2025-05-09","USD",93.00,60,"3XS:5|2XS:5|XS:10|S:10|M:10|L:10|XL:10"
41563,"2025-04-09 08:39:53.45","#SD1563",50.00,68.00,93.00,120.90,"2025-04-09","143781466","PO",4,,,,"","ALMA","SD1563A1",30087,5002,"2025-04-09","2025-05-09","USD",93.00,60,"3XS:5|2XS:5|XS:10|S:10|M:10|L:10|XL:10"
41564,"2025-04-09 08:39:53.45","#SD1564",50.00,68.00,93.00,120.90,"2025-04-09","143781466","PO",4,,,,"","ALMA","SD1564A0",30088,6002,"2025-04-09","2025-05-09","USD",93.00,60,"3XS:5|2XS:5|XS:10|S:10|M:10|L:10|XL:10"
41565,"2025-04-09 08:39:53.45","#SD1565",50.00,68.00,93.00,120.90,"2025-04-09","143781466","PO",4,,,,"","ALMA","SD1565A1",30089,7002,"2025-04-09","2025-05-09","USD",93.00,60,"3XS:5|2XS:5|XS:10|S:10|M:10|L:10|XL:10"
41566,"2025-04-09 08:39:53.45","#SD1566",50.00,68.00,93.00,120.90,"2025-04-09","143781483","PO",4,,,,"","ALMA","SD1566A0",30090,1002,"2025-04-09","2025-05-09","USD",93.00,60,"3XS:5|2XS:5|XS:10|S:10|M:10|L:10|XL:10"
41567,"2025-04-09 08:39:53.45","#SD1567",50.00,68.00,93.00,120.90,"2025-04-09","143781483","PO",4,,,,"","ALMA","SD1567A1",30013,4002,"2025-04-09","2025-05-09","USD",93.00,60,"3XS:5|2XS:5|XS:10|S:10|M:10|L:10|XL:10"
41568,"2025-04-09 08:39:53.45","#SD1568",50.00,68.00,93.00,120.90,"2025-04-09","143781483","PO",4,,,,"","ALMA","SD1568A1",30022,5002,"2025-04-09","2025-05-09","USD",93.00,60,"3XS:5|2XS:5|XS:10|S:10|M:10|L:10|XL:10"
41569,"2025-04-09 08:39:53.45","#SD1569",50.00,68.00,93.00,120.90,"2025-04-09","143781483","PO",4,,,,"","ALMA","SD1569A0",30025,6002,"2025-04-09","2025-05-09","USD",93.00,60,"3XS:5|2XS:5|XS:10|S:10|M:10|L:10|XL:10"
41570,"2025-04-09 08:39:53.45","#SD1570",50.00,68.00,93.00,120.90,"2025-04-09","143781483","PO",4,,,,"","ALMA","SD1570A1",30026,7002,"2025-04-09","2025-05-09","USD",93.00,60,"3XS:5|2XS:5|XS:10|S:10|M:10|L:10|XL:10"
41571,"2025-04-09 08:39:53.45","#SD1571",50.00,68.00,93.00,120.90,"2025-04-09","143781485","PO",4,,,,"","ALMA","SD1571A0",30027,1002,"2025-04-09","2025-05-09","USD",93.00,60,"3XS:5|2XS:5|XS:10|S:10|M:10|L:10|XL:10"
41572,"2025-04-09 08:39:53.45","#SD1572",50.00,68.00,93.00,120.90,"2025-04-09","143781485","PO",4,,,,"","ALMA","SD1572A1",30029,4002,"2025-04-09","2025-05-09","USD",93.00,60,"3XS:5|2XS:5|XS:10|S:10|M:10|L:10|XL:10"
41573,"2025-04-09 08:39:53.45","#SD1573",50.00,68.00,93.00,120.90,"2025-04-09","143781485","PO",4,,,,"","ALMA","SD1573A0",30045,5002,"2025-04-09","2025-05-09","USD",93.00,60,"3XS:5|2XS:5|XS:10|S:10|M:10|L:10|XL:10"
41574,"2025-04-09 08:39:53.45","#SD1574",50.00,68.00,93.00,120.90,"2025-04-09","143781485","PO",4,,,,"","ALMA","SD1574A1",30047,6002,"2025-04-09","2025-05-09","USD",93.00,60,"3XS:5|2XS:5|XS:10|S:10|M:10|L:10|XL:10"
41575,"2025-04-09 08:39:53.45","#SD1575",50.00,68.00,93.00,120.90,"2025-04-09","143781485","PO",4,,,,"","ALMA","SD1575A1",30065,7002,"2025-04-09","2025-05-09","USD",93.00,60,"3XS:5|2XS:5|XS:10|S:10|M:10|L:10|XL:10"
41576,"2025-04-09 08:39:53.45","#SD1576",50.00,68.00,93.00,120.90,"2025-04-09","143781490","PO",4,,,,"","ALMA","SD1576A0",30069,1002,"2025-04-09","2025-05-09","USD",93.00,60,"3XS:5|2XS:5|XS:10|S:10|M:10|L:10|XL:10"
41577,"2025-04-09 08:39:53.45","#SD1577",50.00,68.00,93.00,120.90,"2025-04-09","143781490","PO",4,,,,"","ALMA","SD1577A1",30070,4002,"2025-04-09","2025-05-09","USD",93.00,60,"3XS:5|2XS:5|XS:10|S:10|M:10|L:10|XL:10"
41578,"2025-04-09 08:39:53.45","#SD1578",50.00,68.00,93.00,120.90,"2025-04-09","143781490","PO",4,,,,"","ALMA","SD1578A0",30071,5002,"2025-04-09","2025-05-09","USD",93.00,60,"3XS:5|2XS:5|XS:10|S:10|M:10|L:10|XL:10"
41579,"2025-04-09 08:39:53.45","#SD1579",50.00,68.00,93.00,120.90,"2025-04-09","143781490","PO",4,,,,"","ALMA","SD1579A1",30072,6002,"2025-04-09","2025-05-09","USD",93.00,60,"3XS:5|2XS:5|XS:10|S:10|M:10|L:10|XL:10"
41580,"2025-04-09 08:39:53.45","#SD1580",50.00,68.00,93.00,120.90,"2025-04-09","143781490","PO",4,,,,"","ALMA","SD1580A0",30073,7002,"2025-04-09","2025-05-09","USD",93.00,60,"3XS:5|2XS:5|XS:10|S:10|M:10|L:10|XL:10"
41581,"2025-04-09 08:39:53.45","#SD1581",50.00,68.00,93.00,120.90,"2025-04-09","143781501","PO",4,,,,"","ALMA","SD1581A1",30074,1002,"2025-04-09","2025-05-09","USD",93.00,60,"3XS:5|2XS:5|XS:10|S:10|M:10|L:10|XL:10"
41582,"2025-04-09 08:39:53.45","#SD1582",50.00,68.00,93.00,120.90,"2025-04-09","143781501","PO",4,,,,"","ALMA","SD1582A1",30075,4002,"2025-04-09","2025-05-09","USD",93.00,60,"3XS:5|2XS:5|XS:10|S:10|M:10|L:10|XL:10"
41583,"2025-04-09 08:39:53.45","#SD1583",50.00,68.00,93.00,120.90,"2025-04-09","143781501","PO",4,,,,"","ALMA","SD1583A0",30076,5002,"2025-04-09","2025-05-09","USD",93.00,60,"3XS:5|2XS:5|XS:10|S:10|M:10|L:10|XL:10"
41584,"2025-04-09 08:39:53.45","#SD1584",50.00,68.00,93.00,120.90,"2025-04-09","143781501","PO",4,,,,"","ALMA","SD1584A1",30077,6002,"2025-04-09","2025-05-09","USD",93.00,60,"3XS:5|2XS:5|XS:10|S:10|M:10|L:10|XL:10"
41585,"2025-04-09 08:39:53.45","#SD1585",50.00,68.00,93.00,120.90,"2025-04-09","143781501","PO",4,,,,"","ALMA","SD1585A0",30078,7002,"2025-04-09","2025-05-09","USD",93.00,60,"3XS:5|2XS:5|XS:10|S:10|M:10|L:10|XL:10"
41586,"2025-04-09 08:39:53.45","#SD1586",50.00,68.00,93.00,120.90,"2025-04-09","143781546","PO",4,,,,"","ALMA","SD1586A1",30079,1002,"2025-04-09","2025-05-09","USD",93.00,60,"3XS:5|2XS:5|XS:10|S:10|M:10|L:10|XL:10"
41587,"2025-04-09 08:39:53.45","#SD1587",50.00,68.00,93.00,120.90,"2025-04-09","143781546","PO",4,,,,"","ALMA","SD1587A0",30082,4002,"2025-04-09","2025-05-09","USD",93.00,60,"3XS:5|2XS:5|XS:10|S:10|M:10|L:10|XL:10"
41588,"2025-04-09 08:39:53.45","#SD1588",50.00,68.00,93.00,120.90,"2025-04-09","143781546","PO",4,,,,"","ALMA","SD1588A1",30083,5002,"2025-04-09","2025-05-09","USD",93.00,60,"3XS:5|2XS:5|XS:10|S:10|M:10|L:10|XL:10"
41589,"2025-04-09 08:39:53.45","#SD1589",50.00,68.00,93.00,120.90,"2025-04-09","143781546","PO",4,,,,"","ALMA","SD1589A1",30084,6002,"2025-04-09","2025-05-09","USD",93.00,60,"3XS:5|2XS:5|XS:10|S:10|M:10|L:10|XL:10"
41590,"2025-04-09 08:39:53.45","#SD1590",50.00,68.00,93.00,120.90,"2025-04-09","143781546","PO",4,,,,"","ALMA","SD1590A0",30085,7002,"2025-04-09","2025-05-09","USD",93.00,60,"3XS:5|2XS:5|XS:10|S:10|M:10|L:10|XL:10"
41591,"2025-04-09 08:39:53.45","#SD1591",50.00,68.00,93.00,120.90,"2025-04-09","143781547","PO",4,,,,"","ALMA","SD1591A1",30086,1002,"2025-04-09","2025-05-09","USD",93.00,60,"3XS:5|2XS:5|XS:10|S:10|M:10|L:10|XL:10"
41592,"2025-04-09 08:39:53.45","#SD1592",50.00,68.00,93.00,120.90,"2025-04-09","143781547","PO",4,,,,"","ALMA","SD1592A0",30087,4002,"2025-04-09","2025-05-09","USD",93.00,60,"3XS:5|2XS:5|XS:10|S:10|M:10|L:10|XL:10"
41593,"2025-04-09 08:39:53.45","#SD1593",50.00,68.00,93.00,120.90,"2025-04-09","143781547","PO",4,,,,"","ALMA","SD1593A1",30088,5002,"2025-04-09","2025-05-09","USD",93.00,60,"3XS:5|2XS:5|XS:10|S:10|M:10|L:10|XL:10"
41594,"2025-04-09 08:39:53.45","#SD1594",50.00,68.00,93.00,120.90,"2025-04-09","143781547","PO",4,,,,"","ALMA","SD1594A0",30089,6002,"2025-04-09","2025-05-09","USD",93.00,60,"3XS:5|2XS:5|XS:10|S:10|M:10|L:10|XL:10"
41595,"2025-04-09 08:39:53.45","#SD1595",50.00,68.00,93.00,120.90,"2025-04-09","143781547","PO",4,,,,"","ALMA","SD1595A1",30090,7002,"2025-04-09","2025-05-09","USD",93.00,60,"3XS:5|2XS:5|XS:10|S:10|M:10|L:10|XL:10"
41596,"2025-04-09 08:39:53.45","#SD1596",50.00,68.00,93.00,120.90,"2025-04-09","143781548","PO",4,,,,"","ALMA","SD1596A1",30013,1002,"2025-04-09","2025-05-09","USD",93.00,60,"3XS:5|2XS:5|XS:10|S:10|M:10|L:10|XL:10"
41597,"2025-04-09 08:39:53.45","#SD1597",50.00,68.00,93.00,120.90,"2025-04-09","143781548","PO",4,,,,"","ALMA","SD1597A0",30022,4002,"2025-04-09","2025-05-09","USD",93.00,60,"3XS:5|2XS:5|XS:10|S:10|M:10|L:10|XL:10"
41598,"2025-04-09 08:39:53.45","#SD1598",50.00,68.00,93.00,120.90,"2025-04-09","143781548","PO",4,,,,"","ALMA","SD1598A1",30025,5002,"2025-04-09","2025-05-09","USD",93.00,60,"3XS:5|2XS:5|XS:10|S:10|M:10|L:10|XL:10"
41599,"2025-04-09 08:39:53.45","#SD1599",50.00,68.00,93.00,120.90,"2025-04-09","143781548","PO",4,,,,"","ALMA","SD1599A0",30026,6002,"2025-04-09","2025-05-09","USD",93.00,60,"3XS:5|2XS:5|XS:10|S:10|M:10|L:10|XL:10"
41600,"2025-04-09 08:39:53.45","#SD1600",50.00,68.00,93.00,120.90,"2025-04-09","143781548","PO",4,,,,"","ALMA","SD1600A1",30027,7002,"2025-04-09","2025-05-09","USD",93.00,60,"3XS:5|2XS:5|XS:10|S:10|M:10|L:10|XL:10"
41601,"2025-04-09 08:39:53.45","#SD1601",50.00,68.00,93.00,120.90,"2025-04-09","143781549","PO",4,,,,"","ALMA","SD1601A0",30029,1002,"2025-04-09","2025-05-09","USD",93.00,60,"3XS:5|2XS:5|XS:10|S:10|M:10|L:10|XL:10"
41602,"2025-04-09 08:39:53.45","#SD1602",50.00,68.00,93.00,120.90,"2025-04-09","143781549","PO",4,,,,"","ALMA","SD1602A1",30045,4002,"2025-04-09","2025-05-09","USD",93.00,60,"3XS:5|2XS:5|XS:10|S:10|M:10|L:10|XL:10"
41603,"2025-04-09 08:39:53.45","#SD1603",50.00,68.00,93.00,120.90,"2025-04-09","143781549","PO",4,,,,"","ALMA","SD1603A1",30047,5002,"2025-04-09","2025-05-09","USD",93.00,60,"3XS:5|2XS:5|XS:10|S:10|M:10|L:10|XL:10"
41604,"2025-04-09 08:39:53.45","#SD1604",50.00,68.00,93.00,120.90,"2025-04-09","143781549","PO",4,,,,"","ALMA","SD1604A0",30065,6002,"2025-04-09","2025-05-09","USD",93.00,60,"3XS:5|2XS:5|XS:10|S:10|M:10|L:10|XL:10"
41605,"2025-04-09 08:39:53.45","#SD1605",50.00,68.00,93.00,120.90,"2025-04-09","143781549","PO",4,,,,"","ALMA","SD1605A1",30069,7002,"2025-04-09","2025-05-09","USD",93.00,60,"3XS:5|2XS:5|XS:10|S:10|M:10|L:10|XL:10"
41606,"2025-04-09 08:39:53.45","#SD1606",50.00,68.00,93.00,120.90,"2025-04-09","143781550","PO",4,,,,"","ALMA","SD1606A0",30070,1002,"2025-04-09","2025-05-09","USD",93.00,60,"3XS:5|2XS:5|XS:10|S:10|M:10|L:10|XL:10"
41607,"2025-04-09 08:39:53.45","#SD1607",50.00,68.00,93.00,120.90,"2025-04-09","143781550","PO",4,,,,"","ALMA","SD1607A1",30071,4002,"2025-04-09","2025-05-09","USD",93.00,60,"3XS:5|2XS:5|XS:10|S:10|M:10|L:10|XL:10"
41608,"2025-04-09 08:39:53.45","#SD1608",50.00,68.00,93.00,120.90,"2025-04-09","143781550","PO",4,,,,"","ALMA","SD1608A0",30072,5002,"2025-04-09","2025-05-09","USD",93.00,60,"3XS:5|2XS:5|XS:10|S:10|M:10|L:10|XL:10"
41609,"2025-04-09 08:39:53.45","#SD1609",50.00,68.00,93.00,120.90,"2025-04-09","143781550","PO",4,,,,"","ALMA","SD1609A1",30073,6002,"2025-04-09","2025-05-09","USD",93.00,60,"3XS:5|2XS:5|XS:10|S:10|M:10|L:10|XL:10"
41610,"2025-04-09 08:39:53.45","#SD1610",50.00,68.00,93.00,120.90,"2025-04-09","143781550","PO",4,,,,"","ALMA","SD1610A1",30074,7002,"2025-04-09","2025-05-09","USD",93.00,60,"3XS:5|2XS:5|XS:10|S:10|M:10|L:10|XL:10"
41611,"2025-04-09 08:39:53.45","#SD1611",50.00,68.00,93.00,120.90,"2025-04-09","143781560","PO",4,,,,"","ALMA","SD1611A0",30075,1002,"2025-04-09","2025-05-09","USD",93.00,60,"3XS:5|2XS:5|XS:10|S:10|M:10|L:10|XL:10"
41612,"2025-04-09 08:39:53.45","#SD1612",50.00,68.00,93.00,120.90,"2025-04-09","143781560","PO",4,,,,"","ALMA","SD1612A1",30076,4002,"2025-04-09","2025-05-09","USD",93.00,60,"3XS:5|2XS:5|XS:10|S:10|M:10|L:10|XL:10"
41613,"2025-04-09 08:39:53.45","#SD1613",50.00,68.00,93.00,120.90,"2025-04-09","143781560","PO",4,,,,"","ALMA","SD1613A0",30077,5002,"2025-04-09","2025-05-09","USD",93.00,60,"3XS:5|2XS:5|XS:10|S:10|M:10|L:10|XL:10"
41614,"2025-04-09 08:39:53.45","#SD1614",50.00,68.00,93.00,120.90,"2025-04-09","143781560","PO",4,,,,"","ALMA","SD1614A1",30078,6002,"2025-04-09","2025-05-09","USD",93.00,60,"3XS:5|2XS:5|XS:10|S:10|M:10|L:10|XL:10"
41615,"2025-04-09 08:39:53.45","#SD1615",50.00,68.00,93.00,120.90,"2025-04-09","143781560","PO",4,,,,"","ALMA","SD1615A0",30079,7002,"2025-04-09","2025-05-09","USD",93.00,60,"3XS:5|2XS:5|XS:10|S:10|M:10|L:10|XL:10"
41616,"2025-04-09 08:39:53.45","#SD1616",50.00,68.00,93.00,120.90,"2025-04-09","143781563","PO",4,,,,"","ALMA","SD1616A1",30082,1002,"2025-04-09","2025-05-09","USD",93.00,60,"3XS:5|2XS:5|XS:10|S:10|M:10|L:10|XL:10"
41617,"2025-04-09 08:39:53.45","#SD1617",50.00,68.00,93.00,120.90,"2025-04-09","143781563","PO",4,,,,"","ALMA","SD1617A1",30083,4002,"2025-04-09","2025-05-09","USD",93.00,60,"3XS:5|2XS:5|XS:10|S:10|M:10|L:10|XL:10"
41618,"2025-04-09 08:39:53.45","#SD1618",50.00,68.00,93.00,120.90,"2025-04-09","143781563","PO",4,,,,"","ALMA","SD1618A0",30084,5002,"2025-04-09","2025-05-09","USD",93.00,60,"3XS:5|2XS:5|XS:10|S:10|M:10|L:10|XL:10"
41619,"2025-04-09 08:39:53.45","#SD1619",50.00,68.00,93.00,120.90,"2025-04-09","143781563","PO",4,,,,"","ALMA","SD1619A1",30085,6002,"2025-04-09","2025-05-09","USD",93.00,60,"3XS:5|2XS:5|XS:10|S:10|M:10|L:10|XL:10"
41620,"2025-04-09 08:39:53.45","#SD1620",50.00,68.00,93.00,120.90,"2025-04-09","143781563","PO",4,,,,"","ALMA","SD1620A0",30086,7002,"2025-04-09","2025-05-09","USD",93.00,60,"3XS:5|2XS:5|XS:10|S:10|M:10|L:10|XL:10"
41621,"2025-04-09 08:39:53.45","#SD1621",50.00,68.00,93.00,120.90,"2025-04-09","143781575","PO",4,,,,"","ALMA","SD1621A1",30087,1002,"2025-04-09","2025-05-09","USD",93.00,60,"3XS:5|2XS:5|XS:10|S:10|M:10|L:10|XL:10"
41622,"2025-04-09 08:39:53.45","#SD1622",50.00,68.00,93.00,120.90,"2025-04-09","143781575","PO",4,,,,"","ALMA","SD1622A0",30088,4002,"2025-04-09","2025-05-09","USD",93.00,60,"3XS:5|2XS:5|XS:10|S:10|M:10|L:10|XL:10"
41623,"2025-04-09 08:39:53.45","#SD1623",50.00,68.00,93.00,120.90,"2025-04-09","143781575","PO",4,,,,"","ALMA","SD1623A1",30089,5002,"2025-04-09","2025-05-09","USD",93.00,60,"3XS:5|2XS:5|XS:10|S:10|M:10|L:10|XL:10"
41624,"2025-04-09 08:39:53.45","#SD1624",50.00,68.00,93.00,120.90,"2025-04-09","143781575","PO",4,,,,"","ALMA","SD1624A1",30090,6002,"2025-04-09","2025-05-09","USD",93.00,60,"3XS:5|2XS:5|XS:10|S:10|M:10|L:10|XL:10"
41625,"2025-04-09 08:39:53.45","#SD1625",50.00,68.00,93.00,120.90,"2025-04-09","143781575","PO",4,,,,"","ALMA","SD1625A0",30013,7002,"2025-04-09","2025-05-09","USD",93.00,60,"3XS:5|2XS:5|XS:10|S:10|M:10|L:10|XL:10"
41626,"2025-04-09 08:39:53.45","#SD1626",50.00,68.00,93.00,120.90,"2025-04-09","143781589","PO",4,,,,"","ALMA","SD1626A1",30022,1002,"2025-04-09","2025-05-09","USD",93.00,60,"3XS:5|2XS:5|XS:10|S:10|M:10|L:10|XL:10"
41627,"2025-04-09 08:39:53.45","#SD1627",50.00,68.00,93.00,120.90,"2025-04-09","143781589","PO",4,,,,"","ALMA","SD1627A0",30025,4002,"2025-04-09","2025-05-09","USD",93.00,60,"3XS:5|2XS:5|XS:10|S:10|M:10|L:10|XL:10"
41628,"2025-04-09 08:39:53.45","#SD1628",50.00,68.00,93.00,120.90,"2025-04-09","143781589","PO",4,,,,"","ALMA","SD1628A1",30026,5002,"2025-04-09","2025-05-09","USD",93.00,60,"3XS:5|2XS:5|XS:10|S:10|M:10|L:10|XL:10"
41629,"2025-04-09 08:39:53.45","#SD1629",50.00,68.00,93.00,120.90,"2025-04-09","143781589","PO",4,,,,"","ALMA","SD1629A0",30027,6002,"2025-04-09","2025-05-09","USD",93.00,60,"3XS:5|2XS:5|XS:10|S:10|M:10|L:10|XL:10"
41630,"2025-04-09 08:39:53.45","#SD1630",50.00,68.00,93.00,120.90,"2025-04-09","143781589","PO",4,,,,"","ALMA","SD1630A1",30029,7002,"2025-04-09","2025-05-09","USD",93.00,60,"3XS:5|2XS:5|XS:10|S:10|M:10|L:10|XL:10"
41631,"2025-04-09 08:39:53.45","#SD1631",50.00,68.00,93.00,120.90,"2025-04-09","143781592","PO",4,,,,"","ALMA","SD1631A1",30045,1002,"2025-04-09","2025-05-09","USD",93.00,60,"3XS:5|2XS:5|XS:10|S:10|M:10|L:10|XL:10"
41632,"2025-04-09 08:39:53.45","#SD1632",50.00,68.00,93.00,120.90,"2025-04-09","143781592","PO",4,,,,"","ALMA","SD1632A0",30047,4002,"2025-04-09","2025-05-09","USD",93.00,60,"3XS:5|2XS:5|XS:10|S:10|M:10|L:10|XL:10"
41633,"2025-04-09 08:39:53.45","#SD1633",50.00,68.00,93.00,120.90,"2025-04-09","143781592","PO",4,,,,"","ALMA","SD1633A1",30065,5002,"2025-04-09","2025-05-09","USD",93.00,60,"3XS:5|2XS:5|XS:10|S:10|M:10|L:10|XL:10"
41634,"2025-04-09 08:39:53.45","#SD1634",50.00,68.00,93.00,120.90,"2025-04-09","143781592","PO",4,,,,"","ALMA","SD1634A0",30069,6002,"2025-04-09","2025-05-09","USD",93.00,60,"3XS:5|2XS:5|XS:10|S:10|M:10|L:10|XL:10"
41635,"2025-04-09 08:39:53.45","#SD1635",50.00,68.00,93.00,120.90,"2025-04-09","143781592","PO",4,,,,"","ALMA","SD1635A1",30070,7002,"2025-04-09","2025-05-09","USD",93.00,60,"3XS:5|2XS:5|XS:10|S:10|M:10|L:10|XL:10"
41636,"2025-04-09 08:39:53.45","#SD1636",50.00,68.00,93.00,120.90,"2025-04-09","143781596","PO",4,,,,"","ALMA","SD1636A0",30071,1002,"2025-04-09","2025-05-09","USD",93.00,60,"3XS:5|2XS:5|XS:10|S:10|M:10|L:10|XL:10"
41637,"2025-04-09 08:39:53.45","#SD1637",50.00,68.00,93.00,120.90,"2025-04-09","143781596","PO",4,,,,"","ALMA","SD1637A1",30072,4002,"2025-04-09","2025-05-09","USD",93.00,60,"3XS:5|2XS:5|XS:10|S:10|M:10|L:10|XL:10"
41638,"2025-04-09 08:39:53.45","#SD1638",50.00,68.00,93.00,120.90,"2025-04-09","143781596","PO",4,,,,"","ALMA","SD1638A1",30073,5002,"2025-04-09","2025-05-09","USD",93.00,60,"3XS:5|2XS:5|XS:10|S:10|M:10|L:10|XL:10"
41639,"2025-04-09 08:39:53.45","#SD1639",50.00,68.00,93.00,120.90,"2025-04-09","143781596","PO",4,,,,"","ALMA","SD1639A0",30074,6002,"2025-04-09","2025-05-09","USD",93.00,60,"3XS:5|2XS:5|XS:10|S:10|M:10|L:10|XL:10"
41640,"2025-04-09 08:39:53.45","#SD1640",50.00,68.00,93.00,120.90,"2025-04-09","143781596","PO",4,,,,"","ALMA","SD1640A1",30075,7002,"2025-04-09","2025-05-09","USD",93.00,60,"3XS:5|2XS:5|XS:10|S:10|M:10|L:10|XL:10"
41641,"2025-04-09 08:39:53.45","#SD1641",50.00,68.00,93.00,120.90,"2025-04-09","143781606","PO",4,,,,"","ALMA","SD1641A0",30076,1002,"2025-04-09","2025-05-09","USD",93.00,60,"3XS:5|2XS:5|XS:10|S:10|M:10|L:10|XL:10"
41642,"2025-04-09 08:39:53.45","#SD1642",50.00,68.00,93.00,120.90,"2025-04-09","143781606","PO",4,,,,"","ALMA","SD1642A1",30077,4002,"2025-04-09","2025-05-09","USD",93.00,60,"3XS:5|2XS:5|XS:10|S:10|M:10|L:10|XL:10"
41643,"2025-04-09 08:39:53.45","#SD1643",50.00,68.00,93.00,120.90,"2025-04-09","143781606","PO",4,,,,"","ALMA","SD1643A0",30078,5002,"2025-04-09","2025-05-09","USD",93.00,60,"3XS:5|2XS:5|XS:10|S:10|M:10|L:10|XL:10"
41644,"2025-04-09 08:39:53.45","#SD1644",50.00,68.00,93.00,120.90,"2025-04-09","143781606","PO",4,,,,"","ALMA","SD1644A1",30079,6002,"2025-04-09","2025-05-09","USD",93.00,60,"3XS:5|2XS:5|XS:10|S:10|M:10|L:10|XL:10"
41645,"2025-04-09 08:39:53.45","#SD1645",50.00,68.00,93.00,120.90,"2025-04-09","143781606","PO",4,,,,"","ALMA","SD1645A1",30082,7002,"2025-04-09","2025-05-09","USD",93.00,60,"3XS:5|2XS:5|XS:10|S:10|M:10|L:10|XL:10"
41646,"2025-04-09 08:39:53.45","#SD1646",50.00,68.00,93.00,120.90,"2025-04-09","143781609","PO",4,,,,"","ALMA","SD1646A0",30083,1002,"2025-04-09","2025-05-09","USD",93.00,60,"3XS:5|2XS:5|XS:10|S:10|M:10|L:10|XL:10"
41647,"2025-04-09 08:39:53.45","#SD1647",50.00,68.00,93.00,120.90,"2025-04-09","143781609","PO",4,,,,"","ALMA","SD1647A1",30084,4002,"2025-04-09","2025-05-09","USD",93.00,60,"3XS:5|2XS:5|XS:10|S:10|M:10|L:10|XL:10"
41648,"2025-04-09 08:39:53.45","#SD1648",50.00,68.00,93.00,120.90,"2025-04-09","143781609","PO",4,,,,"","ALMA","SD1648A0",30085,5002,"2025-04-09","2025-05-09","USD",93.00,60,"3XS:5|2XS:5|XS:10|S:10|M:10|L:10|XL:10"
41649,"2025-04-09 08:39:53.45","#SD1649",50.00,68.00,93.00,120.90,"2025-04-09","143781609","PO",4,,,,"","ALMA","SD1649A1",30086,6002,"2025-04-09","2025-05-09","USD",93.00,60,"3XS:5|2XS:5|XS:10|S:10|M:10|L:10|XL:10"
41650,"2025-04-09 08:39:53.45","#SD1650",50.00,68.00,93.00,120.90,"2025-04-09","143781609","PO",4,,,,"","ALMA","SD1650A0",30087,7002,"2025-04-09","2025-05-09","USD",93.00,60,"3XS:5|2XS:5|XS:10|S:10|M:10|L:10|XL:10"
41651,"2025-04-09 08:39:53.45","#SD1651",50.00,68.00,93.00,120.90,"2025-04-09","143781610","PO",4,,,,"","ALMA","SD1651A1",30088,1002,"2025-04-09","2025-05-09","USD",93.00,60,"3XS:5|2XS:5|XS:10|S:10|M:10|L:10|XL:10"
41652,"2025-04-09 08:39:53.45","#SD1652",50.00,68.00,93.00,120.90,"2025-04-09","143781610","PO",4,,,,"","ALMA","SD1652A1",30089,4002,"2025-04-09","2025-05-09","USD",93.00,60,"3XS:5|2XS:5|XS:10|S:10|M:10|L:10|XL:10"
41653,"2025-04-09 08:39:53.45","#SD1653",50.00,68.00,93.00,120.90,"2025-04-09","143781610","PO",4,,,,"","ALMA","SD1653A0",30090,5002,"2025-04-09","2025-05-09","USD",93.00,60,"3XS:5|2XS:5|XS:10|S:10|M:10|L:10|XL:10"
41654,"2025-04-09 08:39:53.45","#SD1654",50.00,68.00,93.00,120.90,"2025-04-09","143781610","PO",4,,,,"","ALMA","SD1654A1",30013,6002,"2025-04-09","2025-05-09","USD",93.00,60,"3XS:5|2XS:5|XS:10|S:10|M:10|L:10|XL:10"
41655,"2025-04-09 08:39:53.45","#SD1655",50.00,68.00,93.00,120.90,"2025-04-09","143781610","PO",4,,,,"","ALMA","SD1655A0",30022,7002,"2025-04-09","2025-05-09","USD",93.00,60,"3XS:5|2XS:5|XS:10|S:10|M:10|L:10|XL:10"
41656,"2025-04-09 08:39:53.45","#SD1656",50.00,68.00,93.00,120.90,"2025-04-09","143781617","PO",4,,,,"","ALMA","SD1656A1",30025,1002,"2025-04-09","2025-05-09","USD",93.00,60,"3XS:5|2XS:5|XS:10|S:10|M:10|L:10|XL:10"
41657,"2025-04-09 08:39:53.45","#SD1657",50.00,68.00,93.00,120.90,"2025-04-09","143781617","PO",4,,,,"","ALMA","SD1657A0",30026,4002,"2025-04-09","2025-05-09","USD",93.00,60,"3XS:5|2XS:5|XS:10|S:10|M:10|L:10|XL:10"
41658,"2025-04-09 08:39:53.45","#SD1658",50.00,68.00,93.00,120.90,"2025-04-09","143781617","PO",4,,,,"","ALMA","SD1658A1",30027,5002,"2025-04-09","2025-05-09","USD",93.00,60,"3XS:5|2XS:5|XS:10|S:10|M:10|L:10|XL:10"
41659,"2025-04-09 08:39:53.45","#SD1659",50.00,68.00,93.00,120.90,"2025-04-09","143781617","PO",4,,,,"","ALMA","SD1659A1",30029,6002,"2025-04-09","2025-05-09","USD",93.00,60,"3XS:5|2XS:5|XS:10|S:10|M:10|L:10|XL:10"
41660,"2025-04-09 08:39:53.45","#SD1660",50.00,68.00,93.00,120.90,"2025-04-09","143781617","PO",4,,,,"","ALMA","SD1660A0",30045,7002,"2025-04-09","2025-05-09","USD",93.00,60,"3XS:5|2XS:5|XS:10|S:10|M:10|L:10|XL:10"
41661,"2025-04-09 08:39:53.45","#SD1661",50.00,68.00,93.00,120.90,"2025-04-09","143781622","PO",4,,,,"","ALMA","SD1661A1",30047,1002,"2025-04-09","2025-05-09","USD",93.00,60,"3XS:5|2XS:5|XS:10|S:10|M:10|L:10|XL:10"
41662,"2025-04-09 08:39:53.45","#SD1662",50.00,68.00,93.00,120.90,"2025-04-09","143781622","PO",4,,,,"","ALMA","SD1662A0",30065,4002,"2025-04-09","2025-05-09","USD",93.00,60,"3XS:5|2XS:5|XS:10|S:10|M:10|L:10|XL:10"
41663,"2025-04-09 08:39:53.45","#SD1663",50.00,68.00,93.00,120.90,"2025-04-09","143781622","PO",4,,,,"","ALMA","SD1663A1",30069,5002,"2025-04-09","2025-05-09","USD",93.00,60,"3XS:5|2XS:5|XS:10|S:10|M:10|L:10|XL:10"
41664,"2025-04-09 08:39:53.45","#SD1664",50.00,68.00,93.00,120.90,"2025-04-09","143781622","PO",4,,,,"","ALMA","SD1664A0",30070,6002,"2025-04-09","2025-05-09","USD",93.00,60,"3XS:5|2XS:5|XS:10|S:10|M:10|L:10|XL:10"
41665,"2025-04-09 08:39:53.45","#SD1665",50.00,68.00,93.00,120.90,"2025-04-09","143781622","PO",4,,,,"","ALMA","SD1665A1",30071,7002,"2025-04-09","2025-05-09","USD",93.00,60,"3XS:5|2XS:5|XS:10|S:10|M:10|L:10|XL:10"
41666,"2025-04-09 08:39:53.45","#SD1666",50.00,68.00,93.00,120.90,"2025-04-09","143781624","PO",4,,,,"","ALMA","SD1666A1",30072,1002,"2025-04-09","2025-05-09","USD",93.00,60,"3XS:5|2XS:5|XS:10|S:10|M:10|L:10|XL:10"
41667,"2025-04-09 08:39:53.45","#SD1667",50.00,68.00,93.00,120.90,"2025-04-09","143781624","PO",4,,,,"","ALMA","SD1667A0",30073,4002,"2025-04-09","2025-05-09","USD",93.00,60,"3XS:5|2XS:5|XS:10|S:10|M:10|L:10|XL:10"
41668,"2025-04-09 08:39:53.45","#SD1668",50.00,68.00,93.00,120.90,"2025-04-09","143781624","PO",4,,,,"","ALMA","SD1668A1",30074,5002,"2025-04-09","2025-05-09","USD",93.00,60,"3XS:5|2XS:5|XS:10|S:10|M:10|L:10|XL:10"
41669,"2025-04-09 08:39:53.45","#SD1669",50.00,68.00,93.00,120.90,"2025-04-09","143781624","PO",4,,,,"","ALMA","SD1669A0",30075,6002,"2025-04-09","2025-05-09","USD",93.00,60,"3XS:5|2XS:5|XS:10|S:10|M:10|L:10|XL:10"
41670,"2025-04-09 08:39:53.45","#SD1670",50.00,68.00,93.00,120.90,"2025-04-09","143781624","PO",4,,,,"","ALMA","SD1670A1",30076,7002,"2025-04-09","2025-05-09","USD",93.00,60,"3XS:5|2XS:5|XS:10|S:10|M:10|L:10|XL:10"
41671,"2025-04-09 08:39:53.45","#SD1671",50.00,68.00,93.00,120.90,"2025-04-09","143781628","PO",4,,,,"","ALMA","SD1671A0",30077,1002,"2025-04-09","2025-05-09","USD",93.00,60,"3XS:5|2XS:5|XS:10|S:10|M:10|L:10|XL:10"
41672,"2025-04-09 08:39:53.45","#SD1672",50.00,68.00,93.00,120.90,"2025-04-09","143781628","PO",4,,,,"","ALMA","SD1672A1",30078,4002,"2025-04-09","2025-05-09","USD",93.00,60,"3XS:5|2XS:5|XS:10|S:10|M:10|L:10|XL:10"
41673,"2025-04-09 08:39:53.45","#SD1673",50.00,68.00,93.00,120.90,"2025-04-09","143781628","PO",4,,,,"","ALMA","SD1673A1",30079,5002,"2025-04-09","2025-05-09","USD",93.00,60,"3XS:5|2XS:5|XS:10|S:10|M:10|L:10|XL:10"
41674,"2025-04-09 08:39:53.45","#SD1674",50.00,68.00,93.00,120.90,"2025-04-09","143781628","PO",4,,,,"","ALMA","SD1674A0",30082,6002,"2025-04-09","2025-05-09","USD",93.00,60,"3XS:5|2XS:5|XS:10|S:10|M:10|L:10|XL:10"
41675,"2025-04-09 08:39:53.45","#SD1675",50.00,68.00,93.00,120.90,"2025-04-09","143781628","PO",4,,,,"","ALMA","SD1675A1",30083,7002,"2025-04-09","2025-05-09","USD",93.00,60,"3XS:5|2XS:5|XS:10|S:10|M:10|L:10|XL:10"
41676,"2025-04-09 08:39:53.45","#SD1676",50.00,68.00,93.00,120.90,"2025-04-09","143781647","PO",4,,,,"","ALMA","SD1676A0",30084,1002,"2025-04-09","2025-05-09","USD",93.00,60,"3XS:5|2XS:5|XS:10|S:10|M:10|L:10|XL:10"
41677,"2025-04-09 08:39:53.45","#SD1677",50.00,68.00,93.00,120.90,"2025-04-09","143781647","PO",4,,,,"","ALMA","SD1677A1",30085,4002,"2025-04-09","2025-05-09","USD",93.00,60,"3XS:5|2XS:5|XS:10|S:10|M:10|L:10|XL:10"
41678,"2025-04-09 08:39:53.45","#SD1678",50.00,68.00,93.00,120.90,"2025-04-09","143781647","PO",4,,,,"","ALMA","SD1678A0",30086,5002,"2025-04-09","2025-05-09","USD",93.00,60,"3XS:5|2XS:5|XS:10|S:10|M:10|L:10|XL:10"
41679,"2025-04-09 08:39:53.45","#SD1679",50.00,68.00,93.00,120.90,"2025-04-09","143781647","PO",4,,,,"","ALMA","SD1679A1",30087,6002,"2025-04-09","2025-05-09","USD",93.00,60,"3XS:5|2XS:5|XS:10|S:10|M:10|L:10|XL:10"
41680,"2025-04-09 08:39:53.45","#SD1680",50.00,68.00,93.00,120.90,"2025-04-09","143781647","PO",4,,,,"","ALMA","SD1680A1",30088,7002,"2025-04-09","2025-05-09","USD",93.00,60,"3XS:5|2XS:5|XS:10|S:10|M:10|L:10|XL:10"
41681,"2025-04-09 08:39:53.45","#SD1681",50.00,68.00,93.00,120.90,"2025-04-09","143781656","PO",4,,,,"","ALMA","SD1681A0",30089,1002,"2025-04-09","2025-05-09","USD",93.00,60,"3XS:5|2XS:5|XS:10|S:10|M:10|L:10|XL:10"
41682,"2025-04-09 08:39:53.45","#SD1682",50.00,68.00,93.00,120.90,"2025-04-09","143781656","PO",4,,,,"","ALMA","SD1682A1",30090,4002,"2025-04-09","2025-05-09","USD",93.00,60,"3XS:5|2XS:5|XS:10|S:10|M:10|L:10|XL:10"
41683,"2025-04-09 08:39:53.45","#SD1683",50.00,68.00,93.00,120.90,"2025-04-09","143781656","PO",4,,,,"","ALMA","SD1683A0",30013,5002,"2025-04-09","2025-05-09","USD",93.00,60,"3XS:5|2XS:5|XS:10|S:10|M:10|L:10|XL:10"
41684,"2025-04-09 08:39:53.45","#SD1684",50.00,68.00,93.00,120.90,"2025-04-09","143781656","PO",4,,,,"","ALMA","SD1684A1",30022,6002,"2025-04-09","2025-05-09","USD",93.00,60,"3XS:5|2XS:5|XS:10|S:10|M:10|L:10|XL:10"
41685,"2025-04-09 08:39:53.45","#SD1685",50.00,68.00,93.00,120.90,"2025-04-09","143781656","PO",4,,,,"","ALMA","SD1685A0",30025,7002,"2025-04-09","2025-05-09","USD",93.00,60,"3XS:5|2XS:5|XS:10|S:10|M:10|L:10|XL:10"
41686,"2025-04-09 08:39:53.45","#SD1686",50.00,68.00,93.00,120.90,"2025-04-09","143781682","PO",4,,,,"","ALMA","SD1686A1",30026,1002,"2025-04-09","2025-05-09","USD",93.00,60,"3XS:5|2XS:5|XS:10|S:10|M:10|L:10|XL:10"
41687,"2025-04-09 08:39:53.45","#SD1687",50.00,68.00,93.00,120.90,"2025-04-09","143781682","PO",4,,,,"","ALMA","SD1687A1",30027,4002,"2025-04-09","2025-05-09","USD",93.00,60,"3XS:5|2XS:5|XS:10|S:10|M:10|L:10|XL:10"
41688,"2025-04-09 08:39:53.45","#SD1688",50.00,68.00,93.00,120.90,"2025-04-09","143781682","PO",4,,,,"","ALMA","SD1688A0",30029,5002,"2025-04-09","2025-05-09","USD",93.00,60,"3XS:5|2XS:5|XS:10|S:10|M:10|L:10|XL:10"
41689,"2025-04-09 08:39:53.45","#SD1689",50.00,68.00,93.00,120.90,"2025-04-09","143781682","PO",4,,,,"","ALMA","SD1689A1",30045,6002,"2025-04-09","2025-05-09","USD",93.00,60,"3XS:5|2XS:5|XS:10|S:10|M:10|L:10|XL:10"
41690,"2025-04-09 08:39:53.45","#SD1690",50.00,68.00,93.00,120.90,"2025-04-09","143781682","PO",4,,,,"","ALMA","SD1690A0",30047,7002,"2025-04-09","2025-05-09","USD",93.00,60,"3XS:5|2XS:5|XS:10|S:10|M:10|L:10|XL:10"
41691,"2025-04-09 08:39:53.45","#SD1691",50.00,68.00,93.00,120.90,"2025-04-09","143781685","PO",4,,,,"","ALMA","SD1691A1",30065,1002,"2025-04-09","2025-05-09","USD",93.00,60,"3XS:5|2XS:5|XS:10|S:10|M:10|L:10|XL:10"
41692,"2025-04-09 08:39:53.45","#SD1692",50.00,68.00,93.00,120.90,"2025-04-09","143781685","PO",4,,,,"","ALMA","SD1692A0",30069,4002,"2025-04-09","2025-05-09","USD",93.00,60,"3XS:5|2XS:5|XS:10|S:10|M:10|L:10|XL:10"
41693,"2025-04-09 08:39:53.45","#SD1693",50.00,68.00,93.00,120.90,"2025-04-09","143781685","PO",4,,,,"","ALMA","SD1693A1",30070,5002,"2025-04-09","2025-05-09","USD",93.00,60,"3XS:5|2XS:5|XS:10|S:10|M:10|L:10|XL:10"
41694,"2025-04-09 08:39:53.45","#SD1694",50.00,68.00,93.00,120.90,"2025-04-09","143781685","PO",4,,,,"","ALMA","SD1694A1",30071,6002,"2025-04-09","2025-05-09","USD",93.00,60,"3XS:5|2XS:5|XS:10|S:10|M:10|L:10|XL:10"
41695,"2025-04-09 08:39:53.45","#SD1695",50.00,68.00,93.00,120.90,"2025-04-09","143781685","PO",4,,,,"","ALMA","SD1695A0",30072,7002,"2025-04-09","2025-05-09","USD",93.00,60,"3XS:5|2XS:5|XS:10|S:10|M:10|L:10|XL:10"
41696,"2025-04-09 08:39:53.45","#SD1696",50.00,68.00,93.00,120.90,"2025-04-09","143781689","PO",4,,,,"","ALMA","SD1696A1",30073,1002,"2025-04-09","2025-05-09","USD",93.00,60,"3XS:5|2XS:5|XS:10|S:10|M:10|L:10|XL:10"
41697,"2025-04-09 08:39:53.45","#SD1697",50.00,68.00,93.00,120.90,"2025-04-09","143781689","PO",4,,,,"","ALMA","SD1697A0",30074,4002,"2025-04-09","2025-05-09","USD",93.00,60,"3XS:5|2XS:5|XS:10|S:10|M:10|L:10|XL:10"
41698,"2025-04-09 08:39:53.45","#SD1698",50.00,68.00,93.00,120.90,"2025-04-09","143781689","PO",4,,,,"","ALMA","SD1698A1",30075,5002,"2025-04-09","2025-05-09","USD",93.00,60,"3XS:5|2XS:5|XS:10|S:10|M:10|L:10|XL:10"
41699,"2025-04-09 08:39:53.45","#SD1699",50.00,68.00,93.00,120.90,"2025-04-09","143781689","PO",4,,,,"","ALMA","SD1699A0",30076,6002,"2025-04-09","2025-05-09","USD",93.00,60,"3XS:5|2XS:5|XS:10|S:10|M:10|L:10|XL:10"
41700,"2025-04-09 08:39:53.45","#SD1700",50.00,68.00,93.00,120.90,"2025-04-09","143781689","PO",4,,,,"","ALMA","SD1700A1",30077,7002,"2025-04-09","2025-05-09","USD",93.00,60,"3XS:5|2XS:5|XS:10|S:10|M:10|L:10|XL:10"
41701,"2025-04-09 08:39:53.45","#SD1701",50.00,68.00,93.00,120.90,"2025-04-09","143781690","PO",4,,,,"","ALMA","SD1701A1",30078,1002,"2025-04-09","2025-05-09","USD",93.00,60,"3XS:5|2XS:5|XS:10|S:10|M:10|L:10|XL:10"
41702,"2025-04-09 08:39:53.45","#SD1702",50.00,68.00,93.00,120.90,"2025-04-09","143781690","PO",4,,,,"","ALMA","SD1702A0",30079,4002,"2025-04-09","2025-05-09","USD",93.00,60,"3XS:5|2XS:5|XS:10|S:10|M:10|L:10|XL:10"
41703,"2025-04-09 08:39:53.45","#SD1703",50.00,68.00,93.00,120.90,"2025-04-09","143781690","PO",4,,,,"","ALMA","SD1703A1",30082,5002,"2025-04-09","2025-05-09","USD",93.00,60,"3XS:5|2XS:5|XS:10|S:10|M:10|L:10|XL:10"
41704,"2025-04-09 08:39:53.45","#SD1704",50.00,68.00,93.00,120.90,"2025-04-09","143781690","PO",4,,,,"","ALMA","SD1704A0",30083,6002,"2025-04-09","2025-05-09","USD",93.00,60,"3XS:5|2XS:5|XS:10|S:10|M:10|L:10|XL:10"
41705,"2025-04-09 08:39:53.45","#SD1705",50.00,68.00,93.00,120.90,"2025-04-09","143781690","PO",4,,,,"","ALMA","SD1705A1",30084,7002,"2025-04-09","2025-05-09","USD",93.00,60,"3XS:5|2XS:5|XS:10|S:10|M:10|L:10|XL:10"
41706,"2025-04-09 08:39:53.45","#SD1706",50.00,68.00,93.00,120.90,"2025-04-09","143781708","PO",4,,,,"","ALMA","SD1706A0",30085,1002,"2025-04-09","2025-05-09","USD",93.00,60,"3XS:5|2XS:5|XS:10|S:10|M:10|L:10|XL:10"
41707,"2025-04-09 08:39:53.45","#SD1707",50.00,68.00,93.00,120.90,"2025-04-09","143781708","PO",4,,,,"","ALMA","SD1707A1",30086,4002,"2025-04-09","2025-05-09","USD",93.00,60,"3XS:5|2XS:5|XS:10|S:10|M:10|L:10|XL:10"
41708,"2025-04-09 08:39:53.45","#SD1708",50.00,68.00,93.00,120.90,"2025-04-09","143781708","PO",4,,,,"","ALMA","SD1708A1",30087,5002,"2025-04-09","2025-05-09","USD",93.00,60,"3XS:5|2XS:5|XS:10|S:10|M:10|L:10|XL:10"
41709,"2025-04-09 08:39:53.45","#SD1709",50.00,68.00,93.00,120.90,"2025-04-09","143781708","PO",4,,,,"","ALMA","SD1709A0",30088,6002,"2025-04-09","2025-05-09","USD",93.00,60,"3XS:5|2XS:5|XS:10|S:10|M:10|L:10|XL:10"
41710,"2025-04-09 08:39:53.45","#SD1710",50.00,68.00,93.00,120.90,"2025-04-09","143781708","PO",4,,,,"","ALMA","SD1710A1",30089,7002,"2025-04-09","2025-05-09","USD",93.00,60,"3XS:5|2XS:5|XS:10|S:10|M:10|L:10|XL:10"
41711,"2025-04-09 08:39:53.45","#SD1711",50.00,68.00,93.00,120.90,"2025-04-09","143781746","PO",4,,,,"","ALMA","SD1711A0",30090,1002,"2025-04-09","2025-05-09","USD",93.00,60,"3XS:5|2XS:5|XS:10|S:10|M:10|L:10|XL:10"
41712,"2025-04-09 08:39:53.45","#SD1712",50.00,68.00,93.00,120.90,"2025-04-09","143781746","PO",4,,,,"","ALMA","SD1712A1",30013,4002,"2025-04-09","2025-05-09","USD",93.00,60,"3XS:5|2XS:5|XS:10|S:10|M:10|L:10|XL:10"
41713,"2025-04-09 08:39:53.45","#SD1713",50.00,68.00,93.00,120.90,"2025-04-09","143781746","PO",4,,,,"","ALMA","SD1713A0",30022,5002,"2025-04-09","2025-05-09","USD",93.00,60,"3XS:5|2XS:5|XS:10|S:10|M:10|L:10|XL:10"
41714,"2025-04-09 08:39:53.45","#SD1714",50.00,68.00,93.00,120.90,"2025-04-09","143781746","PO",4,,,,"","ALMA","SD1714A1",30025,6002,"2025-04-09","2025-05-09","USD",93.00,60,"3XS:5|2XS:5|XS:10|S:10|M:10|L:10|XL:10"
41715,"2025-04-09 08:39:53.45","#SD1715",50.00,68.00,93.00,120.90,"2025-04-09","143781746","PO",4,,,,"","ALMA","SD1715A1",30026,7002,"2025-04-09","2025-05-09","USD",93.00,60,"3XS:5|2XS:5|XS:10|S:10|M:10|L:10|XL:10"
41716,"2025-04-09 08:39:53.45","#SD1716",50.00,68.00,93.00,120.90,"2025-04-09","143781747","PO",4,,,,"","ALMA","SD1716A0",30027,1002,"2025-04-09","2025-05-09","USD",93.00,60,"3XS:5|2XS:5|XS:10|S:10|M:10|L:10|XL:10"
41717,"2025-04-09 08:39:53.45","#SD1717",50.00,68.00,93.00,120.90,"2025-04-09","143781747","PO",4,,,,"","ALMA","SD1717A1",30029,4002,"2025-04-09","2025-05-09","USD",93.00,60,"3XS:5|2XS:5|XS:10|S:10|M:10|L:10|XL:10"
41718,"2025-04-09 08:39:53.45","#SD1718",50.00,68.00,93.00,120.90,"2025-04-09","143781747","PO",4,,,,"","ALMA","SD1718A0",30045,5002,"2025-04-09","2025-05-09","USD",93.00,60,"3XS:5|2XS:5|XS:10|S:10|M:10|L:10|XL:10"
41719,"2025-04-09 08:39:53.45","#SD1719",50.00,68.00,93.00,120.90,"2025-04-09","143781747","PO",4,,,,"","ALMA","SD1719A1",30047,6002,"2025-04-09","2025-05-09","USD",93.00,60,"3XS:5|2XS:5|XS:10|S:10|M:10|L:10|XL:10"
41720,"2025-04-09 08:39:53.45","#SD1720",50.00,68.00,93.00,120.90,"2025-04-09","143781747","PO",4,,,,"","ALMA","SD1720A0",30065,7002,"2025-04-09","2025-05-09","USD",93.00,60,"3XS:5|2XS:5|XS:10|S:10|M:10|L:10|XL:10"
41721,"2025-04-09 08:39:53.45","#SD1721",50.00,68.00,93.00,120.90,"2025-04-09","143781748","PO",4,,,,"","ALMA","SD1721A1",30069,1002,"2025-04-09","2025-05-09","USD",93.00,60,"3XS:5|2XS:5|XS:10|S:10|M:10|L:10|XL:10"
41722,"2025-04-09 08:39:53.45","#SD1722",50.00,68.00,93.00,120.90,"2025-04-09","143781748","PO",4,,,,"","ALMA","SD1722A1",30070,4002,"2025-04-09","2025-05-09","USD",93.00,60,"3XS:5|2XS:5|XS:10|S:10|M:10|L:10|XL:10"
41723,"2025-04-09 08:39:53.45","#SD1723",50.00,68.00,93.00,120.90,"2025-04-09","143781748","PO",4,,,,"","ALMA","SD1723A0",30071,5002,"2025-04-09","2025-05-09","USD",93.00,60,"3XS:5|2XS:5|XS:10|S:10|M:10|L:10|XL:10"
41724,"2025-04-09 08:39:53.45","#SD1724",50.00,68.00,93.00,120.90,"2025-04-09","143781748","PO",4,,,,"","ALMA","SD1724A1",30072,6002,"2025-04-09","2025-05-09","USD",93.00,60,"3XS:5|2XS:5|XS:10|S:10|M:10|L:10|XL:10"
41725,"2025-04-09 08:39:53.45","#SD1725",50.00,68.00,93.00,120.90,"2025-04-09","143781748","PO",4,,,,"","ALMA","SD1725A0",30073,7002,"2025-04-09","2025-05-09","USD",93.00,60,"3XS:5|2XS:5|XS:10|S:10|M:10|L:10|XL:10"
41726,"2025-04-09 08:39:53.45","#SD1726",50.00,68.00,93.00,120.90,"2025-04-09","143781749","PO",4,,,,"","ALMA","SD1726A1",30074,1002,"2025-04-09","2025-05-09","USD",93.00,60,"3XS:5|2XS:5|XS:10|S:10|M:10|L:10|XL:10"
41727,"2025-04-09 08:39:53.45","#SD1727",50.00,68.00,93.00,120.90,"2025-04-09","143781749","PO",4,,,,"","ALMA","SD1727A0",30075,4002,"2025-04-09","2025-05-09","USD",93.00,60,"3XS:5|2XS:5|XS:10|S:10|M:10|L:10|XL:10"
41728,"2025-04-09 08:39:53.45","#SD1728",50.00,68.00,93.00,120.90,"2025-04-09","143781749","PO",4,,,,"","ALMA","SD1728A1",30076,5002,"2025-04-09","2025-05-09","USD",93.00,60,"3XS:5|2XS:5|XS:10|S:10|M:10|L:10|XL:10"
41729,"2025-04-09 08:39:53.45","#SD1729",50.00,68.00,93.00,120.90,"2025-04-09","143781749","PO",4,,,,"","ALMA","SD1729A1",30077,6002,"2025-04-09","2025-05-09","USD",93.00,60,"3XS:5|2XS:5|XS:10|S:10|M:10|L:10|XL:10"
41730,"2025-04-09 08:39:53.45","#SD1730",50.00,68.00,93.00,120.90,"2025-04-09","143781749","PO",4,,,,"","ALMA","SD1730A0",30078,7002,"2025-04-09","2025-05-09","USD",93.00,60,"3XS:5|2XS:5|XS:10|S:10|M:10|L:10|XL:10"
41731,"2025-04-09 08:39:53.45","#SD1731",50.00,68.00,93.00,120.90,"2025-04-09","143781750","PO",4,,,,"","ALMA","SD1731A1",30079,1002,"2025-04-09","2025-05-09","USD",93.00,60,"3XS:5|2XS:5|XS:10|S:10|M:10|L:10|XL:10"
41732,"2025-04-09 08:39:53.45","#SD1732",50.00,68.00,93.00,120.90,"2025-04-09","143781750","PO",4,,,,"","ALMA","SD1732A0",30082,4002,"2025-04-09","2025-05-09","USD",93.00,60,"3XS:5|2XS:5|XS:10|S:10|M:10|L:10|XL:10"
41733,"2025-04-09 08:39:53.45","#SD1733",50.00,68.00,93.00,120.90,"2025-04-09","143781750","PO",4,,,,"","ALMA","SD1733A1",30083,5002,"2025-04-09","2025-05-09","USD",93.00,60,"3XS:5|2XS:5|XS:10|S:10|M:10|L:10|XL:10"
41734,"2025-04-09 08:39:53.45","#SD1734",50.00,68.00,93.00,120.90,"2025-04-09","143781750","PO",4,,,,"","ALMA","SD1734A0",30084,6002,"2025-04-09","2025-05-09","USD",93.00,60,"3XS:5|2XS:5|XS:10|S:10|M:10|L:10|XL:10"
41735,"2025-04-09 08:39:53.45","#SD1735",50.00,68.00,93.00,120.90,"2025-04-09","143781750","PO",4,,,,"","ALMA","SD1735A1",30085,7002,"2025-04-09","2025-05-09","USD",93.00,60,"3XS:5|2XS:5|XS:10|S:10|M:10|L:10|XL:10"
41736,"2025-04-09 08:39:53.45","#SD1736",50.00,68.00,93.00,120.90,"2025-04-09","143781760","PO",4,,,,"","ALMA","SD1736A1",30086,1002,"2025-04-09","2025-05-09","USD",93.00,60,"3XS:5|2XS:5|XS:10|S:10|M:10|L:10|XL:10"
41737,"2025-04-09 08:39:53.45","#SD1737",50.00,68.00,93.00,120.90,"2025-04-09","143781760","PO",4,,,,"","ALMA","SD1737A0",30087,4002,"2025-04-09","2025-05-09","USD",93.00,60,"3XS:5|2XS:5|XS:10|S:10|M:10|L:10|XL:10"
41738,"2025-04-09 08:39:53.45","#SD1738",50.00,68.00,93.00,120.90,"2025-04-09","143781760","PO",4,,,,"","ALMA","SD1738A1",30088,5002,"2025-04-09","2025-05-09","USD",93.00,60,"3XS:5|2XS:5|XS:10|S:10|M:10|L:10|XL:10"
41739,"2025-04-09 08:39:53.45","#SD1739",50.00,68.00,93.00,120.90,"2025-04-09","143781760","PO",4,,,,"","ALMA","SD1739A0",30089,6002,"2025-04-09","2025-05-09","USD",93.00,60,"3XS:5|2XS:5|XS:10|S:10|M:10|L:10|XL:10"
41740,"2025-04-09 08:39:53.45","#SD1740",50.00,68.00,93.00,120.90,"2025-04-09","143781760","PO",4,,,,"","ALMA","SD1740A1",30090,7002,"2025-04-09","2025-05-09","USD",93.00,60,"3XS:5|2XS:5|XS:10|S:10|M:10|L:10|XL:10"
41741,"2025-04-09 08:39:53.45","#SD1741",50.00,68.00,93.00,120.90,"2025-04-09","143781777","PO",4,,,,"","ALMA","SD1741A0",30013,1002,"2025-04-09","2025-05-09","USD",93.00,60,"3XS:5|2XS:5|XS:10|S:10|M:10|L:10|XL:10"
41742,"2025-04-09 08:39:53.45","#SD1742",50.00,68.00,93.00,120.90,"2025-04-09","143781777","PO",4,,,,"","ALMA","SD1742A1",30022,4002,"2025-04-09","2025-05-09","USD",93.00,60,"3XS:5|2XS:5|XS:10|S:10|M:10|L:10|XL:10"
41743,"2025-04-09 08:39:53.45","#SD1743",50.00,68.00,93.00,120.90,"2025-04-09","143781777","PO",4,,,,"","ALMA","SD1743A1",30025,5002,"2025-04-09","2025-05-09","USD",93.00,60,"3XS:5|2XS:5|XS:10|S:10|M:10|L:10|XL:10"
41744,"2025-04-09 08:39:53.45","#SD1744",50.00,68.00,93.00,120.90,"2025-04-09","143781777","PO",4,,,,"","ALMA","SD1744A0",30026,6002,"2025-04-09","2025-05-09","USD",93.00,60,"3XS:5|2XS:5|XS:10|S:10|M:10|L:10|XL:10"
41745,"2025-04-09 08:39:53.45","#SD1745",50.00,68.00,93.00,120.90,"2025-04-09","143781777","PO",4,,,,"","ALMA","SD1745A1",30027,7002,"2025-04-09","2025-05-09","USD",93.00,60,"3XS:5|2XS:5|XS:10|S:10|M:10|L:10|XL:10"
41746,"2025-04-09 08:39:53.45","#SD1746",50.00,68.00,93.00,120.90,"2025-04-09","143781781","PO",4,,,,"","ALMA","SD1746A0",30029,1002,"2025-04-09","2025-05-09","USD",93.00,60,"3XS:5|2XS:5|XS:10|S:10|M:10|L:10|XL:10"
41747,"2025-04-09 08:39:53.45","#SD1747",50.00,68.00,93.00,120.90,"2025-04-09","143781781","PO",4,,,,"","ALMA","SD1747A1",30045,4002,"2025-04-09","2025-05-09","USD",93.00,60,"3XS:5|2XS:5|XS:10|S:10|M:10|L:10|XL:10"
41748,"2025-04-09 08:39:53.45","#SD1748",50.00,68.00,93.00,120.90,"2025-04-09","143781781","PO",4,,,,"","ALMA","SD1748A0",30047,5002,"2025-04-09","2025-05-09","USD",93.00,60,"3XS:5|2XS:5|XS:10|S:10|M:10|L:10|XL:10"
41749,"2025-04-09 08:39:53.45","#SD1749",50.00,68.00,93.00,120.90,"2025-04-09","143781781","PO",4,,,,"","ALMA","SD1749A1",30065,6002,"2025-04-09","2025-05-09","USD",93.00,60,"3XS:5|2XS:5|XS:10|S:10|M:10|L:10|XL:10"
41750,"2025-04-09 08:39:53.45","#SD1750",50.00,68.00,93.00,120.90,"2025-04-09","143781781","PO",4,,,,"","ALMA","SD1750A1",30069,7002,"2025-04-09","2025-05-09","USD",93.00,60,"3XS:5|2XS:5|XS:10|S:10|M:10|L:10|XL:10"
41751,"2025-04-09 08:39:53.45","#SD1751",50.00,68.00,93.00,120.90,"2025-04-09","143781793","PO",4,,,,"","ALMA","SD1751A0",30070,1002,"2025-04-09","2025-05-09","USD",93.00,60,"3XS:5|2XS:5|XS:10|S:10|M:10|L:10|XL:10"
41752,"2025-04-09 08:39:53.45","#SD1752",50.00,68.00,93.00,120.90,"2025-04-09","143781793","PO",4,,,,"","ALMA","SD1752A1",30071,4002,"2025-04-09","2025-05-09","USD",93.00,60,"3XS:5|2XS:5|XS:10|S:10|M:10|L:10|XL:10"
41753,"2025-04-09 08:39:53.45","#SD1753",50.00,68.00,93.00,120.90,"2025-04-09","143781793","PO",4,,,,"","ALMA","SD1753A0",30072,5002,"2025-04-09","2025-05-09","USD",93.00,60,"3XS:5|2XS:5|XS:10|S:10|M:10|L:10|XL:10"
41754,"2025-04-09 08:39:53.45","#SD1754",50.00,68.00,93.00,120.90,"2025-04-09","143781793","PO",4,,,,"","ALMA","SD1754A1",30073,6002,"2025-04-09","2025-05-09","USD",93.00,60,"3XS:5|2XS:5|XS:10|S:10|M:10|L:10|XL:10"
41755,"2025-04-09 08:39:53.45","#SD1755",50.00,68.00,93.00,120.90,"2025-04-09","143781793","PO",4,,,,"","ALMA","SD1755A0",30074,7002,"2025-04-09","2025-05-09","USD",93.00,60,"3XS:5|2XS:5|XS:10|S:10|M:10|L:10|XL:10"
41756,"2025-04-09 08:39:53.45","#SD1756",50.00,68.00,93.00,120.90,"2025-04-09","143781795","PO",4,,,,"","ALMA","SD1756A1",30075,1002,"2025-04-09","2025-05-09","USD",93.00,60,"3XS:5|2XS:5|XS:10|S:10|M:10|L:10|XL:10"
41757,"2025-04-09 08:39:53.45","#SD1757",50.00,68.00,93.00,120.90,"2025-04-09","143781795","PO",4,,,,"","ALMA","SD1757A1",30076,4002,"2025-04-09","2025-05-09","USD",93.00,60,"3XS:5|2XS:5|XS:10|S:10|M:10|L:10|XL:10"
41758,"2025-04-09 08:39:53.45","#SD1758",50.00,68.00,93.00,120.90,"2025-04-09","143781795","PO",4,,,,"","ALMA","SD1758A0",30077,5002,"2025-04-09","2025-05-09","USD",93.00,60,"3XS:5|2XS:5|XS:10|S:10|M:10|L:10|XL:10"
41759,"2025-04-09 08:39:53.45","#SD1759",50.00,68.00,93.00,120.90,"2025-04-09","143781795","PO",4,,,,"","ALMA","SD1759A1",30078,6002,"2025-04-09","2025-05-09","USD",93.00,60,"3XS:5|2XS:5|XS:10|S:10|M:10|L:10|XL:10"
41760,"2025-04-09 08:39:53.45","#SD1760",50.00,68.00,93.00,120.90,"2025-04-09","143781795","PO",4,,,,"","ALMA","SD1760A0",30079,7002,"2025-04-09","2025-05-09","USD",93.00,60,"3XS:5|2XS:5|XS:10|S:10|M:10|L:10|XL:10"
41761,"2025-04-09 08:39:53.45","#SD1761",50.00,68.00,93.00,120.90,"2025-04-09","143781801","PO",4,,,,"","ALMA","SD1761A1",30082,1002,"2025-04-09","2025-05-09","USD",93.00,60,"3XS:5|2XS:5|XS:10|S:10|M:10|L:10|XL:10"
41762,"2025-04-09 08:39:53.45","#SD1762",50.00,68.00,93.00,120.90,"2025-04-09","143781801","PO",4,,,,"","ALMA","SD1762A0",30083,4002,"2025-04-09","2025-05-09","USD",93.00,60,"3XS:5|2XS:5|XS:10|S:10|M:10|L:10|XL:10"
41763,"2025-04-09 08:39:53.45","#SD1763",50.00,68.00,93.00,120.90,"2025-04-09","143781801","PO",4,,,,"","ALMA","SD1763A1",30084,5002,"2025-04-09","2025-05-09","USD",93.00,60,"3XS:5|2XS:5|XS:10|S:10|M:10|L:10|XL:10"
41764,"2025-04-09 08:39:53.45","#SD1764",50.00,68.00,93.00,120.90,"2025-04-09","143781801","PO",4,,,,"","ALMA","SD1764A1",30085,6002,"2025-04-09","2025-05-09","USD",93.00,60,"3XS:5|2XS:5|XS:10|S:10|M:10|L:10|XL:10"
41765,"2025-04-09 08:39:53.45","#SD1765",50.00,68.00,93.00,120.90,"2025-04-09","143781801","PO",4,,,,"","ALMA","SD1765A0",30086,7002,"2025-04-09","2025-05-09","USD",93.00,60,"3XS:5|2XS:5|XS:10|S:10|M:10|L:10|XL:10"
41766,"2025-04-09 08:39:53.45","#SD1766",50.00,68.00,93.00,120.90,"2025-04-09","143781805","PO",4,,,,"","ALMA","SD1766A1",30087,1002,"2025-04-09","2025-05-09","USD",93.00,60,"3XS:5|2XS:5|XS:10|S:10|M:10|L:10|XL:10"
41767,"2025-04-09 08:39:53.45","#SD1767",50.00,68.00,93.00,120.90,"2025-04-09","143781805","PO",4,,,,"","ALMA","SD1767A0",30088,4002,"2025-04-09","2025-05-09","USD",93.00,60,"3XS:5|2XS:5|XS:10|S:10|M:10|L:10|XL:10"
41768,"2025-04-09 08:39:53.45","#SD1768",50.00,68.00,93.00,120.90,"2025-04-09","143781805","PO",4,,,,"","ALMA","SD1768A1",30089,5002,"2025-04-09","2025-05-09","USD",93.00,60,"3XS:5|2XS:5|XS:10|S:10|M:10|L:10|XL:10"
41769,"2025-04-09 08:39:53.45","#SD1769",50.00,68.00,93.00,120.90,"2025-04-09","143781805","PO",4,,,,"","ALMA","SD1769A0",30090,6002,"2025-04-09","2025-05-09","USD",93.00,60,"3XS:5|2XS:5|XS:10|S:10|M:10|L:10|XL:10"
41770,"2025-04-09 08:39:53.45","#SD1770",50.00,68.00,93.00,120.90,"2025-04-09","143781805","PO",4,,,,"","ALMA","SD1770A1",30013,7002,"2025-04-09","2025-05-09","USD",93.00,60,"3XS:5|2XS:5|XS:10|S:10|M:10|L:10|XL:10"
41771,"2025-04-09 08:39:53.45","#SD1771",50.00,68.00,93.00,120.90,"2025-04-09","143781807","PO",4,,,,"","ALMA","SD1771A1",30022,1002,"2025-04-09","2025-05-09","USD",93.00,60,"3XS:5|2XS:5|XS:10|S:10|M:10|L:10|XL:10"
41772,"2025-04-09 08:39:53.45","#SD1772",50.00,68.00,93.00,120.90,"2025-04-09","143781807","PO",4,,,,"","ALMA","SD1772A0",30025,4002,"2025-04-09","2025-05-09","USD",93.00,60,"3XS:5|2XS:5|XS:10|S:10|M:10|L:10|XL:10"
41773,"2025-04-09 08:39:53.45","#SD1773",50.00,68.00,93.00,120.90,"2025-04-09","143781807","PO",4,,,,"","ALMA","SD1773A1",30026,5002,"2025-04-09","2025-05-09","USD",93.00,60,"3XS:5|2XS:5|XS:10|S:10|M:10|L:10|XL:10"
41774,"2025-04-09 08:39:53.45","#SD1774",50.00,68.00,93.00,120.90,"2025-04-09","143781807","PO",4,,,,"","ALMA","SD1774A0",30027,6002,"2025-04-09","2025-05-09","USD",93.00,60,"3XS:5|2XS:5|XS:10|S:10|M:10|L:10|XL:10"
41775,"2025-04-09 08:39:53.45","#SD1775",50.00,68.00,93.00,120.90,"2025-04-09","143781807","PO",4,,,,"","ALMA","SD1775A1",30029,7002,"2025-04-09","2025-05-09","USD",93.00,60,"3XS:5|2XS:5|XS:10|S:10|M:10|L:10|XL:10"
41776,"2025-04-09 08:39:53.45","#SD1776",50.00,68.00,93.00,120.90,"2025-04-09","143781816","PO",4,,,,"","ALMA","SD1776A0",30045,1002,"2025-04-09","2025-05-09","USD",93.00,60,"3XS:5|2XS:5|XS:10|S:10|M:10|L:10|XL:10"
41777,"2025-04-09 08:39:53.45","#SD1777",50.00,68.00,93.00,120.90,"2025-04-09","143781816","PO",4,,,,"","ALMA","SD1777A1",30047,4002,"2025-04-09","2025-05-09","USD",93.00,60,"3XS:5|2XS:5|XS:10|S:10|M:10|L:10|XL:10"
41778,"2025-04-09 08:39:53.45","#SD1778",50.00,68.00,93.00,120.90,"2025-04-09","143781816","PO",4,,,,"","ALMA","SD1778A1",30065,5002,"2025-04-09","2025-05-09","USD",93.00,60,"3XS:5|2XS:5|XS:10|S:10|M:10|L:10|XL:10"
41779,"2025-04-09 08:39:53.45","#SD1779",50.00,68.00,93.00,120.90,"2025-04-09","143781816","PO",4,,,,"","ALMA","SD1779A0",30069,6002,"2025-04-09","2025-05-09","USD",93.00,60,"3XS:5|2XS:5|XS:10|S:10|M:10|L:10|XL:10"
41780,"2025-04-09 08:39:53.45","#SD1780",50.00,68.00,93.00,120.90,"2025-04-09","143781816","PO",4,,,,"","ALMA","SD1780A1",30070,7002,"2025-04-09","2025-05-09","USD",93.00,60,"3XS:5|2XS:5|XS:10|S:10|M:10|L:10|XL:10"
41781,"2025-04-09 08:39:53.45","#SD1781",50.00,68.00,93.00,120.90,"2025-04-09","143781817","PO",4,,,,"","ALMA","SD1781A0",30071,1002,"2025-04-09","2025-05-09","USD",93.00,60,"3XS:5|2XS:5|XS:10|S:10|M:10|L:10|XL:10"
41782,"2025-04-09 08:39:53.45","#SD1782",50.00,68.00,93.00,120.90,"2025-04-09","143781817","PO",4,,,,"","ALMA","SD1782A1",30072,4002,"2025-04-09","2025-05-09","USD",93.00,60,"3XS:5|2XS:5|XS:10|S:10|M:10|L:10|XL:10"
41783,"2025-04-09 08:39:53.45","#SD1783",50.00,68.00,93.00,120.90,"2025-04-09","143781817","PO",4,,,,"","ALMA","SD1783A0",30073,5002,"2025-04-09","2025-05-09","USD",93.00,60,"3XS:5|2XS:5|XS:10|S:10|M:10|L:10|XL:10"
41784,"2025-04-09 08:39:53.45","#SD1784",50.00,68.00,93.00,120.90,"2025-04-09","143781817","PO",4,,,,"","ALMA","SD1784A1",30074,6002,"2025-04-09","2025-05-09","USD",93.00,60,"3XS:5|2XS:5|XS:10|S:10|M:10|L:10|XL:10"
41785,"2025-04-09 08:39:53.45","#SD1785",50.00,68.00,93.00,120.90,"2025-04-09","143781817","PO",4,,,,"","ALMA","SD1785A1",30075,7002,"2025-04-09","2025-05-09","USD",93.00,60,"3XS:5|2XS:5|XS:10|S:10|M:10|L:10|XL:10"
41786,"2025-04-09 08:39:53.45","#SD1786",50.00,68.00,93.00,120.90,"2025-04-09","143781820","PO",4,,,,"","ALMA","SD1786A0",30076,1002,"2025-04-09","2025-05-09","USD",93.00,60,"3XS:5|2XS:5|XS:10|S:10|M:10|L:10|XL:10"
41787,"2025-04-09 08:39:53.45","#SD1787",50.00,68.00,93.00,120.90,"2025-04-09","143781820","PO",4,,,,"","ALMA","SD1787A1",30077,4002,"2025-04-09","2025-05-09","USD",93.00,60,"3XS:5|2XS:5|XS:10|S:10|M:10|L:10|XL:10"
41788,"2025-04-09 08:39:53.45","#SD1788",50.00,68.00,93.00,120.90,"2025-04-09","143781820","PO",4,,,,"","ALMA","SD1788A0",30078,5002,"2025-04-09","2025-05-09","USD",93.00,60,"3XS:5|2XS:5|XS:10|S:10|M:10|L:10|XL:10"
41789,"2025-04-09 08:39:53.45","#SD1789",50.00,68.00,93.00,120.90,"2025-04-09","143781820","PO",4,,,,"","ALMA","SD1789A1",30079,6002,"2025-04-09","2025-05-09","USD",93.00,60,"3XS:5|2XS:5|XS:10|S:10|M:10|L:10|XL:10"
41790,"2025-04-09 08:39:53.45","#SD1790",50.00,68.00,93.00,120.90,"2025-04-09","143781820","PO",4,,,,"","ALMA","SD1790A0",30082,7002,"2025-04-09","2025-05-09","USD",93.00,60,"3XS:5|2XS:5|XS:10|S:10|M:10|L:10|XL:10"
41791,"2025-04-09 08:39:53.45","#SD1791",50.00,68.00,93.00,120.90,"2025-04-09","143781823","PO",4,,,,"","ALMA","SD1791A1",30083,1002,"2025-04-09","2025-05-09","USD",93.00,60,"3XS:5|2XS:5|XS:10|S:10|M:10|L:10|XL:10"
41792,"2025-04-09 08:39:53.45","#SD1792",50.00,68.00,93.00,120.90,"2025-04-09","143781823","PO",4,,,,"","ALMA","SD1792A1",30084,4002,"2025-04-09","2025-05-09","USD",93.00,60,"3XS:5|2XS:5|XS:10|S:10|M:10|L:10|XL:10"
41793,"2025-04-09 08:39:53.45","#SD1793",50.00,68.00,93.00,120.90,"2025-04-09","143781823","PO",4,,,,"","ALMA","SD1793A0",30085,5002,"2025-04-09","2025-05-09","USD",93.00,60,"3XS:5|2XS:5|XS:10|S:10|M:10|L:10|XL:10"
41794,"2025-04-09 08:39:53.45","#SD1794",50.00,68.00,93.00,120.90,"2025-04-09","143781823","PO",4,,,,"","ALMA","SD1794A1",30086,6002,"2025-04-09","2025-05-09","USD",93.00,60,"3XS:5|2XS:5|XS:10|S:10|M:10|L:10|XL:10"
41795,"2025-04-09 08:39:53.45","#SD1795",50.00,68.00,93.00,120.90,"2025-04-09","143781823","PO",4,,,,"","ALMA","SD1795A0",30087,7002,"2025-04-09","2025-05-09","USD",93.00,60,"3XS:5|2XS:5|XS:10|S:10|M:10|L:10|XL:10"
41796,"2025-04-09 08:39:53.45","#SD1796",50.00,68.00,93.00,120.90,"2025-04-09","143781830","PO",4,,,,"","ALMA","SD1796A1",30088,1002,"2025-04-09","2025-05-09","USD",93.00,60,"3XS:5|2XS:5|XS:10|S:10|M:10|L:10|XL:10"
41797,"2025-04-09 08:39:53.45","#SD1797",50.00,68.00,93.00,120.90,"2025-04-09","143781830","PO",4,,,,"","ALMA","SD1797A0",30089,4002,"2025-04-09","2025-05-09","USD",93.00,60,"3XS:5|2XS:5|XS:10|S:10|M:10|L:10|XL:10"
41798,"2025-04-09 08:39:53.45","#SD1798",50.00,68.00,93.00,120.90,"2025-04-09","143781830","PO",4,,,,"","ALMA","SD1798A1",30090,5002,"2025-04-09","2025-05-09","USD",93.00,60,"3XS:5|2XS:5|XS:10|S:10|M:10|L:10|XL:10"
41799,"2025-04-09 08:39:53.45","#SD1799",50.00,68.00,93.00,120.90,"2025-04-09","143781830","PO",4,,,,"","ALMA","SD1799A1",30013,6002,"2025-04-09","2025-05-09","USD",93.00,60,"3XS:5|2XS:5|XS:10|S:10|M:10|L:10|XL:10"
41800,"2025-04-09 08:39:53.45","#SD1800",50.00,68.00,93.00,120.90,"2025-04-09","143781830","PO",4,,,,"","ALMA","SD1800A0",30022,7002,"2025-04-09","2025-05-09","USD",93.00,60,"3XS:5|2XS:5|XS:10|S:10|M:10|L:10|XL:10"
41801,"2025-04-09 08:39:53.45","#SD1801",50.00,68.00,93.00,120.90,"2025-04-09","143781834","PO",4,,,,"","ALMA","SD1801A1",30025,1002,"2025-04-09","2025-05-09","USD",93.00,60,"3XS:5|2XS:5|XS:10|S:10|M:10|L:10|XL:10"
41802,"2025-04-09 08:39:53.45","#SD1802",50.00,68.00,93.00,120.90,"2025-04-09","143781834","PO",4,,,,"","ALMA","SD1802A0",30026,4002,"2025-04-09","2025-05-09","USD",93.00,60,"3XS:5|2XS:5|XS:10|S:10|M:10|L:10|XL:10"
41803,"2025-04-09 08:39:53.45","#SD1803",50.00,68.00,93.00,120.90,"2025-04-09","143781834","PO",4,,,,"","ALMA","SD1803A1",30027,5002,"2025-04-09","2025-05-09","USD",93.00,60,"3XS:5|2XS:5|XS:10|S:10|M:10|L:10|XL:10"
41804,"2025-04-09 08:39:53.45","#SD1804",50.00,68.00,93.00,120.90,"2025-04-09","143781834","PO",4,,,,"","ALMA","SD1804A0",30029,6002,"2025-04-09","2025-05-09","USD",93.00,60,"3XS:5|2XS:5|XS:10|S:10|M:10|L:10|XL:10"
41805,"2025-04-09 08:39:53.45","#SD1805",50.00,68.00,93.00,120.90,"2025-04-09","143781834","PO",4,,,,"","ALMA","SD1805A1",30045,7002,"2025-04-09","2025-05-09","USD",93.00,60,"3XS:5|2XS:5|XS:10|S:10|M:10|L:10|XL:10"
41806,"2025-04-09 08:39:53.45","#SD1806",50.00,68.00,93.00,120.90,"2025-04-09","143781840","PO",4,,,,"","ALMA","SD1806A1",30047,1002,"2025-04-09","2025-05-09","USD",93.00,60,"3XS:5|2XS:5|XS:10|S:10|M:10|L:10|XL:10"
41807,"2025-04-09 08:39:53.45","#SD1807",50.00,68.00,93.00,120.90,"2025-04-09","143781840","PO",4,,,,"","ALMA","SD1807A0",30065,4002,"2025-04-09","2025-05-09","USD",93.00,60,"3XS:5|2XS:5|XS:10|S:10|M:10|L:10|XL:10"
41808,"2025-04-09 08:39:53.45","#SD1808",50.00,68.00,93.00,120.90,"2025-04-09","143781840","PO",4,,,,"","ALMA","SD1808A1",30069,5002,"2025-04-09","2025-05-09","USD",93.00,60,"3XS:5|2XS:5|XS:10|S:10|M:10|L:10|XL:10"
41809,"2025-04-09 08:39:53.45","#SD1809",50.00,68.00,93.00,120.90,"2025-04-09","143781840","PO",4,,,,"","ALMA","SD1809A0",30070,6002,"2025-04-09","2025-05-09","USD",93.00,60,"3XS:5|2XS:5|XS:10|S:10|M:10|L:10|XL:10"
41810,"2025-04-09 08:39:53.45","#SD1810",50.00,68.00,93.00,120.90,"2025-04-09","143781840","PO",4,,,,"","ALMA","SD1810A1",30071,7002,"2025-04-09","2025-05-09","USD",93.00,60,"3XS:5|2XS:5|XS:10|S:10|M:10|L:10|XL:10"
41811,"2025-04-09 08:39:53.45","#SD1811",50.00,68.00,93.00,120.90,"2025-04-09","143781856","PO",4,,,,"","ALMA","SD1811A0",30072,1002,"2025-04-09","2025-05-09","USD",93.00,60,"3XS:5|2XS:5|XS:10|S:10|M:10|L:10|XL:10"
41812,"2025-04-09 08:39:53.45","#SD1812",50.00,68.00,93.00,120.90,"2025-04-09","143781856","PO",4,,,,"","ALMA","SD1812A1",30073,4002,"2025-04-09","2025-05-09","USD",93.00,60,"3XS:5|2XS:5|XS:10|S:10|M:10|L:10|XL:10"
41813,"2025-04-09 08:39:53.45","#SD1813",50.00,68.00,93.00,120.90,"2025-04-09","143781856","PO",4,,,,"","ALMA","SD1813A1",30074,5002,"2025-04-09","2025-05-09","USD",93.00,60,"3XS:5|2XS:5|XS:10|S:10|M:10|L:10|XL:10"
41814,"2025-04-09 08:39:53.45","#SD1814",50.00,68.00,93.00,120.90,"2025-04-09","143781856","PO",4,,,,"","ALMA","SD1814A0",30075,6002,"2025-04-09","2025-05-09","USD",93.00,60,"3XS:5|2XS:5|XS:10|S:10|M:10|L:10|XL:10"
41815,"2025-04-09 08:39:53.45","#SD1815",50.00,68.00,93.00,120.90,"2025-04-09","143781856","PO",4,,,,"","ALMA","SD1815A1",30076,7002,"2025-04-09","2025-05-09","USD",93.00,60,"3XS:5|2XS:5|XS:10|S:10|M:10|L:10|XL:10"
41816,"2025-04-09 08:39:53.45","#SD1816",50.00,68.00,93.00,120.90,"2025-04-09","143781874","PO",4,,,,"","ALMA","SD1816A0",30077,1002,"2025-04-09","2025-05-09","USD",93.00,60,"3XS:5|2XS:5|XS:10|S:10|M:10|L:10|XL:10"
41817,"2025-04-09 08:39:53.45","#SD1817",50.00,68.00,93.00,120.90,"2025-04-09","143781874","PO",4,,,,"","ALMA","SD1817A1",30078,4002,"2025-04-09","2025-05-09","USD",93.00,60,"3XS:5|2XS:5|XS:10|S:10|M:10|L:10|XL:10"
41818,"2025-04-09 08:39:53.45","#SD1818",50.00,68.00,93.00,120.90,"2025-04-09","143781874","PO",4,,,,"","ALMA","SD1818A0",30079,5002,"2025-04-09","2025-05-09","USD",93.00,60,"3XS:5|2XS:5|XS:10|S:10|M:10|L:10|XL:10"
41819,"2025-04-09 08:39:53.45","#SD1819",50.00,68.00,93.00,120.90,"2025-04-09","143781874","PO",4,,,,"","ALMA","SD1819A1",30082,6002,"2025-04-09","2025-05-09","USD",93.00,60,"3XS:5|2XS:5|XS:10|S:10|M:10|L:10|XL:10"
41820,"2025-04-09 08:39:53.45","#SD1820",50.00,68.00,93.00,120.90,"2025-04-09","143781874","PO",4,,,,"","ALMA","SD1820A1",30083,7002,"2025-04-09","2025-05-09","USD",93.00,60,"3XS:5|2XS:5|XS:10|S:10|M:10|L:10|XL:10"
41821,"2025-04-09 08:39:53.45","#SD1821",50.00,68.00,93.00,120.90,"2025-04-09","143781881","PO",4,,,,"","ALMA","SD1821A0",30084,1002,"2025-04-09","2025-05-09","USD",93.00,60,"3XS:5|2XS:5|XS:10|S:10|M:10|L:10|XL:10"
41822,"2025-04-09 08:39:53.45","#SD1822",50.00,68.00,93.00,120.90,"2025-04-09","143781881","PO",4,,,,"","ALMA","SD1822A1",30085,4002,"2025-04-09","2025-05-09","USD",93.00,60,"3XS:5|2XS:5|XS:10|S:10|M:10|L:10|XL:10"
41823,"2025-04-09 08:39:53.45","#SD1823",50.00,68.00,93.00,120.90,"2025-04-09","143781881","PO",4,,,,"","ALMA","SD1823A0",30086,5002,"2025-04-09","2025-05-09","USD",93.00,60,"3XS:5|2XS:5|XS:10|S:10|M:10|L:10|XL:10"
41824,"2025-04-09 08:39:53.45","#SD1824",50.00,68.00,93.00,120.90,"2025-04-09","143781881","PO",4,,,,"","ALMA","SD1824A1",30087,6002,"2025-04-09","2025-05-09","USD",93.00,60,"3XS:5|2XS:5|XS:10|S:10|M:10|L:10|XL:10"
41825,"2025-04-09 08:39:53.45","#SD1825",50.00,68.00,93.00,120.90,"2025-04-09","143781881","PO",4,,,,"","ALMA","SD1825A0",30088,7002,"2025-04-09","2025-05-09","USD",93.00,60,"3XS:5|2XS:5|XS:10|S:10|M:10|L:10|XL:10"
41826,"2025-04-09 08:39:53.45","#SD1826",50.00,68.00,93.00,120.90,"2025-04-09","143781897","PO",4,,,,"","ALMA","SD1826A1",30089,1002,"2025-04-09","2025-05-09","USD",93.00,60,"3XS:5|2XS:5|XS:10|S:10|M:10|L:10|XL:10"
41827,"2025-04-09 08:39:53.45","#SD1827",50.00,68.00,93.00,120.90,"2025-04-09","143781897","PO",4,,,,"","ALMA","SD1827A1",30090,4002,"2025-04-09","2025-05-09","USD",93.00,60,"3XS:5|2XS:5|XS:10|S:10|M:10|L:10|XL:10"
41828,"2025-04-09 08:39:53.45","#SD1828",50.00,68.00,93.00,120.90,"2025-04-09","143781897","PO",4,,,,"","ALMA","SD1828A0",30013,5002,"2025-04-09","2025-05-09","USD",93.00,60,"3XS:5|2XS:5|XS:10|S:10|M:10|L:10|XL:10"
41829,"2025-04-09 08:39:53.45","#SD1829",50.00,68.00,93.00,120.90,"2025-04-09","143781897","PO",4,,,,"","ALMA","SD1829A1",30022,6002,"2025-04-09","2025-05-09","USD",93.00,60,"3XS:5|2XS:5|XS:10|S:10|M:10|L:10|XL:10"
41830,"2025-04-09 08:39:53.45","#SD1830",50.00,68.00,93.00,120.90,"2025-04-09","143781897","PO",4,,,,"","ALMA","SD1830A0",30025,7002,"2025-04-09","2025-05-09","USD",93.00,60,"3XS:5|2XS:5|XS:10|S:10|M:10|L:10|XL:10"
41831,"2025-04-09 08:39:53.45","#SD1831",50.00,68.00,93.00,120.90,"2025-04-09","143781911","PO",4,,,,"","ALMA","SD1831A1",30026,1002,"2025-04-09","2025-05-09","USD",93.00,60,"3XS:5|2XS:5|XS:10|S:10|M:10|L:10|XL:10"
41832,"2025-04-09 08:39:53.45","#SD1832",50.00,68.00,93.00,120.90,"2025-04-09","143781911","PO",4,,,,"","ALMA","SD1832A0",30027,4002,"2025-04-09","2025-05-09","USD",93.00,60,"3XS:5|2XS:5|XS:10|S:10|M:10|L:10|XL:10"
41833,"2025-04-09 08:39:53.45","#SD1833",50.00,68.00,93.00,120.90,"2025-04-09","143781911","PO",4,,,,"","ALMA","SD1833A1",30029,5002,"2025-04-09","2025-05-09","USD",93.00,60,"3XS:5|2XS:5|XS:10|S:10|M:10|L:10|XL:10"
41834,"2025-04-09 08:39:53.45","#SD1834",50.00,68.00,93.00,120.90,"2025-04-09","143781911","PO",4,,,,"","ALMA","SD1834A1",30045,6002,"2025-04-09","2025-05-09","USD",93.00,60,"3XS:5|2XS:5|XS:10|S:10|M:10|L:10|XL:10"
41835,"2025-04-09 08:39:53.45","#SD1835",50.00,68.00,93.00,120.90,"2025-04-09","143781911","PO",4,,,,"","ALMA","SD1835A0",30047,7002,"2025-04-09","2025-05-09","USD",93.00,60,"3XS:5|2XS:5|XS:10|S:10|M:10|L:10|XL:10"
41836,"2025-04-09 08:39:53.45","#SD1836",50.00,68.00,93.00,120.90,"2025-04-09","143781946","PO",4,,,,"","ALMA","SD1836A1",30065,1002,"2025-04-09","2025-05-09","USD",93.00,60,"3XS:5|2XS:5|XS:10|S:10|M:10|L:10|XL:10"
41837,"2025-04-09 08:39:53.45","#SD1837",50.00,68.00,93.00,120.90,"2025-04-09","143781946","PO",4,,,,"","ALMA","SD1837A0",30069,4002,"2025-04-09","2025-05-09","USD",93.00,60,"3XS:5|2XS:5|XS:10|S:10|M:10|L:10|XL:10"
41838,"2025-04-09 08:39:53.45","#SD1838",50.00,68.00,93.00,120.90,"2025-04-09","143781946","PO",4,,,,"","ALMA","SD1838A1",30070,5002,"2025-04-09","2025-05-09","USD",93.00,60,"3XS:5|2XS:5|XS:10|S:10|M:10|L:10|XL:10"
41839,"2025-04-09 08:39:53.45","#SD1839",50.00,68.00,93.00,120.90,"2025-04-09","143781946","PO",4,,,,"","ALMA","SD1839A0",30071,6002,"2025-04-09","2025-05-09","USD",93.00,60,"3XS:5|2XS:5|XS:10|S:10|M:10|L:10|XL:10"
41840,"2025-04-09 08:39:53.45","#SD1840",50.00,68.00,93.00,120.90,"2025-04-09","143781946","PO",4,,,,"","ALMA","SD1840A1",30072,7002,"2025-04-09","2025-05-09","USD",93.00,60,"3XS:5|2XS:5|XS:10|S:10|M:10|L:10|XL:10"
41841,"2025-04-09 08:39:53.45","#SD1841",50.00,68.00,93.00,120.90,"2025-04-09","143781947","PO",4,,,,"","ALMA","SD1841A1",30073,1002,"2025-04-09","2025-05-09","USD",93.00,60,"3XS:5|2XS:5|XS:10|S:10|M:10|L:10|XL:10"
41842,"2025-04-09 08:39:53.45","#SD1842",50.00,68.00,93.00,120.90,"2025-04-09","143781947","PO",4,,,,"","ALMA","SD1842A0",30074,4002,"2025-04-09","2025-05-09","USD",93.00,60,"3XS:5|2XS:5|XS:10|S:10|M:10|L:10|XL:10"
41843,"2025-04-09 08:39:53.45","#SD1843",50.00,68.00,93.00,120.90,"2025-04-09","143781947","PO",4,,,,"","ALMA","SD1843A1",30075,5002,"2025-04-09","2025-05-09","USD",93.00,60,"3XS:5|2XS:5|XS:10|S:10|M:10|L:10|XL:10"
41844,"2025-04-09 08:39:53.45","#SD1844",50.00,68.00,93.00,120.90,"2025-04-09","143781947","PO",4,,,,"","ALMA","SD1844A0",30076,6002,"2025-04-09","2025-05-09","USD",93.00,60,"3XS:5|2XS:5|XS:10|S:10|M:10|L:10|XL:10"
41845,"2025-04-09 08:39:53.45","#SD1845",50.00,68.00,93.00,120.90,"2025-04-09","143781947","PO",4,,,,"","ALMA","SD1845A1",30077,7002,"2025-04-09","2025-05-09","USD",93.00,60,"3XS:5|2XS:5|XS:10|S:10|M:10|L:10|XL:10"
41846,"2025-04-09 08:39:53.45","#SD1846",50.00,68.00,93.00,120.90,"2025-04-09","143781948","PO",4,,,,"","ALMA","SD1846A0",30078,1002,"2025-04-09","2025-05-09","USD",93.00,60,"3XS:5|2XS:5|XS:10|S:10|M:10|L:10|XL:10"
41847,"2025-04-09 08:39:53.45","#SD1847",50.00,68.00,93.00,120.90,"2025-04-09","143781948","PO",4,,,,"","ALMA","SD1847A1",30079,4002,"2025-04-09","2025-05-09","USD",93.00,60,"3XS:5|2XS:5|XS:10|S:10|M:10|L:10|XL:10"
41848,"2025-04-09 08:39:53.45","#SD1848",50.00,68.00,93.00,120.90,"2025-04-09","143781948","PO",4,,,,"","ALMA","SD1848A1",30082,5002,"2025-04-09","2025-05-09","USD",93.00,60,"3XS:5|2XS:5|XS:10|S:10|M:10|L:10|XL:10"
41849,"2025-04-09 08:39:53.45","#SD1849",50.00,68.00,93.00,120.90,"2025-04-09","143781948","PO",4,,,,"","ALMA","SD1849A0",30083,6002,"2025-04-09","2025-05-09","USD",93.00,60,"3XS:5|2XS:5|XS:10|S:10|M:10|L:10|XL:10"
41850,"2025-04-09 08:39:53.45","#SD1850",50.00,68.00,93.00,120.90,"2025-04-09","143781948","PO",4,,,,"","ALMA","SD1850A1",30084,7002,"2025-04-09","2025-05-09","USD",93.00,60,"3XS:5|2XS:5|XS:10|S:10|M:10|L:10|XL:10"
41851,"2025-04-09 08:39:53.45","#SD1851",50.00,68.00,93.00,120.90,"2025-04-09","143781949","PO",4,,,,"","ALMA","SD1851A0",30085,1002,"2025-04-09","2025-05-09","USD",93.00,60,"3XS:5|2XS:5|XS:10|S:10|M:10|L:10|XL:10"
41852,"2025-04-09 08:39:53.45","#SD1852",50.00,68.00,93.00,120.90,"2025-04-09","143781949","PO",4,,,,"","ALMA","SD1852A1",30086,4002,"2025-04-09","2025-05-09","USD",93.00,60,"3XS:5|2XS:5|XS:10|S:10|M:10|L:10|XL:10"
41853,"2025-04-09 08:39:53.45","#SD1853",50.00,68.00,93.00,120.90,"2025-04-09","143781949","PO",4,,,,"","ALMA","SD1853A0",30087,5002,"2025-04-09","2025-05-09","USD",93.00,60,"3XS:5|2XS:5|XS:10|S:10|M:10|L:10|XL:10"
41854,"2025-04-09 08:39:53.45","#SD1854",50.00,68.00,93.00,120.90,"2025-04-09","143781949","PO",4,,,,"","ALMA","SD1854A1",30088,6002,"2025-04-09","2025-05-09","USD",93.00,60,"3XS:5|2XS:5|XS:10|S:10|M:10|L:10|XL:10"
41855,"2025-04-09 08:39:53.45","#SD1855",50.00,68.00,93.00,120.90,"2025-04-09","143781949","PO",4,,,,"","ALMA","SD1855A1",30089,7002,"2025-04-09","2025-05-09","USD",93.00,60,"3XS:5|2XS:5|XS:10|S:10|M:10|L:10|XL:10"
41856,"2025-04-09 08:39:53.45","#SD1856",50.00,68.00,93.00,120.90,"2025-04-09","143781950","PO",4,,,,"","ALMA","SD1856A0",30090,1002,"2025-04-09","2025-05-09","USD",93.00,60,"3XS:5|2XS:5|XS:10|S:10|M:10|L:10|XL:10"
41857,"2025-04-09 08:39:53.45","#SD1857",50.00,68.00,93.00,120.90,"2025-04-09","143781950","PO",4,,,,"","ALMA","SD1857A1",30013,4002,"2025-04-09","2025-05-09","USD",93.00,60,"3XS:5|2XS:5|XS:10|S:10|M:10|L:10|XL:10"
41858,"2025-04-09 08:39:53.45","#SD1858",50.00,68.00,93.00,120.90,"2025-04-09","143781950","PO",4,,,,"","ALMA","SD1858A0",30022,5002,"2025-04-09","2025-05-09","USD",93.00,60,"3XS:5|2XS:5|XS:10|S:10|M:10|L:10|XL:10"
41859,"2025-04-09 08:39:53.45","#SD1859",50.00,68.00,93.00,120.90,"2025-04-09","143781950","PO",4,,,,"","ALMA","SD1859A1",30025,6002,"2025-04-09","2025-05-09","USD",93.00,60,"3XS:5|2XS:5|XS:10|S:10|M:10|L:10|XL:10"
41860,"2025-04-09 08:39:53.45","#SD1860",50.00,68.00,93.00,120.90,"2025-04-09","143781950","PO",4,,,,"","ALMA","SD1860A0",30026,7002,"2025-04-09","2025-05-09","USD",93.00,60,"3XS:5|2XS:5|XS:10|S:10|M:10|L:10|XL:10"
41861,"2025-04-09 08:39:53.45","#SD1861",50.00,68.00,93.00,120.90,"2025-04-09","143781965","PO",4,,,,"","ALMA","SD1861A1",30027,1002,"2025-04-09","2025-05-09","USD",93.00,60,"3XS:5|2XS:5|XS:10|S:10|M:10|L:10|XL:10"
41862,"2025-04-09 08:39:53.45","#SD1862",50.00,68.00,93.00,120.90,"2025-04-09","143781965","PO",4,,,,"","ALMA","SD1862A1",30029,4002,"2025-04-09","2025-05-09","USD",93.00,60,"3XS:5|2XS:5|XS:10|S:10|M:10|L:10|XL:10"
41863,"2025-04-09 08:39:53.45","#SD1863",50.00,68.00,93.00,120.90,"2025-04-09","143781965","PO",4,,,,"","ALMA","SD1863A0",30045,5002,"2025-04-09","2025-05-09","USD",93.00,60,"3XS:5|2XS:5|XS:10|S:10|M:10|L:10|XL:10"
41864,"2025-04-09 08:39:53.45","#SD1864",50.00,68.00,93.00,120.90,"2025-04-09","143781965","PO",4,,,,"","ALMA","SD1864A1",30047,6002,"2025-04-09","2025-05-09","USD",93.00,60,"3XS:5|2XS:5|XS:10|S:10|M:10|L:10|XL:10"
41865,"2025-04-09 08:39:53.45","#SD1865",50.00,68.00,93.00,120.90,"2025-04-09","143781965","PO",4,,,,"","ALMA","SD1865A0",30065,7002,"2025-04-09","2025-05-09","USD",93.00,60,"3XS:5|2XS:5|XS:10|S:10|M:10|L:10|XL:10"
41866,"2025-04-09 08:39:53.45","#SD1866",50.00,68.00,93.00,120.90,"2025-04-09","143781983","PO",4,,,,"","ALMA","SD1866A1",30069,1002,"2025-04-09","2025-05-09","USD",93.00,60,"3XS:5|2XS:5|XS:10|S:10|M:10|L:10|XL:10"
41867,"2025-04-09 08:39:53.45","#SD1867",50.00,68.00,93.00,120.90,"2025-04-09","143781983","PO",4,,,,"","ALMA","SD1867A0",30070,4002,"2025-04-09","2025-05-09","USD",93.00,60,"3XS:5|2XS:5|XS:10|S:10|M:10|L:10|XL:10"
41868,"2025-04-09 08:39:53.45","#SD1868",50.00,68.00,93.00,120.90,"2025-04-09","143781983","PO",4,,,,"","ALMA","SD1868A1",30071,5002,"2025-04-09","2025-05-09","USD",93.00,60,"3XS:5|2XS:5|XS:10|S:10|M:10|L:10|XL:10"
41869,"2025-04-09 08:39:53.45","#SD1869",50.00,68.00,93.00,120.90,"2025-04-09","143781983","PO",4,,,,"","ALMA","SD1869A1",30072,6002,"2025-04-09","2025-05-09","USD",93.00,60,"3XS:5|2XS:5|XS:10|S:10|M:10|L:10|XL:10"
41870,"2025-04-09 08:39:53.45","#SD1870",50.00,68.00,93.00,120.90,"2025-04-09","143781983","PO",4,,,,"","ALMA","SD1870A0",30073,7002,"2025-04-09","2025-05-09","USD",93.00,60,"3XS:5|2XS:5|XS:10|S:10|M:10|L:10|XL:10"
41871,"2025-04-09 08:39:53.45","#SD1871",50.00,68.00,93.00,120.90,"2025-04-09","143781990","PO",4,,,,"","ALMA","SD1871A1",30074,1002,"2025-04-09","2025-05-09","USD",93.00,60,"3XS:5|2XS:5|XS:10|S:10|M:10|L:10|XL:10"
41872,"2025-04-09 08:39:53.45","#SD1872",50.00,68.00,93.00,120.90,"2025-04-09","143781990","PO",4,,,,"","ALMA","SD1872A0",30075,4002,"2025-04-09","2025-05-09","USD",93.00,60,"3XS:5|2XS:5|XS:10|S:10|M:10|L:10|XL:10"
41873,"2025-04-09 08:39:53.45","#SD1873",50.00,68.00,93.00,120.90,"2025-04-09","143781990","PO",4,,,,"","ALMA","SD1873A1",30076,5002,"2025-04-09","2025-05-09","USD",93.00,60,"3XS:5|2XS:5|XS:10|S:10|M:10|L:10|XL:10"
41874,"2025-04-09 08:39:53.45","#SD1874",50.00,68.00,93.00,120.90,"2025-04-09","143781990","PO",4,,,,"","ALMA","SD1874A0",30077,6002,"2025-04-09","2025-05-09","USD",93.00,60,"3XS:5|2XS:5|XS:10|S:10|M:10|L:10|XL:10"
41875,"2025-04-09 08:39:53.45","#SD1875",50.00,68.00,93.00,120.90,"2025-04-09","143781990","PO",4,,,,"","ALMA","SD1875A1",30078,7002,"2025-04-09","2025-05-09","USD",93.00,60,"3XS:5|2XS:5|XS:10|S:10|M:10|L:10|XL:10"
41876,"2025-04-09 08:39:53.45","#SD1876",50.00,68.00,93.00,120.90,"2025-04-09","143781992","PO",4,,,,"","ALMA","SD1876A1",30079,1002,"2025-04-09","2025-05-09","USD",93.00,60,"3XS:5|2XS:5|XS:10|S:10|M:10|L:10|XL:10"
41877,"2025-04-09 08:39:53.45","#SD1877",50.00,68.00,93.00,120.90,"2025-04-09","143781992","PO",4,,,,"","ALMA","SD1877A0",30082,4002,"2025-04-09","2025-05-09","USD",93.00,60,"3XS:5|2XS:5|XS:10|S:10|M:10|L:10|XL:10"
41878,"2025-04-09 08:39:53.45","#SD1878",50.00,68.00,93.00,120.90,"2025-04-09","143781992","PO",4,,,,"","ALMA","SD1878A1",30083,5002,"2025-04-09","2025-05-09","USD",93.00,60,"3XS:5|2XS:5|XS:10|S:10|M:10|L:10|XL:10"
41879,"2025-04-09 08:39:53.45","#SD1879",50.00,68.00,93.00,120.90,"2025-04-09","143781992","PO",4,,,,"","ALMA","SD1879A0",30084,6002,"2025-04-09","2025-05-09","USD",93.00,60,"3XS:5|2XS:5|XS:10|S:10|M:10|L:10|XL:10"
41880,"2025-04-09 08:39:53.45","#SD1880",50.00,68.00,93.00,120.90,"2025-04-09","143781992","PO",4,,,,"","ALMA","SD1880A1",30085,7002,"2025-04-09","2025-05-09","USD",93.00,60,"3XS:5|2XS:5|XS:10|S:10|M:10|L:10|XL:10"
41881,"2025-04-09 08:39:53.45","#SD1881",50.00,68.00,93.00,120.90,"2025-04-09","143781994","PO",4,,,,"","ALMA","SD1881A0",30086,1002,"2025-04-09","2025-05-09","USD",93.00,60,"3XS:5|2XS:5|XS:10|S:10|M:10|L:10|XL:10"
41882,"2025-04-09 08:39:53.45","#SD1882",50.00,68.00,93.00,120.90,"2025-04-09","143781994","PO",4,,,,"","ALMA","SD1882A1",30087,4002,"2025-04-09","2025-05-09","USD",93.00,60,"3XS:5|2XS:5|XS:10|S:10|M:10|L:10|XL:10"
41883,"2025-04-09 08:39:53.45","#SD1883",50.00,68.00,93.00,120.90,"2025-04-09","143781994","PO",4,,,,"","ALMA","SD1883A1",30088,5002,"2025-04-09","2025-05-09","USD",93.00,60,"3XS:5|2XS:5|XS:10|S:10|M:10|L:10|XL:10"
41884,"2025-04-09 08:39:53.45","#SD1884",50.00,68.00,93.00,120.90,"2025-04-09","143781994","PO",4,,,,"","ALMA","SD1884A0",30089,6002,"2025-04-09","2025-05-09","USD",93.00,60,"3XS:5|2XS:5|XS:10|S:10|M:10|L:10|XL:10"
41885,"2025-04-09 08:39:53.45","#SD1885",50.00,68.00,93.00,120.90,"2025-04-09","143781994","PO",4,,,,"","ALMA","SD1885A1",30090,7002,"2025-04-09","2025-05-09","USD",93.00,60,"3XS:5|2XS:5|XS:10|S:10|M:10|L:10|XL:10"
41886,"2025-04-09 08:39:53.45","#SD1886",50.00,68.00,93.00,120.90,"2025-04-09","143782000","PO",4,,,,"","ALMA","SD1886A0",30013,1002,"2025-04-09","2025-05-09","USD",93.00,60,"3XS:5|2XS:5|XS:10|S:10|M:10|L:10|XL:10"
41887,"2025-04-09 08:39:53.45","#SD1887",50.00,68.00,93.00,120.90,"2025-04-09","143782000","PO",4,,,,"","ALMA","SD1887A1",30022,4002,"2025-04-09","2025-05-09","USD",93.00,60,"3XS:5|2XS:5|XS:10|S:10|M:10|L:10|XL:10"
41888,"2025-04-09 08:39:53.45","#SD1888",50.00,68.00,93.00,120.90,"2025-04-09","143782000","PO",4,,,,"","ALMA","SD1888A0",30025,5002,"2025-04-09","2025-05-09","USD",93.00,60,"3XS:5|2XS:5|XS:10|S:10|M:10|L:10|XL:10"
41889,"2025-04-09 08:39:53.45","#SD1889",50.00,68.00,93.00,120.90,"2025-04-09","143782000","PO",4,,,,"","ALMA","SD1889A1",30026,6002,"2025-04-09","2025-05-09","USD",93.00,60,"3XS:5|2XS:5|XS:10|S:10|M:10|L:10|XL:10"
41890,"2025-04-09 08:39:53.45","#SD1890",50.00,68.00,93.00,120.90,"2025-04-09","143782000","PO",4,,,,"","ALMA","SD1890A1",30027,7002,"2025-04-09","2025-05-09","USD",93.00,60,"3XS:5|2XS:5|XS:10|S:10|M:10|L:10|XL:10"
41891,"2025-04-09 08:39:53.45","#SD1891",50.00,68.00,93.00,120.90,"2025-04-09","143782003","PO",4,,,,"","ALMA","SD1891A0",30029,1002,"2025-04-09","2025-05-09","USD",93.00,60,"3XS:5|2XS:5|XS:10|S:10|M:10|L:10|XL:10"
41892,"2025-04-09 08:39:53.45","#SD1892",50.00,68.00,93.00,120.90,"2025-04-09","143782003","PO",4,,,,"","ALMA","SD1892A1",30045,4002,"2025-04-09","2025-05-09","USD",93.00,60,"3XS:5|2XS:5|XS:10|S:10|M:10|L:10|XL:10"
41893,"2025-04-09 08:39:53.45","#SD1893",50.00,68.00,93.00,120.90,"2025-04-09","143782003","PO",4,,,,"","ALMA","SD1893A0",30047,5002,"2025-04-09","2025-05-09","USD",93.00,60,"3XS:5|2XS:5|XS:10|S:10|M:10|L:10|XL:10"
41894,"2025-04-09 08:39:53.45","#SD1894",50.00,68.00,93.00,120.90,"2025-04-09","143782003","PO",4,,,,"","ALMA","SD1894A1",30065,6002,"2025-04-09","2025-05-09","USD",93.00,60,"3XS:5|2XS:5|XS:10|S:10|M:10|L:10|XL:10"
41895,"2025-04-09 08:39:53.45","#SD1895",50.00,68.00,93.00,120.90,"2025-04-09","143782003","PO",4,,,,"","ALMA","SD1895A0",30069,7002,"2025-04-09","2025-05-09","USD",93.00,60,"3XS:5|2XS:5|XS:10|S:10|M:10|L:10|XL:10"
41896,"2025-04-09 08:39:53.45","#SD1896",50.00,68.00,93.00,120.90,"2025-04-09","143782011","PO",4,,,,"","ALMA","SD1896A1",30070,1002,"2025-04-09","2025-05-09","USD",93.00,60,"3XS:5|2XS:5|XS:10|S:10|M:10|L:10|XL:10"
41897,"2025-04-09 08:39:53.45","#SD1897",50.00,68.00,93.00,120.90,"2025-04-09","143782011","PO",4,,,,"","ALMA","SD1897A1",30071,4002,"2025-04-09","2025-05-09","USD",93.00,60,"3XS:5|2XS:5|XS:10|S:10|M:10|L:10|XL:10"
41898,"2025-04-09 08:39:53.45","#SD1898",50.00,68.00,93.00,120.90,"2025-04-09","143782011","PO",4,,,,"","ALMA","SD1898A0",30072,5002,"2025-04-09","2025-05-09","USD",93.00,60,"3XS:5|2XS:5|XS:10|S:10|M:10|L:10|XL:10"
41899,"2025-04-09 08:39:53.45","#SD1899",50.00,68.00,93.00,120.90,"2025-04-09","143782011","PO",4,,,,"","ALMA","SD1899A1",30073,6002,"2025-04-09","2025-05-09","USD",93.00,60,"3XS:5|2XS:5|XS:10|S:10|M:10|L:10|XL:10"
41900,"2025-04-09 08:39:53.45","#SD1900",50.00,68.00,93.00,120.90,"2025-04-09","143782011","PO",4,,,,"","ALMA","SD1900A0",30074,7002,"2025-04-09","2025-05-09","USD",93.00,60,"3XS:5|2XS:5|XS:10|S:10|M:10|L:10|XL:10"
41901,"2025-04-09 08:39:53.45","#SD1901",50.00,68.00,93.00,120.90,"2025-04-09","143782016","PO",4,,,,"","ALMA","SD1901A1",30075,1002,"2025-04-09","2025-05-09","USD",93.00,60,"3XS:5|2XS:5|XS:10|S:10|M:10|L:10|XL:10"
41902,"2025-04-09 08:39:53.45","#SD1902",50.00,68.00,93.00,120.90,"2025-04-09","143782016","PO",4,,,,"","ALMA","SD1902A0",30076,4002,"2025-04-09","2025-05-09","USD",93.00,60,"3XS:5|2XS:5|XS:10|S:10|M:10|L:10|XL:10"
41903,"2025-04-09 08:39:53.45","#SD1903",50.00,68.00,93.00,120.90,"2025-04-09","143782016","PO",4,,,,"","ALMA","SD1903A1",30077,5002,"2025-04-09","2025-05-09","USD",93.00,60,"3XS:5|2XS:5|XS:10|S:10|M:10|L:10|XL:10"
41904,"2025-04-09 08:39:53.45","#SD1904",50.00,68.00,93.00,120.90,"2025-04-09","143782016","PO",4,,,,"","ALMA","SD1904A1",30078,6002,"2025-04-09","2025-05-09","USD",93.00,60,"3XS:5|2XS:5|XS:10|S:10|M:10|L:10|XL:10"
41905,"2025-04-09 08:39:53.45","#SD1905",50.00,68.00,93.00,120.90,"2025-04-09","143782016","PO",4,,,,"","ALMA","SD1905A0",30079,7002,"2025-04-09","2025-05-09","USD",93.00,60,"3XS:5|2XS:5|XS:10|S:10|M:10|L:10|XL:10"
41906,"2025-04-09 08:39:53.45","#SD1906",50.00,68.00,93.00,120.90,"2025-04-09","143782021","PO",4,,,,"","ALMA","SD1906A1",30082,1002,"2025-04-09","2025-05-09","USD",93.00,60,"3XS:5|2XS:5|XS:10|S:10|M:10|L:10|XL:10"
41907,"2025-04-09 08:39:53.45","#SD1907",50.00,68.00,93.00,120.90,"2025-04-09","143782021","PO",4,,,,"","ALMA","SD1907A0",30083,4002,"2025-04-09","2025-05-09","USD",93.00,60,"3XS:5|2XS:5|XS:10|S:10|M:10|L:10|XL:10"
41908,"2025-04-09 08:39:53.45","#SD1908",50.00,68.00,93.00,120.90,"2025-04-09","143782021","PO",4,,,,"","ALMA","SD1908A1",30084,5002,"2025-04-09","2025-05-09","USD",93.00,60,"3XS:5|2XS:5|XS:10|S:10|M:10|L:10|XL:10"
41909,"2025-04-09 08:39:53.45","#SD1909",50.00,68.00,93.00,120.90,"2025-04-09","143782021","PO",4,,,,"","ALMA","SD1909A0",30085,6002,"2025-04-09","2025-05-09","USD",93.00,60,"3XS:5|2XS:5|XS:10|S:10|M:10|L:10|XL:10"
41910,"2025-04-09 08:39:53.45","#SD1910",50.00,68.00,93.00,120.90,"2025-04-09","143782021","PO",4,,,,"","ALMA","SD1910A1",30086,7002,"2025-04-09","2025-05-09","USD",93.00,60,"3XS:5|2XS:5|XS:10|S:10|M:10|L:10|XL:10"
41911,"2025-04-09 08:39:53.45","#SD1911",50.00,68.00,93.00,120.90,"2025-04-09","143782025","PO",4,,,,"","ALMA","SD1911A1",30087,1002,"2025-04-09","2025-05-09","USD",93.00,60,"3XS:5|2XS:5|XS:10|S:10|M:10|L:10|XL:10"
41912,"2025-04-09 08:39:53.45","#SD1912",50.00,68.00,93.00,120.90,"2025-04-09","143782025","PO",4,,,,"","ALMA","SD1912A0",30088,4002,"2025-04-09","2025-05-09","USD",93.00,60,"3XS:5|2XS:5|XS:10|S:10|M:10|L:10|XL:10"
41913,"2025-04-09 08:39:53.45","#SD1913",50.00,68.00,93.00,120.90,"2025-04-09","143782025","PO",4,,,,"","ALMA","SD1913A1",30089,5002,"2025-04-09","2025-05-09","USD",93.00,60,"3XS:5|2XS:5|XS:10|S:10|M:10|L:10|XL:10"
41914,"2025-04-09 08:39:53.45","#SD1914",50.00,68.00,93.00,120.90,"2025-04-09","143782025","PO",4,,,,"","ALMA","SD1914A0",30090,6002,"2025-04-09","2025-05-09","USD",93.00,60,"3XS:5|2XS:5|XS:10|S:10|M:10|L:10|XL:10"
41915,"2025-04-09 08:39:53.45","#SD1915",50.00,68.00,93.00,120.90,"2025-04-09","143782025","PO",4,,,,"","ALMA","SD1915A1",30013,7002,"2025-04-09","2025-05-09","USD",93.00,60,"3XS:5|2XS:5|XS:10|S:10|M:10|L:10|XL:10"
41916,"2025-04-09 08:39:53.45","#SD1916",50.00,68.00,93.00,120.90,"2025-04-09","143782028","PO",4,,,,"","ALMA","SD1916A0",30022,1002,"2025-04-09","2025-05-09","USD",93.00,60,"3XS:5|2XS:5|XS:10|S:10|M:10|L:10|XL:10"
41917,"2025-04-09 08:39:53.45","#SD1917",50.00,68.00,93.00,120.90,"2025-04-09","143782028","PO",4,,,,"","ALMA","SD1917A1",30025,4002,"2025-04-09","2025-05-09","USD",93.00,60,"3XS:5|2XS:5|XS:10|S:10|M:10|L:10|XL:10"
41918,"2025-04-09 08:39:53.45","#SD1918",50.00,68.00,93.00,120.90,"2025-04-09","143782028","PO",4,,,,"","ALMA","SD1918A1",30026,5002,"2025-04-09","2025-05-09","USD",93.00,60,"3XS:5|2XS:5|XS:10|S:10|M:10|L:10|XL:10"
41919,"2025-04-09 08:39:53.45","#SD1919",50.00,68.00,93.00,120.90,"2025-04-09","143782028","PO",4,,,,"","ALMA","SD1919A0",30027,6002,"2025-04-09","2025-05-09","USD",93.00,60,"3XS:5|2XS:5|XS:10|S:10|M:10|L:10|XL:10"
41920,"2025-04-09 08:39:53.45","#SD1920",50.00,68.00,93.00,120.90,"2025-04-09","143782028","PO",4,,,,"","ALMA","SD1920A1",30029,7002,"2025-04-09","2025-05-09","USD",93.00,60,"3XS:5|2XS:5|XS:10|S:10|M:10|L:10|XL:10"
41921,"2025-04-09 08:39:53.45","#SD1921",50.00,68.00,93.00,120.90,"2025-04-09","143782033","PO",4,,,,"","ALMA","SD1921A0",30045,1002,"2025-04-09","2025-05-09","USD",93.00,60,"3XS:5|2XS:5|XS:10|S:10|M:10|L:10|XL:10"
41922,"2025-04-09 08:39:53.45","#SD1922",50.00,68.00,93.00,120.90,"2025-04-09","143782033","PO",4,,,,"","ALMA","SD1922A1",30047,4002,"2025-04-09","2025-05-09","USD",93.00,60,"3XS:5|2XS:5|XS:10|S:10|M:10|L:10|XL:10"
41923,"2025-04-09 08:39:53.45","#SD1923",50.00,68.00,93.00,120.90,"2025-04-09","143782033","PO",4,,,,"","ALMA","SD1923A0",30065,5002,"2025-04-09","2025-05-09","USD",93.00,60,"3XS:5|2XS:5|XS:10|S:10|M:10|L:10|XL:10"
41924,"2025-04-09 08:39:53.45","#SD1924",50.00,68.00,93.00,120.90,"2025-04-09","143782033","PO",4,,,,"","ALMA","SD1924A1",30069,6002,"2025-04-09","2025-05-09","USD",93.00,60,"3XS:5|2XS:5|XS:10|S:10|M:10|L:10|XL:10"
41925,"2025-04-09 08:39:53.45","#SD1925",50.00,68.00,93.00,120.90,"2025-04-09","143782033","PO",4,,,,"","ALMA","SD1925A1",30070,7002,"2025-04-09","2025-05-09","USD",93.00,60,"3XS:5|2XS:5|XS:10|S:10|M:10|L:10|XL:10"
41926,"2025-04-09 08:39:53.45","#SD1926",50.00,68.00,93.00,120.90,"2025-04-09","143782034","PO",4,,,,"","ALMA","SD1926A0",30071,1002,"2025-04-09","2025-05-09","USD",93.00,60,"3XS:5|2XS:5|XS:10|S:10|M:10|L:10|XL:10"
41927,"2025-04-09 08:39:53.45","#SD1927",50.00,68.00,93.00,120.90,"2025-04-09","143782034","PO",4,,,,"","ALMA","SD1927A1",30072,4002,"2025-04-09","2025-05-09","USD",93.00,60,"3XS:5|2XS:5|XS:10|S:10|M:10|L:10|XL:10"
41928,"2025-04-09 08:39:53.45","#SD1928",50.00,68.00,93.00,120.90,"2025-04-09","143782034","PO",4,,,,"","ALMA","SD1928A0",30073,5002,"2025-04-09","2025-05-09","USD",93.00,60,"3XS:5|2XS:5|XS:10|S:10|M:10|L:10|XL:10"
41929,"2025-04-09 08:39:53.45","#SD1929",50.00,68.00,93.00,120.90,"2025-04-09","143782034","PO",4,,,,"","ALMA","SD1929A1",30074,6002,"2025-04-09","2025-05-09","USD",93.00,60,"3XS:5|2XS:5|XS:10|S:10|M:10|L:10|XL:10"
41930,"2025-04-09 08:39:53.45","#SD1930",50.00,68.00,93.00,120.90,"2025-04-09","143782034","PO",4,,,,"","ALMA","SD1930A0",30075,7002,"2025-04-09","2025-05-09","USD",93.00,60,"3XS:5|2XS:5|XS:10|S:10|M:10|L:10|XL:10"
41931,"2025-04-09 08:39:53.45","#SD1931",50.00,68.00,93.00,120.90,"2025-04-09","143782044","PO",4,,,,"","ALMA","SD1931A1",30076,1002,"2025-04-09","2025-05-09","USD",93.00,60,"3XS:5|2XS:5|XS:10|S:10|M:10|L:10|XL:10"
41932,"2025-04-09 08:39:53.45","#SD1932",50.00,68.00,93.00,120.90,"2025-04-09","143782044","PO",4,,,,"","ALMA","SD1932A1",30077,4002,"2025-04-09","2025-05-09","USD",93.00,60,"3XS:5|2XS:5|XS:10|S:10|M:10|L:10|XL:10"
41933,"2025-04-09 08:39:53.45","#SD1933",50.00,68.00,93.00,120.90,"2025-04-09","143782044","PO",4,,,,"","ALMA","SD1933A0",30078,5002,"2025-04-09","2025-05-09","USD",93.00,60,"3XS:5|2XS:5|XS:10|S:10|M:10|L:10|XL:10"
41934,"2025-04-09 08:39:53.45","#SD1934",50.00,68.00,93.00,120.90,"2025-04-09","143782044","PO",4,,,,"","ALMA","SD1934A1",30079,6002,"2025-04-09","2025-05-09","USD",93.00,60,"3XS:5|2XS:5|XS:10|S:10|M:10|L:10|XL:10"
41935,"2025-04-09 08:39:53.45","#SD1935",50.00,68.00,93.00,120.90,"2025-04-09","143782044","PO",4,,,,"","ALMA","SD1935A0",30082,7002,"2025-04-09","2025-05-09","USD",93.00,60,"3XS:5|2XS:5|XS:10|S:10|M:10|L:10|XL:10"
41936,"2025-04-09 08:39:53.45","#SD1936",50.00,68.00,93.00,120.90,"2025-04-09","143782047","PO",4,,,,"","ALMA","SD1936A1",30083,1002,"2025-04-09","2025-05-09","USD",93.00,60,"3XS:5|2XS:5|XS:10|S:10|M:10|L:10|XL:10"
41937,"2025-04-09 08:39:53.45","#SD1937",50.00,68.00,93.00,120.90,"2025-04-09","143782047","PO",4,,,,"","ALMA","SD1937A0",30084,4002,"2025-04-09","2025-05-09","USD",93.00,60,"3XS:5|2XS:5|XS:10|S:10|M:10|L:10|XL:10"
41938,"2025-04-09 08:39:53.45","#SD1938",50.00,68.00,93.00,120.90,"2025-04-09","143782047","PO",4,,,,"","ALMA","SD1938A1",30085,5002,"2025-04-09","2025-05-09","USD",93.00,60,"3XS:5|2XS:5|XS:10|S:10|M:10|L:10|XL:10"
41939,"2025-04-09 08:39:53.45","#SD1939",50.00,68.00,93.00,120.90,"2025-04-09","143782047","PO",4,,,,"","ALMA","SD1939A1",30086,6002,"2025-04-09","2025-05-09","USD",93.00,60,"3XS:5|2XS:5|XS:10|S:10|M:10|L:10|XL:10"
41940,"2025-04-09 08:39:53.45","#SD1940",50.00,68.00,93.00,120.90,"2025-04-09","143782047","PO",4,,,,"","ALMA","SD1940A0",30087,7002,"2025-04-09","2025-05-09","USD",93.00,60,"3XS:5|2XS:5|XS:10|S:10|M:10|L:10|XL:10"
41941,"2025-04-09 08:39:53.45","#SD1941",50.00,68.00,93.00,120.90,"2025-04-09","143782061","PO",4,,,,"","ALMA","SD1941A1",30088,1002,"2025-04-09","2025-05-09","USD",93.00,60,"3XS:5|2XS:5|XS:10|S:10|M:10|L:10|XL:10"
41942,"2025-04-09 08:39:53.45","#SD1942",50.00,68.00,93.00,120.90,"2025-04-09","143782061","PO",4,,,,"","ALMA","SD1942A0",30089,4002,"2025-04-09","2025-05-09","USD",93.00,60,"3XS:5|2XS:5|XS:10|S:10|M:10|L:10|XL:10"
41943,"2025-04-09 08:39:53.45","#SD1943",50.00,68.00,93.00,120.90,"2025-04-09","143782061","PO",4,,,,"","ALMA","SD1943A1",30090,5002,"2025-04-09","2025-05-09","USD",93.00,60,"3XS:5|2XS:5|XS:10|S:10|M:10|L:10|XL:10"
41944,"2025-04-09 08:39:53.45","#SD1944",50.00,68.00,93.00,120.90,"2025-04-09","143782061","PO",4,,,,"","ALMA","SD1944A0",30013,6002,"2025-04-09","2025-05-09","USD",93.00,60,"3XS:5|2XS:5|XS:10|S:10|M:10|L:10|XL:10"
41945,"2025-04-09 08:39:53.45","#SD1945",50.00,68.00,93.00,120.90,"2025-04-09","143782061","PO",4,,,,"","ALMA","SD1945A1",30022,7002,"2025-04-09","2025-05-09","USD",93.00,60,"3XS:5|2XS:5|XS:10|S:10|M:10|L:10|XL:10"
41946,"2025-04-09 08:39:53.45","#SD1946",50.00,68.00,93.00,120.90,"2025-04-09","143782068","PO",4,,,,"","ALMA","SD1946A1",30025,1002,"2025-04-09","2025-05-09","USD",93.00,60,"3XS:5|2XS:5|XS:10|S:10|M:10|L:10|XL:10"
41947,"2025-04-09 08:39:53.45","#SD1947",50.00,68.00,93.00,120.90,"2025-04-09","143782068","PO",4,,,,"","ALMA","SD1947A0",30026,4002,"2025-04-09","2025-05-09","USD",93.00,60,"3XS:5|2XS:5|XS:10|S:10|M:10|L:10|XL:10"
41948,"2025-04-09 08:39:53.45","#SD1948",50.00,68.00,93.00,120.90,"2025-04-09","143782068","PO",4,,,,"","ALMA","SD1948A1",30027,5002,"2025-04-09","2025-05-09","USD",93.00,60,"3XS:5|2XS:5|XS:10|S:10|M:10|L:10|XL:10"
41949,"2025-04-09 08:39:53.45","#SD1949",50.00,68.00,93.00,120.90,"2025-04-09","143782068","PO",4,,,,"","ALMA","SD1949A0",30029,6002,"2025-04-09","2025-05-09","USD",93.00,60,"3XS:5|2XS:5|XS:10|S:10|M:10|L:10|XL:10"
41950,"2025-04-09 08:39:53.45","#SD1950",50.00,68.00,93.00,120.90,"2025-04-09","143782068","PO",4,,,,"","ALMA","SD1950A1",30045,7002,"2025-04-09","2025-05-09","USD",93.00,60,"3XS:5|2XS:5|XS:10|S:10|M:10|L:10|XL:10"
41951,"2025-04-09 08:39:53.45","#SD1951",50.00,68.00,93.00,120.90,"2025-04-09","143782094","PO",4,,,,"","ALMA","SD1951A0",30047,1002,"2025-04-09","2025-05-09","USD",93.00,60,"3XS:5|2XS:5|XS:10|S:10|M:10|L:10|XL:10"
41952,"2025-04-09 08:39:53.45","#SD1952",50.00,68.00,93.00,120.90,"2025-04-09","143782094","PO",4,,,,"","ALMA","SD1952A1",30065,4002,"2025-04-09","2025-05-09","USD",93.00,60,"3XS:5|2XS:5|XS:10|S:10|M:10|L:10|XL:10"
41953,"2025-04-09 08:39:53.45","#SD1953",50.00,68.00,93.00,120.90,"2025-04-09","143782094","PO",4,,,,"","ALMA","SD1953A1",30069,5002,"2025-04-09","2025-05-09","USD",93.00,60,"3XS:5|2XS:5|XS:10|S:10|M:10|L:10|XL:10"
41954,"2025-04-09 08:39:53.45","#SD1954",50.00,68.00,93.00,120.90,"2025-04-09","143782094","PO",4,,,,"","ALMA","SD1954A0",30070,6002,"2025-04-09","2025-05-09","USD",93.00,60,"3XS:5|2XS:5|XS:10|S:10|M:10|L:10|XL:10"
41955,"2025-04-09 08:39:53.45","#SD1955",50.00,68.00,93.00,120.90,"2025-04-09","143782094","PO",4,,,,"","ALMA","SD1955A1",30071,7002,"2025-04-09","2025-05-09","USD",93.00,60,"3XS:5|2XS:5|XS:10|S:10|M:10|L:10|XL:10"
41956,"2025-04-09 08:39:53.45","#SD1956",50.00,68.00,93.00,120.90,"2025-04-09","143782116","PO",4,,,,"","ALMA","SD1956A0",30072,1002,"2025-04-09","2025-05-09","USD",93.00,60,"3XS:5|2XS:5|XS:10|S:10|M:10|L:10|XL:10"
41957,"2025-04-09 08:39:53.45","#SD1957",50.00,68.00,93.00,120.90,"2025-04-09","143782116","PO",4,,,,"","ALMA","SD1957A1",30073,4002,"2025-04-09","2025-05-09","USD",93.00,60,"3XS:5|2XS:5|XS:10|S:10|M:10|L:10|XL:10"
41958,"2025-04-09 08:39:53.45","#SD1958",50.00,68.00,93.00,120.90,"2025-04-09","143782116","PO",4,,,,"","ALMA","SD1958A0",30074,5002,"2025-04-09","2025-05-09","USD",93.00,60,"3XS:5|2XS:5|XS:10|S:10|M:10|L:10|XL:10"
41959,"2025-04-09 08:39:53.45","#SD1959",50.00,68.00,93.00,120.90,"2025-04-09","143782116","PO",4,,,,"","ALMA","SD1959A1",30075,6002,"2025-04-09","2025-05-09","USD",93.00,60,"3XS:5|2XS:5|XS:10|S:10|M:10|L:10|XL:10"
41960,"2025-04-09 08:39:53.45","#SD1960",50.00,68.00,93.00,120.90,"2025-04-09","143782116","PO",4,,,,"","ALMA","SD1960A1",30076,7002,"2025-04-09","2025-05-09","USD",93.00,60,"3XS:5|2XS:5|XS:10|S:10|M:10|L:10|XL:10"
41961,"2025-04-09 08:39:53.45","#SD1961",50.00,68.00,93.00,120.90,"2025-04-09","143782146","PO",4,,,,"","ALMA","SD1961A0",30077,1002,"2025-04-09","2025-05-09","USD",93.00,60,"3XS:5|2XS:5|XS:10|S:10|M:10|L:10|XL:10"
41962,"2025-04-09 08:39:53.45","#SD1962",50.00,68.00,93.00,120.90,"2025-04-09","143782146","PO",4,,,,"","ALMA","SD1962A1",30078,4002,"2025-04-09","2025-05-09","USD",93.00,60,"3XS:5|2XS:5|XS:10|S:10|M:10|L:10|XL:10"
41963,"2025-04-09 08:39:53.45","#SD1963",50.00,68.00,93.00,120.90,"2025-04-09","143782146","PO",4,,,,"","ALMA","SD1963A0",30079,5002,"2025-04-09","2025-05-09","USD",93.00,60,"3XS:5|2XS:5|XS:10|S:10|M:10|L:10|XL:10"
41964,"2025-04-09 08:39:53.45","#SD1964",50.00,68.00,93.00,120.90,"2025-04-09","143782146","PO",4,,,,"","ALMA","SD1964A1",30082,6002,"2025-04-09","2025-05-09","USD",93.00,60,"3XS:5|2XS:5|XS:10|S:10|M:10|L:10|XL:10"
41965,"2025-04-09 08:39:53.45","#SD1965",50.00,68.00,93.00,120.90,"2025-04-09","143782146","PO",4,,,,"","ALMA","SD1965A0",30083,7002,"2025-04-09","2025-05-09","USD",93.00,60,"3XS:5|2XS:5|XS:10|S:10|M:10|L:10|XL:10"
41966,"2025-04-09 08:39:53.45","#SD1966",50.00,68.00,93.00,120.90,"2025-04-09","143782147","PO",4,,,,"","ALMA","SD1966A1",30084,1002,"2025-04-09","2025-05-09","USD",93.00,60,"3XS:5|2XS:5|XS:10|S:10|M:10|L:10|XL:10"
41967,"2025-04-09 08:39:53.45","#SD1967",50.00,68.00,93.00,120.90,"2025-04-09","143782147","PO",4,,,,"","ALMA","SD1967A1",30085,4002,"2025-04-09","2025-05-09","USD",93.00,60,"3XS:5|2XS:5|XS:10|S:10|M:10|L:10|XL:10"
41968,"2025-04-09 08:39:53.45","#SD1968",50.00,68.00,93.00,120.90,"2025-04-09","143782147","PO",4,,,,"","ALMA","SD1968A0",30086,5002,"2025-04-09","2025-05-09","USD",93.00,60,"3XS:5|2XS:5|XS:10|S:10|M:10|L:10|XL:10"
41969,"2025-04-09 08:39:53.45","#SD1969",50.00,68.00,93.00,120.90,"2025-04-09","143782147","PO",4,,,,"","ALMA","SD1969A1",30087,6002,"2025-04-09","2025-05-09","USD",93.00,60,"3XS:5|2XS:5|XS:10|S:10|M:10|L:10|XL:10"
41970,"2025-04-09 08:39:53.45","#SD1970",50.00,68.00,93.00,120.90,"2025-04-09","143782147","PO",4,,,,"","ALMA","SD1970A0",30088,7002,"2025-04-09","2025-05-09","USD",93.00,60,"3XS:5|2XS:5|XS:10|S:10|M:10|L:10|XL:10"
41971,"2025-04-09 08:39:53.45","#SD1971",50.00,68.00,93.00,120.90,"2025-04-09","143782148","PO",4,,,,"","ALMA","SD1971A1",30089,1002,"2025-04-09","2025-05-09","USD",93.00,60,"3XS:5|2XS:5|XS:10|S:10|M:10|L:10|XL:10"
41972,"2025-04-09 08:39:53.45","#SD1972",50.00,68.00,93.00,120.90,"2025-04-09","143782148","PO",4,,,,"","ALMA","SD1972A0",30090,4002,"2025-04-09","2025-05-09","USD",93.00,60,"3XS:5|2XS:5|XS:10|S:10|M:10|L:10|XL:10"
41973,"2025-04-09 08:39:53.45","#SD1973",50.00,68.00,93.00,120.90,"2025-04-09","143782148","PO",4,,,,"","ALMA","SD1973A1",30013,5002,"2025-04-09","2025-05-09","USD",93.00,60,"3XS:5|2XS:5|XS:10|S:10|M:10|L:10|XL:10"
41974,"2025-04-09 08:39:53.45","#SD1974",50.00,68.00,93.00,120.90,"2025-04-09","143782148","PO",4,,,,"","ALMA","SD1974A1",30022,6002,"2025-04-09","2025-05-09","USD",93.00,60,"3XS:5|2XS:5|XS:10|S:10|M:10|L:10|XL:10"
41975,"2025-04-09 08:39:53.45","#SD1975",50.00,68.00,93.00,120.90,"2025-04-09","143782148","PO",4,,,,"","ALMA","SD1975A0",30025,7002,"2025-04-09","2025-05-09","USD",93.00,60,"3XS:5|2XS:5|XS:10|S:10|M:10|L:10|XL:10"
41976,"2025-04-09 08:39:53.45","#SD1976",50.00,68.00,93.00,120.90,"2025-04-09","143782149","PO",4,,,,"","ALMA","SD1976A1",30026,1002,"2025-04-09","2025-05-09","USD",93.00,60,"3XS:5|2XS:5|XS:10|S:10|M:10|L:10|XL:10"
41977,"2025-04-09 08:39:53.45","#SD1977",50.00,68.00,93.00,120.90,"2025-04-09","143782149","PO",4,,,,"","ALMA","SD1977A0",30027,4002,"2025-04-09","2025-05-09","USD",93.00,60,"3XS:5|2XS:5|XS:10|S:10|M:10|L:10|XL:10"
41978,"2025-04-09 08:39:53.45","#SD1978",50.00,68.00,93.00,120.90,"2025-04-09","143782149","PO",4,,,,"","ALMA","SD1978A1",30029,5002,"2025-04-09","2025-05-09","USD",93.00,60,"3XS:5|2XS:5|XS:10|S:10|M:10|L:10|XL:10"
41979,"2025-04-09 08:39:53.45","#SD1979",50.00,68.00,93.00,120.90,"2025-04-09","143782149","PO",4,,,,"","ALMA","SD1979A0",30045,6002,"2025-04-09","2025-05-09","USD",93.00,60,"3XS:5|2XS:5|XS:10|S:10|M:10|L:10|XL:10"
41980,"2025-04-09 08:39:53.45","#SD1980",50.00,68.00,93.00,120.90,"2025-04-09","143782149","PO",4,,,,"","ALMA","SD1980A1",30047,7002,"2025-04-09","2025-05-09","USD",93.00,60,"3XS:5|2XS:5|XS:10|S:10|M:10|L:10|XL:10"
41981,"2025-04-09 08:39:53.45","#SD1981",50.00,68.00,93.00,120.90,"2025-04-09","143782156","PO",4,,,,"","ALMA","SD1981A1",30065,1002,"2025-04-09","2025-05-09","USD",93.00,60,"3XS:5|2XS:5|XS:10|S:10|M:10|L:10|XL:10"
41982,"2025-04-09 08:39:53.45","#SD1982",50.00,68.00,93.00,120.90,"2025-04-09","143782156","PO",4,,,,"","ALMA","SD1982A0",30069,4002,"2025-04-09","2025-05-09","USD",93.00,60,"3XS:5|2XS:5|XS:10|S:10|M:10|L:10|XL:10"
41983,"2025-04-09 08:39:53.45","#SD1983",50.00,68.00,93.00,120.90,"2025-04-09","143782156","PO",4,,,,"","ALMA","SD1983A1",30070,5002,"2025-04-09","2025-05-09","USD",93.00,60,"3XS:5|2XS:5|XS:10|S:10|M:10|L:10|XL:10"
41984,"2025-04-09 08:39:53.45","#SD1984",50.00,68.00,93.00,120.90,"2025-04-09","143782156","PO",4,,,,"","ALMA","SD1984A0",30071,6002,"2025-04-09","2025-05-09","USD",93.00,60,"3XS:5|2XS:5|XS:10|S:10|M:10|L:10|XL:10"
41985,"2025-04-09 08:39:53.45","#SD1985",50.00,68.00,93.00,120.90,"2025-04-09","143782156","PO",4,,,,"","ALMA","SD1985A1",30072,7002,"2025-04-09","2025-05-09","USD",93.00,60,"3XS:5|2XS:5|XS:10|S:10|M:10|L:10|XL:10"
41986,"2025-04-09 08:39:53.45","#SD1986",50.00,68.00,93.00,120.90,"2025-04-09","143782178","PO",4,,,,"","ALMA","SD1986A0",30073,1002,"2025-04-09","2025-05-09","USD",93.00,60,"3XS:5|2XS:5|XS:10|S:10|M:10|L:10|XL:10"
41987,"2025-04-09 08:39:53.45","#SD1987",50.00,68.00,93.00,120.90,"2025-04-09","143782178","PO",4,,,,"","ALMA","SD1987A1",30074,4002,"2025-04-09","2025-05-09","USD",93.00,60,"3XS:5|2XS:5|XS:10|S:10|M:10|L:10|XL:10"
41988,"2025-04-09 08:39:53.45","#SD1988",50.00,68.00,93.00,120.90,"2025-04-09","143782178","PO",4,,,,"","ALMA","SD1988A1",30075,5002,"2025-04-09","2025-05-09","USD",93.00,60,"3XS:5|2XS:5|XS:10|S:10|M:10|L:10|XL:10"
41989,"2025-04-09 08:39:53.45","#SD1989",50.00,68.00,93.00,120.90,"2025-04-09","143782178","PO",4,,,,"","ALMA","SD1989A0",30076,6002,"2025-04-09","2025-05-09","USD",93.00,60,"3XS:5|2XS:5|XS:10|S:10|M:10|L:10|XL:10"
41990,"2025-04-09 08:39:53.45","#SD1990",50.00,68.00,93.00,120.90,"2025-04-09","143782178","PO",4,,,,"","ALMA","SD1990A1",30077,7002,"2025-04-09","2025-05-09","USD",93.00,60,"3XS:5|2XS:5|XS:10|S:10|M:10|L:10|XL:10"
41991,"2025-04-09 08:39:53.45","#SD1991",50.00,68.00,93.00,120.90,"2025-04-09","143782179","PO",4,,,,"","ALMA","SD1991A0",30078,1002,"2025-04-09","2025-05-09","USD",93.00,60,"3XS:5|2XS:5|XS:10|S:10|M:10|L:10|XL:10"
41992,"2025-04-09 08:39:53.45","#SD1992",50.00,68.00,93.00,120.90,"2025-04-09","143782179","PO",4,,,,"","ALMA","SD1992A1",30079,4002,"2025-04-09","2025-05-09","USD",93.00,60,"3XS:5|2XS:5|XS:10|S:10|M:10|L:10|XL:10"
41993,"2025-04-09 08:39:53.45","#SD1993",50.00,68.00,93.00,120.90,"2025-04-09","143782179","PO",4,,,,"","ALMA","SD1993A0",30082,5002,"2025-04-09","2025-05-09","USD",93.00,60,"3XS:5|2XS:5|XS:10|S:10|M:10|L:10|XL:10"
41994,"2025-04-09 08:39:53.45","#SD1994",50.00,68.00,93.00,120.90,"2025-04-09","143782179","PO",4,,,,"","ALMA","SD1994A1",30083,6002,"2025-04-09","2025-05-09","USD",93.00,60,"3XS:5|2XS:5|XS:10|S:10|M:10|L:10|XL:10"
41995,"2025-04-09 08:39:53.45","#SD1995",50.00,68.00,93.00,120.90,"2025-04-09","143782179","PO",4,,,,"","ALMA","SD1995A1",30084,7002,"2025-04-09","2025-05-09","USD",93.00,60,"3XS:5|2XS:5|XS:10|S:10|M:10|L:10|XL:10"
41996,"2025-04-09 08:39:53.45","#SD1996",50.00,68.00,93.00,120.90,"2025-04-09","143782187","PO",4,,,,"","ALMA","SD1996A0",30085,1002,"2025-04-09","2025-05-09","USD",93.00,60,"3XS:5|2XS:5|XS:10|S:10|M:10|L:10|XL:10"
41997,"2025-04-09 08:39:53.45","#SD1997",50.00,68.00,93.00,120.90,"2025-04-09","143782187","PO",4,,,,"","ALMA","SD1997A1",30086,4002,"2025-04-09","2025-05-09","USD",93.00,60,"3XS:5|2XS:5|XS:10|S:10|M:10|L:10|XL:10"
41998,"2025-04-09 08:39:53.45","#SD1998",50.00,68.00,93.00,120.90,"2025-04-09","143782187","PO",4,,,,"","ALMA","SD1998A0",30087,5002,"2025-04-09","2025-05-09","USD",93.00,60,"3XS:5|2XS:5|XS:10|S:10|M:10|L:10|XL:10"
41999,"2025-04-09 08:39:53.45","#SD1999",50.00,68.00,93.00,120.90,"2025-04-09","143782187","PO",4,,,,"","ALMA","SD1999A1",30088,6002,"2025-04-09","2025-05-09","USD",93.00,60,"3XS:5|2XS:5|XS:10|S:10|M:10|L:10|XL:10"
42000,"2025-04-09 08:39:53.45","#SD2000",50.00,68.00,93.00,120.90,"2025-04-09","143782187","PO",4,,,,"","ALMA","SD2000A0",30089,7002,"2025-04-09","2025-05-09","USD",93.00,60,"3XS:5|2XS:5|XS:10|S:10|M:10|L:10|XL:10"