250026,"2022-09-15 08:39:53.45","#OP0001",50.00,68.00,93.00,120.90,"2023-03-11","130108647","PO",4,,,,"","ALMA","OP0001A1",30025,1002,"2023-03-15","2023-04-20","USD",93.00,100,"3XS:20|2XS:20|XS:20|S:10|M:10|L:10|XL:10"
250027,"2022-09-15 08:39:53.45","#OP0002",50.00,68.00,93.00,120.90,"2023-03-11","130108647","PO",4,,,,"","ALMA","OP0002A0",30026,1016,"2023-03-15","2023-04-20","USD",93.00,100,"3XS:20|2XS:20|XS:20|S:10|M:10|L:10|XL:10"
250028,"2022-09-15 08:39:53.45","#OP0003",50.00,68.00,93.00,120.90,"2023-03-11","130108647","PO",4,,,,"","ALMA","OP0003A1",30027,3002,"2023-03-15","2023-04-20","USD",93.00,100,"3XS:20|2XS:20|XS:20|S:10|M:10|L:10|XL:10"
250029,"2022-09-15 08:39:53.45","#OP0004",50.00,68.00,93.00,120.90,"2023-03-11","130108647","PO",4,,,,"","ALMA","OP0004A0",30066,4002,"2023-03-15","2023-04-20","USD",93.00,100,"3XS:20|2XS:20|XS:20|S:10|M:10|L:10|XL:10"
250026,"2022-09-15 08:39:53.45","#OP0005",50.00,68.00,93.00,120.90,"2023-03-11","130108647","PO",4,,,,"","ALMA","OP0005A1",30067,5002,"2023-03-15","2023-04-20","USD",93.00,100,"3XS:20|2XS:20|XS:20|S:10|M:10|L:10|XL:10"
250027,"2022-09-15 08:39:53.45","#OP0006",50.00,68.00,93.00,120.90,"2023-03-11","130108647","PO",4,,,,"","ALMA","OP0006A0",30068,6002,"2023-03-15","2023-04-20","USD",93.00,100,"3XS:20|2XS:20|XS:20|S:10|M:10|L:10|XL:10"
250028,"2022-09-15 08:39:53.45","#OP0007",50.00,68.00,93.00,120.90,"2023-03-11","130108647","PO",4,,,,"","ALMA","OP0007A1",30069,8002,"2023-03-15","2023-04-20","USD",93.00,100,"3XS:20|2XS:20|XS:20|S:10|M:10|L:10|XL:10"
250026,"2022-09-15 08:39:53.45","#OP0008",50.00,68.00,93.00,120.90,"2023-03-11","130108648","PO",4,,,,"","ALMA","OP0008A1",30070,1002,"2023-03-15","2023-04-20","USD",93.00,100,"3XS:20|2XS:20|XS:20|S:10|M:10|L:10|XL:10"
250027,"2022-09-15 08:39:53.45","#OP0009",50.00,68.00,93.00,120.90,"2023-03-11","130108648","PO",4,,,,"","ALMA","OP0009A0",30071,1016,"2023-03-15","2023-04-20","USD",93.00,100,"3XS:20|2XS:20|XS:20|S:10|M:10|L:10|XL:10"
250028,"2022-09-15 08:39:53.45","#OP0010",50.00,68.00,93.00,120.90,"2023-03-11","130108648","PO",4,,,,"","ALMA","OP0010A1",30072,3002,"2023-03-15","2023-04-20","USD",93.00,100,"3XS:20|2XS:20|XS:20|S:10|M:10|L:10|XL:10"
250029,"2022-09-15 08:39:53.45","#OP0011",50.00,68.00,93.00,120.90,"2023-03-11","130108648","PO",4,,,,"","ALMA","OP0011A0",30073,4002,"2023-03-15","2023-04-20","USD",93.00,100,"3XS:20|2XS:20|XS:20|S:10|M:10|L:10|XL:10"
250026,"2022-09-15 08:39:53.45","#OP0012",50.00,68.00,93.00,120.90,"2023-03-11","130108648","PO",4,,,,"","ALMA","OP0012A1",30029,5002,"2023-03-15","2023-04-20","USD",93.00,100,"3XS:20|2XS:20|XS:20|S:10|M:10|L:10|XL:10"
250027,"2022-09-15 08:39:53.45","#OP0013",50.00,68.00,93.00,120.90,"2023-03-11","130108648","PO",4,,,,"","ALMA","OP0013A0",30013,6002,"2023-03-15","2023-04-20","USD",93.00,100,"3XS:20|2XS:20|XS:20|S:10|M:10|L:10|XL:10"
250028,"2022-09-15 08:39:53.45","#OP0014",50.00,68.00,93.00,120.90,"2023-03-11","130108648","PO",4,,,,"","ALMA","OP0014A1",30022,8002,"2023-03-15","2023-04-20","USD",93.00,100,"3XS:20|2XS:20|XS:20|S:10|M:10|L:10|XL:10"
250026,"2022-09-15 08:39:53.45","#OP0015",50.00,68.00,93.00,120.90,"2023-03-11","130108649","PO",4,,,,"","ALMA","OP0015A1",30045,1002,"2023-03-15","2023-04-20","USD",93.00,100,"3XS:20|2XS:20|XS:20|S:10|M:10|L:10|XL:10"
250027,"2022-09-15 08:39:53.45","#OP0016",50.00,68.00,93.00,120.90,"2023-03-11","130108649","PO",4,,,,"","ALMA","OP0016A0",30046,1016,"2023-03-15","2023-04-20","USD",93.00,100,"3XS:20|2XS:20|XS:20|S:10|M:10|L:10|XL:10"
250028,"2022-09-15 08:39:53.45","#OP0017",50.00,68.00,93.00,120.90,"2023-03-11","130108649","PO",4,,,,"","ALMA","OP0017A1",30047,3002,"2023-03-15","2023-04-20","USD",93.00,100,"3XS:20|2XS:20|XS:20|S:10|M:10|L:10|XL:10"
250029,"2022-09-15 08:39:53.45","#OP0018",50.00,68.00,93.00,120.90,"2023-03-11","130108649","PO",4,,,,"","ALMA","OP0018A0",30065,4002,"2023-03-15","2023-04-20","USD",93.00,100,"3XS:20|2XS:20|XS:20|S:10|M:10|L:10|XL:10"
250026,"2022-09-15 08:39:53.45","#OP0019",50.00,68.00,93.00,120.90,"2023-03-11","130108649","PO",4,,,,"","ALMA","OP0019A1",30074,5002,"2023-03-15","2023-04-20","USD",93.00,100,"3XS:20|2XS:20|XS:20|S:10|M:10|L:10|XL:10"
250027,"2022-09-15 08:39:53.45","#OP0020",50.00,68.00,93.00,120.90,"2023-03-11","130108649","PO",4,,,,"","ALMA","OP0020A0",30075,6002,"2023-03-15","2023-04-20","USD",93.00,100,"3XS:20|2XS:20|XS:20|S:10|M:10|L:10|XL:10"
250028,"2022-09-15 08:39:53.45","#OP0021",50.00,68.00,93.00,120.90,"2023-03-11","130108649","PO",4,,,,"","ALMA","OP0021A1",30025,8002,"2023-03-15","2023-04-20","USD",93.00,100,"3XS:20|2XS:20|XS:20|S:10|M:10|L:10|XL:10"
250026,"2022-09-15 08:39:53.45","#OP0022",50.00,68.00,93.00,120.90,"2023-03-11","130108650","PO",4,,,,"","ALMA","OP0022A1",30026,1002,"2023-03-15","2023-04-20","USD",93.00,100,"3XS:20|2XS:20|XS:20|S:10|M:10|L:10|XL:10"
250027,"2022-09-15 08:39:53.45","#OP0023",50.00,68.00,93.00,120.90,"2023-03-11","130108650","PO",4,,,,"","ALMA","OP0023A0",30027,1016,"2023-03-15","2023-04-20","USD",93.00,100,"3XS:20|2XS:20|XS:20|S:10|M:10|L:10|XL:10"
250028,"2022-09-15 08:39:53.45","#OP0024",50.00,68.00,93.00,120.90,"2023-03-11","130108650","PO",4,,,,"","ALMA","OP0024A1",30066,3002,"2023-03-15","2023-04-20","USD",93.00,100,"3XS:20|2XS:20|XS:20|S:10|M:10|L:10|XL:10"
250029,"2022-09-15 08:39:53.45","#OP0025",50.00,68.00,93.00,120.90,"2023-03-11","130108650","PO",4,,,,"","ALMA","OP0025A0",30067,4002,"2023-03-15","2023-04-20","USD",93.00,100,"3XS:20|2XS:20|XS:20|S:10|M:10|L:10|XL:10"
250026,"2022-09-15 08:39:53.45","#OP0026",50.00,68.00,93.00,120.90,"2023-03-11","130108650","PO",4,,,,"","ALMA","OP0026A1",30068,5002,"2023-03-15","2023-04-20","USD",93.00,100,"3XS:20|2XS:20|XS:20|S:10|M:10|L:10|XL:10"
250027,"2022-09-15 08:39:53.45","#OP0027",50.00,68.00,93.00,120.90,"2023-03-11","130108650","PO",4,,,,"","ALMA","OP0027A0",30069,6002,"2023-03-15","2023-04-20","USD",93.00,100,"3XS:20|2XS:20|XS:20|S:10|M:10|L:10|XL:10"
250028,"2022-09-15 08:39:53.45","#OP0028",50.00,68.00,93.00,120.90,"2023-03-11","130108650","PO",4,,,,"","ALMA","OP0028A1",30070,8002,"2023-03-15","2023-04-20","USD",93.00,100,"3XS:20|2XS:20|XS:20|S:10|M:10|L:10|XL:10"
250026,"2022-09-15 08:39:53.45","#OP0029",50.00,68.00,93.00,120.90,"2023-03-11","130108651","PO",4,,,,"","ALMA","OP0029A1",30071,1002,"2023-03-15","2023-04-20","USD",93.00,100,"3XS:20|2XS:20|XS:20|S:10|M:10|L:10|XL:10"
250027,"2022-09-15 08:39:53.45","#OP0030",50.00,68.00,93.00,120.90,"2023-03-11","130108651","PO",4,,,,"","ALMA","OP0030A0",30072,1016,"2023-03-15","2023-04-20","USD",93.00,100,"3XS:20|2XS:20|XS:20|S:10|M:10|L:10|XL:10"
250028,"2022-09-15 08:39:53.45","#OP0031",50.00,68.00,93.00,120.90,"2023-03-11","130108651","PO",4,,,,"","ALMA","OP0031A1",30073,3002,"2023-03-15","2023-04-20","USD",93.00,100,"3XS:20|2XS:20|XS:20|S:10|M:10|L:10|XL:10"
250029,"2022-09-15 08:39:53.45","#OP0032",50.00,68.00,93.00,120.90,"2023-03-11","130108651","PO",4,,,,"","ALMA","OP0032A0",30029,4002,"2023-03-15","2023-04-20","USD",93.00,100,"3XS:20|2XS:20|XS:20|S:10|M:10|L:10|XL:10"
250026,"2022-09-15 08:39:53.45","#OP0033",50.00,68.00,93.00,120.90,"2023-03-11","130108651","PO",4,,,,"","ALMA","OP0033A1",30013,5002,"2023-03-15","2023-04-20","USD",93.00,100,"3XS:20|2XS:20|XS:20|S:10|M:10|L:10|XL:10"
250027,"2022-09-15 08:39:53.45","#OP0034",50.00,68.00,93.00,120.90,"2023-03-11","130108651","PO",4,,,,"","ALMA","OP0034A0",30022,6002,"2023-03-15","2023-04-20","USD",93.00,100,"3XS:20|2XS:20|XS:20|S:10|M:10|L:10|XL:10"
250028,"2022-09-15 08:39:53.45","#OP0035",50.00,68.00,93.00,120.90,"2023-03-11","130108651","PO",4,,,,"","ALMA","OP0035A1",30045,8002,"2023-03-15","2023-04-20","USD",93.00,100,"3XS:20|2XS:20|XS:20|S:10|M:10|L:10|XL:10"
250026,"2022-09-15 08:39:53.45","#OP0036",50.00,68.00,93.00,120.90,"2023-03-11","130108652","PO",4,,,,"","ALMA","OP0036A1",30046,1002,"2023-03-15","2023-04-20","USD",93.00,100,"3XS:20|2XS:20|XS:20|S:10|M:10|L:10|XL:10"
250027,"2022-09-15 08:39:53.45","#OP0037",50.00,68.00,93.00,120.90,"2023-03-11","130108652","PO",4,,,,"","ALMA","OP0037A0",30047,1016,"2023-03-15","2023-04-20","USD",93.00,100,"3XS:20|2XS:20|XS:20|S:10|M:10|L:10|XL:10"
250028,"2022-09-15 08:39:53.45","#OP0038",50.00,68.00,93.00,120.90,"2023-03-11","130108652","PO",4,,,,"","ALMA","OP0038A1",30065,3002,"2023-03-15","2023-04-20","USD",93.00,100,"3XS:20|2XS:20|XS:20|S:10|M:10|L:10|XL:10"
250029,"2022-09-15 08:39:53.45","#OP0039",50.00,68.00,93.00,120.90,"2023-03-11","130108652","PO",4,,,,"","ALMA","OP0039A0",30074,4002,"2023-03-15","2023-04-20","USD",93.00,100,"3XS:20|2XS:20|XS:20|S:10|M:10|L:10|XL:10"
250026,"2022-09-15 08:39:53.45","#OP0040",50.00,68.00,93.00,120.90,"2023-03-11","130108652","PO",4,,,,"","ALMA","OP0040A1",30075,5002,"2023-03-15","2023-04-20","USD",93.00,100,"3XS:20|2XS:20|XS:20|S:10|M:10|L:10|XL:10"
250027,"2022-09-15 08:39:53.45","#OP0041",50.00,68.00,93.00,120.90,"2023-03-11","130108652","PO",4,,,,"","ALMA","OP0041A0",30025,6002,"2023-03-15","2023-04-20","USD",93.00,100,"3XS:20|2XS:20|XS:20|S:10|M:10|L:10|XL:10"
250028,"2022-09-15 08:39:53.45","#OP0042",50.00,68.00,93.00,120.90,"2023-03-11","130108652","PO",4,,,,"","ALMA","OP0042A1",30026,8002,"2023-03-15","2023-04-20","USD",93.00,100,"3XS:20|2XS:20|XS:20|S:10|M:10|L:10|XL:10"
250026,"2022-09-15 08:39:53.45","#OP0043",50.00,68.00,93.00,120.90,"2023-03-11","130108653","PO",4,,,,"","ALMA","OP0043A1",30027,1002,"2023-03-15","2023-04-20","USD",93.00,100,"3XS:20|2XS:20|XS:20|S:10|M:10|L:10|XL:10"
250027,"2022-09-15 08:39:53.45","#OP0044",50.00,68.00,93.00,120.90,"2023-03-11","130108653","PO",4,,,,"","ALMA","OP0044A0",30066,1016,"2023-03-15","2023-04-20","USD",93.00,100,"3XS:20|2XS:20|XS:20|S:10|M:10|L:10|XL:10"
250028,"2022-09-15 08:39:53.45","#OP0045",50.00,68.00,93.00,120.90,"2023-03-11","130108653","PO",4,,,,"","ALMA","OP0045A1",30067,3002,"2023-03-15","2023-04-20","USD",93.00,100,"3XS:20|2XS:20|XS:20|S:10|M:10|L:10|XL:10"
250029,"2022-09-15 08:39:53.45","#OP0046",50.00,68.00,93.00,120.90,"2023-03-11","130108653","PO",4,,,,"","ALMA","OP0046A0",30068,4002,"2023-03-15","2023-04-20","USD",93.00,100,"3XS:20|2XS:20|XS:20|S:10|M:10|L:10|XL:10"
250026,"2022-09-15 08:39:53.45","#OP0047",50.00,68.00,93.00,120.90,"2023-03-11","130108653","PO",4,,,,"","ALMA","OP0047A1",30069,5002,"2023-03-15","2023-04-20","USD",93.00,100,"3XS:20|2XS:20|XS:20|S:10|M:10|L:10|XL:10"
250027,"2022-09-15 08:39:53.45","#OP0048",50.00,68.00,93.00,120.90,"2023-03-11","130108653","PO",4,,,,"","ALMA","OP0048A0",30070,6002,"2023-03-15","2023-04-20","USD",93.00,100,"3XS:20|2XS:20|XS:20|S:10|M:10|L:10|XL:10"
250028,"2022-09-15 08:39:53.45","#OP0049",50.00,68.00,93.00,120.90,"2023-03-11","130108653","PO",4,,,,"","ALMA","OP0049A1",30071,8002,"2023-03-15","2023-04-20","USD",93.00,100,"3XS:20|2XS:20|XS:20|S:10|M:10|L:10|XL:10"
250026,"2022-09-15 08:39:53.45","#OP0050",50.00,68.00,93.00,120.90,"2023-03-11","130108654","PO",4,,,,"","ALMA","OP0050A1",30072,1002,"2023-03-15","2023-04-20","USD",93.00,100,"3XS:20|2XS:20|XS:20|S:10|M:10|L:10|XL:10"
250027,"2022-09-15 08:39:53.45","#OP0051",50.00,68.00,93.00,120.90,"2023-03-11","130108654","PO",4,,,,"","ALMA","OP0051A0",30073,1016,"2023-03-15","2023-04-20","USD",93.00,100,"3XS:20|2XS:20|XS:20|S:10|M:10|L:10|XL:10"
250028,"2022-09-15 08:39:53.45","#OP0052",50.00,68.00,93.00,120.90,"2023-03-11","130108654","PO",4,,,,"","ALMA","OP0052A1",30029,3002,"2023-03-15","2023-04-20","USD",93.00,100,"3XS:20|2XS:20|XS:20|S:10|M:10|L:10|XL:10"
250029,"2022-09-15 08:39:53.45","#OP0053",50.00,68.00,93.00,120.90,"2023-03-11","130108654","PO",4,,,,"","ALMA","OP0053A0",30013,4002,"2023-03-15","2023-04-20","USD",93.00,100,"3XS:20|2XS:20|XS:20|S:10|M:10|L:10|XL:10"
250026,"2022-09-15 08:39:53.45","#OP0054",50.00,68.00,93.00,120.90,"2023-03-11","130108654","PO",4,,,,"","ALMA","OP0054A1",30022,5002,"2023-03-15","2023-04-20","USD",93.00,100,"3XS:20|2XS:20|XS:20|S:10|M:10|L:10|XL:10"
250027,"2022-09-15 08:39:53.45","#OP0055",50.00,68.00,93.00,120.90,"2023-03-11","130108654","PO",4,,,,"","ALMA","OP0055A0",30045,6002,"2023-03-15","2023-04-20","USD",93.00,100,"3XS:20|2XS:20|XS:20|S:10|M:10|L:10|XL:10"
250028,"2022-09-15 08:39:53.45","#OP0056",50.00,68.00,93.00,120.90,"2023-03-11","130108654","PO",4,,,,"","ALMA","OP0056A1",30046,8002,"2023-03-15","2023-04-20","USD",93.00,100,"3XS:20|2XS:20|XS:20|S:10|M:10|L:10|XL:10"
250026,"2022-09-15 08:39:53.45","#OP0057",50.00,68.00,93.00,120.90,"2023-03-11","130108655","PO",4,,,,"","ALMA","OP0057A1",30047,1002,"2023-03-15","2023-04-20","USD",93.00,100,"3XS:20|2XS:20|XS:20|S:10|M:10|L:10|XL:10"
250027,"2022-09-15 08:39:53.45","#OP0058",50.00,68.00,93.00,120.90,"2023-03-11","130108655","PO",4,,,,"","ALMA","OP0058A0",30065,1016,"2023-03-15","2023-04-20","USD",93.00,100,"3XS:20|2XS:20|XS:20|S:10|M:10|L:10|XL:10"
250028,"2022-09-15 08:39:53.45","#OP0059",50.00,68.00,93.00,120.90,"2023-03-11","130108655","PO",4,,,,"","ALMA","OP0059A1",30074,3002,"2023-03-15","2023-04-20","USD",93.00,100,"3XS:20|2XS:20|XS:20|S:10|M:10|L:10|XL:10"
250029,"2022-09-15 08:39:53.45","#OP0060",50.00,68.00,93.00,120.90,"2023-03-11","130108655","PO",4,,,,"","ALMA","OP0060A0",30075,4002,"2023-03-15","2023-04-20","USD",93.00,100,"3XS:20|2XS:20|XS:20|S:10|M:10|L:10|XL:10"
250026,"2022-09-15 08:39:53.45","#OP0061",50.00,68.00,93.00,120.90,"2023-03-11","130108655","PO",4,,,,"","ALMA","OP0061A1",30025,5002,"2023-03-15","2023-04-20","USD",93.00,100,"3XS:20|2XS:20|XS:20|S:10|M:10|L:10|XL:10"
250027,"2022-09-15 08:39:53.45","#OP0062",50.00,68.00,93.00,120.90,"2023-03-11","130108655","PO",4,,,,"","ALMA","OP0062A0",30026,6002,"2023-03-15","2023-04-20","USD",93.00,100,"3XS:20|2XS:20|XS:20|S:10|M:10|L:10|XL:10"
250028,"2022-09-15 08:39:53.45","#OP0063",50.00,68.00,93.00,120.90,"2023-03-11","130108655","PO",4,,,,"","ALMA","OP0063A1",30027,8002,"2023-03-15","2023-04-20","USD",93.00,100,"3XS:20|2XS:20|XS:20|S:10|M:10|L:10|XL:10"
250026,"2022-09-15 08:39:53.45","#OP0064",50.00,68.00,93.00,120.90,"2023-03-11","130108656","PO",4,,,,"","ALMA","OP0064A1",30066,1002,"2023-03-15","2023-04-20","USD",93.00,100,"3XS:20|2XS:20|XS:20|S:10|M:10|L:10|XL:10"
250027,"2022-09-15 08:39:53.45","#OP0065",50.00,68.00,93.00,120.90,"2023-03-11","130108656","PO",4,,,,"","ALMA","OP0065A0",30067,1016,"2023-03-15","2023-04-20","USD",93.00,100,"3XS:20|2XS:20|XS:20|S:10|M:10|L:10|XL:10"
250028,"2022-09-15 08:39:53.45","#OP0066",50.00,68.00,93.00,120.90,"2023-03-11","130108656","PO",4,,,,"","ALMA","OP0066A1",30068,3002,"2023-03-15","2023-04-20","USD",93.00,100,"3XS:20|2XS:20|XS:20|S:10|M:10|L:10|XL:10"
250029,"2022-09-15 08:39:53.45","#OP0067",50.00,68.00,93.00,120.90,"2023-03-11","130108656","PO",4,,,,"","ALMA","OP0067A0",30069,4002,"2023-03-15","2023-04-20","USD",93.00,100,"3XS:20|2XS:20|XS:20|S:10|M:10|L:10|XL:10"
250026,"2022-09-15 08:39:53.45","#OP0068",50.00,68.00,93.00,120.90,"2023-03-11","130108656","PO",4,,,,"","ALMA","OP0068A1",30070,5002,"2023-03-15","2023-04-20","USD",93.00,100,"3XS:20|2XS:20|XS:20|S:10|M:10|L:10|XL:10"
250027,"2022-09-15 08:39:53.45","#OP0069",50.00,68.00,93.00,120.90,"2023-03-11","130108656","PO",4,,,,"","ALMA","OP0069A0",30071,6002,"2023-03-15","2023-04-20","USD",93.00,100,"3XS:20|2XS:20|XS:20|S:10|M:10|L:10|XL:10"
250028,"2022-09-15 08:39:53.45","#OP0070",50.00,68.00,93.00,120.90,"2023-03-11","130108656","PO",4,,,,"","ALMA","OP0070A1",30072,8002,"2023-03-15","2023-04-20","USD",93.00,100,"3XS:20|2XS:20|XS:20|S:10|M:10|L:10|XL:10"
250026,"2022-09-15 08:39:53.45","#OP0071",50.00,68.00,93.00,120.90,"2023-03-11","130108657","PO",4,,,,"","ALMA","OP0071A1",30073,1002,"2023-03-15","2023-04-20","USD",93.00,100,"3XS:20|2XS:20|XS:20|S:10|M:10|L:10|XL:10"
250027,"2022-09-15 08:39:53.45","#OP0072",50.00,68.00,93.00,120.90,"2023-03-11","130108657","PO",4,,,,"","ALMA","OP0072A0",30029,1016,"2023-03-15","2023-04-20","USD",93.00,100,"3XS:20|2XS:20|XS:20|S:10|M:10|L:10|XL:10"
250028,"2022-09-15 08:39:53.45","#OP0073",50.00,68.00,93.00,120.90,"2023-03-11","130108657","PO",4,,,,"","ALMA","OP0073A1",30013,3002,"2023-03-15","2023-04-20","USD",93.00,100,"3XS:20|2XS:20|XS:20|S:10|M:10|L:10|XL:10"
250029,"2022-09-15 08:39:53.45","#OP0074",50.00,68.00,93.00,120.90,"2023-03-11","130108657","PO",4,,,,"","ALMA","OP0074A0",30022,4002,"2023-03-15","2023-04-20","USD",93.00,100,"3XS:20|2XS:20|XS:20|S:10|M:10|L:10|XL:10"
250026,"2022-09-15 08:39:53.45","#OP0075",50.00,68.00,93.00,120.90,"2023-03-11","130108657","PO",4,,,,"","ALMA","OP0075A1",30045,5002,"2023-03-15","2023-04-20","USD",93.00,100,"3XS:20|2XS:20|XS:20|S:10|M:10|L:10|XL:10"
250027,"2022-09-15 08:39:53.45","#OP0076",50.00,68.00,93.00,120.90,"2023-03-11","130108657","PO",4,,,,"","ALMA","OP0076A0",30046,6002,"2023-03-15","2023-04-20","USD",93.00,100,"3XS:20|2XS:20|XS:20|S:10|M:10|L:10|XL:10"
250028,"2022-09-15 08:39:53.45","#OP0077",50.00,68.00,93.00,120.90,"2023-03-11","130108657","PO",4,,,,"","ALMA","OP0077A1",30047,8002,"2023-03-15","2023-04-20","USD",93.00,100,"3XS:20|2XS:20|XS:20|S:10|M:10|L:10|XL:10"
250026,"2022-09-15 08:39:53.45","#OP0078",50.00,68.00,93.00,120.90,"2023-03-11","130108658","PO",4,,,,"","ALMA","OP0078A1",30065,1002,"2023-03-15","2023-04-20","USD",93.00,100,"3XS:20|2XS:20|XS:20|S:10|M:10|L:10|XL:10"
250027,"2022-09-15 08:39:53.45","#OP0079",50.00,68.00,93.00,120.90,"2023-03-11","130108658","PO",4,,,,"","ALMA","OP0079A0",30074,1016,"2023-03-15","2023-04-20","USD",93.00,100,"3XS:20|2XS:20|XS:20|S:10|M:10|L:10|XL:10"
250028,"2022-09-15 08:39:53.45","#OP0080",50.00,68.00,93.00,120.90,"2023-03-11","130108658","PO",4,,,,"","ALMA","OP0080A1",30075,3002,"2023-03-15","2023-04-20","USD",93.00,100,"3XS:20|2XS:20|XS:20|S:10|M:10|L:10|XL:10"
250029,"2022-09-15 08:39:53.45","#OP0081",50.00,68.00,93.00,120.90,"2023-03-11","130108658","PO",4,,,,"","ALMA","OP0081A0",30025,4002,"2023-03-15","2023-04-20","USD",93.00,100,"3XS:20|2XS:20|XS:20|S:10|M:10|L:10|XL:10"
250026,"2022-09-15 08:39:53.45","#OP0082",50.00,68.00,93.00,120.90,"2023-03-11","130108658","PO",4,,,,"","ALMA","OP0082A1",30026,5002,"2023-03-15","2023-04-20","USD",93.00,100,"3XS:20|2XS:20|XS:20|S:10|M:10|L:10|XL:10"
250027,"2022-09-15 08:39:53.45","#OP0083",50.00,68.00,93.00,120.90,"2023-03-11","130108658","PO",4,,,,"","ALMA","OP0083A0",30027,6002,"2023-03-15","2023-04-20","USD",93.00,100,"3XS:20|2XS:20|XS:20|S:10|M:10|L:10|XL:10"
250028,"2022-09-15 08:39:53.45","#OP0084",50.00,68.00,93.00,120.90,"2023-03-11","130108658","PO",4,,,,"","ALMA","OP0084A1",30066,8002,"2023-03-15","2023-04-20","USD",93.00,100,"3XS:20|2XS:20|XS:20|S:10|M:10|L:10|XL:10"
250026,"2022-09-15 08:39:53.45","#OP0085",50.00,68.00,93.00,120.90,"2023-03-11","130108659","PO",4,,,,"","ALMA","OP0085A1",30067,1002,"2023-03-15","2023-04-20","USD",93.00,100,"3XS:20|2XS:20|XS:20|S:10|M:10|L:10|XL:10"
250027,"2022-09-15 08:39:53.45","#OP0086",50.00,68.00,93.00,120.90,"2023-03-11","130108659","PO",4,,,,"","ALMA","OP0086A0",30068,1016,"2023-03-15","2023-04-20","USD",93.00,100,"3XS:20|2XS:20|XS:20|S:10|M:10|L:10|XL:10"
250028,"2022-09-15 08:39:53.45","#OP0087",50.00,68.00,93.00,120.90,"2023-03-11","130108659","PO",4,,,,"","ALMA","OP0087A1",30069,3002,"2023-03-15","2023-04-20","USD",93.00,100,"3XS:20|2XS:20|XS:20|S:10|M:10|L:10|XL:10"
250029,"2022-09-15 08:39:53.45","#OP0088",50.00,68.00,93.00,120.90,"2023-03-11","130108659","PO",4,,,,"","ALMA","OP0088A0",30070,4002,"2023-03-15","2023-04-20","USD",93.00,100,"3XS:20|2XS:20|XS:20|S:10|M:10|L:10|XL:10"
250026,"2022-09-15 08:39:53.45","#OP0089",50.00,68.00,93.00,120.90,"2023-03-11","130108659","PO",4,,,,"","ALMA","OP0089A1",30071,5002,"2023-03-15","2023-04-20","USD",93.00,100,"3XS:20|2XS:20|XS:20|S:10|M:10|L:10|XL:10"
250027,"2022-09-15 08:39:53.45","#OP0090",50.00,68.00,93.00,120.90,"2023-03-11","130108659","PO",4,,,,"","ALMA","OP0090A0",30072,6002,"2023-03-15","2023-04-20","USD",93.00,100,"3XS:20|2XS:20|XS:20|S:10|M:10|L:10|XL:10"
250028,"2022-09-15 08:39:53.45","#OP0091",50.00,68.00,93.00,120.90,"2023-03-11","130108659","PO",4,,,,"","ALMA","OP0091A1",30073,8002,"2023-03-15","2023-04-20","USD",93.00,100,"3XS:20|2XS:20|XS:20|S:10|M:10|L:10|XL:10"
250026,"2022-09-15 08:39:53.45","#OP0092",50.00,68.00,93.00,120.90,"2023-03-11","130108660","PO",4,,,,"","ALMA","OP0092A1",30029,1002,"2023-03-15","2023-04-20","USD",93.00,100,"3XS:20|2XS:20|XS:20|S:10|M:10|L:10|XL:10"
250027,"2022-09-15 08:39:53.45","#OP0093",50.00,68.00,93.00,120.90,"2023-03-11","130108660","PO",4,,,,"","ALMA","OP0093A0",30013,1016,"2023-03-15","2023-04-20","USD",93.00,100,"3XS:20|2XS:20|XS:20|S:10|M:10|L:10|XL:10"
250028,"2022-09-15 08:39:53.45","#OP0094",50.00,68.00,93.00,120.90,"2023-03-11","130108660","PO",4,,,,"","ALMA","OP0094A1",30022,3002,"2023-03-15","2023-04-20","USD",93.00,100,"3XS:20|2XS:20|XS:20|S:10|M:10|L:10|XL:10"
250029,"2022-09-15 08:39:53.45","#OP0095",50.00,68.00,93.00,120.90,"2023-03-11","130108660","PO",4,,,,"","ALMA","OP0095A0",30045,4002,"2023-03-15","2023-04-20","USD",93.00,100,"3XS:20|2XS:20|XS:20|S:10|M:10|L:10|XL:10"
250026,"2022-09-15 08:39:53.45","#OP0096",50.00,68.00,93.00,120.90,"2023-03-11","130108660","PO",4,,,,"","ALMA","OP0096A1",30046,5002,"2023-03-15","2023-04-20","USD",93.00,100,"3XS:20|2XS:20|XS:20|S:10|M:10|L:10|XL:10"
250027,"2022-09-15 08:39:53.45","#OP0097",50.00,68.00,93.00,120.90,"2023-03-11","130108660","PO",4,,,,"","ALMA","OP0097A0",30047,6002,"2023-03-15","2023-04-20","USD",93.00,100,"3XS:20|2XS:20|XS:20|S:10|M:10|L:10|XL:10"
250028,"2022-09-15 08:39:53.45","#OP0098",50.00,68.00,93.00,120.90,"2023-03-11","130108660","PO",4,,,,"","ALMA","OP0098A1",30065,8002,"2023-03-15","2023-04-20","USD",93.00,100,"3XS:20|2XS:20|XS:20|S:10|M:10|L:10|XL:10"
250026,"2022-09-15 08:39:53.45","#OP0099",50.00,68.00,93.00,120.90,"2023-03-11","130108661","PO",4,,,,"","ALMA","OP0099A1",30074,1002,"2023-03-15","2023-04-20","USD",93.00,100,"3XS:20|2XS:20|XS:20|S:10|M:10|L:10|XL:10"
250027,"2022-09-15 08:39:53.45","#OP0100",50.00,68.00,93.00,120.90,"2023-03-11","130108661","PO",4,,,,"","ALMA","OP0100A0",30075,1016,"2023-03-15","2023-04-20","USD",93.00,100,"3XS:20|2XS:20|XS:20|S:10|M:10|L:10|XL:10"
250028,"2022-09-15 08:39:53.45","#OP0101",50.00,68.00,93.00,120.90,"2023-03-11","130108661","PO",4,,,,"","ALMA","OP0101A1",30025,3002,"2023-03-15","2023-04-20","USD",93.00,100,"3XS:20|2XS:20|XS:20|S:10|M:10|L:10|XL:10"
250029,"2022-09-15 08:39:53.45","#OP0102",50.00,68.00,93.00,120.90,"2023-03-11","130108661","PO",4,,,,"","ALMA","OP0102A0",30026,4002,"2023-03-15","2023-04-20","USD",93.00,100,"3XS:20|2XS:20|XS:20|S:10|M:10|L:10|XL:10"
250026,"2022-09-15 08:39:53.45","#OP0103",50.00,68.00,93.00,120.90,"2023-03-11","130108661","PO",4,,,,"","ALMA","OP0103A1",30027,5002,"2023-03-15","2023-04-20","USD",93.00,100,"3XS:20|2XS:20|XS:20|S:10|M:10|L:10|XL:10"
250027,"2022-09-15 08:39:53.45","#OP0104",50.00,68.00,93.00,120.90,"2023-03-11","130108661","PO",4,,,,"","ALMA","OP0104A0",30066,6002,"2023-03-15","2023-04-20","USD",93.00,100,"3XS:20|2XS:20|XS:20|S:10|M:10|L:10|XL:10"
250028,"2022-09-15 08:39:53.45","#OP0105",50.00,68.00,93.00,120.90,"2023-03-11","130108661","PO",4,,,,"","ALMA","OP0105A1",30067,8002,"2023-03-15","2023-04-20","USD",93.00,100,"3XS:20|2XS:20|XS:20|S:10|M:10|L:10|XL:10"
250026,"2022-09-15 08:39:53.45","#OP0106",50.00,68.00,93.00,120.90,"2023-03-11","130108662","PO",4,,,,"","ALMA","OP0106A1",30068,1002,"2023-03-15","2023-04-20","USD",93.00,100,"3XS:20|2XS:20|XS:20|S:10|M:10|L:10|XL:10"
250027,"2022-09-15 08:39:53.45","#OP0107",50.00,68.00,93.00,120.90,"2023-03-11","130108662","PO",4,,,,"","ALMA","OP0107A0",30069,1016,"2023-03-15","2023-04-20","USD",93.00,100,"3XS:20|2XS:20|XS:20|S:10|M:10|L:10|XL:10"
250028,"2022-09-15 08:39:53.45","#OP0108",50.00,68.00,93.00,120.90,"2023-03-11","130108662","PO",4,,,,"","ALMA","OP0108A1",30070,3002,"2023-03-15","2023-04-20","USD",93.00,100,"3XS:20|2XS:20|XS:20|S:10|M:10|L:10|XL:10"
250029,"2022-09-15 08:39:53.45","#OP0109",50.00,68.00,93.00,120.90,"2023-03-11","130108662","PO",4,,,,"","ALMA","OP0109A0",30071,4002,"2023-03-15","2023-04-20","USD",93.00,100,"3XS:20|2XS:20|XS:20|S:10|M:10|L:10|XL:10"
250026,"2022-09-15 08:39:53.45","#OP0110",50.00,68.00,93.00,120.90,"2023-03-11","130108662","PO",4,,,,"","ALMA","OP0110A1",30072,5002,"2023-03-15","2023-04-20","USD",93.00,100,"3XS:20|2XS:20|XS:20|S:10|M:10|L:10|XL:10"
250027,"2022-09-15 08:39:53.45","#OP0111",50.00,68.00,93.00,120.90,"2023-03-11","130108662","PO",4,,,,"","ALMA","OP0111A0",30073,6002,"2023-03-15","2023-04-20","USD",93.00,100,"3XS:20|2XS:20|XS:20|S:10|M:10|L:10|XL:10"
250028,"2022-09-15 08:39:53.45","#OP0112",50.00,68.00,93.00,120.90,"2023-03-11","130108662","PO",4,,,,"","ALMA","OP0112A1",30029,8002,"2023-03-15","2023-04-20","USD",93.00,100,"3XS:20|2XS:20|XS:20|S:10|M:10|L:10|XL:10"
250026,"2022-09-15 08:39:53.45","#OP0113",50.00,68.00,93.00,120.90,"2023-03-11","130108689","PO",4,,,,"","ALMA","OP0113A1",30013,1002,"2023-03-15","2023-04-20","USD",93.00,100,"3XS:20|2XS:20|XS:20|S:10|M:10|L:10|XL:10"
250027,"2022-09-15 08:39:53.45","#OP0114",50.00,68.00,93.00,120.90,"2023-03-11","130108689","PO",4,,,,"","ALMA","OP0114A0",30022,1016,"2023-03-15","2023-04-20","USD",93.00,100,"3XS:20|2XS:20|XS:20|S:10|M:10|L:10|XL:10"
250028,"2022-09-15 08:39:53.45","#OP0115",50.00,68.00,93.00,120.90,"2023-03-11","130108689","PO",4,,,,"","ALMA","OP0115A1",30045,3002,"2023-03-15","2023-04-20","USD",93.00,100,"3XS:20|2XS:20|XS:20|S:10|M:10|L:10|XL:10"
250029,"2022-09-15 08:39:53.45","#OP0116",50.00,68.00,93.00,120.90,"2023-03-11","130108689","PO",4,,,,"","ALMA","OP0116A0",30046,4002,"2023-03-15","2023-04-20","USD",93.00,100,"3XS:20|2XS:20|XS:20|S:10|M:10|L:10|XL:10"
250026,"2022-09-15 08:39:53.45","#OP0117",50.00,68.00,93.00,120.90,"2023-03-11","130108689","PO",4,,,,"","ALMA","OP0117A1",30047,5002,"2023-03-15","2023-04-20","USD",93.00,100,"3XS:20|2XS:20|XS:20|S:10|M:10|L:10|XL:10"
250027,"2022-09-15 08:39:53.45","#OP0118",50.00,68.00,93.00,120.90,"2023-03-11","130108689","PO",4,,,,"","ALMA","OP0118A0",30065,6002,"2023-03-15","2023-04-20","USD",93.00,100,"3XS:20|2XS:20|XS:20|S:10|M:10|L:10|XL:10"
250028,"2022-09-15 08:39:53.45","#OP0119",50.00,68.00,93.00,120.90,"2023-03-11","130108689","PO",4,,,,"","ALMA","OP0119A1",30074,8002,"2023-03-15","2023-04-20","USD",93.00,100,"3XS:20|2XS:20|XS:20|S:10|M:10|L:10|XL:10"
250026,"2022-09-15 08:39:53.45","#OP0120",50.00,68.00,93.00,120.90,"2023-03-11","130108712","PO",4,,,,"","ALMA","OP0120A1",30075,1002,"2023-03-15","2023-04-20","USD",93.00,100,"3XS:20|2XS:20|XS:20|S:10|M:10|L:10|XL:10"
250027,"2022-09-15 08:39:53.45","#OP0121",50.00,68.00,93.00,120.90,"2023-03-11","130108712","PO",4,,,,"","ALMA","OP0121A0",30025,1016,"2023-03-15","2023-04-20","USD",93.00,100,"3XS:20|2XS:20|XS:20|S:10|M:10|L:10|XL:10"
250028,"2022-09-15 08:39:53.45","#OP0122",50.00,68.00,93.00,120.90,"2023-03-11","130108712","PO",4,,,,"","ALMA","OP0122A1",30026,3002,"2023-03-15","2023-04-20","USD",93.00,100,"3XS:20|2XS:20|XS:20|S:10|M:10|L:10|XL:10"
250029,"2022-09-15 08:39:53.45","#OP0123",50.00,68.00,93.00,120.90,"2023-03-11","130108712","PO",4,,,,"","ALMA","OP0123A0",30027,4002,"2023-03-15","2023-04-20","USD",93.00,100,"3XS:20|2XS:20|XS:20|S:10|M:10|L:10|XL:10"
250026,"2022-09-15 08:39:53.45","#OP0124",50.00,68.00,93.00,120.90,"2023-03-11","130108712","PO",4,,,,"","ALMA","OP0124A1",30066,5002,"2023-03-15","2023-04-20","USD",93.00,100,"3XS:20|2XS:20|XS:20|S:10|M:10|L:10|XL:10"
250027,"2022-09-15 08:39:53.45","#OP0125",50.00,68.00,93.00,120.90,"2023-03-11","130108712","PO",4,,,,"","ALMA","OP0125A0",30067,6002,"2023-03-15","2023-04-20","USD",93.00,100,"3XS:20|2XS:20|XS:20|S:10|M:10|L:10|XL:10"
250028,"2022-09-15 08:39:53.45","#OP0126",50.00,68.00,93.00,120.90,"2023-03-11","130108712","PO",4,,,,"","ALMA","OP0126A1",30068,8002,"2023-03-15","2023-04-20","USD",93.00,100,"3XS:20|2XS:20|XS:20|S:10|M:10|L:10|XL:10"
250026,"2022-09-15 08:39:53.45","#OP0127",50.00,68.00,93.00,120.90,"2023-03-11","130108750","PO",4,,,,"","ALMA","OP0127A1",30069,1002,"2023-03-15","2023-04-20","USD",93.00,100,"3XS:20|2XS:20|XS:20|S:10|M:10|L:10|XL:10"
250027,"2022-09-15 08:39:53.45","#OP0128",50.00,68.00,93.00,120.90,"2023-03-11","130108750","PO",4,,,,"","ALMA","OP0128A0",30070,1016,"2023-03-15","2023-04-20","USD",93.00,100,"3XS:20|2XS:20|XS:20|S:10|M:10|L:10|XL:10"
250028,"2022-09-15 08:39:53.45","#OP0129",50.00,68.00,93.00,120.90,"2023-03-11","130108750","PO",4,,,,"","ALMA","OP0129A1",30071,3002,"2023-03-15","2023-04-20","USD",93.00,100,"3XS:20|2XS:20|XS:20|S:10|M:10|L:10|XL:10"
250029,"2022-09-15 08:39:53.45","#OP0130",50.00,68.00,93.00,120.90,"2023-03-11","130108750","PO",4,,,,"","ALMA","OP0130A0",30072,4002,"2023-03-15","2023-04-20","USD",93.00,100,"3XS:20|2XS:20|XS:20|S:10|M:10|L:10|XL:10"
250026,"2022-09-15 08:39:53.45","#OP0131",50.00,68.00,93.00,120.90,"2023-03-11","130108750","PO",4,,,,"","ALMA","OP0131A1",30073,5002,"2023-03-15","2023-04-20","USD",93.00,100,"3XS:20|2XS:20|XS:20|S:10|M:10|L:10|XL:10"
250027,"2022-09-15 08:39:53.45","#OP0132",50.00,68.00,93.00,120.90,"2023-03-11","130108750","PO",4,,,,"","ALMA","OP0132A0",30029,6002,"2023-03-15","2023-04-20","USD",93.00,100,"3XS:20|2XS:20|XS:20|S:10|M:10|L:10|XL:10"
250028,"2022-09-15 08:39:53.45","#OP0133",50.00,68.00,93.00,120.90,"2023-03-11","130108750","PO",4,,,,"","ALMA","OP0133A1",30013,8002,"2023-03-15","2023-04-20","USD",93.00,100,"3XS:20|2XS:20|XS:20|S:10|M:10|L:10|XL:10"
250026,"2022-09-15 08:39:53.45","#OP0134",50.00,68.00,93.00,120.90,"2023-03-11","130108764","PO",4,,,,"","ALMA","OP0134A1",30022,1002,"2023-03-15","2023-04-20","USD",93.00,100,"3XS:20|2XS:20|XS:20|S:10|M:10|L:10|XL:10"
250027,"2022-09-15 08:39:53.45","#OP0135",50.00,68.00,93.00,120.90,"2023-03-11","130108764","PO",4,,,,"","ALMA","OP0135A0",30045,1016,"2023-03-15","2023-04-20","USD",93.00,100,"3XS:20|2XS:20|XS:20|S:10|M:10|L:10|XL:10"
250028,"2022-09-15 08:39:53.45","#OP0136",50.00,68.00,93.00,120.90,"2023-03-11","130108764","PO",4,,,,"","ALMA","OP0136A1",30046,3002,"2023-03-15","2023-04-20","USD",93.00,100,"3XS:20|2XS:20|XS:20|S:10|M:10|L:10|XL:10"
250029,"2022-09-15 08:39:53.45","#OP0137",50.00,68.00,93.00,120.90,"2023-03-11","130108764","PO",4,,,,"","ALMA","OP0137A0",30047,4002,"2023-03-15","2023-04-20","USD",93.00,100,"3XS:20|2XS:20|XS:20|S:10|M:10|L:10|XL:10"
250026,"2022-09-15 08:39:53.45","#OP0138",50.00,68.00,93.00,120.90,"2023-03-11","130108764","PO",4,,,,"","ALMA","OP0138A1",30065,5002,"2023-03-15","2023-04-20","USD",93.00,100,"3XS:20|2XS:20|XS:20|S:10|M:10|L:10|XL:10"
250027,"2022-09-15 08:39:53.45","#OP0139",50.00,68.00,93.00,120.90,"2023-03-11","130108764","PO",4,,,,"","ALMA","OP0139A0",30074,6002,"2023-03-15","2023-04-20","USD",93.00,100,"3XS:20|2XS:20|XS:20|S:10|M:10|L:10|XL:10"
250028,"2022-09-15 08:39:53.45","#OP0140",50.00,68.00,93.00,120.90,"2023-03-11","130108764","PO",4,,,,"","ALMA","OP0140A1",30075,8002,"2023-03-15","2023-04-20","USD",93.00,100,"3XS:20|2XS:20|XS:20|S:10|M:10|L:10|XL:10"
250026,"2022-09-15 08:39:53.45","#OP0141",50.00,68.00,93.00,120.90,"2023-03-11","130108774","PO",4,,,,"","ALMA","OP0141A1",30025,1002,"2023-03-15","2023-04-20","USD",93.00,100,"3XS:20|2XS:20|XS:20|S:10|M:10|L:10|XL:10"
250027,"2022-09-15 08:39:53.45","#OP0142",50.00,68.00,93.00,120.90,"2023-03-11","130108774","PO",4,,,,"","ALMA","OP0142A0",30026,1016,"2023-03-15","2023-04-20","USD",93.00,100,"3XS:20|2XS:20|XS:20|S:10|M:10|L:10|XL:10"
250028,"2022-09-15 08:39:53.45","#OP0143",50.00,68.00,93.00,120.90,"2023-03-11","130108774","PO",4,,,,"","ALMA","OP0143A1",30027,3002,"2023-03-15","2023-04-20","USD",93.00,100,"3XS:20|2XS:20|XS:20|S:10|M:10|L:10|XL:10"
250029,"2022-09-15 08:39:53.45","#OP0144",50.00,68.00,93.00,120.90,"2023-03-11","130108774","PO",4,,,,"","ALMA","OP0144A0",30066,4002,"2023-03-15","2023-04-20","USD",93.00,100,"3XS:20|2XS:20|XS:20|S:10|M:10|L:10|XL:10"
250026,"2022-09-15 08:39:53.45","#OP0145",50.00,68.00,93.00,120.90,"2023-03-11","130108774","PO",4,,,,"","ALMA","OP0145A1",30067,5002,"2023-03-15","2023-04-20","USD",93.00,100,"3XS:20|2XS:20|XS:20|S:10|M:10|L:10|XL:10"
250027,"2022-09-15 08:39:53.45","#OP0146",50.00,68.00,93.00,120.90,"2023-03-11","130108774","PO",4,,,,"","ALMA","OP0146A0",30068,6002,"2023-03-15","2023-04-20","USD",93.00,100,"3XS:20|2XS:20|XS:20|S:10|M:10|L:10|XL:10"
250028,"2022-09-15 08:39:53.45","#OP0147",50.00,68.00,93.00,120.90,"2023-03-11","130108774","PO",4,,,,"","ALMA","OP0147A1",30069,8002,"2023-03-15","2023-04-20","USD",93.00,100,"3XS:20|2XS:20|XS:20|S:10|M:10|L:10|XL:10"
250026,"2022-09-15 08:39:53.45","#OP0148",50.00,68.00,93.00,120.90,"2023-03-11","130108786","PO",4,,,,"","ALMA","OP0148A1",30070,1002,"2023-03-15","2023-04-20","USD",93.00,100,"3XS:20|2XS:20|XS:20|S:10|M:10|L:10|XL:10"
250027,"2022-09-15 08:39:53.45","#OP0149",50.00,68.00,93.00,120.90,"2023-03-11","130108786","PO",4,,,,"","ALMA","OP0149A0",30071,1016,"2023-03-15","2023-04-20","USD",93.00,100,"3XS:20|2XS:20|XS:20|S:10|M:10|L:10|XL:10"
250028,"2022-09-15 08:39:53.45","#OP0150",50.00,68.00,93.00,120.90,"2023-03-11","130108786","PO",4,,,,"","ALMA","OP0150A1",30072,3002,"2023-03-15","2023-04-20","USD",93.00,100,"3XS:20|2XS:20|XS:20|S:10|M:10|L:10|XL:10"
250029,"2022-09-15 08:39:53.45","#OP0151",50.00,68.00,93.00,120.90,"2023-03-11","130108786","PO",4,,,,"","ALMA","OP0151A0",30073,4002,"2023-03-15","2023-04-20","USD",93.00,100,"3XS:20|2XS:20|XS:20|S:10|M:10|L:10|XL:10"
250026,"2022-09-15 08:39:53.45","#OP0152",50.00,68.00,93.00,120.90,"2023-03-11","130108786","PO",4,,,,"","ALMA","OP0152A1",30029,5002,"2023-03-15","2023-04-20","USD",93.00,100,"3XS:20|2XS:20|XS:20|S:10|M:10|L:10|XL:10"
250027,"2022-09-15 08:39:53.45","#OP0153",50.00,68.00,93.00,120.90,"2023-03-11","130108786","PO",4,,,,"","ALMA","OP0153A0",30013,6002,"2023-03-15","2023-04-20","USD",93.00,100,"3XS:20|2XS:20|XS:20|S:10|M:10|L:10|XL:10"
250028,"2022-09-15 08:39:53.45","#OP0154",50.00,68.00,93.00,120.90,"2023-03-11","130108786","PO",4,,,,"","ALMA","OP0154A1",30022,8002,"2023-03-15","2023-04-20","USD",93.00,100,"3XS:20|2XS:20|XS:20|S:10|M:10|L:10|XL:10"
250026,"2022-09-15 08:39:53.45","#OP0155",50.00,68.00,93.00,120.90,"2023-03-11","130108799","PO",4,,,,"","ALMA","OP0155A1",30045,1002,"2023-03-15","2023-04-20","USD",93.00,100,"3XS:20|2XS:20|XS:20|S:10|M:10|L:10|XL:10"
250027,"2022-09-15 08:39:53.45","#OP0156",50.00,68.00,93.00,120.90,"2023-03-11","130108799","PO",4,,,,"","ALMA","OP0156A0",30046,1016,"2023-03-15","2023-04-20","USD",93.00,100,"3XS:20|2XS:20|XS:20|S:10|M:10|L:10|XL:10"
250028,"2022-09-15 08:39:53.45","#OP0157",50.00,68.00,93.00,120.90,"2023-03-11","130108799","PO",4,,,,"","ALMA","OP0157A1",30047,3002,"2023-03-15","2023-04-20","USD",93.00,100,"3XS:20|2XS:20|XS:20|S:10|M:10|L:10|XL:10"
250029,"2022-09-15 08:39:53.45","#OP0158",50.00,68.00,93.00,120.90,"2023-03-11","130108799","PO",4,,,,"","ALMA","OP0158A0",30065,4002,"2023-03-15","2023-04-20","USD",93.00,100,"3XS:20|2XS:20|XS:20|S:10|M:10|L:10|XL:10"
250026,"2022-09-15 08:39:53.45","#OP0159",50.00,68.00,93.00,120.90,"2023-03-11","130108799","PO",4,,,,"","ALMA","OP0159A1",30074,5002,"2023-03-15","2023-04-20","USD",93.00,100,"3XS:20|2XS:20|XS:20|S:10|M:10|L:10|XL:10"
250027,"2022-09-15 08:39:53.45","#OP0160",50.00,68.00,93.00,120.90,"2023-03-11","130108799","PO",4,,,,"","ALMA","OP0160A0",30075,6002,"2023-03-15","2023-04-20","USD",93.00,100,"3XS:20|2XS:20|XS:20|S:10|M:10|L:10|XL:10"
250028,"2022-09-15 08:39:53.45","#OP0161",50.00,68.00,93.00,120.90,"2023-03-11","130108799","PO",4,,,,"","ALMA","OP0161A1",30025,8002,"2023-03-15","2023-04-20","USD",93.00,100,"3XS:20|2XS:20|XS:20|S:10|M:10|L:10|XL:10"
250026,"2022-09-15 08:39:53.45","#OP0162",50.00,68.00,93.00,120.90,"2023-03-11","130108807","PO",4,,,,"","ALMA","OP0162A1",30026,1002,"2023-03-15","2023-04-20","USD",93.00,100,"3XS:20|2XS:20|XS:20|S:10|M:10|L:10|XL:10"
250027,"2022-09-15 08:39:53.45","#OP0163",50.00,68.00,93.00,120.90,"2023-03-11","130108807","PO",4,,,,"","ALMA","OP0163A0",30027,1016,"2023-03-15","2023-04-20","USD",93.00,100,"3XS:20|2XS:20|XS:20|S:10|M:10|L:10|XL:10"
250028,"2022-09-15 08:39:53.45","#OP0164",50.00,68.00,93.00,120.90,"2023-03-11","130108807","PO",4,,,,"","ALMA","OP0164A1",30066,3002,"2023-03-15","2023-04-20","USD",93.00,100,"3XS:20|2XS:20|XS:20|S:10|M:10|L:10|XL:10"
250029,"2022-09-15 08:39:53.45","#OP0165",50.00,68.00,93.00,120.90,"2023-03-11","130108807","PO",4,,,,"","ALMA","OP0165A0",30067,4002,"2023-03-15","2023-04-20","USD",93.00,100,"3XS:20|2XS:20|XS:20|S:10|M:10|L:10|XL:10"
250026,"2022-09-15 08:39:53.45","#OP0166",50.00,68.00,93.00,120.90,"2023-03-11","130108807","PO",4,,,,"","ALMA","OP0166A1",30068,5002,"2023-03-15","2023-04-20","USD",93.00,100,"3XS:20|2XS:20|XS:20|S:10|M:10|L:10|XL:10"
250027,"2022-09-15 08:39:53.45","#OP0167",50.00,68.00,93.00,120.90,"2023-03-11","130108807","PO",4,,,,"","ALMA","OP0167A0",30069,6002,"2023-03-15","2023-04-20","USD",93.00,100,"3XS:20|2XS:20|XS:20|S:10|M:10|L:10|XL:10"
250028,"2022-09-15 08:39:53.45","#OP0168",50.00,68.00,93.00,120.90,"2023-03-11","130108807","PO",4,,,,"","ALMA","OP0168A1",30070,8002,"2023-03-15","2023-04-20","USD",93.00,100,"3XS:20|2XS:20|XS:20|S:10|M:10|L:10|XL:10"
250026,"2022-09-15 08:39:53.45","#OP0169",50.00,68.00,93.00,120.90,"2023-03-11","130108814","PO",4,,,,"","ALMA","OP0169A1",30071,1002,"2023-03-15","2023-04-20","USD",93.00,100,"3XS:20|2XS:20|XS:20|S:10|M:10|L:10|XL:10"
250027,"2022-09-15 08:39:53.45","#OP0170",50.00,68.00,93.00,120.90,"2023-03-11","130108814","PO",4,,,,"","ALMA","OP0170A0",30072,1016,"2023-03-15","2023-04-20","USD",93.00,100,"3XS:20|2XS:20|XS:20|S:10|M:10|L:10|XL:10"
250028,"2022-09-15 08:39:53.45","#OP0171",50.00,68.00,93.00,120.90,"2023-03-11","130108814","PO",4,,,,"","ALMA","OP0171A1",30073,3002,"2023-03-15","2023-04-20","USD",93.00,100,"3XS:20|2XS:20|XS:20|S:10|M:10|L:10|XL:10"
250029,"2022-09-15 08:39:53.45","#OP0172",50.00,68.00,93.00,120.90,"2023-03-11","130108814","PO",4,,,,"","ALMA","OP0172A0",30029,4002,"2023-03-15","2023-04-20","USD",93.00,100,"3XS:20|2XS:20|XS:20|S:10|M:10|L:10|XL:10"
250026,"2022-09-15 08:39:53.45","#OP0173",50.00,68.00,93.00,120.90,"2023-03-11","130108814","PO",4,,,,"","ALMA","OP0173A1",30013,5002,"2023-03-15","2023-04-20","USD",93.00,100,"3XS:20|2XS:20|XS:20|S:10|M:10|L:10|XL:10"
250027,"2022-09-15 08:39:53.45","#OP0174",50.00,68.00,93.00,120.90,"2023-03-11","130108814","PO",4,,,,"","ALMA","OP0174A0",30022,6002,"2023-03-15","2023-04-20","USD",93.00,100,"3XS:20|2XS:20|XS:20|S:10|M:10|L:10|XL:10"
250028,"2022-09-15 08:39:53.45","#OP0175",50.00,68.00,93.00,120.90,"2023-03-11","130108814","PO",4,,,,"","ALMA","OP0175A1",30045,8002,"2023-03-15","2023-04-20","USD",93.00,100,"3XS:20|2XS:20|XS:20|S:10|M:10|L:10|XL:10"
250026,"2022-09-15 08:39:53.45","#OP0176",50.00,68.00,93.00,120.90,"2023-03-11","130108819","PO",4,,,,"","ALMA","OP0176A1",30046,1002,"2023-03-15","2023-04-20","USD",93.00,100,"3XS:20|2XS:20|XS:20|S:10|M:10|L:10|XL:10"
250027,"2022-09-15 08:39:53.45","#OP0177",50.00,68.00,93.00,120.90,"2023-03-11","130108819","PO",4,,,,"","ALMA","OP0177A0",30047,1016,"2023-03-15","2023-04-20","USD",93.00,100,"3XS:20|2XS:20|XS:20|S:10|M:10|L:10|XL:10"
250028,"2022-09-15 08:39:53.45","#OP0178",50.00,68.00,93.00,120.90,"2023-03-11","130108819","PO",4,,,,"","ALMA","OP0178A1",30065,3002,"2023-03-15","2023-04-20","USD",93.00,100,"3XS:20|2XS:20|XS:20|S:10|M:10|L:10|XL:10"
250029,"2022-09-15 08:39:53.45","#OP0179",50.00,68.00,93.00,120.90,"2023-03-11","130108819","PO",4,,,,"","ALMA","OP0179A0",30074,4002,"2023-03-15","2023-04-20","USD",93.00,100,"3XS:20|2XS:20|XS:20|S:10|M:10|L:10|XL:10"
250026,"2022-09-15 08:39:53.45","#OP0180",50.00,68.00,93.00,120.90,"2023-03-11","130108819","PO",4,,,,"","ALMA","OP0180A1",30075,5002,"2023-03-15","2023-04-20","USD",93.00,100,"3XS:20|2XS:20|XS:20|S:10|M:10|L:10|XL:10"
250027,"2022-09-15 08:39:53.45","#OP0181",50.00,68.00,93.00,120.90,"2023-03-11","130108819","PO",4,,,,"","ALMA","OP0181A0",30025,6002,"2023-03-15","2023-04-20","USD",93.00,100,"3XS:20|2XS:20|XS:20|S:10|M:10|L:10|XL:10"
250028,"2022-09-15 08:39:53.45","#OP0182",50.00,68.00,93.00,120.90,"2023-03-11","130108819","PO",4,,,,"","ALMA","OP0182A1",30026,8002,"2023-03-15","2023-04-20","USD",93.00,100,"3XS:20|2XS:20|XS:20|S:10|M:10|L:10|XL:10"
250026,"2022-09-15 08:39:53.45","#OP0183",50.00,68.00,93.00,120.90,"2023-03-11","130108830","PO",4,,,,"","ALMA","OP0183A1",30027,1002,"2023-03-15","2023-04-20","USD",93.00,100,"3XS:20|2XS:20|XS:20|S:10|M:10|L:10|XL:10"
250027,"2022-09-15 08:39:53.45","#OP0184",50.00,68.00,93.00,120.90,"2023-03-11","130108830","PO",4,,,,"","ALMA","OP0184A0",30066,1016,"2023-03-15","2023-04-20","USD",93.00,100,"3XS:20|2XS:20|XS:20|S:10|M:10|L:10|XL:10"
250028,"2022-09-15 08:39:53.45","#OP0185",50.00,68.00,93.00,120.90,"2023-03-11","130108830","PO",4,,,,"","ALMA","OP0185A1",30067,3002,"2023-03-15","2023-04-20","USD",93.00,100,"3XS:20|2XS:20|XS:20|S:10|M:10|L:10|XL:10"
250029,"2022-09-15 08:39:53.45","#OP0186",50.00,68.00,93.00,120.90,"2023-03-11","130108830","PO",4,,,,"","ALMA","OP0186A0",30068,4002,"2023-03-15","2023-04-20","USD",93.00,100,"3XS:20|2XS:20|XS:20|S:10|M:10|L:10|XL:10"
250026,"2022-09-15 08:39:53.45","#OP0187",50.00,68.00,93.00,120.90,"2023-03-11","130108830","PO",4,,,,"","ALMA","OP0187A1",30069,5002,"2023-03-15","2023-04-20","USD",93.00,100,"3XS:20|2XS:20|XS:20|S:10|M:10|L:10|XL:10"
250027,"2022-09-15 08:39:53.45","#OP0188",50.00,68.00,93.00,120.90,"2023-03-11","130108830","PO",4,,,,"","ALMA","OP0188A0",30070,6002,"2023-03-15","2023-04-20","USD",93.00,100,"3XS:20|2XS:20|XS:20|S:10|M:10|L:10|XL:10"
250028,"2022-09-15 08:39:53.45","#OP0189",50.00,68.00,93.00,120.90,"2023-03-11","130108830","PO",4,,,,"","ALMA","OP0189A1",30071,8002,"2023-03-15","2023-04-20","USD",93.00,100,"3XS:20|2XS:20|XS:20|S:10|M:10|L:10|XL:10"
250026,"2022-09-15 08:39:53.45","#OP0190",50.00,68.00,93.00,120.90,"2023-03-11","130108835","PO",4,,,,"","ALMA","OP0190A1",30072,1002,"2023-03-15","2023-04-20","USD",93.00,100,"3XS:20|2XS:20|XS:20|S:10|M:10|L:10|XL:10"
250027,"2022-09-15 08:39:53.45","#OP0191",50.00,68.00,93.00,120.90,"2023-03-11","130108835","PO",4,,,,"","ALMA","OP0191A0",30073,1016,"2023-03-15","2023-04-20","USD",93.00,100,"3XS:20|2XS:20|XS:20|S:10|M:10|L:10|XL:10"
250028,"2022-09-15 08:39:53.45","#OP0192",50.00,68.00,93.00,120.90,"2023-03-11","130108835","PO",4,,,,"","ALMA","OP0192A1",30029,3002,"2023-03-15","2023-04-20","USD",93.00,100,"3XS:20|2XS:20|XS:20|S:10|M:10|L:10|XL:10"
250029,"2022-09-15 08:39:53.45","#OP0193",50.00,68.00,93.00,120.90,"2023-03-11","130108835","PO",4,,,,"","ALMA","OP0193A0",30013,4002,"2023-03-15","2023-04-20","USD",93.00,100,"3XS:20|2XS:20|XS:20|S:10|M:10|L:10|XL:10"
250026,"2022-09-15 08:39:53.45","#OP0194",50.00,68.00,93.00,120.90,"2023-03-11","130108835","PO",4,,,,"","ALMA","OP0194A1",30022,5002,"2023-03-15","2023-04-20","USD",93.00,100,"3XS:20|2XS:20|XS:20|S:10|M:10|L:10|XL:10"
250027,"2022-09-15 08:39:53.45","#OP0195",50.00,68.00,93.00,120.90,"2023-03-11","130108835","PO",4,,,,"","ALMA","OP0195A0",30045,6002,"2023-03-15","2023-04-20","USD",93.00,100,"3XS:20|2XS:20|XS:20|S:10|M:10|L:10|XL:10"
250028,"2022-09-15 08:39:53.45","#OP0196",50.00,68.00,93.00,120.90,"2023-03-11","130108835","PO",4,,,,"","ALMA","OP0196A1",30046,8002,"2023-03-15","2023-04-20","USD",93.00,100,"3XS:20|2XS:20|XS:20|S:10|M:10|L:10|XL:10"
250026,"2022-09-15 08:39:53.45","#OP0197",50.00,68.00,93.00,120.90,"2023-03-11","130108844","PO",4,,,,"","ALMA","OP0197A1",30047,1002,"2023-03-15","2023-04-20","USD",93.00,100,"3XS:20|2XS:20|XS:20|S:10|M:10|L:10|XL:10"
250027,"2022-09-15 08:39:53.45","#OP0198",50.00,68.00,93.00,120.90,"2023-03-11","130108844","PO",4,,,,"","ALMA","OP0198A0",30065,1016,"2023-03-15","2023-04-20","USD",93.00,100,"3XS:20|2XS:20|XS:20|S:10|M:10|L:10|XL:10"
250028,"2022-09-15 08:39:53.45","#OP0199",50.00,68.00,93.00,120.90,"2023-03-11","130108844","PO",4,,,,"","ALMA","OP0199A1",30074,3002,"2023-03-15","2023-04-20","USD",93.00,100,"3XS:20|2XS:20|XS:20|S:10|M:10|L:10|XL:10"
250029,"2022-09-15 08:39:53.45","#OP0200",50.00,68.00,93.00,120.90,"2023-03-11","130108844","PO",4,,,,"","ALMA","OP0200A0",30075,4002,"2023-03-15","2023-04-20","USD",93.00,100,"3XS:20|2XS:20|XS:20|S:10|M:10|L:10|XL:10"
250026,"2022-09-15 08:39:53.45","#OP0201",50.00,68.00,93.00,120.90,"2023-03-11","130108844","PO",4,,,,"","ALMA","OP0201A1",30025,5002,"2023-03-15","2023-04-20","USD",93.00,100,"3XS:20|2XS:20|XS:20|S:10|M:10|L:10|XL:10"
250027,"2022-09-15 08:39:53.45","#OP0202",50.00,68.00,93.00,120.90,"2023-03-11","130108844","PO",4,,,,"","ALMA","OP0202A0",30026,6002,"2023-03-15","2023-04-20","USD",93.00,100,"3XS:20|2XS:20|XS:20|S:10|M:10|L:10|XL:10"
250028,"2022-09-15 08:39:53.45","#OP0203",50.00,68.00,93.00,120.90,"2023-03-11","130108844","PO",4,,,,"","ALMA","OP0203A1",30027,8002,"2023-03-15","2023-04-20","USD",93.00,100,"3XS:20|2XS:20|XS:20|S:10|M:10|L:10|XL:10"
250026,"2022-09-15 08:39:53.45","#OP0204",50.00,68.00,93.00,120.90,"2023-03-11","130108850","PO",4,,,,"","ALMA","OP0204A1",30066,1002,"2023-03-15","2023-04-20","USD",93.00,100,"3XS:20|2XS:20|XS:20|S:10|M:10|L:10|XL:10"
250027,"2022-09-15 08:39:53.45","#OP0205",50.00,68.00,93.00,120.90,"2023-03-11","130108850","PO",4,,,,"","ALMA","OP0205A0",30067,1016,"2023-03-15","2023-04-20","USD",93.00,100,"3XS:20|2XS:20|XS:20|S:10|M:10|L:10|XL:10"
250028,"2022-09-15 08:39:53.45","#OP0206",50.00,68.00,93.00,120.90,"2023-03-11","130108850","PO",4,,,,"","ALMA","OP0206A1",30068,3002,"2023-03-15","2023-04-20","USD",93.00,100,"3XS:20|2XS:20|XS:20|S:10|M:10|L:10|XL:10"
250029,"2022-09-15 08:39:53.45","#OP0207",50.00,68.00,93.00,120.90,"2023-03-11","130108850","PO",4,,,,"","ALMA","OP0207A0",30069,4002,"2023-03-15","2023-04-20","USD",93.00,100,"3XS:20|2XS:20|XS:20|S:10|M:10|L:10|XL:10"
250026,"2022-09-15 08:39:53.45","#OP0208",50.00,68.00,93.00,120.90,"2023-03-11","130108850","PO",4,,,,"","ALMA","OP0208A1",30070,5002,"2023-03-15","2023-04-20","USD",93.00,100,"3XS:20|2XS:20|XS:20|S:10|M:10|L:10|XL:10"
250027,"2022-09-15 08:39:53.45","#OP0209",50.00,68.00,93.00,120.90,"2023-03-11","130108850","PO",4,,,,"","ALMA","OP0209A0",30071,6002,"2023-03-15","2023-04-20","USD",93.00,100,"3XS:20|2XS:20|XS:20|S:10|M:10|L:10|XL:10"
250028,"2022-09-15 08:39:53.45","#OP0210",50.00,68.00,93.00,120.90,"2023-03-11","130108850","PO",4,,,,"","ALMA","OP0210A1",30072,8002,"2023-03-15","2023-04-20","USD",93.00,100,"3XS:20|2XS:20|XS:20|S:10|M:10|L:10|XL:10"
250026,"2022-09-15 08:39:53.45","#OP0211",50.00,68.00,93.00,120.90,"2023-03-11","130108860","PO",4,,,,"","ALMA","OP0211A1",30073,1002,"2023-03-15","2023-04-20","USD",93.00,100,"3XS:20|2XS:20|XS:20|S:10|M:10|L:10|XL:10"
250027,"2022-09-15 08:39:53.45","#OP0212",50.00,68.00,93.00,120.90,"2023-03-11","130108860","PO",4,,,,"","ALMA","OP0212A0",30029,1016,"2023-03-15","2023-04-20","USD",93.00,100,"3XS:20|2XS:20|XS:20|S:10|M:10|L:10|XL:10"
250028,"2022-09-15 08:39:53.45","#OP0213",50.00,68.00,93.00,120.90,"2023-03-11","130108860","PO",4,,,,"","ALMA","OP0213A1",30013,3002,"2023-03-15","2023-04-20","USD",93.00,100,"3XS:20|2XS:20|XS:20|S:10|M:10|L:10|XL:10"
250029,"2022-09-15 08:39:53.45","#OP0214",50.00,68.00,93.00,120.90,"2023-03-11","130108860","PO",4,,,,"","ALMA","OP0214A0",30022,4002,"2023-03-15","2023-04-20","USD",93.00,100,"3XS:20|2XS:20|XS:20|S:10|M:10|L:10|XL:10"
250026,"2022-09-15 08:39:53.45","#OP0215",50.00,68.00,93.00,120.90,"2023-03-11","130108860","PO",4,,,,"","ALMA","OP0215A1",30045,5002,"2023-03-15","2023-04-20","USD",93.00,100,"3XS:20|2XS:20|XS:20|S:10|M:10|L:10|XL:10"
250027,"2022-09-15 08:39:53.45","#OP0216",50.00,68.00,93.00,120.90,"2023-03-11","130108860","PO",4,,,,"","ALMA","OP0216A0",30046,6002,"2023-03-15","2023-04-20","USD",93.00,100,"3XS:20|2XS:20|XS:20|S:10|M:10|L:10|XL:10"
250028,"2022-09-15 08:39:53.45","#OP0217",50.00,68.00,93.00,120.90,"2023-03-11","130108860","PO",4,,,,"","ALMA","OP0217A1",30047,8002,"2023-03-15","2023-04-20","USD",93.00,100,"3XS:20|2XS:20|XS:20|S:10|M:10|L:10|XL:10"
250026,"2022-09-15 08:39:53.45","#OP0218",50.00,68.00,93.00,120.90,"2023-03-11","130108871","PO",4,,,,"","ALMA","OP0218A1",30065,1002,"2023-03-15","2023-04-20","USD",93.00,100,"3XS:20|2XS:20|XS:20|S:10|M:10|L:10|XL:10"
250027,"2022-09-15 08:39:53.45","#OP0219",50.00,68.00,93.00,120.90,"2023-03-11","130108871","PO",4,,,,"","ALMA","OP0219A0",30074,1016,"2023-03-15","2023-04-20","USD",93.00,100,"3XS:20|2XS:20|XS:20|S:10|M:10|L:10|XL:10"
250028,"2022-09-15 08:39:53.45","#OP0220",50.00,68.00,93.00,120.90,"2023-03-11","130108871","PO",4,,,,"","ALMA","OP0220A1",30075,3002,"2023-03-15","2023-04-20","USD",93.00,100,"3XS:20|2XS:20|XS:20|S:10|M:10|L:10|XL:10"
250029,"2022-09-15 08:39:53.45","#OP0221",50.00,68.00,93.00,120.90,"2023-03-11","130108871","PO",4,,,,"","ALMA","OP0221A0",30025,4002,"2023-03-15","2023-04-20","USD",93.00,100,"3XS:20|2XS:20|XS:20|S:10|M:10|L:10|XL:10"
250026,"2022-09-15 08:39:53.45","#OP0222",50.00,68.00,93.00,120.90,"2023-03-11","130108871","PO",4,,,,"","ALMA","OP0222A1",30026,5002,"2023-03-15","2023-04-20","USD",93.00,100,"3XS:20|2XS:20|XS:20|S:10|M:10|L:10|XL:10"
250027,"2022-09-15 08:39:53.45","#OP0223",50.00,68.00,93.00,120.90,"2023-03-11","130108871","PO",4,,,,"","ALMA","OP0223A0",30027,6002,"2023-03-15","2023-04-20","USD",93.00,100,"3XS:20|2XS:20|XS:20|S:10|M:10|L:10|XL:10"
250028,"2022-09-15 08:39:53.45","#OP0224",50.00,68.00,93.00,120.90,"2023-03-11","130108871","PO",4,,,,"","ALMA","OP0224A1",30066,8002,"2023-03-15","2023-04-20","USD",93.00,100,"3XS:20|2XS:20|XS:20|S:10|M:10|L:10|XL:10"
250026,"2022-09-15 08:39:53.45","#OP0225",50.00,68.00,93.00,120.90,"2023-03-11","130108876","PO",4,,,,"","ALMA","OP0225A1",30067,1002,"2023-03-15","2023-04-20","USD",93.00,100,"3XS:20|2XS:20|XS:20|S:10|M:10|L:10|XL:10"
250027,"2022-09-15 08:39:53.45","#OP0226",50.00,68.00,93.00,120.90,"2023-03-11","130108876","PO",4,,,,"","ALMA","OP0226A0",30068,1016,"2023-03-15","2023-04-20","USD",93.00,100,"3XS:20|2XS:20|XS:20|S:10|M:10|L:10|XL:10"
250028,"2022-09-15 08:39:53.45","#OP0227",50.00,68.00,93.00,120.90,"2023-03-11","130108876","PO",4,,,,"","ALMA","OP0227A1",30069,3002,"2023-03-15","2023-04-20","USD",93.00,100,"3XS:20|2XS:20|XS:20|S:10|M:10|L:10|XL:10"
250029,"2022-09-15 08:39:53.45","#OP0228",50.00,68.00,93.00,120.90,"2023-03-11","130108876","PO",4,,,,"","ALMA","OP0228A0",30070,4002,"2023-03-15","2023-04-20","USD",93.00,100,"3XS:20|2XS:20|XS:20|S:10|M:10|L:10|XL:10"
250026,"2022-09-15 08:39:53.45","#OP0229",50.00,68.00,93.00,120.90,"2023-03-11","130108876","PO",4,,,,"","ALMA","OP0229A1",30071,5002,"2023-03-15","2023-04-20","USD",93.00,100,"3XS:20|2XS:20|XS:20|S:10|M:10|L:10|XL:10"
250027,"2022-09-15 08:39:53.45","#OP0230",50.00,68.00,93.00,120.90,"2023-03-11","130108876","PO",4,,,,"","ALMA","OP0230A0",30072,6002,"2023-03-15","2023-04-20","USD",93.00,100,"3XS:20|2XS:20|XS:20|S:10|M:10|L:10|XL:10"
250028,"2022-09-15 08:39:53.45","#OP0231",50.00,68.00,93.00,120.90,"2023-03-11","130108876","PO",4,,,,"","ALMA","OP0231A1",30073,8002,"2023-03-15","2023-04-20","USD",93.00,100,"3XS:20|2XS:20|XS:20|S:10|M:10|L:10|XL:10"
250026,"2022-09-15 08:39:53.45","#OP0232",50.00,68.00,93.00,120.90,"2023-03-11","130108885","PO",4,,,,"","ALMA","OP0232A1",30029,1002,"2023-03-15","2023-04-20","USD",93.00,100,"3XS:20|2XS:20|XS:20|S:10|M:10|L:10|XL:10"
250027,"2022-09-15 08:39:53.45","#OP0233",50.00,68.00,93.00,120.90,"2023-03-11","130108885","PO",4,,,,"","ALMA","OP0233A0",30013,1016,"2023-03-15","2023-04-20","USD",93.00,100,"3XS:20|2XS:20|XS:20|S:10|M:10|L:10|XL:10"
250028,"2022-09-15 08:39:53.45","#OP0234",50.00,68.00,93.00,120.90,"2023-03-11","130108885","PO",4,,,,"","ALMA","OP0234A1",30022,3002,"2023-03-15","2023-04-20","USD",93.00,100,"3XS:20|2XS:20|XS:20|S:10|M:10|L:10|XL:10"
250029,"2022-09-15 08:39:53.45","#OP0235",50.00,68.00,93.00,120.90,"2023-03-11","130108885","PO",4,,,,"","ALMA","OP0235A0",30045,4002,"2023-03-15","2023-04-20","USD",93.00,100,"3XS:20|2XS:20|XS:20|S:10|M:10|L:10|XL:10"
250026,"2022-09-15 08:39:53.45","#OP0236",50.00,68.00,93.00,120.90,"2023-03-11","130108885","PO",4,,,,"","ALMA","OP0236A1",30046,5002,"2023-03-15","2023-04-20","USD",93.00,100,"3XS:20|2XS:20|XS:20|S:10|M:10|L:10|XL:10"
250027,"2022-09-15 08:39:53.45","#OP0237",50.00,68.00,93.00,120.90,"2023-03-11","130108885","PO",4,,,,"","ALMA","OP0237A0",30047,6002,"2023-03-15","2023-04-20","USD",93.00,100,"3XS:20|2XS:20|XS:20|S:10|M:10|L:10|XL:10"
250028,"2022-09-15 08:39:53.45","#OP0238",50.00,68.00,93.00,120.90,"2023-03-11","130108885","PO",4,,,,"","ALMA","OP0238A1",30065,8002,"2023-03-15","2023-04-20","USD",93.00,100,"3XS:20|2XS:20|XS:20|S:10|M:10|L:10|XL:10"
250026,"2022-09-15 08:39:53.45","#OP0239",50.00,68.00,93.00,120.90,"2023-03-11","130108891","PO",4,,,,"","ALMA","OP0239A1",30074,1002,"2023-03-15","2023-04-20","USD",93.00,100,"3XS:20|2XS:20|XS:20|S:10|M:10|L:10|XL:10"
250027,"2022-09-15 08:39:53.45","#OP0240",50.00,68.00,93.00,120.90,"2023-03-11","130108891","PO",4,,,,"","ALMA","OP0240A0",30075,1016,"2023-03-15","2023-04-20","USD",93.00,100,"3XS:20|2XS:20|XS:20|S:10|M:10|L:10|XL:10"
250028,"2022-09-15 08:39:53.45","#OP0241",50.00,68.00,93.00,120.90,"2023-03-11","130108891","PO",4,,,,"","ALMA","OP0241A1",30025,3002,"2023-03-15","2023-04-20","USD",93.00,100,"3XS:20|2XS:20|XS:20|S:10|M:10|L:10|XL:10"
250029,"2022-09-15 08:39:53.45","#OP0242",50.00,68.00,93.00,120.90,"2023-03-11","130108891","PO",4,,,,"","ALMA","OP0242A0",30026,4002,"2023-03-15","2023-04-20","USD",93.00,100,"3XS:20|2XS:20|XS:20|S:10|M:10|L:10|XL:10"
250026,"2022-09-15 08:39:53.45","#OP0243",50.00,68.00,93.00,120.90,"2023-03-11","130108891","PO",4,,,,"","ALMA","OP0243A1",30027,5002,"2023-03-15","2023-04-20","USD",93.00,100,"3XS:20|2XS:20|XS:20|S:10|M:10|L:10|XL:10"
250027,"2022-09-15 08:39:53.45","#OP0244",50.00,68.00,93.00,120.90,"2023-03-11","130108891","PO",4,,,,"","ALMA","OP0244A0",30066,6002,"2023-03-15","2023-04-20","USD",93.00,100,"3XS:20|2XS:20|XS:20|S:10|M:10|L:10|XL:10"
250028,"2022-09-15 08:39:53.45","#OP0245",50.00,68.00,93.00,120.90,"2023-03-11","130108891","PO",4,,,,"","ALMA","OP0245A1",30067,8002,"2023-03-15","2023-04-20","USD",93.00,100,"3XS:20|2XS:20|XS:20|S:10|M:10|L:10|XL:10"
250026,"2022-09-15 08:39:53.45","#OP0246",50.00,68.00,93.00,120.90,"2023-03-11","130108900","PO",4,,,,"","ALMA","OP0246A1",30068,1002,"2023-03-15","2023-04-20","USD",93.00,100,"3XS:20|2XS:20|XS:20|S:10|M:10|L:10|XL:10"
250027,"2022-09-15 08:39:53.45","#OP0247",50.00,68.00,93.00,120.90,"2023-03-11","130108900","PO",4,,,,"","ALMA","OP0247A0",30069,1016,"2023-03-15","2023-04-20","USD",93.00,100,"3XS:20|2XS:20|XS:20|S:10|M:10|L:10|XL:10"
250028,"2022-09-15 08:39:53.45","#OP0248",50.00,68.00,93.00,120.90,"2023-03-11","130108900","PO",4,,,,"","ALMA","OP0248A1",30070,3002,"2023-03-15","2023-04-20","USD",93.00,100,"3XS:20|2XS:20|XS:20|S:10|M:10|L:10|XL:10"
250029,"2022-09-15 08:39:53.45","#OP0249",50.00,68.00,93.00,120.90,"2023-03-11","130108900","PO",4,,,,"","ALMA","OP0249A0",30071,4002,"2023-03-15","2023-04-20","USD",93.00,100,"3XS:20|2XS:20|XS:20|S:10|M:10|L:10|XL:10"
250026,"2022-09-15 08:39:53.45","#OP0250",50.00,68.00,93.00,120.90,"2023-03-11","130108900","PO",4,,,,"","ALMA","OP0250A1",30072,5002,"2023-03-15","2023-04-20","USD",93.00,100,"3XS:20|2XS:20|XS:20|S:10|M:10|L:10|XL:10"
250027,"2022-09-15 08:39:53.45","#OP0251",50.00,68.00,93.00,120.90,"2023-03-11","130108900","PO",4,,,,"","ALMA","OP0251A0",30073,6002,"2023-03-15","2023-04-20","USD",93.00,100,"3XS:20|2XS:20|XS:20|S:10|M:10|L:10|XL:10"
250028,"2022-09-15 08:39:53.45","#OP0252",50.00,68.00,93.00,120.90,"2023-03-11","130108900","PO",4,,,,"","ALMA","OP0252A1",30029,8002,"2023-03-15","2023-04-20","USD",93.00,100,"3XS:20|2XS:20|XS:20|S:10|M:10|L:10|XL:10"
250026,"2022-09-15 08:39:53.45","#OP0253",50.00,68.00,93.00,120.90,"2023-03-11","130108906","PO",4,,,,"","ALMA","OP0253A1",30013,1002,"2023-03-15","2023-04-20","USD",93.00,100,"3XS:20|2XS:20|XS:20|S:10|M:10|L:10|XL:10"
250027,"2022-09-15 08:39:53.45","#OP0254",50.00,68.00,93.00,120.90,"2023-03-11","130108906","PO",4,,,,"","ALMA","OP0254A0",30022,1016,"2023-03-15","2023-04-20","USD",93.00,100,"3XS:20|2XS:20|XS:20|S:10|M:10|L:10|XL:10"
250028,"2022-09-15 08:39:53.45","#OP0255",50.00,68.00,93.00,120.90,"2023-03-11","130108906","PO",4,,,,"","ALMA","OP0255A1",30045,3002,"2023-03-15","2023-04-20","USD",93.00,100,"3XS:20|2XS:20|XS:20|S:10|M:10|L:10|XL:10"
250029,"2022-09-15 08:39:53.45","#OP0256",50.00,68.00,93.00,120.90,"2023-03-11","130108906","PO",4,,,,"","ALMA","OP0256A0",30046,4002,"2023-03-15","2023-04-20","USD",93.00,100,"3XS:20|2XS:20|XS:20|S:10|M:10|L:10|XL:10"
250026,"2022-09-15 08:39:53.45","#OP0257",50.00,68.00,93.00,120.90,"2023-03-11","130108906","PO",4,,,,"","ALMA","OP0257A1",30047,5002,"2023-03-15","2023-04-20","USD",93.00,100,"3XS:20|2XS:20|XS:20|S:10|M:10|L:10|XL:10"
250027,"2022-09-15 08:39:53.45","#OP0258",50.00,68.00,93.00,120.90,"2023-03-11","130108906","PO",4,,,,"","ALMA","OP0258A0",30065,6002,"2023-03-15","2023-04-20","USD",93.00,100,"3XS:20|2XS:20|XS:20|S:10|M:10|L:10|XL:10"
250028,"2022-09-15 08:39:53.45","#OP0259",50.00,68.00,93.00,120.90,"2023-03-11","130108906","PO",4,,,,"","ALMA","OP0259A1",30074,8002,"2023-03-15","2023-04-20","USD",93.00,100,"3XS:20|2XS:20|XS:20|S:10|M:10|L:10|XL:10"
250026,"2022-09-15 08:39:53.45","#OP0260",50.00,68.00,93.00,120.90,"2023-03-11","130108916","PO",4,,,,"","ALMA","OP0260A1",30075,1002,"2023-03-15","2023-04-20","USD",93.00,100,"3XS:20|2XS:20|XS:20|S:10|M:10|L:10|XL:10"
250027,"2022-09-15 08:39:53.45","#OP0261",50.00,68.00,93.00,120.90,"2023-03-11","130108916","PO",4,,,,"","ALMA","OP0261A0",30025,1016,"2023-03-15","2023-04-20","USD",93.00,100,"3XS:20|2XS:20|XS:20|S:10|M:10|L:10|XL:10"
250028,"2022-09-15 08:39:53.45","#OP0262",50.00,68.00,93.00,120.90,"2023-03-11","130108916","PO",4,,,,"","ALMA","OP0262A1",30026,3002,"2023-03-15","2023-04-20","USD",93.00,100,"3XS:20|2XS:20|XS:20|S:10|M:10|L:10|XL:10"
250029,"2022-09-15 08:39:53.45","#OP0263",50.00,68.00,93.00,120.90,"2023-03-11","130108916","PO",4,,,,"","ALMA","OP0263A0",30027,4002,"2023-03-15","2023-04-20","USD",93.00,100,"3XS:20|2XS:20|XS:20|S:10|M:10|L:10|XL:10"
250026,"2022-09-15 08:39:53.45","#OP0264",50.00,68.00,93.00,120.90,"2023-03-11","130108916","PO",4,,,,"","ALMA","OP0264A1",30066,5002,"2023-03-15","2023-04-20","USD",93.00,100,"3XS:20|2XS:20|XS:20|S:10|M:10|L:10|XL:10"
250027,"2022-09-15 08:39:53.45","#OP0265",50.00,68.00,93.00,120.90,"2023-03-11","130108916","PO",4,,,,"","ALMA","OP0265A0",30067,6002,"2023-03-15","2023-04-20","USD",93.00,100,"3XS:20|2XS:20|XS:20|S:10|M:10|L:10|XL:10"
250028,"2022-09-15 08:39:53.45","#OP0266",50.00,68.00,93.00,120.90,"2023-03-11","130108916","PO",4,,,,"","ALMA","OP0266A1",30068,8002,"2023-03-15","2023-04-20","USD",93.00,100,"3XS:20|2XS:20|XS:20|S:10|M:10|L:10|XL:10"
250026,"2022-09-15 08:39:53.45","#OP0267",50.00,68.00,93.00,120.90,"2023-03-11","130108921","PO",4,,,,"","ALMA","OP0267A1",30069,1002,"2023-03-15","2023-04-20","USD",93.00,100,"3XS:20|2XS:20|XS:20|S:10|M:10|L:10|XL:10"
250027,"2022-09-15 08:39:53.45","#OP0268",50.00,68.00,93.00,120.90,"2023-03-11","130108921","PO",4,,,,"","ALMA","OP0268A0",30070,1016,"2023-03-15","2023-04-20","USD",93.00,100,"3XS:20|2XS:20|XS:20|S:10|M:10|L:10|XL:10"
250028,"2022-09-15 08:39:53.45","#OP0269",50.00,68.00,93.00,120.90,"2023-03-11","130108921","PO",4,,,,"","ALMA","OP0269A1",30071,3002,"2023-03-15","2023-04-20","USD",93.00,100,"3XS:20|2XS:20|XS:20|S:10|M:10|L:10|XL:10"
250029,"2022-09-15 08:39:53.45","#OP0270",50.00,68.00,93.00,120.90,"2023-03-11","130108921","PO",4,,,,"","ALMA","OP0270A0",30072,4002,"2023-03-15","2023-04-20","USD",93.00,100,"3XS:20|2XS:20|XS:20|S:10|M:10|L:10|XL:10"
250026,"2022-09-15 08:39:53.45","#OP0271",50.00,68.00,93.00,120.90,"2023-03-11","130108921","PO",4,,,,"","ALMA","OP0271A1",30073,5002,"2023-03-15","2023-04-20","USD",93.00,100,"3XS:20|2XS:20|XS:20|S:10|M:10|L:10|XL:10"
250027,"2022-09-15 08:39:53.45","#OP0272",50.00,68.00,93.00,120.90,"2023-03-11","130108921","PO",4,,,,"","ALMA","OP0272A0",30029,6002,"2023-03-15","2023-04-20","USD",93.00,100,"3XS:20|2XS:20|XS:20|S:10|M:10|L:10|XL:10"
250028,"2022-09-15 08:39:53.45","#OP0273",50.00,68.00,93.00,120.90,"2023-03-11","130108921","PO",4,,,,"","ALMA","OP0273A1",30013,8002,"2023-03-15","2023-04-20","USD",93.00,100,"3XS:20|2XS:20|XS:20|S:10|M:10|L:10|XL:10"
250026,"2022-09-15 08:39:53.45","#OP0274",50.00,68.00,93.00,120.90,"2023-03-11","130108930","PO",4,,,,"","ALMA","OP0274A1",30022,1002,"2023-03-15","2023-04-20","USD",93.00,100,"3XS:20|2XS:20|XS:20|S:10|M:10|L:10|XL:10"
250027,"2022-09-15 08:39:53.45","#OP0275",50.00,68.00,93.00,120.90,"2023-03-11","130108930","PO",4,,,,"","ALMA","OP0275A0",30045,1016,"2023-03-15","2023-04-20","USD",93.00,100,"3XS:20|2XS:20|XS:20|S:10|M:10|L:10|XL:10"
250028,"2022-09-15 08:39:53.45","#OP0276",50.00,68.00,93.00,120.90,"2023-03-11","130108930","PO",4,,,,"","ALMA","OP0276A1",30046,3002,"2023-03-15","2023-04-20","USD",93.00,100,"3XS:20|2XS:20|XS:20|S:10|M:10|L:10|XL:10"
250029,"2022-09-15 08:39:53.45","#OP0277",50.00,68.00,93.00,120.90,"2023-03-11","130108930","PO",4,,,,"","ALMA","OP0277A0",30047,4002,"2023-03-15","2023-04-20","USD",93.00,100,"3XS:20|2XS:20|XS:20|S:10|M:10|L:10|XL:10"
250026,"2022-09-15 08:39:53.45","#OP0278",50.00,68.00,93.00,120.90,"2023-03-11","130108930","PO",4,,,,"","ALMA","OP0278A1",30065,5002,"2023-03-15","2023-04-20","USD",93.00,100,"3XS:20|2XS:20|XS:20|S:10|M:10|L:10|XL:10"
250027,"2022-09-15 08:39:53.45","#OP0279",50.00,68.00,93.00,120.90,"2023-03-11","130108930","PO",4,,,,"","ALMA","OP0279A0",30074,6002,"2023-03-15","2023-04-20","USD",93.00,100,"3XS:20|2XS:20|XS:20|S:10|M:10|L:10|XL:10"
250028,"2022-09-15 08:39:53.45","#OP0280",50.00,68.00,93.00,120.90,"2023-03-11","130108930","PO",4,,,,"","ALMA","OP0280A1",30075,8002,"2023-03-15","2023-04-20","USD",93.00,100,"3XS:20|2XS:20|XS:20|S:10|M:10|L:10|XL:10"
250026,"2022-09-15 08:39:53.45","#OP0281",50.00,68.00,93.00,120.90,"2023-03-11","130108934","PO",4,,,,"","ALMA","OP0281A1",30025,1002,"2023-03-15","2023-04-20","USD",93.00,100,"3XS:20|2XS:20|XS:20|S:10|M:10|L:10|XL:10"
250027,"2022-09-15 08:39:53.45","#OP0282",50.00,68.00,93.00,120.90,"2023-03-11","130108934","PO",4,,,,"","ALMA","OP0282A0",30026,1016,"2023-03-15","2023-04-20","USD",93.00,100,"3XS:20|2XS:20|XS:20|S:10|M:10|L:10|XL:10"
250028,"2022-09-15 08:39:53.45","#OP0283",50.00,68.00,93.00,120.90,"2023-03-11","130108934","PO",4,,,,"","ALMA","OP0283A1",30027,3002,"2023-03-15","2023-04-20","USD",93.00,100,"3XS:20|2XS:20|XS:20|S:10|M:10|L:10|XL:10"
250029,"2022-09-15 08:39:53.45","#OP0284",50.00,68.00,93.00,120.90,"2023-03-11","130108934","PO",4,,,,"","ALMA","OP0284A0",30066,4002,"2023-03-15","2023-04-20","USD",93.00,100,"3XS:20|2XS:20|XS:20|S:10|M:10|L:10|XL:10"
250026,"2022-09-15 08:39:53.45","#OP0285",50.00,68.00,93.00,120.90,"2023-03-11","130108934","PO",4,,,,"","ALMA","OP0285A1",30067,5002,"2023-03-15","2023-04-20","USD",93.00,100,"3XS:20|2XS:20|XS:20|S:10|M:10|L:10|XL:10"
250027,"2022-09-15 08:39:53.45","#OP0286",50.00,68.00,93.00,120.90,"2023-03-11","130108934","PO",4,,,,"","ALMA","OP0286A0",30068,6002,"2023-03-15","2023-04-20","USD",93.00,100,"3XS:20|2XS:20|XS:20|S:10|M:10|L:10|XL:10"
250028,"2022-09-15 08:39:53.45","#OP0287",50.00,68.00,93.00,120.90,"2023-03-11","130108934","PO",4,,,,"","ALMA","OP0287A1",30069,8002,"2023-03-15","2023-04-20","USD",93.00,100,"3XS:20|2XS:20|XS:20|S:10|M:10|L:10|XL:10"
250026,"2022-09-15 08:39:53.45","#OP0288",50.00,68.00,93.00,120.90,"2023-03-11","130108943","PO",4,,,,"","ALMA","OP0288A1",30070,1002,"2023-03-15","2023-04-20","USD",93.00,100,"3XS:20|2XS:20|XS:20|S:10|M:10|L:10|XL:10"
250027,"2022-09-15 08:39:53.45","#OP0289",50.00,68.00,93.00,120.90,"2023-03-11","130108943","PO",4,,,,"","ALMA","OP0289A0",30071,1016,"2023-03-15","2023-04-20","USD",93.00,100,"3XS:20|2XS:20|XS:20|S:10|M:10|L:10|XL:10"
250028,"2022-09-15 08:39:53.45","#OP0290",50.00,68.00,93.00,120.90,"2023-03-11","130108943","PO",4,,,,"","ALMA","OP0290A1",30072,3002,"2023-03-15","2023-04-20","USD",93.00,100,"3XS:20|2XS:20|XS:20|S:10|M:10|L:10|XL:10"
250029,"2022-09-15 08:39:53.45","#OP0291",50.00,68.00,93.00,120.90,"2023-03-11","130108943","PO",4,,,,"","ALMA","OP0291A0",30073,4002,"2023-03-15","2023-04-20","USD",93.00,100,"3XS:20|2XS:20|XS:20|S:10|M:10|L:10|XL:10"
250026,"2022-09-15 08:39:53.45","#OP0292",50.00,68.00,93.00,120.90,"2023-03-11","130108943","PO",4,,,,"","ALMA","OP0292A1",30029,5002,"2023-03-15","2023-04-20","USD",93.00,100,"3XS:20|2XS:20|XS:20|S:10|M:10|L:10|XL:10"
250027,"2022-09-15 08:39:53.45","#OP0293",50.00,68.00,93.00,120.90,"2023-03-11","130108943","PO",4,,,,"","ALMA","OP0293A0",30013,6002,"2023-03-15","2023-04-20","USD",93.00,100,"3XS:20|2XS:20|XS:20|S:10|M:10|L:10|XL:10"
250028,"2022-09-15 08:39:53.45","#OP0294",50.00,68.00,93.00,120.90,"2023-03-11","130108943","PO",4,,,,"","ALMA","OP0294A1",30022,8002,"2023-03-15","2023-04-20","USD",93.00,100,"3XS:20|2XS:20|XS:20|S:10|M:10|L:10|XL:10"
250026,"2022-09-15 08:39:53.45","#OP0295",50.00,68.00,93.00,120.90,"2023-03-11","130108951","PO",4,,,,"","ALMA","OP0295A1",30045,1002,"2023-03-15","2023-04-20","USD",93.00,100,"3XS:20|2XS:20|XS:20|S:10|M:10|L:10|XL:10"
250027,"2022-09-15 08:39:53.45","#OP0296",50.00,68.00,93.00,120.90,"2023-03-11","130108951","PO",4,,,,"","ALMA","OP0296A0",30046,1016,"2023-03-15","2023-04-20","USD",93.00,100,"3XS:20|2XS:20|XS:20|S:10|M:10|L:10|XL:10"
250028,"2022-09-15 08:39:53.45","#OP0297",50.00,68.00,93.00,120.90,"2023-03-11","130108951","PO",4,,,,"","ALMA","OP0297A1",30047,3002,"2023-03-15","2023-04-20","USD",93.00,100,"3XS:20|2XS:20|XS:20|S:10|M:10|L:10|XL:10"
250029,"2022-09-15 08:39:53.45","#OP0298",50.00,68.00,93.00,120.90,"2023-03-11","130108951","PO",4,,,,"","ALMA","OP0298A0",30065,4002,"2023-03-15","2023-04-20","USD",93.00,100,"3XS:20|2XS:20|XS:20|S:10|M:10|L:10|XL:10"
250026,"2022-09-15 08:39:53.45","#OP0299",50.00,68.00,93.00,120.90,"2023-03-11","130108951","PO",4,,,,"","ALMA","OP0299A1",30074,5002,"2023-03-15","2023-04-20","USD",93.00,100,"3XS:20|2XS:20|XS:20|S:10|M:10|L:10|XL:10"
250027,"2022-09-15 08:39:53.45","#OP0300",50.00,68.00,93.00,120.90,"2023-03-11","130108951","PO",4,,,,"","ALMA","OP0300A0",30075,6002,"2023-03-15","2023-04-20","USD",93.00,100,"3XS:20|2XS:20|XS:20|S:10|M:10|L:10|XL:10"
250028,"2022-09-15 08:39:53.45","#OP0301",50.00,68.00,93.00,120.90,"2023-03-11","130108951","PO",4,,,,"","ALMA","OP0301A1",30025,8002,"2023-03-15","2023-04-20","USD",93.00,100,"3XS:20|2XS:20|XS:20|S:10|M:10|L:10|XL:10"
250026,"2022-09-15 08:39:53.45","#OP0302",50.00,68.00,93.00,120.90,"2023-03-11","130108957","PO",4,,,,"","ALMA","OP0302A1",30026,1002,"2023-03-15","2023-04-20","USD",93.00,100,"3XS:20|2XS:20|XS:20|S:10|M:10|L:10|XL:10"
250027,"2022-09-15 08:39:53.45","#OP0303",50.00,68.00,93.00,120.90,"2023-03-11","130108957","PO",4,,,,"","ALMA","OP0303A0",30027,1016,"2023-03-15","2023-04-20","USD",93.00,100,"3XS:20|2XS:20|XS:20|S:10|M:10|L:10|XL:10"
250028,"2022-09-15 08:39:53.45","#OP0304",50.00,68.00,93.00,120.90,"2023-03-11","130108957","PO",4,,,,"","ALMA","OP0304A1",30066,3002,"2023-03-15","2023-04-20","USD",93.00,100,"3XS:20|2XS:20|XS:20|S:10|M:10|L:10|XL:10"
250029,"2022-09-15 08:39:53.45","#OP0305",50.00,68.00,93.00,120.90,"2023-03-11","130108957","PO",4,,,,"","ALMA","OP0305A0",30067,4002,"2023-03-15","2023-04-20","USD",93.00,100,"3XS:20|2XS:20|XS:20|S:10|M:10|L:10|XL:10"
250026,"2022-09-15 08:39:53.45","#OP0306",50.00,68.00,93.00,120.90,"2023-03-11","130108957","PO",4,,,,"","ALMA","OP0306A1",30068,5002,"2023-03-15","2023-04-20","USD",93.00,100,"3XS:20|2XS:20|XS:20|S:10|M:10|L:10|XL:10"
250027,"2022-09-15 08:39:53.45","#OP0307",50.00,68.00,93.00,120.90,"2023-03-11","130108957","PO",4,,,,"","ALMA","OP0307A0",30069,6002,"2023-03-15","2023-04-20","USD",93.00,100,"3XS:20|2XS:20|XS:20|S:10|M:10|L:10|XL:10"
250028,"2022-09-15 08:39:53.45","#OP0308",50.00,68.00,93.00,120.90,"2023-03-11","130108957","PO",4,,,,"","ALMA","OP0308A1",30070,8002,"2023-03-15","2023-04-20","USD",93.00,100,"3XS:20|2XS:20|XS:20|S:10|M:10|L:10|XL:10"
250026,"2022-09-15 08:39:53.45","#OP0309",50.00,68.00,93.00,120.90,"2023-03-11","130108966","PO",4,,,,"","ALMA","OP0309A1",30071,1002,"2023-03-15","2023-04-20","USD",93.00,100,"3XS:20|2XS:20|XS:20|S:10|M:10|L:10|XL:10"
250027,"2022-09-15 08:39:53.45","#OP0310",50.00,68.00,93.00,120.90,"2023-03-11","130108966","PO",4,,,,"","ALMA","OP0310A0",30072,1016,"2023-03-15","2023-04-20","USD",93.00,100,"3XS:20|2XS:20|XS:20|S:10|M:10|L:10|XL:10"
250028,"2022-09-15 08:39:53.45","#OP0311",50.00,68.00,93.00,120.90,"2023-03-11","130108966","PO",4,,,,"","ALMA","OP0311A1",30073,3002,"2023-03-15","2023-04-20","USD",93.00,100,"3XS:20|2XS:20|XS:20|S:10|M:10|L:10|XL:10"
250029,"2022-09-15 08:39:53.45","#OP0312",50.00,68.00,93.00,120.90,"2023-03-11","130108966","PO",4,,,,"","ALMA","OP0312A0",30029,4002,"2023-03-15","2023-04-20","USD",93.00,100,"3XS:20|2XS:20|XS:20|S:10|M:10|L:10|XL:10"
250026,"2022-09-15 08:39:53.45","#OP0313",50.00,68.00,93.00,120.90,"2023-03-11","130108966","PO",4,,,,"","ALMA","OP0313A1",30013,5002,"2023-03-15","2023-04-20","USD",93.00,100,"3XS:20|2XS:20|XS:20|S:10|M:10|L:10|XL:10"
250027,"2022-09-15 08:39:53.45","#OP0314",50.00,68.00,93.00,120.90,"2023-03-11","130108966","PO",4,,,,"","ALMA","OP0314A0",30022,6002,"2023-03-15","2023-04-20","USD",93.00,100,"3XS:20|2XS:20|XS:20|S:10|M:10|L:10|XL:10"
250028,"2022-09-15 08:39:53.45","#OP0315",50.00,68.00,93.00,120.90,"2023-03-11","130108966","PO",4,,,,"","ALMA","OP0315A1",30045,8002,"2023-03-15","2023-04-20","USD",93.00,100,"3XS:20|2XS:20|XS:20|S:10|M:10|L:10|XL:10"
250026,"2022-09-15 08:39:53.45","#OP0316",50.00,68.00,93.00,120.90,"2023-03-11","130108972","PO",4,,,,"","ALMA","OP0316A1",30046,1002,"2023-03-15","2023-04-20","USD",93.00,100,"3XS:20|2XS:20|XS:20|S:10|M:10|L:10|XL:10"
250027,"2022-09-15 08:39:53.45","#OP0317",50.00,68.00,93.00,120.90,"2023-03-11","130108972","PO",4,,,,"","ALMA","OP0317A0",30047,1016,"2023-03-15","2023-04-20","USD",93.00,100,"3XS:20|2XS:20|XS:20|S:10|M:10|L:10|XL:10"
250028,"2022-09-15 08:39:53.45","#OP0318",50.00,68.00,93.00,120.90,"2023-03-11","130108972","PO",4,,,,"","ALMA","OP0318A1",30065,3002,"2023-03-15","2023-04-20","USD",93.00,100,"3XS:20|2XS:20|XS:20|S:10|M:10|L:10|XL:10"
250029,"2022-09-15 08:39:53.45","#OP0319",50.00,68.00,93.00,120.90,"2023-03-11","130108972","PO",4,,,,"","ALMA","OP0319A0",30074,4002,"2023-03-15","2023-04-20","USD",93.00,100,"3XS:20|2XS:20|XS:20|S:10|M:10|L:10|XL:10"
250026,"2022-09-15 08:39:53.45","#OP0320",50.00,68.00,93.00,120.90,"2023-03-11","130108972","PO",4,,,,"","ALMA","OP0320A1",30075,5002,"2023-03-15","2023-04-20","USD",93.00,100,"3XS:20|2XS:20|XS:20|S:10|M:10|L:10|XL:10"
250027,"2022-09-15 08:39:53.45","#OP0321",50.00,68.00,93.00,120.90,"2023-03-11","130108972","PO",4,,,,"","ALMA","OP0321A0",30025,6002,"2023-03-15","2023-04-20","USD",93.00,100,"3XS:20|2XS:20|XS:20|S:10|M:10|L:10|XL:10"
250028,"2022-09-15 08:39:53.45","#OP0322",50.00,68.00,93.00,120.90,"2023-03-11","130108972","PO",4,,,,"","ALMA","OP0322A1",30026,8002,"2023-03-15","2023-04-20","USD",93.00,100,"3XS:20|2XS:20|XS:20|S:10|M:10|L:10|XL:10"
250026,"2022-09-15 08:39:53.45","#OP0323",50.00,68.00,93.00,120.90,"2023-03-11","130108981","PO",4,,,,"","ALMA","OP0323A1",30027,1002,"2023-03-15","2023-04-20","USD",93.00,100,"3XS:20|2XS:20|XS:20|S:10|M:10|L:10|XL:10"
250027,"2022-09-15 08:39:53.45","#OP0324",50.00,68.00,93.00,120.90,"2023-03-11","130108981","PO",4,,,,"","ALMA","OP0324A0",30066,1016,"2023-03-15","2023-04-20","USD",93.00,100,"3XS:20|2XS:20|XS:20|S:10|M:10|L:10|XL:10"
250028,"2022-09-15 08:39:53.45","#OP0325",50.00,68.00,93.00,120.90,"2023-03-11","130108981","PO",4,,,,"","ALMA","OP0325A1",30067,3002,"2023-03-15","2023-04-20","USD",93.00,100,"3XS:20|2XS:20|XS:20|S:10|M:10|L:10|XL:10"
250029,"2022-09-15 08:39:53.45","#OP0326",50.00,68.00,93.00,120.90,"2023-03-11","130108981","PO",4,,,,"","ALMA","OP0326A0",30068,4002,"2023-03-15","2023-04-20","USD",93.00,100,"3XS:20|2XS:20|XS:20|S:10|M:10|L:10|XL:10"
250026,"2022-09-15 08:39:53.45","#OP0327",50.00,68.00,93.00,120.90,"2023-03-11","130108981","PO",4,,,,"","ALMA","OP0327A1",30069,5002,"2023-03-15","2023-04-20","USD",93.00,100,"3XS:20|2XS:20|XS:20|S:10|M:10|L:10|XL:10"
250027,"2022-09-15 08:39:53.45","#OP0328",50.00,68.00,93.00,120.90,"2023-03-11","130108981","PO",4,,,,"","ALMA","OP0328A0",30070,6002,"2023-03-15","2023-04-20","USD",93.00,100,"3XS:20|2XS:20|XS:20|S:10|M:10|L:10|XL:10"
250028,"2022-09-15 08:39:53.45","#OP0329",50.00,68.00,93.00,120.90,"2023-03-11","130108981","PO",4,,,,"","ALMA","OP0329A1",30071,8002,"2023-03-15","2023-04-20","USD",93.00,100,"3XS:20|2XS:20|XS:20|S:10|M:10|L:10|XL:10"
250026,"2022-09-15 08:39:53.45","#OP0330",50.00,68.00,93.00,120.90,"2023-03-11","130108988","PO",4,,,,"","ALMA","OP0330A1",30072,1002,"2023-03-15","2023-04-20","USD",93.00,100,"3XS:20|2XS:20|XS:20|S:10|M:10|L:10|XL:10"
250027,"2022-09-15 08:39:53.45","#OP0331",50.00,68.00,93.00,120.90,"2023-03-11","130108988","PO",4,,,,"","ALMA","OP0331A0",30073,1016,"2023-03-15","2023-04-20","USD",93.00,100,"3XS:20|2XS:20|XS:20|S:10|M:10|L:10|XL:10"
250028,"2022-09-15 08:39:53.45","#OP0332",50.00,68.00,93.00,120.90,"2023-03-11","130108988","PO",4,,,,"","ALMA","OP0332A1",30029,3002,"2023-03-15","2023-04-20","USD",93.00,100,"3XS:20|2XS:20|XS:20|S:10|M:10|L:10|XL:10"
250029,"2022-09-15 08:39:53.45","#OP0333",50.00,68.00,93.00,120.90,"2023-03-11","130108988","PO",4,,,,"","ALMA","OP0333A0",30013,4002,"2023-03-15","2023-04-20","USD",93.00,100,"3XS:20|2XS:20|XS:20|S:10|M:10|L:10|XL:10"
250026,"2022-09-15 08:39:53.45","#OP0334",50.00,68.00,93.00,120.90,"2023-03-11","130108988","PO",4,,,,"","ALMA","OP0334A1",30022,5002,"2023-03-15","2023-04-20","USD",93.00,100,"3XS:20|2XS:20|XS:20|S:10|M:10|L:10|XL:10"
250027,"2022-09-15 08:39:53.45","#OP0335",50.00,68.00,93.00,120.90,"2023-03-11","130108988","PO",4,,,,"","ALMA","OP0335A0",30045,6002,"2023-03-15","2023-04-20","USD",93.00,100,"3XS:20|2XS:20|XS:20|S:10|M:10|L:10|XL:10"
250028,"2022-09-15 08:39:53.45","#OP0336",50.00,68.00,93.00,120.90,"2023-03-11","130108988","PO",4,,,,"","ALMA","OP0336A1",30046,8002,"2023-03-15","2023-04-20","USD",93.00,100,"3XS:20|2XS:20|XS:20|S:10|M:10|L:10|XL:10"
250026,"2022-09-15 08:39:53.45","#OP0337",50.00,68.00,93.00,120.90,"2023-03-11","130108997","PO",4,,,,"","ALMA","OP0337A1",30047,1002,"2023-03-15","2023-04-20","USD",93.00,100,"3XS:20|2XS:20|XS:20|S:10|M:10|L:10|XL:10"
250027,"2022-09-15 08:39:53.45","#OP0338",50.00,68.00,93.00,120.90,"2023-03-11","130108997","PO",4,,,,"","ALMA","OP0338A0",30065,1016,"2023-03-15","2023-04-20","USD",93.00,100,"3XS:20|2XS:20|XS:20|S:10|M:10|L:10|XL:10"
250028,"2022-09-15 08:39:53.45","#OP0339",50.00,68.00,93.00,120.90,"2023-03-11","130108997","PO",4,,,,"","ALMA","OP0339A1",30074,3002,"2023-03-15","2023-04-20","USD",93.00,100,"3XS:20|2XS:20|XS:20|S:10|M:10|L:10|XL:10"
250029,"2022-09-15 08:39:53.45","#OP0340",50.00,68.00,93.00,120.90,"2023-03-11","130108997","PO",4,,,,"","ALMA","OP0340A0",30075,4002,"2023-03-15","2023-04-20","USD",93.00,100,"3XS:20|2XS:20|XS:20|S:10|M:10|L:10|XL:10"
250026,"2022-09-15 08:39:53.45","#OP0341",50.00,68.00,93.00,120.90,"2023-03-11","130108997","PO",4,,,,"","ALMA","OP0341A1",30025,5002,"2023-03-15","2023-04-20","USD",93.00,100,"3XS:20|2XS:20|XS:20|S:10|M:10|L:10|XL:10"
250027,"2022-09-15 08:39:53.45","#OP0342",50.00,68.00,93.00,120.90,"2023-03-11","130108997","PO",4,,,,"","ALMA","OP0342A0",30026,6002,"2023-03-15","2023-04-20","USD",93.00,100,"3XS:20|2XS:20|XS:20|S:10|M:10|L:10|XL:10"
250028,"2022-09-15 08:39:53.45","#OP0343",50.00,68.00,93.00,120.90,"2023-03-11","130108997","PO",4,,,,"","ALMA","OP0343A1",30027,8002,"2023-03-15","2023-04-20","USD",93.00,100,"3XS:20|2XS:20|XS:20|S:10|M:10|L:10|XL:10"
250026,"2022-09-15 08:39:53.45","#OP0344",50.00,68.00,93.00,120.90,"2023-03-11","130109005","PO",4,,,,"","ALMA","OP0344A1",30066,1002,"2023-03-15","2023-04-20","USD",93.00,100,"3XS:20|2XS:20|XS:20|S:10|M:10|L:10|XL:10"
250027,"2022-09-15 08:39:53.45","#OP0345",50.00,68.00,93.00,120.90,"2023-03-11","130109005","PO",4,,,,"","ALMA","OP0345A0",30067,1016,"2023-03-15","2023-04-20","USD",93.00,100,"3XS:20|2XS:20|XS:20|S:10|M:10|L:10|XL:10"
250028,"2022-09-15 08:39:53.45","#OP0346",50.00,68.00,93.00,120.90,"2023-03-11","130109005","PO",4,,,,"","ALMA","OP0346A1",30068,3002,"2023-03-15","2023-04-20","USD",93.00,100,"3XS:20|2XS:20|XS:20|S:10|M:10|L:10|XL:10"
250029,"2022-09-15 08:39:53.45","#OP0347",50.00,68.00,93.00,120.90,"2023-03-11","130109005","PO",4,,,,"","ALMA","OP0347A0",30069,4002,"2023-03-15","2023-04-20","USD",93.00,100,"3XS:20|2XS:20|XS:20|S:10|M:10|L:10|XL:10"
250026,"2022-09-15 08:39:53.45","#OP0348",50.00,68.00,93.00,120.90,"2023-03-11","130109005","PO",4,,,,"","ALMA","OP0348A1",30070,5002,"2023-03-15","2023-04-20","USD",93.00,100,"3XS:20|2XS:20|XS:20|S:10|M:10|L:10|XL:10"
250027,"2022-09-15 08:39:53.45","#OP0349",50.00,68.00,93.00,120.90,"2023-03-11","130109005","PO",4,,,,"","ALMA","OP0349A0",30071,6002,"2023-03-15","2023-04-20","USD",93.00,100,"3XS:20|2XS:20|XS:20|S:10|M:10|L:10|XL:10"
250028,"2022-09-15 08:39:53.45","#OP0350",50.00,68.00,93.00,120.90,"2023-03-11","130109005","PO",4,,,,"","ALMA","OP0350A1",30072,8002,"2023-03-15","2023-04-20","USD",93.00,100,"3XS:20|2XS:20|XS:20|S:10|M:10|L:10|XL:10"
250026,"2022-09-15 08:39:53.45","#OP0351",50.00,68.00,93.00,120.90,"2023-03-11","130109013","PO",4,,,,"","ALMA","OP0351A1",30073,1002,"2023-03-15","2023-04-20","USD",93.00,100,"3XS:20|2XS:20|XS:20|S:10|M:10|L:10|XL:10"
250027,"2022-09-15 08:39:53.45","#OP0352",50.00,68.00,93.00,120.90,"2023-03-11","130109013","PO",4,,,,"","ALMA","OP0352A0",30029,1016,"2023-03-15","2023-04-20","USD",93.00,100,"3XS:20|2XS:20|XS:20|S:10|M:10|L:10|XL:10"
250028,"2022-09-15 08:39:53.45","#OP0353",50.00,68.00,93.00,120.90,"2023-03-11","130109013","PO",4,,,,"","ALMA","OP0353A1",30013,3002,"2023-03-15","2023-04-20","USD",93.00,100,"3XS:20|2XS:20|XS:20|S:10|M:10|L:10|XL:10"
250029,"2022-09-15 08:39:53.45","#OP0354",50.00,68.00,93.00,120.90,"2023-03-11","130109013","PO",4,,,,"","ALMA","OP0354A0",30022,4002,"2023-03-15","2023-04-20","USD",93.00,100,"3XS:20|2XS:20|XS:20|S:10|M:10|L:10|XL:10"
250026,"2022-09-15 08:39:53.45","#OP0355",50.00,68.00,93.00,120.90,"2023-03-11","130109013","PO",4,,,,"","ALMA","OP0355A1",30045,5002,"2023-03-15","2023-04-20","USD",93.00,100,"3XS:20|2XS:20|XS:20|S:10|M:10|L:10|XL:10"
250027,"2022-09-15 08:39:53.45","#OP0356",50.00,68.00,93.00,120.90,"2023-03-11","130109013","PO",4,,,,"","ALMA","OP0356A0",30046,6002,"2023-03-15","2023-04-20","USD",93.00,100,"3XS:20|2XS:20|XS:20|S:10|M:10|L:10|XL:10"
250028,"2022-09-15 08:39:53.45","#OP0357",50.00,68.00,93.00,120.90,"2023-03-11","130109013","PO",4,,,,"","ALMA","OP0357A1",30047,8002,"2023-03-15","2023-04-20","USD",93.00,100,"3XS:20|2XS:20|XS:20|S:10|M:10|L:10|XL:10"
250026,"2022-09-15 08:39:53.45","#OP0358",50.00,68.00,93.00,120.90,"2023-03-11","130109020","PO",4,,,,"","ALMA","OP0358A1",30065,1002,"2023-03-15","2023-04-20","USD",93.00,100,"3XS:20|2XS:20|XS:20|S:10|M:10|L:10|XL:10"
250027,"2022-09-15 08:39:53.45","#OP0359",50.00,68.00,93.00,120.90,"2023-03-11","130109020","PO",4,,,,"","ALMA","OP0359A0",30074,1016,"2023-03-15","2023-04-20","USD",93.00,100,"3XS:20|2XS:20|XS:20|S:10|M:10|L:10|XL:10"
250028,"2022-09-15 08:39:53.45","#OP0360",50.00,68.00,93.00,120.90,"2023-03-11","130109020","PO",4,,,,"","ALMA","OP0360A1",30075,3002,"2023-03-15","2023-04-20","USD",93.00,100,"3XS:20|2XS:20|XS:20|S:10|M:10|L:10|XL:10"
250029,"2022-09-15 08:39:53.45","#OP0361",50.00,68.00,93.00,120.90,"2023-03-11","130109020","PO",4,,,,"","ALMA","OP0361A0",30025,4002,"2023-03-15","2023-04-20","USD",93.00,100,"3XS:20|2XS:20|XS:20|S:10|M:10|L:10|XL:10"
250026,"2022-09-15 08:39:53.45","#OP0362",50.00,68.00,93.00,120.90,"2023-03-11","130109020","PO",4,,,,"","ALMA","OP0362A1",30026,5002,"2023-03-15","2023-04-20","USD",93.00,100,"3XS:20|2XS:20|XS:20|S:10|M:10|L:10|XL:10"
250027,"2022-09-15 08:39:53.45","#OP0363",50.00,68.00,93.00,120.90,"2023-03-11","130109020","PO",4,,,,"","ALMA","OP0363A0",30027,6002,"2023-03-15","2023-04-20","USD",93.00,100,"3XS:20|2XS:20|XS:20|S:10|M:10|L:10|XL:10"
250028,"2022-09-15 08:39:53.45","#OP0364",50.00,68.00,93.00,120.90,"2023-03-11","130109020","PO",4,,,,"","ALMA","OP0364A1",30066,8002,"2023-03-15","2023-04-20","USD",93.00,100,"3XS:20|2XS:20|XS:20|S:10|M:10|L:10|XL:10"
250026,"2022-09-15 08:39:53.45","#OP0365",50.00,68.00,93.00,120.90,"2023-03-11","130109026","PO",4,,,,"","ALMA","OP0365A1",30067,1002,"2023-03-15","2023-04-20","USD",93.00,100,"3XS:20|2XS:20|XS:20|S:10|M:10|L:10|XL:10"
250027,"2022-09-15 08:39:53.45","#OP0366",50.00,68.00,93.00,120.90,"2023-03-11","130109026","PO",4,,,,"","ALMA","OP0366A0",30068,1016,"2023-03-15","2023-04-20","USD",93.00,100,"3XS:20|2XS:20|XS:20|S:10|M:10|L:10|XL:10"
250028,"2022-09-15 08:39:53.45","#OP0367",50.00,68.00,93.00,120.90,"2023-03-11","130109026","PO",4,,,,"","ALMA","OP0367A1",30069,3002,"2023-03-15","2023-04-20","USD",93.00,100,"3XS:20|2XS:20|XS:20|S:10|M:10|L:10|XL:10"
250029,"2022-09-15 08:39:53.45","#OP0368",50.00,68.00,93.00,120.90,"2023-03-11","130109026","PO",4,,,,"","ALMA","OP0368A0",30070,4002,"2023-03-15","2023-04-20","USD",93.00,100,"3XS:20|2XS:20|XS:20|S:10|M:10|L:10|XL:10"
250026,"2022-09-15 08:39:53.45","#OP0369",50.00,68.00,93.00,120.90,"2023-03-11","130109026","PO",4,,,,"","ALMA","OP0369A1",30071,5002,"2023-03-15","2023-04-20","USD",93.00,100,"3XS:20|2XS:20|XS:20|S:10|M:10|L:10|XL:10"
250027,"2022-09-15 08:39:53.45","#OP0370",50.00,68.00,93.00,120.90,"2023-03-11","130109026","PO",4,,,,"","ALMA","OP0370A0",30072,6002,"2023-03-15","2023-04-20","USD",93.00,100,"3XS:20|2XS:20|XS:20|S:10|M:10|L:10|XL:10"
250028,"2022-09-15 08:39:53.45","#OP0371",50.00,68.00,93.00,120.90,"2023-03-11","130109026","PO",4,,,,"","ALMA","OP0371A1",30073,8002,"2023-03-15","2023-04-20","USD",93.00,100,"3XS:20|2XS:20|XS:20|S:10|M:10|L:10|XL:10"
250026,"2022-09-15 08:39:53.45","#OP0372",50.00,68.00,93.00,120.90,"2023-03-11","130109034","PO",4,,,,"","ALMA","OP0372A1",30029,1002,"2023-03-15","2023-04-20","USD",93.00,100,"3XS:20|2XS:20|XS:20|S:10|M:10|L:10|XL:10"
250027,"2022-09-15 08:39:53.45","#OP0373",50.00,68.00,93.00,120.90,"2023-03-11","130109034","PO",4,,,,"","ALMA","OP0373A0",30013,1016,"2023-03-15","2023-04-20","USD",93.00,100,"3XS:20|2XS:20|XS:20|S:10|M:10|L:10|XL:10"
250028,"2022-09-15 08:39:53.45","#OP0374",50.00,68.00,93.00,120.90,"2023-03-11","130109034","PO",4,,,,"","ALMA","OP0374A1",30022,3002,"2023-03-15","2023-04-20","USD",93.00,100,"3XS:20|2XS:20|XS:20|S:10|M:10|L:10|XL:10"
250029,"2022-09-15 08:39:53.45","#OP0375",50.00,68.00,93.00,120.90,"2023-03-11","130109034","PO",4,,,,"","ALMA","OP0375A0",30045,4002,"2023-03-15","2023-04-20","USD",93.00,100,"3XS:20|2XS:20|XS:20|S:10|M:10|L:10|XL:10"
250026,"2022-09-15 08:39:53.45","#OP0376",50.00,68.00,93.00,120.90,"2023-03-11","130109034","PO",4,,,,"","ALMA","OP0376A1",30046,5002,"2023-03-15","2023-04-20","USD",93.00,100,"3XS:20|2XS:20|XS:20|S:10|M:10|L:10|XL:10"
250027,"2022-09-15 08:39:53.45","#OP0377",50.00,68.00,93.00,120.90,"2023-03-11","130109034","PO",4,,,,"","ALMA","OP0377A0",30047,6002,"2023-03-15","2023-04-20","USD",93.00,100,"3XS:20|2XS:20|XS:20|S:10|M:10|L:10|XL:10"
250028,"2022-09-15 08:39:53.45","#OP0378",50.00,68.00,93.00,120.90,"2023-03-11","130109034","PO",4,,,,"","ALMA","OP0378A1",30065,8002,"2023-03-15","2023-04-20","USD",93.00,100,"3XS:20|2XS:20|XS:20|S:10|M:10|L:10|XL:10"
250026,"2022-09-15 08:39:53.45","#OP0379",50.00,68.00,93.00,120.90,"2023-03-11","130109052","PO",4,,,,"","ALMA","OP0379A1",30074,1002,"2023-03-15","2023-04-20","USD",93.00,100,"3XS:20|2XS:20|XS:20|S:10|M:10|L:10|XL:10"
250027,"2022-09-15 08:39:53.45","#OP0380",50.00,68.00,93.00,120.90,"2023-03-11","130109052","PO",4,,,,"","ALMA","OP0380A0",30075,1016,"2023-03-15","2023-04-20","USD",93.00,100,"3XS:20|2XS:20|XS:20|S:10|M:10|L:10|XL:10"
250028,"2022-09-15 08:39:53.45","#OP0381",50.00,68.00,93.00,120.90,"2023-03-11","130109052","PO",4,,,,"","ALMA","OP0381A1",30025,3002,"2023-03-15","2023-04-20","USD",93.00,100,"3XS:20|2XS:20|XS:20|S:10|M:10|L:10|XL:10"
250029,"2022-09-15 08:39:53.45","#OP0382",50.00,68.00,93.00,120.90,"2023-03-11","130109052","PO",4,,,,"","ALMA","OP0382A0",30026,4002,"2023-03-15","2023-04-20","USD",93.00,100,"3XS:20|2XS:20|XS:20|S:10|M:10|L:10|XL:10"
250026,"2022-09-15 08:39:53.45","#OP0383",50.00,68.00,93.00,120.90,"2023-03-11","130109052","PO",4,,,,"","ALMA","OP0383A1",30027,5002,"2023-03-15","2023-04-20","USD",93.00,100,"3XS:20|2XS:20|XS:20|S:10|M:10|L:10|XL:10"
250027,"2022-09-15 08:39:53.45","#OP0384",50.00,68.00,93.00,120.90,"2023-03-11","130109052","PO",4,,,,"","ALMA","OP0384A0",30066,6002,"2023-03-15","2023-04-20","USD",93.00,100,"3XS:20|2XS:20|XS:20|S:10|M:10|L:10|XL:10"
250028,"2022-09-15 08:39:53.45","#OP0385",50.00,68.00,93.00,120.90,"2023-03-11","130109052","PO",4,,,,"","ALMA","OP0385A1",30067,8002,"2023-03-15","2023-04-20","USD",93.00,100,"3XS:20|2XS:20|XS:20|S:10|M:10|L:10|XL:10"
250026,"2022-09-15 08:39:53.45","#OP0386",50.00,68.00,93.00,120.90,"2023-03-11","130109059","PO",4,,,,"","ALMA","OP0386A1",30068,1002,"2023-03-15","2023-04-20","USD",93.00,100,"3XS:20|2XS:20|XS:20|S:10|M:10|L:10|XL:10"
250027,"2022-09-15 08:39:53.45","#OP0387",50.00,68.00,93.00,120.90,"2023-03-11","130109059","PO",4,,,,"","ALMA","OP0387A0",30069,1016,"2023-03-15","2023-04-20","USD",93.00,100,"3XS:20|2XS:20|XS:20|S:10|M:10|L:10|XL:10"
250028,"2022-09-15 08:39:53.45","#OP0388",50.00,68.00,93.00,120.90,"2023-03-11","130109059","PO",4,,,,"","ALMA","OP0388A1",30070,3002,"2023-03-15","2023-04-20","USD",93.00,100,"3XS:20|2XS:20|XS:20|S:10|M:10|L:10|XL:10"
250029,"2022-09-15 08:39:53.45","#OP0389",50.00,68.00,93.00,120.90,"2023-03-11","130109059","PO",4,,,,"","ALMA","OP0389A0",30071,4002,"2023-03-15","2023-04-20","USD",93.00,100,"3XS:20|2XS:20|XS:20|S:10|M:10|L:10|XL:10"
250026,"2022-09-15 08:39:53.45","#OP0390",50.00,68.00,93.00,120.90,"2023-03-11","130109059","PO",4,,,,"","ALMA","OP0390A1",30072,5002,"2023-03-15","2023-04-20","USD",93.00,100,"3XS:20|2XS:20|XS:20|S:10|M:10|L:10|XL:10"
250027,"2022-09-15 08:39:53.45","#OP0391",50.00,68.00,93.00,120.90,"2023-03-11","130109059","PO",4,,,,"","ALMA","OP0391A0",30073,6002,"2023-03-15","2023-04-20","USD",93.00,100,"3XS:20|2XS:20|XS:20|S:10|M:10|L:10|XL:10"
250028,"2022-09-15 08:39:53.45","#OP0392",50.00,68.00,93.00,120.90,"2023-03-11","130109059","PO",4,,,,"","ALMA","OP0392A1",30029,8002,"2023-03-15","2023-04-20","USD",93.00,100,"3XS:20|2XS:20|XS:20|S:10|M:10|L:10|XL:10"
250026,"2022-09-15 08:39:53.45","#OP0393",50.00,68.00,93.00,120.90,"2023-03-11","130109061","PO",4,,,,"","ALMA","OP0393A1",30013,1002,"2023-03-15","2023-04-20","USD",93.00,100,"3XS:20|2XS:20|XS:20|S:10|M:10|L:10|XL:10"
250027,"2022-09-15 08:39:53.45","#OP0394",50.00,68.00,93.00,120.90,"2023-03-11","130109061","PO",4,,,,"","ALMA","OP0394A0",30022,1016,"2023-03-15","2023-04-20","USD",93.00,100,"3XS:20|2XS:20|XS:20|S:10|M:10|L:10|XL:10"
250028,"2022-09-15 08:39:53.45","#OP0395",50.00,68.00,93.00,120.90,"2023-03-11","130109061","PO",4,,,,"","ALMA","OP0395A1",30045,3002,"2023-03-15","2023-04-20","USD",93.00,100,"3XS:20|2XS:20|XS:20|S:10|M:10|L:10|XL:10"
250029,"2022-09-15 08:39:53.45","#OP0396",50.00,68.00,93.00,120.90,"2023-03-11","130109061","PO",4,,,,"","ALMA","OP0396A0",30046,4002,"2023-03-15","2023-04-20","USD",93.00,100,"3XS:20|2XS:20|XS:20|S:10|M:10|L:10|XL:10"
250026,"2022-09-15 08:39:53.45","#OP0397",50.00,68.00,93.00,120.90,"2023-03-11","130109061","PO",4,,,,"","ALMA","OP0397A1",30047,5002,"2023-03-15","2023-04-20","USD",93.00,100,"3XS:20|2XS:20|XS:20|S:10|M:10|L:10|XL:10"
250027,"2022-09-15 08:39:53.45","#OP0398",50.00,68.00,93.00,120.90,"2023-03-11","130109061","PO",4,,,,"","ALMA","OP0398A0",30065,6002,"2023-03-15","2023-04-20","USD",93.00,100,"3XS:20|2XS:20|XS:20|S:10|M:10|L:10|XL:10"
250028,"2022-09-15 08:39:53.45","#OP0399",50.00,68.00,93.00,120.90,"2023-03-11","130109061","PO",4,,,,"","ALMA","OP0399A1",30074,8002,"2023-03-15","2023-04-20","USD",93.00,100,"3XS:20|2XS:20|XS:20|S:10|M:10|L:10|XL:10"
250026,"2022-09-15 08:39:53.45","#OP0400",50.00,68.00,93.00,120.90,"2023-03-11","130109066","PO",4,,,,"","ALMA","OP0400A1",30075,1002,"2023-03-15","2023-04-20","USD",93.00,100,"3XS:20|2XS:20|XS:20|S:10|M:10|L:10|XL:10"
250027,"2022-09-15 08:39:53.45","#OP0401",50.00,68.00,93.00,120.90,"2023-03-11","130109066","PO",4,,,,"","ALMA","OP0401A0",30025,1016,"2023-03-15","2023-04-20","USD",93.00,100,"3XS:20|2XS:20|XS:20|S:10|M:10|L:10|XL:10"
250028,"2022-09-15 08:39:53.45","#OP0402",50.00,68.00,93.00,120.90,"2023-03-11","130109066","PO",4,,,,"","ALMA","OP0402A1",30026,3002,"2023-03-15","2023-04-20","USD",93.00,100,"3XS:20|2XS:20|XS:20|S:10|M:10|L:10|XL:10"
250029,"2022-09-15 08:39:53.45","#OP0403",50.00,68.00,93.00,120.90,"2023-03-11","130109066","PO",4,,,,"","ALMA","OP0403A0",30027,4002,"2023-03-15","2023-04-20","USD",93.00,100,"3XS:20|2XS:20|XS:20|S:10|M:10|L:10|XL:10"
250026,"2022-09-15 08:39:53.45","#OP0404",50.00,68.00,93.00,120.90,"2023-03-11","130109066","PO",4,,,,"","ALMA","OP0404A1",30066,5002,"2023-03-15","2023-04-20","USD",93.00,100,"3XS:20|2XS:20|XS:20|S:10|M:10|L:10|XL:10"
250027,"2022-09-15 08:39:53.45","#OP0405",50.00,68.00,93.00,120.90,"2023-03-11","130109066","PO",4,,,,"","ALMA","OP0405A0",30067,6002,"2023-03-15","2023-04-20","USD",93.00,100,"3XS:20|2XS:20|XS:20|S:10|M:10|L:10|XL:10"
250028,"2022-09-15 08:39:53.45","#OP0406",50.00,68.00,93.00,120.90,"2023-03-11","130109066","PO",4,,,,"","ALMA","OP0406A1",30068,8002,"2023-03-15","2023-04-20","USD",93.00,100,"3XS:20|2XS:20|XS:20|S:10|M:10|L:10|XL:10"
250026,"2022-09-15 08:39:53.45","#OP0407",50.00,68.00,93.00,120.90,"2023-03-11","130109078","PO",4,,,,"","ALMA","OP0407A1",30069,1002,"2023-03-15","2023-04-20","USD",93.00,100,"3XS:20|2XS:20|XS:20|S:10|M:10|L:10|XL:10"
250027,"2022-09-15 08:39:53.45","#OP0408",50.00,68.00,93.00,120.90,"2023-03-11","130109078","PO",4,,,,"","ALMA","OP0408A0",30070,1016,"2023-03-15","2023-04-20","USD",93.00,100,"3XS:20|2XS:20|XS:20|S:10|M:10|L:10|XL:10"
250028,"2022-09-15 08:39:53.45","#OP0409",50.00,68.00,93.00,120.90,"2023-03-11","130109078","PO",4,,,,"","ALMA","OP0409A1",30071,3002,"2023-03-15","2023-04-20","USD",93.00,100,"3XS:20|2XS:20|XS:20|S:10|M:10|L:10|XL:10"
250029,"2022-09-15 08:39:53.45","#OP0410",50.00,68.00,93.00,120.90,"2023-03-11","130109078","PO",4,,,,"","ALMA","OP0410A0",30072,4002,"2023-03-15","2023-04-20","USD",93.00,100,"3XS:20|2XS:20|XS:20|S:10|M:10|L:10|XL:10"
250026,"2022-09-15 08:39:53.45","#OP0411",50.00,68.00,93.00,120.90,"2023-03-11","130109078","PO",4,,,,"","ALMA","OP0411A1",30073,5002,"2023-03-15","2023-04-20","USD",93.00,100,"3XS:20|2XS:20|XS:20|S:10|M:10|L:10|XL:10"
250027,"2022-09-15 08:39:53.45","#OP0412",50.00,68.00,93.00,120.90,"2023-03-11","130109078","PO",4,,,,"","ALMA","OP0412A0",30029,6002,"2023-03-15","2023-04-20","USD",93.00,100,"3XS:20|2XS:20|XS:20|S:10|M:10|L:10|XL:10"
250028,"2022-09-15 08:39:53.45","#OP0413",50.00,68.00,93.00,120.90,"2023-03-11","130109078","PO",4,,,,"","ALMA","OP0413A1",30013,8002,"2023-03-15","2023-04-20","USD",93.00,100,"3XS:20|2XS:20|XS:20|S:10|M:10|L:10|XL:10"
250026,"2022-09-15 08:39:53.45","#OP0414",50.00,68.00,93.00,120.90,"2023-03-11","130109079","PO",4,,,,"","ALMA","OP0414A1",30022,1002,"2023-03-15","2023-04-20","USD",93.00,100,"3XS:20|2XS:20|XS:20|S:10|M:10|L:10|XL:10"
250027,"2022-09-15 08:39:53.45","#OP0415",50.00,68.00,93.00,120.90,"2023-03-11","130109079","PO",4,,,,"","ALMA","OP0415A0",30045,1016,"2023-03-15","2023-04-20","USD",93.00,100,"3XS:20|2XS:20|XS:20|S:10|M:10|L:10|XL:10"
250028,"2022-09-15 08:39:53.45","#OP0416",50.00,68.00,93.00,120.90,"2023-03-11","130109079","PO",4,,,,"","ALMA","OP0416A1",30046,3002,"2023-03-15","2023-04-20","USD",93.00,100,"3XS:20|2XS:20|XS:20|S:10|M:10|L:10|XL:10"
250029,"2022-09-15 08:39:53.45","#OP0417",50.00,68.00,93.00,120.90,"2023-03-11","130109079","PO",4,,,,"","ALMA","OP0417A0",30047,4002,"2023-03-15","2023-04-20","USD",93.00,100,"3XS:20|2XS:20|XS:20|S:10|M:10|L:10|XL:10"
250026,"2022-09-15 08:39:53.45","#OP0418",50.00,68.00,93.00,120.90,"2023-03-11","130109079","PO",4,,,,"","ALMA","OP0418A1",30065,5002,"2023-03-15","2023-04-20","USD",93.00,100,"3XS:20|2XS:20|XS:20|S:10|M:10|L:10|XL:10"
250027,"2022-09-15 08:39:53.45","#OP0419",50.00,68.00,93.00,120.90,"2023-03-11","130109079","PO",4,,,,"","ALMA","OP0419A0",30074,6002,"2023-03-15","2023-04-20","USD",93.00,100,"3XS:20|2XS:20|XS:20|S:10|M:10|L:10|XL:10"
250028,"2022-09-15 08:39:53.45","#OP0420",50.00,68.00,93.00,120.90,"2023-03-11","130109079","PO",4,,,,"","ALMA","OP0420A1",30075,8002,"2023-03-15","2023-04-20","USD",93.00,100,"3XS:20|2XS:20|XS:20|S:10|M:10|L:10|XL:10"
250026,"2022-09-15 08:39:53.45","#OP0421",50.00,68.00,93.00,120.90,"2023-03-11","130109089","PO",4,,,,"","ALMA","OP0421A1",30025,1002,"2023-03-15","2023-04-20","USD",93.00,100,"3XS:20|2XS:20|XS:20|S:10|M:10|L:10|XL:10"
250027,"2022-09-15 08:39:53.45","#OP0422",50.00,68.00,93.00,120.90,"2023-03-11","130109089","PO",4,,,,"","ALMA","OP0422A0",30026,1016,"2023-03-15","2023-04-20","USD",93.00,100,"3XS:20|2XS:20|XS:20|S:10|M:10|L:10|XL:10"
250028,"2022-09-15 08:39:53.45","#OP0423",50.00,68.00,93.00,120.90,"2023-03-11","130109089","PO",4,,,,"","ALMA","OP0423A1",30027,3002,"2023-03-15","2023-04-20","USD",93.00,100,"3XS:20|2XS:20|XS:20|S:10|M:10|L:10|XL:10"
250029,"2022-09-15 08:39:53.45","#OP0424",50.00,68.00,93.00,120.90,"2023-03-11","130109089","PO",4,,,,"","ALMA","OP0424A0",30066,4002,"2023-03-15","2023-04-20","USD",93.00,100,"3XS:20|2XS:20|XS:20|S:10|M:10|L:10|XL:10"
250026,"2022-09-15 08:39:53.45","#OP0425",50.00,68.00,93.00,120.90,"2023-03-11","130109089","PO",4,,,,"","ALMA","OP0425A1",30067,5002,"2023-03-15","2023-04-20","USD",93.00,100,"3XS:20|2XS:20|XS:20|S:10|M:10|L:10|XL:10"
250027,"2022-09-15 08:39:53.45","#OP0426",50.00,68.00,93.00,120.90,"2023-03-11","130109089","PO",4,,,,"","ALMA","OP0426A0",30068,6002,"2023-03-15","2023-04-20","USD",93.00,100,"3XS:20|2XS:20|XS:20|S:10|M:10|L:10|XL:10"
250028,"2022-09-15 08:39:53.45","#OP0427",50.00,68.00,93.00,120.90,"2023-03-11","130109089","PO",4,,,,"","ALMA","OP0427A1",30069,8002,"2023-03-15","2023-04-20","USD",93.00,100,"3XS:20|2XS:20|XS:20|S:10|M:10|L:10|XL:10"
250026,"2022-09-15 08:39:53.45","#OP0428",50.00,68.00,93.00,120.90,"2023-03-11","130109094","PO",4,,,,"","ALMA","OP0428A1",30070,1002,"2023-03-15","2023-04-20","USD",93.00,100,"3XS:20|2XS:20|XS:20|S:10|M:10|L:10|XL:10"
250027,"2022-09-15 08:39:53.45","#OP0429",50.00,68.00,93.00,120.90,"2023-03-11","130109094","PO",4,,,,"","ALMA","OP0429A0",30071,1016,"2023-03-15","2023-04-20","USD",93.00,100,"3XS:20|2XS:20|XS:20|S:10|M:10|L:10|XL:10"
250028,"2022-09-15 08:39:53.45","#OP0430",50.00,68.00,93.00,120.90,"2023-03-11","130109094","PO",4,,,,"","ALMA","OP0430A1",30072,3002,"2023-03-15","2023-04-20","USD",93.00,100,"3XS:20|2XS:20|XS:20|S:10|M:10|L:10|XL:10"
250029,"2022-09-15 08:39:53.45","#OP0431",50.00,68.00,93.00,120.90,"2023-03-11","130109094","PO",4,,,,"","ALMA","OP0431A0",30073,4002,"2023-03-15","2023-04-20","USD",93.00,100,"3XS:20|2XS:20|XS:20|S:10|M:10|L:10|XL:10"
250026,"2022-09-15 08:39:53.45","#OP0432",50.00,68.00,93.00,120.90,"2023-03-11","130109094","PO",4,,,,"","ALMA","OP0432A1",30029,5002,"2023-03-15","2023-04-20","USD",93.00,100,"3XS:20|2XS:20|XS:20|S:10|M:10|L:10|XL:10"
250027,"2022-09-15 08:39:53.45","#OP0433",50.00,68.00,93.00,120.90,"2023-03-11","130109094","PO",4,,,,"","ALMA","OP0433A0",30013,6002,"2023-03-15","2023-04-20","USD",93.00,100,"3XS:20|2XS:20|XS:20|S:10|M:10|L:10|XL:10"
250028,"2022-09-15 08:39:53.45","#OP0434",50.00,68.00,93.00,120.90,"2023-03-11","130109094","PO",4,,,,"","ALMA","OP0434A1",30022,8002,"2023-03-15","2023-04-20","USD",93.00,100,"3XS:20|2XS:20|XS:20|S:10|M:10|L:10|XL:10"
250026,"2022-09-15 08:39:53.45","#OP0435",50.00,68.00,93.00,120.90,"2023-03-11","130109108","PO",4,,,,"","ALMA","OP0435A1",30045,1002,"2023-03-15","2023-04-20","USD",93.00,100,"3XS:20|2XS:20|XS:20|S:10|M:10|L:10|XL:10"
250027,"2022-09-15 08:39:53.45","#OP0436",50.00,68.00,93.00,120.90,"2023-03-11","130109108","PO",4,,,,"","ALMA","OP0436A0",30046,1016,"2023-03-15","2023-04-20","USD",93.00,100,"3XS:20|2XS:20|XS:20|S:10|M:10|L:10|XL:10"
250028,"2022-09-15 08:39:53.45","#OP0437",50.00,68.00,93.00,120.90,"2023-03-11","130109108","PO",4,,,,"","ALMA","OP0437A1",30047,3002,"2023-03-15","2023-04-20","USD",93.00,100,"3XS:20|2XS:20|XS:20|S:10|M:10|L:10|XL:10"
250029,"2022-09-15 08:39:53.45","#OP0438",50.00,68.00,93.00,120.90,"2023-03-11","130109108","PO",4,,,,"","ALMA","OP0438A0",30065,4002,"2023-03-15","2023-04-20","USD",93.00,100,"3XS:20|2XS:20|XS:20|S:10|M:10|L:10|XL:10"
250026,"2022-09-15 08:39:53.45","#OP0439",50.00,68.00,93.00,120.90,"2023-03-11","130109108","PO",4,,,,"","ALMA","OP0439A1",30074,5002,"2023-03-15","2023-04-20","USD",93.00,100,"3XS:20|2XS:20|XS:20|S:10|M:10|L:10|XL:10"
250027,"2022-09-15 08:39:53.45","#OP0440",50.00,68.00,93.00,120.90,"2023-03-11","130109108","PO",4,,,,"","ALMA","OP0440A0",30075,6002,"2023-03-15","2023-04-20","USD",93.00,100,"3XS:20|2XS:20|XS:20|S:10|M:10|L:10|XL:10"
250028,"2022-09-15 08:39:53.45","#OP0441",50.00,68.00,93.00,120.90,"2023-03-11","130109108","PO",4,,,,"","ALMA","OP0441A1",30025,8002,"2023-03-15","2023-04-20","USD",93.00,100,"3XS:20|2XS:20|XS:20|S:10|M:10|L:10|XL:10"
250026,"2022-09-15 08:39:53.45","#OP0442",50.00,68.00,93.00,120.90,"2023-03-11","130109120","PO",4,,,,"","ALMA","OP0442A1",30026,1002,"2023-03-15","2023-04-20","USD",93.00,100,"3XS:20|2XS:20|XS:20|S:10|M:10|L:10|XL:10"
250027,"2022-09-15 08:39:53.45","#OP0443",50.00,68.00,93.00,120.90,"2023-03-11","130109120","PO",4,,,,"","ALMA","OP0443A0",30027,1016,"2023-03-15","2023-04-20","USD",93.00,100,"3XS:20|2XS:20|XS:20|S:10|M:10|L:10|XL:10"
250028,"2022-09-15 08:39:53.45","#OP0444",50.00,68.00,93.00,120.90,"2023-03-11","130109120","PO",4,,,,"","ALMA","OP0444A1",30066,3002,"2023-03-15","2023-04-20","USD",93.00,100,"3XS:20|2XS:20|XS:20|S:10|M:10|L:10|XL:10"
250029,"2022-09-15 08:39:53.45","#OP0445",50.00,68.00,93.00,120.90,"2023-03-11","130109120","PO",4,,,,"","ALMA","OP0445A0",30067,4002,"2023-03-15","2023-04-20","USD",93.00,100,"3XS:20|2XS:20|XS:20|S:10|M:10|L:10|XL:10"
250026,"2022-09-15 08:39:53.45","#OP0446",50.00,68.00,93.00,120.90,"2023-03-11","130109120","PO",4,,,,"","ALMA","OP0446A1",30068,5002,"2023-03-15","2023-04-20","USD",93.00,100,"3XS:20|2XS:20|XS:20|S:10|M:10|L:10|XL:10"
250027,"2022-09-15 08:39:53.45","#OP0447",50.00,68.00,93.00,120.90,"2023-03-11","130109120","PO",4,,,,"","ALMA","OP0447A0",30069,6002,"2023-03-15","2023-04-20","USD",93.00,100,"3XS:20|2XS:20|XS:20|S:10|M:10|L:10|XL:10"
250028,"2022-09-15 08:39:53.45","#OP0448",50.00,68.00,93.00,120.90,"2023-03-11","130109120","PO",4,,,,"","ALMA","OP0448A1",30070,8002,"2023-03-15","2023-04-20","USD",93.00,100,"3XS:20|2XS:20|XS:20|S:10|M:10|L:10|XL:10"
250026,"2022-09-15 08:39:53.45","#OP0449",50.00,68.00,93.00,120.90,"2023-03-11","130109125","PO",4,,,,"","ALMA","OP0449A1",30071,1002,"2023-03-15","2023-04-20","USD",93.00,100,"3XS:20|2XS:20|XS:20|S:10|M:10|L:10|XL:10"
250027,"2022-09-15 08:39:53.45","#OP0450",50.00,68.00,93.00,120.90,"2023-03-11","130109125","PO",4,,,,"","ALMA","OP0450A0",30072,1016,"2023-03-15","2023-04-20","USD",93.00,100,"3XS:20|2XS:20|XS:20|S:10|M:10|L:10|XL:10"
250028,"2022-09-15 08:39:53.45","#OP0451",50.00,68.00,93.00,120.90,"2023-03-11","130109125","PO",4,,,,"","ALMA","OP0451A1",30073,3002,"2023-03-15","2023-04-20","USD",93.00,100,"3XS:20|2XS:20|XS:20|S:10|M:10|L:10|XL:10"
250029,"2022-09-15 08:39:53.45","#OP0452",50.00,68.00,93.00,120.90,"2023-03-11","130109125","PO",4,,,,"","ALMA","OP0452A0",30029,4002,"2023-03-15","2023-04-20","USD",93.00,100,"3XS:20|2XS:20|XS:20|S:10|M:10|L:10|XL:10"
250026,"2022-09-15 08:39:53.45","#OP0453",50.00,68.00,93.00,120.90,"2023-03-11","130109125","PO",4,,,,"","ALMA","OP0453A1",30013,5002,"2023-03-15","2023-04-20","USD",93.00,100,"3XS:20|2XS:20|XS:20|S:10|M:10|L:10|XL:10"
250027,"2022-09-15 08:39:53.45","#OP0454",50.00,68.00,93.00,120.90,"2023-03-11","130109125","PO",4,,,,"","ALMA","OP0454A0",30022,6002,"2023-03-15","2023-04-20","USD",93.00,100,"3XS:20|2XS:20|XS:20|S:10|M:10|L:10|XL:10"
250028,"2022-09-15 08:39:53.45","#OP0455",50.00,68.00,93.00,120.90,"2023-03-11","130109125","PO",4,,,,"","ALMA","OP0455A1",30045,8002,"2023-03-15","2023-04-20","USD",93.00,100,"3XS:20|2XS:20|XS:20|S:10|M:10|L:10|XL:10"
250026,"2022-09-15 08:39:53.45","#OP0456",50.00,68.00,93.00,120.90,"2023-03-11","130109137","PO",4,,,,"","ALMA","OP0456A1",30046,1002,"2023-03-15","2023-04-20","USD",93.00,100,"3XS:20|2XS:20|XS:20|S:10|M:10|L:10|XL:10"
250027,"2022-09-15 08:39:53.45","#OP0457",50.00,68.00,93.00,120.90,"2023-03-11","130109137","PO",4,,,,"","ALMA","OP0457A0",30047,1016,"2023-03-15","2023-04-20","USD",93.00,100,"3XS:20|2XS:20|XS:20|S:10|M:10|L:10|XL:10"
250028,"2022-09-15 08:39:53.45","#OP0458",50.00,68.00,93.00,120.90,"2023-03-11","130109137","PO",4,,,,"","ALMA","OP0458A1",30065,3002,"2023-03-15","2023-04-20","USD",93.00,100,"3XS:20|2XS:20|XS:20|S:10|M:10|L:10|XL:10"
250029,"2022-09-15 08:39:53.45","#OP0459",50.00,68.00,93.00,120.90,"2023-03-11","130109137","PO",4,,,,"","ALMA","OP0459A0",30074,4002,"2023-03-15","2023-04-20","USD",93.00,100,"3XS:20|2XS:20|XS:20|S:10|M:10|L:10|XL:10"
250026,"2022-09-15 08:39:53.45","#OP0460",50.00,68.00,93.00,120.90,"2023-03-11","130109137","PO",4,,,,"","ALMA","OP0460A1",30075,5002,"2023-03-15","2023-04-20","USD",93.00,100,"3XS:20|2XS:20|XS:20|S:10|M:10|L:10|XL:10"
250027,"2022-09-15 08:39:53.45","#OP0461",50.00,68.00,93.00,120.90,"2023-03-11","130109137","PO",4,,,,"","ALMA","OP0461A0",30025,6002,"2023-03-15","2023-04-20","USD",93.00,100,"3XS:20|2XS:20|XS:20|S:10|M:10|L:10|XL:10"
250028,"2022-09-15 08:39:53.45","#OP0462",50.00,68.00,93.00,120.90,"2023-03-11","130109137","PO",4,,,,"","ALMA","OP0462A1",30026,8002,"2023-03-15","2023-04-20","USD",93.00,100,"3XS:20|2XS:20|XS:20|S:10|M:10|L:10|XL:10"
250026,"2022-09-15 08:39:53.45","#OP0463",50.00,68.00,93.00,120.90,"2023-03-11","130109146","PO",4,,,,"","ALMA","OP0463A1",30027,1002,"2023-03-15","2023-04-20","USD",93.00,100,"3XS:20|2XS:20|XS:20|S:10|M:10|L:10|XL:10"
250027,"2022-09-15 08:39:53.45","#OP0464",50.00,68.00,93.00,120.90,"2023-03-11","130109146","PO",4,,,,"","ALMA","OP0464A0",30066,1016,"2023-03-15","2023-04-20","USD",93.00,100,"3XS:20|2XS:20|XS:20|S:10|M:10|L:10|XL:10"
250028,"2022-09-15 08:39:53.45","#OP0465",50.00,68.00,93.00,120.90,"2023-03-11","130109146","PO",4,,,,"","ALMA","OP0465A1",30067,3002,"2023-03-15","2023-04-20","USD",93.00,100,"3XS:20|2XS:20|XS:20|S:10|M:10|L:10|XL:10"
250029,"2022-09-15 08:39:53.45","#OP0466",50.00,68.00,93.00,120.90,"2023-03-11","130109146","PO",4,,,,"","ALMA","OP0466A0",30068,4002,"2023-03-15","2023-04-20","USD",93.00,100,"3XS:20|2XS:20|XS:20|S:10|M:10|L:10|XL:10"
250026,"2022-09-15 08:39:53.45","#OP0467",50.00,68.00,93.00,120.90,"2023-03-11","130109146","PO",4,,,,"","ALMA","OP0467A1",30069,5002,"2023-03-15","2023-04-20","USD",93.00,100,"3XS:20|2XS:20|XS:20|S:10|M:10|L:10|XL:10"
250027,"2022-09-15 08:39:53.45","#OP0468",50.00,68.00,93.00,120.90,"2023-03-11","130109146","PO",4,,,,"","ALMA","OP0468A0",30070,6002,"2023-03-15","2023-04-20","USD",93.00,100,"3XS:20|2XS:20|XS:20|S:10|M:10|L:10|XL:10"
250028,"2022-09-15 08:39:53.45","#OP0469",50.00,68.00,93.00,120.90,"2023-03-11","130109146","PO",4,,,,"","ALMA","OP0469A1",30071,8002,"2023-03-15","2023-04-20","USD",93.00,100,"3XS:20|2XS:20|XS:20|S:10|M:10|L:10|XL:10"
250026,"2022-09-15 08:39:53.45","#OP0470",50.00,68.00,93.00,120.90,"2023-03-11","130109151","PO",4,,,,"","ALMA","OP0470A1",30072,1002,"2023-03-15","2023-04-20","USD",93.00,100,"3XS:20|2XS:20|XS:20|S:10|M:10|L:10|XL:10"
250027,"2022-09-15 08:39:53.45","#OP0471",50.00,68.00,93.00,120.90,"2023-03-11","130109151","PO",4,,,,"","ALMA","OP0471A0",30073,1016,"2023-03-15","2023-04-20","USD",93.00,100,"3XS:20|2XS:20|XS:20|S:10|M:10|L:10|XL:10"
250028,"2022-09-15 08:39:53.45","#OP0472",50.00,68.00,93.00,120.90,"2023-03-11","130109151","PO",4,,,,"","ALMA","OP0472A1",30029,3002,"2023-03-15","2023-04-20","USD",93.00,100,"3XS:20|2XS:20|XS:20|S:10|M:10|L:10|XL:10"
250029,"2022-09-15 08:39:53.45","#OP0473",50.00,68.00,93.00,120.90,"2023-03-11","130109151","PO",4,,,,"","ALMA","OP0473A0",30013,4002,"2023-03-15","2023-04-20","USD",93.00,100,"3XS:20|2XS:20|XS:20|S:10|M:10|L:10|XL:10"
250026,"2022-09-15 08:39:53.45","#OP0474",50.00,68.00,93.00,120.90,"2023-03-11","130109151","PO",4,,,,"","ALMA","OP0474A1",30022,5002,"2023-03-15","2023-04-20","USD",93.00,100,"3XS:20|2XS:20|XS:20|S:10|M:10|L:10|XL:10"
250027,"2022-09-15 08:39:53.45","#OP0475",50.00,68.00,93.00,120.90,"2023-03-11","130109151","PO",4,,,,"","ALMA","OP0475A0",30045,6002,"2023-03-15","2023-04-20","USD",93.00,100,"3XS:20|2XS:20|XS:20|S:10|M:10|L:10|XL:10"
250028,"2022-09-15 08:39:53.45","#OP0476",50.00,68.00,93.00,120.90,"2023-03-11","130109151","PO",4,,,,"","ALMA","OP0476A1",30046,8002,"2023-03-15","2023-04-20","USD",93.00,100,"3XS:20|2XS:20|XS:20|S:10|M:10|L:10|XL:10"
250026,"2022-09-15 08:39:53.45","#OP0477",50.00,68.00,93.00,120.90,"2023-03-11","130109165","PO",4,,,,"","ALMA","OP0477A1",30047,1002,"2023-03-15","2023-04-20","USD",93.00,100,"3XS:20|2XS:20|XS:20|S:10|M:10|L:10|XL:10"
250027,"2022-09-15 08:39:53.45","#OP0478",50.00,68.00,93.00,120.90,"2023-03-11","130109165","PO",4,,,,"","ALMA","OP0478A0",30065,1016,"2023-03-15","2023-04-20","USD",93.00,100,"3XS:20|2XS:20|XS:20|S:10|M:10|L:10|XL:10"
250028,"2022-09-15 08:39:53.45","#OP0479",50.00,68.00,93.00,120.90,"2023-03-11","130109165","PO",4,,,,"","ALMA","OP0479A1",30074,3002,"2023-03-15","2023-04-20","USD",93.00,100,"3XS:20|2XS:20|XS:20|S:10|M:10|L:10|XL:10"
250029,"2022-09-15 08:39:53.45","#OP0480",50.00,68.00,93.00,120.90,"2023-03-11","130109165","PO",4,,,,"","ALMA","OP0480A0",30075,4002,"2023-03-15","2023-04-20","USD",93.00,100,"3XS:20|2XS:20|XS:20|S:10|M:10|L:10|XL:10"
250026,"2022-09-15 08:39:53.45","#OP0481",50.00,68.00,93.00,120.90,"2023-03-11","130109165","PO",4,,,,"","ALMA","OP0481A1",30025,5002,"2023-03-15","2023-04-20","USD",93.00,100,"3XS:20|2XS:20|XS:20|S:10|M:10|L:10|XL:10"
250027,"2022-09-15 08:39:53.45","#OP0482",50.00,68.00,93.00,120.90,"2023-03-11","130109165","PO",4,,,,"","ALMA","OP0482A0",30026,6002,"2023-03-15","2023-04-20","USD",93.00,100,"3XS:20|2XS:20|XS:20|S:10|M:10|L:10|XL:10"
250028,"2022-09-15 08:39:53.45","#OP0483",50.00,68.00,93.00,120.90,"2023-03-11","130109165","PO",4,,,,"","ALMA","OP0483A1",30027,8002,"2023-03-15","2023-04-20","USD",93.00,100,"3XS:20|2XS:20|XS:20|S:10|M:10|L:10|XL:10"
250026,"2022-09-15 08:39:53.45","#OP0484",50.00,68.00,93.00,120.90,"2023-03-11","130109174","PO",4,,,,"","ALMA","OP0484A1",30066,1002,"2023-03-15","2023-04-20","USD",93.00,100,"3XS:20|2XS:20|XS:20|S:10|M:10|L:10|XL:10"
250027,"2022-09-15 08:39:53.45","#OP0485",50.00,68.00,93.00,120.90,"2023-03-11","130109174","PO",4,,,,"","ALMA","OP0485A0",30067,1016,"2023-03-15","2023-04-20","USD",93.00,100,"3XS:20|2XS:20|XS:20|S:10|M:10|L:10|XL:10"
250028,"2022-09-15 08:39:53.45","#OP0486",50.00,68.00,93.00,120.90,"2023-03-11","130109174","PO",4,,,,"","ALMA","OP0486A1",30068,3002,"2023-03-15","2023-04-20","USD",93.00,100,"3XS:20|2XS:20|XS:20|S:10|M:10|L:10|XL:10"
250029,"2022-09-15 08:39:53.45","#OP0487",50.00,68.00,93.00,120.90,"2023-03-11","130109174","PO",4,,,,"","ALMA","OP0487A0",30069,4002,"2023-03-15","2023-04-20","USD",93.00,100,"3XS:20|2XS:20|XS:20|S:10|M:10|L:10|XL:10"
250026,"2022-09-15 08:39:53.45","#OP0488",50.00,68.00,93.00,120.90,"2023-03-11","130109174","PO",4,,,,"","ALMA","OP0488A1",30070,5002,"2023-03-15","2023-04-20","USD",93.00,100,"3XS:20|2XS:20|XS:20|S:10|M:10|L:10|XL:10"
250027,"2022-09-15 08:39:53.45","#OP0489",50.00,68.00,93.00,120.90,"2023-03-11","130109174","PO",4,,,,"","ALMA","OP0489A0",30071,6002,"2023-03-15","2023-04-20","USD",93.00,100,"3XS:20|2XS:20|XS:20|S:10|M:10|L:10|XL:10"
250028,"2022-09-15 08:39:53.45","#OP0490",50.00,68.00,93.00,120.90,"2023-03-11","130109174","PO",4,,,,"","ALMA","OP0490A1",30072,8002,"2023-03-15","2023-04-20","USD",93.00,100,"3XS:20|2XS:20|XS:20|S:10|M:10|L:10|XL:10"
250026,"2022-09-15 08:39:53.45","#OP0491",50.00,68.00,93.00,120.90,"2023-03-11","130109179","PO",4,,,,"","ALMA","OP0491A1",30073,1002,"2023-03-15","2023-04-20","USD",93.00,100,"3XS:20|2XS:20|XS:20|S:10|M:10|L:10|XL:10"
250027,"2022-09-15 08:39:53.45","#OP0492",50.00,68.00,93.00,120.90,"2023-03-11","130109179","PO",4,,,,"","ALMA","OP0492A0",30029,1016,"2023-03-15","2023-04-20","USD",93.00,100,"3XS:20|2XS:20|XS:20|S:10|M:10|L:10|XL:10"
250028,"2022-09-15 08:39:53.45","#OP0493",50.00,68.00,93.00,120.90,"2023-03-11","130109179","PO",4,,,,"","ALMA","OP0493A1",30013,3002,"2023-03-15","2023-04-20","USD",93.00,100,"3XS:20|2XS:20|XS:20|S:10|M:10|L:10|XL:10"
250029,"2022-09-15 08:39:53.45","#OP0494",50.00,68.00,93.00,120.90,"2023-03-11","130109179","PO",4,,,,"","ALMA","OP0494A0",30022,4002,"2023-03-15","2023-04-20","USD",93.00,100,"3XS:20|2XS:20|XS:20|S:10|M:10|L:10|XL:10"
250026,"2022-09-15 08:39:53.45","#OP0495",50.00,68.00,93.00,120.90,"2023-03-11","130109179","PO",4,,,,"","ALMA","OP0495A1",30045,5002,"2023-03-15","2023-04-20","USD",93.00,100,"3XS:20|2XS:20|XS:20|S:10|M:10|L:10|XL:10"
250027,"2022-09-15 08:39:53.45","#OP0496",50.00,68.00,93.00,120.90,"2023-03-11","130109179","PO",4,,,,"","ALMA","OP0496A0",30046,6002,"2023-03-15","2023-04-20","USD",93.00,100,"3XS:20|2XS:20|XS:20|S:10|M:10|L:10|XL:10"
250028,"2022-09-15 08:39:53.45","#OP0497",50.00,68.00,93.00,120.90,"2023-03-11","130109179","PO",4,,,,"","ALMA","OP0497A1",30047,8002,"2023-03-15","2023-04-20","USD",93.00,100,"3XS:20|2XS:20|XS:20|S:10|M:10|L:10|XL:10"
250026,"2022-09-15 08:39:53.45","#OP0498",50.00,68.00,93.00,120.90,"2023-03-11","130109184","PO",4,,,,"","ALMA","OP0498A1",30065,1002,"2023-03-15","2023-04-20","USD",93.00,100,"3XS:20|2XS:20|XS:20|S:10|M:10|L:10|XL:10"
250027,"2022-09-15 08:39:53.45","#OP0499",50.00,68.00,93.00,120.90,"2023-03-11","130109184","PO",4,,,,"","ALMA","OP0499A0",30074,1016,"2023-03-15","2023-04-20","USD",93.00,100,"3XS:20|2XS:20|XS:20|S:10|M:10|L:10|XL:10"
250028,"2022-09-15 08:39:53.45","#OP0500",50.00,68.00,93.00,120.90,"2023-03-11","130109184","PO",4,,,,"","ALMA","OP0500A1",30075,3002,"2023-03-15","2023-04-20","USD",93.00,100,"3XS:20|2XS:20|XS:20|S:10|M:10|L:10|XL:10"
250029,"2022-09-15 08:39:53.45","#OP0501",50.00,68.00,93.00,120.90,"2023-03-11","130109184","PO",4,,,,"","ALMA","OP0501A0",30025,4002,"2023-03-15","2023-04-20","USD",93.00,100,"3XS:20|2XS:20|XS:20|S:10|M:10|L:10|XL:10"
250026,"2022-09-15 08:39:53.45","#OP0502",50.00,68.00,93.00,120.90,"2023-03-11","130109184","PO",4,,,,"","ALMA","OP0502A1",30026,5002,"2023-03-15","2023-04-20","USD",93.00,100,"3XS:20|2XS:20|XS:20|S:10|M:10|L:10|XL:10"
250027,"2022-09-15 08:39:53.45","#OP0503",50.00,68.00,93.00,120.90,"2023-03-11","130109184","PO",4,,,,"","ALMA","OP0503A0",30027,6002,"2023-03-15","2023-04-20","USD",93.00,100,"3XS:20|2XS:20|XS:20|S:10|M:10|L:10|XL:10"
250028,"2022-09-15 08:39:53.45","#OP0504",50.00,68.00,93.00,120.90,"2023-03-11","130109184","PO",4,,,,"","ALMA","OP0504A1",30066,8002,"2023-03-15","2023-04-20","USD",93.00,100,"3XS:20|2XS:20|XS:20|S:10|M:10|L:10|XL:10"
250026,"2022-09-15 08:39:53.45","#OP0505",50.00,68.00,93.00,120.90,"2023-03-11","130109185","PO",4,,,,"","ALMA","OP0505A1",30067,1002,"2023-03-15","2023-04-20","USD",93.00,100,"3XS:20|2XS:20|XS:20|S:10|M:10|L:10|XL:10"
250027,"2022-09-15 08:39:53.45","#OP0506",50.00,68.00,93.00,120.90,"2023-03-11","130109185","PO",4,,,,"","ALMA","OP0506A0",30068,1016,"2023-03-15","2023-04-20","USD",93.00,100,"3XS:20|2XS:20|XS:20|S:10|M:10|L:10|XL:10"
250028,"2022-09-15 08:39:53.45","#OP0507",50.00,68.00,93.00,120.90,"2023-03-11","130109185","PO",4,,,,"","ALMA","OP0507A1",30069,3002,"2023-03-15","2023-04-20","USD",93.00,100,"3XS:20|2XS:20|XS:20|S:10|M:10|L:10|XL:10"
250029,"2022-09-15 08:39:53.45","#OP0508",50.00,68.00,93.00,120.90,"2023-03-11","130109185","PO",4,,,,"","ALMA","OP0508A0",30070,4002,"2023-03-15","2023-04-20","USD",93.00,100,"3XS:20|2XS:20|XS:20|S:10|M:10|L:10|XL:10"
250026,"2022-09-15 08:39:53.45","#OP0509",50.00,68.00,93.00,120.90,"2023-03-11","130109185","PO",4,,,,"","ALMA","OP0509A1",30071,5002,"2023-03-15","2023-04-20","USD",93.00,100,"3XS:20|2XS:20|XS:20|S:10|M:10|L:10|XL:10"
250027,"2022-09-15 08:39:53.45","#OP0510",50.00,68.00,93.00,120.90,"2023-03-11","130109185","PO",4,,,,"","ALMA","OP0510A0",30072,6002,"2023-03-15","2023-04-20","USD",93.00,100,"3XS:20|2XS:20|XS:20|S:10|M:10|L:10|XL:10"
250028,"2022-09-15 08:39:53.45","#OP0511",50.00,68.00,93.00,120.90,"2023-03-11","130109185","PO",4,,,,"","ALMA","OP0511A1",30073,8002,"2023-03-15","2023-04-20","USD",93.00,100,"3XS:20|2XS:20|XS:20|S:10|M:10|L:10|XL:10"
250026,"2022-09-15 08:39:53.45","#OP0512",50.00,68.00,93.00,120.90,"2023-03-11","130109186","PO",4,,,,"","ALMA","OP0512A1",30029,1002,"2023-03-15","2023-04-20","USD",93.00,100,"3XS:20|2XS:20|XS:20|S:10|M:10|L:10|XL:10"
250027,"2022-09-15 08:39:53.45","#OP0513",50.00,68.00,93.00,120.90,"2023-03-11","130109186","PO",4,,,,"","ALMA","OP0513A0",30013,1016,"2023-03-15","2023-04-20","USD",93.00,100,"3XS:20|2XS:20|XS:20|S:10|M:10|L:10|XL:10"
250028,"2022-09-15 08:39:53.45","#OP0514",50.00,68.00,93.00,120.90,"2023-03-11","130109186","PO",4,,,,"","ALMA","OP0514A1",30022,3002,"2023-03-15","2023-04-20","USD",93.00,100,"3XS:20|2XS:20|XS:20|S:10|M:10|L:10|XL:10"
250029,"2022-09-15 08:39:53.45","#OP0515",50.00,68.00,93.00,120.90,"2023-03-11","130109186","PO",4,,,,"","ALMA","OP0515A0",30045,4002,"2023-03-15","2023-04-20","USD",93.00,100,"3XS:20|2XS:20|XS:20|S:10|M:10|L:10|XL:10"
250026,"2022-09-15 08:39:53.45","#OP0516",50.00,68.00,93.00,120.90,"2023-03-11","130109186","PO",4,,,,"","ALMA","OP0516A1",30046,5002,"2023-03-15","2023-04-20","USD",93.00,100,"3XS:20|2XS:20|XS:20|S:10|M:10|L:10|XL:10"
250027,"2022-09-15 08:39:53.45","#OP0517",50.00,68.00,93.00,120.90,"2023-03-11","130109186","PO",4,,,,"","ALMA","OP0517A0",30047,6002,"2023-03-15","2023-04-20","USD",93.00,100,"3XS:20|2XS:20|XS:20|S:10|M:10|L:10|XL:10"
250028,"2022-09-15 08:39:53.45","#OP0518",50.00,68.00,93.00,120.90,"2023-03-11","130109186","PO",4,,,,"","ALMA","OP0518A1",30065,8002,"2023-03-15","2023-04-20","USD",93.00,100,"3XS:20|2XS:20|XS:20|S:10|M:10|L:10|XL:10"
250026,"2022-09-15 08:39:53.45","#OP0519",50.00,68.00,93.00,120.90,"2023-03-11","130109187","PO",4,,,,"","ALMA","OP0519A1",30074,1002,"2023-03-15","2023-04-20","USD",93.00,100,"3XS:20|2XS:20|XS:20|S:10|M:10|L:10|XL:10"
250027,"2022-09-15 08:39:53.45","#OP0520",50.00,68.00,93.00,120.90,"2023-03-11","130109187","PO",4,,,,"","ALMA","OP0520A0",30075,1016,"2023-03-15","2023-04-20","USD",93.00,100,"3XS:20|2XS:20|XS:20|S:10|M:10|L:10|XL:10"
250028,"2022-09-15 08:39:53.45","#OP0521",50.00,68.00,93.00,120.90,"2023-03-11","130109187","PO",4,,,,"","ALMA","OP0521A1",30025,3002,"2023-03-15","2023-04-20","USD",93.00,100,"3XS:20|2XS:20|XS:20|S:10|M:10|L:10|XL:10"
250029,"2022-09-15 08:39:53.45","#OP0522",50.00,68.00,93.00,120.90,"2023-03-11","130109187","PO",4,,,,"","ALMA","OP0522A0",30026,4002,"2023-03-15","2023-04-20","USD",93.00,100,"3XS:20|2XS:20|XS:20|S:10|M:10|L:10|XL:10"
250026,"2022-09-15 08:39:53.45","#OP0523",50.00,68.00,93.00,120.90,"2023-03-11","130109187","PO",4,,,,"","ALMA","OP0523A1",30027,5002,"2023-03-15","2023-04-20","USD",93.00,100,"3XS:20|2XS:20|XS:20|S:10|M:10|L:10|XL:10"
250027,"2022-09-15 08:39:53.45","#OP0524",50.00,68.00,93.00,120.90,"2023-03-11","130109187","PO",4,,,,"","ALMA","OP0524A0",30066,6002,"2023-03-15","2023-04-20","USD",93.00,100,"3XS:20|2XS:20|XS:20|S:10|M:10|L:10|XL:10"
250028,"2022-09-15 08:39:53.45","#OP0525",50.00,68.00,93.00,120.90,"2023-03-11","130109187","PO",4,,,,"","ALMA","OP0525A1",30067,8002,"2023-03-15","2023-04-20","USD",93.00,100,"3XS:20|2XS:20|XS:20|S:10|M:10|L:10|XL:10"
250026,"2022-09-15 08:39:53.45","#OP0526",50.00,68.00,93.00,120.90,"2023-03-11","130109188","PO",4,,,,"","ALMA","OP0526A1",30068,1002,"2023-03-15","2023-04-20","USD",93.00,100,"3XS:20|2XS:20|XS:20|S:10|M:10|L:10|XL:10"
250027,"2022-09-15 08:39:53.45","#OP0527",50.00,68.00,93.00,120.90,"2023-03-11","130109188","PO",4,,,,"","ALMA","OP0527A0",30069,1016,"2023-03-15","2023-04-20","USD",93.00,100,"3XS:20|2XS:20|XS:20|S:10|M:10|L:10|XL:10"
250028,"2022-09-15 08:39:53.45","#OP0528",50.00,68.00,93.00,120.90,"2023-03-11","130109188","PO",4,,,,"","ALMA","OP0528A1",30070,3002,"2023-03-15","2023-04-20","USD",93.00,100,"3XS:20|2XS:20|XS:20|S:10|M:10|L:10|XL:10"
250029,"2022-09-15 08:39:53.45","#OP0529",50.00,68.00,93.00,120.90,"2023-03-11","130109188","PO",4,,,,"","ALMA","OP0529A0",30071,4002,"2023-03-15","2023-04-20","USD",93.00,100,"3XS:20|2XS:20|XS:20|S:10|M:10|L:10|XL:10"
250026,"2022-09-15 08:39:53.45","#OP0530",50.00,68.00,93.00,120.90,"2023-03-11","130109188","PO",4,,,,"","ALMA","OP0530A1",30072,5002,"2023-03-15","2023-04-20","USD",93.00,100,"3XS:20|2XS:20|XS:20|S:10|M:10|L:10|XL:10"
250027,"2022-09-15 08:39:53.45","#OP0531",50.00,68.00,93.00,120.90,"2023-03-11","130109188","PO",4,,,,"","ALMA","OP0531A0",30073,6002,"2023-03-15","2023-04-20","USD",93.00,100,"3XS:20|2XS:20|XS:20|S:10|M:10|L:10|XL:10"
250028,"2022-09-15 08:39:53.45","#OP0532",50.00,68.00,93.00,120.90,"2023-03-11","130109188","PO",4,,,,"","ALMA","OP0532A1",30029,8002,"2023-03-15","2023-04-20","USD",93.00,100,"3XS:20|2XS:20|XS:20|S:10|M:10|L:10|XL:10"
250026,"2022-09-15 08:39:53.45","#OP0533",50.00,68.00,93.00,120.90,"2023-03-11","130109189","PO",4,,,,"","ALMA","OP0533A1",30013,1002,"2023-03-15","2023-04-20","USD",93.00,100,"3XS:20|2XS:20|XS:20|S:10|M:10|L:10|XL:10"
250027,"2022-09-15 08:39:53.45","#OP0534",50.00,68.00,93.00,120.90,"2023-03-11","130109189","PO",4,,,,"","ALMA","OP0534A0",30022,1016,"2023-03-15","2023-04-20","USD",93.00,100,"3XS:20|2XS:20|XS:20|S:10|M:10|L:10|XL:10"
250028,"2022-09-15 08:39:53.45","#OP0535",50.00,68.00,93.00,120.90,"2023-03-11","130109189","PO",4,,,,"","ALMA","OP0535A1",30045,3002,"2023-03-15","2023-04-20","USD",93.00,100,"3XS:20|2XS:20|XS:20|S:10|M:10|L:10|XL:10"
250029,"2022-09-15 08:39:53.45","#OP0536",50.00,68.00,93.00,120.90,"2023-03-11","130109189","PO",4,,,,"","ALMA","OP0536A0",30046,4002,"2023-03-15","2023-04-20","USD",93.00,100,"3XS:20|2XS:20|XS:20|S:10|M:10|L:10|XL:10"
250026,"2022-09-15 08:39:53.45","#OP0537",50.00,68.00,93.00,120.90,"2023-03-11","130109189","PO",4,,,,"","ALMA","OP0537A1",30047,5002,"2023-03-15","2023-04-20","USD",93.00,100,"3XS:20|2XS:20|XS:20|S:10|M:10|L:10|XL:10"
250027,"2022-09-15 08:39:53.45","#OP0538",50.00,68.00,93.00,120.90,"2023-03-11","130109189","PO",4,,,,"","ALMA","OP0538A0",30065,6002,"2023-03-15","2023-04-20","USD",93.00,100,"3XS:20|2XS:20|XS:20|S:10|M:10|L:10|XL:10"
250028,"2022-09-15 08:39:53.45","#OP0539",50.00,68.00,93.00,120.90,"2023-03-11","130109189","PO",4,,,,"","ALMA","OP0539A1",30074,8002,"2023-03-15","2023-04-20","USD",93.00,100,"3XS:20|2XS:20|XS:20|S:10|M:10|L:10|XL:10"
250026,"2022-09-15 08:39:53.45","#OP0540",50.00,68.00,93.00,120.90,"2023-03-11","130109190","PO",4,,,,"","ALMA","OP0540A1",30075,1002,"2023-03-15","2023-04-20","USD",93.00,100,"3XS:20|2XS:20|XS:20|S:10|M:10|L:10|XL:10"
250027,"2022-09-15 08:39:53.45","#OP0541",50.00,68.00,93.00,120.90,"2023-03-11","130109190","PO",4,,,,"","ALMA","OP0541A0",30025,1016,"2023-03-15","2023-04-20","USD",93.00,100,"3XS:20|2XS:20|XS:20|S:10|M:10|L:10|XL:10"
250028,"2022-09-15 08:39:53.45","#OP0542",50.00,68.00,93.00,120.90,"2023-03-11","130109190","PO",4,,,,"","ALMA","OP0542A1",30026,3002,"2023-03-15","2023-04-20","USD",93.00,100,"3XS:20|2XS:20|XS:20|S:10|M:10|L:10|XL:10"
250029,"2022-09-15 08:39:53.45","#OP0543",50.00,68.00,93.00,120.90,"2023-03-11","130109190","PO",4,,,,"","ALMA","OP0543A0",30027,4002,"2023-03-15","2023-04-20","USD",93.00,100,"3XS:20|2XS:20|XS:20|S:10|M:10|L:10|XL:10"
250026,"2022-09-15 08:39:53.45","#OP0544",50.00,68.00,93.00,120.90,"2023-03-11","130109190","PO",4,,,,"","ALMA","OP0544A1",30066,5002,"2023-03-15","2023-04-20","USD",93.00,100,"3XS:20|2XS:20|XS:20|S:10|M:10|L:10|XL:10"
250027,"2022-09-15 08:39:53.45","#OP0545",50.00,68.00,93.00,120.90,"2023-03-11","130109190","PO",4,,,,"","ALMA","OP0545A0",30067,6002,"2023-03-15","2023-04-20","USD",93.00,100,"3XS:20|2XS:20|XS:20|S:10|M:10|L:10|XL:10"
250028,"2022-09-15 08:39:53.45","#OP0546",50.00,68.00,93.00,120.90,"2023-03-11","130109190","PO",4,,,,"","ALMA","OP0546A1",30068,8002,"2023-03-15","2023-04-20","USD",93.00,100,"3XS:20|2XS:20|XS:20|S:10|M:10|L:10|XL:10"
250026,"2022-09-15 08:39:53.45","#OP0547",50.00,68.00,93.00,120.90,"2023-03-11","130109191","PO",4,,,,"","ALMA","OP0547A1",30069,1002,"2023-03-15","2023-04-20","USD",93.00,100,"3XS:20|2XS:20|XS:20|S:10|M:10|L:10|XL:10"
250027,"2022-09-15 08:39:53.45","#OP0548",50.00,68.00,93.00,120.90,"2023-03-11","130109191","PO",4,,,,"","ALMA","OP0548A0",30070,1016,"2023-03-15","2023-04-20","USD",93.00,100,"3XS:20|2XS:20|XS:20|S:10|M:10|L:10|XL:10"
250028,"2022-09-15 08:39:53.45","#OP0549",50.00,68.00,93.00,120.90,"2023-03-11","130109191","PO",4,,,,"","ALMA","OP0549A1",30071,3002,"2023-03-15","2023-04-20","USD",93.00,100,"3XS:20|2XS:20|XS:20|S:10|M:10|L:10|XL:10"
250029,"2022-09-15 08:39:53.45","#OP0550",50.00,68.00,93.00,120.90,"2023-03-11","130109191","PO",4,,,,"","ALMA","OP0550A0",30072,4002,"2023-03-15","2023-04-20","USD",93.00,100,"3XS:20|2XS:20|XS:20|S:10|M:10|L:10|XL:10"
250026,"2022-09-15 08:39:53.45","#OP0551",50.00,68.00,93.00,120.90,"2023-03-11","130109191","PO",4,,,,"","ALMA","OP0551A1",30073,5002,"2023-03-15","2023-04-20","USD",93.00,100,"3XS:20|2XS:20|XS:20|S:10|M:10|L:10|XL:10"
250027,"2022-09-15 08:39:53.45","#OP0552",50.00,68.00,93.00,120.90,"2023-03-11","130109191","PO",4,,,,"","ALMA","OP0552A0",30029,6002,"2023-03-15","2023-04-20","USD",93.00,100,"3XS:20|2XS:20|XS:20|S:10|M:10|L:10|XL:10"
250028,"2022-09-15 08:39:53.45","#OP0553",50.00,68.00,93.00,120.90,"2023-03-11","130109191","PO",4,,,,"","ALMA","OP0553A1",30013,8002,"2023-03-15","2023-04-20","USD",93.00,100,"3XS:20|2XS:20|XS:20|S:10|M:10|L:10|XL:10"
250026,"2022-09-15 08:39:53.45","#OP0554",50.00,68.00,93.00,120.90,"2023-03-11","130109192","PO",4,,,,"","ALMA","OP0554A1",30022,1002,"2023-03-15","2023-04-20","USD",93.00,100,"3XS:20|2XS:20|XS:20|S:10|M:10|L:10|XL:10"
250027,"2022-09-15 08:39:53.45","#OP0555",50.00,68.00,93.00,120.90,"2023-03-11","130109192","PO",4,,,,"","ALMA","OP0555A0",30045,1016,"2023-03-15","2023-04-20","USD",93.00,100,"3XS:20|2XS:20|XS:20|S:10|M:10|L:10|XL:10"
250028,"2022-09-15 08:39:53.45","#OP0556",50.00,68.00,93.00,120.90,"2023-03-11","130109192","PO",4,,,,"","ALMA","OP0556A1",30046,3002,"2023-03-15","2023-04-20","USD",93.00,100,"3XS:20|2XS:20|XS:20|S:10|M:10|L:10|XL:10"
250029,"2022-09-15 08:39:53.45","#OP0557",50.00,68.00,93.00,120.90,"2023-03-11","130109192","PO",4,,,,"","ALMA","OP0557A0",30047,4002,"2023-03-15","2023-04-20","USD",93.00,100,"3XS:20|2XS:20|XS:20|S:10|M:10|L:10|XL:10"
250026,"2022-09-15 08:39:53.45","#OP0558",50.00,68.00,93.00,120.90,"2023-03-11","130109192","PO",4,,,,"","ALMA","OP0558A1",30065,5002,"2023-03-15","2023-04-20","USD",93.00,100,"3XS:20|2XS:20|XS:20|S:10|M:10|L:10|XL:10"
250027,"2022-09-15 08:39:53.45","#OP0559",50.00,68.00,93.00,120.90,"2023-03-11","130109192","PO",4,,,,"","ALMA","OP0559A0",30074,6002,"2023-03-15","2023-04-20","USD",93.00,100,"3XS:20|2XS:20|XS:20|S:10|M:10|L:10|XL:10"
250028,"2022-09-15 08:39:53.45","#OP0560",50.00,68.00,93.00,120.90,"2023-03-11","130109192","PO",4,,,,"","ALMA","OP0560A1",30075,8002,"2023-03-15","2023-04-20","USD",93.00,100,"3XS:20|2XS:20|XS:20|S:10|M:10|L:10|XL:10"
250026,"2022-09-15 08:39:53.45","#OP0561",50.00,68.00,93.00,120.90,"2023-03-11","130109193","PO",4,,,,"","ALMA","OP0561A1",30025,1002,"2023-03-15","2023-04-20","USD",93.00,100,"3XS:20|2XS:20|XS:20|S:10|M:10|L:10|XL:10"
250027,"2022-09-15 08:39:53.45","#OP0562",50.00,68.00,93.00,120.90,"2023-03-11","130109193","PO",4,,,,"","ALMA","OP0562A0",30026,1016,"2023-03-15","2023-04-20","USD",93.00,100,"3XS:20|2XS:20|XS:20|S:10|M:10|L:10|XL:10"
250028,"2022-09-15 08:39:53.45","#OP0563",50.00,68.00,93.00,120.90,"2023-03-11","130109193","PO",4,,,,"","ALMA","OP0563A1",30027,3002,"2023-03-15","2023-04-20","USD",93.00,100,"3XS:20|2XS:20|XS:20|S:10|M:10|L:10|XL:10"
250029,"2022-09-15 08:39:53.45","#OP0564",50.00,68.00,93.00,120.90,"2023-03-11","130109193","PO",4,,,,"","ALMA","OP0564A0",30066,4002,"2023-03-15","2023-04-20","USD",93.00,100,"3XS:20|2XS:20|XS:20|S:10|M:10|L:10|XL:10"
250026,"2022-09-15 08:39:53.45","#OP0565",50.00,68.00,93.00,120.90,"2023-03-11","130109193","PO",4,,,,"","ALMA","OP0565A1",30067,5002,"2023-03-15","2023-04-20","USD",93.00,100,"3XS:20|2XS:20|XS:20|S:10|M:10|L:10|XL:10"
250027,"2022-09-15 08:39:53.45","#OP0566",50.00,68.00,93.00,120.90,"2023-03-11","130109193","PO",4,,,,"","ALMA","OP0566A0",30068,6002,"2023-03-15","2023-04-20","USD",93.00,100,"3XS:20|2XS:20|XS:20|S:10|M:10|L:10|XL:10"
250028,"2022-09-15 08:39:53.45","#OP0567",50.00,68.00,93.00,120.90,"2023-03-11","130109193","PO",4,,,,"","ALMA","OP0567A1",30069,8002,"2023-03-15","2023-04-20","USD",93.00,100,"3XS:20|2XS:20|XS:20|S:10|M:10|L:10|XL:10"
250026,"2022-09-15 08:39:53.45","#OP0568",50.00,68.00,93.00,120.90,"2023-03-11","130109194","PO",4,,,,"","ALMA","OP0568A1",30070,1002,"2023-03-15","2023-04-20","USD",93.00,100,"3XS:20|2XS:20|XS:20|S:10|M:10|L:10|XL:10"
250027,"2022-09-15 08:39:53.45","#OP0569",50.00,68.00,93.00,120.90,"2023-03-11","130109194","PO",4,,,,"","ALMA","OP0569A0",30071,1016,"2023-03-15","2023-04-20","USD",93.00,100,"3XS:20|2XS:20|XS:20|S:10|M:10|L:10|XL:10"
250028,"2022-09-15 08:39:53.45","#OP0570",50.00,68.00,93.00,120.90,"2023-03-11","130109194","PO",4,,,,"","ALMA","OP0570A1",30072,3002,"2023-03-15","2023-04-20","USD",93.00,100,"3XS:20|2XS:20|XS:20|S:10|M:10|L:10|XL:10"
250029,"2022-09-15 08:39:53.45","#OP0571",50.00,68.00,93.00,120.90,"2023-03-11","130109194","PO",4,,,,"","ALMA","OP0571A0",30073,4002,"2023-03-15","2023-04-20","USD",93.00,100,"3XS:20|2XS:20|XS:20|S:10|M:10|L:10|XL:10"
250026,"2022-09-15 08:39:53.45","#OP0572",50.00,68.00,93.00,120.90,"2023-03-11","130109194","PO",4,,,,"","ALMA","OP0572A1",30029,5002,"2023-03-15","2023-04-20","USD",93.00,100,"3XS:20|2XS:20|XS:20|S:10|M:10|L:10|XL:10"
250027,"2022-09-15 08:39:53.45","#OP0573",50.00,68.00,93.00,120.90,"2023-03-11","130109194","PO",4,,,,"","ALMA","OP0573A0",30013,6002,"2023-03-15","2023-04-20","USD",93.00,100,"3XS:20|2XS:20|XS:20|S:10|M:10|L:10|XL:10"
250028,"2022-09-15 08:39:53.45","#OP0574",50.00,68.00,93.00,120.90,"2023-03-11","130109194","PO",4,,,,"","ALMA","OP0574A1",30022,8002,"2023-03-15","2023-04-20","USD",93.00,100,"3XS:20|2XS:20|XS:20|S:10|M:10|L:10|XL:10"
250026,"2022-09-15 08:39:53.45","#OP0575",50.00,68.00,93.00,120.90,"2023-03-11","130109195","PO",4,,,,"","ALMA","OP0575A1",30045,1002,"2023-03-15","2023-04-20","USD",93.00,100,"3XS:20|2XS:20|XS:20|S:10|M:10|L:10|XL:10"
250027,"2022-09-15 08:39:53.45","#OP0576",50.00,68.00,93.00,120.90,"2023-03-11","130109195","PO",4,,,,"","ALMA","OP0576A0",30046,1016,"2023-03-15","2023-04-20","USD",93.00,100,"3XS:20|2XS:20|XS:20|S:10|M:10|L:10|XL:10"
250028,"2022-09-15 08:39:53.45","#OP0577",50.00,68.00,93.00,120.90,"2023-03-11","130109195","PO",4,,,,"","ALMA","OP0577A1",30047,3002,"2023-03-15","2023-04-20","USD",93.00,100,"3XS:20|2XS:20|XS:20|S:10|M:10|L:10|XL:10"
250029,"2022-09-15 08:39:53.45","#OP0578",50.00,68.00,93.00,120.90,"2023-03-11","130109195","PO",4,,,,"","ALMA","OP0578A0",30065,4002,"2023-03-15","2023-04-20","USD",93.00,100,"3XS:20|2XS:20|XS:20|S:10|M:10|L:10|XL:10"
250026,"2022-09-15 08:39:53.45","#OP0579",50.00,68.00,93.00,120.90,"2023-03-11","130109195","PO",4,,,,"","ALMA","OP0579A1",30074,5002,"2023-03-15","2023-04-20","USD",93.00,100,"3XS:20|2XS:20|XS:20|S:10|M:10|L:10|XL:10"
250027,"2022-09-15 08:39:53.45","#OP0580",50.00,68.00,93.00,120.90,"2023-03-11","130109195","PO",4,,,,"","ALMA","OP0580A0",30075,6002,"2023-03-15","2023-04-20","USD",93.00,100,"3XS:20|2XS:20|XS:20|S:10|M:10|L:10|XL:10"
250028,"2022-09-15 08:39:53.45","#OP0581",50.00,68.00,93.00,120.90,"2023-03-11","130109195","PO",4,,,,"","ALMA","OP0581A1",30025,8002,"2023-03-15","2023-04-20","USD",93.00,100,"3XS:20|2XS:20|XS:20|S:10|M:10|L:10|XL:10"
250026,"2022-09-15 08:39:53.45","#OP0582",50.00,68.00,93.00,120.90,"2023-03-11","130109196","PO",4,,,,"","ALMA","OP0582A1",30026,1002,"2023-03-15","2023-04-20","USD",93.00,100,"3XS:20|2XS:20|XS:20|S:10|M:10|L:10|XL:10"
250027,"2022-09-15 08:39:53.45","#OP0583",50.00,68.00,93.00,120.90,"2023-03-11","130109196","PO",4,,,,"","ALMA","OP0583A0",30027,1016,"2023-03-15","2023-04-20","USD",93.00,100,"3XS:20|2XS:20|XS:20|S:10|M:10|L:10|XL:10"
250028,"2022-09-15 08:39:53.45","#OP0584",50.00,68.00,93.00,120.90,"2023-03-11","130109196","PO",4,,,,"","ALMA","OP0584A1",30066,3002,"2023-03-15","2023-04-20","USD",93.00,100,"3XS:20|2XS:20|XS:20|S:10|M:10|L:10|XL:10"
250029,"2022-09-15 08:39:53.45","#OP0585",50.00,68.00,93.00,120.90,"2023-03-11","130109196","PO",4,,,,"","ALMA","OP0585A0",30067,4002,"2023-03-15","2023-04-20","USD",93.00,100,"3XS:20|2XS:20|XS:20|S:10|M:10|L:10|XL:10"
250026,"2022-09-15 08:39:53.45","#OP0586",50.00,68.00,93.00,120.90,"2023-03-11","130109196","PO",4,,,,"","ALMA","OP0586A1",30068,5002,"2023-03-15","2023-04-20","USD",93.00,100,"3XS:20|2XS:20|XS:20|S:10|M:10|L:10|XL:10"
250027,"2022-09-15 08:39:53.45","#OP0587",50.00,68.00,93.00,120.90,"2023-03-11","130109196","PO",4,,,,"","ALMA","OP0587A0",30069,6002,"2023-03-15","2023-04-20","USD",93.00,100,"3XS:20|2XS:20|XS:20|S:10|M:10|L:10|XL:10"
250028,"2022-09-15 08:39:53.45","#OP0588",50.00,68.00,93.00,120.90,"2023-03-11","130109196","PO",4,,,,"","ALMA","OP0588A1",30070,8002,"2023-03-15","2023-04-20","USD",93.00,100,"3XS:20|2XS:20|XS:20|S:10|M:10|L:10|XL:10"
250026,"2022-09-15 08:39:53.45","#OP0589",50.00,68.00,93.00,120.90,"2023-03-11","130109197","PO",4,,,,"","ALMA","OP0589A1",30071,1002,"2023-03-15","2023-04-20","USD",93.00,100,"3XS:20|2XS:20|XS:20|S:10|M:10|L:10|XL:10"
250027,"2022-09-15 08:39:53.45","#OP0590",50.00,68.00,93.00,120.90,"2023-03-11","130109197","PO",4,,,,"","ALMA","OP0590A0",30072,1016,"2023-03-15","2023-04-20","USD",93.00,100,"3XS:20|2XS:20|XS:20|S:10|M:10|L:10|XL:10"
250028,"2022-09-15 08:39:53.45","#OP0591",50.00,68.00,93.00,120.90,"2023-03-11","130109197","PO",4,,,,"","ALMA","OP0591A1",30073,3002,"2023-03-15","2023-04-20","USD",93.00,100,"3XS:20|2XS:20|XS:20|S:10|M:10|L:10|XL:10"
250029,"2022-09-15 08:39:53.45","#OP0592",50.00,68.00,93.00,120.90,"2023-03-11","130109197","PO",4,,,,"","ALMA","OP0592A0",30029,4002,"2023-03-15","2023-04-20","USD",93.00,100,"3XS:20|2XS:20|XS:20|S:10|M:10|L:10|XL:10"
250026,"2022-09-15 08:39:53.45","#OP0593",50.00,68.00,93.00,120.90,"2023-03-11","130109197","PO",4,,,,"","ALMA","OP0593A1",30013,5002,"2023-03-15","2023-04-20","USD",93.00,100,"3XS:20|2XS:20|XS:20|S:10|M:10|L:10|XL:10"
250027,"2022-09-15 08:39:53.45","#OP0594",50.00,68.00,93.00,120.90,"2023-03-11","130109197","PO",4,,,,"","ALMA","OP0594A0",30022,6002,"2023-03-15","2023-04-20","USD",93.00,100,"3XS:20|2XS:20|XS:20|S:10|M:10|L:10|XL:10"
250028,"2022-09-15 08:39:53.45","#OP0595",50.00,68.00,93.00,120.90,"2023-03-11","130109197","PO",4,,,,"","ALMA","OP0595A1",30045,8002,"2023-03-15","2023-04-20","USD",93.00,100,"3XS:20|2XS:20|XS:20|S:10|M:10|L:10|XL:10"
250026,"2022-09-15 08:39:53.45","#OP0596",50.00,68.00,93.00,120.90,"2023-03-11","130109198","PO",4,,,,"","ALMA","OP0596A1",30046,1002,"2023-03-15","2023-04-20","USD",93.00,100,"3XS:20|2XS:20|XS:20|S:10|M:10|L:10|XL:10"
250027,"2022-09-15 08:39:53.45","#OP0597",50.00,68.00,93.00,120.90,"2023-03-11","130109198","PO",4,,,,"","ALMA","OP0597A0",30047,1016,"2023-03-15","2023-04-20","USD",93.00,100,"3XS:20|2XS:20|XS:20|S:10|M:10|L:10|XL:10"
250028,"2022-09-15 08:39:53.45","#OP0598",50.00,68.00,93.00,120.90,"2023-03-11","130109198","PO",4,,,,"","ALMA","OP0598A1",30065,3002,"2023-03-15","2023-04-20","USD",93.00,100,"3XS:20|2XS:20|XS:20|S:10|M:10|L:10|XL:10"
250029,"2022-09-15 08:39:53.45","#OP0599",50.00,68.00,93.00,120.90,"2023-03-11","130109198","PO",4,,,,"","ALMA","OP0599A0",30074,4002,"2023-03-15","2023-04-20","USD",93.00,100,"3XS:20|2XS:20|XS:20|S:10|M:10|L:10|XL:10"
250026,"2022-09-15 08:39:53.45","#OP0600",50.00,68.00,93.00,120.90,"2023-03-11","130109198","PO",4,,,,"","ALMA","OP0600A1",30075,5002,"2023-03-15","2023-04-20","USD",93.00,100,"3XS:20|2XS:20|XS:20|S:10|M:10|L:10|XL:10"
250027,"2022-09-15 08:39:53.45","#OP0601",50.00,68.00,93.00,120.90,"2023-03-11","130109198","PO",4,,,,"","ALMA","OP0601A0",30025,6002,"2023-03-15","2023-04-20","USD",93.00,100,"3XS:20|2XS:20|XS:20|S:10|M:10|L:10|XL:10"
250028,"2022-09-15 08:39:53.45","#OP0602",50.00,68.00,93.00,120.90,"2023-03-11","130109198","PO",4,,,,"","ALMA","OP0602A1",30026,8002,"2023-03-15","2023-04-20","USD",93.00,100,"3XS:20|2XS:20|XS:20|S:10|M:10|L:10|XL:10"
250026,"2022-09-15 08:39:53.45","#OP0603",50.00,68.00,93.00,120.90,"2023-03-11","130109199","PO",4,,,,"","ALMA","OP0603A1",30027,1002,"2023-03-15","2023-04-20","USD",93.00,100,"3XS:20|2XS:20|XS:20|S:10|M:10|L:10|XL:10"
250027,"2022-09-15 08:39:53.45","#OP0604",50.00,68.00,93.00,120.90,"2023-03-11","130109199","PO",4,,,,"","ALMA","OP0604A0",30066,1016,"2023-03-15","2023-04-20","USD",93.00,100,"3XS:20|2XS:20|XS:20|S:10|M:10|L:10|XL:10"
250028,"2022-09-15 08:39:53.45","#OP0605",50.00,68.00,93.00,120.90,"2023-03-11","130109199","PO",4,,,,"","ALMA","OP0605A1",30067,3002,"2023-03-15","2023-04-20","USD",93.00,100,"3XS:20|2XS:20|XS:20|S:10|M:10|L:10|XL:10"
250029,"2022-09-15 08:39:53.45","#OP0606",50.00,68.00,93.00,120.90,"2023-03-11","130109199","PO",4,,,,"","ALMA","OP0606A0",30068,4002,"2023-03-15","2023-04-20","USD",93.00,100,"3XS:20|2XS:20|XS:20|S:10|M:10|L:10|XL:10"
250026,"2022-09-15 08:39:53.45","#OP0607",50.00,68.00,93.00,120.90,"2023-03-11","130109199","PO",4,,,,"","ALMA","OP0607A1",30069,5002,"2023-03-15","2023-04-20","USD",93.00,100,"3XS:20|2XS:20|XS:20|S:10|M:10|L:10|XL:10"
250027,"2022-09-15 08:39:53.45","#OP0608",50.00,68.00,93.00,120.90,"2023-03-11","130109199","PO",4,,,,"","ALMA","OP0608A0",30070,6002,"2023-03-15","2023-04-20","USD",93.00,100,"3XS:20|2XS:20|XS:20|S:10|M:10|L:10|XL:10"
250028,"2022-09-15 08:39:53.45","#OP0609",50.00,68.00,93.00,120.90,"2023-03-11","130109199","PO",4,,,,"","ALMA","OP0609A1",30071,8002,"2023-03-15","2023-04-20","USD",93.00,100,"3XS:20|2XS:20|XS:20|S:10|M:10|L:10|XL:10"
250026,"2022-09-15 08:39:53.45","#OP0610",50.00,68.00,93.00,120.90,"2023-03-11","130109200","PO",4,,,,"","ALMA","OP0610A1",30072,1002,"2023-03-15","2023-04-20","USD",93.00,100,"3XS:20|2XS:20|XS:20|S:10|M:10|L:10|XL:10"
250027,"2022-09-15 08:39:53.45","#OP0611",50.00,68.00,93.00,120.90,"2023-03-11","130109200","PO",4,,,,"","ALMA","OP0611A0",30073,1016,"2023-03-15","2023-04-20","USD",93.00,100,"3XS:20|2XS:20|XS:20|S:10|M:10|L:10|XL:10"
250028,"2022-09-15 08:39:53.45","#OP0612",50.00,68.00,93.00,120.90,"2023-03-11","130109200","PO",4,,,,"","ALMA","OP0612A1",30029,3002,"2023-03-15","2023-04-20","USD",93.00,100,"3XS:20|2XS:20|XS:20|S:10|M:10|L:10|XL:10"
250029,"2022-09-15 08:39:53.45","#OP0613",50.00,68.00,93.00,120.90,"2023-03-11","130109200","PO",4,,,,"","ALMA","OP0613A0",30013,4002,"2023-03-15","2023-04-20","USD",93.00,100,"3XS:20|2XS:20|XS:20|S:10|M:10|L:10|XL:10"
250026,"2022-09-15 08:39:53.45","#OP0614",50.00,68.00,93.00,120.90,"2023-03-11","130109200","PO",4,,,,"","ALMA","OP0614A1",30022,5002,"2023-03-15","2023-04-20","USD",93.00,100,"3XS:20|2XS:20|XS:20|S:10|M:10|L:10|XL:10"
250027,"2022-09-15 08:39:53.45","#OP0615",50.00,68.00,93.00,120.90,"2023-03-11","130109200","PO",4,,,,"","ALMA","OP0615A0",30045,6002,"2023-03-15","2023-04-20","USD",93.00,100,"3XS:20|2XS:20|XS:20|S:10|M:10|L:10|XL:10"
250028,"2022-09-15 08:39:53.45","#OP0616",50.00,68.00,93.00,120.90,"2023-03-11","130109200","PO",4,,,,"","ALMA","OP0616A1",30046,8002,"2023-03-15","2023-04-20","USD",93.00,100,"3XS:20|2XS:20|XS:20|S:10|M:10|L:10|XL:10"
250026,"2022-09-15 08:39:53.45","#OP0617",50.00,68.00,93.00,120.90,"2023-03-11","130109201","PO",4,,,,"","ALMA","OP0617A1",30047,1002,"2023-03-15","2023-04-20","USD",93.00,100,"3XS:20|2XS:20|XS:20|S:10|M:10|L:10|XL:10"
250027,"2022-09-15 08:39:53.45","#OP0618",50.00,68.00,93.00,120.90,"2023-03-11","130109201","PO",4,,,,"","ALMA","OP0618A0",30065,1016,"2023-03-15","2023-04-20","USD",93.00,100,"3XS:20|2XS:20|XS:20|S:10|M:10|L:10|XL:10"
250028,"2022-09-15 08:39:53.45","#OP0619",50.00,68.00,93.00,120.90,"2023-03-11","130109201","PO",4,,,,"","ALMA","OP0619A1",30074,3002,"2023-03-15","2023-04-20","USD",93.00,100,"3XS:20|2XS:20|XS:20|S:10|M:10|L:10|XL:10"
250029,"2022-09-15 08:39:53.45","#OP0620",50.00,68.00,93.00,120.90,"2023-03-11","130109201","PO",4,,,,"","ALMA","OP0620A0",30075,4002,"2023-03-15","2023-04-20","USD",93.00,100,"3XS:20|2XS:20|XS:20|S:10|M:10|L:10|XL:10"
250026,"2022-09-15 08:39:53.45","#OP0621",50.00,68.00,93.00,120.90,"2023-03-11","130109201","PO",4,,,,"","ALMA","OP0621A1",30025,5002,"2023-03-15","2023-04-20","USD",93.00,100,"3XS:20|2XS:20|XS:20|S:10|M:10|L:10|XL:10"
250027,"2022-09-15 08:39:53.45","#OP0622",50.00,68.00,93.00,120.90,"2023-03-11","130109201","PO",4,,,,"","ALMA","OP0622A0",30026,6002,"2023-03-15","2023-04-20","USD",93.00,100,"3XS:20|2XS:20|XS:20|S:10|M:10|L:10|XL:10"
250028,"2022-09-15 08:39:53.45","#OP0623",50.00,68.00,93.00,120.90,"2023-03-11","130109201","PO",4,,,,"","ALMA","OP0623A1",30027,8002,"2023-03-15","2023-04-20","USD",93.00,100,"3XS:20|2XS:20|XS:20|S:10|M:10|L:10|XL:10"
250026,"2022-09-15 08:39:53.45","#OP0624",50.00,68.00,93.00,120.90,"2023-03-11","130109202","PO",4,,,,"","ALMA","OP0624A1",30066,1002,"2023-03-15","2023-04-20","USD",93.00,100,"3XS:20|2XS:20|XS:20|S:10|M:10|L:10|XL:10"
250027,"2022-09-15 08:39:53.45","#OP0625",50.00,68.00,93.00,120.90,"2023-03-11","130109202","PO",4,,,,"","ALMA","OP0625A0",30067,1016,"2023-03-15","2023-04-20","USD",93.00,100,"3XS:20|2XS:20|XS:20|S:10|M:10|L:10|XL:10"
250028,"2022-09-15 08:39:53.45","#OP0626",50.00,68.00,93.00,120.90,"2023-03-11","130109202","PO",4,,,,"","ALMA","OP0626A1",30068,3002,"2023-03-15","2023-04-20","USD",93.00,100,"3XS:20|2XS:20|XS:20|S:10|M:10|L:10|XL:10"
250029,"2022-09-15 08:39:53.45","#OP0627",50.00,68.00,93.00,120.90,"2023-03-11","130109202","PO",4,,,,"","ALMA","OP0627A0",30069,4002,"2023-03-15","2023-04-20","USD",93.00,100,"3XS:20|2XS:20|XS:20|S:10|M:10|L:10|XL:10"
250026,"2022-09-15 08:39:53.45","#OP0628",50.00,68.00,93.00,120.90,"2023-03-11","130109202","PO",4,,,,"","ALMA","OP0628A1",30070,5002,"2023-03-15","2023-04-20","USD",93.00,100,"3XS:20|2XS:20|XS:20|S:10|M:10|L:10|XL:10"
250027,"2022-09-15 08:39:53.45","#OP0629",50.00,68.00,93.00,120.90,"2023-03-11","130109202","PO",4,,,,"","ALMA","OP0629A0",30071,6002,"2023-03-15","2023-04-20","USD",93.00,100,"3XS:20|2XS:20|XS:20|S:10|M:10|L:10|XL:10"
250028,"2022-09-15 08:39:53.45","#OP0630",50.00,68.00,93.00,120.90,"2023-03-11","130109202","PO",4,,,,"","ALMA","OP0630A1",30072,8002,"2023-03-15","2023-04-20","USD",93.00,100,"3XS:20|2XS:20|XS:20|S:10|M:10|L:10|XL:10"
250026,"2022-09-15 08:39:53.45","#OP0631",50.00,68.00,93.00,120.90,"2023-03-11","130109203","PO",4,,,,"","ALMA","OP0631A1",30073,1002,"2023-03-15","2023-04-20","USD",93.00,100,"3XS:20|2XS:20|XS:20|S:10|M:10|L:10|XL:10"
250027,"2022-09-15 08:39:53.45","#OP0632",50.00,68.00,93.00,120.90,"2023-03-11","130109203","PO",4,,,,"","ALMA","OP0632A0",30029,1016,"2023-03-15","2023-04-20","USD",93.00,100,"3XS:20|2XS:20|XS:20|S:10|M:10|L:10|XL:10"
250028,"2022-09-15 08:39:53.45","#OP0633",50.00,68.00,93.00,120.90,"2023-03-11","130109203","PO",4,,,,"","ALMA","OP0633A1",30013,3002,"2023-03-15","2023-04-20","USD",93.00,100,"3XS:20|2XS:20|XS:20|S:10|M:10|L:10|XL:10"
250029,"2022-09-15 08:39:53.45","#OP0634",50.00,68.00,93.00,120.90,"2023-03-11","130109203","PO",4,,,,"","ALMA","OP0634A0",30022,4002,"2023-03-15","2023-04-20","USD",93.00,100,"3XS:20|2XS:20|XS:20|S:10|M:10|L:10|XL:10"
250026,"2022-09-15 08:39:53.45","#OP0635",50.00,68.00,93.00,120.90,"2023-03-11","130109203","PO",4,,,,"","ALMA","OP0635A1",30045,5002,"2023-03-15","2023-04-20","USD",93.00,100,"3XS:20|2XS:20|XS:20|S:10|M:10|L:10|XL:10"
250027,"2022-09-15 08:39:53.45","#OP0636",50.00,68.00,93.00,120.90,"2023-03-11","130109203","PO",4,,,,"","ALMA","OP0636A0",30046,6002,"2023-03-15","2023-04-20","USD",93.00,100,"3XS:20|2XS:20|XS:20|S:10|M:10|L:10|XL:10"
250028,"2022-09-15 08:39:53.45","#OP0637",50.00,68.00,93.00,120.90,"2023-03-11","130109203","PO",4,,,,"","ALMA","OP0637A1",30047,8002,"2023-03-15","2023-04-20","USD",93.00,100,"3XS:20|2XS:20|XS:20|S:10|M:10|L:10|XL:10"
250026,"2022-09-15 08:39:53.45","#OP0638",50.00,68.00,93.00,120.90,"2023-03-11","130109204","PO",4,,,,"","ALMA","OP0638A1",30065,1002,"2023-03-15","2023-04-20","USD",93.00,100,"3XS:20|2XS:20|XS:20|S:10|M:10|L:10|XL:10"
250027,"2022-09-15 08:39:53.45","#OP0639",50.00,68.00,93.00,120.90,"2023-03-11","130109204","PO",4,,,,"","ALMA","OP0639A0",30074,1016,"2023-03-15","2023-04-20","USD",93.00,100,"3XS:20|2XS:20|XS:20|S:10|M:10|L:10|XL:10"
250028,"2022-09-15 08:39:53.45","#OP0640",50.00,68.00,93.00,120.90,"2023-03-11","130109204","PO",4,,,,"","ALMA","OP0640A1",30075,3002,"2023-03-15","2023-04-20","USD",93.00,100,"3XS:20|2XS:20|XS:20|S:10|M:10|L:10|XL:10"
250029,"2022-09-15 08:39:53.45","#OP0641",50.00,68.00,93.00,120.90,"2023-03-11","130109204","PO",4,,,,"","ALMA","OP0641A0",30025,4002,"2023-03-15","2023-04-20","USD",93.00,100,"3XS:20|2XS:20|XS:20|S:10|M:10|L:10|XL:10"
250026,"2022-09-15 08:39:53.45","#OP0642",50.00,68.00,93.00,120.90,"2023-03-11","130109204","PO",4,,,,"","ALMA","OP0642A1",30026,5002,"2023-03-15","2023-04-20","USD",93.00,100,"3XS:20|2XS:20|XS:20|S:10|M:10|L:10|XL:10"
250027,"2022-09-15 08:39:53.45","#OP0643",50.00,68.00,93.00,120.90,"2023-03-11","130109204","PO",4,,,,"","ALMA","OP0643A0",30027,6002,"2023-03-15","2023-04-20","USD",93.00,100,"3XS:20|2XS:20|XS:20|S:10|M:10|L:10|XL:10"
250028,"2022-09-15 08:39:53.45","#OP0644",50.00,68.00,93.00,120.90,"2023-03-11","130109204","PO",4,,,,"","ALMA","OP0644A1",30066,8002,"2023-03-15","2023-04-20","USD",93.00,100,"3XS:20|2XS:20|XS:20|S:10|M:10|L:10|XL:10"
250026,"2022-09-15 08:39:53.45","#OP0645",50.00,68.00,93.00,120.90,"2023-03-11","130109205","PO",4,,,,"","ALMA","OP0645A1",30067,1002,"2023-03-15","2023-04-20","USD",93.00,100,"3XS:20|2XS:20|XS:20|S:10|M:10|L:10|XL:10"
250027,"2022-09-15 08:39:53.45","#OP0646",50.00,68.00,93.00,120.90,"2023-03-11","130109205","PO",4,,,,"","ALMA","OP0646A0",30068,1016,"2023-03-15","2023-04-20","USD",93.00,100,"3XS:20|2XS:20|XS:20|S:10|M:10|L:10|XL:10"
250028,"2022-09-15 08:39:53.45","#OP0647",50.00,68.00,93.00,120.90,"2023-03-11","130109205","PO",4,,,,"","ALMA","OP0647A1",30069,3002,"2023-03-15","2023-04-20","USD",93.00,100,"3XS:20|2XS:20|XS:20|S:10|M:10|L:10|XL:10"
250029,"2022-09-15 08:39:53.45","#OP0648",50.00,68.00,93.00,120.90,"2023-03-11","130109205","PO",4,,,,"","ALMA","OP0648A0",30070,4002,"2023-03-15","2023-04-20","USD",93.00,100,"3XS:20|2XS:20|XS:20|S:10|M:10|L:10|XL:10"
250026,"2022-09-15 08:39:53.45","#OP0649",50.00,68.00,93.00,120.90,"2023-03-11","130109205","PO",4,,,,"","ALMA","OP0649A1",30071,5002,"2023-03-15","2023-04-20","USD",93.00,100,"3XS:20|2XS:20|XS:20|S:10|M:10|L:10|XL:10"
250027,"2022-09-15 08:39:53.45","#OP0650",50.00,68.00,93.00,120.90,"2023-03-11","130109205","PO",4,,,,"","ALMA","OP0650A0",30072,6002,"2023-03-15","2023-04-20","USD",93.00,100,"3XS:20|2XS:20|XS:20|S:10|M:10|L:10|XL:10"
250028,"2022-09-15 08:39:53.45","#OP0651",50.00,68.00,93.00,120.90,"2023-03-11","130109205","PO",4,,,,"","ALMA","OP0651A1",30073,8002,"2023-03-15","2023-04-20","USD",93.00,100,"3XS:20|2XS:20|XS:20|S:10|M:10|L:10|XL:10"
250026,"2022-09-15 08:39:53.45","#OP0652",50.00,68.00,93.00,120.90,"2023-03-11","130109206","PO",4,,,,"","ALMA","OP0652A1",30029,1002,"2023-03-15","2023-04-20","USD",93.00,100,"3XS:20|2XS:20|XS:20|S:10|M:10|L:10|XL:10"
250027,"2022-09-15 08:39:53.45","#OP0653",50.00,68.00,93.00,120.90,"2023-03-11","130109206","PO",4,,,,"","ALMA","OP0653A0",30013,1016,"2023-03-15","2023-04-20","USD",93.00,100,"3XS:20|2XS:20|XS:20|S:10|M:10|L:10|XL:10"
250028,"2022-09-15 08:39:53.45","#OP0654",50.00,68.00,93.00,120.90,"2023-03-11","130109206","PO",4,,,,"","ALMA","OP0654A1",30022,3002,"2023-03-15","2023-04-20","USD",93.00,100,"3XS:20|2XS:20|XS:20|S:10|M:10|L:10|XL:10"
250029,"2022-09-15 08:39:53.45","#OP0655",50.00,68.00,93.00,120.90,"2023-03-11","130109206","PO",4,,,,"","ALMA","OP0655A0",30045,4002,"2023-03-15","2023-04-20","USD",93.00,100,"3XS:20|2XS:20|XS:20|S:10|M:10|L:10|XL:10"
250026,"2022-09-15 08:39:53.45","#OP0656",50.00,68.00,93.00,120.90,"2023-03-11","130109206","PO",4,,,,"","ALMA","OP0656A1",30046,5002,"2023-03-15","2023-04-20","USD",93.00,100,"3XS:20|2XS:20|XS:20|S:10|M:10|L:10|XL:10"
250027,"2022-09-15 08:39:53.45","#OP0657",50.00,68.00,93.00,120.90,"2023-03-11","130109206","PO",4,,,,"","ALMA","OP0657A0",30047,6002,"2023-03-15","2023-04-20","USD",93.00,100,"3XS:20|2XS:20|XS:20|S:10|M:10|L:10|XL:10"
250028,"2022-09-15 08:39:53.45","#OP0658",50.00,68.00,93.00,120.90,"2023-03-11","130109206","PO",4,,,,"","ALMA","OP0658A1",30065,8002,"2023-03-15","2023-04-20","USD",93.00,100,"3XS:20|2XS:20|XS:20|S:10|M:10|L:10|XL:10"
250026,"2022-09-15 08:39:53.45","#OP0659",50.00,68.00,93.00,120.90,"2023-03-11","130109207","PO",4,,,,"","ALMA","OP0659A1",30074,1002,"2023-03-15","2023-04-20","USD",93.00,100,"3XS:20|2XS:20|XS:20|S:10|M:10|L:10|XL:10"
250027,"2022-09-15 08:39:53.45","#OP0660",50.00,68.00,93.00,120.90,"2023-03-11","130109207","PO",4,,,,"","ALMA","OP0660A0",30075,1016,"2023-03-15","2023-04-20","USD",93.00,100,"3XS:20|2XS:20|XS:20|S:10|M:10|L:10|XL:10"
250028,"2022-09-15 08:39:53.45","#OP0661",50.00,68.00,93.00,120.90,"2023-03-11","130109207","PO",4,,,,"","ALMA","OP0661A1",30025,3002,"2023-03-15","2023-04-20","USD",93.00,100,"3XS:20|2XS:20|XS:20|S:10|M:10|L:10|XL:10"
250029,"2022-09-15 08:39:53.45","#OP0662",50.00,68.00,93.00,120.90,"2023-03-11","130109207","PO",4,,,,"","ALMA","OP0662A0",30026,4002,"2023-03-15","2023-04-20","USD",93.00,100,"3XS:20|2XS:20|XS:20|S:10|M:10|L:10|XL:10"
250026,"2022-09-15 08:39:53.45","#OP0663",50.00,68.00,93.00,120.90,"2023-03-11","130109207","PO",4,,,,"","ALMA","OP0663A1",30027,5002,"2023-03-15","2023-04-20","USD",93.00,100,"3XS:20|2XS:20|XS:20|S:10|M:10|L:10|XL:10"
250027,"2022-09-15 08:39:53.45","#OP0664",50.00,68.00,93.00,120.90,"2023-03-11","130109207","PO",4,,,,"","ALMA","OP0664A0",30066,6002,"2023-03-15","2023-04-20","USD",93.00,100,"3XS:20|2XS:20|XS:20|S:10|M:10|L:10|XL:10"
250028,"2022-09-15 08:39:53.45","#OP0665",50.00,68.00,93.00,120.90,"2023-03-11","130109207","PO",4,,,,"","ALMA","OP0665A1",30067,8002,"2023-03-15","2023-04-20","USD",93.00,100,"3XS:20|2XS:20|XS:20|S:10|M:10|L:10|XL:10"
250026,"2022-09-15 08:39:53.45","#OP0666",50.00,68.00,93.00,120.90,"2023-03-11","130109208","PO",4,,,,"","ALMA","OP0666A1",30068,1002,"2023-03-15","2023-04-20","USD",93.00,100,"3XS:20|2XS:20|XS:20|S:10|M:10|L:10|XL:10"
250027,"2022-09-15 08:39:53.45","#OP0667",50.00,68.00,93.00,120.90,"2023-03-11","130109208","PO",4,,,,"","ALMA","OP0667A0",30069,1016,"2023-03-15","2023-04-20","USD",93.00,100,"3XS:20|2XS:20|XS:20|S:10|M:10|L:10|XL:10"
250028,"2022-09-15 08:39:53.45","#OP0668",50.00,68.00,93.00,120.90,"2023-03-11","130109208","PO",4,,,,"","ALMA","OP0668A1",30070,3002,"2023-03-15","2023-04-20","USD",93.00,100,"3XS:20|2XS:20|XS:20|S:10|M:10|L:10|XL:10"
250029,"2022-09-15 08:39:53.45","#OP0669",50.00,68.00,93.00,120.90,"2023-03-11","130109208","PO",4,,,,"","ALMA","OP0669A0",30071,4002,"2023-03-15","2023-04-20","USD",93.00,100,"3XS:20|2XS:20|XS:20|S:10|M:10|L:10|XL:10"
250026,"2022-09-15 08:39:53.45","#OP0670",50.00,68.00,93.00,120.90,"2023-03-11","130109208","PO",4,,,,"","ALMA","OP0670A1",30072,5002,"2023-03-15","2023-04-20","USD",93.00,100,"3XS:20|2XS:20|XS:20|S:10|M:10|L:10|XL:10"
250027,"2022-09-15 08:39:53.45","#OP0671",50.00,68.00,93.00,120.90,"2023-03-11","130109208","PO",4,,,,"","ALMA","OP0671A0",30073,6002,"2023-03-15","2023-04-20","USD",93.00,100,"3XS:20|2XS:20|XS:20|S:10|M:10|L:10|XL:10"
250028,"2022-09-15 08:39:53.45","#OP0672",50.00,68.00,93.00,120.90,"2023-03-11","130109208","PO",4,,,,"","ALMA","OP0672A1",30029,8002,"2023-03-15","2023-04-20","USD",93.00,100,"3XS:20|2XS:20|XS:20|S:10|M:10|L:10|XL:10"
250026,"2022-09-15 08:39:53.45","#OP0673",50.00,68.00,93.00,120.90,"2023-03-11","130109209","PO",4,,,,"","ALMA","OP0673A1",30013,1002,"2023-03-15","2023-04-20","USD",93.00,100,"3XS:20|2XS:20|XS:20|S:10|M:10|L:10|XL:10"
250027,"2022-09-15 08:39:53.45","#OP0674",50.00,68.00,93.00,120.90,"2023-03-11","130109209","PO",4,,,,"","ALMA","OP0674A0",30022,1016,"2023-03-15","2023-04-20","USD",93.00,100,"3XS:20|2XS:20|XS:20|S:10|M:10|L:10|XL:10"
250028,"2022-09-15 08:39:53.45","#OP0675",50.00,68.00,93.00,120.90,"2023-03-11","130109209","PO",4,,,,"","ALMA","OP0675A1",30045,3002,"2023-03-15","2023-04-20","USD",93.00,100,"3XS:20|2XS:20|XS:20|S:10|M:10|L:10|XL:10"
250029,"2022-09-15 08:39:53.45","#OP0676",50.00,68.00,93.00,120.90,"2023-03-11","130109209","PO",4,,,,"","ALMA","OP0676A0",30046,4002,"2023-03-15","2023-04-20","USD",93.00,100,"3XS:20|2XS:20|XS:20|S:10|M:10|L:10|XL:10"
250026,"2022-09-15 08:39:53.45","#OP0677",50.00,68.00,93.00,120.90,"2023-03-11","130109209","PO",4,,,,"","ALMA","OP0677A1",30047,5002,"2023-03-15","2023-04-20","USD",93.00,100,"3XS:20|2XS:20|XS:20|S:10|M:10|L:10|XL:10"
250027,"2022-09-15 08:39:53.45","#OP0678",50.00,68.00,93.00,120.90,"2023-03-11","130109209","PO",4,,,,"","ALMA","OP0678A0",30065,6002,"2023-03-15","2023-04-20","USD",93.00,100,"3XS:20|2XS:20|XS:20|S:10|M:10|L:10|XL:10"
250028,"2022-09-15 08:39:53.45","#OP0679",50.00,68.00,93.00,120.90,"2023-03-11","130109209","PO",4,,,,"","ALMA","OP0679A1",30074,8002,"2023-03-15","2023-04-20","USD",93.00,100,"3XS:20|2XS:20|XS:20|S:10|M:10|L:10|XL:10"
250026,"2022-09-15 08:39:53.45","#OP0680",50.00,68.00,93.00,120.90,"2023-03-11","130109210","PO",4,,,,"","ALMA","OP0680A1",30075,1002,"2023-03-15","2023-04-20","USD",93.00,100,"3XS:20|2XS:20|XS:20|S:10|M:10|L:10|XL:10"
250027,"2022-09-15 08:39:53.45","#OP0681",50.00,68.00,93.00,120.90,"2023-03-11","130109210","PO",4,,,,"","ALMA","OP0681A0",30025,1016,"2023-03-15","2023-04-20","USD",93.00,100,"3XS:20|2XS:20|XS:20|S:10|M:10|L:10|XL:10"
250028,"2022-09-15 08:39:53.45","#OP0682",50.00,68.00,93.00,120.90,"2023-03-11","130109210","PO",4,,,,"","ALMA","OP0682A1",30026,3002,"2023-03-15","2023-04-20","USD",93.00,100,"3XS:20|2XS:20|XS:20|S:10|M:10|L:10|XL:10"
250029,"2022-09-15 08:39:53.45","#OP0683",50.00,68.00,93.00,120.90,"2023-03-11","130109210","PO",4,,,,"","ALMA","OP0683A0",30027,4002,"2023-03-15","2023-04-20","USD",93.00,100,"3XS:20|2XS:20|XS:20|S:10|M:10|L:10|XL:10"
250026,"2022-09-15 08:39:53.45","#OP0684",50.00,68.00,93.00,120.90,"2023-03-11","130109210","PO",4,,,,"","ALMA","OP0684A1",30066,5002,"2023-03-15","2023-04-20","USD",93.00,100,"3XS:20|2XS:20|XS:20|S:10|M:10|L:10|XL:10"
250027,"2022-09-15 08:39:53.45","#OP0685",50.00,68.00,93.00,120.90,"2023-03-11","130109210","PO",4,,,,"","ALMA","OP0685A0",30067,6002,"2023-03-15","2023-04-20","USD",93.00,100,"3XS:20|2XS:20|XS:20|S:10|M:10|L:10|XL:10"
250028,"2022-09-15 08:39:53.45","#OP0686",50.00,68.00,93.00,120.90,"2023-03-11","130109210","PO",4,,,,"","ALMA","OP0686A1",30068,8002,"2023-03-15","2023-04-20","USD",93.00,100,"3XS:20|2XS:20|XS:20|S:10|M:10|L:10|XL:10"
250026,"2022-09-15 08:39:53.45","#OP0687",50.00,68.00,93.00,120.90,"2023-03-11","130109211","PO",4,,,,"","ALMA","OP0687A1",30069,1002,"2023-03-15","2023-04-20","USD",93.00,100,"3XS:20|2XS:20|XS:20|S:10|M:10|L:10|XL:10"
250027,"2022-09-15 08:39:53.45","#OP0688",50.00,68.00,93.00,120.90,"2023-03-11","130109211","PO",4,,,,"","ALMA","OP0688A0",30070,1016,"2023-03-15","2023-04-20","USD",93.00,100,"3XS:20|2XS:20|XS:20|S:10|M:10|L:10|XL:10"
250028,"2022-09-15 08:39:53.45","#OP0689",50.00,68.00,93.00,120.90,"2023-03-11","130109211","PO",4,,,,"","ALMA","OP0689A1",30071,3002,"2023-03-15","2023-04-20","USD",93.00,100,"3XS:20|2XS:20|XS:20|S:10|M:10|L:10|XL:10"
250029,"2022-09-15 08:39:53.45","#OP0690",50.00,68.00,93.00,120.90,"2023-03-11","130109211","PO",4,,,,"","ALMA","OP0690A0",30072,4002,"2023-03-15","2023-04-20","USD",93.00,100,"3XS:20|2XS:20|XS:20|S:10|M:10|L:10|XL:10"
250026,"2022-09-15 08:39:53.45","#OP0691",50.00,68.00,93.00,120.90,"2023-03-11","130109211","PO",4,,,,"","ALMA","OP0691A1",30073,5002,"2023-03-15","2023-04-20","USD",93.00,100,"3XS:20|2XS:20|XS:20|S:10|M:10|L:10|XL:10"
250027,"2022-09-15 08:39:53.45","#OP0692",50.00,68.00,93.00,120.90,"2023-03-11","130109211","PO",4,,,,"","ALMA","OP0692A0",30029,6002,"2023-03-15","2023-04-20","USD",93.00,100,"3XS:20|2XS:20|XS:20|S:10|M:10|L:10|XL:10"
250028,"2022-09-15 08:39:53.45","#OP0693",50.00,68.00,93.00,120.90,"2023-03-11","130109211","PO",4,,,,"","ALMA","OP0693A1",30013,8002,"2023-03-15","2023-04-20","USD",93.00,100,"3XS:20|2XS:20|XS:20|S:10|M:10|L:10|XL:10"
250026,"2022-09-15 08:39:53.45","#OP0694",50.00,68.00,93.00,120.90,"2023-03-11","130109213","PO",4,,,,"","ALMA","OP0694A1",30022,1002,"2023-03-15","2023-04-20","USD",93.00,100,"3XS:20|2XS:20|XS:20|S:10|M:10|L:10|XL:10"
250027,"2022-09-15 08:39:53.45","#OP0695",50.00,68.00,93.00,120.90,"2023-03-11","130109213","PO",4,,,,"","ALMA","OP0695A0",30045,1016,"2023-03-15","2023-04-20","USD",93.00,100,"3XS:20|2XS:20|XS:20|S:10|M:10|L:10|XL:10"
250028,"2022-09-15 08:39:53.45","#OP0696",50.00,68.00,93.00,120.90,"2023-03-11","130109213","PO",4,,,,"","ALMA","OP0696A1",30046,3002,"2023-03-15","2023-04-20","USD",93.00,100,"3XS:20|2XS:20|XS:20|S:10|M:10|L:10|XL:10"
250029,"2022-09-15 08:39:53.45","#OP0697",50.00,68.00,93.00,120.90,"2023-03-11","130109213","PO",4,,,,"","ALMA","OP0697A0",30047,4002,"2023-03-15","2023-04-20","USD",93.00,100,"3XS:20|2XS:20|XS:20|S:10|M:10|L:10|XL:10"
250026,"2022-09-15 08:39:53.45","#OP0698",50.00,68.00,93.00,120.90,"2023-03-11","130109213","PO",4,,,,"","ALMA","OP0698A1",30065,5002,"2023-03-15","2023-04-20","USD",93.00,100,"3XS:20|2XS:20|XS:20|S:10|M:10|L:10|XL:10"
250027,"2022-09-15 08:39:53.45","#OP0699",50.00,68.00,93.00,120.90,"2023-03-11","130109213","PO",4,,,,"","ALMA","OP0699A0",30074,6002,"2023-03-15","2023-04-20","USD",93.00,100,"3XS:20|2XS:20|XS:20|S:10|M:10|L:10|XL:10"
250028,"2022-09-15 08:39:53.45","#OP0700",50.00,68.00,93.00,120.90,"2023-03-11","130109213","PO",4,,,,"","ALMA","OP0700A1",30075,8002,"2023-03-15","2023-04-20","USD",93.00,100,"3XS:20|2XS:20|XS:20|S:10|M:10|L:10|XL:10"
250026,"2022-09-15 08:39:53.45","#OP0701",50.00,68.00,93.00,120.90,"2023-03-11","130109215","PO",4,,,,"","ALMA","OP0701A1",30025,1002,"2023-03-15","2023-04-20","USD",93.00,100,"3XS:20|2XS:20|XS:20|S:10|M:10|L:10|XL:10"
250027,"2022-09-15 08:39:53.45","#OP0702",50.00,68.00,93.00,120.90,"2023-03-11","130109215","PO",4,,,,"","ALMA","OP0702A0",30026,1016,"2023-03-15","2023-04-20","USD",93.00,100,"3XS:20|2XS:20|XS:20|S:10|M:10|L:10|XL:10"
250028,"2022-09-15 08:39:53.45","#OP0703",50.00,68.00,93.00,120.90,"2023-03-11","130109215","PO",4,,,,"","ALMA","OP0703A1",30027,3002,"2023-03-15","2023-04-20","USD",93.00,100,"3XS:20|2XS:20|XS:20|S:10|M:10|L:10|XL:10"
250029,"2022-09-15 08:39:53.45","#OP0704",50.00,68.00,93.00,120.90,"2023-03-11","130109215","PO",4,,,,"","ALMA","OP0704A0",30066,4002,"2023-03-15","2023-04-20","USD",93.00,100,"3XS:20|2XS:20|XS:20|S:10|M:10|L:10|XL:10"
250026,"2022-09-15 08:39:53.45","#OP0705",50.00,68.00,93.00,120.90,"2023-03-11","130109215","PO",4,,,,"","ALMA","OP0705A1",30067,5002,"2023-03-15","2023-04-20","USD",93.00,100,"3XS:20|2XS:20|XS:20|S:10|M:10|L:10|XL:10"
250027,"2022-09-15 08:39:53.45","#OP0706",50.00,68.00,93.00,120.90,"2023-03-11","130109215","PO",4,,,,"","ALMA","OP0706A0",30068,6002,"2023-03-15","2023-04-20","USD",93.00,100,"3XS:20|2XS:20|XS:20|S:10|M:10|L:10|XL:10"
250028,"2022-09-15 08:39:53.45","#OP0707",50.00,68.00,93.00,120.90,"2023-03-11","130109215","PO",4,,,,"","ALMA","OP0707A1",30069,8002,"2023-03-15","2023-04-20","USD",93.00,100,"3XS:20|2XS:20|XS:20|S:10|M:10|L:10|XL:10"
250026,"2022-09-15 08:39:53.45","#OP0708",50.00,68.00,93.00,120.90,"2023-03-11","130109216","PO",4,,,,"","ALMA","OP0708A1",30070,1002,"2023-03-15","2023-04-20","USD",93.00,100,"3XS:20|2XS:20|XS:20|S:10|M:10|L:10|XL:10"
250027,"2022-09-15 08:39:53.45","#OP0709",50.00,68.00,93.00,120.90,"2023-03-11","130109216","PO",4,,,,"","ALMA","OP0709A0",30071,1016,"2023-03-15","2023-04-20","USD",93.00,100,"3XS:20|2XS:20|XS:20|S:10|M:10|L:10|XL:10"
250028,"2022-09-15 08:39:53.45","#OP0710",50.00,68.00,93.00,120.90,"2023-03-11","130109216","PO",4,,,,"","ALMA","OP0710A1",30072,3002,"2023-03-15","2023-04-20","USD",93.00,100,"3XS:20|2XS:20|XS:20|S:10|M:10|L:10|XL:10"
250029,"2022-09-15 08:39:53.45","#OP0711",50.00,68.00,93.00,120.90,"2023-03-11","130109216","PO",4,,,,"","ALMA","OP0711A0",30073,4002,"2023-03-15","2023-04-20","USD",93.00,100,"3XS:20|2XS:20|XS:20|S:10|M:10|L:10|XL:10"
250026,"2022-09-15 08:39:53.45","#OP0712",50.00,68.00,93.00,120.90,"2023-03-11","130109216","PO",4,,,,"","ALMA","OP0712A1",30029,5002,"2023-03-15","2023-04-20","USD",93.00,100,"3XS:20|2XS:20|XS:20|S:10|M:10|L:10|XL:10"
250027,"2022-09-15 08:39:53.45","#OP0713",50.00,68.00,93.00,120.90,"2023-03-11","130109216","PO",4,,,,"","ALMA","OP0713A0",30013,6002,"2023-03-15","2023-04-20","USD",93.00,100,"3XS:20|2XS:20|XS:20|S:10|M:10|L:10|XL:10"
250028,"2022-09-15 08:39:53.45","#OP0714",50.00,68.00,93.00,120.90,"2023-03-11","130109216","PO",4,,,,"","ALMA","OP0714A1",30022,8002,"2023-03-15","2023-04-20","USD",93.00,100,"3XS:20|2XS:20|XS:20|S:10|M:10|L:10|XL:10"
250026,"2022-09-15 08:39:53.45","#OP0715",50.00,68.00,93.00,120.90,"2023-03-11","130109217","PO",4,,,,"","ALMA","OP0715A1",30045,1002,"2023-03-15","2023-04-20","USD",93.00,100,"3XS:20|2XS:20|XS:20|S:10|M:10|L:10|XL:10"
250027,"2022-09-15 08:39:53.45","#OP0716",50.00,68.00,93.00,120.90,"2023-03-11","130109217","PO",4,,,,"","ALMA","OP0716A0",30046,1016,"2023-03-15","2023-04-20","USD",93.00,100,"3XS:20|2XS:20|XS:20|S:10|M:10|L:10|XL:10"
250028,"2022-09-15 08:39:53.45","#OP0717",50.00,68.00,93.00,120.90,"2023-03-11","130109217","PO",4,,,,"","ALMA","OP0717A1",30047,3002,"2023-03-15","2023-04-20","USD",93.00,100,"3XS:20|2XS:20|XS:20|S:10|M:10|L:10|XL:10"
250029,"2022-09-15 08:39:53.45","#OP0718",50.00,68.00,93.00,120.90,"2023-03-11","130109217","PO",4,,,,"","ALMA","OP0718A0",30065,4002,"2023-03-15","2023-04-20","USD",93.00,100,"3XS:20|2XS:20|XS:20|S:10|M:10|L:10|XL:10"
250026,"2022-09-15 08:39:53.45","#OP0719",50.00,68.00,93.00,120.90,"2023-03-11","130109217","PO",4,,,,"","ALMA","OP0719A1",30074,5002,"2023-03-15","2023-04-20","USD",93.00,100,"3XS:20|2XS:20|XS:20|S:10|M:10|L:10|XL:10"
250027,"2022-09-15 08:39:53.45","#OP0720",50.00,68.00,93.00,120.90,"2023-03-11","130109217","PO",4,,,,"","ALMA","OP0720A0",30075,6002,"2023-03-15","2023-04-20","USD",93.00,100,"3XS:20|2XS:20|XS:20|S:10|M:10|L:10|XL:10"
250028,"2022-09-15 08:39:53.45","#OP0721",50.00,68.00,93.00,120.90,"2023-03-11","130109217","PO",4,,,,"","ALMA","OP0721A1",30025,8002,"2023-03-15","2023-04-20","USD",93.00,100,"3XS:20|2XS:20|XS:20|S:10|M:10|L:10|XL:10"
250026,"2022-09-15 08:39:53.45","#OP0722",50.00,68.00,93.00,120.90,"2023-03-11","130109220","PO",4,,,,"","ALMA","OP0722A1",30026,1002,"2023-03-15","2023-04-20","USD",93.00,100,"3XS:20|2XS:20|XS:20|S:10|M:10|L:10|XL:10"
250027,"2022-09-15 08:39:53.45","#OP0723",50.00,68.00,93.00,120.90,"2023-03-11","130109220","PO",4,,,,"","ALMA","OP0723A0",30027,1016,"2023-03-15","2023-04-20","USD",93.00,100,"3XS:20|2XS:20|XS:20|S:10|M:10|L:10|XL:10"
250028,"2022-09-15 08:39:53.45","#OP0724",50.00,68.00,93.00,120.90,"2023-03-11","130109220","PO",4,,,,"","ALMA","OP0724A1",30066,3002,"2023-03-15","2023-04-20","USD",93.00,100,"3XS:20|2XS:20|XS:20|S:10|M:10|L:10|XL:10"
250029,"2022-09-15 08:39:53.45","#OP0725",50.00,68.00,93.00,120.90,"2023-03-11","130109220","PO",4,,,,"","ALMA","OP0725A0",30067,4002,"2023-03-15","2023-04-20","USD",93.00,100,"3XS:20|2XS:20|XS:20|S:10|M:10|L:10|XL:10"
250026,"2022-09-15 08:39:53.45","#OP0726",50.00,68.00,93.00,120.90,"2023-03-11","130109220","PO",4,,,,"","ALMA","OP0726A1",30068,5002,"2023-03-15","2023-04-20","USD",93.00,100,"3XS:20|2XS:20|XS:20|S:10|M:10|L:10|XL:10"
250027,"2022-09-15 08:39:53.45","#OP0727",50.00,68.00,93.00,120.90,"2023-03-11","130109220","PO",4,,,,"","ALMA","OP0727A0",30069,6002,"2023-03-15","2023-04-20","USD",93.00,100,"3XS:20|2XS:20|XS:20|S:10|M:10|L:10|XL:10"
250028,"2022-09-15 08:39:53.45","#OP0728",50.00,68.00,93.00,120.90,"2023-03-11","130109220","PO",4,,,,"","ALMA","OP0728A1",30070,8002,"2023-03-15","2023-04-20","USD",93.00,100,"3XS:20|2XS:20|XS:20|S:10|M:10|L:10|XL:10"
250026,"2022-09-15 08:39:53.45","#OP0729",50.00,68.00,93.00,120.90,"2023-03-11","130109224","PO",4,,,,"","ALMA","OP0729A1",30071,1002,"2023-03-15","2023-04-20","USD",93.00,100,"3XS:20|2XS:20|XS:20|S:10|M:10|L:10|XL:10"
250027,"2022-09-15 08:39:53.45","#OP0730",50.00,68.00,93.00,120.90,"2023-03-11","130109224","PO",4,,,,"","ALMA","OP0730A0",30072,1016,"2023-03-15","2023-04-20","USD",93.00,100,"3XS:20|2XS:20|XS:20|S:10|M:10|L:10|XL:10"
250028,"2022-09-15 08:39:53.45","#OP0731",50.00,68.00,93.00,120.90,"2023-03-11","130109224","PO",4,,,,"","ALMA","OP0731A1",30073,3002,"2023-03-15","2023-04-20","USD",93.00,100,"3XS:20|2XS:20|XS:20|S:10|M:10|L:10|XL:10"
250029,"2022-09-15 08:39:53.45","#OP0732",50.00,68.00,93.00,120.90,"2023-03-11","130109224","PO",4,,,,"","ALMA","OP0732A0",30029,4002,"2023-03-15","2023-04-20","USD",93.00,100,"3XS:20|2XS:20|XS:20|S:10|M:10|L:10|XL:10"
250026,"2022-09-15 08:39:53.45","#OP0733",50.00,68.00,93.00,120.90,"2023-03-11","130109224","PO",4,,,,"","ALMA","OP0733A1",30013,5002,"2023-03-15","2023-04-20","USD",93.00,100,"3XS:20|2XS:20|XS:20|S:10|M:10|L:10|XL:10"
250027,"2022-09-15 08:39:53.45","#OP0734",50.00,68.00,93.00,120.90,"2023-03-11","130109224","PO",4,,,,"","ALMA","OP0734A0",30022,6002,"2023-03-15","2023-04-20","USD",93.00,100,"3XS:20|2XS:20|XS:20|S:10|M:10|L:10|XL:10"
250028,"2022-09-15 08:39:53.45","#OP0735",50.00,68.00,93.00,120.90,"2023-03-11","130109224","PO",4,,,,"","ALMA","OP0735A1",30045,8002,"2023-03-15","2023-04-20","USD",93.00,100,"3XS:20|2XS:20|XS:20|S:10|M:10|L:10|XL:10"
250026,"2022-09-15 08:39:53.45","#OP0736",50.00,68.00,93.00,120.90,"2023-03-11","130109226","PO",4,,,,"","ALMA","OP0736A1",30046,1002,"2023-03-15","2023-04-20","USD",93.00,100,"3XS:20|2XS:20|XS:20|S:10|M:10|L:10|XL:10"
250027,"2022-09-15 08:39:53.45","#OP0737",50.00,68.00,93.00,120.90,"2023-03-11","130109226","PO",4,,,,"","ALMA","OP0737A0",30047,1016,"2023-03-15","2023-04-20","USD",93.00,100,"3XS:20|2XS:20|XS:20|S:10|M:10|L:10|XL:10"
250028,"2022-09-15 08:39:53.45","#OP0738",50.00,68.00,93.00,120.90,"2023-03-11","130109226","PO",4,,,,"","ALMA","OP0738A1",30065,3002,"2023-03-15","2023-04-20","USD",93.00,100,"3XS:20|2XS:20|XS:20|S:10|M:10|L:10|XL:10"
250029,"2022-09-15 08:39:53.45","#OP0739",50.00,68.00,93.00,120.90,"2023-03-11","130109226","PO",4,,,,"","ALMA","OP0739A0",30074,4002,"2023-03-15","2023-04-20","USD",93.00,100,"3XS:20|2XS:20|XS:20|S:10|M:10|L:10|XL:10"
250026,"2022-09-15 08:39:53.45","#OP0740",50.00,68.00,93.00,120.90,"2023-03-11","130109226","PO",4,,,,"","ALMA","OP0740A1",30075,5002,"2023-03-15","2023-04-20","USD",93.00,100,"3XS:20|2XS:20|XS:20|S:10|M:10|L:10|XL:10"
250027,"2022-09-15 08:39:53.45","#OP0741",50.00,68.00,93.00,120.90,"2023-03-11","130109226","PO",4,,,,"","ALMA","OP0741A0",30025,6002,"2023-03-15","2023-04-20","USD",93.00,100,"3XS:20|2XS:20|XS:20|S:10|M:10|L:10|XL:10"
250028,"2022-09-15 08:39:53.45","#OP0742",50.00,68.00,93.00,120.90,"2023-03-11","130109226","PO",4,,,,"","ALMA","OP0742A1",30026,8002,"2023-03-15","2023-04-20","USD",93.00,100,"3XS:20|2XS:20|XS:20|S:10|M:10|L:10|XL:10"
250026,"2022-09-15 08:39:53.45","#OP0743",50.00,68.00,93.00,120.90,"2023-03-11","130109228","PO",4,,,,"","ALMA","OP0743A1",30027,1002,"2023-03-15","2023-04-20","USD",93.00,100,"3XS:20|2XS:20|XS:20|S:10|M:10|L:10|XL:10"
250027,"2022-09-15 08:39:53.45","#OP0744",50.00,68.00,93.00,120.90,"2023-03-11","130109228","PO",4,,,,"","ALMA","OP0744A0",30066,1016,"2023-03-15","2023-04-20","USD",93.00,100,"3XS:20|2XS:20|XS:20|S:10|M:10|L:10|XL:10"
250028,"2022-09-15 08:39:53.45","#OP0745",50.00,68.00,93.00,120.90,"2023-03-11","130109228","PO",4,,,,"","ALMA","OP0745A1",30067,3002,"2023-03-15","2023-04-20","USD",93.00,100,"3XS:20|2XS:20|XS:20|S:10|M:10|L:10|XL:10"
250029,"2022-09-15 08:39:53.45","#OP0746",50.00,68.00,93.00,120.90,"2023-03-11","130109228","PO",4,,,,"","ALMA","OP0746A0",30068,4002,"2023-03-15","2023-04-20","USD",93.00,100,"3XS:20|2XS:20|XS:20|S:10|M:10|L:10|XL:10"
250026,"2022-09-15 08:39:53.45","#OP0747",50.00,68.00,93.00,120.90,"2023-03-11","130109228","PO",4,,,,"","ALMA","OP0747A1",30069,5002,"2023-03-15","2023-04-20","USD",93.00,100,"3XS:20|2XS:20|XS:20|S:10|M:10|L:10|XL:10"
250027,"2022-09-15 08:39:53.45","#OP0748",50.00,68.00,93.00,120.90,"2023-03-11","130109228","PO",4,,,,"","ALMA","OP0748A0",30070,6002,"2023-03-15","2023-04-20","USD",93.00,100,"3XS:20|2XS:20|XS:20|S:10|M:10|L:10|XL:10"
250028,"2022-09-15 08:39:53.45","#OP0749",50.00,68.00,93.00,120.90,"2023-03-11","130109228","PO",4,,,,"","ALMA","OP0749A1",30071,8002,"2023-03-15","2023-04-20","USD",93.00,100,"3XS:20|2XS:20|XS:20|S:10|M:10|L:10|XL:10"
250026,"2022-09-15 08:39:53.45","#OP0750",50.00,68.00,93.00,120.90,"2023-03-11","130109230","PO",4,,,,"","ALMA","OP0750A1",30072,1002,"2023-03-15","2023-04-20","USD",93.00,100,"3XS:20|2XS:20|XS:20|S:10|M:10|L:10|XL:10"
250027,"2022-09-15 08:39:53.45","#OP0751",50.00,68.00,93.00,120.90,"2023-03-11","130109230","PO",4,,,,"","ALMA","OP0751A0",30073,1016,"2023-03-15","2023-04-20","USD",93.00,100,"3XS:20|2XS:20|XS:20|S:10|M:10|L:10|XL:10"
250028,"2022-09-15 08:39:53.45","#OP0752",50.00,68.00,93.00,120.90,"2023-03-11","130109230","PO",4,,,,"","ALMA","OP0752A1",30029,3002,"2023-03-15","2023-04-20","USD",93.00,100,"3XS:20|2XS:20|XS:20|S:10|M:10|L:10|XL:10"
250029,"2022-09-15 08:39:53.45","#OP0753",50.00,68.00,93.00,120.90,"2023-03-11","130109230","PO",4,,,,"","ALMA","OP0753A0",30013,4002,"2023-03-15","2023-04-20","USD",93.00,100,"3XS:20|2XS:20|XS:20|S:10|M:10|L:10|XL:10"
250026,"2022-09-15 08:39:53.45","#OP0754",50.00,68.00,93.00,120.90,"2023-03-11","130109230","PO",4,,,,"","ALMA","OP0754A1",30022,5002,"2023-03-15","2023-04-20","USD",93.00,100,"3XS:20|2XS:20|XS:20|S:10|M:10|L:10|XL:10"
250027,"2022-09-15 08:39:53.45","#OP0755",50.00,68.00,93.00,120.90,"2023-03-11","130109230","PO",4,,,,"","ALMA","OP0755A0",30045,6002,"2023-03-15","2023-04-20","USD",93.00,100,"3XS:20|2XS:20|XS:20|S:10|M:10|L:10|XL:10"
250028,"2022-09-15 08:39:53.45","#OP0756",50.00,68.00,93.00,120.90,"2023-03-11","130109230","PO",4,,,,"","ALMA","OP0756A1",30046,8002,"2023-03-15","2023-04-20","USD",93.00,100,"3XS:20|2XS:20|XS:20|S:10|M:10|L:10|XL:10"
250026,"2022-09-15 08:39:53.45","#OP0757",50.00,68.00,93.00,120.90,"2023-03-11","130109231","PO",4,,,,"","ALMA","OP0757A1",30047,1002,"2023-03-15","2023-04-20","USD",93.00,100,"3XS:20|2XS:20|XS:20|S:10|M:10|L:10|XL:10"
250027,"2022-09-15 08:39:53.45","#OP0758",50.00,68.00,93.00,120.90,"2023-03-11","130109231","PO",4,,,,"","ALMA","OP0758A0",30065,1016,"2023-03-15","2023-04-20","USD",93.00,100,"3XS:20|2XS:20|XS:20|S:10|M:10|L:10|XL:10"
250028,"2022-09-15 08:39:53.45","#OP0759",50.00,68.00,93.00,120.90,"2023-03-11","130109231","PO",4,,,,"","ALMA","OP0759A1",30074,3002,"2023-03-15","2023-04-20","USD",93.00,100,"3XS:20|2XS:20|XS:20|S:10|M:10|L:10|XL:10"
250029,"2022-09-15 08:39:53.45","#OP0760",50.00,68.00,93.00,120.90,"2023-03-11","130109231","PO",4,,,,"","ALMA","OP0760A0",30075,4002,"2023-03-15","2023-04-20","USD",93.00,100,"3XS:20|2XS:20|XS:20|S:10|M:10|L:10|XL:10"
250026,"2022-09-15 08:39:53.45","#OP0761",50.00,68.00,93.00,120.90,"2023-03-11","130109231","PO",4,,,,"","ALMA","OP0761A1",30025,5002,"2023-03-15","2023-04-20","USD",93.00,100,"3XS:20|2XS:20|XS:20|S:10|M:10|L:10|XL:10"
250027,"2022-09-15 08:39:53.45","#OP0762",50.00,68.00,93.00,120.90,"2023-03-11","130109231","PO",4,,,,"","ALMA","OP0762A0",30026,6002,"2023-03-15","2023-04-20","USD",93.00,100,"3XS:20|2XS:20|XS:20|S:10|M:10|L:10|XL:10"
250028,"2022-09-15 08:39:53.45","#OP0763",50.00,68.00,93.00,120.90,"2023-03-11","130109231","PO",4,,,,"","ALMA","OP0763A1",30027,8002,"2023-03-15","2023-04-20","USD",93.00,100,"3XS:20|2XS:20|XS:20|S:10|M:10|L:10|XL:10"
250026,"2022-09-15 08:39:53.45","#OP0764",50.00,68.00,93.00,120.90,"2023-03-11","130109232","PO",4,,,,"","ALMA","OP0764A1",30066,1002,"2023-03-15","2023-04-20","USD",93.00,100,"3XS:20|2XS:20|XS:20|S:10|M:10|L:10|XL:10"
250027,"2022-09-15 08:39:53.45","#OP0765",50.00,68.00,93.00,120.90,"2023-03-11","130109232","PO",4,,,,"","ALMA","OP0765A0",30067,1016,"2023-03-15","2023-04-20","USD",93.00,100,"3XS:20|2XS:20|XS:20|S:10|M:10|L:10|XL:10"
250028,"2022-09-15 08:39:53.45","#OP0766",50.00,68.00,93.00,120.90,"2023-03-11","130109232","PO",4,,,,"","ALMA","OP0766A1",30068,3002,"2023-03-15","2023-04-20","USD",93.00,100,"3XS:20|2XS:20|XS:20|S:10|M:10|L:10|XL:10"
250029,"2022-09-15 08:39:53.45","#OP0767",50.00,68.00,93.00,120.90,"2023-03-11","130109232","PO",4,,,,"","ALMA","OP0767A0",30069,4002,"2023-03-15","2023-04-20","USD",93.00,100,"3XS:20|2XS:20|XS:20|S:10|M:10|L:10|XL:10"
250026,"2022-09-15 08:39:53.45","#OP0768",50.00,68.00,93.00,120.90,"2023-03-11","130109232","PO",4,,,,"","ALMA","OP0768A1",30070,5002,"2023-03-15","2023-04-20","USD",93.00,100,"3XS:20|2XS:20|XS:20|S:10|M:10|L:10|XL:10"
250027,"2022-09-15 08:39:53.45","#OP0769",50.00,68.00,93.00,120.90,"2023-03-11","130109232","PO",4,,,,"","ALMA","OP0769A0",30071,6002,"2023-03-15","2023-04-20","USD",93.00,100,"3XS:20|2XS:20|XS:20|S:10|M:10|L:10|XL:10"
250028,"2022-09-15 08:39:53.45","#OP0770",50.00,68.00,93.00,120.90,"2023-03-11","130109232","PO",4,,,,"","ALMA","OP0770A1",30072,8002,"2023-03-15","2023-04-20","USD",93.00,100,"3XS:20|2XS:20|XS:20|S:10|M:10|L:10|XL:10"
250026,"2022-09-15 08:39:53.45","#OP0771",50.00,68.00,93.00,120.90,"2023-03-11","130109235","PO",4,,,,"","ALMA","OP0771A1",30073,1002,"2023-03-15","2023-04-20","USD",93.00,100,"3XS:20|2XS:20|XS:20|S:10|M:10|L:10|XL:10"
250027,"2022-09-15 08:39:53.45","#OP0772",50.00,68.00,93.00,120.90,"2023-03-11","130109235","PO",4,,,,"","ALMA","OP0772A0",30029,1016,"2023-03-15","2023-04-20","USD",93.00,100,"3XS:20|2XS:20|XS:20|S:10|M:10|L:10|XL:10"
250028,"2022-09-15 08:39:53.45","#OP0773",50.00,68.00,93.00,120.90,"2023-03-11","130109235","PO",4,,,,"","ALMA","OP0773A1",30013,3002,"2023-03-15","2023-04-20","USD",93.00,100,"3XS:20|2XS:20|XS:20|S:10|M:10|L:10|XL:10"
250029,"2022-09-15 08:39:53.45","#OP0774",50.00,68.00,93.00,120.90,"2023-03-11","130109235","PO",4,,,,"","ALMA","OP0774A0",30022,4002,"2023-03-15","2023-04-20","USD",93.00,100,"3XS:20|2XS:20|XS:20|S:10|M:10|L:10|XL:10"
250026,"2022-09-15 08:39:53.45","#OP0775",50.00,68.00,93.00,120.90,"2023-03-11","130109235","PO",4,,,,"","ALMA","OP0775A1",30045,5002,"2023-03-15","2023-04-20","USD",93.00,100,"3XS:20|2XS:20|XS:20|S:10|M:10|L:10|XL:10"
250027,"2022-09-15 08:39:53.45","#OP0776",50.00,68.00,93.00,120.90,"2023-03-11","130109235","PO",4,,,,"","ALMA","OP0776A0",30046,6002,"2023-03-15","2023-04-20","USD",93.00,100,"3XS:20|2XS:20|XS:20|S:10|M:10|L:10|XL:10"
250028,"2022-09-15 08:39:53.45","#OP0777",50.00,68.00,93.00,120.90,"2023-03-11","130109235","PO",4,,,,"","ALMA","OP0777A1",30047,8002,"2023-03-15","2023-04-20","USD",93.00,100,"3XS:20|2XS:20|XS:20|S:10|M:10|L:10|XL:10"
250026,"2022-09-15 08:39:53.45","#OP0778",50.00,68.00,93.00,120.90,"2023-03-11","130109236","PO",4,,,,"","ALMA","OP0778A1",30065,1002,"2023-03-15","2023-04-20","USD",93.00,100,"3XS:20|2XS:20|XS:20|S:10|M:10|L:10|XL:10"
250027,"2022-09-15 08:39:53.45","#OP0779",50.00,68.00,93.00,120.90,"2023-03-11","130109236","PO",4,,,,"","ALMA","OP0779A0",30074,1016,"2023-03-15","2023-04-20","USD",93.00,100,"3XS:20|2XS:20|XS:20|S:10|M:10|L:10|XL:10"
250028,"2022-09-15 08:39:53.45","#OP0780",50.00,68.00,93.00,120.90,"2023-03-11","130109236","PO",4,,,,"","ALMA","OP0780A1",30075,3002,"2023-03-15","2023-04-20","USD",93.00,100,"3XS:20|2XS:20|XS:20|S:10|M:10|L:10|XL:10"
250029,"2022-09-15 08:39:53.45","#OP0781",50.00,68.00,93.00,120.90,"2023-03-11","130109236","PO",4,,,,"","ALMA","OP0781A0",30025,4002,"2023-03-15","2023-04-20","USD",93.00,100,"3XS:20|2XS:20|XS:20|S:10|M:10|L:10|XL:10"
250026,"2022-09-15 08:39:53.45","#OP0782",50.00,68.00,93.00,120.90,"2023-03-11","130109236","PO",4,,,,"","ALMA","OP0782A1",30026,5002,"2023-03-15","2023-04-20","USD",93.00,100,"3XS:20|2XS:20|XS:20|S:10|M:10|L:10|XL:10"
250027,"2022-09-15 08:39:53.45","#OP0783",50.00,68.00,93.00,120.90,"2023-03-11","130109236","PO",4,,,,"","ALMA","OP0783A0",30027,6002,"2023-03-15","2023-04-20","USD",93.00,100,"3XS:20|2XS:20|XS:20|S:10|M:10|L:10|XL:10"
250028,"2022-09-15 08:39:53.45","#OP0784",50.00,68.00,93.00,120.90,"2023-03-11","130109236","PO",4,,,,"","ALMA","OP0784A1",30066,8002,"2023-03-15","2023-04-20","USD",93.00,100,"3XS:20|2XS:20|XS:20|S:10|M:10|L:10|XL:10"
250026,"2022-09-15 08:39:53.45","#OP0785",50.00,68.00,93.00,120.90,"2023-03-11","130109238","PO",4,,,,"","ALMA","OP0785A1",30067,1002,"2023-03-15","2023-04-20","USD",93.00,100,"3XS:20|2XS:20|XS:20|S:10|M:10|L:10|XL:10"
250027,"2022-09-15 08:39:53.45","#OP0786",50.00,68.00,93.00,120.90,"2023-03-11","130109238","PO",4,,,,"","ALMA","OP0786A0",30068,1016,"2023-03-15","2023-04-20","USD",93.00,100,"3XS:20|2XS:20|XS:20|S:10|M:10|L:10|XL:10"
250028,"2022-09-15 08:39:53.45","#OP0787",50.00,68.00,93.00,120.90,"2023-03-11","130109238","PO",4,,,,"","ALMA","OP0787A1",30069,3002,"2023-03-15","2023-04-20","USD",93.00,100,"3XS:20|2XS:20|XS:20|S:10|M:10|L:10|XL:10"
250029,"2022-09-15 08:39:53.45","#OP0788",50.00,68.00,93.00,120.90,"2023-03-11","130109238","PO",4,,,,"","ALMA","OP0788A0",30070,4002,"2023-03-15","2023-04-20","USD",93.00,100,"3XS:20|2XS:20|XS:20|S:10|M:10|L:10|XL:10"
250026,"2022-09-15 08:39:53.45","#OP0789",50.00,68.00,93.00,120.90,"2023-03-11","130109238","PO",4,,,,"","ALMA","OP0789A1",30071,5002,"2023-03-15","2023-04-20","USD",93.00,100,"3XS:20|2XS:20|XS:20|S:10|M:10|L:10|XL:10"
250027,"2022-09-15 08:39:53.45","#OP0790",50.00,68.00,93.00,120.90,"2023-03-11","130109238","PO",4,,,,"","ALMA","OP0790A0",30072,6002,"2023-03-15","2023-04-20","USD",93.00,100,"3XS:20|2XS:20|XS:20|S:10|M:10|L:10|XL:10"
250028,"2022-09-15 08:39:53.45","#OP0791",50.00,68.00,93.00,120.90,"2023-03-11","130109238","PO",4,,,,"","ALMA","OP0791A1",30073,8002,"2023-03-15","2023-04-20","USD",93.00,100,"3XS:20|2XS:20|XS:20|S:10|M:10|L:10|XL:10"
250026,"2022-09-15 08:39:53.45","#OP0792",50.00,68.00,93.00,120.90,"2023-03-11","130109242","PO",4,,,,"","ALMA","OP0792A1",30029,1002,"2023-03-15","2023-04-20","USD",93.00,100,"3XS:20|2XS:20|XS:20|S:10|M:10|L:10|XL:10"
250027,"2022-09-15 08:39:53.45","#OP0793",50.00,68.00,93.00,120.90,"2023-03-11","130109242","PO",4,,,,"","ALMA","OP0793A0",30013,1016,"2023-03-15","2023-04-20","USD",93.00,100,"3XS:20|2XS:20|XS:20|S:10|M:10|L:10|XL:10"
250028,"2022-09-15 08:39:53.45","#OP0794",50.00,68.00,93.00,120.90,"2023-03-11","130109242","PO",4,,,,"","ALMA","OP0794A1",30022,3002,"2023-03-15","2023-04-20","USD",93.00,100,"3XS:20|2XS:20|XS:20|S:10|M:10|L:10|XL:10"
250029,"2022-09-15 08:39:53.45","#OP0795",50.00,68.00,93.00,120.90,"2023-03-11","130109242","PO",4,,,,"","ALMA","OP0795A0",30045,4002,"2023-03-15","2023-04-20","USD",93.00,100,"3XS:20|2XS:20|XS:20|S:10|M:10|L:10|XL:10"
250026,"2022-09-15 08:39:53.45","#OP0796",50.00,68.00,93.00,120.90,"2023-03-11","130109242","PO",4,,,,"","ALMA","OP0796A1",30046,5002,"2023-03-15","2023-04-20","USD",93.00,100,"3XS:20|2XS:20|XS:20|S:10|M:10|L:10|XL:10"
250027,"2022-09-15 08:39:53.45","#OP0797",50.00,68.00,93.00,120.90,"2023-03-11","130109242","PO",4,,,,"","ALMA","OP0797A0",30047,6002,"2023-03-15","2023-04-20","USD",93.00,100,"3XS:20|2XS:20|XS:20|S:10|M:10|L:10|XL:10"
250028,"2022-09-15 08:39:53.45","#OP0798",50.00,68.00,93.00,120.90,"2023-03-11","130109242","PO",4,,,,"","ALMA","OP0798A1",30065,8002,"2023-03-15","2023-04-20","USD",93.00,100,"3XS:20|2XS:20|XS:20|S:10|M:10|L:10|XL:10"
250026,"2022-09-15 08:39:53.45","#OP0799",50.00,68.00,93.00,120.90,"2023-03-11","130109245","PO",4,,,,"","ALMA","OP0799A1",30074,1002,"2023-03-15","2023-04-20","USD",93.00,100,"3XS:20|2XS:20|XS:20|S:10|M:10|L:10|XL:10"
250027,"2022-09-15 08:39:53.45","#OP0800",50.00,68.00,93.00,120.90,"2023-03-11","130109245","PO",4,,,,"","ALMA","OP0800A0",30075,1016,"2023-03-15","2023-04-20","USD",93.00,100,"3XS:20|2XS:20|XS:20|S:10|M:10|L:10|XL:10"
250028,"2022-09-15 08:39:53.45","#OP0801",50.00,68.00,93.00,120.90,"2023-03-11","130109245","PO",4,,,,"","ALMA","OP0801A1",30025,3002,"2023-03-15","2023-04-20","USD",93.00,100,"3XS:20|2XS:20|XS:20|S:10|M:10|L:10|XL:10"
250029,"2022-09-15 08:39:53.45","#OP0802",50.00,68.00,93.00,120.90,"2023-03-11","130109245","PO",4,,,,"","ALMA","OP0802A0",30026,4002,"2023-03-15","2023-04-20","USD",93.00,100,"3XS:20|2XS:20|XS:20|S:10|M:10|L:10|XL:10"
250026,"2022-09-15 08:39:53.45","#OP0803",50.00,68.00,93.00,120.90,"2023-03-11","130109245","PO",4,,,,"","ALMA","OP0803A1",30027,5002,"2023-03-15","2023-04-20","USD",93.00,100,"3XS:20|2XS:20|XS:20|S:10|M:10|L:10|XL:10"
250027,"2022-09-15 08:39:53.45","#OP0804",50.00,68.00,93.00,120.90,"2023-03-11","130109245","PO",4,,,,"","ALMA","OP0804A0",30066,6002,"2023-03-15","2023-04-20","USD",93.00,100,"3XS:20|2XS:20|XS:20|S:10|M:10|L:10|XL:10"
250028,"2022-09-15 08:39:53.45","#OP0805",50.00,68.00,93.00,120.90,"2023-03-11","130109245","PO",4,,,,"","ALMA","OP0805A1",30067,8002,"2023-03-15","2023-04-20","USD",93.00,100,"3XS:20|2XS:20|XS:20|S:10|M:10|L:10|XL:10"
250026,"2022-09-15 08:39:53.45","#OP0806",50.00,68.00,93.00,120.90,"2023-03-11","130109247","PO",4,,,,"","ALMA","OP0806A1",30068,1002,"2023-03-15","2023-04-20","USD",93.00,100,"3XS:20|2XS:20|XS:20|S:10|M:10|L:10|XL:10"
250027,"2022-09-15 08:39:53.45","#OP0807",50.00,68.00,93.00,120.90,"2023-03-11","130109247","PO",4,,,,"","ALMA","OP0807A0",30069,1016,"2023-03-15","2023-04-20","USD",93.00,100,"3XS:20|2XS:20|XS:20|S:10|M:10|L:10|XL:10"
250028,"2022-09-15 08:39:53.45","#OP0808",50.00,68.00,93.00,120.90,"2023-03-11","130109247","PO",4,,,,"","ALMA","OP0808A1",30070,3002,"2023-03-15","2023-04-20","USD",93.00,100,"3XS:20|2XS:20|XS:20|S:10|M:10|L:10|XL:10"
250029,"2022-09-15 08:39:53.45","#OP0809",50.00,68.00,93.00,120.90,"2023-03-11","130109247","PO",4,,,,"","ALMA","OP0809A0",30071,4002,"2023-03-15","2023-04-20","USD",93.00,100,"3XS:20|2XS:20|XS:20|S:10|M:10|L:10|XL:10"
250026,"2022-09-15 08:39:53.45","#OP0810",50.00,68.00,93.00,120.90,"2023-03-11","130109247","PO",4,,,,"","ALMA","OP0810A1",30072,5002,"2023-03-15","2023-04-20","USD",93.00,100,"3XS:20|2XS:20|XS:20|S:10|M:10|L:10|XL:10"
250027,"2022-09-15 08:39:53.45","#OP0811",50.00,68.00,93.00,120.90,"2023-03-11","130109247","PO",4,,,,"","ALMA","OP0811A0",30073,6002,"2023-03-15","2023-04-20","USD",93.00,100,"3XS:20|2XS:20|XS:20|S:10|M:10|L:10|XL:10"
250028,"2022-09-15 08:39:53.45","#OP0812",50.00,68.00,93.00,120.90,"2023-03-11","130109247","PO",4,,,,"","ALMA","OP0812A1",30029,8002,"2023-03-15","2023-04-20","USD",93.00,100,"3XS:20|2XS:20|XS:20|S:10|M:10|L:10|XL:10"
250026,"2022-09-15 08:39:53.45","#OP0813",50.00,68.00,93.00,120.90,"2023-03-11","130109252","PO",4,,,,"","ALMA","OP0813A1",30013,1002,"2023-03-15","2023-04-20","USD",93.00,100,"3XS:20|2XS:20|XS:20|S:10|M:10|L:10|XL:10"
250027,"2022-09-15 08:39:53.45","#OP0814",50.00,68.00,93.00,120.90,"2023-03-11","130109252","PO",4,,,,"","ALMA","OP0814A0",30022,1016,"2023-03-15","2023-04-20","USD",93.00,100,"3XS:20|2XS:20|XS:20|S:10|M:10|L:10|XL:10"
250028,"2022-09-15 08:39:53.45","#OP0815",50.00,68.00,93.00,120.90,"2023-03-11","130109252","PO",4,,,,"","ALMA","OP0815A1",30045,3002,"2023-03-15","2023-04-20","USD",93.00,100,"3XS:20|2XS:20|XS:20|S:10|M:10|L:10|XL:10"
250029,"2022-09-15 08:39:53.45","#OP0816",50.00,68.00,93.00,120.90,"2023-03-11","130109252","PO",4,,,,"","ALMA","OP0816A0",30046,4002,"2023-03-15","2023-04-20","USD",93.00,100,"3XS:20|2XS:20|XS:20|S:10|M:10|L:10|XL:10"
250026,"2022-09-15 08:39:53.45","#OP0817",50.00,68.00,93.00,120.90,"2023-03-11","130109252","PO",4,,,,"","ALMA","OP0817A1",30047,5002,"2023-03-15","2023-04-20","USD",93.00,100,"3XS:20|2XS:20|XS:20|S:10|M:10|L:10|XL:10"
250027,"2022-09-15 08:39:53.45","#OP0818",50.00,68.00,93.00,120.90,"2023-03-11","130109252","PO",4,,,,"","ALMA","OP0818A0",30065,6002,"2023-03-15","2023-04-20","USD",93.00,100,"3XS:20|2XS:20|XS:20|S:10|M:10|L:10|XL:10"
250028,"2022-09-15 08:39:53.45","#OP0819",50.00,68.00,93.00,120.90,"2023-03-11","130109252","PO",4,,,,"","ALMA","OP0819A1",30074,8002,"2023-03-15","2023-04-20","USD",93.00,100,"3XS:20|2XS:20|XS:20|S:10|M:10|L:10|XL:10"
250026,"2022-09-15 08:39:53.45","#OP0820",50.00,68.00,93.00,120.90,"2023-03-11","130109267","PO",4,,,,"","ALMA","OP0820A1",30075,1002,"2023-03-15","2023-04-20","USD",93.00,100,"3XS:20|2XS:20|XS:20|S:10|M:10|L:10|XL:10"
250027,"2022-09-15 08:39:53.45","#OP0821",50.00,68.00,93.00,120.90,"2023-03-11","130109267","PO",4,,,,"","ALMA","OP0821A0",30025,1016,"2023-03-15","2023-04-20","USD",93.00,100,"3XS:20|2XS:20|XS:20|S:10|M:10|L:10|XL:10"
250028,"2022-09-15 08:39:53.45","#OP0822",50.00,68.00,93.00,120.90,"2023-03-11","130109267","PO",4,,,,"","ALMA","OP0822A1",30026,3002,"2023-03-15","2023-04-20","USD",93.00,100,"3XS:20|2XS:20|XS:20|S:10|M:10|L:10|XL:10"
250029,"2022-09-15 08:39:53.45","#OP0823",50.00,68.00,93.00,120.90,"2023-03-11","130109267","PO",4,,,,"","ALMA","OP0823A0",30027,4002,"2023-03-15","2023-04-20","USD",93.00,100,"3XS:20|2XS:20|XS:20|S:10|M:10|L:10|XL:10"
250026,"2022-09-15 08:39:53.45","#OP0824",50.00,68.00,93.00,120.90,"2023-03-11","130109267","PO",4,,,,"","ALMA","OP0824A1",30066,5002,"2023-03-15","2023-04-20","USD",93.00,100,"3XS:20|2XS:20|XS:20|S:10|M:10|L:10|XL:10"
250027,"2022-09-15 08:39:53.45","#OP0825",50.00,68.00,93.00,120.90,"2023-03-11","130109267","PO",4,,,,"","ALMA","OP0825A0",30067,6002,"2023-03-15","2023-04-20","USD",93.00,100,"3XS:20|2XS:20|XS:20|S:10|M:10|L:10|XL:10"
250028,"2022-09-15 08:39:53.45","#OP0826",50.00,68.00,93.00,120.90,"2023-03-11","130109267","PO",4,,,,"","ALMA","OP0826A1",30068,8002,"2023-03-15","2023-04-20","USD",93.00,100,"3XS:20|2XS:20|XS:20|S:10|M:10|L:10|XL:10"
250026,"2022-09-15 08:39:53.45","#OP0827",50.00,68.00,93.00,120.90,"2023-03-11","130109287","PO",4,,,,"","ALMA","OP0827A1",30069,1002,"2023-03-15","2023-04-20","USD",93.00,100,"3XS:20|2XS:20|XS:20|S:10|M:10|L:10|XL:10"
250027,"2022-09-15 08:39:53.45","#OP0828",50.00,68.00,93.00,120.90,"2023-03-11","130109287","PO",4,,,,"","ALMA","OP0828A0",30070,1016,"2023-03-15","2023-04-20","USD",93.00,100,"3XS:20|2XS:20|XS:20|S:10|M:10|L:10|XL:10"
250028,"2022-09-15 08:39:53.45","#OP0829",50.00,68.00,93.00,120.90,"2023-03-11","130109287","PO",4,,,,"","ALMA","OP0829A1",30071,3002,"2023-03-15","2023-04-20","USD",93.00,100,"3XS:20|2XS:20|XS:20|S:10|M:10|L:10|XL:10"
250029,"2022-09-15 08:39:53.45","#OP0830",50.00,68.00,93.00,120.90,"2023-03-11","130109287","PO",4,,,,"","ALMA","OP0830A0",30072,4002,"2023-03-15","2023-04-20","USD",93.00,100,"3XS:20|2XS:20|XS:20|S:10|M:10|L:10|XL:10"
250026,"2022-09-15 08:39:53.45","#OP0831",50.00,68.00,93.00,120.90,"2023-03-11","130109287","PO",4,,,,"","ALMA","OP0831A1",30073,5002,"2023-03-15","2023-04-20","USD",93.00,100,"3XS:20|2XS:20|XS:20|S:10|M:10|L:10|XL:10"
250027,"2022-09-15 08:39:53.45","#OP0832",50.00,68.00,93.00,120.90,"2023-03-11","130109287","PO",4,,,,"","ALMA","OP0832A0",30029,6002,"2023-03-15","2023-04-20","USD",93.00,100,"3XS:20|2XS:20|XS:20|S:10|M:10|L:10|XL:10"
250028,"2022-09-15 08:39:53.45","#OP0833",50.00,68.00,93.00,120.90,"2023-03-11","130109287","PO",4,,,,"","ALMA","OP0833A1",30013,8002,"2023-03-15","2023-04-20","USD",93.00,100,"3XS:20|2XS:20|XS:20|S:10|M:10|L:10|XL:10"
250026,"2022-09-15 08:39:53.45","#OP0834",50.00,68.00,93.00,120.90,"2023-03-11","130109292","PO",4,,,,"","ALMA","OP0834A1",30022,1002,"2023-03-15","2023-04-20","USD",93.00,100,"3XS:20|2XS:20|XS:20|S:10|M:10|L:10|XL:10"
250027,"2022-09-15 08:39:53.45","#OP0835",50.00,68.00,93.00,120.90,"2023-03-11","130109292","PO",4,,,,"","ALMA","OP0835A0",30045,1016,"2023-03-15","2023-04-20","USD",93.00,100,"3XS:20|2XS:20|XS:20|S:10|M:10|L:10|XL:10"
250028,"2022-09-15 08:39:53.45","#OP0836",50.00,68.00,93.00,120.90,"2023-03-11","130109292","PO",4,,,,"","ALMA","OP0836A1",30046,3002,"2023-03-15","2023-04-20","USD",93.00,100,"3XS:20|2XS:20|XS:20|S:10|M:10|L:10|XL:10"
250029,"2022-09-15 08:39:53.45","#OP0837",50.00,68.00,93.00,120.90,"2023-03-11","130109292","PO",4,,,,"","ALMA","OP0837A0",30047,4002,"2023-03-15","2023-04-20","USD",93.00,100,"3XS:20|2XS:20|XS:20|S:10|M:10|L:10|XL:10"
250026,"2022-09-15 08:39:53.45","#OP0838",50.00,68.00,93.00,120.90,"2023-03-11","130109292","PO",4,,,,"","ALMA","OP0838A1",30065,5002,"2023-03-15","2023-04-20","USD",93.00,100,"3XS:20|2XS:20|XS:20|S:10|M:10|L:10|XL:10"
250027,"2022-09-15 08:39:53.45","#OP0839",50.00,68.00,93.00,120.90,"2023-03-11","130109292","PO",4,,,,"","ALMA","OP0839A0",30074,6002,"2023-03-15","2023-04-20","USD",93.00,100,"3XS:20|2XS:20|XS:20|S:10|M:10|L:10|XL:10"
250028,"2022-09-15 08:39:53.45","#OP0840",50.00,68.00,93.00,120.90,"2023-03-11","130109292","PO",4,,,,"","ALMA","OP0840A1",30075,8002,"2023-03-15","2023-04-20","USD",93.00,100,"3XS:20|2XS:20|XS:20|S:10|M:10|L:10|XL:10"
250026,"2022-09-15 08:39:53.45","#OP0841",50.00,68.00,93.00,120.90,"2023-03-11","130109293","PO",4,,,,"","ALMA","OP0841A1",30025,1002,"2023-03-15","2023-04-20","USD",93.00,100,"3XS:20|2XS:20|XS:20|S:10|M:10|L:10|XL:10"
250027,"2022-09-15 08:39:53.45","#OP0842",50.00,68.00,93.00,120.90,"2023-03-11","130109293","PO",4,,,,"","ALMA","OP0842A0",30026,1016,"2023-03-15","2023-04-20","USD",93.00,100,"3XS:20|2XS:20|XS:20|S:10|M:10|L:10|XL:10"
250028,"2022-09-15 08:39:53.45","#OP0843",50.00,68.00,93.00,120.90,"2023-03-11","130109293","PO",4,,,,"","ALMA","OP0843A1",30027,3002,"2023-03-15","2023-04-20","USD",93.00,100,"3XS:20|2XS:20|XS:20|S:10|M:10|L:10|XL:10"
250029,"2022-09-15 08:39:53.45","#OP0844",50.00,68.00,93.00,120.90,"2023-03-11","130109293","PO",4,,,,"","ALMA","OP0844A0",30066,4002,"2023-03-15","2023-04-20","USD",93.00,100,"3XS:20|2XS:20|XS:20|S:10|M:10|L:10|XL:10"
250026,"2022-09-15 08:39:53.45","#OP0845",50.00,68.00,93.00,120.90,"2023-03-11","130109293","PO",4,,,,"","ALMA","OP0845A1",30067,5002,"2023-03-15","2023-04-20","USD",93.00,100,"3XS:20|2XS:20|XS:20|S:10|M:10|L:10|XL:10"
250027,"2022-09-15 08:39:53.45","#OP0846",50.00,68.00,93.00,120.90,"2023-03-11","130109293","PO",4,,,,"","ALMA","OP0846A0",30068,6002,"2023-03-15","2023-04-20","USD",93.00,100,"3XS:20|2XS:20|XS:20|S:10|M:10|L:10|XL:10"
250028,"2022-09-15 08:39:53.45","#OP0847",50.00,68.00,93.00,120.90,"2023-03-11","130109293","PO",4,,,,"","ALMA","OP0847A1",30069,8002,"2023-03-15","2023-04-20","USD",93.00,100,"3XS:20|2XS:20|XS:20|S:10|M:10|L:10|XL:10"
250026,"2022-09-15 08:39:53.45","#OP0848",50.00,68.00,93.00,120.90,"2023-03-11","130109338","PO",4,,,,"","ALMA","OP0848A1",30070,1002,"2023-03-15","2023-04-20","USD",93.00,100,"3XS:20|2XS:20|XS:20|S:10|M:10|L:10|XL:10"
250027,"2022-09-15 08:39:53.45","#OP0849",50.00,68.00,93.00,120.90,"2023-03-11","130109338","PO",4,,,,"","ALMA","OP0849A0",30071,1016,"2023-03-15","2023-04-20","USD",93.00,100,"3XS:20|2XS:20|XS:20|S:10|M:10|L:10|XL:10"
250028,"2022-09-15 08:39:53.45","#OP0850",50.00,68.00,93.00,120.90,"2023-03-11","130109338","PO",4,,,,"","ALMA","OP0850A1",30072,3002,"2023-03-15","2023-04-20","USD",93.00,100,"3XS:20|2XS:20|XS:20|S:10|M:10|L:10|XL:10"
250029,"2022-09-15 08:39:53.45","#OP0851",50.00,68.00,93.00,120.90,"2023-03-11","130109338","PO",4,,,,"","ALMA","OP0851A0",30073,4002,"2023-03-15","2023-04-20","USD",93.00,100,"3XS:20|2XS:20|XS:20|S:10|M:10|L:10|XL:10"
250026,"2022-09-15 08:39:53.45","#OP0852",50.00,68.00,93.00,120.90,"2023-03-11","130109338","PO",4,,,,"","ALMA","OP0852A1",30029,5002,"2023-03-15","2023-04-20","USD",93.00,100,"3XS:20|2XS:20|XS:20|S:10|M:10|L:10|XL:10"
250027,"2022-09-15 08:39:53.45","#OP0853",50.00,68.00,93.00,120.90,"2023-03-11","130109338","PO",4,,,,"","ALMA","OP0853A0",30013,6002,"2023-03-15","2023-04-20","USD",93.00,100,"3XS:20|2XS:20|XS:20|S:10|M:10|L:10|XL:10"
250028,"2022-09-15 08:39:53.45","#OP0854",50.00,68.00,93.00,120.90,"2023-03-11","130109338","PO",4,,,,"","ALMA","OP0854A1",30022,8002,"2023-03-15","2023-04-20","USD",93.00,100,"3XS:20|2XS:20|XS:20|S:10|M:10|L:10|XL:10"
250026,"2022-09-15 08:39:53.45","#OP0855",50.00,68.00,93.00,120.90,"2023-03-11","130109388","PO",4,,,,"","ALMA","OP0855A1",30045,1002,"2023-03-15","2023-04-20","USD",93.00,100,"3XS:20|2XS:20|XS:20|S:10|M:10|L:10|XL:10"
250027,"2022-09-15 08:39:53.45","#OP0856",50.00,68.00,93.00,120.90,"2023-03-11","130109388","PO",4,,,,"","ALMA","OP0856A0",30046,1016,"2023-03-15","2023-04-20","USD",93.00,100,"3XS:20|2XS:20|XS:20|S:10|M:10|L:10|XL:10"
250028,"2022-09-15 08:39:53.45","#OP0857",50.00,68.00,93.00,120.90,"2023-03-11","130109388","PO",4,,,,"","ALMA","OP0857A1",30047,3002,"2023-03-15","2023-04-20","USD",93.00,100,"3XS:20|2XS:20|XS:20|S:10|M:10|L:10|XL:10"
250029,"2022-09-15 08:39:53.45","#OP0858",50.00,68.00,93.00,120.90,"2023-03-11","130109388","PO",4,,,,"","ALMA","OP0858A0",30065,4002,"2023-03-15","2023-04-20","USD",93.00,100,"3XS:20|2XS:20|XS:20|S:10|M:10|L:10|XL:10"
250026,"2022-09-15 08:39:53.45","#OP0859",50.00,68.00,93.00,120.90,"2023-03-11","130109388","PO",4,,,,"","ALMA","OP0859A1",30074,5002,"2023-03-15","2023-04-20","USD",93.00,100,"3XS:20|2XS:20|XS:20|S:10|M:10|L:10|XL:10"
250027,"2022-09-15 08:39:53.45","#OP0860",50.00,68.00,93.00,120.90,"2023-03-11","130109388","PO",4,,,,"","ALMA","OP0860A0",30075,6002,"2023-03-15","2023-04-20","USD",93.00,100,"3XS:20|2XS:20|XS:20|S:10|M:10|L:10|XL:10"
250028,"2022-09-15 08:39:53.45","#OP0861",50.00,68.00,93.00,120.90,"2023-03-11","130109388","PO",4,,,,"","ALMA","OP0861A1",30025,8002,"2023-03-15","2023-04-20","USD",93.00,100,"3XS:20|2XS:20|XS:20|S:10|M:10|L:10|XL:10"
250026,"2022-09-15 08:39:53.45","#OP0862",50.00,68.00,93.00,120.90,"2023-03-11","130109423","PO",4,,,,"","ALMA","OP0862A1",30026,1002,"2023-03-15","2023-04-20","USD",93.00,100,"3XS:20|2XS:20|XS:20|S:10|M:10|L:10|XL:10"
250027,"2022-09-15 08:39:53.45","#OP0863",50.00,68.00,93.00,120.90,"2023-03-11","130109423","PO",4,,,,"","ALMA","OP0863A0",30027,1016,"2023-03-15","2023-04-20","USD",93.00,100,"3XS:20|2XS:20|XS:20|S:10|M:10|L:10|XL:10"
250028,"2022-09-15 08:39:53.45","#OP0864",50.00,68.00,93.00,120.90,"2023-03-11","130109423","PO",4,,,,"","ALMA","OP0864A1",30066,3002,"2023-03-15","2023-04-20","USD",93.00,100,"3XS:20|2XS:20|XS:20|S:10|M:10|L:10|XL:10"
250029,"2022-09-15 08:39:53.45","#OP0865",50.00,68.00,93.00,120.90,"2023-03-11","130109423","PO",4,,,,"","ALMA","OP0865A0",30067,4002,"2023-03-15","2023-04-20","USD",93.00,100,"3XS:20|2XS:20|XS:20|S:10|M:10|L:10|XL:10"
250026,"2022-09-15 08:39:53.45","#OP0866",50.00,68.00,93.00,120.90,"2023-03-11","130109423","PO",4,,,,"","ALMA","OP0866A1",30068,5002,"2023-03-15","2023-04-20","USD",93.00,100,"3XS:20|2XS:20|XS:20|S:10|M:10|L:10|XL:10"
250027,"2022-09-15 08:39:53.45","#OP0867",50.00,68.00,93.00,120.90,"2023-03-11","130109423","PO",4,,,,"","ALMA","OP0867A0",30069,6002,"2023-03-15","2023-04-20","USD",93.00,100,"3XS:20|2XS:20|XS:20|S:10|M:10|L:10|XL:10"
250028,"2022-09-15 08:39:53.45","#OP0868",50.00,68.00,93.00,120.90,"2023-03-11","130109423","PO",4,,,,"","ALMA","OP0868A1",30070,8002,"2023-03-15","2023-04-20","USD",93.00,100,"3XS:20|2XS:20|XS:20|S:10|M:10|L:10|XL:10"
250026,"2022-09-15 08:39:53.45","#OP0869",50.00,68.00,93.00,120.90,"2023-03-11","130109451","PO",4,,,,"","ALMA","OP0869A1",30071,1002,"2023-03-15","2023-04-20","USD",93.00,100,"3XS:20|2XS:20|XS:20|S:10|M:10|L:10|XL:10"
250027,"2022-09-15 08:39:53.45","#OP0870",50.00,68.00,93.00,120.90,"2023-03-11","130109451","PO",4,,,,"","ALMA","OP0870A0",30072,1016,"2023-03-15","2023-04-20","USD",93.00,100,"3XS:20|2XS:20|XS:20|S:10|M:10|L:10|XL:10"
250028,"2022-09-15 08:39:53.45","#OP0871",50.00,68.00,93.00,120.90,"2023-03-11","130109451","PO",4,,,,"","ALMA","OP0871A1",30073,3002,"2023-03-15","2023-04-20","USD",93.00,100,"3XS:20|2XS:20|XS:20|S:10|M:10|L:10|XL:10"
250029,"2022-09-15 08:39:53.45","#OP0872",50.00,68.00,93.00,120.90,"2023-03-11","130109451","PO",4,,,,"","ALMA","OP0872A0",30029,4002,"2023-03-15","2023-04-20","USD",93.00,100,"3XS:20|2XS:20|XS:20|S:10|M:10|L:10|XL:10"
250026,"2022-09-15 08:39:53.45","#OP0873",50.00,68.00,93.00,120.90,"2023-03-11","130109451","PO",4,,,,"","ALMA","OP0873A1",30013,5002,"2023-03-15","2023-04-20","USD",93.00,100,"3XS:20|2XS:20|XS:20|S:10|M:10|L:10|XL:10"
250027,"2022-09-15 08:39:53.45","#OP0874",50.00,68.00,93.00,120.90,"2023-03-11","130109451","PO",4,,,,"","ALMA","OP0874A0",30022,6002,"2023-03-15","2023-04-20","USD",93.00,100,"3XS:20|2XS:20|XS:20|S:10|M:10|L:10|XL:10"
250028,"2022-09-15 08:39:53.45","#OP0875",50.00,68.00,93.00,120.90,"2023-03-11","130109451","PO",4,,,,"","ALMA","OP0875A1",30045,8002,"2023-03-15","2023-04-20","USD",93.00,100,"3XS:20|2XS:20|XS:20|S:10|M:10|L:10|XL:10"
250026,"2022-09-15 08:39:53.45","#OP0876",50.00,68.00,93.00,120.90,"2023-03-11","130109486","PO",4,,,,"","ALMA","OP0876A1",30046,1002,"2023-03-15","2023-04-20","USD",93.00,100,"3XS:20|2XS:20|XS:20|S:10|M:10|L:10|XL:10"
250027,"2022-09-15 08:39:53.45","#OP0877",50.00,68.00,93.00,120.90,"2023-03-11","130109486","PO",4,,,,"","ALMA","OP0877A0",30047,1016,"2023-03-15","2023-04-20","USD",93.00,100,"3XS:20|2XS:20|XS:20|S:10|M:10|L:10|XL:10"
250028,"2022-09-15 08:39:53.45","#OP0878",50.00,68.00,93.00,120.90,"2023-03-11","130109486","PO",4,,,,"","ALMA","OP0878A1",30065,3002,"2023-03-15","2023-04-20","USD",93.00,100,"3XS:20|2XS:20|XS:20|S:10|M:10|L:10|XL:10"
250029,"2022-09-15 08:39:53.45","#OP0879",50.00,68.00,93.00,120.90,"2023-03-11","130109486","PO",4,,,,"","ALMA","OP0879A0",30074,4002,"2023-03-15","2023-04-20","USD",93.00,100,"3XS:20|2XS:20|XS:20|S:10|M:10|L:10|XL:10"
250026,"2022-09-15 08:39:53.45","#OP0880",50.00,68.00,93.00,120.90,"2023-03-11","130109486","PO",4,,,,"","ALMA","OP0880A1",30075,5002,"2023-03-15","2023-04-20","USD",93.00,100,"3XS:20|2XS:20|XS:20|S:10|M:10|L:10|XL:10"
250027,"2022-09-15 08:39:53.45","#OP0881",50.00,68.00,93.00,120.90,"2023-03-11","130109486","PO",4,,,,"","ALMA","OP0881A0",30025,6002,"2023-03-15","2023-04-20","USD",93.00,100,"3XS:20|2XS:20|XS:20|S:10|M:10|L:10|XL:10"
250028,"2022-09-15 08:39:53.45","#OP0882",50.00,68.00,93.00,120.90,"2023-03-11","130109486","PO",4,,,,"","ALMA","OP0882A1",30026,8002,"2023-03-15","2023-04-20","USD",93.00,100,"3XS:20|2XS:20|XS:20|S:10|M:10|L:10|XL:10"
250026,"2022-09-15 08:39:53.45","#OP0883",50.00,68.00,93.00,120.90,"2023-03-11","130109523","PO",4,,,,"","ALMA","OP0883A1",30027,1002,"2023-03-15","2023-04-20","USD",93.00,100,"3XS:20|2XS:20|XS:20|S:10|M:10|L:10|XL:10"
250027,"2022-09-15 08:39:53.45","#OP0884",50.00,68.00,93.00,120.90,"2023-03-11","130109523","PO",4,,,,"","ALMA","OP0884A0",30066,1016,"2023-03-15","2023-04-20","USD",93.00,100,"3XS:20|2XS:20|XS:20|S:10|M:10|L:10|XL:10"
250028,"2022-09-15 08:39:53.45","#OP0885",50.00,68.00,93.00,120.90,"2023-03-11","130109523","PO",4,,,,"","ALMA","OP0885A1",30067,3002,"2023-03-15","2023-04-20","USD",93.00,100,"3XS:20|2XS:20|XS:20|S:10|M:10|L:10|XL:10"
250029,"2022-09-15 08:39:53.45","#OP0886",50.00,68.00,93.00,120.90,"2023-03-11","130109523","PO",4,,,,"","ALMA","OP0886A0",30068,4002,"2023-03-15","2023-04-20","USD",93.00,100,"3XS:20|2XS:20|XS:20|S:10|M:10|L:10|XL:10"
250026,"2022-09-15 08:39:53.45","#OP0887",50.00,68.00,93.00,120.90,"2023-03-11","130109523","PO",4,,,,"","ALMA","OP0887A1",30069,5002,"2023-03-15","2023-04-20","USD",93.00,100,"3XS:20|2XS:20|XS:20|S:10|M:10|L:10|XL:10"
250027,"2022-09-15 08:39:53.45","#OP0888",50.00,68.00,93.00,120.90,"2023-03-11","130109523","PO",4,,,,"","ALMA","OP0888A0",30070,6002,"2023-03-15","2023-04-20","USD",93.00,100,"3XS:20|2XS:20|XS:20|S:10|M:10|L:10|XL:10"
250028,"2022-09-15 08:39:53.45","#OP0889",50.00,68.00,93.00,120.90,"2023-03-11","130109523","PO",4,,,,"","ALMA","OP0889A1",30071,8002,"2023-03-15","2023-04-20","USD",93.00,100,"3XS:20|2XS:20|XS:20|S:10|M:10|L:10|XL:10"
250026,"2022-09-15 08:39:53.45","#OP0890",50.00,68.00,93.00,120.90,"2023-03-11","130109530","PO",4,,,,"","ALMA","OP0890A1",30072,1002,"2023-03-15","2023-04-20","USD",93.00,100,"3XS:20|2XS:20|XS:20|S:10|M:10|L:10|XL:10"
250027,"2022-09-15 08:39:53.45","#OP0891",50.00,68.00,93.00,120.90,"2023-03-11","130109530","PO",4,,,,"","ALMA","OP0891A0",30073,1016,"2023-03-15","2023-04-20","USD",93.00,100,"3XS:20|2XS:20|XS:20|S:10|M:10|L:10|XL:10"
250028,"2022-09-15 08:39:53.45","#OP0892",50.00,68.00,93.00,120.90,"2023-03-11","130109530","PO",4,,,,"","ALMA","OP0892A1",30029,3002,"2023-03-15","2023-04-20","USD",93.00,100,"3XS:20|2XS:20|XS:20|S:10|M:10|L:10|XL:10"
250029,"2022-09-15 08:39:53.45","#OP0893",50.00,68.00,93.00,120.90,"2023-03-11","130109530","PO",4,,,,"","ALMA","OP0893A0",30013,4002,"2023-03-15","2023-04-20","USD",93.00,100,"3XS:20|2XS:20|XS:20|S:10|M:10|L:10|XL:10"
250026,"2022-09-15 08:39:53.45","#OP0894",50.00,68.00,93.00,120.90,"2023-03-11","130109530","PO",4,,,,"","ALMA","OP0894A1",30022,5002,"2023-03-15","2023-04-20","USD",93.00,100,"3XS:20|2XS:20|XS:20|S:10|M:10|L:10|XL:10"
250027,"2022-09-15 08:39:53.45","#OP0895",50.00,68.00,93.00,120.90,"2023-03-11","130109530","PO",4,,,,"","ALMA","OP0895A0",30045,6002,"2023-03-15","2023-04-20","USD",93.00,100,"3XS:20|2XS:20|XS:20|S:10|M:10|L:10|XL:10"
250028,"2022-09-15 08:39:53.45","#OP0896",50.00,68.00,93.00,120.90,"2023-03-11","130109530","PO",4,,,,"","ALMA","OP0896A1",30046,8002,"2023-03-15","2023-04-20","USD",93.00,100,"3XS:20|2XS:20|XS:20|S:10|M:10|L:10|XL:10"
250026,"2022-09-15 08:39:53.45","#OP0897",50.00,68.00,93.00,120.90,"2023-03-11","130109536","PO",4,,,,"","ALMA","OP0897A1",30047,1002,"2023-03-15","2023-04-20","USD",93.00,100,"3XS:20|2XS:20|XS:20|S:10|M:10|L:10|XL:10"
250027,"2022-09-15 08:39:53.45","#OP0898",50.00,68.00,93.00,120.90,"2023-03-11","130109536","PO",4,,,,"","ALMA","OP0898A0",30065,1016,"2023-03-15","2023-04-20","USD",93.00,100,"3XS:20|2XS:20|XS:20|S:10|M:10|L:10|XL:10"
250028,"2022-09-15 08:39:53.45","#OP0899",50.00,68.00,93.00,120.90,"2023-03-11","130109536","PO",4,,,,"","ALMA","OP0899A1",30074,3002,"2023-03-15","2023-04-20","USD",93.00,100,"3XS:20|2XS:20|XS:20|S:10|M:10|L:10|XL:10"
250029,"2022-09-15 08:39:53.45","#OP0900",50.00,68.00,93.00,120.90,"2023-03-11","130109536","PO",4,,,,"","ALMA","OP0900A0",30075,4002,"2023-03-15","2023-04-20","USD",93.00,100,"3XS:20|2XS:20|XS:20|S:10|M:10|L:10|XL:10"
250026,"2022-09-15 08:39:53.45","#OP0901",50.00,68.00,93.00,120.90,"2023-03-11","130109536","PO",4,,,,"","ALMA","OP0901A1",30025,5002,"2023-03-15","2023-04-20","USD",93.00,100,"3XS:20|2XS:20|XS:20|S:10|M:10|L:10|XL:10"
250027,"2022-09-15 08:39:53.45","#OP0902",50.00,68.00,93.00,120.90,"2023-03-11","130109536","PO",4,,,,"","ALMA","OP0902A0",30026,6002,"2023-03-15","2023-04-20","USD",93.00,100,"3XS:20|2XS:20|XS:20|S:10|M:10|L:10|XL:10"
250028,"2022-09-15 08:39:53.45","#OP0903",50.00,68.00,93.00,120.90,"2023-03-11","130109536","PO",4,,,,"","ALMA","OP0903A1",30027,8002,"2023-03-15","2023-04-20","USD",93.00,100,"3XS:20|2XS:20|XS:20|S:10|M:10|L:10|XL:10"
250026,"2022-09-15 08:39:53.45","#OP0904",50.00,68.00,93.00,120.90,"2023-03-11","130109561","PO",4,,,,"","ALMA","OP0904A1",30066,1002,"2023-03-15","2023-04-20","USD",93.00,100,"3XS:20|2XS:20|XS:20|S:10|M:10|L:10|XL:10"
250027,"2022-09-15 08:39:53.45","#OP0905",50.00,68.00,93.00,120.90,"2023-03-11","130109561","PO",4,,,,"","ALMA","OP0905A0",30067,1016,"2023-03-15","2023-04-20","USD",93.00,100,"3XS:20|2XS:20|XS:20|S:10|M:10|L:10|XL:10"
250028,"2022-09-15 08:39:53.45","#OP0906",50.00,68.00,93.00,120.90,"2023-03-11","130109561","PO",4,,,,"","ALMA","OP0906A1",30068,3002,"2023-03-15","2023-04-20","USD",93.00,100,"3XS:20|2XS:20|XS:20|S:10|M:10|L:10|XL:10"
250029,"2022-09-15 08:39:53.45","#OP0907",50.00,68.00,93.00,120.90,"2023-03-11","130109561","PO",4,,,,"","ALMA","OP0907A0",30069,4002,"2023-03-15","2023-04-20","USD",93.00,100,"3XS:20|2XS:20|XS:20|S:10|M:10|L:10|XL:10"
250026,"2022-09-15 08:39:53.45","#OP0908",50.00,68.00,93.00,120.90,"2023-03-11","130109561","PO",4,,,,"","ALMA","OP0908A1",30070,5002,"2023-03-15","2023-04-20","USD",93.00,100,"3XS:20|2XS:20|XS:20|S:10|M:10|L:10|XL:10"
250027,"2022-09-15 08:39:53.45","#OP0909",50.00,68.00,93.00,120.90,"2023-03-11","130109561","PO",4,,,,"","ALMA","OP0909A0",30071,6002,"2023-03-15","2023-04-20","USD",93.00,100,"3XS:20|2XS:20|XS:20|S:10|M:10|L:10|XL:10"
250028,"2022-09-15 08:39:53.45","#OP0910",50.00,68.00,93.00,120.90,"2023-03-11","130109561","PO",4,,,,"","ALMA","OP0910A1",30072,8002,"2023-03-15","2023-04-20","USD",93.00,100,"3XS:20|2XS:20|XS:20|S:10|M:10|L:10|XL:10"
250026,"2022-09-15 08:39:53.45","#OP0911",50.00,68.00,93.00,120.90,"2023-03-11","130109566","PO",4,,,,"","ALMA","OP0911A1",30073,1002,"2023-03-15","2023-04-20","USD",93.00,100,"3XS:20|2XS:20|XS:20|S:10|M:10|L:10|XL:10"
250027,"2022-09-15 08:39:53.45","#OP0912",50.00,68.00,93.00,120.90,"2023-03-11","130109566","PO",4,,,,"","ALMA","OP0912A0",30029,1016,"2023-03-15","2023-04-20","USD",93.00,100,"3XS:20|2XS:20|XS:20|S:10|M:10|L:10|XL:10"
250028,"2022-09-15 08:39:53.45","#OP0913",50.00,68.00,93.00,120.90,"2023-03-11","130109566","PO",4,,,,"","ALMA","OP0913A1",30013,3002,"2023-03-15","2023-04-20","USD",93.00,100,"3XS:20|2XS:20|XS:20|S:10|M:10|L:10|XL:10"
250029,"2022-09-15 08:39:53.45","#OP0914",50.00,68.00,93.00,120.90,"2023-03-11","130109566","PO",4,,,,"","ALMA","OP0914A0",30022,4002,"2023-03-15","2023-04-20","USD",93.00,100,"3XS:20|2XS:20|XS:20|S:10|M:10|L:10|XL:10"
250026,"2022-09-15 08:39:53.45","#OP0915",50.00,68.00,93.00,120.90,"2023-03-11","130109566","PO",4,,,,"","ALMA","OP0915A1",30045,5002,"2023-03-15","2023-04-20","USD",93.00,100,"3XS:20|2XS:20|XS:20|S:10|M:10|L:10|XL:10"
250027,"2022-09-15 08:39:53.45","#OP0916",50.00,68.00,93.00,120.90,"2023-03-11","130109566","PO",4,,,,"","ALMA","OP0916A0",30046,6002,"2023-03-15","2023-04-20","USD",93.00,100,"3XS:20|2XS:20|XS:20|S:10|M:10|L:10|XL:10"
250028,"2022-09-15 08:39:53.45","#OP0917",50.00,68.00,93.00,120.90,"2023-03-11","130109566","PO",4,,,,"","ALMA","OP0917A1",30047,8002,"2023-03-15","2023-04-20","USD",93.00,100,"3XS:20|2XS:20|XS:20|S:10|M:10|L:10|XL:10"
250026,"2022-09-15 08:39:53.45","#OP0918",50.00,68.00,93.00,120.90,"2023-03-11","130109567","PO",4,,,,"","ALMA","OP0918A1",30065,1002,"2023-03-15","2023-04-20","USD",93.00,100,"3XS:20|2XS:20|XS:20|S:10|M:10|L:10|XL:10"
250027,"2022-09-15 08:39:53.45","#OP0919",50.00,68.00,93.00,120.90,"2023-03-11","130109567","PO",4,,,,"","ALMA","OP0919A0",30074,1016,"2023-03-15","2023-04-20","USD",93.00,100,"3XS:20|2XS:20|XS:20|S:10|M:10|L:10|XL:10"
250028,"2022-09-15 08:39:53.45","#OP0920",50.00,68.00,93.00,120.90,"2023-03-11","130109567","PO",4,,,,"","ALMA","OP0920A1",30075,3002,"2023-03-15","2023-04-20","USD",93.00,100,"3XS:20|2XS:20|XS:20|S:10|M:10|L:10|XL:10"
250029,"2022-09-15 08:39:53.45","#OP0921",50.00,68.00,93.00,120.90,"2023-03-11","130109567","PO",4,,,,"","ALMA","OP0921A0",30025,4002,"2023-03-15","2023-04-20","USD",93.00,100,"3XS:20|2XS:20|XS:20|S:10|M:10|L:10|XL:10"
250026,"2022-09-15 08:39:53.45","#OP0922",50.00,68.00,93.00,120.90,"2023-03-11","130109567","PO",4,,,,"","ALMA","OP0922A1",30026,5002,"2023-03-15","2023-04-20","USD",93.00,100,"3XS:20|2XS:20|XS:20|S:10|M:10|L:10|XL:10"
250027,"2022-09-15 08:39:53.45","#OP0923",50.00,68.00,93.00,120.90,"2023-03-11","130109567","PO",4,,,,"","ALMA","OP0923A0",30027,6002,"2023-03-15","2023-04-20","USD",93.00,100,"3XS:20|2XS:20|XS:20|S:10|M:10|L:10|XL:10"
250028,"2022-09-15 08:39:53.45","#OP0924",50.00,68.00,93.00,120.90,"2023-03-11","130109567","PO",4,,,,"","ALMA","OP0924A1",30066,8002,"2023-03-15","2023-04-20","USD",93.00,100,"3XS:20|2XS:20|XS:20|S:10|M:10|L:10|XL:10"
250026,"2022-09-15 08:39:53.45","#OP0925",50.00,68.00,93.00,120.90,"2023-03-11","130109594","PO",4,,,,"","ALMA","OP0925A1",30067,1002,"2023-03-15","2023-04-20","USD",93.00,100,"3XS:20|2XS:20|XS:20|S:10|M:10|L:10|XL:10"
250027,"2022-09-15 08:39:53.45","#OP0926",50.00,68.00,93.00,120.90,"2023-03-11","130109594","PO",4,,,,"","ALMA","OP0926A0",30068,1016,"2023-03-15","2023-04-20","USD",93.00,100,"3XS:20|2XS:20|XS:20|S:10|M:10|L:10|XL:10"
250028,"2022-09-15 08:39:53.45","#OP0927",50.00,68.00,93.00,120.90,"2023-03-11","130109594","PO",4,,,,"","ALMA","OP0927A1",30069,3002,"2023-03-15","2023-04-20","USD",93.00,100,"3XS:20|2XS:20|XS:20|S:10|M:10|L:10|XL:10"
250029,"2022-09-15 08:39:53.45","#OP0928",50.00,68.00,93.00,120.90,"2023-03-11","130109594","PO",4,,,,"","ALMA","OP0928A0",30070,4002,"2023-03-15","2023-04-20","USD",93.00,100,"3XS:20|2XS:20|XS:20|S:10|M:10|L:10|XL:10"
250026,"2022-09-15 08:39:53.45","#OP0929",50.00,68.00,93.00,120.90,"2023-03-11","130109594","PO",4,,,,"","ALMA","OP0929A1",30071,5002,"2023-03-15","2023-04-20","USD",93.00,100,"3XS:20|2XS:20|XS:20|S:10|M:10|L:10|XL:10"
250027,"2022-09-15 08:39:53.45","#OP0930",50.00,68.00,93.00,120.90,"2023-03-11","130109594","PO",4,,,,"","ALMA","OP0930A0",30072,6002,"2023-03-15","2023-04-20","USD",93.00,100,"3XS:20|2XS:20|XS:20|S:10|M:10|L:10|XL:10"
250028,"2022-09-15 08:39:53.45","#OP0931",50.00,68.00,93.00,120.90,"2023-03-11","130109594","PO",4,,,,"","ALMA","OP0931A1",30073,8002,"2023-03-15","2023-04-20","USD",93.00,100,"3XS:20|2XS:20|XS:20|S:10|M:10|L:10|XL:10"
250026,"2022-09-15 08:39:53.45","#OP0932",50.00,68.00,93.00,120.90,"2023-03-11","130109606","PO",4,,,,"","ALMA","OP0932A1",30029,1002,"2023-03-15","2023-04-20","USD",93.00,100,"3XS:20|2XS:20|XS:20|S:10|M:10|L:10|XL:10"
250027,"2022-09-15 08:39:53.45","#OP0933",50.00,68.00,93.00,120.90,"2023-03-11","130109606","PO",4,,,,"","ALMA","OP0933A0",30013,1016,"2023-03-15","2023-04-20","USD",93.00,100,"3XS:20|2XS:20|XS:20|S:10|M:10|L:10|XL:10"
250028,"2022-09-15 08:39:53.45","#OP0934",50.00,68.00,93.00,120.90,"2023-03-11","130109606","PO",4,,,,"","ALMA","OP0934A1",30022,3002,"2023-03-15","2023-04-20","USD",93.00,100,"3XS:20|2XS:20|XS:20|S:10|M:10|L:10|XL:10"
250029,"2022-09-15 08:39:53.45","#OP0935",50.00,68.00,93.00,120.90,"2023-03-11","130109606","PO",4,,,,"","ALMA","OP0935A0",30045,4002,"2023-03-15","2023-04-20","USD",93.00,100,"3XS:20|2XS:20|XS:20|S:10|M:10|L:10|XL:10"
250026,"2022-09-15 08:39:53.45","#OP0936",50.00,68.00,93.00,120.90,"2023-03-11","130109606","PO",4,,,,"","ALMA","OP0936A1",30046,5002,"2023-03-15","2023-04-20","USD",93.00,100,"3XS:20|2XS:20|XS:20|S:10|M:10|L:10|XL:10"
250027,"2022-09-15 08:39:53.45","#OP0937",50.00,68.00,93.00,120.90,"2023-03-11","130109606","PO",4,,,,"","ALMA","OP0937A0",30047,6002,"2023-03-15","2023-04-20","USD",93.00,100,"3XS:20|2XS:20|XS:20|S:10|M:10|L:10|XL:10"
250028,"2022-09-15 08:39:53.45","#OP0938",50.00,68.00,93.00,120.90,"2023-03-11","130109606","PO",4,,,,"","ALMA","OP0938A1",30065,8002,"2023-03-15","2023-04-20","USD",93.00,100,"3XS:20|2XS:20|XS:20|S:10|M:10|L:10|XL:10"
250026,"2022-09-15 08:39:53.45","#OP0939",50.00,68.00,93.00,120.90,"2023-03-11","130109619","PO",4,,,,"","ALMA","OP0939A1",30074,1002,"2023-03-15","2023-04-20","USD",93.00,100,"3XS:20|2XS:20|XS:20|S:10|M:10|L:10|XL:10"
250027,"2022-09-15 08:39:53.45","#OP0940",50.00,68.00,93.00,120.90,"2023-03-11","130109619","PO",4,,,,"","ALMA","OP0940A0",30075,1016,"2023-03-15","2023-04-20","USD",93.00,100,"3XS:20|2XS:20|XS:20|S:10|M:10|L:10|XL:10"
250028,"2022-09-15 08:39:53.45","#OP0941",50.00,68.00,93.00,120.90,"2023-03-11","130109619","PO",4,,,,"","ALMA","OP0941A1",30025,3002,"2023-03-15","2023-04-20","USD",93.00,100,"3XS:20|2XS:20|XS:20|S:10|M:10|L:10|XL:10"
250029,"2022-09-15 08:39:53.45","#OP0942",50.00,68.00,93.00,120.90,"2023-03-11","130109619","PO",4,,,,"","ALMA","OP0942A0",30026,4002,"2023-03-15","2023-04-20","USD",93.00,100,"3XS:20|2XS:20|XS:20|S:10|M:10|L:10|XL:10"
250026,"2022-09-15 08:39:53.45","#OP0943",50.00,68.00,93.00,120.90,"2023-03-11","130109619","PO",4,,,,"","ALMA","OP0943A1",30027,5002,"2023-03-15","2023-04-20","USD",93.00,100,"3XS:20|2XS:20|XS:20|S:10|M:10|L:10|XL:10"
250027,"2022-09-15 08:39:53.45","#OP0944",50.00,68.00,93.00,120.90,"2023-03-11","130109619","PO",4,,,,"","ALMA","OP0944A0",30066,6002,"2023-03-15","2023-04-20","USD",93.00,100,"3XS:20|2XS:20|XS:20|S:10|M:10|L:10|XL:10"
250028,"2022-09-15 08:39:53.45","#OP0945",50.00,68.00,93.00,120.90,"2023-03-11","130109619","PO",4,,,,"","ALMA","OP0945A1",30067,8002,"2023-03-15","2023-04-20","USD",93.00,100,"3XS:20|2XS:20|XS:20|S:10|M:10|L:10|XL:10"
250026,"2022-09-15 08:39:53.45","#OP0946",50.00,68.00,93.00,120.90,"2023-03-11","130109632","PO",4,,,,"","ALMA","OP0946A1",30068,1002,"2023-03-15","2023-04-20","USD",93.00,100,"3XS:20|2XS:20|XS:20|S:10|M:10|L:10|XL:10"
250027,"2022-09-15 08:39:53.45","#OP0947",50.00,68.00,93.00,120.90,"2023-03-11","130109632","PO",4,,,,"","ALMA","OP0947A0",30069,1016,"2023-03-15","2023-04-20","USD",93.00,100,"3XS:20|2XS:20|XS:20|S:10|M:10|L:10|XL:10"
250028,"2022-09-15 08:39:53.45","#OP0948",50.00,68.00,93.00,120.90,"2023-03-11","130109632","PO",4,,,,"","ALMA","OP0948A1",30070,3002,"2023-03-15","2023-04-20","USD",93.00,100,"3XS:20|2XS:20|XS:20|S:10|M:10|L:10|XL:10"
250029,"2022-09-15 08:39:53.45","#OP0949",50.00,68.00,93.00,120.90,"2023-03-11","130109632","PO",4,,,,"","ALMA","OP0949A0",30071,4002,"2023-03-15","2023-04-20","USD",93.00,100,"3XS:20|2XS:20|XS:20|S:10|M:10|L:10|XL:10"
250026,"2022-09-15 08:39:53.45","#OP0950",50.00,68.00,93.00,120.90,"2023-03-11","130109632","PO",4,,,,"","ALMA","OP0950A1",30072,5002,"2023-03-15","2023-04-20","USD",93.00,100,"3XS:20|2XS:20|XS:20|S:10|M:10|L:10|XL:10"
250027,"2022-09-15 08:39:53.45","#OP0951",50.00,68.00,93.00,120.90,"2023-03-11","130109632","PO",4,,,,"","ALMA","OP0951A0",30073,6002,"2023-03-15","2023-04-20","USD",93.00,100,"3XS:20|2XS:20|XS:20|S:10|M:10|L:10|XL:10"
250028,"2022-09-15 08:39:53.45","#OP0952",50.00,68.00,93.00,120.90,"2023-03-11","130109632","PO",4,,,,"","ALMA","OP0952A1",30029,8002,"2023-03-15","2023-04-20","USD",93.00,100,"3XS:20|2XS:20|XS:20|S:10|M:10|L:10|XL:10"
250026,"2022-09-15 08:39:53.45","#OP0953",50.00,68.00,93.00,120.90,"2023-03-11","130109639","PO",4,,,,"","ALMA","OP0953A1",30013,1002,"2023-03-15","2023-04-20","USD",93.00,100,"3XS:20|2XS:20|XS:20|S:10|M:10|L:10|XL:10"
250027,"2022-09-15 08:39:53.45","#OP0954",50.00,68.00,93.00,120.90,"2023-03-11","130109639","PO",4,,,,"","ALMA","OP0954A0",30022,1016,"2023-03-15","2023-04-20","USD",93.00,100,"3XS:20|2XS:20|XS:20|S:10|M:10|L:10|XL:10"
250028,"2022-09-15 08:39:53.45","#OP0955",50.00,68.00,93.00,120.90,"2023-03-11","130109639","PO",4,,,,"","ALMA","OP0955A1",30045,3002,"2023-03-15","2023-04-20","USD",93.00,100,"3XS:20|2XS:20|XS:20|S:10|M:10|L:10|XL:10"
250029,"2022-09-15 08:39:53.45","#OP0956",50.00,68.00,93.00,120.90,"2023-03-11","130109639","PO",4,,,,"","ALMA","OP0956A0",30046,4002,"2023-03-15","2023-04-20","USD",93.00,100,"3XS:20|2XS:20|XS:20|S:10|M:10|L:10|XL:10"
250026,"2022-09-15 08:39:53.45","#OP0957",50.00,68.00,93.00,120.90,"2023-03-11","130109639","PO",4,,,,"","ALMA","OP0957A1",30047,5002,"2023-03-15","2023-04-20","USD",93.00,100,"3XS:20|2XS:20|XS:20|S:10|M:10|L:10|XL:10"
250027,"2022-09-15 08:39:53.45","#OP0958",50.00,68.00,93.00,120.90,"2023-03-11","130109639","PO",4,,,,"","ALMA","OP0958A0",30065,6002,"2023-03-15","2023-04-20","USD",93.00,100,"3XS:20|2XS:20|XS:20|S:10|M:10|L:10|XL:10"
250028,"2022-09-15 08:39:53.45","#OP0959",50.00,68.00,93.00,120.90,"2023-03-11","130109639","PO",4,,,,"","ALMA","OP0959A1",30074,8002,"2023-03-15","2023-04-20","USD",93.00,100,"3XS:20|2XS:20|XS:20|S:10|M:10|L:10|XL:10"
250026,"2022-09-15 08:39:53.45","#OP0960",50.00,68.00,93.00,120.90,"2023-03-11","130109644","PO",4,,,,"","ALMA","OP0960A1",30075,1002,"2023-03-15","2023-04-20","USD",93.00,100,"3XS:20|2XS:20|XS:20|S:10|M:10|L:10|XL:10"
250027,"2022-09-15 08:39:53.45","#OP0961",50.00,68.00,93.00,120.90,"2023-03-11","130109644","PO",4,,,,"","ALMA","OP0961A0",30025,1016,"2023-03-15","2023-04-20","USD",93.00,100,"3XS:20|2XS:20|XS:20|S:10|M:10|L:10|XL:10"
250028,"2022-09-15 08:39:53.45","#OP0962",50.00,68.00,93.00,120.90,"2023-03-11","130109644","PO",4,,,,"","ALMA","OP0962A1",30026,3002,"2023-03-15","2023-04-20","USD",93.00,100,"3XS:20|2XS:20|XS:20|S:10|M:10|L:10|XL:10"
250029,"2022-09-15 08:39:53.45","#OP0963",50.00,68.00,93.00,120.90,"2023-03-11","130109644","PO",4,,,,"","ALMA","OP0963A0",30027,4002,"2023-03-15","2023-04-20","USD",93.00,100,"3XS:20|2XS:20|XS:20|S:10|M:10|L:10|XL:10"
250026,"2022-09-15 08:39:53.45","#OP0964",50.00,68.00,93.00,120.90,"2023-03-11","130109644","PO",4,,,,"","ALMA","OP0964A1",30066,5002,"2023-03-15","2023-04-20","USD",93.00,100,"3XS:20|2XS:20|XS:20|S:10|M:10|L:10|XL:10"
250027,"2022-09-15 08:39:53.45","#OP0965",50.00,68.00,93.00,120.90,"2023-03-11","130109644","PO",4,,,,"","ALMA","OP0965A0",30067,6002,"2023-03-15","2023-04-20","USD",93.00,100,"3XS:20|2XS:20|XS:20|S:10|M:10|L:10|XL:10"
250028,"2022-09-15 08:39:53.45","#OP0966",50.00,68.00,93.00,120.90,"2023-03-11","130109644","PO",4,,,,"","ALMA","OP0966A1",30068,8002,"2023-03-15","2023-04-20","USD",93.00,100,"3XS:20|2XS:20|XS:20|S:10|M:10|L:10|XL:10"
250026,"2022-09-15 08:39:53.45","#OP0967",50.00,68.00,93.00,120.90,"2023-03-11","130109646","PO",4,,,,"","ALMA","OP0967A1",30069,1002,"2023-03-15","2023-04-20","USD",93.00,100,"3XS:20|2XS:20|XS:20|S:10|M:10|L:10|XL:10"
250027,"2022-09-15 08:39:53.45","#OP0968",50.00,68.00,93.00,120.90,"2023-03-11","130109646","PO",4,,,,"","ALMA","OP0968A0",30070,1016,"2023-03-15","2023-04-20","USD",93.00,100,"3XS:20|2XS:20|XS:20|S:10|M:10|L:10|XL:10"
250028,"2022-09-15 08:39:53.45","#OP0969",50.00,68.00,93.00,120.90,"2023-03-11","130109646","PO",4,,,,"","ALMA","OP0969A1",30071,3002,"2023-03-15","2023-04-20","USD",93.00,100,"3XS:20|2XS:20|XS:20|S:10|M:10|L:10|XL:10"
250029,"2022-09-15 08:39:53.45","#OP0970",50.00,68.00,93.00,120.90,"2023-03-11","130109646","PO",4,,,,"","ALMA","OP0970A0",30072,4002,"2023-03-15","2023-04-20","USD",93.00,100,"3XS:20|2XS:20|XS:20|S:10|M:10|L:10|XL:10"
250026,"2022-09-15 08:39:53.45","#OP0971",50.00,68.00,93.00,120.90,"2023-03-11","130109646","PO",4,,,,"","ALMA","OP0971A1",30073,5002,"2023-03-15","2023-04-20","USD",93.00,100,"3XS:20|2XS:20|XS:20|S:10|M:10|L:10|XL:10"
250027,"2022-09-15 08:39:53.45","#OP0972",50.00,68.00,93.00,120.90,"2023-03-11","130109646","PO",4,,,,"","ALMA","OP0972A0",30029,6002,"2023-03-15","2023-04-20","USD",93.00,100,"3XS:20|2XS:20|XS:20|S:10|M:10|L:10|XL:10"
250028,"2022-09-15 08:39:53.45","#OP0973",50.00,68.00,93.00,120.90,"2023-03-11","130109646","PO",4,,,,"","ALMA","OP0973A1",30013,8002,"2023-03-15","2023-04-20","USD",93.00,100,"3XS:20|2XS:20|XS:20|S:10|M:10|L:10|XL:10"
250026,"2022-09-15 08:39:53.45","#OP0974",50.00,68.00,93.00,120.90,"2023-03-11","130109655","PO",4,,,,"","ALMA","OP0974A1",30022,1002,"2023-03-15","2023-04-20","USD",93.00,100,"3XS:20|2XS:20|XS:20|S:10|M:10|L:10|XL:10"
250027,"2022-09-15 08:39:53.45","#OP0975",50.00,68.00,93.00,120.90,"2023-03-11","130109655","PO",4,,,,"","ALMA","OP0975A0",30045,1016,"2023-03-15","2023-04-20","USD",93.00,100,"3XS:20|2XS:20|XS:20|S:10|M:10|L:10|XL:10"
250028,"2022-09-15 08:39:53.45","#OP0976",50.00,68.00,93.00,120.90,"2023-03-11","130109655","PO",4,,,,"","ALMA","OP0976A1",30046,3002,"2023-03-15","2023-04-20","USD",93.00,100,"3XS:20|2XS:20|XS:20|S:10|M:10|L:10|XL:10"
250029,"2022-09-15 08:39:53.45","#OP0977",50.00,68.00,93.00,120.90,"2023-03-11","130109655","PO",4,,,,"","ALMA","OP0977A0",30047,4002,"2023-03-15","2023-04-20","USD",93.00,100,"3XS:20|2XS:20|XS:20|S:10|M:10|L:10|XL:10"
250026,"2022-09-15 08:39:53.45","#OP0978",50.00,68.00,93.00,120.90,"2023-03-11","130109655","PO",4,,,,"","ALMA","OP0978A1",30065,5002,"2023-03-15","2023-04-20","USD",93.00,100,"3XS:20|2XS:20|XS:20|S:10|M:10|L:10|XL:10"
250027,"2022-09-15 08:39:53.45","#OP0979",50.00,68.00,93.00,120.90,"2023-03-11","130109655","PO",4,,,,"","ALMA","OP0979A0",30074,6002,"2023-03-15","2023-04-20","USD",93.00,100,"3XS:20|2XS:20|XS:20|S:10|M:10|L:10|XL:10"
250028,"2022-09-15 08:39:53.45","#OP0980",50.00,68.00,93.00,120.90,"2023-03-11","130109655","PO",4,,,,"","ALMA","OP0980A1",30075,8002,"2023-03-15","2023-04-20","USD",93.00,100,"3XS:20|2XS:20|XS:20|S:10|M:10|L:10|XL:10"
250026,"2022-09-15 08:39:53.45","#OP0981",50.00,68.00,93.00,120.90,"2023-03-11","130109673","PO",4,,,,"","ALMA","OP0981A1",30025,1002,"2023-03-15","2023-04-20","USD",93.00,100,"3XS:20|2XS:20|XS:20|S:10|M:10|L:10|XL:10"
250027,"2022-09-15 08:39:53.45","#OP0982",50.00,68.00,93.00,120.90,"2023-03-11","130109673","PO",4,,,,"","ALMA","OP0982A0",30026,1016,"2023-03-15","2023-04-20","USD",93.00,100,"3XS:20|2XS:20|XS:20|S:10|M:10|L:10|XL:10"
250028,"2022-09-15 08:39:53.45","#OP0983",50.00,68.00,93.00,120.90,"2023-03-11","130109673","PO",4,,,,"","ALMA","OP0983A1",30027,3002,"2023-03-15","2023-04-20","USD",93.00,100,"3XS:20|2XS:20|XS:20|S:10|M:10|L:10|XL:10"
250029,"2022-09-15 08:39:53.45","#OP0984",50.00,68.00,93.00,120.90,"2023-03-11","130109673","PO",4,,,,"","ALMA","OP0984A0",30066,4002,"2023-03-15","2023-04-20","USD",93.00,100,"3XS:20|2XS:20|XS:20|S:10|M:10|L:10|XL:10"
250026,"2022-09-15 08:39:53.45","#OP0985",50.00,68.00,93.00,120.90,"2023-03-11","130109673","PO",4,,,,"","ALMA","OP0985A1",30067,5002,"2023-03-15","2023-04-20","USD",93.00,100,"3XS:20|2XS:20|XS:20|S:10|M:10|L:10|XL:10"
250027,"2022-09-15 08:39:53.45","#OP0986",50.00,68.00,93.00,120.90,"2023-03-11","130109673","PO",4,,,,"","ALMA","OP0986A0",30068,6002,"2023-03-15","2023-04-20","USD",93.00,100,"3XS:20|2XS:20|XS:20|S:10|M:10|L:10|XL:10"
250028,"2022-09-15 08:39:53.45","#OP0987",50.00,68.00,93.00,120.90,"2023-03-11","130109673","PO",4,,,,"","ALMA","OP0987A1",30069,8002,"2023-03-15","2023-04-20","USD",93.00,100,"3XS:20|2XS:20|XS:20|S:10|M:10|L:10|XL:10"
250026,"2022-09-15 08:39:53.45","#OP0988",50.00,68.00,93.00,120.90,"2023-03-11","130109681","PO",4,,,,"","ALMA","OP0988A1",30070,1002,"2023-03-15","2023-04-20","USD",93.00,100,"3XS:20|2XS:20|XS:20|S:10|M:10|L:10|XL:10"
250027,"2022-09-15 08:39:53.45","#OP0989",50.00,68.00,93.00,120.90,"2023-03-11","130109681","PO",4,,,,"","ALMA","OP0989A0",30071,1016,"2023-03-15","2023-04-20","USD",93.00,100,"3XS:20|2XS:20|XS:20|S:10|M:10|L:10|XL:10"
250028,"2022-09-15 08:39:53.45","#OP0990",50.00,68.00,93.00,120.90,"2023-03-11","130109681","PO",4,,,,"","ALMA","OP0990A1",30072,3002,"2023-03-15","2023-04-20","USD",93.00,100,"3XS:20|2XS:20|XS:20|S:10|M:10|L:10|XL:10"
250029,"2022-09-15 08:39:53.45","#OP0991",50.00,68.00,93.00,120.90,"2023-03-11","130109681","PO",4,,,,"","ALMA","OP0991A0",30073,4002,"2023-03-15","2023-04-20","USD",93.00,100,"3XS:20|2XS:20|XS:20|S:10|M:10|L:10|XL:10"
250026,"2022-09-15 08:39:53.45","#OP0992",50.00,68.00,93.00,120.90,"2023-03-11","130109681","PO",4,,,,"","ALMA","OP0992A1",30029,5002,"2023-03-15","2023-04-20","USD",93.00,100,"3XS:20|2XS:20|XS:20|S:10|M:10|L:10|XL:10"
250027,"2022-09-15 08:39:53.45","#OP0993",50.00,68.00,93.00,120.90,"2023-03-11","130109681","PO",4,,,,"","ALMA","OP0993A0",30013,6002,"2023-03-15","2023-04-20","USD",93.00,100,"3XS:20|2XS:20|XS:20|S:10|M:10|L:10|XL:10"
250028,"2022-09-15 08:39:53.45","#OP0994",50.00,68.00,93.00,120.90,"2023-03-11","130109681","PO",4,,,,"","ALMA","OP0994A1",30022,8002,"2023-03-15","2023-04-20","USD",93.00,100,"3XS:20|2XS:20|XS:20|S:10|M:10|L:10|XL:10"
250026,"2022-09-15 08:39:53.45","#OP0995",50.00,68.00,93.00,120.90,"2023-03-11","130109689","PO",4,,,,"","ALMA","OP0995A1",30045,1002,"2023-03-15","2023-04-20","USD",93.00,100,"3XS:20|2XS:20|XS:20|S:10|M:10|L:10|XL:10"
250027,"2022-09-15 08:39:53.45","#OP0996",50.00,68.00,93.00,120.90,"2023-03-11","130109689","PO",4,,,,"","ALMA","OP0996A0",30046,1016,"2023-03-15","2023-04-20","USD",93.00,100,"3XS:20|2XS:20|XS:20|S:10|M:10|L:10|XL:10"
250028,"2022-09-15 08:39:53.45","#OP0997",50.00,68.00,93.00,120.90,"2023-03-11","130109689","PO",4,,,,"","ALMA","OP0997A1",30047,3002,"2023-03-15","2023-04-20","USD",93.00,100,"3XS:20|2XS:20|XS:20|S:10|M:10|L:10|XL:10"
250029,"2022-09-15 08:39:53.45","#OP0998",50.00,68.00,93.00,120.90,"2023-03-11","130109689","PO",4,,,,"","ALMA","OP0998A0",30065,4002,"2023-03-15","2023-04-20","USD",93.00,100,"3XS:20|2XS:20|XS:20|S:10|M:10|L:10|XL:10"
250026,"2022-09-15 08:39:53.45","#OP0999",50.00,68.00,93.00,120.90,"2023-03-11","130109689","PO",4,,,,"","ALMA","OP0999A1",30074,5002,"2023-03-15","2023-04-20","USD",93.00,100,"3XS:20|2XS:20|XS:20|S:10|M:10|L:10|XL:10"
250027,"2022-09-15 08:39:53.45","#OP1000",50.00,68.00,93.00,120.90,"2023-03-11","130109689","PO",4,,,,"","ALMA","OP1000A0",30075,6002,"2023-03-15","2023-04-20","USD",93.00,100,"3XS:20|2XS:20|XS:20|S:10|M:10|L:10|XL:10"
250028,"2022-09-15 08:39:53.45","#OP1001",50.00,68.00,93.00,120.90,"2023-03-11","130109689","PO",4,,,,"","ALMA","OP1001A1",30025,8002,"2023-03-15","2023-04-20","USD",93.00,100,"3XS:20|2XS:20|XS:20|S:10|M:10|L:10|XL:10"
250026,"2022-09-15 08:39:53.45","#OP1002",50.00,68.00,93.00,120.90,"2023-03-11","130109693","PO",4,,,,"","ALMA","OP1002A1",30026,1002,"2023-03-15","2023-04-20","USD",93.00,100,"3XS:20|2XS:20|XS:20|S:10|M:10|L:10|XL:10"
250027,"2022-09-15 08:39:53.45","#OP1003",50.00,68.00,93.00,120.90,"2023-03-11","130109693","PO",4,,,,"","ALMA","OP1003A0",30027,1016,"2023-03-15","2023-04-20","USD",93.00,100,"3XS:20|2XS:20|XS:20|S:10|M:10|L:10|XL:10"
250028,"2022-09-15 08:39:53.45","#OP1004",50.00,68.00,93.00,120.90,"2023-03-11","130109693","PO",4,,,,"","ALMA","OP1004A1",30066,3002,"2023-03-15","2023-04-20","USD",93.00,100,"3XS:20|2XS:20|XS:20|S:10|M:10|L:10|XL:10"
250029,"2022-09-15 08:39:53.45","#OP1005",50.00,68.00,93.00,120.90,"2023-03-11","130109693","PO",4,,,,"","ALMA","OP1005A0",30067,4002,"2023-03-15","2023-04-20","USD",93.00,100,"3XS:20|2XS:20|XS:20|S:10|M:10|L:10|XL:10"
250026,"2022-09-15 08:39:53.45","#OP1006",50.00,68.00,93.00,120.90,"2023-03-11","130109693","PO",4,,,,"","ALMA","OP1006A1",30068,5002,"2023-03-15","2023-04-20","USD",93.00,100,"3XS:20|2XS:20|XS:20|S:10|M:10|L:10|XL:10"
250027,"2022-09-15 08:39:53.45","#OP1007",50.00,68.00,93.00,120.90,"2023-03-11","130109693","PO",4,,,,"","ALMA","OP1007A0",30069,6002,"2023-03-15","2023-04-20","USD",93.00,100,"3XS:20|2XS:20|XS:20|S:10|M:10|L:10|XL:10"
250028,"2022-09-15 08:39:53.45","#OP1008",50.00,68.00,93.00,120.90,"2023-03-11","130109693","PO",4,,,,"","ALMA","OP1008A1",30070,8002,"2023-03-15","2023-04-20","USD",93.00,100,"3XS:20|2XS:20|XS:20|S:10|M:10|L:10|XL:10"
250026,"2022-09-15 08:39:53.45","#OP1009",50.00,68.00,93.00,120.90,"2023-03-11","130109702","PO",4,,,,"","ALMA","OP1009A1",30071,1002,"2023-03-15","2023-04-20","USD",93.00,100,"3XS:20|2XS:20|XS:20|S:10|M:10|L:10|XL:10"
250027,"2022-09-15 08:39:53.45","#OP1010",50.00,68.00,93.00,120.90,"2023-03-11","130109702","PO",4,,,,"","ALMA","OP1010A0",30072,1016,"2023-03-15","2023-04-20","USD",93.00,100,"3XS:20|2XS:20|XS:20|S:10|M:10|L:10|XL:10"
250028,"2022-09-15 08:39:53.45","#OP1011",50.00,68.00,93.00,120.90,"2023-03-11","130109702","PO",4,,,,"","ALMA","OP1011A1",30073,3002,"2023-03-15","2023-04-20","USD",93.00,100,"3XS:20|2XS:20|XS:20|S:10|M:10|L:10|XL:10"
250029,"2022-09-15 08:39:53.45","#OP1012",50.00,68.00,93.00,120.90,"2023-03-11","130109702","PO",4,,,,"","ALMA","OP1012A0",30029,4002,"2023-03-15","2023-04-20","USD",93.00,100,"3XS:20|2XS:20|XS:20|S:10|M:10|L:10|XL:10"
250026,"2022-09-15 08:39:53.45","#OP1013",50.00,68.00,93.00,120.90,"2023-03-11","130109702","PO",4,,,,"","ALMA","OP1013A1",30013,5002,"2023-03-15","2023-04-20","USD",93.00,100,"3XS:20|2XS:20|XS:20|S:10|M:10|L:10|XL:10"
250027,"2022-09-15 08:39:53.45","#OP1014",50.00,68.00,93.00,120.90,"2023-03-11","130109702","PO",4,,,,"","ALMA","OP1014A0",30022,6002,"2023-03-15","2023-04-20","USD",93.00,100,"3XS:20|2XS:20|XS:20|S:10|M:10|L:10|XL:10"
250028,"2022-09-15 08:39:53.45","#OP1015",50.00,68.00,93.00,120.90,"2023-03-11","130109702","PO",4,,,,"","ALMA","OP1015A1",30045,8002,"2023-03-15","2023-04-20","USD",93.00,100,"3XS:20|2XS:20|XS:20|S:10|M:10|L:10|XL:10"
250026,"2022-09-15 08:39:53.45","#OP1016",50.00,68.00,93.00,120.90,"2023-03-11","130109709","PO",4,,,,"","ALMA","OP1016A1",30046,1002,"2023-03-15","2023-04-20","USD",93.00,100,"3XS:20|2XS:20|XS:20|S:10|M:10|L:10|XL:10"
250027,"2022-09-15 08:39:53.45","#OP1017",50.00,68.00,93.00,120.90,"2023-03-11","130109709","PO",4,,,,"","ALMA","OP1017A0",30047,1016,"2023-03-15","2023-04-20","USD",93.00,100,"3XS:20|2XS:20|XS:20|S:10|M:10|L:10|XL:10"
250028,"2022-09-15 08:39:53.45","#OP1018",50.00,68.00,93.00,120.90,"2023-03-11","130109709","PO",4,,,,"","ALMA","OP1018A1",30065,3002,"2023-03-15","2023-04-20","USD",93.00,100,"3XS:20|2XS:20|XS:20|S:10|M:10|L:10|XL:10"
250029,"2022-09-15 08:39:53.45","#OP1019",50.00,68.00,93.00,120.90,"2023-03-11","130109709","PO",4,,,,"","ALMA","OP1019A0",30074,4002,"2023-03-15","2023-04-20","USD",93.00,100,"3XS:20|2XS:20|XS:20|S:10|M:10|L:10|XL:10"
250026,"2022-09-15 08:39:53.45","#OP1020",50.00,68.00,93.00,120.90,"2023-03-11","130109709","PO",4,,,,"","ALMA","OP1020A1",30075,5002,"2023-03-15","2023-04-20","USD",93.00,100,"3XS:20|2XS:20|XS:20|S:10|M:10|L:10|XL:10"
250027,"2022-09-15 08:39:53.45","#OP1021",50.00,68.00,93.00,120.90,"2023-03-11","130109709","PO",4,,,,"","ALMA","OP1021A0",30025,6002,"2023-03-15","2023-04-20","USD",93.00,100,"3XS:20|2XS:20|XS:20|S:10|M:10|L:10|XL:10"
250028,"2022-09-15 08:39:53.45","#OP1022",50.00,68.00,93.00,120.90,"2023-03-11","130109709","PO",4,,,,"","ALMA","OP1022A1",30026,8002,"2023-03-15","2023-04-20","USD",93.00,100,"3XS:20|2XS:20|XS:20|S:10|M:10|L:10|XL:10"
250026,"2022-09-15 08:39:53.45","#OP1023",50.00,68.00,93.00,120.90,"2023-03-11","130109719","PO",4,,,,"","ALMA","OP1023A1",30027,1002,"2023-03-15","2023-04-20","USD",93.00,100,"3XS:20|2XS:20|XS:20|S:10|M:10|L:10|XL:10"
250027,"2022-09-15 08:39:53.45","#OP1024",50.00,68.00,93.00,120.90,"2023-03-11","130109719","PO",4,,,,"","ALMA","OP1024A0",30066,1016,"2023-03-15","2023-04-20","USD",93.00,100,"3XS:20|2XS:20|XS:20|S:10|M:10|L:10|XL:10"
250028,"2022-09-15 08:39:53.45","#OP1025",50.00,68.00,93.00,120.90,"2023-03-11","130109719","PO",4,,,,"","ALMA","OP1025A1",30067,3002,"2023-03-15","2023-04-20","USD",93.00,100,"3XS:20|2XS:20|XS:20|S:10|M:10|L:10|XL:10"
250029,"2022-09-15 08:39:53.45","#OP1026",50.00,68.00,93.00,120.90,"2023-03-11","130109719","PO",4,,,,"","ALMA","OP1026A0",30068,4002,"2023-03-15","2023-04-20","USD",93.00,100,"3XS:20|2XS:20|XS:20|S:10|M:10|L:10|XL:10"
250026,"2022-09-15 08:39:53.45","#OP1027",50.00,68.00,93.00,120.90,"2023-03-11","130109719","PO",4,,,,"","ALMA","OP1027A1",30069,5002,"2023-03-15","2023-04-20","USD",93.00,100,"3XS:20|2XS:20|XS:20|S:10|M:10|L:10|XL:10"
250027,"2022-09-15 08:39:53.45","#OP1028",50.00,68.00,93.00,120.90,"2023-03-11","130109719","PO",4,,,,"","ALMA","OP1028A0",30070,6002,"2023-03-15","2023-04-20","USD",93.00,100,"3XS:20|2XS:20|XS:20|S:10|M:10|L:10|XL:10"
250028,"2022-09-15 08:39:53.45","#OP1029",50.00,68.00,93.00,120.90,"2023-03-11","130109719","PO",4,,,,"","ALMA","OP1029A1",30071,8002,"2023-03-15","2023-04-20","USD",93.00,100,"3XS:20|2XS:20|XS:20|S:10|M:10|L:10|XL:10"
250026,"2022-09-15 08:39:53.45","#OP1030",50.00,68.00,93.00,120.90,"2023-03-11","130109730","PO",4,,,,"","ALMA","OP1030A1",30072,1002,"2023-03-15","2023-04-20","USD",93.00,100,"3XS:20|2XS:20|XS:20|S:10|M:10|L:10|XL:10"
250027,"2022-09-15 08:39:53.45","#OP1031",50.00,68.00,93.00,120.90,"2023-03-11","130109730","PO",4,,,,"","ALMA","OP1031A0",30073,1016,"2023-03-15","2023-04-20","USD",93.00,100,"3XS:20|2XS:20|XS:20|S:10|M:10|L:10|XL:10"
250028,"2022-09-15 08:39:53.45","#OP1032",50.00,68.00,93.00,120.90,"2023-03-11","130109730","PO",4,,,,"","ALMA","OP1032A1",30029,3002,"2023-03-15","2023-04-20","USD",93.00,100,"3XS:20|2XS:20|XS:20|S:10|M:10|L:10|XL:10"
250029,"2022-09-15 08:39:53.45","#OP1033",50.00,68.00,93.00,120.90,"2023-03-11","130109730","PO",4,,,,"","ALMA","OP1033A0",30013,4002,"2023-03-15","2023-04-20","USD",93.00,100,"3XS:20|2XS:20|XS:20|S:10|M:10|L:10|XL:10"
250026,"2022-09-15 08:39:53.45","#OP1034",50.00,68.00,93.00,120.90,"2023-03-11","130109730","PO",4,,,,"","ALMA","OP1034A1",30022,5002,"2023-03-15","2023-04-20","USD",93.00,100,"3XS:20|2XS:20|XS:20|S:10|M:10|L:10|XL:10"
250027,"2022-09-15 08:39:53.45","#OP1035",50.00,68.00,93.00,120.90,"2023-03-11","130109730","PO",4,,,,"","ALMA","OP1035A0",30045,6002,"2023-03-15","2023-04-20","USD",93.00,100,"3XS:20|2XS:20|XS:20|S:10|M:10|L:10|XL:10"
250028,"2022-09-15 08:39:53.45","#OP1036",50.00,68.00,93.00,120.90,"2023-03-11","130109730","PO",4,,,,"","ALMA","OP1036A1",30046,8002,"2023-03-15","2023-04-20","USD",93.00,100,"3XS:20|2XS:20|XS:20|S:10|M:10|L:10|XL:10"
250026,"2022-09-15 08:39:53.45","#OP1037",50.00,68.00,93.00,120.90,"2023-03-11","130109734","PO",4,,,,"","ALMA","OP1037A1",30047,1002,"2023-03-15","2023-04-20","USD",93.00,100,"3XS:20|2XS:20|XS:20|S:10|M:10|L:10|XL:10"
250027,"2022-09-15 08:39:53.45","#OP1038",50.00,68.00,93.00,120.90,"2023-03-11","130109734","PO",4,,,,"","ALMA","OP1038A0",30065,1016,"2023-03-15","2023-04-20","USD",93.00,100,"3XS:20|2XS:20|XS:20|S:10|M:10|L:10|XL:10"
250028,"2022-09-15 08:39:53.45","#OP1039",50.00,68.00,93.00,120.90,"2023-03-11","130109734","PO",4,,,,"","ALMA","OP1039A1",30074,3002,"2023-03-15","2023-04-20","USD",93.00,100,"3XS:20|2XS:20|XS:20|S:10|M:10|L:10|XL:10"
250029,"2022-09-15 08:39:53.45","#OP1040",50.00,68.00,93.00,120.90,"2023-03-11","130109734","PO",4,,,,"","ALMA","OP1040A0",30075,4002,"2023-03-15","2023-04-20","USD",93.00,100,"3XS:20|2XS:20|XS:20|S:10|M:10|L:10|XL:10"
250026,"2022-09-15 08:39:53.45","#OP1041",50.00,68.00,93.00,120.90,"2023-03-11","130109734","PO",4,,,,"","ALMA","OP1041A1",30025,5002,"2023-03-15","2023-04-20","USD",93.00,100,"3XS:20|2XS:20|XS:20|S:10|M:10|L:10|XL:10"
250027,"2022-09-15 08:39:53.45","#OP1042",50.00,68.00,93.00,120.90,"2023-03-11","130109734","PO",4,,,,"","ALMA","OP1042A0",30026,6002,"2023-03-15","2023-04-20","USD",93.00,100,"3XS:20|2XS:20|XS:20|S:10|M:10|L:10|XL:10"
250028,"2022-09-15 08:39:53.45","#OP1043",50.00,68.00,93.00,120.90,"2023-03-11","130109734","PO",4,,,,"","ALMA","OP1043A1",30027,8002,"2023-03-15","2023-04-20","USD",93.00,100,"3XS:20|2XS:20|XS:20|S:10|M:10|L:10|XL:10"
250026,"2022-09-15 08:39:53.45","#OP1044",50.00,68.00,93.00,120.90,"2023-03-11","130109741","PO",4,,,,"","ALMA","OP1044A1",30066,1002,"2023-03-15","2023-04-20","USD",93.00,100,"3XS:20|2XS:20|XS:20|S:10|M:10|L:10|XL:10"
250027,"2022-09-15 08:39:53.45","#OP1045",50.00,68.00,93.00,120.90,"2023-03-11","130109741","PO",4,,,,"","ALMA","OP1045A0",30067,1016,"2023-03-15","2023-04-20","USD",93.00,100,"3XS:20|2XS:20|XS:20|S:10|M:10|L:10|XL:10"
250028,"2022-09-15 08:39:53.45","#OP1046",50.00,68.00,93.00,120.90,"2023-03-11","130109741","PO",4,,,,"","ALMA","OP1046A1",30068,3002,"2023-03-15","2023-04-20","USD",93.00,100,"3XS:20|2XS:20|XS:20|S:10|M:10|L:10|XL:10"
250029,"2022-09-15 08:39:53.45","#OP1047",50.00,68.00,93.00,120.90,"2023-03-11","130109741","PO",4,,,,"","ALMA","OP1047A0",30069,4002,"2023-03-15","2023-04-20","USD",93.00,100,"3XS:20|2XS:20|XS:20|S:10|M:10|L:10|XL:10"
250026,"2022-09-15 08:39:53.45","#OP1048",50.00,68.00,93.00,120.90,"2023-03-11","130109741","PO",4,,,,"","ALMA","OP1048A1",30070,5002,"2023-03-15","2023-04-20","USD",93.00,100,"3XS:20|2XS:20|XS:20|S:10|M:10|L:10|XL:10"
250027,"2022-09-15 08:39:53.45","#OP1049",50.00,68.00,93.00,120.90,"2023-03-11","130109741","PO",4,,,,"","ALMA","OP1049A0",30071,6002,"2023-03-15","2023-04-20","USD",93.00,100,"3XS:20|2XS:20|XS:20|S:10|M:10|L:10|XL:10"
250028,"2022-09-15 08:39:53.45","#OP1050",50.00,68.00,93.00,120.90,"2023-03-11","130109741","PO",4,,,,"","ALMA","OP1050A1",30072,8002,"2023-03-15","2023-04-20","USD",93.00,100,"3XS:20|2XS:20|XS:20|S:10|M:10|L:10|XL:10"
250026,"2022-09-15 08:39:53.45","#OP1051",50.00,68.00,93.00,120.90,"2023-03-11","130109744","PO",4,,,,"","ALMA","OP1051A1",30073,1002,"2023-03-15","2023-04-20","USD",93.00,100,"3XS:20|2XS:20|XS:20|S:10|M:10|L:10|XL:10"
250027,"2022-09-15 08:39:53.45","#OP1052",50.00,68.00,93.00,120.90,"2023-03-11","130109744","PO",4,,,,"","ALMA","OP1052A0",30029,1016,"2023-03-15","2023-04-20","USD",93.00,100,"3XS:20|2XS:20|XS:20|S:10|M:10|L:10|XL:10"
250028,"2022-09-15 08:39:53.45","#OP1053",50.00,68.00,93.00,120.90,"2023-03-11","130109744","PO",4,,,,"","ALMA","OP1053A1",30013,3002,"2023-03-15","2023-04-20","USD",93.00,100,"3XS:20|2XS:20|XS:20|S:10|M:10|L:10|XL:10"
250029,"2022-09-15 08:39:53.45","#OP1054",50.00,68.00,93.00,120.90,"2023-03-11","130109744","PO",4,,,,"","ALMA","OP1054A0",30022,4002,"2023-03-15","2023-04-20","USD",93.00,100,"3XS:20|2XS:20|XS:20|S:10|M:10|L:10|XL:10"
250026,"2022-09-15 08:39:53.45","#OP1055",50.00,68.00,93.00,120.90,"2023-03-11","130109744","PO",4,,,,"","ALMA","OP1055A1",30045,5002,"2023-03-15","2023-04-20","USD",93.00,100,"3XS:20|2XS:20|XS:20|S:10|M:10|L:10|XL:10"
250027,"2022-09-15 08:39:53.45","#OP1056",50.00,68.00,93.00,120.90,"2023-03-11","130109744","PO",4,,,,"","ALMA","OP1056A0",30046,6002,"2023-03-15","2023-04-20","USD",93.00,100,"3XS:20|2XS:20|XS:20|S:10|M:10|L:10|XL:10"
250028,"2022-09-15 08:39:53.45","#OP1057",50.00,68.00,93.00,120.90,"2023-03-11","130109744","PO",4,,,,"","ALMA","OP1057A1",30047,8002,"2023-03-15","2023-04-20","USD",93.00,100,"3XS:20|2XS:20|XS:20|S:10|M:10|L:10|XL:10"
250026,"2022-09-15 08:39:53.45","#OP1058",50.00,68.00,93.00,120.90,"2023-03-11","130109751","PO",4,,,,"","ALMA","OP1058A1",30065,1002,"2023-03-15","2023-04-20","USD",93.00,100,"3XS:20|2XS:20|XS:20|S:10|M:10|L:10|XL:10"
250027,"2022-09-15 08:39:53.45","#OP1059",50.00,68.00,93.00,120.90,"2023-03-11","130109751","PO",4,,,,"","ALMA","OP1059A0",30074,1016,"2023-03-15","2023-04-20","USD",93.00,100,"3XS:20|2XS:20|XS:20|S:10|M:10|L:10|XL:10"
250028,"2022-09-15 08:39:53.45","#OP1060",50.00,68.00,93.00,120.90,"2023-03-11","130109751","PO",4,,,,"","ALMA","OP1060A1",30075,3002,"2023-03-15","2023-04-20","USD",93.00,100,"3XS:20|2XS:20|XS:20|S:10|M:10|L:10|XL:10"
250029,"2022-09-15 08:39:53.45","#OP1061",50.00,68.00,93.00,120.90,"2023-03-11","130109751","PO",4,,,,"","ALMA","OP1061A0",30025,4002,"2023-03-15","2023-04-20","USD",93.00,100,"3XS:20|2XS:20|XS:20|S:10|M:10|L:10|XL:10"
250026,"2022-09-15 08:39:53.45","#OP1062",50.00,68.00,93.00,120.90,"2023-03-11","130109751","PO",4,,,,"","ALMA","OP1062A1",30026,5002,"2023-03-15","2023-04-20","USD",93.00,100,"3XS:20|2XS:20|XS:20|S:10|M:10|L:10|XL:10"
250027,"2022-09-15 08:39:53.45","#OP1063",50.00,68.00,93.00,120.90,"2023-03-11","130109751","PO",4,,,,"","ALMA","OP1063A0",30027,6002,"2023-03-15","2023-04-20","USD",93.00,100,"3XS:20|2XS:20|XS:20|S:10|M:10|L:10|XL:10"
250028,"2022-09-15 08:39:53.45","#OP1064",50.00,68.00,93.00,120.90,"2023-03-11","130109751","PO",4,,,,"","ALMA","OP1064A1",30066,8002,"2023-03-15","2023-04-20","USD",93.00,100,"3XS:20|2XS:20|XS:20|S:10|M:10|L:10|XL:10"
250026,"2022-09-15 08:39:53.45","#OP1065",50.00,68.00,93.00,120.90,"2023-03-11","130109757","PO",4,,,,"","ALMA","OP1065A1",30067,1002,"2023-03-15","2023-04-20","USD",93.00,100,"3XS:20|2XS:20|XS:20|S:10|M:10|L:10|XL:10"
250027,"2022-09-15 08:39:53.45","#OP1066",50.00,68.00,93.00,120.90,"2023-03-11","130109757","PO",4,,,,"","ALMA","OP1066A0",30068,1016,"2023-03-15","2023-04-20","USD",93.00,100,"3XS:20|2XS:20|XS:20|S:10|M:10|L:10|XL:10"
250028,"2022-09-15 08:39:53.45","#OP1067",50.00,68.00,93.00,120.90,"2023-03-11","130109757","PO",4,,,,"","ALMA","OP1067A1",30069,3002,"2023-03-15","2023-04-20","USD",93.00,100,"3XS:20|2XS:20|XS:20|S:10|M:10|L:10|XL:10"
250029,"2022-09-15 08:39:53.45","#OP1068",50.00,68.00,93.00,120.90,"2023-03-11","130109757","PO",4,,,,"","ALMA","OP1068A0",30070,4002,"2023-03-15","2023-04-20","USD",93.00,100,"3XS:20|2XS:20|XS:20|S:10|M:10|L:10|XL:10"
250026,"2022-09-15 08:39:53.45","#OP1069",50.00,68.00,93.00,120.90,"2023-03-11","130109757","PO",4,,,,"","ALMA","OP1069A1",30071,5002,"2023-03-15","2023-04-20","USD",93.00,100,"3XS:20|2XS:20|XS:20|S:10|M:10|L:10|XL:10"
250027,"2022-09-15 08:39:53.45","#OP1070",50.00,68.00,93.00,120.90,"2023-03-11","130109757","PO",4,,,,"","ALMA","OP1070A0",30072,6002,"2023-03-15","2023-04-20","USD",93.00,100,"3XS:20|2XS:20|XS:20|S:10|M:10|L:10|XL:10"
250028,"2022-09-15 08:39:53.45","#OP1071",50.00,68.00,93.00,120.90,"2023-03-11","130109757","PO",4,,,,"","ALMA","OP1071A1",30073,8002,"2023-03-15","2023-04-20","USD",93.00,100,"3XS:20|2XS:20|XS:20|S:10|M:10|L:10|XL:10"
250026,"2022-09-15 08:39:53.45","#OP1072",50.00,68.00,93.00,120.90,"2023-03-11","130109769","PO",4,,,,"","ALMA","OP1072A1",30029,1002,"2023-03-15","2023-04-20","USD",93.00,100,"3XS:20|2XS:20|XS:20|S:10|M:10|L:10|XL:10"
250027,"2022-09-15 08:39:53.45","#OP1073",50.00,68.00,93.00,120.90,"2023-03-11","130109769","PO",4,,,,"","ALMA","OP1073A0",30013,1016,"2023-03-15","2023-04-20","USD",93.00,100,"3XS:20|2XS:20|XS:20|S:10|M:10|L:10|XL:10"
250028,"2022-09-15 08:39:53.45","#OP1074",50.00,68.00,93.00,120.90,"2023-03-11","130109769","PO",4,,,,"","ALMA","OP1074A1",30022,3002,"2023-03-15","2023-04-20","USD",93.00,100,"3XS:20|2XS:20|XS:20|S:10|M:10|L:10|XL:10"
250029,"2022-09-15 08:39:53.45","#OP1075",50.00,68.00,93.00,120.90,"2023-03-11","130109769","PO",4,,,,"","ALMA","OP1075A0",30045,4002,"2023-03-15","2023-04-20","USD",93.00,100,"3XS:20|2XS:20|XS:20|S:10|M:10|L:10|XL:10"
250026,"2022-09-15 08:39:53.45","#OP1076",50.00,68.00,93.00,120.90,"2023-03-11","130109769","PO",4,,,,"","ALMA","OP1076A1",30046,5002,"2023-03-15","2023-04-20","USD",93.00,100,"3XS:20|2XS:20|XS:20|S:10|M:10|L:10|XL:10"
250027,"2022-09-15 08:39:53.45","#OP1077",50.00,68.00,93.00,120.90,"2023-03-11","130109769","PO",4,,,,"","ALMA","OP1077A0",30047,6002,"2023-03-15","2023-04-20","USD",93.00,100,"3XS:20|2XS:20|XS:20|S:10|M:10|L:10|XL:10"
250028,"2022-09-15 08:39:53.45","#OP1078",50.00,68.00,93.00,120.90,"2023-03-11","130109769","PO",4,,,,"","ALMA","OP1078A1",30065,8002,"2023-03-15","2023-04-20","USD",93.00,100,"3XS:20|2XS:20|XS:20|S:10|M:10|L:10|XL:10"
250026,"2022-09-15 08:39:53.45","#OP1079",50.00,68.00,93.00,120.90,"2023-03-11","130109778","PO",4,,,,"","ALMA","OP1079A1",30074,1002,"2023-03-15","2023-04-20","USD",93.00,100,"3XS:20|2XS:20|XS:20|S:10|M:10|L:10|XL:10"
250027,"2022-09-15 08:39:53.45","#OP1080",50.00,68.00,93.00,120.90,"2023-03-11","130109778","PO",4,,,,"","ALMA","OP1080A0",30075,1016,"2023-03-15","2023-04-20","USD",93.00,100,"3XS:20|2XS:20|XS:20|S:10|M:10|L:10|XL:10"
250028,"2022-09-15 08:39:53.45","#OP1081",50.00,68.00,93.00,120.90,"2023-03-11","130109778","PO",4,,,,"","ALMA","OP1081A1",30025,3002,"2023-03-15","2023-04-20","USD",93.00,100,"3XS:20|2XS:20|XS:20|S:10|M:10|L:10|XL:10"
250029,"2022-09-15 08:39:53.45","#OP1082",50.00,68.00,93.00,120.90,"2023-03-11","130109778","PO",4,,,,"","ALMA","OP1082A0",30026,4002,"2023-03-15","2023-04-20","USD",93.00,100,"3XS:20|2XS:20|XS:20|S:10|M:10|L:10|XL:10"
250026,"2022-09-15 08:39:53.45","#OP1083",50.00,68.00,93.00,120.90,"2023-03-11","130109778","PO",4,,,,"","ALMA","OP1083A1",30027,5002,"2023-03-15","2023-04-20","USD",93.00,100,"3XS:20|2XS:20|XS:20|S:10|M:10|L:10|XL:10"
250027,"2022-09-15 08:39:53.45","#OP1084",50.00,68.00,93.00,120.90,"2023-03-11","130109778","PO",4,,,,"","ALMA","OP1084A0",30066,6002,"2023-03-15","2023-04-20","USD",93.00,100,"3XS:20|2XS:20|XS:20|S:10|M:10|L:10|XL:10"
250028,"2022-09-15 08:39:53.45","#OP1085",50.00,68.00,93.00,120.90,"2023-03-11","130109778","PO",4,,,,"","ALMA","OP1085A1",30067,8002,"2023-03-15","2023-04-20","USD",93.00,100,"3XS:20|2XS:20|XS:20|S:10|M:10|L:10|XL:10"
250026,"2022-09-15 08:39:53.45","#OP1086",50.00,68.00,93.00,120.90,"2023-03-11","130109780","PO",4,,,,"","ALMA","OP1086A1",30068,1002,"2023-03-15","2023-04-20","USD",93.00,100,"3XS:20|2XS:20|XS:20|S:10|M:10|L:10|XL:10"
250027,"2022-09-15 08:39:53.45","#OP1087",50.00,68.00,93.00,120.90,"2023-03-11","130109780","PO",4,,,,"","ALMA","OP1087A0",30069,1016,"2023-03-15","2023-04-20","USD",93.00,100,"3XS:20|2XS:20|XS:20|S:10|M:10|L:10|XL:10"
250028,"2022-09-15 08:39:53.45","#OP1088",50.00,68.00,93.00,120.90,"2023-03-11","130109780","PO",4,,,,"","ALMA","OP1088A1",30070,3002,"2023-03-15","2023-04-20","USD",93.00,100,"3XS:20|2XS:20|XS:20|S:10|M:10|L:10|XL:10"
250029,"2022-09-15 08:39:53.45","#OP1089",50.00,68.00,93.00,120.90,"2023-03-11","130109780","PO",4,,,,"","ALMA","OP1089A0",30071,4002,"2023-03-15","2023-04-20","USD",93.00,100,"3XS:20|2XS:20|XS:20|S:10|M:10|L:10|XL:10"
250026,"2022-09-15 08:39:53.45","#OP1090",50.00,68.00,93.00,120.90,"2023-03-11","130109780","PO",4,,,,"","ALMA","OP1090A1",30072,5002,"2023-03-15","2023-04-20","USD",93.00,100,"3XS:20|2XS:20|XS:20|S:10|M:10|L:10|XL:10"
250027,"2022-09-15 08:39:53.45","#OP1091",50.00,68.00,93.00,120.90,"2023-03-11","130109780","PO",4,,,,"","ALMA","OP1091A0",30073,6002,"2023-03-15","2023-04-20","USD",93.00,100,"3XS:20|2XS:20|XS:20|S:10|M:10|L:10|XL:10"
250028,"2022-09-15 08:39:53.45","#OP1092",50.00,68.00,93.00,120.90,"2023-03-11","130109780","PO",4,,,,"","ALMA","OP1092A1",30029,8002,"2023-03-15","2023-04-20","USD",93.00,100,"3XS:20|2XS:20|XS:20|S:10|M:10|L:10|XL:10"
250026,"2022-09-15 08:39:53.45","#OP1093",50.00,68.00,93.00,120.90,"2023-03-11","130109792","PO",4,,,,"","ALMA","OP1093A1",30013,1002,"2023-03-15","2023-04-20","USD",93.00,100,"3XS:20|2XS:20|XS:20|S:10|M:10|L:10|XL:10"
250027,"2022-09-15 08:39:53.45","#OP1094",50.00,68.00,93.00,120.90,"2023-03-11","130109792","PO",4,,,,"","ALMA","OP1094A0",30022,1016,"2023-03-15","2023-04-20","USD",93.00,100,"3XS:20|2XS:20|XS:20|S:10|M:10|L:10|XL:10"
250028,"2022-09-15 08:39:53.45","#OP1095",50.00,68.00,93.00,120.90,"2023-03-11","130109792","PO",4,,,,"","ALMA","OP1095A1",30045,3002,"2023-03-15","2023-04-20","USD",93.00,100,"3XS:20|2XS:20|XS:20|S:10|M:10|L:10|XL:10"
250029,"2022-09-15 08:39:53.45","#OP1096",50.00,68.00,93.00,120.90,"2023-03-11","130109792","PO",4,,,,"","ALMA","OP1096A0",30046,4002,"2023-03-15","2023-04-20","USD",93.00,100,"3XS:20|2XS:20|XS:20|S:10|M:10|L:10|XL:10"
250026,"2022-09-15 08:39:53.45","#OP1097",50.00,68.00,93.00,120.90,"2023-03-11","130109792","PO",4,,,,"","ALMA","OP1097A1",30047,5002,"2023-03-15","2023-04-20","USD",93.00,100,"3XS:20|2XS:20|XS:20|S:10|M:10|L:10|XL:10"
250027,"2022-09-15 08:39:53.45","#OP1098",50.00,68.00,93.00,120.90,"2023-03-11","130109792","PO",4,,,,"","ALMA","OP1098A0",30065,6002,"2023-03-15","2023-04-20","USD",93.00,100,"3XS:20|2XS:20|XS:20|S:10|M:10|L:10|XL:10"
250028,"2022-09-15 08:39:53.45","#OP1099",50.00,68.00,93.00,120.90,"2023-03-11","130109792","PO",4,,,,"","ALMA","OP1099A1",30074,8002,"2023-03-15","2023-04-20","USD",93.00,100,"3XS:20|2XS:20|XS:20|S:10|M:10|L:10|XL:10"
250026,"2022-09-15 08:39:53.45","#OP1100",50.00,68.00,93.00,120.90,"2023-03-11","130109800","PO",4,,,,"","ALMA","OP1100A1",30075,1002,"2023-03-15","2023-04-20","USD",93.00,100,"3XS:20|2XS:20|XS:20|S:10|M:10|L:10|XL:10"
250027,"2022-09-15 08:39:53.45","#OP1101",50.00,68.00,93.00,120.90,"2023-03-11","130109800","PO",4,,,,"","ALMA","OP1101A0",30025,1016,"2023-03-15","2023-04-20","USD",93.00,100,"3XS:20|2XS:20|XS:20|S:10|M:10|L:10|XL:10"
250028,"2022-09-15 08:39:53.45","#OP1102",50.00,68.00,93.00,120.90,"2023-03-11","130109800","PO",4,,,,"","ALMA","OP1102A1",30026,3002,"2023-03-15","2023-04-20","USD",93.00,100,"3XS:20|2XS:20|XS:20|S:10|M:10|L:10|XL:10"
250029,"2022-09-15 08:39:53.45","#OP1103",50.00,68.00,93.00,120.90,"2023-03-11","130109800","PO",4,,,,"","ALMA","OP1103A0",30027,4002,"2023-03-15","2023-04-20","USD",93.00,100,"3XS:20|2XS:20|XS:20|S:10|M:10|L:10|XL:10"
250026,"2022-09-15 08:39:53.45","#OP1104",50.00,68.00,93.00,120.90,"2023-03-11","130109800","PO",4,,,,"","ALMA","OP1104A1",30066,5002,"2023-03-15","2023-04-20","USD",93.00,100,"3XS:20|2XS:20|XS:20|S:10|M:10|L:10|XL:10"
250027,"2022-09-15 08:39:53.45","#OP1105",50.00,68.00,93.00,120.90,"2023-03-11","130109800","PO",4,,,,"","ALMA","OP1105A0",30067,6002,"2023-03-15","2023-04-20","USD",93.00,100,"3XS:20|2XS:20|XS:20|S:10|M:10|L:10|XL:10"
250028,"2022-09-15 08:39:53.45","#OP1106",50.00,68.00,93.00,120.90,"2023-03-11","130109800","PO",4,,,,"","ALMA","OP1106A1",30068,8002,"2023-03-15","2023-04-20","USD",93.00,100,"3XS:20|2XS:20|XS:20|S:10|M:10|L:10|XL:10"
250026,"2022-09-15 08:39:53.45","#OP1107",50.00,68.00,93.00,120.90,"2023-03-11","130109812","PO",4,,,,"","ALMA","OP1107A1",30069,1002,"2023-03-15","2023-04-20","USD",93.00,100,"3XS:20|2XS:20|XS:20|S:10|M:10|L:10|XL:10"
250027,"2022-09-15 08:39:53.45","#OP1108",50.00,68.00,93.00,120.90,"2023-03-11","130109812","PO",4,,,,"","ALMA","OP1108A0",30070,1016,"2023-03-15","2023-04-20","USD",93.00,100,"3XS:20|2XS:20|XS:20|S:10|M:10|L:10|XL:10"
250028,"2022-09-15 08:39:53.45","#OP1109",50.00,68.00,93.00,120.90,"2023-03-11","130109812","PO",4,,,,"","ALMA","OP1109A1",30071,3002,"2023-03-15","2023-04-20","USD",93.00,100,"3XS:20|2XS:20|XS:20|S:10|M:10|L:10|XL:10"
250029,"2022-09-15 08:39:53.45","#OP1110",50.00,68.00,93.00,120.90,"2023-03-11","130109812","PO",4,,,,"","ALMA","OP1110A0",30072,4002,"2023-03-15","2023-04-20","USD",93.00,100,"3XS:20|2XS:20|XS:20|S:10|M:10|L:10|XL:10"
250026,"2022-09-15 08:39:53.45","#OP1111",50.00,68.00,93.00,120.90,"2023-03-11","130109812","PO",4,,,,"","ALMA","OP1111A1",30073,5002,"2023-03-15","2023-04-20","USD",93.00,100,"3XS:20|2XS:20|XS:20|S:10|M:10|L:10|XL:10"
250027,"2022-09-15 08:39:53.45","#OP1112",50.00,68.00,93.00,120.90,"2023-03-11","130109812","PO",4,,,,"","ALMA","OP1112A0",30029,6002,"2023-03-15","2023-04-20","USD",93.00,100,"3XS:20|2XS:20|XS:20|S:10|M:10|L:10|XL:10"
250028,"2022-09-15 08:39:53.45","#OP1113",50.00,68.00,93.00,120.90,"2023-03-11","130109812","PO",4,,,,"","ALMA","OP1113A1",30013,8002,"2023-03-15","2023-04-20","USD",93.00,100,"3XS:20|2XS:20|XS:20|S:10|M:10|L:10|XL:10"
250026,"2022-09-15 08:39:53.45","#OP1114",50.00,68.00,93.00,120.90,"2023-03-11","130109814","PO",4,,,,"","ALMA","OP1114A1",30022,1002,"2023-03-15","2023-04-20","USD",93.00,100,"3XS:20|2XS:20|XS:20|S:10|M:10|L:10|XL:10"
250027,"2022-09-15 08:39:53.45","#OP1115",50.00,68.00,93.00,120.90,"2023-03-11","130109814","PO",4,,,,"","ALMA","OP1115A0",30045,1016,"2023-03-15","2023-04-20","USD",93.00,100,"3XS:20|2XS:20|XS:20|S:10|M:10|L:10|XL:10"
250028,"2022-09-15 08:39:53.45","#OP1116",50.00,68.00,93.00,120.90,"2023-03-11","130109814","PO",4,,,,"","ALMA","OP1116A1",30046,3002,"2023-03-15","2023-04-20","USD",93.00,100,"3XS:20|2XS:20|XS:20|S:10|M:10|L:10|XL:10"
250029,"2022-09-15 08:39:53.45","#OP1117",50.00,68.00,93.00,120.90,"2023-03-11","130109814","PO",4,,,,"","ALMA","OP1117A0",30047,4002,"2023-03-15","2023-04-20","USD",93.00,100,"3XS:20|2XS:20|XS:20|S:10|M:10|L:10|XL:10"
250026,"2022-09-15 08:39:53.45","#OP1118",50.00,68.00,93.00,120.90,"2023-03-11","130109814","PO",4,,,,"","ALMA","OP1118A1",30065,5002,"2023-03-15","2023-04-20","USD",93.00,100,"3XS:20|2XS:20|XS:20|S:10|M:10|L:10|XL:10"
250027,"2022-09-15 08:39:53.45","#OP1119",50.00,68.00,93.00,120.90,"2023-03-11","130109814","PO",4,,,,"","ALMA","OP1119A0",30074,6002,"2023-03-15","2023-04-20","USD",93.00,100,"3XS:20|2XS:20|XS:20|S:10|M:10|L:10|XL:10"
250028,"2022-09-15 08:39:53.45","#OP1120",50.00,68.00,93.00,120.90,"2023-03-11","130109814","PO",4,,,,"","ALMA","OP1120A1",30075,8002,"2023-03-15","2023-04-20","USD",93.00,100,"3XS:20|2XS:20|XS:20|S:10|M:10|L:10|XL:10"
250026,"2022-09-15 08:39:53.45","#OP1121",50.00,68.00,93.00,120.90,"2023-03-11","130109823","PO",4,,,,"","ALMA","OP1121A1",30025,1002,"2023-03-15","2023-04-20","USD",93.00,100,"3XS:20|2XS:20|XS:20|S:10|M:10|L:10|XL:10"
250027,"2022-09-15 08:39:53.45","#OP1122",50.00,68.00,93.00,120.90,"2023-03-11","130109823","PO",4,,,,"","ALMA","OP1122A0",30026,1016,"2023-03-15","2023-04-20","USD",93.00,100,"3XS:20|2XS:20|XS:20|S:10|M:10|L:10|XL:10"
250028,"2022-09-15 08:39:53.45","#OP1123",50.00,68.00,93.00,120.90,"2023-03-11","130109823","PO",4,,,,"","ALMA","OP1123A1",30027,3002,"2023-03-15","2023-04-20","USD",93.00,100,"3XS:20|2XS:20|XS:20|S:10|M:10|L:10|XL:10"
250029,"2022-09-15 08:39:53.45","#OP1124",50.00,68.00,93.00,120.90,"2023-03-11","130109823","PO",4,,,,"","ALMA","OP1124A0",30066,4002,"2023-03-15","2023-04-20","USD",93.00,100,"3XS:20|2XS:20|XS:20|S:10|M:10|L:10|XL:10"
250026,"2022-09-15 08:39:53.45","#OP1125",50.00,68.00,93.00,120.90,"2023-03-11","130109823","PO",4,,,,"","ALMA","OP1125A1",30067,5002,"2023-03-15","2023-04-20","USD",93.00,100,"3XS:20|2XS:20|XS:20|S:10|M:10|L:10|XL:10"
250027,"2022-09-15 08:39:53.45","#OP1126",50.00,68.00,93.00,120.90,"2023-03-11","130109823","PO",4,,,,"","ALMA","OP1126A0",30068,6002,"2023-03-15","2023-04-20","USD",93.00,100,"3XS:20|2XS:20|XS:20|S:10|M:10|L:10|XL:10"
250028,"2022-09-15 08:39:53.45","#OP1127",50.00,68.00,93.00,120.90,"2023-03-11","130109823","PO",4,,,,"","ALMA","OP1127A1",30069,8002,"2023-03-15","2023-04-20","USD",93.00,100,"3XS:20|2XS:20|XS:20|S:10|M:10|L:10|XL:10"
250026,"2022-09-15 08:39:53.45","#OP1128",50.00,68.00,93.00,120.90,"2023-03-11","130109835","PO",4,,,,"","ALMA","OP1128A1",30070,1002,"2023-03-15","2023-04-20","USD",93.00,100,"3XS:20|2XS:20|XS:20|S:10|M:10|L:10|XL:10"
250027,"2022-09-15 08:39:53.45","#OP1129",50.00,68.00,93.00,120.90,"2023-03-11","130109835","PO",4,,,,"","ALMA","OP1129A0",30071,1016,"2023-03-15","2023-04-20","USD",93.00,100,"3XS:20|2XS:20|XS:20|S:10|M:10|L:10|XL:10"
250028,"2022-09-15 08:39:53.45","#OP1130",50.00,68.00,93.00,120.90,"2023-03-11","130109835","PO",4,,,,"","ALMA","OP1130A1",30072,3002,"2023-03-15","2023-04-20","USD",93.00,100,"3XS:20|2XS:20|XS:20|S:10|M:10|L:10|XL:10"
250029,"2022-09-15 08:39:53.45","#OP1131",50.00,68.00,93.00,120.90,"2023-03-11","130109835","PO",4,,,,"","ALMA","OP1131A0",30073,4002,"2023-03-15","2023-04-20","USD",93.00,100,"3XS:20|2XS:20|XS:20|S:10|M:10|L:10|XL:10"
250026,"2022-09-15 08:39:53.45","#OP1132",50.00,68.00,93.00,120.90,"2023-03-11","130109835","PO",4,,,,"","ALMA","OP1132A1",30029,5002,"2023-03-15","2023-04-20","USD",93.00,100,"3XS:20|2XS:20|XS:20|S:10|M:10|L:10|XL:10"
250027,"2022-09-15 08:39:53.45","#OP1133",50.00,68.00,93.00,120.90,"2023-03-11","130109835","PO",4,,,,"","ALMA","OP1133A0",30013,6002,"2023-03-15","2023-04-20","USD",93.00,100,"3XS:20|2XS:20|XS:20|S:10|M:10|L:10|XL:10"
250028,"2022-09-15 08:39:53.45","#OP1134",50.00,68.00,93.00,120.90,"2023-03-11","130109835","PO",4,,,,"","ALMA","OP1134A1",30022,8002,"2023-03-15","2023-04-20","USD",93.00,100,"3XS:20|2XS:20|XS:20|S:10|M:10|L:10|XL:10"
250026,"2022-09-15 08:39:53.45","#OP1135",50.00,68.00,93.00,120.90,"2023-03-11","130109853","PO",4,,,,"","ALMA","OP1135A1",30045,1002,"2023-03-15","2023-04-20","USD",93.00,100,"3XS:20|2XS:20|XS:20|S:10|M:10|L:10|XL:10"
250027,"2022-09-15 08:39:53.45","#OP1136",50.00,68.00,93.00,120.90,"2023-03-11","130109853","PO",4,,,,"","ALMA","OP1136A0",30046,1016,"2023-03-15","2023-04-20","USD",93.00,100,"3XS:20|2XS:20|XS:20|S:10|M:10|L:10|XL:10"
250028,"2022-09-15 08:39:53.45","#OP1137",50.00,68.00,93.00,120.90,"2023-03-11","130109853","PO",4,,,,"","ALMA","OP1137A1",30047,3002,"2023-03-15","2023-04-20","USD",93.00,100,"3XS:20|2XS:20|XS:20|S:10|M:10|L:10|XL:10"
250029,"2022-09-15 08:39:53.45","#OP1138",50.00,68.00,93.00,120.90,"2023-03-11","130109853","PO",4,,,,"","ALMA","OP1138A0",30065,4002,"2023-03-15","2023-04-20","USD",93.00,100,"3XS:20|2XS:20|XS:20|S:10|M:10|L:10|XL:10"
250026,"2022-09-15 08:39:53.45","#OP1139",50.00,68.00,93.00,120.90,"2023-03-11","130109853","PO",4,,,,"","ALMA","OP1139A1",30074,5002,"2023-03-15","2023-04-20","USD",93.00,100,"3XS:20|2XS:20|XS:20|S:10|M:10|L:10|XL:10"
250027,"2022-09-15 08:39:53.45","#OP1140",50.00,68.00,93.00,120.90,"2023-03-11","130109853","PO",4,,,,"","ALMA","OP1140A0",30075,6002,"2023-03-15","2023-04-20","USD",93.00,100,"3XS:20|2XS:20|XS:20|S:10|M:10|L:10|XL:10"
250028,"2022-09-15 08:39:53.45","#OP1141",50.00,68.00,93.00,120.90,"2023-03-11","130109853","PO",4,,,,"","ALMA","OP1141A1",30025,8002,"2023-03-15","2023-04-20","USD",93.00,100,"3XS:20|2XS:20|XS:20|S:10|M:10|L:10|XL:10"
250026,"2022-09-15 08:39:53.45","#OP1142",50.00,68.00,93.00,120.90,"2023-03-11","130109857","PO",4,,,,"","ALMA","OP1142A1",30026,1002,"2023-03-15","2023-04-20","USD",93.00,100,"3XS:20|2XS:20|XS:20|S:10|M:10|L:10|XL:10"
250027,"2022-09-15 08:39:53.45","#OP1143",50.00,68.00,93.00,120.90,"2023-03-11","130109857","PO",4,,,,"","ALMA","OP1143A0",30027,1016,"2023-03-15","2023-04-20","USD",93.00,100,"3XS:20|2XS:20|XS:20|S:10|M:10|L:10|XL:10"
250028,"2022-09-15 08:39:53.45","#OP1144",50.00,68.00,93.00,120.90,"2023-03-11","130109857","PO",4,,,,"","ALMA","OP1144A1",30066,3002,"2023-03-15","2023-04-20","USD",93.00,100,"3XS:20|2XS:20|XS:20|S:10|M:10|L:10|XL:10"
250029,"2022-09-15 08:39:53.45","#OP1145",50.00,68.00,93.00,120.90,"2023-03-11","130109857","PO",4,,,,"","ALMA","OP1145A0",30067,4002,"2023-03-15","2023-04-20","USD",93.00,100,"3XS:20|2XS:20|XS:20|S:10|M:10|L:10|XL:10"
250026,"2022-09-15 08:39:53.45","#OP1146",50.00,68.00,93.00,120.90,"2023-03-11","130109857","PO",4,,,,"","ALMA","OP1146A1",30068,5002,"2023-03-15","2023-04-20","USD",93.00,100,"3XS:20|2XS:20|XS:20|S:10|M:10|L:10|XL:10"
250027,"2022-09-15 08:39:53.45","#OP1147",50.00,68.00,93.00,120.90,"2023-03-11","130109857","PO",4,,,,"","ALMA","OP1147A0",30069,6002,"2023-03-15","2023-04-20","USD",93.00,100,"3XS:20|2XS:20|XS:20|S:10|M:10|L:10|XL:10"
250028,"2022-09-15 08:39:53.45","#OP1148",50.00,68.00,93.00,120.90,"2023-03-11","130109857","PO",4,,,,"","ALMA","OP1148A1",30070,8002,"2023-03-15","2023-04-20","USD",93.00,100,"3XS:20|2XS:20|XS:20|S:10|M:10|L:10|XL:10"
250026,"2022-09-15 08:39:53.45","#OP1149",50.00,68.00,93.00,120.90,"2023-03-11","130109861","PO",4,,,,"","ALMA","OP1149A1",30071,1002,"2023-03-15","2023-04-20","USD",93.00,100,"3XS:20|2XS:20|XS:20|S:10|M:10|L:10|XL:10"
250027,"2022-09-15 08:39:53.45","#OP1150",50.00,68.00,93.00,120.90,"2023-03-11","130109861","PO",4,,,,"","ALMA","OP1150A0",30072,1016,"2023-03-15","2023-04-20","USD",93.00,100,"3XS:20|2XS:20|XS:20|S:10|M:10|L:10|XL:10"
250028,"2022-09-15 08:39:53.45","#OP1151",50.00,68.00,93.00,120.90,"2023-03-11","130109861","PO",4,,,,"","ALMA","OP1151A1",30073,3002,"2023-03-15","2023-04-20","USD",93.00,100,"3XS:20|2XS:20|XS:20|S:10|M:10|L:10|XL:10"
250029,"2022-09-15 08:39:53.45","#OP1152",50.00,68.00,93.00,120.90,"2023-03-11","130109861","PO",4,,,,"","ALMA","OP1152A0",30029,4002,"2023-03-15","2023-04-20","USD",93.00,100,"3XS:20|2XS:20|XS:20|S:10|M:10|L:10|XL:10"
250026,"2022-09-15 08:39:53.45","#OP1153",50.00,68.00,93.00,120.90,"2023-03-11","130109861","PO",4,,,,"","ALMA","OP1153A1",30013,5002,"2023-03-15","2023-04-20","USD",93.00,100,"3XS:20|2XS:20|XS:20|S:10|M:10|L:10|XL:10"
250027,"2022-09-15 08:39:53.45","#OP1154",50.00,68.00,93.00,120.90,"2023-03-11","130109861","PO",4,,,,"","ALMA","OP1154A0",30022,6002,"2023-03-15","2023-04-20","USD",93.00,100,"3XS:20|2XS:20|XS:20|S:10|M:10|L:10|XL:10"
250028,"2022-09-15 08:39:53.45","#OP1155",50.00,68.00,93.00,120.90,"2023-03-11","130109861","PO",4,,,,"","ALMA","OP1155A1",30045,8002,"2023-03-15","2023-04-20","USD",93.00,100,"3XS:20|2XS:20|XS:20|S:10|M:10|L:10|XL:10"
250026,"2022-09-15 08:39:53.45","#OP1156",50.00,68.00,93.00,120.90,"2023-03-11","130109872","PO",4,,,,"","ALMA","OP1156A1",30046,1002,"2023-03-15","2023-04-20","USD",93.00,100,"3XS:20|2XS:20|XS:20|S:10|M:10|L:10|XL:10"
250027,"2022-09-15 08:39:53.45","#OP1157",50.00,68.00,93.00,120.90,"2023-03-11","130109872","PO",4,,,,"","ALMA","OP1157A0",30047,1016,"2023-03-15","2023-04-20","USD",93.00,100,"3XS:20|2XS:20|XS:20|S:10|M:10|L:10|XL:10"
250028,"2022-09-15 08:39:53.45","#OP1158",50.00,68.00,93.00,120.90,"2023-03-11","130109872","PO",4,,,,"","ALMA","OP1158A1",30065,3002,"2023-03-15","2023-04-20","USD",93.00,100,"3XS:20|2XS:20|XS:20|S:10|M:10|L:10|XL:10"
250029,"2022-09-15 08:39:53.45","#OP1159",50.00,68.00,93.00,120.90,"2023-03-11","130109872","PO",4,,,,"","ALMA","OP1159A0",30074,4002,"2023-03-15","2023-04-20","USD",93.00,100,"3XS:20|2XS:20|XS:20|S:10|M:10|L:10|XL:10"
250026,"2022-09-15 08:39:53.45","#OP1160",50.00,68.00,93.00,120.90,"2023-03-11","130109872","PO",4,,,,"","ALMA","OP1160A1",30075,5002,"2023-03-15","2023-04-20","USD",93.00,100,"3XS:20|2XS:20|XS:20|S:10|M:10|L:10|XL:10"
250027,"2022-09-15 08:39:53.45","#OP1161",50.00,68.00,93.00,120.90,"2023-03-11","130109872","PO",4,,,,"","ALMA","OP1161A0",30025,6002,"2023-03-15","2023-04-20","USD",93.00,100,"3XS:20|2XS:20|XS:20|S:10|M:10|L:10|XL:10"
250028,"2022-09-15 08:39:53.45","#OP1162",50.00,68.00,93.00,120.90,"2023-03-11","130109872","PO",4,,,,"","ALMA","OP1162A1",30026,8002,"2023-03-15","2023-04-20","USD",93.00,100,"3XS:20|2XS:20|XS:20|S:10|M:10|L:10|XL:10"
250026,"2022-09-15 08:39:53.45","#OP1163",50.00,68.00,93.00,120.90,"2023-03-11","130109889","PO",4,,,,"","ALMA","OP1163A1",30027,1002,"2023-03-15","2023-04-20","USD",93.00,100,"3XS:20|2XS:20|XS:20|S:10|M:10|L:10|XL:10"
250027,"2022-09-15 08:39:53.45","#OP1164",50.00,68.00,93.00,120.90,"2023-03-11","130109889","PO",4,,,,"","ALMA","OP1164A0",30066,1016,"2023-03-15","2023-04-20","USD",93.00,100,"3XS:20|2XS:20|XS:20|S:10|M:10|L:10|XL:10"
250028,"2022-09-15 08:39:53.45","#OP1165",50.00,68.00,93.00,120.90,"2023-03-11","130109889","PO",4,,,,"","ALMA","OP1165A1",30067,3002,"2023-03-15","2023-04-20","USD",93.00,100,"3XS:20|2XS:20|XS:20|S:10|M:10|L:10|XL:10"
250029,"2022-09-15 08:39:53.45","#OP1166",50.00,68.00,93.00,120.90,"2023-03-11","130109889","PO",4,,,,"","ALMA","OP1166A0",30068,4002,"2023-03-15","2023-04-20","USD",93.00,100,"3XS:20|2XS:20|XS:20|S:10|M:10|L:10|XL:10"
250026,"2022-09-15 08:39:53.45","#OP1167",50.00,68.00,93.00,120.90,"2023-03-11","130109889","PO",4,,,,"","ALMA","OP1167A1",30069,5002,"2023-03-15","2023-04-20","USD",93.00,100,"3XS:20|2XS:20|XS:20|S:10|M:10|L:10|XL:10"
250027,"2022-09-15 08:39:53.45","#OP1168",50.00,68.00,93.00,120.90,"2023-03-11","130109889","PO",4,,,,"","ALMA","OP1168A0",30070,6002,"2023-03-15","2023-04-20","USD",93.00,100,"3XS:20|2XS:20|XS:20|S:10|M:10|L:10|XL:10"
250028,"2022-09-15 08:39:53.45","#OP1169",50.00,68.00,93.00,120.90,"2023-03-11","130109889","PO",4,,,,"","ALMA","OP1169A1",30071,8002,"2023-03-15","2023-04-20","USD",93.00,100,"3XS:20|2XS:20|XS:20|S:10|M:10|L:10|XL:10"
250026,"2022-09-15 08:39:53.45","#OP1170",50.00,68.00,93.00,120.90,"2023-03-11","130109898","PO",4,,,,"","ALMA","OP1170A1",30072,1002,"2023-03-15","2023-04-20","USD",93.00,100,"3XS:20|2XS:20|XS:20|S:10|M:10|L:10|XL:10"
250027,"2022-09-15 08:39:53.45","#OP1171",50.00,68.00,93.00,120.90,"2023-03-11","130109898","PO",4,,,,"","ALMA","OP1171A0",30073,1016,"2023-03-15","2023-04-20","USD",93.00,100,"3XS:20|2XS:20|XS:20|S:10|M:10|L:10|XL:10"
250028,"2022-09-15 08:39:53.45","#OP1172",50.00,68.00,93.00,120.90,"2023-03-11","130109898","PO",4,,,,"","ALMA","OP1172A1",30029,3002,"2023-03-15","2023-04-20","USD",93.00,100,"3XS:20|2XS:20|XS:20|S:10|M:10|L:10|XL:10"
250029,"2022-09-15 08:39:53.45","#OP1173",50.00,68.00,93.00,120.90,"2023-03-11","130109898","PO",4,,,,"","ALMA","OP1173A0",30013,4002,"2023-03-15","2023-04-20","USD",93.00,100,"3XS:20|2XS:20|XS:20|S:10|M:10|L:10|XL:10"
250026,"2022-09-15 08:39:53.45","#OP1174",50.00,68.00,93.00,120.90,"2023-03-11","130109898","PO",4,,,,"","ALMA","OP1174A1",30022,5002,"2023-03-15","2023-04-20","USD",93.00,100,"3XS:20|2XS:20|XS:20|S:10|M:10|L:10|XL:10"
250027,"2022-09-15 08:39:53.45","#OP1175",50.00,68.00,93.00,120.90,"2023-03-11","130109898","PO",4,,,,"","ALMA","OP1175A0",30045,6002,"2023-03-15","2023-04-20","USD",93.00,100,"3XS:20|2XS:20|XS:20|S:10|M:10|L:10|XL:10"
250028,"2022-09-15 08:39:53.45","#OP1176",50.00,68.00,93.00,120.90,"2023-03-11","130109898","PO",4,,,,"","ALMA","OP1176A1",30046,8002,"2023-03-15","2023-04-20","USD",93.00,100,"3XS:20|2XS:20|XS:20|S:10|M:10|L:10|XL:10"
250026,"2022-09-15 08:39:53.45","#OP1177",50.00,68.00,93.00,120.90,"2023-03-11","130109901","PO",4,,,,"","ALMA","OP1177A1",30047,1002,"2023-03-15","2023-04-20","USD",93.00,100,"3XS:20|2XS:20|XS:20|S:10|M:10|L:10|XL:10"
250027,"2022-09-15 08:39:53.45","#OP1178",50.00,68.00,93.00,120.90,"2023-03-11","130109901","PO",4,,,,"","ALMA","OP1178A0",30065,1016,"2023-03-15","2023-04-20","USD",93.00,100,"3XS:20|2XS:20|XS:20|S:10|M:10|L:10|XL:10"
250028,"2022-09-15 08:39:53.45","#OP1179",50.00,68.00,93.00,120.90,"2023-03-11","130109901","PO",4,,,,"","ALMA","OP1179A1",30074,3002,"2023-03-15","2023-04-20","USD",93.00,100,"3XS:20|2XS:20|XS:20|S:10|M:10|L:10|XL:10"
250029,"2022-09-15 08:39:53.45","#OP1180",50.00,68.00,93.00,120.90,"2023-03-11","130109901","PO",4,,,,"","ALMA","OP1180A0",30075,4002,"2023-03-15","2023-04-20","USD",93.00,100,"3XS:20|2XS:20|XS:20|S:10|M:10|L:10|XL:10"
250026,"2022-09-15 08:39:53.45","#OP1181",50.00,68.00,93.00,120.90,"2023-03-11","130109901","PO",4,,,,"","ALMA","OP1181A1",30025,5002,"2023-03-15","2023-04-20","USD",93.00,100,"3XS:20|2XS:20|XS:20|S:10|M:10|L:10|XL:10"
250027,"2022-09-15 08:39:53.45","#OP1182",50.00,68.00,93.00,120.90,"2023-03-11","130109901","PO",4,,,,"","ALMA","OP1182A0",30026,6002,"2023-03-15","2023-04-20","USD",93.00,100,"3XS:20|2XS:20|XS:20|S:10|M:10|L:10|XL:10"
250028,"2022-09-15 08:39:53.45","#OP1183",50.00,68.00,93.00,120.90,"2023-03-11","130109901","PO",4,,,,"","ALMA","OP1183A1",30027,8002,"2023-03-15","2023-04-20","USD",93.00,100,"3XS:20|2XS:20|XS:20|S:10|M:10|L:10|XL:10"
250026,"2022-09-15 08:39:53.45","#OP1184",50.00,68.00,93.00,120.90,"2023-03-11","130109908","PO",4,,,,"","ALMA","OP1184A1",30066,1002,"2023-03-15","2023-04-20","USD",93.00,100,"3XS:20|2XS:20|XS:20|S:10|M:10|L:10|XL:10"
250027,"2022-09-15 08:39:53.45","#OP1185",50.00,68.00,93.00,120.90,"2023-03-11","130109908","PO",4,,,,"","ALMA","OP1185A0",30067,1016,"2023-03-15","2023-04-20","USD",93.00,100,"3XS:20|2XS:20|XS:20|S:10|M:10|L:10|XL:10"
250028,"2022-09-15 08:39:53.45","#OP1186",50.00,68.00,93.00,120.90,"2023-03-11","130109908","PO",4,,,,"","ALMA","OP1186A1",30068,3002,"2023-03-15","2023-04-20","USD",93.00,100,"3XS:20|2XS:20|XS:20|S:10|M:10|L:10|XL:10"
250029,"2022-09-15 08:39:53.45","#OP1187",50.00,68.00,93.00,120.90,"2023-03-11","130109908","PO",4,,,,"","ALMA","OP1187A0",30069,4002,"2023-03-15","2023-04-20","USD",93.00,100,"3XS:20|2XS:20|XS:20|S:10|M:10|L:10|XL:10"
250026,"2022-09-15 08:39:53.45","#OP1188",50.00,68.00,93.00,120.90,"2023-03-11","130109908","PO",4,,,,"","ALMA","OP1188A1",30070,5002,"2023-03-15","2023-04-20","USD",93.00,100,"3XS:20|2XS:20|XS:20|S:10|M:10|L:10|XL:10"
250027,"2022-09-15 08:39:53.45","#OP1189",50.00,68.00,93.00,120.90,"2023-03-11","130109908","PO",4,,,,"","ALMA","OP1189A0",30071,6002,"2023-03-15","2023-04-20","USD",93.00,100,"3XS:20|2XS:20|XS:20|S:10|M:10|L:10|XL:10"
250028,"2022-09-15 08:39:53.45","#OP1190",50.00,68.00,93.00,120.90,"2023-03-11","130109908","PO",4,,,,"","ALMA","OP1190A1",30072,8002,"2023-03-15","2023-04-20","USD",93.00,100,"3XS:20|2XS:20|XS:20|S:10|M:10|L:10|XL:10"
250026,"2022-09-15 08:39:53.45","#OP1191",50.00,68.00,93.00,120.90,"2023-03-11","130109910","PO",4,,,,"","ALMA","OP1191A1",30073,1002,"2023-03-15","2023-04-20","USD",93.00,100,"3XS:20|2XS:20|XS:20|S:10|M:10|L:10|XL:10"
250027,"2022-09-15 08:39:53.45","#OP1192",50.00,68.00,93.00,120.90,"2023-03-11","130109910","PO",4,,,,"","ALMA","OP1192A0",30029,1016,"2023-03-15","2023-04-20","USD",93.00,100,"3XS:20|2XS:20|XS:20|S:10|M:10|L:10|XL:10"
250028,"2022-09-15 08:39:53.45","#OP1193",50.00,68.00,93.00,120.90,"2023-03-11","130109910","PO",4,,,,"","ALMA","OP1193A1",30013,3002,"2023-03-15","2023-04-20","USD",93.00,100,"3XS:20|2XS:20|XS:20|S:10|M:10|L:10|XL:10"
250029,"2022-09-15 08:39:53.45","#OP1194",50.00,68.00,93.00,120.90,"2023-03-11","130109910","PO",4,,,,"","ALMA","OP1194A0",30022,4002,"2023-03-15","2023-04-20","USD",93.00,100,"3XS:20|2XS:20|XS:20|S:10|M:10|L:10|XL:10"
250026,"2022-09-15 08:39:53.45","#OP1195",50.00,68.00,93.00,120.90,"2023-03-11","130109910","PO",4,,,,"","ALMA","OP1195A1",30045,5002,"2023-03-15","2023-04-20","USD",93.00,100,"3XS:20|2XS:20|XS:20|S:10|M:10|L:10|XL:10"
250027,"2022-09-15 08:39:53.45","#OP1196",50.00,68.00,93.00,120.90,"2023-03-11","130109910","PO",4,,,,"","ALMA","OP1196A0",30046,6002,"2023-03-15","2023-04-20","USD",93.00,100,"3XS:20|2XS:20|XS:20|S:10|M:10|L:10|XL:10"
250028,"2022-09-15 08:39:53.45","#OP1197",50.00,68.00,93.00,120.90,"2023-03-11","130109910","PO",4,,,,"","ALMA","OP1197A1",30047,8002,"2023-03-15","2023-04-20","USD",93.00,100,"3XS:20|2XS:20|XS:20|S:10|M:10|L:10|XL:10"
250026,"2022-09-15 08:39:53.45","#OP1198",50.00,68.00,93.00,120.90,"2023-03-11","130109911","PO",4,,,,"","ALMA","OP1198A1",30065,1002,"2023-03-15","2023-04-20","USD",93.00,100,"3XS:20|2XS:20|XS:20|S:10|M:10|L:10|XL:10"
250027,"2022-09-15 08:39:53.45","#OP1199",50.00,68.00,93.00,120.90,"2023-03-11","130109911","PO",4,,,,"","ALMA","OP1199A0",30074,1016,"2023-03-15","2023-04-20","USD",93.00,100,"3XS:20|2XS:20|XS:20|S:10|M:10|L:10|XL:10"
250028,"2022-09-15 08:39:53.45","#OP1200",50.00,68.00,93.00,120.90,"2023-03-11","130109911","PO",4,,,,"","ALMA","OP1200A1",30075,3002,"2023-03-15","2023-04-20","USD",93.00,100,"3XS:20|2XS:20|XS:20|S:10|M:10|L:10|XL:10"
250029,"2022-09-15 08:39:53.45","#OP1201",50.00,68.00,93.00,120.90,"2023-03-11","130109911","PO",4,,,,"","ALMA","OP1201A0",30025,4002,"2023-03-15","2023-04-20","USD",93.00,100,"3XS:20|2XS:20|XS:20|S:10|M:10|L:10|XL:10"
250026,"2022-09-15 08:39:53.45","#OP1202",50.00,68.00,93.00,120.90,"2023-03-11","130109911","PO",4,,,,"","ALMA","OP1202A1",30026,5002,"2023-03-15","2023-04-20","USD",93.00,100,"3XS:20|2XS:20|XS:20|S:10|M:10|L:10|XL:10"
250027,"2022-09-15 08:39:53.45","#OP1203",50.00,68.00,93.00,120.90,"2023-03-11","130109911","PO",4,,,,"","ALMA","OP1203A0",30027,6002,"2023-03-15","2023-04-20","USD",93.00,100,"3XS:20|2XS:20|XS:20|S:10|M:10|L:10|XL:10"
250028,"2022-09-15 08:39:53.45","#OP1204",50.00,68.00,93.00,120.90,"2023-03-11","130109911","PO",4,,,,"","ALMA","OP1204A1",30066,8002,"2023-03-15","2023-04-20","USD",93.00,100,"3XS:20|2XS:20|XS:20|S:10|M:10|L:10|XL:10"
250026,"2022-09-15 08:39:53.45","#OP1205",50.00,68.00,93.00,120.90,"2023-03-11","130109920","PO",4,,,,"","ALMA","OP1205A1",30067,1002,"2023-03-15","2023-04-20","USD",93.00,100,"3XS:20|2XS:20|XS:20|S:10|M:10|L:10|XL:10"
250027,"2022-09-15 08:39:53.45","#OP1206",50.00,68.00,93.00,120.90,"2023-03-11","130109920","PO",4,,,,"","ALMA","OP1206A0",30068,1016,"2023-03-15","2023-04-20","USD",93.00,100,"3XS:20|2XS:20|XS:20|S:10|M:10|L:10|XL:10"
250028,"2022-09-15 08:39:53.45","#OP1207",50.00,68.00,93.00,120.90,"2023-03-11","130109920","PO",4,,,,"","ALMA","OP1207A1",30069,3002,"2023-03-15","2023-04-20","USD",93.00,100,"3XS:20|2XS:20|XS:20|S:10|M:10|L:10|XL:10"
250029,"2022-09-15 08:39:53.45","#OP1208",50.00,68.00,93.00,120.90,"2023-03-11","130109920","PO",4,,,,"","ALMA","OP1208A0",30070,4002,"2023-03-15","2023-04-20","USD",93.00,100,"3XS:20|2XS:20|XS:20|S:10|M:10|L:10|XL:10"
250026,"2022-09-15 08:39:53.45","#OP1209",50.00,68.00,93.00,120.90,"2023-03-11","130109920","PO",4,,,,"","ALMA","OP1209A1",30071,5002,"2023-03-15","2023-04-20","USD",93.00,100,"3XS:20|2XS:20|XS:20|S:10|M:10|L:10|XL:10"
250027,"2022-09-15 08:39:53.45","#OP1210",50.00,68.00,93.00,120.90,"2023-03-11","130109920","PO",4,,,,"","ALMA","OP1210A0",30072,6002,"2023-03-15","2023-04-20","USD",93.00,100,"3XS:20|2XS:20|XS:20|S:10|M:10|L:10|XL:10"
250028,"2022-09-15 08:39:53.45","#OP1211",50.00,68.00,93.00,120.90,"2023-03-11","130109920","PO",4,,,,"","ALMA","OP1211A1",30073,8002,"2023-03-15","2023-04-20","USD",93.00,100,"3XS:20|2XS:20|XS:20|S:10|M:10|L:10|XL:10"
250026,"2022-09-15 08:39:53.45","#OP1212",50.00,68.00,93.00,120.90,"2023-03-11","130109922","PO",4,,,,"","ALMA","OP1212A1",30029,1002,"2023-03-15","2023-04-20","USD",93.00,100,"3XS:20|2XS:20|XS:20|S:10|M:10|L:10|XL:10"
250027,"2022-09-15 08:39:53.45","#OP1213",50.00,68.00,93.00,120.90,"2023-03-11","130109922","PO",4,,,,"","ALMA","OP1213A0",30013,1016,"2023-03-15","2023-04-20","USD",93.00,100,"3XS:20|2XS:20|XS:20|S:10|M:10|L:10|XL:10"
250028,"2022-09-15 08:39:53.45","#OP1214",50.00,68.00,93.00,120.90,"2023-03-11","130109922","PO",4,,,,"","ALMA","OP1214A1",30022,3002,"2023-03-15","2023-04-20","USD",93.00,100,"3XS:20|2XS:20|XS:20|S:10|M:10|L:10|XL:10"
250029,"2022-09-15 08:39:53.45","#OP1215",50.00,68.00,93.00,120.90,"2023-03-11","130109922","PO",4,,,,"","ALMA","OP1215A0",30045,4002,"2023-03-15","2023-04-20","USD",93.00,100,"3XS:20|2XS:20|XS:20|S:10|M:10|L:10|XL:10"
250026,"2022-09-15 08:39:53.45","#OP1216",50.00,68.00,93.00,120.90,"2023-03-11","130109922","PO",4,,,,"","ALMA","OP1216A1",30046,5002,"2023-03-15","2023-04-20","USD",93.00,100,"3XS:20|2XS:20|XS:20|S:10|M:10|L:10|XL:10"
250027,"2022-09-15 08:39:53.45","#OP1217",50.00,68.00,93.00,120.90,"2023-03-11","130109922","PO",4,,,,"","ALMA","OP1217A0",30047,6002,"2023-03-15","2023-04-20","USD",93.00,100,"3XS:20|2XS:20|XS:20|S:10|M:10|L:10|XL:10"
250028,"2022-09-15 08:39:53.45","#OP1218",50.00,68.00,93.00,120.90,"2023-03-11","130109922","PO",4,,,,"","ALMA","OP1218A1",30065,8002,"2023-03-15","2023-04-20","USD",93.00,100,"3XS:20|2XS:20|XS:20|S:10|M:10|L:10|XL:10"
250026,"2022-09-15 08:39:53.45","#OP1219",50.00,68.00,93.00,120.90,"2023-03-11","130109930","PO",4,,,,"","ALMA","OP1219A1",30074,1002,"2023-03-15","2023-04-20","USD",93.00,100,"3XS:20|2XS:20|XS:20|S:10|M:10|L:10|XL:10"
250027,"2022-09-15 08:39:53.45","#OP1220",50.00,68.00,93.00,120.90,"2023-03-11","130109930","PO",4,,,,"","ALMA","OP1220A0",30075,1016,"2023-03-15","2023-04-20","USD",93.00,100,"3XS:20|2XS:20|XS:20|S:10|M:10|L:10|XL:10"
250028,"2022-09-15 08:39:53.45","#OP1221",50.00,68.00,93.00,120.90,"2023-03-11","130109930","PO",4,,,,"","ALMA","OP1221A1",30025,3002,"2023-03-15","2023-04-20","USD",93.00,100,"3XS:20|2XS:20|XS:20|S:10|M:10|L:10|XL:10"
250029,"2022-09-15 08:39:53.45","#OP1222",50.00,68.00,93.00,120.90,"2023-03-11","130109930","PO",4,,,,"","ALMA","OP1222A0",30026,4002,"2023-03-15","2023-04-20","USD",93.00,100,"3XS:20|2XS:20|XS:20|S:10|M:10|L:10|XL:10"
250026,"2022-09-15 08:39:53.45","#OP1223",50.00,68.00,93.00,120.90,"2023-03-11","130109930","PO",4,,,,"","ALMA","OP1223A1",30027,5002,"2023-03-15","2023-04-20","USD",93.00,100,"3XS:20|2XS:20|XS:20|S:10|M:10|L:10|XL:10"
250027,"2022-09-15 08:39:53.45","#OP1224",50.00,68.00,93.00,120.90,"2023-03-11","130109930","PO",4,,,,"","ALMA","OP1224A0",30066,6002,"2023-03-15","2023-04-20","USD",93.00,100,"3XS:20|2XS:20|XS:20|S:10|M:10|L:10|XL:10"
250028,"2022-09-15 08:39:53.45","#OP1225",50.00,68.00,93.00,120.90,"2023-03-11","130109930","PO",4,,,,"","ALMA","OP1225A1",30067,8002,"2023-03-15","2023-04-20","USD",93.00,100,"3XS:20|2XS:20|XS:20|S:10|M:10|L:10|XL:10"
250026,"2022-09-15 08:39:53.45","#OP1226",50.00,68.00,93.00,120.90,"2023-03-11","130109938","PO",4,,,,"","ALMA","OP1226A1",30068,1002,"2023-03-15","2023-04-20","USD",93.00,100,"3XS:20|2XS:20|XS:20|S:10|M:10|L:10|XL:10"
250027,"2022-09-15 08:39:53.45","#OP1227",50.00,68.00,93.00,120.90,"2023-03-11","130109938","PO",4,,,,"","ALMA","OP1227A0",30069,1016,"2023-03-15","2023-04-20","USD",93.00,100,"3XS:20|2XS:20|XS:20|S:10|M:10|L:10|XL:10"
250028,"2022-09-15 08:39:53.45","#OP1228",50.00,68.00,93.00,120.90,"2023-03-11","130109938","PO",4,,,,"","ALMA","OP1228A1",30070,3002,"2023-03-15","2023-04-20","USD",93.00,100,"3XS:20|2XS:20|XS:20|S:10|M:10|L:10|XL:10"
250029,"2022-09-15 08:39:53.45","#OP1229",50.00,68.00,93.00,120.90,"2023-03-11","130109938","PO",4,,,,"","ALMA","OP1229A0",30071,4002,"2023-03-15","2023-04-20","USD",93.00,100,"3XS:20|2XS:20|XS:20|S:10|M:10|L:10|XL:10"
250026,"2022-09-15 08:39:53.45","#OP1230",50.00,68.00,93.00,120.90,"2023-03-11","130109938","PO",4,,,,"","ALMA","OP1230A1",30072,5002,"2023-03-15","2023-04-20","USD",93.00,100,"3XS:20|2XS:20|XS:20|S:10|M:10|L:10|XL:10"
250027,"2022-09-15 08:39:53.45","#OP1231",50.00,68.00,93.00,120.90,"2023-03-11","130109938","PO",4,,,,"","ALMA","OP1231A0",30073,6002,"2023-03-15","2023-04-20","USD",93.00,100,"3XS:20|2XS:20|XS:20|S:10|M:10|L:10|XL:10"
250028,"2022-09-15 08:39:53.45","#OP1232",50.00,68.00,93.00,120.90,"2023-03-11","130109938","PO",4,,,,"","ALMA","OP1232A1",30029,8002,"2023-03-15","2023-04-20","USD",93.00,100,"3XS:20|2XS:20|XS:20|S:10|M:10|L:10|XL:10"
250026,"2022-09-15 08:39:53.45","#OP1233",50.00,68.00,93.00,120.90,"2023-03-11","130109944","PO",4,,,,"","ALMA","OP1233A1",30013,1002,"2023-03-15","2023-04-20","USD",93.00,100,"3XS:20|2XS:20|XS:20|S:10|M:10|L:10|XL:10"
250027,"2022-09-15 08:39:53.45","#OP1234",50.00,68.00,93.00,120.90,"2023-03-11","130109944","PO",4,,,,"","ALMA","OP1234A0",30022,1016,"2023-03-15","2023-04-20","USD",93.00,100,"3XS:20|2XS:20|XS:20|S:10|M:10|L:10|XL:10"
250028,"2022-09-15 08:39:53.45","#OP1235",50.00,68.00,93.00,120.90,"2023-03-11","130109944","PO",4,,,,"","ALMA","OP1235A1",30045,3002,"2023-03-15","2023-04-20","USD",93.00,100,"3XS:20|2XS:20|XS:20|S:10|M:10|L:10|XL:10"
250029,"2022-09-15 08:39:53.45","#OP1236",50.00,68.00,93.00,120.90,"2023-03-11","130109944","PO",4,,,,"","ALMA","OP1236A0",30046,4002,"2023-03-15","2023-04-20","USD",93.00,100,"3XS:20|2XS:20|XS:20|S:10|M:10|L:10|XL:10"
250026,"2022-09-15 08:39:53.45","#OP1237",50.00,68.00,93.00,120.90,"2023-03-11","130109944","PO",4,,,,"","ALMA","OP1237A1",30047,5002,"2023-03-15","2023-04-20","USD",93.00,100,"3XS:20|2XS:20|XS:20|S:10|M:10|L:10|XL:10"
250027,"2022-09-15 08:39:53.45","#OP1238",50.00,68.00,93.00,120.90,"2023-03-11","130109944","PO",4,,,,"","ALMA","OP1238A0",30065,6002,"2023-03-15","2023-04-20","USD",93.00,100,"3XS:20|2XS:20|XS:20|S:10|M:10|L:10|XL:10"
250028,"2022-09-15 08:39:53.45","#OP1239",50.00,68.00,93.00,120.90,"2023-03-11","130109944","PO",4,,,,"","ALMA","OP1239A1",30074,8002,"2023-03-15","2023-04-20","USD",93.00,100,"3XS:20|2XS:20|XS:20|S:10|M:10|L:10|XL:10"
250026,"2022-09-15 08:39:53.45","#OP1240",50.00,68.00,93.00,120.90,"2023-03-11","130109950","PO",4,,,,"","ALMA","OP1240A1",30075,1002,"2023-03-15","2023-04-20","USD",93.00,100,"3XS:20|2XS:20|XS:20|S:10|M:10|L:10|XL:10"
250027,"2022-09-15 08:39:53.45","#OP1241",50.00,68.00,93.00,120.90,"2023-03-11","130109950","PO",4,,,,"","ALMA","OP1241A0",30025,1016,"2023-03-15","2023-04-20","USD",93.00,100,"3XS:20|2XS:20|XS:20|S:10|M:10|L:10|XL:10"
250028,"2022-09-15 08:39:53.45","#OP1242",50.00,68.00,93.00,120.90,"2023-03-11","130109950","PO",4,,,,"","ALMA","OP1242A1",30026,3002,"2023-03-15","2023-04-20","USD",93.00,100,"3XS:20|2XS:20|XS:20|S:10|M:10|L:10|XL:10"
250029,"2022-09-15 08:39:53.45","#OP1243",50.00,68.00,93.00,120.90,"2023-03-11","130109950","PO",4,,,,"","ALMA","OP1243A0",30027,4002,"2023-03-15","2023-04-20","USD",93.00,100,"3XS:20|2XS:20|XS:20|S:10|M:10|L:10|XL:10"
250026,"2022-09-15 08:39:53.45","#OP1244",50.00,68.00,93.00,120.90,"2023-03-11","130109950","PO",4,,,,"","ALMA","OP1244A1",30066,5002,"2023-03-15","2023-04-20","USD",93.00,100,"3XS:20|2XS:20|XS:20|S:10|M:10|L:10|XL:10"
250027,"2022-09-15 08:39:53.45","#OP1245",50.00,68.00,93.00,120.90,"2023-03-11","130109950","PO",4,,,,"","ALMA","OP1245A0",30067,6002,"2023-03-15","2023-04-20","USD",93.00,100,"3XS:20|2XS:20|XS:20|S:10|M:10|L:10|XL:10"
250028,"2022-09-15 08:39:53.45","#OP1246",50.00,68.00,93.00,120.90,"2023-03-11","130109950","PO",4,,,,"","ALMA","OP1246A1",30068,8002,"2023-03-15","2023-04-20","USD",93.00,100,"3XS:20|2XS:20|XS:20|S:10|M:10|L:10|XL:10"
250026,"2022-09-15 08:39:53.45","#OP1247",50.00,68.00,93.00,120.90,"2023-03-11","130109951","PO",4,,,,"","ALMA","OP1247A1",30069,1002,"2023-03-15","2023-04-20","USD",93.00,100,"3XS:20|2XS:20|XS:20|S:10|M:10|L:10|XL:10"
250027,"2022-09-15 08:39:53.45","#OP1248",50.00,68.00,93.00,120.90,"2023-03-11","130109951","PO",4,,,,"","ALMA","OP1248A0",30070,1016,"2023-03-15","2023-04-20","USD",93.00,100,"3XS:20|2XS:20|XS:20|S:10|M:10|L:10|XL:10"
250028,"2022-09-15 08:39:53.45","#OP1249",50.00,68.00,93.00,120.90,"2023-03-11","130109951","PO",4,,,,"","ALMA","OP1249A1",30071,3002,"2023-03-15","2023-04-20","USD",93.00,100,"3XS:20|2XS:20|XS:20|S:10|M:10|L:10|XL:10"
250029,"2022-09-15 08:39:53.45","#OP1250",50.00,68.00,93.00,120.90,"2023-03-11","130109951","PO",4,,,,"","ALMA","OP1250A0",30072,4002,"2023-03-15","2023-04-20","USD",93.00,100,"3XS:20|2XS:20|XS:20|S:10|M:10|L:10|XL:10"
250026,"2022-09-15 08:39:53.45","#OP1251",50.00,68.00,93.00,120.90,"2023-03-11","130109951","PO",4,,,,"","ALMA","OP1251A1",30073,5002,"2023-03-15","2023-04-20","USD",93.00,100,"3XS:20|2XS:20|XS:20|S:10|M:10|L:10|XL:10"
250027,"2022-09-15 08:39:53.45","#OP1252",50.00,68.00,93.00,120.90,"2023-03-11","130109951","PO",4,,,,"","ALMA","OP1252A0",30029,6002,"2023-03-15","2023-04-20","USD",93.00,100,"3XS:20|2XS:20|XS:20|S:10|M:10|L:10|XL:10"
250028,"2022-09-15 08:39:53.45","#OP1253",50.00,68.00,93.00,120.90,"2023-03-11","130109951","PO",4,,,,"","ALMA","OP1253A1",30013,8002,"2023-03-15","2023-04-20","USD",93.00,100,"3XS:20|2XS:20|XS:20|S:10|M:10|L:10|XL:10"
250026,"2022-09-15 08:39:53.45","#OP1254",50.00,68.00,93.00,120.90,"2023-03-11","130109960","PO",4,,,,"","ALMA","OP1254A1",30022,1002,"2023-03-15","2023-04-20","USD",93.00,100,"3XS:20|2XS:20|XS:20|S:10|M:10|L:10|XL:10"
250027,"2022-09-15 08:39:53.45","#OP1255",50.00,68.00,93.00,120.90,"2023-03-11","130109960","PO",4,,,,"","ALMA","OP1255A0",30045,1016,"2023-03-15","2023-04-20","USD",93.00,100,"3XS:20|2XS:20|XS:20|S:10|M:10|L:10|XL:10"
250028,"2022-09-15 08:39:53.45","#OP1256",50.00,68.00,93.00,120.90,"2023-03-11","130109960","PO",4,,,,"","ALMA","OP1256A1",30046,3002,"2023-03-15","2023-04-20","USD",93.00,100,"3XS:20|2XS:20|XS:20|S:10|M:10|L:10|XL:10"
250029,"2022-09-15 08:39:53.45","#OP1257",50.00,68.00,93.00,120.90,"2023-03-11","130109960","PO",4,,,,"","ALMA","OP1257A0",30047,4002,"2023-03-15","2023-04-20","USD",93.00,100,"3XS:20|2XS:20|XS:20|S:10|M:10|L:10|XL:10"
250026,"2022-09-15 08:39:53.45","#OP1258",50.00,68.00,93.00,120.90,"2023-03-11","130109960","PO",4,,,,"","ALMA","OP1258A1",30065,5002,"2023-03-15","2023-04-20","USD",93.00,100,"3XS:20|2XS:20|XS:20|S:10|M:10|L:10|XL:10"
250027,"2022-09-15 08:39:53.45","#OP1259",50.00,68.00,93.00,120.90,"2023-03-11","130109960","PO",4,,,,"","ALMA","OP1259A0",30074,6002,"2023-03-15","2023-04-20","USD",93.00,100,"3XS:20|2XS:20|XS:20|S:10|M:10|L:10|XL:10"
250028,"2022-09-15 08:39:53.45","#OP1260",50.00,68.00,93.00,120.90,"2023-03-11","130109960","PO",4,,,,"","ALMA","OP1260A1",30075,8002,"2023-03-15","2023-04-20","USD",93.00,100,"3XS:20|2XS:20|XS:20|S:10|M:10|L:10|XL:10"
250026,"2022-09-15 08:39:53.45","#OP1261",50.00,68.00,93.00,120.90,"2023-03-11","130109968","PO",4,,,,"","ALMA","OP1261A1",30025,1002,"2023-03-15","2023-04-20","USD",93.00,100,"3XS:20|2XS:20|XS:20|S:10|M:10|L:10|XL:10"
250027,"2022-09-15 08:39:53.45","#OP1262",50.00,68.00,93.00,120.90,"2023-03-11","130109968","PO",4,,,,"","ALMA","OP1262A0",30026,1016,"2023-03-15","2023-04-20","USD",93.00,100,"3XS:20|2XS:20|XS:20|S:10|M:10|L:10|XL:10"
250028,"2022-09-15 08:39:53.45","#OP1263",50.00,68.00,93.00,120.90,"2023-03-11","130109968","PO",4,,,,"","ALMA","OP1263A1",30027,3002,"2023-03-15","2023-04-20","USD",93.00,100,"3XS:20|2XS:20|XS:20|S:10|M:10|L:10|XL:10"
250029,"2022-09-15 08:39:53.45","#OP1264",50.00,68.00,93.00,120.90,"2023-03-11","130109968","PO",4,,,,"","ALMA","OP1264A0",30066,4002,"2023-03-15","2023-04-20","USD",93.00,100,"3XS:20|2XS:20|XS:20|S:10|M:10|L:10|XL:10"
250026,"2022-09-15 08:39:53.45","#OP1265",50.00,68.00,93.00,120.90,"2023-03-11","130109968","PO",4,,,,"","ALMA","OP1265A1",30067,5002,"2023-03-15","2023-04-20","USD",93.00,100,"3XS:20|2XS:20|XS:20|S:10|M:10|L:10|XL:10"
250027,"2022-09-15 08:39:53.45","#OP1266",50.00,68.00,93.00,120.90,"2023-03-11","130109968","PO",4,,,,"","ALMA","OP1266A0",30068,6002,"2023-03-15","2023-04-20","USD",93.00,100,"3XS:20|2XS:20|XS:20|S:10|M:10|L:10|XL:10"
250028,"2022-09-15 08:39:53.45","#OP1267",50.00,68.00,93.00,120.90,"2023-03-11","130109968","PO",4,,,,"","ALMA","OP1267A1",30069,8002,"2023-03-15","2023-04-20","USD",93.00,100,"3XS:20|2XS:20|XS:20|S:10|M:10|L:10|XL:10"
250026,"2022-09-15 08:39:53.45","#OP1268",50.00,68.00,93.00,120.90,"2023-03-11","130109976","PO",4,,,,"","ALMA","OP1268A1",30070,1002,"2023-03-15","2023-04-20","USD",93.00,100,"3XS:20|2XS:20|XS:20|S:10|M:10|L:10|XL:10"
250027,"2022-09-15 08:39:53.45","#OP1269",50.00,68.00,93.00,120.90,"2023-03-11","130109976","PO",4,,,,"","ALMA","OP1269A0",30071,1016,"2023-03-15","2023-04-20","USD",93.00,100,"3XS:20|2XS:20|XS:20|S:10|M:10|L:10|XL:10"
250028,"2022-09-15 08:39:53.45","#OP1270",50.00,68.00,93.00,120.90,"2023-03-11","130109976","PO",4,,,,"","ALMA","OP1270A1",30072,3002,"2023-03-15","2023-04-20","USD",93.00,100,"3XS:20|2XS:20|XS:20|S:10|M:10|L:10|XL:10"
250029,"2022-09-15 08:39:53.45","#OP1271",50.00,68.00,93.00,120.90,"2023-03-11","130109976","PO",4,,,,"","ALMA","OP1271A0",30073,4002,"2023-03-15","2023-04-20","USD",93.00,100,"3XS:20|2XS:20|XS:20|S:10|M:10|L:10|XL:10"
250026,"2022-09-15 08:39:53.45","#OP1272",50.00,68.00,93.00,120.90,"2023-03-11","130109976","PO",4,,,,"","ALMA","OP1272A1",30029,5002,"2023-03-15","2023-04-20","USD",93.00,100,"3XS:20|2XS:20|XS:20|S:10|M:10|L:10|XL:10"
250027,"2022-09-15 08:39:53.45","#OP1273",50.00,68.00,93.00,120.90,"2023-03-11","130109976","PO",4,,,,"","ALMA","OP1273A0",30013,6002,"2023-03-15","2023-04-20","USD",93.00,100,"3XS:20|2XS:20|XS:20|S:10|M:10|L:10|XL:10"
250028,"2022-09-15 08:39:53.45","#OP1274",50.00,68.00,93.00,120.90,"2023-03-11","130109976","PO",4,,,,"","ALMA","OP1274A1",30022,8002,"2023-03-15","2023-04-20","USD",93.00,100,"3XS:20|2XS:20|XS:20|S:10|M:10|L:10|XL:10"
250026,"2022-09-15 08:39:53.45","#OP1275",50.00,68.00,93.00,120.90,"2023-03-11","130109989","PO",4,,,,"","ALMA","OP1275A1",30045,1002,"2023-03-15","2023-04-20","USD",93.00,100,"3XS:20|2XS:20|XS:20|S:10|M:10|L:10|XL:10"
250027,"2022-09-15 08:39:53.45","#OP1276",50.00,68.00,93.00,120.90,"2023-03-11","130109989","PO",4,,,,"","ALMA","OP1276A0",30046,1016,"2023-03-15","2023-04-20","USD",93.00,100,"3XS:20|2XS:20|XS:20|S:10|M:10|L:10|XL:10"
250028,"2022-09-15 08:39:53.45","#OP1277",50.00,68.00,93.00,120.90,"2023-03-11","130109989","PO",4,,,,"","ALMA","OP1277A1",30047,3002,"2023-03-15","2023-04-20","USD",93.00,100,"3XS:20|2XS:20|XS:20|S:10|M:10|L:10|XL:10"
250029,"2022-09-15 08:39:53.45","#OP1278",50.00,68.00,93.00,120.90,"2023-03-11","130109989","PO",4,,,,"","ALMA","OP1278A0",30065,4002,"2023-03-15","2023-04-20","USD",93.00,100,"3XS:20|2XS:20|XS:20|S:10|M:10|L:10|XL:10"
250026,"2022-09-15 08:39:53.45","#OP1279",50.00,68.00,93.00,120.90,"2023-03-11","130109989","PO",4,,,,"","ALMA","OP1279A1",30074,5002,"2023-03-15","2023-04-20","USD",93.00,100,"3XS:20|2XS:20|XS:20|S:10|M:10|L:10|XL:10"
250027,"2022-09-15 08:39:53.45","#OP1280",50.00,68.00,93.00,120.90,"2023-03-11","130109989","PO",4,,,,"","ALMA","OP1280A0",30075,6002,"2023-03-15","2023-04-20","USD",93.00,100,"3XS:20|2XS:20|XS:20|S:10|M:10|L:10|XL:10"
250028,"2022-09-15 08:39:53.45","#OP1281",50.00,68.00,93.00,120.90,"2023-03-11","130109989","PO",4,,,,"","ALMA","OP1281A1",30025,8002,"2023-03-15","2023-04-20","USD",93.00,100,"3XS:20|2XS:20|XS:20|S:10|M:10|L:10|XL:10"
250026,"2022-09-15 08:39:53.45","#OP1282",50.00,68.00,93.00,120.90,"2023-03-11","130110001","PO",4,,,,"","ALMA","OP1282A1",30026,1002,"2023-03-15","2023-04-20","USD",93.00,100,"3XS:20|2XS:20|XS:20|S:10|M:10|L:10|XL:10"
250027,"2022-09-15 08:39:53.45","#OP1283",50.00,68.00,93.00,120.90,"2023-03-11","130110001","PO",4,,,,"","ALMA","OP1283A0",30027,1016,"2023-03-15","2023-04-20","USD",93.00,100,"3XS:20|2XS:20|XS:20|S:10|M:10|L:10|XL:10"
250028,"2022-09-15 08:39:53.45","#OP1284",50.00,68.00,93.00,120.90,"2023-03-11","130110001","PO",4,,,,"","ALMA","OP1284A1",30066,3002,"2023-03-15","2023-04-20","USD",93.00,100,"3XS:20|2XS:20|XS:20|S:10|M:10|L:10|XL:10"
250029,"2022-09-15 08:39:53.45","#OP1285",50.00,68.00,93.00,120.90,"2023-03-11","130110001","PO",4,,,,"","ALMA","OP1285A0",30067,4002,"2023-03-15","2023-04-20","USD",93.00,100,"3XS:20|2XS:20|XS:20|S:10|M:10|L:10|XL:10"
250026,"2022-09-15 08:39:53.45","#OP1286",50.00,68.00,93.00,120.90,"2023-03-11","130110001","PO",4,,,,"","ALMA","OP1286A1",30068,5002,"2023-03-15","2023-04-20","USD",93.00,100,"3XS:20|2XS:20|XS:20|S:10|M:10|L:10|XL:10"
250027,"2022-09-15 08:39:53.45","#OP1287",50.00,68.00,93.00,120.90,"2023-03-11","130110001","PO",4,,,,"","ALMA","OP1287A0",30069,6002,"2023-03-15","2023-04-20","USD",93.00,100,"3XS:20|2XS:20|XS:20|S:10|M:10|L:10|XL:10"
250028,"2022-09-15 08:39:53.45","#OP1288",50.00,68.00,93.00,120.90,"2023-03-11","130110001","PO",4,,,,"","ALMA","OP1288A1",30070,8002,"2023-03-15","2023-04-20","USD",93.00,100,"3XS:20|2XS:20|XS:20|S:10|M:10|L:10|XL:10"
250026,"2022-09-15 08:39:53.45","#OP1289",50.00,68.00,93.00,120.90,"2023-03-11","130110011","PO",4,,,,"","ALMA","OP1289A1",30071,1002,"2023-03-15","2023-04-20","USD",93.00,100,"3XS:20|2XS:20|XS:20|S:10|M:10|L:10|XL:10"
250027,"2022-09-15 08:39:53.45","#OP1290",50.00,68.00,93.00,120.90,"2023-03-11","130110011","PO",4,,,,"","ALMA","OP1290A0",30072,1016,"2023-03-15","2023-04-20","USD",93.00,100,"3XS:20|2XS:20|XS:20|S:10|M:10|L:10|XL:10"
250028,"2022-09-15 08:39:53.45","#OP1291",50.00,68.00,93.00,120.90,"2023-03-11","130110011","PO",4,,,,"","ALMA","OP1291A1",30073,3002,"2023-03-15","2023-04-20","USD",93.00,100,"3XS:20|2XS:20|XS:20|S:10|M:10|L:10|XL:10"
250029,"2022-09-15 08:39:53.45","#OP1292",50.00,68.00,93.00,120.90,"2023-03-11","130110011","PO",4,,,,"","ALMA","OP1292A0",30029,4002,"2023-03-15","2023-04-20","USD",93.00,100,"3XS:20|2XS:20|XS:20|S:10|M:10|L:10|XL:10"
250026,"2022-09-15 08:39:53.45","#OP1293",50.00,68.00,93.00,120.90,"2023-03-11","130110011","PO",4,,,,"","ALMA","OP1293A1",30013,5002,"2023-03-15","2023-04-20","USD",93.00,100,"3XS:20|2XS:20|XS:20|S:10|M:10|L:10|XL:10"
250027,"2022-09-15 08:39:53.45","#OP1294",50.00,68.00,93.00,120.90,"2023-03-11","130110011","PO",4,,,,"","ALMA","OP1294A0",30022,6002,"2023-03-15","2023-04-20","USD",93.00,100,"3XS:20|2XS:20|XS:20|S:10|M:10|L:10|XL:10"
250028,"2022-09-15 08:39:53.45","#OP1295",50.00,68.00,93.00,120.90,"2023-03-11","130110011","PO",4,,,,"","ALMA","OP1295A1",30045,8002,"2023-03-15","2023-04-20","USD",93.00,100,"3XS:20|2XS:20|XS:20|S:10|M:10|L:10|XL:10"
250026,"2022-09-15 08:39:53.45","#OP1296",50.00,68.00,93.00,120.90,"2023-03-11","130110012","PO",4,,,,"","ALMA","OP1296A1",30046,1002,"2023-03-15","2023-04-20","USD",93.00,100,"3XS:20|2XS:20|XS:20|S:10|M:10|L:10|XL:10"
250027,"2022-09-15 08:39:53.45","#OP1297",50.00,68.00,93.00,120.90,"2023-03-11","130110012","PO",4,,,,"","ALMA","OP1297A0",30047,1016,"2023-03-15","2023-04-20","USD",93.00,100,"3XS:20|2XS:20|XS:20|S:10|M:10|L:10|XL:10"
250028,"2022-09-15 08:39:53.45","#OP1298",50.00,68.00,93.00,120.90,"2023-03-11","130110012","PO",4,,,,"","ALMA","OP1298A1",30065,3002,"2023-03-15","2023-04-20","USD",93.00,100,"3XS:20|2XS:20|XS:20|S:10|M:10|L:10|XL:10"
250029,"2022-09-15 08:39:53.45","#OP1299",50.00,68.00,93.00,120.90,"2023-03-11","130110012","PO",4,,,,"","ALMA","OP1299A0",30074,4002,"2023-03-15","2023-04-20","USD",93.00,100,"3XS:20|2XS:20|XS:20|S:10|M:10|L:10|XL:10"
250026,"2022-09-15 08:39:53.45","#OP1300",50.00,68.00,93.00,120.90,"2023-03-11","130110012","PO",4,,,,"","ALMA","OP1300A1",30075,5002,"2023-03-15","2023-04-20","USD",93.00,100,"3XS:20|2XS:20|XS:20|S:10|M:10|L:10|XL:10"
250027,"2022-09-15 08:39:53.45","#OP1301",50.00,68.00,93.00,120.90,"2023-03-11","130110012","PO",4,,,,"","ALMA","OP1301A0",30025,6002,"2023-03-15","2023-04-20","USD",93.00,100,"3XS:20|2XS:20|XS:20|S:10|M:10|L:10|XL:10"
250028,"2022-09-15 08:39:53.45","#OP1302",50.00,68.00,93.00,120.90,"2023-03-11","130110012","PO",4,,,,"","ALMA","OP1302A1",30026,8002,"2023-03-15","2023-04-20","USD",93.00,100,"3XS:20|2XS:20|XS:20|S:10|M:10|L:10|XL:10"
250026,"2022-09-15 08:39:53.45","#OP1303",50.00,68.00,93.00,120.90,"2023-03-11","130110021","PO",4,,,,"","ALMA","OP1303A1",30027,1002,"2023-03-15","2023-04-20","USD",93.00,100,"3XS:20|2XS:20|XS:20|S:10|M:10|L:10|XL:10"
250027,"2022-09-15 08:39:53.45","#OP1304",50.00,68.00,93.00,120.90,"2023-03-11","130110021","PO",4,,,,"","ALMA","OP1304A0",30066,1016,"2023-03-15","2023-04-20","USD",93.00,100,"3XS:20|2XS:20|XS:20|S:10|M:10|L:10|XL:10"
250028,"2022-09-15 08:39:53.45","#OP1305",50.00,68.00,93.00,120.90,"2023-03-11","130110021","PO",4,,,,"","ALMA","OP1305A1",30067,3002,"2023-03-15","2023-04-20","USD",93.00,100,"3XS:20|2XS:20|XS:20|S:10|M:10|L:10|XL:10"
250029,"2022-09-15 08:39:53.45","#OP1306",50.00,68.00,93.00,120.90,"2023-03-11","130110021","PO",4,,,,"","ALMA","OP1306A0",30068,4002,"2023-03-15","2023-04-20","USD",93.00,100,"3XS:20|2XS:20|XS:20|S:10|M:10|L:10|XL:10"
250026,"2022-09-15 08:39:53.45","#OP1307",50.00,68.00,93.00,120.90,"2023-03-11","130110021","PO",4,,,,"","ALMA","OP1307A1",30069,5002,"2023-03-15","2023-04-20","USD",93.00,100,"3XS:20|2XS:20|XS:20|S:10|M:10|L:10|XL:10"
250027,"2022-09-15 08:39:53.45","#OP1308",50.00,68.00,93.00,120.90,"2023-03-11","130110021","PO",4,,,,"","ALMA","OP1308A0",30070,6002,"2023-03-15","2023-04-20","USD",93.00,100,"3XS:20|2XS:20|XS:20|S:10|M:10|L:10|XL:10"
250028,"2022-09-15 08:39:53.45","#OP1309",50.00,68.00,93.00,120.90,"2023-03-11","130110021","PO",4,,,,"","ALMA","OP1309A1",30071,8002,"2023-03-15","2023-04-20","USD",93.00,100,"3XS:20|2XS:20|XS:20|S:10|M:10|L:10|XL:10"
250026,"2022-09-15 08:39:53.45","#OP1310",50.00,68.00,93.00,120.90,"2023-03-11","130110028","PO",4,,,,"","ALMA","OP1310A1",30072,1002,"2023-03-15","2023-04-20","USD",93.00,100,"3XS:20|2XS:20|XS:20|S:10|M:10|L:10|XL:10"
250027,"2022-09-15 08:39:53.45","#OP1311",50.00,68.00,93.00,120.90,"2023-03-11","130110028","PO",4,,,,"","ALMA","OP1311A0",30073,1016,"2023-03-15","2023-04-20","USD",93.00,100,"3XS:20|2XS:20|XS:20|S:10|M:10|L:10|XL:10"
250028,"2022-09-15 08:39:53.45","#OP1312",50.00,68.00,93.00,120.90,"2023-03-11","130110028","PO",4,,,,"","ALMA","OP1312A1",30029,3002,"2023-03-15","2023-04-20","USD",93.00,100,"3XS:20|2XS:20|XS:20|S:10|M:10|L:10|XL:10"
250029,"2022-09-15 08:39:53.45","#OP1313",50.00,68.00,93.00,120.90,"2023-03-11","130110028","PO",4,,,,"","ALMA","OP1313A0",30013,4002,"2023-03-15","2023-04-20","USD",93.00,100,"3XS:20|2XS:20|XS:20|S:10|M:10|L:10|XL:10"
250026,"2022-09-15 08:39:53.45","#OP1314",50.00,68.00,93.00,120.90,"2023-03-11","130110028","PO",4,,,,"","ALMA","OP1314A1",30022,5002,"2023-03-15","2023-04-20","USD",93.00,100,"3XS:20|2XS:20|XS:20|S:10|M:10|L:10|XL:10"
250027,"2022-09-15 08:39:53.45","#OP1315",50.00,68.00,93.00,120.90,"2023-03-11","130110028","PO",4,,,,"","ALMA","OP1315A0",30045,6002,"2023-03-15","2023-04-20","USD",93.00,100,"3XS:20|2XS:20|XS:20|S:10|M:10|L:10|XL:10"
250028,"2022-09-15 08:39:53.45","#OP1316",50.00,68.00,93.00,120.90,"2023-03-11","130110028","PO",4,,,,"","ALMA","OP1316A1",30046,8002,"2023-03-15","2023-04-20","USD",93.00,100,"3XS:20|2XS:20|XS:20|S:10|M:10|L:10|XL:10"
250026,"2022-09-15 08:39:53.45","#OP1317",50.00,68.00,93.00,120.90,"2023-03-11","130110029","PO",4,,,,"","ALMA","OP1317A1",30047,1002,"2023-03-15","2023-04-20","USD",93.00,100,"3XS:20|2XS:20|XS:20|S:10|M:10|L:10|XL:10"
250027,"2022-09-15 08:39:53.45","#OP1318",50.00,68.00,93.00,120.90,"2023-03-11","130110029","PO",4,,,,"","ALMA","OP1318A0",30065,1016,"2023-03-15","2023-04-20","USD",93.00,100,"3XS:20|2XS:20|XS:20|S:10|M:10|L:10|XL:10"
250028,"2022-09-15 08:39:53.45","#OP1319",50.00,68.00,93.00,120.90,"2023-03-11","130110029","PO",4,,,,"","ALMA","OP1319A1",30074,3002,"2023-03-15","2023-04-20","USD",93.00,100,"3XS:20|2XS:20|XS:20|S:10|M:10|L:10|XL:10"
250029,"2022-09-15 08:39:53.45","#OP1320",50.00,68.00,93.00,120.90,"2023-03-11","130110029","PO",4,,,,"","ALMA","OP1320A0",30075,4002,"2023-03-15","2023-04-20","USD",93.00,100,"3XS:20|2XS:20|XS:20|S:10|M:10|L:10|XL:10"
250026,"2022-09-15 08:39:53.45","#OP1321",50.00,68.00,93.00,120.90,"2023-03-11","130110029","PO",4,,,,"","ALMA","OP1321A1",30025,5002,"2023-03-15","2023-04-20","USD",93.00,100,"3XS:20|2XS:20|XS:20|S:10|M:10|L:10|XL:10"
250027,"2022-09-15 08:39:53.45","#OP1322",50.00,68.00,93.00,120.90,"2023-03-11","130110029","PO",4,,,,"","ALMA","OP1322A0",30026,6002,"2023-03-15","2023-04-20","USD",93.00,100,"3XS:20|2XS:20|XS:20|S:10|M:10|L:10|XL:10"
250028,"2022-09-15 08:39:53.45","#OP1323",50.00,68.00,93.00,120.90,"2023-03-11","130110029","PO",4,,,,"","ALMA","OP1323A1",30027,8002,"2023-03-15","2023-04-20","USD",93.00,100,"3XS:20|2XS:20|XS:20|S:10|M:10|L:10|XL:10"
250026,"2022-09-15 08:39:53.45","#OP1324",50.00,68.00,93.00,120.90,"2023-03-11","130110040","PO",4,,,,"","ALMA","OP1324A1",30066,1002,"2023-03-15","2023-04-20","USD",93.00,100,"3XS:20|2XS:20|XS:20|S:10|M:10|L:10|XL:10"
250027,"2022-09-15 08:39:53.45","#OP1325",50.00,68.00,93.00,120.90,"2023-03-11","130110040","PO",4,,,,"","ALMA","OP1325A0",30067,1016,"2023-03-15","2023-04-20","USD",93.00,100,"3XS:20|2XS:20|XS:20|S:10|M:10|L:10|XL:10"
250028,"2022-09-15 08:39:53.45","#OP1326",50.00,68.00,93.00,120.90,"2023-03-11","130110040","PO",4,,,,"","ALMA","OP1326A1",30068,3002,"2023-03-15","2023-04-20","USD",93.00,100,"3XS:20|2XS:20|XS:20|S:10|M:10|L:10|XL:10"
250029,"2022-09-15 08:39:53.45","#OP1327",50.00,68.00,93.00,120.90,"2023-03-11","130110040","PO",4,,,,"","ALMA","OP1327A0",30069,4002,"2023-03-15","2023-04-20","USD",93.00,100,"3XS:20|2XS:20|XS:20|S:10|M:10|L:10|XL:10"
250026,"2022-09-15 08:39:53.45","#OP1328",50.00,68.00,93.00,120.90,"2023-03-11","130110040","PO",4,,,,"","ALMA","OP1328A1",30070,5002,"2023-03-15","2023-04-20","USD",93.00,100,"3XS:20|2XS:20|XS:20|S:10|M:10|L:10|XL:10"
250027,"2022-09-15 08:39:53.45","#OP1329",50.00,68.00,93.00,120.90,"2023-03-11","130110040","PO",4,,,,"","ALMA","OP1329A0",30071,6002,"2023-03-15","2023-04-20","USD",93.00,100,"3XS:20|2XS:20|XS:20|S:10|M:10|L:10|XL:10"
250028,"2022-09-15 08:39:53.45","#OP1330",50.00,68.00,93.00,120.90,"2023-03-11","130110040","PO",4,,,,"","ALMA","OP1330A1",30072,8002,"2023-03-15","2023-04-20","USD",93.00,100,"3XS:20|2XS:20|XS:20|S:10|M:10|L:10|XL:10"
250026,"2022-09-15 08:39:53.45","#OP1331",50.00,68.00,93.00,120.90,"2023-03-11","130110053","PO",4,,,,"","ALMA","OP1331A1",30073,1002,"2023-03-15","2023-04-20","USD",93.00,100,"3XS:20|2XS:20|XS:20|S:10|M:10|L:10|XL:10"
250027,"2022-09-15 08:39:53.45","#OP1332",50.00,68.00,93.00,120.90,"2023-03-11","130110053","PO",4,,,,"","ALMA","OP1332A0",30029,1016,"2023-03-15","2023-04-20","USD",93.00,100,"3XS:20|2XS:20|XS:20|S:10|M:10|L:10|XL:10"
250028,"2022-09-15 08:39:53.45","#OP1333",50.00,68.00,93.00,120.90,"2023-03-11","130110053","PO",4,,,,"","ALMA","OP1333A1",30013,3002,"2023-03-15","2023-04-20","USD",93.00,100,"3XS:20|2XS:20|XS:20|S:10|M:10|L:10|XL:10"
250029,"2022-09-15 08:39:53.45","#OP1334",50.00,68.00,93.00,120.90,"2023-03-11","130110053","PO",4,,,,"","ALMA","OP1334A0",30022,4002,"2023-03-15","2023-04-20","USD",93.00,100,"3XS:20|2XS:20|XS:20|S:10|M:10|L:10|XL:10"
250026,"2022-09-15 08:39:53.45","#OP1335",50.00,68.00,93.00,120.90,"2023-03-11","130110053","PO",4,,,,"","ALMA","OP1335A1",30045,5002,"2023-03-15","2023-04-20","USD",93.00,100,"3XS:20|2XS:20|XS:20|S:10|M:10|L:10|XL:10"
250027,"2022-09-15 08:39:53.45","#OP1336",50.00,68.00,93.00,120.90,"2023-03-11","130110053","PO",4,,,,"","ALMA","OP1336A0",30046,6002,"2023-03-15","2023-04-20","USD",93.00,100,"3XS:20|2XS:20|XS:20|S:10|M:10|L:10|XL:10"
250028,"2022-09-15 08:39:53.45","#OP1337",50.00,68.00,93.00,120.90,"2023-03-11","130110053","PO",4,,,,"","ALMA","OP1337A1",30047,8002,"2023-03-15","2023-04-20","USD",93.00,100,"3XS:20|2XS:20|XS:20|S:10|M:10|L:10|XL:10"
250026,"2022-09-15 08:39:53.45","#OP1338",50.00,68.00,93.00,120.90,"2023-03-11","130110066","PO",4,,,,"","ALMA","OP1338A1",30065,1002,"2023-03-15","2023-04-20","USD",93.00,100,"3XS:20|2XS:20|XS:20|S:10|M:10|L:10|XL:10"
250027,"2022-09-15 08:39:53.45","#OP1339",50.00,68.00,93.00,120.90,"2023-03-11","130110066","PO",4,,,,"","ALMA","OP1339A0",30074,1016,"2023-03-15","2023-04-20","USD",93.00,100,"3XS:20|2XS:20|XS:20|S:10|M:10|L:10|XL:10"
250028,"2022-09-15 08:39:53.45","#OP1340",50.00,68.00,93.00,120.90,"2023-03-11","130110066","PO",4,,,,"","ALMA","OP1340A1",30075,3002,"2023-03-15","2023-04-20","USD",93.00,100,"3XS:20|2XS:20|XS:20|S:10|M:10|L:10|XL:10"
250029,"2022-09-15 08:39:53.45","#OP1341",50.00,68.00,93.00,120.90,"2023-03-11","130110066","PO",4,,,,"","ALMA","OP1341A0",30025,4002,"2023-03-15","2023-04-20","USD",93.00,100,"3XS:20|2XS:20|XS:20|S:10|M:10|L:10|XL:10"
250026,"2022-09-15 08:39:53.45","#OP1342",50.00,68.00,93.00,120.90,"2023-03-11","130110066","PO",4,,,,"","ALMA","OP1342A1",30026,5002,"2023-03-15","2023-04-20","USD",93.00,100,"3XS:20|2XS:20|XS:20|S:10|M:10|L:10|XL:10"
250027,"2022-09-15 08:39:53.45","#OP1343",50.00,68.00,93.00,120.90,"2023-03-11","130110066","PO",4,,,,"","ALMA","OP1343A0",30027,6002,"2023-03-15","2023-04-20","USD",93.00,100,"3XS:20|2XS:20|XS:20|S:10|M:10|L:10|XL:10"
250028,"2022-09-15 08:39:53.45","#OP1344",50.00,68.00,93.00,120.90,"2023-03-11","130110066","PO",4,,,,"","ALMA","OP1344A1",30066,8002,"2023-03-15","2023-04-20","USD",93.00,100,"3XS:20|2XS:20|XS:20|S:10|M:10|L:10|XL:10"
250026,"2022-09-15 08:39:53.45","#OP1345",50.00,68.00,93.00,120.90,"2023-03-11","130110077","PO",4,,,,"","ALMA","OP1345A1",30067,1002,"2023-03-15","2023-04-20","USD",93.00,100,"3XS:20|2XS:20|XS:20|S:10|M:10|L:10|XL:10"
250027,"2022-09-15 08:39:53.45","#OP1346",50.00,68.00,93.00,120.90,"2023-03-11","130110077","PO",4,,,,"","ALMA","OP1346A0",30068,1016,"2023-03-15","2023-04-20","USD",93.00,100,"3XS:20|2XS:20|XS:20|S:10|M:10|L:10|XL:10"
250028,"2022-09-15 08:39:53.45","#OP1347",50.00,68.00,93.00,120.90,"2023-03-11","130110077","PO",4,,,,"","ALMA","OP1347A1",30069,3002,"2023-03-15","2023-04-20","USD",93.00,100,"3XS:20|2XS:20|XS:20|S:10|M:10|L:10|XL:10"
250029,"2022-09-15 08:39:53.45","#OP1348",50.00,68.00,93.00,120.90,"2023-03-11","130110077","PO",4,,,,"","ALMA","OP1348A0",30070,4002,"2023-03-15","2023-04-20","USD",93.00,100,"3XS:20|2XS:20|XS:20|S:10|M:10|L:10|XL:10"
250026,"2022-09-15 08:39:53.45","#OP1349",50.00,68.00,93.00,120.90,"2023-03-11","130110077","PO",4,,,,"","ALMA","OP1349A1",30071,5002,"2023-03-15","2023-04-20","USD",93.00,100,"3XS:20|2XS:20|XS:20|S:10|M:10|L:10|XL:10"
250027,"2022-09-15 08:39:53.45","#OP1350",50.00,68.00,93.00,120.90,"2023-03-11","130110077","PO",4,,,,"","ALMA","OP1350A0",30072,6002,"2023-03-15","2023-04-20","USD",93.00,100,"3XS:20|2XS:20|XS:20|S:10|M:10|L:10|XL:10"
250028,"2022-09-15 08:39:53.45","#OP1351",50.00,68.00,93.00,120.90,"2023-03-11","130110077","PO",4,,,,"","ALMA","OP1351A1",30073,8002,"2023-03-15","2023-04-20","USD",93.00,100,"3XS:20|2XS:20|XS:20|S:10|M:10|L:10|XL:10"
250026,"2022-09-15 08:39:53.45","#OP1352",50.00,68.00,93.00,120.90,"2023-03-11","130110088","PO",4,,,,"","ALMA","OP1352A1",30029,1002,"2023-03-15","2023-04-20","USD",93.00,100,"3XS:20|2XS:20|XS:20|S:10|M:10|L:10|XL:10"
250027,"2022-09-15 08:39:53.45","#OP1353",50.00,68.00,93.00,120.90,"2023-03-11","130110088","PO",4,,,,"","ALMA","OP1353A0",30013,1016,"2023-03-15","2023-04-20","USD",93.00,100,"3XS:20|2XS:20|XS:20|S:10|M:10|L:10|XL:10"
250028,"2022-09-15 08:39:53.45","#OP1354",50.00,68.00,93.00,120.90,"2023-03-11","130110088","PO",4,,,,"","ALMA","OP1354A1",30022,3002,"2023-03-15","2023-04-20","USD",93.00,100,"3XS:20|2XS:20|XS:20|S:10|M:10|L:10|XL:10"
250029,"2022-09-15 08:39:53.45","#OP1355",50.00,68.00,93.00,120.90,"2023-03-11","130110088","PO",4,,,,"","ALMA","OP1355A0",30045,4002,"2023-03-15","2023-04-20","USD",93.00,100,"3XS:20|2XS:20|XS:20|S:10|M:10|L:10|XL:10"
250026,"2022-09-15 08:39:53.45","#OP1356",50.00,68.00,93.00,120.90,"2023-03-11","130110088","PO",4,,,,"","ALMA","OP1356A1",30046,5002,"2023-03-15","2023-04-20","USD",93.00,100,"3XS:20|2XS:20|XS:20|S:10|M:10|L:10|XL:10"
250027,"2022-09-15 08:39:53.45","#OP1357",50.00,68.00,93.00,120.90,"2023-03-11","130110088","PO",4,,,,"","ALMA","OP1357A0",30047,6002,"2023-03-15","2023-04-20","USD",93.00,100,"3XS:20|2XS:20|XS:20|S:10|M:10|L:10|XL:10"
250028,"2022-09-15 08:39:53.45","#OP1358",50.00,68.00,93.00,120.90,"2023-03-11","130110088","PO",4,,,,"","ALMA","OP1358A1",30065,8002,"2023-03-15","2023-04-20","USD",93.00,100,"3XS:20|2XS:20|XS:20|S:10|M:10|L:10|XL:10"
250026,"2022-09-15 08:39:53.45","#OP1359",50.00,68.00,93.00,120.90,"2023-03-11","130110098","PO",4,,,,"","ALMA","OP1359A1",30074,1002,"2023-03-15","2023-04-20","USD",93.00,100,"3XS:20|2XS:20|XS:20|S:10|M:10|L:10|XL:10"
250027,"2022-09-15 08:39:53.45","#OP1360",50.00,68.00,93.00,120.90,"2023-03-11","130110098","PO",4,,,,"","ALMA","OP1360A0",30075,1016,"2023-03-15","2023-04-20","USD",93.00,100,"3XS:20|2XS:20|XS:20|S:10|M:10|L:10|XL:10"
250028,"2022-09-15 08:39:53.45","#OP1361",50.00,68.00,93.00,120.90,"2023-03-11","130110098","PO",4,,,,"","ALMA","OP1361A1",30025,3002,"2023-03-15","2023-04-20","USD",93.00,100,"3XS:20|2XS:20|XS:20|S:10|M:10|L:10|XL:10"
250029,"2022-09-15 08:39:53.45","#OP1362",50.00,68.00,93.00,120.90,"2023-03-11","130110098","PO",4,,,,"","ALMA","OP1362A0",30026,4002,"2023-03-15","2023-04-20","USD",93.00,100,"3XS:20|2XS:20|XS:20|S:10|M:10|L:10|XL:10"
250026,"2022-09-15 08:39:53.45","#OP1363",50.00,68.00,93.00,120.90,"2023-03-11","130110098","PO",4,,,,"","ALMA","OP1363A1",30027,5002,"2023-03-15","2023-04-20","USD",93.00,100,"3XS:20|2XS:20|XS:20|S:10|M:10|L:10|XL:10"
250027,"2022-09-15 08:39:53.45","#OP1364",50.00,68.00,93.00,120.90,"2023-03-11","130110098","PO",4,,,,"","ALMA","OP1364A0",30066,6002,"2023-03-15","2023-04-20","USD",93.00,100,"3XS:20|2XS:20|XS:20|S:10|M:10|L:10|XL:10"
250028,"2022-09-15 08:39:53.45","#OP1365",50.00,68.00,93.00,120.90,"2023-03-11","130110098","PO",4,,,,"","ALMA","OP1365A1",30067,8002,"2023-03-15","2023-04-20","USD",93.00,100,"3XS:20|2XS:20|XS:20|S:10|M:10|L:10|XL:10"
250026,"2022-09-15 08:39:53.45","#OP1366",50.00,68.00,93.00,120.90,"2023-03-11","130110108","PO",4,,,,"","ALMA","OP1366A1",30068,1002,"2023-03-15","2023-04-20","USD",93.00,100,"3XS:20|2XS:20|XS:20|S:10|M:10|L:10|XL:10"
250027,"2022-09-15 08:39:53.45","#OP1367",50.00,68.00,93.00,120.90,"2023-03-11","130110108","PO",4,,,,"","ALMA","OP1367A0",30069,1016,"2023-03-15","2023-04-20","USD",93.00,100,"3XS:20|2XS:20|XS:20|S:10|M:10|L:10|XL:10"
250028,"2022-09-15 08:39:53.45","#OP1368",50.00,68.00,93.00,120.90,"2023-03-11","130110108","PO",4,,,,"","ALMA","OP1368A1",30070,3002,"2023-03-15","2023-04-20","USD",93.00,100,"3XS:20|2XS:20|XS:20|S:10|M:10|L:10|XL:10"
250029,"2022-09-15 08:39:53.45","#OP1369",50.00,68.00,93.00,120.90,"2023-03-11","130110108","PO",4,,,,"","ALMA","OP1369A0",30071,4002,"2023-03-15","2023-04-20","USD",93.00,100,"3XS:20|2XS:20|XS:20|S:10|M:10|L:10|XL:10"
250026,"2022-09-15 08:39:53.45","#OP1370",50.00,68.00,93.00,120.90,"2023-03-11","130110108","PO",4,,,,"","ALMA","OP1370A1",30072,5002,"2023-03-15","2023-04-20","USD",93.00,100,"3XS:20|2XS:20|XS:20|S:10|M:10|L:10|XL:10"
250027,"2022-09-15 08:39:53.45","#OP1371",50.00,68.00,93.00,120.90,"2023-03-11","130110108","PO",4,,,,"","ALMA","OP1371A0",30073,6002,"2023-03-15","2023-04-20","USD",93.00,100,"3XS:20|2XS:20|XS:20|S:10|M:10|L:10|XL:10"
250028,"2022-09-15 08:39:53.45","#OP1372",50.00,68.00,93.00,120.90,"2023-03-11","130110108","PO",4,,,,"","ALMA","OP1372A1",30029,8002,"2023-03-15","2023-04-20","USD",93.00,100,"3XS:20|2XS:20|XS:20|S:10|M:10|L:10|XL:10"
250026,"2022-09-15 08:39:53.45","#OP1373",50.00,68.00,93.00,120.90,"2023-03-11","130110113","PO",4,,,,"","ALMA","OP1373A1",30013,1002,"2023-03-15","2023-04-20","USD",93.00,100,"3XS:20|2XS:20|XS:20|S:10|M:10|L:10|XL:10"
250027,"2022-09-15 08:39:53.45","#OP1374",50.00,68.00,93.00,120.90,"2023-03-11","130110113","PO",4,,,,"","ALMA","OP1374A0",30022,1016,"2023-03-15","2023-04-20","USD",93.00,100,"3XS:20|2XS:20|XS:20|S:10|M:10|L:10|XL:10"
250028,"2022-09-15 08:39:53.45","#OP1375",50.00,68.00,93.00,120.90,"2023-03-11","130110113","PO",4,,,,"","ALMA","OP1375A1",30045,3002,"2023-03-15","2023-04-20","USD",93.00,100,"3XS:20|2XS:20|XS:20|S:10|M:10|L:10|XL:10"
250029,"2022-09-15 08:39:53.45","#OP1376",50.00,68.00,93.00,120.90,"2023-03-11","130110113","PO",4,,,,"","ALMA","OP1376A0",30046,4002,"2023-03-15","2023-04-20","USD",93.00,100,"3XS:20|2XS:20|XS:20|S:10|M:10|L:10|XL:10"
250026,"2022-09-15 08:39:53.45","#OP1377",50.00,68.00,93.00,120.90,"2023-03-11","130110113","PO",4,,,,"","ALMA","OP1377A1",30047,5002,"2023-03-15","2023-04-20","USD",93.00,100,"3XS:20|2XS:20|XS:20|S:10|M:10|L:10|XL:10"
250027,"2022-09-15 08:39:53.45","#OP1378",50.00,68.00,93.00,120.90,"2023-03-11","130110113","PO",4,,,,"","ALMA","OP1378A0",30065,6002,"2023-03-15","2023-04-20","USD",93.00,100,"3XS:20|2XS:20|XS:20|S:10|M:10|L:10|XL:10"
250028,"2022-09-15 08:39:53.45","#OP1379",50.00,68.00,93.00,120.90,"2023-03-11","130110113","PO",4,,,,"","ALMA","OP1379A1",30074,8002,"2023-03-15","2023-04-20","USD",93.00,100,"3XS:20|2XS:20|XS:20|S:10|M:10|L:10|XL:10"
250026,"2022-09-15 08:39:53.45","#OP1380",50.00,68.00,93.00,120.90,"2023-03-11","130110124","PO",4,,,,"","ALMA","OP1380A1",30075,1002,"2023-03-15","2023-04-20","USD",93.00,100,"3XS:20|2XS:20|XS:20|S:10|M:10|L:10|XL:10"
250027,"2022-09-15 08:39:53.45","#OP1381",50.00,68.00,93.00,120.90,"2023-03-11","130110124","PO",4,,,,"","ALMA","OP1381A0",30025,1016,"2023-03-15","2023-04-20","USD",93.00,100,"3XS:20|2XS:20|XS:20|S:10|M:10|L:10|XL:10"
250028,"2022-09-15 08:39:53.45","#OP1382",50.00,68.00,93.00,120.90,"2023-03-11","130110124","PO",4,,,,"","ALMA","OP1382A1",30026,3002,"2023-03-15","2023-04-20","USD",93.00,100,"3XS:20|2XS:20|XS:20|S:10|M:10|L:10|XL:10"
250029,"2022-09-15 08:39:53.45","#OP1383",50.00,68.00,93.00,120.90,"2023-03-11","130110124","PO",4,,,,"","ALMA","OP1383A0",30027,4002,"2023-03-15","2023-04-20","USD",93.00,100,"3XS:20|2XS:20|XS:20|S:10|M:10|L:10|XL:10"
250026,"2022-09-15 08:39:53.45","#OP1384",50.00,68.00,93.00,120.90,"2023-03-11","130110124","PO",4,,,,"","ALMA","OP1384A1",30066,5002,"2023-03-15","2023-04-20","USD",93.00,100,"3XS:20|2XS:20|XS:20|S:10|M:10|L:10|XL:10"
250027,"2022-09-15 08:39:53.45","#OP1385",50.00,68.00,93.00,120.90,"2023-03-11","130110124","PO",4,,,,"","ALMA","OP1385A0",30067,6002,"2023-03-15","2023-04-20","USD",93.00,100,"3XS:20|2XS:20|XS:20|S:10|M:10|L:10|XL:10"
250028,"2022-09-15 08:39:53.45","#OP1386",50.00,68.00,93.00,120.90,"2023-03-11","130110124","PO",4,,,,"","ALMA","OP1386A1",30068,8002,"2023-03-15","2023-04-20","USD",93.00,100,"3XS:20|2XS:20|XS:20|S:10|M:10|L:10|XL:10"
250026,"2022-09-15 08:39:53.45","#OP1387",50.00,68.00,93.00,120.90,"2023-03-11","130110132","PO",4,,,,"","ALMA","OP1387A1",30069,1002,"2023-03-15","2023-04-20","USD",93.00,100,"3XS:20|2XS:20|XS:20|S:10|M:10|L:10|XL:10"
250027,"2022-09-15 08:39:53.45","#OP1388",50.00,68.00,93.00,120.90,"2023-03-11","130110132","PO",4,,,,"","ALMA","OP1388A0",30070,1016,"2023-03-15","2023-04-20","USD",93.00,100,"3XS:20|2XS:20|XS:20|S:10|M:10|L:10|XL:10"
250028,"2022-09-15 08:39:53.45","#OP1389",50.00,68.00,93.00,120.90,"2023-03-11","130110132","PO",4,,,,"","ALMA","OP1389A1",30071,3002,"2023-03-15","2023-04-20","USD",93.00,100,"3XS:20|2XS:20|XS:20|S:10|M:10|L:10|XL:10"
250029,"2022-09-15 08:39:53.45","#OP1390",50.00,68.00,93.00,120.90,"2023-03-11","130110132","PO",4,,,,"","ALMA","OP1390A0",30072,4002,"2023-03-15","2023-04-20","USD",93.00,100,"3XS:20|2XS:20|XS:20|S:10|M:10|L:10|XL:10"
250026,"2022-09-15 08:39:53.45","#OP1391",50.00,68.00,93.00,120.90,"2023-03-11","130110132","PO",4,,,,"","ALMA","OP1391A1",30073,5002,"2023-03-15","2023-04-20","USD",93.00,100,"3XS:20|2XS:20|XS:20|S:10|M:10|L:10|XL:10"
250027,"2022-09-15 08:39:53.45","#OP1392",50.00,68.00,93.00,120.90,"2023-03-11","130110132","PO",4,,,,"","ALMA","OP1392A0",30029,6002,"2023-03-15","2023-04-20","USD",93.00,100,"3XS:20|2XS:20|XS:20|S:10|M:10|L:10|XL:10"
250028,"2022-09-15 08:39:53.45","#OP1393",50.00,68.00,93.00,120.90,"2023-03-11","130110132","PO",4,,,,"","ALMA","OP1393A1",30013,8002,"2023-03-15","2023-04-20","USD",93.00,100,"3XS:20|2XS:20|XS:20|S:10|M:10|L:10|XL:10"
250026,"2022-09-15 08:39:53.45","#OP1394",50.00,68.00,93.00,120.90,"2023-03-11","130110133","PO",4,,,,"","ALMA","OP1394A1",30022,1002,"2023-03-15","2023-04-20","USD",93.00,100,"3XS:20|2XS:20|XS:20|S:10|M:10|L:10|XL:10"
250027,"2022-09-15 08:39:53.45","#OP1395",50.00,68.00,93.00,120.90,"2023-03-11","130110133","PO",4,,,,"","ALMA","OP1395A0",30045,1016,"2023-03-15","2023-04-20","USD",93.00,100,"3XS:20|2XS:20|XS:20|S:10|M:10|L:10|XL:10"
250028,"2022-09-15 08:39:53.45","#OP1396",50.00,68.00,93.00,120.90,"2023-03-11","130110133","PO",4,,,,"","ALMA","OP1396A1",30046,3002,"2023-03-15","2023-04-20","USD",93.00,100,"3XS:20|2XS:20|XS:20|S:10|M:10|L:10|XL:10"
250029,"2022-09-15 08:39:53.45","#OP1397",50.00,68.00,93.00,120.90,"2023-03-11","130110133","PO",4,,,,"","ALMA","OP1397A0",30047,4002,"2023-03-15","2023-04-20","USD",93.00,100,"3XS:20|2XS:20|XS:20|S:10|M:10|L:10|XL:10"
250026,"2022-09-15 08:39:53.45","#OP1398",50.00,68.00,93.00,120.90,"2023-03-11","130110133","PO",4,,,,"","ALMA","OP1398A1",30065,5002,"2023-03-15","2023-04-20","USD",93.00,100,"3XS:20|2XS:20|XS:20|S:10|M:10|L:10|XL:10"
250027,"2022-09-15 08:39:53.45","#OP1399",50.00,68.00,93.00,120.90,"2023-03-11","130110133","PO",4,,,,"","ALMA","OP1399A0",30074,6002,"2023-03-15","2023-04-20","USD",93.00,100,"3XS:20|2XS:20|XS:20|S:10|M:10|L:10|XL:10"
250028,"2022-09-15 08:39:53.45","#OP1400",50.00,68.00,93.00,120.90,"2023-03-11","130110133","PO",4,,,,"","ALMA","OP1400A1",30075,8002,"2023-03-15","2023-04-20","USD",93.00,100,"3XS:20|2XS:20|XS:20|S:10|M:10|L:10|XL:10"
250026,"2022-09-15 08:39:53.45","#OP1401",50.00,68.00,93.00,120.90,"2023-03-11","130110140","PO",4,,,,"","ALMA","OP1401A1",30025,1002,"2023-03-15","2023-04-20","USD",93.00,100,"3XS:20|2XS:20|XS:20|S:10|M:10|L:10|XL:10"
250027,"2022-09-15 08:39:53.45","#OP1402",50.00,68.00,93.00,120.90,"2023-03-11","130110140","PO",4,,,,"","ALMA","OP1402A0",30026,1016,"2023-03-15","2023-04-20","USD",93.00,100,"3XS:20|2XS:20|XS:20|S:10|M:10|L:10|XL:10"
250028,"2022-09-15 08:39:53.45","#OP1403",50.00,68.00,93.00,120.90,"2023-03-11","130110140","PO",4,,,,"","ALMA","OP1403A1",30027,3002,"2023-03-15","2023-04-20","USD",93.00,100,"3XS:20|2XS:20|XS:20|S:10|M:10|L:10|XL:10"
250029,"2022-09-15 08:39:53.45","#OP1404",50.00,68.00,93.00,120.90,"2023-03-11","130110140","PO",4,,,,"","ALMA","OP1404A0",30066,4002,"2023-03-15","2023-04-20","USD",93.00,100,"3XS:20|2XS:20|XS:20|S:10|M:10|L:10|XL:10"
250026,"2022-09-15 08:39:53.45","#OP1405",50.00,68.00,93.00,120.90,"2023-03-11","130110140","PO",4,,,,"","ALMA","OP1405A1",30067,5002,"2023-03-15","2023-04-20","USD",93.00,100,"3XS:20|2XS:20|XS:20|S:10|M:10|L:10|XL:10"
250027,"2022-09-15 08:39:53.45","#OP1406",50.00,68.00,93.00,120.90,"2023-03-11","130110140","PO",4,,,,"","ALMA","OP1406A0",30068,6002,"2023-03-15","2023-04-20","USD",93.00,100,"3XS:20|2XS:20|XS:20|S:10|M:10|L:10|XL:10"
250028,"2022-09-15 08:39:53.45","#OP1407",50.00,68.00,93.00,120.90,"2023-03-11","130110140","PO",4,,,,"","ALMA","OP1407A1",30069,8002,"2023-03-15","2023-04-20","USD",93.00,100,"3XS:20|2XS:20|XS:20|S:10|M:10|L:10|XL:10"
250026,"2022-09-15 08:39:53.45","#OP1408",50.00,68.00,93.00,120.90,"2023-03-11","130110150","PO",4,,,,"","ALMA","OP1408A1",30070,1002,"2023-03-15","2023-04-20","USD",93.00,100,"3XS:20|2XS:20|XS:20|S:10|M:10|L:10|XL:10"
250027,"2022-09-15 08:39:53.45","#OP1409",50.00,68.00,93.00,120.90,"2023-03-11","130110150","PO",4,,,,"","ALMA","OP1409A0",30071,1016,"2023-03-15","2023-04-20","USD",93.00,100,"3XS:20|2XS:20|XS:20|S:10|M:10|L:10|XL:10"
250028,"2022-09-15 08:39:53.45","#OP1410",50.00,68.00,93.00,120.90,"2023-03-11","130110150","PO",4,,,,"","ALMA","OP1410A1",30072,3002,"2023-03-15","2023-04-20","USD",93.00,100,"3XS:20|2XS:20|XS:20|S:10|M:10|L:10|XL:10"
250029,"2022-09-15 08:39:53.45","#OP1411",50.00,68.00,93.00,120.90,"2023-03-11","130110150","PO",4,,,,"","ALMA","OP1411A0",30073,4002,"2023-03-15","2023-04-20","USD",93.00,100,"3XS:20|2XS:20|XS:20|S:10|M:10|L:10|XL:10"
250026,"2022-09-15 08:39:53.45","#OP1412",50.00,68.00,93.00,120.90,"2023-03-11","130110150","PO",4,,,,"","ALMA","OP1412A1",30029,5002,"2023-03-15","2023-04-20","USD",93.00,100,"3XS:20|2XS:20|XS:20|S:10|M:10|L:10|XL:10"
250027,"2022-09-15 08:39:53.45","#OP1413",50.00,68.00,93.00,120.90,"2023-03-11","130110150","PO",4,,,,"","ALMA","OP1413A0",30013,6002,"2023-03-15","2023-04-20","USD",93.00,100,"3XS:20|2XS:20|XS:20|S:10|M:10|L:10|XL:10"
250028,"2022-09-15 08:39:53.45","#OP1414",50.00,68.00,93.00,120.90,"2023-03-11","130110150","PO",4,,,,"","ALMA","OP1414A1",30022,8002,"2023-03-15","2023-04-20","USD",93.00,100,"3XS:20|2XS:20|XS:20|S:10|M:10|L:10|XL:10"
250026,"2022-09-15 08:39:53.45","#OP1415",50.00,68.00,93.00,120.90,"2023-03-11","130110169","PO",4,,,,"","ALMA","OP1415A1",30045,1002,"2023-03-15","2023-04-20","USD",93.00,100,"3XS:20|2XS:20|XS:20|S:10|M:10|L:10|XL:10"
250027,"2022-09-15 08:39:53.45","#OP1416",50.00,68.00,93.00,120.90,"2023-03-11","130110169","PO",4,,,,"","ALMA","OP1416A0",30046,1016,"2023-03-15","2023-04-20","USD",93.00,100,"3XS:20|2XS:20|XS:20|S:10|M:10|L:10|XL:10"
250028,"2022-09-15 08:39:53.45","#OP1417",50.00,68.00,93.00,120.90,"2023-03-11","130110169","PO",4,,,,"","ALMA","OP1417A1",30047,3002,"2023-03-15","2023-04-20","USD",93.00,100,"3XS:20|2XS:20|XS:20|S:10|M:10|L:10|XL:10"
250029,"2022-09-15 08:39:53.45","#OP1418",50.00,68.00,93.00,120.90,"2023-03-11","130110169","PO",4,,,,"","ALMA","OP1418A0",30065,4002,"2023-03-15","2023-04-20","USD",93.00,100,"3XS:20|2XS:20|XS:20|S:10|M:10|L:10|XL:10"
250026,"2022-09-15 08:39:53.45","#OP1419",50.00,68.00,93.00,120.90,"2023-03-11","130110169","PO",4,,,,"","ALMA","OP1419A1",30074,5002,"2023-03-15","2023-04-20","USD",93.00,100,"3XS:20|2XS:20|XS:20|S:10|M:10|L:10|XL:10"
250027,"2022-09-15 08:39:53.45","#OP1420",50.00,68.00,93.00,120.90,"2023-03-11","130110169","PO",4,,,,"","ALMA","OP1420A0",30075,6002,"2023-03-15","2023-04-20","USD",93.00,100,"3XS:20|2XS:20|XS:20|S:10|M:10|L:10|XL:10"
250028,"2022-09-15 08:39:53.45","#OP1421",50.00,68.00,93.00,120.90,"2023-03-11","130110169","PO",4,,,,"","ALMA","OP1421A1",30025,8002,"2023-03-15","2023-04-20","USD",93.00,100,"3XS:20|2XS:20|XS:20|S:10|M:10|L:10|XL:10"
250026,"2022-09-15 08:39:53.45","#OP1422",50.00,68.00,93.00,120.90,"2023-03-11","130110173","PO",4,,,,"","ALMA","OP1422A1",30026,1002,"2023-03-15","2023-04-20","USD",93.00,100,"3XS:20|2XS:20|XS:20|S:10|M:10|L:10|XL:10"
250027,"2022-09-15 08:39:53.45","#OP1423",50.00,68.00,93.00,120.90,"2023-03-11","130110173","PO",4,,,,"","ALMA","OP1423A0",30027,1016,"2023-03-15","2023-04-20","USD",93.00,100,"3XS:20|2XS:20|XS:20|S:10|M:10|L:10|XL:10"
250028,"2022-09-15 08:39:53.45","#OP1424",50.00,68.00,93.00,120.90,"2023-03-11","130110173","PO",4,,,,"","ALMA","OP1424A1",30066,3002,"2023-03-15","2023-04-20","USD",93.00,100,"3XS:20|2XS:20|XS:20|S:10|M:10|L:10|XL:10"
250029,"2022-09-15 08:39:53.45","#OP1425",50.00,68.00,93.00,120.90,"2023-03-11","130110173","PO",4,,,,"","ALMA","OP1425A0",30067,4002,"2023-03-15","2023-04-20","USD",93.00,100,"3XS:20|2XS:20|XS:20|S:10|M:10|L:10|XL:10"
250026,"2022-09-15 08:39:53.45","#OP1426",50.00,68.00,93.00,120.90,"2023-03-11","130110173","PO",4,,,,"","ALMA","OP1426A1",30068,5002,"2023-03-15","2023-04-20","USD",93.00,100,"3XS:20|2XS:20|XS:20|S:10|M:10|L:10|XL:10"
250027,"2022-09-15 08:39:53.45","#OP1427",50.00,68.00,93.00,120.90,"2023-03-11","130110173","PO",4,,,,"","ALMA","OP1427A0",30069,6002,"2023-03-15","2023-04-20","USD",93.00,100,"3XS:20|2XS:20|XS:20|S:10|M:10|L:10|XL:10"
250028,"2022-09-15 08:39:53.45","#OP1428",50.00,68.00,93.00,120.90,"2023-03-11","130110173","PO",4,,,,"","ALMA","OP1428A1",30070,8002,"2023-03-15","2023-04-20","USD",93.00,100,"3XS:20|2XS:20|XS:20|S:10|M:10|L:10|XL:10"
250026,"2022-09-15 08:39:53.45","#OP1429",50.00,68.00,93.00,120.90,"2023-03-11","130110176","PO",4,,,,"","ALMA","OP1429A1",30071,1002,"2023-03-15","2023-04-20","USD",93.00,100,"3XS:20|2XS:20|XS:20|S:10|M:10|L:10|XL:10"
250027,"2022-09-15 08:39:53.45","#OP1430",50.00,68.00,93.00,120.90,"2023-03-11","130110176","PO",4,,,,"","ALMA","OP1430A0",30072,1016,"2023-03-15","2023-04-20","USD",93.00,100,"3XS:20|2XS:20|XS:20|S:10|M:10|L:10|XL:10"
250028,"2022-09-15 08:39:53.45","#OP1431",50.00,68.00,93.00,120.90,"2023-03-11","130110176","PO",4,,,,"","ALMA","OP1431A1",30073,3002,"2023-03-15","2023-04-20","USD",93.00,100,"3XS:20|2XS:20|XS:20|S:10|M:10|L:10|XL:10"
250029,"2022-09-15 08:39:53.45","#OP1432",50.00,68.00,93.00,120.90,"2023-03-11","130110176","PO",4,,,,"","ALMA","OP1432A0",30029,4002,"2023-03-15","2023-04-20","USD",93.00,100,"3XS:20|2XS:20|XS:20|S:10|M:10|L:10|XL:10"
250026,"2022-09-15 08:39:53.45","#OP1433",50.00,68.00,93.00,120.90,"2023-03-11","130110176","PO",4,,,,"","ALMA","OP1433A1",30013,5002,"2023-03-15","2023-04-20","USD",93.00,100,"3XS:20|2XS:20|XS:20|S:10|M:10|L:10|XL:10"
250027,"2022-09-15 08:39:53.45","#OP1434",50.00,68.00,93.00,120.90,"2023-03-11","130110176","PO",4,,,,"","ALMA","OP1434A0",30022,6002,"2023-03-15","2023-04-20","USD",93.00,100,"3XS:20|2XS:20|XS:20|S:10|M:10|L:10|XL:10"
250028,"2022-09-15 08:39:53.45","#OP1435",50.00,68.00,93.00,120.90,"2023-03-11","130110176","PO",4,,,,"","ALMA","OP1435A1",30045,8002,"2023-03-15","2023-04-20","USD",93.00,100,"3XS:20|2XS:20|XS:20|S:10|M:10|L:10|XL:10"
250026,"2022-09-15 08:39:53.45","#OP1436",50.00,68.00,93.00,120.90,"2023-03-11","130110185","PO",4,,,,"","ALMA","OP1436A1",30046,1002,"2023-03-15","2023-04-20","USD",93.00,100,"3XS:20|2XS:20|XS:20|S:10|M:10|L:10|XL:10"
250027,"2022-09-15 08:39:53.45","#OP1437",50.00,68.00,93.00,120.90,"2023-03-11","130110185","PO",4,,,,"","ALMA","OP1437A0",30047,1016,"2023-03-15","2023-04-20","USD",93.00,100,"3XS:20|2XS:20|XS:20|S:10|M:10|L:10|XL:10"
250028,"2022-09-15 08:39:53.45","#OP1438",50.00,68.00,93.00,120.90,"2023-03-11","130110185","PO",4,,,,"","ALMA","OP1438A1",30065,3002,"2023-03-15","2023-04-20","USD",93.00,100,"3XS:20|2XS:20|XS:20|S:10|M:10|L:10|XL:10"
250029,"2022-09-15 08:39:53.45","#OP1439",50.00,68.00,93.00,120.90,"2023-03-11","130110185","PO",4,,,,"","ALMA","OP1439A0",30074,4002,"2023-03-15","2023-04-20","USD",93.00,100,"3XS:20|2XS:20|XS:20|S:10|M:10|L:10|XL:10"
250026,"2022-09-15 08:39:53.45","#OP1440",50.00,68.00,93.00,120.90,"2023-03-11","130110185","PO",4,,,,"","ALMA","OP1440A1",30075,5002,"2023-03-15","2023-04-20","USD",93.00,100,"3XS:20|2XS:20|XS:20|S:10|M:10|L:10|XL:10"
250027,"2022-09-15 08:39:53.45","#OP1441",50.00,68.00,93.00,120.90,"2023-03-11","130110185","PO",4,,,,"","ALMA","OP1441A0",30025,6002,"2023-03-15","2023-04-20","USD",93.00,100,"3XS:20|2XS:20|XS:20|S:10|M:10|L:10|XL:10"
250028,"2022-09-15 08:39:53.45","#OP1442",50.00,68.00,93.00,120.90,"2023-03-11","130110185","PO",4,,,,"","ALMA","OP1442A1",30026,8002,"2023-03-15","2023-04-20","USD",93.00,100,"3XS:20|2XS:20|XS:20|S:10|M:10|L:10|XL:10"
250026,"2022-09-15 08:39:53.45","#OP1443",50.00,68.00,93.00,120.90,"2023-03-11","130110187","PO",4,,,,"","ALMA","OP1443A1",30027,1002,"2023-03-15","2023-04-20","USD",93.00,100,"3XS:20|2XS:20|XS:20|S:10|M:10|L:10|XL:10"
250027,"2022-09-15 08:39:53.45","#OP1444",50.00,68.00,93.00,120.90,"2023-03-11","130110187","PO",4,,,,"","ALMA","OP1444A0",30066,1016,"2023-03-15","2023-04-20","USD",93.00,100,"3XS:20|2XS:20|XS:20|S:10|M:10|L:10|XL:10"
250028,"2022-09-15 08:39:53.45","#OP1445",50.00,68.00,93.00,120.90,"2023-03-11","130110187","PO",4,,,,"","ALMA","OP1445A1",30067,3002,"2023-03-15","2023-04-20","USD",93.00,100,"3XS:20|2XS:20|XS:20|S:10|M:10|L:10|XL:10"
250029,"2022-09-15 08:39:53.45","#OP1446",50.00,68.00,93.00,120.90,"2023-03-11","130110187","PO",4,,,,"","ALMA","OP1446A0",30068,4002,"2023-03-15","2023-04-20","USD",93.00,100,"3XS:20|2XS:20|XS:20|S:10|M:10|L:10|XL:10"
250026,"2022-09-15 08:39:53.45","#OP1447",50.00,68.00,93.00,120.90,"2023-03-11","130110187","PO",4,,,,"","ALMA","OP1447A1",30069,5002,"2023-03-15","2023-04-20","USD",93.00,100,"3XS:20|2XS:20|XS:20|S:10|M:10|L:10|XL:10"
250027,"2022-09-15 08:39:53.45","#OP1448",50.00,68.00,93.00,120.90,"2023-03-11","130110187","PO",4,,,,"","ALMA","OP1448A0",30070,6002,"2023-03-15","2023-04-20","USD",93.00,100,"3XS:20|2XS:20|XS:20|S:10|M:10|L:10|XL:10"
250028,"2022-09-15 08:39:53.45","#OP1449",50.00,68.00,93.00,120.90,"2023-03-11","130110187","PO",4,,,,"","ALMA","OP1449A1",30071,8002,"2023-03-15","2023-04-20","USD",93.00,100,"3XS:20|2XS:20|XS:20|S:10|M:10|L:10|XL:10"
250026,"2022-09-15 08:39:53.45","#OP1450",50.00,68.00,93.00,120.90,"2023-03-11","130110196","PO",4,,,,"","ALMA","OP1450A1",30072,1002,"2023-03-15","2023-04-20","USD",93.00,100,"3XS:20|2XS:20|XS:20|S:10|M:10|L:10|XL:10"
250027,"2022-09-15 08:39:53.45","#OP1451",50.00,68.00,93.00,120.90,"2023-03-11","130110196","PO",4,,,,"","ALMA","OP1451A0",30073,1016,"2023-03-15","2023-04-20","USD",93.00,100,"3XS:20|2XS:20|XS:20|S:10|M:10|L:10|XL:10"
250028,"2022-09-15 08:39:53.45","#OP1452",50.00,68.00,93.00,120.90,"2023-03-11","130110196","PO",4,,,,"","ALMA","OP1452A1",30029,3002,"2023-03-15","2023-04-20","USD",93.00,100,"3XS:20|2XS:20|XS:20|S:10|M:10|L:10|XL:10"
250029,"2022-09-15 08:39:53.45","#OP1453",50.00,68.00,93.00,120.90,"2023-03-11","130110196","PO",4,,,,"","ALMA","OP1453A0",30013,4002,"2023-03-15","2023-04-20","USD",93.00,100,"3XS:20|2XS:20|XS:20|S:10|M:10|L:10|XL:10"
250026,"2022-09-15 08:39:53.45","#OP1454",50.00,68.00,93.00,120.90,"2023-03-11","130110196","PO",4,,,,"","ALMA","OP1454A1",30022,5002,"2023-03-15","2023-04-20","USD",93.00,100,"3XS:20|2XS:20|XS:20|S:10|M:10|L:10|XL:10"
250027,"2022-09-15 08:39:53.45","#OP1455",50.00,68.00,93.00,120.90,"2023-03-11","130110196","PO",4,,,,"","ALMA","OP1455A0",30045,6002,"2023-03-15","2023-04-20","USD",93.00,100,"3XS:20|2XS:20|XS:20|S:10|M:10|L:10|XL:10"
250028,"2022-09-15 08:39:53.45","#OP1456",50.00,68.00,93.00,120.90,"2023-03-11","130110196","PO",4,,,,"","ALMA","OP1456A1",30046,8002,"2023-03-15","2023-04-20","USD",93.00,100,"3XS:20|2XS:20|XS:20|S:10|M:10|L:10|XL:10"
250026,"2022-09-15 08:39:53.45","#OP1457",50.00,68.00,93.00,120.90,"2023-03-11","130110203","PO",4,,,,"","ALMA","OP1457A1",30047,1002,"2023-03-15","2023-04-20","USD",93.00,100,"3XS:20|2XS:20|XS:20|S:10|M:10|L:10|XL:10"
250027,"2022-09-15 08:39:53.45","#OP1458",50.00,68.00,93.00,120.90,"2023-03-11","130110203","PO",4,,,,"","ALMA","OP1458A0",30065,1016,"2023-03-15","2023-04-20","USD",93.00,100,"3XS:20|2XS:20|XS:20|S:10|M:10|L:10|XL:10"
250028,"2022-09-15 08:39:53.45","#OP1459",50.00,68.00,93.00,120.90,"2023-03-11","130110203","PO",4,,,,"","ALMA","OP1459A1",30074,3002,"2023-03-15","2023-04-20","USD",93.00,100,"3XS:20|2XS:20|XS:20|S:10|M:10|L:10|XL:10"
250029,"2022-09-15 08:39:53.45","#OP1460",50.00,68.00,93.00,120.90,"2023-03-11","130110203","PO",4,,,,"","ALMA","OP1460A0",30075,4002,"2023-03-15","2023-04-20","USD",93.00,100,"3XS:20|2XS:20|XS:20|S:10|M:10|L:10|XL:10"
250026,"2022-09-15 08:39:53.45","#OP1461",50.00,68.00,93.00,120.90,"2023-03-11","130110203","PO",4,,,,"","ALMA","OP1461A1",30025,5002,"2023-03-15","2023-04-20","USD",93.00,100,"3XS:20|2XS:20|XS:20|S:10|M:10|L:10|XL:10"
250027,"2022-09-15 08:39:53.45","#OP1462",50.00,68.00,93.00,120.90,"2023-03-11","130110203","PO",4,,,,"","ALMA","OP1462A0",30026,6002,"2023-03-15","2023-04-20","USD",93.00,100,"3XS:20|2XS:20|XS:20|S:10|M:10|L:10|XL:10"
250028,"2022-09-15 08:39:53.45","#OP1463",50.00,68.00,93.00,120.90,"2023-03-11","130110203","PO",4,,,,"","ALMA","OP1463A1",30027,8002,"2023-03-15","2023-04-20","USD",93.00,100,"3XS:20|2XS:20|XS:20|S:10|M:10|L:10|XL:10"
250026,"2022-09-15 08:39:53.45","#OP1464",50.00,68.00,93.00,120.90,"2023-03-11","130110211","PO",4,,,,"","ALMA","OP1464A1",30066,1002,"2023-03-15","2023-04-20","USD",93.00,100,"3XS:20|2XS:20|XS:20|S:10|M:10|L:10|XL:10"
250027,"2022-09-15 08:39:53.45","#OP1465",50.00,68.00,93.00,120.90,"2023-03-11","130110211","PO",4,,,,"","ALMA","OP1465A0",30067,1016,"2023-03-15","2023-04-20","USD",93.00,100,"3XS:20|2XS:20|XS:20|S:10|M:10|L:10|XL:10"
250028,"2022-09-15 08:39:53.45","#OP1466",50.00,68.00,93.00,120.90,"2023-03-11","130110211","PO",4,,,,"","ALMA","OP1466A1",30068,3002,"2023-03-15","2023-04-20","USD",93.00,100,"3XS:20|2XS:20|XS:20|S:10|M:10|L:10|XL:10"
250029,"2022-09-15 08:39:53.45","#OP1467",50.00,68.00,93.00,120.90,"2023-03-11","130110211","PO",4,,,,"","ALMA","OP1467A0",30069,4002,"2023-03-15","2023-04-20","USD",93.00,100,"3XS:20|2XS:20|XS:20|S:10|M:10|L:10|XL:10"
250026,"2022-09-15 08:39:53.45","#OP1468",50.00,68.00,93.00,120.90,"2023-03-11","130110211","PO",4,,,,"","ALMA","OP1468A1",30070,5002,"2023-03-15","2023-04-20","USD",93.00,100,"3XS:20|2XS:20|XS:20|S:10|M:10|L:10|XL:10"
250027,"2022-09-15 08:39:53.45","#OP1469",50.00,68.00,93.00,120.90,"2023-03-11","130110211","PO",4,,,,"","ALMA","OP1469A0",30071,6002,"2023-03-15","2023-04-20","USD",93.00,100,"3XS:20|2XS:20|XS:20|S:10|M:10|L:10|XL:10"
250028,"2022-09-15 08:39:53.45","#OP1470",50.00,68.00,93.00,120.90,"2023-03-11","130110211","PO",4,,,,"","ALMA","OP1470A1",30072,8002,"2023-03-15","2023-04-20","USD",93.00,100,"3XS:20|2XS:20|XS:20|S:10|M:10|L:10|XL:10"
250026,"2022-09-15 08:39:53.45","#OP1471",50.00,68.00,93.00,120.90,"2023-03-11","130110212","PO",4,,,,"","ALMA","OP1471A1",30073,1002,"2023-03-15","2023-04-20","USD",93.00,100,"3XS:20|2XS:20|XS:20|S:10|M:10|L:10|XL:10"
250027,"2022-09-15 08:39:53.45","#OP1472",50.00,68.00,93.00,120.90,"2023-03-11","130110212","PO",4,,,,"","ALMA","OP1472A0",30029,1016,"2023-03-15","2023-04-20","USD",93.00,100,"3XS:20|2XS:20|XS:20|S:10|M:10|L:10|XL:10"
250028,"2022-09-15 08:39:53.45","#OP1473",50.00,68.00,93.00,120.90,"2023-03-11","130110212","PO",4,,,,"","ALMA","OP1473A1",30013,3002,"2023-03-15","2023-04-20","USD",93.00,100,"3XS:20|2XS:20|XS:20|S:10|M:10|L:10|XL:10"
250029,"2022-09-15 08:39:53.45","#OP1474",50.00,68.00,93.00,120.90,"2023-03-11","130110212","PO",4,,,,"","ALMA","OP1474A0",30022,4002,"2023-03-15","2023-04-20","USD",93.00,100,"3XS:20|2XS:20|XS:20|S:10|M:10|L:10|XL:10"
250026,"2022-09-15 08:39:53.45","#OP1475",50.00,68.00,93.00,120.90,"2023-03-11","130110212","PO",4,,,,"","ALMA","OP1475A1",30045,5002,"2023-03-15","2023-04-20","USD",93.00,100,"3XS:20|2XS:20|XS:20|S:10|M:10|L:10|XL:10"
250027,"2022-09-15 08:39:53.45","#OP1476",50.00,68.00,93.00,120.90,"2023-03-11","130110212","PO",4,,,,"","ALMA","OP1476A0",30046,6002,"2023-03-15","2023-04-20","USD",93.00,100,"3XS:20|2XS:20|XS:20|S:10|M:10|L:10|XL:10"
250028,"2022-09-15 08:39:53.45","#OP1477",50.00,68.00,93.00,120.90,"2023-03-11","130110212","PO",4,,,,"","ALMA","OP1477A1",30047,8002,"2023-03-15","2023-04-20","USD",93.00,100,"3XS:20|2XS:20|XS:20|S:10|M:10|L:10|XL:10"
250026,"2022-09-15 08:39:53.45","#OP1478",50.00,68.00,93.00,120.90,"2023-03-11","130110220","PO",4,,,,"","ALMA","OP1478A1",30065,1002,"2023-03-15","2023-04-20","USD",93.00,100,"3XS:20|2XS:20|XS:20|S:10|M:10|L:10|XL:10"
250027,"2022-09-15 08:39:53.45","#OP1479",50.00,68.00,93.00,120.90,"2023-03-11","130110220","PO",4,,,,"","ALMA","OP1479A0",30074,1016,"2023-03-15","2023-04-20","USD",93.00,100,"3XS:20|2XS:20|XS:20|S:10|M:10|L:10|XL:10"
250028,"2022-09-15 08:39:53.45","#OP1480",50.00,68.00,93.00,120.90,"2023-03-11","130110220","PO",4,,,,"","ALMA","OP1480A1",30075,3002,"2023-03-15","2023-04-20","USD",93.00,100,"3XS:20|2XS:20|XS:20|S:10|M:10|L:10|XL:10"
250029,"2022-09-15 08:39:53.45","#OP1481",50.00,68.00,93.00,120.90,"2023-03-11","130110220","PO",4,,,,"","ALMA","OP1481A0",30025,4002,"2023-03-15","2023-04-20","USD",93.00,100,"3XS:20|2XS:20|XS:20|S:10|M:10|L:10|XL:10"
250026,"2022-09-15 08:39:53.45","#OP1482",50.00,68.00,93.00,120.90,"2023-03-11","130110220","PO",4,,,,"","ALMA","OP1482A1",30026,5002,"2023-03-15","2023-04-20","USD",93.00,100,"3XS:20|2XS:20|XS:20|S:10|M:10|L:10|XL:10"
250027,"2022-09-15 08:39:53.45","#OP1483",50.00,68.00,93.00,120.90,"2023-03-11","130110220","PO",4,,,,"","ALMA","OP1483A0",30027,6002,"2023-03-15","2023-04-20","USD",93.00,100,"3XS:20|2XS:20|XS:20|S:10|M:10|L:10|XL:10"
250028,"2022-09-15 08:39:53.45","#OP1484",50.00,68.00,93.00,120.90,"2023-03-11","130110220","PO",4,,,,"","ALMA","OP1484A1",30066,8002,"2023-03-15","2023-04-20","USD",93.00,100,"3XS:20|2XS:20|XS:20|S:10|M:10|L:10|XL:10"
250026,"2022-09-15 08:39:53.45","#OP1485",50.00,68.00,93.00,120.90,"2023-03-11","130110224","PO",4,,,,"","ALMA","OP1485A1",30067,1002,"2023-03-15","2023-04-20","USD",93.00,100,"3XS:20|2XS:20|XS:20|S:10|M:10|L:10|XL:10"
250027,"2022-09-15 08:39:53.45","#OP1486",50.00,68.00,93.00,120.90,"2023-03-11","130110224","PO",4,,,,"","ALMA","OP1486A0",30068,1016,"2023-03-15","2023-04-20","USD",93.00,100,"3XS:20|2XS:20|XS:20|S:10|M:10|L:10|XL:10"
250028,"2022-09-15 08:39:53.45","#OP1487",50.00,68.00,93.00,120.90,"2023-03-11","130110224","PO",4,,,,"","ALMA","OP1487A1",30069,3002,"2023-03-15","2023-04-20","USD",93.00,100,"3XS:20|2XS:20|XS:20|S:10|M:10|L:10|XL:10"
250029,"2022-09-15 08:39:53.45","#OP1488",50.00,68.00,93.00,120.90,"2023-03-11","130110224","PO",4,,,,"","ALMA","OP1488A0",30070,4002,"2023-03-15","2023-04-20","USD",93.00,100,"3XS:20|2XS:20|XS:20|S:10|M:10|L:10|XL:10"
250026,"2022-09-15 08:39:53.45","#OP1489",50.00,68.00,93.00,120.90,"2023-03-11","130110224","PO",4,,,,"","ALMA","OP1489A1",30071,5002,"2023-03-15","2023-04-20","USD",93.00,100,"3XS:20|2XS:20|XS:20|S:10|M:10|L:10|XL:10"
250027,"2022-09-15 08:39:53.45","#OP1490",50.00,68.00,93.00,120.90,"2023-03-11","130110224","PO",4,,,,"","ALMA","OP1490A0",30072,6002,"2023-03-15","2023-04-20","USD",93.00,100,"3XS:20|2XS:20|XS:20|S:10|M:10|L:10|XL:10"
250028,"2022-09-15 08:39:53.45","#OP1491",50.00,68.00,93.00,120.90,"2023-03-11","130110224","PO",4,,,,"","ALMA","OP1491A1",30073,8002,"2023-03-15","2023-04-20","USD",93.00,100,"3XS:20|2XS:20|XS:20|S:10|M:10|L:10|XL:10"
250026,"2022-09-15 08:39:53.45","#OP1492",50.00,68.00,93.00,120.90,"2023-03-11","130110228","PO",4,,,,"","ALMA","OP1492A1",30029,1002,"2023-03-15","2023-04-20","USD",93.00,100,"3XS:20|2XS:20|XS:20|S:10|M:10|L:10|XL:10"
250027,"2022-09-15 08:39:53.45","#OP1493",50.00,68.00,93.00,120.90,"2023-03-11","130110228","PO",4,,,,"","ALMA","OP1493A0",30013,1016,"2023-03-15","2023-04-20","USD",93.00,100,"3XS:20|2XS:20|XS:20|S:10|M:10|L:10|XL:10"
250028,"2022-09-15 08:39:53.45","#OP1494",50.00,68.00,93.00,120.90,"2023-03-11","130110228","PO",4,,,,"","ALMA","OP1494A1",30022,3002,"2023-03-15","2023-04-20","USD",93.00,100,"3XS:20|2XS:20|XS:20|S:10|M:10|L:10|XL:10"
250029,"2022-09-15 08:39:53.45","#OP1495",50.00,68.00,93.00,120.90,"2023-03-11","130110228","PO",4,,,,"","ALMA","OP1495A0",30045,4002,"2023-03-15","2023-04-20","USD",93.00,100,"3XS:20|2XS:20|XS:20|S:10|M:10|L:10|XL:10"
250026,"2022-09-15 08:39:53.45","#OP1496",50.00,68.00,93.00,120.90,"2023-03-11","130110228","PO",4,,,,"","ALMA","OP1496A1",30046,5002,"2023-03-15","2023-04-20","USD",93.00,100,"3XS:20|2XS:20|XS:20|S:10|M:10|L:10|XL:10"
250027,"2022-09-15 08:39:53.45","#OP1497",50.00,68.00,93.00,120.90,"2023-03-11","130110228","PO",4,,,,"","ALMA","OP1497A0",30047,6002,"2023-03-15","2023-04-20","USD",93.00,100,"3XS:20|2XS:20|XS:20|S:10|M:10|L:10|XL:10"
250028,"2022-09-15 08:39:53.45","#OP1498",50.00,68.00,93.00,120.90,"2023-03-11","130110228","PO",4,,,,"","ALMA","OP1498A1",30065,8002,"2023-03-15","2023-04-20","USD",93.00,100,"3XS:20|2XS:20|XS:20|S:10|M:10|L:10|XL:10"
250026,"2022-09-15 08:39:53.45","#OP1499",50.00,68.00,93.00,120.90,"2023-03-11","130110239","PO",4,,,,"","ALMA","OP1499A1",30074,1002,"2023-03-15","2023-04-20","USD",93.00,100,"3XS:20|2XS:20|XS:20|S:10|M:10|L:10|XL:10"
250027,"2022-09-15 08:39:53.45","#OP1500",50.00,68.00,93.00,120.90,"2023-03-11","130110239","PO",4,,,,"","ALMA","OP1500A0",30075,1016,"2023-03-15","2023-04-20","USD",93.00,100,"3XS:20|2XS:20|XS:20|S:10|M:10|L:10|XL:10"
250028,"2022-09-15 08:39:53.45","#OP1501",50.00,68.00,93.00,120.90,"2023-03-11","130110239","PO",4,,,,"","ALMA","OP1501A1",30025,3002,"2023-03-15","2023-04-20","USD",93.00,100,"3XS:20|2XS:20|XS:20|S:10|M:10|L:10|XL:10"
250029,"2022-09-15 08:39:53.45","#OP1502",50.00,68.00,93.00,120.90,"2023-03-11","130110239","PO",4,,,,"","ALMA","OP1502A0",30026,4002,"2023-03-15","2023-04-20","USD",93.00,100,"3XS:20|2XS:20|XS:20|S:10|M:10|L:10|XL:10"
250026,"2022-09-15 08:39:53.45","#OP1503",50.00,68.00,93.00,120.90,"2023-03-11","130110239","PO",4,,,,"","ALMA","OP1503A1",30027,5002,"2023-03-15","2023-04-20","USD",93.00,100,"3XS:20|2XS:20|XS:20|S:10|M:10|L:10|XL:10"
250027,"2022-09-15 08:39:53.45","#OP1504",50.00,68.00,93.00,120.90,"2023-03-11","130110239","PO",4,,,,"","ALMA","OP1504A0",30066,6002,"2023-03-15","2023-04-20","USD",93.00,100,"3XS:20|2XS:20|XS:20|S:10|M:10|L:10|XL:10"
250028,"2022-09-15 08:39:53.45","#OP1505",50.00,68.00,93.00,120.90,"2023-03-11","130110239","PO",4,,,,"","ALMA","OP1505A1",30067,8002,"2023-03-15","2023-04-20","USD",93.00,100,"3XS:20|2XS:20|XS:20|S:10|M:10|L:10|XL:10"
250026,"2022-09-15 08:39:53.45","#OP1506",50.00,68.00,93.00,120.90,"2023-03-11","130110251","PO",4,,,,"","ALMA","OP1506A1",30068,1002,"2023-03-15","2023-04-20","USD",93.00,100,"3XS:20|2XS:20|XS:20|S:10|M:10|L:10|XL:10"
250027,"2022-09-15 08:39:53.45","#OP1507",50.00,68.00,93.00,120.90,"2023-03-11","130110251","PO",4,,,,"","ALMA","OP1507A0",30069,1016,"2023-03-15","2023-04-20","USD",93.00,100,"3XS:20|2XS:20|XS:20|S:10|M:10|L:10|XL:10"
250028,"2022-09-15 08:39:53.45","#OP1508",50.00,68.00,93.00,120.90,"2023-03-11","130110251","PO",4,,,,"","ALMA","OP1508A1",30070,3002,"2023-03-15","2023-04-20","USD",93.00,100,"3XS:20|2XS:20|XS:20|S:10|M:10|L:10|XL:10"
250029,"2022-09-15 08:39:53.45","#OP1509",50.00,68.00,93.00,120.90,"2023-03-11","130110251","PO",4,,,,"","ALMA","OP1509A0",30071,4002,"2023-03-15","2023-04-20","USD",93.00,100,"3XS:20|2XS:20|XS:20|S:10|M:10|L:10|XL:10"
250026,"2022-09-15 08:39:53.45","#OP1510",50.00,68.00,93.00,120.90,"2023-03-11","130110251","PO",4,,,,"","ALMA","OP1510A1",30072,5002,"2023-03-15","2023-04-20","USD",93.00,100,"3XS:20|2XS:20|XS:20|S:10|M:10|L:10|XL:10"
250027,"2022-09-15 08:39:53.45","#OP1511",50.00,68.00,93.00,120.90,"2023-03-11","130110251","PO",4,,,,"","ALMA","OP1511A0",30073,6002,"2023-03-15","2023-04-20","USD",93.00,100,"3XS:20|2XS:20|XS:20|S:10|M:10|L:10|XL:10"
250028,"2022-09-15 08:39:53.45","#OP1512",50.00,68.00,93.00,120.90,"2023-03-11","130110251","PO",4,,,,"","ALMA","OP1512A1",30029,8002,"2023-03-15","2023-04-20","USD",93.00,100,"3XS:20|2XS:20|XS:20|S:10|M:10|L:10|XL:10"
250026,"2022-09-15 08:39:53.45","#OP1513",50.00,68.00,93.00,120.90,"2023-03-11","130110259","PO",4,,,,"","ALMA","OP1513A1",30013,1002,"2023-03-15","2023-04-20","USD",93.00,100,"3XS:20|2XS:20|XS:20|S:10|M:10|L:10|XL:10"
250027,"2022-09-15 08:39:53.45","#OP1514",50.00,68.00,93.00,120.90,"2023-03-11","130110259","PO",4,,,,"","ALMA","OP1514A0",30022,1016,"2023-03-15","2023-04-20","USD",93.00,100,"3XS:20|2XS:20|XS:20|S:10|M:10|L:10|XL:10"
250028,"2022-09-15 08:39:53.45","#OP1515",50.00,68.00,93.00,120.90,"2023-03-11","130110259","PO",4,,,,"","ALMA","OP1515A1",30045,3002,"2023-03-15","2023-04-20","USD",93.00,100,"3XS:20|2XS:20|XS:20|S:10|M:10|L:10|XL:10"
250029,"2022-09-15 08:39:53.45","#OP1516",50.00,68.00,93.00,120.90,"2023-03-11","130110259","PO",4,,,,"","ALMA","OP1516A0",30046,4002,"2023-03-15","2023-04-20","USD",93.00,100,"3XS:20|2XS:20|XS:20|S:10|M:10|L:10|XL:10"
250026,"2022-09-15 08:39:53.45","#OP1517",50.00,68.00,93.00,120.90,"2023-03-11","130110259","PO",4,,,,"","ALMA","OP1517A1",30047,5002,"2023-03-15","2023-04-20","USD",93.00,100,"3XS:20|2XS:20|XS:20|S:10|M:10|L:10|XL:10"
250027,"2022-09-15 08:39:53.45","#OP1518",50.00,68.00,93.00,120.90,"2023-03-11","130110259","PO",4,,,,"","ALMA","OP1518A0",30065,6002,"2023-03-15","2023-04-20","USD",93.00,100,"3XS:20|2XS:20|XS:20|S:10|M:10|L:10|XL:10"
250028,"2022-09-15 08:39:53.45","#OP1519",50.00,68.00,93.00,120.90,"2023-03-11","130110259","PO",4,,,,"","ALMA","OP1519A1",30074,8002,"2023-03-15","2023-04-20","USD",93.00,100,"3XS:20|2XS:20|XS:20|S:10|M:10|L:10|XL:10"
250026,"2022-09-15 08:39:53.45","#OP1520",50.00,68.00,93.00,120.90,"2023-03-11","130110271","PO",4,,,,"","ALMA","OP1520A1",30075,1002,"2023-03-15","2023-04-20","USD",93.00,100,"3XS:20|2XS:20|XS:20|S:10|M:10|L:10|XL:10"
250027,"2022-09-15 08:39:53.45","#OP1521",50.00,68.00,93.00,120.90,"2023-03-11","130110271","PO",4,,,,"","ALMA","OP1521A0",30025,1016,"2023-03-15","2023-04-20","USD",93.00,100,"3XS:20|2XS:20|XS:20|S:10|M:10|L:10|XL:10"
250028,"2022-09-15 08:39:53.45","#OP1522",50.00,68.00,93.00,120.90,"2023-03-11","130110271","PO",4,,,,"","ALMA","OP1522A1",30026,3002,"2023-03-15","2023-04-20","USD",93.00,100,"3XS:20|2XS:20|XS:20|S:10|M:10|L:10|XL:10"
250029,"2022-09-15 08:39:53.45","#OP1523",50.00,68.00,93.00,120.90,"2023-03-11","130110271","PO",4,,,,"","ALMA","OP1523A0",30027,4002,"2023-03-15","2023-04-20","USD",93.00,100,"3XS:20|2XS:20|XS:20|S:10|M:10|L:10|XL:10"
250026,"2022-09-15 08:39:53.45","#OP1524",50.00,68.00,93.00,120.90,"2023-03-11","130110271","PO",4,,,,"","ALMA","OP1524A1",30066,5002,"2023-03-15","2023-04-20","USD",93.00,100,"3XS:20|2XS:20|XS:20|S:10|M:10|L:10|XL:10"
250027,"2022-09-15 08:39:53.45","#OP1525",50.00,68.00,93.00,120.90,"2023-03-11","130110271","PO",4,,,,"","ALMA","OP1525A0",30067,6002,"2023-03-15","2023-04-20","USD",93.00,100,"3XS:20|2XS:20|XS:20|S:10|M:10|L:10|XL:10"
250028,"2022-09-15 08:39:53.45","#OP1526",50.00,68.00,93.00,120.90,"2023-03-11","130110271","PO",4,,,,"","ALMA","OP1526A1",30068,8002,"2023-03-15","2023-04-20","USD",93.00,100,"3XS:20|2XS:20|XS:20|S:10|M:10|L:10|XL:10"
250026,"2022-09-15 08:39:53.45","#OP1527",50.00,68.00,93.00,120.90,"2023-03-11","130110276","PO",4,,,,"","ALMA","OP1527A1",30069,1002,"2023-03-15","2023-04-20","USD",93.00,100,"3XS:20|2XS:20|XS:20|S:10|M:10|L:10|XL:10"
250027,"2022-09-15 08:39:53.45","#OP1528",50.00,68.00,93.00,120.90,"2023-03-11","130110276","PO",4,,,,"","ALMA","OP1528A0",30070,1016,"2023-03-15","2023-04-20","USD",93.00,100,"3XS:20|2XS:20|XS:20|S:10|M:10|L:10|XL:10"
250028,"2022-09-15 08:39:53.45","#OP1529",50.00,68.00,93.00,120.90,"2023-03-11","130110276","PO",4,,,,"","ALMA","OP1529A1",30071,3002,"2023-03-15","2023-04-20","USD",93.00,100,"3XS:20|2XS:20|XS:20|S:10|M:10|L:10|XL:10"
250029,"2022-09-15 08:39:53.45","#OP1530",50.00,68.00,93.00,120.90,"2023-03-11","130110276","PO",4,,,,"","ALMA","OP1530A0",30072,4002,"2023-03-15","2023-04-20","USD",93.00,100,"3XS:20|2XS:20|XS:20|S:10|M:10|L:10|XL:10"
250026,"2022-09-15 08:39:53.45","#OP1531",50.00,68.00,93.00,120.90,"2023-03-11","130110276","PO",4,,,,"","ALMA","OP1531A1",30073,5002,"2023-03-15","2023-04-20","USD",93.00,100,"3XS:20|2XS:20|XS:20|S:10|M:10|L:10|XL:10"
250027,"2022-09-15 08:39:53.45","#OP1532",50.00,68.00,93.00,120.90,"2023-03-11","130110276","PO",4,,,,"","ALMA","OP1532A0",30029,6002,"2023-03-15","2023-04-20","USD",93.00,100,"3XS:20|2XS:20|XS:20|S:10|M:10|L:10|XL:10"
250028,"2022-09-15 08:39:53.45","#OP1533",50.00,68.00,93.00,120.90,"2023-03-11","130110276","PO",4,,,,"","ALMA","OP1533A1",30013,8002,"2023-03-15","2023-04-20","USD",93.00,100,"3XS:20|2XS:20|XS:20|S:10|M:10|L:10|XL:10"
250026,"2022-09-15 08:39:53.45","#OP1534",50.00,68.00,93.00,120.90,"2023-03-11","130110277","PO",4,,,,"","ALMA","OP1534A1",30022,1002,"2023-03-15","2023-04-20","USD",93.00,100,"3XS:20|2XS:20|XS:20|S:10|M:10|L:10|XL:10"
250027,"2022-09-15 08:39:53.45","#OP1535",50.00,68.00,93.00,120.90,"2023-03-11","130110277","PO",4,,,,"","ALMA","OP1535A0",30045,1016,"2023-03-15","2023-04-20","USD",93.00,100,"3XS:20|2XS:20|XS:20|S:10|M:10|L:10|XL:10"
250028,"2022-09-15 08:39:53.45","#OP1536",50.00,68.00,93.00,120.90,"2023-03-11","130110277","PO",4,,,,"","ALMA","OP1536A1",30046,3002,"2023-03-15","2023-04-20","USD",93.00,100,"3XS:20|2XS:20|XS:20|S:10|M:10|L:10|XL:10"
250029,"2022-09-15 08:39:53.45","#OP1537",50.00,68.00,93.00,120.90,"2023-03-11","130110277","PO",4,,,,"","ALMA","OP1537A0",30047,4002,"2023-03-15","2023-04-20","USD",93.00,100,"3XS:20|2XS:20|XS:20|S:10|M:10|L:10|XL:10"
250026,"2022-09-15 08:39:53.45","#OP1538",50.00,68.00,93.00,120.90,"2023-03-11","130110277","PO",4,,,,"","ALMA","OP1538A1",30065,5002,"2023-03-15","2023-04-20","USD",93.00,100,"3XS:20|2XS:20|XS:20|S:10|M:10|L:10|XL:10"
250027,"2022-09-15 08:39:53.45","#OP1539",50.00,68.00,93.00,120.90,"2023-03-11","130110277","PO",4,,,,"","ALMA","OP1539A0",30074,6002,"2023-03-15","2023-04-20","USD",93.00,100,"3XS:20|2XS:20|XS:20|S:10|M:10|L:10|XL:10"
250028,"2022-09-15 08:39:53.45","#OP1540",50.00,68.00,93.00,120.90,"2023-03-11","130110277","PO",4,,,,"","ALMA","OP1540A1",30075,8002,"2023-03-15","2023-04-20","USD",93.00,100,"3XS:20|2XS:20|XS:20|S:10|M:10|L:10|XL:10"
250026,"2022-09-15 08:39:53.45","#OP1541",50.00,68.00,93.00,120.90,"2023-03-11","130110282","PO",4,,,,"","ALMA","OP1541A1",30025,1002,"2023-03-15","2023-04-20","USD",93.00,100,"3XS:20|2XS:20|XS:20|S:10|M:10|L:10|XL:10"
250027,"2022-09-15 08:39:53.45","#OP1542",50.00,68.00,93.00,120.90,"2023-03-11","130110282","PO",4,,,,"","ALMA","OP1542A0",30026,1016,"2023-03-15","2023-04-20","USD",93.00,100,"3XS:20|2XS:20|XS:20|S:10|M:10|L:10|XL:10"
250028,"2022-09-15 08:39:53.45","#OP1543",50.00,68.00,93.00,120.90,"2023-03-11","130110282","PO",4,,,,"","ALMA","OP1543A1",30027,3002,"2023-03-15","2023-04-20","USD",93.00,100,"3XS:20|2XS:20|XS:20|S:10|M:10|L:10|XL:10"
250029,"2022-09-15 08:39:53.45","#OP1544",50.00,68.00,93.00,120.90,"2023-03-11","130110282","PO",4,,,,"","ALMA","OP1544A0",30066,4002,"2023-03-15","2023-04-20","USD",93.00,100,"3XS:20|2XS:20|XS:20|S:10|M:10|L:10|XL:10"
250026,"2022-09-15 08:39:53.45","#OP1545",50.00,68.00,93.00,120.90,"2023-03-11","130110282","PO",4,,,,"","ALMA","OP1545A1",30067,5002,"2023-03-15","2023-04-20","USD",93.00,100,"3XS:20|2XS:20|XS:20|S:10|M:10|L:10|XL:10"
250027,"2022-09-15 08:39:53.45","#OP1546",50.00,68.00,93.00,120.90,"2023-03-11","130110282","PO",4,,,,"","ALMA","OP1546A0",30068,6002,"2023-03-15","2023-04-20","USD",93.00,100,"3XS:20|2XS:20|XS:20|S:10|M:10|L:10|XL:10"
250028,"2022-09-15 08:39:53.45","#OP1547",50.00,68.00,93.00,120.90,"2023-03-11","130110282","PO",4,,,,"","ALMA","OP1547A1",30069,8002,"2023-03-15","2023-04-20","USD",93.00,100,"3XS:20|2XS:20|XS:20|S:10|M:10|L:10|XL:10"
250026,"2022-09-15 08:39:53.45","#OP1548",50.00,68.00,93.00,120.90,"2023-03-11","130110283","PO",4,,,,"","ALMA","OP1548A1",30070,1002,"2023-03-15","2023-04-20","USD",93.00,100,"3XS:20|2XS:20|XS:20|S:10|M:10|L:10|XL:10"
250027,"2022-09-15 08:39:53.45","#OP1549",50.00,68.00,93.00,120.90,"2023-03-11","130110283","PO",4,,,,"","ALMA","OP1549A0",30071,1016,"2023-03-15","2023-04-20","USD",93.00,100,"3XS:20|2XS:20|XS:20|S:10|M:10|L:10|XL:10"
250028,"2022-09-15 08:39:53.45","#OP1550",50.00,68.00,93.00,120.90,"2023-03-11","130110283","PO",4,,,,"","ALMA","OP1550A1",30072,3002,"2023-03-15","2023-04-20","USD",93.00,100,"3XS:20|2XS:20|XS:20|S:10|M:10|L:10|XL:10"
250029,"2022-09-15 08:39:53.45","#OP1551",50.00,68.00,93.00,120.90,"2023-03-11","130110283","PO",4,,,,"","ALMA","OP1551A0",30073,4002,"2023-03-15","2023-04-20","USD",93.00,100,"3XS:20|2XS:20|XS:20|S:10|M:10|L:10|XL:10"
250026,"2022-09-15 08:39:53.45","#OP1552",50.00,68.00,93.00,120.90,"2023-03-11","130110283","PO",4,,,,"","ALMA","OP1552A1",30029,5002,"2023-03-15","2023-04-20","USD",93.00,100,"3XS:20|2XS:20|XS:20|S:10|M:10|L:10|XL:10"
250027,"2022-09-15 08:39:53.45","#OP1553",50.00,68.00,93.00,120.90,"2023-03-11","130110283","PO",4,,,,"","ALMA","OP1553A0",30013,6002,"2023-03-15","2023-04-20","USD",93.00,100,"3XS:20|2XS:20|XS:20|S:10|M:10|L:10|XL:10"
250028,"2022-09-15 08:39:53.45","#OP1554",50.00,68.00,93.00,120.90,"2023-03-11","130110283","PO",4,,,,"","ALMA","OP1554A1",30022,8002,"2023-03-15","2023-04-20","USD",93.00,100,"3XS:20|2XS:20|XS:20|S:10|M:10|L:10|XL:10"
250026,"2022-09-15 08:39:53.45","#OP1555",50.00,68.00,93.00,120.90,"2023-03-11","130110284","PO",4,,,,"","ALMA","OP1555A1",30045,1002,"2023-03-15","2023-04-20","USD",93.00,100,"3XS:20|2XS:20|XS:20|S:10|M:10|L:10|XL:10"
250027,"2022-09-15 08:39:53.45","#OP1556",50.00,68.00,93.00,120.90,"2023-03-11","130110284","PO",4,,,,"","ALMA","OP1556A0",30046,1016,"2023-03-15","2023-04-20","USD",93.00,100,"3XS:20|2XS:20|XS:20|S:10|M:10|L:10|XL:10"
250028,"2022-09-15 08:39:53.45","#OP1557",50.00,68.00,93.00,120.90,"2023-03-11","130110284","PO",4,,,,"","ALMA","OP1557A1",30047,3002,"2023-03-15","2023-04-20","USD",93.00,100,"3XS:20|2XS:20|XS:20|S:10|M:10|L:10|XL:10"
250029,"2022-09-15 08:39:53.45","#OP1558",50.00,68.00,93.00,120.90,"2023-03-11","130110284","PO",4,,,,"","ALMA","OP1558A0",30065,4002,"2023-03-15","2023-04-20","USD",93.00,100,"3XS:20|2XS:20|XS:20|S:10|M:10|L:10|XL:10"
250026,"2022-09-15 08:39:53.45","#OP1559",50.00,68.00,93.00,120.90,"2023-03-11","130110284","PO",4,,,,"","ALMA","OP1559A1",30074,5002,"2023-03-15","2023-04-20","USD",93.00,100,"3XS:20|2XS:20|XS:20|S:10|M:10|L:10|XL:10"
250027,"2022-09-15 08:39:53.45","#OP1560",50.00,68.00,93.00,120.90,"2023-03-11","130110284","PO",4,,,,"","ALMA","OP1560A0",30075,6002,"2023-03-15","2023-04-20","USD",93.00,100,"3XS:20|2XS:20|XS:20|S:10|M:10|L:10|XL:10"
250028,"2022-09-15 08:39:53.45","#OP1561",50.00,68.00,93.00,120.90,"2023-03-11","130110284","PO",4,,,,"","ALMA","OP1561A1",30025,8002,"2023-03-15","2023-04-20","USD",93.00,100,"3XS:20|2XS:20|XS:20|S:10|M:10|L:10|XL:10"
250026,"2022-09-15 08:39:53.45","#OP1562",50.00,68.00,93.00,120.90,"2023-03-11","130110286","PO",4,,,,"","ALMA","OP1562A1",30026,1002,"2023-03-15","2023-04-20","USD",93.00,100,"3XS:20|2XS:20|XS:20|S:10|M:10|L:10|XL:10"
250027,"2022-09-15 08:39:53.45","#OP1563",50.00,68.00,93.00,120.90,"2023-03-11","130110286","PO",4,,,,"","ALMA","OP1563A0",30027,1016,"2023-03-15","2023-04-20","USD",93.00,100,"3XS:20|2XS:20|XS:20|S:10|M:10|L:10|XL:10"
250028,"2022-09-15 08:39:53.45","#OP1564",50.00,68.00,93.00,120.90,"2023-03-11","130110286","PO",4,,,,"","ALMA","OP1564A1",30066,3002,"2023-03-15","2023-04-20","USD",93.00,100,"3XS:20|2XS:20|XS:20|S:10|M:10|L:10|XL:10"
250029,"2022-09-15 08:39:53.45","#OP1565",50.00,68.00,93.00,120.90,"2023-03-11","130110286","PO",4,,,,"","ALMA","OP1565A0",30067,4002,"2023-03-15","2023-04-20","USD",93.00,100,"3XS:20|2XS:20|XS:20|S:10|M:10|L:10|XL:10"
250026,"2022-09-15 08:39:53.45","#OP1566",50.00,68.00,93.00,120.90,"2023-03-11","130110286","PO",4,,,,"","ALMA","OP1566A1",30068,5002,"2023-03-15","2023-04-20","USD",93.00,100,"3XS:20|2XS:20|XS:20|S:10|M:10|L:10|XL:10"
250027,"2022-09-15 08:39:53.45","#OP1567",50.00,68.00,93.00,120.90,"2023-03-11","130110286","PO",4,,,,"","ALMA","OP1567A0",30069,6002,"2023-03-15","2023-04-20","USD",93.00,100,"3XS:20|2XS:20|XS:20|S:10|M:10|L:10|XL:10"
250028,"2022-09-15 08:39:53.45","#OP1568",50.00,68.00,93.00,120.90,"2023-03-11","130110286","PO",4,,,,"","ALMA","OP1568A1",30070,8002,"2023-03-15","2023-04-20","USD",93.00,100,"3XS:20|2XS:20|XS:20|S:10|M:10|L:10|XL:10"
250026,"2022-09-15 08:39:53.45","#OP1569",50.00,68.00,93.00,120.90,"2023-03-11","130110287","PO",4,,,,"","ALMA","OP1569A1",30071,1002,"2023-03-15","2023-04-20","USD",93.00,100,"3XS:20|2XS:20|XS:20|S:10|M:10|L:10|XL:10"
250027,"2022-09-15 08:39:53.45","#OP1570",50.00,68.00,93.00,120.90,"2023-03-11","130110287","PO",4,,,,"","ALMA","OP1570A0",30072,1016,"2023-03-15","2023-04-20","USD",93.00,100,"3XS:20|2XS:20|XS:20|S:10|M:10|L:10|XL:10"
250028,"2022-09-15 08:39:53.45","#OP1571",50.00,68.00,93.00,120.90,"2023-03-11","130110287","PO",4,,,,"","ALMA","OP1571A1",30073,3002,"2023-03-15","2023-04-20","USD",93.00,100,"3XS:20|2XS:20|XS:20|S:10|M:10|L:10|XL:10"
250029,"2022-09-15 08:39:53.45","#OP1572",50.00,68.00,93.00,120.90,"2023-03-11","130110287","PO",4,,,,"","ALMA","OP1572A0",30029,4002,"2023-03-15","2023-04-20","USD",93.00,100,"3XS:20|2XS:20|XS:20|S:10|M:10|L:10|XL:10"
250026,"2022-09-15 08:39:53.45","#OP1573",50.00,68.00,93.00,120.90,"2023-03-11","130110287","PO",4,,,,"","ALMA","OP1573A1",30013,5002,"2023-03-15","2023-04-20","USD",93.00,100,"3XS:20|2XS:20|XS:20|S:10|M:10|L:10|XL:10"
250027,"2022-09-15 08:39:53.45","#OP1574",50.00,68.00,93.00,120.90,"2023-03-11","130110287","PO",4,,,,"","ALMA","OP1574A0",30022,6002,"2023-03-15","2023-04-20","USD",93.00,100,"3XS:20|2XS:20|XS:20|S:10|M:10|L:10|XL:10"
250028,"2022-09-15 08:39:53.45","#OP1575",50.00,68.00,93.00,120.90,"2023-03-11","130110287","PO",4,,,,"","ALMA","OP1575A1",30045,8002,"2023-03-15","2023-04-20","USD",93.00,100,"3XS:20|2XS:20|XS:20|S:10|M:10|L:10|XL:10"
250026,"2022-09-15 08:39:53.45","#OP1576",50.00,68.00,93.00,120.90,"2023-03-11","130110288","PO",4,,,,"","ALMA","OP1576A1",30046,1002,"2023-03-15","2023-04-20","USD",93.00,100,"3XS:20|2XS:20|XS:20|S:10|M:10|L:10|XL:10"
250027,"2022-09-15 08:39:53.45","#OP1577",50.00,68.00,93.00,120.90,"2023-03-11","130110288","PO",4,,,,"","ALMA","OP1577A0",30047,1016,"2023-03-15","2023-04-20","USD",93.00,100,"3XS:20|2XS:20|XS:20|S:10|M:10|L:10|XL:10"
250028,"2022-09-15 08:39:53.45","#OP1578",50.00,68.00,93.00,120.90,"2023-03-11","130110288","PO",4,,,,"","ALMA","OP1578A1",30065,3002,"2023-03-15","2023-04-20","USD",93.00,100,"3XS:20|2XS:20|XS:20|S:10|M:10|L:10|XL:10"
250029,"2022-09-15 08:39:53.45","#OP1579",50.00,68.00,93.00,120.90,"2023-03-11","130110288","PO",4,,,,"","ALMA","OP1579A0",30074,4002,"2023-03-15","2023-04-20","USD",93.00,100,"3XS:20|2XS:20|XS:20|S:10|M:10|L:10|XL:10"
250026,"2022-09-15 08:39:53.45","#OP1580",50.00,68.00,93.00,120.90,"2023-03-11","130110288","PO",4,,,,"","ALMA","OP1580A1",30075,5002,"2023-03-15","2023-04-20","USD",93.00,100,"3XS:20|2XS:20|XS:20|S:10|M:10|L:10|XL:10"
250027,"2022-09-15 08:39:53.45","#OP1581",50.00,68.00,93.00,120.90,"2023-03-11","130110288","PO",4,,,,"","ALMA","OP1581A0",30025,6002,"2023-03-15","2023-04-20","USD",93.00,100,"3XS:20|2XS:20|XS:20|S:10|M:10|L:10|XL:10"
250028,"2022-09-15 08:39:53.45","#OP1582",50.00,68.00,93.00,120.90,"2023-03-11","130110288","PO",4,,,,"","ALMA","OP1582A1",30026,8002,"2023-03-15","2023-04-20","USD",93.00,100,"3XS:20|2XS:20|XS:20|S:10|M:10|L:10|XL:10"
250026,"2022-09-15 08:39:53.45","#OP1583",50.00,68.00,93.00,120.90,"2023-03-11","130110289","PO",4,,,,"","ALMA","OP1583A1",30027,1002,"2023-03-15","2023-04-20","USD",93.00,100,"3XS:20|2XS:20|XS:20|S:10|M:10|L:10|XL:10"
250027,"2022-09-15 08:39:53.45","#OP1584",50.00,68.00,93.00,120.90,"2023-03-11","130110289","PO",4,,,,"","ALMA","OP1584A0",30066,1016,"2023-03-15","2023-04-20","USD",93.00,100,"3XS:20|2XS:20|XS:20|S:10|M:10|L:10|XL:10"
250028,"2022-09-15 08:39:53.45","#OP1585",50.00,68.00,93.00,120.90,"2023-03-11","130110289","PO",4,,,,"","ALMA","OP1585A1",30067,3002,"2023-03-15","2023-04-20","USD",93.00,100,"3XS:20|2XS:20|XS:20|S:10|M:10|L:10|XL:10"
250029,"2022-09-15 08:39:53.45","#OP1586",50.00,68.00,93.00,120.90,"2023-03-11","130110289","PO",4,,,,"","ALMA","OP1586A0",30068,4002,"2023-03-15","2023-04-20","USD",93.00,100,"3XS:20|2XS:20|XS:20|S:10|M:10|L:10|XL:10"
250026,"2022-09-15 08:39:53.45","#OP1587",50.00,68.00,93.00,120.90,"2023-03-11","130110289","PO",4,,,,"","ALMA","OP1587A1",30069,5002,"2023-03-15","2023-04-20","USD",93.00,100,"3XS:20|2XS:20|XS:20|S:10|M:10|L:10|XL:10"
250027,"2022-09-15 08:39:53.45","#OP1588",50.00,68.00,93.00,120.90,"2023-03-11","130110289","PO",4,,,,"","ALMA","OP1588A0",30070,6002,"2023-03-15","2023-04-20","USD",93.00,100,"3XS:20|2XS:20|XS:20|S:10|M:10|L:10|XL:10"
250028,"2022-09-15 08:39:53.45","#OP1589",50.00,68.00,93.00,120.90,"2023-03-11","130110289","PO",4,,,,"","ALMA","OP1589A1",30071,8002,"2023-03-15","2023-04-20","USD",93.00,100,"3XS:20|2XS:20|XS:20|S:10|M:10|L:10|XL:10"
250026,"2022-09-15 08:39:53.45","#OP1590",50.00,68.00,93.00,120.90,"2023-03-11","130110291","PO",4,,,,"","ALMA","OP1590A1",30072,1002,"2023-03-15","2023-04-20","USD",93.00,100,"3XS:20|2XS:20|XS:20|S:10|M:10|L:10|XL:10"
250027,"2022-09-15 08:39:53.45","#OP1591",50.00,68.00,93.00,120.90,"2023-03-11","130110291","PO",4,,,,"","ALMA","OP1591A0",30073,1016,"2023-03-15","2023-04-20","USD",93.00,100,"3XS:20|2XS:20|XS:20|S:10|M:10|L:10|XL:10"
250028,"2022-09-15 08:39:53.45","#OP1592",50.00,68.00,93.00,120.90,"2023-03-11","130110291","PO",4,,,,"","ALMA","OP1592A1",30029,3002,"2023-03-15","2023-04-20","USD",93.00,100,"3XS:20|2XS:20|XS:20|S:10|M:10|L:10|XL:10"
250029,"2022-09-15 08:39:53.45","#OP1593",50.00,68.00,93.00,120.90,"2023-03-11","130110291","PO",4,,,,"","ALMA","OP1593A0",30013,4002,"2023-03-15","2023-04-20","USD",93.00,100,"3XS:20|2XS:20|XS:20|S:10|M:10|L:10|XL:10"
250026,"2022-09-15 08:39:53.45","#OP1594",50.00,68.00,93.00,120.90,"2023-03-11","130110291","PO",4,,,,"","ALMA","OP1594A1",30022,5002,"2023-03-15","2023-04-20","USD",93.00,100,"3XS:20|2XS:20|XS:20|S:10|M:10|L:10|XL:10"
250027,"2022-09-15 08:39:53.45","#OP1595",50.00,68.00,93.00,120.90,"2023-03-11","130110291","PO",4,,,,"","ALMA","OP1595A0",30045,6002,"2023-03-15","2023-04-20","USD",93.00,100,"3XS:20|2XS:20|XS:20|S:10|M:10|L:10|XL:10"
250028,"2022-09-15 08:39:53.45","#OP1596",50.00,68.00,93.00,120.90,"2023-03-11","130110291","PO",4,,,,"","ALMA","OP1596A1",30046,8002,"2023-03-15","2023-04-20","USD",93.00,100,"3XS:20|2XS:20|XS:20|S:10|M:10|L:10|XL:10"
250026,"2022-09-15 08:39:53.45","#OP1597",50.00,68.00,93.00,120.90,"2023-03-11","130110294","PO",4,,,,"","ALMA","OP1597A1",30047,1002,"2023-03-15","2023-04-20","USD",93.00,100,"3XS:20|2XS:20|XS:20|S:10|M:10|L:10|XL:10"
250027,"2022-09-15 08:39:53.45","#OP1598",50.00,68.00,93.00,120.90,"2023-03-11","130110294","PO",4,,,,"","ALMA","OP1598A0",30065,1016,"2023-03-15","2023-04-20","USD",93.00,100,"3XS:20|2XS:20|XS:20|S:10|M:10|L:10|XL:10"
250028,"2022-09-15 08:39:53.45","#OP1599",50.00,68.00,93.00,120.90,"2023-03-11","130110294","PO",4,,,,"","ALMA","OP1599A1",30074,3002,"2023-03-15","2023-04-20","USD",93.00,100,"3XS:20|2XS:20|XS:20|S:10|M:10|L:10|XL:10"
250029,"2022-09-15 08:39:53.45","#OP1600",50.00,68.00,93.00,120.90,"2023-03-11","130110294","PO",4,,,,"","ALMA","OP1600A0",30075,4002,"2023-03-15","2023-04-20","USD",93.00,100,"3XS:20|2XS:20|XS:20|S:10|M:10|L:10|XL:10"
250026,"2022-09-15 08:39:53.45","#OP1601",50.00,68.00,93.00,120.90,"2023-03-11","130110294","PO",4,,,,"","ALMA","OP1601A1",30025,5002,"2023-03-15","2023-04-20","USD",93.00,100,"3XS:20|2XS:20|XS:20|S:10|M:10|L:10|XL:10"
250027,"2022-09-15 08:39:53.45","#OP1602",50.00,68.00,93.00,120.90,"2023-03-11","130110294","PO",4,,,,"","ALMA","OP1602A0",30026,6002,"2023-03-15","2023-04-20","USD",93.00,100,"3XS:20|2XS:20|XS:20|S:10|M:10|L:10|XL:10"
250028,"2022-09-15 08:39:53.45","#OP1603",50.00,68.00,93.00,120.90,"2023-03-11","130110294","PO",4,,,,"","ALMA","OP1603A1",30027,8002,"2023-03-15","2023-04-20","USD",93.00,100,"3XS:20|2XS:20|XS:20|S:10|M:10|L:10|XL:10"
250026,"2022-09-15 08:39:53.45","#OP1604",50.00,68.00,93.00,120.90,"2023-03-11","130110295","PO",4,,,,"","ALMA","OP1604A1",30066,1002,"2023-03-15","2023-04-20","USD",93.00,100,"3XS:20|2XS:20|XS:20|S:10|M:10|L:10|XL:10"
250027,"2022-09-15 08:39:53.45","#OP1605",50.00,68.00,93.00,120.90,"2023-03-11","130110295","PO",4,,,,"","ALMA","OP1605A0",30067,1016,"2023-03-15","2023-04-20","USD",93.00,100,"3XS:20|2XS:20|XS:20|S:10|M:10|L:10|XL:10"
250028,"2022-09-15 08:39:53.45","#OP1606",50.00,68.00,93.00,120.90,"2023-03-11","130110295","PO",4,,,,"","ALMA","OP1606A1",30068,3002,"2023-03-15","2023-04-20","USD",93.00,100,"3XS:20|2XS:20|XS:20|S:10|M:10|L:10|XL:10"
250029,"2022-09-15 08:39:53.45","#OP1607",50.00,68.00,93.00,120.90,"2023-03-11","130110295","PO",4,,,,"","ALMA","OP1607A0",30069,4002,"2023-03-15","2023-04-20","USD",93.00,100,"3XS:20|2XS:20|XS:20|S:10|M:10|L:10|XL:10"
250026,"2022-09-15 08:39:53.45","#OP1608",50.00,68.00,93.00,120.90,"2023-03-11","130110295","PO",4,,,,"","ALMA","OP1608A1",30070,5002,"2023-03-15","2023-04-20","USD",93.00,100,"3XS:20|2XS:20|XS:20|S:10|M:10|L:10|XL:10"
250027,"2022-09-15 08:39:53.45","#OP1609",50.00,68.00,93.00,120.90,"2023-03-11","130110295","PO",4,,,,"","ALMA","OP1609A0",30071,6002,"2023-03-15","2023-04-20","USD",93.00,100,"3XS:20|2XS:20|XS:20|S:10|M:10|L:10|XL:10"
250028,"2022-09-15 08:39:53.45","#OP1610",50.00,68.00,93.00,120.90,"2023-03-11","130110295","PO",4,,,,"","ALMA","OP1610A1",30072,8002,"2023-03-15","2023-04-20","USD",93.00,100,"3XS:20|2XS:20|XS:20|S:10|M:10|L:10|XL:10"
250026,"2022-09-15 08:39:53.45","#OP1611",50.00,68.00,93.00,120.90,"2023-03-11","130110296","PO",4,,,,"","ALMA","OP1611A1",30073,1002,"2023-03-15","2023-04-20","USD",93.00,100,"3XS:20|2XS:20|XS:20|S:10|M:10|L:10|XL:10"
250027,"2022-09-15 08:39:53.45","#OP1612",50.00,68.00,93.00,120.90,"2023-03-11","130110296","PO",4,,,,"","ALMA","OP1612A0",30029,1016,"2023-03-15","2023-04-20","USD",93.00,100,"3XS:20|2XS:20|XS:20|S:10|M:10|L:10|XL:10"
250028,"2022-09-15 08:39:53.45","#OP1613",50.00,68.00,93.00,120.90,"2023-03-11","130110296","PO",4,,,,"","ALMA","OP1613A1",30013,3002,"2023-03-15","2023-04-20","USD",93.00,100,"3XS:20|2XS:20|XS:20|S:10|M:10|L:10|XL:10"
250029,"2022-09-15 08:39:53.45","#OP1614",50.00,68.00,93.00,120.90,"2023-03-11","130110296","PO",4,,,,"","ALMA","OP1614A0",30022,4002,"2023-03-15","2023-04-20","USD",93.00,100,"3XS:20|2XS:20|XS:20|S:10|M:10|L:10|XL:10"
250026,"2022-09-15 08:39:53.45","#OP1615",50.00,68.00,93.00,120.90,"2023-03-11","130110296","PO",4,,,,"","ALMA","OP1615A1",30045,5002,"2023-03-15","2023-04-20","USD",93.00,100,"3XS:20|2XS:20|XS:20|S:10|M:10|L:10|XL:10"
250027,"2022-09-15 08:39:53.45","#OP1616",50.00,68.00,93.00,120.90,"2023-03-11","130110296","PO",4,,,,"","ALMA","OP1616A0",30046,6002,"2023-03-15","2023-04-20","USD",93.00,100,"3XS:20|2XS:20|XS:20|S:10|M:10|L:10|XL:10"
250028,"2022-09-15 08:39:53.45","#OP1617",50.00,68.00,93.00,120.90,"2023-03-11","130110296","PO",4,,,,"","ALMA","OP1617A1",30047,8002,"2023-03-15","2023-04-20","USD",93.00,100,"3XS:20|2XS:20|XS:20|S:10|M:10|L:10|XL:10"
250026,"2022-09-15 08:39:53.45","#OP1618",50.00,68.00,93.00,120.90,"2023-03-11","130110297","PO",4,,,,"","ALMA","OP1618A1",30065,1002,"2023-03-15","2023-04-20","USD",93.00,100,"3XS:20|2XS:20|XS:20|S:10|M:10|L:10|XL:10"
250027,"2022-09-15 08:39:53.45","#OP1619",50.00,68.00,93.00,120.90,"2023-03-11","130110297","PO",4,,,,"","ALMA","OP1619A0",30074,1016,"2023-03-15","2023-04-20","USD",93.00,100,"3XS:20|2XS:20|XS:20|S:10|M:10|L:10|XL:10"
250028,"2022-09-15 08:39:53.45","#OP1620",50.00,68.00,93.00,120.90,"2023-03-11","130110297","PO",4,,,,"","ALMA","OP1620A1",30075,3002,"2023-03-15","2023-04-20","USD",93.00,100,"3XS:20|2XS:20|XS:20|S:10|M:10|L:10|XL:10"
250029,"2022-09-15 08:39:53.45","#OP1621",50.00,68.00,93.00,120.90,"2023-03-11","130110297","PO",4,,,,"","ALMA","OP1621A0",30025,4002,"2023-03-15","2023-04-20","USD",93.00,100,"3XS:20|2XS:20|XS:20|S:10|M:10|L:10|XL:10"
250026,"2022-09-15 08:39:53.45","#OP1622",50.00,68.00,93.00,120.90,"2023-03-11","130110297","PO",4,,,,"","ALMA","OP1622A1",30026,5002,"2023-03-15","2023-04-20","USD",93.00,100,"3XS:20|2XS:20|XS:20|S:10|M:10|L:10|XL:10"
250027,"2022-09-15 08:39:53.45","#OP1623",50.00,68.00,93.00,120.90,"2023-03-11","130110297","PO",4,,,,"","ALMA","OP1623A0",30027,6002,"2023-03-15","2023-04-20","USD",93.00,100,"3XS:20|2XS:20|XS:20|S:10|M:10|L:10|XL:10"
250028,"2022-09-15 08:39:53.45","#OP1624",50.00,68.00,93.00,120.90,"2023-03-11","130110297","PO",4,,,,"","ALMA","OP1624A1",30066,8002,"2023-03-15","2023-04-20","USD",93.00,100,"3XS:20|2XS:20|XS:20|S:10|M:10|L:10|XL:10"
250026,"2022-09-15 08:39:53.45","#OP1625",50.00,68.00,93.00,120.90,"2023-03-11","130110305","PO",4,,,,"","ALMA","OP1625A1",30067,1002,"2023-03-15","2023-04-20","USD",93.00,100,"3XS:20|2XS:20|XS:20|S:10|M:10|L:10|XL:10"
250027,"2022-09-15 08:39:53.45","#OP1626",50.00,68.00,93.00,120.90,"2023-03-11","130110305","PO",4,,,,"","ALMA","OP1626A0",30068,1016,"2023-03-15","2023-04-20","USD",93.00,100,"3XS:20|2XS:20|XS:20|S:10|M:10|L:10|XL:10"
250028,"2022-09-15 08:39:53.45","#OP1627",50.00,68.00,93.00,120.90,"2023-03-11","130110305","PO",4,,,,"","ALMA","OP1627A1",30069,3002,"2023-03-15","2023-04-20","USD",93.00,100,"3XS:20|2XS:20|XS:20|S:10|M:10|L:10|XL:10"
250029,"2022-09-15 08:39:53.45","#OP1628",50.00,68.00,93.00,120.90,"2023-03-11","130110305","PO",4,,,,"","ALMA","OP1628A0",30070,4002,"2023-03-15","2023-04-20","USD",93.00,100,"3XS:20|2XS:20|XS:20|S:10|M:10|L:10|XL:10"
250026,"2022-09-15 08:39:53.45","#OP1629",50.00,68.00,93.00,120.90,"2023-03-11","130110305","PO",4,,,,"","ALMA","OP1629A1",30071,5002,"2023-03-15","2023-04-20","USD",93.00,100,"3XS:20|2XS:20|XS:20|S:10|M:10|L:10|XL:10"
250027,"2022-09-15 08:39:53.45","#OP1630",50.00,68.00,93.00,120.90,"2023-03-11","130110305","PO",4,,,,"","ALMA","OP1630A0",30072,6002,"2023-03-15","2023-04-20","USD",93.00,100,"3XS:20|2XS:20|XS:20|S:10|M:10|L:10|XL:10"
250028,"2022-09-15 08:39:53.45","#OP1631",50.00,68.00,93.00,120.90,"2023-03-11","130110305","PO",4,,,,"","ALMA","OP1631A1",30073,8002,"2023-03-15","2023-04-20","USD",93.00,100,"3XS:20|2XS:20|XS:20|S:10|M:10|L:10|XL:10"
250026,"2022-09-15 08:39:53.45","#OP1632",50.00,68.00,93.00,120.90,"2023-03-11","130110307","PO",4,,,,"","ALMA","OP1632A1",30029,1002,"2023-03-15","2023-04-20","USD",93.00,100,"3XS:20|2XS:20|XS:20|S:10|M:10|L:10|XL:10"
250027,"2022-09-15 08:39:53.45","#OP1633",50.00,68.00,93.00,120.90,"2023-03-11","130110307","PO",4,,,,"","ALMA","OP1633A0",30013,1016,"2023-03-15","2023-04-20","USD",93.00,100,"3XS:20|2XS:20|XS:20|S:10|M:10|L:10|XL:10"
250028,"2022-09-15 08:39:53.45","#OP1634",50.00,68.00,93.00,120.90,"2023-03-11","130110307","PO",4,,,,"","ALMA","OP1634A1",30022,3002,"2023-03-15","2023-04-20","USD",93.00,100,"3XS:20|2XS:20|XS:20|S:10|M:10|L:10|XL:10"
250029,"2022-09-15 08:39:53.45","#OP1635",50.00,68.00,93.00,120.90,"2023-03-11","130110307","PO",4,,,,"","ALMA","OP1635A0",30045,4002,"2023-03-15","2023-04-20","USD",93.00,100,"3XS:20|2XS:20|XS:20|S:10|M:10|L:10|XL:10"
250026,"2022-09-15 08:39:53.45","#OP1636",50.00,68.00,93.00,120.90,"2023-03-11","130110307","PO",4,,,,"","ALMA","OP1636A1",30046,5002,"2023-03-15","2023-04-20","USD",93.00,100,"3XS:20|2XS:20|XS:20|S:10|M:10|L:10|XL:10"
250027,"2022-09-15 08:39:53.45","#OP1637",50.00,68.00,93.00,120.90,"2023-03-11","130110307","PO",4,,,,"","ALMA","OP1637A0",30047,6002,"2023-03-15","2023-04-20","USD",93.00,100,"3XS:20|2XS:20|XS:20|S:10|M:10|L:10|XL:10"
250028,"2022-09-15 08:39:53.45","#OP1638",50.00,68.00,93.00,120.90,"2023-03-11","130110307","PO",4,,,,"","ALMA","OP1638A1",30065,8002,"2023-03-15","2023-04-20","USD",93.00,100,"3XS:20|2XS:20|XS:20|S:10|M:10|L:10|XL:10"
250026,"2022-09-15 08:39:53.45","#OP1639",50.00,68.00,93.00,120.90,"2023-03-11","130110308","PO",4,,,,"","ALMA","OP1639A1",30074,1002,"2023-03-15","2023-04-20","USD",93.00,100,"3XS:20|2XS:20|XS:20|S:10|M:10|L:10|XL:10"
250027,"2022-09-15 08:39:53.45","#OP1640",50.00,68.00,93.00,120.90,"2023-03-11","130110308","PO",4,,,,"","ALMA","OP1640A0",30075,1016,"2023-03-15","2023-04-20","USD",93.00,100,"3XS:20|2XS:20|XS:20|S:10|M:10|L:10|XL:10"
250028,"2022-09-15 08:39:53.45","#OP1641",50.00,68.00,93.00,120.90,"2023-03-11","130110308","PO",4,,,,"","ALMA","OP1641A1",30025,3002,"2023-03-15","2023-04-20","USD",93.00,100,"3XS:20|2XS:20|XS:20|S:10|M:10|L:10|XL:10"
250029,"2022-09-15 08:39:53.45","#OP1642",50.00,68.00,93.00,120.90,"2023-03-11","130110308","PO",4,,,,"","ALMA","OP1642A0",30026,4002,"2023-03-15","2023-04-20","USD",93.00,100,"3XS:20|2XS:20|XS:20|S:10|M:10|L:10|XL:10"
250026,"2022-09-15 08:39:53.45","#OP1643",50.00,68.00,93.00,120.90,"2023-03-11","130110308","PO",4,,,,"","ALMA","OP1643A1",30027,5002,"2023-03-15","2023-04-20","USD",93.00,100,"3XS:20|2XS:20|XS:20|S:10|M:10|L:10|XL:10"
250027,"2022-09-15 08:39:53.45","#OP1644",50.00,68.00,93.00,120.90,"2023-03-11","130110308","PO",4,,,,"","ALMA","OP1644A0",30066,6002,"2023-03-15","2023-04-20","USD",93.00,100,"3XS:20|2XS:20|XS:20|S:10|M:10|L:10|XL:10"
250028,"2022-09-15 08:39:53.45","#OP1645",50.00,68.00,93.00,120.90,"2023-03-11","130110308","PO",4,,,,"","ALMA","OP1645A1",30067,8002,"2023-03-15","2023-04-20","USD",93.00,100,"3XS:20|2XS:20|XS:20|S:10|M:10|L:10|XL:10"
250026,"2022-09-15 08:39:53.45","#OP1646",50.00,68.00,93.00,120.90,"2023-03-11","130110310","PO",4,,,,"","ALMA","OP1646A1",30068,1002,"2023-03-15","2023-04-20","USD",93.00,100,"3XS:20|2XS:20|XS:20|S:10|M:10|L:10|XL:10"
250027,"2022-09-15 08:39:53.45","#OP1647",50.00,68.00,93.00,120.90,"2023-03-11","130110310","PO",4,,,,"","ALMA","OP1647A0",30069,1016,"2023-03-15","2023-04-20","USD",93.00,100,"3XS:20|2XS:20|XS:20|S:10|M:10|L:10|XL:10"
250028,"2022-09-15 08:39:53.45","#OP1648",50.00,68.00,93.00,120.90,"2023-03-11","130110310","PO",4,,,,"","ALMA","OP1648A1",30070,3002,"2023-03-15","2023-04-20","USD",93.00,100,"3XS:20|2XS:20|XS:20|S:10|M:10|L:10|XL:10"
250029,"2022-09-15 08:39:53.45","#OP1649",50.00,68.00,93.00,120.90,"2023-03-11","130110310","PO",4,,,,"","ALMA","OP1649A0",30071,4002,"2023-03-15","2023-04-20","USD",93.00,100,"3XS:20|2XS:20|XS:20|S:10|M:10|L:10|XL:10"
250026,"2022-09-15 08:39:53.45","#OP1650",50.00,68.00,93.00,120.90,"2023-03-11","130110310","PO",4,,,,"","ALMA","OP1650A1",30072,5002,"2023-03-15","2023-04-20","USD",93.00,100,"3XS:20|2XS:20|XS:20|S:10|M:10|L:10|XL:10"
250027,"2022-09-15 08:39:53.45","#OP1651",50.00,68.00,93.00,120.90,"2023-03-11","130110310","PO",4,,,,"","ALMA","OP1651A0",30073,6002,"2023-03-15","2023-04-20","USD",93.00,100,"3XS:20|2XS:20|XS:20|S:10|M:10|L:10|XL:10"
250028,"2022-09-15 08:39:53.45","#OP1652",50.00,68.00,93.00,120.90,"2023-03-11","130110310","PO",4,,,,"","ALMA","OP1652A1",30029,8002,"2023-03-15","2023-04-20","USD",93.00,100,"3XS:20|2XS:20|XS:20|S:10|M:10|L:10|XL:10"
250026,"2022-09-15 08:39:53.45","#OP1653",50.00,68.00,93.00,120.90,"2023-03-11","130110314","PO",4,,,,"","ALMA","OP1653A1",30013,1002,"2023-03-15","2023-04-20","USD",93.00,100,"3XS:20|2XS:20|XS:20|S:10|M:10|L:10|XL:10"
250027,"2022-09-15 08:39:53.45","#OP1654",50.00,68.00,93.00,120.90,"2023-03-11","130110314","PO",4,,,,"","ALMA","OP1654A0",30022,1016,"2023-03-15","2023-04-20","USD",93.00,100,"3XS:20|2XS:20|XS:20|S:10|M:10|L:10|XL:10"
250028,"2022-09-15 08:39:53.45","#OP1655",50.00,68.00,93.00,120.90,"2023-03-11","130110314","PO",4,,,,"","ALMA","OP1655A1",30045,3002,"2023-03-15","2023-04-20","USD",93.00,100,"3XS:20|2XS:20|XS:20|S:10|M:10|L:10|XL:10"
250029,"2022-09-15 08:39:53.45","#OP1656",50.00,68.00,93.00,120.90,"2023-03-11","130110314","PO",4,,,,"","ALMA","OP1656A0",30046,4002,"2023-03-15","2023-04-20","USD",93.00,100,"3XS:20|2XS:20|XS:20|S:10|M:10|L:10|XL:10"
250026,"2022-09-15 08:39:53.45","#OP1657",50.00,68.00,93.00,120.90,"2023-03-11","130110314","PO",4,,,,"","ALMA","OP1657A1",30047,5002,"2023-03-15","2023-04-20","USD",93.00,100,"3XS:20|2XS:20|XS:20|S:10|M:10|L:10|XL:10"
250027,"2022-09-15 08:39:53.45","#OP1658",50.00,68.00,93.00,120.90,"2023-03-11","130110314","PO",4,,,,"","ALMA","OP1658A0",30065,6002,"2023-03-15","2023-04-20","USD",93.00,100,"3XS:20|2XS:20|XS:20|S:10|M:10|L:10|XL:10"
250028,"2022-09-15 08:39:53.45","#OP1659",50.00,68.00,93.00,120.90,"2023-03-11","130110314","PO",4,,,,"","ALMA","OP1659A1",30074,8002,"2023-03-15","2023-04-20","USD",93.00,100,"3XS:20|2XS:20|XS:20|S:10|M:10|L:10|XL:10"
250026,"2022-09-15 08:39:53.45","#OP1660",50.00,68.00,93.00,120.90,"2023-03-11","130110315","PO",4,,,,"","ALMA","OP1660A1",30075,1002,"2023-03-15","2023-04-20","USD",93.00,100,"3XS:20|2XS:20|XS:20|S:10|M:10|L:10|XL:10"
250027,"2022-09-15 08:39:53.45","#OP1661",50.00,68.00,93.00,120.90,"2023-03-11","130110315","PO",4,,,,"","ALMA","OP1661A0",30025,1016,"2023-03-15","2023-04-20","USD",93.00,100,"3XS:20|2XS:20|XS:20|S:10|M:10|L:10|XL:10"
250028,"2022-09-15 08:39:53.45","#OP1662",50.00,68.00,93.00,120.90,"2023-03-11","130110315","PO",4,,,,"","ALMA","OP1662A1",30026,3002,"2023-03-15","2023-04-20","USD",93.00,100,"3XS:20|2XS:20|XS:20|S:10|M:10|L:10|XL:10"
250029,"2022-09-15 08:39:53.45","#OP1663",50.00,68.00,93.00,120.90,"2023-03-11","130110315","PO",4,,,,"","ALMA","OP1663A0",30027,4002,"2023-03-15","2023-04-20","USD",93.00,100,"3XS:20|2XS:20|XS:20|S:10|M:10|L:10|XL:10"
250026,"2022-09-15 08:39:53.45","#OP1664",50.00,68.00,93.00,120.90,"2023-03-11","130110315","PO",4,,,,"","ALMA","OP1664A1",30066,5002,"2023-03-15","2023-04-20","USD",93.00,100,"3XS:20|2XS:20|XS:20|S:10|M:10|L:10|XL:10"
250027,"2022-09-15 08:39:53.45","#OP1665",50.00,68.00,93.00,120.90,"2023-03-11","130110315","PO",4,,,,"","ALMA","OP1665A0",30067,6002,"2023-03-15","2023-04-20","USD",93.00,100,"3XS:20|2XS:20|XS:20|S:10|M:10|L:10|XL:10"
250028,"2022-09-15 08:39:53.45","#OP1666",50.00,68.00,93.00,120.90,"2023-03-11","130110315","PO",4,,,,"","ALMA","OP1666A1",30068,8002,"2023-03-15","2023-04-20","USD",93.00,100,"3XS:20|2XS:20|XS:20|S:10|M:10|L:10|XL:10"
250026,"2022-09-15 08:39:53.45","#OP1667",50.00,68.00,93.00,120.90,"2023-03-11","130110322","PO",4,,,,"","ALMA","OP1667A1",30069,1002,"2023-03-15","2023-04-20","USD",93.00,100,"3XS:20|2XS:20|XS:20|S:10|M:10|L:10|XL:10"
250027,"2022-09-15 08:39:53.45","#OP1668",50.00,68.00,93.00,120.90,"2023-03-11","130110322","PO",4,,,,"","ALMA","OP1668A0",30070,1016,"2023-03-15","2023-04-20","USD",93.00,100,"3XS:20|2XS:20|XS:20|S:10|M:10|L:10|XL:10"
250028,"2022-09-15 08:39:53.45","#OP1669",50.00,68.00,93.00,120.90,"2023-03-11","130110322","PO",4,,,,"","ALMA","OP1669A1",30071,3002,"2023-03-15","2023-04-20","USD",93.00,100,"3XS:20|2XS:20|XS:20|S:10|M:10|L:10|XL:10"
250029,"2022-09-15 08:39:53.45","#OP1670",50.00,68.00,93.00,120.90,"2023-03-11","130110322","PO",4,,,,"","ALMA","OP1670A0",30072,4002,"2023-03-15","2023-04-20","USD",93.00,100,"3XS:20|2XS:20|XS:20|S:10|M:10|L:10|XL:10"
250026,"2022-09-15 08:39:53.45","#OP1671",50.00,68.00,93.00,120.90,"2023-03-11","130110322","PO",4,,,,"","ALMA","OP1671A1",30073,5002,"2023-03-15","2023-04-20","USD",93.00,100,"3XS:20|2XS:20|XS:20|S:10|M:10|L:10|XL:10"
250027,"2022-09-15 08:39:53.45","#OP1672",50.00,68.00,93.00,120.90,"2023-03-11","130110322","PO",4,,,,"","ALMA","OP1672A0",30029,6002,"2023-03-15","2023-04-20","USD",93.00,100,"3XS:20|2XS:20|XS:20|S:10|M:10|L:10|XL:10"
250028,"2022-09-15 08:39:53.45","#OP1673",50.00,68.00,93.00,120.90,"2023-03-11","130110322","PO",4,,,,"","ALMA","OP1673A1",30013,8002,"2023-03-15","2023-04-20","USD",93.00,100,"3XS:20|2XS:20|XS:20|S:10|M:10|L:10|XL:10"
250026,"2022-09-15 08:39:53.45","#OP1674",50.00,68.00,93.00,120.90,"2023-03-11","130110323","PO",4,,,,"","ALMA","OP1674A1",30022,1002,"2023-03-15","2023-04-20","USD",93.00,100,"3XS:20|2XS:20|XS:20|S:10|M:10|L:10|XL:10"
250027,"2022-09-15 08:39:53.45","#OP1675",50.00,68.00,93.00,120.90,"2023-03-11","130110323","PO",4,,,,"","ALMA","OP1675A0",30045,1016,"2023-03-15","2023-04-20","USD",93.00,100,"3XS:20|2XS:20|XS:20|S:10|M:10|L:10|XL:10"
250028,"2022-09-15 08:39:53.45","#OP1676",50.00,68.00,93.00,120.90,"2023-03-11","130110323","PO",4,,,,"","ALMA","OP1676A1",30046,3002,"2023-03-15","2023-04-20","USD",93.00,100,"3XS:20|2XS:20|XS:20|S:10|M:10|L:10|XL:10"
250029,"2022-09-15 08:39:53.45","#OP1677",50.00,68.00,93.00,120.90,"2023-03-11","130110323","PO",4,,,,"","ALMA","OP1677A0",30047,4002,"2023-03-15","2023-04-20","USD",93.00,100,"3XS:20|2XS:20|XS:20|S:10|M:10|L:10|XL:10"
250026,"2022-09-15 08:39:53.45","#OP1678",50.00,68.00,93.00,120.90,"2023-03-11","130110323","PO",4,,,,"","ALMA","OP1678A1",30065,5002,"2023-03-15","2023-04-20","USD",93.00,100,"3XS:20|2XS:20|XS:20|S:10|M:10|L:10|XL:10"
250027,"2022-09-15 08:39:53.45","#OP1679",50.00,68.00,93.00,120.90,"2023-03-11","130110323","PO",4,,,,"","ALMA","OP1679A0",30074,6002,"2023-03-15","2023-04-20","USD",93.00,100,"3XS:20|2XS:20|XS:20|S:10|M:10|L:10|XL:10"
250028,"2022-09-15 08:39:53.45","#OP1680",50.00,68.00,93.00,120.90,"2023-03-11","130110323","PO",4,,,,"","ALMA","OP1680A1",30075,8002,"2023-03-15","2023-04-20","USD",93.00,100,"3XS:20|2XS:20|XS:20|S:10|M:10|L:10|XL:10"
250026,"2022-09-15 08:39:53.45","#OP1681",50.00,68.00,93.00,120.90,"2023-03-11","130110328","PO",4,,,,"","ALMA","OP1681A1",30025,1002,"2023-03-15","2023-04-20","USD",93.00,100,"3XS:20|2XS:20|XS:20|S:10|M:10|L:10|XL:10"
250027,"2022-09-15 08:39:53.45","#OP1682",50.00,68.00,93.00,120.90,"2023-03-11","130110328","PO",4,,,,"","ALMA","OP1682A0",30026,1016,"2023-03-15","2023-04-20","USD",93.00,100,"3XS:20|2XS:20|XS:20|S:10|M:10|L:10|XL:10"
250028,"2022-09-15 08:39:53.45","#OP1683",50.00,68.00,93.00,120.90,"2023-03-11","130110328","PO",4,,,,"","ALMA","OP1683A1",30027,3002,"2023-03-15","2023-04-20","USD",93.00,100,"3XS:20|2XS:20|XS:20|S:10|M:10|L:10|XL:10"
250029,"2022-09-15 08:39:53.45","#OP1684",50.00,68.00,93.00,120.90,"2023-03-11","130110328","PO",4,,,,"","ALMA","OP1684A0",30066,4002,"2023-03-15","2023-04-20","USD",93.00,100,"3XS:20|2XS:20|XS:20|S:10|M:10|L:10|XL:10"
250026,"2022-09-15 08:39:53.45","#OP1685",50.00,68.00,93.00,120.90,"2023-03-11","130110328","PO",4,,,,"","ALMA","OP1685A1",30067,5002,"2023-03-15","2023-04-20","USD",93.00,100,"3XS:20|2XS:20|XS:20|S:10|M:10|L:10|XL:10"
250027,"2022-09-15 08:39:53.45","#OP1686",50.00,68.00,93.00,120.90,"2023-03-11","130110328","PO",4,,,,"","ALMA","OP1686A0",30068,6002,"2023-03-15","2023-04-20","USD",93.00,100,"3XS:20|2XS:20|XS:20|S:10|M:10|L:10|XL:10"
250028,"2022-09-15 08:39:53.45","#OP1687",50.00,68.00,93.00,120.90,"2023-03-11","130110328","PO",4,,,,"","ALMA","OP1687A1",30069,8002,"2023-03-15","2023-04-20","USD",93.00,100,"3XS:20|2XS:20|XS:20|S:10|M:10|L:10|XL:10"
250026,"2022-09-15 08:39:53.45","#OP1688",50.00,68.00,93.00,120.90,"2023-03-11","130110335","PO",4,,,,"","ALMA","OP1688A1",30070,1002,"2023-03-15","2023-04-20","USD",93.00,100,"3XS:20|2XS:20|XS:20|S:10|M:10|L:10|XL:10"
250027,"2022-09-15 08:39:53.45","#OP1689",50.00,68.00,93.00,120.90,"2023-03-11","130110335","PO",4,,,,"","ALMA","OP1689A0",30071,1016,"2023-03-15","2023-04-20","USD",93.00,100,"3XS:20|2XS:20|XS:20|S:10|M:10|L:10|XL:10"
250028,"2022-09-15 08:39:53.45","#OP1690",50.00,68.00,93.00,120.90,"2023-03-11","130110335","PO",4,,,,"","ALMA","OP1690A1",30072,3002,"2023-03-15","2023-04-20","USD",93.00,100,"3XS:20|2XS:20|XS:20|S:10|M:10|L:10|XL:10"
250029,"2022-09-15 08:39:53.45","#OP1691",50.00,68.00,93.00,120.90,"2023-03-11","130110335","PO",4,,,,"","ALMA","OP1691A0",30073,4002,"2023-03-15","2023-04-20","USD",93.00,100,"3XS:20|2XS:20|XS:20|S:10|M:10|L:10|XL:10"
250026,"2022-09-15 08:39:53.45","#OP1692",50.00,68.00,93.00,120.90,"2023-03-11","130110335","PO",4,,,,"","ALMA","OP1692A1",30029,5002,"2023-03-15","2023-04-20","USD",93.00,100,"3XS:20|2XS:20|XS:20|S:10|M:10|L:10|XL:10"
250027,"2022-09-15 08:39:53.45","#OP1693",50.00,68.00,93.00,120.90,"2023-03-11","130110335","PO",4,,,,"","ALMA","OP1693A0",30013,6002,"2023-03-15","2023-04-20","USD",93.00,100,"3XS:20|2XS:20|XS:20|S:10|M:10|L:10|XL:10"
250028,"2022-09-15 08:39:53.45","#OP1694",50.00,68.00,93.00,120.90,"2023-03-11","130110335","PO",4,,,,"","ALMA","OP1694A1",30022,8002,"2023-03-15","2023-04-20","USD",93.00,100,"3XS:20|2XS:20|XS:20|S:10|M:10|L:10|XL:10"
250026,"2022-09-15 08:39:53.45","#OP1695",50.00,68.00,93.00,120.90,"2023-03-11","130110339","PO",4,,,,"","ALMA","OP1695A1",30045,1002,"2023-03-15","2023-04-20","USD",93.00,100,"3XS:20|2XS:20|XS:20|S:10|M:10|L:10|XL:10"
250027,"2022-09-15 08:39:53.45","#OP1696",50.00,68.00,93.00,120.90,"2023-03-11","130110339","PO",4,,,,"","ALMA","OP1696A0",30046,1016,"2023-03-15","2023-04-20","USD",93.00,100,"3XS:20|2XS:20|XS:20|S:10|M:10|L:10|XL:10"
250028,"2022-09-15 08:39:53.45","#OP1697",50.00,68.00,93.00,120.90,"2023-03-11","130110339","PO",4,,,,"","ALMA","OP1697A1",30047,3002,"2023-03-15","2023-04-20","USD",93.00,100,"3XS:20|2XS:20|XS:20|S:10|M:10|L:10|XL:10"
250029,"2022-09-15 08:39:53.45","#OP1698",50.00,68.00,93.00,120.90,"2023-03-11","130110339","PO",4,,,,"","ALMA","OP1698A0",30065,4002,"2023-03-15","2023-04-20","USD",93.00,100,"3XS:20|2XS:20|XS:20|S:10|M:10|L:10|XL:10"
250026,"2022-09-15 08:39:53.45","#OP1699",50.00,68.00,93.00,120.90,"2023-03-11","130110339","PO",4,,,,"","ALMA","OP1699A1",30074,5002,"2023-03-15","2023-04-20","USD",93.00,100,"3XS:20|2XS:20|XS:20|S:10|M:10|L:10|XL:10"
250027,"2022-09-15 08:39:53.45","#OP1700",50.00,68.00,93.00,120.90,"2023-03-11","130110339","PO",4,,,,"","ALMA","OP1700A0",30075,6002,"2023-03-15","2023-04-20","USD",93.00,100,"3XS:20|2XS:20|XS:20|S:10|M:10|L:10|XL:10"
250028,"2022-09-15 08:39:53.45","#OP1701",50.00,68.00,93.00,120.90,"2023-03-11","130110339","PO",4,,,,"","ALMA","OP1701A1",30025,8002,"2023-03-15","2023-04-20","USD",93.00,100,"3XS:20|2XS:20|XS:20|S:10|M:10|L:10|XL:10"
250026,"2022-09-15 08:39:53.45","#OP1702",50.00,68.00,93.00,120.90,"2023-03-11","130110342","PO",4,,,,"","ALMA","OP1702A1",30026,1002,"2023-03-15","2023-04-20","USD",93.00,100,"3XS:20|2XS:20|XS:20|S:10|M:10|L:10|XL:10"
250027,"2022-09-15 08:39:53.45","#OP1703",50.00,68.00,93.00,120.90,"2023-03-11","130110342","PO",4,,,,"","ALMA","OP1703A0",30027,1016,"2023-03-15","2023-04-20","USD",93.00,100,"3XS:20|2XS:20|XS:20|S:10|M:10|L:10|XL:10"
250028,"2022-09-15 08:39:53.45","#OP1704",50.00,68.00,93.00,120.90,"2023-03-11","130110342","PO",4,,,,"","ALMA","OP1704A1",30066,3002,"2023-03-15","2023-04-20","USD",93.00,100,"3XS:20|2XS:20|XS:20|S:10|M:10|L:10|XL:10"
250029,"2022-09-15 08:39:53.45","#OP1705",50.00,68.00,93.00,120.90,"2023-03-11","130110342","PO",4,,,,"","ALMA","OP1705A0",30067,4002,"2023-03-15","2023-04-20","USD",93.00,100,"3XS:20|2XS:20|XS:20|S:10|M:10|L:10|XL:10"
250026,"2022-09-15 08:39:53.45","#OP1706",50.00,68.00,93.00,120.90,"2023-03-11","130110342","PO",4,,,,"","ALMA","OP1706A1",30068,5002,"2023-03-15","2023-04-20","USD",93.00,100,"3XS:20|2XS:20|XS:20|S:10|M:10|L:10|XL:10"
250027,"2022-09-15 08:39:53.45","#OP1707",50.00,68.00,93.00,120.90,"2023-03-11","130110342","PO",4,,,,"","ALMA","OP1707A0",30069,6002,"2023-03-15","2023-04-20","USD",93.00,100,"3XS:20|2XS:20|XS:20|S:10|M:10|L:10|XL:10"
250028,"2022-09-15 08:39:53.45","#OP1708",50.00,68.00,93.00,120.90,"2023-03-11","130110342","PO",4,,,,"","ALMA","OP1708A1",30070,8002,"2023-03-15","2023-04-20","USD",93.00,100,"3XS:20|2XS:20|XS:20|S:10|M:10|L:10|XL:10"
250026,"2022-09-15 08:39:53.45","#OP1709",50.00,68.00,93.00,120.90,"2023-03-11","130110345","PO",4,,,,"","ALMA","OP1709A1",30071,1002,"2023-03-15","2023-04-20","USD",93.00,100,"3XS:20|2XS:20|XS:20|S:10|M:10|L:10|XL:10"
250027,"2022-09-15 08:39:53.45","#OP1710",50.00,68.00,93.00,120.90,"2023-03-11","130110345","PO",4,,,,"","ALMA","OP1710A0",30072,1016,"2023-03-15","2023-04-20","USD",93.00,100,"3XS:20|2XS:20|XS:20|S:10|M:10|L:10|XL:10"
250028,"2022-09-15 08:39:53.45","#OP1711",50.00,68.00,93.00,120.90,"2023-03-11","130110345","PO",4,,,,"","ALMA","OP1711A1",30073,3002,"2023-03-15","2023-04-20","USD",93.00,100,"3XS:20|2XS:20|XS:20|S:10|M:10|L:10|XL:10"
250029,"2022-09-15 08:39:53.45","#OP1712",50.00,68.00,93.00,120.90,"2023-03-11","130110345","PO",4,,,,"","ALMA","OP1712A0",30029,4002,"2023-03-15","2023-04-20","USD",93.00,100,"3XS:20|2XS:20|XS:20|S:10|M:10|L:10|XL:10"
250026,"2022-09-15 08:39:53.45","#OP1713",50.00,68.00,93.00,120.90,"2023-03-11","130110345","PO",4,,,,"","ALMA","OP1713A1",30013,5002,"2023-03-15","2023-04-20","USD",93.00,100,"3XS:20|2XS:20|XS:20|S:10|M:10|L:10|XL:10"
250027,"2022-09-15 08:39:53.45","#OP1714",50.00,68.00,93.00,120.90,"2023-03-11","130110345","PO",4,,,,"","ALMA","OP1714A0",30022,6002,"2023-03-15","2023-04-20","USD",93.00,100,"3XS:20|2XS:20|XS:20|S:10|M:10|L:10|XL:10"
250028,"2022-09-15 08:39:53.45","#OP1715",50.00,68.00,93.00,120.90,"2023-03-11","130110345","PO",4,,,,"","ALMA","OP1715A1",30045,8002,"2023-03-15","2023-04-20","USD",93.00,100,"3XS:20|2XS:20|XS:20|S:10|M:10|L:10|XL:10"
250026,"2022-09-15 08:39:53.45","#OP1716",50.00,68.00,93.00,120.90,"2023-03-11","130110346","PO",4,,,,"","ALMA","OP1716A1",30046,1002,"2023-03-15","2023-04-20","USD",93.00,100,"3XS:20|2XS:20|XS:20|S:10|M:10|L:10|XL:10"
250027,"2022-09-15 08:39:53.45","#OP1717",50.00,68.00,93.00,120.90,"2023-03-11","130110346","PO",4,,,,"","ALMA","OP1717A0",30047,1016,"2023-03-15","2023-04-20","USD",93.00,100,"3XS:20|2XS:20|XS:20|S:10|M:10|L:10|XL:10"
250028,"2022-09-15 08:39:53.45","#OP1718",50.00,68.00,93.00,120.90,"2023-03-11","130110346","PO",4,,,,"","ALMA","OP1718A1",30065,3002,"2023-03-15","2023-04-20","USD",93.00,100,"3XS:20|2XS:20|XS:20|S:10|M:10|L:10|XL:10"
250029,"2022-09-15 08:39:53.45","#OP1719",50.00,68.00,93.00,120.90,"2023-03-11","130110346","PO",4,,,,"","ALMA","OP1719A0",30074,4002,"2023-03-15","2023-04-20","USD",93.00,100,"3XS:20|2XS:20|XS:20|S:10|M:10|L:10|XL:10"
250026,"2022-09-15 08:39:53.45","#OP1720",50.00,68.00,93.00,120.90,"2023-03-11","130110346","PO",4,,,,"","ALMA","OP1720A1",30075,5002,"2023-03-15","2023-04-20","USD",93.00,100,"3XS:20|2XS:20|XS:20|S:10|M:10|L:10|XL:10"
250027,"2022-09-15 08:39:53.45","#OP1721",50.00,68.00,93.00,120.90,"2023-03-11","130110346","PO",4,,,,"","ALMA","OP1721A0",30025,6002,"2023-03-15","2023-04-20","USD",93.00,100,"3XS:20|2XS:20|XS:20|S:10|M:10|L:10|XL:10"
250028,"2022-09-15 08:39:53.45","#OP1722",50.00,68.00,93.00,120.90,"2023-03-11","130110346","PO",4,,,,"","ALMA","OP1722A1",30026,8002,"2023-03-15","2023-04-20","USD",93.00,100,"3XS:20|2XS:20|XS:20|S:10|M:10|L:10|XL:10"
250026,"2022-09-15 08:39:53.45","#OP1723",50.00,68.00,93.00,120.90,"2023-03-11","130110347","PO",4,,,,"","ALMA","OP1723A1",30027,1002,"2023-03-15","2023-04-20","USD",93.00,100,"3XS:20|2XS:20|XS:20|S:10|M:10|L:10|XL:10"
250027,"2022-09-15 08:39:53.45","#OP1724",50.00,68.00,93.00,120.90,"2023-03-11","130110347","PO",4,,,,"","ALMA","OP1724A0",30066,1016,"2023-03-15","2023-04-20","USD",93.00,100,"3XS:20|2XS:20|XS:20|S:10|M:10|L:10|XL:10"
250028,"2022-09-15 08:39:53.45","#OP1725",50.00,68.00,93.00,120.90,"2023-03-11","130110347","PO",4,,,,"","ALMA","OP1725A1",30067,3002,"2023-03-15","2023-04-20","USD",93.00,100,"3XS:20|2XS:20|XS:20|S:10|M:10|L:10|XL:10"
250029,"2022-09-15 08:39:53.45","#OP1726",50.00,68.00,93.00,120.90,"2023-03-11","130110347","PO",4,,,,"","ALMA","OP1726A0",30068,4002,"2023-03-15","2023-04-20","USD",93.00,100,"3XS:20|2XS:20|XS:20|S:10|M:10|L:10|XL:10"
250026,"2022-09-15 08:39:53.45","#OP1727",50.00,68.00,93.00,120.90,"2023-03-11","130110347","PO",4,,,,"","ALMA","OP1727A1",30069,5002,"2023-03-15","2023-04-20","USD",93.00,100,"3XS:20|2XS:20|XS:20|S:10|M:10|L:10|XL:10"
250027,"2022-09-15 08:39:53.45","#OP1728",50.00,68.00,93.00,120.90,"2023-03-11","130110347","PO",4,,,,"","ALMA","OP1728A0",30070,6002,"2023-03-15","2023-04-20","USD",93.00,100,"3XS:20|2XS:20|XS:20|S:10|M:10|L:10|XL:10"
250028,"2022-09-15 08:39:53.45","#OP1729",50.00,68.00,93.00,120.90,"2023-03-11","130110347","PO",4,,,,"","ALMA","OP1729A1",30071,8002,"2023-03-15","2023-04-20","USD",93.00,100,"3XS:20|2XS:20|XS:20|S:10|M:10|L:10|XL:10"
250026,"2022-09-15 08:39:53.45","#OP1730",50.00,68.00,93.00,120.90,"2023-03-11","130110352","PO",4,,,,"","ALMA","OP1730A1",30072,1002,"2023-03-15","2023-04-20","USD",93.00,100,"3XS:20|2XS:20|XS:20|S:10|M:10|L:10|XL:10"
250027,"2022-09-15 08:39:53.45","#OP1731",50.00,68.00,93.00,120.90,"2023-03-11","130110352","PO",4,,,,"","ALMA","OP1731A0",30073,1016,"2023-03-15","2023-04-20","USD",93.00,100,"3XS:20|2XS:20|XS:20|S:10|M:10|L:10|XL:10"
250028,"2022-09-15 08:39:53.45","#OP1732",50.00,68.00,93.00,120.90,"2023-03-11","130110352","PO",4,,,,"","ALMA","OP1732A1",30029,3002,"2023-03-15","2023-04-20","USD",93.00,100,"3XS:20|2XS:20|XS:20|S:10|M:10|L:10|XL:10"
250029,"2022-09-15 08:39:53.45","#OP1733",50.00,68.00,93.00,120.90,"2023-03-11","130110352","PO",4,,,,"","ALMA","OP1733A0",30013,4002,"2023-03-15","2023-04-20","USD",93.00,100,"3XS:20|2XS:20|XS:20|S:10|M:10|L:10|XL:10"
250026,"2022-09-15 08:39:53.45","#OP1734",50.00,68.00,93.00,120.90,"2023-03-11","130110352","PO",4,,,,"","ALMA","OP1734A1",30022,5002,"2023-03-15","2023-04-20","USD",93.00,100,"3XS:20|2XS:20|XS:20|S:10|M:10|L:10|XL:10"
250027,"2022-09-15 08:39:53.45","#OP1735",50.00,68.00,93.00,120.90,"2023-03-11","130110352","PO",4,,,,"","ALMA","OP1735A0",30045,6002,"2023-03-15","2023-04-20","USD",93.00,100,"3XS:20|2XS:20|XS:20|S:10|M:10|L:10|XL:10"
250028,"2022-09-15 08:39:53.45","#OP1736",50.00,68.00,93.00,120.90,"2023-03-11","130110352","PO",4,,,,"","ALMA","OP1736A1",30046,8002,"2023-03-15","2023-04-20","USD",93.00,100,"3XS:20|2XS:20|XS:20|S:10|M:10|L:10|XL:10"
250026,"2022-09-15 08:39:53.45","#OP1737",50.00,68.00,93.00,120.90,"2023-03-11","130110358","PO",4,,,,"","ALMA","OP1737A1",30047,1002,"2023-03-15","2023-04-20","USD",93.00,100,"3XS:20|2XS:20|XS:20|S:10|M:10|L:10|XL:10"
250027,"2022-09-15 08:39:53.45","#OP1738",50.00,68.00,93.00,120.90,"2023-03-11","130110358","PO",4,,,,"","ALMA","OP1738A0",30065,1016,"2023-03-15","2023-04-20","USD",93.00,100,"3XS:20|2XS:20|XS:20|S:10|M:10|L:10|XL:10"
250028,"2022-09-15 08:39:53.45","#OP1739",50.00,68.00,93.00,120.90,"2023-03-11","130110358","PO",4,,,,"","ALMA","OP1739A1",30074,3002,"2023-03-15","2023-04-20","USD",93.00,100,"3XS:20|2XS:20|XS:20|S:10|M:10|L:10|XL:10"
250029,"2022-09-15 08:39:53.45","#OP1740",50.00,68.00,93.00,120.90,"2023-03-11","130110358","PO",4,,,,"","ALMA","OP1740A0",30075,4002,"2023-03-15","2023-04-20","USD",93.00,100,"3XS:20|2XS:20|XS:20|S:10|M:10|L:10|XL:10"
250026,"2022-09-15 08:39:53.45","#OP1741",50.00,68.00,93.00,120.90,"2023-03-11","130110358","PO",4,,,,"","ALMA","OP1741A1",30025,5002,"2023-03-15","2023-04-20","USD",93.00,100,"3XS:20|2XS:20|XS:20|S:10|M:10|L:10|XL:10"
250027,"2022-09-15 08:39:53.45","#OP1742",50.00,68.00,93.00,120.90,"2023-03-11","130110358","PO",4,,,,"","ALMA","OP1742A0",30026,6002,"2023-03-15","2023-04-20","USD",93.00,100,"3XS:20|2XS:20|XS:20|S:10|M:10|L:10|XL:10"
250028,"2022-09-15 08:39:53.45","#OP1743",50.00,68.00,93.00,120.90,"2023-03-11","130110358","PO",4,,,,"","ALMA","OP1743A1",30027,8002,"2023-03-15","2023-04-20","USD",93.00,100,"3XS:20|2XS:20|XS:20|S:10|M:10|L:10|XL:10"
250026,"2022-09-15 08:39:53.45","#OP1744",50.00,68.00,93.00,120.90,"2023-03-11","130110361","PO",4,,,,"","ALMA","OP1744A1",30066,1002,"2023-03-15","2023-04-20","USD",93.00,100,"3XS:20|2XS:20|XS:20|S:10|M:10|L:10|XL:10"
250027,"2022-09-15 08:39:53.45","#OP1745",50.00,68.00,93.00,120.90,"2023-03-11","130110361","PO",4,,,,"","ALMA","OP1745A0",30067,1016,"2023-03-15","2023-04-20","USD",93.00,100,"3XS:20|2XS:20|XS:20|S:10|M:10|L:10|XL:10"
250028,"2022-09-15 08:39:53.45","#OP1746",50.00,68.00,93.00,120.90,"2023-03-11","130110361","PO",4,,,,"","ALMA","OP1746A1",30068,3002,"2023-03-15","2023-04-20","USD",93.00,100,"3XS:20|2XS:20|XS:20|S:10|M:10|L:10|XL:10"
250029,"2022-09-15 08:39:53.45","#OP1747",50.00,68.00,93.00,120.90,"2023-03-11","130110361","PO",4,,,,"","ALMA","OP1747A0",30069,4002,"2023-03-15","2023-04-20","USD",93.00,100,"3XS:20|2XS:20|XS:20|S:10|M:10|L:10|XL:10"
250026,"2022-09-15 08:39:53.45","#OP1748",50.00,68.00,93.00,120.90,"2023-03-11","130110361","PO",4,,,,"","ALMA","OP1748A1",30070,5002,"2023-03-15","2023-04-20","USD",93.00,100,"3XS:20|2XS:20|XS:20|S:10|M:10|L:10|XL:10"
250027,"2022-09-15 08:39:53.45","#OP1749",50.00,68.00,93.00,120.90,"2023-03-11","130110361","PO",4,,,,"","ALMA","OP1749A0",30071,6002,"2023-03-15","2023-04-20","USD",93.00,100,"3XS:20|2XS:20|XS:20|S:10|M:10|L:10|XL:10"
250028,"2022-09-15 08:39:53.45","#OP1750",50.00,68.00,93.00,120.90,"2023-03-11","130110361","PO",4,,,,"","ALMA","OP1750A1",30072,8002,"2023-03-15","2023-04-20","USD",93.00,100,"3XS:20|2XS:20|XS:20|S:10|M:10|L:10|XL:10"
250026,"2022-09-15 08:39:53.45","#OP1751",50.00,68.00,93.00,120.90,"2023-03-11","130110363","PO",4,,,,"","ALMA","OP1751A1",30073,1002,"2023-03-15","2023-04-20","USD",93.00,100,"3XS:20|2XS:20|XS:20|S:10|M:10|L:10|XL:10"
250027,"2022-09-15 08:39:53.45","#OP1752",50.00,68.00,93.00,120.90,"2023-03-11","130110363","PO",4,,,,"","ALMA","OP1752A0",30029,1016,"2023-03-15","2023-04-20","USD",93.00,100,"3XS:20|2XS:20|XS:20|S:10|M:10|L:10|XL:10"
250028,"2022-09-15 08:39:53.45","#OP1753",50.00,68.00,93.00,120.90,"2023-03-11","130110363","PO",4,,,,"","ALMA","OP1753A1",30013,3002,"2023-03-15","2023-04-20","USD",93.00,100,"3XS:20|2XS:20|XS:20|S:10|M:10|L:10|XL:10"
250029,"2022-09-15 08:39:53.45","#OP1754",50.00,68.00,93.00,120.90,"2023-03-11","130110363","PO",4,,,,"","ALMA","OP1754A0",30022,4002,"2023-03-15","2023-04-20","USD",93.00,100,"3XS:20|2XS:20|XS:20|S:10|M:10|L:10|XL:10"
250026,"2022-09-15 08:39:53.45","#OP1755",50.00,68.00,93.00,120.90,"2023-03-11","130110363","PO",4,,,,"","ALMA","OP1755A1",30045,5002,"2023-03-15","2023-04-20","USD",93.00,100,"3XS:20|2XS:20|XS:20|S:10|M:10|L:10|XL:10"
250027,"2022-09-15 08:39:53.45","#OP1756",50.00,68.00,93.00,120.90,"2023-03-11","130110363","PO",4,,,,"","ALMA","OP1756A0",30046,6002,"2023-03-15","2023-04-20","USD",93.00,100,"3XS:20|2XS:20|XS:20|S:10|M:10|L:10|XL:10"
250028,"2022-09-15 08:39:53.45","#OP1757",50.00,68.00,93.00,120.90,"2023-03-11","130110363","PO",4,,,,"","ALMA","OP1757A1",30047,8002,"2023-03-15","2023-04-20","USD",93.00,100,"3XS:20|2XS:20|XS:20|S:10|M:10|L:10|XL:10"
250026,"2022-09-15 08:39:53.45","#OP1758",50.00,68.00,93.00,120.90,"2023-03-11","130110365","PO",4,,,,"","ALMA","OP1758A1",30065,1002,"2023-03-15","2023-04-20","USD",93.00,100,"3XS:20|2XS:20|XS:20|S:10|M:10|L:10|XL:10"
250027,"2022-09-15 08:39:53.45","#OP1759",50.00,68.00,93.00,120.90,"2023-03-11","130110365","PO",4,,,,"","ALMA","OP1759A0",30074,1016,"2023-03-15","2023-04-20","USD",93.00,100,"3XS:20|2XS:20|XS:20|S:10|M:10|L:10|XL:10"
250028,"2022-09-15 08:39:53.45","#OP1760",50.00,68.00,93.00,120.90,"2023-03-11","130110365","PO",4,,,,"","ALMA","OP1760A1",30075,3002,"2023-03-15","2023-04-20","USD",93.00,100,"3XS:20|2XS:20|XS:20|S:10|M:10|L:10|XL:10"
250029,"2022-09-15 08:39:53.45","#OP1761",50.00,68.00,93.00,120.90,"2023-03-11","130110365","PO",4,,,,"","ALMA","OP1761A0",30025,4002,"2023-03-15","2023-04-20","USD",93.00,100,"3XS:20|2XS:20|XS:20|S:10|M:10|L:10|XL:10"
250026,"2022-09-15 08:39:53.45","#OP1762",50.00,68.00,93.00,120.90,"2023-03-11","130110365","PO",4,,,,"","ALMA","OP1762A1",30026,5002,"2023-03-15","2023-04-20","USD",93.00,100,"3XS:20|2XS:20|XS:20|S:10|M:10|L:10|XL:10"
250027,"2022-09-15 08:39:53.45","#OP1763",50.00,68.00,93.00,120.90,"2023-03-11","130110365","PO",4,,,,"","ALMA","OP1763A0",30027,6002,"2023-03-15","2023-04-20","USD",93.00,100,"3XS:20|2XS:20|XS:20|S:10|M:10|L:10|XL:10"
250028,"2022-09-15 08:39:53.45","#OP1764",50.00,68.00,93.00,120.90,"2023-03-11","130110365","PO",4,,,,"","ALMA","OP1764A1",30066,8002,"2023-03-15","2023-04-20","USD",93.00,100,"3XS:20|2XS:20|XS:20|S:10|M:10|L:10|XL:10"
250026,"2022-09-15 08:39:53.45","#OP1765",50.00,68.00,93.00,120.90,"2023-03-11","130110367","PO",4,,,,"","ALMA","OP1765A1",30067,1002,"2023-03-15","2023-04-20","USD",93.00,100,"3XS:20|2XS:20|XS:20|S:10|M:10|L:10|XL:10"
250027,"2022-09-15 08:39:53.45","#OP1766",50.00,68.00,93.00,120.90,"2023-03-11","130110367","PO",4,,,,"","ALMA","OP1766A0",30068,1016,"2023-03-15","2023-04-20","USD",93.00,100,"3XS:20|2XS:20|XS:20|S:10|M:10|L:10|XL:10"
250028,"2022-09-15 08:39:53.45","#OP1767",50.00,68.00,93.00,120.90,"2023-03-11","130110367","PO",4,,,,"","ALMA","OP1767A1",30069,3002,"2023-03-15","2023-04-20","USD",93.00,100,"3XS:20|2XS:20|XS:20|S:10|M:10|L:10|XL:10"
250029,"2022-09-15 08:39:53.45","#OP1768",50.00,68.00,93.00,120.90,"2023-03-11","130110367","PO",4,,,,"","ALMA","OP1768A0",30070,4002,"2023-03-15","2023-04-20","USD",93.00,100,"3XS:20|2XS:20|XS:20|S:10|M:10|L:10|XL:10"
250026,"2022-09-15 08:39:53.45","#OP1769",50.00,68.00,93.00,120.90,"2023-03-11","130110367","PO",4,,,,"","ALMA","OP1769A1",30071,5002,"2023-03-15","2023-04-20","USD",93.00,100,"3XS:20|2XS:20|XS:20|S:10|M:10|L:10|XL:10"
250027,"2022-09-15 08:39:53.45","#OP1770",50.00,68.00,93.00,120.90,"2023-03-11","130110367","PO",4,,,,"","ALMA","OP1770A0",30072,6002,"2023-03-15","2023-04-20","USD",93.00,100,"3XS:20|2XS:20|XS:20|S:10|M:10|L:10|XL:10"
250028,"2022-09-15 08:39:53.45","#OP1771",50.00,68.00,93.00,120.90,"2023-03-11","130110367","PO",4,,,,"","ALMA","OP1771A1",30073,8002,"2023-03-15","2023-04-20","USD",93.00,100,"3XS:20|2XS:20|XS:20|S:10|M:10|L:10|XL:10"
250026,"2022-09-15 08:39:53.45","#OP1772",50.00,68.00,93.00,120.90,"2023-03-11","130110369","PO",4,,,,"","ALMA","OP1772A1",30029,1002,"2023-03-15","2023-04-20","USD",93.00,100,"3XS:20|2XS:20|XS:20|S:10|M:10|L:10|XL:10"
250027,"2022-09-15 08:39:53.45","#OP1773",50.00,68.00,93.00,120.90,"2023-03-11","130110369","PO",4,,,,"","ALMA","OP1773A0",30013,1016,"2023-03-15","2023-04-20","USD",93.00,100,"3XS:20|2XS:20|XS:20|S:10|M:10|L:10|XL:10"
250028,"2022-09-15 08:39:53.45","#OP1774",50.00,68.00,93.00,120.90,"2023-03-11","130110369","PO",4,,,,"","ALMA","OP1774A1",30022,3002,"2023-03-15","2023-04-20","USD",93.00,100,"3XS:20|2XS:20|XS:20|S:10|M:10|L:10|XL:10"
250029,"2022-09-15 08:39:53.45","#OP1775",50.00,68.00,93.00,120.90,"2023-03-11","130110369","PO",4,,,,"","ALMA","OP1775A0",30045,4002,"2023-03-15","2023-04-20","USD",93.00,100,"3XS:20|2XS:20|XS:20|S:10|M:10|L:10|XL:10"
250026,"2022-09-15 08:39:53.45","#OP1776",50.00,68.00,93.00,120.90,"2023-03-11","130110369","PO",4,,,,"","ALMA","OP1776A1",30046,5002,"2023-03-15","2023-04-20","USD",93.00,100,"3XS:20|2XS:20|XS:20|S:10|M:10|L:10|XL:10"
250027,"2022-09-15 08:39:53.45","#OP1777",50.00,68.00,93.00,120.90,"2023-03-11","130110369","PO",4,,,,"","ALMA","OP1777A0",30047,6002,"2023-03-15","2023-04-20","USD",93.00,100,"3XS:20|2XS:20|XS:20|S:10|M:10|L:10|XL:10"
250028,"2022-09-15 08:39:53.45","#OP1778",50.00,68.00,93.00,120.90,"2023-03-11","130110369","PO",4,,,,"","ALMA","OP1778A1",30065,8002,"2023-03-15","2023-04-20","USD",93.00,100,"3XS:20|2XS:20|XS:20|S:10|M:10|L:10|XL:10"
250026,"2022-09-15 08:39:53.45","#OP1779",50.00,68.00,93.00,120.90,"2023-03-11","130110376","PO",4,,,,"","ALMA","OP1779A1",30074,1002,"2023-03-15","2023-04-20","USD",93.00,100,"3XS:20|2XS:20|XS:20|S:10|M:10|L:10|XL:10"
250027,"2022-09-15 08:39:53.45","#OP1780",50.00,68.00,93.00,120.90,"2023-03-11","130110376","PO",4,,,,"","ALMA","OP1780A0",30075,1016,"2023-03-15","2023-04-20","USD",93.00,100,"3XS:20|2XS:20|XS:20|S:10|M:10|L:10|XL:10"
250028,"2022-09-15 08:39:53.45","#OP1781",50.00,68.00,93.00,120.90,"2023-03-11","130110376","PO",4,,,,"","ALMA","OP1781A1",30025,3002,"2023-03-15","2023-04-20","USD",93.00,100,"3XS:20|2XS:20|XS:20|S:10|M:10|L:10|XL:10"
250029,"2022-09-15 08:39:53.45","#OP1782",50.00,68.00,93.00,120.90,"2023-03-11","130110376","PO",4,,,,"","ALMA","OP1782A0",30026,4002,"2023-03-15","2023-04-20","USD",93.00,100,"3XS:20|2XS:20|XS:20|S:10|M:10|L:10|XL:10"
250026,"2022-09-15 08:39:53.45","#OP1783",50.00,68.00,93.00,120.90,"2023-03-11","130110376","PO",4,,,,"","ALMA","OP1783A1",30027,5002,"2023-03-15","2023-04-20","USD",93.00,100,"3XS:20|2XS:20|XS:20|S:10|M:10|L:10|XL:10"
250027,"2022-09-15 08:39:53.45","#OP1784",50.00,68.00,93.00,120.90,"2023-03-11","130110376","PO",4,,,,"","ALMA","OP1784A0",30066,6002,"2023-03-15","2023-04-20","USD",93.00,100,"3XS:20|2XS:20|XS:20|S:10|M:10|L:10|XL:10"
250028,"2022-09-15 08:39:53.45","#OP1785",50.00,68.00,93.00,120.90,"2023-03-11","130110376","PO",4,,,,"","ALMA","OP1785A1",30067,8002,"2023-03-15","2023-04-20","USD",93.00,100,"3XS:20|2XS:20|XS:20|S:10|M:10|L:10|XL:10"
250026,"2022-09-15 08:39:53.45","#OP1786",50.00,68.00,93.00,120.90,"2023-03-11","130110378","PO",4,,,,"","ALMA","OP1786A1",30068,1002,"2023-03-15","2023-04-20","USD",93.00,100,"3XS:20|2XS:20|XS:20|S:10|M:10|L:10|XL:10"
250027,"2022-09-15 08:39:53.45","#OP1787",50.00,68.00,93.00,120.90,"2023-03-11","130110378","PO",4,,,,"","ALMA","OP1787A0",30069,1016,"2023-03-15","2023-04-20","USD",93.00,100,"3XS:20|2XS:20|XS:20|S:10|M:10|L:10|XL:10"
250028,"2022-09-15 08:39:53.45","#OP1788",50.00,68.00,93.00,120.90,"2023-03-11","130110378","PO",4,,,,"","ALMA","OP1788A1",30070,3002,"2023-03-15","2023-04-20","USD",93.00,100,"3XS:20|2XS:20|XS:20|S:10|M:10|L:10|XL:10"
250029,"2022-09-15 08:39:53.45","#OP1789",50.00,68.00,93.00,120.90,"2023-03-11","130110378","PO",4,,,,"","ALMA","OP1789A0",30071,4002,"2023-03-15","2023-04-20","USD",93.00,100,"3XS:20|2XS:20|XS:20|S:10|M:10|L:10|XL:10"
250026,"2022-09-15 08:39:53.45","#OP1790",50.00,68.00,93.00,120.90,"2023-03-11","130110378","PO",4,,,,"","ALMA","OP1790A1",30072,5002,"2023-03-15","2023-04-20","USD",93.00,100,"3XS:20|2XS:20|XS:20|S:10|M:10|L:10|XL:10"
250027,"2022-09-15 08:39:53.45","#OP1791",50.00,68.00,93.00,120.90,"2023-03-11","130110378","PO",4,,,,"","ALMA","OP1791A0",30073,6002,"2023-03-15","2023-04-20","USD",93.00,100,"3XS:20|2XS:20|XS:20|S:10|M:10|L:10|XL:10"
250028,"2022-09-15 08:39:53.45","#OP1792",50.00,68.00,93.00,120.90,"2023-03-11","130110378","PO",4,,,,"","ALMA","OP1792A1",30029,8002,"2023-03-15","2023-04-20","USD",93.00,100,"3XS:20|2XS:20|XS:20|S:10|M:10|L:10|XL:10"
250026,"2022-09-15 08:39:53.45","#OP1793",50.00,68.00,93.00,120.90,"2023-03-11","130110379","PO",4,,,,"","ALMA","OP1793A1",30013,1002,"2023-03-15","2023-04-20","USD",93.00,100,"3XS:20|2XS:20|XS:20|S:10|M:10|L:10|XL:10"
250027,"2022-09-15 08:39:53.45","#OP1794",50.00,68.00,93.00,120.90,"2023-03-11","130110379","PO",4,,,,"","ALMA","OP1794A0",30022,1016,"2023-03-15","2023-04-20","USD",93.00,100,"3XS:20|2XS:20|XS:20|S:10|M:10|L:10|XL:10"
250028,"2022-09-15 08:39:53.45","#OP1795",50.00,68.00,93.00,120.90,"2023-03-11","130110379","PO",4,,,,"","ALMA","OP1795A1",30045,3002,"2023-03-15","2023-04-20","USD",93.00,100,"3XS:20|2XS:20|XS:20|S:10|M:10|L:10|XL:10"
250029,"2022-09-15 08:39:53.45","#OP1796",50.00,68.00,93.00,120.90,"2023-03-11","130110379","PO",4,,,,"","ALMA","OP1796A0",30046,4002,"2023-03-15","2023-04-20","USD",93.00,100,"3XS:20|2XS:20|XS:20|S:10|M:10|L:10|XL:10"
250026,"2022-09-15 08:39:53.45","#OP1797",50.00,68.00,93.00,120.90,"2023-03-11","130110379","PO",4,,,,"","ALMA","OP1797A1",30047,5002,"2023-03-15","2023-04-20","USD",93.00,100,"3XS:20|2XS:20|XS:20|S:10|M:10|L:10|XL:10"
250027,"2022-09-15 08:39:53.45","#OP1798",50.00,68.00,93.00,120.90,"2023-03-11","130110379","PO",4,,,,"","ALMA","OP1798A0",30065,6002,"2023-03-15","2023-04-20","USD",93.00,100,"3XS:20|2XS:20|XS:20|S:10|M:10|L:10|XL:10"
250028,"2022-09-15 08:39:53.45","#OP1799",50.00,68.00,93.00,120.90,"2023-03-11","130110379","PO",4,,,,"","ALMA","OP1799A1",30074,8002,"2023-03-15","2023-04-20","USD",93.00,100,"3XS:20|2XS:20|XS:20|S:10|M:10|L:10|XL:10"
250026,"2022-09-15 08:39:53.45","#OP1800",50.00,68.00,93.00,120.90,"2023-03-11","130110382","PO",4,,,,"","ALMA","OP1800A1",30075,1002,"2023-03-15","2023-04-20","USD",93.00,100,"3XS:20|2XS:20|XS:20|S:10|M:10|L:10|XL:10"
250027,"2022-09-15 08:39:53.45","#OP1801",50.00,68.00,93.00,120.90,"2023-03-11","130110382","PO",4,,,,"","ALMA","OP1801A0",30025,1016,"2023-03-15","2023-04-20","USD",93.00,100,"3XS:20|2XS:20|XS:20|S:10|M:10|L:10|XL:10"
250028,"2022-09-15 08:39:53.45","#OP1802",50.00,68.00,93.00,120.90,"2023-03-11","130110382","PO",4,,,,"","ALMA","OP1802A1",30026,3002,"2023-03-15","2023-04-20","USD",93.00,100,"3XS:20|2XS:20|XS:20|S:10|M:10|L:10|XL:10"
250029,"2022-09-15 08:39:53.45","#OP1803",50.00,68.00,93.00,120.90,"2023-03-11","130110382","PO",4,,,,"","ALMA","OP1803A0",30027,4002,"2023-03-15","2023-04-20","USD",93.00,100,"3XS:20|2XS:20|XS:20|S:10|M:10|L:10|XL:10"
250026,"2022-09-15 08:39:53.45","#OP1804",50.00,68.00,93.00,120.90,"2023-03-11","130110382","PO",4,,,,"","ALMA","OP1804A1",30066,5002,"2023-03-15","2023-04-20","USD",93.00,100,"3XS:20|2XS:20|XS:20|S:10|M:10|L:10|XL:10"
250027,"2022-09-15 08:39:53.45","#OP1805",50.00,68.00,93.00,120.90,"2023-03-11","130110382","PO",4,,,,"","ALMA","OP1805A0",30067,6002,"2023-03-15","2023-04-20","USD",93.00,100,"3XS:20|2XS:20|XS:20|S:10|M:10|L:10|XL:10"
250028,"2022-09-15 08:39:53.45","#OP1806",50.00,68.00,93.00,120.90,"2023-03-11","130110382","PO",4,,,,"","ALMA","OP1806A1",30068,8002,"2023-03-15","2023-04-20","USD",93.00,100,"3XS:20|2XS:20|XS:20|S:10|M:10|L:10|XL:10"
250026,"2022-09-15 08:39:53.45","#OP1807",50.00,68.00,93.00,120.90,"2023-03-11","130110384","PO",4,,,,"","ALMA","OP1807A1",30069,1002,"2023-03-15","2023-04-20","USD",93.00,100,"3XS:20|2XS:20|XS:20|S:10|M:10|L:10|XL:10"
250027,"2022-09-15 08:39:53.45","#OP1808",50.00,68.00,93.00,120.90,"2023-03-11","130110384","PO",4,,,,"","ALMA","OP1808A0",30070,1016,"2023-03-15","2023-04-20","USD",93.00,100,"3XS:20|2XS:20|XS:20|S:10|M:10|L:10|XL:10"
250028,"2022-09-15 08:39:53.45","#OP1809",50.00,68.00,93.00,120.90,"2023-03-11","130110384","PO",4,,,,"","ALMA","OP1809A1",30071,3002,"2023-03-15","2023-04-20","USD",93.00,100,"3XS:20|2XS:20|XS:20|S:10|M:10|L:10|XL:10"
250029,"2022-09-15 08:39:53.45","#OP1810",50.00,68.00,93.00,120.90,"2023-03-11","130110384","PO",4,,,,"","ALMA","OP1810A0",30072,4002,"2023-03-15","2023-04-20","USD",93.00,100,"3XS:20|2XS:20|XS:20|S:10|M:10|L:10|XL:10"
250026,"2022-09-15 08:39:53.45","#OP1811",50.00,68.00,93.00,120.90,"2023-03-11","130110384","PO",4,,,,"","ALMA","OP1811A1",30073,5002,"2023-03-15","2023-04-20","USD",93.00,100,"3XS:20|2XS:20|XS:20|S:10|M:10|L:10|XL:10"
250027,"2022-09-15 08:39:53.45","#OP1812",50.00,68.00,93.00,120.90,"2023-03-11","130110384","PO",4,,,,"","ALMA","OP1812A0",30029,6002,"2023-03-15","2023-04-20","USD",93.00,100,"3XS:20|2XS:20|XS:20|S:10|M:10|L:10|XL:10"
250028,"2022-09-15 08:39:53.45","#OP1813",50.00,68.00,93.00,120.90,"2023-03-11","130110384","PO",4,,,,"","ALMA","OP1813A1",30013,8002,"2023-03-15","2023-04-20","USD",93.00,100,"3XS:20|2XS:20|XS:20|S:10|M:10|L:10|XL:10"
250026,"2022-09-15 08:39:53.45","#OP1814",50.00,68.00,93.00,120.90,"2023-03-11","130110387","PO",4,,,,"","ALMA","OP1814A1",30022,1002,"2023-03-15","2023-04-20","USD",93.00,100,"3XS:20|2XS:20|XS:20|S:10|M:10|L:10|XL:10"
250027,"2022-09-15 08:39:53.45","#OP1815",50.00,68.00,93.00,120.90,"2023-03-11","130110387","PO",4,,,,"","ALMA","OP1815A0",30045,1016,"2023-03-15","2023-04-20","USD",93.00,100,"3XS:20|2XS:20|XS:20|S:10|M:10|L:10|XL:10"
250028,"2022-09-15 08:39:53.45","#OP1816",50.00,68.00,93.00,120.90,"2023-03-11","130110387","PO",4,,,,"","ALMA","OP1816A1",30046,3002,"2023-03-15","2023-04-20","USD",93.00,100,"3XS:20|2XS:20|XS:20|S:10|M:10|L:10|XL:10"
250029,"2022-09-15 08:39:53.45","#OP1817",50.00,68.00,93.00,120.90,"2023-03-11","130110387","PO",4,,,,"","ALMA","OP1817A0",30047,4002,"2023-03-15","2023-04-20","USD",93.00,100,"3XS:20|2XS:20|XS:20|S:10|M:10|L:10|XL:10"
250026,"2022-09-15 08:39:53.45","#OP1818",50.00,68.00,93.00,120.90,"2023-03-11","130110387","PO",4,,,,"","ALMA","OP1818A1",30065,5002,"2023-03-15","2023-04-20","USD",93.00,100,"3XS:20|2XS:20|XS:20|S:10|M:10|L:10|XL:10"
250027,"2022-09-15 08:39:53.45","#OP1819",50.00,68.00,93.00,120.90,"2023-03-11","130110387","PO",4,,,,"","ALMA","OP1819A0",30074,6002,"2023-03-15","2023-04-20","USD",93.00,100,"3XS:20|2XS:20|XS:20|S:10|M:10|L:10|XL:10"
250028,"2022-09-15 08:39:53.45","#OP1820",50.00,68.00,93.00,120.90,"2023-03-11","130110387","PO",4,,,,"","ALMA","OP1820A1",30075,8002,"2023-03-15","2023-04-20","USD",93.00,100,"3XS:20|2XS:20|XS:20|S:10|M:10|L:10|XL:10"
250026,"2022-09-15 08:39:53.45","#OP1821",50.00,68.00,93.00,120.90,"2023-03-11","130110388","PO",4,,,,"","ALMA","OP1821A1",30025,1002,"2023-03-15","2023-04-20","USD",93.00,100,"3XS:20|2XS:20|XS:20|S:10|M:10|L:10|XL:10"
250027,"2022-09-15 08:39:53.45","#OP1822",50.00,68.00,93.00,120.90,"2023-03-11","130110388","PO",4,,,,"","ALMA","OP1822A0",30026,1016,"2023-03-15","2023-04-20","USD",93.00,100,"3XS:20|2XS:20|XS:20|S:10|M:10|L:10|XL:10"
250028,"2022-09-15 08:39:53.45","#OP1823",50.00,68.00,93.00,120.90,"2023-03-11","130110388","PO",4,,,,"","ALMA","OP1823A1",30027,3002,"2023-03-15","2023-04-20","USD",93.00,100,"3XS:20|2XS:20|XS:20|S:10|M:10|L:10|XL:10"
250029,"2022-09-15 08:39:53.45","#OP1824",50.00,68.00,93.00,120.90,"2023-03-11","130110388","PO",4,,,,"","ALMA","OP1824A0",30066,4002,"2023-03-15","2023-04-20","USD",93.00,100,"3XS:20|2XS:20|XS:20|S:10|M:10|L:10|XL:10"
250026,"2022-09-15 08:39:53.45","#OP1825",50.00,68.00,93.00,120.90,"2023-03-11","130110388","PO",4,,,,"","ALMA","OP1825A1",30067,5002,"2023-03-15","2023-04-20","USD",93.00,100,"3XS:20|2XS:20|XS:20|S:10|M:10|L:10|XL:10"
250027,"2022-09-15 08:39:53.45","#OP1826",50.00,68.00,93.00,120.90,"2023-03-11","130110388","PO",4,,,,"","ALMA","OP1826A0",30068,6002,"2023-03-15","2023-04-20","USD",93.00,100,"3XS:20|2XS:20|XS:20|S:10|M:10|L:10|XL:10"
250028,"2022-09-15 08:39:53.45","#OP1827",50.00,68.00,93.00,120.90,"2023-03-11","130110388","PO",4,,,,"","ALMA","OP1827A1",30069,8002,"2023-03-15","2023-04-20","USD",93.00,100,"3XS:20|2XS:20|XS:20|S:10|M:10|L:10|XL:10"
250026,"2022-09-15 08:39:53.45","#OP1828",50.00,68.00,93.00,120.90,"2023-03-11","130110389","PO",4,,,,"","ALMA","OP1828A1",30070,1002,"2023-03-15","2023-04-20","USD",93.00,100,"3XS:20|2XS:20|XS:20|S:10|M:10|L:10|XL:10"
250027,"2022-09-15 08:39:53.45","#OP1829",50.00,68.00,93.00,120.90,"2023-03-11","130110389","PO",4,,,,"","ALMA","OP1829A0",30071,1016,"2023-03-15","2023-04-20","USD",93.00,100,"3XS:20|2XS:20|XS:20|S:10|M:10|L:10|XL:10"
250028,"2022-09-15 08:39:53.45","#OP1830",50.00,68.00,93.00,120.90,"2023-03-11","130110389","PO",4,,,,"","ALMA","OP1830A1",30072,3002,"2023-03-15","2023-04-20","USD",93.00,100,"3XS:20|2XS:20|XS:20|S:10|M:10|L:10|XL:10"
250029,"2022-09-15 08:39:53.45","#OP1831",50.00,68.00,93.00,120.90,"2023-03-11","130110389","PO",4,,,,"","ALMA","OP1831A0",30073,4002,"2023-03-15","2023-04-20","USD",93.00,100,"3XS:20|2XS:20|XS:20|S:10|M:10|L:10|XL:10"
250026,"2022-09-15 08:39:53.45","#OP1832",50.00,68.00,93.00,120.90,"2023-03-11","130110389","PO",4,,,,"","ALMA","OP1832A1",30029,5002,"2023-03-15","2023-04-20","USD",93.00,100,"3XS:20|2XS:20|XS:20|S:10|M:10|L:10|XL:10"
250027,"2022-09-15 08:39:53.45","#OP1833",50.00,68.00,93.00,120.90,"2023-03-11","130110389","PO",4,,,,"","ALMA","OP1833A0",30013,6002,"2023-03-15","2023-04-20","USD",93.00,100,"3XS:20|2XS:20|XS:20|S:10|M:10|L:10|XL:10"
250028,"2022-09-15 08:39:53.45","#OP1834",50.00,68.00,93.00,120.90,"2023-03-11","130110389","PO",4,,,,"","ALMA","OP1834A1",30022,8002,"2023-03-15","2023-04-20","USD",93.00,100,"3XS:20|2XS:20|XS:20|S:10|M:10|L:10|XL:10"
250026,"2022-09-15 08:39:53.45","#OP1835",50.00,68.00,93.00,120.90,"2023-03-11","130110390","PO",4,,,,"","ALMA","OP1835A1",30045,1002,"2023-03-15","2023-04-20","USD",93.00,100,"3XS:20|2XS:20|XS:20|S:10|M:10|L:10|XL:10"
250027,"2022-09-15 08:39:53.45","#OP1836",50.00,68.00,93.00,120.90,"2023-03-11","130110390","PO",4,,,,"","ALMA","OP1836A0",30046,1016,"2023-03-15","2023-04-20","USD",93.00,100,"3XS:20|2XS:20|XS:20|S:10|M:10|L:10|XL:10"
250028,"2022-09-15 08:39:53.45","#OP1837",50.00,68.00,93.00,120.90,"2023-03-11","130110390","PO",4,,,,"","ALMA","OP1837A1",30047,3002,"2023-03-15","2023-04-20","USD",93.00,100,"3XS:20|2XS:20|XS:20|S:10|M:10|L:10|XL:10"
250029,"2022-09-15 08:39:53.45","#OP1838",50.00,68.00,93.00,120.90,"2023-03-11","130110390","PO",4,,,,"","ALMA","OP1838A0",30065,4002,"2023-03-15","2023-04-20","USD",93.00,100,"3XS:20|2XS:20|XS:20|S:10|M:10|L:10|XL:10"
250026,"2022-09-15 08:39:53.45","#OP1839",50.00,68.00,93.00,120.90,"2023-03-11","130110390","PO",4,,,,"","ALMA","OP1839A1",30074,5002,"2023-03-15","2023-04-20","USD",93.00,100,"3XS:20|2XS:20|XS:20|S:10|M:10|L:10|XL:10"
250027,"2022-09-15 08:39:53.45","#OP1840",50.00,68.00,93.00,120.90,"2023-03-11","130110390","PO",4,,,,"","ALMA","OP1840A0",30075,6002,"2023-03-15","2023-04-20","USD",93.00,100,"3XS:20|2XS:20|XS:20|S:10|M:10|L:10|XL:10"
250028,"2022-09-15 08:39:53.45","#OP1841",50.00,68.00,93.00,120.90,"2023-03-11","130110390","PO",4,,,,"","ALMA","OP1841A1",30025,8002,"2023-03-15","2023-04-20","USD",93.00,100,"3XS:20|2XS:20|XS:20|S:10|M:10|L:10|XL:10"
250026,"2022-09-15 08:39:53.45","#OP1842",50.00,68.00,93.00,120.90,"2023-03-11","130110392","PO",4,,,,"","ALMA","OP1842A1",30026,1002,"2023-03-15","2023-04-20","USD",93.00,100,"3XS:20|2XS:20|XS:20|S:10|M:10|L:10|XL:10"
250027,"2022-09-15 08:39:53.45","#OP1843",50.00,68.00,93.00,120.90,"2023-03-11","130110392","PO",4,,,,"","ALMA","OP1843A0",30027,1016,"2023-03-15","2023-04-20","USD",93.00,100,"3XS:20|2XS:20|XS:20|S:10|M:10|L:10|XL:10"
250028,"2022-09-15 08:39:53.45","#OP1844",50.00,68.00,93.00,120.90,"2023-03-11","130110392","PO",4,,,,"","ALMA","OP1844A1",30066,3002,"2023-03-15","2023-04-20","USD",93.00,100,"3XS:20|2XS:20|XS:20|S:10|M:10|L:10|XL:10"
250029,"2022-09-15 08:39:53.45","#OP1845",50.00,68.00,93.00,120.90,"2023-03-11","130110392","PO",4,,,,"","ALMA","OP1845A0",30067,4002,"2023-03-15","2023-04-20","USD",93.00,100,"3XS:20|2XS:20|XS:20|S:10|M:10|L:10|XL:10"
250026,"2022-09-15 08:39:53.45","#OP1846",50.00,68.00,93.00,120.90,"2023-03-11","130110392","PO",4,,,,"","ALMA","OP1846A1",30068,5002,"2023-03-15","2023-04-20","USD",93.00,100,"3XS:20|2XS:20|XS:20|S:10|M:10|L:10|XL:10"
250027,"2022-09-15 08:39:53.45","#OP1847",50.00,68.00,93.00,120.90,"2023-03-11","130110392","PO",4,,,,"","ALMA","OP1847A0",30069,6002,"2023-03-15","2023-04-20","USD",93.00,100,"3XS:20|2XS:20|XS:20|S:10|M:10|L:10|XL:10"
250028,"2022-09-15 08:39:53.45","#OP1848",50.00,68.00,93.00,120.90,"2023-03-11","130110392","PO",4,,,,"","ALMA","OP1848A1",30070,8002,"2023-03-15","2023-04-20","USD",93.00,100,"3XS:20|2XS:20|XS:20|S:10|M:10|L:10|XL:10"
250026,"2022-09-15 08:39:53.45","#OP1849",50.00,68.00,93.00,120.90,"2023-03-11","130110393","PO",4,,,,"","ALMA","OP1849A1",30071,1002,"2023-03-15","2023-04-20","USD",93.00,100,"3XS:20|2XS:20|XS:20|S:10|M:10|L:10|XL:10"
250027,"2022-09-15 08:39:53.45","#OP1850",50.00,68.00,93.00,120.90,"2023-03-11","130110393","PO",4,,,,"","ALMA","OP1850A0",30072,1016,"2023-03-15","2023-04-20","USD",93.00,100,"3XS:20|2XS:20|XS:20|S:10|M:10|L:10|XL:10"
250028,"2022-09-15 08:39:53.45","#OP1851",50.00,68.00,93.00,120.90,"2023-03-11","130110393","PO",4,,,,"","ALMA","OP1851A1",30073,3002,"2023-03-15","2023-04-20","USD",93.00,100,"3XS:20|2XS:20|XS:20|S:10|M:10|L:10|XL:10"
250029,"2022-09-15 08:39:53.45","#OP1852",50.00,68.00,93.00,120.90,"2023-03-11","130110393","PO",4,,,,"","ALMA","OP1852A0",30029,4002,"2023-03-15","2023-04-20","USD",93.00,100,"3XS:20|2XS:20|XS:20|S:10|M:10|L:10|XL:10"
250026,"2022-09-15 08:39:53.45","#OP1853",50.00,68.00,93.00,120.90,"2023-03-11","130110393","PO",4,,,,"","ALMA","OP1853A1",30013,5002,"2023-03-15","2023-04-20","USD",93.00,100,"3XS:20|2XS:20|XS:20|S:10|M:10|L:10|XL:10"
250027,"2022-09-15 08:39:53.45","#OP1854",50.00,68.00,93.00,120.90,"2023-03-11","130110393","PO",4,,,,"","ALMA","OP1854A0",30022,6002,"2023-03-15","2023-04-20","USD",93.00,100,"3XS:20|2XS:20|XS:20|S:10|M:10|L:10|XL:10"
250028,"2022-09-15 08:39:53.45","#OP1855",50.00,68.00,93.00,120.90,"2023-03-11","130110393","PO",4,,,,"","ALMA","OP1855A1",30045,8002,"2023-03-15","2023-04-20","USD",93.00,100,"3XS:20|2XS:20|XS:20|S:10|M:10|L:10|XL:10"
250026,"2022-09-15 08:39:53.45","#OP1856",50.00,68.00,93.00,120.90,"2023-03-11","130110394","PO",4,,,,"","ALMA","OP1856A1",30046,1002,"2023-03-15","2023-04-20","USD",93.00,100,"3XS:20|2XS:20|XS:20|S:10|M:10|L:10|XL:10"
250027,"2022-09-15 08:39:53.45","#OP1857",50.00,68.00,93.00,120.90,"2023-03-11","130110394","PO",4,,,,"","ALMA","OP1857A0",30047,1016,"2023-03-15","2023-04-20","USD",93.00,100,"3XS:20|2XS:20|XS:20|S:10|M:10|L:10|XL:10"
250028,"2022-09-15 08:39:53.45","#OP1858",50.00,68.00,93.00,120.90,"2023-03-11","130110394","PO",4,,,,"","ALMA","OP1858A1",30065,3002,"2023-03-15","2023-04-20","USD",93.00,100,"3XS:20|2XS:20|XS:20|S:10|M:10|L:10|XL:10"
250029,"2022-09-15 08:39:53.45","#OP1859",50.00,68.00,93.00,120.90,"2023-03-11","130110394","PO",4,,,,"","ALMA","OP1859A0",30074,4002,"2023-03-15","2023-04-20","USD",93.00,100,"3XS:20|2XS:20|XS:20|S:10|M:10|L:10|XL:10"
250026,"2022-09-15 08:39:53.45","#OP1860",50.00,68.00,93.00,120.90,"2023-03-11","130110394","PO",4,,,,"","ALMA","OP1860A1",30075,5002,"2023-03-15","2023-04-20","USD",93.00,100,"3XS:20|2XS:20|XS:20|S:10|M:10|L:10|XL:10"
250027,"2022-09-15 08:39:53.45","#OP1861",50.00,68.00,93.00,120.90,"2023-03-11","130110394","PO",4,,,,"","ALMA","OP1861A0",30025,6002,"2023-03-15","2023-04-20","USD",93.00,100,"3XS:20|2XS:20|XS:20|S:10|M:10|L:10|XL:10"
250028,"2022-09-15 08:39:53.45","#OP1862",50.00,68.00,93.00,120.90,"2023-03-11","130110394","PO",4,,,,"","ALMA","OP1862A1",30026,8002,"2023-03-15","2023-04-20","USD",93.00,100,"3XS:20|2XS:20|XS:20|S:10|M:10|L:10|XL:10"
250026,"2022-09-15 08:39:53.45","#OP1863",50.00,68.00,93.00,120.90,"2023-03-11","130110397","PO",4,,,,"","ALMA","OP1863A1",30027,1002,"2023-03-15","2023-04-20","USD",93.00,100,"3XS:20|2XS:20|XS:20|S:10|M:10|L:10|XL:10"
250027,"2022-09-15 08:39:53.45","#OP1864",50.00,68.00,93.00,120.90,"2023-03-11","130110397","PO",4,,,,"","ALMA","OP1864A0",30066,1016,"2023-03-15","2023-04-20","USD",93.00,100,"3XS:20|2XS:20|XS:20|S:10|M:10|L:10|XL:10"
250028,"2022-09-15 08:39:53.45","#OP1865",50.00,68.00,93.00,120.90,"2023-03-11","130110397","PO",4,,,,"","ALMA","OP1865A1",30067,3002,"2023-03-15","2023-04-20","USD",93.00,100,"3XS:20|2XS:20|XS:20|S:10|M:10|L:10|XL:10"
250029,"2022-09-15 08:39:53.45","#OP1866",50.00,68.00,93.00,120.90,"2023-03-11","130110397","PO",4,,,,"","ALMA","OP1866A0",30068,4002,"2023-03-15","2023-04-20","USD",93.00,100,"3XS:20|2XS:20|XS:20|S:10|M:10|L:10|XL:10"
250026,"2022-09-15 08:39:53.45","#OP1867",50.00,68.00,93.00,120.90,"2023-03-11","130110397","PO",4,,,,"","ALMA","OP1867A1",30069,5002,"2023-03-15","2023-04-20","USD",93.00,100,"3XS:20|2XS:20|XS:20|S:10|M:10|L:10|XL:10"
250027,"2022-09-15 08:39:53.45","#OP1868",50.00,68.00,93.00,120.90,"2023-03-11","130110397","PO",4,,,,"","ALMA","OP1868A0",30070,6002,"2023-03-15","2023-04-20","USD",93.00,100,"3XS:20|2XS:20|XS:20|S:10|M:10|L:10|XL:10"
250028,"2022-09-15 08:39:53.45","#OP1869",50.00,68.00,93.00,120.90,"2023-03-11","130110397","PO",4,,,,"","ALMA","OP1869A1",30071,8002,"2023-03-15","2023-04-20","USD",93.00,100,"3XS:20|2XS:20|XS:20|S:10|M:10|L:10|XL:10"
250026,"2022-09-15 08:39:53.45","#OP1870",50.00,68.00,93.00,120.90,"2023-03-11","130110404","PO",4,,,,"","ALMA","OP1870A1",30072,1002,"2023-03-15","2023-04-20","USD",93.00,100,"3XS:20|2XS:20|XS:20|S:10|M:10|L:10|XL:10"
250027,"2022-09-15 08:39:53.45","#OP1871",50.00,68.00,93.00,120.90,"2023-03-11","130110404","PO",4,,,,"","ALMA","OP1871A0",30073,1016,"2023-03-15","2023-04-20","USD",93.00,100,"3XS:20|2XS:20|XS:20|S:10|M:10|L:10|XL:10"
250028,"2022-09-15 08:39:53.45","#OP1872",50.00,68.00,93.00,120.90,"2023-03-11","130110404","PO",4,,,,"","ALMA","OP1872A1",30029,3002,"2023-03-15","2023-04-20","USD",93.00,100,"3XS:20|2XS:20|XS:20|S:10|M:10|L:10|XL:10"
250029,"2022-09-15 08:39:53.45","#OP1873",50.00,68.00,93.00,120.90,"2023-03-11","130110404","PO",4,,,,"","ALMA","OP1873A0",30013,4002,"2023-03-15","2023-04-20","USD",93.00,100,"3XS:20|2XS:20|XS:20|S:10|M:10|L:10|XL:10"
250026,"2022-09-15 08:39:53.45","#OP1874",50.00,68.00,93.00,120.90,"2023-03-11","130110404","PO",4,,,,"","ALMA","OP1874A1",30022,5002,"2023-03-15","2023-04-20","USD",93.00,100,"3XS:20|2XS:20|XS:20|S:10|M:10|L:10|XL:10"
250027,"2022-09-15 08:39:53.45","#OP1875",50.00,68.00,93.00,120.90,"2023-03-11","130110404","PO",4,,,,"","ALMA","OP1875A0",30045,6002,"2023-03-15","2023-04-20","USD",93.00,100,"3XS:20|2XS:20|XS:20|S:10|M:10|L:10|XL:10"
250028,"2022-09-15 08:39:53.45","#OP1876",50.00,68.00,93.00,120.90,"2023-03-11","130110404","PO",4,,,,"","ALMA","OP1876A1",30046,8002,"2023-03-15","2023-04-20","USD",93.00,100,"3XS:20|2XS:20|XS:20|S:10|M:10|L:10|XL:10"
250026,"2022-09-15 08:39:53.45","#OP1877",50.00,68.00,93.00,120.90,"2023-03-11","130110405","PO",4,,,,"","ALMA","OP1877A1",30047,1002,"2023-03-15","2023-04-20","USD",93.00,100,"3XS:20|2XS:20|XS:20|S:10|M:10|L:10|XL:10"
250027,"2022-09-15 08:39:53.45","#OP1878",50.00,68.00,93.00,120.90,"2023-03-11","130110405","PO",4,,,,"","ALMA","OP1878A0",30065,1016,"2023-03-15","2023-04-20","USD",93.00,100,"3XS:20|2XS:20|XS:20|S:10|M:10|L:10|XL:10"
250028,"2022-09-15 08:39:53.45","#OP1879",50.00,68.00,93.00,120.90,"2023-03-11","130110405","PO",4,,,,"","ALMA","OP1879A1",30074,3002,"2023-03-15","2023-04-20","USD",93.00,100,"3XS:20|2XS:20|XS:20|S:10|M:10|L:10|XL:10"
250029,"2022-09-15 08:39:53.45","#OP1880",50.00,68.00,93.00,120.90,"2023-03-11","130110405","PO",4,,,,"","ALMA","OP1880A0",30075,4002,"2023-03-15","2023-04-20","USD",93.00,100,"3XS:20|2XS:20|XS:20|S:10|M:10|L:10|XL:10"
250026,"2022-09-15 08:39:53.45","#OP1881",50.00,68.00,93.00,120.90,"2023-03-11","130110405","PO",4,,,,"","ALMA","OP1881A1",30025,5002,"2023-03-15","2023-04-20","USD",93.00,100,"3XS:20|2XS:20|XS:20|S:10|M:10|L:10|XL:10"
250027,"2022-09-15 08:39:53.45","#OP1882",50.00,68.00,93.00,120.90,"2023-03-11","130110405","PO",4,,,,"","ALMA","OP1882A0",30026,6002,"2023-03-15","2023-04-20","USD",93.00,100,"3XS:20|2XS:20|XS:20|S:10|M:10|L:10|XL:10"
250028,"2022-09-15 08:39:53.45","#OP1883",50.00,68.00,93.00,120.90,"2023-03-11","130110405","PO",4,,,,"","ALMA","OP1883A1",30027,8002,"2023-03-15","2023-04-20","USD",93.00,100,"3XS:20|2XS:20|XS:20|S:10|M:10|L:10|XL:10"
250026,"2022-09-15 08:39:53.45","#OP1884",50.00,68.00,93.00,120.90,"2023-03-11","130110410","PO",4,,,,"","ALMA","OP1884A1",30066,1002,"2023-03-15","2023-04-20","USD",93.00,100,"3XS:20|2XS:20|XS:20|S:10|M:10|L:10|XL:10"
250027,"2022-09-15 08:39:53.45","#OP1885",50.00,68.00,93.00,120.90,"2023-03-11","130110410","PO",4,,,,"","ALMA","OP1885A0",30067,1016,"2023-03-15","2023-04-20","USD",93.00,100,"3XS:20|2XS:20|XS:20|S:10|M:10|L:10|XL:10"
250028,"2022-09-15 08:39:53.45","#OP1886",50.00,68.00,93.00,120.90,"2023-03-11","130110410","PO",4,,,,"","ALMA","OP1886A1",30068,3002,"2023-03-15","2023-04-20","USD",93.00,100,"3XS:20|2XS:20|XS:20|S:10|M:10|L:10|XL:10"
250029,"2022-09-15 08:39:53.45","#OP1887",50.00,68.00,93.00,120.90,"2023-03-11","130110410","PO",4,,,,"","ALMA","OP1887A0",30069,4002,"2023-03-15","2023-04-20","USD",93.00,100,"3XS:20|2XS:20|XS:20|S:10|M:10|L:10|XL:10"
250026,"2022-09-15 08:39:53.45","#OP1888",50.00,68.00,93.00,120.90,"2023-03-11","130110410","PO",4,,,,"","ALMA","OP1888A1",30070,5002,"2023-03-15","2023-04-20","USD",93.00,100,"3XS:20|2XS:20|XS:20|S:10|M:10|L:10|XL:10"
250027,"2022-09-15 08:39:53.45","#OP1889",50.00,68.00,93.00,120.90,"2023-03-11","130110410","PO",4,,,,"","ALMA","OP1889A0",30071,6002,"2023-03-15","2023-04-20","USD",93.00,100,"3XS:20|2XS:20|XS:20|S:10|M:10|L:10|XL:10"
250028,"2022-09-15 08:39:53.45","#OP1890",50.00,68.00,93.00,120.90,"2023-03-11","130110410","PO",4,,,,"","ALMA","OP1890A1",30072,8002,"2023-03-15","2023-04-20","USD",93.00,100,"3XS:20|2XS:20|XS:20|S:10|M:10|L:10|XL:10"
250026,"2022-09-15 08:39:53.45","#OP1891",50.00,68.00,93.00,120.90,"2023-03-11","130110415","PO",4,,,,"","ALMA","OP1891A1",30073,1002,"2023-03-15","2023-04-20","USD",93.00,100,"3XS:20|2XS:20|XS:20|S:10|M:10|L:10|XL:10"
250027,"2022-09-15 08:39:53.45","#OP1892",50.00,68.00,93.00,120.90,"2023-03-11","130110415","PO",4,,,,"","ALMA","OP1892A0",30029,1016,"2023-03-15","2023-04-20","USD",93.00,100,"3XS:20|2XS:20|XS:20|S:10|M:10|L:10|XL:10"
250028,"2022-09-15 08:39:53.45","#OP1893",50.00,68.00,93.00,120.90,"2023-03-11","130110415","PO",4,,,,"","ALMA","OP1893A1",30013,3002,"2023-03-15","2023-04-20","USD",93.00,100,"3XS:20|2XS:20|XS:20|S:10|M:10|L:10|XL:10"
250029,"2022-09-15 08:39:53.45","#OP1894",50.00,68.00,93.00,120.90,"2023-03-11","130110415","PO",4,,,,"","ALMA","OP1894A0",30022,4002,"2023-03-15","2023-04-20","USD",93.00,100,"3XS:20|2XS:20|XS:20|S:10|M:10|L:10|XL:10"
250026,"2022-09-15 08:39:53.45","#OP1895",50.00,68.00,93.00,120.90,"2023-03-11","130110415","PO",4,,,,"","ALMA","OP1895A1",30045,5002,"2023-03-15","2023-04-20","USD",93.00,100,"3XS:20|2XS:20|XS:20|S:10|M:10|L:10|XL:10"
250027,"2022-09-15 08:39:53.45","#OP1896",50.00,68.00,93.00,120.90,"2023-03-11","130110415","PO",4,,,,"","ALMA","OP1896A0",30046,6002,"2023-03-15","2023-04-20","USD",93.00,100,"3XS:20|2XS:20|XS:20|S:10|M:10|L:10|XL:10"
250028,"2022-09-15 08:39:53.45","#OP1897",50.00,68.00,93.00,120.90,"2023-03-11","130110415","PO",4,,,,"","ALMA","OP1897A1",30047,8002,"2023-03-15","2023-04-20","USD",93.00,100,"3XS:20|2XS:20|XS:20|S:10|M:10|L:10|XL:10"
250026,"2022-09-15 08:39:53.45","#OP1898",50.00,68.00,93.00,120.90,"2023-03-11","130110419","PO",4,,,,"","ALMA","OP1898A1",30065,1002,"2023-03-15","2023-04-20","USD",93.00,100,"3XS:20|2XS:20|XS:20|S:10|M:10|L:10|XL:10"
250027,"2022-09-15 08:39:53.45","#OP1899",50.00,68.00,93.00,120.90,"2023-03-11","130110419","PO",4,,,,"","ALMA","OP1899A0",30074,1016,"2023-03-15","2023-04-20","USD",93.00,100,"3XS:20|2XS:20|XS:20|S:10|M:10|L:10|XL:10"
250028,"2022-09-15 08:39:53.45","#OP1900",50.00,68.00,93.00,120.90,"2023-03-11","130110419","PO",4,,,,"","ALMA","OP1900A1",30075,3002,"2023-03-15","2023-04-20","USD",93.00,100,"3XS:20|2XS:20|XS:20|S:10|M:10|L:10|XL:10"
250029,"2022-09-15 08:39:53.45","#OP1901",50.00,68.00,93.00,120.90,"2023-03-11","130110419","PO",4,,,,"","ALMA","OP1901A0",30025,4002,"2023-03-15","2023-04-20","USD",93.00,100,"3XS:20|2XS:20|XS:20|S:10|M:10|L:10|XL:10"
250026,"2022-09-15 08:39:53.45","#OP1902",50.00,68.00,93.00,120.90,"2023-03-11","130110419","PO",4,,,,"","ALMA","OP1902A1",30026,5002,"2023-03-15","2023-04-20","USD",93.00,100,"3XS:20|2XS:20|XS:20|S:10|M:10|L:10|XL:10"
250027,"2022-09-15 08:39:53.45","#OP1903",50.00,68.00,93.00,120.90,"2023-03-11","130110419","PO",4,,,,"","ALMA","OP1903A0",30027,6002,"2023-03-15","2023-04-20","USD",93.00,100,"3XS:20|2XS:20|XS:20|S:10|M:10|L:10|XL:10"
250028,"2022-09-15 08:39:53.45","#OP1904",50.00,68.00,93.00,120.90,"2023-03-11","130110419","PO",4,,,,"","ALMA","OP1904A1",30066,8002,"2023-03-15","2023-04-20","USD",93.00,100,"3XS:20|2XS:20|XS:20|S:10|M:10|L:10|XL:10"
250026,"2022-09-15 08:39:53.45","#OP1905",50.00,68.00,93.00,120.90,"2023-03-11","130110421","PO",4,,,,"","ALMA","OP1905A1",30067,1002,"2023-03-15","2023-04-20","USD",93.00,100,"3XS:20|2XS:20|XS:20|S:10|M:10|L:10|XL:10"
250027,"2022-09-15 08:39:53.45","#OP1906",50.00,68.00,93.00,120.90,"2023-03-11","130110421","PO",4,,,,"","ALMA","OP1906A0",30068,1016,"2023-03-15","2023-04-20","USD",93.00,100,"3XS:20|2XS:20|XS:20|S:10|M:10|L:10|XL:10"
250028,"2022-09-15 08:39:53.45","#OP1907",50.00,68.00,93.00,120.90,"2023-03-11","130110421","PO",4,,,,"","ALMA","OP1907A1",30069,3002,"2023-03-15","2023-04-20","USD",93.00,100,"3XS:20|2XS:20|XS:20|S:10|M:10|L:10|XL:10"
250029,"2022-09-15 08:39:53.45","#OP1908",50.00,68.00,93.00,120.90,"2023-03-11","130110421","PO",4,,,,"","ALMA","OP1908A0",30070,4002,"2023-03-15","2023-04-20","USD",93.00,100,"3XS:20|2XS:20|XS:20|S:10|M:10|L:10|XL:10"
250026,"2022-09-15 08:39:53.45","#OP1909",50.00,68.00,93.00,120.90,"2023-03-11","130110421","PO",4,,,,"","ALMA","OP1909A1",30071,5002,"2023-03-15","2023-04-20","USD",93.00,100,"3XS:20|2XS:20|XS:20|S:10|M:10|L:10|XL:10"
250027,"2022-09-15 08:39:53.45","#OP1910",50.00,68.00,93.00,120.90,"2023-03-11","130110421","PO",4,,,,"","ALMA","OP1910A0",30072,6002,"2023-03-15","2023-04-20","USD",93.00,100,"3XS:20|2XS:20|XS:20|S:10|M:10|L:10|XL:10"
250028,"2022-09-15 08:39:53.45","#OP1911",50.00,68.00,93.00,120.90,"2023-03-11","130110421","PO",4,,,,"","ALMA","OP1911A1",30073,8002,"2023-03-15","2023-04-20","USD",93.00,100,"3XS:20|2XS:20|XS:20|S:10|M:10|L:10|XL:10"
250026,"2022-09-15 08:39:53.45","#OP1912",50.00,68.00,93.00,120.90,"2023-03-11","130110426","PO",4,,,,"","ALMA","OP1912A1",30029,1002,"2023-03-15","2023-04-20","USD",93.00,100,"3XS:20|2XS:20|XS:20|S:10|M:10|L:10|XL:10"
250027,"2022-09-15 08:39:53.45","#OP1913",50.00,68.00,93.00,120.90,"2023-03-11","130110426","PO",4,,,,"","ALMA","OP1913A0",30013,1016,"2023-03-15","2023-04-20","USD",93.00,100,"3XS:20|2XS:20|XS:20|S:10|M:10|L:10|XL:10"
250028,"2022-09-15 08:39:53.45","#OP1914",50.00,68.00,93.00,120.90,"2023-03-11","130110426","PO",4,,,,"","ALMA","OP1914A1",30022,3002,"2023-03-15","2023-04-20","USD",93.00,100,"3XS:20|2XS:20|XS:20|S:10|M:10|L:10|XL:10"
250029,"2022-09-15 08:39:53.45","#OP1915",50.00,68.00,93.00,120.90,"2023-03-11","130110426","PO",4,,,,"","ALMA","OP1915A0",30045,4002,"2023-03-15","2023-04-20","USD",93.00,100,"3XS:20|2XS:20|XS:20|S:10|M:10|L:10|XL:10"
250026,"2022-09-15 08:39:53.45","#OP1916",50.00,68.00,93.00,120.90,"2023-03-11","130110426","PO",4,,,,"","ALMA","OP1916A1",30046,5002,"2023-03-15","2023-04-20","USD",93.00,100,"3XS:20|2XS:20|XS:20|S:10|M:10|L:10|XL:10"
250027,"2022-09-15 08:39:53.45","#OP1917",50.00,68.00,93.00,120.90,"2023-03-11","130110426","PO",4,,,,"","ALMA","OP1917A0",30047,6002,"2023-03-15","2023-04-20","USD",93.00,100,"3XS:20|2XS:20|XS:20|S:10|M:10|L:10|XL:10"
250028,"2022-09-15 08:39:53.45","#OP1918",50.00,68.00,93.00,120.90,"2023-03-11","130110426","PO",4,,,,"","ALMA","OP1918A1",30065,8002,"2023-03-15","2023-04-20","USD",93.00,100,"3XS:20|2XS:20|XS:20|S:10|M:10|L:10|XL:10"
250026,"2022-09-15 08:39:53.45","#OP1919",50.00,68.00,93.00,120.90,"2023-03-11","130110428","PO",4,,,,"","ALMA","OP1919A1",30074,1002,"2023-03-15","2023-04-20","USD",93.00,100,"3XS:20|2XS:20|XS:20|S:10|M:10|L:10|XL:10"
250027,"2022-09-15 08:39:53.45","#OP1920",50.00,68.00,93.00,120.90,"2023-03-11","130110428","PO",4,,,,"","ALMA","OP1920A0",30075,1016,"2023-03-15","2023-04-20","USD",93.00,100,"3XS:20|2XS:20|XS:20|S:10|M:10|L:10|XL:10"
250028,"2022-09-15 08:39:53.45","#OP1921",50.00,68.00,93.00,120.90,"2023-03-11","130110428","PO",4,,,,"","ALMA","OP1921A1",30025,3002,"2023-03-15","2023-04-20","USD",93.00,100,"3XS:20|2XS:20|XS:20|S:10|M:10|L:10|XL:10"
250029,"2022-09-15 08:39:53.45","#OP1922",50.00,68.00,93.00,120.90,"2023-03-11","130110428","PO",4,,,,"","ALMA","OP1922A0",30026,4002,"2023-03-15","2023-04-20","USD",93.00,100,"3XS:20|2XS:20|XS:20|S:10|M:10|L:10|XL:10"
250026,"2022-09-15 08:39:53.45","#OP1923",50.00,68.00,93.00,120.90,"2023-03-11","130110428","PO",4,,,,"","ALMA","OP1923A1",30027,5002,"2023-03-15","2023-04-20","USD",93.00,100,"3XS:20|2XS:20|XS:20|S:10|M:10|L:10|XL:10"
250027,"2022-09-15 08:39:53.45","#OP1924",50.00,68.00,93.00,120.90,"2023-03-11","130110428","PO",4,,,,"","ALMA","OP1924A0",30066,6002,"2023-03-15","2023-04-20","USD",93.00,100,"3XS:20|2XS:20|XS:20|S:10|M:10|L:10|XL:10"
250028,"2022-09-15 08:39:53.45","#OP1925",50.00,68.00,93.00,120.90,"2023-03-11","130110428","PO",4,,,,"","ALMA","OP1925A1",30067,8002,"2023-03-15","2023-04-20","USD",93.00,100,"3XS:20|2XS:20|XS:20|S:10|M:10|L:10|XL:10"
250026,"2022-09-15 08:39:53.45","#OP1926",50.00,68.00,93.00,120.90,"2023-03-11","130110429","PO",4,,,,"","ALMA","OP1926A1",30068,1002,"2023-03-15","2023-04-20","USD",93.00,100,"3XS:20|2XS:20|XS:20|S:10|M:10|L:10|XL:10"
250027,"2022-09-15 08:39:53.45","#OP1927",50.00,68.00,93.00,120.90,"2023-03-11","130110429","PO",4,,,,"","ALMA","OP1927A0",30069,1016,"2023-03-15","2023-04-20","USD",93.00,100,"3XS:20|2XS:20|XS:20|S:10|M:10|L:10|XL:10"
250028,"2022-09-15 08:39:53.45","#OP1928",50.00,68.00,93.00,120.90,"2023-03-11","130110429","PO",4,,,,"","ALMA","OP1928A1",30070,3002,"2023-03-15","2023-04-20","USD",93.00,100,"3XS:20|2XS:20|XS:20|S:10|M:10|L:10|XL:10"
250029,"2022-09-15 08:39:53.45","#OP1929",50.00,68.00,93.00,120.90,"2023-03-11","130110429","PO",4,,,,"","ALMA","OP1929A0",30071,4002,"2023-03-15","2023-04-20","USD",93.00,100,"3XS:20|2XS:20|XS:20|S:10|M:10|L:10|XL:10"
250026,"2022-09-15 08:39:53.45","#OP1930",50.00,68.00,93.00,120.90,"2023-03-11","130110429","PO",4,,,,"","ALMA","OP1930A1",30072,5002,"2023-03-15","2023-04-20","USD",93.00,100,"3XS:20|2XS:20|XS:20|S:10|M:10|L:10|XL:10"
250027,"2022-09-15 08:39:53.45","#OP1931",50.00,68.00,93.00,120.90,"2023-03-11","130110429","PO",4,,,,"","ALMA","OP1931A0",30073,6002,"2023-03-15","2023-04-20","USD",93.00,100,"3XS:20|2XS:20|XS:20|S:10|M:10|L:10|XL:10"
250028,"2022-09-15 08:39:53.45","#OP1932",50.00,68.00,93.00,120.90,"2023-03-11","130110429","PO",4,,,,"","ALMA","OP1932A1",30029,8002,"2023-03-15","2023-04-20","USD",93.00,100,"3XS:20|2XS:20|XS:20|S:10|M:10|L:10|XL:10"
250026,"2022-09-15 08:39:53.45","#OP1933",50.00,68.00,93.00,120.90,"2023-03-11","130110447","PO",4,,,,"","ALMA","OP1933A1",30013,1002,"2023-03-15","2023-04-20","USD",93.00,100,"3XS:20|2XS:20|XS:20|S:10|M:10|L:10|XL:10"
250027,"2022-09-15 08:39:53.45","#OP1934",50.00,68.00,93.00,120.90,"2023-03-11","130110447","PO",4,,,,"","ALMA","OP1934A0",30022,1016,"2023-03-15","2023-04-20","USD",93.00,100,"3XS:20|2XS:20|XS:20|S:10|M:10|L:10|XL:10"
250028,"2022-09-15 08:39:53.45","#OP1935",50.00,68.00,93.00,120.90,"2023-03-11","130110447","PO",4,,,,"","ALMA","OP1935A1",30045,3002,"2023-03-15","2023-04-20","USD",93.00,100,"3XS:20|2XS:20|XS:20|S:10|M:10|L:10|XL:10"
250029,"2022-09-15 08:39:53.45","#OP1936",50.00,68.00,93.00,120.90,"2023-03-11","130110447","PO",4,,,,"","ALMA","OP1936A0",30046,4002,"2023-03-15","2023-04-20","USD",93.00,100,"3XS:20|2XS:20|XS:20|S:10|M:10|L:10|XL:10"
250026,"2022-09-15 08:39:53.45","#OP1937",50.00,68.00,93.00,120.90,"2023-03-11","130110447","PO",4,,,,"","ALMA","OP1937A1",30047,5002,"2023-03-15","2023-04-20","USD",93.00,100,"3XS:20|2XS:20|XS:20|S:10|M:10|L:10|XL:10"
250027,"2022-09-15 08:39:53.45","#OP1938",50.00,68.00,93.00,120.90,"2023-03-11","130110447","PO",4,,,,"","ALMA","OP1938A0",30065,6002,"2023-03-15","2023-04-20","USD",93.00,100,"3XS:20|2XS:20|XS:20|S:10|M:10|L:10|XL:10"
250028,"2022-09-15 08:39:53.45","#OP1939",50.00,68.00,93.00,120.90,"2023-03-11","130110447","PO",4,,,,"","ALMA","OP1939A1",30074,8002,"2023-03-15","2023-04-20","USD",93.00,100,"3XS:20|2XS:20|XS:20|S:10|M:10|L:10|XL:10"
250026,"2022-09-15 08:39:53.45","#OP1940",50.00,68.00,93.00,120.90,"2023-03-11","130110459","PO",4,,,,"","ALMA","OP1940A1",30075,1002,"2023-03-15","2023-04-20","USD",93.00,100,"3XS:20|2XS:20|XS:20|S:10|M:10|L:10|XL:10"
250027,"2022-09-15 08:39:53.45","#OP1941",50.00,68.00,93.00,120.90,"2023-03-11","130110459","PO",4,,,,"","ALMA","OP1941A0",30025,1016,"2023-03-15","2023-04-20","USD",93.00,100,"3XS:20|2XS:20|XS:20|S:10|M:10|L:10|XL:10"
250028,"2022-09-15 08:39:53.45","#OP1942",50.00,68.00,93.00,120.90,"2023-03-11","130110459","PO",4,,,,"","ALMA","OP1942A1",30026,3002,"2023-03-15","2023-04-20","USD",93.00,100,"3XS:20|2XS:20|XS:20|S:10|M:10|L:10|XL:10"
250029,"2022-09-15 08:39:53.45","#OP1943",50.00,68.00,93.00,120.90,"2023-03-11","130110459","PO",4,,,,"","ALMA","OP1943A0",30027,4002,"2023-03-15","2023-04-20","USD",93.00,100,"3XS:20|2XS:20|XS:20|S:10|M:10|L:10|XL:10"
250026,"2022-09-15 08:39:53.45","#OP1944",50.00,68.00,93.00,120.90,"2023-03-11","130110459","PO",4,,,,"","ALMA","OP1944A1",30066,5002,"2023-03-15","2023-04-20","USD",93.00,100,"3XS:20|2XS:20|XS:20|S:10|M:10|L:10|XL:10"
250027,"2022-09-15 08:39:53.45","#OP1945",50.00,68.00,93.00,120.90,"2023-03-11","130110459","PO",4,,,,"","ALMA","OP1945A0",30067,6002,"2023-03-15","2023-04-20","USD",93.00,100,"3XS:20|2XS:20|XS:20|S:10|M:10|L:10|XL:10"
250028,"2022-09-15 08:39:53.45","#OP1946",50.00,68.00,93.00,120.90,"2023-03-11","130110459","PO",4,,,,"","ALMA","OP1946A1",30068,8002,"2023-03-15","2023-04-20","USD",93.00,100,"3XS:20|2XS:20|XS:20|S:10|M:10|L:10|XL:10"
250026,"2022-09-15 08:39:53.45","#OP1947",50.00,68.00,93.00,120.90,"2023-03-11","130110464","PO",4,,,,"","ALMA","OP1947A1",30069,1002,"2023-03-15","2023-04-20","USD",93.00,100,"3XS:20|2XS:20|XS:20|S:10|M:10|L:10|XL:10"
250027,"2022-09-15 08:39:53.45","#OP1948",50.00,68.00,93.00,120.90,"2023-03-11","130110464","PO",4,,,,"","ALMA","OP1948A0",30070,1016,"2023-03-15","2023-04-20","USD",93.00,100,"3XS:20|2XS:20|XS:20|S:10|M:10|L:10|XL:10"
250028,"2022-09-15 08:39:53.45","#OP1949",50.00,68.00,93.00,120.90,"2023-03-11","130110464","PO",4,,,,"","ALMA","OP1949A1",30071,3002,"2023-03-15","2023-04-20","USD",93.00,100,"3XS:20|2XS:20|XS:20|S:10|M:10|L:10|XL:10"
250029,"2022-09-15 08:39:53.45","#OP1950",50.00,68.00,93.00,120.90,"2023-03-11","130110464","PO",4,,,,"","ALMA","OP1950A0",30072,4002,"2023-03-15","2023-04-20","USD",93.00,100,"3XS:20|2XS:20|XS:20|S:10|M:10|L:10|XL:10"
250026,"2022-09-15 08:39:53.45","#OP1951",50.00,68.00,93.00,120.90,"2023-03-11","130110464","PO",4,,,,"","ALMA","OP1951A1",30073,5002,"2023-03-15","2023-04-20","USD",93.00,100,"3XS:20|2XS:20|XS:20|S:10|M:10|L:10|XL:10"
250027,"2022-09-15 08:39:53.45","#OP1952",50.00,68.00,93.00,120.90,"2023-03-11","130110464","PO",4,,,,"","ALMA","OP1952A0",30029,6002,"2023-03-15","2023-04-20","USD",93.00,100,"3XS:20|2XS:20|XS:20|S:10|M:10|L:10|XL:10"
250028,"2022-09-15 08:39:53.45","#OP1953",50.00,68.00,93.00,120.90,"2023-03-11","130110464","PO",4,,,,"","ALMA","OP1953A1",30013,8002,"2023-03-15","2023-04-20","USD",93.00,100,"3XS:20|2XS:20|XS:20|S:10|M:10|L:10|XL:10"
250026,"2022-09-15 08:39:53.45","#OP1954",50.00,68.00,93.00,120.90,"2023-03-11","130110477","PO",4,,,,"","ALMA","OP1954A1",30022,1002,"2023-03-15","2023-04-20","USD",93.00,100,"3XS:20|2XS:20|XS:20|S:10|M:10|L:10|XL:10"
250027,"2022-09-15 08:39:53.45","#OP1955",50.00,68.00,93.00,120.90,"2023-03-11","130110477","PO",4,,,,"","ALMA","OP1955A0",30045,1016,"2023-03-15","2023-04-20","USD",93.00,100,"3XS:20|2XS:20|XS:20|S:10|M:10|L:10|XL:10"
250028,"2022-09-15 08:39:53.45","#OP1956",50.00,68.00,93.00,120.90,"2023-03-11","130110477","PO",4,,,,"","ALMA","OP1956A1",30046,3002,"2023-03-15","2023-04-20","USD",93.00,100,"3XS:20|2XS:20|XS:20|S:10|M:10|L:10|XL:10"
250029,"2022-09-15 08:39:53.45","#OP1957",50.00,68.00,93.00,120.90,"2023-03-11","130110477","PO",4,,,,"","ALMA","OP1957A0",30047,4002,"2023-03-15","2023-04-20","USD",93.00,100,"3XS:20|2XS:20|XS:20|S:10|M:10|L:10|XL:10"
250026,"2022-09-15 08:39:53.45","#OP1958",50.00,68.00,93.00,120.90,"2023-03-11","130110477","PO",4,,,,"","ALMA","OP1958A1",30065,5002,"2023-03-15","2023-04-20","USD",93.00,100,"3XS:20|2XS:20|XS:20|S:10|M:10|L:10|XL:10"
250027,"2022-09-15 08:39:53.45","#OP1959",50.00,68.00,93.00,120.90,"2023-03-11","130110477","PO",4,,,,"","ALMA","OP1959A0",30074,6002,"2023-03-15","2023-04-20","USD",93.00,100,"3XS:20|2XS:20|XS:20|S:10|M:10|L:10|XL:10"
250028,"2022-09-15 08:39:53.45","#OP1960",50.00,68.00,93.00,120.90,"2023-03-11","130110477","PO",4,,,,"","ALMA","OP1960A1",30075,8002,"2023-03-15","2023-04-20","USD",93.00,100,"3XS:20|2XS:20|XS:20|S:10|M:10|L:10|XL:10"
250026,"2022-09-15 08:39:53.45","#OP1961",50.00,68.00,93.00,120.90,"2023-03-11","130110482","PO",4,,,,"","ALMA","OP1961A1",30025,1002,"2023-03-15","2023-04-20","USD",93.00,100,"3XS:20|2XS:20|XS:20|S:10|M:10|L:10|XL:10"
250027,"2022-09-15 08:39:53.45","#OP1962",50.00,68.00,93.00,120.90,"2023-03-11","130110482","PO",4,,,,"","ALMA","OP1962A0",30026,1016,"2023-03-15","2023-04-20","USD",93.00,100,"3XS:20|2XS:20|XS:20|S:10|M:10|L:10|XL:10"
250028,"2022-09-15 08:39:53.45","#OP1963",50.00,68.00,93.00,120.90,"2023-03-11","130110482","PO",4,,,,"","ALMA","OP1963A1",30027,3002,"2023-03-15","2023-04-20","USD",93.00,100,"3XS:20|2XS:20|XS:20|S:10|M:10|L:10|XL:10"
250029,"2022-09-15 08:39:53.45","#OP1964",50.00,68.00,93.00,120.90,"2023-03-11","130110482","PO",4,,,,"","ALMA","OP1964A0",30066,4002,"2023-03-15","2023-04-20","USD",93.00,100,"3XS:20|2XS:20|XS:20|S:10|M:10|L:10|XL:10"
250026,"2022-09-15 08:39:53.45","#OP1965",50.00,68.00,93.00,120.90,"2023-03-11","130110482","PO",4,,,,"","ALMA","OP1965A1",30067,5002,"2023-03-15","2023-04-20","USD",93.00,100,"3XS:20|2XS:20|XS:20|S:10|M:10|L:10|XL:10"
250027,"2022-09-15 08:39:53.45","#OP1966",50.00,68.00,93.00,120.90,"2023-03-11","130110482","PO",4,,,,"","ALMA","OP1966A0",30068,6002,"2023-03-15","2023-04-20","USD",93.00,100,"3XS:20|2XS:20|XS:20|S:10|M:10|L:10|XL:10"
250028,"2022-09-15 08:39:53.45","#OP1967",50.00,68.00,93.00,120.90,"2023-03-11","130110482","PO",4,,,,"","ALMA","OP1967A1",30069,8002,"2023-03-15","2023-04-20","USD",93.00,100,"3XS:20|2XS:20|XS:20|S:10|M:10|L:10|XL:10"
250026,"2022-09-15 08:39:53.45","#OP1968",50.00,68.00,93.00,120.90,"2023-03-11","130110488","PO",4,,,,"","ALMA","OP1968A1",30070,1002,"2023-03-15","2023-04-20","USD",93.00,100,"3XS:20|2XS:20|XS:20|S:10|M:10|L:10|XL:10"
250027,"2022-09-15 08:39:53.45","#OP1969",50.00,68.00,93.00,120.90,"2023-03-11","130110488","PO",4,,,,"","ALMA","OP1969A0",30071,1016,"2023-03-15","2023-04-20","USD",93.00,100,"3XS:20|2XS:20|XS:20|S:10|M:10|L:10|XL:10"
250028,"2022-09-15 08:39:53.45","#OP1970",50.00,68.00,93.00,120.90,"2023-03-11","130110488","PO",4,,,,"","ALMA","OP1970A1",30072,3002,"2023-03-15","2023-04-20","USD",93.00,100,"3XS:20|2XS:20|XS:20|S:10|M:10|L:10|XL:10"
250029,"2022-09-15 08:39:53.45","#OP1971",50.00,68.00,93.00,120.90,"2023-03-11","130110488","PO",4,,,,"","ALMA","OP1971A0",30073,4002,"2023-03-15","2023-04-20","USD",93.00,100,"3XS:20|2XS:20|XS:20|S:10|M:10|L:10|XL:10"
250026,"2022-09-15 08:39:53.45","#OP1972",50.00,68.00,93.00,120.90,"2023-03-11","130110488","PO",4,,,,"","ALMA","OP1972A1",30029,5002,"2023-03-15","2023-04-20","USD",93.00,100,"3XS:20|2XS:20|XS:20|S:10|M:10|L:10|XL:10"
250027,"2022-09-15 08:39:53.45","#OP1973",50.00,68.00,93.00,120.90,"2023-03-11","130110488","PO",4,,,,"","ALMA","OP1973A0",30013,6002,"2023-03-15","2023-04-20","USD",93.00,100,"3XS:20|2XS:20|XS:20|S:10|M:10|L:10|XL:10"
250028,"2022-09-15 08:39:53.45","#OP1974",50.00,68.00,93.00,120.90,"2023-03-11","130110488","PO",4,,,,"","ALMA","OP1974A1",30022,8002,"2023-03-15","2023-04-20","USD",93.00,100,"3XS:20|2XS:20|XS:20|S:10|M:10|L:10|XL:10"
250026,"2022-09-15 08:39:53.45","#OP1975",50.00,68.00,93.00,120.90,"2023-03-11","130110499","PO",4,,,,"","ALMA","OP1975A1",30045,1002,"2023-03-15","2023-04-20","USD",93.00,100,"3XS:20|2XS:20|XS:20|S:10|M:10|L:10|XL:10"
250027,"2022-09-15 08:39:53.45","#OP1976",50.00,68.00,93.00,120.90,"2023-03-11","130110499","PO",4,,,,"","ALMA","OP1976A0",30046,1016,"2023-03-15","2023-04-20","USD",93.00,100,"3XS:20|2XS:20|XS:20|S:10|M:10|L:10|XL:10"
250028,"2022-09-15 08:39:53.45","#OP1977",50.00,68.00,93.00,120.90,"2023-03-11","130110499","PO",4,,,,"","ALMA","OP1977A1",30047,3002,"2023-03-15","2023-04-20","USD",93.00,100,"3XS:20|2XS:20|XS:20|S:10|M:10|L:10|XL:10"
250029,"2022-09-15 08:39:53.45","#OP1978",50.00,68.00,93.00,120.90,"2023-03-11","130110499","PO",4,,,,"","ALMA","OP1978A0",30065,4002,"2023-03-15","2023-04-20","USD",93.00,100,"3XS:20|2XS:20|XS:20|S:10|M:10|L:10|XL:10"
250026,"2022-09-15 08:39:53.45","#OP1979",50.00,68.00,93.00,120.90,"2023-03-11","130110499","PO",4,,,,"","ALMA","OP1979A1",30074,5002,"2023-03-15","2023-04-20","USD",93.00,100,"3XS:20|2XS:20|XS:20|S:10|M:10|L:10|XL:10"
250027,"2022-09-15 08:39:53.45","#OP1980",50.00,68.00,93.00,120.90,"2023-03-11","130110499","PO",4,,,,"","ALMA","OP1980A0",30075,6002,"2023-03-15","2023-04-20","USD",93.00,100,"3XS:20|2XS:20|XS:20|S:10|M:10|L:10|XL:10"
250028,"2022-09-15 08:39:53.45","#OP1981",50.00,68.00,93.00,120.90,"2023-03-11","130110499","PO",4,,,,"","ALMA","OP1981A1",30025,8002,"2023-03-15","2023-04-20","USD",93.00,100,"3XS:20|2XS:20|XS:20|S:10|M:10|L:10|XL:10"
250026,"2022-09-15 08:39:53.45","#OP1982",50.00,68.00,93.00,120.90,"2023-03-11","130110508","PO",4,,,,"","ALMA","OP1982A1",30026,1002,"2023-03-15","2023-04-20","USD",93.00,100,"3XS:20|2XS:20|XS:20|S:10|M:10|L:10|XL:10"
250027,"2022-09-15 08:39:53.45","#OP1983",50.00,68.00,93.00,120.90,"2023-03-11","130110508","PO",4,,,,"","ALMA","OP1983A0",30027,1016,"2023-03-15","2023-04-20","USD",93.00,100,"3XS:20|2XS:20|XS:20|S:10|M:10|L:10|XL:10"
250028,"2022-09-15 08:39:53.45","#OP1984",50.00,68.00,93.00,120.90,"2023-03-11","130110508","PO",4,,,,"","ALMA","OP1984A1",30066,3002,"2023-03-15","2023-04-20","USD",93.00,100,"3XS:20|2XS:20|XS:20|S:10|M:10|L:10|XL:10"
250029,"2022-09-15 08:39:53.45","#OP1985",50.00,68.00,93.00,120.90,"2023-03-11","130110508","PO",4,,,,"","ALMA","OP1985A0",30067,4002,"2023-03-15","2023-04-20","USD",93.00,100,"3XS:20|2XS:20|XS:20|S:10|M:10|L:10|XL:10"
250026,"2022-09-15 08:39:53.45","#OP1986",50.00,68.00,93.00,120.90,"2023-03-11","130110508","PO",4,,,,"","ALMA","OP1986A1",30068,5002,"2023-03-15","2023-04-20","USD",93.00,100,"3XS:20|2XS:20|XS:20|S:10|M:10|L:10|XL:10"
250027,"2022-09-15 08:39:53.45","#OP1987",50.00,68.00,93.00,120.90,"2023-03-11","130110508","PO",4,,,,"","ALMA","OP1987A0",30069,6002,"2023-03-15","2023-04-20","USD",93.00,100,"3XS:20|2XS:20|XS:20|S:10|M:10|L:10|XL:10"
250028,"2022-09-15 08:39:53.45","#OP1988",50.00,68.00,93.00,120.90,"2023-03-11","130110508","PO",4,,,,"","ALMA","OP1988A1",30070,8002,"2023-03-15","2023-04-20","USD",93.00,100,"3XS:20|2XS:20|XS:20|S:10|M:10|L:10|XL:10"
250026,"2022-09-15 08:39:53.45","#OP1989",50.00,68.00,93.00,120.90,"2023-03-11","130110512","PO",4,,,,"","ALMA","OP1989A1",30071,1002,"2023-03-15","2023-04-20","USD",93.00,100,"3XS:20|2XS:20|XS:20|S:10|M:10|L:10|XL:10"
250027,"2022-09-15 08:39:53.45","#OP1990",50.00,68.00,93.00,120.90,"2023-03-11","130110512","PO",4,,,,"","ALMA","OP1990A0",30072,1016,"2023-03-15","2023-04-20","USD",93.00,100,"3XS:20|2XS:20|XS:20|S:10|M:10|L:10|XL:10"
250028,"2022-09-15 08:39:53.45","#OP1991",50.00,68.00,93.00,120.90,"2023-03-11","130110512","PO",4,,,,"","ALMA","OP1991A1",30073,3002,"2023-03-15","2023-04-20","USD",93.00,100,"3XS:20|2XS:20|XS:20|S:10|M:10|L:10|XL:10"
250029,"2022-09-15 08:39:53.45","#OP1992",50.00,68.00,93.00,120.90,"2023-03-11","130110512","PO",4,,,,"","ALMA","OP1992A0",30029,4002,"2023-03-15","2023-04-20","USD",93.00,100,"3XS:20|2XS:20|XS:20|S:10|M:10|L:10|XL:10"
250026,"2022-09-15 08:39:53.45","#OP1993",50.00,68.00,93.00,120.90,"2023-03-11","130110512","PO",4,,,,"","ALMA","OP1993A1",30013,5002,"2023-03-15","2023-04-20","USD",93.00,100,"3XS:20|2XS:20|XS:20|S:10|M:10|L:10|XL:10"
250027,"2022-09-15 08:39:53.45","#OP1994",50.00,68.00,93.00,120.90,"2023-03-11","130110512","PO",4,,,,"","ALMA","OP1994A0",30022,6002,"2023-03-15","2023-04-20","USD",93.00,100,"3XS:20|2XS:20|XS:20|S:10|M:10|L:10|XL:10"
250028,"2022-09-15 08:39:53.45","#OP1995",50.00,68.00,93.00,120.90,"2023-03-11","130110512","PO",4,,,,"","ALMA","OP1995A1",30045,8002,"2023-03-15","2023-04-20","USD",93.00,100,"3XS:20|2XS:20|XS:20|S:10|M:10|L:10|XL:10"
250026,"2022-09-15 08:39:53.45","#OP1996",50.00,68.00,93.00,120.90,"2023-03-11","130110526","PO",4,,,,"","ALMA","OP1996A1",30046,1002,"2023-03-15","2023-04-20","USD",93.00,100,"3XS:20|2XS:20|XS:20|S:10|M:10|L:10|XL:10"
250027,"2022-09-15 08:39:53.45","#OP1997",50.00,68.00,93.00,120.90,"2023-03-11","130110526","PO",4,,,,"","ALMA","OP1997A0",30047,1016,"2023-03-15","2023-04-20","USD",93.00,100,"3XS:20|2XS:20|XS:20|S:10|M:10|L:10|XL:10"
250028,"2022-09-15 08:39:53.45","#OP1998",50.00,68.00,93.00,120.90,"2023-03-11","130110526","PO",4,,,,"","ALMA","OP1998A1",30065,3002,"2023-03-15","2023-04-20","USD",93.00,100,"3XS:20|2XS:20|XS:20|S:10|M:10|L:10|XL:10"
250029,"2022-09-15 08:39:53.45","#OP1999",50.00,68.00,93.00,120.90,"2023-03-11","130110526","PO",4,,,,"","ALMA","OP1999A0",30074,4002,"2023-03-15","2023-04-20","USD",93.00,100,"3XS:20|2XS:20|XS:20|S:10|M:10|L:10|XL:10"
250026,"2022-09-15 08:39:53.45","#OP2000",50.00,68.00,93.00,120.90,"2023-03-11","130110526","PO",4,,,,"","ALMA","OP2000A1",30075,5002,"2023-03-15","2023-04-20","USD",93.00,100,"3XS:20|2XS:20|XS:20|S:10|M:10|L:10|XL:10"
250027,"2022-09-15 08:39:53.45","#OP2001",50.00,68.00,93.00,120.90,"2023-03-11","130110526","PO",4,,,,"","ALMA","OP2001A0",30025,6002,"2023-03-15","2023-04-20","USD",93.00,100,"3XS:20|2XS:20|XS:20|S:10|M:10|L:10|XL:10"
250028,"2022-09-15 08:39:53.45","#OP2002",50.00,68.00,93.00,120.90,"2023-03-11","130110526","PO",4,,,,"","ALMA","OP2002A1",30026,8002,"2023-03-15","2023-04-20","USD",93.00,100,"3XS:20|2XS:20|XS:20|S:10|M:10|L:10|XL:10"
250026,"2022-09-15 08:39:53.45","#OP2003",50.00,68.00,93.00,120.90,"2023-03-11","130110542","PO",4,,,,"","ALMA","OP2003A1",30027,1002,"2023-03-15","2023-04-20","USD",93.00,100,"3XS:20|2XS:20|XS:20|S:10|M:10|L:10|XL:10"
250027,"2022-09-15 08:39:53.45","#OP2004",50.00,68.00,93.00,120.90,"2023-03-11","130110542","PO",4,,,,"","ALMA","OP2004A0",30066,1016,"2023-03-15","2023-04-20","USD",93.00,100,"3XS:20|2XS:20|XS:20|S:10|M:10|L:10|XL:10"
250028,"2022-09-15 08:39:53.45","#OP2005",50.00,68.00,93.00,120.90,"2023-03-11","130110542","PO",4,,,,"","ALMA","OP2005A1",30067,3002,"2023-03-15","2023-04-20","USD",93.00,100,"3XS:20|2XS:20|XS:20|S:10|M:10|L:10|XL:10"
250029,"2022-09-15 08:39:53.45","#OP2006",50.00,68.00,93.00,120.90,"2023-03-11","130110542","PO",4,,,,"","ALMA","OP2006A0",30068,4002,"2023-03-15","2023-04-20","USD",93.00,100,"3XS:20|2XS:20|XS:20|S:10|M:10|L:10|XL:10"
250026,"2022-09-15 08:39:53.45","#OP2007",50.00,68.00,93.00,120.90,"2023-03-11","130110542","PO",4,,,,"","ALMA","OP2007A1",30069,5002,"2023-03-15","2023-04-20","USD",93.00,100,"3XS:20|2XS:20|XS:20|S:10|M:10|L:10|XL:10"
250027,"2022-09-15 08:39:53.45","#OP2008",50.00,68.00,93.00,120.90,"2023-03-11","130110542","PO",4,,,,"","ALMA","OP2008A0",30070,6002,"2023-03-15","2023-04-20","USD",93.00,100,"3XS:20|2XS:20|XS:20|S:10|M:10|L:10|XL:10"
250028,"2022-09-15 08:39:53.45","#OP2009",50.00,68.00,93.00,120.90,"2023-03-11","130110542","PO",4,,,,"","ALMA","OP2009A1",30071,8002,"2023-03-15","2023-04-20","USD",93.00,100,"3XS:20|2XS:20|XS:20|S:10|M:10|L:10|XL:10"
250026,"2022-09-15 08:39:53.45","#OP2010",50.00,68.00,93.00,120.90,"2023-03-11","130110546","PO",4,,,,"","ALMA","OP2010A1",30072,1002,"2023-03-15","2023-04-20","USD",93.00,100,"3XS:20|2XS:20|XS:20|S:10|M:10|L:10|XL:10"
250027,"2022-09-15 08:39:53.45","#OP2011",50.00,68.00,93.00,120.90,"2023-03-11","130110546","PO",4,,,,"","ALMA","OP2011A0",30073,1016,"2023-03-15","2023-04-20","USD",93.00,100,"3XS:20|2XS:20|XS:20|S:10|M:10|L:10|XL:10"
250028,"2022-09-15 08:39:53.45","#OP2012",50.00,68.00,93.00,120.90,"2023-03-11","130110546","PO",4,,,,"","ALMA","OP2012A1",30029,3002,"2023-03-15","2023-04-20","USD",93.00,100,"3XS:20|2XS:20|XS:20|S:10|M:10|L:10|XL:10"
250029,"2022-09-15 08:39:53.45","#OP2013",50.00,68.00,93.00,120.90,"2023-03-11","130110546","PO",4,,,,"","ALMA","OP2013A0",30013,4002,"2023-03-15","2023-04-20","USD",93.00,100,"3XS:20|2XS:20|XS:20|S:10|M:10|L:10|XL:10"
250026,"2022-09-15 08:39:53.45","#OP2014",50.00,68.00,93.00,120.90,"2023-03-11","130110546","PO",4,,,,"","ALMA","OP2014A1",30022,5002,"2023-03-15","2023-04-20","USD",93.00,100,"3XS:20|2XS:20|XS:20|S:10|M:10|L:10|XL:10"
250027,"2022-09-15 08:39:53.45","#OP2015",50.00,68.00,93.00,120.90,"2023-03-11","130110546","PO",4,,,,"","ALMA","OP2015A0",30045,6002,"2023-03-15","2023-04-20","USD",93.00,100,"3XS:20|2XS:20|XS:20|S:10|M:10|L:10|XL:10"
250028,"2022-09-15 08:39:53.45","#OP2016",50.00,68.00,93.00,120.90,"2023-03-11","130110546","PO",4,,,,"","ALMA","OP2016A1",30046,8002,"2023-03-15","2023-04-20","USD",93.00,100,"3XS:20|2XS:20|XS:20|S:10|M:10|L:10|XL:10"
250026,"2022-09-15 08:39:53.45","#OP2017",50.00,68.00,93.00,120.90,"2023-03-11","130110579","PO",4,,,,"","ALMA","OP2017A1",30047,1002,"2023-03-15","2023-04-20","USD",93.00,100,"3XS:20|2XS:20|XS:20|S:10|M:10|L:10|XL:10"
250027,"2022-09-15 08:39:53.45","#OP2018",50.00,68.00,93.00,120.90,"2023-03-11","130110579","PO",4,,,,"","ALMA","OP2018A0",30065,1016,"2023-03-15","2023-04-20","USD",93.00,100,"3XS:20|2XS:20|XS:20|S:10|M:10|L:10|XL:10"
250028,"2022-09-15 08:39:53.45","#OP2019",50.00,68.00,93.00,120.90,"2023-03-11","130110579","PO",4,,,,"","ALMA","OP2019A1",30074,3002,"2023-03-15","2023-04-20","USD",93.00,100,"3XS:20|2XS:20|XS:20|S:10|M:10|L:10|XL:10"
250029,"2022-09-15 08:39:53.45","#OP2020",50.00,68.00,93.00,120.90,"2023-03-11","130110579","PO",4,,,,"","ALMA","OP2020A0",30075,4002,"2023-03-15","2023-04-20","USD",93.00,100,"3XS:20|2XS:20|XS:20|S:10|M:10|L:10|XL:10"
250026,"2022-09-15 08:39:53.45","#OP2021",50.00,68.00,93.00,120.90,"2023-03-11","130110579","PO",4,,,,"","ALMA","OP2021A1",30025,5002,"2023-03-15","2023-04-20","USD",93.00,100,"3XS:20|2XS:20|XS:20|S:10|M:10|L:10|XL:10"
250027,"2022-09-15 08:39:53.45","#OP2022",50.00,68.00,93.00,120.90,"2023-03-11","130110579","PO",4,,,,"","ALMA","OP2022A0",30026,6002,"2023-03-15","2023-04-20","USD",93.00,100,"3XS:20|2XS:20|XS:20|S:10|M:10|L:10|XL:10"
250028,"2022-09-15 08:39:53.45","#OP2023",50.00,68.00,93.00,120.90,"2023-03-11","130110579","PO",4,,,,"","ALMA","OP2023A1",30027,8002,"2023-03-15","2023-04-20","USD",93.00,100,"3XS:20|2XS:20|XS:20|S:10|M:10|L:10|XL:10"
250026,"2022-09-15 08:39:53.45","#OP2024",50.00,68.00,93.00,120.90,"2023-03-11","130110586","PO",4,,,,"","ALMA","OP2024A1",30066,1002,"2023-03-15","2023-04-20","USD",93.00,100,"3XS:20|2XS:20|XS:20|S:10|M:10|L:10|XL:10"
250027,"2022-09-15 08:39:53.45","#OP2025",50.00,68.00,93.00,120.90,"2023-03-11","130110586","PO",4,,,,"","ALMA","OP2025A0",30067,1016,"2023-03-15","2023-04-20","USD",93.00,100,"3XS:20|2XS:20|XS:20|S:10|M:10|L:10|XL:10"
250028,"2022-09-15 08:39:53.45","#OP2026",50.00,68.00,93.00,120.90,"2023-03-11","130110586","PO",4,,,,"","ALMA","OP2026A1",30068,3002,"2023-03-15","2023-04-20","USD",93.00,100,"3XS:20|2XS:20|XS:20|S:10|M:10|L:10|XL:10"
250029,"2022-09-15 08:39:53.45","#OP2027",50.00,68.00,93.00,120.90,"2023-03-11","130110586","PO",4,,,,"","ALMA","OP2027A0",30069,4002,"2023-03-15","2023-04-20","USD",93.00,100,"3XS:20|2XS:20|XS:20|S:10|M:10|L:10|XL:10"
250026,"2022-09-15 08:39:53.45","#OP2028",50.00,68.00,93.00,120.90,"2023-03-11","130110586","PO",4,,,,"","ALMA","OP2028A1",30070,5002,"2023-03-15","2023-04-20","USD",93.00,100,"3XS:20|2XS:20|XS:20|S:10|M:10|L:10|XL:10"
250027,"2022-09-15 08:39:53.45","#OP2029",50.00,68.00,93.00,120.90,"2023-03-11","130110586","PO",4,,,,"","ALMA","OP2029A0",30071,6002,"2023-03-15","2023-04-20","USD",93.00,100,"3XS:20|2XS:20|XS:20|S:10|M:10|L:10|XL:10"
250028,"2022-09-15 08:39:53.45","#OP2030",50.00,68.00,93.00,120.90,"2023-03-11","130110586","PO",4,,,,"","ALMA","OP2030A1",30072,8002,"2023-03-15","2023-04-20","USD",93.00,100,"3XS:20|2XS:20|XS:20|S:10|M:10|L:10|XL:10"
250026,"2022-09-15 08:39:53.45","#OP2031",50.00,68.00,93.00,120.90,"2023-03-11","130110616","PO",4,,,,"","ALMA","OP2031A1",30073,1002,"2023-03-15","2023-04-20","USD",93.00,100,"3XS:20|2XS:20|XS:20|S:10|M:10|L:10|XL:10"
250027,"2022-09-15 08:39:53.45","#OP2032",50.00,68.00,93.00,120.90,"2023-03-11","130110616","PO",4,,,,"","ALMA","OP2032A0",30029,1016,"2023-03-15","2023-04-20","USD",93.00,100,"3XS:20|2XS:20|XS:20|S:10|M:10|L:10|XL:10"
250028,"2022-09-15 08:39:53.45","#OP2033",50.00,68.00,93.00,120.90,"2023-03-11","130110616","PO",4,,,,"","ALMA","OP2033A1",30013,3002,"2023-03-15","2023-04-20","USD",93.00,100,"3XS:20|2XS:20|XS:20|S:10|M:10|L:10|XL:10"
250029,"2022-09-15 08:39:53.45","#OP2034",50.00,68.00,93.00,120.90,"2023-03-11","130110616","PO",4,,,,"","ALMA","OP2034A0",30022,4002,"2023-03-15","2023-04-20","USD",93.00,100,"3XS:20|2XS:20|XS:20|S:10|M:10|L:10|XL:10"
250026,"2022-09-15 08:39:53.45","#OP2035",50.00,68.00,93.00,120.90,"2023-03-11","130110616","PO",4,,,,"","ALMA","OP2035A1",30045,5002,"2023-03-15","2023-04-20","USD",93.00,100,"3XS:20|2XS:20|XS:20|S:10|M:10|L:10|XL:10"
250027,"2022-09-15 08:39:53.45","#OP2036",50.00,68.00,93.00,120.90,"2023-03-11","130110616","PO",4,,,,"","ALMA","OP2036A0",30046,6002,"2023-03-15","2023-04-20","USD",93.00,100,"3XS:20|2XS:20|XS:20|S:10|M:10|L:10|XL:10"
250028,"2022-09-15 08:39:53.45","#OP2037",50.00,68.00,93.00,120.90,"2023-03-11","130110616","PO",4,,,,"","ALMA","OP2037A1",30047,8002,"2023-03-15","2023-04-20","USD",93.00,100,"3XS:20|2XS:20|XS:20|S:10|M:10|L:10|XL:10"
250026,"2022-09-15 08:39:53.45","#OP2038",50.00,68.00,93.00,120.90,"2023-03-11","130110663","PO",4,,,,"","ALMA","OP2038A1",30065,1002,"2023-03-15","2023-04-20","USD",93.00,100,"3XS:20|2XS:20|XS:20|S:10|M:10|L:10|XL:10"
250027,"2022-09-15 08:39:53.45","#OP2039",50.00,68.00,93.00,120.90,"2023-03-11","130110663","PO",4,,,,"","ALMA","OP2039A0",30074,1016,"2023-03-15","2023-04-20","USD",93.00,100,"3XS:20|2XS:20|XS:20|S:10|M:10|L:10|XL:10"
250028,"2022-09-15 08:39:53.45","#OP2040",50.00,68.00,93.00,120.90,"2023-03-11","130110663","PO",4,,,,"","ALMA","OP2040A1",30075,3002,"2023-03-15","2023-04-20","USD",93.00,100,"3XS:20|2XS:20|XS:20|S:10|M:10|L:10|XL:10"
250029,"2022-09-15 08:39:53.45","#OP2041",50.00,68.00,93.00,120.90,"2023-03-11","130110663","PO",4,,,,"","ALMA","OP2041A0",30025,4002,"2023-03-15","2023-04-20","USD",93.00,100,"3XS:20|2XS:20|XS:20|S:10|M:10|L:10|XL:10"
250026,"2022-09-15 08:39:53.45","#OP2042",50.00,68.00,93.00,120.90,"2023-03-11","130110663","PO",4,,,,"","ALMA","OP2042A1",30026,5002,"2023-03-15","2023-04-20","USD",93.00,100,"3XS:20|2XS:20|XS:20|S:10|M:10|L:10|XL:10"
250027,"2022-09-15 08:39:53.45","#OP2043",50.00,68.00,93.00,120.90,"2023-03-11","130110663","PO",4,,,,"","ALMA","OP2043A0",30027,6002,"2023-03-15","2023-04-20","USD",93.00,100,"3XS:20|2XS:20|XS:20|S:10|M:10|L:10|XL:10"
250028,"2022-09-15 08:39:53.45","#OP2044",50.00,68.00,93.00,120.90,"2023-03-11","130110663","PO",4,,,,"","ALMA","OP2044A1",30066,8002,"2023-03-15","2023-04-20","USD",93.00,100,"3XS:20|2XS:20|XS:20|S:10|M:10|L:10|XL:10"
250026,"2022-09-15 08:39:53.45","#OP2045",50.00,68.00,93.00,120.90,"2023-03-11","130110685","PO",4,,,,"","ALMA","OP2045A1",30067,1002,"2023-03-15","2023-04-20","USD",93.00,100,"3XS:20|2XS:20|XS:20|S:10|M:10|L:10|XL:10"
250027,"2022-09-15 08:39:53.45","#OP2046",50.00,68.00,93.00,120.90,"2023-03-11","130110685","PO",4,,,,"","ALMA","OP2046A0",30068,1016,"2023-03-15","2023-04-20","USD",93.00,100,"3XS:20|2XS:20|XS:20|S:10|M:10|L:10|XL:10"
250028,"2022-09-15 08:39:53.45","#OP2047",50.00,68.00,93.00,120.90,"2023-03-11","130110685","PO",4,,,,"","ALMA","OP2047A1",30069,3002,"2023-03-15","2023-04-20","USD",93.00,100,"3XS:20|2XS:20|XS:20|S:10|M:10|L:10|XL:10"
250029,"2022-09-15 08:39:53.45","#OP2048",50.00,68.00,93.00,120.90,"2023-03-11","130110685","PO",4,,,,"","ALMA","OP2048A0",30070,4002,"2023-03-15","2023-04-20","USD",93.00,100,"3XS:20|2XS:20|XS:20|S:10|M:10|L:10|XL:10"
250026,"2022-09-15 08:39:53.45","#OP2049",50.00,68.00,93.00,120.90,"2023-03-11","130110685","PO",4,,,,"","ALMA","OP2049A1",30071,5002,"2023-03-15","2023-04-20","USD",93.00,100,"3XS:20|2XS:20|XS:20|S:10|M:10|L:10|XL:10"
250027,"2022-09-15 08:39:53.45","#OP2050",50.00,68.00,93.00,120.90,"2023-03-11","130110685","PO",4,,,,"","ALMA","OP2050A0",30072,6002,"2023-03-15","2023-04-20","USD",93.00,100,"3XS:20|2XS:20|XS:20|S:10|M:10|L:10|XL:10"
250028,"2022-09-15 08:39:53.45","#OP2051",50.00,68.00,93.00,120.90,"2023-03-11","130110685","PO",4,,,,"","ALMA","OP2051A1",30073,8002,"2023-03-15","2023-04-20","USD",93.00,100,"3XS:20|2XS:20|XS:20|S:10|M:10|L:10|XL:10"
250026,"2022-09-15 08:39:53.45","#OP2052",50.00,68.00,93.00,120.90,"2023-03-11","130110700","PO",4,,,,"","ALMA","OP2052A1",30029,1002,"2023-03-15","2023-04-20","USD",93.00,100,"3XS:20|2XS:20|XS:20|S:10|M:10|L:10|XL:10"
250027,"2022-09-15 08:39:53.45","#OP2053",50.00,68.00,93.00,120.90,"2023-03-11","130110700","PO",4,,,,"","ALMA","OP2053A0",30013,1016,"2023-03-15","2023-04-20","USD",93.00,100,"3XS:20|2XS:20|XS:20|S:10|M:10|L:10|XL:10"
250028,"2022-09-15 08:39:53.45","#OP2054",50.00,68.00,93.00,120.90,"2023-03-11","130110700","PO",4,,,,"","ALMA","OP2054A1",30022,3002,"2023-03-15","2023-04-20","USD",93.00,100,"3XS:20|2XS:20|XS:20|S:10|M:10|L:10|XL:10"
250029,"2022-09-15 08:39:53.45","#OP2055",50.00,68.00,93.00,120.90,"2023-03-11","130110700","PO",4,,,,"","ALMA","OP2055A0",30045,4002,"2023-03-15","2023-04-20","USD",93.00,100,"3XS:20|2XS:20|XS:20|S:10|M:10|L:10|XL:10"
250026,"2022-09-15 08:39:53.45","#OP2056",50.00,68.00,93.00,120.90,"2023-03-11","130110700","PO",4,,,,"","ALMA","OP2056A1",30046,5002,"2023-03-15","2023-04-20","USD",93.00,100,"3XS:20|2XS:20|XS:20|S:10|M:10|L:10|XL:10"
250027,"2022-09-15 08:39:53.45","#OP2057",50.00,68.00,93.00,120.90,"2023-03-11","130110700","PO",4,,,,"","ALMA","OP2057A0",30047,6002,"2023-03-15","2023-04-20","USD",93.00,100,"3XS:20|2XS:20|XS:20|S:10|M:10|L:10|XL:10"
250028,"2022-09-15 08:39:53.45","#OP2058",50.00,68.00,93.00,120.90,"2023-03-11","130110700","PO",4,,,,"","ALMA","OP2058A1",30065,8002,"2023-03-15","2023-04-20","USD",93.00,100,"3XS:20|2XS:20|XS:20|S:10|M:10|L:10|XL:10"
250026,"2022-09-15 08:39:53.45","#OP2059",50.00,68.00,93.00,120.90,"2023-03-11","130110713","PO",4,,,,"","ALMA","OP2059A1",30074,1002,"2023-03-15","2023-04-20","USD",93.00,100,"3XS:20|2XS:20|XS:20|S:10|M:10|L:10|XL:10"
250027,"2022-09-15 08:39:53.45","#OP2060",50.00,68.00,93.00,120.90,"2023-03-11","130110713","PO",4,,,,"","ALMA","OP2060A0",30075,1016,"2023-03-15","2023-04-20","USD",93.00,100,"3XS:20|2XS:20|XS:20|S:10|M:10|L:10|XL:10"
250028,"2022-09-15 08:39:53.45","#OP2061",50.00,68.00,93.00,120.90,"2023-03-11","130110713","PO",4,,,,"","ALMA","OP2061A1",30025,3002,"2023-03-15","2023-04-20","USD",93.00,100,"3XS:20|2XS:20|XS:20|S:10|M:10|L:10|XL:10"
250029,"2022-09-15 08:39:53.45","#OP2062",50.00,68.00,93.00,120.90,"2023-03-11","130110713","PO",4,,,,"","ALMA","OP2062A0",30026,4002,"2023-03-15","2023-04-20","USD",93.00,100,"3XS:20|2XS:20|XS:20|S:10|M:10|L:10|XL:10"
250026,"2022-09-15 08:39:53.45","#OP2063",50.00,68.00,93.00,120.90,"2023-03-11","130110713","PO",4,,,,"","ALMA","OP2063A1",30027,5002,"2023-03-15","2023-04-20","USD",93.00,100,"3XS:20|2XS:20|XS:20|S:10|M:10|L:10|XL:10"
250027,"2022-09-15 08:39:53.45","#OP2064",50.00,68.00,93.00,120.90,"2023-03-11","130110713","PO",4,,,,"","ALMA","OP2064A0",30066,6002,"2023-03-15","2023-04-20","USD",93.00,100,"3XS:20|2XS:20|XS:20|S:10|M:10|L:10|XL:10"
250028,"2022-09-15 08:39:53.45","#OP2065",50.00,68.00,93.00,120.90,"2023-03-11","130110713","PO",4,,,,"","ALMA","OP2065A1",30067,8002,"2023-03-15","2023-04-20","USD",93.00,100,"3XS:20|2XS:20|XS:20|S:10|M:10|L:10|XL:10"
250026,"2022-09-15 08:39:53.45","#OP2066",50.00,68.00,93.00,120.90,"2023-03-11","130110723","PO",4,,,,"","ALMA","OP2066A1",30068,1002,"2023-03-15","2023-04-20","USD",93.00,100,"3XS:20|2XS:20|XS:20|S:10|M:10|L:10|XL:10"
250027,"2022-09-15 08:39:53.45","#OP2067",50.00,68.00,93.00,120.90,"2023-03-11","130110723","PO",4,,,,"","ALMA","OP2067A0",30069,1016,"2023-03-15","2023-04-20","USD",93.00,100,"3XS:20|2XS:20|XS:20|S:10|M:10|L:10|XL:10"
250028,"2022-09-15 08:39:53.45","#OP2068",50.00,68.00,93.00,120.90,"2023-03-11","130110723","PO",4,,,,"","ALMA","OP2068A1",30070,3002,"2023-03-15","2023-04-20","USD",93.00,100,"3XS:20|2XS:20|XS:20|S:10|M:10|L:10|XL:10"
250029,"2022-09-15 08:39:53.45","#OP2069",50.00,68.00,93.00,120.90,"2023-03-11","130110723","PO",4,,,,"","ALMA","OP2069A0",30071,4002,"2023-03-15","2023-04-20","USD",93.00,100,"3XS:20|2XS:20|XS:20|S:10|M:10|L:10|XL:10"
250026,"2022-09-15 08:39:53.45","#OP2070",50.00,68.00,93.00,120.90,"2023-03-11","130110723","PO",4,,,,"","ALMA","OP2070A1",30072,5002,"2023-03-15","2023-04-20","USD",93.00,100,"3XS:20|2XS:20|XS:20|S:10|M:10|L:10|XL:10"
250027,"2022-09-15 08:39:53.45","#OP2071",50.00,68.00,93.00,120.90,"2023-03-11","130110723","PO",4,,,,"","ALMA","OP2071A0",30073,6002,"2023-03-15","2023-04-20","USD",93.00,100,"3XS:20|2XS:20|XS:20|S:10|M:10|L:10|XL:10"
250028,"2022-09-15 08:39:53.45","#OP2072",50.00,68.00,93.00,120.90,"2023-03-11","130110723","PO",4,,,,"","ALMA","OP2072A1",30029,8002,"2023-03-15","2023-04-20","USD",93.00,100,"3XS:20|2XS:20|XS:20|S:10|M:10|L:10|XL:10"
250026,"2022-09-15 08:39:53.45","#OP2073",50.00,68.00,93.00,120.90,"2023-03-11","130110733","PO",4,,,,"","ALMA","OP2073A1",30013,1002,"2023-03-15","2023-04-20","USD",93.00,100,"3XS:20|2XS:20|XS:20|S:10|M:10|L:10|XL:10"
250027,"2022-09-15 08:39:53.45","#OP2074",50.00,68.00,93.00,120.90,"2023-03-11","130110733","PO",4,,,,"","ALMA","OP2074A0",30022,1016,"2023-03-15","2023-04-20","USD",93.00,100,"3XS:20|2XS:20|XS:20|S:10|M:10|L:10|XL:10"
250028,"2022-09-15 08:39:53.45","#OP2075",50.00,68.00,93.00,120.90,"2023-03-11","130110733","PO",4,,,,"","ALMA","OP2075A1",30045,3002,"2023-03-15","2023-04-20","USD",93.00,100,"3XS:20|2XS:20|XS:20|S:10|M:10|L:10|XL:10"
250029,"2022-09-15 08:39:53.45","#OP2076",50.00,68.00,93.00,120.90,"2023-03-11","130110733","PO",4,,,,"","ALMA","OP2076A0",30046,4002,"2023-03-15","2023-04-20","USD",93.00,100,"3XS:20|2XS:20|XS:20|S:10|M:10|L:10|XL:10"
250026,"2022-09-15 08:39:53.45","#OP2077",50.00,68.00,93.00,120.90,"2023-03-11","130110733","PO",4,,,,"","ALMA","OP2077A1",30047,5002,"2023-03-15","2023-04-20","USD",93.00,100,"3XS:20|2XS:20|XS:20|S:10|M:10|L:10|XL:10"
250027,"2022-09-15 08:39:53.45","#OP2078",50.00,68.00,93.00,120.90,"2023-03-11","130110733","PO",4,,,,"","ALMA","OP2078A0",30065,6002,"2023-03-15","2023-04-20","USD",93.00,100,"3XS:20|2XS:20|XS:20|S:10|M:10|L:10|XL:10"
250028,"2022-09-15 08:39:53.45","#OP2079",50.00,68.00,93.00,120.90,"2023-03-11","130110733","PO",4,,,,"","ALMA","OP2079A1",30074,8002,"2023-03-15","2023-04-20","USD",93.00,100,"3XS:20|2XS:20|XS:20|S:10|M:10|L:10|XL:10"
250026,"2022-09-15 08:39:53.45","#OP2080",50.00,68.00,93.00,120.90,"2023-03-11","130110744","PO",4,,,,"","ALMA","OP2080A1",30075,1002,"2023-03-15","2023-04-20","USD",93.00,100,"3XS:20|2XS:20|XS:20|S:10|M:10|L:10|XL:10"
250027,"2022-09-15 08:39:53.45","#OP2081",50.00,68.00,93.00,120.90,"2023-03-11","130110744","PO",4,,,,"","ALMA","OP2081A0",30025,1016,"2023-03-15","2023-04-20","USD",93.00,100,"3XS:20|2XS:20|XS:20|S:10|M:10|L:10|XL:10"
250028,"2022-09-15 08:39:53.45","#OP2082",50.00,68.00,93.00,120.90,"2023-03-11","130110744","PO",4,,,,"","ALMA","OP2082A1",30026,3002,"2023-03-15","2023-04-20","USD",93.00,100,"3XS:20|2XS:20|XS:20|S:10|M:10|L:10|XL:10"
250029,"2022-09-15 08:39:53.45","#OP2083",50.00,68.00,93.00,120.90,"2023-03-11","130110744","PO",4,,,,"","ALMA","OP2083A0",30027,4002,"2023-03-15","2023-04-20","USD",93.00,100,"3XS:20|2XS:20|XS:20|S:10|M:10|L:10|XL:10"
250026,"2022-09-15 08:39:53.45","#OP2084",50.00,68.00,93.00,120.90,"2023-03-11","130110744","PO",4,,,,"","ALMA","OP2084A1",30066,5002,"2023-03-15","2023-04-20","USD",93.00,100,"3XS:20|2XS:20|XS:20|S:10|M:10|L:10|XL:10"
250027,"2022-09-15 08:39:53.45","#OP2085",50.00,68.00,93.00,120.90,"2023-03-11","130110744","PO",4,,,,"","ALMA","OP2085A0",30067,6002,"2023-03-15","2023-04-20","USD",93.00,100,"3XS:20|2XS:20|XS:20|S:10|M:10|L:10|XL:10"
250028,"2022-09-15 08:39:53.45","#OP2086",50.00,68.00,93.00,120.90,"2023-03-11","130110744","PO",4,,,,"","ALMA","OP2086A1",30068,8002,"2023-03-15","2023-04-20","USD",93.00,100,"3XS:20|2XS:20|XS:20|S:10|M:10|L:10|XL:10"
250026,"2022-09-15 08:39:53.45","#OP2087",50.00,68.00,93.00,120.90,"2023-03-11","130110761","PO",4,,,,"","ALMA","OP2087A1",30069,1002,"2023-03-15","2023-04-20","USD",93.00,100,"3XS:20|2XS:20|XS:20|S:10|M:10|L:10|XL:10"
250027,"2022-09-15 08:39:53.45","#OP2088",50.00,68.00,93.00,120.90,"2023-03-11","130110761","PO",4,,,,"","ALMA","OP2088A0",30070,1016,"2023-03-15","2023-04-20","USD",93.00,100,"3XS:20|2XS:20|XS:20|S:10|M:10|L:10|XL:10"
250028,"2022-09-15 08:39:53.45","#OP2089",50.00,68.00,93.00,120.90,"2023-03-11","130110761","PO",4,,,,"","ALMA","OP2089A1",30071,3002,"2023-03-15","2023-04-20","USD",93.00,100,"3XS:20|2XS:20|XS:20|S:10|M:10|L:10|XL:10"
250029,"2022-09-15 08:39:53.45","#OP2090",50.00,68.00,93.00,120.90,"2023-03-11","130110761","PO",4,,,,"","ALMA","OP2090A0",30072,4002,"2023-03-15","2023-04-20","USD",93.00,100,"3XS:20|2XS:20|XS:20|S:10|M:10|L:10|XL:10"
250026,"2022-09-15 08:39:53.45","#OP2091",50.00,68.00,93.00,120.90,"2023-03-11","130110761","PO",4,,,,"","ALMA","OP2091A1",30073,5002,"2023-03-15","2023-04-20","USD",93.00,100,"3XS:20|2XS:20|XS:20|S:10|M:10|L:10|XL:10"
250027,"2022-09-15 08:39:53.45","#OP2092",50.00,68.00,93.00,120.90,"2023-03-11","130110761","PO",4,,,,"","ALMA","OP2092A0",30029,6002,"2023-03-15","2023-04-20","USD",93.00,100,"3XS:20|2XS:20|XS:20|S:10|M:10|L:10|XL:10"
250028,"2022-09-15 08:39:53.45","#OP2093",50.00,68.00,93.00,120.90,"2023-03-11","130110761","PO",4,,,,"","ALMA","OP2093A1",30013,8002,"2023-03-15","2023-04-20","USD",93.00,100,"3XS:20|2XS:20|XS:20|S:10|M:10|L:10|XL:10"
250026,"2022-09-15 08:39:53.45","#OP2094",50.00,68.00,93.00,120.90,"2023-03-11","130110766","PO",4,,,,"","ALMA","OP2094A1",30022,1002,"2023-03-15","2023-04-20","USD",93.00,100,"3XS:20|2XS:20|XS:20|S:10|M:10|L:10|XL:10"
250027,"2022-09-15 08:39:53.45","#OP2095",50.00,68.00,93.00,120.90,"2023-03-11","130110766","PO",4,,,,"","ALMA","OP2095A0",30045,1016,"2023-03-15","2023-04-20","USD",93.00,100,"3XS:20|2XS:20|XS:20|S:10|M:10|L:10|XL:10"
250028,"2022-09-15 08:39:53.45","#OP2096",50.00,68.00,93.00,120.90,"2023-03-11","130110766","PO",4,,,,"","ALMA","OP2096A1",30046,3002,"2023-03-15","2023-04-20","USD",93.00,100,"3XS:20|2XS:20|XS:20|S:10|M:10|L:10|XL:10"
250029,"2022-09-15 08:39:53.45","#OP2097",50.00,68.00,93.00,120.90,"2023-03-11","130110766","PO",4,,,,"","ALMA","OP2097A0",30047,4002,"2023-03-15","2023-04-20","USD",93.00,100,"3XS:20|2XS:20|XS:20|S:10|M:10|L:10|XL:10"
250026,"2022-09-15 08:39:53.45","#OP2098",50.00,68.00,93.00,120.90,"2023-03-11","130110766","PO",4,,,,"","ALMA","OP2098A1",30065,5002,"2023-03-15","2023-04-20","USD",93.00,100,"3XS:20|2XS:20|XS:20|S:10|M:10|L:10|XL:10"
250027,"2022-09-15 08:39:53.45","#OP2099",50.00,68.00,93.00,120.90,"2023-03-11","130110766","PO",4,,,,"","ALMA","OP2099A0",30074,6002,"2023-03-15","2023-04-20","USD",93.00,100,"3XS:20|2XS:20|XS:20|S:10|M:10|L:10|XL:10"
250028,"2022-09-15 08:39:53.45","#OP2100",50.00,68.00,93.00,120.90,"2023-03-11","130110766","PO",4,,,,"","ALMA","OP2100A1",30075,8002,"2023-03-15","2023-04-20","USD",93.00,100,"3XS:20|2XS:20|XS:20|S:10|M:10|L:10|XL:10"
250026,"2022-09-15 08:39:53.45","#OP2101",50.00,68.00,93.00,120.90,"2023-03-11","130110795","PO",4,,,,"","ALMA","OP2101A1",30025,1002,"2023-03-15","2023-04-20","USD",93.00,100,"3XS:20|2XS:20|XS:20|S:10|M:10|L:10|XL:10"
250027,"2022-09-15 08:39:53.45","#OP2102",50.00,68.00,93.00,120.90,"2023-03-11","130110795","PO",4,,,,"","ALMA","OP2102A0",30026,1016,"2023-03-15","2023-04-20","USD",93.00,100,"3XS:20|2XS:20|XS:20|S:10|M:10|L:10|XL:10"
250028,"2022-09-15 08:39:53.45","#OP2103",50.00,68.00,93.00,120.90,"2023-03-11","130110795","PO",4,,,,"","ALMA","OP2103A1",30027,3002,"2023-03-15","2023-04-20","USD",93.00,100,"3XS:20|2XS:20|XS:20|S:10|M:10|L:10|XL:10"
250029,"2022-09-15 08:39:53.45","#OP2104",50.00,68.00,93.00,120.90,"2023-03-11","130110795","PO",4,,,,"","ALMA","OP2104A0",30066,4002,"2023-03-15","2023-04-20","USD",93.00,100,"3XS:20|2XS:20|XS:20|S:10|M:10|L:10|XL:10"
250026,"2022-09-15 08:39:53.45","#OP2105",50.00,68.00,93.00,120.90,"2023-03-11","130110795","PO",4,,,,"","ALMA","OP2105A1",30067,5002,"2023-03-15","2023-04-20","USD",93.00,100,"3XS:20|2XS:20|XS:20|S:10|M:10|L:10|XL:10"
250027,"2022-09-15 08:39:53.45","#OP2106",50.00,68.00,93.00,120.90,"2023-03-11","130110795","PO",4,,,,"","ALMA","OP2106A0",30068,6002,"2023-03-15","2023-04-20","USD",93.00,100,"3XS:20|2XS:20|XS:20|S:10|M:10|L:10|XL:10"
250028,"2022-09-15 08:39:53.45","#OP2107",50.00,68.00,93.00,120.90,"2023-03-11","130110795","PO",4,,,,"","ALMA","OP2107A1",30069,8002,"2023-03-15","2023-04-20","USD",93.00,100,"3XS:20|2XS:20|XS:20|S:10|M:10|L:10|XL:10"
250026,"2022-09-15 08:39:53.45","#OP2108",50.00,68.00,93.00,120.90,"2023-03-11","130110800","PO",4,,,,"","ALMA","OP2108A1",30070,1002,"2023-03-15","2023-04-20","USD",93.00,100,"3XS:20|2XS:20|XS:20|S:10|M:10|L:10|XL:10"
250027,"2022-09-15 08:39:53.45","#OP2109",50.00,68.00,93.00,120.90,"2023-03-11","130110800","PO",4,,,,"","ALMA","OP2109A0",30071,1016,"2023-03-15","2023-04-20","USD",93.00,100,"3XS:20|2XS:20|XS:20|S:10|M:10|L:10|XL:10"
250028,"2022-09-15 08:39:53.45","#OP2110",50.00,68.00,93.00,120.90,"2023-03-11","130110800","PO",4,,,,"","ALMA","OP2110A1",30072,3002,"2023-03-15","2023-04-20","USD",93.00,100,"3XS:20|2XS:20|XS:20|S:10|M:10|L:10|XL:10"
250029,"2022-09-15 08:39:53.45","#OP2111",50.00,68.00,93.00,120.90,"2023-03-11","130110800","PO",4,,,,"","ALMA","OP2111A0",30073,4002,"2023-03-15","2023-04-20","USD",93.00,100,"3XS:20|2XS:20|XS:20|S:10|M:10|L:10|XL:10"
250026,"2022-09-15 08:39:53.45","#OP2112",50.00,68.00,93.00,120.90,"2023-03-11","130110800","PO",4,,,,"","ALMA","OP2112A1",30029,5002,"2023-03-15","2023-04-20","USD",93.00,100,"3XS:20|2XS:20|XS:20|S:10|M:10|L:10|XL:10"
250027,"2022-09-15 08:39:53.45","#OP2113",50.00,68.00,93.00,120.90,"2023-03-11","130110800","PO",4,,,,"","ALMA","OP2113A0",30013,6002,"2023-03-15","2023-04-20","USD",93.00,100,"3XS:20|2XS:20|XS:20|S:10|M:10|L:10|XL:10"
250028,"2022-09-15 08:39:53.45","#OP2114",50.00,68.00,93.00,120.90,"2023-03-11","130110800","PO",4,,,,"","ALMA","OP2114A1",30022,8002,"2023-03-15","2023-04-20","USD",93.00,100,"3XS:20|2XS:20|XS:20|S:10|M:10|L:10|XL:10"
250026,"2022-09-15 08:39:53.45","#OP2115",50.00,68.00,93.00,120.90,"2023-03-11","130110804","PO",4,,,,"","ALMA","OP2115A1",30045,1002,"2023-03-15","2023-04-20","USD",93.00,100,"3XS:20|2XS:20|XS:20|S:10|M:10|L:10|XL:10"
250027,"2022-09-15 08:39:53.45","#OP2116",50.00,68.00,93.00,120.90,"2023-03-11","130110804","PO",4,,,,"","ALMA","OP2116A0",30046,1016,"2023-03-15","2023-04-20","USD",93.00,100,"3XS:20|2XS:20|XS:20|S:10|M:10|L:10|XL:10"
250028,"2022-09-15 08:39:53.45","#OP2117",50.00,68.00,93.00,120.90,"2023-03-11","130110804","PO",4,,,,"","ALMA","OP2117A1",30047,3002,"2023-03-15","2023-04-20","USD",93.00,100,"3XS:20|2XS:20|XS:20|S:10|M:10|L:10|XL:10"
250029,"2022-09-15 08:39:53.45","#OP2118",50.00,68.00,93.00,120.90,"2023-03-11","130110804","PO",4,,,,"","ALMA","OP2118A0",30065,4002,"2023-03-15","2023-04-20","USD",93.00,100,"3XS:20|2XS:20|XS:20|S:10|M:10|L:10|XL:10"
250026,"2022-09-15 08:39:53.45","#OP2119",50.00,68.00,93.00,120.90,"2023-03-11","130110804","PO",4,,,,"","ALMA","OP2119A1",30074,5002,"2023-03-15","2023-04-20","USD",93.00,100,"3XS:20|2XS:20|XS:20|S:10|M:10|L:10|XL:10"
250027,"2022-09-15 08:39:53.45","#OP2120",50.00,68.00,93.00,120.90,"2023-03-11","130110804","PO",4,,,,"","ALMA","OP2120A0",30075,6002,"2023-03-15","2023-04-20","USD",93.00,100,"3XS:20|2XS:20|XS:20|S:10|M:10|L:10|XL:10"
250028,"2022-09-15 08:39:53.45","#OP2121",50.00,68.00,93.00,120.90,"2023-03-11","130110804","PO",4,,,,"","ALMA","OP2121A1",30025,8002,"2023-03-15","2023-04-20","USD",93.00,100,"3XS:20|2XS:20|XS:20|S:10|M:10|L:10|XL:10"
250026,"2022-09-15 08:39:53.45","#OP2122",50.00,68.00,93.00,120.90,"2023-03-11","130110821","PO",4,,,,"","ALMA","OP2122A1",30026,1002,"2023-03-15","2023-04-20","USD",93.00,100,"3XS:20|2XS:20|XS:20|S:10|M:10|L:10|XL:10"
250027,"2022-09-15 08:39:53.45","#OP2123",50.00,68.00,93.00,120.90,"2023-03-11","130110821","PO",4,,,,"","ALMA","OP2123A0",30027,1016,"2023-03-15","2023-04-20","USD",93.00,100,"3XS:20|2XS:20|XS:20|S:10|M:10|L:10|XL:10"
250028,"2022-09-15 08:39:53.45","#OP2124",50.00,68.00,93.00,120.90,"2023-03-11","130110821","PO",4,,,,"","ALMA","OP2124A1",30066,3002,"2023-03-15","2023-04-20","USD",93.00,100,"3XS:20|2XS:20|XS:20|S:10|M:10|L:10|XL:10"
250029,"2022-09-15 08:39:53.45","#OP2125",50.00,68.00,93.00,120.90,"2023-03-11","130110821","PO",4,,,,"","ALMA","OP2125A0",30067,4002,"2023-03-15","2023-04-20","USD",93.00,100,"3XS:20|2XS:20|XS:20|S:10|M:10|L:10|XL:10"
250026,"2022-09-15 08:39:53.45","#OP2126",50.00,68.00,93.00,120.90,"2023-03-11","130110821","PO",4,,,,"","ALMA","OP2126A1",30068,5002,"2023-03-15","2023-04-20","USD",93.00,100,"3XS:20|2XS:20|XS:20|S:10|M:10|L:10|XL:10"
250027,"2022-09-15 08:39:53.45","#OP2127",50.00,68.00,93.00,120.90,"2023-03-11","130110821","PO",4,,,,"","ALMA","OP2127A0",30069,6002,"2023-03-15","2023-04-20","USD",93.00,100,"3XS:20|2XS:20|XS:20|S:10|M:10|L:10|XL:10"
250028,"2022-09-15 08:39:53.45","#OP2128",50.00,68.00,93.00,120.90,"2023-03-11","130110821","PO",4,,,,"","ALMA","OP2128A1",30070,8002,"2023-03-15","2023-04-20","USD",93.00,100,"3XS:20|2XS:20|XS:20|S:10|M:10|L:10|XL:10"
250026,"2022-09-15 08:39:53.45","#OP2129",50.00,68.00,93.00,120.90,"2023-03-11","130110837","PO",4,,,,"","ALMA","OP2129A1",30071,1002,"2023-03-15","2023-04-20","USD",93.00,100,"3XS:20|2XS:20|XS:20|S:10|M:10|L:10|XL:10"
250027,"2022-09-15 08:39:53.45","#OP2130",50.00,68.00,93.00,120.90,"2023-03-11","130110837","PO",4,,,,"","ALMA","OP2130A0",30072,1016,"2023-03-15","2023-04-20","USD",93.00,100,"3XS:20|2XS:20|XS:20|S:10|M:10|L:10|XL:10"
250028,"2022-09-15 08:39:53.45","#OP2131",50.00,68.00,93.00,120.90,"2023-03-11","130110837","PO",4,,,,"","ALMA","OP2131A1",30073,3002,"2023-03-15","2023-04-20","USD",93.00,100,"3XS:20|2XS:20|XS:20|S:10|M:10|L:10|XL:10"
250029,"2022-09-15 08:39:53.45","#OP2132",50.00,68.00,93.00,120.90,"2023-03-11","130110837","PO",4,,,,"","ALMA","OP2132A0",30029,4002,"2023-03-15","2023-04-20","USD",93.00,100,"3XS:20|2XS:20|XS:20|S:10|M:10|L:10|XL:10"
250026,"2022-09-15 08:39:53.45","#OP2133",50.00,68.00,93.00,120.90,"2023-03-11","130110837","PO",4,,,,"","ALMA","OP2133A1",30013,5002,"2023-03-15","2023-04-20","USD",93.00,100,"3XS:20|2XS:20|XS:20|S:10|M:10|L:10|XL:10"
250027,"2022-09-15 08:39:53.45","#OP2134",50.00,68.00,93.00,120.90,"2023-03-11","130110837","PO",4,,,,"","ALMA","OP2134A0",30022,6002,"2023-03-15","2023-04-20","USD",93.00,100,"3XS:20|2XS:20|XS:20|S:10|M:10|L:10|XL:10"
250028,"2022-09-15 08:39:53.45","#OP2135",50.00,68.00,93.00,120.90,"2023-03-11","130110837","PO",4,,,,"","ALMA","OP2135A1",30045,8002,"2023-03-15","2023-04-20","USD",93.00,100,"3XS:20|2XS:20|XS:20|S:10|M:10|L:10|XL:10"
250026,"2022-09-15 08:39:53.45","#OP2136",50.00,68.00,93.00,120.90,"2023-03-11","130110844","PO",4,,,,"","ALMA","OP2136A1",30046,1002,"2023-03-15","2023-04-20","USD",93.00,100,"3XS:20|2XS:20|XS:20|S:10|M:10|L:10|XL:10"
250027,"2022-09-15 08:39:53.45","#OP2137",50.00,68.00,93.00,120.90,"2023-03-11","130110844","PO",4,,,,"","ALMA","OP2137A0",30047,1016,"2023-03-15","2023-04-20","USD",93.00,100,"3XS:20|2XS:20|XS:20|S:10|M:10|L:10|XL:10"
250028,"2022-09-15 08:39:53.45","#OP2138",50.00,68.00,93.00,120.90,"2023-03-11","130110844","PO",4,,,,"","ALMA","OP2138A1",30065,3002,"2023-03-15","2023-04-20","USD",93.00,100,"3XS:20|2XS:20|XS:20|S:10|M:10|L:10|XL:10"
250029,"2022-09-15 08:39:53.45","#OP2139",50.00,68.00,93.00,120.90,"2023-03-11","130110844","PO",4,,,,"","ALMA","OP2139A0",30074,4002,"2023-03-15","2023-04-20","USD",93.00,100,"3XS:20|2XS:20|XS:20|S:10|M:10|L:10|XL:10"
250026,"2022-09-15 08:39:53.45","#OP2140",50.00,68.00,93.00,120.90,"2023-03-11","130110844","PO",4,,,,"","ALMA","OP2140A1",30075,5002,"2023-03-15","2023-04-20","USD",93.00,100,"3XS:20|2XS:20|XS:20|S:10|M:10|L:10|XL:10"
250027,"2022-09-15 08:39:53.45","#OP2141",50.00,68.00,93.00,120.90,"2023-03-11","130110844","PO",4,,,,"","ALMA","OP2141A0",30025,6002,"2023-03-15","2023-04-20","USD",93.00,100,"3XS:20|2XS:20|XS:20|S:10|M:10|L:10|XL:10"
250028,"2022-09-15 08:39:53.45","#OP2142",50.00,68.00,93.00,120.90,"2023-03-11","130110844","PO",4,,,,"","ALMA","OP2142A1",30026,8002,"2023-03-15","2023-04-20","USD",93.00,100,"3XS:20|2XS:20|XS:20|S:10|M:10|L:10|XL:10"
250026,"2022-09-15 08:39:53.45","#OP2143",50.00,68.00,93.00,120.90,"2023-03-11","130110846","PO",4,,,,"","ALMA","OP2143A1",30027,1002,"2023-03-15","2023-04-20","USD",93.00,100,"3XS:20|2XS:20|XS:20|S:10|M:10|L:10|XL:10"
250027,"2022-09-15 08:39:53.45","#OP2144",50.00,68.00,93.00,120.90,"2023-03-11","130110846","PO",4,,,,"","ALMA","OP2144A0",30066,1016,"2023-03-15","2023-04-20","USD",93.00,100,"3XS:20|2XS:20|XS:20|S:10|M:10|L:10|XL:10"
250028,"2022-09-15 08:39:53.45","#OP2145",50.00,68.00,93.00,120.90,"2023-03-11","130110846","PO",4,,,,"","ALMA","OP2145A1",30067,3002,"2023-03-15","2023-04-20","USD",93.00,100,"3XS:20|2XS:20|XS:20|S:10|M:10|L:10|XL:10"
250029,"2022-09-15 08:39:53.45","#OP2146",50.00,68.00,93.00,120.90,"2023-03-11","130110846","PO",4,,,,"","ALMA","OP2146A0",30068,4002,"2023-03-15","2023-04-20","USD",93.00,100,"3XS:20|2XS:20|XS:20|S:10|M:10|L:10|XL:10"
250026,"2022-09-15 08:39:53.45","#OP2147",50.00,68.00,93.00,120.90,"2023-03-11","130110846","PO",4,,,,"","ALMA","OP2147A1",30069,5002,"2023-03-15","2023-04-20","USD",93.00,100,"3XS:20|2XS:20|XS:20|S:10|M:10|L:10|XL:10"
250027,"2022-09-15 08:39:53.45","#OP2148",50.00,68.00,93.00,120.90,"2023-03-11","130110846","PO",4,,,,"","ALMA","OP2148A0",30070,6002,"2023-03-15","2023-04-20","USD",93.00,100,"3XS:20|2XS:20|XS:20|S:10|M:10|L:10|XL:10"
250028,"2022-09-15 08:39:53.45","#OP2149",50.00,68.00,93.00,120.90,"2023-03-11","130110846","PO",4,,,,"","ALMA","OP2149A1",30071,8002,"2023-03-15","2023-04-20","USD",93.00,100,"3XS:20|2XS:20|XS:20|S:10|M:10|L:10|XL:10"
250026,"2022-09-15 08:39:53.45","#OP2150",50.00,68.00,93.00,120.90,"2023-03-11","130110850","PO",4,,,,"","ALMA","OP2150A1",30072,1002,"2023-03-15","2023-04-20","USD",93.00,100,"3XS:20|2XS:20|XS:20|S:10|M:10|L:10|XL:10"
250027,"2022-09-15 08:39:53.45","#OP2151",50.00,68.00,93.00,120.90,"2023-03-11","130110850","PO",4,,,,"","ALMA","OP2151A0",30073,1016,"2023-03-15","2023-04-20","USD",93.00,100,"3XS:20|2XS:20|XS:20|S:10|M:10|L:10|XL:10"
250028,"2022-09-15 08:39:53.45","#OP2152",50.00,68.00,93.00,120.90,"2023-03-11","130110850","PO",4,,,,"","ALMA","OP2152A1",30029,3002,"2023-03-15","2023-04-20","USD",93.00,100,"3XS:20|2XS:20|XS:20|S:10|M:10|L:10|XL:10"
250029,"2022-09-15 08:39:53.45","#OP2153",50.00,68.00,93.00,120.90,"2023-03-11","130110850","PO",4,,,,"","ALMA","OP2153A0",30013,4002,"2023-03-15","2023-04-20","USD",93.00,100,"3XS:20|2XS:20|XS:20|S:10|M:10|L:10|XL:10"
250026,"2022-09-15 08:39:53.45","#OP2154",50.00,68.00,93.00,120.90,"2023-03-11","130110850","PO",4,,,,"","ALMA","OP2154A1",30022,5002,"2023-03-15","2023-04-20","USD",93.00,100,"3XS:20|2XS:20|XS:20|S:10|M:10|L:10|XL:10"
250027,"2022-09-15 08:39:53.45","#OP2155",50.00,68.00,93.00,120.90,"2023-03-11","130110850","PO",4,,,,"","ALMA","OP2155A0",30045,6002,"2023-03-15","2023-04-20","USD",93.00,100,"3XS:20|2XS:20|XS:20|S:10|M:10|L:10|XL:10"
250028,"2022-09-15 08:39:53.45","#OP2156",50.00,68.00,93.00,120.90,"2023-03-11","130110850","PO",4,,,,"","ALMA","OP2156A1",30046,8002,"2023-03-15","2023-04-20","USD",93.00,100,"3XS:20|2XS:20|XS:20|S:10|M:10|L:10|XL:10"
250026,"2022-09-15 08:39:53.45","#OP2157",50.00,68.00,93.00,120.90,"2023-03-11","130110869","PO",4,,,,"","ALMA","OP2157A1",30047,1002,"2023-03-15","2023-04-20","USD",93.00,100,"3XS:20|2XS:20|XS:20|S:10|M:10|L:10|XL:10"
250027,"2022-09-15 08:39:53.45","#OP2158",50.00,68.00,93.00,120.90,"2023-03-11","130110869","PO",4,,,,"","ALMA","OP2158A0",30065,1016,"2023-03-15","2023-04-20","USD",93.00,100,"3XS:20|2XS:20|XS:20|S:10|M:10|L:10|XL:10"
250028,"2022-09-15 08:39:53.45","#OP2159",50.00,68.00,93.00,120.90,"2023-03-11","130110869","PO",4,,,,"","ALMA","OP2159A1",30074,3002,"2023-03-15","2023-04-20","USD",93.00,100,"3XS:20|2XS:20|XS:20|S:10|M:10|L:10|XL:10"
250029,"2022-09-15 08:39:53.45","#OP2160",50.00,68.00,93.00,120.90,"2023-03-11","130110869","PO",4,,,,"","ALMA","OP2160A0",30075,4002,"2023-03-15","2023-04-20","USD",93.00,100,"3XS:20|2XS:20|XS:20|S:10|M:10|L:10|XL:10"
250026,"2022-09-15 08:39:53.45","#OP2161",50.00,68.00,93.00,120.90,"2023-03-11","130110869","PO",4,,,,"","ALMA","OP2161A1",30025,5002,"2023-03-15","2023-04-20","USD",93.00,100,"3XS:20|2XS:20|XS:20|S:10|M:10|L:10|XL:10"
250027,"2022-09-15 08:39:53.45","#OP2162",50.00,68.00,93.00,120.90,"2023-03-11","130110869","PO",4,,,,"","ALMA","OP2162A0",30026,6002,"2023-03-15","2023-04-20","USD",93.00,100,"3XS:20|2XS:20|XS:20|S:10|M:10|L:10|XL:10"
250028,"2022-09-15 08:39:53.45","#OP2163",50.00,68.00,93.00,120.90,"2023-03-11","130110869","PO",4,,,,"","ALMA","OP2163A1",30027,8002,"2023-03-15","2023-04-20","USD",93.00,100,"3XS:20|2XS:20|XS:20|S:10|M:10|L:10|XL:10"
250026,"2022-09-15 08:39:53.45","#OP2164",50.00,68.00,93.00,120.90,"2023-03-11","130110876","PO",4,,,,"","ALMA","OP2164A1",30066,1002,"2023-03-15","2023-04-20","USD",93.00,100,"3XS:20|2XS:20|XS:20|S:10|M:10|L:10|XL:10"
250027,"2022-09-15 08:39:53.45","#OP2165",50.00,68.00,93.00,120.90,"2023-03-11","130110876","PO",4,,,,"","ALMA","OP2165A0",30067,1016,"2023-03-15","2023-04-20","USD",93.00,100,"3XS:20|2XS:20|XS:20|S:10|M:10|L:10|XL:10"
250028,"2022-09-15 08:39:53.45","#OP2166",50.00,68.00,93.00,120.90,"2023-03-11","130110876","PO",4,,,,"","ALMA","OP2166A1",30068,3002,"2023-03-15","2023-04-20","USD",93.00,100,"3XS:20|2XS:20|XS:20|S:10|M:10|L:10|XL:10"
250029,"2022-09-15 08:39:53.45","#OP2167",50.00,68.00,93.00,120.90,"2023-03-11","130110876","PO",4,,,,"","ALMA","OP2167A0",30069,4002,"2023-03-15","2023-04-20","USD",93.00,100,"3XS:20|2XS:20|XS:20|S:10|M:10|L:10|XL:10"
250026,"2022-09-15 08:39:53.45","#OP2168",50.00,68.00,93.00,120.90,"2023-03-11","130110876","PO",4,,,,"","ALMA","OP2168A1",30070,5002,"2023-03-15","2023-04-20","USD",93.00,100,"3XS:20|2XS:20|XS:20|S:10|M:10|L:10|XL:10"
250027,"2022-09-15 08:39:53.45","#OP2169",50.00,68.00,93.00,120.90,"2023-03-11","130110876","PO",4,,,,"","ALMA","OP2169A0",30071,6002,"2023-03-15","2023-04-20","USD",93.00,100,"3XS:20|2XS:20|XS:20|S:10|M:10|L:10|XL:10"
250028,"2022-09-15 08:39:53.45","#OP2170",50.00,68.00,93.00,120.90,"2023-03-11","130110876","PO",4,,,,"","ALMA","OP2170A1",30072,8002,"2023-03-15","2023-04-20","USD",93.00,100,"3XS:20|2XS:20|XS:20|S:10|M:10|L:10|XL:10"
250026,"2022-09-15 08:39:53.45","#OP2171",50.00,68.00,93.00,120.90,"2023-03-11","130110896","PO",4,,,,"","ALMA","OP2171A1",30073,1002,"2023-03-15","2023-04-20","USD",93.00,100,"3XS:20|2XS:20|XS:20|S:10|M:10|L:10|XL:10"
250027,"2022-09-15 08:39:53.45","#OP2172",50.00,68.00,93.00,120.90,"2023-03-11","130110896","PO",4,,,,"","ALMA","OP2172A0",30029,1016,"2023-03-15","2023-04-20","USD",93.00,100,"3XS:20|2XS:20|XS:20|S:10|M:10|L:10|XL:10"
250028,"2022-09-15 08:39:53.45","#OP2173",50.00,68.00,93.00,120.90,"2023-03-11","130110896","PO",4,,,,"","ALMA","OP2173A1",30013,3002,"2023-03-15","2023-04-20","USD",93.00,100,"3XS:20|2XS:20|XS:20|S:10|M:10|L:10|XL:10"
250029,"2022-09-15 08:39:53.45","#OP2174",50.00,68.00,93.00,120.90,"2023-03-11","130110896","PO",4,,,,"","ALMA","OP2174A0",30022,4002,"2023-03-15","2023-04-20","USD",93.00,100,"3XS:20|2XS:20|XS:20|S:10|M:10|L:10|XL:10"
250026,"2022-09-15 08:39:53.45","#OP2175",50.00,68.00,93.00,120.90,"2023-03-11","130110896","PO",4,,,,"","ALMA","OP2175A1",30045,5002,"2023-03-15","2023-04-20","USD",93.00,100,"3XS:20|2XS:20|XS:20|S:10|M:10|L:10|XL:10"
250027,"2022-09-15 08:39:53.45","#OP2176",50.00,68.00,93.00,120.90,"2023-03-11","130110896","PO",4,,,,"","ALMA","OP2176A0",30046,6002,"2023-03-15","2023-04-20","USD",93.00,100,"3XS:20|2XS:20|XS:20|S:10|M:10|L:10|XL:10"
250028,"2022-09-15 08:39:53.45","#OP2177",50.00,68.00,93.00,120.90,"2023-03-11","130110896","PO",4,,,,"","ALMA","OP2177A1",30047,8002,"2023-03-15","2023-04-20","USD",93.00,100,"3XS:20|2XS:20|XS:20|S:10|M:10|L:10|XL:10"
250026,"2022-09-15 08:39:53.45","#OP2178",50.00,68.00,93.00,120.90,"2023-03-11","130110902","PO",4,,,,"","ALMA","OP2178A1",30065,1002,"2023-03-15","2023-04-20","USD",93.00,100,"3XS:20|2XS:20|XS:20|S:10|M:10|L:10|XL:10"
250027,"2022-09-15 08:39:53.45","#OP2179",50.00,68.00,93.00,120.90,"2023-03-11","130110902","PO",4,,,,"","ALMA","OP2179A0",30074,1016,"2023-03-15","2023-04-20","USD",93.00,100,"3XS:20|2XS:20|XS:20|S:10|M:10|L:10|XL:10"
250028,"2022-09-15 08:39:53.45","#OP2180",50.00,68.00,93.00,120.90,"2023-03-11","130110902","PO",4,,,,"","ALMA","OP2180A1",30075,3002,"2023-03-15","2023-04-20","USD",93.00,100,"3XS:20|2XS:20|XS:20|S:10|M:10|L:10|XL:10"
250029,"2022-09-15 08:39:53.45","#OP2181",50.00,68.00,93.00,120.90,"2023-03-11","130110902","PO",4,,,,"","ALMA","OP2181A0",30025,4002,"2023-03-15","2023-04-20","USD",93.00,100,"3XS:20|2XS:20|XS:20|S:10|M:10|L:10|XL:10"
250026,"2022-09-15 08:39:53.45","#OP2182",50.00,68.00,93.00,120.90,"2023-03-11","130110902","PO",4,,,,"","ALMA","OP2182A1",30026,5002,"2023-03-15","2023-04-20","USD",93.00,100,"3XS:20|2XS:20|XS:20|S:10|M:10|L:10|XL:10"
250027,"2022-09-15 08:39:53.45","#OP2183",50.00,68.00,93.00,120.90,"2023-03-11","130110902","PO",4,,,,"","ALMA","OP2183A0",30027,6002,"2023-03-15","2023-04-20","USD",93.00,100,"3XS:20|2XS:20|XS:20|S:10|M:10|L:10|XL:10"
250028,"2022-09-15 08:39:53.45","#OP2184",50.00,68.00,93.00,120.90,"2023-03-11","130110902","PO",4,,,,"","ALMA","OP2184A1",30066,8002,"2023-03-15","2023-04-20","USD",93.00,100,"3XS:20|2XS:20|XS:20|S:10|M:10|L:10|XL:10"
250026,"2022-09-15 08:39:53.45","#OP2185",50.00,68.00,93.00,120.90,"2023-03-11","130110918","PO",4,,,,"","ALMA","OP2185A1",30067,1002,"2023-03-15","2023-04-20","USD",93.00,100,"3XS:20|2XS:20|XS:20|S:10|M:10|L:10|XL:10"
250027,"2022-09-15 08:39:53.45","#OP2186",50.00,68.00,93.00,120.90,"2023-03-11","130110918","PO",4,,,,"","ALMA","OP2186A0",30068,1016,"2023-03-15","2023-04-20","USD",93.00,100,"3XS:20|2XS:20|XS:20|S:10|M:10|L:10|XL:10"
250028,"2022-09-15 08:39:53.45","#OP2187",50.00,68.00,93.00,120.90,"2023-03-11","130110918","PO",4,,,,"","ALMA","OP2187A1",30069,3002,"2023-03-15","2023-04-20","USD",93.00,100,"3XS:20|2XS:20|XS:20|S:10|M:10|L:10|XL:10"
250029,"2022-09-15 08:39:53.45","#OP2188",50.00,68.00,93.00,120.90,"2023-03-11","130110918","PO",4,,,,"","ALMA","OP2188A0",30070,4002,"2023-03-15","2023-04-20","USD",93.00,100,"3XS:20|2XS:20|XS:20|S:10|M:10|L:10|XL:10"
250026,"2022-09-15 08:39:53.45","#OP2189",50.00,68.00,93.00,120.90,"2023-03-11","130110918","PO",4,,,,"","ALMA","OP2189A1",30071,5002,"2023-03-15","2023-04-20","USD",93.00,100,"3XS:20|2XS:20|XS:20|S:10|M:10|L:10|XL:10"
250027,"2022-09-15 08:39:53.45","#OP2190",50.00,68.00,93.00,120.90,"2023-03-11","130110918","PO",4,,,,"","ALMA","OP2190A0",30072,6002,"2023-03-15","2023-04-20","USD",93.00,100,"3XS:20|2XS:20|XS:20|S:10|M:10|L:10|XL:10"
250028,"2022-09-15 08:39:53.45","#OP2191",50.00,68.00,93.00,120.90,"2023-03-11","130110918","PO",4,,,,"","ALMA","OP2191A1",30073,8002,"2023-03-15","2023-04-20","USD",93.00,100,"3XS:20|2XS:20|XS:20|S:10|M:10|L:10|XL:10"
250026,"2022-09-15 08:39:53.45","#OP2192",50.00,68.00,93.00,120.90,"2023-03-11","130110926","PO",4,,,,"","ALMA","OP2192A1",30029,1002,"2023-03-15","2023-04-20","USD",93.00,100,"3XS:20|2XS:20|XS:20|S:10|M:10|L:10|XL:10"
250027,"2022-09-15 08:39:53.45","#OP2193",50.00,68.00,93.00,120.90,"2023-03-11","130110926","PO",4,,,,"","ALMA","OP2193A0",30013,1016,"2023-03-15","2023-04-20","USD",93.00,100,"3XS:20|2XS:20|XS:20|S:10|M:10|L:10|XL:10"
250028,"2022-09-15 08:39:53.45","#OP2194",50.00,68.00,93.00,120.90,"2023-03-11","130110926","PO",4,,,,"","ALMA","OP2194A1",30022,3002,"2023-03-15","2023-04-20","USD",93.00,100,"3XS:20|2XS:20|XS:20|S:10|M:10|L:10|XL:10"
250029,"2022-09-15 08:39:53.45","#OP2195",50.00,68.00,93.00,120.90,"2023-03-11","130110926","PO",4,,,,"","ALMA","OP2195A0",30045,4002,"2023-03-15","2023-04-20","USD",93.00,100,"3XS:20|2XS:20|XS:20|S:10|M:10|L:10|XL:10"
250026,"2022-09-15 08:39:53.45","#OP2196",50.00,68.00,93.00,120.90,"2023-03-11","130110926","PO",4,,,,"","ALMA","OP2196A1",30046,5002,"2023-03-15","2023-04-20","USD",93.00,100,"3XS:20|2XS:20|XS:20|S:10|M:10|L:10|XL:10"
250027,"2022-09-15 08:39:53.45","#OP2197",50.00,68.00,93.00,120.90,"2023-03-11","130110926","PO",4,,,,"","ALMA","OP2197A0",30047,6002,"2023-03-15","2023-04-20","USD",93.00,100,"3XS:20|2XS:20|XS:20|S:10|M:10|L:10|XL:10"
250028,"2022-09-15 08:39:53.45","#OP2198",50.00,68.00,93.00,120.90,"2023-03-11","130110926","PO",4,,,,"","ALMA","OP2198A1",30065,8002,"2023-03-15","2023-04-20","USD",93.00,100,"3XS:20|2XS:20|XS:20|S:10|M:10|L:10|XL:10"
250026,"2022-09-15 08:39:53.45","#OP2199",50.00,68.00,93.00,120.90,"2023-03-11","130110943","PO",4,,,,"","ALMA","OP2199A1",30074,1002,"2023-03-15","2023-04-20","USD",93.00,100,"3XS:20|2XS:20|XS:20|S:10|M:10|L:10|XL:10"
250027,"2022-09-15 08:39:53.45","#OP2200",50.00,68.00,93.00,120.90,"2023-03-11","130110943","PO",4,,,,"","ALMA","OP2200A0",30075,1016,"2023-03-15","2023-04-20","USD",93.00,100,"3XS:20|2XS:20|XS:20|S:10|M:10|L:10|XL:10"
250028,"2022-09-15 08:39:53.45","#OP2201",50.00,68.00,93.00,120.90,"2023-03-11","130110943","PO",4,,,,"","ALMA","OP2201A1",30025,3002,"2023-03-15","2023-04-20","USD",93.00,100,"3XS:20|2XS:20|XS:20|S:10|M:10|L:10|XL:10"
250029,"2022-09-15 08:39:53.45","#OP2202",50.00,68.00,93.00,120.90,"2023-03-11","130110943","PO",4,,,,"","ALMA","OP2202A0",30026,4002,"2023-03-15","2023-04-20","USD",93.00,100,"3XS:20|2XS:20|XS:20|S:10|M:10|L:10|XL:10"
250026,"2022-09-15 08:39:53.45","#OP2203",50.00,68.00,93.00,120.90,"2023-03-11","130110943","PO",4,,,,"","ALMA","OP2203A1",30027,5002,"2023-03-15","2023-04-20","USD",93.00,100,"3XS:20|2XS:20|XS:20|S:10|M:10|L:10|XL:10"
250027,"2022-09-15 08:39:53.45","#OP2204",50.00,68.00,93.00,120.90,"2023-03-11","130110943","PO",4,,,,"","ALMA","OP2204A0",30066,6002,"2023-03-15","2023-04-20","USD",93.00,100,"3XS:20|2XS:20|XS:20|S:10|M:10|L:10|XL:10"
250028,"2022-09-15 08:39:53.45","#OP2205",50.00,68.00,93.00,120.90,"2023-03-11","130110943","PO",4,,,,"","ALMA","OP2205A1",30067,8002,"2023-03-15","2023-04-20","USD",93.00,100,"3XS:20|2XS:20|XS:20|S:10|M:10|L:10|XL:10"
250026,"2022-09-15 08:39:53.45","#OP2206",50.00,68.00,93.00,120.90,"2023-03-11","130110944","PO",4,,,,"","ALMA","OP2206A1",30068,1002,"2023-03-15","2023-04-20","USD",93.00,100,"3XS:20|2XS:20|XS:20|S:10|M:10|L:10|XL:10"
250027,"2022-09-15 08:39:53.45","#OP2207",50.00,68.00,93.00,120.90,"2023-03-11","130110944","PO",4,,,,"","ALMA","OP2207A0",30069,1016,"2023-03-15","2023-04-20","USD",93.00,100,"3XS:20|2XS:20|XS:20|S:10|M:10|L:10|XL:10"
250028,"2022-09-15 08:39:53.45","#OP2208",50.00,68.00,93.00,120.90,"2023-03-11","130110944","PO",4,,,,"","ALMA","OP2208A1",30070,3002,"2023-03-15","2023-04-20","USD",93.00,100,"3XS:20|2XS:20|XS:20|S:10|M:10|L:10|XL:10"
250029,"2022-09-15 08:39:53.45","#OP2209",50.00,68.00,93.00,120.90,"2023-03-11","130110944","PO",4,,,,"","ALMA","OP2209A0",30071,4002,"2023-03-15","2023-04-20","USD",93.00,100,"3XS:20|2XS:20|XS:20|S:10|M:10|L:10|XL:10"
250026,"2022-09-15 08:39:53.45","#OP2210",50.00,68.00,93.00,120.90,"2023-03-11","130110944","PO",4,,,,"","ALMA","OP2210A1",30072,5002,"2023-03-15","2023-04-20","USD",93.00,100,"3XS:20|2XS:20|XS:20|S:10|M:10|L:10|XL:10"
250027,"2022-09-15 08:39:53.45","#OP2211",50.00,68.00,93.00,120.90,"2023-03-11","130110944","PO",4,,,,"","ALMA","OP2211A0",30073,6002,"2023-03-15","2023-04-20","USD",93.00,100,"3XS:20|2XS:20|XS:20|S:10|M:10|L:10|XL:10"
250028,"2022-09-15 08:39:53.45","#OP2212",50.00,68.00,93.00,120.90,"2023-03-11","130110944","PO",4,,,,"","ALMA","OP2212A1",30029,8002,"2023-03-15","2023-04-20","USD",93.00,100,"3XS:20|2XS:20|XS:20|S:10|M:10|L:10|XL:10"
250026,"2022-09-15 08:39:53.45","#OP2213",50.00,68.00,93.00,120.90,"2023-03-11","130110955","PO",4,,,,"","ALMA","OP2213A1",30013,1002,"2023-03-15","2023-04-20","USD",93.00,100,"3XS:20|2XS:20|XS:20|S:10|M:10|L:10|XL:10"
250027,"2022-09-15 08:39:53.45","#OP2214",50.00,68.00,93.00,120.90,"2023-03-11","130110955","PO",4,,,,"","ALMA","OP2214A0",30022,1016,"2023-03-15","2023-04-20","USD",93.00,100,"3XS:20|2XS:20|XS:20|S:10|M:10|L:10|XL:10"
250028,"2022-09-15 08:39:53.45","#OP2215",50.00,68.00,93.00,120.90,"2023-03-11","130110955","PO",4,,,,"","ALMA","OP2215A1",30045,3002,"2023-03-15","2023-04-20","USD",93.00,100,"3XS:20|2XS:20|XS:20|S:10|M:10|L:10|XL:10"
250029,"2022-09-15 08:39:53.45","#OP2216",50.00,68.00,93.00,120.90,"2023-03-11","130110955","PO",4,,,,"","ALMA","OP2216A0",30046,4002,"2023-03-15","2023-04-20","USD",93.00,100,"3XS:20|2XS:20|XS:20|S:10|M:10|L:10|XL:10"
250026,"2022-09-15 08:39:53.45","#OP2217",50.00,68.00,93.00,120.90,"2023-03-11","130110955","PO",4,,,,"","ALMA","OP2217A1",30047,5002,"2023-03-15","2023-04-20","USD",93.00,100,"3XS:20|2XS:20|XS:20|S:10|M:10|L:10|XL:10"
250027,"2022-09-15 08:39:53.45","#OP2218",50.00,68.00,93.00,120.90,"2023-03-11","130110955","PO",4,,,,"","ALMA","OP2218A0",30065,6002,"2023-03-15","2023-04-20","USD",93.00,100,"3XS:20|2XS:20|XS:20|S:10|M:10|L:10|XL:10"
250028,"2022-09-15 08:39:53.45","#OP2219",50.00,68.00,93.00,120.90,"2023-03-11","130110955","PO",4,,,,"","ALMA","OP2219A1",30074,8002,"2023-03-15","2023-04-20","USD",93.00,100,"3XS:20|2XS:20|XS:20|S:10|M:10|L:10|XL:10"
250026,"2022-09-15 08:39:53.45","#OP2220",50.00,68.00,93.00,120.90,"2023-03-11","130110962","PO",4,,,,"","ALMA","OP2220A1",30075,1002,"2023-03-15","2023-04-20","USD",93.00,100,"3XS:20|2XS:20|XS:20|S:10|M:10|L:10|XL:10"
250027,"2022-09-15 08:39:53.45","#OP2221",50.00,68.00,93.00,120.90,"2023-03-11","130110962","PO",4,,,,"","ALMA","OP2221A0",30025,1016,"2023-03-15","2023-04-20","USD",93.00,100,"3XS:20|2XS:20|XS:20|S:10|M:10|L:10|XL:10"
250028,"2022-09-15 08:39:53.45","#OP2222",50.00,68.00,93.00,120.90,"2023-03-11","130110962","PO",4,,,,"","ALMA","OP2222A1",30026,3002,"2023-03-15","2023-04-20","USD",93.00,100,"3XS:20|2XS:20|XS:20|S:10|M:10|L:10|XL:10"
250029,"2022-09-15 08:39:53.45","#OP2223",50.00,68.00,93.00,120.90,"2023-03-11","130110962","PO",4,,,,"","ALMA","OP2223A0",30027,4002,"2023-03-15","2023-04-20","USD",93.00,100,"3XS:20|2XS:20|XS:20|S:10|M:10|L:10|XL:10"
250026,"2022-09-15 08:39:53.45","#OP2224",50.00,68.00,93.00,120.90,"2023-03-11","130110962","PO",4,,,,"","ALMA","OP2224A1",30066,5002,"2023-03-15","2023-04-20","USD",93.00,100,"3XS:20|2XS:20|XS:20|S:10|M:10|L:10|XL:10"
250027,"2022-09-15 08:39:53.45","#OP2225",50.00,68.00,93.00,120.90,"2023-03-11","130110962","PO",4,,,,"","ALMA","OP2225A0",30067,6002,"2023-03-15","2023-04-20","USD",93.00,100,"3XS:20|2XS:20|XS:20|S:10|M:10|L:10|XL:10"
250028,"2022-09-15 08:39:53.45","#OP2226",50.00,68.00,93.00,120.90,"2023-03-11","130110962","PO",4,,,,"","ALMA","OP2226A1",30068,8002,"2023-03-15","2023-04-20","USD",93.00,100,"3XS:20|2XS:20|XS:20|S:10|M:10|L:10|XL:10"
250026,"2022-09-15 08:39:53.45","#OP2227",50.00,68.00,93.00,120.90,"2023-03-11","130110965","PO",4,,,,"","ALMA","OP2227A1",30069,1002,"2023-03-15","2023-04-20","USD",93.00,100,"3XS:20|2XS:20|XS:20|S:10|M:10|L:10|XL:10"
250027,"2022-09-15 08:39:53.45","#OP2228",50.00,68.00,93.00,120.90,"2023-03-11","130110965","PO",4,,,,"","ALMA","OP2228A0",30070,1016,"2023-03-15","2023-04-20","USD",93.00,100,"3XS:20|2XS:20|XS:20|S:10|M:10|L:10|XL:10"
250028,"2022-09-15 08:39:53.45","#OP2229",50.00,68.00,93.00,120.90,"2023-03-11","130110965","PO",4,,,,"","ALMA","OP2229A1",30071,3002,"2023-03-15","2023-04-20","USD",93.00,100,"3XS:20|2XS:20|XS:20|S:10|M:10|L:10|XL:10"
250029,"2022-09-15 08:39:53.45","#OP2230",50.00,68.00,93.00,120.90,"2023-03-11","130110965","PO",4,,,,"","ALMA","OP2230A0",30072,4002,"2023-03-15","2023-04-20","USD",93.00,100,"3XS:20|2XS:20|XS:20|S:10|M:10|L:10|XL:10"
250026,"2022-09-15 08:39:53.45","#OP2231",50.00,68.00,93.00,120.90,"2023-03-11","130110965","PO",4,,,,"","ALMA","OP2231A1",30073,5002,"2023-03-15","2023-04-20","USD",93.00,100,"3XS:20|2XS:20|XS:20|S:10|M:10|L:10|XL:10"
250027,"2022-09-15 08:39:53.45","#OP2232",50.00,68.00,93.00,120.90,"2023-03-11","130110965","PO",4,,,,"","ALMA","OP2232A0",30029,6002,"2023-03-15","2023-04-20","USD",93.00,100,"3XS:20|2XS:20|XS:20|S:10|M:10|L:10|XL:10"
250028,"2022-09-15 08:39:53.45","#OP2233",50.00,68.00,93.00,120.90,"2023-03-11","130110965","PO",4,,,,"","ALMA","OP2233A1",30013,8002,"2023-03-15","2023-04-20","USD",93.00,100,"3XS:20|2XS:20|XS:20|S:10|M:10|L:10|XL:10"
250026,"2022-09-15 08:39:53.45","#OP2234",50.00,68.00,93.00,120.90,"2023-03-11","130110968","PO",4,,,,"","ALMA","OP2234A1",30022,1002,"2023-03-15","2023-04-20","USD",93.00,100,"3XS:20|2XS:20|XS:20|S:10|M:10|L:10|XL:10"
250027,"2022-09-15 08:39:53.45","#OP2235",50.00,68.00,93.00,120.90,"2023-03-11","130110968","PO",4,,,,"","ALMA","OP2235A0",30045,1016,"2023-03-15","2023-04-20","USD",93.00,100,"3XS:20|2XS:20|XS:20|S:10|M:10|L:10|XL:10"
250028,"2022-09-15 08:39:53.45","#OP2236",50.00,68.00,93.00,120.90,"2023-03-11","130110968","PO",4,,,,"","ALMA","OP2236A1",30046,3002,"2023-03-15","2023-04-20","USD",93.00,100,"3XS:20|2XS:20|XS:20|S:10|M:10|L:10|XL:10"
250029,"2022-09-15 08:39:53.45","#OP2237",50.00,68.00,93.00,120.90,"2023-03-11","130110968","PO",4,,,,"","ALMA","OP2237A0",30047,4002,"2023-03-15","2023-04-20","USD",93.00,100,"3XS:20|2XS:20|XS:20|S:10|M:10|L:10|XL:10"
250026,"2022-09-15 08:39:53.45","#OP2238",50.00,68.00,93.00,120.90,"2023-03-11","130110968","PO",4,,,,"","ALMA","OP2238A1",30065,5002,"2023-03-15","2023-04-20","USD",93.00,100,"3XS:20|2XS:20|XS:20|S:10|M:10|L:10|XL:10"
250027,"2022-09-15 08:39:53.45","#OP2239",50.00,68.00,93.00,120.90,"2023-03-11","130110968","PO",4,,,,"","ALMA","OP2239A0",30074,6002,"2023-03-15","2023-04-20","USD",93.00,100,"3XS:20|2XS:20|XS:20|S:10|M:10|L:10|XL:10"
250028,"2022-09-15 08:39:53.45","#OP2240",50.00,68.00,93.00,120.90,"2023-03-11","130110968","PO",4,,,,"","ALMA","OP2240A1",30075,8002,"2023-03-15","2023-04-20","USD",93.00,100,"3XS:20|2XS:20|XS:20|S:10|M:10|L:10|XL:10"
250026,"2022-09-15 08:39:53.45","#OP2241",50.00,68.00,93.00,120.90,"2023-03-11","130110986","PO",4,,,,"","ALMA","OP2241A1",30025,1002,"2023-03-15","2023-04-20","USD",93.00,100,"3XS:20|2XS:20|XS:20|S:10|M:10|L:10|XL:10"
250027,"2022-09-15 08:39:53.45","#OP2242",50.00,68.00,93.00,120.90,"2023-03-11","130110986","PO",4,,,,"","ALMA","OP2242A0",30026,1016,"2023-03-15","2023-04-20","USD",93.00,100,"3XS:20|2XS:20|XS:20|S:10|M:10|L:10|XL:10"
250028,"2022-09-15 08:39:53.45","#OP2243",50.00,68.00,93.00,120.90,"2023-03-11","130110986","PO",4,,,,"","ALMA","OP2243A1",30027,3002,"2023-03-15","2023-04-20","USD",93.00,100,"3XS:20|2XS:20|XS:20|S:10|M:10|L:10|XL:10"
250029,"2022-09-15 08:39:53.45","#OP2244",50.00,68.00,93.00,120.90,"2023-03-11","130110986","PO",4,,,,"","ALMA","OP2244A0",30066,4002,"2023-03-15","2023-04-20","USD",93.00,100,"3XS:20|2XS:20|XS:20|S:10|M:10|L:10|XL:10"
250026,"2022-09-15 08:39:53.45","#OP2245",50.00,68.00,93.00,120.90,"2023-03-11","130110986","PO",4,,,,"","ALMA","OP2245A1",30067,5002,"2023-03-15","2023-04-20","USD",93.00,100,"3XS:20|2XS:20|XS:20|S:10|M:10|L:10|XL:10"
250027,"2022-09-15 08:39:53.45","#OP2246",50.00,68.00,93.00,120.90,"2023-03-11","130110986","PO",4,,,,"","ALMA","OP2246A0",30068,6002,"2023-03-15","2023-04-20","USD",93.00,100,"3XS:20|2XS:20|XS:20|S:10|M:10|L:10|XL:10"
250028,"2022-09-15 08:39:53.45","#OP2247",50.00,68.00,93.00,120.90,"2023-03-11","130110986","PO",4,,,,"","ALMA","OP2247A1",30069,8002,"2023-03-15","2023-04-20","USD",93.00,100,"3XS:20|2XS:20|XS:20|S:10|M:10|L:10|XL:10"
250026,"2022-09-15 08:39:53.45","#OP2248",50.00,68.00,93.00,120.90,"2023-03-11","130110988","PO",4,,,,"","ALMA","OP2248A1",30070,1002,"2023-03-15","2023-04-20","USD",93.00,100,"3XS:20|2XS:20|XS:20|S:10|M:10|L:10|XL:10"
250027,"2022-09-15 08:39:53.45","#OP2249",50.00,68.00,93.00,120.90,"2023-03-11","130110988","PO",4,,,,"","ALMA","OP2249A0",30071,1016,"2023-03-15","2023-04-20","USD",93.00,100,"3XS:20|2XS:20|XS:20|S:10|M:10|L:10|XL:10"
250028,"2022-09-15 08:39:53.45","#OP2250",50.00,68.00,93.00,120.90,"2023-03-11","130110988","PO",4,,,,"","ALMA","OP2250A1",30072,3002,"2023-03-15","2023-04-20","USD",93.00,100,"3XS:20|2XS:20|XS:20|S:10|M:10|L:10|XL:10"
250029,"2022-09-15 08:39:53.45","#OP2251",50.00,68.00,93.00,120.90,"2023-03-11","130110988","PO",4,,,,"","ALMA","OP2251A0",30073,4002,"2023-03-15","2023-04-20","USD",93.00,100,"3XS:20|2XS:20|XS:20|S:10|M:10|L:10|XL:10"
250026,"2022-09-15 08:39:53.45","#OP2252",50.00,68.00,93.00,120.90,"2023-03-11","130110988","PO",4,,,,"","ALMA","OP2252A1",30029,5002,"2023-03-15","2023-04-20","USD",93.00,100,"3XS:20|2XS:20|XS:20|S:10|M:10|L:10|XL:10"
250027,"2022-09-15 08:39:53.45","#OP2253",50.00,68.00,93.00,120.90,"2023-03-11","130110988","PO",4,,,,"","ALMA","OP2253A0",30013,6002,"2023-03-15","2023-04-20","USD",93.00,100,"3XS:20|2XS:20|XS:20|S:10|M:10|L:10|XL:10"
250028,"2022-09-15 08:39:53.45","#OP2254",50.00,68.00,93.00,120.90,"2023-03-11","130110988","PO",4,,,,"","ALMA","OP2254A1",30022,8002,"2023-03-15","2023-04-20","USD",93.00,100,"3XS:20|2XS:20|XS:20|S:10|M:10|L:10|XL:10"
250026,"2022-09-15 08:39:53.45","#OP2255",50.00,68.00,93.00,120.90,"2023-03-11","130110997","PO",4,,,,"","ALMA","OP2255A1",30045,1002,"2023-03-15","2023-04-20","USD",93.00,100,"3XS:20|2XS:20|XS:20|S:10|M:10|L:10|XL:10"
250027,"2022-09-15 08:39:53.45","#OP2256",50.00,68.00,93.00,120.90,"2023-03-11","130110997","PO",4,,,,"","ALMA","OP2256A0",30046,1016,"2023-03-15","2023-04-20","USD",93.00,100,"3XS:20|2XS:20|XS:20|S:10|M:10|L:10|XL:10"
250028,"2022-09-15 08:39:53.45","#OP2257",50.00,68.00,93.00,120.90,"2023-03-11","130110997","PO",4,,,,"","ALMA","OP2257A1",30047,3002,"2023-03-15","2023-04-20","USD",93.00,100,"3XS:20|2XS:20|XS:20|S:10|M:10|L:10|XL:10"
250029,"2022-09-15 08:39:53.45","#OP2258",50.00,68.00,93.00,120.90,"2023-03-11","130110997","PO",4,,,,"","ALMA","OP2258A0",30065,4002,"2023-03-15","2023-04-20","USD",93.00,100,"3XS:20|2XS:20|XS:20|S:10|M:10|L:10|XL:10"
250026,"2022-09-15 08:39:53.45","#OP2259",50.00,68.00,93.00,120.90,"2023-03-11","130110997","PO",4,,,,"","ALMA","OP2259A1",30074,5002,"2023-03-15","2023-04-20","USD",93.00,100,"3XS:20|2XS:20|XS:20|S:10|M:10|L:10|XL:10"
250027,"2022-09-15 08:39:53.45","#OP2260",50.00,68.00,93.00,120.90,"2023-03-11","130110997","PO",4,,,,"","ALMA","OP2260A0",30075,6002,"2023-03-15","2023-04-20","USD",93.00,100,"3XS:20|2XS:20|XS:20|S:10|M:10|L:10|XL:10"
250028,"2022-09-15 08:39:53.45","#OP2261",50.00,68.00,93.00,120.90,"2023-03-11","130110997","PO",4,,,,"","ALMA","OP2261A1",30025,8002,"2023-03-15","2023-04-20","USD",93.00,100,"3XS:20|2XS:20|XS:20|S:10|M:10|L:10|XL:10"
250026,"2022-09-15 08:39:53.45","#OP2262",50.00,68.00,93.00,120.90,"2023-03-11","130110998","PO",4,,,,"","ALMA","OP2262A1",30026,1002,"2023-03-15","2023-04-20","USD",93.00,100,"3XS:20|2XS:20|XS:20|S:10|M:10|L:10|XL:10"
250027,"2022-09-15 08:39:53.45","#OP2263",50.00,68.00,93.00,120.90,"2023-03-11","130110998","PO",4,,,,"","ALMA","OP2263A0",30027,1016,"2023-03-15","2023-04-20","USD",93.00,100,"3XS:20|2XS:20|XS:20|S:10|M:10|L:10|XL:10"
250028,"2022-09-15 08:39:53.45","#OP2264",50.00,68.00,93.00,120.90,"2023-03-11","130110998","PO",4,,,,"","ALMA","OP2264A1",30066,3002,"2023-03-15","2023-04-20","USD",93.00,100,"3XS:20|2XS:20|XS:20|S:10|M:10|L:10|XL:10"
250029,"2022-09-15 08:39:53.45","#OP2265",50.00,68.00,93.00,120.90,"2023-03-11","130110998","PO",4,,,,"","ALMA","OP2265A0",30067,4002,"2023-03-15","2023-04-20","USD",93.00,100,"3XS:20|2XS:20|XS:20|S:10|M:10|L:10|XL:10"
250026,"2022-09-15 08:39:53.45","#OP2266",50.00,68.00,93.00,120.90,"2023-03-11","130110998","PO",4,,,,"","ALMA","OP2266A1",30068,5002,"2023-03-15","2023-04-20","USD",93.00,100,"3XS:20|2XS:20|XS:20|S:10|M:10|L:10|XL:10"
250027,"2022-09-15 08:39:53.45","#OP2267",50.00,68.00,93.00,120.90,"2023-03-11","130110998","PO",4,,,,"","ALMA","OP2267A0",30069,6002,"2023-03-15","2023-04-20","USD",93.00,100,"3XS:20|2XS:20|XS:20|S:10|M:10|L:10|XL:10"
250028,"2022-09-15 08:39:53.45","#OP2268",50.00,68.00,93.00,120.90,"2023-03-11","130110998","PO",4,,,,"","ALMA","OP2268A1",30070,8002,"2023-03-15","2023-04-20","USD",93.00,100,"3XS:20|2XS:20|XS:20|S:10|M:10|L:10|XL:10"
250026,"2022-09-15 08:39:53.45","#OP2269",50.00,68.00,93.00,120.90,"2023-03-11","130111011","PO",4,,,,"","ALMA","OP2269A1",30071,1002,"2023-03-15","2023-04-20","USD",93.00,100,"3XS:20|2XS:20|XS:20|S:10|M:10|L:10|XL:10"
250027,"2022-09-15 08:39:53.45","#OP2270",50.00,68.00,93.00,120.90,"2023-03-11","130111011","PO",4,,,,"","ALMA","OP2270A0",30072,1016,"2023-03-15","2023-04-20","USD",93.00,100,"3XS:20|2XS:20|XS:20|S:10|M:10|L:10|XL:10"
250028,"2022-09-15 08:39:53.45","#OP2271",50.00,68.00,93.00,120.90,"2023-03-11","130111011","PO",4,,,,"","ALMA","OP2271A1",30073,3002,"2023-03-15","2023-04-20","USD",93.00,100,"3XS:20|2XS:20|XS:20|S:10|M:10|L:10|XL:10"
250029,"2022-09-15 08:39:53.45","#OP2272",50.00,68.00,93.00,120.90,"2023-03-11","130111011","PO",4,,,,"","ALMA","OP2272A0",30029,4002,"2023-03-15","2023-04-20","USD",93.00,100,"3XS:20|2XS:20|XS:20|S:10|M:10|L:10|XL:10"
250026,"2022-09-15 08:39:53.45","#OP2273",50.00,68.00,93.00,120.90,"2023-03-11","130111011","PO",4,,,,"","ALMA","OP2273A1",30013,5002,"2023-03-15","2023-04-20","USD",93.00,100,"3XS:20|2XS:20|XS:20|S:10|M:10|L:10|XL:10"
250027,"2022-09-15 08:39:53.45","#OP2274",50.00,68.00,93.00,120.90,"2023-03-11","130111011","PO",4,,,,"","ALMA","OP2274A0",30022,6002,"2023-03-15","2023-04-20","USD",93.00,100,"3XS:20|2XS:20|XS:20|S:10|M:10|L:10|XL:10"
250028,"2022-09-15 08:39:53.45","#OP2275",50.00,68.00,93.00,120.90,"2023-03-11","130111011","PO",4,,,,"","ALMA","OP2275A1",30045,8002,"2023-03-15","2023-04-20","USD",93.00,100,"3XS:20|2XS:20|XS:20|S:10|M:10|L:10|XL:10"
250026,"2022-09-15 08:39:53.45","#OP2276",50.00,68.00,93.00,120.90,"2023-03-11","130111022","PO",4,,,,"","ALMA","OP2276A1",30046,1002,"2023-03-15","2023-04-20","USD",93.00,100,"3XS:20|2XS:20|XS:20|S:10|M:10|L:10|XL:10"
250027,"2022-09-15 08:39:53.45","#OP2277",50.00,68.00,93.00,120.90,"2023-03-11","130111022","PO",4,,,,"","ALMA","OP2277A0",30047,1016,"2023-03-15","2023-04-20","USD",93.00,100,"3XS:20|2XS:20|XS:20|S:10|M:10|L:10|XL:10"
250028,"2022-09-15 08:39:53.45","#OP2278",50.00,68.00,93.00,120.90,"2023-03-11","130111022","PO",4,,,,"","ALMA","OP2278A1",30065,3002,"2023-03-15","2023-04-20","USD",93.00,100,"3XS:20|2XS:20|XS:20|S:10|M:10|L:10|XL:10"
250029,"2022-09-15 08:39:53.45","#OP2279",50.00,68.00,93.00,120.90,"2023-03-11","130111022","PO",4,,,,"","ALMA","OP2279A0",30074,4002,"2023-03-15","2023-04-20","USD",93.00,100,"3XS:20|2XS:20|XS:20|S:10|M:10|L:10|XL:10"
250026,"2022-09-15 08:39:53.45","#OP2280",50.00,68.00,93.00,120.90,"2023-03-11","130111022","PO",4,,,,"","ALMA","OP2280A1",30075,5002,"2023-03-15","2023-04-20","USD",93.00,100,"3XS:20|2XS:20|XS:20|S:10|M:10|L:10|XL:10"
250027,"2022-09-15 08:39:53.45","#OP2281",50.00,68.00,93.00,120.90,"2023-03-11","130111022","PO",4,,,,"","ALMA","OP2281A0",30025,6002,"2023-03-15","2023-04-20","USD",93.00,100,"3XS:20|2XS:20|XS:20|S:10|M:10|L:10|XL:10"
250028,"2022-09-15 08:39:53.45","#OP2282",50.00,68.00,93.00,120.90,"2023-03-11","130111022","PO",4,,,,"","ALMA","OP2282A1",30026,8002,"2023-03-15","2023-04-20","USD",93.00,100,"3XS:20|2XS:20|XS:20|S:10|M:10|L:10|XL:10"
250026,"2022-09-15 08:39:53.45","#OP2283",50.00,68.00,93.00,120.90,"2023-03-11","130111027","PO",4,,,,"","ALMA","OP2283A1",30027,1002,"2023-03-15","2023-04-20","USD",93.00,100,"3XS:20|2XS:20|XS:20|S:10|M:10|L:10|XL:10"
250027,"2022-09-15 08:39:53.45","#OP2284",50.00,68.00,93.00,120.90,"2023-03-11","130111027","PO",4,,,,"","ALMA","OP2284A0",30066,1016,"2023-03-15","2023-04-20","USD",93.00,100,"3XS:20|2XS:20|XS:20|S:10|M:10|L:10|XL:10"
250028,"2022-09-15 08:39:53.45","#OP2285",50.00,68.00,93.00,120.90,"2023-03-11","130111027","PO",4,,,,"","ALMA","OP2285A1",30067,3002,"2023-03-15","2023-04-20","USD",93.00,100,"3XS:20|2XS:20|XS:20|S:10|M:10|L:10|XL:10"
250029,"2022-09-15 08:39:53.45","#OP2286",50.00,68.00,93.00,120.90,"2023-03-11","130111027","PO",4,,,,"","ALMA","OP2286A0",30068,4002,"2023-03-15","2023-04-20","USD",93.00,100,"3XS:20|2XS:20|XS:20|S:10|M:10|L:10|XL:10"
250026,"2022-09-15 08:39:53.45","#OP2287",50.00,68.00,93.00,120.90,"2023-03-11","130111027","PO",4,,,,"","ALMA","OP2287A1",30069,5002,"2023-03-15","2023-04-20","USD",93.00,100,"3XS:20|2XS:20|XS:20|S:10|M:10|L:10|XL:10"
250027,"2022-09-15 08:39:53.45","#OP2288",50.00,68.00,93.00,120.90,"2023-03-11","130111027","PO",4,,,,"","ALMA","OP2288A0",30070,6002,"2023-03-15","2023-04-20","USD",93.00,100,"3XS:20|2XS:20|XS:20|S:10|M:10|L:10|XL:10"
250028,"2022-09-15 08:39:53.45","#OP2289",50.00,68.00,93.00,120.90,"2023-03-11","130111027","PO",4,,,,"","ALMA","OP2289A1",30071,8002,"2023-03-15","2023-04-20","USD",93.00,100,"3XS:20|2XS:20|XS:20|S:10|M:10|L:10|XL:10"
250026,"2022-09-15 08:39:53.45","#OP2290",50.00,68.00,93.00,120.90,"2023-03-11","130111037","PO",4,,,,"","ALMA","OP2290A1",30072,1002,"2023-03-15","2023-04-20","USD",93.00,100,"3XS:20|2XS:20|XS:20|S:10|M:10|L:10|XL:10"
250027,"2022-09-15 08:39:53.45","#OP2291",50.00,68.00,93.00,120.90,"2023-03-11","130111037","PO",4,,,,"","ALMA","OP2291A0",30073,1016,"2023-03-15","2023-04-20","USD",93.00,100,"3XS:20|2XS:20|XS:20|S:10|M:10|L:10|XL:10"
250028,"2022-09-15 08:39:53.45","#OP2292",50.00,68.00,93.00,120.90,"2023-03-11","130111037","PO",4,,,,"","ALMA","OP2292A1",30029,3002,"2023-03-15","2023-04-20","USD",93.00,100,"3XS:20|2XS:20|XS:20|S:10|M:10|L:10|XL:10"
250029,"2022-09-15 08:39:53.45","#OP2293",50.00,68.00,93.00,120.90,"2023-03-11","130111037","PO",4,,,,"","ALMA","OP2293A0",30013,4002,"2023-03-15","2023-04-20","USD",93.00,100,"3XS:20|2XS:20|XS:20|S:10|M:10|L:10|XL:10"
250026,"2022-09-15 08:39:53.45","#OP2294",50.00,68.00,93.00,120.90,"2023-03-11","130111037","PO",4,,,,"","ALMA","OP2294A1",30022,5002,"2023-03-15","2023-04-20","USD",93.00,100,"3XS:20|2XS:20|XS:20|S:10|M:10|L:10|XL:10"
250027,"2022-09-15 08:39:53.45","#OP2295",50.00,68.00,93.00,120.90,"2023-03-11","130111037","PO",4,,,,"","ALMA","OP2295A0",30045,6002,"2023-03-15","2023-04-20","USD",93.00,100,"3XS:20|2XS:20|XS:20|S:10|M:10|L:10|XL:10"
250028,"2022-09-15 08:39:53.45","#OP2296",50.00,68.00,93.00,120.90,"2023-03-11","130111037","PO",4,,,,"","ALMA","OP2296A1",30046,8002,"2023-03-15","2023-04-20","USD",93.00,100,"3XS:20|2XS:20|XS:20|S:10|M:10|L:10|XL:10"
250026,"2022-09-15 08:39:53.45","#OP2297",50.00,68.00,93.00,120.90,"2023-03-11","130111042","PO",4,,,,"","ALMA","OP2297A1",30047,1002,"2023-03-15","2023-04-20","USD",93.00,100,"3XS:20|2XS:20|XS:20|S:10|M:10|L:10|XL:10"
250027,"2022-09-15 08:39:53.45","#OP2298",50.00,68.00,93.00,120.90,"2023-03-11","130111042","PO",4,,,,"","ALMA","OP2298A0",30065,1016,"2023-03-15","2023-04-20","USD",93.00,100,"3XS:20|2XS:20|XS:20|S:10|M:10|L:10|XL:10"
250028,"2022-09-15 08:39:53.45","#OP2299",50.00,68.00,93.00,120.90,"2023-03-11","130111042","PO",4,,,,"","ALMA","OP2299A1",30074,3002,"2023-03-15","2023-04-20","USD",93.00,100,"3XS:20|2XS:20|XS:20|S:10|M:10|L:10|XL:10"
250029,"2022-09-15 08:39:53.45","#OP2300",50.00,68.00,93.00,120.90,"2023-03-11","130111042","PO",4,,,,"","ALMA","OP2300A0",30075,4002,"2023-03-15","2023-04-20","USD",93.00,100,"3XS:20|2XS:20|XS:20|S:10|M:10|L:10|XL:10"
250026,"2022-09-15 08:39:53.45","#OP2301",50.00,68.00,93.00,120.90,"2023-03-11","130111042","PO",4,,,,"","ALMA","OP2301A1",30025,5002,"2023-03-15","2023-04-20","USD",93.00,100,"3XS:20|2XS:20|XS:20|S:10|M:10|L:10|XL:10"
250027,"2022-09-15 08:39:53.45","#OP2302",50.00,68.00,93.00,120.90,"2023-03-11","130111042","PO",4,,,,"","ALMA","OP2302A0",30026,6002,"2023-03-15","2023-04-20","USD",93.00,100,"3XS:20|2XS:20|XS:20|S:10|M:10|L:10|XL:10"
250028,"2022-09-15 08:39:53.45","#OP2303",50.00,68.00,93.00,120.90,"2023-03-11","130111042","PO",4,,,,"","ALMA","OP2303A1",30027,8002,"2023-03-15","2023-04-20","USD",93.00,100,"3XS:20|2XS:20|XS:20|S:10|M:10|L:10|XL:10"
250026,"2022-09-15 08:39:53.45","#OP2304",50.00,68.00,93.00,120.90,"2023-03-11","130111064","PO",4,,,,"","ALMA","OP2304A1",30066,1002,"2023-03-15","2023-04-20","USD",93.00,100,"3XS:20|2XS:20|XS:20|S:10|M:10|L:10|XL:10"
250027,"2022-09-15 08:39:53.45","#OP2305",50.00,68.00,93.00,120.90,"2023-03-11","130111064","PO",4,,,,"","ALMA","OP2305A0",30067,1016,"2023-03-15","2023-04-20","USD",93.00,100,"3XS:20|2XS:20|XS:20|S:10|M:10|L:10|XL:10"
250028,"2022-09-15 08:39:53.45","#OP2306",50.00,68.00,93.00,120.90,"2023-03-11","130111064","PO",4,,,,"","ALMA","OP2306A1",30068,3002,"2023-03-15","2023-04-20","USD",93.00,100,"3XS:20|2XS:20|XS:20|S:10|M:10|L:10|XL:10"
250029,"2022-09-15 08:39:53.45","#OP2307",50.00,68.00,93.00,120.90,"2023-03-11","130111064","PO",4,,,,"","ALMA","OP2307A0",30069,4002,"2023-03-15","2023-04-20","USD",93.00,100,"3XS:20|2XS:20|XS:20|S:10|M:10|L:10|XL:10"
250026,"2022-09-15 08:39:53.45","#OP2308",50.00,68.00,93.00,120.90,"2023-03-11","130111064","PO",4,,,,"","ALMA","OP2308A1",30070,5002,"2023-03-15","2023-04-20","USD",93.00,100,"3XS:20|2XS:20|XS:20|S:10|M:10|L:10|XL:10"
250027,"2022-09-15 08:39:53.45","#OP2309",50.00,68.00,93.00,120.90,"2023-03-11","130111064","PO",4,,,,"","ALMA","OP2309A0",30071,6002,"2023-03-15","2023-04-20","USD",93.00,100,"3XS:20|2XS:20|XS:20|S:10|M:10|L:10|XL:10"
250028,"2022-09-15 08:39:53.45","#OP2310",50.00,68.00,93.00,120.90,"2023-03-11","130111064","PO",4,,,,"","ALMA","OP2310A1",30072,8002,"2023-03-15","2023-04-20","USD",93.00,100,"3XS:20|2XS:20|XS:20|S:10|M:10|L:10|XL:10"
250026,"2022-09-15 08:39:53.45","#OP2311",50.00,68.00,93.00,120.90,"2023-03-11","130111076","PO",4,,,,"","ALMA","OP2311A1",30073,1002,"2023-03-15","2023-04-20","USD",93.00,100,"3XS:20|2XS:20|XS:20|S:10|M:10|L:10|XL:10"
250027,"2022-09-15 08:39:53.45","#OP2312",50.00,68.00,93.00,120.90,"2023-03-11","130111076","PO",4,,,,"","ALMA","OP2312A0",30029,1016,"2023-03-15","2023-04-20","USD",93.00,100,"3XS:20|2XS:20|XS:20|S:10|M:10|L:10|XL:10"
250028,"2022-09-15 08:39:53.45","#OP2313",50.00,68.00,93.00,120.90,"2023-03-11","130111076","PO",4,,,,"","ALMA","OP2313A1",30013,3002,"2023-03-15","2023-04-20","USD",93.00,100,"3XS:20|2XS:20|XS:20|S:10|M:10|L:10|XL:10"
250029,"2022-09-15 08:39:53.45","#OP2314",50.00,68.00,93.00,120.90,"2023-03-11","130111076","PO",4,,,,"","ALMA","OP2314A0",30022,4002,"2023-03-15","2023-04-20","USD",93.00,100,"3XS:20|2XS:20|XS:20|S:10|M:10|L:10|XL:10"
250026,"2022-09-15 08:39:53.45","#OP2315",50.00,68.00,93.00,120.90,"2023-03-11","130111076","PO",4,,,,"","ALMA","OP2315A1",30045,5002,"2023-03-15","2023-04-20","USD",93.00,100,"3XS:20|2XS:20|XS:20|S:10|M:10|L:10|XL:10"
250027,"2022-09-15 08:39:53.45","#OP2316",50.00,68.00,93.00,120.90,"2023-03-11","130111076","PO",4,,,,"","ALMA","OP2316A0",30046,6002,"2023-03-15","2023-04-20","USD",93.00,100,"3XS:20|2XS:20|XS:20|S:10|M:10|L:10|XL:10"
250028,"2022-09-15 08:39:53.45","#OP2317",50.00,68.00,93.00,120.90,"2023-03-11","130111076","PO",4,,,,"","ALMA","OP2317A1",30047,8002,"2023-03-15","2023-04-20","USD",93.00,100,"3XS:20|2XS:20|XS:20|S:10|M:10|L:10|XL:10"
250026,"2022-09-15 08:39:53.45","#OP2318",50.00,68.00,93.00,120.90,"2023-03-11","130111078","PO",4,,,,"","ALMA","OP2318A1",30065,1002,"2023-03-15","2023-04-20","USD",93.00,100,"3XS:20|2XS:20|XS:20|S:10|M:10|L:10|XL:10"
250027,"2022-09-15 08:39:53.45","#OP2319",50.00,68.00,93.00,120.90,"2023-03-11","130111078","PO",4,,,,"","ALMA","OP2319A0",30074,1016,"2023-03-15","2023-04-20","USD",93.00,100,"3XS:20|2XS:20|XS:20|S:10|M:10|L:10|XL:10"
250028,"2022-09-15 08:39:53.45","#OP2320",50.00,68.00,93.00,120.90,"2023-03-11","130111078","PO",4,,,,"","ALMA","OP2320A1",30075,3002,"2023-03-15","2023-04-20","USD",93.00,100,"3XS:20|2XS:20|XS:20|S:10|M:10|L:10|XL:10"
250029,"2022-09-15 08:39:53.45","#OP2321",50.00,68.00,93.00,120.90,"2023-03-11","130111078","PO",4,,,,"","ALMA","OP2321A0",30025,4002,"2023-03-15","2023-04-20","USD",93.00,100,"3XS:20|2XS:20|XS:20|S:10|M:10|L:10|XL:10"
250026,"2022-09-15 08:39:53.45","#OP2322",50.00,68.00,93.00,120.90,"2023-03-11","130111078","PO",4,,,,"","ALMA","OP2322A1",30026,5002,"2023-03-15","2023-04-20","USD",93.00,100,"3XS:20|2XS:20|XS:20|S:10|M:10|L:10|XL:10"
250027,"2022-09-15 08:39:53.45","#OP2323",50.00,68.00,93.00,120.90,"2023-03-11","130111078","PO",4,,,,"","ALMA","OP2323A0",30027,6002,"2023-03-15","2023-04-20","USD",93.00,100,"3XS:20|2XS:20|XS:20|S:10|M:10|L:10|XL:10"
250028,"2022-09-15 08:39:53.45","#OP2324",50.00,68.00,93.00,120.90,"2023-03-11","130111078","PO",4,,,,"","ALMA","OP2324A1",30066,8002,"2023-03-15","2023-04-20","USD",93.00,100,"3XS:20|2XS:20|XS:20|S:10|M:10|L:10|XL:10"
250026,"2022-09-15 08:39:53.45","#OP2325",50.00,68.00,93.00,120.90,"2023-03-11","130111086","PO",4,,,,"","ALMA","OP2325A1",30067,1002,"2023-03-15","2023-04-20","USD",93.00,100,"3XS:20|2XS:20|XS:20|S:10|M:10|L:10|XL:10"
250027,"2022-09-15 08:39:53.45","#OP2326",50.00,68.00,93.00,120.90,"2023-03-11","130111086","PO",4,,,,"","ALMA","OP2326A0",30068,1016,"2023-03-15","2023-04-20","USD",93.00,100,"3XS:20|2XS:20|XS:20|S:10|M:10|L:10|XL:10"
250028,"2022-09-15 08:39:53.45","#OP2327",50.00,68.00,93.00,120.90,"2023-03-11","130111086","PO",4,,,,"","ALMA","OP2327A1",30069,3002,"2023-03-15","2023-04-20","USD",93.00,100,"3XS:20|2XS:20|XS:20|S:10|M:10|L:10|XL:10"
250029,"2022-09-15 08:39:53.45","#OP2328",50.00,68.00,93.00,120.90,"2023-03-11","130111086","PO",4,,,,"","ALMA","OP2328A0",30070,4002,"2023-03-15","2023-04-20","USD",93.00,100,"3XS:20|2XS:20|XS:20|S:10|M:10|L:10|XL:10"
250026,"2022-09-15 08:39:53.45","#OP2329",50.00,68.00,93.00,120.90,"2023-03-11","130111086","PO",4,,,,"","ALMA","OP2329A1",30071,5002,"2023-03-15","2023-04-20","USD",93.00,100,"3XS:20|2XS:20|XS:20|S:10|M:10|L:10|XL:10"
250027,"2022-09-15 08:39:53.45","#OP2330",50.00,68.00,93.00,120.90,"2023-03-11","130111086","PO",4,,,,"","ALMA","OP2330A0",30072,6002,"2023-03-15","2023-04-20","USD",93.00,100,"3XS:20|2XS:20|XS:20|S:10|M:10|L:10|XL:10"
250028,"2022-09-15 08:39:53.45","#OP2331",50.00,68.00,93.00,120.90,"2023-03-11","130111086","PO",4,,,,"","ALMA","OP2331A1",30073,8002,"2023-03-15","2023-04-20","USD",93.00,100,"3XS:20|2XS:20|XS:20|S:10|M:10|L:10|XL:10"
250026,"2022-09-15 08:39:53.45","#OP2332",50.00,68.00,93.00,120.90,"2023-03-11","130111095","PO",4,,,,"","ALMA","OP2332A1",30029,1002,"2023-03-15","2023-04-20","USD",93.00,100,"3XS:20|2XS:20|XS:20|S:10|M:10|L:10|XL:10"
250027,"2022-09-15 08:39:53.45","#OP2333",50.00,68.00,93.00,120.90,"2023-03-11","130111095","PO",4,,,,"","ALMA","OP2333A0",30013,1016,"2023-03-15","2023-04-20","USD",93.00,100,"3XS:20|2XS:20|XS:20|S:10|M:10|L:10|XL:10"
250028,"2022-09-15 08:39:53.45","#OP2334",50.00,68.00,93.00,120.90,"2023-03-11","130111095","PO",4,,,,"","ALMA","OP2334A1",30022,3002,"2023-03-15","2023-04-20","USD",93.00,100,"3XS:20|2XS:20|XS:20|S:10|M:10|L:10|XL:10"
250029,"2022-09-15 08:39:53.45","#OP2335",50.00,68.00,93.00,120.90,"2023-03-11","130111095","PO",4,,,,"","ALMA","OP2335A0",30045,4002,"2023-03-15","2023-04-20","USD",93.00,100,"3XS:20|2XS:20|XS:20|S:10|M:10|L:10|XL:10"
250026,"2022-09-15 08:39:53.45","#OP2336",50.00,68.00,93.00,120.90,"2023-03-11","130111095","PO",4,,,,"","ALMA","OP2336A1",30046,5002,"2023-03-15","2023-04-20","USD",93.00,100,"3XS:20|2XS:20|XS:20|S:10|M:10|L:10|XL:10"
250027,"2022-09-15 08:39:53.45","#OP2337",50.00,68.00,93.00,120.90,"2023-03-11","130111095","PO",4,,,,"","ALMA","OP2337A0",30047,6002,"2023-03-15","2023-04-20","USD",93.00,100,"3XS:20|2XS:20|XS:20|S:10|M:10|L:10|XL:10"
250028,"2022-09-15 08:39:53.45","#OP2338",50.00,68.00,93.00,120.90,"2023-03-11","130111095","PO",4,,,,"","ALMA","OP2338A1",30065,8002,"2023-03-15","2023-04-20","USD",93.00,100,"3XS:20|2XS:20|XS:20|S:10|M:10|L:10|XL:10"
250026,"2022-09-15 08:39:53.45","#OP2339",50.00,68.00,93.00,120.90,"2023-03-11","130111112","PO",4,,,,"","ALMA","OP2339A1",30074,1002,"2023-03-15","2023-04-20","USD",93.00,100,"3XS:20|2XS:20|XS:20|S:10|M:10|L:10|XL:10"
250027,"2022-09-15 08:39:53.45","#OP2340",50.00,68.00,93.00,120.90,"2023-03-11","130111112","PO",4,,,,"","ALMA","OP2340A0",30075,1016,"2023-03-15","2023-04-20","USD",93.00,100,"3XS:20|2XS:20|XS:20|S:10|M:10|L:10|XL:10"
250028,"2022-09-15 08:39:53.45","#OP2341",50.00,68.00,93.00,120.90,"2023-03-11","130111112","PO",4,,,,"","ALMA","OP2341A1",30025,3002,"2023-03-15","2023-04-20","USD",93.00,100,"3XS:20|2XS:20|XS:20|S:10|M:10|L:10|XL:10"
250029,"2022-09-15 08:39:53.45","#OP2342",50.00,68.00,93.00,120.90,"2023-03-11","130111112","PO",4,,,,"","ALMA","OP2342A0",30026,4002,"2023-03-15","2023-04-20","USD",93.00,100,"3XS:20|2XS:20|XS:20|S:10|M:10|L:10|XL:10"
250026,"2022-09-15 08:39:53.45","#OP2343",50.00,68.00,93.00,120.90,"2023-03-11","130111112","PO",4,,,,"","ALMA","OP2343A1",30027,5002,"2023-03-15","2023-04-20","USD",93.00,100,"3XS:20|2XS:20|XS:20|S:10|M:10|L:10|XL:10"
250027,"2022-09-15 08:39:53.45","#OP2344",50.00,68.00,93.00,120.90,"2023-03-11","130111112","PO",4,,,,"","ALMA","OP2344A0",30066,6002,"2023-03-15","2023-04-20","USD",93.00,100,"3XS:20|2XS:20|XS:20|S:10|M:10|L:10|XL:10"
250028,"2022-09-15 08:39:53.45","#OP2345",50.00,68.00,93.00,120.90,"2023-03-11","130111112","PO",4,,,,"","ALMA","OP2345A1",30067,8002,"2023-03-15","2023-04-20","USD",93.00,100,"3XS:20|2XS:20|XS:20|S:10|M:10|L:10|XL:10"
250026,"2022-09-15 08:39:53.45","#OP2346",50.00,68.00,93.00,120.90,"2023-03-11","130111123","PO",4,,,,"","ALMA","OP2346A1",30068,1002,"2023-03-15","2023-04-20","USD",93.00,100,"3XS:20|2XS:20|XS:20|S:10|M:10|L:10|XL:10"
250027,"2022-09-15 08:39:53.45","#OP2347",50.00,68.00,93.00,120.90,"2023-03-11","130111123","PO",4,,,,"","ALMA","OP2347A0",30069,1016,"2023-03-15","2023-04-20","USD",93.00,100,"3XS:20|2XS:20|XS:20|S:10|M:10|L:10|XL:10"
250028,"2022-09-15 08:39:53.45","#OP2348",50.00,68.00,93.00,120.90,"2023-03-11","130111123","PO",4,,,,"","ALMA","OP2348A1",30070,3002,"2023-03-15","2023-04-20","USD",93.00,100,"3XS:20|2XS:20|XS:20|S:10|M:10|L:10|XL:10"
250029,"2022-09-15 08:39:53.45","#OP2349",50.00,68.00,93.00,120.90,"2023-03-11","130111123","PO",4,,,,"","ALMA","OP2349A0",30071,4002,"2023-03-15","2023-04-20","USD",93.00,100,"3XS:20|2XS:20|XS:20|S:10|M:10|L:10|XL:10"
250026,"2022-09-15 08:39:53.45","#OP2350",50.00,68.00,93.00,120.90,"2023-03-11","130111123","PO",4,,,,"","ALMA","OP2350A1",30072,5002,"2023-03-15","2023-04-20","USD",93.00,100,"3XS:20|2XS:20|XS:20|S:10|M:10|L:10|XL:10"
250027,"2022-09-15 08:39:53.45","#OP2351",50.00,68.00,93.00,120.90,"2023-03-11","130111123","PO",4,,,,"","ALMA","OP2351A0",30073,6002,"2023-03-15","2023-04-20","USD",93.00,100,"3XS:20|2XS:20|XS:20|S:10|M:10|L:10|XL:10"
250028,"2022-09-15 08:39:53.45","#OP2352",50.00,68.00,93.00,120.90,"2023-03-11","130111123","PO",4,,,,"","ALMA","OP2352A1",30029,8002,"2023-03-15","2023-04-20","USD",93.00,100,"3XS:20|2XS:20|XS:20|S:10|M:10|L:10|XL:10"
250026,"2022-09-15 08:39:53.45","#OP2353",50.00,68.00,93.00,120.90,"2023-03-11","130111125","PO",4,,,,"","ALMA","OP2353A1",30013,1002,"2023-03-15","2023-04-20","USD",93.00,100,"3XS:20|2XS:20|XS:20|S:10|M:10|L:10|XL:10"
250027,"2022-09-15 08:39:53.45","#OP2354",50.00,68.00,93.00,120.90,"2023-03-11","130111125","PO",4,,,,"","ALMA","OP2354A0",30022,1016,"2023-03-15","2023-04-20","USD",93.00,100,"3XS:20|2XS:20|XS:20|S:10|M:10|L:10|XL:10"
250028,"2022-09-15 08:39:53.45","#OP2355",50.00,68.00,93.00,120.90,"2023-03-11","130111125","PO",4,,,,"","ALMA","OP2355A1",30045,3002,"2023-03-15","2023-04-20","USD",93.00,100,"3XS:20|2XS:20|XS:20|S:10|M:10|L:10|XL:10"
250029,"2022-09-15 08:39:53.45","#OP2356",50.00,68.00,93.00,120.90,"2023-03-11","130111125","PO",4,,,,"","ALMA","OP2356A0",30046,4002,"2023-03-15","2023-04-20","USD",93.00,100,"3XS:20|2XS:20|XS:20|S:10|M:10|L:10|XL:10"
250026,"2022-09-15 08:39:53.45","#OP2357",50.00,68.00,93.00,120.90,"2023-03-11","130111125","PO",4,,,,"","ALMA","OP2357A1",30047,5002,"2023-03-15","2023-04-20","USD",93.00,100,"3XS:20|2XS:20|XS:20|S:10|M:10|L:10|XL:10"
250027,"2022-09-15 08:39:53.45","#OP2358",50.00,68.00,93.00,120.90,"2023-03-11","130111125","PO",4,,,,"","ALMA","OP2358A0",30065,6002,"2023-03-15","2023-04-20","USD",93.00,100,"3XS:20|2XS:20|XS:20|S:10|M:10|L:10|XL:10"
250028,"2022-09-15 08:39:53.45","#OP2359",50.00,68.00,93.00,120.90,"2023-03-11","130111125","PO",4,,,,"","ALMA","OP2359A1",30074,8002,"2023-03-15","2023-04-20","USD",93.00,100,"3XS:20|2XS:20|XS:20|S:10|M:10|L:10|XL:10"
250026,"2022-09-15 08:39:53.45","#OP2360",50.00,68.00,93.00,120.90,"2023-03-11","130111135","PO",4,,,,"","ALMA","OP2360A1",30075,1002,"2023-03-15","2023-04-20","USD",93.00,100,"3XS:20|2XS:20|XS:20|S:10|M:10|L:10|XL:10"
250027,"2022-09-15 08:39:53.45","#OP2361",50.00,68.00,93.00,120.90,"2023-03-11","130111135","PO",4,,,,"","ALMA","OP2361A0",30025,1016,"2023-03-15","2023-04-20","USD",93.00,100,"3XS:20|2XS:20|XS:20|S:10|M:10|L:10|XL:10"
250028,"2022-09-15 08:39:53.45","#OP2362",50.00,68.00,93.00,120.90,"2023-03-11","130111135","PO",4,,,,"","ALMA","OP2362A1",30026,3002,"2023-03-15","2023-04-20","USD",93.00,100,"3XS:20|2XS:20|XS:20|S:10|M:10|L:10|XL:10"
250029,"2022-09-15 08:39:53.45","#OP2363",50.00,68.00,93.00,120.90,"2023-03-11","130111135","PO",4,,,,"","ALMA","OP2363A0",30027,4002,"2023-03-15","2023-04-20","USD",93.00,100,"3XS:20|2XS:20|XS:20|S:10|M:10|L:10|XL:10"
250026,"2022-09-15 08:39:53.45","#OP2364",50.00,68.00,93.00,120.90,"2023-03-11","130111135","PO",4,,,,"","ALMA","OP2364A1",30066,5002,"2023-03-15","2023-04-20","USD",93.00,100,"3XS:20|2XS:20|XS:20|S:10|M:10|L:10|XL:10"
250027,"2022-09-15 08:39:53.45","#OP2365",50.00,68.00,93.00,120.90,"2023-03-11","130111135","PO",4,,,,"","ALMA","OP2365A0",30067,6002,"2023-03-15","2023-04-20","USD",93.00,100,"3XS:20|2XS:20|XS:20|S:10|M:10|L:10|XL:10"
250028,"2022-09-15 08:39:53.45","#OP2366",50.00,68.00,93.00,120.90,"2023-03-11","130111135","PO",4,,,,"","ALMA","OP2366A1",30068,8002,"2023-03-15","2023-04-20","USD",93.00,100,"3XS:20|2XS:20|XS:20|S:10|M:10|L:10|XL:10"
250026,"2022-09-15 08:39:53.45","#OP2367",50.00,68.00,93.00,120.90,"2023-03-11","130111139","PO",4,,,,"","ALMA","OP2367A1",30069,1002,"2023-03-15","2023-04-20","USD",93.00,100,"3XS:20|2XS:20|XS:20|S:10|M:10|L:10|XL:10"
250027,"2022-09-15 08:39:53.45","#OP2368",50.00,68.00,93.00,120.90,"2023-03-11","130111139","PO",4,,,,"","ALMA","OP2368A0",30070,1016,"2023-03-15","2023-04-20","USD",93.00,100,"3XS:20|2XS:20|XS:20|S:10|M:10|L:10|XL:10"
250028,"2022-09-15 08:39:53.45","#OP2369",50.00,68.00,93.00,120.90,"2023-03-11","130111139","PO",4,,,,"","ALMA","OP2369A1",30071,3002,"2023-03-15","2023-04-20","USD",93.00,100,"3XS:20|2XS:20|XS:20|S:10|M:10|L:10|XL:10"
250029,"2022-09-15 08:39:53.45","#OP2370",50.00,68.00,93.00,120.90,"2023-03-11","130111139","PO",4,,,,"","ALMA","OP2370A0",30072,4002,"2023-03-15","2023-04-20","USD",93.00,100,"3XS:20|2XS:20|XS:20|S:10|M:10|L:10|XL:10"
250026,"2022-09-15 08:39:53.45","#OP2371",50.00,68.00,93.00,120.90,"2023-03-11","130111139","PO",4,,,,"","ALMA","OP2371A1",30073,5002,"2023-03-15","2023-04-20","USD",93.00,100,"3XS:20|2XS:20|XS:20|S:10|M:10|L:10|XL:10"
250027,"2022-09-15 08:39:53.45","#OP2372",50.00,68.00,93.00,120.90,"2023-03-11","130111139","PO",4,,,,"","ALMA","OP2372A0",30029,6002,"2023-03-15","2023-04-20","USD",93.00,100,"3XS:20|2XS:20|XS:20|S:10|M:10|L:10|XL:10"
250028,"2022-09-15 08:39:53.45","#OP2373",50.00,68.00,93.00,120.90,"2023-03-11","130111139","PO",4,,,,"","ALMA","OP2373A1",30013,8002,"2023-03-15","2023-04-20","USD",93.00,100,"3XS:20|2XS:20|XS:20|S:10|M:10|L:10|XL:10"
250026,"2022-09-15 08:39:53.45","#OP2374",50.00,68.00,93.00,120.90,"2023-03-11","130111141","PO",4,,,,"","ALMA","OP2374A1",30022,1002,"2023-03-15","2023-04-20","USD",93.00,100,"3XS:20|2XS:20|XS:20|S:10|M:10|L:10|XL:10"
250027,"2022-09-15 08:39:53.45","#OP2375",50.00,68.00,93.00,120.90,"2023-03-11","130111141","PO",4,,,,"","ALMA","OP2375A0",30045,1016,"2023-03-15","2023-04-20","USD",93.00,100,"3XS:20|2XS:20|XS:20|S:10|M:10|L:10|XL:10"
250028,"2022-09-15 08:39:53.45","#OP2376",50.00,68.00,93.00,120.90,"2023-03-11","130111141","PO",4,,,,"","ALMA","OP2376A1",30046,3002,"2023-03-15","2023-04-20","USD",93.00,100,"3XS:20|2XS:20|XS:20|S:10|M:10|L:10|XL:10"
250029,"2022-09-15 08:39:53.45","#OP2377",50.00,68.00,93.00,120.90,"2023-03-11","130111141","PO",4,,,,"","ALMA","OP2377A0",30047,4002,"2023-03-15","2023-04-20","USD",93.00,100,"3XS:20|2XS:20|XS:20|S:10|M:10|L:10|XL:10"
250026,"2022-09-15 08:39:53.45","#OP2378",50.00,68.00,93.00,120.90,"2023-03-11","130111141","PO",4,,,,"","ALMA","OP2378A1",30065,5002,"2023-03-15","2023-04-20","USD",93.00,100,"3XS:20|2XS:20|XS:20|S:10|M:10|L:10|XL:10"
250027,"2022-09-15 08:39:53.45","#OP2379",50.00,68.00,93.00,120.90,"2023-03-11","130111141","PO",4,,,,"","ALMA","OP2379A0",30074,6002,"2023-03-15","2023-04-20","USD",93.00,100,"3XS:20|2XS:20|XS:20|S:10|M:10|L:10|XL:10"
250028,"2022-09-15 08:39:53.45","#OP2380",50.00,68.00,93.00,120.90,"2023-03-11","130111141","PO",4,,,,"","ALMA","OP2380A1",30075,8002,"2023-03-15","2023-04-20","USD",93.00,100,"3XS:20|2XS:20|XS:20|S:10|M:10|L:10|XL:10"
250026,"2022-09-15 08:39:53.45","#OP2381",50.00,68.00,93.00,120.90,"2023-03-11","130111145","PO",4,,,,"","ALMA","OP2381A1",30025,1002,"2023-03-15","2023-04-20","USD",93.00,100,"3XS:20|2XS:20|XS:20|S:10|M:10|L:10|XL:10"
250027,"2022-09-15 08:39:53.45","#OP2382",50.00,68.00,93.00,120.90,"2023-03-11","130111145","PO",4,,,,"","ALMA","OP2382A0",30026,1016,"2023-03-15","2023-04-20","USD",93.00,100,"3XS:20|2XS:20|XS:20|S:10|M:10|L:10|XL:10"
250028,"2022-09-15 08:39:53.45","#OP2383",50.00,68.00,93.00,120.90,"2023-03-11","130111145","PO",4,,,,"","ALMA","OP2383A1",30027,3002,"2023-03-15","2023-04-20","USD",93.00,100,"3XS:20|2XS:20|XS:20|S:10|M:10|L:10|XL:10"
250029,"2022-09-15 08:39:53.45","#OP2384",50.00,68.00,93.00,120.90,"2023-03-11","130111145","PO",4,,,,"","ALMA","OP2384A0",30066,4002,"2023-03-15","2023-04-20","USD",93.00,100,"3XS:20|2XS:20|XS:20|S:10|M:10|L:10|XL:10"
250026,"2022-09-15 08:39:53.45","#OP2385",50.00,68.00,93.00,120.90,"2023-03-11","130111145","PO",4,,,,"","ALMA","OP2385A1",30067,5002,"2023-03-15","2023-04-20","USD",93.00,100,"3XS:20|2XS:20|XS:20|S:10|M:10|L:10|XL:10"
250027,"2022-09-15 08:39:53.45","#OP2386",50.00,68.00,93.00,120.90,"2023-03-11","130111145","PO",4,,,,"","ALMA","OP2386A0",30068,6002,"2023-03-15","2023-04-20","USD",93.00,100,"3XS:20|2XS:20|XS:20|S:10|M:10|L:10|XL:10"
250028,"2022-09-15 08:39:53.45","#OP2387",50.00,68.00,93.00,120.90,"2023-03-11","130111145","PO",4,,,,"","ALMA","OP2387A1",30069,8002,"2023-03-15","2023-04-20","USD",93.00,100,"3XS:20|2XS:20|XS:20|S:10|M:10|L:10|XL:10"
250026,"2022-09-15 08:39:53.45","#OP2388",50.00,68.00,93.00,120.90,"2023-03-11","130111146","PO",4,,,,"","ALMA","OP2388A1",30070,1002,"2023-03-15","2023-04-20","USD",93.00,100,"3XS:20|2XS:20|XS:20|S:10|M:10|L:10|XL:10"
250027,"2022-09-15 08:39:53.45","#OP2389",50.00,68.00,93.00,120.90,"2023-03-11","130111146","PO",4,,,,"","ALMA","OP2389A0",30071,1016,"2023-03-15","2023-04-20","USD",93.00,100,"3XS:20|2XS:20|XS:20|S:10|M:10|L:10|XL:10"
250028,"2022-09-15 08:39:53.45","#OP2390",50.00,68.00,93.00,120.90,"2023-03-11","130111146","PO",4,,,,"","ALMA","OP2390A1",30072,3002,"2023-03-15","2023-04-20","USD",93.00,100,"3XS:20|2XS:20|XS:20|S:10|M:10|L:10|XL:10"
250029,"2022-09-15 08:39:53.45","#OP2391",50.00,68.00,93.00,120.90,"2023-03-11","130111146","PO",4,,,,"","ALMA","OP2391A0",30073,4002,"2023-03-15","2023-04-20","USD",93.00,100,"3XS:20|2XS:20|XS:20|S:10|M:10|L:10|XL:10"
250026,"2022-09-15 08:39:53.45","#OP2392",50.00,68.00,93.00,120.90,"2023-03-11","130111146","PO",4,,,,"","ALMA","OP2392A1",30029,5002,"2023-03-15","2023-04-20","USD",93.00,100,"3XS:20|2XS:20|XS:20|S:10|M:10|L:10|XL:10"
250027,"2022-09-15 08:39:53.45","#OP2393",50.00,68.00,93.00,120.90,"2023-03-11","130111146","PO",4,,,,"","ALMA","OP2393A0",30013,6002,"2023-03-15","2023-04-20","USD",93.00,100,"3XS:20|2XS:20|XS:20|S:10|M:10|L:10|XL:10"
250028,"2022-09-15 08:39:53.45","#OP2394",50.00,68.00,93.00,120.90,"2023-03-11","130111146","PO",4,,,,"","ALMA","OP2394A1",30022,8002,"2023-03-15","2023-04-20","USD",93.00,100,"3XS:20|2XS:20|XS:20|S:10|M:10|L:10|XL:10"
250026,"2022-09-15 08:39:53.45","#OP2395",50.00,68.00,93.00,120.90,"2023-03-11","130111163","PO",4,,,,"","ALMA","OP2395A1",30045,1002,"2023-03-15","2023-04-20","USD",93.00,100,"3XS:20|2XS:20|XS:20|S:10|M:10|L:10|XL:10"
250027,"2022-09-15 08:39:53.45","#OP2396",50.00,68.00,93.00,120.90,"2023-03-11","130111163","PO",4,,,,"","ALMA","OP2396A0",30046,1016,"2023-03-15","2023-04-20","USD",93.00,100,"3XS:20|2XS:20|XS:20|S:10|M:10|L:10|XL:10"
250028,"2022-09-15 08:39:53.45","#OP2397",50.00,68.00,93.00,120.90,"2023-03-11","130111163","PO",4,,,,"","ALMA","OP2397A1",30047,3002,"2023-03-15","2023-04-20","USD",93.00,100,"3XS:20|2XS:20|XS:20|S:10|M:10|L:10|XL:10"
250029,"2022-09-15 08:39:53.45","#OP2398",50.00,68.00,93.00,120.90,"2023-03-11","130111163","PO",4,,,,"","ALMA","OP2398A0",30065,4002,"2023-03-15","2023-04-20","USD",93.00,100,"3XS:20|2XS:20|XS:20|S:10|M:10|L:10|XL:10"
250026,"2022-09-15 08:39:53.45","#OP2399",50.00,68.00,93.00,120.90,"2023-03-11","130111163","PO",4,,,,"","ALMA","OP2399A1",30074,5002,"2023-03-15","2023-04-20","USD",93.00,100,"3XS:20|2XS:20|XS:20|S:10|M:10|L:10|XL:10"
250027,"2022-09-15 08:39:53.45","#OP2400",50.00,68.00,93.00,120.90,"2023-03-11","130111163","PO",4,,,,"","ALMA","OP2400A0",30075,6002,"2023-03-15","2023-04-20","USD",93.00,100,"3XS:20|2XS:20|XS:20|S:10|M:10|L:10|XL:10"
250028,"2022-09-15 08:39:53.45","#OP2401",50.00,68.00,93.00,120.90,"2023-03-11","130111163","PO",4,,,,"","ALMA","OP2401A1",30025,8002,"2023-03-15","2023-04-20","USD",93.00,100,"3XS:20|2XS:20|XS:20|S:10|M:10|L:10|XL:10"
250026,"2022-09-15 08:39:53.45","#OP2402",50.00,68.00,93.00,120.90,"2023-03-11","130111183","PO",4,,,,"","ALMA","OP2402A1",30026,1002,"2023-03-15","2023-04-20","USD",93.00,100,"3XS:20|2XS:20|XS:20|S:10|M:10|L:10|XL:10"
250027,"2022-09-15 08:39:53.45","#OP2403",50.00,68.00,93.00,120.90,"2023-03-11","130111183","PO",4,,,,"","ALMA","OP2403A0",30027,1016,"2023-03-15","2023-04-20","USD",93.00,100,"3XS:20|2XS:20|XS:20|S:10|M:10|L:10|XL:10"
250028,"2022-09-15 08:39:53.45","#OP2404",50.00,68.00,93.00,120.90,"2023-03-11","130111183","PO",4,,,,"","ALMA","OP2404A1",30066,3002,"2023-03-15","2023-04-20","USD",93.00,100,"3XS:20|2XS:20|XS:20|S:10|M:10|L:10|XL:10"
250029,"2022-09-15 08:39:53.45","#OP2405",50.00,68.00,93.00,120.90,"2023-03-11","130111183","PO",4,,,,"","ALMA","OP2405A0",30067,4002,"2023-03-15","2023-04-20","USD",93.00,100,"3XS:20|2XS:20|XS:20|S:10|M:10|L:10|XL:10"
250026,"2022-09-15 08:39:53.45","#OP2406",50.00,68.00,93.00,120.90,"2023-03-11","130111183","PO",4,,,,"","ALMA","OP2406A1",30068,5002,"2023-03-15","2023-04-20","USD",93.00,100,"3XS:20|2XS:20|XS:20|S:10|M:10|L:10|XL:10"
250027,"2022-09-15 08:39:53.45","#OP2407",50.00,68.00,93.00,120.90,"2023-03-11","130111183","PO",4,,,,"","ALMA","OP2407A0",30069,6002,"2023-03-15","2023-04-20","USD",93.00,100,"3XS:20|2XS:20|XS:20|S:10|M:10|L:10|XL:10"
250028,"2022-09-15 08:39:53.45","#OP2408",50.00,68.00,93.00,120.90,"2023-03-11","130111183","PO",4,,,,"","ALMA","OP2408A1",30070,8002,"2023-03-15","2023-04-20","USD",93.00,100,"3XS:20|2XS:20|XS:20|S:10|M:10|L:10|XL:10"
250026,"2022-09-15 08:39:53.45","#OP2409",50.00,68.00,93.00,120.90,"2023-03-11","130111184","PO",4,,,,"","ALMA","OP2409A1",30071,1002,"2023-03-15","2023-04-20","USD",93.00,100,"3XS:20|2XS:20|XS:20|S:10|M:10|L:10|XL:10"
250027,"2022-09-15 08:39:53.45","#OP2410",50.00,68.00,93.00,120.90,"2023-03-11","130111184","PO",4,,,,"","ALMA","OP2410A0",30072,1016,"2023-03-15","2023-04-20","USD",93.00,100,"3XS:20|2XS:20|XS:20|S:10|M:10|L:10|XL:10"
250028,"2022-09-15 08:39:53.45","#OP2411",50.00,68.00,93.00,120.90,"2023-03-11","130111184","PO",4,,,,"","ALMA","OP2411A1",30073,3002,"2023-03-15","2023-04-20","USD",93.00,100,"3XS:20|2XS:20|XS:20|S:10|M:10|L:10|XL:10"
250029,"2022-09-15 08:39:53.45","#OP2412",50.00,68.00,93.00,120.90,"2023-03-11","130111184","PO",4,,,,"","ALMA","OP2412A0",30029,4002,"2023-03-15","2023-04-20","USD",93.00,100,"3XS:20|2XS:20|XS:20|S:10|M:10|L:10|XL:10"
250026,"2022-09-15 08:39:53.45","#OP2413",50.00,68.00,93.00,120.90,"2023-03-11","130111184","PO",4,,,,"","ALMA","OP2413A1",30013,5002,"2023-03-15","2023-04-20","USD",93.00,100,"3XS:20|2XS:20|XS:20|S:10|M:10|L:10|XL:10"
250027,"2022-09-15 08:39:53.45","#OP2414",50.00,68.00,93.00,120.90,"2023-03-11","130111184","PO",4,,,,"","ALMA","OP2414A0",30022,6002,"2023-03-15","2023-04-20","USD",93.00,100,"3XS:20|2XS:20|XS:20|S:10|M:10|L:10|XL:10"
250028,"2022-09-15 08:39:53.45","#OP2415",50.00,68.00,93.00,120.90,"2023-03-11","130111184","PO",4,,,,"","ALMA","OP2415A1",30045,8002,"2023-03-15","2023-04-20","USD",93.00,100,"3XS:20|2XS:20|XS:20|S:10|M:10|L:10|XL:10"
250026,"2022-09-15 08:39:53.45","#OP2416",50.00,68.00,93.00,120.90,"2023-03-11","130111186","PO",4,,,,"","ALMA","OP2416A1",30046,1002,"2023-03-15","2023-04-20","USD",93.00,100,"3XS:20|2XS:20|XS:20|S:10|M:10|L:10|XL:10"
250027,"2022-09-15 08:39:53.45","#OP2417",50.00,68.00,93.00,120.90,"2023-03-11","130111186","PO",4,,,,"","ALMA","OP2417A0",30047,1016,"2023-03-15","2023-04-20","USD",93.00,100,"3XS:20|2XS:20|XS:20|S:10|M:10|L:10|XL:10"
250028,"2022-09-15 08:39:53.45","#OP2418",50.00,68.00,93.00,120.90,"2023-03-11","130111186","PO",4,,,,"","ALMA","OP2418A1",30065,3002,"2023-03-15","2023-04-20","USD",93.00,100,"3XS:20|2XS:20|XS:20|S:10|M:10|L:10|XL:10"
250029,"2022-09-15 08:39:53.45","#OP2419",50.00,68.00,93.00,120.90,"2023-03-11","130111186","PO",4,,,,"","ALMA","OP2419A0",30074,4002,"2023-03-15","2023-04-20","USD",93.00,100,"3XS:20|2XS:20|XS:20|S:10|M:10|L:10|XL:10"
250026,"2022-09-15 08:39:53.45","#OP2420",50.00,68.00,93.00,120.90,"2023-03-11","130111186","PO",4,,,,"","ALMA","OP2420A1",30075,5002,"2023-03-15","2023-04-20","USD",93.00,100,"3XS:20|2XS:20|XS:20|S:10|M:10|L:10|XL:10"
250027,"2022-09-15 08:39:53.45","#OP2421",50.00,68.00,93.00,120.90,"2023-03-11","130111186","PO",4,,,,"","ALMA","OP2421A0",30025,6002,"2023-03-15","2023-04-20","USD",93.00,100,"3XS:20|2XS:20|XS:20|S:10|M:10|L:10|XL:10"
250028,"2022-09-15 08:39:53.45","#OP2422",50.00,68.00,93.00,120.90,"2023-03-11","130111186","PO",4,,,,"","ALMA","OP2422A1",30026,8002,"2023-03-15","2023-04-20","USD",93.00,100,"3XS:20|2XS:20|XS:20|S:10|M:10|L:10|XL:10"
250026,"2022-09-15 08:39:53.45","#OP2423",50.00,68.00,93.00,120.90,"2023-03-11","130111200","PO",4,,,,"","ALMA","OP2423A1",30027,1002,"2023-03-15","2023-04-20","USD",93.00,100,"3XS:20|2XS:20|XS:20|S:10|M:10|L:10|XL:10"
250027,"2022-09-15 08:39:53.45","#OP2424",50.00,68.00,93.00,120.90,"2023-03-11","130111200","PO",4,,,,"","ALMA","OP2424A0",30066,1016,"2023-03-15","2023-04-20","USD",93.00,100,"3XS:20|2XS:20|XS:20|S:10|M:10|L:10|XL:10"
250028,"2022-09-15 08:39:53.45","#OP2425",50.00,68.00,93.00,120.90,"2023-03-11","130111200","PO",4,,,,"","ALMA","OP2425A1",30067,3002,"2023-03-15","2023-04-20","USD",93.00,100,"3XS:20|2XS:20|XS:20|S:10|M:10|L:10|XL:10"
250029,"2022-09-15 08:39:53.45","#OP2426",50.00,68.00,93.00,120.90,"2023-03-11","130111200","PO",4,,,,"","ALMA","OP2426A0",30068,4002,"2023-03-15","2023-04-20","USD",93.00,100,"3XS:20|2XS:20|XS:20|S:10|M:10|L:10|XL:10"
250026,"2022-09-15 08:39:53.45","#OP2427",50.00,68.00,93.00,120.90,"2023-03-11","130111200","PO",4,,,,"","ALMA","OP2427A1",30069,5002,"2023-03-15","2023-04-20","USD",93.00,100,"3XS:20|2XS:20|XS:20|S:10|M:10|L:10|XL:10"
250027,"2022-09-15 08:39:53.45","#OP2428",50.00,68.00,93.00,120.90,"2023-03-11","130111200","PO",4,,,,"","ALMA","OP2428A0",30070,6002,"2023-03-15","2023-04-20","USD",93.00,100,"3XS:20|2XS:20|XS:20|S:10|M:10|L:10|XL:10"
250028,"2022-09-15 08:39:53.45","#OP2429",50.00,68.00,93.00,120.90,"2023-03-11","130111200","PO",4,,,,"","ALMA","OP2429A1",30071,8002,"2023-03-15","2023-04-20","USD",93.00,100,"3XS:20|2XS:20|XS:20|S:10|M:10|L:10|XL:10"
250026,"2022-09-15 08:39:53.45","#OP2430",50.00,68.00,93.00,120.90,"2023-03-11","130111204","PO",4,,,,"","ALMA","OP2430A1",30072,1002,"2023-03-15","2023-04-20","USD",93.00,100,"3XS:20|2XS:20|XS:20|S:10|M:10|L:10|XL:10"
250027,"2022-09-15 08:39:53.45","#OP2431",50.00,68.00,93.00,120.90,"2023-03-11","130111204","PO",4,,,,"","ALMA","OP2431A0",30073,1016,"2023-03-15","2023-04-20","USD",93.00,100,"3XS:20|2XS:20|XS:20|S:10|M:10|L:10|XL:10"
250028,"2022-09-15 08:39:53.45","#OP2432",50.00,68.00,93.00,120.90,"2023-03-11","130111204","PO",4,,,,"","ALMA","OP2432A1",30029,3002,"2023-03-15","2023-04-20","USD",93.00,100,"3XS:20|2XS:20|XS:20|S:10|M:10|L:10|XL:10"
250029,"2022-09-15 08:39:53.45","#OP2433",50.00,68.00,93.00,120.90,"2023-03-11","130111204","PO",4,,,,"","ALMA","OP2433A0",30013,4002,"2023-03-15","2023-04-20","USD",93.00,100,"3XS:20|2XS:20|XS:20|S:10|M:10|L:10|XL:10"
250026,"2022-09-15 08:39:53.45","#OP2434",50.00,68.00,93.00,120.90,"2023-03-11","130111204","PO",4,,,,"","ALMA","OP2434A1",30022,5002,"2023-03-15","2023-04-20","USD",93.00,100,"3XS:20|2XS:20|XS:20|S:10|M:10|L:10|XL:10"
250027,"2022-09-15 08:39:53.45","#OP2435",50.00,68.00,93.00,120.90,"2023-03-11","130111204","PO",4,,,,"","ALMA","OP2435A0",30045,6002,"2023-03-15","2023-04-20","USD",93.00,100,"3XS:20|2XS:20|XS:20|S:10|M:10|L:10|XL:10"
250028,"2022-09-15 08:39:53.45","#OP2436",50.00,68.00,93.00,120.90,"2023-03-11","130111204","PO",4,,,,"","ALMA","OP2436A1",30046,8002,"2023-03-15","2023-04-20","USD",93.00,100,"3XS:20|2XS:20|XS:20|S:10|M:10|L:10|XL:10"
250026,"2022-09-15 08:39:53.45","#OP2437",50.00,68.00,93.00,120.90,"2023-03-11","130111207","PO",4,,,,"","ALMA","OP2437A1",30047,1002,"2023-03-15","2023-04-20","USD",93.00,100,"3XS:20|2XS:20|XS:20|S:10|M:10|L:10|XL:10"
250027,"2022-09-15 08:39:53.45","#OP2438",50.00,68.00,93.00,120.90,"2023-03-11","130111207","PO",4,,,,"","ALMA","OP2438A0",30065,1016,"2023-03-15","2023-04-20","USD",93.00,100,"3XS:20|2XS:20|XS:20|S:10|M:10|L:10|XL:10"
250028,"2022-09-15 08:39:53.45","#OP2439",50.00,68.00,93.00,120.90,"2023-03-11","130111207","PO",4,,,,"","ALMA","OP2439A1",30074,3002,"2023-03-15","2023-04-20","USD",93.00,100,"3XS:20|2XS:20|XS:20|S:10|M:10|L:10|XL:10"
250029,"2022-09-15 08:39:53.45","#OP2440",50.00,68.00,93.00,120.90,"2023-03-11","130111207","PO",4,,,,"","ALMA","OP2440A0",30075,4002,"2023-03-15","2023-04-20","USD",93.00,100,"3XS:20|2XS:20|XS:20|S:10|M:10|L:10|XL:10"
250026,"2022-09-15 08:39:53.45","#OP2441",50.00,68.00,93.00,120.90,"2023-03-11","130111207","PO",4,,,,"","ALMA","OP2441A1",30025,5002,"2023-03-15","2023-04-20","USD",93.00,100,"3XS:20|2XS:20|XS:20|S:10|M:10|L:10|XL:10"
250027,"2022-09-15 08:39:53.45","#OP2442",50.00,68.00,93.00,120.90,"2023-03-11","130111207","PO",4,,,,"","ALMA","OP2442A0",30026,6002,"2023-03-15","2023-04-20","USD",93.00,100,"3XS:20|2XS:20|XS:20|S:10|M:10|L:10|XL:10"
250028,"2022-09-15 08:39:53.45","#OP2443",50.00,68.00,93.00,120.90,"2023-03-11","130111207","PO",4,,,,"","ALMA","OP2443A1",30027,8002,"2023-03-15","2023-04-20","USD",93.00,100,"3XS:20|2XS:20|XS:20|S:10|M:10|L:10|XL:10"
250026,"2022-09-15 08:39:53.45","#OP2444",50.00,68.00,93.00,120.90,"2023-03-11","130111224","PO",4,,,,"","ALMA","OP2444A1",30066,1002,"2023-03-15","2023-04-20","USD",93.00,100,"3XS:20|2XS:20|XS:20|S:10|M:10|L:10|XL:10"
250027,"2022-09-15 08:39:53.45","#OP2445",50.00,68.00,93.00,120.90,"2023-03-11","130111224","PO",4,,,,"","ALMA","OP2445A0",30067,1016,"2023-03-15","2023-04-20","USD",93.00,100,"3XS:20|2XS:20|XS:20|S:10|M:10|L:10|XL:10"
250028,"2022-09-15 08:39:53.45","#OP2446",50.00,68.00,93.00,120.90,"2023-03-11","130111224","PO",4,,,,"","ALMA","OP2446A1",30068,3002,"2023-03-15","2023-04-20","USD",93.00,100,"3XS:20|2XS:20|XS:20|S:10|M:10|L:10|XL:10"
250029,"2022-09-15 08:39:53.45","#OP2447",50.00,68.00,93.00,120.90,"2023-03-11","130111224","PO",4,,,,"","ALMA","OP2447A0",30069,4002,"2023-03-15","2023-04-20","USD",93.00,100,"3XS:20|2XS:20|XS:20|S:10|M:10|L:10|XL:10"
250026,"2022-09-15 08:39:53.45","#OP2448",50.00,68.00,93.00,120.90,"2023-03-11","130111224","PO",4,,,,"","ALMA","OP2448A1",30070,5002,"2023-03-15","2023-04-20","USD",93.00,100,"3XS:20|2XS:20|XS:20|S:10|M:10|L:10|XL:10"
250027,"2022-09-15 08:39:53.45","#OP2449",50.00,68.00,93.00,120.90,"2023-03-11","130111224","PO",4,,,,"","ALMA","OP2449A0",30071,6002,"2023-03-15","2023-04-20","USD",93.00,100,"3XS:20|2XS:20|XS:20|S:10|M:10|L:10|XL:10"
250028,"2022-09-15 08:39:53.45","#OP2450",50.00,68.00,93.00,120.90,"2023-03-11","130111224","PO",4,,,,"","ALMA","OP2450A1",30072,8002,"2023-03-15","2023-04-20","USD",93.00,100,"3XS:20|2XS:20|XS:20|S:10|M:10|L:10|XL:10"
250026,"2022-09-15 08:39:53.45","#OP2451",50.00,68.00,93.00,120.90,"2023-03-11","130111227","PO",4,,,,"","ALMA","OP2451A1",30073,1002,"2023-03-15","2023-04-20","USD",93.00,100,"3XS:20|2XS:20|XS:20|S:10|M:10|L:10|XL:10"
250027,"2022-09-15 08:39:53.45","#OP2452",50.00,68.00,93.00,120.90,"2023-03-11","130111227","PO",4,,,,"","ALMA","OP2452A0",30029,1016,"2023-03-15","2023-04-20","USD",93.00,100,"3XS:20|2XS:20|XS:20|S:10|M:10|L:10|XL:10"
250028,"2022-09-15 08:39:53.45","#OP2453",50.00,68.00,93.00,120.90,"2023-03-11","130111227","PO",4,,,,"","ALMA","OP2453A1",30013,3002,"2023-03-15","2023-04-20","USD",93.00,100,"3XS:20|2XS:20|XS:20|S:10|M:10|L:10|XL:10"
250029,"2022-09-15 08:39:53.45","#OP2454",50.00,68.00,93.00,120.90,"2023-03-11","130111227","PO",4,,,,"","ALMA","OP2454A0",30022,4002,"2023-03-15","2023-04-20","USD",93.00,100,"3XS:20|2XS:20|XS:20|S:10|M:10|L:10|XL:10"
250026,"2022-09-15 08:39:53.45","#OP2455",50.00,68.00,93.00,120.90,"2023-03-11","130111227","PO",4,,,,"","ALMA","OP2455A1",30045,5002,"2023-03-15","2023-04-20","USD",93.00,100,"3XS:20|2XS:20|XS:20|S:10|M:10|L:10|XL:10"
250027,"2022-09-15 08:39:53.45","#OP2456",50.00,68.00,93.00,120.90,"2023-03-11","130111227","PO",4,,,,"","ALMA","OP2456A0",30046,6002,"2023-03-15","2023-04-20","USD",93.00,100,"3XS:20|2XS:20|XS:20|S:10|M:10|L:10|XL:10"
250028,"2022-09-15 08:39:53.45","#OP2457",50.00,68.00,93.00,120.90,"2023-03-11","130111227","PO",4,,,,"","ALMA","OP2457A1",30047,8002,"2023-03-15","2023-04-20","USD",93.00,100,"3XS:20|2XS:20|XS:20|S:10|M:10|L:10|XL:10"
250026,"2022-09-15 08:39:53.45","#OP2458",50.00,68.00,93.00,120.90,"2023-03-11","130111232","PO",4,,,,"","ALMA","OP2458A1",30065,1002,"2023-03-15","2023-04-20","USD",93.00,100,"3XS:20|2XS:20|XS:20|S:10|M:10|L:10|XL:10"
250027,"2022-09-15 08:39:53.45","#OP2459",50.00,68.00,93.00,120.90,"2023-03-11","130111232","PO",4,,,,"","ALMA","OP2459A0",30074,1016,"2023-03-15","2023-04-20","USD",93.00,100,"3XS:20|2XS:20|XS:20|S:10|M:10|L:10|XL:10"
250028,"2022-09-15 08:39:53.45","#OP2460",50.00,68.00,93.00,120.90,"2023-03-11","130111232","PO",4,,,,"","ALMA","OP2460A1",30075,3002,"2023-03-15","2023-04-20","USD",93.00,100,"3XS:20|2XS:20|XS:20|S:10|M:10|L:10|XL:10"
250029,"2022-09-15 08:39:53.45","#OP2461",50.00,68.00,93.00,120.90,"2023-03-11","130111232","PO",4,,,,"","ALMA","OP2461A0",30025,4002,"2023-03-15","2023-04-20","USD",93.00,100,"3XS:20|2XS:20|XS:20|S:10|M:10|L:10|XL:10"
250026,"2022-09-15 08:39:53.45","#OP2462",50.00,68.00,93.00,120.90,"2023-03-11","130111232","PO",4,,,,"","ALMA","OP2462A1",30026,5002,"2023-03-15","2023-04-20","USD",93.00,100,"3XS:20|2XS:20|XS:20|S:10|M:10|L:10|XL:10"
250027,"2022-09-15 08:39:53.45","#OP2463",50.00,68.00,93.00,120.90,"2023-03-11","130111232","PO",4,,,,"","ALMA","OP2463A0",30027,6002,"2023-03-15","2023-04-20","USD",93.00,100,"3XS:20|2XS:20|XS:20|S:10|M:10|L:10|XL:10"
250028,"2022-09-15 08:39:53.45","#OP2464",50.00,68.00,93.00,120.90,"2023-03-11","130111232","PO",4,,,,"","ALMA","OP2464A1",30066,8002,"2023-03-15","2023-04-20","USD",93.00,100,"3XS:20|2XS:20|XS:20|S:10|M:10|L:10|XL:10"
250026,"2022-09-15 08:39:53.45","#OP2465",50.00,68.00,93.00,120.90,"2023-03-11","130111238","PO",4,,,,"","ALMA","OP2465A1",30067,1002,"2023-03-15","2023-04-20","USD",93.00,100,"3XS:20|2XS:20|XS:20|S:10|M:10|L:10|XL:10"
250027,"2022-09-15 08:39:53.45","#OP2466",50.00,68.00,93.00,120.90,"2023-03-11","130111238","PO",4,,,,"","ALMA","OP2466A0",30068,1016,"2023-03-15","2023-04-20","USD",93.00,100,"3XS:20|2XS:20|XS:20|S:10|M:10|L:10|XL:10"
250028,"2022-09-15 08:39:53.45","#OP2467",50.00,68.00,93.00,120.90,"2023-03-11","130111238","PO",4,,,,"","ALMA","OP2467A1",30069,3002,"2023-03-15","2023-04-20","USD",93.00,100,"3XS:20|2XS:20|XS:20|S:10|M:10|L:10|XL:10"
250029,"2022-09-15 08:39:53.45","#OP2468",50.00,68.00,93.00,120.90,"2023-03-11","130111238","PO",4,,,,"","ALMA","OP2468A0",30070,4002,"2023-03-15","2023-04-20","USD",93.00,100,"3XS:20|2XS:20|XS:20|S:10|M:10|L:10|XL:10"
250026,"2022-09-15 08:39:53.45","#OP2469",50.00,68.00,93.00,120.90,"2023-03-11","130111238","PO",4,,,,"","ALMA","OP2469A1",30071,5002,"2023-03-15","2023-04-20","USD",93.00,100,"3XS:20|2XS:20|XS:20|S:10|M:10|L:10|XL:10"
250027,"2022-09-15 08:39:53.45","#OP2470",50.00,68.00,93.00,120.90,"2023-03-11","130111238","PO",4,,,,"","ALMA","OP2470A0",30072,6002,"2023-03-15","2023-04-20","USD",93.00,100,"3XS:20|2XS:20|XS:20|S:10|M:10|L:10|XL:10"
250028,"2022-09-15 08:39:53.45","#OP2471",50.00,68.00,93.00,120.90,"2023-03-11","130111238","PO",4,,,,"","ALMA","OP2471A1",30073,8002,"2023-03-15","2023-04-20","USD",93.00,100,"3XS:20|2XS:20|XS:20|S:10|M:10|L:10|XL:10"
250026,"2022-09-15 08:39:53.45","#OP2472",50.00,68.00,93.00,120.90,"2023-03-11","130111250","PO",4,,,,"","ALMA","OP2472A1",30029,1002,"2023-03-15","2023-04-20","USD",93.00,100,"3XS:20|2XS:20|XS:20|S:10|M:10|L:10|XL:10"
250027,"2022-09-15 08:39:53.45","#OP2473",50.00,68.00,93.00,120.90,"2023-03-11","130111250","PO",4,,,,"","ALMA","OP2473A0",30013,1016,"2023-03-15","2023-04-20","USD",93.00,100,"3XS:20|2XS:20|XS:20|S:10|M:10|L:10|XL:10"
250028,"2022-09-15 08:39:53.45","#OP2474",50.00,68.00,93.00,120.90,"2023-03-11","130111250","PO",4,,,,"","ALMA","OP2474A1",30022,3002,"2023-03-15","2023-04-20","USD",93.00,100,"3XS:20|2XS:20|XS:20|S:10|M:10|L:10|XL:10"
250029,"2022-09-15 08:39:53.45","#OP2475",50.00,68.00,93.00,120.90,"2023-03-11","130111250","PO",4,,,,"","ALMA","OP2475A0",30045,4002,"2023-03-15","2023-04-20","USD",93.00,100,"3XS:20|2XS:20|XS:20|S:10|M:10|L:10|XL:10"
250026,"2022-09-15 08:39:53.45","#OP2476",50.00,68.00,93.00,120.90,"2023-03-11","130111250","PO",4,,,,"","ALMA","OP2476A1",30046,5002,"2023-03-15","2023-04-20","USD",93.00,100,"3XS:20|2XS:20|XS:20|S:10|M:10|L:10|XL:10"
250027,"2022-09-15 08:39:53.45","#OP2477",50.00,68.00,93.00,120.90,"2023-03-11","130111250","PO",4,,,,"","ALMA","OP2477A0",30047,6002,"2023-03-15","2023-04-20","USD",93.00,100,"3XS:20|2XS:20|XS:20|S:10|M:10|L:10|XL:10"
250028,"2022-09-15 08:39:53.45","#OP2478",50.00,68.00,93.00,120.90,"2023-03-11","130111250","PO",4,,,,"","ALMA","OP2478A1",30065,8002,"2023-03-15","2023-04-20","USD",93.00,100,"3XS:20|2XS:20|XS:20|S:10|M:10|L:10|XL:10"
250026,"2022-09-15 08:39:53.45","#OP2479",50.00,68.00,93.00,120.90,"2023-03-11","130111260","PO",4,,,,"","ALMA","OP2479A1",30074,1002,"2023-03-15","2023-04-20","USD",93.00,100,"3XS:20|2XS:20|XS:20|S:10|M:10|L:10|XL:10"
250027,"2022-09-15 08:39:53.45","#OP2480",50.00,68.00,93.00,120.90,"2023-03-11","130111260","PO",4,,,,"","ALMA","OP2480A0",30075,1016,"2023-03-15","2023-04-20","USD",93.00,100,"3XS:20|2XS:20|XS:20|S:10|M:10|L:10|XL:10"
250028,"2022-09-15 08:39:53.45","#OP2481",50.00,68.00,93.00,120.90,"2023-03-11","130111260","PO",4,,,,"","ALMA","OP2481A1",30025,3002,"2023-03-15","2023-04-20","USD",93.00,100,"3XS:20|2XS:20|XS:20|S:10|M:10|L:10|XL:10"
250029,"2022-09-15 08:39:53.45","#OP2482",50.00,68.00,93.00,120.90,"2023-03-11","130111260","PO",4,,,,"","ALMA","OP2482A0",30026,4002,"2023-03-15","2023-04-20","USD",93.00,100,"3XS:20|2XS:20|XS:20|S:10|M:10|L:10|XL:10"
250026,"2022-09-15 08:39:53.45","#OP2483",50.00,68.00,93.00,120.90,"2023-03-11","130111260","PO",4,,,,"","ALMA","OP2483A1",30027,5002,"2023-03-15","2023-04-20","USD",93.00,100,"3XS:20|2XS:20|XS:20|S:10|M:10|L:10|XL:10"
250027,"2022-09-15 08:39:53.45","#OP2484",50.00,68.00,93.00,120.90,"2023-03-11","130111260","PO",4,,,,"","ALMA","OP2484A0",30066,6002,"2023-03-15","2023-04-20","USD",93.00,100,"3XS:20|2XS:20|XS:20|S:10|M:10|L:10|XL:10"
250028,"2022-09-15 08:39:53.45","#OP2485",50.00,68.00,93.00,120.90,"2023-03-11","130111260","PO",4,,,,"","ALMA","OP2485A1",30067,8002,"2023-03-15","2023-04-20","USD",93.00,100,"3XS:20|2XS:20|XS:20|S:10|M:10|L:10|XL:10"
250026,"2022-09-15 08:39:53.45","#OP2486",50.00,68.00,93.00,120.90,"2023-03-11","130111264","PO",4,,,,"","ALMA","OP2486A1",30068,1002,"2023-03-15","2023-04-20","USD",93.00,100,"3XS:20|2XS:20|XS:20|S:10|M:10|L:10|XL:10"
250027,"2022-09-15 08:39:53.45","#OP2487",50.00,68.00,93.00,120.90,"2023-03-11","130111264","PO",4,,,,"","ALMA","OP2487A0",30069,1016,"2023-03-15","2023-04-20","USD",93.00,100,"3XS:20|2XS:20|XS:20|S:10|M:10|L:10|XL:10"
250028,"2022-09-15 08:39:53.45","#OP2488",50.00,68.00,93.00,120.90,"2023-03-11","130111264","PO",4,,,,"","ALMA","OP2488A1",30070,3002,"2023-03-15","2023-04-20","USD",93.00,100,"3XS:20|2XS:20|XS:20|S:10|M:10|L:10|XL:10"
250029,"2022-09-15 08:39:53.45","#OP2489",50.00,68.00,93.00,120.90,"2023-03-11","130111264","PO",4,,,,"","ALMA","OP2489A0",30071,4002,"2023-03-15","2023-04-20","USD",93.00,100,"3XS:20|2XS:20|XS:20|S:10|M:10|L:10|XL:10"
250026,"2022-09-15 08:39:53.45","#OP2490",50.00,68.00,93.00,120.90,"2023-03-11","130111264","PO",4,,,,"","ALMA","OP2490A1",30072,5002,"2023-03-15","2023-04-20","USD",93.00,100,"3XS:20|2XS:20|XS:20|S:10|M:10|L:10|XL:10"
250027,"2022-09-15 08:39:53.45","#OP2491",50.00,68.00,93.00,120.90,"2023-03-11","130111264","PO",4,,,,"","ALMA","OP2491A0",30073,6002,"2023-03-15","2023-04-20","USD",93.00,100,"3XS:20|2XS:20|XS:20|S:10|M:10|L:10|XL:10"
250028,"2022-09-15 08:39:53.45","#OP2492",50.00,68.00,93.00,120.90,"2023-03-11","130111264","PO",4,,,,"","ALMA","OP2492A1",30029,8002,"2023-03-15","2023-04-20","USD",93.00,100,"3XS:20|2XS:20|XS:20|S:10|M:10|L:10|XL:10"
250026,"2022-09-15 08:39:53.45","#OP2493",50.00,68.00,93.00,120.90,"2023-03-11","130111268","PO",4,,,,"","ALMA","OP2493A1",30013,1002,"2023-03-15","2023-04-20","USD",93.00,100,"3XS:20|2XS:20|XS:20|S:10|M:10|L:10|XL:10"
250027,"2022-09-15 08:39:53.45","#OP2494",50.00,68.00,93.00,120.90,"2023-03-11","130111268","PO",4,,,,"","ALMA","OP2494A0",30022,1016,"2023-03-15","2023-04-20","USD",93.00,100,"3XS:20|2XS:20|XS:20|S:10|M:10|L:10|XL:10"
250028,"2022-09-15 08:39:53.45","#OP2495",50.00,68.00,93.00,120.90,"2023-03-11","130111268","PO",4,,,,"","ALMA","OP2495A1",30045,3002,"2023-03-15","2023-04-20","USD",93.00,100,"3XS:20|2XS:20|XS:20|S:10|M:10|L:10|XL:10"
250029,"2022-09-15 08:39:53.45","#OP2496",50.00,68.00,93.00,120.90,"2023-03-11","130111268","PO",4,,,,"","ALMA","OP2496A0",30046,4002,"2023-03-15","2023-04-20","USD",93.00,100,"3XS:20|2XS:20|XS:20|S:10|M:10|L:10|XL:10"
250026,"2022-09-15 08:39:53.45","#OP2497",50.00,68.00,93.00,120.90,"2023-03-11","130111268","PO",4,,,,"","ALMA","OP2497A1",30047,5002,"2023-03-15","2023-04-20","USD",93.00,100,"3XS:20|2XS:20|XS:20|S:10|M:10|L:10|XL:10"
250027,"2022-09-15 08:39:53.45","#OP2498",50.00,68.00,93.00,120.90,"2023-03-11","130111268","PO",4,,,,"","ALMA","OP2498A0",30065,6002,"2023-03-15","2023-04-20","USD",93.00,100,"3XS:20|2XS:20|XS:20|S:10|M:10|L:10|XL:10"
250028,"2022-09-15 08:39:53.45","#OP2499",50.00,68.00,93.00,120.90,"2023-03-11","130111268","PO",4,,,,"","ALMA","OP2499A1",30074,8002,"2023-03-15","2023-04-20","USD",93.00,100,"3XS:20|2XS:20|XS:20|S:10|M:10|L:10|XL:10"
250026,"2022-09-15 08:39:53.45","#OP2500",50.00,68.00,93.00,120.90,"2023-03-11","130111277","PO",4,,,,"","ALMA","OP2500A1",30075,1002,"2023-03-15","2023-04-20","USD",93.00,100,"3XS:20|2XS:20|XS:20|S:10|M:10|L:10|XL:10"
250027,"2022-09-15 08:39:53.45","#OP2501",50.00,68.00,93.00,120.90,"2023-03-11","130111277","PO",4,,,,"","ALMA","OP2501A0",30025,1016,"2023-03-15","2023-04-20","USD",93.00,100,"3XS:20|2XS:20|XS:20|S:10|M:10|L:10|XL:10"
250028,"2022-09-15 08:39:53.45","#OP2502",50.00,68.00,93.00,120.90,"2023-03-11","130111277","PO",4,,,,"","ALMA","OP2502A1",30026,3002,"2023-03-15","2023-04-20","USD",93.00,100,"3XS:20|2XS:20|XS:20|S:10|M:10|L:10|XL:10"
250029,"2022-09-15 08:39:53.45","#OP2503",50.00,68.00,93.00,120.90,"2023-03-11","130111277","PO",4,,,,"","ALMA","OP2503A0",30027,4002,"2023-03-15","2023-04-20","USD",93.00,100,"3XS:20|2XS:20|XS:20|S:10|M:10|L:10|XL:10"
250026,"2022-09-15 08:39:53.45","#OP2504",50.00,68.00,93.00,120.90,"2023-03-11","130111277","PO",4,,,,"","ALMA","OP2504A1",30066,5002,"2023-03-15","2023-04-20","USD",93.00,100,"3XS:20|2XS:20|XS:20|S:10|M:10|L:10|XL:10"
250027,"2022-09-15 08:39:53.45","#OP2505",50.00,68.00,93.00,120.90,"2023-03-11","130111277","PO",4,,,,"","ALMA","OP2505A0",30067,6002,"2023-03-15","2023-04-20","USD",93.00,100,"3XS:20|2XS:20|XS:20|S:10|M:10|L:10|XL:10"
250028,"2022-09-15 08:39:53.45","#OP2506",50.00,68.00,93.00,120.90,"2023-03-11","130111277","PO",4,,,,"","ALMA","OP2506A1",30068,8002,"2023-03-15","2023-04-20","USD",93.00,100,"3XS:20|2XS:20|XS:20|S:10|M:10|L:10|XL:10"
250026,"2022-09-15 08:39:53.45","#OP2507",50.00,68.00,93.00,120.90,"2023-03-11","130111292","PO",4,,,,"","ALMA","OP2507A1",30069,1002,"2023-03-15","2023-04-20","USD",93.00,100,"3XS:20|2XS:20|XS:20|S:10|M:10|L:10|XL:10"
250027,"2022-09-15 08:39:53.45","#OP2508",50.00,68.00,93.00,120.90,"2023-03-11","130111292","PO",4,,,,"","ALMA","OP2508A0",30070,1016,"2023-03-15","2023-04-20","USD",93.00,100,"3XS:20|2XS:20|XS:20|S:10|M:10|L:10|XL:10"
250028,"2022-09-15 08:39:53.45","#OP2509",50.00,68.00,93.00,120.90,"2023-03-11","130111292","PO",4,,,,"","ALMA","OP2509A1",30071,3002,"2023-03-15","2023-04-20","USD",93.00,100,"3XS:20|2XS:20|XS:20|S:10|M:10|L:10|XL:10"
250029,"2022-09-15 08:39:53.45","#OP2510",50.00,68.00,93.00,120.90,"2023-03-11","130111292","PO",4,,,,"","ALMA","OP2510A0",30072,4002,"2023-03-15","2023-04-20","USD",93.00,100,"3XS:20|2XS:20|XS:20|S:10|M:10|L:10|XL:10"
250026,"2022-09-15 08:39:53.45","#OP2511",50.00,68.00,93.00,120.90,"2023-03-11","130111292","PO",4,,,,"","ALMA","OP2511A1",30073,5002,"2023-03-15","2023-04-20","USD",93.00,100,"3XS:20|2XS:20|XS:20|S:10|M:10|L:10|XL:10"
250027,"2022-09-15 08:39:53.45","#OP2512",50.00,68.00,93.00,120.90,"2023-03-11","130111292","PO",4,,,,"","ALMA","OP2512A0",30029,6002,"2023-03-15","2023-04-20","USD",93.00,100,"3XS:20|2XS:20|XS:20|S:10|M:10|L:10|XL:10"
250028,"2022-09-15 08:39:53.45","#OP2513",50.00,68.00,93.00,120.90,"2023-03-11","130111292","PO",4,,,,"","ALMA","OP2513A1",30013,8002,"2023-03-15","2023-04-20","USD",93.00,100,"3XS:20|2XS:20|XS:20|S:10|M:10|L:10|XL:10"
250026,"2022-09-15 08:39:53.45","#OP2514",50.00,68.00,93.00,120.90,"2023-03-11","130111295","PO",4,,,,"","ALMA","OP2514A1",30022,1002,"2023-03-15","2023-04-20","USD",93.00,100,"3XS:20|2XS:20|XS:20|S:10|M:10|L:10|XL:10"
250027,"2022-09-15 08:39:53.45","#OP2515",50.00,68.00,93.00,120.90,"2023-03-11","130111295","PO",4,,,,"","ALMA","OP2515A0",30045,1016,"2023-03-15","2023-04-20","USD",93.00,100,"3XS:20|2XS:20|XS:20|S:10|M:10|L:10|XL:10"
250028,"2022-09-15 08:39:53.45","#OP2516",50.00,68.00,93.00,120.90,"2023-03-11","130111295","PO",4,,,,"","ALMA","OP2516A1",30046,3002,"2023-03-15","2023-04-20","USD",93.00,100,"3XS:20|2XS:20|XS:20|S:10|M:10|L:10|XL:10"
250029,"2022-09-15 08:39:53.45","#OP2517",50.00,68.00,93.00,120.90,"2023-03-11","130111295","PO",4,,,,"","ALMA","OP2517A0",30047,4002,"2023-03-15","2023-04-20","USD",93.00,100,"3XS:20|2XS:20|XS:20|S:10|M:10|L:10|XL:10"
250026,"2022-09-15 08:39:53.45","#OP2518",50.00,68.00,93.00,120.90,"2023-03-11","130111295","PO",4,,,,"","ALMA","OP2518A1",30065,5002,"2023-03-15","2023-04-20","USD",93.00,100,"3XS:20|2XS:20|XS:20|S:10|M:10|L:10|XL:10"
250027,"2022-09-15 08:39:53.45","#OP2519",50.00,68.00,93.00,120.90,"2023-03-11","130111295","PO",4,,,,"","ALMA","OP2519A0",30074,6002,"2023-03-15","2023-04-20","USD",93.00,100,"3XS:20|2XS:20|XS:20|S:10|M:10|L:10|XL:10"
250028,"2022-09-15 08:39:53.45","#OP2520",50.00,68.00,93.00,120.90,"2023-03-11","130111295","PO",4,,,,"","ALMA","OP2520A1",30075,8002,"2023-03-15","2023-04-20","USD",93.00,100,"3XS:20|2XS:20|XS:20|S:10|M:10|L:10|XL:10"
250026,"2022-09-15 08:39:53.45","#OP2521",50.00,68.00,93.00,120.90,"2023-03-11","130111300","PO",4,,,,"","ALMA","OP2521A1",30025,1002,"2023-03-15","2023-04-20","USD",93.00,100,"3XS:20|2XS:20|XS:20|S:10|M:10|L:10|XL:10"
250027,"2022-09-15 08:39:53.45","#OP2522",50.00,68.00,93.00,120.90,"2023-03-11","130111300","PO",4,,,,"","ALMA","OP2522A0",30026,1016,"2023-03-15","2023-04-20","USD",93.00,100,"3XS:20|2XS:20|XS:20|S:10|M:10|L:10|XL:10"
250028,"2022-09-15 08:39:53.45","#OP2523",50.00,68.00,93.00,120.90,"2023-03-11","130111300","PO",4,,,,"","ALMA","OP2523A1",30027,3002,"2023-03-15","2023-04-20","USD",93.00,100,"3XS:20|2XS:20|XS:20|S:10|M:10|L:10|XL:10"
250029,"2022-09-15 08:39:53.45","#OP2524",50.00,68.00,93.00,120.90,"2023-03-11","130111300","PO",4,,,,"","ALMA","OP2524A0",30066,4002,"2023-03-15","2023-04-20","USD",93.00,100,"3XS:20|2XS:20|XS:20|S:10|M:10|L:10|XL:10"
250026,"2022-09-15 08:39:53.45","#OP2525",50.00,68.00,93.00,120.90,"2023-03-11","130111300","PO",4,,,,"","ALMA","OP2525A1",30067,5002,"2023-03-15","2023-04-20","USD",93.00,100,"3XS:20|2XS:20|XS:20|S:10|M:10|L:10|XL:10"
250027,"2022-09-15 08:39:53.45","#OP2526",50.00,68.00,93.00,120.90,"2023-03-11","130111300","PO",4,,,,"","ALMA","OP2526A0",30068,6002,"2023-03-15","2023-04-20","USD",93.00,100,"3XS:20|2XS:20|XS:20|S:10|M:10|L:10|XL:10"
250028,"2022-09-15 08:39:53.45","#OP2527",50.00,68.00,93.00,120.90,"2023-03-11","130111300","PO",4,,,,"","ALMA","OP2527A1",30069,8002,"2023-03-15","2023-04-20","USD",93.00,100,"3XS:20|2XS:20|XS:20|S:10|M:10|L:10|XL:10"
250026,"2022-09-15 08:39:53.45","#OP2528",50.00,68.00,93.00,120.90,"2023-03-11","130111307","PO",4,,,,"","ALMA","OP2528A1",30070,1002,"2023-03-15","2023-04-20","USD",93.00,100,"3XS:20|2XS:20|XS:20|S:10|M:10|L:10|XL:10"
250027,"2022-09-15 08:39:53.45","#OP2529",50.00,68.00,93.00,120.90,"2023-03-11","130111307","PO",4,,,,"","ALMA","OP2529A0",30071,1016,"2023-03-15","2023-04-20","USD",93.00,100,"3XS:20|2XS:20|XS:20|S:10|M:10|L:10|XL:10"
250028,"2022-09-15 08:39:53.45","#OP2530",50.00,68.00,93.00,120.90,"2023-03-11","130111307","PO",4,,,,"","ALMA","OP2530A1",30072,3002,"2023-03-15","2023-04-20","USD",93.00,100,"3XS:20|2XS:20|XS:20|S:10|M:10|L:10|XL:10"
250029,"2022-09-15 08:39:53.45","#OP2531",50.00,68.00,93.00,120.90,"2023-03-11","130111307","PO",4,,,,"","ALMA","OP2531A0",30073,4002,"2023-03-15","2023-04-20","USD",93.00,100,"3XS:20|2XS:20|XS:20|S:10|M:10|L:10|XL:10"
250026,"2022-09-15 08:39:53.45","#OP2532",50.00,68.00,93.00,120.90,"2023-03-11","130111307","PO",4,,,,"","ALMA","OP2532A1",30029,5002,"2023-03-15","2023-04-20","USD",93.00,100,"3XS:20|2XS:20|XS:20|S:10|M:10|L:10|XL:10"
250027,"2022-09-15 08:39:53.45","#OP2533",50.00,68.00,93.00,120.90,"2023-03-11","130111307","PO",4,,,,"","ALMA","OP2533A0",30013,6002,"2023-03-15","2023-04-20","USD",93.00,100,"3XS:20|2XS:20|XS:20|S:10|M:10|L:10|XL:10"
250028,"2022-09-15 08:39:53.45","#OP2534",50.00,68.00,93.00,120.90,"2023-03-11","130111307","PO",4,,,,"","ALMA","OP2534A1",30022,8002,"2023-03-15","2023-04-20","USD",93.00,100,"3XS:20|2XS:20|XS:20|S:10|M:10|L:10|XL:10"
250026,"2022-09-15 08:39:53.45","#OP2535",50.00,68.00,93.00,120.90,"2023-03-11","130111313","PO",4,,,,"","ALMA","OP2535A1",30045,1002,"2023-03-15","2023-04-20","USD",93.00,100,"3XS:20|2XS:20|XS:20|S:10|M:10|L:10|XL:10"
250027,"2022-09-15 08:39:53.45","#OP2536",50.00,68.00,93.00,120.90,"2023-03-11","130111313","PO",4,,,,"","ALMA","OP2536A0",30046,1016,"2023-03-15","2023-04-20","USD",93.00,100,"3XS:20|2XS:20|XS:20|S:10|M:10|L:10|XL:10"
250028,"2022-09-15 08:39:53.45","#OP2537",50.00,68.00,93.00,120.90,"2023-03-11","130111313","PO",4,,,,"","ALMA","OP2537A1",30047,3002,"2023-03-15","2023-04-20","USD",93.00,100,"3XS:20|2XS:20|XS:20|S:10|M:10|L:10|XL:10"
250029,"2022-09-15 08:39:53.45","#OP2538",50.00,68.00,93.00,120.90,"2023-03-11","130111313","PO",4,,,,"","ALMA","OP2538A0",30065,4002,"2023-03-15","2023-04-20","USD",93.00,100,"3XS:20|2XS:20|XS:20|S:10|M:10|L:10|XL:10"
250026,"2022-09-15 08:39:53.45","#OP2539",50.00,68.00,93.00,120.90,"2023-03-11","130111313","PO",4,,,,"","ALMA","OP2539A1",30074,5002,"2023-03-15","2023-04-20","USD",93.00,100,"3XS:20|2XS:20|XS:20|S:10|M:10|L:10|XL:10"
250027,"2022-09-15 08:39:53.45","#OP2540",50.00,68.00,93.00,120.90,"2023-03-11","130111313","PO",4,,,,"","ALMA","OP2540A0",30075,6002,"2023-03-15","2023-04-20","USD",93.00,100,"3XS:20|2XS:20|XS:20|S:10|M:10|L:10|XL:10"
250028,"2022-09-15 08:39:53.45","#OP2541",50.00,68.00,93.00,120.90,"2023-03-11","130111313","PO",4,,,,"","ALMA","OP2541A1",30025,8002,"2023-03-15","2023-04-20","USD",93.00,100,"3XS:20|2XS:20|XS:20|S:10|M:10|L:10|XL:10"
250026,"2022-09-15 08:39:53.45","#OP2542",50.00,68.00,93.00,120.90,"2023-03-11","130111325","PO",4,,,,"","ALMA","OP2542A1",30026,1002,"2023-03-15","2023-04-20","USD",93.00,100,"3XS:20|2XS:20|XS:20|S:10|M:10|L:10|XL:10"
250027,"2022-09-15 08:39:53.45","#OP2543",50.00,68.00,93.00,120.90,"2023-03-11","130111325","PO",4,,,,"","ALMA","OP2543A0",30027,1016,"2023-03-15","2023-04-20","USD",93.00,100,"3XS:20|2XS:20|XS:20|S:10|M:10|L:10|XL:10"
250028,"2022-09-15 08:39:53.45","#OP2544",50.00,68.00,93.00,120.90,"2023-03-11","130111325","PO",4,,,,"","ALMA","OP2544A1",30066,3002,"2023-03-15","2023-04-20","USD",93.00,100,"3XS:20|2XS:20|XS:20|S:10|M:10|L:10|XL:10"
250029,"2022-09-15 08:39:53.45","#OP2545",50.00,68.00,93.00,120.90,"2023-03-11","130111325","PO",4,,,,"","ALMA","OP2545A0",30067,4002,"2023-03-15","2023-04-20","USD",93.00,100,"3XS:20|2XS:20|XS:20|S:10|M:10|L:10|XL:10"
250026,"2022-09-15 08:39:53.45","#OP2546",50.00,68.00,93.00,120.90,"2023-03-11","130111325","PO",4,,,,"","ALMA","OP2546A1",30068,5002,"2023-03-15","2023-04-20","USD",93.00,100,"3XS:20|2XS:20|XS:20|S:10|M:10|L:10|XL:10"
250027,"2022-09-15 08:39:53.45","#OP2547",50.00,68.00,93.00,120.90,"2023-03-11","130111325","PO",4,,,,"","ALMA","OP2547A0",30069,6002,"2023-03-15","2023-04-20","USD",93.00,100,"3XS:20|2XS:20|XS:20|S:10|M:10|L:10|XL:10"
250028,"2022-09-15 08:39:53.45","#OP2548",50.00,68.00,93.00,120.90,"2023-03-11","130111325","PO",4,,,,"","ALMA","OP2548A1",30070,8002,"2023-03-15","2023-04-20","USD",93.00,100,"3XS:20|2XS:20|XS:20|S:10|M:10|L:10|XL:10"
250026,"2022-09-15 08:39:53.45","#OP2549",50.00,68.00,93.00,120.90,"2023-03-11","130111335","PO",4,,,,"","ALMA","OP2549A1",30071,1002,"2023-03-15","2023-04-20","USD",93.00,100,"3XS:20|2XS:20|XS:20|S:10|M:10|L:10|XL:10"
250027,"2022-09-15 08:39:53.45","#OP2550",50.00,68.00,93.00,120.90,"2023-03-11","130111335","PO",4,,,,"","ALMA","OP2550A0",30072,1016,"2023-03-15","2023-04-20","USD",93.00,100,"3XS:20|2XS:20|XS:20|S:10|M:10|L:10|XL:10"
250028,"2022-09-15 08:39:53.45","#OP2551",50.00,68.00,93.00,120.90,"2023-03-11","130111335","PO",4,,,,"","ALMA","OP2551A1",30073,3002,"2023-03-15","2023-04-20","USD",93.00,100,"3XS:20|2XS:20|XS:20|S:10|M:10|L:10|XL:10"
250029,"2022-09-15 08:39:53.45","#OP2552",50.00,68.00,93.00,120.90,"2023-03-11","130111335","PO",4,,,,"","ALMA","OP2552A0",30029,4002,"2023-03-15","2023-04-20","USD",93.00,100,"3XS:20|2XS:20|XS:20|S:10|M:10|L:10|XL:10"
250026,"2022-09-15 08:39:53.45","#OP2553",50.00,68.00,93.00,120.90,"2023-03-11","130111335","PO",4,,,,"","ALMA","OP2553A1",30013,5002,"2023-03-15","2023-04-20","USD",93.00,100,"3XS:20|2XS:20|XS:20|S:10|M:10|L:10|XL:10"
250027,"2022-09-15 08:39:53.45","#OP2554",50.00,68.00,93.00,120.90,"2023-03-11","130111335","PO",4,,,,"","ALMA","OP2554A0",30022,6002,"2023-03-15","2023-04-20","USD",93.00,100,"3XS:20|2XS:20|XS:20|S:10|M:10|L:10|XL:10"
250028,"2022-09-15 08:39:53.45","#OP2555",50.00,68.00,93.00,120.90,"2023-03-11","130111335","PO",4,,,,"","ALMA","OP2555A1",30045,8002,"2023-03-15","2023-04-20","USD",93.00,100,"3XS:20|2XS:20|XS:20|S:10|M:10|L:10|XL:10"
250026,"2022-09-15 08:39:53.45","#OP2556",50.00,68.00,93.00,120.90,"2023-03-11","130111351","PO",4,,,,"","ALMA","OP2556A1",30046,1002,"2023-03-15","2023-04-20","USD",93.00,100,"3XS:20|2XS:20|XS:20|S:10|M:10|L:10|XL:10"
250027,"2022-09-15 08:39:53.45","#OP2557",50.00,68.00,93.00,120.90,"2023-03-11","130111351","PO",4,,,,"","ALMA","OP2557A0",30047,1016,"2023-03-15","2023-04-20","USD",93.00,100,"3XS:20|2XS:20|XS:20|S:10|M:10|L:10|XL:10"
250028,"2022-09-15 08:39:53.45","#OP2558",50.00,68.00,93.00,120.90,"2023-03-11","130111351","PO",4,,,,"","ALMA","OP2558A1",30065,3002,"2023-03-15","2023-04-20","USD",93.00,100,"3XS:20|2XS:20|XS:20|S:10|M:10|L:10|XL:10"
250029,"2022-09-15 08:39:53.45","#OP2559",50.00,68.00,93.00,120.90,"2023-03-11","130111351","PO",4,,,,"","ALMA","OP2559A0",30074,4002,"2023-03-15","2023-04-20","USD",93.00,100,"3XS:20|2XS:20|XS:20|S:10|M:10|L:10|XL:10"
250026,"2022-09-15 08:39:53.45","#OP2560",50.00,68.00,93.00,120.90,"2023-03-11","130111351","PO",4,,,,"","ALMA","OP2560A1",30075,5002,"2023-03-15","2023-04-20","USD",93.00,100,"3XS:20|2XS:20|XS:20|S:10|M:10|L:10|XL:10"
250027,"2022-09-15 08:39:53.45","#OP2561",50.00,68.00,93.00,120.90,"2023-03-11","130111351","PO",4,,,,"","ALMA","OP2561A0",30025,6002,"2023-03-15","2023-04-20","USD",93.00,100,"3XS:20|2XS:20|XS:20|S:10|M:10|L:10|XL:10"
250028,"2022-09-15 08:39:53.45","#OP2562",50.00,68.00,93.00,120.90,"2023-03-11","130111351","PO",4,,,,"","ALMA","OP2562A1",30026,8002,"2023-03-15","2023-04-20","USD",93.00,100,"3XS:20|2XS:20|XS:20|S:10|M:10|L:10|XL:10"
250026,"2022-09-15 08:39:53.45","#OP2563",50.00,68.00,93.00,120.90,"2023-03-11","130111352","PO",4,,,,"","ALMA","OP2563A1",30027,1002,"2023-03-15","2023-04-20","USD",93.00,100,"3XS:20|2XS:20|XS:20|S:10|M:10|L:10|XL:10"
250027,"2022-09-15 08:39:53.45","#OP2564",50.00,68.00,93.00,120.90,"2023-03-11","130111352","PO",4,,,,"","ALMA","OP2564A0",30066,1016,"2023-03-15","2023-04-20","USD",93.00,100,"3XS:20|2XS:20|XS:20|S:10|M:10|L:10|XL:10"
250028,"2022-09-15 08:39:53.45","#OP2565",50.00,68.00,93.00,120.90,"2023-03-11","130111352","PO",4,,,,"","ALMA","OP2565A1",30067,3002,"2023-03-15","2023-04-20","USD",93.00,100,"3XS:20|2XS:20|XS:20|S:10|M:10|L:10|XL:10"
250029,"2022-09-15 08:39:53.45","#OP2566",50.00,68.00,93.00,120.90,"2023-03-11","130111352","PO",4,,,,"","ALMA","OP2566A0",30068,4002,"2023-03-15","2023-04-20","USD",93.00,100,"3XS:20|2XS:20|XS:20|S:10|M:10|L:10|XL:10"
250026,"2022-09-15 08:39:53.45","#OP2567",50.00,68.00,93.00,120.90,"2023-03-11","130111352","PO",4,,,,"","ALMA","OP2567A1",30069,5002,"2023-03-15","2023-04-20","USD",93.00,100,"3XS:20|2XS:20|XS:20|S:10|M:10|L:10|XL:10"
250027,"2022-09-15 08:39:53.45","#OP2568",50.00,68.00,93.00,120.90,"2023-03-11","130111352","PO",4,,,,"","ALMA","OP2568A0",30070,6002,"2023-03-15","2023-04-20","USD",93.00,100,"3XS:20|2XS:20|XS:20|S:10|M:10|L:10|XL:10"
250028,"2022-09-15 08:39:53.45","#OP2569",50.00,68.00,93.00,120.90,"2023-03-11","130111352","PO",4,,,,"","ALMA","OP2569A1",30071,8002,"2023-03-15","2023-04-20","USD",93.00,100,"3XS:20|2XS:20|XS:20|S:10|M:10|L:10|XL:10"
250026,"2022-09-15 08:39:53.45","#OP2570",50.00,68.00,93.00,120.90,"2023-03-11","130111360","PO",4,,,,"","ALMA","OP2570A1",30072,1002,"2023-03-15","2023-04-20","USD",93.00,100,"3XS:20|2XS:20|XS:20|S:10|M:10|L:10|XL:10"
250027,"2022-09-15 08:39:53.45","#OP2571",50.00,68.00,93.00,120.90,"2023-03-11","130111360","PO",4,,,,"","ALMA","OP2571A0",30073,1016,"2023-03-15","2023-04-20","USD",93.00,100,"3XS:20|2XS:20|XS:20|S:10|M:10|L:10|XL:10"
250028,"2022-09-15 08:39:53.45","#OP2572",50.00,68.00,93.00,120.90,"2023-03-11","130111360","PO",4,,,,"","ALMA","OP2572A1",30029,3002,"2023-03-15","2023-04-20","USD",93.00,100,"3XS:20|2XS:20|XS:20|S:10|M:10|L:10|XL:10"
250029,"2022-09-15 08:39:53.45","#OP2573",50.00,68.00,93.00,120.90,"2023-03-11","130111360","PO",4,,,,"","ALMA","OP2573A0",30013,4002,"2023-03-15","2023-04-20","USD",93.00,100,"3XS:20|2XS:20|XS:20|S:10|M:10|L:10|XL:10"
250026,"2022-09-15 08:39:53.45","#OP2574",50.00,68.00,93.00,120.90,"2023-03-11","130111360","PO",4,,,,"","ALMA","OP2574A1",30022,5002,"2023-03-15","2023-04-20","USD",93.00,100,"3XS:20|2XS:20|XS:20|S:10|M:10|L:10|XL:10"
250027,"2022-09-15 08:39:53.45","#OP2575",50.00,68.00,93.00,120.90,"2023-03-11","130111360","PO",4,,,,"","ALMA","OP2575A0",30045,6002,"2023-03-15","2023-04-20","USD",93.00,100,"3XS:20|2XS:20|XS:20|S:10|M:10|L:10|XL:10"
250028,"2022-09-15 08:39:53.45","#OP2576",50.00,68.00,93.00,120.90,"2023-03-11","130111360","PO",4,,,,"","ALMA","OP2576A1",30046,8002,"2023-03-15","2023-04-20","USD",93.00,100,"3XS:20|2XS:20|XS:20|S:10|M:10|L:10|XL:10"
250026,"2022-09-15 08:39:53.45","#OP2577",50.00,68.00,93.00,120.90,"2023-03-11","130111366","PO",4,,,,"","ALMA","OP2577A1",30047,1002,"2023-03-15","2023-04-20","USD",93.00,100,"3XS:20|2XS:20|XS:20|S:10|M:10|L:10|XL:10"
250027,"2022-09-15 08:39:53.45","#OP2578",50.00,68.00,93.00,120.90,"2023-03-11","130111366","PO",4,,,,"","ALMA","OP2578A0",30065,1016,"2023-03-15","2023-04-20","USD",93.00,100,"3XS:20|2XS:20|XS:20|S:10|M:10|L:10|XL:10"
250028,"2022-09-15 08:39:53.45","#OP2579",50.00,68.00,93.00,120.90,"2023-03-11","130111366","PO",4,,,,"","ALMA","OP2579A1",30074,3002,"2023-03-15","2023-04-20","USD",93.00,100,"3XS:20|2XS:20|XS:20|S:10|M:10|L:10|XL:10"
250029,"2022-09-15 08:39:53.45","#OP2580",50.00,68.00,93.00,120.90,"2023-03-11","130111366","PO",4,,,,"","ALMA","OP2580A0",30075,4002,"2023-03-15","2023-04-20","USD",93.00,100,"3XS:20|2XS:20|XS:20|S:10|M:10|L:10|XL:10"
250026,"2022-09-15 08:39:53.45","#OP2581",50.00,68.00,93.00,120.90,"2023-03-11","130111366","PO",4,,,,"","ALMA","OP2581A1",30025,5002,"2023-03-15","2023-04-20","USD",93.00,100,"3XS:20|2XS:20|XS:20|S:10|M:10|L:10|XL:10"
250027,"2022-09-15 08:39:53.45","#OP2582",50.00,68.00,93.00,120.90,"2023-03-11","130111366","PO",4,,,,"","ALMA","OP2582A0",30026,6002,"2023-03-15","2023-04-20","USD",93.00,100,"3XS:20|2XS:20|XS:20|S:10|M:10|L:10|XL:10"
250028,"2022-09-15 08:39:53.45","#OP2583",50.00,68.00,93.00,120.90,"2023-03-11","130111366","PO",4,,,,"","ALMA","OP2583A1",30027,8002,"2023-03-15","2023-04-20","USD",93.00,100,"3XS:20|2XS:20|XS:20|S:10|M:10|L:10|XL:10"
250026,"2022-09-15 08:39:53.45","#OP2584",50.00,68.00,93.00,120.90,"2023-03-11","130111375","PO",4,,,,"","ALMA","OP2584A1",30066,1002,"2023-03-15","2023-04-20","USD",93.00,100,"3XS:20|2XS:20|XS:20|S:10|M:10|L:10|XL:10"
250027,"2022-09-15 08:39:53.45","#OP2585",50.00,68.00,93.00,120.90,"2023-03-11","130111375","PO",4,,,,"","ALMA","OP2585A0",30067,1016,"2023-03-15","2023-04-20","USD",93.00,100,"3XS:20|2XS:20|XS:20|S:10|M:10|L:10|XL:10"
250028,"2022-09-15 08:39:53.45","#OP2586",50.00,68.00,93.00,120.90,"2023-03-11","130111375","PO",4,,,,"","ALMA","OP2586A1",30068,3002,"2023-03-15","2023-04-20","USD",93.00,100,"3XS:20|2XS:20|XS:20|S:10|M:10|L:10|XL:10"
250029,"2022-09-15 08:39:53.45","#OP2587",50.00,68.00,93.00,120.90,"2023-03-11","130111375","PO",4,,,,"","ALMA","OP2587A0",30069,4002,"2023-03-15","2023-04-20","USD",93.00,100,"3XS:20|2XS:20|XS:20|S:10|M:10|L:10|XL:10"
250026,"2022-09-15 08:39:53.45","#OP2588",50.00,68.00,93.00,120.90,"2023-03-11","130111375","PO",4,,,,"","ALMA","OP2588A1",30070,5002,"2023-03-15","2023-04-20","USD",93.00,100,"3XS:20|2XS:20|XS:20|S:10|M:10|L:10|XL:10"
250027,"2022-09-15 08:39:53.45","#OP2589",50.00,68.00,93.00,120.90,"2023-03-11","130111375","PO",4,,,,"","ALMA","OP2589A0",30071,6002,"2023-03-15","2023-04-20","USD",93.00,100,"3XS:20|2XS:20|XS:20|S:10|M:10|L:10|XL:10"
250028,"2022-09-15 08:39:53.45","#OP2590",50.00,68.00,93.00,120.90,"2023-03-11","130111375","PO",4,,,,"","ALMA","OP2590A1",30072,8002,"2023-03-15","2023-04-20","USD",93.00,100,"3XS:20|2XS:20|XS:20|S:10|M:10|L:10|XL:10"
250026,"2022-09-15 08:39:53.45","#OP2591",50.00,68.00,93.00,120.90,"2023-03-11","130111377","PO",4,,,,"","ALMA","OP2591A1",30073,1002,"2023-03-15","2023-04-20","USD",93.00,100,"3XS:20|2XS:20|XS:20|S:10|M:10|L:10|XL:10"
250027,"2022-09-15 08:39:53.45","#OP2592",50.00,68.00,93.00,120.90,"2023-03-11","130111377","PO",4,,,,"","ALMA","OP2592A0",30029,1016,"2023-03-15","2023-04-20","USD",93.00,100,"3XS:20|2XS:20|XS:20|S:10|M:10|L:10|XL:10"
250028,"2022-09-15 08:39:53.45","#OP2593",50.00,68.00,93.00,120.90,"2023-03-11","130111377","PO",4,,,,"","ALMA","OP2593A1",30013,3002,"2023-03-15","2023-04-20","USD",93.00,100,"3XS:20|2XS:20|XS:20|S:10|M:10|L:10|XL:10"
250029,"2022-09-15 08:39:53.45","#OP2594",50.00,68.00,93.00,120.90,"2023-03-11","130111377","PO",4,,,,"","ALMA","OP2594A0",30022,4002,"2023-03-15","2023-04-20","USD",93.00,100,"3XS:20|2XS:20|XS:20|S:10|M:10|L:10|XL:10"
250026,"2022-09-15 08:39:53.45","#OP2595",50.00,68.00,93.00,120.90,"2023-03-11","130111377","PO",4,,,,"","ALMA","OP2595A1",30045,5002,"2023-03-15","2023-04-20","USD",93.00,100,"3XS:20|2XS:20|XS:20|S:10|M:10|L:10|XL:10"
250027,"2022-09-15 08:39:53.45","#OP2596",50.00,68.00,93.00,120.90,"2023-03-11","130111377","PO",4,,,,"","ALMA","OP2596A0",30046,6002,"2023-03-15","2023-04-20","USD",93.00,100,"3XS:20|2XS:20|XS:20|S:10|M:10|L:10|XL:10"
250028,"2022-09-15 08:39:53.45","#OP2597",50.00,68.00,93.00,120.90,"2023-03-11","130111377","PO",4,,,,"","ALMA","OP2597A1",30047,8002,"2023-03-15","2023-04-20","USD",93.00,100,"3XS:20|2XS:20|XS:20|S:10|M:10|L:10|XL:10"
250026,"2022-09-15 08:39:53.45","#OP2598",50.00,68.00,93.00,120.90,"2023-03-11","130111384","PO",4,,,,"","ALMA","OP2598A1",30065,1002,"2023-03-15","2023-04-20","USD",93.00,100,"3XS:20|2XS:20|XS:20|S:10|M:10|L:10|XL:10"
250027,"2022-09-15 08:39:53.45","#OP2599",50.00,68.00,93.00,120.90,"2023-03-11","130111384","PO",4,,,,"","ALMA","OP2599A0",30074,1016,"2023-03-15","2023-04-20","USD",93.00,100,"3XS:20|2XS:20|XS:20|S:10|M:10|L:10|XL:10"
250028,"2022-09-15 08:39:53.45","#OP2600",50.00,68.00,93.00,120.90,"2023-03-11","130111384","PO",4,,,,"","ALMA","OP2600A1",30075,3002,"2023-03-15","2023-04-20","USD",93.00,100,"3XS:20|2XS:20|XS:20|S:10|M:10|L:10|XL:10"
250029,"2022-09-15 08:39:53.45","#OP2601",50.00,68.00,93.00,120.90,"2023-03-11","130111384","PO",4,,,,"","ALMA","OP2601A0",30025,4002,"2023-03-15","2023-04-20","USD",93.00,100,"3XS:20|2XS:20|XS:20|S:10|M:10|L:10|XL:10"
250026,"2022-09-15 08:39:53.45","#OP2602",50.00,68.00,93.00,120.90,"2023-03-11","130111384","PO",4,,,,"","ALMA","OP2602A1",30026,5002,"2023-03-15","2023-04-20","USD",93.00,100,"3XS:20|2XS:20|XS:20|S:10|M:10|L:10|XL:10"
250027,"2022-09-15 08:39:53.45","#OP2603",50.00,68.00,93.00,120.90,"2023-03-11","130111384","PO",4,,,,"","ALMA","OP2603A0",30027,6002,"2023-03-15","2023-04-20","USD",93.00,100,"3XS:20|2XS:20|XS:20|S:10|M:10|L:10|XL:10"
250028,"2022-09-15 08:39:53.45","#OP2604",50.00,68.00,93.00,120.90,"2023-03-11","130111384","PO",4,,,,"","ALMA","OP2604A1",30066,8002,"2023-03-15","2023-04-20","USD",93.00,100,"3XS:20|2XS:20|XS:20|S:10|M:10|L:10|XL:10"
250026,"2022-09-15 08:39:53.45","#OP2605",50.00,68.00,93.00,120.90,"2023-03-11","130111408","PO",4,,,,"","ALMA","OP2605A1",30067,1002,"2023-03-15","2023-04-20","USD",93.00,100,"3XS:20|2XS:20|XS:20|S:10|M:10|L:10|XL:10"
250027,"2022-09-15 08:39:53.45","#OP2606",50.00,68.00,93.00,120.90,"2023-03-11","130111408","PO",4,,,,"","ALMA","OP2606A0",30068,1016,"2023-03-15","2023-04-20","USD",93.00,100,"3XS:20|2XS:20|XS:20|S:10|M:10|L:10|XL:10"
250028,"2022-09-15 08:39:53.45","#OP2607",50.00,68.00,93.00,120.90,"2023-03-11","130111408","PO",4,,,,"","ALMA","OP2607A1",30069,3002,"2023-03-15","2023-04-20","USD",93.00,100,"3XS:20|2XS:20|XS:20|S:10|M:10|L:10|XL:10"
250029,"2022-09-15 08:39:53.45","#OP2608",50.00,68.00,93.00,120.90,"2023-03-11","130111408","PO",4,,,,"","ALMA","OP2608A0",30070,4002,"2023-03-15","2023-04-20","USD",93.00,100,"3XS:20|2XS:20|XS:20|S:10|M:10|L:10|XL:10"
250026,"2022-09-15 08:39:53.45","#OP2609",50.00,68.00,93.00,120.90,"2023-03-11","130111408","PO",4,,,,"","ALMA","OP2609A1",30071,5002,"2023-03-15","2023-04-20","USD",93.00,100,"3XS:20|2XS:20|XS:20|S:10|M:10|L:10|XL:10"
250027,"2022-09-15 08:39:53.45","#OP2610",50.00,68.00,93.00,120.90,"2023-03-11","130111408","PO",4,,,,"","ALMA","OP2610A0",30072,6002,"2023-03-15","2023-04-20","USD",93.00,100,"3XS:20|2XS:20|XS:20|S:10|M:10|L:10|XL:10"
250028,"2022-09-15 08:39:53.45","#OP2611",50.00,68.00,93.00,120.90,"2023-03-11","130111408","PO",4,,,,"","ALMA","OP2611A1",30073,8002,"2023-03-15","2023-04-20","USD",93.00,100,"3XS:20|2XS:20|XS:20|S:10|M:10|L:10|XL:10"
250026,"2022-09-15 08:39:53.45","#OP2612",50.00,68.00,93.00,120.90,"2023-03-11","130111411","PO",4,,,,"","ALMA","OP2612A1",30029,1002,"2023-03-15","2023-04-20","USD",93.00,100,"3XS:20|2XS:20|XS:20|S:10|M:10|L:10|XL:10"
250027,"2022-09-15 08:39:53.45","#OP2613",50.00,68.00,93.00,120.90,"2023-03-11","130111411","PO",4,,,,"","ALMA","OP2613A0",30013,1016,"2023-03-15","2023-04-20","USD",93.00,100,"3XS:20|2XS:20|XS:20|S:10|M:10|L:10|XL:10"
250028,"2022-09-15 08:39:53.45","#OP2614",50.00,68.00,93.00,120.90,"2023-03-11","130111411","PO",4,,,,"","ALMA","OP2614A1",30022,3002,"2023-03-15","2023-04-20","USD",93.00,100,"3XS:20|2XS:20|XS:20|S:10|M:10|L:10|XL:10"
250029,"2022-09-15 08:39:53.45","#OP2615",50.00,68.00,93.00,120.90,"2023-03-11","130111411","PO",4,,,,"","ALMA","OP2615A0",30045,4002,"2023-03-15","2023-04-20","USD",93.00,100,"3XS:20|2XS:20|XS:20|S:10|M:10|L:10|XL:10"
250026,"2022-09-15 08:39:53.45","#OP2616",50.00,68.00,93.00,120.90,"2023-03-11","130111411","PO",4,,,,"","ALMA","OP2616A1",30046,5002,"2023-03-15","2023-04-20","USD",93.00,100,"3XS:20|2XS:20|XS:20|S:10|M:10|L:10|XL:10"
250027,"2022-09-15 08:39:53.45","#OP2617",50.00,68.00,93.00,120.90,"2023-03-11","130111411","PO",4,,,,"","ALMA","OP2617A0",30047,6002,"2023-03-15","2023-04-20","USD",93.00,100,"3XS:20|2XS:20|XS:20|S:10|M:10|L:10|XL:10"
250028,"2022-09-15 08:39:53.45","#OP2618",50.00,68.00,93.00,120.90,"2023-03-11","130111411","PO",4,,,,"","ALMA","OP2618A1",30065,8002,"2023-03-15","2023-04-20","USD",93.00,100,"3XS:20|2XS:20|XS:20|S:10|M:10|L:10|XL:10"
250026,"2022-09-15 08:39:53.45","#OP2619",50.00,68.00,93.00,120.90,"2023-03-11","130111430","PO",4,,,,"","ALMA","OP2619A1",30074,1002,"2023-03-15","2023-04-20","USD",93.00,100,"3XS:20|2XS:20|XS:20|S:10|M:10|L:10|XL:10"
250027,"2022-09-15 08:39:53.45","#OP2620",50.00,68.00,93.00,120.90,"2023-03-11","130111430","PO",4,,,,"","ALMA","OP2620A0",30075,1016,"2023-03-15","2023-04-20","USD",93.00,100,"3XS:20|2XS:20|XS:20|S:10|M:10|L:10|XL:10"
250028,"2022-09-15 08:39:53.45","#OP2621",50.00,68.00,93.00,120.90,"2023-03-11","130111430","PO",4,,,,"","ALMA","OP2621A1",30025,3002,"2023-03-15","2023-04-20","USD",93.00,100,"3XS:20|2XS:20|XS:20|S:10|M:10|L:10|XL:10"
250029,"2022-09-15 08:39:53.45","#OP2622",50.00,68.00,93.00,120.90,"2023-03-11","130111430","PO",4,,,,"","ALMA","OP2622A0",30026,4002,"2023-03-15","2023-04-20","USD",93.00,100,"3XS:20|2XS:20|XS:20|S:10|M:10|L:10|XL:10"
250026,"2022-09-15 08:39:53.45","#OP2623",50.00,68.00,93.00,120.90,"2023-03-11","130111430","PO",4,,,,"","ALMA","OP2623A1",30027,5002,"2023-03-15","2023-04-20","USD",93.00,100,"3XS:20|2XS:20|XS:20|S:10|M:10|L:10|XL:10"
250027,"2022-09-15 08:39:53.45","#OP2624",50.00,68.00,93.00,120.90,"2023-03-11","130111430","PO",4,,,,"","ALMA","OP2624A0",30066,6002,"2023-03-15","2023-04-20","USD",93.00,100,"3XS:20|2XS:20|XS:20|S:10|M:10|L:10|XL:10"
250028,"2022-09-15 08:39:53.45","#OP2625",50.00,68.00,93.00,120.90,"2023-03-11","130111430","PO",4,,,,"","ALMA","OP2625A1",30067,8002,"2023-03-15","2023-04-20","USD",93.00,100,"3XS:20|2XS:20|XS:20|S:10|M:10|L:10|XL:10"
250026,"2022-09-15 08:39:53.45","#OP2626",50.00,68.00,93.00,120.90,"2023-03-11","130111432","PO",4,,,,"","ALMA","OP2626A1",30068,1002,"2023-03-15","2023-04-20","USD",93.00,100,"3XS:20|2XS:20|XS:20|S:10|M:10|L:10|XL:10"
250027,"2022-09-15 08:39:53.45","#OP2627",50.00,68.00,93.00,120.90,"2023-03-11","130111432","PO",4,,,,"","ALMA","OP2627A0",30069,1016,"2023-03-15","2023-04-20","USD",93.00,100,"3XS:20|2XS:20|XS:20|S:10|M:10|L:10|XL:10"
250028,"2022-09-15 08:39:53.45","#OP2628",50.00,68.00,93.00,120.90,"2023-03-11","130111432","PO",4,,,,"","ALMA","OP2628A1",30070,3002,"2023-03-15","2023-04-20","USD",93.00,100,"3XS:20|2XS:20|XS:20|S:10|M:10|L:10|XL:10"
250029,"2022-09-15 08:39:53.45","#OP2629",50.00,68.00,93.00,120.90,"2023-03-11","130111432","PO",4,,,,"","ALMA","OP2629A0",30071,4002,"2023-03-15","2023-04-20","USD",93.00,100,"3XS:20|2XS:20|XS:20|S:10|M:10|L:10|XL:10"
250026,"2022-09-15 08:39:53.45","#OP2630",50.00,68.00,93.00,120.90,"2023-03-11","130111432","PO",4,,,,"","ALMA","OP2630A1",30072,5002,"2023-03-15","2023-04-20","USD",93.00,100,"3XS:20|2XS:20|XS:20|S:10|M:10|L:10|XL:10"
250027,"2022-09-15 08:39:53.45","#OP2631",50.00,68.00,93.00,120.90,"2023-03-11","130111432","PO",4,,,,"","ALMA","OP2631A0",30073,6002,"2023-03-15","2023-04-20","USD",93.00,100,"3XS:20|2XS:20|XS:20|S:10|M:10|L:10|XL:10"
250028,"2022-09-15 08:39:53.45","#OP2632",50.00,68.00,93.00,120.90,"2023-03-11","130111432","PO",4,,,,"","ALMA","OP2632A1",30029,8002,"2023-03-15","2023-04-20","USD",93.00,100,"3XS:20|2XS:20|XS:20|S:10|M:10|L:10|XL:10"
250026,"2022-09-15 08:39:53.45","#OP2633",50.00,68.00,93.00,120.90,"2023-03-11","130111439","PO",4,,,,"","ALMA","OP2633A1",30013,1002,"2023-03-15","2023-04-20","USD",93.00,100,"3XS:20|2XS:20|XS:20|S:10|M:10|L:10|XL:10"
250027,"2022-09-15 08:39:53.45","#OP2634",50.00,68.00,93.00,120.90,"2023-03-11","130111439","PO",4,,,,"","ALMA","OP2634A0",30022,1016,"2023-03-15","2023-04-20","USD",93.00,100,"3XS:20|2XS:20|XS:20|S:10|M:10|L:10|XL:10"
250028,"2022-09-15 08:39:53.45","#OP2635",50.00,68.00,93.00,120.90,"2023-03-11","130111439","PO",4,,,,"","ALMA","OP2635A1",30045,3002,"2023-03-15","2023-04-20","USD",93.00,100,"3XS:20|2XS:20|XS:20|S:10|M:10|L:10|XL:10"
250029,"2022-09-15 08:39:53.45","#OP2636",50.00,68.00,93.00,120.90,"2023-03-11","130111439","PO",4,,,,"","ALMA","OP2636A0",30046,4002,"2023-03-15","2023-04-20","USD",93.00,100,"3XS:20|2XS:20|XS:20|S:10|M:10|L:10|XL:10"
250026,"2022-09-15 08:39:53.45","#OP2637",50.00,68.00,93.00,120.90,"2023-03-11","130111439","PO",4,,,,"","ALMA","OP2637A1",30047,5002,"2023-03-15","2023-04-20","USD",93.00,100,"3XS:20|2XS:20|XS:20|S:10|M:10|L:10|XL:10"
250027,"2022-09-15 08:39:53.45","#OP2638",50.00,68.00,93.00,120.90,"2023-03-11","130111439","PO",4,,,,"","ALMA","OP2638A0",30065,6002,"2023-03-15","2023-04-20","USD",93.00,100,"3XS:20|2XS:20|XS:20|S:10|M:10|L:10|XL:10"
250028,"2022-09-15 08:39:53.45","#OP2639",50.00,68.00,93.00,120.90,"2023-03-11","130111439","PO",4,,,,"","ALMA","OP2639A1",30074,8002,"2023-03-15","2023-04-20","USD",93.00,100,"3XS:20|2XS:20|XS:20|S:10|M:10|L:10|XL:10"
250026,"2022-09-15 08:39:53.45","#OP2640",50.00,68.00,93.00,120.90,"2023-03-11","130111440","PO",4,,,,"","ALMA","OP2640A1",30075,1002,"2023-03-15","2023-04-20","USD",93.00,100,"3XS:20|2XS:20|XS:20|S:10|M:10|L:10|XL:10"
250027,"2022-09-15 08:39:53.45","#OP2641",50.00,68.00,93.00,120.90,"2023-03-11","130111440","PO",4,,,,"","ALMA","OP2641A0",30025,1016,"2023-03-15","2023-04-20","USD",93.00,100,"3XS:20|2XS:20|XS:20|S:10|M:10|L:10|XL:10"
250028,"2022-09-15 08:39:53.45","#OP2642",50.00,68.00,93.00,120.90,"2023-03-11","130111440","PO",4,,,,"","ALMA","OP2642A1",30026,3002,"2023-03-15","2023-04-20","USD",93.00,100,"3XS:20|2XS:20|XS:20|S:10|M:10|L:10|XL:10"
250029,"2022-09-15 08:39:53.45","#OP2643",50.00,68.00,93.00,120.90,"2023-03-11","130111440","PO",4,,,,"","ALMA","OP2643A0",30027,4002,"2023-03-15","2023-04-20","USD",93.00,100,"3XS:20|2XS:20|XS:20|S:10|M:10|L:10|XL:10"
250026,"2022-09-15 08:39:53.45","#OP2644",50.00,68.00,93.00,120.90,"2023-03-11","130111440","PO",4,,,,"","ALMA","OP2644A1",30066,5002,"2023-03-15","2023-04-20","USD",93.00,100,"3XS:20|2XS:20|XS:20|S:10|M:10|L:10|XL:10"
250027,"2022-09-15 08:39:53.45","#OP2645",50.00,68.00,93.00,120.90,"2023-03-11","130111440","PO",4,,,,"","ALMA","OP2645A0",30067,6002,"2023-03-15","2023-04-20","USD",93.00,100,"3XS:20|2XS:20|XS:20|S:10|M:10|L:10|XL:10"
250028,"2022-09-15 08:39:53.45","#OP2646",50.00,68.00,93.00,120.90,"2023-03-11","130111440","PO",4,,,,"","ALMA","OP2646A1",30068,8002,"2023-03-15","2023-04-20","USD",93.00,100,"3XS:20|2XS:20|XS:20|S:10|M:10|L:10|XL:10"
250026,"2022-09-15 08:39:53.45","#OP2647",50.00,68.00,93.00,120.90,"2023-03-11","130111454","PO",4,,,,"","ALMA","OP2647A1",30069,1002,"2023-03-15","2023-04-20","USD",93.00,100,"3XS:20|2XS:20|XS:20|S:10|M:10|L:10|XL:10"
250027,"2022-09-15 08:39:53.45","#OP2648",50.00,68.00,93.00,120.90,"2023-03-11","130111454","PO",4,,,,"","ALMA","OP2648A0",30070,1016,"2023-03-15","2023-04-20","USD",93.00,100,"3XS:20|2XS:20|XS:20|S:10|M:10|L:10|XL:10"
250028,"2022-09-15 08:39:53.45","#OP2649",50.00,68.00,93.00,120.90,"2023-03-11","130111454","PO",4,,,,"","ALMA","OP2649A1",30071,3002,"2023-03-15","2023-04-20","USD",93.00,100,"3XS:20|2XS:20|XS:20|S:10|M:10|L:10|XL:10"
250029,"2022-09-15 08:39:53.45","#OP2650",50.00,68.00,93.00,120.90,"2023-03-11","130111454","PO",4,,,,"","ALMA","OP2650A0",30072,4002,"2023-03-15","2023-04-20","USD",93.00,100,"3XS:20|2XS:20|XS:20|S:10|M:10|L:10|XL:10"
250026,"2022-09-15 08:39:53.45","#OP2651",50.00,68.00,93.00,120.90,"2023-03-11","130111454","PO",4,,,,"","ALMA","OP2651A1",30073,5002,"2023-03-15","2023-04-20","USD",93.00,100,"3XS:20|2XS:20|XS:20|S:10|M:10|L:10|XL:10"
250027,"2022-09-15 08:39:53.45","#OP2652",50.00,68.00,93.00,120.90,"2023-03-11","130111454","PO",4,,,,"","ALMA","OP2652A0",30029,6002,"2023-03-15","2023-04-20","USD",93.00,100,"3XS:20|2XS:20|XS:20|S:10|M:10|L:10|XL:10"
250028,"2022-09-15 08:39:53.45","#OP2653",50.00,68.00,93.00,120.90,"2023-03-11","130111454","PO",4,,,,"","ALMA","OP2653A1",30013,8002,"2023-03-15","2023-04-20","USD",93.00,100,"3XS:20|2XS:20|XS:20|S:10|M:10|L:10|XL:10"
250026,"2022-09-15 08:39:53.45","#OP2654",50.00,68.00,93.00,120.90,"2023-03-11","130111455","PO",4,,,,"","ALMA","OP2654A1",30022,1002,"2023-03-15","2023-04-20","USD",93.00,100,"3XS:20|2XS:20|XS:20|S:10|M:10|L:10|XL:10"
250027,"2022-09-15 08:39:53.45","#OP2655",50.00,68.00,93.00,120.90,"2023-03-11","130111455","PO",4,,,,"","ALMA","OP2655A0",30045,1016,"2023-03-15","2023-04-20","USD",93.00,100,"3XS:20|2XS:20|XS:20|S:10|M:10|L:10|XL:10"
250028,"2022-09-15 08:39:53.45","#OP2656",50.00,68.00,93.00,120.90,"2023-03-11","130111455","PO",4,,,,"","ALMA","OP2656A1",30046,3002,"2023-03-15","2023-04-20","USD",93.00,100,"3XS:20|2XS:20|XS:20|S:10|M:10|L:10|XL:10"
250029,"2022-09-15 08:39:53.45","#OP2657",50.00,68.00,93.00,120.90,"2023-03-11","130111455","PO",4,,,,"","ALMA","OP2657A0",30047,4002,"2023-03-15","2023-04-20","USD",93.00,100,"3XS:20|2XS:20|XS:20|S:10|M:10|L:10|XL:10"
250026,"2022-09-15 08:39:53.45","#OP2658",50.00,68.00,93.00,120.90,"2023-03-11","130111455","PO",4,,,,"","ALMA","OP2658A1",30065,5002,"2023-03-15","2023-04-20","USD",93.00,100,"3XS:20|2XS:20|XS:20|S:10|M:10|L:10|XL:10"
250027,"2022-09-15 08:39:53.45","#OP2659",50.00,68.00,93.00,120.90,"2023-03-11","130111455","PO",4,,,,"","ALMA","OP2659A0",30074,6002,"2023-03-15","2023-04-20","USD",93.00,100,"3XS:20|2XS:20|XS:20|S:10|M:10|L:10|XL:10"
250028,"2022-09-15 08:39:53.45","#OP2660",50.00,68.00,93.00,120.90,"2023-03-11","130111455","PO",4,,,,"","ALMA","OP2660A1",30075,8002,"2023-03-15","2023-04-20","USD",93.00,100,"3XS:20|2XS:20|XS:20|S:10|M:10|L:10|XL:10"
250026,"2022-09-15 08:39:53.45","#OP2661",50.00,68.00,93.00,120.90,"2023-03-11","130111458","PO",4,,,,"","ALMA","OP2661A1",30025,1002,"2023-03-15","2023-04-20","USD",93.00,100,"3XS:20|2XS:20|XS:20|S:10|M:10|L:10|XL:10"
250027,"2022-09-15 08:39:53.45","#OP2662",50.00,68.00,93.00,120.90,"2023-03-11","130111458","PO",4,,,,"","ALMA","OP2662A0",30026,1016,"2023-03-15","2023-04-20","USD",93.00,100,"3XS:20|2XS:20|XS:20|S:10|M:10|L:10|XL:10"
250028,"2022-09-15 08:39:53.45","#OP2663",50.00,68.00,93.00,120.90,"2023-03-11","130111458","PO",4,,,,"","ALMA","OP2663A1",30027,3002,"2023-03-15","2023-04-20","USD",93.00,100,"3XS:20|2XS:20|XS:20|S:10|M:10|L:10|XL:10"
250029,"2022-09-15 08:39:53.45","#OP2664",50.00,68.00,93.00,120.90,"2023-03-11","130111458","PO",4,,,,"","ALMA","OP2664A0",30066,4002,"2023-03-15","2023-04-20","USD",93.00,100,"3XS:20|2XS:20|XS:20|S:10|M:10|L:10|XL:10"
250026,"2022-09-15 08:39:53.45","#OP2665",50.00,68.00,93.00,120.90,"2023-03-11","130111458","PO",4,,,,"","ALMA","OP2665A1",30067,5002,"2023-03-15","2023-04-20","USD",93.00,100,"3XS:20|2XS:20|XS:20|S:10|M:10|L:10|XL:10"
250027,"2022-09-15 08:39:53.45","#OP2666",50.00,68.00,93.00,120.90,"2023-03-11","130111458","PO",4,,,,"","ALMA","OP2666A0",30068,6002,"2023-03-15","2023-04-20","USD",93.00,100,"3XS:20|2XS:20|XS:20|S:10|M:10|L:10|XL:10"
250028,"2022-09-15 08:39:53.45","#OP2667",50.00,68.00,93.00,120.90,"2023-03-11","130111458","PO",4,,,,"","ALMA","OP2667A1",30069,8002,"2023-03-15","2023-04-20","USD",93.00,100,"3XS:20|2XS:20|XS:20|S:10|M:10|L:10|XL:10"
250026,"2022-09-15 08:39:53.45","#OP2668",50.00,68.00,93.00,120.90,"2023-03-11","130111477","PO",4,,,,"","ALMA","OP2668A1",30070,1002,"2023-03-15","2023-04-20","USD",93.00,100,"3XS:20|2XS:20|XS:20|S:10|M:10|L:10|XL:10"
250027,"2022-09-15 08:39:53.45","#OP2669",50.00,68.00,93.00,120.90,"2023-03-11","130111477","PO",4,,,,"","ALMA","OP2669A0",30071,1016,"2023-03-15","2023-04-20","USD",93.00,100,"3XS:20|2XS:20|XS:20|S:10|M:10|L:10|XL:10"
250028,"2022-09-15 08:39:53.45","#OP2670",50.00,68.00,93.00,120.90,"2023-03-11","130111477","PO",4,,,,"","ALMA","OP2670A1",30072,3002,"2023-03-15","2023-04-20","USD",93.00,100,"3XS:20|2XS:20|XS:20|S:10|M:10|L:10|XL:10"
250029,"2022-09-15 08:39:53.45","#OP2671",50.00,68.00,93.00,120.90,"2023-03-11","130111477","PO",4,,,,"","ALMA","OP2671A0",30073,4002,"2023-03-15","2023-04-20","USD",93.00,100,"3XS:20|2XS:20|XS:20|S:10|M:10|L:10|XL:10"
250026,"2022-09-15 08:39:53.45","#OP2672",50.00,68.00,93.00,120.90,"2023-03-11","130111477","PO",4,,,,"","ALMA","OP2672A1",30029,5002,"2023-03-15","2023-04-20","USD",93.00,100,"3XS:20|2XS:20|XS:20|S:10|M:10|L:10|XL:10"
250027,"2022-09-15 08:39:53.45","#OP2673",50.00,68.00,93.00,120.90,"2023-03-11","130111477","PO",4,,,,"","ALMA","OP2673A0",30013,6002,"2023-03-15","2023-04-20","USD",93.00,100,"3XS:20|2XS:20|XS:20|S:10|M:10|L:10|XL:10"
250028,"2022-09-15 08:39:53.45","#OP2674",50.00,68.00,93.00,120.90,"2023-03-11","130111477","PO",4,,,,"","ALMA","OP2674A1",30022,8002,"2023-03-15","2023-04-20","USD",93.00,100,"3XS:20|2XS:20|XS:20|S:10|M:10|L:10|XL:10"
250026,"2022-09-15 08:39:53.45","#OP2675",50.00,68.00,93.00,120.90,"2023-03-11","130111486","PO",4,,,,"","ALMA","OP2675A1",30045,1002,"2023-03-15","2023-04-20","USD",93.00,100,"3XS:20|2XS:20|XS:20|S:10|M:10|L:10|XL:10"
250027,"2022-09-15 08:39:53.45","#OP2676",50.00,68.00,93.00,120.90,"2023-03-11","130111486","PO",4,,,,"","ALMA","OP2676A0",30046,1016,"2023-03-15","2023-04-20","USD",93.00,100,"3XS:20|2XS:20|XS:20|S:10|M:10|L:10|XL:10"
250028,"2022-09-15 08:39:53.45","#OP2677",50.00,68.00,93.00,120.90,"2023-03-11","130111486","PO",4,,,,"","ALMA","OP2677A1",30047,3002,"2023-03-15","2023-04-20","USD",93.00,100,"3XS:20|2XS:20|XS:20|S:10|M:10|L:10|XL:10"
250029,"2022-09-15 08:39:53.45","#OP2678",50.00,68.00,93.00,120.90,"2023-03-11","130111486","PO",4,,,,"","ALMA","OP2678A0",30065,4002,"2023-03-15","2023-04-20","USD",93.00,100,"3XS:20|2XS:20|XS:20|S:10|M:10|L:10|XL:10"
250026,"2022-09-15 08:39:53.45","#OP2679",50.00,68.00,93.00,120.90,"2023-03-11","130111486","PO",4,,,,"","ALMA","OP2679A1",30074,5002,"2023-03-15","2023-04-20","USD",93.00,100,"3XS:20|2XS:20|XS:20|S:10|M:10|L:10|XL:10"
250027,"2022-09-15 08:39:53.45","#OP2680",50.00,68.00,93.00,120.90,"2023-03-11","130111486","PO",4,,,,"","ALMA","OP2680A0",30075,6002,"2023-03-15","2023-04-20","USD",93.00,100,"3XS:20|2XS:20|XS:20|S:10|M:10|L:10|XL:10"
250028,"2022-09-15 08:39:53.45","#OP2681",50.00,68.00,93.00,120.90,"2023-03-11","130111486","PO",4,,,,"","ALMA","OP2681A1",30025,8002,"2023-03-15","2023-04-20","USD",93.00,100,"3XS:20|2XS:20|XS:20|S:10|M:10|L:10|XL:10"
250026,"2022-09-15 08:39:53.45","#OP2682",50.00,68.00,93.00,120.90,"2023-03-11","130111489","PO",4,,,,"","ALMA","OP2682A1",30026,1002,"2023-03-15","2023-04-20","USD",93.00,100,"3XS:20|2XS:20|XS:20|S:10|M:10|L:10|XL:10"
250027,"2022-09-15 08:39:53.45","#OP2683",50.00,68.00,93.00,120.90,"2023-03-11","130111489","PO",4,,,,"","ALMA","OP2683A0",30027,1016,"2023-03-15","2023-04-20","USD",93.00,100,"3XS:20|2XS:20|XS:20|S:10|M:10|L:10|XL:10"
250028,"2022-09-15 08:39:53.45","#OP2684",50.00,68.00,93.00,120.90,"2023-03-11","130111489","PO",4,,,,"","ALMA","OP2684A1",30066,3002,"2023-03-15","2023-04-20","USD",93.00,100,"3XS:20|2XS:20|XS:20|S:10|M:10|L:10|XL:10"
250029,"2022-09-15 08:39:53.45","#OP2685",50.00,68.00,93.00,120.90,"2023-03-11","130111489","PO",4,,,,"","ALMA","OP2685A0",30067,4002,"2023-03-15","2023-04-20","USD",93.00,100,"3XS:20|2XS:20|XS:20|S:10|M:10|L:10|XL:10"
250026,"2022-09-15 08:39:53.45","#OP2686",50.00,68.00,93.00,120.90,"2023-03-11","130111489","PO",4,,,,"","ALMA","OP2686A1",30068,5002,"2023-03-15","2023-04-20","USD",93.00,100,"3XS:20|2XS:20|XS:20|S:10|M:10|L:10|XL:10"
250027,"2022-09-15 08:39:53.45","#OP2687",50.00,68.00,93.00,120.90,"2023-03-11","130111489","PO",4,,,,"","ALMA","OP2687A0",30069,6002,"2023-03-15","2023-04-20","USD",93.00,100,"3XS:20|2XS:20|XS:20|S:10|M:10|L:10|XL:10"
250028,"2022-09-15 08:39:53.45","#OP2688",50.00,68.00,93.00,120.90,"2023-03-11","130111489","PO",4,,,,"","ALMA","OP2688A1",30070,8002,"2023-03-15","2023-04-20","USD",93.00,100,"3XS:20|2XS:20|XS:20|S:10|M:10|L:10|XL:10"
250026,"2022-09-15 08:39:53.45","#OP2689",50.00,68.00,93.00,120.90,"2023-03-11","130111497","PO",4,,,,"","ALMA","OP2689A1",30071,1002,"2023-03-15","2023-04-20","USD",93.00,100,"3XS:20|2XS:20|XS:20|S:10|M:10|L:10|XL:10"
250027,"2022-09-15 08:39:53.45","#OP2690",50.00,68.00,93.00,120.90,"2023-03-11","130111497","PO",4,,,,"","ALMA","OP2690A0",30072,1016,"2023-03-15","2023-04-20","USD",93.00,100,"3XS:20|2XS:20|XS:20|S:10|M:10|L:10|XL:10"
250028,"2022-09-15 08:39:53.45","#OP2691",50.00,68.00,93.00,120.90,"2023-03-11","130111497","PO",4,,,,"","ALMA","OP2691A1",30073,3002,"2023-03-15","2023-04-20","USD",93.00,100,"3XS:20|2XS:20|XS:20|S:10|M:10|L:10|XL:10"
250029,"2022-09-15 08:39:53.45","#OP2692",50.00,68.00,93.00,120.90,"2023-03-11","130111497","PO",4,,,,"","ALMA","OP2692A0",30029,4002,"2023-03-15","2023-04-20","USD",93.00,100,"3XS:20|2XS:20|XS:20|S:10|M:10|L:10|XL:10"
250026,"2022-09-15 08:39:53.45","#OP2693",50.00,68.00,93.00,120.90,"2023-03-11","130111497","PO",4,,,,"","ALMA","OP2693A1",30013,5002,"2023-03-15","2023-04-20","USD",93.00,100,"3XS:20|2XS:20|XS:20|S:10|M:10|L:10|XL:10"
250027,"2022-09-15 08:39:53.45","#OP2694",50.00,68.00,93.00,120.90,"2023-03-11","130111497","PO",4,,,,"","ALMA","OP2694A0",30022,6002,"2023-03-15","2023-04-20","USD",93.00,100,"3XS:20|2XS:20|XS:20|S:10|M:10|L:10|XL:10"
250028,"2022-09-15 08:39:53.45","#OP2695",50.00,68.00,93.00,120.90,"2023-03-11","130111497","PO",4,,,,"","ALMA","OP2695A1",30045,8002,"2023-03-15","2023-04-20","USD",93.00,100,"3XS:20|2XS:20|XS:20|S:10|M:10|L:10|XL:10"
250026,"2022-09-15 08:39:53.45","#OP2696",50.00,68.00,93.00,120.90,"2023-03-11","130111503","PO",4,,,,"","ALMA","OP2696A1",30046,1002,"2023-03-15","2023-04-20","USD",93.00,100,"3XS:20|2XS:20|XS:20|S:10|M:10|L:10|XL:10"
250027,"2022-09-15 08:39:53.45","#OP2697",50.00,68.00,93.00,120.90,"2023-03-11","130111503","PO",4,,,,"","ALMA","OP2697A0",30047,1016,"2023-03-15","2023-04-20","USD",93.00,100,"3XS:20|2XS:20|XS:20|S:10|M:10|L:10|XL:10"
250028,"2022-09-15 08:39:53.45","#OP2698",50.00,68.00,93.00,120.90,"2023-03-11","130111503","PO",4,,,,"","ALMA","OP2698A1",30065,3002,"2023-03-15","2023-04-20","USD",93.00,100,"3XS:20|2XS:20|XS:20|S:10|M:10|L:10|XL:10"
250029,"2022-09-15 08:39:53.45","#OP2699",50.00,68.00,93.00,120.90,"2023-03-11","130111503","PO",4,,,,"","ALMA","OP2699A0",30074,4002,"2023-03-15","2023-04-20","USD",93.00,100,"3XS:20|2XS:20|XS:20|S:10|M:10|L:10|XL:10"
250026,"2022-09-15 08:39:53.45","#OP2700",50.00,68.00,93.00,120.90,"2023-03-11","130111503","PO",4,,,,"","ALMA","OP2700A1",30075,5002,"2023-03-15","2023-04-20","USD",93.00,100,"3XS:20|2XS:20|XS:20|S:10|M:10|L:10|XL:10"
250027,"2022-09-15 08:39:53.45","#OP2701",50.00,68.00,93.00,120.90,"2023-03-11","130111503","PO",4,,,,"","ALMA","OP2701A0",30025,6002,"2023-03-15","2023-04-20","USD",93.00,100,"3XS:20|2XS:20|XS:20|S:10|M:10|L:10|XL:10"
250028,"2022-09-15 08:39:53.45","#OP2702",50.00,68.00,93.00,120.90,"2023-03-11","130111503","PO",4,,,,"","ALMA","OP2702A1",30026,8002,"2023-03-15","2023-04-20","USD",93.00,100,"3XS:20|2XS:20|XS:20|S:10|M:10|L:10|XL:10"
250026,"2022-09-15 08:39:53.45","#OP2703",50.00,68.00,93.00,120.90,"2023-03-11","130111509","PO",4,,,,"","ALMA","OP2703A1",30027,1002,"2023-03-15","2023-04-20","USD",93.00,100,"3XS:20|2XS:20|XS:20|S:10|M:10|L:10|XL:10"
250027,"2022-09-15 08:39:53.45","#OP2704",50.00,68.00,93.00,120.90,"2023-03-11","130111509","PO",4,,,,"","ALMA","OP2704A0",30066,1016,"2023-03-15","2023-04-20","USD",93.00,100,"3XS:20|2XS:20|XS:20|S:10|M:10|L:10|XL:10"
250028,"2022-09-15 08:39:53.45","#OP2705",50.00,68.00,93.00,120.90,"2023-03-11","130111509","PO",4,,,,"","ALMA","OP2705A1",30067,3002,"2023-03-15","2023-04-20","USD",93.00,100,"3XS:20|2XS:20|XS:20|S:10|M:10|L:10|XL:10"
250029,"2022-09-15 08:39:53.45","#OP2706",50.00,68.00,93.00,120.90,"2023-03-11","130111509","PO",4,,,,"","ALMA","OP2706A0",30068,4002,"2023-03-15","2023-04-20","USD",93.00,100,"3XS:20|2XS:20|XS:20|S:10|M:10|L:10|XL:10"
250026,"2022-09-15 08:39:53.45","#OP2707",50.00,68.00,93.00,120.90,"2023-03-11","130111509","PO",4,,,,"","ALMA","OP2707A1",30069,5002,"2023-03-15","2023-04-20","USD",93.00,100,"3XS:20|2XS:20|XS:20|S:10|M:10|L:10|XL:10"
250027,"2022-09-15 08:39:53.45","#OP2708",50.00,68.00,93.00,120.90,"2023-03-11","130111509","PO",4,,,,"","ALMA","OP2708A0",30070,6002,"2023-03-15","2023-04-20","USD",93.00,100,"3XS:20|2XS:20|XS:20|S:10|M:10|L:10|XL:10"
250028,"2022-09-15 08:39:53.45","#OP2709",50.00,68.00,93.00,120.90,"2023-03-11","130111509","PO",4,,,,"","ALMA","OP2709A1",30071,8002,"2023-03-15","2023-04-20","USD",93.00,100,"3XS:20|2XS:20|XS:20|S:10|M:10|L:10|XL:10"
250026,"2022-09-15 08:39:53.45","#OP2710",50.00,68.00,93.00,120.90,"2023-03-11","130111520","PO",4,,,,"","ALMA","OP2710A1",30072,1002,"2023-03-15","2023-04-20","USD",93.00,100,"3XS:20|2XS:20|XS:20|S:10|M:10|L:10|XL:10"
250027,"2022-09-15 08:39:53.45","#OP2711",50.00,68.00,93.00,120.90,"2023-03-11","130111520","PO",4,,,,"","ALMA","OP2711A0",30073,1016,"2023-03-15","2023-04-20","USD",93.00,100,"3XS:20|2XS:20|XS:20|S:10|M:10|L:10|XL:10"
250028,"2022-09-15 08:39:53.45","#OP2712",50.00,68.00,93.00,120.90,"2023-03-11","130111520","PO",4,,,,"","ALMA","OP2712A1",30029,3002,"2023-03-15","2023-04-20","USD",93.00,100,"3XS:20|2XS:20|XS:20|S:10|M:10|L:10|XL:10"
250029,"2022-09-15 08:39:53.45","#OP2713",50.00,68.00,93.00,120.90,"2023-03-11","130111520","PO",4,,,,"","ALMA","OP2713A0",30013,4002,"2023-03-15","2023-04-20","USD",93.00,100,"3XS:20|2XS:20|XS:20|S:10|M:10|L:10|XL:10"
250026,"2022-09-15 08:39:53.45","#OP2714",50.00,68.00,93.00,120.90,"2023-03-11","130111520","PO",4,,,,"","ALMA","OP2714A1",30022,5002,"2023-03-15","2023-04-20","USD",93.00,100,"3XS:20|2XS:20|XS:20|S:10|M:10|L:10|XL:10"
250027,"2022-09-15 08:39:53.45","#OP2715",50.00,68.00,93.00,120.90,"2023-03-11","130111520","PO",4,,,,"","ALMA","OP2715A0",30045,6002,"2023-03-15","2023-04-20","USD",93.00,100,"3XS:20|2XS:20|XS:20|S:10|M:10|L:10|XL:10"
250028,"2022-09-15 08:39:53.45","#OP2716",50.00,68.00,93.00,120.90,"2023-03-11","130111520","PO",4,,,,"","ALMA","OP2716A1",30046,8002,"2023-03-15","2023-04-20","USD",93.00,100,"3XS:20|2XS:20|XS:20|S:10|M:10|L:10|XL:10"
250026,"2022-09-15 08:39:53.45","#OP2717",50.00,68.00,93.00,120.90,"2023-03-11","130111525","PO",4,,,,"","ALMA","OP2717A1",30047,1002,"2023-03-15","2023-04-20","USD",93.00,100,"3XS:20|2XS:20|XS:20|S:10|M:10|L:10|XL:10"
250027,"2022-09-15 08:39:53.45","#OP2718",50.00,68.00,93.00,120.90,"2023-03-11","130111525","PO",4,,,,"","ALMA","OP2718A0",30065,1016,"2023-03-15","2023-04-20","USD",93.00,100,"3XS:20|2XS:20|XS:20|S:10|M:10|L:10|XL:10"
250028,"2022-09-15 08:39:53.45","#OP2719",50.00,68.00,93.00,120.90,"2023-03-11","130111525","PO",4,,,,"","ALMA","OP2719A1",30074,3002,"2023-03-15","2023-04-20","USD",93.00,100,"3XS:20|2XS:20|XS:20|S:10|M:10|L:10|XL:10"
250029,"2022-09-15 08:39:53.45","#OP2720",50.00,68.00,93.00,120.90,"2023-03-11","130111525","PO",4,,,,"","ALMA","OP2720A0",30075,4002,"2023-03-15","2023-04-20","USD",93.00,100,"3XS:20|2XS:20|XS:20|S:10|M:10|L:10|XL:10"
250026,"2022-09-15 08:39:53.45","#OP2721",50.00,68.00,93.00,120.90,"2023-03-11","130111525","PO",4,,,,"","ALMA","OP2721A1",30025,5002,"2023-03-15","2023-04-20","USD",93.00,100,"3XS:20|2XS:20|XS:20|S:10|M:10|L:10|XL:10"
250027,"2022-09-15 08:39:53.45","#OP2722",50.00,68.00,93.00,120.90,"2023-03-11","130111525","PO",4,,,,"","ALMA","OP2722A0",30026,6002,"2023-03-15","2023-04-20","USD",93.00,100,"3XS:20|2XS:20|XS:20|S:10|M:10|L:10|XL:10"
250028,"2022-09-15 08:39:53.45","#OP2723",50.00,68.00,93.00,120.90,"2023-03-11","130111525","PO",4,,,,"","ALMA","OP2723A1",30027,8002,"2023-03-15","2023-04-20","USD",93.00,100,"3XS:20|2XS:20|XS:20|S:10|M:10|L:10|XL:10"
250026,"2022-09-15 08:39:53.45","#OP2724",50.00,68.00,93.00,120.90,"2023-03-11","130111526","PO",4,,,,"","ALMA","OP2724A1",30066,1002,"2023-03-15","2023-04-20","USD",93.00,100,"3XS:20|2XS:20|XS:20|S:10|M:10|L:10|XL:10"
250027,"2022-09-15 08:39:53.45","#OP2725",50.00,68.00,93.00,120.90,"2023-03-11","130111526","PO",4,,,,"","ALMA","OP2725A0",30067,1016,"2023-03-15","2023-04-20","USD",93.00,100,"3XS:20|2XS:20|XS:20|S:10|M:10|L:10|XL:10"
250028,"2022-09-15 08:39:53.45","#OP2726",50.00,68.00,93.00,120.90,"2023-03-11","130111526","PO",4,,,,"","ALMA","OP2726A1",30068,3002,"2023-03-15","2023-04-20","USD",93.00,100,"3XS:20|2XS:20|XS:20|S:10|M:10|L:10|XL:10"
250029,"2022-09-15 08:39:53.45","#OP2727",50.00,68.00,93.00,120.90,"2023-03-11","130111526","PO",4,,,,"","ALMA","OP2727A0",30069,4002,"2023-03-15","2023-04-20","USD",93.00,100,"3XS:20|2XS:20|XS:20|S:10|M:10|L:10|XL:10"
250026,"2022-09-15 08:39:53.45","#OP2728",50.00,68.00,93.00,120.90,"2023-03-11","130111526","PO",4,,,,"","ALMA","OP2728A1",30070,5002,"2023-03-15","2023-04-20","USD",93.00,100,"3XS:20|2XS:20|XS:20|S:10|M:10|L:10|XL:10"
250027,"2022-09-15 08:39:53.45","#OP2729",50.00,68.00,93.00,120.90,"2023-03-11","130111526","PO",4,,,,"","ALMA","OP2729A0",30071,6002,"2023-03-15","2023-04-20","USD",93.00,100,"3XS:20|2XS:20|XS:20|S:10|M:10|L:10|XL:10"
250028,"2022-09-15 08:39:53.45","#OP2730",50.00,68.00,93.00,120.90,"2023-03-11","130111526","PO",4,,,,"","ALMA","OP2730A1",30072,8002,"2023-03-15","2023-04-20","USD",93.00,100,"3XS:20|2XS:20|XS:20|S:10|M:10|L:10|XL:10"
250026,"2022-09-15 08:39:53.45","#OP2731",50.00,68.00,93.00,120.90,"2023-03-11","130111535","PO",4,,,,"","ALMA","OP2731A1",30073,1002,"2023-03-15","2023-04-20","USD",93.00,100,"3XS:20|2XS:20|XS:20|S:10|M:10|L:10|XL:10"
250027,"2022-09-15 08:39:53.45","#OP2732",50.00,68.00,93.00,120.90,"2023-03-11","130111535","PO",4,,,,"","ALMA","OP2732A0",30029,1016,"2023-03-15","2023-04-20","USD",93.00,100,"3XS:20|2XS:20|XS:20|S:10|M:10|L:10|XL:10"
250028,"2022-09-15 08:39:53.45","#OP2733",50.00,68.00,93.00,120.90,"2023-03-11","130111535","PO",4,,,,"","ALMA","OP2733A1",30013,3002,"2023-03-15","2023-04-20","USD",93.00,100,"3XS:20|2XS:20|XS:20|S:10|M:10|L:10|XL:10"
250029,"2022-09-15 08:39:53.45","#OP2734",50.00,68.00,93.00,120.90,"2023-03-11","130111535","PO",4,,,,"","ALMA","OP2734A0",30022,4002,"2023-03-15","2023-04-20","USD",93.00,100,"3XS:20|2XS:20|XS:20|S:10|M:10|L:10|XL:10"
250026,"2022-09-15 08:39:53.45","#OP2735",50.00,68.00,93.00,120.90,"2023-03-11","130111535","PO",4,,,,"","ALMA","OP2735A1",30045,5002,"2023-03-15","2023-04-20","USD",93.00,100,"3XS:20|2XS:20|XS:20|S:10|M:10|L:10|XL:10"
250027,"2022-09-15 08:39:53.45","#OP2736",50.00,68.00,93.00,120.90,"2023-03-11","130111535","PO",4,,,,"","ALMA","OP2736A0",30046,6002,"2023-03-15","2023-04-20","USD",93.00,100,"3XS:20|2XS:20|XS:20|S:10|M:10|L:10|XL:10"
250028,"2022-09-15 08:39:53.45","#OP2737",50.00,68.00,93.00,120.90,"2023-03-11","130111535","PO",4,,,,"","ALMA","OP2737A1",30047,8002,"2023-03-15","2023-04-20","USD",93.00,100,"3XS:20|2XS:20|XS:20|S:10|M:10|L:10|XL:10"
250026,"2022-09-15 08:39:53.45","#OP2738",50.00,68.00,93.00,120.90,"2023-03-11","130111545","PO",4,,,,"","ALMA","OP2738A1",30065,1002,"2023-03-15","2023-04-20","USD",93.00,100,"3XS:20|2XS:20|XS:20|S:10|M:10|L:10|XL:10"
250027,"2022-09-15 08:39:53.45","#OP2739",50.00,68.00,93.00,120.90,"2023-03-11","130111545","PO",4,,,,"","ALMA","OP2739A0",30074,1016,"2023-03-15","2023-04-20","USD",93.00,100,"3XS:20|2XS:20|XS:20|S:10|M:10|L:10|XL:10"
250028,"2022-09-15 08:39:53.45","#OP2740",50.00,68.00,93.00,120.90,"2023-03-11","130111545","PO",4,,,,"","ALMA","OP2740A1",30075,3002,"2023-03-15","2023-04-20","USD",93.00,100,"3XS:20|2XS:20|XS:20|S:10|M:10|L:10|XL:10"
250029,"2022-09-15 08:39:53.45","#OP2741",50.00,68.00,93.00,120.90,"2023-03-11","130111545","PO",4,,,,"","ALMA","OP2741A0",30025,4002,"2023-03-15","2023-04-20","USD",93.00,100,"3XS:20|2XS:20|XS:20|S:10|M:10|L:10|XL:10"
250026,"2022-09-15 08:39:53.45","#OP2742",50.00,68.00,93.00,120.90,"2023-03-11","130111545","PO",4,,,,"","ALMA","OP2742A1",30026,5002,"2023-03-15","2023-04-20","USD",93.00,100,"3XS:20|2XS:20|XS:20|S:10|M:10|L:10|XL:10"
250027,"2022-09-15 08:39:53.45","#OP2743",50.00,68.00,93.00,120.90,"2023-03-11","130111545","PO",4,,,,"","ALMA","OP2743A0",30027,6002,"2023-03-15","2023-04-20","USD",93.00,100,"3XS:20|2XS:20|XS:20|S:10|M:10|L:10|XL:10"
250028,"2022-09-15 08:39:53.45","#OP2744",50.00,68.00,93.00,120.90,"2023-03-11","130111545","PO",4,,,,"","ALMA","OP2744A1",30066,8002,"2023-03-15","2023-04-20","USD",93.00,100,"3XS:20|2XS:20|XS:20|S:10|M:10|L:10|XL:10"
250026,"2022-09-15 08:39:53.45","#OP2745",50.00,68.00,93.00,120.90,"2023-03-11","130111554","PO",4,,,,"","ALMA","OP2745A1",30067,1002,"2023-03-15","2023-04-20","USD",93.00,100,"3XS:20|2XS:20|XS:20|S:10|M:10|L:10|XL:10"
250027,"2022-09-15 08:39:53.45","#OP2746",50.00,68.00,93.00,120.90,"2023-03-11","130111554","PO",4,,,,"","ALMA","OP2746A0",30068,1016,"2023-03-15","2023-04-20","USD",93.00,100,"3XS:20|2XS:20|XS:20|S:10|M:10|L:10|XL:10"
250028,"2022-09-15 08:39:53.45","#OP2747",50.00,68.00,93.00,120.90,"2023-03-11","130111554","PO",4,,,,"","ALMA","OP2747A1",30069,3002,"2023-03-15","2023-04-20","USD",93.00,100,"3XS:20|2XS:20|XS:20|S:10|M:10|L:10|XL:10"
250029,"2022-09-15 08:39:53.45","#OP2748",50.00,68.00,93.00,120.90,"2023-03-11","130111554","PO",4,,,,"","ALMA","OP2748A0",30070,4002,"2023-03-15","2023-04-20","USD",93.00,100,"3XS:20|2XS:20|XS:20|S:10|M:10|L:10|XL:10"
250026,"2022-09-15 08:39:53.45","#OP2749",50.00,68.00,93.00,120.90,"2023-03-11","130111554","PO",4,,,,"","ALMA","OP2749A1",30071,5002,"2023-03-15","2023-04-20","USD",93.00,100,"3XS:20|2XS:20|XS:20|S:10|M:10|L:10|XL:10"
250027,"2022-09-15 08:39:53.45","#OP2750",50.00,68.00,93.00,120.90,"2023-03-11","130111554","PO",4,,,,"","ALMA","OP2750A0",30072,6002,"2023-03-15","2023-04-20","USD",93.00,100,"3XS:20|2XS:20|XS:20|S:10|M:10|L:10|XL:10"
250028,"2022-09-15 08:39:53.45","#OP2751",50.00,68.00,93.00,120.90,"2023-03-11","130111554","PO",4,,,,"","ALMA","OP2751A1",30073,8002,"2023-03-15","2023-04-20","USD",93.00,100,"3XS:20|2XS:20|XS:20|S:10|M:10|L:10|XL:10"
250026,"2022-09-15 08:39:53.45","#OP2752",50.00,68.00,93.00,120.90,"2023-03-11","130111562","PO",4,,,,"","ALMA","OP2752A1",30029,1002,"2023-03-15","2023-04-20","USD",93.00,100,"3XS:20|2XS:20|XS:20|S:10|M:10|L:10|XL:10"
250027,"2022-09-15 08:39:53.45","#OP2753",50.00,68.00,93.00,120.90,"2023-03-11","130111562","PO",4,,,,"","ALMA","OP2753A0",30013,1016,"2023-03-15","2023-04-20","USD",93.00,100,"3XS:20|2XS:20|XS:20|S:10|M:10|L:10|XL:10"
250028,"2022-09-15 08:39:53.45","#OP2754",50.00,68.00,93.00,120.90,"2023-03-11","130111562","PO",4,,,,"","ALMA","OP2754A1",30022,3002,"2023-03-15","2023-04-20","USD",93.00,100,"3XS:20|2XS:20|XS:20|S:10|M:10|L:10|XL:10"
250029,"2022-09-15 08:39:53.45","#OP2755",50.00,68.00,93.00,120.90,"2023-03-11","130111562","PO",4,,,,"","ALMA","OP2755A0",30045,4002,"2023-03-15","2023-04-20","USD",93.00,100,"3XS:20|2XS:20|XS:20|S:10|M:10|L:10|XL:10"
250026,"2022-09-15 08:39:53.45","#OP2756",50.00,68.00,93.00,120.90,"2023-03-11","130111562","PO",4,,,,"","ALMA","OP2756A1",30046,5002,"2023-03-15","2023-04-20","USD",93.00,100,"3XS:20|2XS:20|XS:20|S:10|M:10|L:10|XL:10"
250027,"2022-09-15 08:39:53.45","#OP2757",50.00,68.00,93.00,120.90,"2023-03-11","130111562","PO",4,,,,"","ALMA","OP2757A0",30047,6002,"2023-03-15","2023-04-20","USD",93.00,100,"3XS:20|2XS:20|XS:20|S:10|M:10|L:10|XL:10"
250028,"2022-09-15 08:39:53.45","#OP2758",50.00,68.00,93.00,120.90,"2023-03-11","130111562","PO",4,,,,"","ALMA","OP2758A1",30065,8002,"2023-03-15","2023-04-20","USD",93.00,100,"3XS:20|2XS:20|XS:20|S:10|M:10|L:10|XL:10"
250026,"2022-09-15 08:39:53.45","#OP2759",50.00,68.00,93.00,120.90,"2023-03-11","130111566","PO",4,,,,"","ALMA","OP2759A1",30074,1002,"2023-03-15","2023-04-20","USD",93.00,100,"3XS:20|2XS:20|XS:20|S:10|M:10|L:10|XL:10"
250027,"2022-09-15 08:39:53.45","#OP2760",50.00,68.00,93.00,120.90,"2023-03-11","130111566","PO",4,,,,"","ALMA","OP2760A0",30075,1016,"2023-03-15","2023-04-20","USD",93.00,100,"3XS:20|2XS:20|XS:20|S:10|M:10|L:10|XL:10"
250028,"2022-09-15 08:39:53.45","#OP2761",50.00,68.00,93.00,120.90,"2023-03-11","130111566","PO",4,,,,"","ALMA","OP2761A1",30025,3002,"2023-03-15","2023-04-20","USD",93.00,100,"3XS:20|2XS:20|XS:20|S:10|M:10|L:10|XL:10"
250029,"2022-09-15 08:39:53.45","#OP2762",50.00,68.00,93.00,120.90,"2023-03-11","130111566","PO",4,,,,"","ALMA","OP2762A0",30026,4002,"2023-03-15","2023-04-20","USD",93.00,100,"3XS:20|2XS:20|XS:20|S:10|M:10|L:10|XL:10"
250026,"2022-09-15 08:39:53.45","#OP2763",50.00,68.00,93.00,120.90,"2023-03-11","130111566","PO",4,,,,"","ALMA","OP2763A1",30027,5002,"2023-03-15","2023-04-20","USD",93.00,100,"3XS:20|2XS:20|XS:20|S:10|M:10|L:10|XL:10"
250027,"2022-09-15 08:39:53.45","#OP2764",50.00,68.00,93.00,120.90,"2023-03-11","130111566","PO",4,,,,"","ALMA","OP2764A0",30066,6002,"2023-03-15","2023-04-20","USD",93.00,100,"3XS:20|2XS:20|XS:20|S:10|M:10|L:10|XL:10"
250028,"2022-09-15 08:39:53.45","#OP2765",50.00,68.00,93.00,120.90,"2023-03-11","130111566","PO",4,,,,"","ALMA","OP2765A1",30067,8002,"2023-03-15","2023-04-20","USD",93.00,100,"3XS:20|2XS:20|XS:20|S:10|M:10|L:10|XL:10"
250026,"2022-09-15 08:39:53.45","#OP2766",50.00,68.00,93.00,120.90,"2023-03-11","130111572","PO",4,,,,"","ALMA","OP2766A1",30068,1002,"2023-03-15","2023-04-20","USD",93.00,100,"3XS:20|2XS:20|XS:20|S:10|M:10|L:10|XL:10"
250027,"2022-09-15 08:39:53.45","#OP2767",50.00,68.00,93.00,120.90,"2023-03-11","130111572","PO",4,,,,"","ALMA","OP2767A0",30069,1016,"2023-03-15","2023-04-20","USD",93.00,100,"3XS:20|2XS:20|XS:20|S:10|M:10|L:10|XL:10"
250028,"2022-09-15 08:39:53.45","#OP2768",50.00,68.00,93.00,120.90,"2023-03-11","130111572","PO",4,,,,"","ALMA","OP2768A1",30070,3002,"2023-03-15","2023-04-20","USD",93.00,100,"3XS:20|2XS:20|XS:20|S:10|M:10|L:10|XL:10"
250029,"2022-09-15 08:39:53.45","#OP2769",50.00,68.00,93.00,120.90,"2023-03-11","130111572","PO",4,,,,"","ALMA","OP2769A0",30071,4002,"2023-03-15","2023-04-20","USD",93.00,100,"3XS:20|2XS:20|XS:20|S:10|M:10|L:10|XL:10"
250026,"2022-09-15 08:39:53.45","#OP2770",50.00,68.00,93.00,120.90,"2023-03-11","130111572","PO",4,,,,"","ALMA","OP2770A1",30072,5002,"2023-03-15","2023-04-20","USD",93.00,100,"3XS:20|2XS:20|XS:20|S:10|M:10|L:10|XL:10"
250027,"2022-09-15 08:39:53.45","#OP2771",50.00,68.00,93.00,120.90,"2023-03-11","130111572","PO",4,,,,"","ALMA","OP2771A0",30073,6002,"2023-03-15","2023-04-20","USD",93.00,100,"3XS:20|2XS:20|XS:20|S:10|M:10|L:10|XL:10"
250028,"2022-09-15 08:39:53.45","#OP2772",50.00,68.00,93.00,120.90,"2023-03-11","130111572","PO",4,,,,"","ALMA","OP2772A1",30029,8002,"2023-03-15","2023-04-20","USD",93.00,100,"3XS:20|2XS:20|XS:20|S:10|M:10|L:10|XL:10"
250026,"2022-09-15 08:39:53.45","#OP2773",50.00,68.00,93.00,120.90,"2023-03-11","130111583","PO",4,,,,"","ALMA","OP2773A1",30013,1002,"2023-03-15","2023-04-20","USD",93.00,100,"3XS:20|2XS:20|XS:20|S:10|M:10|L:10|XL:10"
250027,"2022-09-15 08:39:53.45","#OP2774",50.00,68.00,93.00,120.90,"2023-03-11","130111583","PO",4,,,,"","ALMA","OP2774A0",30022,1016,"2023-03-15","2023-04-20","USD",93.00,100,"3XS:20|2XS:20|XS:20|S:10|M:10|L:10|XL:10"
250028,"2022-09-15 08:39:53.45","#OP2775",50.00,68.00,93.00,120.90,"2023-03-11","130111583","PO",4,,,,"","ALMA","OP2775A1",30045,3002,"2023-03-15","2023-04-20","USD",93.00,100,"3XS:20|2XS:20|XS:20|S:10|M:10|L:10|XL:10"
250029,"2022-09-15 08:39:53.45","#OP2776",50.00,68.00,93.00,120.90,"2023-03-11","130111583","PO",4,,,,"","ALMA","OP2776A0",30046,4002,"2023-03-15","2023-04-20","USD",93.00,100,"3XS:20|2XS:20|XS:20|S:10|M:10|L:10|XL:10"
250026,"2022-09-15 08:39:53.45","#OP2777",50.00,68.00,93.00,120.90,"2023-03-11","130111583","PO",4,,,,"","ALMA","OP2777A1",30047,5002,"2023-03-15","2023-04-20","USD",93.00,100,"3XS:20|2XS:20|XS:20|S:10|M:10|L:10|XL:10"
250027,"2022-09-15 08:39:53.45","#OP2778",50.00,68.00,93.00,120.90,"2023-03-11","130111583","PO",4,,,,"","ALMA","OP2778A0",30065,6002,"2023-03-15","2023-04-20","USD",93.00,100,"3XS:20|2XS:20|XS:20|S:10|M:10|L:10|XL:10"
250028,"2022-09-15 08:39:53.45","#OP2779",50.00,68.00,93.00,120.90,"2023-03-11","130111583","PO",4,,,,"","ALMA","OP2779A1",30074,8002,"2023-03-15","2023-04-20","USD",93.00,100,"3XS:20|2XS:20|XS:20|S:10|M:10|L:10|XL:10"
250026,"2022-09-15 08:39:53.45","#OP2780",50.00,68.00,93.00,120.90,"2023-03-11","130111589","PO",4,,,,"","ALMA","OP2780A1",30075,1002,"2023-03-15","2023-04-20","USD",93.00,100,"3XS:20|2XS:20|XS:20|S:10|M:10|L:10|XL:10"
250027,"2022-09-15 08:39:53.45","#OP2781",50.00,68.00,93.00,120.90,"2023-03-11","130111589","PO",4,,,,"","ALMA","OP2781A0",30025,1016,"2023-03-15","2023-04-20","USD",93.00,100,"3XS:20|2XS:20|XS:20|S:10|M:10|L:10|XL:10"
250028,"2022-09-15 08:39:53.45","#OP2782",50.00,68.00,93.00,120.90,"2023-03-11","130111589","PO",4,,,,"","ALMA","OP2782A1",30026,3002,"2023-03-15","2023-04-20","USD",93.00,100,"3XS:20|2XS:20|XS:20|S:10|M:10|L:10|XL:10"
250029,"2022-09-15 08:39:53.45","#OP2783",50.00,68.00,93.00,120.90,"2023-03-11","130111589","PO",4,,,,"","ALMA","OP2783A0",30027,4002,"2023-03-15","2023-04-20","USD",93.00,100,"3XS:20|2XS:20|XS:20|S:10|M:10|L:10|XL:10"
250026,"2022-09-15 08:39:53.45","#OP2784",50.00,68.00,93.00,120.90,"2023-03-11","130111589","PO",4,,,,"","ALMA","OP2784A1",30066,5002,"2023-03-15","2023-04-20","USD",93.00,100,"3XS:20|2XS:20|XS:20|S:10|M:10|L:10|XL:10"
250027,"2022-09-15 08:39:53.45","#OP2785",50.00,68.00,93.00,120.90,"2023-03-11","130111589","PO",4,,,,"","ALMA","OP2785A0",30067,6002,"2023-03-15","2023-04-20","USD",93.00,100,"3XS:20|2XS:20|XS:20|S:10|M:10|L:10|XL:10"
250028,"2022-09-15 08:39:53.45","#OP2786",50.00,68.00,93.00,120.90,"2023-03-11","130111589","PO",4,,,,"","ALMA","OP2786A1",30068,8002,"2023-03-15","2023-04-20","USD",93.00,100,"3XS:20|2XS:20|XS:20|S:10|M:10|L:10|XL:10"
250026,"2022-09-15 08:39:53.45","#OP2787",50.00,68.00,93.00,120.90,"2023-03-11","130111598","PO",4,,,,"","ALMA","OP2787A1",30069,1002,"2023-03-15","2023-04-20","USD",93.00,100,"3XS:20|2XS:20|XS:20|S:10|M:10|L:10|XL:10"
250027,"2022-09-15 08:39:53.45","#OP2788",50.00,68.00,93.00,120.90,"2023-03-11","130111598","PO",4,,,,"","ALMA","OP2788A0",30070,1016,"2023-03-15","2023-04-20","USD",93.00,100,"3XS:20|2XS:20|XS:20|S:10|M:10|L:10|XL:10"
250028,"2022-09-15 08:39:53.45","#OP2789",50.00,68.00,93.00,120.90,"2023-03-11","130111598","PO",4,,,,"","ALMA","OP2789A1",30071,3002,"2023-03-15","2023-04-20","USD",93.00,100,"3XS:20|2XS:20|XS:20|S:10|M:10|L:10|XL:10"
250029,"2022-09-15 08:39:53.45","#OP2790",50.00,68.00,93.00,120.90,"2023-03-11","130111598","PO",4,,,,"","ALMA","OP2790A0",30072,4002,"2023-03-15","2023-04-20","USD",93.00,100,"3XS:20|2XS:20|XS:20|S:10|M:10|L:10|XL:10"
250026,"2022-09-15 08:39:53.45","#OP2791",50.00,68.00,93.00,120.90,"2023-03-11","130111598","PO",4,,,,"","ALMA","OP2791A1",30073,5002,"2023-03-15","2023-04-20","USD",93.00,100,"3XS:20|2XS:20|XS:20|S:10|M:10|L:10|XL:10"
250027,"2022-09-15 08:39:53.45","#OP2792",50.00,68.00,93.00,120.90,"2023-03-11","130111598","PO",4,,,,"","ALMA","OP2792A0",30029,6002,"2023-03-15","2023-04-20","USD",93.00,100,"3XS:20|2XS:20|XS:20|S:10|M:10|L:10|XL:10"
250028,"2022-09-15 08:39:53.45","#OP2793",50.00,68.00,93.00,120.90,"2023-03-11","130111598","PO",4,,,,"","ALMA","OP2793A1",30013,8002,"2023-03-15","2023-04-20","USD",93.00,100,"3XS:20|2XS:20|XS:20|S:10|M:10|L:10|XL:10"
250026,"2022-09-15 08:39:53.45","#OP2794",50.00,68.00,93.00,120.90,"2023-03-11","130111604","PO",4,,,,"","ALMA","OP2794A1",30022,1002,"2023-03-15","2023-04-20","USD",93.00,100,"3XS:20|2XS:20|XS:20|S:10|M:10|L:10|XL:10"
250027,"2022-09-15 08:39:53.45","#OP2795",50.00,68.00,93.00,120.90,"2023-03-11","130111604","PO",4,,,,"","ALMA","OP2795A0",30045,1016,"2023-03-15","2023-04-20","USD",93.00,100,"3XS:20|2XS:20|XS:20|S:10|M:10|L:10|XL:10"
250028,"2022-09-15 08:39:53.45","#OP2796",50.00,68.00,93.00,120.90,"2023-03-11","130111604","PO",4,,,,"","ALMA","OP2796A1",30046,3002,"2023-03-15","2023-04-20","USD",93.00,100,"3XS:20|2XS:20|XS:20|S:10|M:10|L:10|XL:10"
250029,"2022-09-15 08:39:53.45","#OP2797",50.00,68.00,93.00,120.90,"2023-03-11","130111604","PO",4,,,,"","ALMA","OP2797A0",30047,4002,"2023-03-15","2023-04-20","USD",93.00,100,"3XS:20|2XS:20|XS:20|S:10|M:10|L:10|XL:10"
250026,"2022-09-15 08:39:53.45","#OP2798",50.00,68.00,93.00,120.90,"2023-03-11","130111604","PO",4,,,,"","ALMA","OP2798A1",30065,5002,"2023-03-15","2023-04-20","USD",93.00,100,"3XS:20|2XS:20|XS:20|S:10|M:10|L:10|XL:10"
250027,"2022-09-15 08:39:53.45","#OP2799",50.00,68.00,93.00,120.90,"2023-03-11","130111604","PO",4,,,,"","ALMA","OP2799A0",30074,6002,"2023-03-15","2023-04-20","USD",93.00,100,"3XS:20|2XS:20|XS:20|S:10|M:10|L:10|XL:10"
250028,"2022-09-15 08:39:53.45","#OP2800",50.00,68.00,93.00,120.90,"2023-03-11","130111604","PO",4,,,,"","ALMA","OP2800A1",30075,8002,"2023-03-15","2023-04-20","USD",93.00,100,"3XS:20|2XS:20|XS:20|S:10|M:10|L:10|XL:10"
250026,"2022-09-15 08:39:53.45","#OP2801",50.00,68.00,93.00,120.90,"2023-03-11","130111620","PO",4,,,,"","ALMA","OP2801A1",30025,1002,"2023-03-15","2023-04-20","USD",93.00,100,"3XS:20|2XS:20|XS:20|S:10|M:10|L:10|XL:10"
250027,"2022-09-15 08:39:53.45","#OP2802",50.00,68.00,93.00,120.90,"2023-03-11","130111620","PO",4,,,,"","ALMA","OP2802A0",30026,1016,"2023-03-15","2023-04-20","USD",93.00,100,"3XS:20|2XS:20|XS:20|S:10|M:10|L:10|XL:10"
250028,"2022-09-15 08:39:53.45","#OP2803",50.00,68.00,93.00,120.90,"2023-03-11","130111620","PO",4,,,,"","ALMA","OP2803A1",30027,3002,"2023-03-15","2023-04-20","USD",93.00,100,"3XS:20|2XS:20|XS:20|S:10|M:10|L:10|XL:10"
250029,"2022-09-15 08:39:53.45","#OP2804",50.00,68.00,93.00,120.90,"2023-03-11","130111620","PO",4,,,,"","ALMA","OP2804A0",30066,4002,"2023-03-15","2023-04-20","USD",93.00,100,"3XS:20|2XS:20|XS:20|S:10|M:10|L:10|XL:10"
250026,"2022-09-15 08:39:53.45","#OP2805",50.00,68.00,93.00,120.90,"2023-03-11","130111620","PO",4,,,,"","ALMA","OP2805A1",30067,5002,"2023-03-15","2023-04-20","USD",93.00,100,"3XS:20|2XS:20|XS:20|S:10|M:10|L:10|XL:10"
250027,"2022-09-15 08:39:53.45","#OP2806",50.00,68.00,93.00,120.90,"2023-03-11","130111620","PO",4,,,,"","ALMA","OP2806A0",30068,6002,"2023-03-15","2023-04-20","USD",93.00,100,"3XS:20|2XS:20|XS:20|S:10|M:10|L:10|XL:10"
250028,"2022-09-15 08:39:53.45","#OP2807",50.00,68.00,93.00,120.90,"2023-03-11","130111620","PO",4,,,,"","ALMA","OP2807A1",30069,8002,"2023-03-15","2023-04-20","USD",93.00,100,"3XS:20|2XS:20|XS:20|S:10|M:10|L:10|XL:10"
250026,"2022-09-15 08:39:53.45","#OP2808",50.00,68.00,93.00,120.90,"2023-03-11","130111633","PO",4,,,,"","ALMA","OP2808A1",30070,1002,"2023-03-15","2023-04-20","USD",93.00,100,"3XS:20|2XS:20|XS:20|S:10|M:10|L:10|XL:10"
250027,"2022-09-15 08:39:53.45","#OP2809",50.00,68.00,93.00,120.90,"2023-03-11","130111633","PO",4,,,,"","ALMA","OP2809A0",30071,1016,"2023-03-15","2023-04-20","USD",93.00,100,"3XS:20|2XS:20|XS:20|S:10|M:10|L:10|XL:10"
250028,"2022-09-15 08:39:53.45","#OP2810",50.00,68.00,93.00,120.90,"2023-03-11","130111633","PO",4,,,,"","ALMA","OP2810A1",30072,3002,"2023-03-15","2023-04-20","USD",93.00,100,"3XS:20|2XS:20|XS:20|S:10|M:10|L:10|XL:10"
250029,"2022-09-15 08:39:53.45","#OP2811",50.00,68.00,93.00,120.90,"2023-03-11","130111633","PO",4,,,,"","ALMA","OP2811A0",30073,4002,"2023-03-15","2023-04-20","USD",93.00,100,"3XS:20|2XS:20|XS:20|S:10|M:10|L:10|XL:10"
250026,"2022-09-15 08:39:53.45","#OP2812",50.00,68.00,93.00,120.90,"2023-03-11","130111633","PO",4,,,,"","ALMA","OP2812A1",30029,5002,"2023-03-15","2023-04-20","USD",93.00,100,"3XS:20|2XS:20|XS:20|S:10|M:10|L:10|XL:10"
250027,"2022-09-15 08:39:53.45","#OP2813",50.00,68.00,93.00,120.90,"2023-03-11","130111633","PO",4,,,,"","ALMA","OP2813A0",30013,6002,"2023-03-15","2023-04-20","USD",93.00,100,"3XS:20|2XS:20|XS:20|S:10|M:10|L:10|XL:10"
250028,"2022-09-15 08:39:53.45","#OP2814",50.00,68.00,93.00,120.90,"2023-03-11","130111633","PO",4,,,,"","ALMA","OP2814A1",30022,8002,"2023-03-15","2023-04-20","USD",93.00,100,"3XS:20|2XS:20|XS:20|S:10|M:10|L:10|XL:10"
250026,"2022-09-15 08:39:53.45","#OP2815",50.00,68.00,93.00,120.90,"2023-03-11","130111635","PO",4,,,,"","ALMA","OP2815A1",30045,1002,"2023-03-15","2023-04-20","USD",93.00,100,"3XS:20|2XS:20|XS:20|S:10|M:10|L:10|XL:10"
250027,"2022-09-15 08:39:53.45","#OP2816",50.00,68.00,93.00,120.90,"2023-03-11","130111635","PO",4,,,,"","ALMA","OP2816A0",30046,1016,"2023-03-15","2023-04-20","USD",93.00,100,"3XS:20|2XS:20|XS:20|S:10|M:10|L:10|XL:10"
250028,"2022-09-15 08:39:53.45","#OP2817",50.00,68.00,93.00,120.90,"2023-03-11","130111635","PO",4,,,,"","ALMA","OP2817A1",30047,3002,"2023-03-15","2023-04-20","USD",93.00,100,"3XS:20|2XS:20|XS:20|S:10|M:10|L:10|XL:10"
250029,"2022-09-15 08:39:53.45","#OP2818",50.00,68.00,93.00,120.90,"2023-03-11","130111635","PO",4,,,,"","ALMA","OP2818A0",30065,4002,"2023-03-15","2023-04-20","USD",93.00,100,"3XS:20|2XS:20|XS:20|S:10|M:10|L:10|XL:10"
250026,"2022-09-15 08:39:53.45","#OP2819",50.00,68.00,93.00,120.90,"2023-03-11","130111635","PO",4,,,,"","ALMA","OP2819A1",30074,5002,"2023-03-15","2023-04-20","USD",93.00,100,"3XS:20|2XS:20|XS:20|S:10|M:10|L:10|XL:10"
250027,"2022-09-15 08:39:53.45","#OP2820",50.00,68.00,93.00,120.90,"2023-03-11","130111635","PO",4,,,,"","ALMA","OP2820A0",30075,6002,"2023-03-15","2023-04-20","USD",93.00,100,"3XS:20|2XS:20|XS:20|S:10|M:10|L:10|XL:10"
250028,"2022-09-15 08:39:53.45","#OP2821",50.00,68.00,93.00,120.90,"2023-03-11","130111635","PO",4,,,,"","ALMA","OP2821A1",30025,8002,"2023-03-15","2023-04-20","USD",93.00,100,"3XS:20|2XS:20|XS:20|S:10|M:10|L:10|XL:10"
250026,"2022-09-15 08:39:53.45","#OP2822",50.00,68.00,93.00,120.90,"2023-03-11","130111638","PO",4,,,,"","ALMA","OP2822A1",30026,1002,"2023-03-15","2023-04-20","USD",93.00,100,"3XS:20|2XS:20|XS:20|S:10|M:10|L:10|XL:10"
250027,"2022-09-15 08:39:53.45","#OP2823",50.00,68.00,93.00,120.90,"2023-03-11","130111638","PO",4,,,,"","ALMA","OP2823A0",30027,1016,"2023-03-15","2023-04-20","USD",93.00,100,"3XS:20|2XS:20|XS:20|S:10|M:10|L:10|XL:10"
250028,"2022-09-15 08:39:53.45","#OP2824",50.00,68.00,93.00,120.90,"2023-03-11","130111638","PO",4,,,,"","ALMA","OP2824A1",30066,3002,"2023-03-15","2023-04-20","USD",93.00,100,"3XS:20|2XS:20|XS:20|S:10|M:10|L:10|XL:10"
250029,"2022-09-15 08:39:53.45","#OP2825",50.00,68.00,93.00,120.90,"2023-03-11","130111638","PO",4,,,,"","ALMA","OP2825A0",30067,4002,"2023-03-15","2023-04-20","USD",93.00,100,"3XS:20|2XS:20|XS:20|S:10|M:10|L:10|XL:10"
250026,"2022-09-15 08:39:53.45","#OP2826",50.00,68.00,93.00,120.90,"2023-03-11","130111638","PO",4,,,,"","ALMA","OP2826A1",30068,5002,"2023-03-15","2023-04-20","USD",93.00,100,"3XS:20|2XS:20|XS:20|S:10|M:10|L:10|XL:10"
250027,"2022-09-15 08:39:53.45","#OP2827",50.00,68.00,93.00,120.90,"2023-03-11","130111638","PO",4,,,,"","ALMA","OP2827A0",30069,6002,"2023-03-15","2023-04-20","USD",93.00,100,"3XS:20|2XS:20|XS:20|S:10|M:10|L:10|XL:10"
250028,"2022-09-15 08:39:53.45","#OP2828",50.00,68.00,93.00,120.90,"2023-03-11","130111638","PO",4,,,,"","ALMA","OP2828A1",30070,8002,"2023-03-15","2023-04-20","USD",93.00,100,"3XS:20|2XS:20|XS:20|S:10|M:10|L:10|XL:10"
250026,"2022-09-15 08:39:53.45","#OP2829",50.00,68.00,93.00,120.90,"2023-03-11","130111642","PO",4,,,,"","ALMA","OP2829A1",30071,1002,"2023-03-15","2023-04-20","USD",93.00,100,"3XS:20|2XS:20|XS:20|S:10|M:10|L:10|XL:10"
250027,"2022-09-15 08:39:53.45","#OP2830",50.00,68.00,93.00,120.90,"2023-03-11","130111642","PO",4,,,,"","ALMA","OP2830A0",30072,1016,"2023-03-15","2023-04-20","USD",93.00,100,"3XS:20|2XS:20|XS:20|S:10|M:10|L:10|XL:10"
250028,"2022-09-15 08:39:53.45","#OP2831",50.00,68.00,93.00,120.90,"2023-03-11","130111642","PO",4,,,,"","ALMA","OP2831A1",30073,3002,"2023-03-15","2023-04-20","USD",93.00,100,"3XS:20|2XS:20|XS:20|S:10|M:10|L:10|XL:10"
250029,"2022-09-15 08:39:53.45","#OP2832",50.00,68.00,93.00,120.90,"2023-03-11","130111642","PO",4,,,,"","ALMA","OP2832A0",30029,4002,"2023-03-15","2023-04-20","USD",93.00,100,"3XS:20|2XS:20|XS:20|S:10|M:10|L:10|XL:10"
250026,"2022-09-15 08:39:53.45","#OP2833",50.00,68.00,93.00,120.90,"2023-03-11","130111642","PO",4,,,,"","ALMA","OP2833A1",30013,5002,"2023-03-15","2023-04-20","USD",93.00,100,"3XS:20|2XS:20|XS:20|S:10|M:10|L:10|XL:10"
250027,"2022-09-15 08:39:53.45","#OP2834",50.00,68.00,93.00,120.90,"2023-03-11","130111642","PO",4,,,,"","ALMA","OP2834A0",30022,6002,"2023-03-15","2023-04-20","USD",93.00,100,"3XS:20|2XS:20|XS:20|S:10|M:10|L:10|XL:10"
250028,"2022-09-15 08:39:53.45","#OP2835",50.00,68.00,93.00,120.90,"2023-03-11","130111642","PO",4,,,,"","ALMA","OP2835A1",30045,8002,"2023-03-15","2023-04-20","USD",93.00,100,"3XS:20|2XS:20|XS:20|S:10|M:10|L:10|XL:10"
250026,"2022-09-15 08:39:53.45","#OP2836",50.00,68.00,93.00,120.90,"2023-03-11","130111650","PO",4,,,,"","ALMA","OP2836A1",30046,1002,"2023-03-15","2023-04-20","USD",93.00,100,"3XS:20|2XS:20|XS:20|S:10|M:10|L:10|XL:10"
250027,"2022-09-15 08:39:53.45","#OP2837",50.00,68.00,93.00,120.90,"2023-03-11","130111650","PO",4,,,,"","ALMA","OP2837A0",30047,1016,"2023-03-15","2023-04-20","USD",93.00,100,"3XS:20|2XS:20|XS:20|S:10|M:10|L:10|XL:10"
250028,"2022-09-15 08:39:53.45","#OP2838",50.00,68.00,93.00,120.90,"2023-03-11","130111650","PO",4,,,,"","ALMA","OP2838A1",30065,3002,"2023-03-15","2023-04-20","USD",93.00,100,"3XS:20|2XS:20|XS:20|S:10|M:10|L:10|XL:10"
250029,"2022-09-15 08:39:53.45","#OP2839",50.00,68.00,93.00,120.90,"2023-03-11","130111650","PO",4,,,,"","ALMA","OP2839A0",30074,4002,"2023-03-15","2023-04-20","USD",93.00,100,"3XS:20|2XS:20|XS:20|S:10|M:10|L:10|XL:10"
250026,"2022-09-15 08:39:53.45","#OP2840",50.00,68.00,93.00,120.90,"2023-03-11","130111650","PO",4,,,,"","ALMA","OP2840A1",30075,5002,"2023-03-15","2023-04-20","USD",93.00,100,"3XS:20|2XS:20|XS:20|S:10|M:10|L:10|XL:10"
250027,"2022-09-15 08:39:53.45","#OP2841",50.00,68.00,93.00,120.90,"2023-03-11","130111650","PO",4,,,,"","ALMA","OP2841A0",30025,6002,"2023-03-15","2023-04-20","USD",93.00,100,"3XS:20|2XS:20|XS:20|S:10|M:10|L:10|XL:10"
250028,"2022-09-15 08:39:53.45","#OP2842",50.00,68.00,93.00,120.90,"2023-03-11","130111650","PO",4,,,,"","ALMA","OP2842A1",30026,8002,"2023-03-15","2023-04-20","USD",93.00,100,"3XS:20|2XS:20|XS:20|S:10|M:10|L:10|XL:10"
250026,"2022-09-15 08:39:53.45","#OP2843",50.00,68.00,93.00,120.90,"2023-03-11","130111657","PO",4,,,,"","ALMA","OP2843A1",30027,1002,"2023-03-15","2023-04-20","USD",93.00,100,"3XS:20|2XS:20|XS:20|S:10|M:10|L:10|XL:10"
250027,"2022-09-15 08:39:53.45","#OP2844",50.00,68.00,93.00,120.90,"2023-03-11","130111657","PO",4,,,,"","ALMA","OP2844A0",30066,1016,"2023-03-15","2023-04-20","USD",93.00,100,"3XS:20|2XS:20|XS:20|S:10|M:10|L:10|XL:10"
250028,"2022-09-15 08:39:53.45","#OP2845",50.00,68.00,93.00,120.90,"2023-03-11","130111657","PO",4,,,,"","ALMA","OP2845A1",30067,3002,"2023-03-15","2023-04-20","USD",93.00,100,"3XS:20|2XS:20|XS:20|S:10|M:10|L:10|XL:10"
250029,"2022-09-15 08:39:53.45","#OP2846",50.00,68.00,93.00,120.90,"2023-03-11","130111657","PO",4,,,,"","ALMA","OP2846A0",30068,4002,"2023-03-15","2023-04-20","USD",93.00,100,"3XS:20|2XS:20|XS:20|S:10|M:10|L:10|XL:10"
250026,"2022-09-15 08:39:53.45","#OP2847",50.00,68.00,93.00,120.90,"2023-03-11","130111657","PO",4,,,,"","ALMA","OP2847A1",30069,5002,"2023-03-15","2023-04-20","USD",93.00,100,"3XS:20|2XS:20|XS:20|S:10|M:10|L:10|XL:10"
250027,"2022-09-15 08:39:53.45","#OP2848",50.00,68.00,93.00,120.90,"2023-03-11","130111657","PO",4,,,,"","ALMA","OP2848A0",30070,6002,"2023-03-15","2023-04-20","USD",93.00,100,"3XS:20|2XS:20|XS:20|S:10|M:10|L:10|XL:10"
250028,"2022-09-15 08:39:53.45","#OP2849",50.00,68.00,93.00,120.90,"2023-03-11","130111657","PO",4,,,,"","ALMA","OP2849A1",30071,8002,"2023-03-15","2023-04-20","USD",93.00,100,"3XS:20|2XS:20|XS:20|S:10|M:10|L:10|XL:10"
250026,"2022-09-15 08:39:53.45","#OP2850",50.00,68.00,93.00,120.90,"2023-03-11","130111666","PO",4,,,,"","ALMA","OP2850A1",30072,1002,"2023-03-15","2023-04-20","USD",93.00,100,"3XS:20|2XS:20|XS:20|S:10|M:10|L:10|XL:10"
250027,"2022-09-15 08:39:53.45","#OP2851",50.00,68.00,93.00,120.90,"2023-03-11","130111666","PO",4,,,,"","ALMA","OP2851A0",30073,1016,"2023-03-15","2023-04-20","USD",93.00,100,"3XS:20|2XS:20|XS:20|S:10|M:10|L:10|XL:10"
250028,"2022-09-15 08:39:53.45","#OP2852",50.00,68.00,93.00,120.90,"2023-03-11","130111666","PO",4,,,,"","ALMA","OP2852A1",30029,3002,"2023-03-15","2023-04-20","USD",93.00,100,"3XS:20|2XS:20|XS:20|S:10|M:10|L:10|XL:10"
250029,"2022-09-15 08:39:53.45","#OP2853",50.00,68.00,93.00,120.90,"2023-03-11","130111666","PO",4,,,,"","ALMA","OP2853A0",30013,4002,"2023-03-15","2023-04-20","USD",93.00,100,"3XS:20|2XS:20|XS:20|S:10|M:10|L:10|XL:10"
250026,"2022-09-15 08:39:53.45","#OP2854",50.00,68.00,93.00,120.90,"2023-03-11","130111666","PO",4,,,,"","ALMA","OP2854A1",30022,5002,"2023-03-15","2023-04-20","USD",93.00,100,"3XS:20|2XS:20|XS:20|S:10|M:10|L:10|XL:10"
250027,"2022-09-15 08:39:53.45","#OP2855",50.00,68.00,93.00,120.90,"2023-03-11","130111666","PO",4,,,,"","ALMA","OP2855A0",30045,6002,"2023-03-15","2023-04-20","USD",93.00,100,"3XS:20|2XS:20|XS:20|S:10|M:10|L:10|XL:10"
250028,"2022-09-15 08:39:53.45","#OP2856",50.00,68.00,93.00,120.90,"2023-03-11","130111666","PO",4,,,,"","ALMA","OP2856A1",30046,8002,"2023-03-15","2023-04-20","USD",93.00,100,"3XS:20|2XS:20|XS:20|S:10|M:10|L:10|XL:10"
250026,"2022-09-15 08:39:53.45","#OP2857",50.00,68.00,93.00,120.90,"2023-03-11","130111668","PO",4,,,,"","ALMA","OP2857A1",30047,1002,"2023-03-15","2023-04-20","USD",93.00,100,"3XS:20|2XS:20|XS:20|S:10|M:10|L:10|XL:10"
250027,"2022-09-15 08:39:53.45","#OP2858",50.00,68.00,93.00,120.90,"2023-03-11","130111668","PO",4,,,,"","ALMA","OP2858A0",30065,1016,"2023-03-15","2023-04-20","USD",93.00,100,"3XS:20|2XS:20|XS:20|S:10|M:10|L:10|XL:10"
250028,"2022-09-15 08:39:53.45","#OP2859",50.00,68.00,93.00,120.90,"2023-03-11","130111668","PO",4,,,,"","ALMA","OP2859A1",30074,3002,"2023-03-15","2023-04-20","USD",93.00,100,"3XS:20|2XS:20|XS:20|S:10|M:10|L:10|XL:10"
250029,"2022-09-15 08:39:53.45","#OP2860",50.00,68.00,93.00,120.90,"2023-03-11","130111668","PO",4,,,,"","ALMA","OP2860A0",30075,4002,"2023-03-15","2023-04-20","USD",93.00,100,"3XS:20|2XS:20|XS:20|S:10|M:10|L:10|XL:10"
250026,"2022-09-15 08:39:53.45","#OP2861",50.00,68.00,93.00,120.90,"2023-03-11","130111668","PO",4,,,,"","ALMA","OP2861A1",30025,5002,"2023-03-15","2023-04-20","USD",93.00,100,"3XS:20|2XS:20|XS:20|S:10|M:10|L:10|XL:10"
250027,"2022-09-15 08:39:53.45","#OP2862",50.00,68.00,93.00,120.90,"2023-03-11","130111668","PO",4,,,,"","ALMA","OP2862A0",30026,6002,"2023-03-15","2023-04-20","USD",93.00,100,"3XS:20|2XS:20|XS:20|S:10|M:10|L:10|XL:10"
250028,"2022-09-15 08:39:53.45","#OP2863",50.00,68.00,93.00,120.90,"2023-03-11","130111668","PO",4,,,,"","ALMA","OP2863A1",30027,8002,"2023-03-15","2023-04-20","USD",93.00,100,"3XS:20|2XS:20|XS:20|S:10|M:10|L:10|XL:10"
250026,"2022-09-15 08:39:53.45","#OP2864",50.00,68.00,93.00,120.90,"2023-03-11","130111673","PO",4,,,,"","ALMA","OP2864A1",30066,1002,"2023-03-15","2023-04-20","USD",93.00,100,"3XS:20|2XS:20|XS:20|S:10|M:10|L:10|XL:10"
250027,"2022-09-15 08:39:53.45","#OP2865",50.00,68.00,93.00,120.90,"2023-03-11","130111673","PO",4,,,,"","ALMA","OP2865A0",30067,1016,"2023-03-15","2023-04-20","USD",93.00,100,"3XS:20|2XS:20|XS:20|S:10|M:10|L:10|XL:10"
250028,"2022-09-15 08:39:53.45","#OP2866",50.00,68.00,93.00,120.90,"2023-03-11","130111673","PO",4,,,,"","ALMA","OP2866A1",30068,3002,"2023-03-15","2023-04-20","USD",93.00,100,"3XS:20|2XS:20|XS:20|S:10|M:10|L:10|XL:10"
250029,"2022-09-15 08:39:53.45","#OP2867",50.00,68.00,93.00,120.90,"2023-03-11","130111673","PO",4,,,,"","ALMA","OP2867A0",30069,4002,"2023-03-15","2023-04-20","USD",93.00,100,"3XS:20|2XS:20|XS:20|S:10|M:10|L:10|XL:10"
250026,"2022-09-15 08:39:53.45","#OP2868",50.00,68.00,93.00,120.90,"2023-03-11","130111673","PO",4,,,,"","ALMA","OP2868A1",30070,5002,"2023-03-15","2023-04-20","USD",93.00,100,"3XS:20|2XS:20|XS:20|S:10|M:10|L:10|XL:10"
250027,"2022-09-15 08:39:53.45","#OP2869",50.00,68.00,93.00,120.90,"2023-03-11","130111673","PO",4,,,,"","ALMA","OP2869A0",30071,6002,"2023-03-15","2023-04-20","USD",93.00,100,"3XS:20|2XS:20|XS:20|S:10|M:10|L:10|XL:10"
250028,"2022-09-15 08:39:53.45","#OP2870",50.00,68.00,93.00,120.90,"2023-03-11","130111673","PO",4,,,,"","ALMA","OP2870A1",30072,8002,"2023-03-15","2023-04-20","USD",93.00,100,"3XS:20|2XS:20|XS:20|S:10|M:10|L:10|XL:10"
250026,"2022-09-15 08:39:53.45","#OP2871",50.00,68.00,93.00,120.90,"2023-03-11","130111681","PO",4,,,,"","ALMA","OP2871A1",30073,1002,"2023-03-15","2023-04-20","USD",93.00,100,"3XS:20|2XS:20|XS:20|S:10|M:10|L:10|XL:10"
250027,"2022-09-15 08:39:53.45","#OP2872",50.00,68.00,93.00,120.90,"2023-03-11","130111681","PO",4,,,,"","ALMA","OP2872A0",30029,1016,"2023-03-15","2023-04-20","USD",93.00,100,"3XS:20|2XS:20|XS:20|S:10|M:10|L:10|XL:10"
250028,"2022-09-15 08:39:53.45","#OP2873",50.00,68.00,93.00,120.90,"2023-03-11","130111681","PO",4,,,,"","ALMA","OP2873A1",30013,3002,"2023-03-15","2023-04-20","USD",93.00,100,"3XS:20|2XS:20|XS:20|S:10|M:10|L:10|XL:10"
250029,"2022-09-15 08:39:53.45","#OP2874",50.00,68.00,93.00,120.90,"2023-03-11","130111681","PO",4,,,,"","ALMA","OP2874A0",30022,4002,"2023-03-15","2023-04-20","USD",93.00,100,"3XS:20|2XS:20|XS:20|S:10|M:10|L:10|XL:10"
250026,"2022-09-15 08:39:53.45","#OP2875",50.00,68.00,93.00,120.90,"2023-03-11","130111681","PO",4,,,,"","ALMA","OP2875A1",30045,5002,"2023-03-15","2023-04-20","USD",93.00,100,"3XS:20|2XS:20|XS:20|S:10|M:10|L:10|XL:10"
250027,"2022-09-15 08:39:53.45","#OP2876",50.00,68.00,93.00,120.90,"2023-03-11","130111681","PO",4,,,,"","ALMA","OP2876A0",30046,6002,"2023-03-15","2023-04-20","USD",93.00,100,"3XS:20|2XS:20|XS:20|S:10|M:10|L:10|XL:10"
250028,"2022-09-15 08:39:53.45","#OP2877",50.00,68.00,93.00,120.90,"2023-03-11","130111681","PO",4,,,,"","ALMA","OP2877A1",30047,8002,"2023-03-15","2023-04-20","USD",93.00,100,"3XS:20|2XS:20|XS:20|S:10|M:10|L:10|XL:10"
250026,"2022-09-15 08:39:53.45","#OP2878",50.00,68.00,93.00,120.90,"2023-03-11","130111693","PO",4,,,,"","ALMA","OP2878A1",30065,1002,"2023-03-15","2023-04-20","USD",93.00,100,"3XS:20|2XS:20|XS:20|S:10|M:10|L:10|XL:10"
250027,"2022-09-15 08:39:53.45","#OP2879",50.00,68.00,93.00,120.90,"2023-03-11","130111693","PO",4,,,,"","ALMA","OP2879A0",30074,1016,"2023-03-15","2023-04-20","USD",93.00,100,"3XS:20|2XS:20|XS:20|S:10|M:10|L:10|XL:10"
250028,"2022-09-15 08:39:53.45","#OP2880",50.00,68.00,93.00,120.90,"2023-03-11","130111693","PO",4,,,,"","ALMA","OP2880A1",30075,3002,"2023-03-15","2023-04-20","USD",93.00,100,"3XS:20|2XS:20|XS:20|S:10|M:10|L:10|XL:10"
250029,"2022-09-15 08:39:53.45","#OP2881",50.00,68.00,93.00,120.90,"2023-03-11","130111693","PO",4,,,,"","ALMA","OP2881A0",30025,4002,"2023-03-15","2023-04-20","USD",93.00,100,"3XS:20|2XS:20|XS:20|S:10|M:10|L:10|XL:10"
250026,"2022-09-15 08:39:53.45","#OP2882",50.00,68.00,93.00,120.90,"2023-03-11","130111693","PO",4,,,,"","ALMA","OP2882A1",30026,5002,"2023-03-15","2023-04-20","USD",93.00,100,"3XS:20|2XS:20|XS:20|S:10|M:10|L:10|XL:10"
250027,"2022-09-15 08:39:53.45","#OP2883",50.00,68.00,93.00,120.90,"2023-03-11","130111693","PO",4,,,,"","ALMA","OP2883A0",30027,6002,"2023-03-15","2023-04-20","USD",93.00,100,"3XS:20|2XS:20|XS:20|S:10|M:10|L:10|XL:10"
250028,"2022-09-15 08:39:53.45","#OP2884",50.00,68.00,93.00,120.90,"2023-03-11","130111693","PO",4,,,,"","ALMA","OP2884A1",30066,8002,"2023-03-15","2023-04-20","USD",93.00,100,"3XS:20|2XS:20|XS:20|S:10|M:10|L:10|XL:10"
250026,"2022-09-15 08:39:53.45","#OP2885",50.00,68.00,93.00,120.90,"2023-03-11","130111699","PO",4,,,,"","ALMA","OP2885A1",30067,1002,"2023-03-15","2023-04-20","USD",93.00,100,"3XS:20|2XS:20|XS:20|S:10|M:10|L:10|XL:10"
250027,"2022-09-15 08:39:53.45","#OP2886",50.00,68.00,93.00,120.90,"2023-03-11","130111699","PO",4,,,,"","ALMA","OP2886A0",30068,1016,"2023-03-15","2023-04-20","USD",93.00,100,"3XS:20|2XS:20|XS:20|S:10|M:10|L:10|XL:10"
250028,"2022-09-15 08:39:53.45","#OP2887",50.00,68.00,93.00,120.90,"2023-03-11","130111699","PO",4,,,,"","ALMA","OP2887A1",30069,3002,"2023-03-15","2023-04-20","USD",93.00,100,"3XS:20|2XS:20|XS:20|S:10|M:10|L:10|XL:10"
250029,"2022-09-15 08:39:53.45","#OP2888",50.00,68.00,93.00,120.90,"2023-03-11","130111699","PO",4,,,,"","ALMA","OP2888A0",30070,4002,"2023-03-15","2023-04-20","USD",93.00,100,"3XS:20|2XS:20|XS:20|S:10|M:10|L:10|XL:10"
250026,"2022-09-15 08:39:53.45","#OP2889",50.00,68.00,93.00,120.90,"2023-03-11","130111699","PO",4,,,,"","ALMA","OP2889A1",30071,5002,"2023-03-15","2023-04-20","USD",93.00,100,"3XS:20|2XS:20|XS:20|S:10|M:10|L:10|XL:10"
250027,"2022-09-15 08:39:53.45","#OP2890",50.00,68.00,93.00,120.90,"2023-03-11","130111699","PO",4,,,,"","ALMA","OP2890A0",30072,6002,"2023-03-15","2023-04-20","USD",93.00,100,"3XS:20|2XS:20|XS:20|S:10|M:10|L:10|XL:10"
250028,"2022-09-15 08:39:53.45","#OP2891",50.00,68.00,93.00,120.90,"2023-03-11","130111699","PO",4,,,,"","ALMA","OP2891A1",30073,8002,"2023-03-15","2023-04-20","USD",93.00,100,"3XS:20|2XS:20|XS:20|S:10|M:10|L:10|XL:10"
250026,"2022-09-15 08:39:53.45","#OP2892",50.00,68.00,93.00,120.90,"2023-03-11","130111702","PO",4,,,,"","ALMA","OP2892A1",30029,1002,"2023-03-15","2023-04-20","USD",93.00,100,"3XS:20|2XS:20|XS:20|S:10|M:10|L:10|XL:10"
250027,"2022-09-15 08:39:53.45","#OP2893",50.00,68.00,93.00,120.90,"2023-03-11","130111702","PO",4,,,,"","ALMA","OP2893A0",30013,1016,"2023-03-15","2023-04-20","USD",93.00,100,"3XS:20|2XS:20|XS:20|S:10|M:10|L:10|XL:10"
250028,"2022-09-15 08:39:53.45","#OP2894",50.00,68.00,93.00,120.90,"2023-03-11","130111702","PO",4,,,,"","ALMA","OP2894A1",30022,3002,"2023-03-15","2023-04-20","USD",93.00,100,"3XS:20|2XS:20|XS:20|S:10|M:10|L:10|XL:10"
250029,"2022-09-15 08:39:53.45","#OP2895",50.00,68.00,93.00,120.90,"2023-03-11","130111702","PO",4,,,,"","ALMA","OP2895A0",30045,4002,"2023-03-15","2023-04-20","USD",93.00,100,"3XS:20|2XS:20|XS:20|S:10|M:10|L:10|XL:10"
250026,"2022-09-15 08:39:53.45","#OP2896",50.00,68.00,93.00,120.90,"2023-03-11","130111702","PO",4,,,,"","ALMA","OP2896A1",30046,5002,"2023-03-15","2023-04-20","USD",93.00,100,"3XS:20|2XS:20|XS:20|S:10|M:10|L:10|XL:10"
250027,"2022-09-15 08:39:53.45","#OP2897",50.00,68.00,93.00,120.90,"2023-03-11","130111702","PO",4,,,,"","ALMA","OP2897A0",30047,6002,"2023-03-15","2023-04-20","USD",93.00,100,"3XS:20|2XS:20|XS:20|S:10|M:10|L:10|XL:10"
250028,"2022-09-15 08:39:53.45","#OP2898",50.00,68.00,93.00,120.90,"2023-03-11","130111702","PO",4,,,,"","ALMA","OP2898A1",30065,8002,"2023-03-15","2023-04-20","USD",93.00,100,"3XS:20|2XS:20|XS:20|S:10|M:10|L:10|XL:10"
250026,"2022-09-15 08:39:53.45","#OP2899",50.00,68.00,93.00,120.90,"2023-03-11","130111703","PO",4,,,,"","ALMA","OP2899A1",30074,1002,"2023-03-15","2023-04-20","USD",93.00,100,"3XS:20|2XS:20|XS:20|S:10|M:10|L:10|XL:10"
250027,"2022-09-15 08:39:53.45","#OP2900",50.00,68.00,93.00,120.90,"2023-03-11","130111703","PO",4,,,,"","ALMA","OP2900A0",30075,1016,"2023-03-15","2023-04-20","USD",93.00,100,"3XS:20|2XS:20|XS:20|S:10|M:10|L:10|XL:10"
250028,"2022-09-15 08:39:53.45","#OP2901",50.00,68.00,93.00,120.90,"2023-03-11","130111703","PO",4,,,,"","ALMA","OP2901A1",30025,3002,"2023-03-15","2023-04-20","USD",93.00,100,"3XS:20|2XS:20|XS:20|S:10|M:10|L:10|XL:10"
250029,"2022-09-15 08:39:53.45","#OP2902",50.00,68.00,93.00,120.90,"2023-03-11","130111703","PO",4,,,,"","ALMA","OP2902A0",30026,4002,"2023-03-15","2023-04-20","USD",93.00,100,"3XS:20|2XS:20|XS:20|S:10|M:10|L:10|XL:10"
250026,"2022-09-15 08:39:53.45","#OP2903",50.00,68.00,93.00,120.90,"2023-03-11","130111703","PO",4,,,,"","ALMA","OP2903A1",30027,5002,"2023-03-15","2023-04-20","USD",93.00,100,"3XS:20|2XS:20|XS:20|S:10|M:10|L:10|XL:10"
250027,"2022-09-15 08:39:53.45","#OP2904",50.00,68.00,93.00,120.90,"2023-03-11","130111703","PO",4,,,,"","ALMA","OP2904A0",30066,6002,"2023-03-15","2023-04-20","USD",93.00,100,"3XS:20|2XS:20|XS:20|S:10|M:10|L:10|XL:10"
250028,"2022-09-15 08:39:53.45","#OP2905",50.00,68.00,93.00,120.90,"2023-03-11","130111703","PO",4,,,,"","ALMA","OP2905A1",30067,8002,"2023-03-15","2023-04-20","USD",93.00,100,"3XS:20|2XS:20|XS:20|S:10|M:10|L:10|XL:10"
250026,"2022-09-15 08:39:53.45","#OP2906",50.00,68.00,93.00,120.90,"2023-03-11","130111714","PO",4,,,,"","ALMA","OP2906A1",30068,1002,"2023-03-15","2023-04-20","USD",93.00,100,"3XS:20|2XS:20|XS:20|S:10|M:10|L:10|XL:10"
250027,"2022-09-15 08:39:53.45","#OP2907",50.00,68.00,93.00,120.90,"2023-03-11","130111714","PO",4,,,,"","ALMA","OP2907A0",30069,1016,"2023-03-15","2023-04-20","USD",93.00,100,"3XS:20|2XS:20|XS:20|S:10|M:10|L:10|XL:10"
250028,"2022-09-15 08:39:53.45","#OP2908",50.00,68.00,93.00,120.90,"2023-03-11","130111714","PO",4,,,,"","ALMA","OP2908A1",30070,3002,"2023-03-15","2023-04-20","USD",93.00,100,"3XS:20|2XS:20|XS:20|S:10|M:10|L:10|XL:10"
250029,"2022-09-15 08:39:53.45","#OP2909",50.00,68.00,93.00,120.90,"2023-03-11","130111714","PO",4,,,,"","ALMA","OP2909A0",30071,4002,"2023-03-15","2023-04-20","USD",93.00,100,"3XS:20|2XS:20|XS:20|S:10|M:10|L:10|XL:10"
250026,"2022-09-15 08:39:53.45","#OP2910",50.00,68.00,93.00,120.90,"2023-03-11","130111714","PO",4,,,,"","ALMA","OP2910A1",30072,5002,"2023-03-15","2023-04-20","USD",93.00,100,"3XS:20|2XS:20|XS:20|S:10|M:10|L:10|XL:10"
250027,"2022-09-15 08:39:53.45","#OP2911",50.00,68.00,93.00,120.90,"2023-03-11","130111714","PO",4,,,,"","ALMA","OP2911A0",30073,6002,"2023-03-15","2023-04-20","USD",93.00,100,"3XS:20|2XS:20|XS:20|S:10|M:10|L:10|XL:10"
250028,"2022-09-15 08:39:53.45","#OP2912",50.00,68.00,93.00,120.90,"2023-03-11","130111714","PO",4,,,,"","ALMA","OP2912A1",30029,8002,"2023-03-15","2023-04-20","USD",93.00,100,"3XS:20|2XS:20|XS:20|S:10|M:10|L:10|XL:10"
250026,"2022-09-15 08:39:53.45","#OP2913",50.00,68.00,93.00,120.90,"2023-03-11","130111726","PO",4,,,,"","ALMA","OP2913A1",30013,1002,"2023-03-15","2023-04-20","USD",93.00,100,"3XS:20|2XS:20|XS:20|S:10|M:10|L:10|XL:10"
250027,"2022-09-15 08:39:53.45","#OP2914",50.00,68.00,93.00,120.90,"2023-03-11","130111726","PO",4,,,,"","ALMA","OP2914A0",30022,1016,"2023-03-15","2023-04-20","USD",93.00,100,"3XS:20|2XS:20|XS:20|S:10|M:10|L:10|XL:10"
250028,"2022-09-15 08:39:53.45","#OP2915",50.00,68.00,93.00,120.90,"2023-03-11","130111726","PO",4,,,,"","ALMA","OP2915A1",30045,3002,"2023-03-15","2023-04-20","USD",93.00,100,"3XS:20|2XS:20|XS:20|S:10|M:10|L:10|XL:10"
250029,"2022-09-15 08:39:53.45","#OP2916",50.00,68.00,93.00,120.90,"2023-03-11","130111726","PO",4,,,,"","ALMA","OP2916A0",30046,4002,"2023-03-15","2023-04-20","USD",93.00,100,"3XS:20|2XS:20|XS:20|S:10|M:10|L:10|XL:10"
250026,"2022-09-15 08:39:53.45","#OP2917",50.00,68.00,93.00,120.90,"2023-03-11","130111726","PO",4,,,,"","ALMA","OP2917A1",30047,5002,"2023-03-15","2023-04-20","USD",93.00,100,"3XS:20|2XS:20|XS:20|S:10|M:10|L:10|XL:10"
250027,"2022-09-15 08:39:53.45","#OP2918",50.00,68.00,93.00,120.90,"2023-03-11","130111726","PO",4,,,,"","ALMA","OP2918A0",30065,6002,"2023-03-15","2023-04-20","USD",93.00,100,"3XS:20|2XS:20|XS:20|S:10|M:10|L:10|XL:10"
250028,"2022-09-15 08:39:53.45","#OP2919",50.00,68.00,93.00,120.90,"2023-03-11","130111726","PO",4,,,,"","ALMA","OP2919A1",30074,8002,"2023-03-15","2023-04-20","USD",93.00,100,"3XS:20|2XS:20|XS:20|S:10|M:10|L:10|XL:10"
250026,"2022-09-15 08:39:53.45","#OP2920",50.00,68.00,93.00,120.90,"2023-03-11","130111728","PO",4,,,,"","ALMA","OP2920A1",30075,1002,"2023-03-15","2023-04-20","USD",93.00,100,"3XS:20|2XS:20|XS:20|S:10|M:10|L:10|XL:10"
250027,"2022-09-15 08:39:53.45","#OP2921",50.00,68.00,93.00,120.90,"2023-03-11","130111728","PO",4,,,,"","ALMA","OP2921A0",30025,1016,"2023-03-15","2023-04-20","USD",93.00,100,"3XS:20|2XS:20|XS:20|S:10|M:10|L:10|XL:10"
250028,"2022-09-15 08:39:53.45","#OP2922",50.00,68.00,93.00,120.90,"2023-03-11","130111728","PO",4,,,,"","ALMA","OP2922A1",30026,3002,"2023-03-15","2023-04-20","USD",93.00,100,"3XS:20|2XS:20|XS:20|S:10|M:10|L:10|XL:10"
250029,"2022-09-15 08:39:53.45","#OP2923",50.00,68.00,93.00,120.90,"2023-03-11","130111728","PO",4,,,,"","ALMA","OP2923A0",30027,4002,"2023-03-15","2023-04-20","USD",93.00,100,"3XS:20|2XS:20|XS:20|S:10|M:10|L:10|XL:10"
250026,"2022-09-15 08:39:53.45","#OP2924",50.00,68.00,93.00,120.90,"2023-03-11","130111728","PO",4,,,,"","ALMA","OP2924A1",30066,5002,"2023-03-15","2023-04-20","USD",93.00,100,"3XS:20|2XS:20|XS:20|S:10|M:10|L:10|XL:10"
250027,"2022-09-15 08:39:53.45","#OP2925",50.00,68.00,93.00,120.90,"2023-03-11","130111728","PO",4,,,,"","ALMA","OP2925A0",30067,6002,"2023-03-15","2023-04-20","USD",93.00,100,"3XS:20|2XS:20|XS:20|S:10|M:10|L:10|XL:10"
250028,"2022-09-15 08:39:53.45","#OP2926",50.00,68.00,93.00,120.90,"2023-03-11","130111728","PO",4,,,,"","ALMA","OP2926A1",30068,8002,"2023-03-15","2023-04-20","USD",93.00,100,"3XS:20|2XS:20|XS:20|S:10|M:10|L:10|XL:10"
250026,"2022-09-15 08:39:53.45","#OP2927",50.00,68.00,93.00,120.90,"2023-03-11","130111731","PO",4,,,,"","ALMA","OP2927A1",30069,1002,"2023-03-15","2023-04-20","USD",93.00,100,"3XS:20|2XS:20|XS:20|S:10|M:10|L:10|XL:10"
250027,"2022-09-15 08:39:53.45","#OP2928",50.00,68.00,93.00,120.90,"2023-03-11","130111731","PO",4,,,,"","ALMA","OP2928A0",30070,1016,"2023-03-15","2023-04-20","USD",93.00,100,"3XS:20|2XS:20|XS:20|S:10|M:10|L:10|XL:10"
250028,"2022-09-15 08:39:53.45","#OP2929",50.00,68.00,93.00,120.90,"2023-03-11","130111731","PO",4,,,,"","ALMA","OP2929A1",30071,3002,"2023-03-15","2023-04-20","USD",93.00,100,"3XS:20|2XS:20|XS:20|S:10|M:10|L:10|XL:10"
250029,"2022-09-15 08:39:53.45","#OP2930",50.00,68.00,93.00,120.90,"2023-03-11","130111731","PO",4,,,,"","ALMA","OP2930A0",30072,4002,"2023-03-15","2023-04-20","USD",93.00,100,"3XS:20|2XS:20|XS:20|S:10|M:10|L:10|XL:10"
250026,"2022-09-15 08:39:53.45","#OP2931",50.00,68.00,93.00,120.90,"2023-03-11","130111731","PO",4,,,,"","ALMA","OP2931A1",30073,5002,"2023-03-15","2023-04-20","USD",93.00,100,"3XS:20|2XS:20|XS:20|S:10|M:10|L:10|XL:10"
250027,"2022-09-15 08:39:53.45","#OP2932",50.00,68.00,93.00,120.90,"2023-03-11","130111731","PO",4,,,,"","ALMA","OP2932A0",30029,6002,"2023-03-15","2023-04-20","USD",93.00,100,"3XS:20|2XS:20|XS:20|S:10|M:10|L:10|XL:10"
250028,"2022-09-15 08:39:53.45","#OP2933",50.00,68.00,93.00,120.90,"2023-03-11","130111731","PO",4,,,,"","ALMA","OP2933A1",30013,8002,"2023-03-15","2023-04-20","USD",93.00,100,"3XS:20|2XS:20|XS:20|S:10|M:10|L:10|XL:10"
250026,"2022-09-15 08:39:53.45","#OP2934",50.00,68.00,93.00,120.90,"2023-03-11","130111745","PO",4,,,,"","ALMA","OP2934A1",30022,1002,"2023-03-15","2023-04-20","USD",93.00,100,"3XS:20|2XS:20|XS:20|S:10|M:10|L:10|XL:10"
250027,"2022-09-15 08:39:53.45","#OP2935",50.00,68.00,93.00,120.90,"2023-03-11","130111745","PO",4,,,,"","ALMA","OP2935A0",30045,1016,"2023-03-15","2023-04-20","USD",93.00,100,"3XS:20|2XS:20|XS:20|S:10|M:10|L:10|XL:10"
250028,"2022-09-15 08:39:53.45","#OP2936",50.00,68.00,93.00,120.90,"2023-03-11","130111745","PO",4,,,,"","ALMA","OP2936A1",30046,3002,"2023-03-15","2023-04-20","USD",93.00,100,"3XS:20|2XS:20|XS:20|S:10|M:10|L:10|XL:10"
250029,"2022-09-15 08:39:53.45","#OP2937",50.00,68.00,93.00,120.90,"2023-03-11","130111745","PO",4,,,,"","ALMA","OP2937A0",30047,4002,"2023-03-15","2023-04-20","USD",93.00,100,"3XS:20|2XS:20|XS:20|S:10|M:10|L:10|XL:10"
250026,"2022-09-15 08:39:53.45","#OP2938",50.00,68.00,93.00,120.90,"2023-03-11","130111745","PO",4,,,,"","ALMA","OP2938A1",30065,5002,"2023-03-15","2023-04-20","USD",93.00,100,"3XS:20|2XS:20|XS:20|S:10|M:10|L:10|XL:10"
250027,"2022-09-15 08:39:53.45","#OP2939",50.00,68.00,93.00,120.90,"2023-03-11","130111745","PO",4,,,,"","ALMA","OP2939A0",30074,6002,"2023-03-15","2023-04-20","USD",93.00,100,"3XS:20|2XS:20|XS:20|S:10|M:10|L:10|XL:10"
250028,"2022-09-15 08:39:53.45","#OP2940",50.00,68.00,93.00,120.90,"2023-03-11","130111745","PO",4,,,,"","ALMA","OP2940A1",30075,8002,"2023-03-15","2023-04-20","USD",93.00,100,"3XS:20|2XS:20|XS:20|S:10|M:10|L:10|XL:10"
250026,"2022-09-15 08:39:53.45","#OP2941",50.00,68.00,93.00,120.90,"2023-03-11","130111747","PO",4,,,,"","ALMA","OP2941A1",30025,1002,"2023-03-15","2023-04-20","USD",93.00,100,"3XS:20|2XS:20|XS:20|S:10|M:10|L:10|XL:10"
250027,"2022-09-15 08:39:53.45","#OP2942",50.00,68.00,93.00,120.90,"2023-03-11","130111747","PO",4,,,,"","ALMA","OP2942A0",30026,1016,"2023-03-15","2023-04-20","USD",93.00,100,"3XS:20|2XS:20|XS:20|S:10|M:10|L:10|XL:10"
250028,"2022-09-15 08:39:53.45","#OP2943",50.00,68.00,93.00,120.90,"2023-03-11","130111747","PO",4,,,,"","ALMA","OP2943A1",30027,3002,"2023-03-15","2023-04-20","USD",93.00,100,"3XS:20|2XS:20|XS:20|S:10|M:10|L:10|XL:10"
250029,"2022-09-15 08:39:53.45","#OP2944",50.00,68.00,93.00,120.90,"2023-03-11","130111747","PO",4,,,,"","ALMA","OP2944A0",30066,4002,"2023-03-15","2023-04-20","USD",93.00,100,"3XS:20|2XS:20|XS:20|S:10|M:10|L:10|XL:10"
250026,"2022-09-15 08:39:53.45","#OP2945",50.00,68.00,93.00,120.90,"2023-03-11","130111747","PO",4,,,,"","ALMA","OP2945A1",30067,5002,"2023-03-15","2023-04-20","USD",93.00,100,"3XS:20|2XS:20|XS:20|S:10|M:10|L:10|XL:10"
250027,"2022-09-15 08:39:53.45","#OP2946",50.00,68.00,93.00,120.90,"2023-03-11","130111747","PO",4,,,,"","ALMA","OP2946A0",30068,6002,"2023-03-15","2023-04-20","USD",93.00,100,"3XS:20|2XS:20|XS:20|S:10|M:10|L:10|XL:10"
250028,"2022-09-15 08:39:53.45","#OP2947",50.00,68.00,93.00,120.90,"2023-03-11","130111747","PO",4,,,,"","ALMA","OP2947A1",30069,8002,"2023-03-15","2023-04-20","USD",93.00,100,"3XS:20|2XS:20|XS:20|S:10|M:10|L:10|XL:10"
250026,"2022-09-15 08:39:53.45","#OP2948",50.00,68.00,93.00,120.90,"2023-03-11","130111748","PO",4,,,,"","ALMA","OP2948A1",30070,1002,"2023-03-15","2023-04-20","USD",93.00,100,"3XS:20|2XS:20|XS:20|S:10|M:10|L:10|XL:10"
250027,"2022-09-15 08:39:53.45","#OP2949",50.00,68.00,93.00,120.90,"2023-03-11","130111748","PO",4,,,,"","ALMA","OP2949A0",30071,1016,"2023-03-15","2023-04-20","USD",93.00,100,"3XS:20|2XS:20|XS:20|S:10|M:10|L:10|XL:10"
250028,"2022-09-15 08:39:53.45","#OP2950",50.00,68.00,93.00,120.90,"2023-03-11","130111748","PO",4,,,,"","ALMA","OP2950A1",30072,3002,"2023-03-15","2023-04-20","USD",93.00,100,"3XS:20|2XS:20|XS:20|S:10|M:10|L:10|XL:10"
250029,"2022-09-15 08:39:53.45","#OP2951",50.00,68.00,93.00,120.90,"2023-03-11","130111748","PO",4,,,,"","ALMA","OP2951A0",30073,4002,"2023-03-15","2023-04-20","USD",93.00,100,"3XS:20|2XS:20|XS:20|S:10|M:10|L:10|XL:10"
250026,"2022-09-15 08:39:53.45","#OP2952",50.00,68.00,93.00,120.90,"2023-03-11","130111748","PO",4,,,,"","ALMA","OP2952A1",30029,5002,"2023-03-15","2023-04-20","USD",93.00,100,"3XS:20|2XS:20|XS:20|S:10|M:10|L:10|XL:10"
250027,"2022-09-15 08:39:53.45","#OP2953",50.00,68.00,93.00,120.90,"2023-03-11","130111748","PO",4,,,,"","ALMA","OP2953A0",30013,6002,"2023-03-15","2023-04-20","USD",93.00,100,"3XS:20|2XS:20|XS:20|S:10|M:10|L:10|XL:10"
250028,"2022-09-15 08:39:53.45","#OP2954",50.00,68.00,93.00,120.90,"2023-03-11","130111748","PO",4,,,,"","ALMA","OP2954A1",30022,8002,"2023-03-15","2023-04-20","USD",93.00,100,"3XS:20|2XS:20|XS:20|S:10|M:10|L:10|XL:10"
250026,"2022-09-15 08:39:53.45","#OP2955",50.00,68.00,93.00,120.90,"2023-03-11","130111755","PO",4,,,,"","ALMA","OP2955A1",30045,1002,"2023-03-15","2023-04-20","USD",93.00,100,"3XS:20|2XS:20|XS:20|S:10|M:10|L:10|XL:10"
250027,"2022-09-15 08:39:53.45","#OP2956",50.00,68.00,93.00,120.90,"2023-03-11","130111755","PO",4,,,,"","ALMA","OP2956A0",30046,1016,"2023-03-15","2023-04-20","USD",93.00,100,"3XS:20|2XS:20|XS:20|S:10|M:10|L:10|XL:10"
250028,"2022-09-15 08:39:53.45","#OP2957",50.00,68.00,93.00,120.90,"2023-03-11","130111755","PO",4,,,,"","ALMA","OP2957A1",30047,3002,"2023-03-15","2023-04-20","USD",93.00,100,"3XS:20|2XS:20|XS:20|S:10|M:10|L:10|XL:10"
250029,"2022-09-15 08:39:53.45","#OP2958",50.00,68.00,93.00,120.90,"2023-03-11","130111755","PO",4,,,,"","ALMA","OP2958A0",30065,4002,"2023-03-15","2023-04-20","USD",93.00,100,"3XS:20|2XS:20|XS:20|S:10|M:10|L:10|XL:10"
250026,"2022-09-15 08:39:53.45","#OP2959",50.00,68.00,93.00,120.90,"2023-03-11","130111755","PO",4,,,,"","ALMA","OP2959A1",30074,5002,"2023-03-15","2023-04-20","USD",93.00,100,"3XS:20|2XS:20|XS:20|S:10|M:10|L:10|XL:10"
250027,"2022-09-15 08:39:53.45","#OP2960",50.00,68.00,93.00,120.90,"2023-03-11","130111755","PO",4,,,,"","ALMA","OP2960A0",30075,6002,"2023-03-15","2023-04-20","USD",93.00,100,"3XS:20|2XS:20|XS:20|S:10|M:10|L:10|XL:10"
250028,"2022-09-15 08:39:53.45","#OP2961",50.00,68.00,93.00,120.90,"2023-03-11","130111755","PO",4,,,,"","ALMA","OP2961A1",30025,8002,"2023-03-15","2023-04-20","USD",93.00,100,"3XS:20|2XS:20|XS:20|S:10|M:10|L:10|XL:10"
250026,"2022-09-15 08:39:53.45","#OP2962",50.00,68.00,93.00,120.90,"2023-03-11","130111771","PO",4,,,,"","ALMA","OP2962A1",30026,1002,"2023-03-15","2023-04-20","USD",93.00,100,"3XS:20|2XS:20|XS:20|S:10|M:10|L:10|XL:10"
250027,"2022-09-15 08:39:53.45","#OP2963",50.00,68.00,93.00,120.90,"2023-03-11","130111771","PO",4,,,,"","ALMA","OP2963A0",30027,1016,"2023-03-15","2023-04-20","USD",93.00,100,"3XS:20|2XS:20|XS:20|S:10|M:10|L:10|XL:10"
250028,"2022-09-15 08:39:53.45","#OP2964",50.00,68.00,93.00,120.90,"2023-03-11","130111771","PO",4,,,,"","ALMA","OP2964A1",30066,3002,"2023-03-15","2023-04-20","USD",93.00,100,"3XS:20|2XS:20|XS:20|S:10|M:10|L:10|XL:10"
250029,"2022-09-15 08:39:53.45","#OP2965",50.00,68.00,93.00,120.90,"2023-03-11","130111771","PO",4,,,,"","ALMA","OP2965A0",30067,4002,"2023-03-15","2023-04-20","USD",93.00,100,"3XS:20|2XS:20|XS:20|S:10|M:10|L:10|XL:10"
250026,"2022-09-15 08:39:53.45","#OP2966",50.00,68.00,93.00,120.90,"2023-03-11","130111771","PO",4,,,,"","ALMA","OP2966A1",30068,5002,"2023-03-15","2023-04-20","USD",93.00,100,"3XS:20|2XS:20|XS:20|S:10|M:10|L:10|XL:10"
250027,"2022-09-15 08:39:53.45","#OP2967",50.00,68.00,93.00,120.90,"2023-03-11","130111771","PO",4,,,,"","ALMA","OP2967A0",30069,6002,"2023-03-15","2023-04-20","USD",93.00,100,"3XS:20|2XS:20|XS:20|S:10|M:10|L:10|XL:10"
250028,"2022-09-15 08:39:53.45","#OP2968",50.00,68.00,93.00,120.90,"2023-03-11","130111771","PO",4,,,,"","ALMA","OP2968A1",30070,8002,"2023-03-15","2023-04-20","USD",93.00,100,"3XS:20|2XS:20|XS:20|S:10|M:10|L:10|XL:10"
250026,"2022-09-15 08:39:53.45","#OP2969",50.00,68.00,93.00,120.90,"2023-03-11","130111782","PO",4,,,,"","ALMA","OP2969A1",30071,1002,"2023-03-15","2023-04-20","USD",93.00,100,"3XS:20|2XS:20|XS:20|S:10|M:10|L:10|XL:10"
250027,"2022-09-15 08:39:53.45","#OP2970",50.00,68.00,93.00,120.90,"2023-03-11","130111782","PO",4,,,,"","ALMA","OP2970A0",30072,1016,"2023-03-15","2023-04-20","USD",93.00,100,"3XS:20|2XS:20|XS:20|S:10|M:10|L:10|XL:10"
250028,"2022-09-15 08:39:53.45","#OP2971",50.00,68.00,93.00,120.90,"2023-03-11","130111782","PO",4,,,,"","ALMA","OP2971A1",30073,3002,"2023-03-15","2023-04-20","USD",93.00,100,"3XS:20|2XS:20|XS:20|S:10|M:10|L:10|XL:10"
250029,"2022-09-15 08:39:53.45","#OP2972",50.00,68.00,93.00,120.90,"2023-03-11","130111782","PO",4,,,,"","ALMA","OP2972A0",30029,4002,"2023-03-15","2023-04-20","USD",93.00,100,"3XS:20|2XS:20|XS:20|S:10|M:10|L:10|XL:10"
250026,"2022-09-15 08:39:53.45","#OP2973",50.00,68.00,93.00,120.90,"2023-03-11","130111782","PO",4,,,,"","ALMA","OP2973A1",30013,5002,"2023-03-15","2023-04-20","USD",93.00,100,"3XS:20|2XS:20|XS:20|S:10|M:10|L:10|XL:10"
250027,"2022-09-15 08:39:53.45","#OP2974",50.00,68.00,93.00,120.90,"2023-03-11","130111782","PO",4,,,,"","ALMA","OP2974A0",30022,6002,"2023-03-15","2023-04-20","USD",93.00,100,"3XS:20|2XS:20|XS:20|S:10|M:10|L:10|XL:10"
250028,"2022-09-15 08:39:53.45","#OP2975",50.00,68.00,93.00,120.90,"2023-03-11","130111782","PO",4,,,,"","ALMA","OP2975A1",30045,8002,"2023-03-15","2023-04-20","USD",93.00,100,"3XS:20|2XS:20|XS:20|S:10|M:10|L:10|XL:10"
250026,"2022-09-15 08:39:53.45","#OP2976",50.00,68.00,93.00,120.90,"2023-03-11","130111785","PO",4,,,,"","ALMA","OP2976A1",30046,1002,"2023-03-15","2023-04-20","USD",93.00,100,"3XS:20|2XS:20|XS:20|S:10|M:10|L:10|XL:10"
250027,"2022-09-15 08:39:53.45","#OP2977",50.00,68.00,93.00,120.90,"2023-03-11","130111785","PO",4,,,,"","ALMA","OP2977A0",30047,1016,"2023-03-15","2023-04-20","USD",93.00,100,"3XS:20|2XS:20|XS:20|S:10|M:10|L:10|XL:10"
250028,"2022-09-15 08:39:53.45","#OP2978",50.00,68.00,93.00,120.90,"2023-03-11","130111785","PO",4,,,,"","ALMA","OP2978A1",30065,3002,"2023-03-15","2023-04-20","USD",93.00,100,"3XS:20|2XS:20|XS:20|S:10|M:10|L:10|XL:10"
250029,"2022-09-15 08:39:53.45","#OP2979",50.00,68.00,93.00,120.90,"2023-03-11","130111785","PO",4,,,,"","ALMA","OP2979A0",30074,4002,"2023-03-15","2023-04-20","USD",93.00,100,"3XS:20|2XS:20|XS:20|S:10|M:10|L:10|XL:10"
250026,"2022-09-15 08:39:53.45","#OP2980",50.00,68.00,93.00,120.90,"2023-03-11","130111785","PO",4,,,,"","ALMA","OP2980A1",30075,5002,"2023-03-15","2023-04-20","USD",93.00,100,"3XS:20|2XS:20|XS:20|S:10|M:10|L:10|XL:10"
250027,"2022-09-15 08:39:53.45","#OP2981",50.00,68.00,93.00,120.90,"2023-03-11","130111785","PO",4,,,,"","ALMA","OP2981A0",30025,6002,"2023-03-15","2023-04-20","USD",93.00,100,"3XS:20|2XS:20|XS:20|S:10|M:10|L:10|XL:10"
250028,"2022-09-15 08:39:53.45","#OP2982",50.00,68.00,93.00,120.90,"2023-03-11","130111785","PO",4,,,,"","ALMA","OP2982A1",30026,8002,"2023-03-15","2023-04-20","USD",93.00,100,"3XS:20|2XS:20|XS:20|S:10|M:10|L:10|XL:10"
250026,"2022-09-15 08:39:53.45","#OP2983",50.00,68.00,93.00,120.90,"2023-03-11","130111799","PO",4,,,,"","ALMA","OP2983A1",30027,1002,"2023-03-15","2023-04-20","USD",93.00,100,"3XS:20|2XS:20|XS:20|S:10|M:10|L:10|XL:10"
250027,"2022-09-15 08:39:53.45","#OP2984",50.00,68.00,93.00,120.90,"2023-03-11","130111799","PO",4,,,,"","ALMA","OP2984A0",30066,1016,"2023-03-15","2023-04-20","USD",93.00,100,"3XS:20|2XS:20|XS:20|S:10|M:10|L:10|XL:10"
250028,"2022-09-15 08:39:53.45","#OP2985",50.00,68.00,93.00,120.90,"2023-03-11","130111799","PO",4,,,,"","ALMA","OP2985A1",30067,3002,"2023-03-15","2023-04-20","USD",93.00,100,"3XS:20|2XS:20|XS:20|S:10|M:10|L:10|XL:10"
250029,"2022-09-15 08:39:53.45","#OP2986",50.00,68.00,93.00,120.90,"2023-03-11","130111799","PO",4,,,,"","ALMA","OP2986A0",30068,4002,"2023-03-15","2023-04-20","USD",93.00,100,"3XS:20|2XS:20|XS:20|S:10|M:10|L:10|XL:10"
250026,"2022-09-15 08:39:53.45","#OP2987",50.00,68.00,93.00,120.90,"2023-03-11","130111799","PO",4,,,,"","ALMA","OP2987A1",30069,5002,"2023-03-15","2023-04-20","USD",93.00,100,"3XS:20|2XS:20|XS:20|S:10|M:10|L:10|XL:10"
250027,"2022-09-15 08:39:53.45","#OP2988",50.00,68.00,93.00,120.90,"2023-03-11","130111799","PO",4,,,,"","ALMA","OP2988A0",30070,6002,"2023-03-15","2023-04-20","USD",93.00,100,"3XS:20|2XS:20|XS:20|S:10|M:10|L:10|XL:10"
250028,"2022-09-15 08:39:53.45","#OP2989",50.00,68.00,93.00,120.90,"2023-03-11","130111799","PO",4,,,,"","ALMA","OP2989A1",30071,8002,"2023-03-15","2023-04-20","USD",93.00,100,"3XS:20|2XS:20|XS:20|S:10|M:10|L:10|XL:10"
250026,"2022-09-15 08:39:53.45","#OP2990",50.00,68.00,93.00,120.90,"2023-03-11","130111809","PO",4,,,,"","ALMA","OP2990A1",30072,1002,"2023-03-15","2023-04-20","USD",93.00,100,"3XS:20|2XS:20|XS:20|S:10|M:10|L:10|XL:10"
250027,"2022-09-15 08:39:53.45","#OP2991",50.00,68.00,93.00,120.90,"2023-03-11","130111809","PO",4,,,,"","ALMA","OP2991A0",30073,1016,"2023-03-15","2023-04-20","USD",93.00,100,"3XS:20|2XS:20|XS:20|S:10|M:10|L:10|XL:10"
250028,"2022-09-15 08:39:53.45","#OP2992",50.00,68.00,93.00,120.90,"2023-03-11","130111809","PO",4,,,,"","ALMA","OP2992A1",30029,3002,"2023-03-15","2023-04-20","USD",93.00,100,"3XS:20|2XS:20|XS:20|S:10|M:10|L:10|XL:10"
250029,"2022-09-15 08:39:53.45","#OP2993",50.00,68.00,93.00,120.90,"2023-03-11","130111809","PO",4,,,,"","ALMA","OP2993A0",30013,4002,"2023-03-15","2023-04-20","USD",93.00,100,"3XS:20|2XS:20|XS:20|S:10|M:10|L:10|XL:10"
250026,"2022-09-15 08:39:53.45","#OP2994",50.00,68.00,93.00,120.90,"2023-03-11","130111809","PO",4,,,,"","ALMA","OP2994A1",30022,5002,"2023-03-15","2023-04-20","USD",93.00,100,"3XS:20|2XS:20|XS:20|S:10|M:10|L:10|XL:10"
250027,"2022-09-15 08:39:53.45","#OP2995",50.00,68.00,93.00,120.90,"2023-03-11","130111809","PO",4,,,,"","ALMA","OP2995A0",30045,6002,"2023-03-15","2023-04-20","USD",93.00,100,"3XS:20|2XS:20|XS:20|S:10|M:10|L:10|XL:10"
250028,"2022-09-15 08:39:53.45","#OP2996",50.00,68.00,93.00,120.90,"2023-03-11","130111809","PO",4,,,,"","ALMA","OP2996A1",30046,8002,"2023-03-15","2023-04-20","USD",93.00,100,"3XS:20|2XS:20|XS:20|S:10|M:10|L:10|XL:10"
250026,"2022-09-15 08:39:53.45","#OP2997",50.00,68.00,93.00,120.90,"2023-03-11","130111819","PO",4,,,,"","ALMA","OP2997A1",30047,1002,"2023-03-15","2023-04-20","USD",93.00,100,"3XS:20|2XS:20|XS:20|S:10|M:10|L:10|XL:10"
250027,"2022-09-15 08:39:53.45","#OP2998",50.00,68.00,93.00,120.90,"2023-03-11","130111819","PO",4,,,,"","ALMA","OP2998A0",30065,1016,"2023-03-15","2023-04-20","USD",93.00,100,"3XS:20|2XS:20|XS:20|S:10|M:10|L:10|XL:10"
250028,"2022-09-15 08:39:53.45","#OP2999",50.00,68.00,93.00,120.90,"2023-03-11","130111819","PO",4,,,,"","ALMA","OP2999A1",30074,3002,"2023-03-15","2023-04-20","USD",93.00,100,"3XS:20|2XS:20|XS:20|S:10|M:10|L:10|XL:10"
250029,"2022-09-15 08:39:53.45","#OP3000",50.00,68.00,93.00,120.90,"2023-03-11","130111819","PO",4,,,,"","ALMA","OP3000A0",30075,4002,"2023-03-15","2023-04-20","USD",93.00,100,"3XS:20|2XS:20|XS:20|S:10|M:10|L:10|XL:10"
250026,"2022-09-15 08:39:53.45","#OP3001",50.00,68.00,93.00,120.90,"2023-03-11","130111819","PO",4,,,,"","ALMA","OP3001A1",30025,5002,"2023-03-15","2023-04-20","USD",93.00,100,"3XS:20|2XS:20|XS:20|S:10|M:10|L:10|XL:10"
250027,"2022-09-15 08:39:53.45","#OP3002",50.00,68.00,93.00,120.90,"2023-03-11","130111819","PO",4,,,,"","ALMA","OP3002A0",30026,6002,"2023-03-15","2023-04-20","USD",93.00,100,"3XS:20|2XS:20|XS:20|S:10|M:10|L:10|XL:10"
250028,"2022-09-15 08:39:53.45","#OP3003",50.00,68.00,93.00,120.90,"2023-03-11","130111819","PO",4,,,,"","ALMA","OP3003A1",30027,8002,"2023-03-15","2023-04-20","USD",93.00,100,"3XS:20|2XS:20|XS:20|S:10|M:10|L:10|XL:10"
250026,"2022-09-15 08:39:53.45","#OP3004",50.00,68.00,93.00,120.90,"2023-03-11","130111824","PO",4,,,,"","ALMA","OP3004A1",30066,1002,"2023-03-15","2023-04-20","USD",93.00,100,"3XS:20|2XS:20|XS:20|S:10|M:10|L:10|XL:10"
250027,"2022-09-15 08:39:53.45","#OP3005",50.00,68.00,93.00,120.90,"2023-03-11","130111824","PO",4,,,,"","ALMA","OP3005A0",30067,1016,"2023-03-15","2023-04-20","USD",93.00,100,"3XS:20|2XS:20|XS:20|S:10|M:10|L:10|XL:10"
250028,"2022-09-15 08:39:53.45","#OP3006",50.00,68.00,93.00,120.90,"2023-03-11","130111824","PO",4,,,,"","ALMA","OP3006A1",30068,3002,"2023-03-15","2023-04-20","USD",93.00,100,"3XS:20|2XS:20|XS:20|S:10|M:10|L:10|XL:10"
250029,"2022-09-15 08:39:53.45","#OP3007",50.00,68.00,93.00,120.90,"2023-03-11","130111824","PO",4,,,,"","ALMA","OP3007A0",30069,4002,"2023-03-15","2023-04-20","USD",93.00,100,"3XS:20|2XS:20|XS:20|S:10|M:10|L:10|XL:10"
250026,"2022-09-15 08:39:53.45","#OP3008",50.00,68.00,93.00,120.90,"2023-03-11","130111824","PO",4,,,,"","ALMA","OP3008A1",30070,5002,"2023-03-15","2023-04-20","USD",93.00,100,"3XS:20|2XS:20|XS:20|S:10|M:10|L:10|XL:10"
250027,"2022-09-15 08:39:53.45","#OP3009",50.00,68.00,93.00,120.90,"2023-03-11","130111824","PO",4,,,,"","ALMA","OP3009A0",30071,6002,"2023-03-15","2023-04-20","USD",93.00,100,"3XS:20|2XS:20|XS:20|S:10|M:10|L:10|XL:10"
250028,"2022-09-15 08:39:53.45","#OP3010",50.00,68.00,93.00,120.90,"2023-03-11","130111824","PO",4,,,,"","ALMA","OP3010A1",30072,8002,"2023-03-15","2023-04-20","USD",93.00,100,"3XS:20|2XS:20|XS:20|S:10|M:10|L:10|XL:10"
250026,"2022-09-15 08:39:53.45","#OP3011",50.00,68.00,93.00,120.90,"2023-03-11","130111830","PO",4,,,,"","ALMA","OP3011A1",30073,1002,"2023-03-15","2023-04-20","USD",93.00,100,"3XS:20|2XS:20|XS:20|S:10|M:10|L:10|XL:10"
250027,"2022-09-15 08:39:53.45","#OP3012",50.00,68.00,93.00,120.90,"2023-03-11","130111830","PO",4,,,,"","ALMA","OP3012A0",30029,1016,"2023-03-15","2023-04-20","USD",93.00,100,"3XS:20|2XS:20|XS:20|S:10|M:10|L:10|XL:10"
250028,"2022-09-15 08:39:53.45","#OP3013",50.00,68.00,93.00,120.90,"2023-03-11","130111830","PO",4,,,,"","ALMA","OP3013A1",30013,3002,"2023-03-15","2023-04-20","USD",93.00,100,"3XS:20|2XS:20|XS:20|S:10|M:10|L:10|XL:10"
250029,"2022-09-15 08:39:53.45","#OP3014",50.00,68.00,93.00,120.90,"2023-03-11","130111830","PO",4,,,,"","ALMA","OP3014A0",30022,4002,"2023-03-15","2023-04-20","USD",93.00,100,"3XS:20|2XS:20|XS:20|S:10|M:10|L:10|XL:10"
250026,"2022-09-15 08:39:53.45","#OP3015",50.00,68.00,93.00,120.90,"2023-03-11","130111830","PO",4,,,,"","ALMA","OP3015A1",30045,5002,"2023-03-15","2023-04-20","USD",93.00,100,"3XS:20|2XS:20|XS:20|S:10|M:10|L:10|XL:10"
250027,"2022-09-15 08:39:53.45","#OP3016",50.00,68.00,93.00,120.90,"2023-03-11","130111830","PO",4,,,,"","ALMA","OP3016A0",30046,6002,"2023-03-15","2023-04-20","USD",93.00,100,"3XS:20|2XS:20|XS:20|S:10|M:10|L:10|XL:10"
250028,"2022-09-15 08:39:53.45","#OP3017",50.00,68.00,93.00,120.90,"2023-03-11","130111830","PO",4,,,,"","ALMA","OP3017A1",30047,8002,"2023-03-15","2023-04-20","USD",93.00,100,"3XS:20|2XS:20|XS:20|S:10|M:10|L:10|XL:10"
250026,"2022-09-15 08:39:53.45","#OP3018",50.00,68.00,93.00,120.90,"2023-03-11","130111834","PO",4,,,,"","ALMA","OP3018A1",30065,1002,"2023-03-15","2023-04-20","USD",93.00,100,"3XS:20|2XS:20|XS:20|S:10|M:10|L:10|XL:10"
250027,"2022-09-15 08:39:53.45","#OP3019",50.00,68.00,93.00,120.90,"2023-03-11","130111834","PO",4,,,,"","ALMA","OP3019A0",30074,1016,"2023-03-15","2023-04-20","USD",93.00,100,"3XS:20|2XS:20|XS:20|S:10|M:10|L:10|XL:10"
250028,"2022-09-15 08:39:53.45","#OP3020",50.00,68.00,93.00,120.90,"2023-03-11","130111834","PO",4,,,,"","ALMA","OP3020A1",30075,3002,"2023-03-15","2023-04-20","USD",93.00,100,"3XS:20|2XS:20|XS:20|S:10|M:10|L:10|XL:10"
250029,"2022-09-15 08:39:53.45","#OP3021",50.00,68.00,93.00,120.90,"2023-03-11","130111834","PO",4,,,,"","ALMA","OP3021A0",30025,4002,"2023-03-15","2023-04-20","USD",93.00,100,"3XS:20|2XS:20|XS:20|S:10|M:10|L:10|XL:10"
250026,"2022-09-15 08:39:53.45","#OP3022",50.00,68.00,93.00,120.90,"2023-03-11","130111834","PO",4,,,,"","ALMA","OP3022A1",30026,5002,"2023-03-15","2023-04-20","USD",93.00,100,"3XS:20|2XS:20|XS:20|S:10|M:10|L:10|XL:10"
250027,"2022-09-15 08:39:53.45","#OP3023",50.00,68.00,93.00,120.90,"2023-03-11","130111834","PO",4,,,,"","ALMA","OP3023A0",30027,6002,"2023-03-15","2023-04-20","USD",93.00,100,"3XS:20|2XS:20|XS:20|S:10|M:10|L:10|XL:10"
250028,"2022-09-15 08:39:53.45","#OP3024",50.00,68.00,93.00,120.90,"2023-03-11","130111834","PO",4,,,,"","ALMA","OP3024A1",30066,8002,"2023-03-15","2023-04-20","USD",93.00,100,"3XS:20|2XS:20|XS:20|S:10|M:10|L:10|XL:10"
250026,"2022-09-15 08:39:53.45","#OP3025",50.00,68.00,93.00,120.90,"2023-03-11","130111840","PO",4,,,,"","ALMA","OP3025A1",30067,1002,"2023-03-15","2023-04-20","USD",93.00,100,"3XS:20|2XS:20|XS:20|S:10|M:10|L:10|XL:10"
250027,"2022-09-15 08:39:53.45","#OP3026",50.00,68.00,93.00,120.90,"2023-03-11","130111840","PO",4,,,,"","ALMA","OP3026A0",30068,1016,"2023-03-15","2023-04-20","USD",93.00,100,"3XS:20|2XS:20|XS:20|S:10|M:10|L:10|XL:10"
250028,"2022-09-15 08:39:53.45","#OP3027",50.00,68.00,93.00,120.90,"2023-03-11","130111840","PO",4,,,,"","ALMA","OP3027A1",30069,3002,"2023-03-15","2023-04-20","USD",93.00,100,"3XS:20|2XS:20|XS:20|S:10|M:10|L:10|XL:10"
250029,"2022-09-15 08:39:53.45","#OP3028",50.00,68.00,93.00,120.90,"2023-03-11","130111840","PO",4,,,,"","ALMA","OP3028A0",30070,4002,"2023-03-15","2023-04-20","USD",93.00,100,"3XS:20|2XS:20|XS:20|S:10|M:10|L:10|XL:10"
250026,"2022-09-15 08:39:53.45","#OP3029",50.00,68.00,93.00,120.90,"2023-03-11","130111840","PO",4,,,,"","ALMA","OP3029A1",30071,5002,"2023-03-15","2023-04-20","USD",93.00,100,"3XS:20|2XS:20|XS:20|S:10|M:10|L:10|XL:10"
250027,"2022-09-15 08:39:53.45","#OP3030",50.00,68.00,93.00,120.90,"2023-03-11","130111840","PO",4,,,,"","ALMA","OP3030A0",30072,6002,"2023-03-15","2023-04-20","USD",93.00,100,"3XS:20|2XS:20|XS:20|S:10|M:10|L:10|XL:10"
250028,"2022-09-15 08:39:53.45","#OP3031",50.00,68.00,93.00,120.90,"2023-03-11","130111840","PO",4,,,,"","ALMA","OP3031A1",30073,8002,"2023-03-15","2023-04-20","USD",93.00,100,"3XS:20|2XS:20|XS:20|S:10|M:10|L:10|XL:10"
250026,"2022-09-15 08:39:53.45","#OP3032",50.00,68.00,93.00,120.90,"2023-03-11","130111842","PO",4,,,,"","ALMA","OP3032A1",30029,1002,"2023-03-15","2023-04-20","USD",93.00,100,"3XS:20|2XS:20|XS:20|S:10|M:10|L:10|XL:10"
250027,"2022-09-15 08:39:53.45","#OP3033",50.00,68.00,93.00,120.90,"2023-03-11","130111842","PO",4,,,,"","ALMA","OP3033A0",30013,1016,"2023-03-15","2023-04-20","USD",93.00,100,"3XS:20|2XS:20|XS:20|S:10|M:10|L:10|XL:10"
250028,"2022-09-15 08:39:53.45","#OP3034",50.00,68.00,93.00,120.90,"2023-03-11","130111842","PO",4,,,,"","ALMA","OP3034A1",30022,3002,"2023-03-15","2023-04-20","USD",93.00,100,"3XS:20|2XS:20|XS:20|S:10|M:10|L:10|XL:10"
250029,"2022-09-15 08:39:53.45","#OP3035",50.00,68.00,93.00,120.90,"2023-03-11","130111842","PO",4,,,,"","ALMA","OP3035A0",30045,4002,"2023-03-15","2023-04-20","USD",93.00,100,"3XS:20|2XS:20|XS:20|S:10|M:10|L:10|XL:10"
250026,"2022-09-15 08:39:53.45","#OP3036",50.00,68.00,93.00,120.90,"2023-03-11","130111842","PO",4,,,,"","ALMA","OP3036A1",30046,5002,"2023-03-15","2023-04-20","USD",93.00,100,"3XS:20|2XS:20|XS:20|S:10|M:10|L:10|XL:10"
250027,"2022-09-15 08:39:53.45","#OP3037",50.00,68.00,93.00,120.90,"2023-03-11","130111842","PO",4,,,,"","ALMA","OP3037A0",30047,6002,"2023-03-15","2023-04-20","USD",93.00,100,"3XS:20|2XS:20|XS:20|S:10|M:10|L:10|XL:10"
250028,"2022-09-15 08:39:53.45","#OP3038",50.00,68.00,93.00,120.90,"2023-03-11","130111842","PO",4,,,,"","ALMA","OP3038A1",30065,8002,"2023-03-15","2023-04-20","USD",93.00,100,"3XS:20|2XS:20|XS:20|S:10|M:10|L:10|XL:10"
250026,"2022-09-15 08:39:53.45","#OP3039",50.00,68.00,93.00,120.90,"2023-03-11","130111859","PO",4,,,,"","ALMA","OP3039A1",30074,1002,"2023-03-15","2023-04-20","USD",93.00,100,"3XS:20|2XS:20|XS:20|S:10|M:10|L:10|XL:10"
250027,"2022-09-15 08:39:53.45","#OP3040",50.00,68.00,93.00,120.90,"2023-03-11","130111859","PO",4,,,,"","ALMA","OP3040A0",30075,1016,"2023-03-15","2023-04-20","USD",93.00,100,"3XS:20|2XS:20|XS:20|S:10|M:10|L:10|XL:10"
250028,"2022-09-15 08:39:53.45","#OP3041",50.00,68.00,93.00,120.90,"2023-03-11","130111859","PO",4,,,,"","ALMA","OP3041A1",30025,3002,"2023-03-15","2023-04-20","USD",93.00,100,"3XS:20|2XS:20|XS:20|S:10|M:10|L:10|XL:10"
250029,"2022-09-15 08:39:53.45","#OP3042",50.00,68.00,93.00,120.90,"2023-03-11","130111859","PO",4,,,,"","ALMA","OP3042A0",30026,4002,"2023-03-15","2023-04-20","USD",93.00,100,"3XS:20|2XS:20|XS:20|S:10|M:10|L:10|XL:10"
250026,"2022-09-15 08:39:53.45","#OP3043",50.00,68.00,93.00,120.90,"2023-03-11","130111859","PO",4,,,,"","ALMA","OP3043A1",30027,5002,"2023-03-15","2023-04-20","USD",93.00,100,"3XS:20|2XS:20|XS:20|S:10|M:10|L:10|XL:10"
250027,"2022-09-15 08:39:53.45","#OP3044",50.00,68.00,93.00,120.90,"2023-03-11","130111859","PO",4,,,,"","ALMA","OP3044A0",30066,6002,"2023-03-15","2023-04-20","USD",93.00,100,"3XS:20|2XS:20|XS:20|S:10|M:10|L:10|XL:10"
250028,"2022-09-15 08:39:53.45","#OP3045",50.00,68.00,93.00,120.90,"2023-03-11","130111859","PO",4,,,,"","ALMA","OP3045A1",30067,8002,"2023-03-15","2023-04-20","USD",93.00,100,"3XS:20|2XS:20|XS:20|S:10|M:10|L:10|XL:10"
250026,"2022-09-15 08:39:53.45","#OP3046",50.00,68.00,93.00,120.90,"2023-03-11","130111862","PO",4,,,,"","ALMA","OP3046A1",30068,1002,"2023-03-15","2023-04-20","USD",93.00,100,"3XS:20|2XS:20|XS:20|S:10|M:10|L:10|XL:10"
250027,"2022-09-15 08:39:53.45","#OP3047",50.00,68.00,93.00,120.90,"2023-03-11","130111862","PO",4,,,,"","ALMA","OP3047A0",30069,1016,"2023-03-15","2023-04-20","USD",93.00,100,"3XS:20|2XS:20|XS:20|S:10|M:10|L:10|XL:10"
250028,"2022-09-15 08:39:53.45","#OP3048",50.00,68.00,93.00,120.90,"2023-03-11","130111862","PO",4,,,,"","ALMA","OP3048A1",30070,3002,"2023-03-15","2023-04-20","USD",93.00,100,"3XS:20|2XS:20|XS:20|S:10|M:10|L:10|XL:10"
250029,"2022-09-15 08:39:53.45","#OP3049",50.00,68.00,93.00,120.90,"2023-03-11","130111862","PO",4,,,,"","ALMA","OP3049A0",30071,4002,"2023-03-15","2023-04-20","USD",93.00,100,"3XS:20|2XS:20|XS:20|S:10|M:10|L:10|XL:10"
250026,"2022-09-15 08:39:53.45","#OP3050",50.00,68.00,93.00,120.90,"2023-03-11","130111862","PO",4,,,,"","ALMA","OP3050A1",30072,5002,"2023-03-15","2023-04-20","USD",93.00,100,"3XS:20|2XS:20|XS:20|S:10|M:10|L:10|XL:10"
250027,"2022-09-15 08:39:53.45","#OP3051",50.00,68.00,93.00,120.90,"2023-03-11","130111862","PO",4,,,,"","ALMA","OP3051A0",30073,6002,"2023-03-15","2023-04-20","USD",93.00,100,"3XS:20|2XS:20|XS:20|S:10|M:10|L:10|XL:10"
250028,"2022-09-15 08:39:53.45","#OP3052",50.00,68.00,93.00,120.90,"2023-03-11","130111862","PO",4,,,,"","ALMA","OP3052A1",30029,8002,"2023-03-15","2023-04-20","USD",93.00,100,"3XS:20|2XS:20|XS:20|S:10|M:10|L:10|XL:10"
250026,"2022-09-15 08:39:53.45","#OP3053",50.00,68.00,93.00,120.90,"2023-03-11","130111864","PO",4,,,,"","ALMA","OP3053A1",30013,1002,"2023-03-15","2023-04-20","USD",93.00,100,"3XS:20|2XS:20|XS:20|S:10|M:10|L:10|XL:10"
250027,"2022-09-15 08:39:53.45","#OP3054",50.00,68.00,93.00,120.90,"2023-03-11","130111864","PO",4,,,,"","ALMA","OP3054A0",30022,1016,"2023-03-15","2023-04-20","USD",93.00,100,"3XS:20|2XS:20|XS:20|S:10|M:10|L:10|XL:10"
250028,"2022-09-15 08:39:53.45","#OP3055",50.00,68.00,93.00,120.90,"2023-03-11","130111864","PO",4,,,,"","ALMA","OP3055A1",30045,3002,"2023-03-15","2023-04-20","USD",93.00,100,"3XS:20|2XS:20|XS:20|S:10|M:10|L:10|XL:10"
250029,"2022-09-15 08:39:53.45","#OP3056",50.00,68.00,93.00,120.90,"2023-03-11","130111864","PO",4,,,,"","ALMA","OP3056A0",30046,4002,"2023-03-15","2023-04-20","USD",93.00,100,"3XS:20|2XS:20|XS:20|S:10|M:10|L:10|XL:10"
250026,"2022-09-15 08:39:53.45","#OP3057",50.00,68.00,93.00,120.90,"2023-03-11","130111864","PO",4,,,,"","ALMA","OP3057A1",30047,5002,"2023-03-15","2023-04-20","USD",93.00,100,"3XS:20|2XS:20|XS:20|S:10|M:10|L:10|XL:10"
250027,"2022-09-15 08:39:53.45","#OP3058",50.00,68.00,93.00,120.90,"2023-03-11","130111864","PO",4,,,,"","ALMA","OP3058A0",30065,6002,"2023-03-15","2023-04-20","USD",93.00,100,"3XS:20|2XS:20|XS:20|S:10|M:10|L:10|XL:10"
250028,"2022-09-15 08:39:53.45","#OP3059",50.00,68.00,93.00,120.90,"2023-03-11","130111864","PO",4,,,,"","ALMA","OP3059A1",30074,8002,"2023-03-15","2023-04-20","USD",93.00,100,"3XS:20|2XS:20|XS:20|S:10|M:10|L:10|XL:10"
250026,"2022-09-15 08:39:53.45","#OP3060",50.00,68.00,93.00,120.90,"2023-03-11","130111879","PO",4,,,,"","ALMA","OP3060A1",30075,1002,"2023-03-15","2023-04-20","USD",93.00,100,"3XS:20|2XS:20|XS:20|S:10|M:10|L:10|XL:10"
250027,"2022-09-15 08:39:53.45","#OP3061",50.00,68.00,93.00,120.90,"2023-03-11","130111879","PO",4,,,,"","ALMA","OP3061A0",30025,1016,"2023-03-15","2023-04-20","USD",93.00,100,"3XS:20|2XS:20|XS:20|S:10|M:10|L:10|XL:10"
250028,"2022-09-15 08:39:53.45","#OP3062",50.00,68.00,93.00,120.90,"2023-03-11","130111879","PO",4,,,,"","ALMA","OP3062A1",30026,3002,"2023-03-15","2023-04-20","USD",93.00,100,"3XS:20|2XS:20|XS:20|S:10|M:10|L:10|XL:10"
250029,"2022-09-15 08:39:53.45","#OP3063",50.00,68.00,93.00,120.90,"2023-03-11","130111879","PO",4,,,,"","ALMA","OP3063A0",30027,4002,"2023-03-15","2023-04-20","USD",93.00,100,"3XS:20|2XS:20|XS:20|S:10|M:10|L:10|XL:10"
250026,"2022-09-15 08:39:53.45","#OP3064",50.00,68.00,93.00,120.90,"2023-03-11","130111879","PO",4,,,,"","ALMA","OP3064A1",30066,5002,"2023-03-15","2023-04-20","USD",93.00,100,"3XS:20|2XS:20|XS:20|S:10|M:10|L:10|XL:10"
250027,"2022-09-15 08:39:53.45","#OP3065",50.00,68.00,93.00,120.90,"2023-03-11","130111879","PO",4,,,,"","ALMA","OP3065A0",30067,6002,"2023-03-15","2023-04-20","USD",93.00,100,"3XS:20|2XS:20|XS:20|S:10|M:10|L:10|XL:10"
250028,"2022-09-15 08:39:53.45","#OP3066",50.00,68.00,93.00,120.90,"2023-03-11","130111879","PO",4,,,,"","ALMA","OP3066A1",30068,8002,"2023-03-15","2023-04-20","USD",93.00,100,"3XS:20|2XS:20|XS:20|S:10|M:10|L:10|XL:10"
250026,"2022-09-15 08:39:53.45","#OP3067",50.00,68.00,93.00,120.90,"2023-03-11","130111889","PO",4,,,,"","ALMA","OP3067A1",30069,1002,"2023-03-15","2023-04-20","USD",93.00,100,"3XS:20|2XS:20|XS:20|S:10|M:10|L:10|XL:10"
250027,"2022-09-15 08:39:53.45","#OP3068",50.00,68.00,93.00,120.90,"2023-03-11","130111889","PO",4,,,,"","ALMA","OP3068A0",30070,1016,"2023-03-15","2023-04-20","USD",93.00,100,"3XS:20|2XS:20|XS:20|S:10|M:10|L:10|XL:10"
250028,"2022-09-15 08:39:53.45","#OP3069",50.00,68.00,93.00,120.90,"2023-03-11","130111889","PO",4,,,,"","ALMA","OP3069A1",30071,3002,"2023-03-15","2023-04-20","USD",93.00,100,"3XS:20|2XS:20|XS:20|S:10|M:10|L:10|XL:10"
250029,"2022-09-15 08:39:53.45","#OP3070",50.00,68.00,93.00,120.90,"2023-03-11","130111889","PO",4,,,,"","ALMA","OP3070A0",30072,4002,"2023-03-15","2023-04-20","USD",93.00,100,"3XS:20|2XS:20|XS:20|S:10|M:10|L:10|XL:10"
250026,"2022-09-15 08:39:53.45","#OP3071",50.00,68.00,93.00,120.90,"2023-03-11","130111889","PO",4,,,,"","ALMA","OP3071A1",30073,5002,"2023-03-15","2023-04-20","USD",93.00,100,"3XS:20|2XS:20|XS:20|S:10|M:10|L:10|XL:10"
250027,"2022-09-15 08:39:53.45","#OP3072",50.00,68.00,93.00,120.90,"2023-03-11","130111889","PO",4,,,,"","ALMA","OP3072A0",30029,6002,"2023-03-15","2023-04-20","USD",93.00,100,"3XS:20|2XS:20|XS:20|S:10|M:10|L:10|XL:10"
250028,"2022-09-15 08:39:53.45","#OP3073",50.00,68.00,93.00,120.90,"2023-03-11","130111889","PO",4,,,,"","ALMA","OP3073A1",30013,8002,"2023-03-15","2023-04-20","USD",93.00,100,"3XS:20|2XS:20|XS:20|S:10|M:10|L:10|XL:10"
250026,"2022-09-15 08:39:53.45","#OP3074",50.00,68.00,93.00,120.90,"2023-03-11","130111907","PO",4,,,,"","ALMA","OP3074A1",30022,1002,"2023-03-15","2023-04-20","USD",93.00,100,"3XS:20|2XS:20|XS:20|S:10|M:10|L:10|XL:10"
250027,"2022-09-15 08:39:53.45","#OP3075",50.00,68.00,93.00,120.90,"2023-03-11","130111907","PO",4,,,,"","ALMA","OP3075A0",30045,1016,"2023-03-15","2023-04-20","USD",93.00,100,"3XS:20|2XS:20|XS:20|S:10|M:10|L:10|XL:10"
250028,"2022-09-15 08:39:53.45","#OP3076",50.00,68.00,93.00,120.90,"2023-03-11","130111907","PO",4,,,,"","ALMA","OP3076A1",30046,3002,"2023-03-15","2023-04-20","USD",93.00,100,"3XS:20|2XS:20|XS:20|S:10|M:10|L:10|XL:10"
250029,"2022-09-15 08:39:53.45","#OP3077",50.00,68.00,93.00,120.90,"2023-03-11","130111907","PO",4,,,,"","ALMA","OP3077A0",30047,4002,"2023-03-15","2023-04-20","USD",93.00,100,"3XS:20|2XS:20|XS:20|S:10|M:10|L:10|XL:10"
250026,"2022-09-15 08:39:53.45","#OP3078",50.00,68.00,93.00,120.90,"2023-03-11","130111907","PO",4,,,,"","ALMA","OP3078A1",30065,5002,"2023-03-15","2023-04-20","USD",93.00,100,"3XS:20|2XS:20|XS:20|S:10|M:10|L:10|XL:10"
250027,"2022-09-15 08:39:53.45","#OP3079",50.00,68.00,93.00,120.90,"2023-03-11","130111907","PO",4,,,,"","ALMA","OP3079A0",30074,6002,"2023-03-15","2023-04-20","USD",93.00,100,"3XS:20|2XS:20|XS:20|S:10|M:10|L:10|XL:10"
250028,"2022-09-15 08:39:53.45","#OP3080",50.00,68.00,93.00,120.90,"2023-03-11","130111907","PO",4,,,,"","ALMA","OP3080A1",30075,8002,"2023-03-15","2023-04-20","USD",93.00,100,"3XS:20|2XS:20|XS:20|S:10|M:10|L:10|XL:10"
250026,"2022-09-15 08:39:53.45","#OP3081",50.00,68.00,93.00,120.90,"2023-03-11","130111924","PO",4,,,,"","ALMA","OP3081A1",30025,1002,"2023-03-15","2023-04-20","USD",93.00,100,"3XS:20|2XS:20|XS:20|S:10|M:10|L:10|XL:10"
250027,"2022-09-15 08:39:53.45","#OP3082",50.00,68.00,93.00,120.90,"2023-03-11","130111924","PO",4,,,,"","ALMA","OP3082A0",30026,1016,"2023-03-15","2023-04-20","USD",93.00,100,"3XS:20|2XS:20|XS:20|S:10|M:10|L:10|XL:10"
250028,"2022-09-15 08:39:53.45","#OP3083",50.00,68.00,93.00,120.90,"2023-03-11","130111924","PO",4,,,,"","ALMA","OP3083A1",30027,3002,"2023-03-15","2023-04-20","USD",93.00,100,"3XS:20|2XS:20|XS:20|S:10|M:10|L:10|XL:10"
250029,"2022-09-15 08:39:53.45","#OP3084",50.00,68.00,93.00,120.90,"2023-03-11","130111924","PO",4,,,,"","ALMA","OP3084A0",30066,4002,"2023-03-15","2023-04-20","USD",93.00,100,"3XS:20|2XS:20|XS:20|S:10|M:10|L:10|XL:10"
250026,"2022-09-15 08:39:53.45","#OP3085",50.00,68.00,93.00,120.90,"2023-03-11","130111924","PO",4,,,,"","ALMA","OP3085A1",30067,5002,"2023-03-15","2023-04-20","USD",93.00,100,"3XS:20|2XS:20|XS:20|S:10|M:10|L:10|XL:10"
250027,"2022-09-15 08:39:53.45","#OP3086",50.00,68.00,93.00,120.90,"2023-03-11","130111924","PO",4,,,,"","ALMA","OP3086A0",30068,6002,"2023-03-15","2023-04-20","USD",93.00,100,"3XS:20|2XS:20|XS:20|S:10|M:10|L:10|XL:10"
250028,"2022-09-15 08:39:53.45","#OP3087",50.00,68.00,93.00,120.90,"2023-03-11","130111924","PO",4,,,,"","ALMA","OP3087A1",30069,8002,"2023-03-15","2023-04-20","USD",93.00,100,"3XS:20|2XS:20|XS:20|S:10|M:10|L:10|XL:10"
250026,"2022-09-15 08:39:53.45","#OP3088",50.00,68.00,93.00,120.90,"2023-03-11","130111989","PO",4,,,,"","ALMA","OP3088A1",30070,1002,"2023-03-15","2023-04-20","USD",93.00,100,"3XS:20|2XS:20|XS:20|S:10|M:10|L:10|XL:10"
250027,"2022-09-15 08:39:53.45","#OP3089",50.00,68.00,93.00,120.90,"2023-03-11","130111989","PO",4,,,,"","ALMA","OP3089A0",30071,1016,"2023-03-15","2023-04-20","USD",93.00,100,"3XS:20|2XS:20|XS:20|S:10|M:10|L:10|XL:10"
250028,"2022-09-15 08:39:53.45","#OP3090",50.00,68.00,93.00,120.90,"2023-03-11","130111989","PO",4,,,,"","ALMA","OP3090A1",30072,3002,"2023-03-15","2023-04-20","USD",93.00,100,"3XS:20|2XS:20|XS:20|S:10|M:10|L:10|XL:10"
250029,"2022-09-15 08:39:53.45","#OP3091",50.00,68.00,93.00,120.90,"2023-03-11","130111989","PO",4,,,,"","ALMA","OP3091A0",30073,4002,"2023-03-15","2023-04-20","USD",93.00,100,"3XS:20|2XS:20|XS:20|S:10|M:10|L:10|XL:10"
250026,"2022-09-15 08:39:53.45","#OP3092",50.00,68.00,93.00,120.90,"2023-03-11","130111989","PO",4,,,,"","ALMA","OP3092A1",30029,5002,"2023-03-15","2023-04-20","USD",93.00,100,"3XS:20|2XS:20|XS:20|S:10|M:10|L:10|XL:10"
250027,"2022-09-15 08:39:53.45","#OP3093",50.00,68.00,93.00,120.90,"2023-03-11","130111989","PO",4,,,,"","ALMA","OP3093A0",30013,6002,"2023-03-15","2023-04-20","USD",93.00,100,"3XS:20|2XS:20|XS:20|S:10|M:10|L:10|XL:10"
250028,"2022-09-15 08:39:53.45","#OP3094",50.00,68.00,93.00,120.90,"2023-03-11","130111989","PO",4,,,,"","ALMA","OP3094A1",30022,8002,"2023-03-15","2023-04-20","USD",93.00,100,"3XS:20|2XS:20|XS:20|S:10|M:10|L:10|XL:10"
250026,"2022-09-15 08:39:53.45","#OP3095",50.00,68.00,93.00,120.90,"2023-03-11","130112002","PO",4,,,,"","ALMA","OP3095A1",30045,1002,"2023-03-15","2023-04-20","USD",93.00,100,"3XS:20|2XS:20|XS:20|S:10|M:10|L:10|XL:10"
250027,"2022-09-15 08:39:53.45","#OP3096",50.00,68.00,93.00,120.90,"2023-03-11","130112002","PO",4,,,,"","ALMA","OP3096A0",30046,1016,"2023-03-15","2023-04-20","USD",93.00,100,"3XS:20|2XS:20|XS:20|S:10|M:10|L:10|XL:10"
250028,"2022-09-15 08:39:53.45","#OP3097",50.00,68.00,93.00,120.90,"2023-03-11","130112002","PO",4,,,,"","ALMA","OP3097A1",30047,3002,"2023-03-15","2023-04-20","USD",93.00,100,"3XS:20|2XS:20|XS:20|S:10|M:10|L:10|XL:10"
250029,"2022-09-15 08:39:53.45","#OP3098",50.00,68.00,93.00,120.90,"2023-03-11","130112002","PO",4,,,,"","ALMA","OP3098A0",30065,4002,"2023-03-15","2023-04-20","USD",93.00,100,"3XS:20|2XS:20|XS:20|S:10|M:10|L:10|XL:10"
250026,"2022-09-15 08:39:53.45","#OP3099",50.00,68.00,93.00,120.90,"2023-03-11","130112002","PO",4,,,,"","ALMA","OP3099A1",30074,5002,"2023-03-15","2023-04-20","USD",93.00,100,"3XS:20|2XS:20|XS:20|S:10|M:10|L:10|XL:10"
250027,"2022-09-15 08:39:53.45","#OP3100",50.00,68.00,93.00,120.90,"2023-03-11","130112002","PO",4,,,,"","ALMA","OP3100A0",30075,6002,"2023-03-15","2023-04-20","USD",93.00,100,"3XS:20|2XS:20|XS:20|S:10|M:10|L:10|XL:10"
250028,"2022-09-15 08:39:53.45","#OP3101",50.00,68.00,93.00,120.90,"2023-03-11","130112002","PO",4,,,,"","ALMA","OP3101A1",30025,8002,"2023-03-15","2023-04-20","USD",93.00,100,"3XS:20|2XS:20|XS:20|S:10|M:10|L:10|XL:10"
250026,"2022-09-15 08:39:53.45","#OP3102",50.00,68.00,93.00,120.90,"2023-03-11","130112019","PO",4,,,,"","ALMA","OP3102A1",30026,1002,"2023-03-15","2023-04-20","USD",93.00,100,"3XS:20|2XS:20|XS:20|S:10|M:10|L:10|XL:10"
250027,"2022-09-15 08:39:53.45","#OP3103",50.00,68.00,93.00,120.90,"2023-03-11","130112019","PO",4,,,,"","ALMA","OP3103A0",30027,1016,"2023-03-15","2023-04-20","USD",93.00,100,"3XS:20|2XS:20|XS:20|S:10|M:10|L:10|XL:10"
250028,"2022-09-15 08:39:53.45","#OP3104",50.00,68.00,93.00,120.90,"2023-03-11","130112019","PO",4,,,,"","ALMA","OP3104A1",30066,3002,"2023-03-15","2023-04-20","USD",93.00,100,"3XS:20|2XS:20|XS:20|S:10|M:10|L:10|XL:10"
250029,"2022-09-15 08:39:53.45","#OP3105",50.00,68.00,93.00,120.90,"2023-03-11","130112019","PO",4,,,,"","ALMA","OP3105A0",30067,4002,"2023-03-15","2023-04-20","USD",93.00,100,"3XS:20|2XS:20|XS:20|S:10|M:10|L:10|XL:10"
250026,"2022-09-15 08:39:53.45","#OP3106",50.00,68.00,93.00,120.90,"2023-03-11","130112019","PO",4,,,,"","ALMA","OP3106A1",30068,5002,"2023-03-15","2023-04-20","USD",93.00,100,"3XS:20|2XS:20|XS:20|S:10|M:10|L:10|XL:10"
250027,"2022-09-15 08:39:53.45","#OP3107",50.00,68.00,93.00,120.90,"2023-03-11","130112019","PO",4,,,,"","ALMA","OP3107A0",30069,6002,"2023-03-15","2023-04-20","USD",93.00,100,"3XS:20|2XS:20|XS:20|S:10|M:10|L:10|XL:10"
250028,"2022-09-15 08:39:53.45","#OP3108",50.00,68.00,93.00,120.90,"2023-03-11","130112019","PO",4,,,,"","ALMA","OP3108A1",30070,8002,"2023-03-15","2023-04-20","USD",93.00,100,"3XS:20|2XS:20|XS:20|S:10|M:10|L:10|XL:10"
250026,"2022-09-15 08:39:53.45","#OP3109",50.00,68.00,93.00,120.90,"2023-03-11","130112060","PO",4,,,,"","ALMA","OP3109A1",30071,1002,"2023-03-15","2023-04-20","USD",93.00,100,"3XS:20|2XS:20|XS:20|S:10|M:10|L:10|XL:10"
250027,"2022-09-15 08:39:53.45","#OP3110",50.00,68.00,93.00,120.90,"2023-03-11","130112060","PO",4,,,,"","ALMA","OP3110A0",30072,1016,"2023-03-15","2023-04-20","USD",93.00,100,"3XS:20|2XS:20|XS:20|S:10|M:10|L:10|XL:10"
250028,"2022-09-15 08:39:53.45","#OP3111",50.00,68.00,93.00,120.90,"2023-03-11","130112060","PO",4,,,,"","ALMA","OP3111A1",30073,3002,"2023-03-15","2023-04-20","USD",93.00,100,"3XS:20|2XS:20|XS:20|S:10|M:10|L:10|XL:10"
250029,"2022-09-15 08:39:53.45","#OP3112",50.00,68.00,93.00,120.90,"2023-03-11","130112060","PO",4,,,,"","ALMA","OP3112A0",30029,4002,"2023-03-15","2023-04-20","USD",93.00,100,"3XS:20|2XS:20|XS:20|S:10|M:10|L:10|XL:10"
250026,"2022-09-15 08:39:53.45","#OP3113",50.00,68.00,93.00,120.90,"2023-03-11","130112060","PO",4,,,,"","ALMA","OP3113A1",30013,5002,"2023-03-15","2023-04-20","USD",93.00,100,"3XS:20|2XS:20|XS:20|S:10|M:10|L:10|XL:10"
250027,"2022-09-15 08:39:53.45","#OP3114",50.00,68.00,93.00,120.90,"2023-03-11","130112060","PO",4,,,,"","ALMA","OP3114A0",30022,6002,"2023-03-15","2023-04-20","USD",93.00,100,"3XS:20|2XS:20|XS:20|S:10|M:10|L:10|XL:10"
250028,"2022-09-15 08:39:53.45","#OP3115",50.00,68.00,93.00,120.90,"2023-03-11","130112060","PO",4,,,,"","ALMA","OP3115A1",30045,8002,"2023-03-15","2023-04-20","USD",93.00,100,"3XS:20|2XS:20|XS:20|S:10|M:10|L:10|XL:10"
250026,"2022-09-15 08:39:53.45","#OP3116",50.00,68.00,93.00,120.90,"2023-03-11","130112084","PO",4,,,,"","ALMA","OP3116A1",30046,1002,"2023-03-15","2023-04-20","USD",93.00,100,"3XS:20|2XS:20|XS:20|S:10|M:10|L:10|XL:10"
250027,"2022-09-15 08:39:53.45","#OP3117",50.00,68.00,93.00,120.90,"2023-03-11","130112084","PO",4,,,,"","ALMA","OP3117A0",30047,1016,"2023-03-15","2023-04-20","USD",93.00,100,"3XS:20|2XS:20|XS:20|S:10|M:10|L:10|XL:10"
250028,"2022-09-15 08:39:53.45","#OP3118",50.00,68.00,93.00,120.90,"2023-03-11","130112084","PO",4,,,,"","ALMA","OP3118A1",30065,3002,"2023-03-15","2023-04-20","USD",93.00,100,"3XS:20|2XS:20|XS:20|S:10|M:10|L:10|XL:10"
250029,"2022-09-15 08:39:53.45","#OP3119",50.00,68.00,93.00,120.90,"2023-03-11","130112084","PO",4,,,,"","ALMA","OP3119A0",30074,4002,"2023-03-15","2023-04-20","USD",93.00,100,"3XS:20|2XS:20|XS:20|S:10|M:10|L:10|XL:10"
250026,"2022-09-15 08:39:53.45","#OP3120",50.00,68.00,93.00,120.90,"2023-03-11","130112084","PO",4,,,,"","ALMA","OP3120A1",30075,5002,"2023-03-15","2023-04-20","USD",93.00,100,"3XS:20|2XS:20|XS:20|S:10|M:10|L:10|XL:10"
250027,"2022-09-15 08:39:53.45","#OP3121",50.00,68.00,93.00,120.90,"2023-03-11","130112084","PO",4,,,,"","ALMA","OP3121A0",30025,6002,"2023-03-15","2023-04-20","USD",93.00,100,"3XS:20|2XS:20|XS:20|S:10|M:10|L:10|XL:10"
250028,"2022-09-15 08:39:53.45","#OP3122",50.00,68.00,93.00,120.90,"2023-03-11","130112084","PO",4,,,,"","ALMA","OP3122A1",30026,8002,"2023-03-15","2023-04-20","USD",93.00,100,"3XS:20|2XS:20|XS:20|S:10|M:10|L:10|XL:10"
250026,"2022-09-15 08:39:53.45","#OP3123",50.00,68.00,93.00,120.90,"2023-03-11","130112091","PO",4,,,,"","ALMA","OP3123A1",30027,1002,"2023-03-15","2023-04-20","USD",93.00,100,"3XS:20|2XS:20|XS:20|S:10|M:10|L:10|XL:10"
250027,"2022-09-15 08:39:53.45","#OP3124",50.00,68.00,93.00,120.90,"2023-03-11","130112091","PO",4,,,,"","ALMA","OP3124A0",30066,1016,"2023-03-15","2023-04-20","USD",93.00,100,"3XS:20|2XS:20|XS:20|S:10|M:10|L:10|XL:10"
250028,"2022-09-15 08:39:53.45","#OP3125",50.00,68.00,93.00,120.90,"2023-03-11","130112091","PO",4,,,,"","ALMA","OP3125A1",30067,3002,"2023-03-15","2023-04-20","USD",93.00,100,"3XS:20|2XS:20|XS:20|S:10|M:10|L:10|XL:10"
250029,"2022-09-15 08:39:53.45","#OP3126",50.00,68.00,93.00,120.90,"2023-03-11","130112091","PO",4,,,,"","ALMA","OP3126A0",30068,4002,"2023-03-15","2023-04-20","USD",93.00,100,"3XS:20|2XS:20|XS:20|S:10|M:10|L:10|XL:10"
250026,"2022-09-15 08:39:53.45","#OP3127",50.00,68.00,93.00,120.90,"2023-03-11","130112091","PO",4,,,,"","ALMA","OP3127A1",30069,5002,"2023-03-15","2023-04-20","USD",93.00,100,"3XS:20|2XS:20|XS:20|S:10|M:10|L:10|XL:10"
250027,"2022-09-15 08:39:53.45","#OP3128",50.00,68.00,93.00,120.90,"2023-03-11","130112091","PO",4,,,,"","ALMA","OP3128A0",30070,6002,"2023-03-15","2023-04-20","USD",93.00,100,"3XS:20|2XS:20|XS:20|S:10|M:10|L:10|XL:10"
250028,"2022-09-15 08:39:53.45","#OP3129",50.00,68.00,93.00,120.90,"2023-03-11","130112091","PO",4,,,,"","ALMA","OP3129A1",30071,8002,"2023-03-15","2023-04-20","USD",93.00,100,"3XS:20|2XS:20|XS:20|S:10|M:10|L:10|XL:10"
250026,"2022-09-15 08:39:53.45","#OP3130",50.00,68.00,93.00,120.90,"2023-03-11","130112101","PO",4,,,,"","ALMA","OP3130A1",30072,1002,"2023-03-15","2023-04-20","USD",93.00,100,"3XS:20|2XS:20|XS:20|S:10|M:10|L:10|XL:10"
250027,"2022-09-15 08:39:53.45","#OP3131",50.00,68.00,93.00,120.90,"2023-03-11","130112101","PO",4,,,,"","ALMA","OP3131A0",30073,1016,"2023-03-15","2023-04-20","USD",93.00,100,"3XS:20|2XS:20|XS:20|S:10|M:10|L:10|XL:10"
250028,"2022-09-15 08:39:53.45","#OP3132",50.00,68.00,93.00,120.90,"2023-03-11","130112101","PO",4,,,,"","ALMA","OP3132A1",30029,3002,"2023-03-15","2023-04-20","USD",93.00,100,"3XS:20|2XS:20|XS:20|S:10|M:10|L:10|XL:10"
250029,"2022-09-15 08:39:53.45","#OP3133",50.00,68.00,93.00,120.90,"2023-03-11","130112101","PO",4,,,,"","ALMA","OP3133A0",30013,4002,"2023-03-15","2023-04-20","USD",93.00,100,"3XS:20|2XS:20|XS:20|S:10|M:10|L:10|XL:10"
250026,"2022-09-15 08:39:53.45","#OP3134",50.00,68.00,93.00,120.90,"2023-03-11","130112101","PO",4,,,,"","ALMA","OP3134A1",30022,5002,"2023-03-15","2023-04-20","USD",93.00,100,"3XS:20|2XS:20|XS:20|S:10|M:10|L:10|XL:10"
250027,"2022-09-15 08:39:53.45","#OP3135",50.00,68.00,93.00,120.90,"2023-03-11","130112101","PO",4,,,,"","ALMA","OP3135A0",30045,6002,"2023-03-15","2023-04-20","USD",93.00,100,"3XS:20|2XS:20|XS:20|S:10|M:10|L:10|XL:10"
250028,"2022-09-15 08:39:53.45","#OP3136",50.00,68.00,93.00,120.90,"2023-03-11","130112101","PO",4,,,,"","ALMA","OP3136A1",30046,8002,"2023-03-15","2023-04-20","USD",93.00,100,"3XS:20|2XS:20|XS:20|S:10|M:10|L:10|XL:10"
250026,"2022-09-15 08:39:53.45","#OP3137",50.00,68.00,93.00,120.90,"2023-03-11","130112116","PO",4,,,,"","ALMA","OP3137A1",30047,1002,"2023-03-15","2023-04-20","USD",93.00,100,"3XS:20|2XS:20|XS:20|S:10|M:10|L:10|XL:10"
250027,"2022-09-15 08:39:53.45","#OP3138",50.00,68.00,93.00,120.90,"2023-03-11","130112116","PO",4,,,,"","ALMA","OP3138A0",30065,1016,"2023-03-15","2023-04-20","USD",93.00,100,"3XS:20|2XS:20|XS:20|S:10|M:10|L:10|XL:10"
250028,"2022-09-15 08:39:53.45","#OP3139",50.00,68.00,93.00,120.90,"2023-03-11","130112116","PO",4,,,,"","ALMA","OP3139A1",30074,3002,"2023-03-15","2023-04-20","USD",93.00,100,"3XS:20|2XS:20|XS:20|S:10|M:10|L:10|XL:10"
250029,"2022-09-15 08:39:53.45","#OP3140",50.00,68.00,93.00,120.90,"2023-03-11","130112116","PO",4,,,,"","ALMA","OP3140A0",30075,4002,"2023-03-15","2023-04-20","USD",93.00,100,"3XS:20|2XS:20|XS:20|S:10|M:10|L:10|XL:10"
250026,"2022-09-15 08:39:53.45","#OP3141",50.00,68.00,93.00,120.90,"2023-03-11","130112116","PO",4,,,,"","ALMA","OP3141A1",30025,5002,"2023-03-15","2023-04-20","USD",93.00,100,"3XS:20|2XS:20|XS:20|S:10|M:10|L:10|XL:10"
250027,"2022-09-15 08:39:53.45","#OP3142",50.00,68.00,93.00,120.90,"2023-03-11","130112116","PO",4,,,,"","ALMA","OP3142A0",30026,6002,"2023-03-15","2023-04-20","USD",93.00,100,"3XS:20|2XS:20|XS:20|S:10|M:10|L:10|XL:10"
250028,"2022-09-15 08:39:53.45","#OP3143",50.00,68.00,93.00,120.90,"2023-03-11","130112116","PO",4,,,,"","ALMA","OP3143A1",30027,8002,"2023-03-15","2023-04-20","USD",93.00,100,"3XS:20|2XS:20|XS:20|S:10|M:10|L:10|XL:10"
250026,"2022-09-15 08:39:53.45","#OP3144",50.00,68.00,93.00,120.90,"2023-03-11","130112123","PO",4,,,,"","ALMA","OP3144A1",30066,1002,"2023-03-15","2023-04-20","USD",93.00,100,"3XS:20|2XS:20|XS:20|S:10|M:10|L:10|XL:10"
250027,"2022-09-15 08:39:53.45","#OP3145",50.00,68.00,93.00,120.90,"2023-03-11","130112123","PO",4,,,,"","ALMA","OP3145A0",30067,1016,"2023-03-15","2023-04-20","USD",93.00,100,"3XS:20|2XS:20|XS:20|S:10|M:10|L:10|XL:10"
250028,"2022-09-15 08:39:53.45","#OP3146",50.00,68.00,93.00,120.90,"2023-03-11","130112123","PO",4,,,,"","ALMA","OP3146A1",30068,3002,"2023-03-15","2023-04-20","USD",93.00,100,"3XS:20|2XS:20|XS:20|S:10|M:10|L:10|XL:10"
250029,"2022-09-15 08:39:53.45","#OP3147",50.00,68.00,93.00,120.90,"2023-03-11","130112123","PO",4,,,,"","ALMA","OP3147A0",30069,4002,"2023-03-15","2023-04-20","USD",93.00,100,"3XS:20|2XS:20|XS:20|S:10|M:10|L:10|XL:10"
250026,"2022-09-15 08:39:53.45","#OP3148",50.00,68.00,93.00,120.90,"2023-03-11","130112123","PO",4,,,,"","ALMA","OP3148A1",30070,5002,"2023-03-15","2023-04-20","USD",93.00,100,"3XS:20|2XS:20|XS:20|S:10|M:10|L:10|XL:10"
250027,"2022-09-15 08:39:53.45","#OP3149",50.00,68.00,93.00,120.90,"2023-03-11","130112123","PO",4,,,,"","ALMA","OP3149A0",30071,6002,"2023-03-15","2023-04-20","USD",93.00,100,"3XS:20|2XS:20|XS:20|S:10|M:10|L:10|XL:10"
250028,"2022-09-15 08:39:53.45","#OP3150",50.00,68.00,93.00,120.90,"2023-03-11","130112123","PO",4,,,,"","ALMA","OP3150A1",30072,8002,"2023-03-15","2023-04-20","USD",93.00,100,"3XS:20|2XS:20|XS:20|S:10|M:10|L:10|XL:10"