ASN,Supplier site
40752202001498,& OTHER STORIES
40752202001499,& OTHER STORIES
40752202001500,& OTHER STORIES
40752202001501,& OTHER STORIES
40752202001502,& OTHER STORIES
40752202001503,& OTHER STORIES
40752202001628,& OTHER STORIES
40752202001630,& OTHER STORIES
40752202001634,& OTHER STORIES
40752202001636,& OTHER STORIES
40752202001638,& OTHER STORIES
40752202001640,& OTHER STORIES
40752202001642,& OTHER STORIES
40752202001644,& OTHER STORIES
40752202001646,& OTHER STORIES
40752202001648,& OTHER STORIES
40752202001650,& OTHER STORIES
40752202001652,& OTHER STORIES
40752202001654,& OTHER STORIES
40752202001656,& OTHER STORIES
40752202001658,& OTHER STORIES
40752202001660,& OTHER STORIES
40752202001662,& OTHER STORIES
40752202001664,& OTHER STORIES
40752202001666,& OTHER STORIES
40752202001668,& OTHER STORIES
40752202001670,& OTHER STORIES
40752202001672,& OTHER STORIES
40752202001790,& OTHER STORIES
40752202001792,& OTHER STORIES
40752202001794,& OTHER STORIES
40752202001796,& OTHER STORIES
40752202001798,& OTHER STORIES
40752202001800,& OTHER STORIES
40752202001802,& OTHER STORIES
40752202001804,& OTHER STORIES
40752202001806,& OTHER STORIES
40752202001808,& OTHER STORIES
40752202001810,& OTHER STORIES
40752202001812,& OTHER STORIES
40752202001814,& OTHER STORIES
40752202001816,& OTHER STORIES
40752202001818,& OTHER STORIES
40752202001822,& OTHER STORIES
40752202001824,& OTHER STORIES
40752202003348,& OTHER STORIES
40752202003349,& OTHER STORIES
40752202003797,& OTHER STORIES
40752202003798,& OTHER STORIES
40752202003799,& OTHER STORIES
40752202003800,& OTHER STORIES
40752202003802,& OTHER STORIES
40752202003803,& OTHER STORIES
40752202003804,& OTHER STORIES
40752202003805,& OTHER STORIES
40752202003806,& OTHER STORIES
40752202003807,& OTHER STORIES
40752202003810,& OTHER STORIES
40752202003811,& OTHER STORIES
40752202003812,& OTHER STORIES
40752202003816,& OTHER STORIES
40752202003817,& OTHER STORIES
40752202003818,& OTHER STORIES
40752202003819,& OTHER STORIES
40752202003820,& OTHER STORIES
40752202003822,& OTHER STORIES
40752202003823,& OTHER STORIES
40752202003826,& OTHER STORIES
40752202003827,& OTHER STORIES
40752202003828,& OTHER STORIES
40752202003829,& OTHER STORIES
40752202003830,& OTHER STORIES
40752202003831,& OTHER STORIES
40752202003832,& OTHER STORIES
40752202003833,& OTHER STORIES
40752202003834,& OTHER STORIES
40752202003835,& OTHER STORIES
40752202003837,& OTHER STORIES
40752202003838,& OTHER STORIES
40752202003839,& OTHER STORIES
40752202003840,& OTHER STORIES
40752202003841,& OTHER STORIES
40752202003842,& OTHER STORIES
40752202003843,& OTHER STORIES
40752202003844,& OTHER STORIES
40752202003845,& OTHER STORIES
40752202003846,& OTHER STORIES
40752202003847,& OTHER STORIES
40752202003848,& OTHER STORIES
40752202003849,& OTHER STORIES
40752202003850,& OTHER STORIES
40752202003851,& OTHER STORIES
40752202003852,& OTHER STORIES
40752202003853,& OTHER STORIES
40752202003857,& OTHER STORIES
40752202003858,& OTHER STORIES
40752202003859,& OTHER STORIES
40752202003860,& OTHER STORIES
40752202003861,& OTHER STORIES
40752202003862,& OTHER STORIES
40752202005316,& OTHER STORIES
40752202005317,& OTHER STORIES
40752202005318,& OTHER STORIES
40752202005319,& OTHER STORIES
40752202005320,& OTHER STORIES
40752202005321,& OTHER STORIES
40752202005672,& OTHER STORIES
40752202005674,& OTHER STORIES
40752202005675,& OTHER STORIES
40752201269690,& OTHER STORIES
40752201269691,& OTHER STORIES
40752201269692,& OTHER STORIES
40752201269696,& OTHER STORIES
40752201269697,& OTHER STORIES
40752201269698,& OTHER STORIES
40752201269699,& OTHER STORIES
40752201269700,& OTHER STORIES
40752201269702,& OTHER STORIES
40752201269704,& OTHER STORIES
40752201269711,& OTHER STORIES
40752201269712,& OTHER STORIES
40752201269713,& OTHER STORIES
40752201269732,& OTHER STORIES
40752201269733,& OTHER STORIES
40752201269735,& OTHER STORIES
40752201269736,& OTHER STORIES
40752201269737,& OTHER STORIES
40752201269738,& OTHER STORIES
40752201269739,& OTHER STORIES
40752201269740,& OTHER STORIES
40752201269744,& OTHER STORIES
40752201269745,& OTHER STORIES
40752201269746,& OTHER STORIES
40752201269753,& OTHER STORIES
40752201269754,& OTHER STORIES
40752201269755,& OTHER STORIES
40752201269759,& OTHER STORIES
40752201269760,& OTHER STORIES
40752201269761,& OTHER STORIES
40752201269765,& OTHER STORIES
40752201269766,& OTHER STORIES
40752201269767,& OTHER STORIES
40752201269771,& OTHER STORIES
40752201269772,& OTHER STORIES
40752201269773,& OTHER STORIES
40752201269814,& OTHER STORIES
40752201269815,& OTHER STORIES
40752201269816,& OTHER STORIES
40752201269860,& OTHER STORIES
40752201269861,& OTHER STORIES
40752201269862,& OTHER STORIES
40752201269863,& OTHER STORIES
40752201269864,& OTHER STORIES
40752201269866,& OTHER STORIES
40752201269867,& OTHER STORIES
40752201269868,& OTHER STORIES
40752201269869,& OTHER STORIES
40752201269870,& OTHER STORIES
40752201269871,& OTHER STORIES
40752201269872,& OTHER STORIES
40752201269873,& OTHER STORIES
40752201269874,& OTHER STORIES
40752201269875,& OTHER STORIES
40752201269876,& OTHER STORIES
40752201269878,& OTHER STORIES
40752201269879,& OTHER STORIES
40752201269880,& OTHER STORIES
40752201272724,& OTHER STORIES
40752201272725,& OTHER STORIES
40752201272726,& OTHER STORIES
40752201274655,& OTHER STORIES
40752201274656,& OTHER STORIES
40752201274657,& OTHER STORIES
40752201280365,& OTHER STORIES
40752201280366,& OTHER STORIES
40752201280367,& OTHER STORIES
40752201280371,& OTHER STORIES
40752201280372,& OTHER STORIES
40752201280373,& OTHER STORIES
40752201280374,& OTHER STORIES
40752201280375,& OTHER STORIES
40752201280380,& OTHER STORIES
40752201280381,& OTHER STORIES
40752201280383,& OTHER STORIES
40752201280384,& OTHER STORIES
40752201280386,& OTHER STORIES
40752201280387,& OTHER STORIES
40752201280388,& OTHER STORIES
40752201280389,& OTHER STORIES
40752201280390,& OTHER STORIES
40752201280391,& OTHER STORIES
40752201280392,& OTHER STORIES
40752201280393,& OTHER STORIES
40752201280394,& OTHER STORIES
40752201281742,& OTHER STORIES
40752201281743,& OTHER STORIES
40752201281744,& OTHER STORIES
40752201281748,& OTHER STORIES
40752201281749,& OTHER STORIES
40752201281750,& OTHER STORIES
40752201281751,& OTHER STORIES
40752201281752,& OTHER STORIES
40752201281753,& OTHER STORIES
40752201281760,& OTHER STORIES
40752201281761,& OTHER STORIES
40752201281762,& OTHER STORIES
40752201281803,& OTHER STORIES
40752201281804,& OTHER STORIES
40752201281805,& OTHER STORIES
40752201281806,& OTHER STORIES
40752201281807,& OTHER STORIES
40752201281832,& OTHER STORIES
40752201281833,& OTHER STORIES
40752201281834,& OTHER STORIES
40752201282278,& OTHER STORIES
40752201282279,& OTHER STORIES
40752201289663,& OTHER STORIES
40752201289664,& OTHER STORIES
40752201289665,& OTHER STORIES
40752201291227,& OTHER STORIES
40752201291228,& OTHER STORIES
40752201291229,& OTHER STORIES
40752201291313,& OTHER STORIES
40752201291314,& OTHER STORIES
40752201291315,& OTHER STORIES
40752201292685,& OTHER STORIES
40752201292686,& OTHER STORIES
40752201292687,& OTHER STORIES
40752201292810,& OTHER STORIES
40752201292811,& OTHER STORIES
40752201292812,& OTHER STORIES
40752201292996,& OTHER STORIES
40752201292997,& OTHER STORIES
40752201292998,& OTHER STORIES
40752201293102,& OTHER STORIES
40752201293103,& OTHER STORIES
40752201293104,& OTHER STORIES
40752201294592,& OTHER STORIES
40752201294593,& OTHER STORIES
40752201294594,& OTHER STORIES
40752201297969,& OTHER STORIES
40752201297970,& OTHER STORIES
40752201297971,& OTHER STORIES
40752201298927,& OTHER STORIES
40752201298928,& OTHER STORIES
40752201298929,& OTHER STORIES
40752201298933,& OTHER STORIES
40752201298935,& OTHER STORIES
40752201298939,& OTHER STORIES
40752201298940,& OTHER STORIES
40752201298948,& OTHER STORIES
40752201298950,& OTHER STORIES
40752201298954,& OTHER STORIES
40752201298955,& OTHER STORIES
40752201298956,& OTHER STORIES
40752201298957,& OTHER STORIES
40752201298958,& OTHER STORIES
40752201298959,& OTHER STORIES
40752201298960,& OTHER STORIES
40752201298961,& OTHER STORIES
40752201298962,& OTHER STORIES
40752201298963,& OTHER STORIES
40752201298964,& OTHER STORIES
40752201298965,& OTHER STORIES
40752201302115,& OTHER STORIES
40752201302116,& OTHER STORIES
40752201302117,& OTHER STORIES
40752201303363,& OTHER STORIES
40752201303364,& OTHER STORIES
40752201303365,& OTHER STORIES
40752201303366,& OTHER STORIES
40752201303367,& OTHER STORIES
40752201303368,& OTHER STORIES
40752201311955,& OTHER STORIES
40752201311956,& OTHER STORIES
40752201311957,& OTHER STORIES
40752201311958,& OTHER STORIES
40752201311960,& OTHER STORIES
40752201315672,& OTHER STORIES
40752201315673,& OTHER STORIES
40752201315674,& OTHER STORIES
40752201319320,& OTHER STORIES
40752201319321,& OTHER STORIES
40752201319322,& OTHER STORIES
40752201319323,& OTHER STORIES
40752201319324,& OTHER STORIES
40752201319325,& OTHER STORIES
40752201319364,& OTHER STORIES
40752201319365,& OTHER STORIES
40752201319366,& OTHER STORIES
40752201500220,& OTHER STORIES
40752201500221,& OTHER STORIES
40752201500222,& OTHER STORIES
40752201500223,& OTHER STORIES
40752201500224,& OTHER STORIES
40752201500225,& OTHER STORIES
40752201501537,& OTHER STORIES
40752201501538,& OTHER STORIES
40752201501539,& OTHER STORIES
40752201502139,& OTHER STORIES
40752201502140,& OTHER STORIES
40752201502141,& OTHER STORIES
40752201502142,& OTHER STORIES
40752201502143,& OTHER STORIES
40752201502144,& OTHER STORIES
40752201509284,& OTHER STORIES
40752201509285,& OTHER STORIES
40752201509286,& OTHER STORIES
40752201509505,& OTHER STORIES
40752201516169,& OTHER STORIES
40752201516170,& OTHER STORIES
40752201516171,& OTHER STORIES
40752201519422,& OTHER STORIES
40752201519423,& OTHER STORIES
40752201519424,& OTHER STORIES
40752201519425,& OTHER STORIES
40752201519426,& OTHER STORIES
40752201519427,& OTHER STORIES
40752201519428,& OTHER STORIES
40752201519429,& OTHER STORIES
40752201519430,& OTHER STORIES
40752201520443,& OTHER STORIES
40752201520444,& OTHER STORIES
40752201520445,& OTHER STORIES
40752201520446,& OTHER STORIES
40752201520447,& OTHER STORIES
40752201520448,& OTHER STORIES
40752201520449,& OTHER STORIES
40752201520450,& OTHER STORIES
40752201520451,& OTHER STORIES
40752201520452,& OTHER STORIES
40752201520453,& OTHER STORIES
40752201520454,& OTHER STORIES
40752201520455,& OTHER STORIES
40752201520456,& OTHER STORIES
40752201520457,& OTHER STORIES
40752201520458,& OTHER STORIES
40752201520459,& OTHER STORIES
40752201520460,& OTHER STORIES
40752201520461,& OTHER STORIES
40752201520462,& OTHER STORIES
40752201520463,& OTHER STORIES
40752201520464,& OTHER STORIES
40752201520465,& OTHER STORIES
40752201520466,& OTHER STORIES
40752201520467,& OTHER STORIES
40752201520469,& OTHER STORIES
40752201520470,& OTHER STORIES
40752201521459,& OTHER STORIES
40752201521460,& OTHER STORIES
40752201521461,& OTHER STORIES
40752201521462,& OTHER STORIES
40752201521463,& OTHER STORIES
40752201521464,& OTHER STORIES
40752201522871,& OTHER STORIES
40752201522873,& OTHER STORIES
40752201522875,& OTHER STORIES
40752201524591,& OTHER STORIES
40752201524592,& OTHER STORIES
40752201524593,& OTHER STORIES
40752201526395,& OTHER STORIES
40752201526396,& OTHER STORIES
40752201526397,& OTHER STORIES
40752201526398,& OTHER STORIES
40752201526399,& OTHER STORIES
40752201526400,& OTHER STORIES
40752201526401,& OTHER STORIES
40752201526402,& OTHER STORIES
40752201526403,& OTHER STORIES
40752201526404,& OTHER STORIES
40752201526405,& OTHER STORIES
40752201526406,& OTHER STORIES
40752201526407,& OTHER STORIES
40752201526408,& OTHER STORIES
40752201526409,& OTHER STORIES
40752201526410,& OTHER STORIES
40752201526411,& OTHER STORIES
40752201526412,& OTHER STORIES
40752201526413,& OTHER STORIES
40752201526414,& OTHER STORIES
40752201526415,& OTHER STORIES
40752201526416,& OTHER STORIES
40752201526417,& OTHER STORIES
40752201526418,& OTHER STORIES
40752201526419,& OTHER STORIES
40752201526420,& OTHER STORIES
40752201526421,& OTHER STORIES
40752201526422,& OTHER STORIES
40752201526423,& OTHER STORIES
40752201526424,& OTHER STORIES
40752201526425,& OTHER STORIES
40752201526426,& OTHER STORIES
40752201526427,& OTHER STORIES
40752201526428,& OTHER STORIES
40752201526429,& OTHER STORIES
40752201526430,& OTHER STORIES
40752201526431,& OTHER STORIES
40752201526432,& OTHER STORIES
40752201526433,& OTHER STORIES
40752201526434,& OTHER STORIES
40752201526435,& OTHER STORIES
40752201526436,& OTHER STORIES
40752201526437,& OTHER STORIES
40752201526438,& OTHER STORIES
40752201526439,& OTHER STORIES
40752201526440,& OTHER STORIES
40752201526441,& OTHER STORIES
40752201526442,& OTHER STORIES
40752201526443,& OTHER STORIES
40752201526444,& OTHER STORIES
40752201526445,& OTHER STORIES
40752201526446,& OTHER STORIES
40752201526447,& OTHER STORIES
40752201526448,& OTHER STORIES
40752201526449,& OTHER STORIES
40752201526450,& OTHER STORIES
40752201526451,& OTHER STORIES
40752201526452,& OTHER STORIES
40752201526453,& OTHER STORIES
40752201526454,& OTHER STORIES
40752201526455,& OTHER STORIES
40752201526456,& OTHER STORIES
40752201526457,& OTHER STORIES
40752201526458,& OTHER STORIES
40752201526459,& OTHER STORIES
40752201526460,& OTHER STORIES
40752201526461,& OTHER STORIES
40752201526462,& OTHER STORIES
40752201526463,& OTHER STORIES
40752201526464,& OTHER STORIES
40752201526465,& OTHER STORIES
40752201526492,& OTHER STORIES
40752201526493,& OTHER STORIES
40752201526494,& OTHER STORIES
40752201527691,& OTHER STORIES
40752201527692,& OTHER STORIES
40752201527693,& OTHER STORIES
40752201527694,& OTHER STORIES
40752201527695,& OTHER STORIES
40752201527696,& OTHER STORIES
40752201527697,& OTHER STORIES
40752201527698,& OTHER STORIES
40752201527699,& OTHER STORIES
40752201527700,& OTHER STORIES
40752201527701,& OTHER STORIES
40752201527702,& OTHER STORIES
40752201527703,& OTHER STORIES
40752201527704,& OTHER STORIES
40752201527705,& OTHER STORIES
40752201527706,& OTHER STORIES
40752201527707,& OTHER STORIES
40752201527708,& OTHER STORIES
40752201527777,& OTHER STORIES
40752201527778,& OTHER STORIES
40752201527779,& OTHER STORIES
40752201536143,& OTHER STORIES
40752201536144,& OTHER STORIES
40752201536145,& OTHER STORIES
40752201536146,& OTHER STORIES
40752201536147,& OTHER STORIES
40752201536148,& OTHER STORIES
40752201536149,& OTHER STORIES
40752201536150,& OTHER STORIES
40752201536151,& OTHER STORIES
40752201536152,& OTHER STORIES
40752201536153,& OTHER STORIES
40752201536154,& OTHER STORIES
40752201536155,& OTHER STORIES
40752201536156,& OTHER STORIES
40752201536157,& OTHER STORIES
40752201536158,& OTHER STORIES
40752201536159,& OTHER STORIES
40752201320206,& OTHER STORIES
40752201320207,& OTHER STORIES
40752201320210,& OTHER STORIES
40752201320211,& OTHER STORIES
40752201320216,& OTHER STORIES
40752201320217,& OTHER STORIES
40752201320220,& OTHER STORIES
40752201320221,& OTHER STORIES
40752201322790,& OTHER STORIES
40752201322791,& OTHER STORIES
40752201322792,& OTHER STORIES
40752201322827,& OTHER STORIES
40752201322828,& OTHER STORIES
40752201325536,& OTHER STORIES
40752201325537,& OTHER STORIES
40752201325538,& OTHER STORIES
40752201325688,& OTHER STORIES
40752201325690,& OTHER STORIES
40752201328953,& OTHER STORIES
40752201332554,& OTHER STORIES
40752201332555,& OTHER STORIES
40752201332556,& OTHER STORIES
40752201332557,& OTHER STORIES
40752201333685,& OTHER STORIES
40752201333686,& OTHER STORIES
40752201333688,& OTHER STORIES
40752201333689,& OTHER STORIES
40752201333691,& OTHER STORIES
40752201333692,& OTHER STORIES
40752201333694,& OTHER STORIES
40752201333695,& OTHER STORIES
40752201333698,& OTHER STORIES
40752201335688,& OTHER STORIES
40752201335689,& OTHER STORIES
40752201335690,& OTHER STORIES
40752201335691,& OTHER STORIES
40752201335692,& OTHER STORIES
40752201335693,& OTHER STORIES
40752201336972,& OTHER STORIES
40752201336973,& OTHER STORIES
40752201336974,& OTHER STORIES
40752201336975,& OTHER STORIES
40752201336976,& OTHER STORIES
40752201336977,& OTHER STORIES
40752201336978,& OTHER STORIES
40752201336979,& OTHER STORIES
40752201338143,& OTHER STORIES
40752201338144,& OTHER STORIES
40752201338145,& OTHER STORIES
40752201338810,& OTHER STORIES
40752201338811,& OTHER STORIES
40752201338812,& OTHER STORIES
40752201338813,& OTHER STORIES
40752201338814,& OTHER STORIES
40752201338815,& OTHER STORIES
40752201338816,& OTHER STORIES
40752201338817,& OTHER STORIES
40752201338818,& OTHER STORIES
40752201338819,& OTHER STORIES
40752201338820,& OTHER STORIES
40752201338821,& OTHER STORIES
40752201338822,& OTHER STORIES
40752201338823,& OTHER STORIES
40752201338824,& OTHER STORIES
40752201339314,& OTHER STORIES
40752201339315,& OTHER STORIES
40752201339316,& OTHER STORIES
40752201340053,& OTHER STORIES
40752201340054,& OTHER STORIES
40752201340055,& OTHER STORIES
40752201340134,& OTHER STORIES
40752201340135,& OTHER STORIES
40752201340136,& OTHER STORIES
40752201341315,& OTHER STORIES
40752201341316,& OTHER STORIES
40752201341317,& OTHER STORIES
40752201341318,& OTHER STORIES
40752201341319,& OTHER STORIES
40752201341320,& OTHER STORIES
40752201341636,& OTHER STORIES
40752201341637,& OTHER STORIES
40752201341638,& OTHER STORIES
40752201342060,& OTHER STORIES
40752201342115,& OTHER STORIES
40752201342116,& OTHER STORIES
40752201342120,& OTHER STORIES
40752201342121,& OTHER STORIES
40752201342122,& OTHER STORIES
40752201342205,& OTHER STORIES
40752201342206,& OTHER STORIES
40752201342207,& OTHER STORIES
40752201342227,& OTHER STORIES
40752201342228,& OTHER STORIES
40752201342229,& OTHER STORIES
40752201343653,& OTHER STORIES
40752201343654,& OTHER STORIES
40752201343673,& OTHER STORIES
40752201343674,& OTHER STORIES
40752201343675,& OTHER STORIES
40752201343858,& OTHER STORIES
40752201343859,& OTHER STORIES
40752201343860,& OTHER STORIES
40752201343861,& OTHER STORIES
40752201343887,& OTHER STORIES
40752201343888,& OTHER STORIES
40752201343889,& OTHER STORIES
40752201344878,& OTHER STORIES
40752201344879,& OTHER STORIES
40752201344880,& OTHER STORIES
40752201345884,& OTHER STORIES
40752201345885,& OTHER STORIES
40752201345886,& OTHER STORIES
40752201347135,& OTHER STORIES
40752201347136,& OTHER STORIES
40752201347137,& OTHER STORIES
40752201347138,& OTHER STORIES
40752201347139,& OTHER STORIES
40752201347140,& OTHER STORIES
40752201347141,& OTHER STORIES
40752201347142,& OTHER STORIES
40752201347143,& OTHER STORIES
40752201347147,& OTHER STORIES
40752201347148,& OTHER STORIES
40752201347149,& OTHER STORIES
40752201347150,& OTHER STORIES
40752201347151,& OTHER STORIES
40752201347152,& OTHER STORIES
40752201347153,& OTHER STORIES
40752201347154,& OTHER STORIES
40752201347156,& OTHER STORIES
40752201347157,& OTHER STORIES
40752201347158,& OTHER STORIES
40752201347165,& OTHER STORIES
40752201347166,& OTHER STORIES
40752201348091,& OTHER STORIES
40752201348092,& OTHER STORIES
40752201348095,& OTHER STORIES
40752201348096,& OTHER STORIES
40752201350712,& OTHER STORIES
40752201350713,& OTHER STORIES
40752201350714,& OTHER STORIES
40752201350715,& OTHER STORIES
40752201350716,& OTHER STORIES
40752201352156,& OTHER STORIES
40752201352157,& OTHER STORIES
40752201354937,& OTHER STORIES
40752201354938,& OTHER STORIES
40752201354939,& OTHER STORIES
40752201357434,& OTHER STORIES
40752201357435,& OTHER STORIES
40752201357916,& OTHER STORIES
40752201357917,& OTHER STORIES
40752201358477,& OTHER STORIES
40752201358478,& OTHER STORIES
40752201358479,& OTHER STORIES
40752201362188,& OTHER STORIES
40752201362189,& OTHER STORIES
40752201362190,& OTHER STORIES
40752201362191,& OTHER STORIES
40752201362192,& OTHER STORIES
40752201362193,& OTHER STORIES
40752201363826,& OTHER STORIES
40752201363827,& OTHER STORIES
40752201363835,& OTHER STORIES
40752201363836,& OTHER STORIES
40752201363837,& OTHER STORIES
40752201363838,& OTHER STORIES
40752201363839,& OTHER STORIES
40752202471214,& OTHER STORIES
40752202471215,& OTHER STORIES
40752202471216,& OTHER STORIES
40752202471217,& OTHER STORIES
40752202471218,& OTHER STORIES
40752202471219,& OTHER STORIES
40752202471220,& OTHER STORIES
40752202471221,& OTHER STORIES
40752202471223,& OTHER STORIES
40752202471224,& OTHER STORIES
40752202471225,& OTHER STORIES
40752202471226,& OTHER STORIES
40752202471227,& OTHER STORIES
40752202471228,& OTHER STORIES
40752202471229,& OTHER STORIES
40752202471230,& OTHER STORIES
40752202471290,& OTHER STORIES
40752202471291,& OTHER STORIES
40752202471292,& OTHER STORIES
40752202471293,& OTHER STORIES
40752202471294,& OTHER STORIES
40752202471295,& OTHER STORIES
40752202479707,& OTHER STORIES
40752202479708,& OTHER STORIES
40752202481135,& OTHER STORIES
40752202481136,& OTHER STORIES
40752202481220,& OTHER STORIES
40752202481221,& OTHER STORIES
40752202481287,& OTHER STORIES
40752202481288,& OTHER STORIES
40752202486012,& OTHER STORIES
40752202486013,& OTHER STORIES
40752202490383,& OTHER STORIES
40752202494670,& OTHER STORIES
40752202494671,& OTHER STORIES
40752202494672,& OTHER STORIES
40752202494673,& OTHER STORIES
40752202494674,& OTHER STORIES
40752202494675,& OTHER STORIES
40752202494676,& OTHER STORIES
40752202494677,& OTHER STORIES
40752202494679,& OTHER STORIES
40752202494680,& OTHER STORIES
40752202494681,& OTHER STORIES
40752202494682,& OTHER STORIES
40752202494683,& OTHER STORIES
40752202494684,& OTHER STORIES
40752202494685,& OTHER STORIES
40752202494686,& OTHER STORIES
40752202494687,& OTHER STORIES
40752202494688,& OTHER STORIES
40752202494689,& OTHER STORIES
40752202494690,& OTHER STORIES
40752202494691,& OTHER STORIES
40752202494692,& OTHER STORIES
40752202494693,& OTHER STORIES
40752202494694,& OTHER STORIES
40752202494695,& OTHER STORIES
40752202494696,& OTHER STORIES
40752202494697,& OTHER STORIES
40752202494698,& OTHER STORIES
40752202494702,& OTHER STORIES
40752202494703,& OTHER STORIES
40752202495775,& OTHER STORIES
40752202495776,& OTHER STORIES
40752202495777,& OTHER STORIES
40752202495778,& OTHER STORIES
40752202495779,& OTHER STORIES
40752202495781,& OTHER STORIES
40752202495826,& OTHER STORIES
40752202495827,& OTHER STORIES
40752202495828,& OTHER STORIES
40752202495829,& OTHER STORIES
40752202495830,& OTHER STORIES
40752202495831,& OTHER STORIES
40752202495832,& OTHER STORIES
40752202495833,& OTHER STORIES
40752202495834,& OTHER STORIES
40752202495835,& OTHER STORIES
40752202495869,& OTHER STORIES
40752202495870,& OTHER STORIES
40752202495871,& OTHER STORIES
40752202495872,& OTHER STORIES
40752202495873,& OTHER STORIES
40752202495874,& OTHER STORIES
40752202495875,& OTHER STORIES
40752202495876,& OTHER STORIES
40752202495877,& OTHER STORIES
40752202495878,& OTHER STORIES
40752202495879,& OTHER STORIES
40752202495880,& OTHER STORIES
40752202495881,& OTHER STORIES
40752202495882,& OTHER STORIES
40752202495883,& OTHER STORIES
40752202499386,& OTHER STORIES
40752202499387,& OTHER STORIES
40752202499402,& OTHER STORIES
40752202499403,& OTHER STORIES
40752202499442,& OTHER STORIES
40752202499444,& OTHER STORIES
40752202499505,& OTHER STORIES
40752202499506,& OTHER STORIES
40752202499543,& OTHER STORIES
40752202499544,& OTHER STORIES
40752202499584,& OTHER STORIES
40752202499585,& OTHER STORIES
40752201826702,& OTHER STORIES
40752201826703,& OTHER STORIES
40752201826704,& OTHER STORIES
40752201826743,& OTHER STORIES
40752201826744,& OTHER STORIES
40752201826745,& OTHER STORIES
40752201826746,& OTHER STORIES
40752201826747,& OTHER STORIES
40752201826748,& OTHER STORIES
40752201826750,& OTHER STORIES
40752201826751,& OTHER STORIES
40752201826752,& OTHER STORIES
40752201826753,& OTHER STORIES
40752201826754,& OTHER STORIES
40752201826755,& OTHER STORIES
40752201826756,& OTHER STORIES
40752201827072,& OTHER STORIES
40752201827074,& OTHER STORIES
40752201827076,& OTHER STORIES
40752201827078,& OTHER STORIES
40752201827080,& OTHER STORIES
40752201827082,& OTHER STORIES
40752201827084,& OTHER STORIES
40752201827086,& OTHER STORIES
40752201827088,& OTHER STORIES
40752201827090,& OTHER STORIES
40752201827092,& OTHER STORIES
40752201827094,& OTHER STORIES
40752201827096,& OTHER STORIES
40752201827098,& OTHER STORIES
40752201827100,& OTHER STORIES
40752201827102,& OTHER STORIES
40752201827104,& OTHER STORIES
40752201827500,& OTHER STORIES
40752201827501,& OTHER STORIES
40752201827502,& OTHER STORIES
40752201827521,& OTHER STORIES
40752201827522,& OTHER STORIES
40752201827628,& OTHER STORIES
40752201828894,& OTHER STORIES
40752201828895,& OTHER STORIES
40752201828896,& OTHER STORIES
40752201828897,& OTHER STORIES
40752201828898,& OTHER STORIES
40752201828899,& OTHER STORIES
40752201829062,& OTHER STORIES
40752201829063,& OTHER STORIES
40752201829064,& OTHER STORIES
40752201829066,& OTHER STORIES
40752201829067,& OTHER STORIES
40752201829068,& OTHER STORIES
40752201829069,& OTHER STORIES
40752201829072,& OTHER STORIES
40752201829073,& OTHER STORIES
40752201829074,& OTHER STORIES
40752201829076,& OTHER STORIES
40752201829077,& OTHER STORIES
40752201829078,& OTHER STORIES
40752201829079,& OTHER STORIES
40752201829081,& OTHER STORIES
40752201830615,& OTHER STORIES
40752201830616,& OTHER STORIES
40752201830617,& OTHER STORIES
40752201830629,& OTHER STORIES
40752201830630,& OTHER STORIES
40752201830631,& OTHER STORIES
40752201830632,& OTHER STORIES
40752201830633,& OTHER STORIES
40752201830842,& OTHER STORIES
40752201830843,& OTHER STORIES
40752201830844,& OTHER STORIES
40752201830845,& OTHER STORIES
40752201830846,& OTHER STORIES
40752201830847,& OTHER STORIES
40752201830848,& OTHER STORIES
40752201830849,& OTHER STORIES
40752201830850,& OTHER STORIES
40752201830851,& OTHER STORIES
40752201830858,& OTHER STORIES
40752201830871,& OTHER STORIES
40752201830872,& OTHER STORIES
40752201831981,& OTHER STORIES
40752201831982,& OTHER STORIES
40752201832029,& OTHER STORIES
40752201832031,& OTHER STORIES
40752201832042,& OTHER STORIES
40752201832043,& OTHER STORIES
40752201832054,& OTHER STORIES
40752201832055,& OTHER STORIES
40752201832059,& OTHER STORIES
40752201832060,& OTHER STORIES
40752201832061,& OTHER STORIES
40752201833716,& OTHER STORIES
40752201833723,& OTHER STORIES
40752201833733,& OTHER STORIES
40752201834932,& OTHER STORIES
40752201834933,& OTHER STORIES
40752201834934,& OTHER STORIES
40752201834935,& OTHER STORIES
40752201834936,& OTHER STORIES
40752201834937,& OTHER STORIES
40752201834938,& OTHER STORIES
40752201834939,& OTHER STORIES
40752201363840,& OTHER STORIES
40752201363841,& OTHER STORIES
40752201363842,& OTHER STORIES
40752201363843,& OTHER STORIES
40752201363847,& OTHER STORIES
40752201363848,& OTHER STORIES
40752201363849,& OTHER STORIES
40752201363850,& OTHER STORIES
40752201363851,& OTHER STORIES
40752201363852,& OTHER STORIES
40752201371857,& OTHER STORIES
40752201371858,& OTHER STORIES
40752201371862,& OTHER STORIES
40752201371863,& OTHER STORIES
40752201371864,& OTHER STORIES
40752201371865,& OTHER STORIES
40752201371866,& OTHER STORIES
40752201371867,& OTHER STORIES
40752201371868,& OTHER STORIES
40752201371869,& OTHER STORIES
40752201371870,& OTHER STORIES
40752201371871,& OTHER STORIES
40752201371872,& OTHER STORIES
40752201371873,& OTHER STORIES
40752201372332,& OTHER STORIES
40752201374370,& OTHER STORIES
40752201380634,& OTHER STORIES
40752201380635,& OTHER STORIES
40752201381122,& OTHER STORIES
40752201381123,& OTHER STORIES
40752201381124,& OTHER STORIES
40752201384461,& OTHER STORIES
40752201384462,& OTHER STORIES
40752201384463,& OTHER STORIES
40752201385602,& OTHER STORIES
40752201385603,& OTHER STORIES
40752201392263,& OTHER STORIES
40752201392264,& OTHER STORIES
40752201392265,& OTHER STORIES
40752201392266,& OTHER STORIES
40752201392267,& OTHER STORIES
40752201392268,& OTHER STORIES
40752201392269,& OTHER STORIES
40752201392270,& OTHER STORIES
40752201392271,& OTHER STORIES
40752201392272,& OTHER STORIES
40752201392273,& OTHER STORIES
40752201392274,& OTHER STORIES
40752201392460,& OTHER STORIES
40752201392461,& OTHER STORIES
40752201392463,& OTHER STORIES
40752201392464,& OTHER STORIES
40752201392465,& OTHER STORIES
40752201392466,& OTHER STORIES
40752201392467,& OTHER STORIES
40752201392468,& OTHER STORIES
40752201392472,& OTHER STORIES
40752201392473,& OTHER STORIES
40752201392474,& OTHER STORIES
40752201392475,& OTHER STORIES
40752201392476,& OTHER STORIES
40752201392477,& OTHER STORIES
40752201393104,& OTHER STORIES
40752201393105,& OTHER STORIES
40752201398180,& OTHER STORIES
40752201398181,& OTHER STORIES
40752201398182,& OTHER STORIES
40752201398201,& OTHER STORIES
40752201398202,& OTHER STORIES
40752201398203,& OTHER STORIES
40752201398204,& OTHER STORIES
40752201398205,& OTHER STORIES
40752201398206,& OTHER STORIES
40752201398207,& OTHER STORIES
40752201398208,& OTHER STORIES
40752201398209,& OTHER STORIES
40752201398210,& OTHER STORIES
40752201398211,& OTHER STORIES
40752201398212,& OTHER STORIES
40752201398213,& OTHER STORIES
40752201398214,& OTHER STORIES
40752201398216,& OTHER STORIES
40752201398217,& OTHER STORIES
40752201398218,& OTHER STORIES
40752201398219,& OTHER STORIES
40752201398220,& OTHER STORIES
40752201398221,& OTHER STORIES
40752201398222,& OTHER STORIES
40752201398223,& OTHER STORIES
40752201398224,& OTHER STORIES
40752201398225,& OTHER STORIES
40752201398226,& OTHER STORIES
40752201398227,& OTHER STORIES
40752201398228,& OTHER STORIES
40752201398229,& OTHER STORIES
40752201398230,& OTHER STORIES
40752201398231,& OTHER STORIES
40752201398232,& OTHER STORIES
40752201398233,& OTHER STORIES
40752201398234,& OTHER STORIES
40752201398235,& OTHER STORIES
40752201398236,& OTHER STORIES
40752201398237,& OTHER STORIES
40752201398238,& OTHER STORIES
40752201398239,& OTHER STORIES
40752201398242,& OTHER STORIES
40752201398243,& OTHER STORIES
40752201398244,& OTHER STORIES
40752201398245,& OTHER STORIES
40752201398246,& OTHER STORIES
40752201398247,& OTHER STORIES
40752201398248,& OTHER STORIES
40752201398249,& OTHER STORIES
40752202501347,& OTHER STORIES
40752202501348,& OTHER STORIES
40752202501414,& OTHER STORIES
40752202501416,& OTHER STORIES
40752202501644,& OTHER STORIES
40752202501645,& OTHER STORIES
40752202501646,& OTHER STORIES
40752202501647,& OTHER STORIES
40752202501648,& OTHER STORIES
40752202501649,& OTHER STORIES
40752202501650,& OTHER STORIES
40752202501651,& OTHER STORIES
40752202501652,& OTHER STORIES
40752202501653,& OTHER STORIES
40752202501654,& OTHER STORIES
40752202501655,& OTHER STORIES
40752202501656,& OTHER STORIES
40752202501657,& OTHER STORIES
40752202501658,& OTHER STORIES
40752202501659,& OTHER STORIES
40752202501660,& OTHER STORIES
40752202501661,& OTHER STORIES
40752202502263,& OTHER STORIES
40752202502264,& OTHER STORIES
40752202502385,& OTHER STORIES
40752202502386,& OTHER STORIES
40752202502387,& OTHER STORIES
40752202502388,& OTHER STORIES
40752202502389,& OTHER STORIES
40752202502390,& OTHER STORIES
40752202502395,& OTHER STORIES
40752202502396,& OTHER STORIES
40752202502397,& OTHER STORIES
40752202502398,& OTHER STORIES
40752202502416,& OTHER STORIES
40752202502417,& OTHER STORIES
40752202502437,& OTHER STORIES
40752202502438,& OTHER STORIES
40752202502439,& OTHER STORIES
40752202502440,& OTHER STORIES
40752202502441,& OTHER STORIES
40752202502443,& OTHER STORIES
40752202502444,& OTHER STORIES
40752202502445,& OTHER STORIES
40752202502446,& OTHER STORIES
40752202502448,& OTHER STORIES
40752202502460,& OTHER STORIES
40752202502461,& OTHER STORIES
40752202502462,& OTHER STORIES
40752202502463,& OTHER STORIES
40752202502464,& OTHER STORIES
40752202502465,& OTHER STORIES
40752202502466,& OTHER STORIES
40752202502467,& OTHER STORIES
40752202502468,& OTHER STORIES
40752202502469,& OTHER STORIES
40752202502470,& OTHER STORIES
40752202502473,& OTHER STORIES
40752202502474,& OTHER STORIES
40752202502475,& OTHER STORIES
40752202502476,& OTHER STORIES
40752202502477,& OTHER STORIES
40752202502478,& OTHER STORIES
40752202502479,& OTHER STORIES
40752202502480,& OTHER STORIES
40752202502482,& OTHER STORIES
40752202502483,& OTHER STORIES
40752202502484,& OTHER STORIES
40752202502485,& OTHER STORIES
40752202502486,& OTHER STORIES
40752202502487,& OTHER STORIES
40752202502488,& OTHER STORIES
40752202502489,& OTHER STORIES
40752202502799,& OTHER STORIES
40752202502898,& OTHER STORIES
40752202502959,& OTHER STORIES
40752202503026,& OTHER STORIES
40752202503027,& OTHER STORIES
40752202503028,& OTHER STORIES
40752202503029,& OTHER STORIES
40752202503031,& OTHER STORIES
40752202503032,& OTHER STORIES
40752202503033,& OTHER STORIES
40752202503034,& OTHER STORIES
40752202503035,& OTHER STORIES
40752202503036,& OTHER STORIES
40752202503037,& OTHER STORIES
40752202503038,& OTHER STORIES
40752202503039,& OTHER STORIES
40752202503040,& OTHER STORIES
40752202503054,& OTHER STORIES
40752202503055,& OTHER STORIES
40752202503056,& OTHER STORIES
40752202503057,& OTHER STORIES
40752202503058,& OTHER STORIES
40752202503059,& OTHER STORIES
40752202503060,& OTHER STORIES
40752202503061,& OTHER STORIES
40752202503062,& OTHER STORIES
40752202503063,& OTHER STORIES
40752202503064,& OTHER STORIES
40752202503065,& OTHER STORIES
40752202503066,& OTHER STORIES
40752202503067,& OTHER STORIES
40752202503068,& OTHER STORIES
40752202503069,& OTHER STORIES
40752202503082,& OTHER STORIES
40752202503083,& OTHER STORIES
40752202503084,& OTHER STORIES
40752202503085,& OTHER STORIES
40752202503086,& OTHER STORIES
40752202503087,& OTHER STORIES
40752202503088,& OTHER STORIES
40752202503089,& OTHER STORIES
40752202503090,& OTHER STORIES
40752202503091,& OTHER STORIES
40752202503092,& OTHER STORIES
40752202503093,& OTHER STORIES
40752202503094,& OTHER STORIES
40752202503095,& OTHER STORIES
40752202503096,& OTHER STORIES
40752202503097,& OTHER STORIES
40752202503098,& OTHER STORIES
40752202503593,& OTHER STORIES
40752202503594,& OTHER STORIES
40752202507103,& OTHER STORIES
40752202507104,& OTHER STORIES
40752202507105,& OTHER STORIES
40752202507106,& OTHER STORIES
40752202507107,& OTHER STORIES
40752202509761,& OTHER STORIES
40752202509762,& OTHER STORIES
40752202509815,& OTHER STORIES
40752202509816,& OTHER STORIES
40752202509824,& OTHER STORIES
40752202509825,& OTHER STORIES
40752202509826,& OTHER STORIES
40752202509827,& OTHER STORIES
40752202509828,& OTHER STORIES
40752202509829,& OTHER STORIES
40752202509830,& OTHER STORIES
40752202509831,& OTHER STORIES
40752202509834,& OTHER STORIES
40752202509835,& OTHER STORIES
40752202509836,& OTHER STORIES
40752202509837,& OTHER STORIES
40752202509838,& OTHER STORIES
40752202509839,& OTHER STORIES
40752202509880,& OTHER STORIES
40752201834940,& OTHER STORIES
40752201834941,& OTHER STORIES
40752201834942,& OTHER STORIES
40752201834943,& OTHER STORIES
40752201834944,& OTHER STORIES
40752201834945,& OTHER STORIES
40752201834946,& OTHER STORIES
40752201834947,& OTHER STORIES
40752201834948,& OTHER STORIES
40752201834949,& OTHER STORIES
40752201834950,& OTHER STORIES
40752201834951,& OTHER STORIES
40752201834952,& OTHER STORIES
40752201834953,& OTHER STORIES
40752201834954,& OTHER STORIES
40752201834955,& OTHER STORIES
40752201837633,& OTHER STORIES
40752201837638,& OTHER STORIES
40752201837639,& OTHER STORIES
40752201837640,& OTHER STORIES
40752201837681,& OTHER STORIES
40752201837682,& OTHER STORIES
40752201837686,& OTHER STORIES
40752201837931,& OTHER STORIES
40752201837932,& OTHER STORIES
40752201838317,& OTHER STORIES
40752201838318,& OTHER STORIES
40752201838319,& OTHER STORIES
40752201838320,& OTHER STORIES
40752201838321,& OTHER STORIES
40752201838323,& OTHER STORIES
40752201838324,& OTHER STORIES
40752201838325,& OTHER STORIES
40752201838360,& OTHER STORIES
40752201838361,& OTHER STORIES
40752201838362,& OTHER STORIES
40752201838363,& OTHER STORIES
40752201838364,& OTHER STORIES
40752201838365,& OTHER STORIES
40752201838366,& OTHER STORIES
40752201838367,& OTHER STORIES
40752201838369,& OTHER STORIES
40752201838371,& OTHER STORIES
40752201838373,& OTHER STORIES
40752201838375,& OTHER STORIES
40752201838377,& OTHER STORIES
40752201838379,& OTHER STORIES
40752201838381,& OTHER STORIES
40752201838385,& OTHER STORIES
40752201838387,& OTHER STORIES
40752201838389,& OTHER STORIES
40752201838391,& OTHER STORIES
40752201838393,& OTHER STORIES
40752201838395,& OTHER STORIES
40752201838729,& OTHER STORIES
40752201838731,& OTHER STORIES
40752201838751,& OTHER STORIES
40752201839517,& OTHER STORIES
40752201839518,& OTHER STORIES
40752201839519,& OTHER STORIES
40752201839520,& OTHER STORIES
40752201839521,& OTHER STORIES
40752201839522,& OTHER STORIES
40752201839523,& OTHER STORIES
40752201839524,& OTHER STORIES
40752201839525,& OTHER STORIES
40752201839526,& OTHER STORIES
40752201839528,& OTHER STORIES
40752201839529,& OTHER STORIES
40752201839530,& OTHER STORIES
40752201839532,& OTHER STORIES
40752201839533,& OTHER STORIES
40752201839534,& OTHER STORIES
40752201839535,& OTHER STORIES
40752201839536,& OTHER STORIES
40752201839537,& OTHER STORIES
40752201839538,& OTHER STORIES
40752201839539,& OTHER STORIES
40752201839540,& OTHER STORIES
40752201839541,& OTHER STORIES
40752201839542,& OTHER STORIES
40752201839543,& OTHER STORIES
40752201839544,& OTHER STORIES
40752201839545,& OTHER STORIES
40752201839546,& OTHER STORIES
40752201839547,& OTHER STORIES
40752201839550,& OTHER STORIES
40752201839551,& OTHER STORIES
40752201839552,& OTHER STORIES
40752201839553,& OTHER STORIES
40752201839554,& OTHER STORIES
40752201839555,& OTHER STORIES
40752201839556,& OTHER STORIES
40752201839557,& OTHER STORIES
40752201839560,& OTHER STORIES
40752201839561,& OTHER STORIES
40752201839562,& OTHER STORIES
40752201839563,& OTHER STORIES
40752201839564,& OTHER STORIES
40752201839565,& OTHER STORIES
40752201839566,& OTHER STORIES
40752201839567,& OTHER STORIES
40752201839568,& OTHER STORIES
40752201839569,& OTHER STORIES
40752201398250,& OTHER STORIES
40752201398251,& OTHER STORIES
40752201398252,& OTHER STORIES
40752201398253,& OTHER STORIES
40752201398254,& OTHER STORIES
40752201398255,& OTHER STORIES
40752201398256,& OTHER STORIES
40752201398257,& OTHER STORIES
40752201398258,& OTHER STORIES
40752201398259,& OTHER STORIES
40752201398260,& OTHER STORIES
40752201398261,& OTHER STORIES
40752201398262,& OTHER STORIES
40752201398263,& OTHER STORIES
40752201398264,& OTHER STORIES
40752201398265,& OTHER STORIES
40752201398266,& OTHER STORIES
40752201398267,& OTHER STORIES
40752201398268,& OTHER STORIES
40752201398269,& OTHER STORIES
40752201398274,& OTHER STORIES
40752201398633,& OTHER STORIES
40752201398634,& OTHER STORIES
40752201398635,& OTHER STORIES
40752201398636,& OTHER STORIES
40752201401596,& OTHER STORIES
40752201401597,& OTHER STORIES
40752201401599,& OTHER STORIES
40752201401600,& OTHER STORIES
40752201401602,& OTHER STORIES
40752201401603,& OTHER STORIES
40752201402575,& OTHER STORIES
40752201402576,& OTHER STORIES
40752201402577,& OTHER STORIES
40752201402578,& OTHER STORIES
40752201402579,& OTHER STORIES
40752201402580,& OTHER STORIES
40752201405110,& OTHER STORIES
40752201405111,& OTHER STORIES
40752201405112,& OTHER STORIES
40752201405193,& OTHER STORIES
40752201405194,& OTHER STORIES
40752201405195,& OTHER STORIES
40752201405196,& OTHER STORIES
40752201405198,& OTHER STORIES
40752201405199,& OTHER STORIES
40752201405200,& OTHER STORIES
40752201405201,& OTHER STORIES
40752201405202,& OTHER STORIES
40752201405203,& OTHER STORIES
40752201405204,& OTHER STORIES
40752201405205,& OTHER STORIES
40752201405206,& OTHER STORIES
40752201405207,& OTHER STORIES
40752201408448,& OTHER STORIES
40752201408449,& OTHER STORIES
40752201408450,& OTHER STORIES
40752201410307,& OTHER STORIES
40752201410308,& OTHER STORIES
40752201413119,& OTHER STORIES
40752201413120,& OTHER STORIES
40752201414179,& OTHER STORIES
40752201414180,& OTHER STORIES
40752201414181,& OTHER STORIES
40752201416194,& OTHER STORIES
40752201416195,& OTHER STORIES
40752201416196,& OTHER STORIES
40752201416197,& OTHER STORIES
40752201416198,& OTHER STORIES
40752201417603,& OTHER STORIES
40752201417604,& OTHER STORIES
40752201417605,& OTHER STORIES
40752201417740,& OTHER STORIES
40752201417741,& OTHER STORIES
40752201417742,& OTHER STORIES
40752201419460,& OTHER STORIES
40752201419461,& OTHER STORIES
40752201419462,& OTHER STORIES
40752201419463,& OTHER STORIES
40752201419464,& OTHER STORIES
40752201419466,& OTHER STORIES
40752201419467,& OTHER STORIES
40752201419468,& OTHER STORIES
40752201421563,& OTHER STORIES
40752201421564,& OTHER STORIES
40752201421565,& OTHER STORIES
40752201421568,& OTHER STORIES
40752201421569,& OTHER STORIES
40752201421570,& OTHER STORIES
40752201421571,& OTHER STORIES
40752201421572,& OTHER STORIES
40752201421573,& OTHER STORIES
40752201421574,& OTHER STORIES
40752201421577,& OTHER STORIES
40752201421578,& OTHER STORIES
40752201421579,& OTHER STORIES
40752201421580,& OTHER STORIES
40752201421581,& OTHER STORIES
40752201424415,& OTHER STORIES
40752201424416,& OTHER STORIES
40752201424417,& OTHER STORIES
40752201428869,& OTHER STORIES
40752201428870,& OTHER STORIES
40752201428871,& OTHER STORIES
40752201428872,& OTHER STORIES
40752201428873,& OTHER STORIES
40752201428874,& OTHER STORIES
40752201587649,& OTHER STORIES
40752201587650,& OTHER STORIES
40752201587651,& OTHER STORIES
40752201587655,& OTHER STORIES
40752201587656,& OTHER STORIES
40752201587657,& OTHER STORIES
40752201587658,& OTHER STORIES
40752201587659,& OTHER STORIES
40752201587660,& OTHER STORIES
40752201587661,& OTHER STORIES
40752201587662,& OTHER STORIES
40752201587663,& OTHER STORIES
40752201587703,& OTHER STORIES
40752201587704,& OTHER STORIES
40752201587705,& OTHER STORIES
40752201587706,& OTHER STORIES
40752201587707,& OTHER STORIES
40752201587708,& OTHER STORIES
40752201594642,& OTHER STORIES
40752201594643,& OTHER STORIES
40752201594644,& OTHER STORIES
40752201594645,& OTHER STORIES
40752201594646,& OTHER STORIES
40752201594647,& OTHER STORIES
40752201594648,& OTHER STORIES
40752201594649,& OTHER STORIES
40752201594650,& OTHER STORIES
40752201594651,& OTHER STORIES
40752201594652,& OTHER STORIES
40752201594656,& OTHER STORIES
40752201594658,& OTHER STORIES
40752201594659,& OTHER STORIES
40752201594660,& OTHER STORIES
40752201594661,& OTHER STORIES
40752201594662,& OTHER STORIES
40752201594664,& OTHER STORIES
40752201594665,& OTHER STORIES
40752201594666,& OTHER STORIES
40752201594667,& OTHER STORIES
40752201594668,& OTHER STORIES
40752201594669,& OTHER STORIES
40752201594670,& OTHER STORIES
40752201594671,& OTHER STORIES
40752201594672,& OTHER STORIES
40752201594673,& OTHER STORIES
40752201594674,& OTHER STORIES
40752201594675,& OTHER STORIES
40752201594676,& OTHER STORIES
40752201594804,& OTHER STORIES
40752201594805,& OTHER STORIES
40752201594806,& OTHER STORIES
40752201595062,& OTHER STORIES
40752201595355,& OTHER STORIES
40752201595432,& OTHER STORIES
40752201596382,& OTHER STORIES
40752201596383,& OTHER STORIES
40752201596384,& OTHER STORIES
40752201596385,& OTHER STORIES
40752201596387,& OTHER STORIES
40752201596388,& OTHER STORIES
40752201596389,& OTHER STORIES
40752201596391,& OTHER STORIES
40752201596393,& OTHER STORIES
40752201596395,& OTHER STORIES
40752201596396,& OTHER STORIES
40752201596397,& OTHER STORIES
40752201596398,& OTHER STORIES
40752201596404,& OTHER STORIES
40752201596406,& OTHER STORIES
40752201596407,& OTHER STORIES
40752201596408,& OTHER STORIES
40752201596409,& OTHER STORIES
40752201596410,& OTHER STORIES
40752201596411,& OTHER STORIES
40752201596412,& OTHER STORIES
40752201596413,& OTHER STORIES
40752201596414,& OTHER STORIES
40752201596416,& OTHER STORIES
40752201596417,& OTHER STORIES
40752201596418,& OTHER STORIES
40752201596419,& OTHER STORIES
40752201596420,& OTHER STORIES
40752201596421,& OTHER STORIES
40752201596422,& OTHER STORIES
40752201596423,& OTHER STORIES
40752201596425,& OTHER STORIES
40752201596427,& OTHER STORIES
40752201596430,& OTHER STORIES
40752201596432,& OTHER STORIES
40752201596433,& OTHER STORIES
40752201596434,& OTHER STORIES
40752201596435,& OTHER STORIES
40752201596436,& OTHER STORIES
40752201596437,& OTHER STORIES
40752201596438,& OTHER STORIES
40752201596439,& OTHER STORIES
40752201596442,& OTHER STORIES
40752201596444,& OTHER STORIES
40752201596446,& OTHER STORIES
40752201596447,& OTHER STORIES
40752201596448,& OTHER STORIES
40752201596449,& OTHER STORIES
40752201596450,& OTHER STORIES
40752201596451,& OTHER STORIES
40752201596453,& OTHER STORIES
40752201596454,& OTHER STORIES
40752201596455,& OTHER STORIES
40752201596459,& OTHER STORIES
40752201431106,& OTHER STORIES
40752201431107,& OTHER STORIES
40752201435750,& OTHER STORIES
40752201435751,& OTHER STORIES
40752201435752,& OTHER STORIES
40752201435753,& OTHER STORIES
40752201435754,& OTHER STORIES
40752201435755,& OTHER STORIES
40752201439486,& OTHER STORIES
40752201439487,& OTHER STORIES
40752201439488,& OTHER STORIES
40752201439489,& OTHER STORIES
40752201439490,& OTHER STORIES
40752201439491,& OTHER STORIES
40752201439492,& OTHER STORIES
40752201439493,& OTHER STORIES
40752201439494,& OTHER STORIES
40752201439495,& OTHER STORIES
40752201439496,& OTHER STORIES
40752201439497,& OTHER STORIES
40752201439500,& OTHER STORIES
40752201439501,& OTHER STORIES
40752201439502,& OTHER STORIES
40752201439503,& OTHER STORIES
40752201439504,& OTHER STORIES
40752201439505,& OTHER STORIES
40752201440066,& OTHER STORIES
40752201440067,& OTHER STORIES
40752201440068,& OTHER STORIES
40752201440069,& OTHER STORIES
40752201440070,& OTHER STORIES
40752201440071,& OTHER STORIES
40752201440072,& OTHER STORIES
40752201440073,& OTHER STORIES
40752201440074,& OTHER STORIES
40752201440075,& OTHER STORIES
40752201440076,& OTHER STORIES
40752201440077,& OTHER STORIES
40752201440154,& OTHER STORIES
40752201440155,& OTHER STORIES
40752201440156,& OTHER STORIES
40752201440157,& OTHER STORIES
40752201440158,& OTHER STORIES
40752201440159,& OTHER STORIES
40752201440160,& OTHER STORIES
40752201440161,& OTHER STORIES
40752201440162,& OTHER STORIES
40752201440163,& OTHER STORIES
40752201440164,& OTHER STORIES
40752201440165,& OTHER STORIES
40752201440166,& OTHER STORIES
40752201440167,& OTHER STORIES
40752201440168,& OTHER STORIES
40752201440170,& OTHER STORIES
40752201440171,& OTHER STORIES
40752201440172,& OTHER STORIES
40752201440173,& OTHER STORIES
40752201440174,& OTHER STORIES
40752201440175,& OTHER STORIES
40752201440176,& OTHER STORIES
40752201440177,& OTHER STORIES
40752201440178,& OTHER STORIES
40752201443417,& OTHER STORIES
40752201443418,& OTHER STORIES
40752201443419,& OTHER STORIES
40752201443420,& OTHER STORIES
40752201443421,& OTHER STORIES
40752201443422,& OTHER STORIES
40752201443423,& OTHER STORIES
40752201443424,& OTHER STORIES
40752201443425,& OTHER STORIES
40752201443426,& OTHER STORIES
40752201443429,& OTHER STORIES
40752201443430,& OTHER STORIES
40752201443431,& OTHER STORIES
40752201443432,& OTHER STORIES
40752201443433,& OTHER STORIES
40752201443434,& OTHER STORIES
40752201443435,& OTHER STORIES
40752201443436,& OTHER STORIES
40752201443437,& OTHER STORIES
40752201443438,& OTHER STORIES
40752201443439,& OTHER STORIES
40752201443440,& OTHER STORIES
40752201449475,& OTHER STORIES
40752201449488,& OTHER STORIES
40752201449501,& OTHER STORIES
40752201451324,& OTHER STORIES
40752201451492,& OTHER STORIES
40752201451763,& OTHER STORIES
40752201451764,& OTHER STORIES
40752201451843,& OTHER STORIES
40752201453825,& OTHER STORIES
40752201453826,& OTHER STORIES
40752201453827,& OTHER STORIES
40752201453828,& OTHER STORIES
40752201453829,& OTHER STORIES
40752201453830,& OTHER STORIES
40752201458473,& OTHER STORIES
40752201458474,& OTHER STORIES
40752201458475,& OTHER STORIES
40752201458476,& OTHER STORIES
40752201458477,& OTHER STORIES
40752201458478,& OTHER STORIES
40752201458479,& OTHER STORIES
40752201458480,& OTHER STORIES
40752201458481,& OTHER STORIES
40752201458482,& OTHER STORIES
40752201458483,& OTHER STORIES
40752201458484,& OTHER STORIES
40752201458513,& OTHER STORIES
40752201458514,& OTHER STORIES
40752201458515,& OTHER STORIES
40752201459625,& OTHER STORIES
40752201459626,& OTHER STORIES
40752201459627,& OTHER STORIES
40752201459628,& OTHER STORIES
40752201459629,& OTHER STORIES
40752201459630,& OTHER STORIES
40752201459631,& OTHER STORIES
40752201459632,& OTHER STORIES
40752201459633,& OTHER STORIES
40752201459659,& OTHER STORIES
40752201459660,& OTHER STORIES
40752201459661,& OTHER STORIES
40752201459662,& OTHER STORIES
40752201459663,& OTHER STORIES
40752201459664,& OTHER STORIES
40752201459665,& OTHER STORIES
40752201459666,& OTHER STORIES
40752201459667,& OTHER STORIES
40752201459668,& OTHER STORIES
40752201459669,& OTHER STORIES
40752201459670,& OTHER STORIES
40752201461808,& OTHER STORIES
40752201461809,& OTHER STORIES
40752201461810,& OTHER STORIES
40752201462334,& OTHER STORIES
40752201462467,& OTHER STORIES
40752201462485,& OTHER STORIES
40752201462672,& OTHER STORIES
40752201465972,& OTHER STORIES
40752201466925,& OTHER STORIES
40752201466926,& OTHER STORIES
40752201468388,& OTHER STORIES
40752201468389,& OTHER STORIES
40752201468390,& OTHER STORIES
40752201468671,& OTHER STORIES
40752201468672,& OTHER STORIES
40752201468673,& OTHER STORIES
40752201468674,& OTHER STORIES
40752201468675,& OTHER STORIES
40752201468710,& OTHER STORIES
40752201468711,& OTHER STORIES
40752201468712,& OTHER STORIES
40752201468713,& OTHER STORIES
40752201468714,& OTHER STORIES
40752201468715,& OTHER STORIES
40752201468745,& OTHER STORIES
40752201468746,& OTHER STORIES
40752201468747,& OTHER STORIES
40752201468748,& OTHER STORIES
40752201468749,& OTHER STORIES
40752201468750,& OTHER STORIES
40752201468751,& OTHER STORIES
40752201468752,& OTHER STORIES
40752201468753,& OTHER STORIES
40752201468754,& OTHER STORIES
40752201468755,& OTHER STORIES
40752201468756,& OTHER STORIES
40752201469067,& OTHER STORIES
40752201470231,& OTHER STORIES
40752201470329,& OTHER STORIES
40752201471571,& OTHER STORIES
40752201471572,& OTHER STORIES
40752201471573,& OTHER STORIES
40752201471574,& OTHER STORIES
40752201471575,& OTHER STORIES
40752201471576,& OTHER STORIES
40752201471577,& OTHER STORIES
40752201471578,& OTHER STORIES
40752201471579,& OTHER STORIES
40752201471580,& OTHER STORIES
40752201471581,& OTHER STORIES
40752201471582,& OTHER STORIES
40752201471583,& OTHER STORIES
40752201471584,& OTHER STORIES
40752201471585,& OTHER STORIES
40752201471586,& OTHER STORIES
40752201471587,& OTHER STORIES
40752201471588,& OTHER STORIES
40752201471589,& OTHER STORIES
40752201471590,& OTHER STORIES
40752201472698,& OTHER STORIES
40752201472699,& OTHER STORIES
40752201472700,& OTHER STORIES
40752201475751,& OTHER STORIES
40752201476456,& OTHER STORIES
40752201476458,& OTHER STORIES
40752201476459,& OTHER STORIES
40752201476482,& OTHER STORIES
40752201476484,& OTHER STORIES
40752201476485,& OTHER STORIES
40752201476486,& OTHER STORIES
40752201476487,& OTHER STORIES
40752201476488,& OTHER STORIES
40752201476489,& OTHER STORIES
40752201476490,& OTHER STORIES
40752201476491,& OTHER STORIES
40752201476492,& OTHER STORIES
40752201476493,& OTHER STORIES
40752201476494,& OTHER STORIES
40752201476495,& OTHER STORIES
40752201476496,& OTHER STORIES
40752201476497,& OTHER STORIES
40752201476498,& OTHER STORIES
40752201476499,& OTHER STORIES
40752201839570,& OTHER STORIES
40752201839571,& OTHER STORIES
40752201839572,& OTHER STORIES
40752201839573,& OTHER STORIES
40752201839574,& OTHER STORIES
40752201839576,& OTHER STORIES
40752201839577,& OTHER STORIES
40752201839578,& OTHER STORIES
40752201839579,& OTHER STORIES
40752201841881,& OTHER STORIES
40752201841882,& OTHER STORIES
40752201841989,& OTHER STORIES
40752201841990,& OTHER STORIES
40752201842139,& OTHER STORIES
40752201842140,& OTHER STORIES
40752201844711,& OTHER STORIES
40752201844712,& OTHER STORIES
40752201844713,& OTHER STORIES
40752201844714,& OTHER STORIES
40752201844715,& OTHER STORIES
40752201844716,& OTHER STORIES
40752201844717,& OTHER STORIES
40752201844718,& OTHER STORIES
40752201844719,& OTHER STORIES
40752201844720,& OTHER STORIES
40752201844721,& OTHER STORIES
40752201844722,& OTHER STORIES
40752201844723,& OTHER STORIES
40752201844724,& OTHER STORIES
40752201844725,& OTHER STORIES
40752201844726,& OTHER STORIES
40752201844727,& OTHER STORIES
40752201844728,& OTHER STORIES
40752201844729,& OTHER STORIES
40752201844730,& OTHER STORIES
40752201844731,& OTHER STORIES
40752201844736,& OTHER STORIES
40752201844737,& OTHER STORIES
40752201844738,& OTHER STORIES
40752201844739,& OTHER STORIES
40752201844740,& OTHER STORIES
40752201844741,& OTHER STORIES
40752201844742,& OTHER STORIES
40752201844743,& OTHER STORIES
40752201844744,& OTHER STORIES
40752201845054,& OTHER STORIES
40752201845243,& OTHER STORIES
40752201845244,& OTHER STORIES
40752201845246,& OTHER STORIES
40752201845247,& OTHER STORIES
40752201845334,& OTHER STORIES
40752201845335,& OTHER STORIES
40752201845336,& OTHER STORIES
40752201845338,& OTHER STORIES
40752201845339,& OTHER STORIES
40752201845340,& OTHER STORIES
40752201845488,& OTHER STORIES
40752201845489,& OTHER STORIES
40752201845490,& OTHER STORIES
40752201845491,& OTHER STORIES
40752201845492,& OTHER STORIES
40752201845493,& OTHER STORIES
40752201845496,& OTHER STORIES
40752201845505,& OTHER STORIES
40752201845506,& OTHER STORIES
40752201845927,& OTHER STORIES
40752201846605,& OTHER STORIES
40752201848769,& OTHER STORIES
40752201848875,& OTHER STORIES
40752201848877,& OTHER STORIES
40752201848879,& OTHER STORIES
40752201848881,& OTHER STORIES
40752201848917,& OTHER STORIES
40752201848918,& OTHER STORIES
40752201848919,& OTHER STORIES
40752201853998,& OTHER STORIES
40752201853999,& OTHER STORIES
40752201854004,& OTHER STORIES
40752201854005,& OTHER STORIES
40752201854580,& OTHER STORIES
40752201854581,& OTHER STORIES
40752201854582,& OTHER STORIES
40752201854585,& OTHER STORIES
40752201854851,& OTHER STORIES
40752201854852,& OTHER STORIES
40752201854864,& OTHER STORIES
40752201854866,& OTHER STORIES
40752201854868,& OTHER STORIES
40752201854880,& OTHER STORIES
40752201854881,& OTHER STORIES
40752201854886,& OTHER STORIES
40752201854909,& OTHER STORIES
40752201854910,& OTHER STORIES
40752201856077,& OTHER STORIES
40752201856171,& OTHER STORIES
40752201856657,& OTHER STORIES
40752201856658,& OTHER STORIES
40752201856732,& OTHER STORIES
40752201856733,& OTHER STORIES
40752201856734,& OTHER STORIES
40752201860573,& OTHER STORIES
40752201863447,& OTHER STORIES
40752201864232,& OTHER STORIES
40752201864233,& OTHER STORIES
40752201864234,& OTHER STORIES
40752201864235,& OTHER STORIES
40752201864236,& OTHER STORIES
40752201864239,& OTHER STORIES
40752201864240,& OTHER STORIES
40752201864241,& OTHER STORIES
40752201864242,& OTHER STORIES
40752201864243,& OTHER STORIES
40752201864244,& OTHER STORIES
40752201864245,& OTHER STORIES
40752201864249,& OTHER STORIES
40752201476500,& OTHER STORIES
40752201476501,& OTHER STORIES
40752201476502,& OTHER STORIES
40752201476503,& OTHER STORIES
40752201476504,& OTHER STORIES
40752201476505,& OTHER STORIES
40752201476506,& OTHER STORIES
40752201476507,& OTHER STORIES
40752201476508,& OTHER STORIES
40752201476509,& OTHER STORIES
40752201476510,& OTHER STORIES
40752201476511,& OTHER STORIES
40752201476512,& OTHER STORIES
40752201476514,& OTHER STORIES
40752201476515,& OTHER STORIES
40752201476516,& OTHER STORIES
40752201476517,& OTHER STORIES
40752201476518,& OTHER STORIES
40752201476519,& OTHER STORIES
40752201476520,& OTHER STORIES
40752201476692,& OTHER STORIES
40752201476693,& OTHER STORIES
40752201476694,& OTHER STORIES
40752201476817,& OTHER STORIES
40752201476818,& OTHER STORIES
40752201476819,& OTHER STORIES
40752201481343,& OTHER STORIES
40752201481344,& OTHER STORIES
40752201481345,& OTHER STORIES
40752201481346,& OTHER STORIES
40752201481347,& OTHER STORIES
40752201481348,& OTHER STORIES
40752201481350,& OTHER STORIES
40752201481351,& OTHER STORIES
40752201481356,& OTHER STORIES
40752201481358,& OTHER STORIES
40752201481360,& OTHER STORIES
40752201481362,& OTHER STORIES
40752201481363,& OTHER STORIES
40752201481364,& OTHER STORIES
40752201481365,& OTHER STORIES
40752201481366,& OTHER STORIES
40752201481367,& OTHER STORIES
40752201481368,& OTHER STORIES
40752201481369,& OTHER STORIES
40752201481370,& OTHER STORIES
40752201481371,& OTHER STORIES
40752201481372,& OTHER STORIES
40752201481373,& OTHER STORIES
40752201481374,& OTHER STORIES
40752201481375,& OTHER STORIES
40752201481376,& OTHER STORIES
40752201481377,& OTHER STORIES
40752201481378,& OTHER STORIES
40752201481379,& OTHER STORIES
40752201481380,& OTHER STORIES
40752201481381,& OTHER STORIES
40752201481382,& OTHER STORIES
40752201481383,& OTHER STORIES
40752201481384,& OTHER STORIES
40752201481385,& OTHER STORIES
40752201481386,& OTHER STORIES
40752201481387,& OTHER STORIES
40752201481388,& OTHER STORIES
40752201481389,& OTHER STORIES
40752201481390,& OTHER STORIES
40752201481391,& OTHER STORIES
40752201481395,& OTHER STORIES
40752201481396,& OTHER STORIES
40752201481397,& OTHER STORIES
40752201481398,& OTHER STORIES
40752201481399,& OTHER STORIES
40752201481400,& OTHER STORIES
40752201481401,& OTHER STORIES
40752201481402,& OTHER STORIES
40752201481403,& OTHER STORIES
40752201481404,& OTHER STORIES
40752201481405,& OTHER STORIES
40752201481406,& OTHER STORIES
40752201481407,& OTHER STORIES
40752201481408,& OTHER STORIES
40752201481409,& OTHER STORIES
40752201481413,& OTHER STORIES
40752201481415,& OTHER STORIES
40752201481417,& OTHER STORIES
40752201481425,& OTHER STORIES
40752201481426,& OTHER STORIES
40752201481427,& OTHER STORIES
40752201481428,& OTHER STORIES
40752201481430,& OTHER STORIES
40752201481431,& OTHER STORIES
40752201481432,& OTHER STORIES
40752201481433,& OTHER STORIES
40752201481434,& OTHER STORIES
40752201481435,& OTHER STORIES
40752201481436,& OTHER STORIES
40752201481437,& OTHER STORIES
40752201481438,& OTHER STORIES
40752201481439,& OTHER STORIES
40752201481440,& OTHER STORIES
40752201481714,& OTHER STORIES
40752201481715,& OTHER STORIES
40752201481716,& OTHER STORIES
40752201481717,& OTHER STORIES
40752201481718,& OTHER STORIES
40752201481719,& OTHER STORIES
40752201561630,& OTHER STORIES
40752201561631,& OTHER STORIES
40752201561632,& OTHER STORIES
40752201561633,& OTHER STORIES
40752201561635,& OTHER STORIES
40752201561636,& OTHER STORIES
40752201561637,& OTHER STORIES
40752201561638,& OTHER STORIES
40752201561639,& OTHER STORIES
40752201561640,& OTHER STORIES
40752201561641,& OTHER STORIES
40752201561642,& OTHER STORIES
40752201561643,& OTHER STORIES
40752201561644,& OTHER STORIES
40752201561645,& OTHER STORIES
40752201561646,& OTHER STORIES
40752201561647,& OTHER STORIES
40752201561648,& OTHER STORIES
40752201561649,& OTHER STORIES
40752201561651,& OTHER STORIES
40752201561652,& OTHER STORIES
40752201561653,& OTHER STORIES
40752201561654,& OTHER STORIES
40752201561655,& OTHER STORIES
40752201561656,& OTHER STORIES
40752201561657,& OTHER STORIES
40752201561658,& OTHER STORIES
40752201561659,& OTHER STORIES
40752201561660,& OTHER STORIES
40752201561661,& OTHER STORIES
40752201561662,& OTHER STORIES
40752201561663,& OTHER STORIES
40752201561664,& OTHER STORIES
40752201561665,& OTHER STORIES
40752201561666,& OTHER STORIES
40752201561667,& OTHER STORIES
40752201561668,& OTHER STORIES
40752201561669,& OTHER STORIES
40752201561670,& OTHER STORIES
40752201561671,& OTHER STORIES
40752201561678,& OTHER STORIES
40752201561679,& OTHER STORIES
40752201561680,& OTHER STORIES
40752201561681,& OTHER STORIES
40752201561682,& OTHER STORIES
40752201561683,& OTHER STORIES
40752201561685,& OTHER STORIES
40752201561686,& OTHER STORIES
40752201561687,& OTHER STORIES
40752201561688,& OTHER STORIES
40752201561689,& OTHER STORIES
40752201561691,& OTHER STORIES
40752201561692,& OTHER STORIES
40752201561693,& OTHER STORIES
40752201561694,& OTHER STORIES
40752201561695,& OTHER STORIES
40752201561696,& OTHER STORIES
40752201561698,& OTHER STORIES
40752201561699,& OTHER STORIES
40752201561700,& OTHER STORIES
40752201561701,& OTHER STORIES
40752201561702,& OTHER STORIES
40752201561703,& OTHER STORIES
40752201561704,& OTHER STORIES
40752201561705,& OTHER STORIES
40752201561706,& OTHER STORIES
40752201561707,& OTHER STORIES
40752201561708,& OTHER STORIES
40752201561709,& OTHER STORIES
40752201561711,& OTHER STORIES
40752201561712,& OTHER STORIES
40752201561713,& OTHER STORIES
40752201561714,& OTHER STORIES
40752201561715,& OTHER STORIES
40752201561716,& OTHER STORIES
40752201561717,& OTHER STORIES
40752201561719,& OTHER STORIES
40752201561720,& OTHER STORIES
40752201561721,& OTHER STORIES
40752201561723,& OTHER STORIES
40752201562249,& OTHER STORIES
40752201562250,& OTHER STORIES
40752201562251,& OTHER STORIES
40752201562252,& OTHER STORIES
40752201562253,& OTHER STORIES
40752201562254,& OTHER STORIES
40752201562255,& OTHER STORIES
40752201562256,& OTHER STORIES
40752201562257,& OTHER STORIES
40752201565581,& OTHER STORIES
40752201565582,& OTHER STORIES
40752201565860,& OTHER STORIES
40752201565861,& OTHER STORIES
40752201565862,& OTHER STORIES
40752201570091,& OTHER STORIES
40752201570092,& OTHER STORIES
40752201570093,& OTHER STORIES
40752201570094,& OTHER STORIES
40752201570095,& OTHER STORIES
40752201570096,& OTHER STORIES
40752201570097,& OTHER STORIES
40752201570098,& OTHER STORIES
40752201570099,& OTHER STORIES
40752201536160,& OTHER STORIES
40752201536161,& OTHER STORIES
40752201536162,& OTHER STORIES
40752201536163,& OTHER STORIES
40752201536164,& OTHER STORIES
40752201536165,& OTHER STORIES
40752201536166,& OTHER STORIES
40752201536167,& OTHER STORIES
40752201536168,& OTHER STORIES
40752201536169,& OTHER STORIES
40752201536170,& OTHER STORIES
40752201536171,& OTHER STORIES
40752201536172,& OTHER STORIES
40752201536173,& OTHER STORIES
40752201536174,& OTHER STORIES
40752201536175,& OTHER STORIES
40752201536694,& OTHER STORIES
40752201536695,& OTHER STORIES
40752201536696,& OTHER STORIES
40752201536697,& OTHER STORIES
40752201536698,& OTHER STORIES
40752201536702,& OTHER STORIES
40752201536703,& OTHER STORIES
40752201536704,& OTHER STORIES
40752201536705,& OTHER STORIES
40752201536706,& OTHER STORIES
40752201536707,& OTHER STORIES
40752201536708,& OTHER STORIES
40752201536709,& OTHER STORIES
40752201536710,& OTHER STORIES
40752201536711,& OTHER STORIES
40752201536712,& OTHER STORIES
40752201536713,& OTHER STORIES
40752201540834,& OTHER STORIES
40752201540835,& OTHER STORIES
40752201540836,& OTHER STORIES
40752201540837,& OTHER STORIES
40752201540838,& OTHER STORIES
40752201540839,& OTHER STORIES
40752201540840,& OTHER STORIES
40752201540841,& OTHER STORIES
40752201540842,& OTHER STORIES
40752201540843,& OTHER STORIES
40752201540844,& OTHER STORIES
40752201540845,& OTHER STORIES
40752201540846,& OTHER STORIES
40752201540847,& OTHER STORIES
40752201540848,& OTHER STORIES
40752201540914,& OTHER STORIES
40752201540915,& OTHER STORIES
40752201540916,& OTHER STORIES
40752201540917,& OTHER STORIES
40752201540918,& OTHER STORIES
40752201540919,& OTHER STORIES
40752201540920,& OTHER STORIES
40752201540921,& OTHER STORIES
40752201540922,& OTHER STORIES
40752201540965,& OTHER STORIES
40752201540966,& OTHER STORIES
40752201540967,& OTHER STORIES
40752201540968,& OTHER STORIES
40752201540969,& OTHER STORIES
40752201540970,& OTHER STORIES
40752201540971,& OTHER STORIES
40752201544341,& OTHER STORIES
40752201544342,& OTHER STORIES
40752201544547,& OTHER STORIES
40752201544548,& OTHER STORIES
40752201544549,& OTHER STORIES
40752201544550,& OTHER STORIES
40752201544551,& OTHER STORIES
40752201544552,& OTHER STORIES
40752201544553,& OTHER STORIES
40752201544554,& OTHER STORIES
40752201544555,& OTHER STORIES
40752201544556,& OTHER STORIES
40752201544559,& OTHER STORIES
40752201544560,& OTHER STORIES
40752201544561,& OTHER STORIES
40752201544562,& OTHER STORIES
40752201544563,& OTHER STORIES
40752201544564,& OTHER STORIES
40752201544565,& OTHER STORIES
40752201544566,& OTHER STORIES
40752201544568,& OTHER STORIES
40752201544569,& OTHER STORIES
40752201544570,& OTHER STORIES
40752201544891,& OTHER STORIES
40752201544892,& OTHER STORIES
40752201544893,& OTHER STORIES
40752201545821,& OTHER STORIES
40752201545822,& OTHER STORIES
40752201545823,& OTHER STORIES
40752201545824,& OTHER STORIES
40752201546186,& OTHER STORIES
40752201546187,& OTHER STORIES
40752201546188,& OTHER STORIES
40752201547937,& OTHER STORIES
40752201547938,& OTHER STORIES
40752201548228,& OTHER STORIES
40752201548229,& OTHER STORIES
40752201548230,& OTHER STORIES
40752201548231,& OTHER STORIES
40752201548233,& OTHER STORIES
40752201548234,& OTHER STORIES
40752201548235,& OTHER STORIES
40752201548358,& OTHER STORIES
40752201548360,& OTHER STORIES
40752201548362,& OTHER STORIES
40752201550730,& OTHER STORIES
40752201550731,& OTHER STORIES
40752201550732,& OTHER STORIES
40752201550733,& OTHER STORIES
40752201550734,& OTHER STORIES
40752201550735,& OTHER STORIES
40752201550736,& OTHER STORIES
40752201550737,& OTHER STORIES
40752201550738,& OTHER STORIES
40752201550739,& OTHER STORIES
40752201550740,& OTHER STORIES
40752201550741,& OTHER STORIES
40752201550742,& OTHER STORIES
40752201550743,& OTHER STORIES
40752201550744,& OTHER STORIES
40752201550745,& OTHER STORIES
40752201550746,& OTHER STORIES
40752201550747,& OTHER STORIES
40752201561095,& OTHER STORIES
40752201561096,& OTHER STORIES
40752201561198,& OTHER STORIES
40752201561199,& OTHER STORIES
40752201561200,& OTHER STORIES
40752201561201,& OTHER STORIES
40752201561202,& OTHER STORIES
40752201561203,& OTHER STORIES
40752201561587,& OTHER STORIES
40752201561588,& OTHER STORIES
40752201561589,& OTHER STORIES
40752201561590,& OTHER STORIES
40752201561591,& OTHER STORIES
40752201561592,& OTHER STORIES
40752201561593,& OTHER STORIES
40752201561594,& OTHER STORIES
40752201561595,& OTHER STORIES
40752201561596,& OTHER STORIES
40752201561597,& OTHER STORIES
40752201561598,& OTHER STORIES
40752201561599,& OTHER STORIES
40752201561600,& OTHER STORIES
40752201561601,& OTHER STORIES
40752201561602,& OTHER STORIES
40752201561603,& OTHER STORIES
40752201561604,& OTHER STORIES
40752201561605,& OTHER STORIES
40752201561606,& OTHER STORIES
40752201561607,& OTHER STORIES
40752201561608,& OTHER STORIES
40752201561609,& OTHER STORIES
40752201561610,& OTHER STORIES
40752201561611,& OTHER STORIES
40752201561612,& OTHER STORIES
40752201561613,& OTHER STORIES
40752201561614,& OTHER STORIES
40752201561615,& OTHER STORIES
40752201561616,& OTHER STORIES
40752201561617,& OTHER STORIES
40752201561618,& OTHER STORIES
40752201561619,& OTHER STORIES
40752201561620,& OTHER STORIES
40752201561621,& OTHER STORIES
40752201561622,& OTHER STORIES
40752201561623,& OTHER STORIES
40752201561624,& OTHER STORIES
40752201561625,& OTHER STORIES
40752201561626,& OTHER STORIES
40752201561627,& OTHER STORIES
40752201561629,& OTHER STORIES
40752202330621,& OTHER STORIES
40752202330622,& OTHER STORIES
40752202330623,& OTHER STORIES
40752202331922,& OTHER STORIES
40752202331923,& OTHER STORIES
40752202331924,& OTHER STORIES
40752202331925,& OTHER STORIES
40752202331990,& OTHER STORIES
40752202331991,& OTHER STORIES
40752202332041,& OTHER STORIES
40752202332042,& OTHER STORIES
40752202332447,& OTHER STORIES
40752202332448,& OTHER STORIES
40752202332449,& OTHER STORIES
40752202332450,& OTHER STORIES
40752202332668,& OTHER STORIES
40752202332670,& OTHER STORIES
40752202332671,& OTHER STORIES
40752202333147,& OTHER STORIES
40752202333148,& OTHER STORIES
40752202333149,& OTHER STORIES
40752202333285,& OTHER STORIES
40752202333286,& OTHER STORIES
40752202333287,& OTHER STORIES
40752202333288,& OTHER STORIES
40752202333289,& OTHER STORIES
40752202333290,& OTHER STORIES
40752202333291,& OTHER STORIES
40752202333292,& OTHER STORIES
40752202333293,& OTHER STORIES
40752202333294,& OTHER STORIES
40752202333295,& OTHER STORIES
40752202333296,& OTHER STORIES
40752202333297,& OTHER STORIES
40752202333298,& OTHER STORIES
40752202333299,& OTHER STORIES
40752202333300,& OTHER STORIES
40752202333301,& OTHER STORIES
40752202333302,& OTHER STORIES
40752202333335,& OTHER STORIES
40752202333336,& OTHER STORIES
40752202333337,& OTHER STORIES
40752202333338,& OTHER STORIES
40752202333339,& OTHER STORIES
40752202333340,& OTHER STORIES
40752202333341,& OTHER STORIES
40752202333342,& OTHER STORIES
40752202333485,& OTHER STORIES
40752202333486,& OTHER STORIES
40752202333487,& OTHER STORIES
40752202333488,& OTHER STORIES
40752202333489,& OTHER STORIES
40752202333490,& OTHER STORIES
40752202333943,& OTHER STORIES
40752202333944,& OTHER STORIES
40752202333945,& OTHER STORIES
40752202333968,& OTHER STORIES
40752202333969,& OTHER STORIES
40752202333970,& OTHER STORIES
40752202333971,& OTHER STORIES
40752202333972,& OTHER STORIES
40752202333973,& OTHER STORIES
40752202333974,& OTHER STORIES
40752202333975,& OTHER STORIES
40752202333976,& OTHER STORIES
40752202333977,& OTHER STORIES
40752202333978,& OTHER STORIES
40752202333979,& OTHER STORIES
40752202333980,& OTHER STORIES
40752202333981,& OTHER STORIES
40752202333982,& OTHER STORIES
40752202333983,& OTHER STORIES
40752202333984,& OTHER STORIES
40752202333985,& OTHER STORIES
40752202333986,& OTHER STORIES
40752202333987,& OTHER STORIES
40752202333988,& OTHER STORIES
40752202334463,& OTHER STORIES
40752202334464,& OTHER STORIES
40752202334465,& OTHER STORIES
40752202335213,& OTHER STORIES
40752202335214,& OTHER STORIES
40752202336007,& OTHER STORIES
40752202336008,& OTHER STORIES
40752202336009,& OTHER STORIES
40752202336022,& OTHER STORIES
40752202336024,& OTHER STORIES
40752202336426,& OTHER STORIES
40752202336427,& OTHER STORIES
40752202336467,& OTHER STORIES
40752202336468,& OTHER STORIES
40752202336573,& OTHER STORIES
40752202336574,& OTHER STORIES
40752202336868,& OTHER STORIES
40752202337005,& OTHER STORIES
40752202337006,& OTHER STORIES
40752202337011,& OTHER STORIES
40752202337025,& OTHER STORIES
40752202337026,& OTHER STORIES
40752202337302,& OTHER STORIES
40752202337303,& OTHER STORIES
40752202337304,& OTHER STORIES
40752202337305,& OTHER STORIES
40752202337306,& OTHER STORIES
40752202337307,& OTHER STORIES
40752202337308,& OTHER STORIES
40752202337309,& OTHER STORIES
40752202337310,& OTHER STORIES
40752202337323,& OTHER STORIES
40752202337324,& OTHER STORIES
40752202337361,& OTHER STORIES
40752202337362,& OTHER STORIES
40752202337363,& OTHER STORIES
40752202337364,& OTHER STORIES
40752202337365,& OTHER STORIES
40752202337366,& OTHER STORIES
40752202337367,& OTHER STORIES
40752202337368,& OTHER STORIES
40752202337369,& OTHER STORIES
40752202337370,& OTHER STORIES
40752202337376,& OTHER STORIES
40752202337377,& OTHER STORIES
40752202337378,& OTHER STORIES
40752202337379,& OTHER STORIES
40752202337380,& OTHER STORIES
40752202337381,& OTHER STORIES
40752202337382,& OTHER STORIES
40752202337383,& OTHER STORIES
40752202337384,& OTHER STORIES
40752202337385,& OTHER STORIES
40752202337467,& OTHER STORIES
40752202337468,& OTHER STORIES
40752202337469,& OTHER STORIES
40752202337650,& OTHER STORIES
40752202337651,& OTHER STORIES
40752202337652,& OTHER STORIES
40752202337653,& OTHER STORIES
40752202337654,& OTHER STORIES
40752202337834,& OTHER STORIES
40752202337835,& OTHER STORIES
40752202338002,& OTHER STORIES
40752202338003,& OTHER STORIES
40752202338228,& OTHER STORIES
40752202338229,& OTHER STORIES
40752202338233,& OTHER STORIES
40752202338234,& OTHER STORIES
40752202338237,& OTHER STORIES
40752202338238,& OTHER STORIES
40752202338297,& OTHER STORIES
40752202338298,& OTHER STORIES
40752202339721,& OTHER STORIES
40752202339723,& OTHER STORIES
40752202339725,& OTHER STORIES
40752202339727,& OTHER STORIES
40752202339729,& OTHER STORIES
40752202339731,& OTHER STORIES
40752202339733,& OTHER STORIES
40752202339735,& OTHER STORIES
40752202339737,& OTHER STORIES
40752202339739,& OTHER STORIES
40752202339741,& OTHER STORIES
40752202339987,& OTHER STORIES
40752202339988,& OTHER STORIES
40752202339989,& OTHER STORIES
40752202339990,& OTHER STORIES
40752202339991,& OTHER STORIES
40752202339992,& OTHER STORIES
40752202339993,& OTHER STORIES
40752202339994,& OTHER STORIES
40752202339995,& OTHER STORIES
40752202339996,& OTHER STORIES
40752202339997,& OTHER STORIES
40752201864250,& OTHER STORIES
40752201864251,& OTHER STORIES
40752201864252,& OTHER STORIES
40752201864253,& OTHER STORIES
40752201864254,& OTHER STORIES
40752201864255,& OTHER STORIES
40752201864256,& OTHER STORIES
40752201864257,& OTHER STORIES
40752201864258,& OTHER STORIES
40752201864259,& OTHER STORIES
40752201864945,& OTHER STORIES
40752201864946,& OTHER STORIES
40752201864947,& OTHER STORIES
40752201864961,& OTHER STORIES
40752201864978,& OTHER STORIES
40752201865110,& OTHER STORIES
40752201865112,& OTHER STORIES
40752201865114,& OTHER STORIES
40752201868264,& OTHER STORIES
40752201868265,& OTHER STORIES
40752201868266,& OTHER STORIES
40752201869045,& OTHER STORIES
40752201869051,& OTHER STORIES
40752201869386,& OTHER STORIES
40752201869387,& OTHER STORIES
40752201869388,& OTHER STORIES
40752201869389,& OTHER STORIES
40752201869390,& OTHER STORIES
40752201869391,& OTHER STORIES
40752201870401,& OTHER STORIES
40752201870402,& OTHER STORIES
40752201871680,& OTHER STORIES
40752201871681,& OTHER STORIES
40752201871682,& OTHER STORIES
40752201871683,& OTHER STORIES
40752201871685,& OTHER STORIES
40752201871686,& OTHER STORIES
40752201871687,& OTHER STORIES
40752201871688,& OTHER STORIES
40752201871690,& OTHER STORIES
40752201871691,& OTHER STORIES
40752201871694,& OTHER STORIES
40752201871695,& OTHER STORIES
40752201871696,& OTHER STORIES
40752201871701,& OTHER STORIES
40752201871702,& OTHER STORIES
40752201871705,& OTHER STORIES
40752201871706,& OTHER STORIES
40752201871707,& OTHER STORIES
40752201871708,& OTHER STORIES
40752201871712,& OTHER STORIES
40752201871713,& OTHER STORIES
40752201871715,& OTHER STORIES
40752201871716,& OTHER STORIES
40752201871717,& OTHER STORIES
40752201871718,& OTHER STORIES
40752201871719,& OTHER STORIES
40752201871720,& OTHER STORIES
40752201871721,& OTHER STORIES
40752201871722,& OTHER STORIES
40752201871724,& OTHER STORIES
40752201871726,& OTHER STORIES
40752201872832,& OTHER STORIES
40752201872833,& OTHER STORIES
40752201872834,& OTHER STORIES
40752201872835,& OTHER STORIES
40752201872836,& OTHER STORIES
40752201872837,& OTHER STORIES
40752201872838,& OTHER STORIES
40752201872839,& OTHER STORIES
40752201872840,& OTHER STORIES
40752201872841,& OTHER STORIES
40752201872843,& OTHER STORIES
40752201872844,& OTHER STORIES
40752201872845,& OTHER STORIES
40752201872846,& OTHER STORIES
40752201872847,& OTHER STORIES
40752201872848,& OTHER STORIES
40752201872849,& OTHER STORIES
40752201872850,& OTHER STORIES
40752201872852,& OTHER STORIES
40752201872853,& OTHER STORIES
40752201872854,& OTHER STORIES
40752201872855,& OTHER STORIES
40752201872856,& OTHER STORIES
40752201872857,& OTHER STORIES
40752201872858,& OTHER STORIES
40752201872859,& OTHER STORIES
40752201873393,& OTHER STORIES
40752201873998,& OTHER STORIES
40752201874176,& OTHER STORIES
40752201874320,& OTHER STORIES
40752201874435,& OTHER STORIES
40752201874436,& OTHER STORIES
40752201876473,& OTHER STORIES
40752201876474,& OTHER STORIES
40752201876475,& OTHER STORIES
40752201876476,& OTHER STORIES
40752201876477,& OTHER STORIES
40752201880675,& OTHER STORIES
40752201880676,& OTHER STORIES
40752201880679,& OTHER STORIES
40752201880680,& OTHER STORIES
40752201880681,& OTHER STORIES
40752201882908,& OTHER STORIES
40752201882910,& OTHER STORIES
40752201882911,& OTHER STORIES
40752201882912,& OTHER STORIES
40752201882913,& OTHER STORIES
40752201882916,& OTHER STORIES
40752201882917,& OTHER STORIES
40752201882918,& OTHER STORIES
40752201882944,& OTHER STORIES
40752201882945,& OTHER STORIES
40752201883743,& OTHER STORIES
40752201883745,& OTHER STORIES
40752201883747,& OTHER STORIES
40752201883836,& OTHER STORIES
40752201883837,& OTHER STORIES
40752201883848,& OTHER STORIES
40752201883849,& OTHER STORIES
40752201883850,& OTHER STORIES
40752201883966,& OTHER STORIES
40752201883967,& OTHER STORIES
40752201883969,& OTHER STORIES
40752201883970,& OTHER STORIES
40752201884009,& OTHER STORIES
40752201884011,& OTHER STORIES
40752201884296,& OTHER STORIES
40752201884297,& OTHER STORIES
40752201884299,& OTHER STORIES
40752201884301,& OTHER STORIES
40752201884337,& OTHER STORIES
40752201884338,& OTHER STORIES
40752201884339,& OTHER STORIES
40752201884627,& OTHER STORIES
40752201884630,& OTHER STORIES
40752201884631,& OTHER STORIES
40752201884708,& OTHER STORIES
40752201884709,& OTHER STORIES
40752201884719,& OTHER STORIES
40752201884721,& OTHER STORIES
40752201884899,& OTHER STORIES
40752201884902,& OTHER STORIES
40752201884903,& OTHER STORIES
40752201483347,& OTHER STORIES
40752201483348,& OTHER STORIES
40752201483349,& OTHER STORIES
40752201483713,& OTHER STORIES
40752201483714,& OTHER STORIES
40752201483715,& OTHER STORIES
40752201483716,& OTHER STORIES
40752201483717,& OTHER STORIES
40752201483718,& OTHER STORIES
40752201485897,& OTHER STORIES
40752201485898,& OTHER STORIES
40752201485899,& OTHER STORIES
40752201485904,& OTHER STORIES
40752201485905,& OTHER STORIES
40752201485906,& OTHER STORIES
40752201485907,& OTHER STORIES
40752201485908,& OTHER STORIES
40752201485909,& OTHER STORIES
40752201485910,& OTHER STORIES
40752201485911,& OTHER STORIES
40752201485912,& OTHER STORIES
40752201485913,& OTHER STORIES
40752201485914,& OTHER STORIES
40752201485915,& OTHER STORIES
40752201485916,& OTHER STORIES
40752201485917,& OTHER STORIES
40752201485918,& OTHER STORIES
40752201485919,& OTHER STORIES
40752201485920,& OTHER STORIES
40752201485921,& OTHER STORIES
40752201486091,& OTHER STORIES
40752201486093,& OTHER STORIES
40752201486095,& OTHER STORIES
40752201486097,& OTHER STORIES
40752201486099,& OTHER STORIES
40752201486101,& OTHER STORIES
40752201486103,& OTHER STORIES
40752201486106,& OTHER STORIES
40752201486109,& OTHER STORIES
40752201486112,& OTHER STORIES
40752201486115,& OTHER STORIES
40752201486119,& OTHER STORIES
40752201487672,& OTHER STORIES
40752201487673,& OTHER STORIES
40752201487674,& OTHER STORIES
40752201487675,& OTHER STORIES
40752201487676,& OTHER STORIES
40752201487677,& OTHER STORIES
40752201487678,& OTHER STORIES
40752201487679,& OTHER STORIES
40752201487680,& OTHER STORIES
40752201488238,& OTHER STORIES
40752201488241,& OTHER STORIES
40752201488243,& OTHER STORIES
40752201488245,& OTHER STORIES
40752201488247,& OTHER STORIES
40752201488248,& OTHER STORIES
40752201488249,& OTHER STORIES
40752201488250,& OTHER STORIES
40752201488251,& OTHER STORIES
40752201488252,& OTHER STORIES
40752201488253,& OTHER STORIES
40752201488254,& OTHER STORIES
40752201488255,& OTHER STORIES
40752201488256,& OTHER STORIES
40752201488257,& OTHER STORIES
40752201495404,& OTHER STORIES
40752201495455,& OTHER STORIES
40752201496605,& OTHER STORIES
40752201496614,& OTHER STORIES
40752201496615,& OTHER STORIES
40752201499077,& OTHER STORIES
40752201499078,& OTHER STORIES
40752201499079,& OTHER STORIES
40752201499080,& OTHER STORIES
40752201499081,& OTHER STORIES
40752201499082,& OTHER STORIES
40752201499083,& OTHER STORIES
40752201499084,& OTHER STORIES
40752201499085,& OTHER STORIES
40752201499086,& OTHER STORIES
40752201499087,& OTHER STORIES
40752201499088,& OTHER STORIES
40752201499089,& OTHER STORIES
40752201499090,& OTHER STORIES
40752201499094,& OTHER STORIES
40752201499095,& OTHER STORIES
40752201499096,& OTHER STORIES
40752201499097,& OTHER STORIES
40752201499098,& OTHER STORIES
40752201499099,& OTHER STORIES
40752201499131,& OTHER STORIES
40752201499132,& OTHER STORIES
40752201499133,& OTHER STORIES
40752201499134,& OTHER STORIES
40752201499135,& OTHER STORIES
40752201499136,& OTHER STORIES
40752201499137,& OTHER STORIES
40752201499138,& OTHER STORIES
40752201499619,& OTHER STORIES
40752201499621,& OTHER STORIES
40752201499623,& OTHER STORIES
40752201499624,& OTHER STORIES
40752201499625,& OTHER STORIES
40752201499626,& OTHER STORIES
40752201700985,& OTHER STORIES
40752201700986,& OTHER STORIES
40752201700987,& OTHER STORIES
40752201700988,& OTHER STORIES
40752201700989,& OTHER STORIES
40752201700990,& OTHER STORIES
40752201701764,& OTHER STORIES
40752201703364,& OTHER STORIES
40752201703365,& OTHER STORIES
40752201703366,& OTHER STORIES
40752201703383,& OTHER STORIES
40752201703384,& OTHER STORIES
40752201703385,& OTHER STORIES
40752201720484,& OTHER STORIES
40752201720485,& OTHER STORIES
40752201720486,& OTHER STORIES
40752201720487,& OTHER STORIES
40752201720488,& OTHER STORIES
40752201720489,& OTHER STORIES
40752201720580,& OTHER STORIES
40752201720581,& OTHER STORIES
40752201720583,& OTHER STORIES
40752201720584,& OTHER STORIES
40752201720585,& OTHER STORIES
40752201720586,& OTHER STORIES
40752201720588,& OTHER STORIES
40752201720590,& OTHER STORIES
40752201720591,& OTHER STORIES
40752201720592,& OTHER STORIES
40752201720593,& OTHER STORIES
40752201720596,& OTHER STORIES
40752201720598,& OTHER STORIES
40752201720599,& OTHER STORIES
40752201720600,& OTHER STORIES
40752201720601,& OTHER STORIES
40752201720602,& OTHER STORIES
40752201720603,& OTHER STORIES
40752201720604,& OTHER STORIES
40752201720605,& OTHER STORIES
40752201720607,& OTHER STORIES
40752201720608,& OTHER STORIES
40752201720610,& OTHER STORIES
40752201720611,& OTHER STORIES
40752201720612,& OTHER STORIES
40752201720613,& OTHER STORIES
40752201720614,& OTHER STORIES
40752201720615,& OTHER STORIES
40752201720616,& OTHER STORIES
40752201720619,& OTHER STORIES
40752201720620,& OTHER STORIES
40752201720623,& OTHER STORIES
40752201720625,& OTHER STORIES
40752201720626,& OTHER STORIES
40752201720627,& OTHER STORIES
40752201720628,& OTHER STORIES
40752201720630,& OTHER STORIES
40752201720637,& OTHER STORIES
40752201720638,& OTHER STORIES
40752201720641,& OTHER STORIES
40752201720642,& OTHER STORIES
40752201720645,& OTHER STORIES
40752201720649,& OTHER STORIES
40752201720650,& OTHER STORIES
40752201720651,& OTHER STORIES
40752201720652,& OTHER STORIES
40752201720653,& OTHER STORIES
40752201720654,& OTHER STORIES
40752201720655,& OTHER STORIES
40752201720658,& OTHER STORIES
40752201720659,& OTHER STORIES
40752201720660,& OTHER STORIES
40752201720661,& OTHER STORIES
40752201720662,& OTHER STORIES
40752201720663,& OTHER STORIES
40752201720665,& OTHER STORIES
40752201720666,& OTHER STORIES
40752201720667,& OTHER STORIES
40752201720668,& OTHER STORIES
40752201723375,& OTHER STORIES
40752201723376,& OTHER STORIES
40752201723377,& OTHER STORIES
40752201723378,& OTHER STORIES
40752201723379,& OTHER STORIES
40752201723380,& OTHER STORIES
40752201723381,& OTHER STORIES
40752201723382,& OTHER STORIES
40752201723383,& OTHER STORIES
40752201723384,& OTHER STORIES
40752201723385,& OTHER STORIES
40752201723386,& OTHER STORIES
40752201723387,& OTHER STORIES
40752201723388,& OTHER STORIES
40752201723389,& OTHER STORIES
40752201723390,& OTHER STORIES
40752201723392,& OTHER STORIES
40752201723393,& OTHER STORIES
40752201723394,& OTHER STORIES
40752201723395,& OTHER STORIES
40752201723396,& OTHER STORIES
40752201723397,& OTHER STORIES
40752201723398,& OTHER STORIES
40752201723399,& OTHER STORIES
40752201951847,& OTHER STORIES
40752201951853,& OTHER STORIES
40752201951854,& OTHER STORIES
40752201951855,& OTHER STORIES
40752201951856,& OTHER STORIES
40752201951857,& OTHER STORIES
40752201951858,& OTHER STORIES
40752201951859,& OTHER STORIES
40752201951860,& OTHER STORIES
40752201951861,& OTHER STORIES
40752201951862,& OTHER STORIES
40752201951863,& OTHER STORIES
40752201951864,& OTHER STORIES
40752201951873,& OTHER STORIES
40752201951874,& OTHER STORIES
40752201951875,& OTHER STORIES
40752201951876,& OTHER STORIES
40752201951877,& OTHER STORIES
40752201951878,& OTHER STORIES
40752201951879,& OTHER STORIES
40752201951880,& OTHER STORIES
40752201953174,& OTHER STORIES
40752201953175,& OTHER STORIES
40752201953176,& OTHER STORIES
40752201953213,& OTHER STORIES
40752201953214,& OTHER STORIES
40752201953215,& OTHER STORIES
40752201957236,& OTHER STORIES
40752201957237,& OTHER STORIES
40752201957238,& OTHER STORIES
40752201957239,& OTHER STORIES
40752201957240,& OTHER STORIES
40752201957241,& OTHER STORIES
40752201957242,& OTHER STORIES
40752201957243,& OTHER STORIES
40752201957244,& OTHER STORIES
40752201957245,& OTHER STORIES
40752201957246,& OTHER STORIES
40752201957247,& OTHER STORIES
40752201957248,& OTHER STORIES
40752201957249,& OTHER STORIES
40752201957250,& OTHER STORIES
40752201957251,& OTHER STORIES
40752201957252,& OTHER STORIES
40752201957253,& OTHER STORIES
40752201957254,& OTHER STORIES
40752201957255,& OTHER STORIES
40752201957256,& OTHER STORIES
40752201957257,& OTHER STORIES
40752201957258,& OTHER STORIES
40752201957259,& OTHER STORIES
40752201957260,& OTHER STORIES
40752201957261,& OTHER STORIES
40752201957262,& OTHER STORIES
40752201957263,& OTHER STORIES
40752201957264,& OTHER STORIES
40752201957265,& OTHER STORIES
40752201957266,& OTHER STORIES
40752201957267,& OTHER STORIES
40752201957268,& OTHER STORIES
40752201957269,& OTHER STORIES
40752201957270,& OTHER STORIES
40752201957271,& OTHER STORIES
40752201957272,& OTHER STORIES
40752201957273,& OTHER STORIES
40752201957274,& OTHER STORIES
40752201957275,& OTHER STORIES
40752201957276,& OTHER STORIES
40752201957277,& OTHER STORIES
40752201957278,& OTHER STORIES
40752201957279,& OTHER STORIES
40752201957280,& OTHER STORIES
40752201957281,& OTHER STORIES
40752201957282,& OTHER STORIES
40752201957283,& OTHER STORIES
40752201957284,& OTHER STORIES
40752201957322,& OTHER STORIES
40752201957323,& OTHER STORIES
40752201957324,& OTHER STORIES
40752201957325,& OTHER STORIES
40752201957326,& OTHER STORIES
40752201957327,& OTHER STORIES
40752201957328,& OTHER STORIES
40752201957329,& OTHER STORIES
40752201957330,& OTHER STORIES
40752201957331,& OTHER STORIES
40752201957332,& OTHER STORIES
40752201957333,& OTHER STORIES
40752201957335,& OTHER STORIES
40752201961288,& OTHER STORIES
40752201961289,& OTHER STORIES
40752201961290,& OTHER STORIES
40752201961336,& OTHER STORIES
40752201961337,& OTHER STORIES
40752201961338,& OTHER STORIES
40752201961339,& OTHER STORIES
40752201961340,& OTHER STORIES
40752201961341,& OTHER STORIES
40752201961342,& OTHER STORIES
40752201961343,& OTHER STORIES
40752201961344,& OTHER STORIES
40752201961345,& OTHER STORIES
40752201961346,& OTHER STORIES
40752201961347,& OTHER STORIES
40752201961348,& OTHER STORIES
40752201961351,& OTHER STORIES
40752201961360,& OTHER STORIES
40752201961361,& OTHER STORIES
40752201961362,& OTHER STORIES
40752201961363,& OTHER STORIES
40752201961364,& OTHER STORIES
40752201961365,& OTHER STORIES
40752201961366,& OTHER STORIES
40752201961367,& OTHER STORIES
40752201961369,& OTHER STORIES
40752201961370,& OTHER STORIES
40752201961373,& OTHER STORIES
40752201961375,& OTHER STORIES
40752201961377,& OTHER STORIES
40752201961379,& OTHER STORIES
40752201961381,& OTHER STORIES
40752201961383,& OTHER STORIES
40752201961567,& OTHER STORIES
40752201961568,& OTHER STORIES
40752201961569,& OTHER STORIES
40752201961570,& OTHER STORIES
40752201961571,& OTHER STORIES
40752201961572,& OTHER STORIES
40752201963040,& OTHER STORIES
40752201963041,& OTHER STORIES
40752201963042,& OTHER STORIES
40752201963043,& OTHER STORIES
40752201963044,& OTHER STORIES
40752201963045,& OTHER STORIES
40752201963928,& OTHER STORIES
40752201963929,& OTHER STORIES
40752201963930,& OTHER STORIES
40752201963931,& OTHER STORIES
40752201963932,& OTHER STORIES
40752201963933,& OTHER STORIES
40752201570100,& OTHER STORIES
40752201570101,& OTHER STORIES
40752201570102,& OTHER STORIES
40752201570103,& OTHER STORIES
40752201570104,& OTHER STORIES
40752201570105,& OTHER STORIES
40752201570163,& OTHER STORIES
40752201570164,& OTHER STORIES
40752201570184,& OTHER STORIES
40752201570185,& OTHER STORIES
40752201570186,& OTHER STORIES
40752201571946,& OTHER STORIES
40752201572778,& OTHER STORIES
40752201572779,& OTHER STORIES
40752201572780,& OTHER STORIES
40752201572781,& OTHER STORIES
40752201572782,& OTHER STORIES
40752201572783,& OTHER STORIES
40752201572784,& OTHER STORIES
40752201572786,& OTHER STORIES
40752201572787,& OTHER STORIES
40752201572788,& OTHER STORIES
40752201572789,& OTHER STORIES
40752201572790,& OTHER STORIES
40752201572792,& OTHER STORIES
40752201572793,& OTHER STORIES
40752201572794,& OTHER STORIES
40752201572795,& OTHER STORIES
40752201572796,& OTHER STORIES
40752201572797,& OTHER STORIES
40752201572798,& OTHER STORIES
40752201572799,& OTHER STORIES
40752201572800,& OTHER STORIES
40752201572801,& OTHER STORIES
40752201572802,& OTHER STORIES
40752201572803,& OTHER STORIES
40752201572804,& OTHER STORIES
40752201572806,& OTHER STORIES
40752201572807,& OTHER STORIES
40752201572808,& OTHER STORIES
40752201572809,& OTHER STORIES
40752201577516,& OTHER STORIES
40752201577518,& OTHER STORIES
40752201577520,& OTHER STORIES
40752201577643,& OTHER STORIES
40752201577644,& OTHER STORIES
40752201577645,& OTHER STORIES
40752201577646,& OTHER STORIES
40752201577647,& OTHER STORIES
40752201577648,& OTHER STORIES
40752201577649,& OTHER STORIES
40752201577650,& OTHER STORIES
40752201577651,& OTHER STORIES
40752201577652,& OTHER STORIES
40752201577653,& OTHER STORIES
40752201577654,& OTHER STORIES
40752201577655,& OTHER STORIES
40752201577656,& OTHER STORIES
40752201577658,& OTHER STORIES
40752201577659,& OTHER STORIES
40752201577660,& OTHER STORIES
40752201577661,& OTHER STORIES
40752201577662,& OTHER STORIES
40752201577663,& OTHER STORIES
40752201577664,& OTHER STORIES
40752201577665,& OTHER STORIES
40752201577666,& OTHER STORIES
40752201577667,& OTHER STORIES
40752201577668,& OTHER STORIES
40752201577670,& OTHER STORIES
40752201577671,& OTHER STORIES
40752201584235,& OTHER STORIES
40752201584237,& OTHER STORIES
40752201584239,& OTHER STORIES
40752201584241,& OTHER STORIES
40752201584243,& OTHER STORIES
40752201584245,& OTHER STORIES
40752201584247,& OTHER STORIES
40752201584249,& OTHER STORIES
40752201584251,& OTHER STORIES
40752201584253,& OTHER STORIES
40752201584255,& OTHER STORIES
40752201584257,& OTHER STORIES
40752201584259,& OTHER STORIES
40752201584265,& OTHER STORIES
40752201584267,& OTHER STORIES
40752201584269,& OTHER STORIES
40752201584271,& OTHER STORIES
40752201584273,& OTHER STORIES
40752201584275,& OTHER STORIES
40752201584277,& OTHER STORIES
40752201584279,& OTHER STORIES
40752201584281,& OTHER STORIES
40752201584283,& OTHER STORIES
40752201584285,& OTHER STORIES
40752201584287,& OTHER STORIES
40752201585303,& OTHER STORIES
40752201585304,& OTHER STORIES
40752201585306,& OTHER STORIES
40752201585307,& OTHER STORIES
40752201585308,& OTHER STORIES
40752201585309,& OTHER STORIES
40752201585310,& OTHER STORIES
40752201585311,& OTHER STORIES
40752201585312,& OTHER STORIES
40752201585313,& OTHER STORIES
40752201585314,& OTHER STORIES
40752201585316,& OTHER STORIES
40752201585317,& OTHER STORIES
40752201585318,& OTHER STORIES
40752201585319,& OTHER STORIES
40752201585320,& OTHER STORIES
40752201585321,& OTHER STORIES
40752201585323,& OTHER STORIES
40752201585324,& OTHER STORIES
40752201586865,& OTHER STORIES
40752201597148,& OTHER STORIES
40752201597492,& OTHER STORIES
40752201597493,& OTHER STORIES
40752201597494,& OTHER STORIES
40752201597495,& OTHER STORIES
40752201597497,& OTHER STORIES
40752201597498,& OTHER STORIES
40752201597499,& OTHER STORIES
40752201597500,& OTHER STORIES
40752201597501,& OTHER STORIES
40752201597502,& OTHER STORIES
40752201597503,& OTHER STORIES
40752201597507,& OTHER STORIES
40752201597509,& OTHER STORIES
40752201597510,& OTHER STORIES
40752201597511,& OTHER STORIES
40752201597512,& OTHER STORIES
40752201597912,& OTHER STORIES
40752201597913,& OTHER STORIES
40752201597914,& OTHER STORIES
40752201606255,& OTHER STORIES
40752201606256,& OTHER STORIES
40752201606257,& OTHER STORIES
40752201606258,& OTHER STORIES
40752201606259,& OTHER STORIES
40752201606260,& OTHER STORIES
40752201606261,& OTHER STORIES
40752201606262,& OTHER STORIES
40752201606263,& OTHER STORIES
40752201606665,& OTHER STORIES
40752201606666,& OTHER STORIES
40752201606667,& OTHER STORIES
40752201606669,& OTHER STORIES
40752201606670,& OTHER STORIES
40752201606671,& OTHER STORIES
40752201606677,& OTHER STORIES
40752201606678,& OTHER STORIES
40752201606679,& OTHER STORIES
40752201606680,& OTHER STORIES
40752201606682,& OTHER STORIES
40752201606683,& OTHER STORIES
40752201606711,& OTHER STORIES
40752201606867,& OTHER STORIES
40752201606868,& OTHER STORIES
40752201606869,& OTHER STORIES
40752201614452,& OTHER STORIES
40752201614453,& OTHER STORIES
40752201614454,& OTHER STORIES
40752201615294,& OTHER STORIES
40752201615473,& OTHER STORIES
40752201615480,& OTHER STORIES
40752201615485,& OTHER STORIES
40752201615507,& OTHER STORIES
40752201615509,& OTHER STORIES
40752201615532,& OTHER STORIES
40752201616775,& OTHER STORIES
40752201616777,& OTHER STORIES
40752201616779,& OTHER STORIES
40752201616857,& OTHER STORIES
40752201616859,& OTHER STORIES
40752201616892,& OTHER STORIES
40752201617424,& OTHER STORIES
40752201617618,& OTHER STORIES
40752201618062,& OTHER STORIES
40752201618063,& OTHER STORIES
40752201618064,& OTHER STORIES
40752201618066,& OTHER STORIES
40752201618067,& OTHER STORIES
40752201618069,& OTHER STORIES
40752201618070,& OTHER STORIES
40752201618071,& OTHER STORIES
40752201618072,& OTHER STORIES
40752201618073,& OTHER STORIES
40752201618074,& OTHER STORIES
40752201618075,& OTHER STORIES
40752201618076,& OTHER STORIES
40752201618077,& OTHER STORIES
40752201618078,& OTHER STORIES
40752201618079,& OTHER STORIES
40752201618080,& OTHER STORIES
40752201618081,& OTHER STORIES
40752201618083,& OTHER STORIES
40752201618084,& OTHER STORIES
40752201618085,& OTHER STORIES
40752201618086,& OTHER STORIES
40752201618087,& OTHER STORIES
40752201618088,& OTHER STORIES
40752201618089,& OTHER STORIES
40752201618090,& OTHER STORIES
40752201618096,& OTHER STORIES
40752201618097,& OTHER STORIES
40752201618098,& OTHER STORIES
40752201618099,& OTHER STORIES
40752201618102,& OTHER STORIES
40752201618104,& OTHER STORIES
40752201618105,& OTHER STORIES
40752201618106,& OTHER STORIES
40752201618107,& OTHER STORIES
40752201618108,& OTHER STORIES
40752201618109,& OTHER STORIES
40752201618110,& OTHER STORIES
40752201618111,& OTHER STORIES
40752201618112,& OTHER STORIES
40752201618113,& OTHER STORIES
40752201618116,& OTHER STORIES
40752201618117,& OTHER STORIES
40752201618118,& OTHER STORIES
40752201618119,& OTHER STORIES
40752201885427,& OTHER STORIES
40752201885428,& OTHER STORIES
40752201885444,& OTHER STORIES
40752201885445,& OTHER STORIES
40752201885480,& OTHER STORIES
40752201885482,& OTHER STORIES
40752201885656,& OTHER STORIES
40752201885682,& OTHER STORIES
40752201885854,& OTHER STORIES
40752201885855,& OTHER STORIES
40752201885997,& OTHER STORIES
40752201885999,& OTHER STORIES
40752201886093,& OTHER STORIES
40752201886094,& OTHER STORIES
40752201886095,& OTHER STORIES
40752201886096,& OTHER STORIES
40752201886097,& OTHER STORIES
40752201887676,& OTHER STORIES
40752201887677,& OTHER STORIES
40752201887678,& OTHER STORIES
40752201887679,& OTHER STORIES
40752201887680,& OTHER STORIES
40752201887939,& OTHER STORIES
40752201887941,& OTHER STORIES
40752201887943,& OTHER STORIES
40752201887944,& OTHER STORIES
40752201887952,& OTHER STORIES
40752201887953,& OTHER STORIES
40752201887979,& OTHER STORIES
40752201887980,& OTHER STORIES
40752201888693,& OTHER STORIES
40752201889524,& OTHER STORIES
40752201889525,& OTHER STORIES
40752201889526,& OTHER STORIES
40752201889527,& OTHER STORIES
40752201889528,& OTHER STORIES
40752201889529,& OTHER STORIES
40752201889530,& OTHER STORIES
40752201889531,& OTHER STORIES
40752201889532,& OTHER STORIES
40752201889571,& OTHER STORIES
40752201889572,& OTHER STORIES
40752201889573,& OTHER STORIES
40752201889574,& OTHER STORIES
40752201889575,& OTHER STORIES
40752201889576,& OTHER STORIES
40752201889577,& OTHER STORIES
40752201889578,& OTHER STORIES
40752201889622,& OTHER STORIES
40752201892061,& OTHER STORIES
40752201892063,& OTHER STORIES
40752201892065,& OTHER STORIES
40752201892330,& OTHER STORIES
40752201892331,& OTHER STORIES
40752201892332,& OTHER STORIES
40752201892333,& OTHER STORIES
40752201892334,& OTHER STORIES
40752201892335,& OTHER STORIES
40752201892380,& OTHER STORIES
40752201892474,& OTHER STORIES
40752201894567,& OTHER STORIES
40752201894568,& OTHER STORIES
40752201894569,& OTHER STORIES
40752201894570,& OTHER STORIES
40752201894572,& OTHER STORIES
40752201894904,& OTHER STORIES
40752201894905,& OTHER STORIES
40752201894906,& OTHER STORIES
40752201894907,& OTHER STORIES
40752201894908,& OTHER STORIES
40752201894909,& OTHER STORIES
40752201896573,& OTHER STORIES
40752201896574,& OTHER STORIES
40752201896620,& OTHER STORIES
40752201896621,& OTHER STORIES
40752201896622,& OTHER STORIES
40752201896676,& OTHER STORIES
40752201896677,& OTHER STORIES
40752201896702,& OTHER STORIES
40752201896704,& OTHER STORIES
40752201896706,& OTHER STORIES
40752201896762,& OTHER STORIES
40752201896769,& OTHER STORIES
40752201896770,& OTHER STORIES
40752201896929,& OTHER STORIES
40752201896930,& OTHER STORIES
40752201896931,& OTHER STORIES
40752201897002,& OTHER STORIES
40752201897003,& OTHER STORIES
40752201897018,& OTHER STORIES
40752201897019,& OTHER STORIES
40752201897020,& OTHER STORIES
40752201897021,& OTHER STORIES
40752201897022,& OTHER STORIES
40752201897023,& OTHER STORIES
40752201897024,& OTHER STORIES
40752201897191,& OTHER STORIES
40752201897193,& OTHER STORIES
40752201897195,& OTHER STORIES
40752201897441,& OTHER STORIES
40752201897442,& OTHER STORIES
40752201897445,& OTHER STORIES
40752201897446,& OTHER STORIES
40752201897448,& OTHER STORIES
40752201897449,& OTHER STORIES
40752202215530,& OTHER STORIES
40752202215531,& OTHER STORIES
40752202215533,& OTHER STORIES
40752202215534,& OTHER STORIES
40752202215536,& OTHER STORIES
40752202215539,& OTHER STORIES
40752202215540,& OTHER STORIES
40752202215542,& OTHER STORIES
40752202215543,& OTHER STORIES
40752202215546,& OTHER STORIES
40752202215547,& OTHER STORIES
40752202215548,& OTHER STORIES
40752202215550,& OTHER STORIES
40752202215551,& OTHER STORIES
40752202215552,& OTHER STORIES
40752202215556,& OTHER STORIES
40752202215558,& OTHER STORIES
40752202216101,& OTHER STORIES
40752202216102,& OTHER STORIES
40752202216103,& OTHER STORIES
40752202216104,& OTHER STORIES
40752202216105,& OTHER STORIES
40752202216106,& OTHER STORIES
40752202216107,& OTHER STORIES
40752202216108,& OTHER STORIES
40752202216109,& OTHER STORIES
40752202216110,& OTHER STORIES
40752202216111,& OTHER STORIES
40752202216112,& OTHER STORIES
40752202216596,& OTHER STORIES
40752202216616,& OTHER STORIES
40752202216874,& OTHER STORIES
40752202217289,& OTHER STORIES
40752202217290,& OTHER STORIES
40752202218307,& OTHER STORIES
40752202218308,& OTHER STORIES
40752202218309,& OTHER STORIES
40752202220106,& OTHER STORIES
40752202220107,& OTHER STORIES
40752202220108,& OTHER STORIES
40752202220109,& OTHER STORIES
40752202220110,& OTHER STORIES
40752202220111,& OTHER STORIES
40752202227892,& OTHER STORIES
40752202227893,& OTHER STORIES
40752202227894,& OTHER STORIES
40752202228035,& OTHER STORIES
40752202228036,& OTHER STORIES
40752202228037,& OTHER STORIES
40752202228123,& OTHER STORIES
40752202228124,& OTHER STORIES
40752202228125,& OTHER STORIES
40752202228514,& OTHER STORIES
40752202228515,& OTHER STORIES
40752202228530,& OTHER STORIES
40752202228531,& OTHER STORIES
40752202228532,& OTHER STORIES
40752202230510,& OTHER STORIES
40752202230513,& OTHER STORIES
40752202230516,& OTHER STORIES
40752202231181,& OTHER STORIES
40752202231182,& OTHER STORIES
40752202231183,& OTHER STORIES
40752202231184,& OTHER STORIES
40752202231477,& OTHER STORIES
40752202231478,& OTHER STORIES
40752202231479,& OTHER STORIES
40752202231480,& OTHER STORIES
40752202231481,& OTHER STORIES
40752202231482,& OTHER STORIES
40752202231483,& OTHER STORIES
40752202231484,& OTHER STORIES
40752202231485,& OTHER STORIES
40752202231486,& OTHER STORIES
40752202231487,& OTHER STORIES
40752202231560,& OTHER STORIES
40752202231561,& OTHER STORIES
40752202231562,& OTHER STORIES
40752202231563,& OTHER STORIES
40752202231564,& OTHER STORIES
40752202231565,& OTHER STORIES
40752202233011,& OTHER STORIES
40752202233012,& OTHER STORIES
40752202234462,& OTHER STORIES
40752202234463,& OTHER STORIES
40752202234464,& OTHER STORIES
40752202234465,& OTHER STORIES
40752202234466,& OTHER STORIES
40752202234467,& OTHER STORIES
40752202234469,& OTHER STORIES
40752202234470,& OTHER STORIES
40752202234471,& OTHER STORIES
40752202234472,& OTHER STORIES
40752202234473,& OTHER STORIES
40752202234474,& OTHER STORIES
40752202239863,& OTHER STORIES
40752202239864,& OTHER STORIES
40752202239865,& OTHER STORIES
40752202239866,& OTHER STORIES
40752202239867,& OTHER STORIES
40752202241215,& OTHER STORIES
40752202241632,& OTHER STORIES
40752202241633,& OTHER STORIES
40752202241634,& OTHER STORIES
40752202243906,& OTHER STORIES
40752202243907,& OTHER STORIES
40752202243908,& OTHER STORIES
40752202243909,& OTHER STORIES
40752202243910,& OTHER STORIES
40752202244288,& OTHER STORIES
40752202244289,& OTHER STORIES
40752202244290,& OTHER STORIES
40752202244291,& OTHER STORIES
40752202244292,& OTHER STORIES
40752202244293,& OTHER STORIES
40752202254942,& OTHER STORIES
40752202259924,& OTHER STORIES
40752202259957,& OTHER STORIES
40752202260130,& OTHER STORIES
40752202264088,& OTHER STORIES
40752202264089,& OTHER STORIES
40752202264090,& OTHER STORIES
40752202264091,& OTHER STORIES
40752202264092,& OTHER STORIES
40752202264093,& OTHER STORIES
40752202264103,& OTHER STORIES
40752202264104,& OTHER STORIES
40752202264105,& OTHER STORIES
40752202264107,& OTHER STORIES
40752202264108,& OTHER STORIES
40752202264109,& OTHER STORIES
40752201618120,& OTHER STORIES
40752201618122,& OTHER STORIES
40752201618123,& OTHER STORIES
40752201618124,& OTHER STORIES
40752201618125,& OTHER STORIES
40752201618126,& OTHER STORIES
40752201618127,& OTHER STORIES
40752201618128,& OTHER STORIES
40752201618129,& OTHER STORIES
40752201618130,& OTHER STORIES
40752201618131,& OTHER STORIES
40752201618132,& OTHER STORIES
40752201618133,& OTHER STORIES
40752201618134,& OTHER STORIES
40752201618135,& OTHER STORIES
40752201618136,& OTHER STORIES
40752201618139,& OTHER STORIES
40752201618140,& OTHER STORIES
40752201618141,& OTHER STORIES
40752201618142,& OTHER STORIES
40752201618143,& OTHER STORIES
40752201618145,& OTHER STORIES
40752201618147,& OTHER STORIES
40752201618149,& OTHER STORIES
40752201618151,& OTHER STORIES
40752201618153,& OTHER STORIES
40752201618155,& OTHER STORIES
40752201618156,& OTHER STORIES
40752201618315,& OTHER STORIES
40752201618316,& OTHER STORIES
40752201618317,& OTHER STORIES
40752201618991,& OTHER STORIES
40752201618994,& OTHER STORIES
40752201620371,& OTHER STORIES
40752201621430,& OTHER STORIES
40752201621431,& OTHER STORIES
40752201623421,& OTHER STORIES
40752201623422,& OTHER STORIES
40752201623423,& OTHER STORIES
40752201626567,& OTHER STORIES
40752201626568,& OTHER STORIES
40752201628233,& OTHER STORIES
40752201628260,& OTHER STORIES
40752201628293,& OTHER STORIES
40752201637225,& OTHER STORIES
40752201637226,& OTHER STORIES
40752201639206,& OTHER STORIES
40752201640542,& OTHER STORIES
40752201640543,& OTHER STORIES
40752201640544,& OTHER STORIES
40752201640546,& OTHER STORIES
40752201640547,& OTHER STORIES
40752201640548,& OTHER STORIES
40752201640549,& OTHER STORIES
40752201640550,& OTHER STORIES
40752201640551,& OTHER STORIES
40752201640552,& OTHER STORIES
40752201640553,& OTHER STORIES
40752201640555,& OTHER STORIES
40752201640556,& OTHER STORIES
40752201640557,& OTHER STORIES
40752201640558,& OTHER STORIES
40752201640559,& OTHER STORIES
40752201640560,& OTHER STORIES
40752201640561,& OTHER STORIES
40752201640562,& OTHER STORIES
40752201640563,& OTHER STORIES
40752201640564,& OTHER STORIES
40752201640565,& OTHER STORIES
40752201640566,& OTHER STORIES
40752201640567,& OTHER STORIES
40752201640568,& OTHER STORIES
40752201641975,& OTHER STORIES
40752201641976,& OTHER STORIES
40752201642033,& OTHER STORIES
40752201642575,& OTHER STORIES
40752201642808,& OTHER STORIES
40752201643074,& OTHER STORIES
40752201643075,& OTHER STORIES
40752201645265,& OTHER STORIES
40752201645267,& OTHER STORIES
40752201645306,& OTHER STORIES
40752201645307,& OTHER STORIES
40752201650482,& OTHER STORIES
40752201650483,& OTHER STORIES
40752201650497,& OTHER STORIES
40752201650498,& OTHER STORIES
40752201653529,& OTHER STORIES
40752201654096,& OTHER STORIES
40752201654097,& OTHER STORIES
40752201654098,& OTHER STORIES
40752201654102,& OTHER STORIES
40752201654103,& OTHER STORIES
40752201663956,& OTHER STORIES
40752201663957,& OTHER STORIES
40752201663958,& OTHER STORIES
40752201663959,& OTHER STORIES
40752201663960,& OTHER STORIES
40752201663962,& OTHER STORIES
40752201663963,& OTHER STORIES
40752201663964,& OTHER STORIES
40752201663965,& OTHER STORIES
40752201663966,& OTHER STORIES
40752201663967,& OTHER STORIES
40752201663968,& OTHER STORIES
40752201663969,& OTHER STORIES
40752201964705,& OTHER STORIES
40752201964706,& OTHER STORIES
40752201964707,& OTHER STORIES
40752201964708,& OTHER STORIES
40752201964709,& OTHER STORIES
40752201964710,& OTHER STORIES
40752201964891,& OTHER STORIES
40752201964892,& OTHER STORIES
40752201964893,& OTHER STORIES
40752201965578,& OTHER STORIES
40752201965579,& OTHER STORIES
40752201965611,& OTHER STORIES
40752201965612,& OTHER STORIES
40752201966519,& OTHER STORIES
40752201966520,& OTHER STORIES
40752201967278,& OTHER STORIES
40752201970657,& OTHER STORIES
40752201970658,& OTHER STORIES
40752201970659,& OTHER STORIES
40752201970660,& OTHER STORIES
40752201970661,& OTHER STORIES
40752201970662,& OTHER STORIES
40752201970663,& OTHER STORIES
40752201970664,& OTHER STORIES
40752201970665,& OTHER STORIES
40752201970666,& OTHER STORIES
40752201970667,& OTHER STORIES
40752201970668,& OTHER STORIES
40752201970669,& OTHER STORIES
40752201970670,& OTHER STORIES
40752201970671,& OTHER STORIES
40752201970672,& OTHER STORIES
40752201970673,& OTHER STORIES
40752201970674,& OTHER STORIES
40752201970675,& OTHER STORIES
40752201970676,& OTHER STORIES
40752201970677,& OTHER STORIES
40752201970678,& OTHER STORIES
40752201970679,& OTHER STORIES
40752201970680,& OTHER STORIES
40752201970681,& OTHER STORIES
40752201970682,& OTHER STORIES
40752201970683,& OTHER STORIES
40752201970684,& OTHER STORIES
40752201970685,& OTHER STORIES
40752201970686,& OTHER STORIES
40752201970687,& OTHER STORIES
40752201970688,& OTHER STORIES
40752201970690,& OTHER STORIES
40752201970691,& OTHER STORIES
40752201970693,& OTHER STORIES
40752201970694,& OTHER STORIES
40752201970695,& OTHER STORIES
40752201970696,& OTHER STORIES
40752201970697,& OTHER STORIES
40752201970698,& OTHER STORIES
40752201970699,& OTHER STORIES
40752201970700,& OTHER STORIES
40752201970701,& OTHER STORIES
40752201970703,& OTHER STORIES
40752201970705,& OTHER STORIES
40752201970709,& OTHER STORIES
40752201970711,& OTHER STORIES
40752201970713,& OTHER STORIES
40752201970715,& OTHER STORIES
40752201970717,& OTHER STORIES
40752201970720,& OTHER STORIES
40752201970721,& OTHER STORIES
40752201970722,& OTHER STORIES
40752201970723,& OTHER STORIES
40752201970724,& OTHER STORIES
40752201970725,& OTHER STORIES
40752201970726,& OTHER STORIES
40752201970727,& OTHER STORIES
40752201970728,& OTHER STORIES
40752201970729,& OTHER STORIES
40752201970731,& OTHER STORIES
40752201970732,& OTHER STORIES
40752201970733,& OTHER STORIES
40752201970734,& OTHER STORIES
40752201970735,& OTHER STORIES
40752201970736,& OTHER STORIES
40752201970737,& OTHER STORIES
40752201970740,& OTHER STORIES
40752201970741,& OTHER STORIES
40752201970742,& OTHER STORIES
40752201970743,& OTHER STORIES
40752201970744,& OTHER STORIES
40752201970747,& OTHER STORIES
40752201970749,& OTHER STORIES
40752201970750,& OTHER STORIES
40752201970751,& OTHER STORIES
40752201970752,& OTHER STORIES
40752201970753,& OTHER STORIES
40752201970754,& OTHER STORIES
40752201970755,& OTHER STORIES
40752201970756,& OTHER STORIES
40752201970757,& OTHER STORIES
40752201970758,& OTHER STORIES
40752201972791,& OTHER STORIES
40752201972793,& OTHER STORIES
40752201972794,& OTHER STORIES
40752201972795,& OTHER STORIES
40752201972796,& OTHER STORIES
40752201972797,& OTHER STORIES
40752201972798,& OTHER STORIES
40752201972799,& OTHER STORIES
40752201972800,& OTHER STORIES
40752201972801,& OTHER STORIES
40752201972802,& OTHER STORIES
40752201919517,& OTHER STORIES
40752201919518,& OTHER STORIES
40752201919519,& OTHER STORIES
40752201919520,& OTHER STORIES
40752201919521,& OTHER STORIES
40752201919523,& OTHER STORIES
40752201919524,& OTHER STORIES
40752201919525,& OTHER STORIES
40752201919547,& OTHER STORIES
40752201919548,& OTHER STORIES
40752201919549,& OTHER STORIES
40752201919550,& OTHER STORIES
40752201919551,& OTHER STORIES
40752201919552,& OTHER STORIES
40752201919553,& OTHER STORIES
40752201919554,& OTHER STORIES
40752201919555,& OTHER STORIES
40752201919556,& OTHER STORIES
40752201919557,& OTHER STORIES
40752201919558,& OTHER STORIES
40752201919559,& OTHER STORIES
40752201919560,& OTHER STORIES
40752201919561,& OTHER STORIES
40752201919562,& OTHER STORIES
40752201919563,& OTHER STORIES
40752201919564,& OTHER STORIES
40752201919567,& OTHER STORIES
40752201919568,& OTHER STORIES
40752201919569,& OTHER STORIES
40752201919570,& OTHER STORIES
40752201919571,& OTHER STORIES
40752201919572,& OTHER STORIES
40752201919573,& OTHER STORIES
40752201919574,& OTHER STORIES
40752201919575,& OTHER STORIES
40752201919576,& OTHER STORIES
40752201919577,& OTHER STORIES
40752201919578,& OTHER STORIES
40752201919579,& OTHER STORIES
40752201919580,& OTHER STORIES
40752201919581,& OTHER STORIES
40752201919582,& OTHER STORIES
40752201919583,& OTHER STORIES
40752201919584,& OTHER STORIES
40752201919588,& OTHER STORIES
40752201919590,& OTHER STORIES
40752201919592,& OTHER STORIES
40752201919594,& OTHER STORIES
40752201919596,& OTHER STORIES
40752201919598,& OTHER STORIES
40752201919600,& OTHER STORIES
40752201919602,& OTHER STORIES
40752201919604,& OTHER STORIES
40752201919606,& OTHER STORIES
40752201919608,& OTHER STORIES
40752201919610,& OTHER STORIES
40752201919612,& OTHER STORIES
40752201919614,& OTHER STORIES
40752201919616,& OTHER STORIES
40752201920836,& OTHER STORIES
40752201920837,& OTHER STORIES
40752201920838,& OTHER STORIES
40752201921029,& OTHER STORIES
40752201921031,& OTHER STORIES
40752201921033,& OTHER STORIES
40752201924190,& OTHER STORIES
40752201924191,& OTHER STORIES
40752201924192,& OTHER STORIES
40752201924193,& OTHER STORIES
40752201924194,& OTHER STORIES
40752201924195,& OTHER STORIES
40752201924196,& OTHER STORIES
40752201924197,& OTHER STORIES
40752201924198,& OTHER STORIES
40752201924199,& OTHER STORIES
40752201924203,& OTHER STORIES
40752201924204,& OTHER STORIES
40752201924205,& OTHER STORIES
40752201924206,& OTHER STORIES
40752201924207,& OTHER STORIES
40752201924208,& OTHER STORIES
40752201924209,& OTHER STORIES
40752201924210,& OTHER STORIES
40752201924215,& OTHER STORIES
40752201924216,& OTHER STORIES
40752201924217,& OTHER STORIES
40752201924218,& OTHER STORIES
40752201924219,& OTHER STORIES
40752201928351,& OTHER STORIES
40752201928353,& OTHER STORIES
40752201928355,& OTHER STORIES
40752201928357,& OTHER STORIES
40752201928359,& OTHER STORIES
40752201928361,& OTHER STORIES
40752201928363,& OTHER STORIES
40752201928365,& OTHER STORIES
40752201928367,& OTHER STORIES
40752201929570,& OTHER STORIES
40752201929571,& OTHER STORIES
40752201929572,& OTHER STORIES
40752201929936,& OTHER STORIES
40752201929949,& OTHER STORIES
00405213745355,& OTHER STORIES
00405213759715,& OTHER STORIES
00407213763602,& OTHER STORIES
00408213780896,& OTHER STORIES
00410213800099,& OTHER STORIES
00411213803921,& OTHER STORIES
00411213803943,& OTHER STORIES
00412213831754,& OTHER STORIES
00413213840846,& OTHER STORIES
00413213841272,& OTHER STORIES
00417213892559,& OTHER STORIES
00452203660240,& OTHER STORIES
02105213725564,& OTHER STORIES
02105213753533,& OTHER STORIES
02107213780771,& OTHER STORIES
02108213765972,& OTHER STORIES
02108213780796,& OTHER STORIES
02108213780798,& OTHER STORIES
02108213780802,& OTHER STORIES
40752202060853,& OTHER STORIES
40752202060914,& OTHER STORIES
40752202060915,& OTHER STORIES
40752202060916,& OTHER STORIES
40752202060917,& OTHER STORIES
40752202060918,& OTHER STORIES
40752202060919,& OTHER STORIES
40752202060920,& OTHER STORIES
40752202061037,& OTHER STORIES
40752202066751,& OTHER STORIES
40752202066752,& OTHER STORIES
40752202066753,& OTHER STORIES
40752202066754,& OTHER STORIES
40752202066801,& OTHER STORIES
40752202066802,& OTHER STORIES
40752202066804,& OTHER STORIES
40752202066805,& OTHER STORIES
40752202066806,& OTHER STORIES
40752202066807,& OTHER STORIES
40752202066808,& OTHER STORIES
40752202066809,& OTHER STORIES
40752202066810,& OTHER STORIES
40752202066811,& OTHER STORIES
40752202066812,& OTHER STORIES
40752202066813,& OTHER STORIES
40752202066815,& OTHER STORIES
40752202066816,& OTHER STORIES
40752202068135,& OTHER STORIES
40752202068136,& OTHER STORIES
40752202068137,& OTHER STORIES
40752202068196,& OTHER STORIES
40752202068197,& OTHER STORIES
40752202068198,& OTHER STORIES
40752202068472,& OTHER STORIES
40752202068474,& OTHER STORIES
40752202068502,& OTHER STORIES
40752202068503,& OTHER STORIES
40752202069029,& OTHER STORIES
40752202069030,& OTHER STORIES
40752202069031,& OTHER STORIES
40752202070017,& OTHER STORIES
40752202070094,& OTHER STORIES
40752202070096,& OTHER STORIES
40752202070098,& OTHER STORIES
40752202070249,& OTHER STORIES
40752202070250,& OTHER STORIES
40752202070259,& OTHER STORIES
40752202070666,& OTHER STORIES
40752202070736,& OTHER STORIES
40752202070737,& OTHER STORIES
40752202070738,& OTHER STORIES
40752202070739,& OTHER STORIES
40752202070740,& OTHER STORIES
40752202070867,& OTHER STORIES
40752202070868,& OTHER STORIES
40752202070869,& OTHER STORIES
40752202072249,& OTHER STORIES
40752202072250,& OTHER STORIES
40752202072251,& OTHER STORIES
40752202072252,& OTHER STORIES
40752202072253,& OTHER STORIES
40752202072254,& OTHER STORIES
40752202072255,& OTHER STORIES
40752202072278,& OTHER STORIES
40752202072279,& OTHER STORIES
40752202072280,& OTHER STORIES
40752202072281,& OTHER STORIES
40752202072282,& OTHER STORIES
40752202072283,& OTHER STORIES
40752202072284,& OTHER STORIES
40752202072285,& OTHER STORIES
40752202072286,& OTHER STORIES
40752202072287,& OTHER STORIES
40752202072288,& OTHER STORIES
40752202072289,& OTHER STORIES
40752202072290,& OTHER STORIES
40752202072291,& OTHER STORIES
40752202072292,& OTHER STORIES
40752202072293,& OTHER STORIES
40752202072294,& OTHER STORIES
40752202072295,& OTHER STORIES
40752202072589,& OTHER STORIES
40752202072590,& OTHER STORIES
40752202072591,& OTHER STORIES
40752202073255,& OTHER STORIES
40752202073256,& OTHER STORIES
40752202073257,& OTHER STORIES
40752202073258,& OTHER STORIES
40752202073259,& OTHER STORIES
40752202073260,& OTHER STORIES
40752202073261,& OTHER STORIES
40752202073262,& OTHER STORIES
40752202073263,& OTHER STORIES
40752202073892,& OTHER STORIES
40752202074167,& OTHER STORIES
40752202074168,& OTHER STORIES
40752202079237,& OTHER STORIES
40752202079238,& OTHER STORIES
40752202079239,& OTHER STORIES
40752202081459,& OTHER STORIES
40752202081460,& OTHER STORIES
40752202081461,& OTHER STORIES
40752202081462,& OTHER STORIES
40752202081463,& OTHER STORIES
40752202081464,& OTHER STORIES
40752202082225,& OTHER STORIES
40752202082226,& OTHER STORIES
40752202082227,& OTHER STORIES
40752202082978,& OTHER STORIES
40752202082979,& OTHER STORIES
40752202082998,& OTHER STORIES
40752202084834,& OTHER STORIES
40752202084836,& OTHER STORIES
40752201973951,& OTHER STORIES
40752201973952,& OTHER STORIES
40752201973953,& OTHER STORIES
40752201973954,& OTHER STORIES
40752201973955,& OTHER STORIES
40752201973956,& OTHER STORIES
40752201973957,& OTHER STORIES
40752201973958,& OTHER STORIES
40752201973959,& OTHER STORIES
40752201974337,& OTHER STORIES
40752201974338,& OTHER STORIES
40752201974388,& OTHER STORIES
40752201974546,& OTHER STORIES
40752201977862,& OTHER STORIES
40752201977863,& OTHER STORIES
40752201977864,& OTHER STORIES
40752201978393,& OTHER STORIES
40752201978395,& OTHER STORIES
40752201979365,& OTHER STORIES
40752201979366,& OTHER STORIES
40752201979367,& OTHER STORIES
40752201979477,& OTHER STORIES
40752201979478,& OTHER STORIES
40752201979479,& OTHER STORIES
40752201979720,& OTHER STORIES
40752201979721,& OTHER STORIES
40752201979722,& OTHER STORIES
40752201979723,& OTHER STORIES
40752201979724,& OTHER STORIES
40752201979725,& OTHER STORIES
40752201979726,& OTHER STORIES
40752201979727,& OTHER STORIES
40752201981692,& OTHER STORIES
40752201981693,& OTHER STORIES
40752201981924,& OTHER STORIES
40752201981945,& OTHER STORIES
40752201981946,& OTHER STORIES
40752201981947,& OTHER STORIES
40752201982767,& OTHER STORIES
40752201982771,& OTHER STORIES
40752201982773,& OTHER STORIES
40752201982775,& OTHER STORIES
40752201982777,& OTHER STORIES
40752201982783,& OTHER STORIES
40752201982785,& OTHER STORIES
40752201982787,& OTHER STORIES
40752201982789,& OTHER STORIES
40752201982793,& OTHER STORIES
40752201982795,& OTHER STORIES
40752201982797,& OTHER STORIES
40752201982803,& OTHER STORIES
40752201982805,& OTHER STORIES
40752201982807,& OTHER STORIES
40752201982809,& OTHER STORIES
40752201982811,& OTHER STORIES
40752201982815,& OTHER STORIES
40752201982817,& OTHER STORIES
40752201982819,& OTHER STORIES
40752201982821,& OTHER STORIES
40752201982823,& OTHER STORIES
40752201982825,& OTHER STORIES
40752201982827,& OTHER STORIES
40752201982829,& OTHER STORIES
40752201982831,& OTHER STORIES
40752201982835,& OTHER STORIES
40752201982837,& OTHER STORIES
40752201982839,& OTHER STORIES
40752201982841,& OTHER STORIES
40752201982845,& OTHER STORIES
40752201982847,& OTHER STORIES
40752201982849,& OTHER STORIES
40752201982851,& OTHER STORIES
40752201982853,& OTHER STORIES
40752201982859,& OTHER STORIES
40752201984222,& OTHER STORIES
40752201984223,& OTHER STORIES
40752201984803,& OTHER STORIES
40752201986362,& OTHER STORIES
40752201986363,& OTHER STORIES
40752201986364,& OTHER STORIES
40752201986365,& OTHER STORIES
40752201986909,& OTHER STORIES
40752201986913,& OTHER STORIES
40752201986917,& OTHER STORIES
40752201987133,& OTHER STORIES
40752201987134,& OTHER STORIES
40752201987135,& OTHER STORIES
40752201987146,& OTHER STORIES
40752201987147,& OTHER STORIES
40752201987149,& OTHER STORIES
40752201987210,& OTHER STORIES
40752201987211,& OTHER STORIES
40752201987212,& OTHER STORIES
40752201987213,& OTHER STORIES
40752201987215,& OTHER STORIES
40752201987216,& OTHER STORIES
40752201987217,& OTHER STORIES
40752201987218,& OTHER STORIES
40752201987219,& OTHER STORIES
40752201987220,& OTHER STORIES
40752201987222,& OTHER STORIES
40752201987223,& OTHER STORIES
40752201987224,& OTHER STORIES
40752201987225,& OTHER STORIES
40752201987226,& OTHER STORIES
40752201987227,& OTHER STORIES
40752201987228,& OTHER STORIES
40752201987229,& OTHER STORIES
40752201987230,& OTHER STORIES
40752201987231,& OTHER STORIES
40752201987232,& OTHER STORIES
40752201987233,& OTHER STORIES
40752201987353,& OTHER STORIES
40752201987354,& OTHER STORIES
40752201987355,& OTHER STORIES
40752201987356,& OTHER STORIES
40752201987357,& OTHER STORIES
40752201987358,& OTHER STORIES
40752201987359,& OTHER STORIES
40752201987362,& OTHER STORIES
40752201987363,& OTHER STORIES
40752201987364,& OTHER STORIES
40752201987365,& OTHER STORIES
40752201987366,& OTHER STORIES
40752201987367,& OTHER STORIES
40752201987369,& OTHER STORIES
40752201987370,& OTHER STORIES
40752201987371,& OTHER STORIES
40752201987372,& OTHER STORIES
40752201987373,& OTHER STORIES
40752201987374,& OTHER STORIES
40752201988805,& OTHER STORIES
40752201988806,& OTHER STORIES
40752201988863,& OTHER STORIES
40752201988864,& OTHER STORIES
40752201988865,& OTHER STORIES
40752201897451,& OTHER STORIES
40752201897452,& OTHER STORIES
40752201897453,& OTHER STORIES
40752201897454,& OTHER STORIES
40752201897455,& OTHER STORIES
40752201897457,& OTHER STORIES
40752201897458,& OTHER STORIES
40752201897507,& OTHER STORIES
40752201897508,& OTHER STORIES
40752201897509,& OTHER STORIES
40752201897510,& OTHER STORIES
40752201897511,& OTHER STORIES
40752201897512,& OTHER STORIES
40752201897513,& OTHER STORIES
40752201897514,& OTHER STORIES
40752201897515,& OTHER STORIES
40752201897516,& OTHER STORIES
40752201897517,& OTHER STORIES
40752201897518,& OTHER STORIES
40752201897519,& OTHER STORIES
40752201897520,& OTHER STORIES
40752201897653,& OTHER STORIES
40752201897654,& OTHER STORIES
40752201897655,& OTHER STORIES
40752201897867,& OTHER STORIES
40752201897868,& OTHER STORIES
40752201899494,& OTHER STORIES
40752201899495,& OTHER STORIES
40752201901041,& OTHER STORIES
40752201901042,& OTHER STORIES
40752201901045,& OTHER STORIES
40752201902111,& OTHER STORIES
40752201902112,& OTHER STORIES
40752201902114,& OTHER STORIES
40752201902115,& OTHER STORIES
40752201902116,& OTHER STORIES
40752201902253,& OTHER STORIES
40752201902254,& OTHER STORIES
40752201902257,& OTHER STORIES
40752201906076,& OTHER STORIES
40752201906077,& OTHER STORIES
40752201906078,& OTHER STORIES
40752201906079,& OTHER STORIES
40752201906080,& OTHER STORIES
40752201906081,& OTHER STORIES
40752201906082,& OTHER STORIES
40752201906083,& OTHER STORIES
40752201906084,& OTHER STORIES
40752201906494,& OTHER STORIES
40752201906495,& OTHER STORIES
40752201906522,& OTHER STORIES
40752201906523,& OTHER STORIES
40752201906524,& OTHER STORIES
40752201906525,& OTHER STORIES
40752201906526,& OTHER STORIES
40752201906527,& OTHER STORIES
40752201907644,& OTHER STORIES
40752201910917,& OTHER STORIES
40752201910918,& OTHER STORIES
40752201910919,& OTHER STORIES
40752201911071,& OTHER STORIES
40752201911072,& OTHER STORIES
40752201911073,& OTHER STORIES
40752201913303,& OTHER STORIES
40752201913304,& OTHER STORIES
40752201913305,& OTHER STORIES
40752201913306,& OTHER STORIES
40752201913402,& OTHER STORIES
40752201915268,& OTHER STORIES
40752201915269,& OTHER STORIES
40752201915270,& OTHER STORIES
40752201915271,& OTHER STORIES
40752201915272,& OTHER STORIES
40752201915273,& OTHER STORIES
40752201915491,& OTHER STORIES
40752201915492,& OTHER STORIES
40752201915493,& OTHER STORIES
40752201915494,& OTHER STORIES
40752201915495,& OTHER STORIES
40752201915496,& OTHER STORIES
40752201915539,& OTHER STORIES
40752201915540,& OTHER STORIES
40752201915541,& OTHER STORIES
40752201917499,& OTHER STORIES
40752201917500,& OTHER STORIES
40752201917501,& OTHER STORIES
40752201917502,& OTHER STORIES
40752201917503,& OTHER STORIES
40752201917504,& OTHER STORIES
40752201917505,& OTHER STORIES
40752201917506,& OTHER STORIES
40752201917507,& OTHER STORIES
40752201917508,& OTHER STORIES
40752201917509,& OTHER STORIES
40752201917510,& OTHER STORIES
40752201917511,& OTHER STORIES
40752201917514,& OTHER STORIES
40752201917515,& OTHER STORIES
40752201917520,& OTHER STORIES
40752201917521,& OTHER STORIES
40752201917522,& OTHER STORIES
40752201918124,& OTHER STORIES
40752202394020,& OTHER STORIES
40752202394021,& OTHER STORIES
40752202394022,& OTHER STORIES
40752202394023,& OTHER STORIES
40752202394024,& OTHER STORIES
40752202394025,& OTHER STORIES
40752202394026,& OTHER STORIES
40752202394027,& OTHER STORIES
40752202394028,& OTHER STORIES
40752202394029,& OTHER STORIES
40752202394291,& OTHER STORIES
40752202394292,& OTHER STORIES
40752202394421,& OTHER STORIES
40752202394422,& OTHER STORIES
40752202394423,& OTHER STORIES
40752202394673,& OTHER STORIES
40752202394674,& OTHER STORIES
40752202395481,& OTHER STORIES
40752202395485,& OTHER STORIES
40752202395639,& OTHER STORIES
40752202395640,& OTHER STORIES
40752202395641,& OTHER STORIES
40752202395642,& OTHER STORIES
40752202402034,& OTHER STORIES
40752202402035,& OTHER STORIES
40752202402145,& OTHER STORIES
40752202402212,& OTHER STORIES
40752202403186,& OTHER STORIES
40752202403187,& OTHER STORIES
40752202403188,& OTHER STORIES
40752202403190,& OTHER STORIES
40752202403191,& OTHER STORIES
40752202403192,& OTHER STORIES
40752202403193,& OTHER STORIES
40752202403194,& OTHER STORIES
40752202403195,& OTHER STORIES
40752202403196,& OTHER STORIES
40752202403197,& OTHER STORIES
40752202403198,& OTHER STORIES
40752202404140,& OTHER STORIES
40752202404142,& OTHER STORIES
40752202404946,& OTHER STORIES
40752202404947,& OTHER STORIES
40752202404948,& OTHER STORIES
40752202404949,& OTHER STORIES
40752202404950,& OTHER STORIES
40752202404951,& OTHER STORIES
40752202404952,& OTHER STORIES
40752202404953,& OTHER STORIES
40752202404954,& OTHER STORIES
40752202404960,& OTHER STORIES
40752202404961,& OTHER STORIES
40752202404962,& OTHER STORIES
40752202404963,& OTHER STORIES
40752202404964,& OTHER STORIES
40752202404965,& OTHER STORIES
40752202404968,& OTHER STORIES
40752202404969,& OTHER STORIES
40752202404970,& OTHER STORIES
40752202404971,& OTHER STORIES
40752202404972,& OTHER STORIES
40752202404973,& OTHER STORIES
40752202404974,& OTHER STORIES
40752202404975,& OTHER STORIES
40752202404976,& OTHER STORIES
40752202404977,& OTHER STORIES
40752202404978,& OTHER STORIES
40752202404979,& OTHER STORIES
40752202404980,& OTHER STORIES
40752202404981,& OTHER STORIES
40752202404982,& OTHER STORIES
40752202404983,& OTHER STORIES
40752202404984,& OTHER STORIES
40752202404992,& OTHER STORIES
40752202404993,& OTHER STORIES
40752202404994,& OTHER STORIES
40752202404995,& OTHER STORIES
40752202404996,& OTHER STORIES
40752202404997,& OTHER STORIES
40752202404998,& OTHER STORIES
40752202404999,& OTHER STORIES
40752202405000,& OTHER STORIES
40752202405001,& OTHER STORIES
40752202405906,& OTHER STORIES
40752202405907,& OTHER STORIES
40752202405908,& OTHER STORIES
40752202405909,& OTHER STORIES
40752202405910,& OTHER STORIES
40752202405911,& OTHER STORIES
40752202405912,& OTHER STORIES
40752202405913,& OTHER STORIES
40752202405914,& OTHER STORIES
40752202405915,& OTHER STORIES
40752202406462,& OTHER STORIES
40752202406463,& OTHER STORIES
40752202406538,& OTHER STORIES
40752202406552,& OTHER STORIES
40752202406976,& OTHER STORIES
40752202406978,& OTHER STORIES
40752202406979,& OTHER STORIES
40752202406988,& OTHER STORIES
40752202406989,& OTHER STORIES
40752202406992,& OTHER STORIES
40752202406997,& OTHER STORIES
40752201930026,& OTHER STORIES
40752201930318,& OTHER STORIES
40752201930320,& OTHER STORIES
40752201930322,& OTHER STORIES
40752201930324,& OTHER STORIES
40752201930326,& OTHER STORIES
40752201930328,& OTHER STORIES
40752201930330,& OTHER STORIES
40752201930331,& OTHER STORIES
40752201930350,& OTHER STORIES
40752201930351,& OTHER STORIES
40752201930356,& OTHER STORIES
40752201930357,& OTHER STORIES
40752201930432,& OTHER STORIES
40752201930433,& OTHER STORIES
40752201930434,& OTHER STORIES
40752201930435,& OTHER STORIES
40752201930436,& OTHER STORIES
40752201930437,& OTHER STORIES
40752201930438,& OTHER STORIES
40752201930439,& OTHER STORIES
40752201930440,& OTHER STORIES
40752201937833,& OTHER STORIES
40752201937834,& OTHER STORIES
40752201937835,& OTHER STORIES
40752201937836,& OTHER STORIES
40752201937837,& OTHER STORIES
40752201937838,& OTHER STORIES
40752201937840,& OTHER STORIES
40752201937841,& OTHER STORIES
40752201937844,& OTHER STORIES
40752201937845,& OTHER STORIES
40752201937846,& OTHER STORIES
40752201937847,& OTHER STORIES
40752201937848,& OTHER STORIES
40752201937849,& OTHER STORIES
40752201937851,& OTHER STORIES
40752201937853,& OTHER STORIES
40752201937855,& OTHER STORIES
40752201937865,& OTHER STORIES
40752201937866,& OTHER STORIES
40752201937867,& OTHER STORIES
40752201937868,& OTHER STORIES
40752201937869,& OTHER STORIES
40752201937870,& OTHER STORIES
40752201937871,& OTHER STORIES
40752201937872,& OTHER STORIES
40752201938092,& OTHER STORIES
40752201938093,& OTHER STORIES
40752201938094,& OTHER STORIES
40752201938095,& OTHER STORIES
40752201938096,& OTHER STORIES
40752201938097,& OTHER STORIES
40752201938098,& OTHER STORIES
40752201938099,& OTHER STORIES
40752201939462,& OTHER STORIES
40752201939463,& OTHER STORIES
40752201939464,& OTHER STORIES
40752201939465,& OTHER STORIES
40752201939467,& OTHER STORIES
40752201939468,& OTHER STORIES
40752201939469,& OTHER STORIES
40752201939470,& OTHER STORIES
40752201939471,& OTHER STORIES
40752201939472,& OTHER STORIES
40752201939473,& OTHER STORIES
40752201939474,& OTHER STORIES
40752201939475,& OTHER STORIES
40752201939476,& OTHER STORIES
40752201939479,& OTHER STORIES
40752201939480,& OTHER STORIES
40752201939705,& OTHER STORIES
40752201939706,& OTHER STORIES
40752201939707,& OTHER STORIES
40752201939712,& OTHER STORIES
40752201939713,& OTHER STORIES
40752201939714,& OTHER STORIES
40752201943898,& OTHER STORIES
40752201944028,& OTHER STORIES
40752201944766,& OTHER STORIES
40752201944983,& OTHER STORIES
40752201944984,& OTHER STORIES
40752201944985,& OTHER STORIES
40752201945004,& OTHER STORIES
40752201945007,& OTHER STORIES
40752201945010,& OTHER STORIES
40752201945013,& OTHER STORIES
40752201945016,& OTHER STORIES
40752201945019,& OTHER STORIES
40752201945296,& OTHER STORIES
40752201945297,& OTHER STORIES
40752201945298,& OTHER STORIES
40752201945305,& OTHER STORIES
40752201945306,& OTHER STORIES
40752201945307,& OTHER STORIES
40752201945314,& OTHER STORIES
40752201945315,& OTHER STORIES
40752201945316,& OTHER STORIES
40752201945317,& OTHER STORIES
40752201945318,& OTHER STORIES
40752201945319,& OTHER STORIES
40752201947113,& OTHER STORIES
40752201947114,& OTHER STORIES
40752201947115,& OTHER STORIES
40752201947116,& OTHER STORIES
40752201947117,& OTHER STORIES
40752201947118,& OTHER STORIES
40752201947128,& OTHER STORIES
40752201947129,& OTHER STORIES
40752201947130,& OTHER STORIES
40752201949772,& OTHER STORIES
40752201949774,& OTHER STORIES
40752201949776,& OTHER STORIES
40752202026647,& OTHER STORIES
40752202026648,& OTHER STORIES
40752202026649,& OTHER STORIES
40752202026650,& OTHER STORIES
40752202026651,& OTHER STORIES
40752202026652,& OTHER STORIES
40752202026671,& OTHER STORIES
40752202026672,& OTHER STORIES
40752202026673,& OTHER STORIES
40752202026822,& OTHER STORIES
40752202026823,& OTHER STORIES
40752202026824,& OTHER STORIES
40752202026825,& OTHER STORIES
40752202026826,& OTHER STORIES
40752202026827,& OTHER STORIES
40752202027815,& OTHER STORIES
40752202031519,& OTHER STORIES
40752202031520,& OTHER STORIES
40752202031523,& OTHER STORIES
40752202031525,& OTHER STORIES
40752202031526,& OTHER STORIES
40752202031528,& OTHER STORIES
40752202031530,& OTHER STORIES
40752202031532,& OTHER STORIES
40752202031543,& OTHER STORIES
40752202031544,& OTHER STORIES
40752202031545,& OTHER STORIES
40752202031546,& OTHER STORIES
40752202031547,& OTHER STORIES
40752202031548,& OTHER STORIES
40752202031549,& OTHER STORIES
40752202031550,& OTHER STORIES
40752202031551,& OTHER STORIES
40752202031552,& OTHER STORIES
40752202031553,& OTHER STORIES
40752202031554,& OTHER STORIES
40752202031555,& OTHER STORIES
40752202031556,& OTHER STORIES
40752202031557,& OTHER STORIES
40752202031560,& OTHER STORIES
40752202031561,& OTHER STORIES
40752202031562,& OTHER STORIES
40752202035594,& OTHER STORIES
40752202035596,& OTHER STORIES
40752202035598,& OTHER STORIES
40752202035648,& OTHER STORIES
40752202035649,& OTHER STORIES
40752202035650,& OTHER STORIES
40752202035651,& OTHER STORIES
40752202035652,& OTHER STORIES
40752202035653,& OTHER STORIES
40752202035654,& OTHER STORIES
40752202035655,& OTHER STORIES
40752202035656,& OTHER STORIES
40752202035657,& OTHER STORIES
40752202035658,& OTHER STORIES
40752202035659,& OTHER STORIES
40752202035660,& OTHER STORIES
40752202035661,& OTHER STORIES
40752202035662,& OTHER STORIES
40752202035663,& OTHER STORIES
40752202035664,& OTHER STORIES
40752202035665,& OTHER STORIES
40752202035666,& OTHER STORIES
40752202035667,& OTHER STORIES
40752202035668,& OTHER STORIES
40752202035669,& OTHER STORIES
40752202038519,& OTHER STORIES
40752202038520,& OTHER STORIES
40752202038521,& OTHER STORIES
40752202038522,& OTHER STORIES
40752202038523,& OTHER STORIES
40752202040863,& OTHER STORIES
40752202040864,& OTHER STORIES
40752202040865,& OTHER STORIES
40752202042232,& OTHER STORIES
40752202042235,& OTHER STORIES
40752202042789,& OTHER STORIES
40752202042790,& OTHER STORIES
40752202042791,& OTHER STORIES
40752202042792,& OTHER STORIES
40752202042793,& OTHER STORIES
40752202042794,& OTHER STORIES
40752202042795,& OTHER STORIES
40752202042796,& OTHER STORIES
40752202042797,& OTHER STORIES
40752202042798,& OTHER STORIES
40752202042799,& OTHER STORIES
40752202043793,& OTHER STORIES
40752202043795,& OTHER STORIES
40752202043797,& OTHER STORIES
40752202043809,& OTHER STORIES
40752202043812,& OTHER STORIES
40752202043814,& OTHER STORIES
40752202043994,& OTHER STORIES
40752202043995,& OTHER STORIES
40752202043996,& OTHER STORIES
40752202043997,& OTHER STORIES
40752202043998,& OTHER STORIES
40752202044019,& OTHER STORIES
40752202044024,& OTHER STORIES
40752202046606,& OTHER STORIES
40752202046608,& OTHER STORIES
40752202046610,& OTHER STORIES
40752202046611,& OTHER STORIES
40752202049719,& OTHER STORIES
40752202050333,& OTHER STORIES
40752202051298,& OTHER STORIES
40752202051299,& OTHER STORIES
40752202051300,& OTHER STORIES
40752202051310,& OTHER STORIES
40752202051318,& OTHER STORIES
40752202051326,& OTHER STORIES
40752202051327,& OTHER STORIES
40752202051883,& OTHER STORIES
40752202051884,& OTHER STORIES
40752202051886,& OTHER STORIES
40752202051887,& OTHER STORIES
40752202051888,& OTHER STORIES
40752202051889,& OTHER STORIES
40752202051890,& OTHER STORIES
40752202051891,& OTHER STORIES
40752202051892,& OTHER STORIES
40752202051894,& OTHER STORIES
40752202051896,& OTHER STORIES
40752202051898,& OTHER STORIES
40752202051901,& OTHER STORIES
40752202051903,& OTHER STORIES
40752202051905,& OTHER STORIES
40752202051907,& OTHER STORIES
40752202051909,& OTHER STORIES
40752202051913,& OTHER STORIES
40752202051915,& OTHER STORIES
40752202051917,& OTHER STORIES
40752202051919,& OTHER STORIES
40752202051922,& OTHER STORIES
40752202051924,& OTHER STORIES
40752202051926,& OTHER STORIES
40752202051929,& OTHER STORIES
40752202051932,& OTHER STORIES
40752202051934,& OTHER STORIES
40752202051936,& OTHER STORIES
40752202051938,& OTHER STORIES
40752202051940,& OTHER STORIES
40752202051942,& OTHER STORIES
40752202051944,& OTHER STORIES
40752202051946,& OTHER STORIES
40752202051948,& OTHER STORIES
40752202051952,& OTHER STORIES
40752202051954,& OTHER STORIES
40752202051960,& OTHER STORIES
40752202051963,& OTHER STORIES
40752202051965,& OTHER STORIES
40752202051967,& OTHER STORIES
40752202051969,& OTHER STORIES
40752202051971,& OTHER STORIES
40752202051973,& OTHER STORIES
40752202051975,& OTHER STORIES
40752202051978,& OTHER STORIES
40752202051980,& OTHER STORIES
40752202051982,& OTHER STORIES
40752202051984,& OTHER STORIES
40752202051986,& OTHER STORIES
40752202051989,& OTHER STORIES
40752202051990,& OTHER STORIES
40752202051991,& OTHER STORIES
40752202051992,& OTHER STORIES
40752202051993,& OTHER STORIES
40752202051996,& OTHER STORIES
40752202051997,& OTHER STORIES
40752202051998,& OTHER STORIES
40752202051999,& OTHER STORIES
40752202291323,& OTHER STORIES
40752202291324,& OTHER STORIES
40752202291325,& OTHER STORIES
40752202291326,& OTHER STORIES
40752202292196,& OTHER STORIES
40752202292197,& OTHER STORIES
40752202292211,& OTHER STORIES
40752202292212,& OTHER STORIES
40752202292213,& OTHER STORIES
40752202292214,& OTHER STORIES
40752202293917,& OTHER STORIES
40752202293919,& OTHER STORIES
40752202293921,& OTHER STORIES
40752202293938,& OTHER STORIES
40752202293939,& OTHER STORIES
40752202293940,& OTHER STORIES
40752202293942,& OTHER STORIES
40752202293943,& OTHER STORIES
40752202293944,& OTHER STORIES
40752202293945,& OTHER STORIES
40752202293946,& OTHER STORIES
40752202293947,& OTHER STORIES
40752202293981,& OTHER STORIES
40752202293982,& OTHER STORIES
40752202293986,& OTHER STORIES
40752202293987,& OTHER STORIES
40752202293988,& OTHER STORIES
40752202293989,& OTHER STORIES
40752202294101,& OTHER STORIES
40752202294103,& OTHER STORIES
40752202294252,& OTHER STORIES
40752202294254,& OTHER STORIES
40752202294269,& OTHER STORIES
40752202294270,& OTHER STORIES
40752202294271,& OTHER STORIES
40752202294272,& OTHER STORIES
40752202294273,& OTHER STORIES
40752202294284,& OTHER STORIES
40752202294285,& OTHER STORIES
40752202295808,& OTHER STORIES
40752202295810,& OTHER STORIES
40752202295812,& OTHER STORIES
40752202295814,& OTHER STORIES
40752202295816,& OTHER STORIES
40752202295818,& OTHER STORIES
40752202295898,& OTHER STORIES
40752202295899,& OTHER STORIES
40752202295909,& OTHER STORIES
40752202295911,& OTHER STORIES
40752202295913,& OTHER STORIES
40752202295933,& OTHER STORIES
40752202295934,& OTHER STORIES
40752202296767,& OTHER STORIES
40752202296768,& OTHER STORIES
40752202296769,& OTHER STORIES
40752202296898,& OTHER STORIES
40752202296899,& OTHER STORIES
40752202296900,& OTHER STORIES
40752202296901,& OTHER STORIES
40752202296914,& OTHER STORIES
40752202296915,& OTHER STORIES
40752202298586,& OTHER STORIES
40752202298588,& OTHER STORIES
40752202298598,& OTHER STORIES
40752202298599,& OTHER STORIES
40752202298601,& OTHER STORIES
40752202298603,& OTHER STORIES
40752202298681,& OTHER STORIES
40752202298682,& OTHER STORIES
40752202298683,& OTHER STORIES
40752202298684,& OTHER STORIES
40752202298693,& OTHER STORIES
40752202298694,& OTHER STORIES
40752202299326,& OTHER STORIES
40752202299327,& OTHER STORIES
40752202299328,& OTHER STORIES
40752202299624,& OTHER STORIES
40752202299625,& OTHER STORIES
40752202299626,& OTHER STORIES
40752202299627,& OTHER STORIES
40752202299628,& OTHER STORIES
40752202299629,& OTHER STORIES
40752202300040,& OTHER STORIES
40752202300042,& OTHER STORIES
40752202300044,& OTHER STORIES
40752202300045,& OTHER STORIES
40752202300048,& OTHER STORIES
40752202300051,& OTHER STORIES
40752202300054,& OTHER STORIES
40752202300057,& OTHER STORIES
40752202300059,& OTHER STORIES
40752202300060,& OTHER STORIES
40752202300063,& OTHER STORIES
40752202300416,& OTHER STORIES
40752202300438,& OTHER STORIES
40752202300492,& OTHER STORIES
40752202301133,& OTHER STORIES
40752202301134,& OTHER STORIES
40752202301135,& OTHER STORIES
40752202301686,& OTHER STORIES
40752202301687,& OTHER STORIES
40752202301691,& OTHER STORIES
40752202301692,& OTHER STORIES
40752202301693,& OTHER STORIES
40752202301694,& OTHER STORIES
40752202301695,& OTHER STORIES
40752202301696,& OTHER STORIES
40752202301726,& OTHER STORIES
40752202301728,& OTHER STORIES
40752202301777,& OTHER STORIES
40752202301778,& OTHER STORIES
40752202301791,& OTHER STORIES
40752202301792,& OTHER STORIES
40752202301809,& OTHER STORIES
40752202301810,& OTHER STORIES
40752202301962,& OTHER STORIES
40752202301963,& OTHER STORIES
40752202301964,& OTHER STORIES
40752202301965,& OTHER STORIES
40752202301966,& OTHER STORIES
40752202301967,& OTHER STORIES
40752202301968,& OTHER STORIES
40752202301969,& OTHER STORIES
40752202301970,& OTHER STORIES
40752202301971,& OTHER STORIES
40752202301972,& OTHER STORIES
40752202301973,& OTHER STORIES
40752202301974,& OTHER STORIES
40752202301975,& OTHER STORIES
40752202301976,& OTHER STORIES
40752202302204,& OTHER STORIES
40752202302205,& OTHER STORIES
40752202302206,& OTHER STORIES
40752202302207,& OTHER STORIES
40752202302208,& OTHER STORIES
40752202302209,& OTHER STORIES
40752202302210,& OTHER STORIES
40752202302211,& OTHER STORIES
40752202302212,& OTHER STORIES
40752202302213,& OTHER STORIES
40752202302214,& OTHER STORIES
40752202302215,& OTHER STORIES
40752202302216,& OTHER STORIES
40752202302217,& OTHER STORIES
40752202302218,& OTHER STORIES
40752202302219,& OTHER STORIES
40752202302220,& OTHER STORIES
40752202302221,& OTHER STORIES
40752202302222,& OTHER STORIES
40752202302223,& OTHER STORIES
40752202302224,& OTHER STORIES
40752202302235,& OTHER STORIES
40752202302236,& OTHER STORIES
40752202302249,& OTHER STORIES
40752202302250,& OTHER STORIES
40752202302375,& OTHER STORIES
40752202302376,& OTHER STORIES
40752202302392,& OTHER STORIES
40752202302393,& OTHER STORIES
40752202302394,& OTHER STORIES
40752202302396,& OTHER STORIES
40752202302397,& OTHER STORIES
40752202302483,& OTHER STORIES
40752201990122,& OTHER STORIES
40752201990123,& OTHER STORIES
40752201990603,& OTHER STORIES
40752201991414,& OTHER STORIES
40752201991415,& OTHER STORIES
40752201991416,& OTHER STORIES
40752201991417,& OTHER STORIES
40752201991418,& OTHER STORIES
40752201995158,& OTHER STORIES
40752201995160,& OTHER STORIES
40752201995375,& OTHER STORIES
40752201995377,& OTHER STORIES
40752201995379,& OTHER STORIES
40752201995381,& OTHER STORIES
40752201995383,& OTHER STORIES
40752201995385,& OTHER STORIES
40752201995387,& OTHER STORIES
40752201995388,& OTHER STORIES
40752201995389,& OTHER STORIES
40752201995390,& OTHER STORIES
40752201995391,& OTHER STORIES
40752201995392,& OTHER STORIES
40752201995393,& OTHER STORIES
40752201995394,& OTHER STORIES
40752201995395,& OTHER STORIES
40752201995396,& OTHER STORIES
40752201995397,& OTHER STORIES
40752201995398,& OTHER STORIES
40752201995401,& OTHER STORIES
40752201995402,& OTHER STORIES
40752201995403,& OTHER STORIES
40752201995404,& OTHER STORIES
40752201995405,& OTHER STORIES
40752201995406,& OTHER STORIES
40752201995407,& OTHER STORIES
40752201995408,& OTHER STORIES
40752201995409,& OTHER STORIES
40752201995410,& OTHER STORIES
40752201995411,& OTHER STORIES
40752201995412,& OTHER STORIES
40752201995413,& OTHER STORIES
40752201995414,& OTHER STORIES
40752201995415,& OTHER STORIES
40752201995416,& OTHER STORIES
40752201995417,& OTHER STORIES
40752201995418,& OTHER STORIES
40752201995419,& OTHER STORIES
40752201995420,& OTHER STORIES
40752201995421,& OTHER STORIES
40752201995422,& OTHER STORIES
40752201996352,& OTHER STORIES
40752201996353,& OTHER STORIES
40752201996354,& OTHER STORIES
40752201996355,& OTHER STORIES
40752201996356,& OTHER STORIES
40752201996357,& OTHER STORIES
40752201996358,& OTHER STORIES
40752201996359,& OTHER STORIES
40752201996360,& OTHER STORIES
40752201996361,& OTHER STORIES
40752201996362,& OTHER STORIES
40752201996363,& OTHER STORIES
40752201996364,& OTHER STORIES
40752201996365,& OTHER STORIES
40752201996366,& OTHER STORIES
40752201996367,& OTHER STORIES
40752201996368,& OTHER STORIES
40752201996369,& OTHER STORIES
40752201996370,& OTHER STORIES
40752201996372,& OTHER STORIES
40752201996373,& OTHER STORIES
40752201996374,& OTHER STORIES
40752201996375,& OTHER STORIES
40752201996376,& OTHER STORIES
40752201996377,& OTHER STORIES
40752201996378,& OTHER STORIES
40752201996379,& OTHER STORIES
40752201996380,& OTHER STORIES
40752201996381,& OTHER STORIES
40752201996382,& OTHER STORIES
40752201996383,& OTHER STORIES
40752201996384,& OTHER STORIES
40752201996385,& OTHER STORIES
40752201996386,& OTHER STORIES
40752201996387,& OTHER STORIES
40752201996389,& OTHER STORIES
40752201996390,& OTHER STORIES
40752201996391,& OTHER STORIES
40752201996392,& OTHER STORIES
40752201996393,& OTHER STORIES
40752201996394,& OTHER STORIES
40752201996395,& OTHER STORIES
40752201996396,& OTHER STORIES
40752201996397,& OTHER STORIES
40752201996398,& OTHER STORIES
40752201996399,& OTHER STORIES
40752201996400,& OTHER STORIES
40752201996401,& OTHER STORIES
40752201996402,& OTHER STORIES
40752201996403,& OTHER STORIES
40752201996404,& OTHER STORIES
40752201996405,& OTHER STORIES
40752201996406,& OTHER STORIES
40752201996407,& OTHER STORIES
40752201996408,& OTHER STORIES
40752201996409,& OTHER STORIES
40752201999313,& OTHER STORIES
40752201999314,& OTHER STORIES
40752202052000,& OTHER STORIES
40752202052001,& OTHER STORIES
40752202052004,& OTHER STORIES
40752202052005,& OTHER STORIES
40752202052006,& OTHER STORIES
40752202052008,& OTHER STORIES
40752202052009,& OTHER STORIES
40752202052010,& OTHER STORIES
40752202052011,& OTHER STORIES
40752202052012,& OTHER STORIES
40752202052013,& OTHER STORIES
40752202052014,& OTHER STORIES
40752202052016,& OTHER STORIES
40752202052017,& OTHER STORIES
40752202052018,& OTHER STORIES
40752202052019,& OTHER STORIES
40752202052021,& OTHER STORIES
40752202052022,& OTHER STORIES
40752202052023,& OTHER STORIES
40752202052024,& OTHER STORIES
40752202052025,& OTHER STORIES
40752202052026,& OTHER STORIES
40752202052027,& OTHER STORIES
40752202052028,& OTHER STORIES
40752202052029,& OTHER STORIES
40752202052030,& OTHER STORIES
40752202052031,& OTHER STORIES
40752202052032,& OTHER STORIES
40752202052033,& OTHER STORIES
40752202052034,& OTHER STORIES
40752202052036,& OTHER STORIES
40752202052037,& OTHER STORIES
40752202052038,& OTHER STORIES
40752202052039,& OTHER STORIES
40752202052040,& OTHER STORIES
40752202052041,& OTHER STORIES
40752202052042,& OTHER STORIES
40752202052043,& OTHER STORIES
40752202052044,& OTHER STORIES
40752202052045,& OTHER STORIES
40752202052047,& OTHER STORIES
40752202052048,& OTHER STORIES
40752202052049,& OTHER STORIES
40752202052050,& OTHER STORIES
40752202052051,& OTHER STORIES
40752202052052,& OTHER STORIES
40752202052053,& OTHER STORIES
40752202052054,& OTHER STORIES
40752202052055,& OTHER STORIES
40752202052056,& OTHER STORIES
40752202052058,& OTHER STORIES
40752202052059,& OTHER STORIES
40752202052060,& OTHER STORIES
40752202052061,& OTHER STORIES
40752202052062,& OTHER STORIES
40752202052063,& OTHER STORIES
40752202052064,& OTHER STORIES
40752202052065,& OTHER STORIES
40752202052066,& OTHER STORIES
40752202052067,& OTHER STORIES
40752202052068,& OTHER STORIES
40752202052069,& OTHER STORIES
40752202052070,& OTHER STORIES
40752202052071,& OTHER STORIES
40752202052072,& OTHER STORIES
40752202052073,& OTHER STORIES
40752202052074,& OTHER STORIES
40752202052075,& OTHER STORIES
40752202052076,& OTHER STORIES
40752202052077,& OTHER STORIES
40752202052078,& OTHER STORIES
40752202052079,& OTHER STORIES
40752202052080,& OTHER STORIES
40752202052081,& OTHER STORIES
40752202052082,& OTHER STORIES
40752202052083,& OTHER STORIES
40752202052084,& OTHER STORIES
40752202052085,& OTHER STORIES
40752202052086,& OTHER STORIES
40752202052089,& OTHER STORIES
40752202052090,& OTHER STORIES
40752202052091,& OTHER STORIES
40752202052092,& OTHER STORIES
40752202052094,& OTHER STORIES
40752202052097,& OTHER STORIES
40752202052099,& OTHER STORIES
40752202052103,& OTHER STORIES
40752202052107,& OTHER STORIES
40752202052109,& OTHER STORIES
40752202052111,& OTHER STORIES
40752202052113,& OTHER STORIES
40752202052115,& OTHER STORIES
40752202052117,& OTHER STORIES
40752202052119,& OTHER STORIES
40752202052121,& OTHER STORIES
40752202052123,& OTHER STORIES
40752202052125,& OTHER STORIES
40752202052127,& OTHER STORIES
40752202052133,& OTHER STORIES
40752202052135,& OTHER STORIES
40752202052163,& OTHER STORIES
40752202052164,& OTHER STORIES
40752202118428,& OTHER STORIES
40752202118429,& OTHER STORIES
40752202118443,& OTHER STORIES
40752202118444,& OTHER STORIES
40752202118447,& OTHER STORIES
40752202118457,& OTHER STORIES
40752202118458,& OTHER STORIES
40752202118459,& OTHER STORIES
40752202118478,& OTHER STORIES
40752202118480,& OTHER STORIES
40752202118482,& OTHER STORIES
40752202118560,& OTHER STORIES
40752202118561,& OTHER STORIES
40752202118562,& OTHER STORIES
40752202118563,& OTHER STORIES
40752202118564,& OTHER STORIES
40752202118565,& OTHER STORIES
40752202119196,& OTHER STORIES
40752202119197,& OTHER STORIES
40752202119198,& OTHER STORIES
40752202119199,& OTHER STORIES
40752202119200,& OTHER STORIES
40752202119202,& OTHER STORIES
40752202119204,& OTHER STORIES
40752202119206,& OTHER STORIES
40752202119368,& OTHER STORIES
40752202119377,& OTHER STORIES
40752202121389,& OTHER STORIES
40752202121390,& OTHER STORIES
40752202121596,& OTHER STORIES
40752202121597,& OTHER STORIES
40752202121598,& OTHER STORIES
40752202121599,& OTHER STORIES
40752202121600,& OTHER STORIES
40752202121601,& OTHER STORIES
40752202121602,& OTHER STORIES
40752202121603,& OTHER STORIES
40752202122747,& OTHER STORIES
40752202122748,& OTHER STORIES
40752202122749,& OTHER STORIES
40752202122750,& OTHER STORIES
40752202122751,& OTHER STORIES
40752202123060,& OTHER STORIES
40752202123063,& OTHER STORIES
40752202123065,& OTHER STORIES
40752202123066,& OTHER STORIES
40752202123068,& OTHER STORIES
40752202123070,& OTHER STORIES
40752202123073,& OTHER STORIES
40752202123074,& OTHER STORIES
40752202123076,& OTHER STORIES
40752202123078,& OTHER STORIES
40752202123288,& OTHER STORIES
40752202123290,& OTHER STORIES
40752202123292,& OTHER STORIES
40752202123294,& OTHER STORIES
40752202123296,& OTHER STORIES
40752202123298,& OTHER STORIES
40752202124046,& OTHER STORIES
40752202124047,& OTHER STORIES
40752202126464,& OTHER STORIES
40752202126465,& OTHER STORIES
40752202126466,& OTHER STORIES
40752202126467,& OTHER STORIES
40752202126468,& OTHER STORIES
40752202126469,& OTHER STORIES
40752202126470,& OTHER STORIES
40752202126471,& OTHER STORIES
40752202130340,& OTHER STORIES
40752202130455,& OTHER STORIES
40752202130600,& OTHER STORIES
40752202130601,& OTHER STORIES
40752202130602,& OTHER STORIES
40752202130603,& OTHER STORIES
40752202130604,& OTHER STORIES
40752202130605,& OTHER STORIES
40752202130606,& OTHER STORIES
40752202130607,& OTHER STORIES
40752202130608,& OTHER STORIES
40752202130609,& OTHER STORIES
40752202130631,& OTHER STORIES
40752202130632,& OTHER STORIES
40752202130633,& OTHER STORIES
40752202130636,& OTHER STORIES
40752202130663,& OTHER STORIES
40752202130680,& OTHER STORIES
40752202130727,& OTHER STORIES
40752202130812,& OTHER STORIES
40752202130833,& OTHER STORIES
40752202130835,& OTHER STORIES
40752202131028,& OTHER STORIES
40752202131249,& OTHER STORIES
40752202131252,& OTHER STORIES
40752202131265,& OTHER STORIES
40752202131266,& OTHER STORIES
40752202131279,& OTHER STORIES
40752202131290,& OTHER STORIES
40752202131307,& OTHER STORIES
40752202131893,& OTHER STORIES
40752202131897,& OTHER STORIES
40752202131899,& OTHER STORIES
40752202131900,& OTHER STORIES
40752202131904,& OTHER STORIES
40752202132036,& OTHER STORIES
40752202132848,& OTHER STORIES
40752202132850,& OTHER STORIES
40752202132946,& OTHER STORIES
40752202132947,& OTHER STORIES
02110213840308,& OTHER STORIES
02111213803971,& OTHER STORIES
02111213803973,& OTHER STORIES
02111213803975,& OTHER STORIES
02111213803978,& OTHER STORIES
02111213840579,& OTHER STORIES
02112213831494,& OTHER STORIES
02112213880111,& OTHER STORIES
02112213884963,& OTHER STORIES
02113213840973,& OTHER STORIES
02114213857150,& OTHER STORIES
02114213904473,& OTHER STORIES
02114213913560,& OTHER STORIES
02116213885187,& OTHER STORIES
02116213885191,& OTHER STORIES
02118213892969,& OTHER STORIES
02148203580599,& OTHER STORIES
02148203580605,& OTHER STORIES
02150203622768,& OTHER STORIES
02150203622796,& OTHER STORIES
02152203650701,& OTHER STORIES
02152203660980,& OTHER STORIES
18152200075543,& OTHER STORIES
18152200075544,& OTHER STORIES
18152200075545,& OTHER STORIES
18152200075549,& OTHER STORIES
18152200075550,& OTHER STORIES
18152200075551,& OTHER STORIES
18152200075552,& OTHER STORIES
18152200075553,& OTHER STORIES
18152200075554,& OTHER STORIES
18152200109520,& OTHER STORIES
18152200109522,& OTHER STORIES
18152200109523,& OTHER STORIES
18152200121164,& OTHER STORIES
18152200121165,& OTHER STORIES
18152200121166,& OTHER STORIES
18152200121703,& OTHER STORIES
18152200121704,& OTHER STORIES
18152200121705,& OTHER STORIES
18152200130748,& OTHER STORIES
18152200130749,& OTHER STORIES
18152200130750,& OTHER STORIES
18152200130757,& OTHER STORIES
18152200130758,& OTHER STORIES
18152200130759,& OTHER STORIES
18152200130760,& OTHER STORIES
18152200130761,& OTHER STORIES
18152200130762,& OTHER STORIES
18152200130799,& OTHER STORIES
18152200130800,& OTHER STORIES
18152200130801,& OTHER STORIES
18152200132389,& OTHER STORIES
18152200132390,& OTHER STORIES
18152200132391,& OTHER STORIES
18152200132404,& OTHER STORIES
18152200132405,& OTHER STORIES
18152200132406,& OTHER STORIES
18152200132407,& OTHER STORIES
18152200132408,& OTHER STORIES
18152200132409,& OTHER STORIES
18152200132413,& OTHER STORIES
18152200132414,& OTHER STORIES
18152200132415,& OTHER STORIES
18152200147595,& OTHER STORIES
18152200147596,& OTHER STORIES
18152200147597,& OTHER STORIES
18152200147607,& OTHER STORIES
18152200147690,& OTHER STORIES
18152200147691,& OTHER STORIES
18152200147692,& OTHER STORIES
18152200149642,& OTHER STORIES
18152200149643,& OTHER STORIES
18152200149644,& OTHER STORIES
18152200159171,& OTHER STORIES
18152200159172,& OTHER STORIES
18152200160230,& OTHER STORIES
18152200160231,& OTHER STORIES
18152200160232,& OTHER STORIES
18152200175428,& OTHER STORIES
18152200175429,& OTHER STORIES
18152200175430,& OTHER STORIES
18152200175437,& OTHER STORIES
18152200175438,& OTHER STORIES
18152200175439,& OTHER STORIES
18152200176054,& OTHER STORIES
18152200176055,& OTHER STORIES
18152200176056,& OTHER STORIES
18152200176057,& OTHER STORIES
18152200176058,& OTHER STORIES
18152200176059,& OTHER STORIES
18152200190930,& OTHER STORIES
18152200190931,& OTHER STORIES
18152200190932,& OTHER STORIES
18152200190936,& OTHER STORIES
18152200206068,& OTHER STORIES
18152200206069,& OTHER STORIES
18152200206070,& OTHER STORIES
18152200231156,& OTHER STORIES
18152200231157,& OTHER STORIES
18152200231158,& OTHER STORIES
18152200253702,& OTHER STORIES
18152200253703,& OTHER STORIES
18152200253704,& OTHER STORIES
40752202006165,& OTHER STORIES
40752202006166,& OTHER STORIES
40752202006167,& OTHER STORIES
40752202006168,& OTHER STORIES
40752202006169,& OTHER STORIES
40752202006170,& OTHER STORIES
40752202006171,& OTHER STORIES
40752202006172,& OTHER STORIES
40752202006173,& OTHER STORIES
40752202006175,& OTHER STORIES
40752202006176,& OTHER STORIES
40752202006177,& OTHER STORIES
40752202006178,& OTHER STORIES
40752202006179,& OTHER STORIES
40752202006180,& OTHER STORIES
40752202006181,& OTHER STORIES
40752202006183,& OTHER STORIES
40752202006184,& OTHER STORIES
40752202006208,& OTHER STORIES
40752202006210,& OTHER STORIES
40752202006264,& OTHER STORIES
40752202006266,& OTHER STORIES
40752202009755,& OTHER STORIES
40752202009757,& OTHER STORIES
40752202009759,& OTHER STORIES
40752202009761,& OTHER STORIES
40752202009763,& OTHER STORIES
40752202009767,& OTHER STORIES
40752202009769,& OTHER STORIES
40752202009771,& OTHER STORIES
40752202009773,& OTHER STORIES
40752202009775,& OTHER STORIES
40752202009777,& OTHER STORIES
40752202009781,& OTHER STORIES
40752202009784,& OTHER STORIES
40752202009786,& OTHER STORIES
40752202009787,& OTHER STORIES
40752202009789,& OTHER STORIES
40752202009790,& OTHER STORIES
40752202009791,& OTHER STORIES
40752202009792,& OTHER STORIES
40752202009793,& OTHER STORIES
40752202009795,& OTHER STORIES
40752202009796,& OTHER STORIES
40752202009797,& OTHER STORIES
40752202009798,& OTHER STORIES
40752202009799,& OTHER STORIES
40752202009800,& OTHER STORIES
40752202009801,& OTHER STORIES
40752202009802,& OTHER STORIES
40752202009803,& OTHER STORIES
40752202009805,& OTHER STORIES
40752202009806,& OTHER STORIES
40752202009807,& OTHER STORIES
40752202009808,& OTHER STORIES
40752202009809,& OTHER STORIES
40752202009810,& OTHER STORIES
40752202009811,& OTHER STORIES
40752202009814,& OTHER STORIES
40752202009815,& OTHER STORIES
40752202009816,& OTHER STORIES
40752202009847,& OTHER STORIES
40752202009848,& OTHER STORIES
40752202009849,& OTHER STORIES
40752202010557,& OTHER STORIES
40752202010558,& OTHER STORIES
40752202010559,& OTHER STORIES
40752202010560,& OTHER STORIES
40752202010561,& OTHER STORIES
40752202010562,& OTHER STORIES
40752202010563,& OTHER STORIES
40752202010564,& OTHER STORIES
40752202010565,& OTHER STORIES
40752202010566,& OTHER STORIES
40752202010567,& OTHER STORIES
40752202010568,& OTHER STORIES
40752202010569,& OTHER STORIES
40752202010570,& OTHER STORIES
40752202010571,& OTHER STORIES
40752202010572,& OTHER STORIES
40752202010573,& OTHER STORIES
40752202010575,& OTHER STORIES
40752202010576,& OTHER STORIES
40752202010577,& OTHER STORIES
40752202010579,& OTHER STORIES
40752202010580,& OTHER STORIES
40752202010829,& OTHER STORIES
40752202010831,& OTHER STORIES
40752202010833,& OTHER STORIES
40752202010835,& OTHER STORIES
40752202010836,& OTHER STORIES
40752202012006,& OTHER STORIES
40752202013570,& OTHER STORIES
40752202013571,& OTHER STORIES
40752202013848,& OTHER STORIES
40752202013905,& OTHER STORIES
40752202013906,& OTHER STORIES
40752202013907,& OTHER STORIES
40752202013909,& OTHER STORIES
40752202013930,& OTHER STORIES
40752202016554,& OTHER STORIES
40752202016918,& OTHER STORIES
40752202016935,& OTHER STORIES
40752202016975,& OTHER STORIES
40752202020642,& OTHER STORIES
40752202021714,& OTHER STORIES
40752202021715,& OTHER STORIES
40752202021716,& OTHER STORIES
40752202021717,& OTHER STORIES
40752202021718,& OTHER STORIES
40752202021719,& OTHER STORIES
40752202021790,& OTHER STORIES
40752202021791,& OTHER STORIES
40752202021792,& OTHER STORIES
40752202021939,& OTHER STORIES
40752202021940,& OTHER STORIES
40752202022097,& OTHER STORIES
40752202022098,& OTHER STORIES
40752202023023,& OTHER STORIES
40752202023294,& OTHER STORIES
40752202023295,& OTHER STORIES
40752202023296,& OTHER STORIES
40752202023300,& OTHER STORIES
40752202023302,& OTHER STORIES
40752202023304,& OTHER STORIES
40752202023306,& OTHER STORIES
40752202023308,& OTHER STORIES
40752202023310,& OTHER STORIES
40752202023312,& OTHER STORIES
40752202023314,& OTHER STORIES
40752202023316,& OTHER STORIES
40752202023318,& OTHER STORIES
40752202023321,& OTHER STORIES
40752202023322,& OTHER STORIES
40752202023323,& OTHER STORIES
40752202023324,& OTHER STORIES
40752202023325,& OTHER STORIES
40752202023326,& OTHER STORIES
40752202023327,& OTHER STORIES
40752202023331,& OTHER STORIES
40752202023332,& OTHER STORIES
40752202023335,& OTHER STORIES
40752202023336,& OTHER STORIES
40752202024283,& OTHER STORIES
40752202024284,& OTHER STORIES
40752202024285,& OTHER STORIES
40752202024288,& OTHER STORIES
40752202024289,& OTHER STORIES
40752202024452,& OTHER STORIES
40752202024453,& OTHER STORIES
40752202024454,& OTHER STORIES
40752202024594,& OTHER STORIES
40752202024595,& OTHER STORIES
40752202024596,& OTHER STORIES
40752202025305,& OTHER STORIES
40752202025306,& OTHER STORIES
40752202025307,& OTHER STORIES
40752202025308,& OTHER STORIES
40752202025310,& OTHER STORIES
40752202025311,& OTHER STORIES
40752202161800,& OTHER STORIES
40752202161801,& OTHER STORIES
40752202161802,& OTHER STORIES
40752202161803,& OTHER STORIES
40752202161804,& OTHER STORIES
40752202161805,& OTHER STORIES
40752202161806,& OTHER STORIES
40752202161807,& OTHER STORIES
40752202161808,& OTHER STORIES
40752202161809,& OTHER STORIES
40752202161811,& OTHER STORIES
40752202161812,& OTHER STORIES
40752202161815,& OTHER STORIES
40752202161816,& OTHER STORIES
40752202161817,& OTHER STORIES
40752202161821,& OTHER STORIES
40752202161822,& OTHER STORIES
40752202161823,& OTHER STORIES
40752202161824,& OTHER STORIES
40752202161825,& OTHER STORIES
40752202161826,& OTHER STORIES
40752202161827,& OTHER STORIES
40752202161828,& OTHER STORIES
40752202161829,& OTHER STORIES
40752202161830,& OTHER STORIES
40752202161831,& OTHER STORIES
40752202161833,& OTHER STORIES
40752202161834,& OTHER STORIES
40752202161835,& OTHER STORIES
40752202163173,& OTHER STORIES
40752202163174,& OTHER STORIES
40752202163175,& OTHER STORIES
40752202163176,& OTHER STORIES
40752202163181,& OTHER STORIES
40752202163182,& OTHER STORIES
40752202163183,& OTHER STORIES
40752202163184,& OTHER STORIES
40752202163185,& OTHER STORIES
40752202163186,& OTHER STORIES
40752202165127,& OTHER STORIES
40752202165154,& OTHER STORIES
40752202168674,& OTHER STORIES
40752202168675,& OTHER STORIES
40752202168676,& OTHER STORIES
40752202168678,& OTHER STORIES
40752202168679,& OTHER STORIES
40752202168680,& OTHER STORIES
40752202171326,& OTHER STORIES
40752202171327,& OTHER STORIES
40752202171503,& OTHER STORIES
40752202171505,& OTHER STORIES
40752202171507,& OTHER STORIES
40752202171509,& OTHER STORIES
40752202171513,& OTHER STORIES
40752202171515,& OTHER STORIES
40752202171517,& OTHER STORIES
40752202171519,& OTHER STORIES
40752202171521,& OTHER STORIES
40752202171523,& OTHER STORIES
40752202171525,& OTHER STORIES
40752202171527,& OTHER STORIES
40752202171529,& OTHER STORIES
40752202171531,& OTHER STORIES
40752202171533,& OTHER STORIES
40752202171535,& OTHER STORIES
40752202171537,& OTHER STORIES
40752202171539,& OTHER STORIES
40752202171541,& OTHER STORIES
40752202171543,& OTHER STORIES
40752202171550,& OTHER STORIES
40752202171551,& OTHER STORIES
40752202171552,& OTHER STORIES
40752202171553,& OTHER STORIES
40752202171554,& OTHER STORIES
40752202171555,& OTHER STORIES
40752202171556,& OTHER STORIES
40752202171557,& OTHER STORIES
40752202171558,& OTHER STORIES
40752202171559,& OTHER STORIES
40752202171560,& OTHER STORIES
40752202171562,& OTHER STORIES
40752202171563,& OTHER STORIES
40752202172102,& OTHER STORIES
40752202172103,& OTHER STORIES
40752202172105,& OTHER STORIES
40752202172107,& OTHER STORIES
40752202172108,& OTHER STORIES
40752202172111,& OTHER STORIES
40752202172112,& OTHER STORIES
40752202172113,& OTHER STORIES
40752202172114,& OTHER STORIES
40752202172115,& OTHER STORIES
40752202172116,& OTHER STORIES
40752202172117,& OTHER STORIES
40752202172118,& OTHER STORIES
40752202172119,& OTHER STORIES
40752202172120,& OTHER STORIES
40752202172121,& OTHER STORIES
40752202173541,& OTHER STORIES
40752202173778,& OTHER STORIES
40752202174729,& OTHER STORIES
40752202174731,& OTHER STORIES
40752202174733,& OTHER STORIES
40752202176724,& OTHER STORIES
40752202176725,& OTHER STORIES
40752202178823,& OTHER STORIES
40752202178824,& OTHER STORIES
40752202179193,& OTHER STORIES
40752202179194,& OTHER STORIES
40752202357351,& OTHER STORIES
40752202357352,& OTHER STORIES
40752202357462,& OTHER STORIES
40752202357463,& OTHER STORIES
40752202357464,& OTHER STORIES
40752202357465,& OTHER STORIES
40752202357466,& OTHER STORIES
40752202357467,& OTHER STORIES
40752202357468,& OTHER STORIES
40752202357469,& OTHER STORIES
40752202357475,& OTHER STORIES
40752202357476,& OTHER STORIES
40752202357477,& OTHER STORIES
40752202357478,& OTHER STORIES
40752202357479,& OTHER STORIES
40752202357480,& OTHER STORIES
40752202357481,& OTHER STORIES
40752202357482,& OTHER STORIES
40752202357483,& OTHER STORIES
40752202357484,& OTHER STORIES
40752202357485,& OTHER STORIES
40752202357486,& OTHER STORIES
40752202357487,& OTHER STORIES
40752202357488,& OTHER STORIES
40752202357489,& OTHER STORIES
40752202357490,& OTHER STORIES
40752202357491,& OTHER STORIES
40752202357492,& OTHER STORIES
40752202357493,& OTHER STORIES
40752202357505,& OTHER STORIES
40752202357506,& OTHER STORIES
40752202357507,& OTHER STORIES
40752202357508,& OTHER STORIES
40752202361294,& OTHER STORIES
40752202361296,& OTHER STORIES
40752202361348,& OTHER STORIES
40752202361349,& OTHER STORIES
40752202361352,& OTHER STORIES
40752202361353,& OTHER STORIES
40752202361354,& OTHER STORIES
40752202361441,& OTHER STORIES
40752202361442,& OTHER STORIES
40752202361443,& OTHER STORIES
40752202361470,& OTHER STORIES
40752202361471,& OTHER STORIES
40752202361472,& OTHER STORIES
40752202363211,& OTHER STORIES
40752202363213,& OTHER STORIES
40752202364124,& OTHER STORIES
40752202365335,& OTHER STORIES
40752202365337,& OTHER STORIES
40752202365338,& OTHER STORIES
40752202365396,& OTHER STORIES
40752202365397,& OTHER STORIES
40752202365398,& OTHER STORIES
40752202365399,& OTHER STORIES
40752202365400,& OTHER STORIES
40752202365401,& OTHER STORIES
40752202365408,& OTHER STORIES
40752202365409,& OTHER STORIES
40752202365410,& OTHER STORIES
40752202365446,& OTHER STORIES
40752202365448,& OTHER STORIES
40752202365620,& OTHER STORIES
40752202367138,& OTHER STORIES
40752202367140,& OTHER STORIES
40752202367142,& OTHER STORIES
40752202367225,& OTHER STORIES
40752202367226,& OTHER STORIES
40752202367242,& OTHER STORIES
40752202367243,& OTHER STORIES
40752202367244,& OTHER STORIES
40752202367254,& OTHER STORIES
40752202367255,& OTHER STORIES
40752202367256,& OTHER STORIES
40752202367257,& OTHER STORIES
40752202367268,& OTHER STORIES
40752202367269,& OTHER STORIES
40752202367417,& OTHER STORIES
40752202367418,& OTHER STORIES
40752202367419,& OTHER STORIES
40752202367420,& OTHER STORIES
40752202367421,& OTHER STORIES
40752202367422,& OTHER STORIES
40752202367423,& OTHER STORIES
40752202367424,& OTHER STORIES
40752202367425,& OTHER STORIES
40752202367426,& OTHER STORIES
40752202367427,& OTHER STORIES
40752202367428,& OTHER STORIES
40752202367429,& OTHER STORIES
40752202367430,& OTHER STORIES
40752202367845,& OTHER STORIES
40752202367846,& OTHER STORIES
40752202367847,& OTHER STORIES
40752202369452,& OTHER STORIES
40752202369483,& OTHER STORIES
40752202371984,& OTHER STORIES
40752202373450,& OTHER STORIES
40752202373451,& OTHER STORIES
40752202373661,& OTHER STORIES
40752202373662,& OTHER STORIES
40752202373693,& OTHER STORIES
40752202373695,& OTHER STORIES
40752202373696,& OTHER STORIES
40752202373697,& OTHER STORIES
40752202373700,& OTHER STORIES
40752202373701,& OTHER STORIES
40752202374505,& OTHER STORIES
40752202374506,& OTHER STORIES
40752202374507,& OTHER STORIES
40752202374750,& OTHER STORIES
40752202374751,& OTHER STORIES
40752202374752,& OTHER STORIES
40752202374952,& OTHER STORIES
40752202374953,& OTHER STORIES
40752202374960,& OTHER STORIES
40752202374961,& OTHER STORIES
40752202374962,& OTHER STORIES
40752202374963,& OTHER STORIES
40752202374964,& OTHER STORIES
40752202374965,& OTHER STORIES
40752202375066,& OTHER STORIES
40752202375067,& OTHER STORIES
40752202375068,& OTHER STORIES
40752202375069,& OTHER STORIES
40752202375176,& OTHER STORIES
40752202375177,& OTHER STORIES
40752202375178,& OTHER STORIES
40752202375179,& OTHER STORIES
40752202375180,& OTHER STORIES
40752202375181,& OTHER STORIES
40752202375209,& OTHER STORIES
40752202375211,& OTHER STORIES
40752202375212,& OTHER STORIES
40752202375228,& OTHER STORIES
40752202375229,& OTHER STORIES
40752202375230,& OTHER STORIES
40752202375241,& OTHER STORIES
40752202375247,& OTHER STORIES
40752202375248,& OTHER STORIES
40752202375249,& OTHER STORIES
40752202375296,& OTHER STORIES
40752202375297,& OTHER STORIES
40752202375299,& OTHER STORIES
40752202375300,& OTHER STORIES
40752202375301,& OTHER STORIES
40752202375302,& OTHER STORIES
40752202375303,& OTHER STORIES
40752202375304,& OTHER STORIES
40752202375305,& OTHER STORIES
40752202375306,& OTHER STORIES
40752202375307,& OTHER STORIES
40752202375308,& OTHER STORIES
40752202375799,& OTHER STORIES
40752202375800,& OTHER STORIES
40752202375801,& OTHER STORIES
40752202375802,& OTHER STORIES
40752202375803,& OTHER STORIES
40752202375804,& OTHER STORIES
40752202375805,& OTHER STORIES
40752202375806,& OTHER STORIES
40752202375813,& OTHER STORIES
40752202375814,& OTHER STORIES
40752202375819,& OTHER STORIES
40752202375820,& OTHER STORIES
40752202377023,& OTHER STORIES
40752202377024,& OTHER STORIES
40752202377058,& OTHER STORIES
40752202377060,& OTHER STORIES
40752202377062,& OTHER STORIES
40752202377064,& OTHER STORIES
40752202377066,& OTHER STORIES
40752202377068,& OTHER STORIES
40752202377070,& OTHER STORIES
40752202377072,& OTHER STORIES
40752202377073,& OTHER STORIES
40752202377076,& OTHER STORIES
40752202377077,& OTHER STORIES
40752202377079,& OTHER STORIES
40752202085424,& OTHER STORIES
40752202085425,& OTHER STORIES
40752202085426,& OTHER STORIES
40752202085427,& OTHER STORIES
40752202085428,& OTHER STORIES
40752202085429,& OTHER STORIES
40752202085430,& OTHER STORIES
40752202085431,& OTHER STORIES
40752202089889,& OTHER STORIES
40752202089890,& OTHER STORIES
40752202089891,& OTHER STORIES
40752202089897,& OTHER STORIES
40752202090240,& OTHER STORIES
40752202090242,& OTHER STORIES
40752202091507,& OTHER STORIES
40752202091508,& OTHER STORIES
40752202092804,& OTHER STORIES
40752202092981,& OTHER STORIES
40752202092982,& OTHER STORIES
40752202093345,& OTHER STORIES
40752202093349,& OTHER STORIES
40752202094754,& OTHER STORIES
40752202094769,& OTHER STORIES
40752202094794,& OTHER STORIES
40752202099431,& OTHER STORIES
40752202099432,& OTHER STORIES
40752202099433,& OTHER STORIES
40752202099434,& OTHER STORIES
40752202099435,& OTHER STORIES
40752202099436,& OTHER STORIES
40752202099439,& OTHER STORIES
40752202099440,& OTHER STORIES
40752202099441,& OTHER STORIES
40752202099442,& OTHER STORIES
40752202100210,& OTHER STORIES
40752202101246,& OTHER STORIES
40752202101247,& OTHER STORIES
40752202101248,& OTHER STORIES
40752202103062,& OTHER STORIES
40752202103064,& OTHER STORIES
40752202106457,& OTHER STORIES
40752202106458,& OTHER STORIES
40752202106459,& OTHER STORIES
40752202106460,& OTHER STORIES
40752202106461,& OTHER STORIES
40752202106462,& OTHER STORIES
40752202106463,& OTHER STORIES
40752202106464,& OTHER STORIES
40752202109713,& OTHER STORIES
40752202109714,& OTHER STORIES
40752202109715,& OTHER STORIES
40752202109716,& OTHER STORIES
40752202109717,& OTHER STORIES
40752202109721,& OTHER STORIES
40752202109722,& OTHER STORIES
40752202110124,& OTHER STORIES
40752202110126,& OTHER STORIES
40752202110128,& OTHER STORIES
40752202110130,& OTHER STORIES
40752202110132,& OTHER STORIES
40752202110134,& OTHER STORIES
40752202110136,& OTHER STORIES
40752202110138,& OTHER STORIES
40752202110140,& OTHER STORIES
40752202110142,& OTHER STORIES
40752202110144,& OTHER STORIES
40752202110146,& OTHER STORIES
40752202110148,& OTHER STORIES
40752202110149,& OTHER STORIES
40752202110230,& OTHER STORIES
40752202110231,& OTHER STORIES
40752202110232,& OTHER STORIES
40752202110233,& OTHER STORIES
40752202110234,& OTHER STORIES
40752202110235,& OTHER STORIES
40752202110236,& OTHER STORIES
40752202110237,& OTHER STORIES
40752202110238,& OTHER STORIES
40752202110239,& OTHER STORIES
40752202112243,& OTHER STORIES
40752202113824,& OTHER STORIES
40752202113825,& OTHER STORIES
40752202113826,& OTHER STORIES
40752202113827,& OTHER STORIES
40752202113828,& OTHER STORIES
40752202113829,& OTHER STORIES
40752202113870,& OTHER STORIES
40752202113871,& OTHER STORIES
40752202113872,& OTHER STORIES
40752202113873,& OTHER STORIES
40752202113874,& OTHER STORIES
40752202113875,& OTHER STORIES
40752202116386,& OTHER STORIES
40752202116388,& OTHER STORIES
40752202116390,& OTHER STORIES
40752202116511,& OTHER STORIES
40752202116512,& OTHER STORIES
40752202116513,& OTHER STORIES
40752202116775,& OTHER STORIES
40752202116776,& OTHER STORIES
40752202117304,& OTHER STORIES
40752202117305,& OTHER STORIES
40752202117306,& OTHER STORIES
40752202117307,& OTHER STORIES
40752202117308,& OTHER STORIES
40752202117309,& OTHER STORIES
40752202117310,& OTHER STORIES
40752202117311,& OTHER STORIES
40752202117312,& OTHER STORIES
40752202117315,& OTHER STORIES
40752202117317,& OTHER STORIES
40752202117325,& OTHER STORIES
40752202117326,& OTHER STORIES
40752202117327,& OTHER STORIES
40752202117328,& OTHER STORIES
40752202117329,& OTHER STORIES
40752202117330,& OTHER STORIES
40752202117331,& OTHER STORIES
40752202117332,& OTHER STORIES
40752202117334,& OTHER STORIES
40752202117335,& OTHER STORIES
40752202117336,& OTHER STORIES
40752202117337,& OTHER STORIES
40752202117339,& OTHER STORIES
40752202117765,& OTHER STORIES
40752202117766,& OTHER STORIES
40752202117767,& OTHER STORIES
40752202118304,& OTHER STORIES
40752202118306,& OTHER STORIES
40752202118308,& OTHER STORIES
40752202118310,& OTHER STORIES
40752202118312,& OTHER STORIES
40752202118314,& OTHER STORIES
40752202118316,& OTHER STORIES
40752202118318,& OTHER STORIES
40752202118320,& OTHER STORIES
40752202118322,& OTHER STORIES
40752202052171,& OTHER STORIES
40752202052172,& OTHER STORIES
40752202052173,& OTHER STORIES
40752202052174,& OTHER STORIES
40752202052175,& OTHER STORIES
40752202052176,& OTHER STORIES
40752202052177,& OTHER STORIES
40752202052178,& OTHER STORIES
40752202052179,& OTHER STORIES
40752202052180,& OTHER STORIES
40752202052181,& OTHER STORIES
40752202052182,& OTHER STORIES
40752202052183,& OTHER STORIES
40752202052184,& OTHER STORIES
40752202052185,& OTHER STORIES
40752202052186,& OTHER STORIES
40752202052187,& OTHER STORIES
40752202052188,& OTHER STORIES
40752202052189,& OTHER STORIES
40752202052190,& OTHER STORIES
40752202052191,& OTHER STORIES
40752202052192,& OTHER STORIES
40752202052193,& OTHER STORIES
40752202052194,& OTHER STORIES
40752202052195,& OTHER STORIES
40752202052196,& OTHER STORIES
40752202052197,& OTHER STORIES
40752202052198,& OTHER STORIES
40752202052199,& OTHER STORIES
40752202052200,& OTHER STORIES
40752202052201,& OTHER STORIES
40752202052202,& OTHER STORIES
40752202052203,& OTHER STORIES
40752202052204,& OTHER STORIES
40752202052205,& OTHER STORIES
40752202052206,& OTHER STORIES
40752202052207,& OTHER STORIES
40752202052210,& OTHER STORIES
40752202052211,& OTHER STORIES
40752202052212,& OTHER STORIES
40752202052213,& OTHER STORIES
40752202052214,& OTHER STORIES
40752202052215,& OTHER STORIES
40752202052216,& OTHER STORIES
40752202052217,& OTHER STORIES
40752202052218,& OTHER STORIES
40752202052219,& OTHER STORIES
40752202052682,& OTHER STORIES
40752202052683,& OTHER STORIES
40752202052685,& OTHER STORIES
40752202052687,& OTHER STORIES
40752202052688,& OTHER STORIES
40752202052689,& OTHER STORIES
40752202052691,& OTHER STORIES
40752202052692,& OTHER STORIES
40752202052693,& OTHER STORIES
40752202052694,& OTHER STORIES
40752202052695,& OTHER STORIES
40752202052696,& OTHER STORIES
40752202052697,& OTHER STORIES
40752202052698,& OTHER STORIES
40752202052699,& OTHER STORIES
40752202052700,& OTHER STORIES
40752202052701,& OTHER STORIES
40752202052702,& OTHER STORIES
40752202052703,& OTHER STORIES
40752202052704,& OTHER STORIES
40752202052705,& OTHER STORIES
40752202052706,& OTHER STORIES
40752202052708,& OTHER STORIES
40752202052710,& OTHER STORIES
40752202052714,& OTHER STORIES
40752202052716,& OTHER STORIES
40752202052718,& OTHER STORIES
40752202052720,& OTHER STORIES
40752202052722,& OTHER STORIES
40752202052724,& OTHER STORIES
40752202052726,& OTHER STORIES
40752202052732,& OTHER STORIES
40752202052734,& OTHER STORIES
40752202052738,& OTHER STORIES
40752202052740,& OTHER STORIES
40752202052742,& OTHER STORIES
40752202052744,& OTHER STORIES
40752202052746,& OTHER STORIES
40752202052748,& OTHER STORIES
40752202052750,& OTHER STORIES
40752202052752,& OTHER STORIES
40752202052756,& OTHER STORIES
40752202052758,& OTHER STORIES
40752202052760,& OTHER STORIES
40752202052762,& OTHER STORIES
40752202052764,& OTHER STORIES
40752202052766,& OTHER STORIES
40752202052768,& OTHER STORIES
40752202052770,& OTHER STORIES
40752202052772,& OTHER STORIES
40752202052774,& OTHER STORIES
40752202052776,& OTHER STORIES
40752202052778,& OTHER STORIES
40752202052782,& OTHER STORIES
40752202056206,& OTHER STORIES
40752202058583,& OTHER STORIES
40752202058584,& OTHER STORIES
40752202058585,& OTHER STORIES
40752202058586,& OTHER STORIES
40752202264257,& OTHER STORIES
40752202264258,& OTHER STORIES
40752202264259,& OTHER STORIES
40752202264260,& OTHER STORIES
40752202264261,& OTHER STORIES
40752202264262,& OTHER STORIES
40752202264310,& OTHER STORIES
40752202264311,& OTHER STORIES
40752202264312,& OTHER STORIES
40752202264313,& OTHER STORIES
40752202264314,& OTHER STORIES
40752202264316,& OTHER STORIES
40752202264317,& OTHER STORIES
40752202264318,& OTHER STORIES
40752202264319,& OTHER STORIES
40752202264320,& OTHER STORIES
40752202264321,& OTHER STORIES
40752202264322,& OTHER STORIES
40752202264323,& OTHER STORIES
40752202264324,& OTHER STORIES
40752202264325,& OTHER STORIES
40752202264326,& OTHER STORIES
40752202264327,& OTHER STORIES
40752202264328,& OTHER STORIES
40752202264329,& OTHER STORIES
40752202264330,& OTHER STORIES
40752202264331,& OTHER STORIES
40752202264332,& OTHER STORIES
40752202264333,& OTHER STORIES
40752202264334,& OTHER STORIES
40752202264335,& OTHER STORIES
40752202264336,& OTHER STORIES
40752202264337,& OTHER STORIES
40752202264338,& OTHER STORIES
40752202264339,& OTHER STORIES
40752202264340,& OTHER STORIES
40752202264341,& OTHER STORIES
40752202264342,& OTHER STORIES
40752202264343,& OTHER STORIES
40752202264344,& OTHER STORIES
40752202264345,& OTHER STORIES
40752202264346,& OTHER STORIES
40752202264347,& OTHER STORIES
40752202264348,& OTHER STORIES
40752202264349,& OTHER STORIES
40752202264350,& OTHER STORIES
40752202264351,& OTHER STORIES
40752202264352,& OTHER STORIES
40752202264353,& OTHER STORIES
40752202264354,& OTHER STORIES
40752202264355,& OTHER STORIES
40752202264356,& OTHER STORIES
40752202264357,& OTHER STORIES
40752202264358,& OTHER STORIES
40752202264359,& OTHER STORIES
40752202264360,& OTHER STORIES
40752202264361,& OTHER STORIES
40752202264363,& OTHER STORIES
40752202264365,& OTHER STORIES
40752202264367,& OTHER STORIES
40752202264369,& OTHER STORIES
40752202264428,& OTHER STORIES
40752202264429,& OTHER STORIES
40752202264430,& OTHER STORIES
40752202269305,& OTHER STORIES
40752202269720,& OTHER STORIES
40752202269721,& OTHER STORIES
40752202274841,& OTHER STORIES
40752202274842,& OTHER STORIES
40752202274843,& OTHER STORIES
40752202274844,& OTHER STORIES
40752202274845,& OTHER STORIES
40752202274846,& OTHER STORIES
40752202274847,& OTHER STORIES
40752202274848,& OTHER STORIES
40752202274849,& OTHER STORIES
40752202274850,& OTHER STORIES
40752202274851,& OTHER STORIES
40752202274852,& OTHER STORIES
40752202274853,& OTHER STORIES
40752202274854,& OTHER STORIES
40752202274855,& OTHER STORIES
40752202274856,& OTHER STORIES
40752202274857,& OTHER STORIES
40752202274858,& OTHER STORIES
40752202274859,& OTHER STORIES
40752202274860,& OTHER STORIES
40752202276034,& OTHER STORIES
40752202276390,& OTHER STORIES
40752202276620,& OTHER STORIES
40752202276622,& OTHER STORIES
40752202277925,& OTHER STORIES
40752202279949,& OTHER STORIES
40752202279950,& OTHER STORIES
40752202279951,& OTHER STORIES
40752202279952,& OTHER STORIES
40752202279953,& OTHER STORIES
40752202279954,& OTHER STORIES
40752202279955,& OTHER STORIES
40752202279956,& OTHER STORIES
40752202279957,& OTHER STORIES
40752202279958,& OTHER STORIES
40752202279959,& OTHER STORIES
40752202279960,& OTHER STORIES
40752202279961,& OTHER STORIES
40752202280295,& OTHER STORIES
40752202280296,& OTHER STORIES
40752202280297,& OTHER STORIES
40752202280298,& OTHER STORIES
40752202280299,& OTHER STORIES
40752202510981,& OTHER STORIES
40752202510982,& OTHER STORIES
40752202510983,& OTHER STORIES
40752202510984,& OTHER STORIES
40752202510985,& OTHER STORIES
40752202510986,& OTHER STORIES
40752202510989,& OTHER STORIES
40752202510990,& OTHER STORIES
40752202510991,& OTHER STORIES
40752202510992,& OTHER STORIES
40752202510993,& OTHER STORIES
40752202510994,& OTHER STORIES
40752202510995,& OTHER STORIES
40752202510996,& OTHER STORIES
40752202510997,& OTHER STORIES
40752202510998,& OTHER STORIES
40752202510999,& OTHER STORIES
40752202511000,& OTHER STORIES
40752202511158,& OTHER STORIES
40752202511159,& OTHER STORIES
40752202514192,& OTHER STORIES
40752202514193,& OTHER STORIES
40752202514195,& OTHER STORIES
40752202514196,& OTHER STORIES
40752202514197,& OTHER STORIES
40752202514198,& OTHER STORIES
40752202514199,& OTHER STORIES
40752202514200,& OTHER STORIES
40752202514201,& OTHER STORIES
40752202514202,& OTHER STORIES
40752202514203,& OTHER STORIES
40752202514204,& OTHER STORIES
40752202514205,& OTHER STORIES
40752202514206,& OTHER STORIES
40752202514207,& OTHER STORIES
40752202514208,& OTHER STORIES
40752202514209,& OTHER STORIES
40752202514210,& OTHER STORIES
40752202514211,& OTHER STORIES
40752202514212,& OTHER STORIES
40752202514213,& OTHER STORIES
40752202514214,& OTHER STORIES
40752202514215,& OTHER STORIES
40752202514216,& OTHER STORIES
40752202514217,& OTHER STORIES
40752202514218,& OTHER STORIES
40752202514219,& OTHER STORIES
40752202514220,& OTHER STORIES
40752202514222,& OTHER STORIES
40752202514223,& OTHER STORIES
40752202514224,& OTHER STORIES
40752202514225,& OTHER STORIES
40752202514226,& OTHER STORIES
40752202514227,& OTHER STORIES
40752202517409,& OTHER STORIES
40752202517410,& OTHER STORIES
40752202517411,& OTHER STORIES
40752202517412,& OTHER STORIES
40752202518029,& OTHER STORIES
40752202518030,& OTHER STORIES
40752202518032,& OTHER STORIES
40752202518033,& OTHER STORIES
40752202518034,& OTHER STORIES
40752202518035,& OTHER STORIES
40752202518036,& OTHER STORIES
40752202518037,& OTHER STORIES
40752202518038,& OTHER STORIES
40752202518039,& OTHER STORIES
40752202518040,& OTHER STORIES
40752202518041,& OTHER STORIES
40752202518042,& OTHER STORIES
40752202518043,& OTHER STORIES
40752202518044,& OTHER STORIES
40752202518045,& OTHER STORIES
40752202518046,& OTHER STORIES
40752202518047,& OTHER STORIES
40752202518048,& OTHER STORIES
40752202518049,& OTHER STORIES
40752202518050,& OTHER STORIES
40752202518051,& OTHER STORIES
40752202518052,& OTHER STORIES
40752202518053,& OTHER STORIES
40752202518054,& OTHER STORIES
40752202518055,& OTHER STORIES
40752202518094,& OTHER STORIES
40752202518095,& OTHER STORIES
40752202518096,& OTHER STORIES
40752202518097,& OTHER STORIES
40752202518098,& OTHER STORIES
40752202518099,& OTHER STORIES
40752202518100,& OTHER STORIES
40752202518101,& OTHER STORIES
40752202518102,& OTHER STORIES
40752202518103,& OTHER STORIES
40752202518800,& OTHER STORIES
40752202518801,& OTHER STORIES
40752202518802,& OTHER STORIES
40752202518803,& OTHER STORIES
40752202518804,& OTHER STORIES
40752202518805,& OTHER STORIES
40752202518806,& OTHER STORIES
40752202518807,& OTHER STORIES
40752202184016,& OTHER STORIES
40752202184017,& OTHER STORIES
40752202184018,& OTHER STORIES
40752202184436,& OTHER STORIES
40752202184438,& OTHER STORIES
40752202184439,& OTHER STORIES
40752202184440,& OTHER STORIES
40752202184441,& OTHER STORIES
40752202184442,& OTHER STORIES
40752202184443,& OTHER STORIES
40752202184444,& OTHER STORIES
40752202184445,& OTHER STORIES
40752202184446,& OTHER STORIES
40752202184447,& OTHER STORIES
40752202189710,& OTHER STORIES
40752202189711,& OTHER STORIES
40752202191109,& OTHER STORIES
40752202191110,& OTHER STORIES
40752202192841,& OTHER STORIES
40752202192851,& OTHER STORIES
40752202192853,& OTHER STORIES
40752202193081,& OTHER STORIES
40752202193082,& OTHER STORIES
40752202193083,& OTHER STORIES
40752202195926,& OTHER STORIES
40752202195927,& OTHER STORIES
40752202195928,& OTHER STORIES
40752202198635,& OTHER STORIES
40752202198636,& OTHER STORIES
40752202198733,& OTHER STORIES
40752202198734,& OTHER STORIES
40752202199943,& OTHER STORIES
40752202199944,& OTHER STORIES
40752202199945,& OTHER STORIES
40752202199946,& OTHER STORIES
40752202199955,& OTHER STORIES
40752202199956,& OTHER STORIES
40752202205393,& OTHER STORIES
40752202205394,& OTHER STORIES
40752202205395,& OTHER STORIES
40752202205396,& OTHER STORIES
40752202205397,& OTHER STORIES
40752202205398,& OTHER STORIES
40752202207200,& OTHER STORIES
40752202207201,& OTHER STORIES
40752202207202,& OTHER STORIES
40752202210412,& OTHER STORIES
40752202210413,& OTHER STORIES
40752202210414,& OTHER STORIES
40752202213862,& OTHER STORIES
40752202213863,& OTHER STORIES
40752202213890,& OTHER STORIES
40752202213891,& OTHER STORIES
40752202213892,& OTHER STORIES
40752202213893,& OTHER STORIES
40752202213894,& OTHER STORIES
40752202213895,& OTHER STORIES
40752202213896,& OTHER STORIES
40752202213897,& OTHER STORIES
40752202213898,& OTHER STORIES
40752202213899,& OTHER STORIES
40752202213900,& OTHER STORIES
40752202213901,& OTHER STORIES
40752202213902,& OTHER STORIES
40752202213903,& OTHER STORIES
40752202213905,& OTHER STORIES
40752202213906,& OTHER STORIES
40752202213907,& OTHER STORIES
40752202213908,& OTHER STORIES
40752202213909,& OTHER STORIES
40752202213910,& OTHER STORIES
40752202213911,& OTHER STORIES
40752202213914,& OTHER STORIES
40752202213915,& OTHER STORIES
40752202213916,& OTHER STORIES
40752202213917,& OTHER STORIES
40752202213918,& OTHER STORIES
40752202213919,& OTHER STORIES
40752202213920,& OTHER STORIES
40752202213921,& OTHER STORIES
40752202213922,& OTHER STORIES
40752202213923,& OTHER STORIES
40752202213924,& OTHER STORIES
40752202213925,& OTHER STORIES
40752202213926,& OTHER STORIES
40752202213927,& OTHER STORIES
40752202213928,& OTHER STORIES
40752202213929,& OTHER STORIES
40752202213930,& OTHER STORIES
40752202213931,& OTHER STORIES
40752202213932,& OTHER STORIES
40752202213933,& OTHER STORIES
40752202213936,& OTHER STORIES
40752202213937,& OTHER STORIES
40752202213938,& OTHER STORIES
40752202213939,& OTHER STORIES
40752202213940,& OTHER STORIES
40752202213941,& OTHER STORIES
40752202213942,& OTHER STORIES
40752202213943,& OTHER STORIES
40752202213944,& OTHER STORIES
40752202213945,& OTHER STORIES
40752202213946,& OTHER STORIES
40752202213947,& OTHER STORIES
40752202213948,& OTHER STORIES
40752202213949,& OTHER STORIES
40752202213950,& OTHER STORIES
40752202213951,& OTHER STORIES
40752202213952,& OTHER STORIES
40752202213953,& OTHER STORIES
40752202213954,& OTHER STORIES
40752202213955,& OTHER STORIES
40752202213956,& OTHER STORIES
40752202213957,& OTHER STORIES
40752202213958,& OTHER STORIES
40752202213959,& OTHER STORIES
40752202213960,& OTHER STORIES
40752202213961,& OTHER STORIES
40752202213962,& OTHER STORIES
40752202213963,& OTHER STORIES
40752202213964,& OTHER STORIES
40752202213965,& OTHER STORIES
40752202213966,& OTHER STORIES
40752202213967,& OTHER STORIES
40752202213968,& OTHER STORIES
40752202213969,& OTHER STORIES
40752202213970,& OTHER STORIES
40752202213971,& OTHER STORIES
40752202213972,& OTHER STORIES
40752202213973,& OTHER STORIES
40752202213974,& OTHER STORIES
40752202213975,& OTHER STORIES
40752202213976,& OTHER STORIES
40752202213977,& OTHER STORIES
40752202213978,& OTHER STORIES
40752202213979,& OTHER STORIES
40752202213980,& OTHER STORIES
40752202213983,& OTHER STORIES
40752202213984,& OTHER STORIES
40752202213985,& OTHER STORIES
40752202213986,& OTHER STORIES
40752202213987,& OTHER STORIES
40752202213988,& OTHER STORIES
40752202213989,& OTHER STORIES
40752202213990,& OTHER STORIES
40752202214013,& OTHER STORIES
40752202214015,& OTHER STORIES
40752202214017,& OTHER STORIES
40752202214019,& OTHER STORIES
40752202214021,& OTHER STORIES
40752202214023,& OTHER STORIES
40752202214029,& OTHER STORIES
40752202214030,& OTHER STORIES
40752202214031,& OTHER STORIES
40752202214032,& OTHER STORIES
40752202214033,& OTHER STORIES
40752202214034,& OTHER STORIES
40752202214035,& OTHER STORIES
40752202214036,& OTHER STORIES
40752202214037,& OTHER STORIES
40752202214041,& OTHER STORIES
40752202214043,& OTHER STORIES
40752202214044,& OTHER STORIES
40752202214045,& OTHER STORIES
40752202214046,& OTHER STORIES
40752202214047,& OTHER STORIES
40752202214048,& OTHER STORIES
40752202214049,& OTHER STORIES
40752202214050,& OTHER STORIES
40752202214051,& OTHER STORIES
40752202214052,& OTHER STORIES
40752202214056,& OTHER STORIES
40752202214057,& OTHER STORIES
40752202214058,& OTHER STORIES
40752202214059,& OTHER STORIES
40752202214060,& OTHER STORIES
40752202214061,& OTHER STORIES
40752202214062,& OTHER STORIES
40752202214063,& OTHER STORIES
40752202214064,& OTHER STORIES
40752202214065,& OTHER STORIES
40752202214070,& OTHER STORIES
40752202214071,& OTHER STORIES
40752202214072,& OTHER STORIES
40752202214073,& OTHER STORIES
40752202214074,& OTHER STORIES
40752202214075,& OTHER STORIES
40752202214080,& OTHER STORIES
40752202214081,& OTHER STORIES
40752202214082,& OTHER STORIES
40752202215509,& OTHER STORIES
40752202215510,& OTHER STORIES
40752202215511,& OTHER STORIES
40752202215512,& OTHER STORIES
40752202215513,& OTHER STORIES
40752202215514,& OTHER STORIES
40752202215515,& OTHER STORIES
40752202215516,& OTHER STORIES
40752202215517,& OTHER STORIES
40752202215518,& OTHER STORIES
40752202215522,& OTHER STORIES
40752202215524,& OTHER STORIES
40752202215526,& OTHER STORIES
40752202309615,& OTHER STORIES
40752202309618,& OTHER STORIES
40752202309740,& OTHER STORIES
40752202309741,& OTHER STORIES
40752202309752,& OTHER STORIES
40752202309753,& OTHER STORIES
40752202309754,& OTHER STORIES
40752202309755,& OTHER STORIES
40752202309756,& OTHER STORIES
40752202309757,& OTHER STORIES
40752202309758,& OTHER STORIES
40752202309876,& OTHER STORIES
40752202309877,& OTHER STORIES
40752202309878,& OTHER STORIES
40752202309879,& OTHER STORIES
40752202309880,& OTHER STORIES
40752202309882,& OTHER STORIES
40752202309883,& OTHER STORIES
40752202309884,& OTHER STORIES
40752202309885,& OTHER STORIES
40752202309977,& OTHER STORIES
40752202309978,& OTHER STORIES
40752202309979,& OTHER STORIES
40752202309980,& OTHER STORIES
40752202309981,& OTHER STORIES
40752202309982,& OTHER STORIES
40752202309983,& OTHER STORIES
40752202309984,& OTHER STORIES
40752202309994,& OTHER STORIES
40752202309995,& OTHER STORIES
40752202310354,& OTHER STORIES
40752202310355,& OTHER STORIES
40752202310356,& OTHER STORIES
40752202310357,& OTHER STORIES
40752202310358,& OTHER STORIES
40752202310359,& OTHER STORIES
40752202310360,& OTHER STORIES
40752202310361,& OTHER STORIES
40752202310362,& OTHER STORIES
40752202310363,& OTHER STORIES
40752202310418,& OTHER STORIES
40752202310419,& OTHER STORIES
40752202310420,& OTHER STORIES
40752202310421,& OTHER STORIES
40752202310422,& OTHER STORIES
40752202310423,& OTHER STORIES
40752202310424,& OTHER STORIES
40752202310425,& OTHER STORIES
40752202310426,& OTHER STORIES
40752202311345,& OTHER STORIES
40752202311347,& OTHER STORIES
40752202311349,& OTHER STORIES
40752202312825,& OTHER STORIES
40752202312827,& OTHER STORIES
40752202312829,& OTHER STORIES
40752202312893,& OTHER STORIES
40752202312894,& OTHER STORIES
40752202312895,& OTHER STORIES
40752202313951,& OTHER STORIES
40752202313952,& OTHER STORIES
40752202313953,& OTHER STORIES
40752202313954,& OTHER STORIES
40752202313955,& OTHER STORIES
40752202313956,& OTHER STORIES
40752202313957,& OTHER STORIES
40752202313958,& OTHER STORIES
40752202313959,& OTHER STORIES
40752202314636,& OTHER STORIES
40752202314637,& OTHER STORIES
40752202314638,& OTHER STORIES
40752202315648,& OTHER STORIES
40752202315649,& OTHER STORIES
40752202315673,& OTHER STORIES
40752202315674,& OTHER STORIES
40752202315675,& OTHER STORIES
40752202315716,& OTHER STORIES
40752202315717,& OTHER STORIES
40752202315801,& OTHER STORIES
40752202315803,& OTHER STORIES
40752202315840,& OTHER STORIES
40752202315841,& OTHER STORIES
40752202315845,& OTHER STORIES
40752202315847,& OTHER STORIES
40752202315854,& OTHER STORIES
40752202315856,& OTHER STORIES
40752202315868,& OTHER STORIES
40752202315869,& OTHER STORIES
40752202315870,& OTHER STORIES
40752202316009,& OTHER STORIES
40752202316010,& OTHER STORIES
40752202316030,& OTHER STORIES
40752202316031,& OTHER STORIES
40752202316191,& OTHER STORIES
40752202316192,& OTHER STORIES
40752202316193,& OTHER STORIES
40752202316194,& OTHER STORIES
40752202316195,& OTHER STORIES
40752202316208,& OTHER STORIES
40752202316210,& OTHER STORIES
40752202316212,& OTHER STORIES
40752202316218,& OTHER STORIES
40752202316219,& OTHER STORIES
40752202316220,& OTHER STORIES
40752202317186,& OTHER STORIES
40752202317187,& OTHER STORIES
40752202317192,& OTHER STORIES
40752202317193,& OTHER STORIES
40752202317194,& OTHER STORIES
40752202317195,& OTHER STORIES
40752202317249,& OTHER STORIES
40752202317251,& OTHER STORIES
40752202317253,& OTHER STORIES
40752202317255,& OTHER STORIES
40752202317257,& OTHER STORIES
40752202317259,& OTHER STORIES
40752202317960,& OTHER STORIES
40752202317962,& OTHER STORIES
40752202318002,& OTHER STORIES
40752202318004,& OTHER STORIES
40752202318006,& OTHER STORIES
40752202318009,& OTHER STORIES
40752202318206,& OTHER STORIES
40752202318207,& OTHER STORIES
40752202318271,& OTHER STORIES
40752202318272,& OTHER STORIES
40752202318462,& OTHER STORIES
40752202318463,& OTHER STORIES
40752202318464,& OTHER STORIES
40752202318505,& OTHER STORIES
40752202318506,& OTHER STORIES
40752202318507,& OTHER STORIES
40752202318567,& OTHER STORIES
40752202318568,& OTHER STORIES
40752202133152,& OTHER STORIES
40752202133153,& OTHER STORIES
40752202133154,& OTHER STORIES
40752202133155,& OTHER STORIES
40752202133156,& OTHER STORIES
40752202133157,& OTHER STORIES
40752202135860,& OTHER STORIES
40752202139991,& OTHER STORIES
40752202139992,& OTHER STORIES
40752202139993,& OTHER STORIES
40752202140061,& OTHER STORIES
40752202140062,& OTHER STORIES
40752202140063,& OTHER STORIES
40752202140818,& OTHER STORIES
40752202140820,& OTHER STORIES
40752202140953,& OTHER STORIES
40752202140954,& OTHER STORIES
40752202140955,& OTHER STORIES
40752202140956,& OTHER STORIES
40752202140957,& OTHER STORIES
40752202141020,& OTHER STORIES
40752202141021,& OTHER STORIES
40752202141023,& OTHER STORIES
40752202143181,& OTHER STORIES
40752202143182,& OTHER STORIES
40752202143183,& OTHER STORIES
40752202143184,& OTHER STORIES
40752202143186,& OTHER STORIES
40752202143187,& OTHER STORIES
40752202143189,& OTHER STORIES
40752202143190,& OTHER STORIES
40752202143191,& OTHER STORIES
40752202143253,& OTHER STORIES
40752202143254,& OTHER STORIES
40752202143255,& OTHER STORIES
40752202144531,& OTHER STORIES
40752202145499,& OTHER STORIES
40752202149759,& OTHER STORIES
40752202150984,& OTHER STORIES
40752202151137,& OTHER STORIES
40752202151198,& OTHER STORIES
40752202152884,& OTHER STORIES
40752202152885,& OTHER STORIES
40752202154636,& OTHER STORIES
40752202154637,& OTHER STORIES
40752202154638,& OTHER STORIES
40752202156523,& OTHER STORIES
40752202156524,& OTHER STORIES
40752202156525,& OTHER STORIES
40752202156526,& OTHER STORIES
40752202156527,& OTHER STORIES
40752202156528,& OTHER STORIES
40752202157694,& OTHER STORIES
40752202160497,& OTHER STORIES
40752202160498,& OTHER STORIES
40752202160499,& OTHER STORIES
40752202161272,& OTHER STORIES
40752202161273,& OTHER STORIES
40752202161274,& OTHER STORIES
40752202161275,& OTHER STORIES
40752202161276,& OTHER STORIES
40752202161277,& OTHER STORIES
40752202161278,& OTHER STORIES
40752202161279,& OTHER STORIES
40752202161280,& OTHER STORIES
40752202161281,& OTHER STORIES
40752202161282,& OTHER STORIES
40752202161283,& OTHER STORIES
40752202161284,& OTHER STORIES
40752202161285,& OTHER STORIES
40752202161286,& OTHER STORIES
40752202161287,& OTHER STORIES
40752202161288,& OTHER STORIES
40752202161289,& OTHER STORIES
40752202161290,& OTHER STORIES
40752202161291,& OTHER STORIES
40752202161292,& OTHER STORIES
40752202161293,& OTHER STORIES
40752202161294,& OTHER STORIES
40752202161295,& OTHER STORIES
40752202161296,& OTHER STORIES
40752202161297,& OTHER STORIES
40752202161776,& OTHER STORIES
40752202161777,& OTHER STORIES
40752202161778,& OTHER STORIES
40752202161780,& OTHER STORIES
40752202161782,& OTHER STORIES
40752202161783,& OTHER STORIES
40752202161785,& OTHER STORIES
40752202161787,& OTHER STORIES
40752202161789,& OTHER STORIES
40752202161790,& OTHER STORIES
40752202161791,& OTHER STORIES
40752202161792,& OTHER STORIES
40752202161793,& OTHER STORIES
40752202161794,& OTHER STORIES
40752202161795,& OTHER STORIES
40752202161797,& OTHER STORIES
40752202161798,& OTHER STORIES
40752202161799,& OTHER STORIES
40752202319041,& OTHER STORIES
40752202319043,& OTHER STORIES
40752202319045,& OTHER STORIES
40752202319047,& OTHER STORIES
40752202319049,& OTHER STORIES
40752202319051,& OTHER STORIES
40752202319054,& OTHER STORIES
40752202319057,& OTHER STORIES
40752202319183,& OTHER STORIES
40752202319184,& OTHER STORIES
40752202319185,& OTHER STORIES
40752202319386,& OTHER STORIES
40752202319388,& OTHER STORIES
40752202319502,& OTHER STORIES
40752202319503,& OTHER STORIES
40752202319511,& OTHER STORIES
40752202319512,& OTHER STORIES
40752202319513,& OTHER STORIES
40752202319514,& OTHER STORIES
40752202319543,& OTHER STORIES
40752202319544,& OTHER STORIES
40752202319545,& OTHER STORIES
40752202319546,& OTHER STORIES
40752202319547,& OTHER STORIES
40752202319548,& OTHER STORIES
40752202319893,& OTHER STORIES
40752202319894,& OTHER STORIES
40752202319895,& OTHER STORIES
40752202320101,& OTHER STORIES
40752202320102,& OTHER STORIES
40752202320103,& OTHER STORIES
40752202320104,& OTHER STORIES
40752202320105,& OTHER STORIES
40752202320106,& OTHER STORIES
40752202320107,& OTHER STORIES
40752202320108,& OTHER STORIES
40752202320725,& OTHER STORIES
40752202320726,& OTHER STORIES
40752202320727,& OTHER STORIES
40752202320728,& OTHER STORIES
40752202320729,& OTHER STORIES
40752202320730,& OTHER STORIES
40752202320731,& OTHER STORIES
40752202320733,& OTHER STORIES
40752202320734,& OTHER STORIES
40752202320735,& OTHER STORIES
40752202320772,& OTHER STORIES
40752202320773,& OTHER STORIES
40752202320960,& OTHER STORIES
40752202320961,& OTHER STORIES
40752202322159,& OTHER STORIES
40752202322160,& OTHER STORIES
40752202322161,& OTHER STORIES
40752202322163,& OTHER STORIES
40752202322164,& OTHER STORIES
40752202322165,& OTHER STORIES
40752202322171,& OTHER STORIES
40752202322172,& OTHER STORIES
40752202322235,& OTHER STORIES
40752202322236,& OTHER STORIES
40752202322237,& OTHER STORIES
40752202322238,& OTHER STORIES
40752202322239,& OTHER STORIES
40752202322240,& OTHER STORIES
40752202322241,& OTHER STORIES
40752202322242,& OTHER STORIES
40752202322243,& OTHER STORIES
40752202322244,& OTHER STORIES
40752202322859,& OTHER STORIES
40752202322860,& OTHER STORIES
40752202322861,& OTHER STORIES
40752202322862,& OTHER STORIES
40752202322863,& OTHER STORIES
40752202322864,& OTHER STORIES
40752202322865,& OTHER STORIES
40752202322866,& OTHER STORIES
40752202322867,& OTHER STORIES
40752202322868,& OTHER STORIES
40752202322869,& OTHER STORIES
40752202322870,& OTHER STORIES
40752202322871,& OTHER STORIES
40752202322872,& OTHER STORIES
40752202323061,& OTHER STORIES
40752202323063,& OTHER STORIES
40752202323088,& OTHER STORIES
40752202323089,& OTHER STORIES
40752202323090,& OTHER STORIES
40752202323091,& OTHER STORIES
40752202323516,& OTHER STORIES
40752202323537,& OTHER STORIES
40752202323562,& OTHER STORIES
40752202323572,& OTHER STORIES
40752202323868,& OTHER STORIES
40752202323869,& OTHER STORIES
40752202323870,& OTHER STORIES
40752202323871,& OTHER STORIES
40752202323872,& OTHER STORIES
40752202323874,& OTHER STORIES
40752202323875,& OTHER STORIES
40752202323876,& OTHER STORIES
40752202323877,& OTHER STORIES
40752202323878,& OTHER STORIES
40752202323999,& OTHER STORIES
40752202324001,& OTHER STORIES
40752202324003,& OTHER STORIES
40752202324005,& OTHER STORIES
40752202324007,& OTHER STORIES
40752202324009,& OTHER STORIES
40752202324011,& OTHER STORIES
40752202324013,& OTHER STORIES
40752202324015,& OTHER STORIES
40752202324016,& OTHER STORIES
40752202324162,& OTHER STORIES
40752202324163,& OTHER STORIES
40752202324164,& OTHER STORIES
40752202324165,& OTHER STORIES
40752202324166,& OTHER STORIES
40752202324167,& OTHER STORIES
40752202324169,& OTHER STORIES
40752202324170,& OTHER STORIES
40752202324171,& OTHER STORIES
40752202324249,& OTHER STORIES
40752202324250,& OTHER STORIES
40752202324251,& OTHER STORIES
40752202324252,& OTHER STORIES
40752202324253,& OTHER STORIES
40752202324254,& OTHER STORIES
40752202324255,& OTHER STORIES
40752202324256,& OTHER STORIES
40752202324257,& OTHER STORIES
40752202324258,& OTHER STORIES
40752202324259,& OTHER STORIES
40752202325074,& OTHER STORIES
40752202325075,& OTHER STORIES
40752202325076,& OTHER STORIES
40752202325077,& OTHER STORIES
40752202325078,& OTHER STORIES
40752202325079,& OTHER STORIES
40752202325374,& OTHER STORIES
40752202325376,& OTHER STORIES
40752202325377,& OTHER STORIES
40752202326123,& OTHER STORIES
40752202326124,& OTHER STORIES
40752202326125,& OTHER STORIES
40752202326126,& OTHER STORIES
40752202326165,& OTHER STORIES
40752202326166,& OTHER STORIES
40752202326167,& OTHER STORIES
40752202326168,& OTHER STORIES
40752202329886,& OTHER STORIES
40752202329892,& OTHER STORIES
40752202329907,& OTHER STORIES
40752202329922,& OTHER STORIES
40752202329925,& OTHER STORIES
40752202329930,& OTHER STORIES
40752202329933,& OTHER STORIES
40752202329936,& OTHER STORIES
40752202329945,& OTHER STORIES
40752202280300,& OTHER STORIES
40752202280301,& OTHER STORIES
40752202280302,& OTHER STORIES
40752202280303,& OTHER STORIES
40752202280304,& OTHER STORIES
40752202280305,& OTHER STORIES
40752202280306,& OTHER STORIES
40752202280308,& OTHER STORIES
40752202280310,& OTHER STORIES
40752202280312,& OTHER STORIES
40752202280314,& OTHER STORIES
40752202280316,& OTHER STORIES
40752202280318,& OTHER STORIES
40752202280320,& OTHER STORIES
40752202280322,& OTHER STORIES
40752202280324,& OTHER STORIES
40752202280393,& OTHER STORIES
40752202280394,& OTHER STORIES
40752202280395,& OTHER STORIES
40752202280396,& OTHER STORIES
40752202280397,& OTHER STORIES
40752202280398,& OTHER STORIES
40752202280399,& OTHER STORIES
40752202281092,& OTHER STORIES
40752202281549,& OTHER STORIES
40752202282868,& OTHER STORIES
40752202282869,& OTHER STORIES
40752202282870,& OTHER STORIES
40752202282896,& OTHER STORIES
40752202282897,& OTHER STORIES
40752202282899,& OTHER STORIES
40752202282900,& OTHER STORIES
40752202282901,& OTHER STORIES
40752202282902,& OTHER STORIES
40752202283533,& OTHER STORIES
40752202283534,& OTHER STORIES
40752202283546,& OTHER STORIES
40752202283547,& OTHER STORIES
40752202283548,& OTHER STORIES
40752202283549,& OTHER STORIES
40752202283550,& OTHER STORIES
40752202283551,& OTHER STORIES
40752202283552,& OTHER STORIES
40752202283553,& OTHER STORIES
40752202283554,& OTHER STORIES
40752202283555,& OTHER STORIES
40752202284932,& OTHER STORIES
40752202284945,& OTHER STORIES
40752202284946,& OTHER STORIES
40752202285386,& OTHER STORIES
40752202285387,& OTHER STORIES
40752202285388,& OTHER STORIES
40752202285389,& OTHER STORIES
40752202285390,& OTHER STORIES
40752202285391,& OTHER STORIES
40752202285392,& OTHER STORIES
40752202285393,& OTHER STORIES
40752202285394,& OTHER STORIES
40752202285395,& OTHER STORIES
40752202285396,& OTHER STORIES
40752202285397,& OTHER STORIES
40752202285398,& OTHER STORIES
40752202285399,& OTHER STORIES
40752202285400,& OTHER STORIES
40752202285401,& OTHER STORIES
40752202285402,& OTHER STORIES
40752202285403,& OTHER STORIES
40752202285404,& OTHER STORIES
40752202285405,& OTHER STORIES
40752202285406,& OTHER STORIES
40752202285407,& OTHER STORIES
40752202285408,& OTHER STORIES
40752202285409,& OTHER STORIES
40752202285410,& OTHER STORIES
40752202285411,& OTHER STORIES
40752202285412,& OTHER STORIES
40752202285413,& OTHER STORIES
40752202285414,& OTHER STORIES
40752202285415,& OTHER STORIES
40752202285416,& OTHER STORIES
40752202285417,& OTHER STORIES
40752202285418,& OTHER STORIES
40752202285419,& OTHER STORIES
40752202285786,& OTHER STORIES
40752202285787,& OTHER STORIES
40752202285788,& OTHER STORIES
40752202285969,& OTHER STORIES
40752202285970,& OTHER STORIES
40752202285971,& OTHER STORIES
40752202287870,& OTHER STORIES
40752202289600,& OTHER STORIES
40752202289601,& OTHER STORIES
40752202289602,& OTHER STORIES
40752202289739,& OTHER STORIES
40752202289740,& OTHER STORIES
40752202289741,& OTHER STORIES
40752202289742,& OTHER STORIES
40752202289744,& OTHER STORIES
40752202289745,& OTHER STORIES
40752202289749,& OTHER STORIES
40752202289750,& OTHER STORIES
40752202289751,& OTHER STORIES
40752202289752,& OTHER STORIES
40752202289753,& OTHER STORIES
40752202289754,& OTHER STORIES
40752202340430,& OTHER STORIES
40752202340431,& OTHER STORIES
40752202340432,& OTHER STORIES
40752202340433,& OTHER STORIES
40752202340434,& OTHER STORIES
40752202340435,& OTHER STORIES
40752202340436,& OTHER STORIES
40752202340437,& OTHER STORIES
40752202340438,& OTHER STORIES
40752202340439,& OTHER STORIES
40752202340509,& OTHER STORIES
40752202340510,& OTHER STORIES
40752202340511,& OTHER STORIES
40752202340512,& OTHER STORIES
40752202340513,& OTHER STORIES
40752202340514,& OTHER STORIES
40752202340515,& OTHER STORIES
40752202340516,& OTHER STORIES
40752202340517,& OTHER STORIES
40752202340518,& OTHER STORIES
40752202341110,& OTHER STORIES
40752202341152,& OTHER STORIES
40752202341154,& OTHER STORIES
40752202341210,& OTHER STORIES
40752202341211,& OTHER STORIES
40752202341212,& OTHER STORIES
40752202341213,& OTHER STORIES
40752202341214,& OTHER STORIES
40752202341215,& OTHER STORIES
40752202341282,& OTHER STORIES
40752202341283,& OTHER STORIES
40752202341284,& OTHER STORIES
40752202341285,& OTHER STORIES
40752202341286,& OTHER STORIES
40752202341287,& OTHER STORIES
40752202341288,& OTHER STORIES
40752202341289,& OTHER STORIES
40752202341290,& OTHER STORIES
40752202341291,& OTHER STORIES
40752202341391,& OTHER STORIES
40752202341392,& OTHER STORIES
40752202341393,& OTHER STORIES
40752202341394,& OTHER STORIES
40752202341395,& OTHER STORIES
40752202341396,& OTHER STORIES
40752202341397,& OTHER STORIES
40752202341398,& OTHER STORIES
40752202341399,& OTHER STORIES
40752202341400,& OTHER STORIES
40752202341401,& OTHER STORIES
40752202341402,& OTHER STORIES
40752202342098,& OTHER STORIES
40752202344933,& OTHER STORIES
40752202344934,& OTHER STORIES
40752202344941,& OTHER STORIES
40752202344942,& OTHER STORIES
40752202345777,& OTHER STORIES
40752202345778,& OTHER STORIES
40752202345814,& OTHER STORIES
40752202345815,& OTHER STORIES
40752202346095,& OTHER STORIES
40752202346096,& OTHER STORIES
40752202346349,& OTHER STORIES
40752202346738,& OTHER STORIES
40752202346898,& OTHER STORIES
40752202346899,& OTHER STORIES
40752202346900,& OTHER STORIES
40752202347036,& OTHER STORIES
40752202347037,& OTHER STORIES
40752202347038,& OTHER STORIES
40752202347039,& OTHER STORIES
40752202347040,& OTHER STORIES
40752202347041,& OTHER STORIES
40752202347134,& OTHER STORIES
40752202347135,& OTHER STORIES
40752202347136,& OTHER STORIES
40752202347137,& OTHER STORIES
40752202347138,& OTHER STORIES
40752202347139,& OTHER STORIES
40752202347164,& OTHER STORIES
40752202347165,& OTHER STORIES
40752202347166,& OTHER STORIES
40752202347167,& OTHER STORIES
40752202347168,& OTHER STORIES
40752202347169,& OTHER STORIES
40752202347207,& OTHER STORIES
40752202347208,& OTHER STORIES
40752202347209,& OTHER STORIES
40752202347210,& OTHER STORIES
40752202347211,& OTHER STORIES
40752202347212,& OTHER STORIES
40752202347269,& OTHER STORIES
40752202347270,& OTHER STORIES
40752202347271,& OTHER STORIES
40752202347272,& OTHER STORIES
40752202347274,& OTHER STORIES
40752202347275,& OTHER STORIES
40752202347321,& OTHER STORIES
40752202347322,& OTHER STORIES
40752202347323,& OTHER STORIES
40752202347324,& OTHER STORIES
40752202347325,& OTHER STORIES
40752202347326,& OTHER STORIES
40752202347327,& OTHER STORIES
40752202347328,& OTHER STORIES
40752202347379,& OTHER STORIES
40752202347380,& OTHER STORIES
40752202347381,& OTHER STORIES
40752202347382,& OTHER STORIES
40752202347383,& OTHER STORIES
40752202347384,& OTHER STORIES
40752202347385,& OTHER STORIES
40752202347386,& OTHER STORIES
40752202347493,& OTHER STORIES
40752202347494,& OTHER STORIES
40752202347495,& OTHER STORIES
40752202347496,& OTHER STORIES
40752202347497,& OTHER STORIES
40752202347498,& OTHER STORIES
40752202377081,& OTHER STORIES
40752202377082,& OTHER STORIES
40752202377083,& OTHER STORIES
40752202377084,& OTHER STORIES
40752202377085,& OTHER STORIES
40752202377086,& OTHER STORIES
40752202377189,& OTHER STORIES
40752202377190,& OTHER STORIES
40752202377191,& OTHER STORIES
40752202377192,& OTHER STORIES
40752202377193,& OTHER STORIES
40752202377194,& OTHER STORIES
40752202377195,& OTHER STORIES
40752202377196,& OTHER STORIES
40752202377197,& OTHER STORIES
40752202377198,& OTHER STORIES
40752202377199,& OTHER STORIES
40752202377200,& OTHER STORIES
40752202377206,& OTHER STORIES
40752202377207,& OTHER STORIES
40752202377208,& OTHER STORIES
40752202377209,& OTHER STORIES
40752202377210,& OTHER STORIES
40752202377211,& OTHER STORIES
40752202377214,& OTHER STORIES
40752202377215,& OTHER STORIES
40752202377224,& OTHER STORIES
40752202377225,& OTHER STORIES
40752202377226,& OTHER STORIES
40752202377227,& OTHER STORIES
40752202377228,& OTHER STORIES
40752202377229,& OTHER STORIES
40752202377230,& OTHER STORIES
40752202377231,& OTHER STORIES
40752202377253,& OTHER STORIES
40752202377254,& OTHER STORIES
40752202377261,& OTHER STORIES
40752202377262,& OTHER STORIES
40752202377263,& OTHER STORIES
40752202377264,& OTHER STORIES
40752202377287,& OTHER STORIES
40752202377288,& OTHER STORIES
40752202377289,& OTHER STORIES
40752202377290,& OTHER STORIES
40752202377291,& OTHER STORIES
40752202377292,& OTHER STORIES
40752202377293,& OTHER STORIES
40752202377294,& OTHER STORIES
40752202377295,& OTHER STORIES
40752202377296,& OTHER STORIES
40752202377302,& OTHER STORIES
40752202377303,& OTHER STORIES
40752202377304,& OTHER STORIES
40752202377335,& OTHER STORIES
40752202377336,& OTHER STORIES
40752202377337,& OTHER STORIES
40752202377338,& OTHER STORIES
40752202377339,& OTHER STORIES
40752202377340,& OTHER STORIES
40752202377349,& OTHER STORIES
40752202377350,& OTHER STORIES
40752202377351,& OTHER STORIES
40752202378300,& OTHER STORIES
40752202381514,& OTHER STORIES
40752202381515,& OTHER STORIES
40752202381516,& OTHER STORIES
40752202382201,& OTHER STORIES
40752202382202,& OTHER STORIES
40752202382203,& OTHER STORIES
40752202382204,& OTHER STORIES
40752202382205,& OTHER STORIES
40752202382206,& OTHER STORIES
40752202382207,& OTHER STORIES
40752202382208,& OTHER STORIES
40752202382209,& OTHER STORIES
40752202382448,& OTHER STORIES
40752202382449,& OTHER STORIES
40752202382450,& OTHER STORIES
40752202382451,& OTHER STORIES
40752202382452,& OTHER STORIES
40752202382606,& OTHER STORIES
40752202382609,& OTHER STORIES
40752202382610,& OTHER STORIES
40752202382611,& OTHER STORIES
40752202382613,& OTHER STORIES
40752202382615,& OTHER STORIES
40752202382617,& OTHER STORIES
40752202382619,& OTHER STORIES
40752202382621,& OTHER STORIES
40752202382623,& OTHER STORIES
40752202385052,& OTHER STORIES
40752202385763,& OTHER STORIES
40752202385764,& OTHER STORIES
40752202385899,& OTHER STORIES
40752202385901,& OTHER STORIES
40752202385903,& OTHER STORIES
40752202386061,& OTHER STORIES
40752202386062,& OTHER STORIES
40752202386063,& OTHER STORIES
40752202386064,& OTHER STORIES
40752202386065,& OTHER STORIES
40752202386066,& OTHER STORIES
40752202386067,& OTHER STORIES
40752202386068,& OTHER STORIES
40752202386069,& OTHER STORIES
40752202386070,& OTHER STORIES
40752202386071,& OTHER STORIES
40752202386072,& OTHER STORIES
40752202386073,& OTHER STORIES
40752202386074,& OTHER STORIES
40752202386075,& OTHER STORIES
40752202386076,& OTHER STORIES
40752202386077,& OTHER STORIES
40752202386533,& OTHER STORIES
40752202386534,& OTHER STORIES
40752202386573,& OTHER STORIES
40752202386574,& OTHER STORIES
40752202386651,& OTHER STORIES
40752202386652,& OTHER STORIES
40752202386653,& OTHER STORIES
40752202386654,& OTHER STORIES
40752202386657,& OTHER STORIES
40752202386658,& OTHER STORIES
40752202386680,& OTHER STORIES
40752202387681,& OTHER STORIES
40752202390278,& OTHER STORIES
40752202390279,& OTHER STORIES
40752202390291,& OTHER STORIES
40752202390292,& OTHER STORIES
40752202390293,& OTHER STORIES
40752202390294,& OTHER STORIES
40752202392485,& OTHER STORIES
40752202392486,& OTHER STORIES
40752202392592,& OTHER STORIES
40752202392593,& OTHER STORIES
40752202392594,& OTHER STORIES
40752202392595,& OTHER STORIES
40752202392628,& OTHER STORIES
40752202392629,& OTHER STORIES
40752202392630,& OTHER STORIES
40752202392631,& OTHER STORIES
40752202392632,& OTHER STORIES
40752202392633,& OTHER STORIES
40752202392634,& OTHER STORIES
40752202392635,& OTHER STORIES
40752202392636,& OTHER STORIES
40752202393385,& OTHER STORIES
40752202393386,& OTHER STORIES
40752202393387,& OTHER STORIES
40752202393745,& OTHER STORIES
40752202393746,& OTHER STORIES
40752202393796,& OTHER STORIES
40752202393797,& OTHER STORIES
40752202393816,& OTHER STORIES
40752202393819,& OTHER STORIES
40752202393821,& OTHER STORIES
40752202393901,& OTHER STORIES
40752202393902,& OTHER STORIES
40752202393903,& OTHER STORIES
40752202393909,& OTHER STORIES
40752202393910,& OTHER STORIES
40752202393911,& OTHER STORIES
40752202393912,& OTHER STORIES
40752202393913,& OTHER STORIES
40752202393914,& OTHER STORIES
40752202393952,& OTHER STORIES
40752202393953,& OTHER STORIES
40752202393954,& OTHER STORIES
40752202393955,& OTHER STORIES
40752202393956,& OTHER STORIES
40752202393957,& OTHER STORIES
40752202393958,& OTHER STORIES
40752202393959,& OTHER STORIES
40752202393960,& OTHER STORIES
40752202393961,& OTHER STORIES
40752202393962,& OTHER STORIES
40752202393963,& OTHER STORIES
40752202394018,& OTHER STORIES
40752202394019,& OTHER STORIES
40752202415944,& OTHER STORIES
40752202415945,& OTHER STORIES
40752202415946,& OTHER STORIES
40752202415947,& OTHER STORIES
40752202415948,& OTHER STORIES
40752202415949,& OTHER STORIES
40752202415950,& OTHER STORIES
40752202415951,& OTHER STORIES
40752202415952,& OTHER STORIES
40752202415953,& OTHER STORIES
40752202415954,& OTHER STORIES
40752202415955,& OTHER STORIES
40752202415956,& OTHER STORIES
40752202415957,& OTHER STORIES
40752202415958,& OTHER STORIES
40752202415959,& OTHER STORIES
40752202415960,& OTHER STORIES
40752202415961,& OTHER STORIES
40752202415967,& OTHER STORIES
40752202415968,& OTHER STORIES
40752202415969,& OTHER STORIES
40752202415970,& OTHER STORIES
40752202415971,& OTHER STORIES
40752202415972,& OTHER STORIES
40752202415973,& OTHER STORIES
40752202415974,& OTHER STORIES
40752202415975,& OTHER STORIES
40752202415976,& OTHER STORIES
40752202416079,& OTHER STORIES
40752202416080,& OTHER STORIES
40752202416081,& OTHER STORIES
40752202416082,& OTHER STORIES
40752202416083,& OTHER STORIES
40752202416084,& OTHER STORIES
40752202416085,& OTHER STORIES
40752202416086,& OTHER STORIES
40752202416087,& OTHER STORIES
40752202416088,& OTHER STORIES
40752202416090,& OTHER STORIES
40752202416091,& OTHER STORIES
40752202416278,& OTHER STORIES
40752202416279,& OTHER STORIES
40752202416280,& OTHER STORIES
40752202416281,& OTHER STORIES
40752202416282,& OTHER STORIES
40752202416283,& OTHER STORIES
40752202416284,& OTHER STORIES
40752202416385,& OTHER STORIES
40752202416386,& OTHER STORIES
40752202416387,& OTHER STORIES
40752202416388,& OTHER STORIES
40752202416389,& OTHER STORIES
40752202418536,& OTHER STORIES
40752202418537,& OTHER STORIES
40752202418611,& OTHER STORIES
40752202418613,& OTHER STORIES
40752202418614,& OTHER STORIES
40752202418615,& OTHER STORIES
40752202418616,& OTHER STORIES
40752202418617,& OTHER STORIES
40752202418620,& OTHER STORIES
40752202418622,& OTHER STORIES
40752202418624,& OTHER STORIES
40752202418626,& OTHER STORIES
40752202418691,& OTHER STORIES
40752202418692,& OTHER STORIES
40752202418848,& OTHER STORIES
40752202418849,& OTHER STORIES
40752202418850,& OTHER STORIES
40752202418853,& OTHER STORIES
40752202418854,& OTHER STORIES
40752202418855,& OTHER STORIES
40752202418856,& OTHER STORIES
40752202418857,& OTHER STORIES
40752202418858,& OTHER STORIES
40752202418859,& OTHER STORIES
40752202418860,& OTHER STORIES
40752202418861,& OTHER STORIES
40752202418865,& OTHER STORIES
40752202418866,& OTHER STORIES
40752202418867,& OTHER STORIES
40752202418868,& OTHER STORIES
40752202418869,& OTHER STORIES
40752202418870,& OTHER STORIES
40752202418871,& OTHER STORIES
40752202418873,& OTHER STORIES
40752202418905,& OTHER STORIES
40752202418911,& OTHER STORIES
40752202418915,& OTHER STORIES
40752202418922,& OTHER STORIES
40752202419114,& OTHER STORIES
40752202419144,& OTHER STORIES
40752202419569,& OTHER STORIES
40752202422209,& OTHER STORIES
40752202423790,& OTHER STORIES
40752202423791,& OTHER STORIES
40752202425401,& OTHER STORIES
40752202425502,& OTHER STORIES
40752202425683,& OTHER STORIES
40752202425753,& OTHER STORIES
40752202425754,& OTHER STORIES
40752202425770,& OTHER STORIES
40752202426141,& OTHER STORIES
40752202426144,& OTHER STORIES
40752202426958,& OTHER STORIES
40752202427789,& OTHER STORIES
40752202428453,& OTHER STORIES
40752202428458,& OTHER STORIES
40752202428493,& OTHER STORIES
40752202428702,& OTHER STORIES
40752202428703,& OTHER STORIES
40752202428705,& OTHER STORIES
40752202428953,& OTHER STORIES
40752202428962,& OTHER STORIES
40752202429869,& OTHER STORIES
40752202429870,& OTHER STORIES
18152200311505,& OTHER STORIES
18152200311506,& OTHER STORIES
18152200311507,& OTHER STORIES
18152200311544,& OTHER STORIES
18152200311545,& OTHER STORIES
18152200311546,& OTHER STORIES
18152200311576,& OTHER STORIES
18152200311577,& OTHER STORIES
18152200311578,& OTHER STORIES
18152200329659,& OTHER STORIES
18152200329660,& OTHER STORIES
18152200329661,& OTHER STORIES
18152200364233,& OTHER STORIES
18152200364234,& OTHER STORIES
18152200364235,& OTHER STORIES
18152200369496,& OTHER STORIES
18152200369497,& OTHER STORIES
18152200369498,& OTHER STORIES
18152200369519,& OTHER STORIES
18152200369520,& OTHER STORIES
18152200369521,& OTHER STORIES
18152200392025,& OTHER STORIES
18152200392026,& OTHER STORIES
18152200392027,& OTHER STORIES
18152200392028,& OTHER STORIES
18152200392029,& OTHER STORIES
18152200392030,& OTHER STORIES
18152200392053,& OTHER STORIES
18152200392054,& OTHER STORIES
18152200392055,& OTHER STORIES
18152200396854,& OTHER STORIES
18152200396855,& OTHER STORIES
18152200396856,& OTHER STORIES
18152200608408,& OTHER STORIES
18152200608410,& OTHER STORIES
18152200617740,& OTHER STORIES
18152200617741,& OTHER STORIES
18152200617742,& OTHER STORIES
18152200633939,& OTHER STORIES
18152200633940,& OTHER STORIES
18152200633941,& OTHER STORIES
18152200633948,& OTHER STORIES
18152200633949,& OTHER STORIES
18152200633950,& OTHER STORIES
18152200636242,& OTHER STORIES
18152200636244,& OTHER STORIES
18152200636287,& OTHER STORIES
18152200689618,& OTHER STORIES
18152200689619,& OTHER STORIES
18152200689620,& OTHER STORIES
18152200721083,& OTHER STORIES
18152200721084,& OTHER STORIES
18152200721085,& OTHER STORIES
18152200727805,& OTHER STORIES
18152200727806,& OTHER STORIES
18152200727807,& OTHER STORIES
18152200737854,& OTHER STORIES
18152200737855,& OTHER STORIES
18152200737856,& OTHER STORIES
18152200787984,& OTHER STORIES
18152200787985,& OTHER STORIES
18152200787986,& OTHER STORIES
18152200787987,& OTHER STORIES
18152200787988,& OTHER STORIES
18152200787989,& OTHER STORIES
18152200820064,& OTHER STORIES
18152200820065,& OTHER STORIES
18152200820066,& OTHER STORIES
18152200822103,& OTHER STORIES
18152200822104,& OTHER STORIES
18152200822105,& OTHER STORIES
18152200865624,& OTHER STORIES
18152200865625,& OTHER STORIES
18152200865626,& OTHER STORIES
18152200885632,& OTHER STORIES
18152200885633,& OTHER STORIES
18152200885634,& OTHER STORIES
18152200885638,& OTHER STORIES
18152200885639,& OTHER STORIES
18152200885640,& OTHER STORIES
18152200885644,& OTHER STORIES
18152200885645,& OTHER STORIES
18152200885646,& OTHER STORIES
18152200888205,& OTHER STORIES
18152200888206,& OTHER STORIES
18152200888207,& OTHER STORIES
18152200888211,& OTHER STORIES
18152200888212,& OTHER STORIES
18152200888213,& OTHER STORIES
18152200888214,& OTHER STORIES
18152200888215,& OTHER STORIES
18152200888216,& OTHER STORIES
18152200888220,& OTHER STORIES
18152200888221,& OTHER STORIES
18152200888222,& OTHER STORIES
18152200888822,& OTHER STORIES
18152200888823,& OTHER STORIES
18152200888824,& OTHER STORIES
18152200888851,& OTHER STORIES
18152200888852,& OTHER STORIES
18152200888853,& OTHER STORIES
18152200888886,& OTHER STORIES
18152200888887,& OTHER STORIES
18152200888888,& OTHER STORIES
40752202430138,& OTHER STORIES
40752202430139,& OTHER STORIES
40752202430977,& OTHER STORIES
40752202431153,& OTHER STORIES
40752202431154,& OTHER STORIES
40752202431155,& OTHER STORIES
40752202431157,& OTHER STORIES
40752202431158,& OTHER STORIES
40752202435157,& OTHER STORIES
40752202435158,& OTHER STORIES
40752202435159,& OTHER STORIES
40752202435160,& OTHER STORIES
40752202435161,& OTHER STORIES
40752202435162,& OTHER STORIES
40752202435164,& OTHER STORIES
40752202435165,& OTHER STORIES
40752202435166,& OTHER STORIES
40752202442914,& OTHER STORIES
40752202442915,& OTHER STORIES
40752202442916,& OTHER STORIES
40752202442917,& OTHER STORIES
40752202448312,& OTHER STORIES
40752202448313,& OTHER STORIES
40752202448314,& OTHER STORIES
40752202448315,& OTHER STORIES
40752202448316,& OTHER STORIES
40752202448317,& OTHER STORIES
40752202448318,& OTHER STORIES
40752202448319,& OTHER STORIES
40752202448363,& OTHER STORIES
40752202448364,& OTHER STORIES
40752202448365,& OTHER STORIES
40752202448366,& OTHER STORIES
40752202448367,& OTHER STORIES
40752202448368,& OTHER STORIES
40752202448369,& OTHER STORIES
40752202448370,& OTHER STORIES
40752202448371,& OTHER STORIES
40752202448372,& OTHER STORIES
40752202448373,& OTHER STORIES
40752202448374,& OTHER STORIES
40752202448388,& OTHER STORIES
40752202448389,& OTHER STORIES
40752202448390,& OTHER STORIES
40752202448391,& OTHER STORIES
40752202448392,& OTHER STORIES
40752202448393,& OTHER STORIES
40752202448394,& OTHER STORIES
40752202448395,& OTHER STORIES
40752202448396,& OTHER STORIES
40752202449351,& OTHER STORIES
40752202449352,& OTHER STORIES
40752202449353,& OTHER STORIES
40752202449354,& OTHER STORIES
40752202449355,& OTHER STORIES
40752202449356,& OTHER STORIES
40752202449357,& OTHER STORIES
40752202449358,& OTHER STORIES
40752202449449,& OTHER STORIES
40752202449450,& OTHER STORIES
40752202449451,& OTHER STORIES
40752202449452,& OTHER STORIES
40752202449453,& OTHER STORIES
40752202449454,& OTHER STORIES
40752202449455,& OTHER STORIES
40752202449456,& OTHER STORIES
40752202449457,& OTHER STORIES
40752202449458,& OTHER STORIES
40752202449487,& OTHER STORIES
40752202449488,& OTHER STORIES
40752202449489,& OTHER STORIES
40752202449490,& OTHER STORIES
40752202449491,& OTHER STORIES
40752202449492,& OTHER STORIES
40752202449493,& OTHER STORIES
40752202449494,& OTHER STORIES
40752202449495,& OTHER STORIES
40752202449496,& OTHER STORIES
40752202449515,& OTHER STORIES
40752202449516,& OTHER STORIES
40752202449517,& OTHER STORIES
40752202449518,& OTHER STORIES
40752202449519,& OTHER STORIES
40752202449520,& OTHER STORIES
40752202449521,& OTHER STORIES
40752202449522,& OTHER STORIES
40752202449523,& OTHER STORIES
40752202449524,& OTHER STORIES
40752202449525,& OTHER STORIES
40752202449614,& OTHER STORIES
40752202449615,& OTHER STORIES
40752202449616,& OTHER STORIES
40752202449617,& OTHER STORIES
40752202449618,& OTHER STORIES
40752202449619,& OTHER STORIES
40752202449620,& OTHER STORIES
40752202449621,& OTHER STORIES
40752202449622,& OTHER STORIES
40752202449623,& OTHER STORIES
40752202449624,& OTHER STORIES
40752202449625,& OTHER STORIES
40752202449631,& OTHER STORIES
40752202449632,& OTHER STORIES
40752202449633,& OTHER STORIES
40752202449634,& OTHER STORIES
40752202449635,& OTHER STORIES
40752202449636,& OTHER STORIES
40752202449637,& OTHER STORIES
40752202449638,& OTHER STORIES
40752202449639,& OTHER STORIES
40752202449640,& OTHER STORIES
40752202449641,& OTHER STORIES
40752202450504,& OTHER STORIES
40752202450505,& OTHER STORIES
40752202453481,& OTHER STORIES
40752202453482,& OTHER STORIES
40752202453540,& OTHER STORIES
40752202453541,& OTHER STORIES
40752202453811,& OTHER STORIES
40752202453812,& OTHER STORIES
40752202453917,& OTHER STORIES
40752202453918,& OTHER STORIES
40752202453919,& OTHER STORIES
40752202454363,& OTHER STORIES
40752202454365,& OTHER STORIES
40752202464602,& OTHER STORIES
40752202465194,& OTHER STORIES
40752202465195,& OTHER STORIES
40752202465196,& OTHER STORIES
40752202465197,& OTHER STORIES
40752202465198,& OTHER STORIES
40752202465272,& OTHER STORIES
40752202465273,& OTHER STORIES
40752202466144,& OTHER STORIES
40752202466145,& OTHER STORIES
40752202466146,& OTHER STORIES
40752202466147,& OTHER STORIES
40752202466148,& OTHER STORIES
40752202470553,& OTHER STORIES
40752202470554,& OTHER STORIES
40752202470555,& OTHER STORIES
40752202470556,& OTHER STORIES
40752202470558,& OTHER STORIES
40752202470559,& OTHER STORIES
40752202470593,& OTHER STORIES
40752202470594,& OTHER STORIES
40752202470595,& OTHER STORIES
40752202470596,& OTHER STORIES
40752202470597,& OTHER STORIES
40752202470598,& OTHER STORIES
40752202470599,& OTHER STORIES
40752202470600,& OTHER STORIES
40752202470651,& OTHER STORIES
40752202470652,& OTHER STORIES
40752202470653,& OTHER STORIES
40752202470654,& OTHER STORIES
40752202470655,& OTHER STORIES
40752202470656,& OTHER STORIES
40752202348111,& OTHER STORIES
40752202348112,& OTHER STORIES
40752202348113,& OTHER STORIES
40752202348114,& OTHER STORIES
40752202348115,& OTHER STORIES
40752202348418,& OTHER STORIES
40752202348419,& OTHER STORIES
40752202348420,& OTHER STORIES
40752202348421,& OTHER STORIES
40752202348422,& OTHER STORIES
40752202348423,& OTHER STORIES
40752202348550,& OTHER STORIES
40752202348551,& OTHER STORIES
40752202348552,& OTHER STORIES
40752202348553,& OTHER STORIES
40752202348554,& OTHER STORIES
40752202348661,& OTHER STORIES
40752202348663,& OTHER STORIES
40752202348664,& OTHER STORIES
40752202348887,& OTHER STORIES
40752202348888,& OTHER STORIES
40752202349038,& OTHER STORIES
40752202349039,& OTHER STORIES
40752202349040,& OTHER STORIES
40752202349043,& OTHER STORIES
40752202349044,& OTHER STORIES
40752202349045,& OTHER STORIES
40752202349046,& OTHER STORIES
40752202349048,& OTHER STORIES
40752202349049,& OTHER STORIES
40752202349274,& OTHER STORIES
40752202349276,& OTHER STORIES
40752202349278,& OTHER STORIES
40752202349280,& OTHER STORIES
40752202349282,& OTHER STORIES
40752202349284,& OTHER STORIES
40752202349520,& OTHER STORIES
40752202349521,& OTHER STORIES
40752202349522,& OTHER STORIES
40752202349523,& OTHER STORIES
40752202349524,& OTHER STORIES
40752202349596,& OTHER STORIES
40752202349597,& OTHER STORIES
40752202349598,& OTHER STORIES
40752202349672,& OTHER STORIES
40752202349673,& OTHER STORIES
40752202349689,& OTHER STORIES
40752202349691,& OTHER STORIES
40752202349740,& OTHER STORIES
40752202349779,& OTHER STORIES
40752202349827,& OTHER STORIES
40752202349828,& OTHER STORIES
40752202349829,& OTHER STORIES
40752202350120,& OTHER STORIES
40752202350121,& OTHER STORIES
40752202350134,& OTHER STORIES
40752202350135,& OTHER STORIES
40752202350136,& OTHER STORIES
40752202351041,& OTHER STORIES
40752202351042,& OTHER STORIES
40752202351043,& OTHER STORIES
40752202351044,& OTHER STORIES
40752202351045,& OTHER STORIES
40752202351046,& OTHER STORIES
40752202351047,& OTHER STORIES
40752202351048,& OTHER STORIES
40752202351049,& OTHER STORIES
40752202351050,& OTHER STORIES
40752202351051,& OTHER STORIES
40752202351052,& OTHER STORIES
40752202351053,& OTHER STORIES
40752202351054,& OTHER STORIES
40752202351055,& OTHER STORIES
40752202351057,& OTHER STORIES
40752202351058,& OTHER STORIES
40752202351059,& OTHER STORIES
40752202351157,& OTHER STORIES
40752202351159,& OTHER STORIES
40752202351161,& OTHER STORIES
40752202351167,& OTHER STORIES
40752202351168,& OTHER STORIES
40752202351169,& OTHER STORIES
40752202351170,& OTHER STORIES
40752202351928,& OTHER STORIES
40752202351929,& OTHER STORIES
40752202351980,& OTHER STORIES
40752202351981,& OTHER STORIES
40752202351982,& OTHER STORIES
40752202353984,& OTHER STORIES
40752202353985,& OTHER STORIES
40752202353986,& OTHER STORIES
40752202354109,& OTHER STORIES
40752202354130,& OTHER STORIES
40752202357298,& OTHER STORIES
40752202357299,& OTHER STORIES
40752202357300,& OTHER STORIES
40752202357326,& OTHER STORIES
40752202357327,& OTHER STORIES
40752202357328,& OTHER STORIES
40752202357329,& OTHER STORIES
40752202357330,& OTHER STORIES
40752202357331,& OTHER STORIES
40752202357332,& OTHER STORIES
40752202357333,& OTHER STORIES
40752202357334,& OTHER STORIES
40752202357335,& OTHER STORIES
40752202357336,& OTHER STORIES
40752202357337,& OTHER STORIES
40752202357338,& OTHER STORIES
40752202357339,& OTHER STORIES
40752202357340,& OTHER STORIES
40752202357341,& OTHER STORIES
40752202357342,& OTHER STORIES
40752202357343,& OTHER STORIES
40752202357344,& OTHER STORIES
40752202357345,& OTHER STORIES
40752202357346,& OTHER STORIES
40752202357347,& OTHER STORIES
40752202357348,& OTHER STORIES
40752202357349,& OTHER STORIES
40752202408413,& OTHER STORIES
40752202408414,& OTHER STORIES
40752202408415,& OTHER STORIES
40752202408416,& OTHER STORIES
40752202408417,& OTHER STORIES
40752202408418,& OTHER STORIES
40752202408421,& OTHER STORIES
40752202408422,& OTHER STORIES
40752202408423,& OTHER STORIES
40752202408424,& OTHER STORIES
40752202408425,& OTHER STORIES
40752202408426,& OTHER STORIES
40752202408427,& OTHER STORIES
40752202408428,& OTHER STORIES
40752202408429,& OTHER STORIES
40752202408430,& OTHER STORIES
40752202408431,& OTHER STORIES
40752202408517,& OTHER STORIES
40752202408518,& OTHER STORIES
40752202408519,& OTHER STORIES
40752202408520,& OTHER STORIES
40752202408549,& OTHER STORIES
40752202408550,& OTHER STORIES
40752202408551,& OTHER STORIES
40752202408552,& OTHER STORIES
40752202408576,& OTHER STORIES
40752202408577,& OTHER STORIES
40752202408578,& OTHER STORIES
40752202408579,& OTHER STORIES
40752202408580,& OTHER STORIES
40752202408581,& OTHER STORIES
40752202408582,& OTHER STORIES
40752202408583,& OTHER STORIES
40752202408584,& OTHER STORIES
40752202408585,& OTHER STORIES
40752202408718,& OTHER STORIES
40752202408719,& OTHER STORIES
40752202408720,& OTHER STORIES
40752202410437,& OTHER STORIES
40752202410694,& OTHER STORIES
40752202412235,& OTHER STORIES
40752202412236,& OTHER STORIES
40752202412237,& OTHER STORIES
40752202412238,& OTHER STORIES
40752202412239,& OTHER STORIES
40752202412726,& OTHER STORIES
40752202412727,& OTHER STORIES
40752202412766,& OTHER STORIES
40752202412767,& OTHER STORIES
40752202412780,& OTHER STORIES
40752202412781,& OTHER STORIES
40752202412796,& OTHER STORIES
40752202412797,& OTHER STORIES
40752202412798,& OTHER STORIES
40752202413158,& OTHER STORIES
40752202413180,& OTHER STORIES
40752202413221,& OTHER STORIES
40752202413240,& OTHER STORIES
40752202414039,& OTHER STORIES
40752202414041,& OTHER STORIES
40752202414185,& OTHER STORIES
40752202414186,& OTHER STORIES
40752202414187,& OTHER STORIES
40752202414188,& OTHER STORIES
40752202414189,& OTHER STORIES
40752202414190,& OTHER STORIES
40752202414342,& OTHER STORIES
40752202414344,& OTHER STORIES
40752202414346,& OTHER STORIES
40752202414348,& OTHER STORIES
40752202414354,& OTHER STORIES
40752202414355,& OTHER STORIES
40752202414366,& OTHER STORIES
40752202414367,& OTHER STORIES
40752202414368,& OTHER STORIES
40752202414369,& OTHER STORIES
40752202414493,& OTHER STORIES
40752202414494,& OTHER STORIES
40752202414495,& OTHER STORIES
40752202414496,& OTHER STORIES
40752202414497,& OTHER STORIES
40752202414498,& OTHER STORIES
40752202414499,& OTHER STORIES
40752202414500,& OTHER STORIES
40752202414508,& OTHER STORIES
40752202414509,& OTHER STORIES
40752202414510,& OTHER STORIES
40752202414511,& OTHER STORIES
40752202414513,& OTHER STORIES
40752202414514,& OTHER STORIES
40752202414515,& OTHER STORIES
40752202414516,& OTHER STORIES
40752202414517,& OTHER STORIES
40752202414518,& OTHER STORIES
40752202414519,& OTHER STORIES
40752202414520,& OTHER STORIES
40752202415765,& OTHER STORIES
40752202415766,& OTHER STORIES
40752202415831,& OTHER STORIES
40752202415832,& OTHER STORIES
40752202415833,& OTHER STORIES
40752202415834,& OTHER STORIES
40752202415835,& OTHER STORIES
40752202415836,& OTHER STORIES
40752202415837,& OTHER STORIES
40752202415838,& OTHER STORIES
40752202415839,& OTHER STORIES
40752202415840,& OTHER STORIES
40752202415841,& OTHER STORIES
40752202415842,& OTHER STORIES
40752202415843,& OTHER STORIES
40752202415844,& OTHER STORIES
40752202415845,& OTHER STORIES
40752202415846,& OTHER STORIES
40752200971901,& OTHER STORIES
40752200971902,& OTHER STORIES
40752200971903,& OTHER STORIES
40752200972003,& OTHER STORIES
40752200972004,& OTHER STORIES
40752200972005,& OTHER STORIES
40752200976461,& OTHER STORIES
40752200976462,& OTHER STORIES
40752200976463,& OTHER STORIES
40752200979893,& OTHER STORIES
40752200979894,& OTHER STORIES
40752200979895,& OTHER STORIES
40752200980652,& OTHER STORIES
40752200980653,& OTHER STORIES
40752200980665,& OTHER STORIES
40752200983899,& OTHER STORIES
40752200983900,& OTHER STORIES
40752200983901,& OTHER STORIES
40752200983905,& OTHER STORIES
40752200983906,& OTHER STORIES
40752200983907,& OTHER STORIES
40752200983908,& OTHER STORIES
40752200983909,& OTHER STORIES
40752200983910,& OTHER STORIES
40752200983923,& OTHER STORIES
40752200983924,& OTHER STORIES
40752200983925,& OTHER STORIES
40752200983926,& OTHER STORIES
40752200983927,& OTHER STORIES
40752200983928,& OTHER STORIES
40752200997212,& OTHER STORIES
40752200997213,& OTHER STORIES
40752200997215,& OTHER STORIES
40752200997216,& OTHER STORIES
40752200997217,& OTHER STORIES
40752201004000,& OTHER STORIES
40752201004001,& OTHER STORIES
40752201004002,& OTHER STORIES
40752201005969,& OTHER STORIES
40752201012058,& OTHER STORIES
40752201012059,& OTHER STORIES
40752201012060,& OTHER STORIES
40752201013930,& OTHER STORIES
40752201013931,& OTHER STORIES
40752201013932,& OTHER STORIES
40752201013933,& OTHER STORIES
40752201013934,& OTHER STORIES
40752201013935,& OTHER STORIES
40752201013936,& OTHER STORIES
40752201013937,& OTHER STORIES
40752201013938,& OTHER STORIES
40752201013942,& OTHER STORIES
40752201013943,& OTHER STORIES
40752201013944,& OTHER STORIES
40752201013945,& OTHER STORIES
40752201013946,& OTHER STORIES
40752201013947,& OTHER STORIES
40752201014731,& OTHER STORIES
40752201014732,& OTHER STORIES
40752201014733,& OTHER STORIES
40752201014737,& OTHER STORIES
40752201014738,& OTHER STORIES
40752201014739,& OTHER STORIES
40752201014743,& OTHER STORIES
40752201014744,& OTHER STORIES
40752201014745,& OTHER STORIES
40752201014750,& OTHER STORIES
40752201014751,& OTHER STORIES
40752201014752,& OTHER STORIES
40752201014753,& OTHER STORIES
40752201014754,& OTHER STORIES
40752201014755,& OTHER STORIES
40752201017332,& OTHER STORIES
40752201020447,& OTHER STORIES
40752201020448,& OTHER STORIES
40752201020449,& OTHER STORIES
40752201020456,& OTHER STORIES
40752201020457,& OTHER STORIES
40752201020458,& OTHER STORIES
40752201024971,& OTHER STORIES
40752201024972,& OTHER STORIES
40752201024973,& OTHER STORIES
40752201024974,& OTHER STORIES
40752201024975,& OTHER STORIES
40752201024976,& OTHER STORIES
40752201024977,& OTHER STORIES
40752201024978,& OTHER STORIES
40752201024979,& OTHER STORIES
40752201031097,& OTHER STORIES
40752201031098,& OTHER STORIES
40752201031099,& OTHER STORIES
40752201031100,& OTHER STORIES
40752201031101,& OTHER STORIES
40752201031102,& OTHER STORIES
40752201034370,& OTHER STORIES
40752201034371,& OTHER STORIES
40752201034372,& OTHER STORIES
40752201036576,& OTHER STORIES
40752201036577,& OTHER STORIES
40752201036578,& OTHER STORIES
40752201036664,& OTHER STORIES
40752201036665,& OTHER STORIES
40752201036666,& OTHER STORIES
40752201037335,& OTHER STORIES
40752201037336,& OTHER STORIES
40752201037337,& OTHER STORIES
40752201037343,& OTHER STORIES
40752201037344,& OTHER STORIES
40752201037345,& OTHER STORIES
40752201037370,& OTHER STORIES
40752201037371,& OTHER STORIES
40752201037372,& OTHER STORIES
40752201037376,& OTHER STORIES
40752201037377,& OTHER STORIES
40752201037378,& OTHER STORIES
40752201037379,& OTHER STORIES
40752201037380,& OTHER STORIES
40752201037381,& OTHER STORIES
40752201037382,& OTHER STORIES
40752201037383,& OTHER STORIES
40752201037384,& OTHER STORIES
40752201037385,& OTHER STORIES
40752201037386,& OTHER STORIES
40752201037387,& OTHER STORIES
40752201039351,& OTHER STORIES
40752201039352,& OTHER STORIES
40752201039353,& OTHER STORIES
18152200891015,& OTHER STORIES
18152200891016,& OTHER STORIES
18152200894147,& OTHER STORIES
18152200894148,& OTHER STORIES
18152200894149,& OTHER STORIES
18152200894159,& OTHER STORIES
18152200894160,& OTHER STORIES
18152200894161,& OTHER STORIES
18152200894165,& OTHER STORIES
18152200894166,& OTHER STORIES
18152200894167,& OTHER STORIES
18152200894168,& OTHER STORIES
18152200894169,& OTHER STORIES
18152200894170,& OTHER STORIES
18152200894182,& OTHER STORIES
18152200894183,& OTHER STORIES
18152200894184,& OTHER STORIES
18152200894185,& OTHER STORIES
18152200894186,& OTHER STORIES
18152200894187,& OTHER STORIES
18152200894188,& OTHER STORIES
18152200894189,& OTHER STORIES
18152200894190,& OTHER STORIES
18152200894225,& OTHER STORIES
18152200894226,& OTHER STORIES
18152200894227,& OTHER STORIES
18152200894234,& OTHER STORIES
18152200894235,& OTHER STORIES
18152200894236,& OTHER STORIES
18152200894243,& OTHER STORIES
18152200894244,& OTHER STORIES
18152200894245,& OTHER STORIES
18152200894249,& OTHER STORIES
18152200894250,& OTHER STORIES
18152200894251,& OTHER STORIES
18152200894252,& OTHER STORIES
18152200894253,& OTHER STORIES
18152200894254,& OTHER STORIES
18152200894264,& OTHER STORIES
18152200894265,& OTHER STORIES
18152200894266,& OTHER STORIES
18152200894267,& OTHER STORIES
18152200894268,& OTHER STORIES
18152200894269,& OTHER STORIES
18152200894280,& OTHER STORIES
18152200894281,& OTHER STORIES
18152200894282,& OTHER STORIES
18152200896928,& OTHER STORIES
18152200896929,& OTHER STORIES
18152200896930,& OTHER STORIES
18152200898434,& OTHER STORIES
18152200898435,& OTHER STORIES
18152200898436,& OTHER STORIES
18152200898702,& OTHER STORIES
18152200898703,& OTHER STORIES
18152200902055,& OTHER STORIES
18152200902056,& OTHER STORIES
18152200902057,& OTHER STORIES
40752200914268,& OTHER STORIES
40752200914269,& OTHER STORIES
40752200914270,& OTHER STORIES
40752200914302,& OTHER STORIES
40752200914303,& OTHER STORIES
40752200914304,& OTHER STORIES
40752200946705,& OTHER STORIES
40752200946706,& OTHER STORIES
40752200955622,& OTHER STORIES
40752200955623,& OTHER STORIES
40752200955634,& OTHER STORIES
40752200955635,& OTHER STORIES
40752200955636,& OTHER STORIES
40752200955652,& OTHER STORIES
40752200955653,& OTHER STORIES
40752200955654,& OTHER STORIES
40752200955655,& OTHER STORIES
40752200955656,& OTHER STORIES
40752200955657,& OTHER STORIES
40752200955658,& OTHER STORIES
40752200955659,& OTHER STORIES
40752200955660,& OTHER STORIES
40752200955661,& OTHER STORIES
40752200955662,& OTHER STORIES
40752200955663,& OTHER STORIES
40752200955667,& OTHER STORIES
40752200955668,& OTHER STORIES
40752200955669,& OTHER STORIES
40752200955673,& OTHER STORIES
40752200955674,& OTHER STORIES
40752200955675,& OTHER STORIES
40752200955676,& OTHER STORIES
40752200955677,& OTHER STORIES
40752200955678,& OTHER STORIES
40752200955679,& OTHER STORIES
40752200955680,& OTHER STORIES
40752200955682,& OTHER STORIES
40752200955683,& OTHER STORIES
40752200955684,& OTHER STORIES
40752200955697,& OTHER STORIES
40752200955698,& OTHER STORIES
40752200955699,& OTHER STORIES
40752200963288,& OTHER STORIES
40752200963289,& OTHER STORIES
40752200963290,& OTHER STORIES
40752200965248,& OTHER STORIES
40752200965249,& OTHER STORIES
40752200965250,& OTHER STORIES
40752200965254,& OTHER STORIES
40752200965255,& OTHER STORIES
40752200965256,& OTHER STORIES
40752200965581,& OTHER STORIES
40752200965582,& OTHER STORIES
40752200966313,& OTHER STORIES
40752200966314,& OTHER STORIES
40752200966315,& OTHER STORIES
40752201663970,& OTHER STORIES
40752201663971,& OTHER STORIES
40752201663974,& OTHER STORIES
40752201663975,& OTHER STORIES
40752201663977,& OTHER STORIES
40752201663978,& OTHER STORIES
40752201663979,& OTHER STORIES
40752201663980,& OTHER STORIES
40752201663981,& OTHER STORIES
40752201663982,& OTHER STORIES
40752201663983,& OTHER STORIES
40752201663984,& OTHER STORIES
40752201663985,& OTHER STORIES
40752201663986,& OTHER STORIES
40752201663987,& OTHER STORIES
40752201663988,& OTHER STORIES
40752201663989,& OTHER STORIES
40752201663990,& OTHER STORIES
40752201663993,& OTHER STORIES
40752201663994,& OTHER STORIES
40752201663996,& OTHER STORIES
40752201663997,& OTHER STORIES
40752201664029,& OTHER STORIES
40752201664030,& OTHER STORIES
40752201664031,& OTHER STORIES
40752201664032,& OTHER STORIES
40752201664033,& OTHER STORIES
40752201664034,& OTHER STORIES
40752201664223,& OTHER STORIES
40752201664224,& OTHER STORIES
40752201664225,& OTHER STORIES
40752201666248,& OTHER STORIES
40752201666304,& OTHER STORIES
40752201667815,& OTHER STORIES
40752201670902,& OTHER STORIES
40752201670903,& OTHER STORIES
40752201672458,& OTHER STORIES
40752201672459,& OTHER STORIES
40752201672460,& OTHER STORIES
40752201672461,& OTHER STORIES
40752201672462,& OTHER STORIES
40752201672463,& OTHER STORIES
40752201672464,& OTHER STORIES
40752201672465,& OTHER STORIES
40752201672466,& OTHER STORIES
40752201672467,& OTHER STORIES
40752201672468,& OTHER STORIES
40752201672469,& OTHER STORIES
40752201672470,& OTHER STORIES
40752201672472,& OTHER STORIES
40752201672474,& OTHER STORIES
40752201672475,& OTHER STORIES
40752201672477,& OTHER STORIES
40752201672478,& OTHER STORIES
40752201672479,& OTHER STORIES
40752201672480,& OTHER STORIES
40752201672481,& OTHER STORIES
40752201672483,& OTHER STORIES
40752201672484,& OTHER STORIES
40752201672485,& OTHER STORIES
40752201672486,& OTHER STORIES
40752201672487,& OTHER STORIES
40752201672488,& OTHER STORIES
40752201672490,& OTHER STORIES
40752201672491,& OTHER STORIES
40752201672530,& OTHER STORIES
40752201674884,& OTHER STORIES
40752201674885,& OTHER STORIES
40752201674886,& OTHER STORIES
40752201674887,& OTHER STORIES
40752201674888,& OTHER STORIES
40752201674889,& OTHER STORIES
40752201674890,& OTHER STORIES
40752201674891,& OTHER STORIES
40752201674892,& OTHER STORIES
40752201674893,& OTHER STORIES
40752201674894,& OTHER STORIES
40752201674895,& OTHER STORIES
40752201674896,& OTHER STORIES
40752201674897,& OTHER STORIES
40752201674898,& OTHER STORIES
40752201674899,& OTHER STORIES
40752201674900,& OTHER STORIES
40752201674901,& OTHER STORIES
40752201674902,& OTHER STORIES
40752201674903,& OTHER STORIES
40752201674904,& OTHER STORIES
40752201674905,& OTHER STORIES
40752201674906,& OTHER STORIES
40752201675137,& OTHER STORIES
40752201675194,& OTHER STORIES
40752201675440,& OTHER STORIES
40752201675441,& OTHER STORIES
40752201675442,& OTHER STORIES
40752201675443,& OTHER STORIES
40752201675444,& OTHER STORIES
40752201675445,& OTHER STORIES
40752201675446,& OTHER STORIES
40752201675447,& OTHER STORIES
40752201675448,& OTHER STORIES
40752201675449,& OTHER STORIES
40752201675450,& OTHER STORIES
40752201675451,& OTHER STORIES
40752201675452,& OTHER STORIES
40752201675453,& OTHER STORIES
40752201675455,& OTHER STORIES
40752201675456,& OTHER STORIES
40752201675457,& OTHER STORIES
40752201675458,& OTHER STORIES
40752201675459,& OTHER STORIES
40752201675461,& OTHER STORIES
40752201675462,& OTHER STORIES
40752201675463,& OTHER STORIES
40752201675464,& OTHER STORIES
40752201675465,& OTHER STORIES
40752201675466,& OTHER STORIES
40752201675467,& OTHER STORIES
40752201675468,& OTHER STORIES
40752201675469,& OTHER STORIES
40752201675471,& OTHER STORIES
40752201675472,& OTHER STORIES
40752201675473,& OTHER STORIES
40752201675474,& OTHER STORIES
40752201675475,& OTHER STORIES
40752201676820,& OTHER STORIES
40752201676821,& OTHER STORIES
40752201676822,& OTHER STORIES
40752201676823,& OTHER STORIES
40752201676824,& OTHER STORIES
40752201676825,& OTHER STORIES
40752201676826,& OTHER STORIES
40752201676828,& OTHER STORIES
40752201676829,& OTHER STORIES
40752201676830,& OTHER STORIES
40752201676831,& OTHER STORIES
40752201676832,& OTHER STORIES
40752201677338,& OTHER STORIES
40752201677340,& OTHER STORIES
40752201677341,& OTHER STORIES
40752201677342,& OTHER STORIES
40752201677343,& OTHER STORIES
40752201677344,& OTHER STORIES
40752201677377,& OTHER STORIES
40752201677379,& OTHER STORIES
40752201677381,& OTHER STORIES
40752201678811,& OTHER STORIES
40752201690408,& OTHER STORIES
40752201691533,& OTHER STORIES
40752201691816,& OTHER STORIES
40752201696825,& OTHER STORIES
40752201696826,& OTHER STORIES
40752201696827,& OTHER STORIES
40752201698096,& OTHER STORIES
40752201698098,& OTHER STORIES
40752201698104,& OTHER STORIES
40752201698108,& OTHER STORIES
40752201698110,& OTHER STORIES
40752201698112,& OTHER STORIES
40752201698114,& OTHER STORIES
40752201698116,& OTHER STORIES
40752201698119,& OTHER STORIES
40752201698122,& OTHER STORIES
40752201698125,& OTHER STORIES
40752201698128,& OTHER STORIES
40752201698131,& OTHER STORIES
40752201698134,& OTHER STORIES
40752201698138,& OTHER STORIES
40752201698141,& OTHER STORIES
40752201698143,& OTHER STORIES
40752201698151,& OTHER STORIES
40752201698153,& OTHER STORIES
40752201698155,& OTHER STORIES
40752201698157,& OTHER STORIES
40752201698159,& OTHER STORIES
40752201698161,& OTHER STORIES
40752201698163,& OTHER STORIES
40752201698165,& OTHER STORIES
40752201698167,& OTHER STORIES
40752201698169,& OTHER STORIES
40752201698173,& OTHER STORIES
40752201698306,& OTHER STORIES
40752201046470,& OTHER STORIES
40752201046471,& OTHER STORIES
40752201046472,& OTHER STORIES
40752201046473,& OTHER STORIES
40752201046474,& OTHER STORIES
40752201046476,& OTHER STORIES
40752201046477,& OTHER STORIES
40752201046478,& OTHER STORIES
40752201046479,& OTHER STORIES
40752201046480,& OTHER STORIES
40752201046481,& OTHER STORIES
40752201046485,& OTHER STORIES
40752201046486,& OTHER STORIES
40752201046487,& OTHER STORIES
40752201051749,& OTHER STORIES
40752201051750,& OTHER STORIES
40752201051751,& OTHER STORIES
40752201051752,& OTHER STORIES
40752201051753,& OTHER STORIES
40752201051754,& OTHER STORIES
40752201051759,& OTHER STORIES
40752201051760,& OTHER STORIES
40752201051762,& OTHER STORIES
40752201051763,& OTHER STORIES
40752201051764,& OTHER STORIES
40752201051774,& OTHER STORIES
40752201051775,& OTHER STORIES
40752201051776,& OTHER STORIES
40752201051778,& OTHER STORIES
40752201051780,& OTHER STORIES
40752201051781,& OTHER STORIES
40752201051782,& OTHER STORIES
40752201051783,& OTHER STORIES
40752201051784,& OTHER STORIES
40752201051785,& OTHER STORIES
40752201051786,& OTHER STORIES
40752201051787,& OTHER STORIES
40752201051788,& OTHER STORIES
40752201051789,& OTHER STORIES
40752201051790,& OTHER STORIES
40752201051791,& OTHER STORIES
40752201051795,& OTHER STORIES
40752201051796,& OTHER STORIES
40752201051797,& OTHER STORIES
40752201051798,& OTHER STORIES
40752201051799,& OTHER STORIES
40752201051800,& OTHER STORIES
40752201051801,& OTHER STORIES
40752201051802,& OTHER STORIES
40752201051803,& OTHER STORIES
40752201051804,& OTHER STORIES
40752201051805,& OTHER STORIES
40752201051806,& OTHER STORIES
40752201059000,& OTHER STORIES
40752201059001,& OTHER STORIES
40752201059002,& OTHER STORIES
40752201059931,& OTHER STORIES
40752201059933,& OTHER STORIES
40752201067757,& OTHER STORIES
40752201067758,& OTHER STORIES
40752201067759,& OTHER STORIES
40752201067763,& OTHER STORIES
40752201067764,& OTHER STORIES
40752201067766,& OTHER STORIES
40752201067767,& OTHER STORIES
40752201067769,& OTHER STORIES
40752201067770,& OTHER STORIES
40752201067771,& OTHER STORIES
40752201067772,& OTHER STORIES
40752201067773,& OTHER STORIES
40752201067774,& OTHER STORIES
40752201067775,& OTHER STORIES
40752201067776,& OTHER STORIES
40752201067777,& OTHER STORIES
40752201067778,& OTHER STORIES
40752201067779,& OTHER STORIES
40752201067781,& OTHER STORIES
40752201067782,& OTHER STORIES
40752201067783,& OTHER STORIES
40752201079260,& OTHER STORIES
40752201079261,& OTHER STORIES
40752201079262,& OTHER STORIES
40752201105409,& OTHER STORIES
40752201105410,& OTHER STORIES
40752201105411,& OTHER STORIES
40752201105412,& OTHER STORIES
40752201105413,& OTHER STORIES
40752201105414,& OTHER STORIES
40752201105415,& OTHER STORIES
40752201105416,& OTHER STORIES
40752201105417,& OTHER STORIES
40752201105418,& OTHER STORIES
40752201105419,& OTHER STORIES
40752201105420,& OTHER STORIES
40752201106233,& OTHER STORIES
40752201106234,& OTHER STORIES
40752201106235,& OTHER STORIES
40752201106250,& OTHER STORIES
40752201106251,& OTHER STORIES
40752201106252,& OTHER STORIES
40752201114990,& OTHER STORIES
40752201114991,& OTHER STORIES
40752201121126,& OTHER STORIES
40752201121127,& OTHER STORIES
40752201121128,& OTHER STORIES
40752201126570,& OTHER STORIES
40752201126571,& OTHER STORIES
40752201126572,& OTHER STORIES
40752201126579,& OTHER STORIES
40752201126580,& OTHER STORIES
40752201126581,& OTHER STORIES
40752201126585,& OTHER STORIES
40752201126586,& OTHER STORIES
40752201126587,& OTHER STORIES
40752201138902,& OTHER STORIES
40752201138903,& OTHER STORIES
40752201138911,& OTHER STORIES
40752201138912,& OTHER STORIES
40752201138913,& OTHER STORIES
40752201138917,& OTHER STORIES
40752201138918,& OTHER STORIES
40752201138919,& OTHER STORIES
40752201138923,& OTHER STORIES
40752201138924,& OTHER STORIES
40752201138925,& OTHER STORIES
40752201138935,& OTHER STORIES
40752201138936,& OTHER STORIES
40752201138937,& OTHER STORIES
40752201138947,& OTHER STORIES
40752201138948,& OTHER STORIES
40752201138977,& OTHER STORIES
40752201138978,& OTHER STORIES
40752201138979,& OTHER STORIES
40752201144557,& OTHER STORIES
40752201144558,& OTHER STORIES
40752201144559,& OTHER STORIES
40752201144566,& OTHER STORIES
40752201144567,& OTHER STORIES
40752201144568,& OTHER STORIES
40752201144590,& OTHER STORIES
40752201144591,& OTHER STORIES
40752201144592,& OTHER STORIES
40752201148016,& OTHER STORIES
40752201148017,& OTHER STORIES
40752201149114,& OTHER STORIES
40752201149115,& OTHER STORIES
40752201149116,& OTHER STORIES
40752201149117,& OTHER STORIES
40752201149118,& OTHER STORIES
40752201149119,& OTHER STORIES
40752201149282,& OTHER STORIES
40752201149283,& OTHER STORIES
40752201149284,& OTHER STORIES
40752201149292,& OTHER STORIES
40752201149293,& OTHER STORIES
40752201151572,& OTHER STORIES
40752201151573,& OTHER STORIES
40752201151574,& OTHER STORIES
40752201152952,& OTHER STORIES
40752201152953,& OTHER STORIES
40752201152954,& OTHER STORIES
40752201156135,& OTHER STORIES
40752201156136,& OTHER STORIES
40752201156137,& OTHER STORIES
40752201157532,& OTHER STORIES
40752201157533,& OTHER STORIES
40752201157534,& OTHER STORIES
40752201157538,& OTHER STORIES
40752201157539,& OTHER STORIES
40752201157544,& OTHER STORIES
40752201157545,& OTHER STORIES
40752201157546,& OTHER STORIES
40752201157550,& OTHER STORIES
40752201157552,& OTHER STORIES
40752201157559,& OTHER STORIES
40752201157560,& OTHER STORIES
40752201157561,& OTHER STORIES
40752201157565,& OTHER STORIES
40752201157566,& OTHER STORIES
40752201157567,& OTHER STORIES
40752201159645,& OTHER STORIES
40752201159646,& OTHER STORIES
40752201159647,& OTHER STORIES
40752201159648,& OTHER STORIES
40752201159649,& OTHER STORIES
40752201159650,& OTHER STORIES
40752201159651,& OTHER STORIES
40752201159652,& OTHER STORIES
40752201159666,& OTHER STORIES
40752201159667,& OTHER STORIES
40752201159668,& OTHER STORIES
40752201159672,& OTHER STORIES
40752201159673,& OTHER STORIES
40752201159681,& OTHER STORIES
40752201159682,& OTHER STORIES
40752201159683,& OTHER STORIES
40752201159690,& OTHER STORIES
40752201159691,& OTHER STORIES
40752201159692,& OTHER STORIES
40752201162054,& OTHER STORIES
40752201162055,& OTHER STORIES
40752201162607,& OTHER STORIES
40752201162608,& OTHER STORIES
40752201162610,& OTHER STORIES
40752201162611,& OTHER STORIES
40752201162633,& OTHER STORIES
40752201162634,& OTHER STORIES
40752201162908,& OTHER STORIES
40752201162909,& OTHER STORIES
40752201162910,& OTHER STORIES
40752201163208,& OTHER STORIES
40752201163209,& OTHER STORIES
40752201163224,& OTHER STORIES
40752201163225,& OTHER STORIES
40752201163226,& OTHER STORIES
40752201165892,& OTHER STORIES
40752201165893,& OTHER STORIES
40752201167402,& OTHER STORIES
40752201167403,& OTHER STORIES
40752201167404,& OTHER STORIES
40752201172050,& OTHER STORIES
40752201172051,& OTHER STORIES
40752201172052,& OTHER STORIES
40752201178609,& OTHER STORIES
40752201178610,& OTHER STORIES
40752201179702,& OTHER STORIES
40752201179703,& OTHER STORIES
40752201179745,& OTHER STORIES
40752201179746,& OTHER STORIES
40752201179747,& OTHER STORIES
40752201180904,& OTHER STORIES
40752201180905,& OTHER STORIES
40752201180906,& OTHER STORIES
40752201181256,& OTHER STORIES
40752201181257,& OTHER STORIES
40752201181440,& OTHER STORIES
40752201181441,& OTHER STORIES
40752201181449,& OTHER STORIES
40752201181450,& OTHER STORIES
40752201181451,& OTHER STORIES
40752201181452,& OTHER STORIES
40752201181453,& OTHER STORIES
40752201181454,& OTHER STORIES
40752201181455,& OTHER STORIES
40752201181456,& OTHER STORIES
40752201181457,& OTHER STORIES
40752201181949,& OTHER STORIES
40752201181950,& OTHER STORIES
40752201181951,& OTHER STORIES
40752201181958,& OTHER STORIES
40752201182975,& OTHER STORIES
40752201182976,& OTHER STORIES
40752201182977,& OTHER STORIES
40752201188461,& OTHER STORIES
40752201188462,& OTHER STORIES
40752201188463,& OTHER STORIES
40752201191198,& OTHER STORIES
40752201191199,& OTHER STORIES
40752201191560,& OTHER STORIES
40752201193167,& OTHER STORIES
40752201193168,& OTHER STORIES
40752201193169,& OTHER STORIES
40752201195632,& OTHER STORIES
40752201195633,& OTHER STORIES
40752201195634,& OTHER STORIES
40752201204140,& OTHER STORIES
40752201204141,& OTHER STORIES
40752201204142,& OTHER STORIES
40752201204238,& OTHER STORIES
40752201204239,& OTHER STORIES
40752201204240,& OTHER STORIES
40752201204244,& OTHER STORIES
40752201204245,& OTHER STORIES
40752201204246,& OTHER STORIES
40752201204249,& OTHER STORIES
40752201204250,& OTHER STORIES
40752201204255,& OTHER STORIES
40752201204256,& OTHER STORIES
40752201207524,& OTHER STORIES
40752201207525,& OTHER STORIES
40752201207526,& OTHER STORIES
40752201211719,& OTHER STORIES
40752201211720,& OTHER STORIES
40752201211721,& OTHER STORIES
40752201212672,& OTHER STORIES
40752201212673,& OTHER STORIES
40752201214810,& OTHER STORIES
40752201214811,& OTHER STORIES
40752201214892,& OTHER STORIES
40752201214893,& OTHER STORIES
40752201218240,& OTHER STORIES
40752201218241,& OTHER STORIES
40752201218242,& OTHER STORIES
40752201218420,& OTHER STORIES
40752201218421,& OTHER STORIES
40752201218422,& OTHER STORIES
40752201219004,& OTHER STORIES
40752201219005,& OTHER STORIES
40752201219006,& OTHER STORIES
40752201219007,& OTHER STORIES
40752201219008,& OTHER STORIES
40752201219009,& OTHER STORIES
40752201219013,& OTHER STORIES
40752201219014,& OTHER STORIES
40752201219015,& OTHER STORIES
40752201219016,& OTHER STORIES
40752201219017,& OTHER STORIES
40752201219018,& OTHER STORIES
40752201220762,& OTHER STORIES
40752201220763,& OTHER STORIES
40752201220877,& OTHER STORIES
40752201220878,& OTHER STORIES
40752201220879,& OTHER STORIES
40752201225028,& OTHER STORIES
40752201225029,& OTHER STORIES
40752201226046,& OTHER STORIES
40752201226436,& OTHER STORIES
40752201226437,& OTHER STORIES
40752201226438,& OTHER STORIES
40752201226442,& OTHER STORIES
40752201226443,& OTHER STORIES
40752201226444,& OTHER STORIES
40752201228487,& OTHER STORIES
40752201228488,& OTHER STORIES
40752201228489,& OTHER STORIES
40752201228490,& OTHER STORIES
40752201228491,& OTHER STORIES
40752201228492,& OTHER STORIES
40752201228493,& OTHER STORIES
40752201228494,& OTHER STORIES
40752201228495,& OTHER STORIES
40752201228496,& OTHER STORIES
40752201235135,& OTHER STORIES
40752201235136,& OTHER STORIES
40752201235137,& OTHER STORIES
40752201238604,& OTHER STORIES
40752201238605,& OTHER STORIES
40752201238606,& OTHER STORIES
40752201238974,& OTHER STORIES
40752201238975,& OTHER STORIES
40752201238976,& OTHER STORIES
40752201240649,& OTHER STORIES
40752201240650,& OTHER STORIES
40752201240651,& OTHER STORIES
40752201241805,& OTHER STORIES
40752201241806,& OTHER STORIES
40752201241807,& OTHER STORIES
40752201244468,& OTHER STORIES
40752201244469,& OTHER STORIES
40752201244470,& OTHER STORIES
40752201245367,& OTHER STORIES
40752201245368,& OTHER STORIES
40752201245369,& OTHER STORIES
40752201245373,& OTHER STORIES
40752201245374,& OTHER STORIES
40752201245388,& OTHER STORIES
40752201245389,& OTHER STORIES
40752201247903,& OTHER STORIES
40752201247904,& OTHER STORIES
40752201247909,& OTHER STORIES
40752201247910,& OTHER STORIES
40752201247911,& OTHER STORIES
40752201247912,& OTHER STORIES
40752201247913,& OTHER STORIES
40752201247914,& OTHER STORIES
40752201247927,& OTHER STORIES
40752201247928,& OTHER STORIES
40752201247929,& OTHER STORIES
40752201247954,& OTHER STORIES
40752201247955,& OTHER STORIES
40752201247956,& OTHER STORIES
40752201247957,& OTHER STORIES
40752201247958,& OTHER STORIES
40752201248156,& OTHER STORIES
40752201248157,& OTHER STORIES
40752201248158,& OTHER STORIES
40752201250971,& OTHER STORIES
40752201261031,& OTHER STORIES
40752201261032,& OTHER STORIES
40752201261033,& OTHER STORIES
40752201266564,& OTHER STORIES
40752201266565,& OTHER STORIES
40752201266566,& OTHER STORIES
40752201269669,& OTHER STORIES
40752201269670,& OTHER STORIES
40752201269671,& OTHER STORIES
40752201269672,& OTHER STORIES
40752201269673,& OTHER STORIES
40752201269674,& OTHER STORIES
40752201269678,& OTHER STORIES
40752201269679,& OTHER STORIES
40752201269680,& OTHER STORIES
40752201269681,& OTHER STORIES
40752201269682,& OTHER STORIES
40752201269683,& OTHER STORIES
40752201758071,& OTHER STORIES
40752201758072,& OTHER STORIES
40752201758073,& OTHER STORIES
40752201758074,& OTHER STORIES
40752201758075,& OTHER STORIES
40752201758076,& OTHER STORIES
40752201758077,& OTHER STORIES
40752201758078,& OTHER STORIES
40752201758079,& OTHER STORIES
40752201758080,& OTHER STORIES
40752201758082,& OTHER STORIES
40752201758084,& OTHER STORIES
40752201758085,& OTHER STORIES
40752201758086,& OTHER STORIES
40752201758087,& OTHER STORIES
40752201758088,& OTHER STORIES
40752201758089,& OTHER STORIES
40752201758090,& OTHER STORIES
40752201758091,& OTHER STORIES
40752201758092,& OTHER STORIES
40752201758093,& OTHER STORIES
40752201758094,& OTHER STORIES
40752201758095,& OTHER STORIES
40752201758096,& OTHER STORIES
40752201758097,& OTHER STORIES
40752201758099,& OTHER STORIES
40752201758116,& OTHER STORIES
40752201758117,& OTHER STORIES
40752201758118,& OTHER STORIES
40752201758120,& OTHER STORIES
40752201758121,& OTHER STORIES
40752201758123,& OTHER STORIES
40752201758124,& OTHER STORIES
40752201758125,& OTHER STORIES
40752201758126,& OTHER STORIES
40752201758129,& OTHER STORIES
40752201758130,& OTHER STORIES
40752201758133,& OTHER STORIES
40752201758175,& OTHER STORIES
40752201758176,& OTHER STORIES
40752201758179,& OTHER STORIES
40752201758180,& OTHER STORIES
40752201758181,& OTHER STORIES
40752201758182,& OTHER STORIES
40752201758183,& OTHER STORIES
40752201758184,& OTHER STORIES
40752201758185,& OTHER STORIES
40752201758186,& OTHER STORIES
40752201758187,& OTHER STORIES
40752201758188,& OTHER STORIES
40752201758189,& OTHER STORIES
40752201758190,& OTHER STORIES
40752201758191,& OTHER STORIES
40752201758192,& OTHER STORIES
40752201758193,& OTHER STORIES
40752201758194,& OTHER STORIES
40752201758195,& OTHER STORIES
40752201758196,& OTHER STORIES
40752201758197,& OTHER STORIES
40752201758198,& OTHER STORIES
40752201758199,& OTHER STORIES
40752201758200,& OTHER STORIES
40752201758201,& OTHER STORIES
40752201758202,& OTHER STORIES
40752201758203,& OTHER STORIES
40752201758204,& OTHER STORIES
40752201758205,& OTHER STORIES
40752201758206,& OTHER STORIES
40752201758209,& OTHER STORIES
40752201758210,& OTHER STORIES
40752201758211,& OTHER STORIES
40752201758212,& OTHER STORIES
40752201758213,& OTHER STORIES
40752201758214,& OTHER STORIES
40752201758215,& OTHER STORIES
40752201758216,& OTHER STORIES
40752201758217,& OTHER STORIES
40752201758219,& OTHER STORIES
40752201758220,& OTHER STORIES
40752201758221,& OTHER STORIES
40752201758222,& OTHER STORIES
40752201758223,& OTHER STORIES
40752201758224,& OTHER STORIES
40752201758225,& OTHER STORIES
40752201758226,& OTHER STORIES
40752201758227,& OTHER STORIES
40752201758228,& OTHER STORIES
40752201758229,& OTHER STORIES
40752201758230,& OTHER STORIES
40752201758231,& OTHER STORIES
40752201758232,& OTHER STORIES
40752201758233,& OTHER STORIES
40752201758234,& OTHER STORIES
40752201758235,& OTHER STORIES
40752201758236,& OTHER STORIES
40752201758237,& OTHER STORIES
40752201758238,& OTHER STORIES
40752201758239,& OTHER STORIES
40752201758240,& OTHER STORIES
40752201758241,& OTHER STORIES
40752201758242,& OTHER STORIES
40752201758243,& OTHER STORIES
40752201758244,& OTHER STORIES
40752201758245,& OTHER STORIES
40752201758246,& OTHER STORIES
40752201758247,& OTHER STORIES
40752201758248,& OTHER STORIES
40752201758249,& OTHER STORIES
40752201758250,& OTHER STORIES
40752201758251,& OTHER STORIES
40752201758252,& OTHER STORIES
40752201758253,& OTHER STORIES
40752201758299,& OTHER STORIES
40752201758300,& OTHER STORIES
40752201761419,& OTHER STORIES
40752201761420,& OTHER STORIES
40752201761421,& OTHER STORIES
40752201761422,& OTHER STORIES
40752201761424,& OTHER STORIES
40752201761425,& OTHER STORIES
40752201761426,& OTHER STORIES
40752201761428,& OTHER STORIES
40752201761429,& OTHER STORIES
40752201761431,& OTHER STORIES
40752201761432,& OTHER STORIES
40752201761433,& OTHER STORIES
40752201761434,& OTHER STORIES
40752201761435,& OTHER STORIES
40752201761436,& OTHER STORIES
40752201761437,& OTHER STORIES
40752201761438,& OTHER STORIES
40752201761581,& OTHER STORIES
40752201761584,& OTHER STORIES
40752201761585,& OTHER STORIES
40752201761586,& OTHER STORIES
40752201761587,& OTHER STORIES
40752201761588,& OTHER STORIES
40752201764532,& OTHER STORIES
40752201764533,& OTHER STORIES
40752201764989,& OTHER STORIES
40752201764991,& OTHER STORIES
40752201764993,& OTHER STORIES
40752201765002,& OTHER STORIES
40752201765003,& OTHER STORIES
40752201765522,& OTHER STORIES
40752201765523,& OTHER STORIES
40752201765524,& OTHER STORIES
40752201765525,& OTHER STORIES
40752201765526,& OTHER STORIES
40752201765527,& OTHER STORIES
40752201765528,& OTHER STORIES
40752201765529,& OTHER STORIES
40752201765530,& OTHER STORIES
40752201765531,& OTHER STORIES
40752201765532,& OTHER STORIES
40752201765533,& OTHER STORIES
40752201767151,& OTHER STORIES
40752201768266,& OTHER STORIES
40752201768303,& OTHER STORIES
40752201768304,& OTHER STORIES
40752201768305,& OTHER STORIES
40752201769658,& OTHER STORIES
40752201774865,& OTHER STORIES
40752201774866,& OTHER STORIES
40752201774867,& OTHER STORIES
40752201775444,& OTHER STORIES
40752201775445,& OTHER STORIES
40752201775446,& OTHER STORIES
40752201775448,& OTHER STORIES
40752201775449,& OTHER STORIES
40752201775450,& OTHER STORIES
40752201776144,& OTHER STORIES
40752201776150,& OTHER STORIES
40752201776151,& OTHER STORIES
40752201776152,& OTHER STORIES
40752201776154,& OTHER STORIES
40752201776155,& OTHER STORIES
40752201776156,& OTHER STORIES
40752201776157,& OTHER STORIES
40752201776158,& OTHER STORIES
40752201776159,& OTHER STORIES
40752201733418,& OTHER STORIES
40752201733419,& OTHER STORIES
40752201733422,& OTHER STORIES
40752201733423,& OTHER STORIES
40752201733424,& OTHER STORIES
40752201733425,& OTHER STORIES
40752201733426,& OTHER STORIES
40752201733427,& OTHER STORIES
40752201733429,& OTHER STORIES
40752201733430,& OTHER STORIES
40752201733431,& OTHER STORIES
40752201733478,& OTHER STORIES
40752201733480,& OTHER STORIES
40752201733482,& OTHER STORIES
40752201733483,& OTHER STORIES
40752201733484,& OTHER STORIES
40752201733485,& OTHER STORIES
40752201733486,& OTHER STORIES
40752201733487,& OTHER STORIES
40752201733488,& OTHER STORIES
40752201734304,& OTHER STORIES
40752201734307,& OTHER STORIES
40752201736585,& OTHER STORIES
40752201736586,& OTHER STORIES
40752201737093,& OTHER STORIES
40752201737094,& OTHER STORIES
40752201737095,& OTHER STORIES
40752201737437,& OTHER STORIES
40752201737438,& OTHER STORIES
40752201737439,& OTHER STORIES
40752201737440,& OTHER STORIES
40752201737443,& OTHER STORIES
40752201737444,& OTHER STORIES
40752201737445,& OTHER STORIES
40752201737446,& OTHER STORIES
40752201737447,& OTHER STORIES
40752201738221,& OTHER STORIES
40752201738253,& OTHER STORIES
40752201744950,& OTHER STORIES
40752201744951,& OTHER STORIES
40752201744952,& OTHER STORIES
40752201744953,& OTHER STORIES
40752201744954,& OTHER STORIES
40752201744955,& OTHER STORIES
40752201744956,& OTHER STORIES
40752201744957,& OTHER STORIES
40752201744958,& OTHER STORIES
40752201744959,& OTHER STORIES
40752201744960,& OTHER STORIES
40752201744961,& OTHER STORIES
40752201745873,& OTHER STORIES
40752201745874,& OTHER STORIES
40752201745875,& OTHER STORIES
40752201745876,& OTHER STORIES
40752201745878,& OTHER STORIES
40752201745879,& OTHER STORIES
40752201745880,& OTHER STORIES
40752201745881,& OTHER STORIES
40752201746006,& OTHER STORIES
40752201746007,& OTHER STORIES
40752201746008,& OTHER STORIES
40752201746009,& OTHER STORIES
40752201746010,& OTHER STORIES
40752201746011,& OTHER STORIES
40752201746012,& OTHER STORIES
40752201746013,& OTHER STORIES
40752201746014,& OTHER STORIES
40752201746812,& OTHER STORIES
40752201746813,& OTHER STORIES
40752201746835,& OTHER STORIES
40752201746836,& OTHER STORIES
40752201746837,& OTHER STORIES
40752201751867,& OTHER STORIES
40752201751868,& OTHER STORIES
40752201751869,& OTHER STORIES
40752201751934,& OTHER STORIES
40752201751936,& OTHER STORIES
40752201753586,& OTHER STORIES
40752201756221,& OTHER STORIES
40752201756222,& OTHER STORIES
40752201756976,& OTHER STORIES
40752201756977,& OTHER STORIES
40752201756978,& OTHER STORIES
40752201757082,& OTHER STORIES
40752201757083,& OTHER STORIES
40752201757084,& OTHER STORIES
40752201757746,& OTHER STORIES
40752201757747,& OTHER STORIES
40752201757748,& OTHER STORIES
40752201757749,& OTHER STORIES
40752201757751,& OTHER STORIES
40752201757755,& OTHER STORIES
40752201757756,& OTHER STORIES
40752201757757,& OTHER STORIES
40752201757758,& OTHER STORIES
40752201757759,& OTHER STORIES
40752201757764,& OTHER STORIES
40752201757923,& OTHER STORIES
40752201758048,& OTHER STORIES
40752201758049,& OTHER STORIES
40752201758050,& OTHER STORIES
40752201758051,& OTHER STORIES
40752201758052,& OTHER STORIES
40752201758053,& OTHER STORIES
40752201758054,& OTHER STORIES
40752201758055,& OTHER STORIES
40752201758056,& OTHER STORIES
40752201758057,& OTHER STORIES
40752201758058,& OTHER STORIES
40752201758059,& OTHER STORIES
40752201758061,& OTHER STORIES
40752201758062,& OTHER STORIES
40752201758063,& OTHER STORIES
40752201758064,& OTHER STORIES
40752201758065,& OTHER STORIES
40752201758066,& OTHER STORIES
40752201758068,& OTHER STORIES
40752201811926,& OTHER STORIES
40752201811927,& OTHER STORIES
40752201811928,& OTHER STORIES
40752201811929,& OTHER STORIES
40752201812580,& OTHER STORIES
40752201812581,& OTHER STORIES
40752201813026,& OTHER STORIES
40752201813030,& OTHER STORIES
40752201813031,& OTHER STORIES
40752201813032,& OTHER STORIES
40752201813035,& OTHER STORIES
40752201813036,& OTHER STORIES
40752201813303,& OTHER STORIES
40752201813304,& OTHER STORIES
40752201813305,& OTHER STORIES
40752201813339,& OTHER STORIES
40752201813340,& OTHER STORIES
40752201813668,& OTHER STORIES
40752201813669,& OTHER STORIES
40752201813670,& OTHER STORIES
40752201813671,& OTHER STORIES
40752201813672,& OTHER STORIES
40752201813673,& OTHER STORIES
40752201813897,& OTHER STORIES
40752201813898,& OTHER STORIES
40752201813899,& OTHER STORIES
40752201813912,& OTHER STORIES
40752201813913,& OTHER STORIES
40752201813914,& OTHER STORIES
40752201813915,& OTHER STORIES
40752201813916,& OTHER STORIES
40752201814416,& OTHER STORIES
40752201814417,& OTHER STORIES
40752201814741,& OTHER STORIES
40752201814743,& OTHER STORIES
40752201814744,& OTHER STORIES
40752201814745,& OTHER STORIES
40752201814746,& OTHER STORIES
40752201814747,& OTHER STORIES
40752201814748,& OTHER STORIES
40752201815643,& OTHER STORIES
40752201815644,& OTHER STORIES
40752201815645,& OTHER STORIES
40752201815646,& OTHER STORIES
40752201815647,& OTHER STORIES
40752201815648,& OTHER STORIES
40752201815649,& OTHER STORIES
40752201815650,& OTHER STORIES
40752201815651,& OTHER STORIES
40752201817046,& OTHER STORIES
40752201817047,& OTHER STORIES
40752201817048,& OTHER STORIES
40752201817049,& OTHER STORIES
40752201817050,& OTHER STORIES
40752201817051,& OTHER STORIES
40752201817052,& OTHER STORIES
40752201817521,& OTHER STORIES
40752201817522,& OTHER STORIES
40752201817523,& OTHER STORIES
40752201817621,& OTHER STORIES
40752201817622,& OTHER STORIES
40752201817623,& OTHER STORIES
40752201817631,& OTHER STORIES
40752201817632,& OTHER STORIES
40752201817633,& OTHER STORIES
40752201817642,& OTHER STORIES
40752201817643,& OTHER STORIES
40752201817644,& OTHER STORIES
40752201817645,& OTHER STORIES
40752201817646,& OTHER STORIES
40752201817647,& OTHER STORIES
40752201817651,& OTHER STORIES
40752201817654,& OTHER STORIES
40752201817655,& OTHER STORIES
40752201819544,& OTHER STORIES
40752201819546,& OTHER STORIES
40752201819547,& OTHER STORIES
40752201819548,& OTHER STORIES
40752201819663,& OTHER STORIES
40752201819664,& OTHER STORIES
40752201819665,& OTHER STORIES
40752201819666,& OTHER STORIES
40752201819667,& OTHER STORIES
40752201819668,& OTHER STORIES
40752201819669,& OTHER STORIES
40752201819670,& OTHER STORIES
40752201820300,& OTHER STORIES
40752201821254,& OTHER STORIES
40752201821255,& OTHER STORIES
40752201821270,& OTHER STORIES
40752201821271,& OTHER STORIES
40752201821272,& OTHER STORIES
40752201821276,& OTHER STORIES
40752201821277,& OTHER STORIES
40752201821278,& OTHER STORIES
40752201821286,& OTHER STORIES
40752201821287,& OTHER STORIES
40752201821288,& OTHER STORIES
40752201821709,& OTHER STORIES
40752201821830,& OTHER STORIES
40752201821831,& OTHER STORIES
40752201821832,& OTHER STORIES
40752201821833,& OTHER STORIES
40752201821834,& OTHER STORIES
40752201821835,& OTHER STORIES
40752201821836,& OTHER STORIES
40752201821837,& OTHER STORIES
40752201821838,& OTHER STORIES
40752201821839,& OTHER STORIES
40752201821840,& OTHER STORIES
40752201821841,& OTHER STORIES
40752201821842,& OTHER STORIES
40752201821843,& OTHER STORIES
40752201821844,& OTHER STORIES
40752201821849,& OTHER STORIES
40752201821850,& OTHER STORIES
40752201821851,& OTHER STORIES
40752201822982,& OTHER STORIES
40752201822983,& OTHER STORIES
40752201823064,& OTHER STORIES
40752201823718,& OTHER STORIES
40752201825906,& OTHER STORIES
40752201825920,& OTHER STORIES
40752201826565,& OTHER STORIES
40752201826566,& OTHER STORIES
40752201826569,& OTHER STORIES
40752201826570,& OTHER STORIES
40752201826681,& OTHER STORIES
40752201826683,& OTHER STORIES
40752201826685,& OTHER STORIES
40752201826686,& OTHER STORIES
40752201789099,& OTHER STORIES
40752201789100,& OTHER STORIES
40752201789101,& OTHER STORIES
40752201789103,& OTHER STORIES
40752201789104,& OTHER STORIES
40752201789105,& OTHER STORIES
40752201789106,& OTHER STORIES
40752201789107,& OTHER STORIES
40752201789108,& OTHER STORIES
40752201789109,& OTHER STORIES
40752201789110,& OTHER STORIES
40752201789111,& OTHER STORIES
40752201789113,& OTHER STORIES
40752201789114,& OTHER STORIES
40752201789115,& OTHER STORIES
40752201789116,& OTHER STORIES
40752201789117,& OTHER STORIES
40752201789121,& OTHER STORIES
40752201789122,& OTHER STORIES
40752201789123,& OTHER STORIES
40752201789124,& OTHER STORIES
40752201789125,& OTHER STORIES
40752201789126,& OTHER STORIES
40752201789127,& OTHER STORIES
40752201789128,& OTHER STORIES
40752201789129,& OTHER STORIES
40752201789130,& OTHER STORIES
40752201789180,& OTHER STORIES
40752201789181,& OTHER STORIES
40752201789205,& OTHER STORIES
40752201789286,& OTHER STORIES
40752201789818,& OTHER STORIES
40752201789819,& OTHER STORIES
40752201789820,& OTHER STORIES
40752201789821,& OTHER STORIES
40752201789822,& OTHER STORIES
40752201789823,& OTHER STORIES
40752201789824,& OTHER STORIES
40752201789836,& OTHER STORIES
40752201789837,& OTHER STORIES
40752201790674,& OTHER STORIES
40752201790675,& OTHER STORIES
40752201790676,& OTHER STORIES
40752201790677,& OTHER STORIES
40752201790695,& OTHER STORIES
40752201790696,& OTHER STORIES
40752201790697,& OTHER STORIES
40752201795335,& OTHER STORIES
40752201795336,& OTHER STORIES
40752201795337,& OTHER STORIES
40752201795338,& OTHER STORIES
40752201795339,& OTHER STORIES
40752201795340,& OTHER STORIES
40752201795341,& OTHER STORIES
40752201795342,& OTHER STORIES
40752201795343,& OTHER STORIES
40752201798002,& OTHER STORIES
40752201798003,& OTHER STORIES
40752201798004,& OTHER STORIES
40752201798005,& OTHER STORIES
40752201798006,& OTHER STORIES
40752201798007,& OTHER STORIES
40752201799022,& OTHER STORIES
40752201799023,& OTHER STORIES
40752201799024,& OTHER STORIES
40752201799025,& OTHER STORIES
40752201799026,& OTHER STORIES
40752201799027,& OTHER STORIES
40752201799108,& OTHER STORIES
40752201799110,& OTHER STORIES
40752201799284,& OTHER STORIES
40752201799349,& OTHER STORIES
40752201799350,& OTHER STORIES
40752201799351,& OTHER STORIES
40752201799388,& OTHER STORIES
40752201799389,& OTHER STORIES
40752201799390,& OTHER STORIES
40752201800227,& OTHER STORIES
40752201801274,& OTHER STORIES
40752201803440,& OTHER STORIES
40752201803441,& OTHER STORIES
40752201803442,& OTHER STORIES
40752201803444,& OTHER STORIES
40752201803445,& OTHER STORIES
40752201803446,& OTHER STORIES
40752201803447,& OTHER STORIES
40752201803448,& OTHER STORIES
40752201803449,& OTHER STORIES
40752201803450,& OTHER STORIES
40752201803451,& OTHER STORIES
40752201803452,& OTHER STORIES
40752201803453,& OTHER STORIES
40752201803454,& OTHER STORIES
40752201803455,& OTHER STORIES
40752201803456,& OTHER STORIES
40752201803457,& OTHER STORIES
40752201803458,& OTHER STORIES
40752201803459,& OTHER STORIES
40752201803460,& OTHER STORIES
40752201803461,& OTHER STORIES
40752201803462,& OTHER STORIES
40752201803463,& OTHER STORIES
40752201803464,& OTHER STORIES
40752201803486,& OTHER STORIES
40752201803487,& OTHER STORIES
40752201803488,& OTHER STORIES
40752201803490,& OTHER STORIES
40752201803491,& OTHER STORIES
40752201803492,& OTHER STORIES
40752201803493,& OTHER STORIES
40752201803494,& OTHER STORIES
40752201803495,& OTHER STORIES
40752201803496,& OTHER STORIES
40752201803497,& OTHER STORIES
40752201803498,& OTHER STORIES
40752201803499,& OTHER STORIES
40752201803500,& OTHER STORIES
40752201803501,& OTHER STORIES
40752201803502,& OTHER STORIES
40752201803503,& OTHER STORIES
40752201803504,& OTHER STORIES
40752201803505,& OTHER STORIES
40752201803506,& OTHER STORIES
40752201803507,& OTHER STORIES
40752201803508,& OTHER STORIES
40752201803509,& OTHER STORIES
40752201803510,& OTHER STORIES
40752201803511,& OTHER STORIES
40752201803563,& OTHER STORIES
40752201803564,& OTHER STORIES
40752201803565,& OTHER STORIES
40752201803566,& OTHER STORIES
40752201803567,& OTHER STORIES
40752201803568,& OTHER STORIES
40752201803569,& OTHER STORIES
40752201803570,& OTHER STORIES
40752201803571,& OTHER STORIES
40752201803572,& OTHER STORIES
40752201803575,& OTHER STORIES
40752201803576,& OTHER STORIES
40752201803577,& OTHER STORIES
40752201803578,& OTHER STORIES
40752201803581,& OTHER STORIES
40752201803582,& OTHER STORIES
40752201803583,& OTHER STORIES
40752201803584,& OTHER STORIES
40752201803592,& OTHER STORIES
40752201803593,& OTHER STORIES
40752201803594,& OTHER STORIES
40752201803956,& OTHER STORIES
40752201805810,& OTHER STORIES
40752201805811,& OTHER STORIES
40752201806971,& OTHER STORIES
40752201806972,& OTHER STORIES
40752201806973,& OTHER STORIES
40752201806974,& OTHER STORIES
40752201806975,& OTHER STORIES
40752201806976,& OTHER STORIES
40752201806977,& OTHER STORIES
40752201806978,& OTHER STORIES
40752201806982,& OTHER STORIES
40752201806983,& OTHER STORIES
40752201806984,& OTHER STORIES
40752201806986,& OTHER STORIES
40752201807365,& OTHER STORIES
40752201807374,& OTHER STORIES
40752201807404,& OTHER STORIES
40752201807434,& OTHER STORIES
40752201807470,& OTHER STORIES
40752201807743,& OTHER STORIES
40752201807950,& OTHER STORIES
40752201807951,& OTHER STORIES
40752201807954,& OTHER STORIES
40752201808115,& OTHER STORIES
40752201809937,& OTHER STORIES
40752201809938,& OTHER STORIES
40752201809939,& OTHER STORIES
40752201809940,& OTHER STORIES
40752201809982,& OTHER STORIES
40752201810650,& OTHER STORIES
40752201810652,& OTHER STORIES
40752201811721,& OTHER STORIES
40752201811722,& OTHER STORIES
40752201811723,& OTHER STORIES
40752201811816,& OTHER STORIES
40752201811817,& OTHER STORIES
40752201811818,& OTHER STORIES
40752201811819,& OTHER STORIES
40752201811820,& OTHER STORIES
40752201811821,& OTHER STORIES
40752201811825,& OTHER STORIES
40752201811826,& OTHER STORIES
40752201811827,& OTHER STORIES
40752201811828,& OTHER STORIES
40752201811829,& OTHER STORIES
40752201811831,& OTHER STORIES
40752201811832,& OTHER STORIES
40752201811835,& OTHER STORIES
40752201811836,& OTHER STORIES
40752201811837,& OTHER STORIES
40752201811838,& OTHER STORIES
40752201811841,& OTHER STORIES
40752201811842,& OTHER STORIES
40752201811843,& OTHER STORIES
40752201811844,& OTHER STORIES
40752201811845,& OTHER STORIES
40752201811846,& OTHER STORIES
40752201811847,& OTHER STORIES
40752201811848,& OTHER STORIES
40752201811849,& OTHER STORIES
40752201811850,& OTHER STORIES
40752201811851,& OTHER STORIES
40752201811852,& OTHER STORIES
40752201811855,& OTHER STORIES
40752201811860,& OTHER STORIES
40752201811862,& OTHER STORIES
40752201811864,& OTHER STORIES
40752201811865,& OTHER STORIES
40752201811866,& OTHER STORIES
40752201811871,& OTHER STORIES
40752201811872,& OTHER STORIES
40752201811874,& OTHER STORIES
40752201776160,& OTHER STORIES
40752201776161,& OTHER STORIES
40752201776162,& OTHER STORIES
40752201776163,& OTHER STORIES
40752201776164,& OTHER STORIES
40752201776165,& OTHER STORIES
40752201776166,& OTHER STORIES
40752201776167,& OTHER STORIES
40752201776169,& OTHER STORIES
40752201776170,& OTHER STORIES
40752201776171,& OTHER STORIES
40752201776172,& OTHER STORIES
40752201776173,& OTHER STORIES
40752201776174,& OTHER STORIES
40752201777843,& OTHER STORIES
40752201777844,& OTHER STORIES
40752201777845,& OTHER STORIES
40752201778970,& OTHER STORIES
40752201778971,& OTHER STORIES
40752201778972,& OTHER STORIES
40752201779006,& OTHER STORIES
40752201779007,& OTHER STORIES
40752201779196,& OTHER STORIES
40752201779197,& OTHER STORIES
40752201779198,& OTHER STORIES
40752201779217,& OTHER STORIES
40752201779218,& OTHER STORIES
40752201779278,& OTHER STORIES
40752201779279,& OTHER STORIES
40752201779280,& OTHER STORIES
40752201780796,& OTHER STORIES
40752201780797,& OTHER STORIES
40752201780798,& OTHER STORIES
40752201780800,& OTHER STORIES
40752201780801,& OTHER STORIES
40752201780802,& OTHER STORIES
40752201780803,& OTHER STORIES
40752201780804,& OTHER STORIES
40752201780805,& OTHER STORIES
40752201780806,& OTHER STORIES
40752201780808,& OTHER STORIES
40752201780809,& OTHER STORIES
40752201780810,& OTHER STORIES
40752201780811,& OTHER STORIES
40752201780813,& OTHER STORIES
40752201780814,& OTHER STORIES
40752201780815,& OTHER STORIES
40752201780816,& OTHER STORIES
40752201781769,& OTHER STORIES
40752201784457,& OTHER STORIES
40752201784460,& OTHER STORIES
40752201784461,& OTHER STORIES
40752201784462,& OTHER STORIES
40752201784463,& OTHER STORIES
40752201784464,& OTHER STORIES
40752201784465,& OTHER STORIES
40752201784466,& OTHER STORIES
40752201784467,& OTHER STORIES
40752201784468,& OTHER STORIES
40752201784469,& OTHER STORIES
40752201784470,& OTHER STORIES
40752201784471,& OTHER STORIES
40752201784472,& OTHER STORIES
40752201784473,& OTHER STORIES
40752201784474,& OTHER STORIES
40752201784475,& OTHER STORIES
40752201784476,& OTHER STORIES
40752201784477,& OTHER STORIES
40752201784480,& OTHER STORIES
40752201784481,& OTHER STORIES
40752201784482,& OTHER STORIES
40752201784484,& OTHER STORIES
40752201784509,& OTHER STORIES
40752201784647,& OTHER STORIES
40752201784649,& OTHER STORIES
40752201784651,& OTHER STORIES
40752201784653,& OTHER STORIES
40752201784655,& OTHER STORIES
40752201784657,& OTHER STORIES
40752201784659,& OTHER STORIES
40752201784661,& OTHER STORIES
40752201784663,& OTHER STORIES
40752201784665,& OTHER STORIES
40752201784667,& OTHER STORIES
40752201784669,& OTHER STORIES
40752201785955,& OTHER STORIES
40752201785956,& OTHER STORIES
40752201785957,& OTHER STORIES
40752201786177,& OTHER STORIES
40752201787411,& OTHER STORIES
40752201787412,& OTHER STORIES
40752201787413,& OTHER STORIES
40752201787414,& OTHER STORIES
40752201787415,& OTHER STORIES
40752201787416,& OTHER STORIES
40752201787417,& OTHER STORIES
40752201787418,& OTHER STORIES
40752201787419,& OTHER STORIES
40752201788954,& OTHER STORIES
40752201788955,& OTHER STORIES
40752201788956,& OTHER STORIES
40752201788958,& OTHER STORIES
40752201789078,& OTHER STORIES
40752201789079,& OTHER STORIES
40752201789080,& OTHER STORIES
40752201789081,& OTHER STORIES
40752201789082,& OTHER STORIES
40752201789083,& OTHER STORIES
40752201789084,& OTHER STORIES
40752201789085,& OTHER STORIES
40752201789086,& OTHER STORIES
40752201789089,& OTHER STORIES
40752201789090,& OTHER STORIES
40752201789091,& OTHER STORIES
40752201789092,& OTHER STORIES
40752201789093,& OTHER STORIES
40752201789094,& OTHER STORIES
40752201789095,& OTHER STORIES
40752201789096,& OTHER STORIES
40752201789097,& OTHER STORIES
40752201789098,& OTHER STORIES
40752201723400,& OTHER STORIES
40752201723401,& OTHER STORIES
40752201723402,& OTHER STORIES
40752201723403,& OTHER STORIES
40752201723404,& OTHER STORIES
40752201723405,& OTHER STORIES
40752201723406,& OTHER STORIES
40752201723407,& OTHER STORIES
40752201723408,& OTHER STORIES
40752201723409,& OTHER STORIES
40752201723410,& OTHER STORIES
40752201723411,& OTHER STORIES
40752201723412,& OTHER STORIES
40752201723413,& OTHER STORIES
40752201723414,& OTHER STORIES
40752201723415,& OTHER STORIES
40752201723416,& OTHER STORIES
40752201723417,& OTHER STORIES
40752201723418,& OTHER STORIES
40752201723419,& OTHER STORIES
40752201723420,& OTHER STORIES
40752201723421,& OTHER STORIES
40752201723422,& OTHER STORIES
40752201723423,& OTHER STORIES
40752201723424,& OTHER STORIES
40752201723425,& OTHER STORIES
40752201723426,& OTHER STORIES
40752201723427,& OTHER STORIES
40752201723428,& OTHER STORIES
40752201723429,& OTHER STORIES
40752201723430,& OTHER STORIES
40752201723431,& OTHER STORIES
40752201723432,& OTHER STORIES
40752201723434,& OTHER STORIES
40752201723435,& OTHER STORIES
40752201723436,& OTHER STORIES
40752201723437,& OTHER STORIES
40752201723438,& OTHER STORIES
40752201723439,& OTHER STORIES
40752201723440,& OTHER STORIES
40752201723441,& OTHER STORIES
40752201723442,& OTHER STORIES
40752201723443,& OTHER STORIES
40752201723444,& OTHER STORIES
40752201723445,& OTHER STORIES
40752201723446,& OTHER STORIES
40752201723448,& OTHER STORIES
40752201723449,& OTHER STORIES
40752201723450,& OTHER STORIES
40752201723451,& OTHER STORIES
40752201723455,& OTHER STORIES
40752201723993,& OTHER STORIES
40752201723994,& OTHER STORIES
40752201723995,& OTHER STORIES
40752201724365,& OTHER STORIES
40752201724366,& OTHER STORIES
40752201724574,& OTHER STORIES
40752201724575,& OTHER STORIES
40752201724576,& OTHER STORIES
40752201724577,& OTHER STORIES
40752201724578,& OTHER STORIES
40752201724579,& OTHER STORIES
40752201724634,& OTHER STORIES
40752201725900,& OTHER STORIES
40752201727581,& OTHER STORIES
40752201727582,& OTHER STORIES
40752201727583,& OTHER STORIES
40752201730067,& OTHER STORIES
40752201730068,& OTHER STORIES
40752201730075,& OTHER STORIES
40752201730086,& OTHER STORIES
40752201730088,& OTHER STORIES
40752201730090,& OTHER STORIES
40752201730100,& OTHER STORIES
40752201730102,& OTHER STORIES
40752201730104,& OTHER STORIES
40752201730326,& OTHER STORIES
40752201730327,& OTHER STORIES
40752201730328,& OTHER STORIES
40752201730329,& OTHER STORIES
40752201730330,& OTHER STORIES
40752201730331,& OTHER STORIES
40752201730332,& OTHER STORIES
40752201730333,& OTHER STORIES
40752201730334,& OTHER STORIES
40752201730335,& OTHER STORIES
40752201730336,& OTHER STORIES
40752201730337,& OTHER STORIES
40752201730767,& OTHER STORIES
40752201730770,& OTHER STORIES
40752201730772,& OTHER STORIES
40752201730774,& OTHER STORIES
40752201730776,& OTHER STORIES
40752201731748,& OTHER STORIES
40752201732888,& OTHER STORIES
40752201732889,& OTHER STORIES
40752201732890,& OTHER STORIES
40752201732891,& OTHER STORIES
40752201732892,& OTHER STORIES
40752201732893,& OTHER STORIES