250026,"2022-09-15 08:39:53.45","#NA0026",50.00,68.00,93.00,120.90,"2022-12-20","127590095","PO",4,,,,"",,"NA0026A1",30045,1002,"2022-12-20","2023-01-20","USD",93.00,90,"3XS:10|2XS:20|XS:20|S:10|M:10|L:10|XL:10"
250027,"2022-09-15 08:39:53.45","#NA0027",50.00,68.00,93.00,120.90,"2022-12-20","127590095","PO",4,,,,"",,"NA0027A0",30029,3002,"2022-12-20","2023-01-20","USD",93.00,90,"3XS:10|2XS:20|XS:20|S:10|M:10|L:10|XL:10"
250028,"2022-09-15 08:39:53.45","#NA0028",50.00,68.00,93.00,120.90,"2022-12-20","127590095","PO",4,,,,"",,"NA0028A1",30045,5002,"2022-12-20","2023-01-20","USD",93.00,90,"3XS:10|2XS:20|XS:20|S:10|M:10|L:10|XL:10"
250029,"2022-09-15 08:39:53.45","#NA0029",50.00,68.00,93.00,120.90,"2022-12-20","127590095","PO",4,,,,"",,"NA0029A0",30029,6002,"2022-12-20","2023-01-20","USD",93.00,90,"3XS:10|2XS:20|XS:20|S:10|M:10|L:10|XL:10"
250030,"2022-09-15 08:39:53.45","#NA0030",50.00,68.00,93.00,120.90,"2022-12-20","127590095","PO",4,,,,"",,"NA0030A1",30045,8002,"2022-12-20","2023-01-20","USD",93.00,90,"3XS:10|2XS:20|XS:20|S:10|M:10|L:10|XL:10"
250031,"2022-09-15 08:39:53.45","#NA0031",50.00,68.00,93.00,120.90,"2022-12-20","127590173","PO",4,,,,"",,"NA0031A1",30045,1002,"2022-12-20","2023-01-20","USD",93.00,90,"3XS:10|2XS:20|XS:20|S:10|M:10|L:10|XL:10"
250032,"2022-09-15 08:39:53.45","#NA0032",50.00,68.00,93.00,120.90,"2022-12-20","127590173","PO",4,,,,"",,"NA0032A0",30029,3002,"2022-12-20","2023-01-20","USD",93.00,90,"3XS:10|2XS:20|XS:20|S:10|M:10|L:10|XL:10"
250033,"2022-09-15 08:39:53.45","#NA0033",50.00,68.00,93.00,120.90,"2022-12-20","127590173","PO",4,,,,"",,"NA0033A1",30045,5002,"2022-12-20","2023-01-20","USD",93.00,90,"3XS:10|2XS:20|XS:20|S:10|M:10|L:10|XL:10"
250034,"2022-09-15 08:39:53.45","#NA0034",50.00,68.00,93.00,120.90,"2022-12-20","127590173","PO",4,,,,"",,"NA0034A0",30029,6002,"2022-12-20","2023-01-20","USD",93.00,90,"3XS:10|2XS:20|XS:20|S:10|M:10|L:10|XL:10"
250035,"2022-09-15 08:39:53.45","#NA0035",50.00,68.00,93.00,120.90,"2022-12-20","127590173","PO",4,,,,"",,"NA0035A1",30045,8002,"2022-12-20","2023-01-20","USD",93.00,90,"3XS:10|2XS:20|XS:20|S:10|M:10|L:10|XL:10"
250036,"2022-09-15 08:39:53.45","#NA0036",50.00,68.00,93.00,120.90,"2022-12-20","127590240","PO",4,,,,"",,"NA0036A1",30045,1002,"2022-12-20","2023-01-20","USD",93.00,90,"3XS:10|2XS:20|XS:20|S:10|M:10|L:10|XL:10"
250037,"2022-09-15 08:39:53.45","#NA0037",50.00,68.00,93.00,120.90,"2022-12-20","127590240","PO",4,,,,"",,"NA0037A0",30029,3002,"2022-12-20","2023-01-20","USD",93.00,90,"3XS:10|2XS:20|XS:20|S:10|M:10|L:10|XL:10"
250038,"2022-09-15 08:39:53.45","#NA0038",50.00,68.00,93.00,120.90,"2022-12-20","127590240","PO",4,,,,"",,"NA0038A1",30045,5002,"2022-12-20","2023-01-20","USD",93.00,90,"3XS:10|2XS:20|XS:20|S:10|M:10|L:10|XL:10"
250039,"2022-09-15 08:39:53.45","#NA0039",50.00,68.00,93.00,120.90,"2022-12-20","127590240","PO",4,,,,"",,"NA0039A0",30029,6002,"2022-12-20","2023-01-20","USD",93.00,90,"3XS:10|2XS:20|XS:20|S:10|M:10|L:10|XL:10"
250040,"2022-09-15 08:39:53.45","#NA0040",50.00,68.00,93.00,120.90,"2022-12-20","127590240","PO",4,,,,"",,"NA0040A1",30045,8002,"2022-12-20","2023-01-20","USD",93.00,90,"3XS:10|2XS:20|XS:20|S:10|M:10|L:10|XL:10"
250041,"2022-09-15 08:39:53.45","#NA0041",50.00,68.00,93.00,120.90,"2022-12-20","127588935","PO",4,,,,"",,"NA0041A1",30045,1002,"2022-12-20","2023-01-20","USD",93.00,90,"3XS:10|2XS:20|XS:20|S:10|M:10|L:10|XL:10"
250042,"2022-09-15 08:39:53.45","#NA0042",50.00,68.00,93.00,120.90,"2022-12-20","127588935","PO",4,,,,"",,"NA0042A0",30029,3002,"2022-12-20","2023-01-20","USD",93.00,90,"3XS:10|2XS:20|XS:20|S:10|M:10|L:10|XL:10"
250043,"2022-09-15 08:39:53.45","#NA0043",50.00,68.00,93.00,120.90,"2022-12-20","127588935","PO",4,,,,"",,"NA0043A1",30045,5002,"2022-12-20","2023-01-20","USD",93.00,90,"3XS:10|2XS:20|XS:20|S:10|M:10|L:10|XL:10"
250044,"2022-09-15 08:39:53.45","#NA0044",50.00,68.00,93.00,120.90,"2022-12-20","127588935","PO",4,,,,"",,"NA0044A0",30029,6002,"2022-12-20","2023-01-20","USD",93.00,90,"3XS:10|2XS:20|XS:20|S:10|M:10|L:10|XL:10"
250045,"2022-09-15 08:39:53.45","#NA0045",50.00,68.00,93.00,120.90,"2022-12-20","127588935","PO",4,,,,"",,"NA0045A1",30045,8002,"2022-12-20","2023-01-20","USD",93.00,90,"3XS:10|2XS:20|XS:20|S:10|M:10|L:10|XL:10"
250046,"2022-09-15 08:39:53.45","#NA0046",50.00,68.00,93.00,120.90,"2022-12-20","127590311","PO",4,,,,"",,"NA0046A1",30045,1002,"2022-12-20","2023-01-20","USD",93.00,90,"3XS:10|2XS:20|XS:20|S:10|M:10|L:10|XL:10"
250047,"2022-09-15 08:39:53.45","#NA0047",50.00,68.00,93.00,120.90,"2022-12-20","127590311","PO",4,,,,"",,"NA0047A0",30029,3002,"2022-12-20","2023-01-20","USD",93.00,90,"3XS:10|2XS:20|XS:20|S:10|M:10|L:10|XL:10"
250048,"2022-09-15 08:39:53.45","#NA0048",50.00,68.00,93.00,120.90,"2022-12-20","127590311","PO",4,,,,"",,"NA0048A1",30045,5002,"2022-12-20","2023-01-20","USD",93.00,90,"3XS:10|2XS:20|XS:20|S:10|M:10|L:10|XL:10"
250049,"2022-09-15 08:39:53.45","#NA0049",50.00,68.00,93.00,120.90,"2022-12-20","127590311","PO",4,,,,"",,"NA0049A0",30029,6002,"2022-12-20","2023-01-20","USD",93.00,90,"3XS:10|2XS:20|XS:20|S:10|M:10|L:10|XL:10"
250050,"2022-09-15 08:39:53.45","#NA0050",50.00,68.00,93.00,120.90,"2022-12-20","127590311","PO",4,,,,"",,"NA0050A1",30045,8002,"2022-12-20","2023-01-20","USD",93.00,90,"3XS:10|2XS:20|XS:20|S:10|M:10|L:10|XL:10"
250051,"2022-09-15 08:39:53.45","#NA0051",50.00,68.00,93.00,120.90,"2022-12-20","127589048","PO",4,,,,"",,"NA0051A1",30045,1002,"2022-12-20","2023-01-20","USD",93.00,90,"3XS:10|2XS:20|XS:20|S:10|M:10|L:10|XL:10"
250052,"2022-09-15 08:39:53.45","#NA0052",50.00,68.00,93.00,120.90,"2022-12-20","127589048","PO",4,,,,"",,"NA0052A0",30029,3002,"2022-12-20","2023-01-20","USD",93.00,90,"3XS:10|2XS:20|XS:20|S:10|M:10|L:10|XL:10"
250053,"2022-09-15 08:39:53.45","#NA0053",50.00,68.00,93.00,120.90,"2022-12-20","127589048","PO",4,,,,"",,"NA0053A1",30045,5002,"2022-12-20","2023-01-20","USD",93.00,90,"3XS:10|2XS:20|XS:20|S:10|M:10|L:10|XL:10"
250054,"2022-09-15 08:39:53.45","#NA0054",50.00,68.00,93.00,120.90,"2022-12-20","127589048","PO",4,,,,"",,"NA0054A0",30029,6002,"2022-12-20","2023-01-20","USD",93.00,90,"3XS:10|2XS:20|XS:20|S:10|M:10|L:10|XL:10"
250055,"2022-09-15 08:39:53.45","#NA0055",50.00,68.00,93.00,120.90,"2022-12-20","127589048","PO",4,,,,"",,"NA0055A1",30045,8002,"2022-12-20","2023-01-20","USD",93.00,90,"3XS:10|2XS:20|XS:20|S:10|M:10|L:10|XL:10"
250056,"2022-09-15 08:39:53.45","#NA0056",50.00,68.00,93.00,120.90,"2022-12-20","127589125","PO",4,,,,"",,"NA0056A1",30045,1002,"2022-12-20","2023-01-20","USD",93.00,90,"3XS:10|2XS:20|XS:20|S:10|M:10|L:10|XL:10"
250057,"2022-09-15 08:39:53.45","#NA0057",50.00,68.00,93.00,120.90,"2022-12-20","127589125","PO",4,,,,"",,"NA0057A0",30029,3002,"2022-12-20","2023-01-20","USD",93.00,90,"3XS:10|2XS:20|XS:20|S:10|M:10|L:10|XL:10"
250058,"2022-09-15 08:39:53.45","#NA0058",50.00,68.00,93.00,120.90,"2022-12-20","127589125","PO",4,,,,"",,"NA0058A1",30045,5002,"2022-12-20","2023-01-20","USD",93.00,90,"3XS:10|2XS:20|XS:20|S:10|M:10|L:10|XL:10"
250059,"2022-09-15 08:39:53.45","#NA0059",50.00,68.00,93.00,120.90,"2022-12-20","127589125","PO",4,,,,"",,"NA0059A0",30029,6002,"2022-12-20","2023-01-20","USD",93.00,90,"3XS:10|2XS:20|XS:20|S:10|M:10|L:10|XL:10"
250060,"2022-09-15 08:39:53.45","#NA0060",50.00,68.00,93.00,120.90,"2022-12-20","127589125","PO",4,,,,"",,"NA0060A1",30045,8002,"2022-12-20","2023-01-20","USD",93.00,90,"3XS:10|2XS:20|XS:20|S:10|M:10|L:10|XL:10"
250061,"2022-09-15 08:39:53.45","#NA0061",50.00,68.00,93.00,120.90,"2022-12-20","127590398","PO",4,,,,"",,"NA0061A1",30045,1002,"2022-12-20","2023-01-20","USD",93.00,90,"3XS:10|2XS:20|XS:20|S:10|M:10|L:10|XL:10"
250062,"2022-09-15 08:39:53.45","#NA0062",50.00,68.00,93.00,120.90,"2022-12-20","127590398","PO",4,,,,"",,"NA0062A0",30029,3002,"2022-12-20","2023-01-20","USD",93.00,90,"3XS:10|2XS:20|XS:20|S:10|M:10|L:10|XL:10"
250063,"2022-09-15 08:39:53.45","#NA0063",50.00,68.00,93.00,120.90,"2022-12-20","127590398","PO",4,,,,"",,"NA0063A1",30045,5002,"2022-12-20","2023-01-20","USD",93.00,90,"3XS:10|2XS:20|XS:20|S:10|M:10|L:10|XL:10"
250064,"2022-09-15 08:39:53.45","#NA0064",50.00,68.00,93.00,120.90,"2022-12-20","127590398","PO",4,,,,"",,"NA0064A0",30029,6002,"2022-12-20","2023-01-20","USD",93.00,90,"3XS:10|2XS:20|XS:20|S:10|M:10|L:10|XL:10"
250065,"2022-09-15 08:39:53.45","#NA0065",50.00,68.00,93.00,120.90,"2022-12-20","127590398","PO",4,,,,"",,"NA0065A1",30045,8002,"2022-12-20","2023-01-20","USD",93.00,90,"3XS:10|2XS:20|XS:20|S:10|M:10|L:10|XL:10"
250066,"2022-09-15 08:39:53.45","#NA0066",50.00,68.00,93.00,120.90,"2022-12-20","127590475","PO",4,,,,"",,"NA0066A1",30045,1002,"2022-12-20","2023-01-20","USD",93.00,90,"3XS:10|2XS:20|XS:20|S:10|M:10|L:10|XL:10"
250067,"2022-09-15 08:39:53.45","#NA0067",50.00,68.00,93.00,120.90,"2022-12-20","127590475","PO",4,,,,"",,"NA0067A0",30029,3002,"2022-12-20","2023-01-20","USD",93.00,90,"3XS:10|2XS:20|XS:20|S:10|M:10|L:10|XL:10"
250068,"2022-09-15 08:39:53.45","#NA0068",50.00,68.00,93.00,120.90,"2022-12-20","127590475","PO",4,,,,"",,"NA0068A1",30045,5002,"2022-12-20","2023-01-20","USD",93.00,90,"3XS:10|2XS:20|XS:20|S:10|M:10|L:10|XL:10"
250069,"2022-09-15 08:39:53.45","#NA0069",50.00,68.00,93.00,120.90,"2022-12-20","127590475","PO",4,,,,"",,"NA0069A0",30029,6002,"2022-12-20","2023-01-20","USD",93.00,90,"3XS:10|2XS:20|XS:20|S:10|M:10|L:10|XL:10"
250070,"2022-09-15 08:39:53.45","#NA0070",50.00,68.00,93.00,120.90,"2022-12-20","127590475","PO",4,,,,"",,"NA0070A1",30045,8002,"2022-12-20","2023-01-20","USD",93.00,90,"3XS:10|2XS:20|XS:20|S:10|M:10|L:10|XL:10"
250071,"2022-09-15 08:39:53.45","#NA0071",50.00,68.00,93.00,120.90,"2022-12-20","127589208","PO",4,,,,"",,"NA0071A1",30045,1002,"2022-12-20","2023-01-20","USD",93.00,90,"3XS:10|2XS:20|XS:20|S:10|M:10|L:10|XL:10"
250072,"2022-09-15 08:39:53.45","#NA0072",50.00,68.00,93.00,120.90,"2022-12-20","127589208","PO",4,,,,"",,"NA0072A0",30029,3002,"2022-12-20","2023-01-20","USD",93.00,90,"3XS:10|2XS:20|XS:20|S:10|M:10|L:10|XL:10"
250073,"2022-09-15 08:39:53.45","#NA0073",50.00,68.00,93.00,120.90,"2022-12-20","127589208","PO",4,,,,"",,"NA0073A1",30045,5002,"2022-12-20","2023-01-20","USD",93.00,90,"3XS:10|2XS:20|XS:20|S:10|M:10|L:10|XL:10"
250074,"2022-09-15 08:39:53.45","#NA0074",50.00,68.00,93.00,120.90,"2022-12-20","127589208","PO",4,,,,"",,"NA0074A0",30029,6002,"2022-12-20","2023-01-20","USD",93.00,90,"3XS:10|2XS:20|XS:20|S:10|M:10|L:10|XL:10"
250075,"2022-09-15 08:39:53.45","#NA0075",50.00,68.00,93.00,120.90,"2022-12-20","127589208","PO",4,,,,"",,"NA0075A1",30045,8002,"2022-12-20","2023-01-20","USD",93.00,90,"3XS:10|2XS:20|XS:20|S:10|M:10|L:10|XL:10"
250076,"2022-09-15 08:39:53.45","#NA0076",50.00,68.00,93.00,120.90,"2022-12-20","127590558","PO",4,,,,"",,"NA0076A1",30045,1002,"2022-12-20","2023-01-20","USD",93.00,90,"3XS:10|2XS:20|XS:20|S:10|M:10|L:10|XL:10"
250077,"2022-09-15 08:39:53.45","#NA0077",50.00,68.00,93.00,120.90,"2022-12-20","127590558","PO",4,,,,"",,"NA0077A0",30029,3002,"2022-12-20","2023-01-20","USD",93.00,90,"3XS:10|2XS:20|XS:20|S:10|M:10|L:10|XL:10"
250078,"2022-09-15 08:39:53.45","#NA0078",50.00,68.00,93.00,120.90,"2022-12-20","127590558","PO",4,,,,"",,"NA0078A1",30045,5002,"2022-12-20","2023-01-20","USD",93.00,90,"3XS:10|2XS:20|XS:20|S:10|M:10|L:10|XL:10"
250079,"2022-09-15 08:39:53.45","#NA0079",50.00,68.00,93.00,120.90,"2022-12-20","127590558","PO",4,,,,"",,"NA0079A0",30029,6002,"2022-12-20","2023-01-20","USD",93.00,90,"3XS:10|2XS:20|XS:20|S:10|M:10|L:10|XL:10"
250080,"2022-09-15 08:39:53.45","#NA0080",50.00,68.00,93.00,120.90,"2022-12-20","127590558","PO",4,,,,"",,"NA0080A1",30045,8002,"2022-12-20","2023-01-20","USD",93.00,90,"3XS:10|2XS:20|XS:20|S:10|M:10|L:10|XL:10"
250081,"2022-09-15 08:39:53.45","#NA0081",50.00,68.00,93.00,120.90,"2022-12-20","127590636","PO",4,,,,"",,"NA0081A1",30045,1002,"2022-12-20","2023-01-20","USD",93.00,90,"3XS:10|2XS:20|XS:20|S:10|M:10|L:10|XL:10"
250082,"2022-09-15 08:39:53.45","#NA0082",50.00,68.00,93.00,120.90,"2022-12-20","127590636","PO",4,,,,"",,"NA0082A0",30029,3002,"2022-12-20","2023-01-20","USD",93.00,90,"3XS:10|2XS:20|XS:20|S:10|M:10|L:10|XL:10"
250083,"2022-09-15 08:39:53.45","#NA0083",50.00,68.00,93.00,120.90,"2022-12-20","127590636","PO",4,,,,"",,"NA0083A1",30045,5002,"2022-12-20","2023-01-20","USD",93.00,90,"3XS:10|2XS:20|XS:20|S:10|M:10|L:10|XL:10"
250084,"2022-09-15 08:39:53.45","#NA0084",50.00,68.00,93.00,120.90,"2022-12-20","127590636","PO",4,,,,"",,"NA0084A0",30029,6002,"2022-12-20","2023-01-20","USD",93.00,90,"3XS:10|2XS:20|XS:20|S:10|M:10|L:10|XL:10"
250085,"2022-09-15 08:39:53.45","#NA0085",50.00,68.00,93.00,120.90,"2022-12-20","127590636","PO",4,,,,"",,"NA0085A1",30045,8002,"2022-12-20","2023-01-20","USD",93.00,90,"3XS:10|2XS:20|XS:20|S:10|M:10|L:10|XL:10"
250086,"2022-09-15 08:39:53.45","#NA0086",50.00,68.00,93.00,120.90,"2022-12-20","127589287","PO",4,,,,"",,"NA0086A1",30045,1002,"2022-12-20","2023-01-20","USD",93.00,90,"3XS:10|2XS:20|XS:20|S:10|M:10|L:10|XL:10"
250087,"2022-09-15 08:39:53.45","#NA0087",50.00,68.00,93.00,120.90,"2022-12-20","127589287","PO",4,,,,"",,"NA0087A0",30029,3002,"2022-12-20","2023-01-20","USD",93.00,90,"3XS:10|2XS:20|XS:20|S:10|M:10|L:10|XL:10"
250088,"2022-09-15 08:39:53.45","#NA0088",50.00,68.00,93.00,120.90,"2022-12-20","127589287","PO",4,,,,"",,"NA0088A1",30045,5002,"2022-12-20","2023-01-20","USD",93.00,90,"3XS:10|2XS:20|XS:20|S:10|M:10|L:10|XL:10"
250089,"2022-09-15 08:39:53.45","#NA0089",50.00,68.00,93.00,120.90,"2022-12-20","127589287","PO",4,,,,"",,"NA0089A0",30029,6002,"2022-12-20","2023-01-20","USD",93.00,90,"3XS:10|2XS:20|XS:20|S:10|M:10|L:10|XL:10"
250090,"2022-09-15 08:39:53.45","#NA0090",50.00,68.00,93.00,120.90,"2022-12-20","127589287","PO",4,,,,"",,"NA0090A1",30045,8002,"2022-12-20","2023-01-20","USD",93.00,90,"3XS:10|2XS:20|XS:20|S:10|M:10|L:10|XL:10"
250091,"2022-09-15 08:39:53.45","#NA0091",50.00,68.00,93.00,120.90,"2022-12-20","127589365","PO",4,,,,"",,"NA0091A1",30045,1002,"2022-12-20","2023-01-20","USD",93.00,90,"3XS:10|2XS:20|XS:20|S:10|M:10|L:10|XL:10"
250092,"2022-09-15 08:39:53.45","#NA0092",50.00,68.00,93.00,120.90,"2022-12-20","127589365","PO",4,,,,"",,"NA0092A0",30029,3002,"2022-12-20","2023-01-20","USD",93.00,90,"3XS:10|2XS:20|XS:20|S:10|M:10|L:10|XL:10"
250093,"2022-09-15 08:39:53.45","#NA0093",50.00,68.00,93.00,120.90,"2022-12-20","127589365","PO",4,,,,"",,"NA0093A1",30045,5002,"2022-12-20","2023-01-20","USD",93.00,90,"3XS:10|2XS:20|XS:20|S:10|M:10|L:10|XL:10"
250094,"2022-09-15 08:39:53.45","#NA0094",50.00,68.00,93.00,120.90,"2022-12-20","127589365","PO",4,,,,"",,"NA0094A0",30029,6002,"2022-12-20","2023-01-20","USD",93.00,90,"3XS:10|2XS:20|XS:20|S:10|M:10|L:10|XL:10"
250095,"2022-09-15 08:39:53.45","#NA0095",50.00,68.00,93.00,120.90,"2022-12-20","127589365","PO",4,,,,"",,"NA0095A1",30045,8002,"2022-12-20","2023-01-20","USD",93.00,90,"3XS:10|2XS:20|XS:20|S:10|M:10|L:10|XL:10"
250096,"2022-09-15 08:39:53.45","#NA0096",50.00,68.00,93.00,120.90,"2022-12-20","127590718","PO",4,,,,"",,"NA0096A1",30045,1002,"2022-12-20","2023-01-20","USD",93.00,90,"3XS:10|2XS:20|XS:20|S:10|M:10|L:10|XL:10"
250097,"2022-09-15 08:39:53.45","#NA0097",50.00,68.00,93.00,120.90,"2022-12-20","127590718","PO",4,,,,"",,"NA0097A0",30029,3002,"2022-12-20","2023-01-20","USD",93.00,90,"3XS:10|2XS:20|XS:20|S:10|M:10|L:10|XL:10"
250098,"2022-09-15 08:39:53.45","#NA0098",50.00,68.00,93.00,120.90,"2022-12-20","127590718","PO",4,,,,"",,"NA0098A1",30045,5002,"2022-12-20","2023-01-20","USD",93.00,90,"3XS:10|2XS:20|XS:20|S:10|M:10|L:10|XL:10"
250099,"2022-09-15 08:39:53.45","#NA0099",50.00,68.00,93.00,120.90,"2022-12-20","127590718","PO",4,,,,"",,"NA0099A0",30029,6002,"2022-12-20","2023-01-20","USD",93.00,90,"3XS:10|2XS:20|XS:20|S:10|M:10|L:10|XL:10"
250100,"2022-09-15 08:39:53.45","#NA0100",50.00,68.00,93.00,120.90,"2022-12-20","127590718","PO",4,,,,"",,"NA0100A1",30045,8002,"2022-12-20","2023-01-20","USD",93.00,90,"3XS:10|2XS:20|XS:20|S:10|M:10|L:10|XL:10"
250101,"2022-09-15 08:39:53.45","#NA0101",50.00,68.00,93.00,120.90,"2022-12-20","127589452","PO",4,,,,"",,"NA0101A1",30045,1002,"2022-12-20","2023-01-20","USD",93.00,90,"3XS:10|2XS:20|XS:20|S:10|M:10|L:10|XL:10"
250102,"2022-09-15 08:39:53.45","#NA0102",50.00,68.00,93.00,120.90,"2022-12-20","127589452","PO",4,,,,"",,"NA0102A0",30029,3002,"2022-12-20","2023-01-20","USD",93.00,90,"3XS:10|2XS:20|XS:20|S:10|M:10|L:10|XL:10"
250103,"2022-09-15 08:39:53.45","#NA0103",50.00,68.00,93.00,120.90,"2022-12-20","127589452","PO",4,,,,"",,"NA0103A1",30045,5002,"2022-12-20","2023-01-20","USD",93.00,90,"3XS:10|2XS:20|XS:20|S:10|M:10|L:10|XL:10"
250104,"2022-09-15 08:39:53.45","#NA0104",50.00,68.00,93.00,120.90,"2022-12-20","127589452","PO",4,,,,"",,"NA0104A0",30029,6002,"2022-12-20","2023-01-20","USD",93.00,90,"3XS:10|2XS:20|XS:20|S:10|M:10|L:10|XL:10"
250105,"2022-09-15 08:39:53.45","#NA0105",50.00,68.00,93.00,120.90,"2022-12-20","127589452","PO",4,,,,"",,"NA0105A1",30045,8002,"2022-12-20","2023-01-20","USD",93.00,90,"3XS:10|2XS:20|XS:20|S:10|M:10|L:10|XL:10"
250106,"2022-09-15 08:39:53.45","#NA0106",50.00,68.00,93.00,120.90,"2022-12-20","127589529","PO",4,,,,"",,"NA0106A1",30045,1002,"2022-12-20","2023-01-20","USD",93.00,90,"3XS:10|2XS:20|XS:20|S:10|M:10|L:10|XL:10"
250107,"2022-09-15 08:39:53.45","#NA0107",50.00,68.00,93.00,120.90,"2022-12-20","127589529","PO",4,,,,"",,"NA0107A0",30029,3002,"2022-12-20","2023-01-20","USD",93.00,90,"3XS:10|2XS:20|XS:20|S:10|M:10|L:10|XL:10"
250108,"2022-09-15 08:39:53.45","#NA0108",50.00,68.00,93.00,120.90,"2022-12-20","127589529","PO",4,,,,"",,"NA0108A1",30045,5002,"2022-12-20","2023-01-20","USD",93.00,90,"3XS:10|2XS:20|XS:20|S:10|M:10|L:10|XL:10"
250109,"2022-09-15 08:39:53.45","#NA0109",50.00,68.00,93.00,120.90,"2022-12-20","127589529","PO",4,,,,"",,"NA0109A0",30029,6002,"2022-12-20","2023-01-20","USD",93.00,90,"3XS:10|2XS:20|XS:20|S:10|M:10|L:10|XL:10"
250110,"2022-09-15 08:39:53.45","#NA0110",50.00,68.00,93.00,120.90,"2022-12-20","127589529","PO",4,,,,"",,"NA0110A1",30045,8002,"2022-12-20","2023-01-20","USD",93.00,90,"3XS:10|2XS:20|XS:20|S:10|M:10|L:10|XL:10"
250111,"2022-09-15 08:39:53.45","#NA0111",50.00,68.00,93.00,120.90,"2022-12-20","127589615","PO",4,,,,"",,"NA0111A1",30045,1002,"2022-12-20","2023-01-20","USD",93.00,90,"3XS:10|2XS:20|XS:20|S:10|M:10|L:10|XL:10"
250112,"2022-09-15 08:39:53.45","#NA0112",50.00,68.00,93.00,120.90,"2022-12-20","127589615","PO",4,,,,"",,"NA0112A0",30029,3002,"2022-12-20","2023-01-20","USD",93.00,90,"3XS:10|2XS:20|XS:20|S:10|M:10|L:10|XL:10"
250113,"2022-09-15 08:39:53.45","#NA0113",50.00,68.00,93.00,120.90,"2022-12-20","127589615","PO",4,,,,"",,"NA0113A1",30045,5002,"2022-12-20","2023-01-20","USD",93.00,90,"3XS:10|2XS:20|XS:20|S:10|M:10|L:10|XL:10"
250114,"2022-09-15 08:39:53.45","#NA0114",50.00,68.00,93.00,120.90,"2022-12-20","127589615","PO",4,,,,"",,"NA0114A0",30029,6002,"2022-12-20","2023-01-20","USD",93.00,90,"3XS:10|2XS:20|XS:20|S:10|M:10|L:10|XL:10"
250115,"2022-09-15 08:39:53.45","#NA0115",50.00,68.00,93.00,120.90,"2022-12-20","127589615","PO",4,,,,"",,"NA0115A1",30045,8002,"2022-12-20","2023-01-20","USD",93.00,90,"3XS:10|2XS:20|XS:20|S:10|M:10|L:10|XL:10"
250116,"2022-09-15 08:39:53.45","#NA0116",50.00,68.00,93.00,120.90,"2022-12-20","127589694","PO",4,,,,"",,"NA0116A1",30045,1002,"2022-12-20","2023-01-20","USD",93.00,90,"3XS:10|2XS:20|XS:20|S:10|M:10|L:10|XL:10"
250117,"2022-09-15 08:39:53.45","#NA0117",50.00,68.00,93.00,120.90,"2022-12-20","127589694","PO",4,,,,"",,"NA0117A0",30029,3002,"2022-12-20","2023-01-20","USD",93.00,90,"3XS:10|2XS:20|XS:20|S:10|M:10|L:10|XL:10"
250118,"2022-09-15 08:39:53.45","#NA0118",50.00,68.00,93.00,120.90,"2022-12-20","127589694","PO",4,,,,"",,"NA0118A1",30045,5002,"2022-12-20","2023-01-20","USD",93.00,90,"3XS:10|2XS:20|XS:20|S:10|M:10|L:10|XL:10"
250119,"2022-09-15 08:39:53.45","#NA0119",50.00,68.00,93.00,120.90,"2022-12-20","127589694","PO",4,,,,"",,"NA0119A0",30029,6002,"2022-12-20","2023-01-20","USD",93.00,90,"3XS:10|2XS:20|XS:20|S:10|M:10|L:10|XL:10"
250120,"2022-09-15 08:39:53.45","#NA0120",50.00,68.00,93.00,120.90,"2022-12-20","127589694","PO",4,,,,"",,"NA0120A1",30045,8002,"2022-12-20","2023-01-20","USD",93.00,90,"3XS:10|2XS:20|XS:20|S:10|M:10|L:10|XL:10"
250121,"2022-09-15 08:39:53.45","#NA0121",50.00,68.00,93.00,120.90,"2022-12-20","127589773","PO",4,,,,"",,"NA0121A1",30045,1002,"2022-12-20","2023-01-20","USD",93.00,90,"3XS:10|2XS:20|XS:20|S:10|M:10|L:10|XL:10"
250122,"2022-09-15 08:39:53.45","#NA0122",50.00,68.00,93.00,120.90,"2022-12-20","127589773","PO",4,,,,"",,"NA0122A0",30029,3002,"2022-12-20","2023-01-20","USD",93.00,90,"3XS:10|2XS:20|XS:20|S:10|M:10|L:10|XL:10"
250123,"2022-09-15 08:39:53.45","#NA0123",50.00,68.00,93.00,120.90,"2022-12-20","127589773","PO",4,,,,"",,"NA0123A1",30045,5002,"2022-12-20","2023-01-20","USD",93.00,90,"3XS:10|2XS:20|XS:20|S:10|M:10|L:10|XL:10"
250124,"2022-09-15 08:39:53.45","#NA0124",50.00,68.00,93.00,120.90,"2022-12-20","127589773","PO",4,,,,"",,"NA0124A0",30029,6002,"2022-12-20","2023-01-20","USD",93.00,90,"3XS:10|2XS:20|XS:20|S:10|M:10|L:10|XL:10"
250125,"2022-09-15 08:39:53.45","#NA0125",50.00,68.00,93.00,120.90,"2022-12-20","127589773","PO",4,,,,"",,"NA0125A1",30045,8002,"2022-12-20","2023-01-20","USD",93.00,90,"3XS:10|2XS:20|XS:20|S:10|M:10|L:10|XL:10"
250126,"2022-09-15 08:39:53.45","#NA0126",50.00,68.00,93.00,120.90,"2022-12-20","127589848","PO",4,,,,"",,"NA0126A1",30045,1002,"2022-12-20","2023-01-20","USD",93.00,90,"3XS:10|2XS:20|XS:20|S:10|M:10|L:10|XL:10"
250127,"2022-09-15 08:39:53.45","#NA0127",50.00,68.00,93.00,120.90,"2022-12-20","127589848","PO",4,,,,"",,"NA0127A0",30029,3002,"2022-12-20","2023-01-20","USD",93.00,90,"3XS:10|2XS:20|XS:20|S:10|M:10|L:10|XL:10"
250128,"2022-09-15 08:39:53.45","#NA0128",50.00,68.00,93.00,120.90,"2022-12-20","127589848","PO",4,,,,"",,"NA0128A1",30045,5002,"2022-12-20","2023-01-20","USD",93.00,90,"3XS:10|2XS:20|XS:20|S:10|M:10|L:10|XL:10"
250129,"2022-09-15 08:39:53.45","#NA0129",50.00,68.00,93.00,120.90,"2022-12-20","127589848","PO",4,,,,"",,"NA0129A0",30029,6002,"2022-12-20","2023-01-20","USD",93.00,90,"3XS:10|2XS:20|XS:20|S:10|M:10|L:10|XL:10"
250130,"2022-09-15 08:39:53.45","#NA0130",50.00,68.00,93.00,120.90,"2022-12-20","127589848","PO",4,,,,"",,"NA0130A1",30045,8002,"2022-12-20","2023-01-20","USD",93.00,90,"3XS:10|2XS:20|XS:20|S:10|M:10|L:10|XL:10"
250131,"2022-09-15 08:39:53.45","#NA0131",50.00,68.00,93.00,120.90,"2022-12-20","127589940","PO",4,,,,"",,"NA0131A1",30045,1002,"2022-12-20","2023-01-20","USD",93.00,90,"3XS:10|2XS:20|XS:20|S:10|M:10|L:10|XL:10"
250132,"2022-09-15 08:39:53.45","#NA0132",50.00,68.00,93.00,120.90,"2022-12-20","127589940","PO",4,,,,"",,"NA0132A0",30029,3002,"2022-12-20","2023-01-20","USD",93.00,90,"3XS:10|2XS:20|XS:20|S:10|M:10|L:10|XL:10"
250133,"2022-09-15 08:39:53.45","#NA0133",50.00,68.00,93.00,120.90,"2022-12-20","127589940","PO",4,,,,"",,"NA0133A1",30045,5002,"2022-12-20","2023-01-20","USD",93.00,90,"3XS:10|2XS:20|XS:20|S:10|M:10|L:10|XL:10"
250134,"2022-09-15 08:39:53.45","#NA0134",50.00,68.00,93.00,120.90,"2022-12-20","127589940","PO",4,,,,"",,"NA0134A0",30029,6002,"2022-12-20","2023-01-20","USD",93.00,90,"3XS:10|2XS:20|XS:20|S:10|M:10|L:10|XL:10"
250135,"2022-09-15 08:39:53.45","#NA0135",50.00,68.00,93.00,120.90,"2022-12-20","127589940","PO",4,,,,"",,"NA0135A1",30045,8002,"2022-12-20","2023-01-20","USD",93.00,90,"3XS:10|2XS:20|XS:20|S:10|M:10|L:10|XL:10"
250136,"2022-09-15 08:39:53.45","#NA0136",50.00,68.00,93.00,120.90,"2022-12-20","127590010","PO",4,,,,"",,"NA0136A1",30045,1002,"2022-12-20","2023-01-20","USD",93.00,90,"3XS:10|2XS:20|XS:20|S:10|M:10|L:10|XL:10"
250137,"2022-09-15 08:39:53.45","#NA0137",50.00,68.00,93.00,120.90,"2022-12-20","127590010","PO",4,,,,"",,"NA0137A0",30029,3002,"2022-12-20","2023-01-20","USD",93.00,90,"3XS:10|2XS:20|XS:20|S:10|M:10|L:10|XL:10"
250138,"2022-09-15 08:39:53.45","#NA0138",50.00,68.00,93.00,120.90,"2022-12-20","127590010","PO",4,,,,"",,"NA0138A1",30045,5002,"2022-12-20","2023-01-20","USD",93.00,90,"3XS:10|2XS:20|XS:20|S:10|M:10|L:10|XL:10"
250139,"2022-09-15 08:39:53.45","#NA0139",50.00,68.00,93.00,120.90,"2022-12-20","127590010","PO",4,,,,"",,"NA0139A0",30029,6002,"2022-12-20","2023-01-20","USD",93.00,90,"3XS:10|2XS:20|XS:20|S:10|M:10|L:10|XL:10"
250140,"2022-09-15 08:39:53.45","#NA0140",50.00,68.00,93.00,120.90,"2022-12-20","127590010","PO",4,,,,"",,"NA0140A1",30045,8002,"2022-12-20","2023-01-20","USD",93.00,90,"3XS:10|2XS:20|XS:20|S:10|M:10|L:10|XL:10"
250141,"2022-09-15 08:39:53.45","#NA0141",50.00,68.00,93.00,120.90,"2022-12-20","127590096","PO",4,,,,"",,"NA0141A1",30045,1002,"2022-12-20","2023-01-20","USD",93.00,90,"3XS:10|2XS:20|XS:20|S:10|M:10|L:10|XL:10"
250142,"2022-09-15 08:39:53.45","#NA0142",50.00,68.00,93.00,120.90,"2022-12-20","127590096","PO",4,,,,"",,"NA0142A0",30029,3002,"2022-12-20","2023-01-20","USD",93.00,90,"3XS:10|2XS:20|XS:20|S:10|M:10|L:10|XL:10"
250143,"2022-09-15 08:39:53.45","#NA0143",50.00,68.00,93.00,120.90,"2022-12-20","127590096","PO",4,,,,"",,"NA0143A1",30045,5002,"2022-12-20","2023-01-20","USD",93.00,90,"3XS:10|2XS:20|XS:20|S:10|M:10|L:10|XL:10"
250144,"2022-09-15 08:39:53.45","#NA0144",50.00,68.00,93.00,120.90,"2022-12-20","127590096","PO",4,,,,"",,"NA0144A0",30029,6002,"2022-12-20","2023-01-20","USD",93.00,90,"3XS:10|2XS:20|XS:20|S:10|M:10|L:10|XL:10"
250145,"2022-09-15 08:39:53.45","#NA0145",50.00,68.00,93.00,120.90,"2022-12-20","127590096","PO",4,,,,"",,"NA0145A1",30045,8002,"2022-12-20","2023-01-20","USD",93.00,90,"3XS:10|2XS:20|XS:20|S:10|M:10|L:10|XL:10"
250146,"2022-09-15 08:39:53.45","#NA0146",50.00,68.00,93.00,120.90,"2022-12-20","127590175","PO",4,,,,"",,"NA0146A1",30045,1002,"2022-12-20","2023-01-20","USD",93.00,90,"3XS:10|2XS:20|XS:20|S:10|M:10|L:10|XL:10"
250147,"2022-09-15 08:39:53.45","#NA0147",50.00,68.00,93.00,120.90,"2022-12-20","127590175","PO",4,,,,"",,"NA0147A0",30029,3002,"2022-12-20","2023-01-20","USD",93.00,90,"3XS:10|2XS:20|XS:20|S:10|M:10|L:10|XL:10"
250148,"2022-09-15 08:39:53.45","#NA0148",50.00,68.00,93.00,120.90,"2022-12-20","127590175","PO",4,,,,"",,"NA0148A1",30045,5002,"2022-12-20","2023-01-20","USD",93.00,90,"3XS:10|2XS:20|XS:20|S:10|M:10|L:10|XL:10"
250149,"2022-09-15 08:39:53.45","#NA0149",50.00,68.00,93.00,120.90,"2022-12-20","127590175","PO",4,,,,"",,"NA0149A0",30029,6002,"2022-12-20","2023-01-20","USD",93.00,90,"3XS:10|2XS:20|XS:20|S:10|M:10|L:10|XL:10"
250150,"2022-09-15 08:39:53.45","#NA0150",50.00,68.00,93.00,120.90,"2022-12-20","127590175","PO",4,,,,"",,"NA0150A1",30045,8002,"2022-12-20","2023-01-20","USD",93.00,90,"3XS:10|2XS:20|XS:20|S:10|M:10|L:10|XL:10"
250151,"2022-09-15 08:39:53.45","#NA0151",50.00,68.00,93.00,120.90,"2022-12-20","127590234","PO",4,,,,"",,"NA0151A1",30045,1002,"2022-12-20","2023-01-20","USD",93.00,90,"3XS:10|2XS:20|XS:20|S:10|M:10|L:10|XL:10"
250152,"2022-09-15 08:39:53.45","#NA0152",50.00,68.00,93.00,120.90,"2022-12-20","127590234","PO",4,,,,"",,"NA0152A0",30029,3002,"2022-12-20","2023-01-20","USD",93.00,90,"3XS:10|2XS:20|XS:20|S:10|M:10|L:10|XL:10"
250153,"2022-09-15 08:39:53.45","#NA0153",50.00,68.00,93.00,120.90,"2022-12-20","127590234","PO",4,,,,"",,"NA0153A1",30045,5002,"2022-12-20","2023-01-20","USD",93.00,90,"3XS:10|2XS:20|XS:20|S:10|M:10|L:10|XL:10"
250154,"2022-09-15 08:39:53.45","#NA0154",50.00,68.00,93.00,120.90,"2022-12-20","127590234","PO",4,,,,"",,"NA0154A0",30029,6002,"2022-12-20","2023-01-20","USD",93.00,90,"3XS:10|2XS:20|XS:20|S:10|M:10|L:10|XL:10"
250155,"2022-09-15 08:39:53.45","#NA0155",50.00,68.00,93.00,120.90,"2022-12-20","127590234","PO",4,,,,"",,"NA0155A1",30045,8002,"2022-12-20","2023-01-20","USD",93.00,90,"3XS:10|2XS:20|XS:20|S:10|M:10|L:10|XL:10"
250156,"2022-09-15 08:39:53.45","#NA0156",50.00,68.00,93.00,120.90,"2022-12-20","127590314","PO",4,,,,"",,"NA0156A1",30045,1002,"2022-12-20","2023-01-20","USD",93.00,90,"3XS:10|2XS:20|XS:20|S:10|M:10|L:10|XL:10"
250157,"2022-09-15 08:39:53.45","#NA0157",50.00,68.00,93.00,120.90,"2022-12-20","127590314","PO",4,,,,"",,"NA0157A0",30029,3002,"2022-12-20","2023-01-20","USD",93.00,90,"3XS:10|2XS:20|XS:20|S:10|M:10|L:10|XL:10"
250158,"2022-09-15 08:39:53.45","#NA0158",50.00,68.00,93.00,120.90,"2022-12-20","127590314","PO",4,,,,"",,"NA0158A1",30045,5002,"2022-12-20","2023-01-20","USD",93.00,90,"3XS:10|2XS:20|XS:20|S:10|M:10|L:10|XL:10"
250159,"2022-09-15 08:39:53.45","#NA0159",50.00,68.00,93.00,120.90,"2022-12-20","127590314","PO",4,,,,"",,"NA0159A0",30029,6002,"2022-12-20","2023-01-20","USD",93.00,90,"3XS:10|2XS:20|XS:20|S:10|M:10|L:10|XL:10"
250160,"2022-09-15 08:39:53.45","#NA0160",50.00,68.00,93.00,120.90,"2022-12-20","127590314","PO",4,,,,"",,"NA0160A1",30045,8002,"2022-12-20","2023-01-20","USD",93.00,90,"3XS:10|2XS:20|XS:20|S:10|M:10|L:10|XL:10"
250161,"2022-09-15 08:39:53.45","#NA0161",50.00,68.00,93.00,120.90,"2022-12-20","127589535","PO",4,,,,"",,"NA0161A1",30045,1002,"2022-12-20","2023-01-20","USD",93.00,90,"3XS:10|2XS:20|XS:20|S:10|M:10|L:10|XL:10"
250162,"2022-09-15 08:39:53.45","#NA0162",50.00,68.00,93.00,120.90,"2022-12-20","127589535","PO",4,,,,"",,"NA0162A0",30029,3002,"2022-12-20","2023-01-20","USD",93.00,90,"3XS:10|2XS:20|XS:20|S:10|M:10|L:10|XL:10"
250163,"2022-09-15 08:39:53.45","#NA0163",50.00,68.00,93.00,120.90,"2022-12-20","127589535","PO",4,,,,"",,"NA0163A1",30045,5002,"2022-12-20","2023-01-20","USD",93.00,90,"3XS:10|2XS:20|XS:20|S:10|M:10|L:10|XL:10"
250164,"2022-09-15 08:39:53.45","#NA0164",50.00,68.00,93.00,120.90,"2022-12-20","127589535","PO",4,,,,"",,"NA0164A0",30029,6002,"2022-12-20","2023-01-20","USD",93.00,90,"3XS:10|2XS:20|XS:20|S:10|M:10|L:10|XL:10"
250165,"2022-09-15 08:39:53.45","#NA0165",50.00,68.00,93.00,120.90,"2022-12-20","127589535","PO",4,,,,"",,"NA0165A1",30045,8002,"2022-12-20","2023-01-20","USD",93.00,90,"3XS:10|2XS:20|XS:20|S:10|M:10|L:10|XL:10"
250166,"2022-09-15 08:39:53.45","#NA0166",50.00,68.00,93.00,120.90,"2022-12-20","127590391","PO",4,,,,"",,"NA0166A1",30045,1002,"2022-12-20","2023-01-20","USD",93.00,90,"3XS:10|2XS:20|XS:20|S:10|M:10|L:10|XL:10"
250167,"2022-09-15 08:39:53.45","#NA0167",50.00,68.00,93.00,120.90,"2022-12-20","127590391","PO",4,,,,"",,"NA0167A0",30029,3002,"2022-12-20","2023-01-20","USD",93.00,90,"3XS:10|2XS:20|XS:20|S:10|M:10|L:10|XL:10"
250168,"2022-09-15 08:39:53.45","#NA0168",50.00,68.00,93.00,120.90,"2022-12-20","127590391","PO",4,,,,"",,"NA0168A1",30045,5002,"2022-12-20","2023-01-20","USD",93.00,90,"3XS:10|2XS:20|XS:20|S:10|M:10|L:10|XL:10"
250169,"2022-09-15 08:39:53.45","#NA0169",50.00,68.00,93.00,120.90,"2022-12-20","127590391","PO",4,,,,"",,"NA0169A0",30029,6002,"2022-12-20","2023-01-20","USD",93.00,90,"3XS:10|2XS:20|XS:20|S:10|M:10|L:10|XL:10"
250170,"2022-09-15 08:39:53.45","#NA0170",50.00,68.00,93.00,120.90,"2022-12-20","127590391","PO",4,,,,"",,"NA0170A1",30045,8002,"2022-12-20","2023-01-20","USD",93.00,90,"3XS:10|2XS:20|XS:20|S:10|M:10|L:10|XL:10"
250171,"2022-09-15 08:39:53.45","#NA0171",50.00,68.00,93.00,120.90,"2022-12-20","127590471","PO",4,,,,"",,"NA0171A1",30045,1002,"2022-12-20","2023-01-20","USD",93.00,90,"3XS:10|2XS:20|XS:20|S:10|M:10|L:10|XL:10"
250172,"2022-09-15 08:39:53.45","#NA0172",50.00,68.00,93.00,120.90,"2022-12-20","127590471","PO",4,,,,"",,"NA0172A0",30029,3002,"2022-12-20","2023-01-20","USD",93.00,90,"3XS:10|2XS:20|XS:20|S:10|M:10|L:10|XL:10"
250173,"2022-09-15 08:39:53.45","#NA0173",50.00,68.00,93.00,120.90,"2022-12-20","127590471","PO",4,,,,"",,"NA0173A1",30045,5002,"2022-12-20","2023-01-20","USD",93.00,90,"3XS:10|2XS:20|XS:20|S:10|M:10|L:10|XL:10"
250174,"2022-09-15 08:39:53.45","#NA0174",50.00,68.00,93.00,120.90,"2022-12-20","127590471","PO",4,,,,"",,"NA0174A0",30029,6002,"2022-12-20","2023-01-20","USD",93.00,90,"3XS:10|2XS:20|XS:20|S:10|M:10|L:10|XL:10"
250175,"2022-09-15 08:39:53.45","#NA0175",50.00,68.00,93.00,120.90,"2022-12-20","127590471","PO",4,,,,"",,"NA0175A1",30045,8002,"2022-12-20","2023-01-20","USD",93.00,90,"3XS:10|2XS:20|XS:20|S:10|M:10|L:10|XL:10"
250176,"2022-09-15 08:39:53.45","#NA0176",50.00,68.00,93.00,120.90,"2022-12-20","127589614","PO",4,,,,"",,"NA0176A1",30045,1002,"2022-12-20","2023-01-20","USD",93.00,90,"3XS:10|2XS:20|XS:20|S:10|M:10|L:10|XL:10"
250177,"2022-09-15 08:39:53.45","#NA0177",50.00,68.00,93.00,120.90,"2022-12-20","127589614","PO",4,,,,"",,"NA0177A0",30029,3002,"2022-12-20","2023-01-20","USD",93.00,90,"3XS:10|2XS:20|XS:20|S:10|M:10|L:10|XL:10"
250178,"2022-09-15 08:39:53.45","#NA0178",50.00,68.00,93.00,120.90,"2022-12-20","127589614","PO",4,,,,"",,"NA0178A1",30045,5002,"2022-12-20","2023-01-20","USD",93.00,90,"3XS:10|2XS:20|XS:20|S:10|M:10|L:10|XL:10"
250179,"2022-09-15 08:39:53.45","#NA0179",50.00,68.00,93.00,120.90,"2022-12-20","127589614","PO",4,,,,"",,"NA0179A0",30029,6002,"2022-12-20","2023-01-20","USD",93.00,90,"3XS:10|2XS:20|XS:20|S:10|M:10|L:10|XL:10"
250180,"2022-09-15 08:39:53.45","#NA0180",50.00,68.00,93.00,120.90,"2022-12-20","127589614","PO",4,,,,"",,"NA0180A1",30045,8002,"2022-12-20","2023-01-20","USD",93.00,90,"3XS:10|2XS:20|XS:20|S:10|M:10|L:10|XL:10"
250181,"2022-09-15 08:39:53.45","#NA0181",50.00,68.00,93.00,120.90,"2022-12-20","127589693","PO",4,,,,"",,"NA0181A1",30045,1002,"2022-12-20","2023-01-20","USD",93.00,90,"3XS:10|2XS:20|XS:20|S:10|M:10|L:10|XL:10"
250182,"2022-09-15 08:39:53.45","#NA0182",50.00,68.00,93.00,120.90,"2022-12-20","127589693","PO",4,,,,"",,"NA0182A0",30029,3002,"2022-12-20","2023-01-20","USD",93.00,90,"3XS:10|2XS:20|XS:20|S:10|M:10|L:10|XL:10"
250183,"2022-09-15 08:39:53.45","#NA0183",50.00,68.00,93.00,120.90,"2022-12-20","127589693","PO",4,,,,"",,"NA0183A1",30045,5002,"2022-12-20","2023-01-20","USD",93.00,90,"3XS:10|2XS:20|XS:20|S:10|M:10|L:10|XL:10"
250184,"2022-09-15 08:39:53.45","#NA0184",50.00,68.00,93.00,120.90,"2022-12-20","127589693","PO",4,,,,"",,"NA0184A0",30029,6002,"2022-12-20","2023-01-20","USD",93.00,90,"3XS:10|2XS:20|XS:20|S:10|M:10|L:10|XL:10"
250185,"2022-09-15 08:39:53.45","#NA0185",50.00,68.00,93.00,120.90,"2022-12-20","127589693","PO",4,,,,"",,"NA0185A1",30045,8002,"2022-12-20","2023-01-20","USD",93.00,90,"3XS:10|2XS:20|XS:20|S:10|M:10|L:10|XL:10"
250186,"2022-09-15 08:39:53.45","#NA0186",50.00,68.00,93.00,120.90,"2022-12-20","127590549","PO",4,,,,"",,"NA0186A1",30045,1002,"2022-12-20","2023-01-20","USD",93.00,90,"3XS:10|2XS:20|XS:20|S:10|M:10|L:10|XL:10"
250187,"2022-09-15 08:39:53.45","#NA0187",50.00,68.00,93.00,120.90,"2022-12-20","127590549","PO",4,,,,"",,"NA0187A0",30029,3002,"2022-12-20","2023-01-20","USD",93.00,90,"3XS:10|2XS:20|XS:20|S:10|M:10|L:10|XL:10"
250188,"2022-09-15 08:39:53.45","#NA0188",50.00,68.00,93.00,120.90,"2022-12-20","127590549","PO",4,,,,"",,"NA0188A1",30045,5002,"2022-12-20","2023-01-20","USD",93.00,90,"3XS:10|2XS:20|XS:20|S:10|M:10|L:10|XL:10"
250189,"2022-09-15 08:39:53.45","#NA0189",50.00,68.00,93.00,120.90,"2022-12-20","127590549","PO",4,,,,"",,"NA0189A0",30029,6002,"2022-12-20","2023-01-20","USD",93.00,90,"3XS:10|2XS:20|XS:20|S:10|M:10|L:10|XL:10"
250190,"2022-09-15 08:39:53.45","#NA0190",50.00,68.00,93.00,120.90,"2022-12-20","127590549","PO",4,,,,"",,"NA0190A1",30045,8002,"2022-12-20","2023-01-20","USD",93.00,90,"3XS:10|2XS:20|XS:20|S:10|M:10|L:10|XL:10"
250191,"2022-09-15 08:39:53.45","#NA0191",50.00,68.00,93.00,120.90,"2022-12-20","127590629","PO",4,,,,"",,"NA0191A1",30045,1002,"2022-12-20","2023-01-20","USD",93.00,90,"3XS:10|2XS:20|XS:20|S:10|M:10|L:10|XL:10"
250192,"2022-09-15 08:39:53.45","#NA0192",50.00,68.00,93.00,120.90,"2022-12-20","127590629","PO",4,,,,"",,"NA0192A0",30029,3002,"2022-12-20","2023-01-20","USD",93.00,90,"3XS:10|2XS:20|XS:20|S:10|M:10|L:10|XL:10"
250193,"2022-09-15 08:39:53.45","#NA0193",50.00,68.00,93.00,120.90,"2022-12-20","127590629","PO",4,,,,"",,"NA0193A1",30045,5002,"2022-12-20","2023-01-20","USD",93.00,90,"3XS:10|2XS:20|XS:20|S:10|M:10|L:10|XL:10"
250194,"2022-09-15 08:39:53.45","#NA0194",50.00,68.00,93.00,120.90,"2022-12-20","127590629","PO",4,,,,"",,"NA0194A0",30029,6002,"2022-12-20","2023-01-20","USD",93.00,90,"3XS:10|2XS:20|XS:20|S:10|M:10|L:10|XL:10"
250195,"2022-09-15 08:39:53.45","#NA0195",50.00,68.00,93.00,120.90,"2022-12-20","127590629","PO",4,,,,"",,"NA0195A1",30045,8002,"2022-12-20","2023-01-20","USD",93.00,90,"3XS:10|2XS:20|XS:20|S:10|M:10|L:10|XL:10"
250196,"2022-09-15 08:39:53.45","#NA0196",50.00,68.00,93.00,120.90,"2022-12-20","127589770","PO",4,,,,"",,"NA0196A1",30045,1002,"2022-12-20","2023-01-20","USD",93.00,90,"3XS:10|2XS:20|XS:20|S:10|M:10|L:10|XL:10"
250197,"2022-09-15 08:39:53.45","#NA0197",50.00,68.00,93.00,120.90,"2022-12-20","127589770","PO",4,,,,"",,"NA0197A0",30029,3002,"2022-12-20","2023-01-20","USD",93.00,90,"3XS:10|2XS:20|XS:20|S:10|M:10|L:10|XL:10"
250198,"2022-09-15 08:39:53.45","#NA0198",50.00,68.00,93.00,120.90,"2022-12-20","127589770","PO",4,,,,"",,"NA0198A1",30045,5002,"2022-12-20","2023-01-20","USD",93.00,90,"3XS:10|2XS:20|XS:20|S:10|M:10|L:10|XL:10"
250199,"2022-09-15 08:39:53.45","#NA0199",50.00,68.00,93.00,120.90,"2022-12-20","127589770","PO",4,,,,"",,"NA0199A0",30029,6002,"2022-12-20","2023-01-20","USD",93.00,90,"3XS:10|2XS:20|XS:20|S:10|M:10|L:10|XL:10"
250200,"2022-09-15 08:39:53.45","#NA0200",50.00,68.00,93.00,120.90,"2022-12-20","127589770","PO",4,,,,"",,"NA0200A1",30045,8002,"2022-12-20","2023-01-20","USD",93.00,90,"3XS:10|2XS:20|XS:20|S:10|M:10|L:10|XL:10"
250201,"2022-09-15 08:39:53.45","#NA0201",50.00,68.00,93.00,120.90,"2022-12-20","127588939","PO",4,,,,"",,"NA0201A1",30045,1002,"2022-12-20","2023-01-20","USD",93.00,90,"3XS:10|2XS:20|XS:20|S:10|M:10|L:10|XL:10"
250202,"2022-09-15 08:39:53.45","#NA0202",50.00,68.00,93.00,120.90,"2022-12-20","127588939","PO",4,,,,"",,"NA0202A0",30029,3002,"2022-12-20","2023-01-20","USD",93.00,90,"3XS:10|2XS:20|XS:20|S:10|M:10|L:10|XL:10"
250203,"2022-09-15 08:39:53.45","#NA0203",50.00,68.00,93.00,120.90,"2022-12-20","127588939","PO",4,,,,"",,"NA0203A1",30045,5002,"2022-12-20","2023-01-20","USD",93.00,90,"3XS:10|2XS:20|XS:20|S:10|M:10|L:10|XL:10"
250204,"2022-09-15 08:39:53.45","#NA0204",50.00,68.00,93.00,120.90,"2022-12-20","127588939","PO",4,,,,"",,"NA0204A0",30029,6002,"2022-12-20","2023-01-20","USD",93.00,90,"3XS:10|2XS:20|XS:20|S:10|M:10|L:10|XL:10"
250205,"2022-09-15 08:39:53.45","#NA0205",50.00,68.00,93.00,120.90,"2022-12-20","127588939","PO",4,,,,"",,"NA0205A1",30045,8002,"2022-12-20","2023-01-20","USD",93.00,90,"3XS:10|2XS:20|XS:20|S:10|M:10|L:10|XL:10"
250206,"2022-09-15 08:39:53.45","#NA0206",50.00,68.00,93.00,120.90,"2022-12-20","127590142","PO",4,,,,"",,"NA0206A1",30045,1002,"2022-12-20","2023-01-20","USD",93.00,90,"3XS:10|2XS:20|XS:20|S:10|M:10|L:10|XL:10"
250207,"2022-09-15 08:39:53.45","#NA0207",50.00,68.00,93.00,120.90,"2022-12-20","127590142","PO",4,,,,"",,"NA0207A0",30029,3002,"2022-12-20","2023-01-20","USD",93.00,90,"3XS:10|2XS:20|XS:20|S:10|M:10|L:10|XL:10"
250208,"2022-09-15 08:39:53.45","#NA0208",50.00,68.00,93.00,120.90,"2022-12-20","127590142","PO",4,,,,"",,"NA0208A1",30045,5002,"2022-12-20","2023-01-20","USD",93.00,90,"3XS:10|2XS:20|XS:20|S:10|M:10|L:10|XL:10"
250209,"2022-09-15 08:39:53.45","#NA0209",50.00,68.00,93.00,120.90,"2022-12-20","127590142","PO",4,,,,"",,"NA0209A0",30029,6002,"2022-12-20","2023-01-20","USD",93.00,90,"3XS:10|2XS:20|XS:20|S:10|M:10|L:10|XL:10"
250210,"2022-09-15 08:39:53.45","#NA0210",50.00,68.00,93.00,120.90,"2022-12-20","127590142","PO",4,,,,"",,"NA0210A1",30045,8002,"2022-12-20","2023-01-20","USD",93.00,90,"3XS:10|2XS:20|XS:20|S:10|M:10|L:10|XL:10"
250211,"2022-09-15 08:39:53.45","#NA0211",50.00,68.00,93.00,120.90,"2022-12-20","127590236","PO",4,,,,"",,"NA0211A1",30045,1002,"2022-12-20","2023-01-20","USD",93.00,90,"3XS:10|2XS:20|XS:20|S:10|M:10|L:10|XL:10"
250212,"2022-09-15 08:39:53.45","#NA0212",50.00,68.00,93.00,120.90,"2022-12-20","127590236","PO",4,,,,"",,"NA0212A0",30029,3002,"2022-12-20","2023-01-20","USD",93.00,90,"3XS:10|2XS:20|XS:20|S:10|M:10|L:10|XL:10"
250213,"2022-09-15 08:39:53.45","#NA0213",50.00,68.00,93.00,120.90,"2022-12-20","127590236","PO",4,,,,"",,"NA0213A1",30045,5002,"2022-12-20","2023-01-20","USD",93.00,90,"3XS:10|2XS:20|XS:20|S:10|M:10|L:10|XL:10"
250214,"2022-09-15 08:39:53.45","#NA0214",50.00,68.00,93.00,120.90,"2022-12-20","127590236","PO",4,,,,"",,"NA0214A0",30029,6002,"2022-12-20","2023-01-20","USD",93.00,90,"3XS:10|2XS:20|XS:20|S:10|M:10|L:10|XL:10"
250215,"2022-09-15 08:39:53.45","#NA0215",50.00,68.00,93.00,120.90,"2022-12-20","127590236","PO",4,,,,"",,"NA0215A1",30045,8002,"2022-12-20","2023-01-20","USD",93.00,90,"3XS:10|2XS:20|XS:20|S:10|M:10|L:10|XL:10"
250216,"2022-09-15 08:39:53.45","#NA0216",50.00,68.00,93.00,120.90,"2022-12-20","127589045","PO",4,,,,"",,"NA0216A1",30045,1002,"2022-12-20","2023-01-20","USD",93.00,90,"3XS:10|2XS:20|XS:20|S:10|M:10|L:10|XL:10"
250217,"2022-09-15 08:39:53.45","#NA0217",50.00,68.00,93.00,120.90,"2022-12-20","127589045","PO",4,,,,"",,"NA0217A0",30029,3002,"2022-12-20","2023-01-20","USD",93.00,90,"3XS:10|2XS:20|XS:20|S:10|M:10|L:10|XL:10"
250218,"2022-09-15 08:39:53.45","#NA0218",50.00,68.00,93.00,120.90,"2022-12-20","127589045","PO",4,,,,"",,"NA0218A1",30045,5002,"2022-12-20","2023-01-20","USD",93.00,90,"3XS:10|2XS:20|XS:20|S:10|M:10|L:10|XL:10"
250219,"2022-09-15 08:39:53.45","#NA0219",50.00,68.00,93.00,120.90,"2022-12-20","127589045","PO",4,,,,"",,"NA0219A0",30029,6002,"2022-12-20","2023-01-20","USD",93.00,90,"3XS:10|2XS:20|XS:20|S:10|M:10|L:10|XL:10"
250220,"2022-09-15 08:39:53.45","#NA0220",50.00,68.00,93.00,120.90,"2022-12-20","127589045","PO",4,,,,"",,"NA0220A1",30045,8002,"2022-12-20","2023-01-20","USD",93.00,90,"3XS:10|2XS:20|XS:20|S:10|M:10|L:10|XL:10"
250221,"2022-09-15 08:39:53.45","#NA0221",50.00,68.00,93.00,120.90,"2022-12-20","127590338","PO",4,,,,"",,"NA0221A1",30045,1002,"2022-12-20","2023-01-20","USD",93.00,90,"3XS:10|2XS:20|XS:20|S:10|M:10|L:10|XL:10"
250222,"2022-09-15 08:39:53.45","#NA0222",50.00,68.00,93.00,120.90,"2022-12-20","127590338","PO",4,,,,"",,"NA0222A0",30029,3002,"2022-12-20","2023-01-20","USD",93.00,90,"3XS:10|2XS:20|XS:20|S:10|M:10|L:10|XL:10"
250223,"2022-09-15 08:39:53.45","#NA0223",50.00,68.00,93.00,120.90,"2022-12-20","127590338","PO",4,,,,"",,"NA0223A1",30045,5002,"2022-12-20","2023-01-20","USD",93.00,90,"3XS:10|2XS:20|XS:20|S:10|M:10|L:10|XL:10"
250224,"2022-09-15 08:39:53.45","#NA0224",50.00,68.00,93.00,120.90,"2022-12-20","127590338","PO",4,,,,"",,"NA0224A0",30029,6002,"2022-12-20","2023-01-20","USD",93.00,90,"3XS:10|2XS:20|XS:20|S:10|M:10|L:10|XL:10"
250225,"2022-09-15 08:39:53.45","#NA0225",50.00,68.00,93.00,120.90,"2022-12-20","127590338","PO",4,,,,"",,"NA0225A1",30045,8002,"2022-12-20","2023-01-20","USD",93.00,90,"3XS:10|2XS:20|XS:20|S:10|M:10|L:10|XL:10"
250226,"2022-09-15 08:39:53.45","#NA0226",50.00,68.00,93.00,120.90,"2022-12-20","127589124","PO",4,,,,"",,"NA0226A1",30045,1002,"2022-12-20","2023-01-20","USD",93.00,90,"3XS:10|2XS:20|XS:20|S:10|M:10|L:10|XL:10"
250227,"2022-09-15 08:39:53.45","#NA0227",50.00,68.00,93.00,120.90,"2022-12-20","127589124","PO",4,,,,"",,"NA0227A0",30029,3002,"2022-12-20","2023-01-20","USD",93.00,90,"3XS:10|2XS:20|XS:20|S:10|M:10|L:10|XL:10"
250228,"2022-09-15 08:39:53.45","#NA0228",50.00,68.00,93.00,120.90,"2022-12-20","127589124","PO",4,,,,"",,"NA0228A1",30045,5002,"2022-12-20","2023-01-20","USD",93.00,90,"3XS:10|2XS:20|XS:20|S:10|M:10|L:10|XL:10"
250229,"2022-09-15 08:39:53.45","#NA0229",50.00,68.00,93.00,120.90,"2022-12-20","127589124","PO",4,,,,"",,"NA0229A0",30029,6002,"2022-12-20","2023-01-20","USD",93.00,90,"3XS:10|2XS:20|XS:20|S:10|M:10|L:10|XL:10"
250230,"2022-09-15 08:39:53.45","#NA0230",50.00,68.00,93.00,120.90,"2022-12-20","127589124","PO",4,,,,"",,"NA0230A1",30045,8002,"2022-12-20","2023-01-20","USD",93.00,90,"3XS:10|2XS:20|XS:20|S:10|M:10|L:10|XL:10"
250231,"2022-09-15 08:39:53.45","#NA0231",50.00,68.00,93.00,120.90,"2022-12-20","127589206","PO",4,,,,"",,"NA0231A1",30045,1002,"2022-12-20","2023-01-20","USD",93.00,90,"3XS:10|2XS:20|XS:20|S:10|M:10|L:10|XL:10"
250232,"2022-09-15 08:39:53.45","#NA0232",50.00,68.00,93.00,120.90,"2022-12-20","127589206","PO",4,,,,"",,"NA0232A0",30029,3002,"2022-12-20","2023-01-20","USD",93.00,90,"3XS:10|2XS:20|XS:20|S:10|M:10|L:10|XL:10"
250233,"2022-09-15 08:39:53.45","#NA0233",50.00,68.00,93.00,120.90,"2022-12-20","127589206","PO",4,,,,"",,"NA0233A1",30045,5002,"2022-12-20","2023-01-20","USD",93.00,90,"3XS:10|2XS:20|XS:20|S:10|M:10|L:10|XL:10"
250234,"2022-09-15 08:39:53.45","#NA0234",50.00,68.00,93.00,120.90,"2022-12-20","127589206","PO",4,,,,"",,"NA0234A0",30029,6002,"2022-12-20","2023-01-20","USD",93.00,90,"3XS:10|2XS:20|XS:20|S:10|M:10|L:10|XL:10"
250235,"2022-09-15 08:39:53.45","#NA0235",50.00,68.00,93.00,120.90,"2022-12-20","127589206","PO",4,,,,"",,"NA0235A1",30045,8002,"2022-12-20","2023-01-20","USD",93.00,90,"3XS:10|2XS:20|XS:20|S:10|M:10|L:10|XL:10"
250236,"2022-09-15 08:39:53.45","#NA0236",50.00,68.00,93.00,120.90,"2022-12-20","127589285","PO",4,,,,"",,"NA0236A1",30045,1002,"2022-12-20","2023-01-20","USD",93.00,90,"3XS:10|2XS:20|XS:20|S:10|M:10|L:10|XL:10"
250237,"2022-09-15 08:39:53.45","#NA0237",50.00,68.00,93.00,120.90,"2022-12-20","127589285","PO",4,,,,"",,"NA0237A0",30029,3002,"2022-12-20","2023-01-20","USD",93.00,90,"3XS:10|2XS:20|XS:20|S:10|M:10|L:10|XL:10"
250238,"2022-09-15 08:39:53.45","#NA0238",50.00,68.00,93.00,120.90,"2022-12-20","127589285","PO",4,,,,"",,"NA0238A1",30045,5002,"2022-12-20","2023-01-20","USD",93.00,90,"3XS:10|2XS:20|XS:20|S:10|M:10|L:10|XL:10"
250239,"2022-09-15 08:39:53.45","#NA0239",50.00,68.00,93.00,120.90,"2022-12-20","127589285","PO",4,,,,"",,"NA0239A0",30029,6002,"2022-12-20","2023-01-20","USD",93.00,90,"3XS:10|2XS:20|XS:20|S:10|M:10|L:10|XL:10"
250240,"2022-09-15 08:39:53.45","#NA0240",50.00,68.00,93.00,120.90,"2022-12-20","127589285","PO",4,,,,"",,"NA0240A1",30045,8002,"2022-12-20","2023-01-20","USD",93.00,90,"3XS:10|2XS:20|XS:20|S:10|M:10|L:10|XL:10"
250241,"2022-09-15 08:39:53.45","#NA0241",50.00,68.00,93.00,120.90,"2022-12-20","127590435","PO",4,,,,"",,"NA0241A1",30045,1002,"2022-12-20","2023-01-20","USD",93.00,90,"3XS:10|2XS:20|XS:20|S:10|M:10|L:10|XL:10"
250242,"2022-09-15 08:39:53.45","#NA0242",50.00,68.00,93.00,120.90,"2022-12-20","127590435","PO",4,,,,"",,"NA0242A0",30029,3002,"2022-12-20","2023-01-20","USD",93.00,90,"3XS:10|2XS:20|XS:20|S:10|M:10|L:10|XL:10"
250243,"2022-09-15 08:39:53.45","#NA0243",50.00,68.00,93.00,120.90,"2022-12-20","127590435","PO",4,,,,"",,"NA0243A1",30045,5002,"2022-12-20","2023-01-20","USD",93.00,90,"3XS:10|2XS:20|XS:20|S:10|M:10|L:10|XL:10"
250244,"2022-09-15 08:39:53.45","#NA0244",50.00,68.00,93.00,120.90,"2022-12-20","127590435","PO",4,,,,"",,"NA0244A0",30029,6002,"2022-12-20","2023-01-20","USD",93.00,90,"3XS:10|2XS:20|XS:20|S:10|M:10|L:10|XL:10"
250245,"2022-09-15 08:39:53.45","#NA0245",50.00,68.00,93.00,120.90,"2022-12-20","127590435","PO",4,,,,"",,"NA0245A1",30045,8002,"2022-12-20","2023-01-20","USD",93.00,90,"3XS:10|2XS:20|XS:20|S:10|M:10|L:10|XL:10"
250246,"2022-09-15 08:39:53.45","#NA0246",50.00,68.00,93.00,120.90,"2022-12-20","127590516","PO",4,,,,"",,"NA0246A1",30045,1002,"2022-12-20","2023-01-20","USD",93.00,90,"3XS:10|2XS:20|XS:20|S:10|M:10|L:10|XL:10"
250247,"2022-09-15 08:39:53.45","#NA0247",50.00,68.00,93.00,120.90,"2022-12-20","127590516","PO",4,,,,"",,"NA0247A0",30029,3002,"2022-12-20","2023-01-20","USD",93.00,90,"3XS:10|2XS:20|XS:20|S:10|M:10|L:10|XL:10"
250248,"2022-09-15 08:39:53.45","#NA0248",50.00,68.00,93.00,120.90,"2022-12-20","127590516","PO",4,,,,"",,"NA0248A1",30045,5002,"2022-12-20","2023-01-20","USD",93.00,90,"3XS:10|2XS:20|XS:20|S:10|M:10|L:10|XL:10"
250249,"2022-09-15 08:39:53.45","#NA0249",50.00,68.00,93.00,120.90,"2022-12-20","127590516","PO",4,,,,"",,"NA0249A0",30029,6002,"2022-12-20","2023-01-20","USD",93.00,90,"3XS:10|2XS:20|XS:20|S:10|M:10|L:10|XL:10"
250250,"2022-09-15 08:39:53.45","#NA0250",50.00,68.00,93.00,120.90,"2022-12-20","127590516","PO",4,,,,"",,"NA0250A1",30045,8002,"2022-12-20","2023-01-20","USD",93.00,90,"3XS:10|2XS:20|XS:20|S:10|M:10|L:10|XL:10"
250251,"2022-09-15 08:39:53.45","#NA0251",50.00,68.00,93.00,120.90,"2022-12-20","127589364","PO",4,,,,"",,"NA0251A1",30045,1002,"2022-12-20","2023-01-20","USD",93.00,90,"3XS:10|2XS:20|XS:20|S:10|M:10|L:10|XL:10"
250252,"2022-09-15 08:39:53.45","#NA0252",50.00,68.00,93.00,120.90,"2022-12-20","127589364","PO",4,,,,"",,"NA0252A0",30029,3002,"2022-12-20","2023-01-20","USD",93.00,90,"3XS:10|2XS:20|XS:20|S:10|M:10|L:10|XL:10"
250253,"2022-09-15 08:39:53.45","#NA0253",50.00,68.00,93.00,120.90,"2022-12-20","127589364","PO",4,,,,"",,"NA0253A1",30045,5002,"2022-12-20","2023-01-20","USD",93.00,90,"3XS:10|2XS:20|XS:20|S:10|M:10|L:10|XL:10"
250254,"2022-09-15 08:39:53.45","#NA0254",50.00,68.00,93.00,120.90,"2022-12-20","127589364","PO",4,,,,"",,"NA0254A0",30029,6002,"2022-12-20","2023-01-20","USD",93.00,90,"3XS:10|2XS:20|XS:20|S:10|M:10|L:10|XL:10"
250255,"2022-09-15 08:39:53.45","#NA0255",50.00,68.00,93.00,120.90,"2022-12-20","127589364","PO",4,,,,"",,"NA0255A1",30045,8002,"2022-12-20","2023-01-20","USD",93.00,90,"3XS:10|2XS:20|XS:20|S:10|M:10|L:10|XL:10"
250256,"2022-09-15 08:39:53.45","#NA0256",50.00,68.00,93.00,120.90,"2022-12-20","127589443","PO",4,,,,"",,"NA0256A1",30045,1002,"2022-12-20","2023-01-20","USD",93.00,90,"3XS:10|2XS:20|XS:20|S:10|M:10|L:10|XL:10"
250257,"2022-09-15 08:39:53.45","#NA0257",50.00,68.00,93.00,120.90,"2022-12-20","127589443","PO",4,,,,"",,"NA0257A0",30029,3002,"2022-12-20","2023-01-20","USD",93.00,90,"3XS:10|2XS:20|XS:20|S:10|M:10|L:10|XL:10"
250258,"2022-09-15 08:39:53.45","#NA0258",50.00,68.00,93.00,120.90,"2022-12-20","127589443","PO",4,,,,"",,"NA0258A1",30045,5002,"2022-12-20","2023-01-20","USD",93.00,90,"3XS:10|2XS:20|XS:20|S:10|M:10|L:10|XL:10"
250259,"2022-09-15 08:39:53.45","#NA0259",50.00,68.00,93.00,120.90,"2022-12-20","127589443","PO",4,,,,"",,"NA0259A0",30029,6002,"2022-12-20","2023-01-20","USD",93.00,90,"3XS:10|2XS:20|XS:20|S:10|M:10|L:10|XL:10"
250260,"2022-09-15 08:39:53.45","#NA0260",50.00,68.00,93.00,120.90,"2022-12-20","127589443","PO",4,,,,"",,"NA0260A1",30045,8002,"2022-12-20","2023-01-20","USD",93.00,90,"3XS:10|2XS:20|XS:20|S:10|M:10|L:10|XL:10"
250261,"2022-09-15 08:39:53.45","#NA0261",50.00,68.00,93.00,120.90,"2022-12-20","127590595","PO",4,,,,"",,"NA0261A1",30045,1002,"2022-12-20","2023-01-20","USD",93.00,90,"3XS:10|2XS:20|XS:20|S:10|M:10|L:10|XL:10"
250262,"2022-09-15 08:39:53.45","#NA0262",50.00,68.00,93.00,120.90,"2022-12-20","127590595","PO",4,,,,"",,"NA0262A0",30029,3002,"2022-12-20","2023-01-20","USD",93.00,90,"3XS:10|2XS:20|XS:20|S:10|M:10|L:10|XL:10"
250263,"2022-09-15 08:39:53.45","#NA0263",50.00,68.00,93.00,120.90,"2022-12-20","127590595","PO",4,,,,"",,"NA0263A1",30045,5002,"2022-12-20","2023-01-20","USD",93.00,90,"3XS:10|2XS:20|XS:20|S:10|M:10|L:10|XL:10"
250264,"2022-09-15 08:39:53.45","#NA0264",50.00,68.00,93.00,120.90,"2022-12-20","127590595","PO",4,,,,"",,"NA0264A0",30029,6002,"2022-12-20","2023-01-20","USD",93.00,90,"3XS:10|2XS:20|XS:20|S:10|M:10|L:10|XL:10"
250265,"2022-09-15 08:39:53.45","#NA0265",50.00,68.00,93.00,120.90,"2022-12-20","127590595","PO",4,,,,"",,"NA0265A1",30045,8002,"2022-12-20","2023-01-20","USD",93.00,90,"3XS:10|2XS:20|XS:20|S:10|M:10|L:10|XL:10"
250266,"2022-09-15 08:39:53.45","#NA0266",50.00,68.00,93.00,120.90,"2022-12-20","127590676","PO",4,,,,"",,"NA0266A1",30045,1002,"2022-12-20","2023-01-20","USD",93.00,90,"3XS:10|2XS:20|XS:20|S:10|M:10|L:10|XL:10"
250267,"2022-09-15 08:39:53.45","#NA0267",50.00,68.00,93.00,120.90,"2022-12-20","127590676","PO",4,,,,"",,"NA0267A0",30029,3002,"2022-12-20","2023-01-20","USD",93.00,90,"3XS:10|2XS:20|XS:20|S:10|M:10|L:10|XL:10"
250268,"2022-09-15 08:39:53.45","#NA0268",50.00,68.00,93.00,120.90,"2022-12-20","127590676","PO",4,,,,"",,"NA0268A1",30045,5002,"2022-12-20","2023-01-20","USD",93.00,90,"3XS:10|2XS:20|XS:20|S:10|M:10|L:10|XL:10"
250269,"2022-09-15 08:39:53.45","#NA0269",50.00,68.00,93.00,120.90,"2022-12-20","127590676","PO",4,,,,"",,"NA0269A0",30029,6002,"2022-12-20","2023-01-20","USD",93.00,90,"3XS:10|2XS:20|XS:20|S:10|M:10|L:10|XL:10"
250270,"2022-09-15 08:39:53.45","#NA0270",50.00,68.00,93.00,120.90,"2022-12-20","127590676","PO",4,,,,"",,"NA0270A1",30045,8002,"2022-12-20","2023-01-20","USD",93.00,90,"3XS:10|2XS:20|XS:20|S:10|M:10|L:10|XL:10"
250271,"2022-09-15 08:39:53.45","#NA0271",50.00,68.00,93.00,120.90,"2022-12-20","127590755","PO",4,,,,"",,"NA0271A1",30045,1002,"2022-12-20","2023-01-20","USD",93.00,90,"3XS:10|2XS:20|XS:20|S:10|M:10|L:10|XL:10"
250272,"2022-09-15 08:39:53.45","#NA0272",50.00,68.00,93.00,120.90,"2022-12-20","127590755","PO",4,,,,"",,"NA0272A0",30029,3002,"2022-12-20","2023-01-20","USD",93.00,90,"3XS:10|2XS:20|XS:20|S:10|M:10|L:10|XL:10"
250273,"2022-09-15 08:39:53.45","#NA0273",50.00,68.00,93.00,120.90,"2022-12-20","127590755","PO",4,,,,"",,"NA0273A1",30045,5002,"2022-12-20","2023-01-20","USD",93.00,90,"3XS:10|2XS:20|XS:20|S:10|M:10|L:10|XL:10"
250274,"2022-09-15 08:39:53.45","#NA0274",50.00,68.00,93.00,120.90,"2022-12-20","127590755","PO",4,,,,"",,"NA0274A0",30029,6002,"2022-12-20","2023-01-20","USD",93.00,90,"3XS:10|2XS:20|XS:20|S:10|M:10|L:10|XL:10"
250275,"2022-09-15 08:39:53.45","#NA0275",50.00,68.00,93.00,120.90,"2022-12-20","127590755","PO",4,,,,"",,"NA0275A1",30045,8002,"2022-12-20","2023-01-20","USD",93.00,90,"3XS:10|2XS:20|XS:20|S:10|M:10|L:10|XL:10"
250276,"2022-09-15 08:39:53.45","#NA0276",50.00,68.00,93.00,120.90,"2022-12-20","127589995","PO",4,,,,"",,"NA0276A1",30045,1002,"2022-12-20","2023-01-20","USD",93.00,90,"3XS:10|2XS:20|XS:20|S:10|M:10|L:10|XL:10"
250277,"2022-09-15 08:39:53.45","#NA0277",50.00,68.00,93.00,120.90,"2022-12-20","127589995","PO",4,,,,"",,"NA0277A0",30029,3002,"2022-12-20","2023-01-20","USD",93.00,90,"3XS:10|2XS:20|XS:20|S:10|M:10|L:10|XL:10"
250278,"2022-09-15 08:39:53.45","#NA0278",50.00,68.00,93.00,120.90,"2022-12-20","127589995","PO",4,,,,"",,"NA0278A1",30045,5002,"2022-12-20","2023-01-20","USD",93.00,90,"3XS:10|2XS:20|XS:20|S:10|M:10|L:10|XL:10"
250279,"2022-09-15 08:39:53.45","#NA0279",50.00,68.00,93.00,120.90,"2022-12-20","127589995","PO",4,,,,"",,"NA0279A0",30029,6002,"2022-12-20","2023-01-20","USD",93.00,90,"3XS:10|2XS:20|XS:20|S:10|M:10|L:10|XL:10"
250280,"2022-09-15 08:39:53.45","#NA0280",50.00,68.00,93.00,120.90,"2022-12-20","127589995","PO",4,,,,"",,"NA0280A1",30045,8002,"2022-12-20","2023-01-20","USD",93.00,90,"3XS:10|2XS:20|XS:20|S:10|M:10|L:10|XL:10"
250281,"2022-09-15 08:39:53.45","#NA0281",50.00,68.00,93.00,120.90,"2022-12-20","127590070","PO",4,,,,"",,"NA0281A1",30045,1002,"2022-12-20","2023-01-20","USD",93.00,90,"3XS:10|2XS:20|XS:20|S:10|M:10|L:10|XL:10"
250282,"2022-09-15 08:39:53.45","#NA0282",50.00,68.00,93.00,120.90,"2022-12-20","127590070","PO",4,,,,"",,"NA0282A0",30029,3002,"2022-12-20","2023-01-20","USD",93.00,90,"3XS:10|2XS:20|XS:20|S:10|M:10|L:10|XL:10"
250283,"2022-09-15 08:39:53.45","#NA0283",50.00,68.00,93.00,120.90,"2022-12-20","127590070","PO",4,,,,"",,"NA0283A1",30045,5002,"2022-12-20","2023-01-20","USD",93.00,90,"3XS:10|2XS:20|XS:20|S:10|M:10|L:10|XL:10"
250284,"2022-09-15 08:39:53.45","#NA0284",50.00,68.00,93.00,120.90,"2022-12-20","127590070","PO",4,,,,"",,"NA0284A0",30029,6002,"2022-12-20","2023-01-20","USD",93.00,90,"3XS:10|2XS:20|XS:20|S:10|M:10|L:10|XL:10"
250285,"2022-09-15 08:39:53.45","#NA0285",50.00,68.00,93.00,120.90,"2022-12-20","127590070","PO",4,,,,"",,"NA0285A1",30045,8002,"2022-12-20","2023-01-20","USD",93.00,90,"3XS:10|2XS:20|XS:20|S:10|M:10|L:10|XL:10"
250286,"2022-09-15 08:39:53.45","#NA0286",50.00,68.00,93.00,120.90,"2022-12-20","127588933","PO",4,,,,"",,"NA0286A1",30045,1002,"2022-12-20","2023-01-20","USD",93.00,90,"3XS:10|2XS:20|XS:20|S:10|M:10|L:10|XL:10"
250287,"2022-09-15 08:39:53.45","#NA0287",50.00,68.00,93.00,120.90,"2022-12-20","127588933","PO",4,,,,"",,"NA0287A0",30029,3002,"2022-12-20","2023-01-20","USD",93.00,90,"3XS:10|2XS:20|XS:20|S:10|M:10|L:10|XL:10"
250288,"2022-09-15 08:39:53.45","#NA0288",50.00,68.00,93.00,120.90,"2022-12-20","127588933","PO",4,,,,"",,"NA0288A1",30045,5002,"2022-12-20","2023-01-20","USD",93.00,90,"3XS:10|2XS:20|XS:20|S:10|M:10|L:10|XL:10"
250289,"2022-09-15 08:39:53.45","#NA0289",50.00,68.00,93.00,120.90,"2022-12-20","127588933","PO",4,,,,"",,"NA0289A0",30029,6002,"2022-12-20","2023-01-20","USD",93.00,90,"3XS:10|2XS:20|XS:20|S:10|M:10|L:10|XL:10"
250290,"2022-09-15 08:39:53.45","#NA0290",50.00,68.00,93.00,120.90,"2022-12-20","127588933","PO",4,,,,"",,"NA0290A1",30045,8002,"2022-12-20","2023-01-20","USD",93.00,90,"3XS:10|2XS:20|XS:20|S:10|M:10|L:10|XL:10"
250291,"2022-09-15 08:39:53.45","#NA0291",50.00,68.00,93.00,120.90,"2022-12-20","127589014","PO",4,,,,"",,"NA0291A1",30045,1002,"2022-12-20","2023-01-20","USD",93.00,90,"3XS:10|2XS:20|XS:20|S:10|M:10|L:10|XL:10"
250292,"2022-09-15 08:39:53.45","#NA0292",50.00,68.00,93.00,120.90,"2022-12-20","127589014","PO",4,,,,"",,"NA0292A0",30029,3002,"2022-12-20","2023-01-20","USD",93.00,90,"3XS:10|2XS:20|XS:20|S:10|M:10|L:10|XL:10"
250293,"2022-09-15 08:39:53.45","#NA0293",50.00,68.00,93.00,120.90,"2022-12-20","127589014","PO",4,,,,"",,"NA0293A1",30045,5002,"2022-12-20","2023-01-20","USD",93.00,90,"3XS:10|2XS:20|XS:20|S:10|M:10|L:10|XL:10"
250294,"2022-09-15 08:39:53.45","#NA0294",50.00,68.00,93.00,120.90,"2022-12-20","127589014","PO",4,,,,"",,"NA0294A0",30029,6002,"2022-12-20","2023-01-20","USD",93.00,90,"3XS:10|2XS:20|XS:20|S:10|M:10|L:10|XL:10"
250295,"2022-09-15 08:39:53.45","#NA0295",50.00,68.00,93.00,120.90,"2022-12-20","127589014","PO",4,,,,"",,"NA0295A1",30045,8002,"2022-12-20","2023-01-20","USD",93.00,90,"3XS:10|2XS:20|XS:20|S:10|M:10|L:10|XL:10"
250296,"2022-09-15 08:39:53.45","#NA0296",50.00,68.00,93.00,120.90,"2022-12-20","127590143","PO",4,,,,"",,"NA0296A1",30045,1002,"2022-12-20","2023-01-20","USD",93.00,90,"3XS:10|2XS:20|XS:20|S:10|M:10|L:10|XL:10"
250297,"2022-09-15 08:39:53.45","#NA0297",50.00,68.00,93.00,120.90,"2022-12-20","127590143","PO",4,,,,"",,"NA0297A0",30029,3002,"2022-12-20","2023-01-20","USD",93.00,90,"3XS:10|2XS:20|XS:20|S:10|M:10|L:10|XL:10"
250298,"2022-09-15 08:39:53.45","#NA0298",50.00,68.00,93.00,120.90,"2022-12-20","127590143","PO",4,,,,"",,"NA0298A1",30045,5002,"2022-12-20","2023-01-20","USD",93.00,90,"3XS:10|2XS:20|XS:20|S:10|M:10|L:10|XL:10"
250299,"2022-09-15 08:39:53.45","#NA0299",50.00,68.00,93.00,120.90,"2022-12-20","127590143","PO",4,,,,"",,"NA0299A0",30029,6002,"2022-12-20","2023-01-20","USD",93.00,90,"3XS:10|2XS:20|XS:20|S:10|M:10|L:10|XL:10"
250300,"2022-09-15 08:39:53.45","#NA0300",50.00,68.00,93.00,120.90,"2022-12-20","127590143","PO",4,,,,"",,"NA0300A1",30045,8002,"2022-12-20","2023-01-20","USD",93.00,90,"3XS:10|2XS:20|XS:20|S:10|M:10|L:10|XL:10"
250301,"2022-09-15 08:39:53.45","#NA0301",50.00,68.00,93.00,120.90,"2022-12-20","127590221","PO",4,,,,"",,"NA0301A1",30045,1002,"2022-12-20","2023-01-20","USD",93.00,90,"3XS:10|2XS:20|XS:20|S:10|M:10|L:10|XL:10"
250302,"2022-09-15 08:39:53.45","#NA0302",50.00,68.00,93.00,120.90,"2022-12-20","127590221","PO",4,,,,"",,"NA0302A0",30029,3002,"2022-12-20","2023-01-20","USD",93.00,90,"3XS:10|2XS:20|XS:20|S:10|M:10|L:10|XL:10"
250303,"2022-09-15 08:39:53.45","#NA0303",50.00,68.00,93.00,120.90,"2022-12-20","127590221","PO",4,,,,"",,"NA0303A1",30045,5002,"2022-12-20","2023-01-20","USD",93.00,90,"3XS:10|2XS:20|XS:20|S:10|M:10|L:10|XL:10"
250304,"2022-09-15 08:39:53.45","#NA0304",50.00,68.00,93.00,120.90,"2022-12-20","127590221","PO",4,,,,"",,"NA0304A0",30029,6002,"2022-12-20","2023-01-20","USD",93.00,90,"3XS:10|2XS:20|XS:20|S:10|M:10|L:10|XL:10"
250305,"2022-09-15 08:39:53.45","#NA0305",50.00,68.00,93.00,120.90,"2022-12-20","127590221","PO",4,,,,"",,"NA0305A1",30045,8002,"2022-12-20","2023-01-20","USD",93.00,90,"3XS:10|2XS:20|XS:20|S:10|M:10|L:10|XL:10"
250306,"2022-09-15 08:39:53.45","#NA0306",50.00,68.00,93.00,120.90,"2022-12-20","127589091","PO",4,,,,"",,"NA0306A1",30045,1002,"2022-12-20","2023-01-20","USD",93.00,90,"3XS:10|2XS:20|XS:20|S:10|M:10|L:10|XL:10"
250307,"2022-09-15 08:39:53.45","#NA0307",50.00,68.00,93.00,120.90,"2022-12-20","127589091","PO",4,,,,"",,"NA0307A0",30029,3002,"2022-12-20","2023-01-20","USD",93.00,90,"3XS:10|2XS:20|XS:20|S:10|M:10|L:10|XL:10"
250308,"2022-09-15 08:39:53.45","#NA0308",50.00,68.00,93.00,120.90,"2022-12-20","127589091","PO",4,,,,"",,"NA0308A1",30045,5002,"2022-12-20","2023-01-20","USD",93.00,90,"3XS:10|2XS:20|XS:20|S:10|M:10|L:10|XL:10"
250309,"2022-09-15 08:39:53.45","#NA0309",50.00,68.00,93.00,120.90,"2022-12-20","127589091","PO",4,,,,"",,"NA0309A0",30029,6002,"2022-12-20","2023-01-20","USD",93.00,90,"3XS:10|2XS:20|XS:20|S:10|M:10|L:10|XL:10"
250310,"2022-09-15 08:39:53.45","#NA0310",50.00,68.00,93.00,120.90,"2022-12-20","127589091","PO",4,,,,"",,"NA0310A1",30045,8002,"2022-12-20","2023-01-20","USD",93.00,90,"3XS:10|2XS:20|XS:20|S:10|M:10|L:10|XL:10"
250311,"2022-09-15 08:39:53.45","#NA0311",50.00,68.00,93.00,120.90,"2022-12-20","127590300","PO",4,,,,"",,"NA0311A1",30045,1002,"2022-12-20","2023-01-20","USD",93.00,90,"3XS:10|2XS:20|XS:20|S:10|M:10|L:10|XL:10"
250312,"2022-09-15 08:39:53.45","#NA0312",50.00,68.00,93.00,120.90,"2022-12-20","127590300","PO",4,,,,"",,"NA0312A0",30029,3002,"2022-12-20","2023-01-20","USD",93.00,90,"3XS:10|2XS:20|XS:20|S:10|M:10|L:10|XL:10"
250313,"2022-09-15 08:39:53.45","#NA0313",50.00,68.00,93.00,120.90,"2022-12-20","127590300","PO",4,,,,"",,"NA0313A1",30045,5002,"2022-12-20","2023-01-20","USD",93.00,90,"3XS:10|2XS:20|XS:20|S:10|M:10|L:10|XL:10"
250314,"2022-09-15 08:39:53.45","#NA0314",50.00,68.00,93.00,120.90,"2022-12-20","127590300","PO",4,,,,"",,"NA0314A0",30029,6002,"2022-12-20","2023-01-20","USD",93.00,90,"3XS:10|2XS:20|XS:20|S:10|M:10|L:10|XL:10"
250315,"2022-09-15 08:39:53.45","#NA0315",50.00,68.00,93.00,120.90,"2022-12-20","127590300","PO",4,,,,"",,"NA0315A1",30045,8002,"2022-12-20","2023-01-20","USD",93.00,90,"3XS:10|2XS:20|XS:20|S:10|M:10|L:10|XL:10"
250316,"2022-09-15 08:39:53.45","#NA0316",50.00,68.00,93.00,120.90,"2022-12-20","127589174","PO",4,,,,"",,"NA0316A1",30045,1002,"2022-12-20","2023-01-20","USD",93.00,90,"3XS:10|2XS:20|XS:20|S:10|M:10|L:10|XL:10"
250317,"2022-09-15 08:39:53.45","#NA0317",50.00,68.00,93.00,120.90,"2022-12-20","127589174","PO",4,,,,"",,"NA0317A0",30029,3002,"2022-12-20","2023-01-20","USD",93.00,90,"3XS:10|2XS:20|XS:20|S:10|M:10|L:10|XL:10"
250318,"2022-09-15 08:39:53.45","#NA0318",50.00,68.00,93.00,120.90,"2022-12-20","127589174","PO",4,,,,"",,"NA0318A1",30045,5002,"2022-12-20","2023-01-20","USD",93.00,90,"3XS:10|2XS:20|XS:20|S:10|M:10|L:10|XL:10"
250319,"2022-09-15 08:39:53.45","#NA0319",50.00,68.00,93.00,120.90,"2022-12-20","127589174","PO",4,,,,"",,"NA0319A0",30029,6002,"2022-12-20","2023-01-20","USD",93.00,90,"3XS:10|2XS:20|XS:20|S:10|M:10|L:10|XL:10"
250320,"2022-09-15 08:39:53.45","#NA0320",50.00,68.00,93.00,120.90,"2022-12-20","127589174","PO",4,,,,"",,"NA0320A1",30045,8002,"2022-12-20","2023-01-20","USD",93.00,90,"3XS:10|2XS:20|XS:20|S:10|M:10|L:10|XL:10"
250321,"2022-09-15 08:39:53.45","#NA0321",50.00,68.00,93.00,120.90,"2022-12-20","127589252","PO",4,,,,"",,"NA0321A1",30045,1002,"2022-12-20","2023-01-20","USD",93.00,90,"3XS:10|2XS:20|XS:20|S:10|M:10|L:10|XL:10"
250322,"2022-09-15 08:39:53.45","#NA0322",50.00,68.00,93.00,120.90,"2022-12-20","127589252","PO",4,,,,"",,"NA0322A0",30029,3002,"2022-12-20","2023-01-20","USD",93.00,90,"3XS:10|2XS:20|XS:20|S:10|M:10|L:10|XL:10"
250323,"2022-09-15 08:39:53.45","#NA0323",50.00,68.00,93.00,120.90,"2022-12-20","127589252","PO",4,,,,"",,"NA0323A1",30045,5002,"2022-12-20","2023-01-20","USD",93.00,90,"3XS:10|2XS:20|XS:20|S:10|M:10|L:10|XL:10"
250324,"2022-09-15 08:39:53.45","#NA0324",50.00,68.00,93.00,120.90,"2022-12-20","127589252","PO",4,,,,"",,"NA0324A0",30029,6002,"2022-12-20","2023-01-20","USD",93.00,90,"3XS:10|2XS:20|XS:20|S:10|M:10|L:10|XL:10"
250325,"2022-09-15 08:39:53.45","#NA0325",50.00,68.00,93.00,120.90,"2022-12-20","127589252","PO",4,,,,"",,"NA0325A1",30045,8002,"2022-12-20","2023-01-20","USD",93.00,90,"3XS:10|2XS:20|XS:20|S:10|M:10|L:10|XL:10"
250326,"2022-09-15 08:39:53.45","#NA0326",50.00,68.00,93.00,120.90,"2022-12-20","127590380","PO",4,,,,"",,"NA0326A1",30045,1002,"2022-12-20","2023-01-20","USD",93.00,90,"3XS:10|2XS:20|XS:20|S:10|M:10|L:10|XL:10"
250327,"2022-09-15 08:39:53.45","#NA0327",50.00,68.00,93.00,120.90,"2022-12-20","127590380","PO",4,,,,"",,"NA0327A0",30029,3002,"2022-12-20","2023-01-20","USD",93.00,90,"3XS:10|2XS:20|XS:20|S:10|M:10|L:10|XL:10"
250328,"2022-09-15 08:39:53.45","#NA0328",50.00,68.00,93.00,120.90,"2022-12-20","127590380","PO",4,,,,"",,"NA0328A1",30045,5002,"2022-12-20","2023-01-20","USD",93.00,90,"3XS:10|2XS:20|XS:20|S:10|M:10|L:10|XL:10"
250329,"2022-09-15 08:39:53.45","#NA0329",50.00,68.00,93.00,120.90,"2022-12-20","127590380","PO",4,,,,"",,"NA0329A0",30029,6002,"2022-12-20","2023-01-20","USD",93.00,90,"3XS:10|2XS:20|XS:20|S:10|M:10|L:10|XL:10"
250330,"2022-09-15 08:39:53.45","#NA0330",50.00,68.00,93.00,120.90,"2022-12-20","127590380","PO",4,,,,"",,"NA0330A1",30045,8002,"2022-12-20","2023-01-20","USD",93.00,90,"3XS:10|2XS:20|XS:20|S:10|M:10|L:10|XL:10"
250331,"2022-09-15 08:39:53.45","#NA0331",50.00,68.00,93.00,120.90,"2022-12-20","127590461","PO",4,,,,"",,"NA0331A1",30045,1002,"2022-12-20","2023-01-20","USD",93.00,90,"3XS:10|2XS:20|XS:20|S:10|M:10|L:10|XL:10"
250332,"2022-09-15 08:39:53.45","#NA0332",50.00,68.00,93.00,120.90,"2022-12-20","127590461","PO",4,,,,"",,"NA0332A0",30029,3002,"2022-12-20","2023-01-20","USD",93.00,90,"3XS:10|2XS:20|XS:20|S:10|M:10|L:10|XL:10"
250333,"2022-09-15 08:39:53.45","#NA0333",50.00,68.00,93.00,120.90,"2022-12-20","127590461","PO",4,,,,"",,"NA0333A1",30045,5002,"2022-12-20","2023-01-20","USD",93.00,90,"3XS:10|2XS:20|XS:20|S:10|M:10|L:10|XL:10"
250334,"2022-09-15 08:39:53.45","#NA0334",50.00,68.00,93.00,120.90,"2022-12-20","127590461","PO",4,,,,"",,"NA0334A0",30029,6002,"2022-12-20","2023-01-20","USD",93.00,90,"3XS:10|2XS:20|XS:20|S:10|M:10|L:10|XL:10"
250335,"2022-09-15 08:39:53.45","#NA0335",50.00,68.00,93.00,120.90,"2022-12-20","127590461","PO",4,,,,"",,"NA0335A1",30045,8002,"2022-12-20","2023-01-20","USD",93.00,90,"3XS:10|2XS:20|XS:20|S:10|M:10|L:10|XL:10"
250336,"2022-09-15 08:39:53.45","#NA0336",50.00,68.00,93.00,120.90,"2022-12-20","127589331","PO",4,,,,"",,"NA0336A1",30045,1002,"2022-12-20","2023-01-20","USD",93.00,90,"3XS:10|2XS:20|XS:20|S:10|M:10|L:10|XL:10"
250337,"2022-09-15 08:39:53.45","#NA0337",50.00,68.00,93.00,120.90,"2022-12-20","127589331","PO",4,,,,"",,"NA0337A0",30029,3002,"2022-12-20","2023-01-20","USD",93.00,90,"3XS:10|2XS:20|XS:20|S:10|M:10|L:10|XL:10"
250338,"2022-09-15 08:39:53.45","#NA0338",50.00,68.00,93.00,120.90,"2022-12-20","127589331","PO",4,,,,"",,"NA0338A1",30045,5002,"2022-12-20","2023-01-20","USD",93.00,90,"3XS:10|2XS:20|XS:20|S:10|M:10|L:10|XL:10"
250339,"2022-09-15 08:39:53.45","#NA0339",50.00,68.00,93.00,120.90,"2022-12-20","127589331","PO",4,,,,"",,"NA0339A0",30029,6002,"2022-12-20","2023-01-20","USD",93.00,90,"3XS:10|2XS:20|XS:20|S:10|M:10|L:10|XL:10"
250340,"2022-09-15 08:39:53.45","#NA0340",50.00,68.00,93.00,120.90,"2022-12-20","127589331","PO",4,,,,"",,"NA0340A1",30045,8002,"2022-12-20","2023-01-20","USD",93.00,90,"3XS:10|2XS:20|XS:20|S:10|M:10|L:10|XL:10"
250341,"2022-09-15 08:39:53.45","#NA0341",50.00,68.00,93.00,120.90,"2022-12-20","127589414","PO",4,,,,"",,"NA0341A1",30045,1002,"2022-12-20","2023-01-20","USD",93.00,90,"3XS:10|2XS:20|XS:20|S:10|M:10|L:10|XL:10"
250342,"2022-09-15 08:39:53.45","#NA0342",50.00,68.00,93.00,120.90,"2022-12-20","127589414","PO",4,,,,"",,"NA0342A0",30029,3002,"2022-12-20","2023-01-20","USD",93.00,90,"3XS:10|2XS:20|XS:20|S:10|M:10|L:10|XL:10"
250343,"2022-09-15 08:39:53.45","#NA0343",50.00,68.00,93.00,120.90,"2022-12-20","127589414","PO",4,,,,"",,"NA0343A1",30045,5002,"2022-12-20","2023-01-20","USD",93.00,90,"3XS:10|2XS:20|XS:20|S:10|M:10|L:10|XL:10"
250344,"2022-09-15 08:39:53.45","#NA0344",50.00,68.00,93.00,120.90,"2022-12-20","127589414","PO",4,,,,"",,"NA0344A0",30029,6002,"2022-12-20","2023-01-20","USD",93.00,90,"3XS:10|2XS:20|XS:20|S:10|M:10|L:10|XL:10"
250345,"2022-09-15 08:39:53.45","#NA0345",50.00,68.00,93.00,120.90,"2022-12-20","127589414","PO",4,,,,"",,"NA0345A1",30045,8002,"2022-12-20","2023-01-20","USD",93.00,90,"3XS:10|2XS:20|XS:20|S:10|M:10|L:10|XL:10"
250346,"2022-09-15 08:39:53.45","#NA0346",50.00,68.00,93.00,120.90,"2022-12-20","127590543","PO",4,,,,"",,"NA0346A1",30045,1002,"2022-12-20","2023-01-20","USD",93.00,90,"3XS:10|2XS:20|XS:20|S:10|M:10|L:10|XL:10"
250347,"2022-09-15 08:39:53.45","#NA0347",50.00,68.00,93.00,120.90,"2022-12-20","127590543","PO",4,,,,"",,"NA0347A0",30029,3002,"2022-12-20","2023-01-20","USD",93.00,90,"3XS:10|2XS:20|XS:20|S:10|M:10|L:10|XL:10"
250348,"2022-09-15 08:39:53.45","#NA0348",50.00,68.00,93.00,120.90,"2022-12-20","127590543","PO",4,,,,"",,"NA0348A1",30045,5002,"2022-12-20","2023-01-20","USD",93.00,90,"3XS:10|2XS:20|XS:20|S:10|M:10|L:10|XL:10"
250349,"2022-09-15 08:39:53.45","#NA0349",50.00,68.00,93.00,120.90,"2022-12-20","127590543","PO",4,,,,"",,"NA0349A0",30029,6002,"2022-12-20","2023-01-20","USD",93.00,90,"3XS:10|2XS:20|XS:20|S:10|M:10|L:10|XL:10"
250350,"2022-09-15 08:39:53.45","#NA0350",50.00,68.00,93.00,120.90,"2022-12-20","127590543","PO",4,,,,"",,"NA0350A1",30045,8002,"2022-12-20","2023-01-20","USD",93.00,90,"3XS:10|2XS:20|XS:20|S:10|M:10|L:10|XL:10"
250351,"2022-09-15 08:39:53.45","#NA0351",50.00,68.00,93.00,120.90,"2022-12-20","127590624","PO",4,,,,"",,"NA0351A1",30045,1002,"2022-12-20","2023-01-20","USD",93.00,90,"3XS:10|2XS:20|XS:20|S:10|M:10|L:10|XL:10"
250352,"2022-09-15 08:39:53.45","#NA0352",50.00,68.00,93.00,120.90,"2022-12-20","127590624","PO",4,,,,"",,"NA0352A0",30029,3002,"2022-12-20","2023-01-20","USD",93.00,90,"3XS:10|2XS:20|XS:20|S:10|M:10|L:10|XL:10"
250353,"2022-09-15 08:39:53.45","#NA0353",50.00,68.00,93.00,120.90,"2022-12-20","127590624","PO",4,,,,"",,"NA0353A1",30045,5002,"2022-12-20","2023-01-20","USD",93.00,90,"3XS:10|2XS:20|XS:20|S:10|M:10|L:10|XL:10"
250354,"2022-09-15 08:39:53.45","#NA0354",50.00,68.00,93.00,120.90,"2022-12-20","127590624","PO",4,,,,"",,"NA0354A0",30029,6002,"2022-12-20","2023-01-20","USD",93.00,90,"3XS:10|2XS:20|XS:20|S:10|M:10|L:10|XL:10"
250355,"2022-09-15 08:39:53.45","#NA0355",50.00,68.00,93.00,120.90,"2022-12-20","127590624","PO",4,,,,"",,"NA0355A1",30045,8002,"2022-12-20","2023-01-20","USD",93.00,90,"3XS:10|2XS:20|XS:20|S:10|M:10|L:10|XL:10"
250356,"2022-09-15 08:39:53.45","#NA0356",50.00,68.00,93.00,120.90,"2022-12-20","127589492","PO",4,,,,"",,"NA0356A1",30045,1002,"2022-12-20","2023-01-20","USD",93.00,90,"3XS:10|2XS:20|XS:20|S:10|M:10|L:10|XL:10"
250357,"2022-09-15 08:39:53.45","#NA0357",50.00,68.00,93.00,120.90,"2022-12-20","127589492","PO",4,,,,"",,"NA0357A0",30029,3002,"2022-12-20","2023-01-20","USD",93.00,90,"3XS:10|2XS:20|XS:20|S:10|M:10|L:10|XL:10"
250358,"2022-09-15 08:39:53.45","#NA0358",50.00,68.00,93.00,120.90,"2022-12-20","127589492","PO",4,,,,"",,"NA0358A1",30045,5002,"2022-12-20","2023-01-20","USD",93.00,90,"3XS:10|2XS:20|XS:20|S:10|M:10|L:10|XL:10"
250359,"2022-09-15 08:39:53.45","#NA0359",50.00,68.00,93.00,120.90,"2022-12-20","127589492","PO",4,,,,"",,"NA0359A0",30029,6002,"2022-12-20","2023-01-20","USD",93.00,90,"3XS:10|2XS:20|XS:20|S:10|M:10|L:10|XL:10"
250360,"2022-09-15 08:39:53.45","#NA0360",50.00,68.00,93.00,120.90,"2022-12-20","127589492","PO",4,,,,"",,"NA0360A1",30045,8002,"2022-12-20","2023-01-20","USD",93.00,90,"3XS:10|2XS:20|XS:20|S:10|M:10|L:10|XL:10"
250361,"2022-09-15 08:39:53.45","#NA0361",50.00,68.00,93.00,120.90,"2022-12-20","127588940","PO",4,,,,"",,"NA0361A1",30045,1002,"2022-12-20","2023-01-20","USD",93.00,90,"3XS:10|2XS:20|XS:20|S:10|M:10|L:10|XL:10"
250362,"2022-09-15 08:39:53.45","#NA0362",50.00,68.00,93.00,120.90,"2022-12-20","127588940","PO",4,,,,"",,"NA0362A0",30029,3002,"2022-12-20","2023-01-20","USD",93.00,90,"3XS:10|2XS:20|XS:20|S:10|M:10|L:10|XL:10"
250363,"2022-09-15 08:39:53.45","#NA0363",50.00,68.00,93.00,120.90,"2022-12-20","127588940","PO",4,,,,"",,"NA0363A1",30045,5002,"2022-12-20","2023-01-20","USD",93.00,90,"3XS:10|2XS:20|XS:20|S:10|M:10|L:10|XL:10"
250364,"2022-09-15 08:39:53.45","#NA0364",50.00,68.00,93.00,120.90,"2022-12-20","127588940","PO",4,,,,"",,"NA0364A0",30029,6002,"2022-12-20","2023-01-20","USD",93.00,90,"3XS:10|2XS:20|XS:20|S:10|M:10|L:10|XL:10"
250365,"2022-09-15 08:39:53.45","#NA0365",50.00,68.00,93.00,120.90,"2022-12-20","127588940","PO",4,,,,"",,"NA0365A1",30045,8002,"2022-12-20","2023-01-20","USD",93.00,90,"3XS:10|2XS:20|XS:20|S:10|M:10|L:10|XL:10"
250366,"2022-09-15 08:39:53.45","#NA0366",50.00,68.00,93.00,120.90,"2022-12-20","127589046","PO",4,,,,"",,"NA0366A1",30045,1002,"2022-12-20","2023-01-20","USD",93.00,90,"3XS:10|2XS:20|XS:20|S:10|M:10|L:10|XL:10"
250367,"2022-09-15 08:39:53.45","#NA0367",50.00,68.00,93.00,120.90,"2022-12-20","127589046","PO",4,,,,"",,"NA0367A0",30029,3002,"2022-12-20","2023-01-20","USD",93.00,90,"3XS:10|2XS:20|XS:20|S:10|M:10|L:10|XL:10"
250368,"2022-09-15 08:39:53.45","#NA0368",50.00,68.00,93.00,120.90,"2022-12-20","127589046","PO",4,,,,"",,"NA0368A1",30045,5002,"2022-12-20","2023-01-20","USD",93.00,90,"3XS:10|2XS:20|XS:20|S:10|M:10|L:10|XL:10"
250369,"2022-09-15 08:39:53.45","#NA0369",50.00,68.00,93.00,120.90,"2022-12-20","127589046","PO",4,,,,"",,"NA0369A0",30029,6002,"2022-12-20","2023-01-20","USD",93.00,90,"3XS:10|2XS:20|XS:20|S:10|M:10|L:10|XL:10"
250370,"2022-09-15 08:39:53.45","#NA0370",50.00,68.00,93.00,120.90,"2022-12-20","127589046","PO",4,,,,"",,"NA0370A1",30045,8002,"2022-12-20","2023-01-20","USD",93.00,90,"3XS:10|2XS:20|XS:20|S:10|M:10|L:10|XL:10"
250371,"2022-09-15 08:39:53.45","#NA0371",50.00,68.00,93.00,120.90,"2022-12-20","127590707","PO",4,,,,"",,"NA0371A1",30045,1002,"2022-12-20","2023-01-20","USD",93.00,90,"3XS:10|2XS:20|XS:20|S:10|M:10|L:10|XL:10"
250372,"2022-09-15 08:39:53.45","#NA0372",50.00,68.00,93.00,120.90,"2022-12-20","127590707","PO",4,,,,"",,"NA0372A0",30029,3002,"2022-12-20","2023-01-20","USD",93.00,90,"3XS:10|2XS:20|XS:20|S:10|M:10|L:10|XL:10"
250373,"2022-09-15 08:39:53.45","#NA0373",50.00,68.00,93.00,120.90,"2022-12-20","127590707","PO",4,,,,"",,"NA0373A1",30045,5002,"2022-12-20","2023-01-20","USD",93.00,90,"3XS:10|2XS:20|XS:20|S:10|M:10|L:10|XL:10"
250374,"2022-09-15 08:39:53.45","#NA0374",50.00,68.00,93.00,120.90,"2022-12-20","127590707","PO",4,,,,"",,"NA0374A0",30029,6002,"2022-12-20","2023-01-20","USD",93.00,90,"3XS:10|2XS:20|XS:20|S:10|M:10|L:10|XL:10"
250375,"2022-09-15 08:39:53.45","#NA0375",50.00,68.00,93.00,120.90,"2022-12-20","127590707","PO",4,,,,"",,"NA0375A1",30045,8002,"2022-12-20","2023-01-20","USD",93.00,90,"3XS:10|2XS:20|XS:20|S:10|M:10|L:10|XL:10"
250376,"2022-09-15 08:39:53.45","#NA0376",50.00,68.00,93.00,120.90,"2022-12-20","127589126","PO",4,,,,"",,"NA0376A1",30045,1002,"2022-12-20","2023-01-20","USD",93.00,90,"3XS:10|2XS:20|XS:20|S:10|M:10|L:10|XL:10"
250377,"2022-09-15 08:39:53.45","#NA0377",50.00,68.00,93.00,120.90,"2022-12-20","127589126","PO",4,,,,"",,"NA0377A0",30029,3002,"2022-12-20","2023-01-20","USD",93.00,90,"3XS:10|2XS:20|XS:20|S:10|M:10|L:10|XL:10"
250378,"2022-09-15 08:39:53.45","#NA0378",50.00,68.00,93.00,120.90,"2022-12-20","127589126","PO",4,,,,"",,"NA0378A1",30045,5002,"2022-12-20","2023-01-20","USD",93.00,90,"3XS:10|2XS:20|XS:20|S:10|M:10|L:10|XL:10"
250379,"2022-09-15 08:39:53.45","#NA0379",50.00,68.00,93.00,120.90,"2022-12-20","127589126","PO",4,,,,"",,"NA0379A0",30029,6002,"2022-12-20","2023-01-20","USD",93.00,90,"3XS:10|2XS:20|XS:20|S:10|M:10|L:10|XL:10"
250380,"2022-09-15 08:39:53.45","#NA0380",50.00,68.00,93.00,120.90,"2022-12-20","127589126","PO",4,,,,"",,"NA0380A1",30045,8002,"2022-12-20","2023-01-20","USD",93.00,90,"3XS:10|2XS:20|XS:20|S:10|M:10|L:10|XL:10"
250381,"2022-09-15 08:39:53.45","#NA0381",50.00,68.00,93.00,120.90,"2022-12-20","127589207","PO",4,,,,"",,"NA0381A1",30045,1002,"2022-12-20","2023-01-20","USD",93.00,90,"3XS:10|2XS:20|XS:20|S:10|M:10|L:10|XL:10"
250382,"2022-09-15 08:39:53.45","#NA0382",50.00,68.00,93.00,120.90,"2022-12-20","127589207","PO",4,,,,"",,"NA0382A0",30029,3002,"2022-12-20","2023-01-20","USD",93.00,90,"3XS:10|2XS:20|XS:20|S:10|M:10|L:10|XL:10"
250383,"2022-09-15 08:39:53.45","#NA0383",50.00,68.00,93.00,120.90,"2022-12-20","127589207","PO",4,,,,"",,"NA0383A1",30045,5002,"2022-12-20","2023-01-20","USD",93.00,90,"3XS:10|2XS:20|XS:20|S:10|M:10|L:10|XL:10"
250384,"2022-09-15 08:39:53.45","#NA0384",50.00,68.00,93.00,120.90,"2022-12-20","127589207","PO",4,,,,"",,"NA0384A0",30029,6002,"2022-12-20","2023-01-20","USD",93.00,90,"3XS:10|2XS:20|XS:20|S:10|M:10|L:10|XL:10"
250385,"2022-09-15 08:39:53.45","#NA0385",50.00,68.00,93.00,120.90,"2022-12-20","127589207","PO",4,,,,"",,"NA0385A1",30045,8002,"2022-12-20","2023-01-20","USD",93.00,90,"3XS:10|2XS:20|XS:20|S:10|M:10|L:10|XL:10"
250386,"2022-09-15 08:39:53.45","#NA0386",50.00,68.00,93.00,120.90,"2022-12-20","127589284","PO",4,,,,"",,"NA0386A1",30045,1002,"2022-12-20","2023-01-20","USD",93.00,90,"3XS:10|2XS:20|XS:20|S:10|M:10|L:10|XL:10"
250387,"2022-09-15 08:39:53.45","#NA0387",50.00,68.00,93.00,120.90,"2022-12-20","127589284","PO",4,,,,"",,"NA0387A0",30029,3002,"2022-12-20","2023-01-20","USD",93.00,90,"3XS:10|2XS:20|XS:20|S:10|M:10|L:10|XL:10"
250388,"2022-09-15 08:39:53.45","#NA0388",50.00,68.00,93.00,120.90,"2022-12-20","127589284","PO",4,,,,"",,"NA0388A1",30045,5002,"2022-12-20","2023-01-20","USD",93.00,90,"3XS:10|2XS:20|XS:20|S:10|M:10|L:10|XL:10"
250389,"2022-09-15 08:39:53.45","#NA0389",50.00,68.00,93.00,120.90,"2022-12-20","127589284","PO",4,,,,"",,"NA0389A0",30029,6002,"2022-12-20","2023-01-20","USD",93.00,90,"3XS:10|2XS:20|XS:20|S:10|M:10|L:10|XL:10"
250390,"2022-09-15 08:39:53.45","#NA0390",50.00,68.00,93.00,120.90,"2022-12-20","127589284","PO",4,,,,"",,"NA0390A1",30045,8002,"2022-12-20","2023-01-20","USD",93.00,90,"3XS:10|2XS:20|XS:20|S:10|M:10|L:10|XL:10"
250391,"2022-09-15 08:39:53.45","#NA0391",50.00,68.00,93.00,120.90,"2022-12-20","127589571","PO",4,,,,"",,"NA0391A1",30045,1002,"2022-12-20","2023-01-20","USD",93.00,90,"3XS:10|2XS:20|XS:20|S:10|M:10|L:10|XL:10"
250392,"2022-09-15 08:39:53.45","#NA0392",50.00,68.00,93.00,120.90,"2022-12-20","127589571","PO",4,,,,"",,"NA0392A0",30029,3002,"2022-12-20","2023-01-20","USD",93.00,90,"3XS:10|2XS:20|XS:20|S:10|M:10|L:10|XL:10"
250393,"2022-09-15 08:39:53.45","#NA0393",50.00,68.00,93.00,120.90,"2022-12-20","127589571","PO",4,,,,"",,"NA0393A1",30045,5002,"2022-12-20","2023-01-20","USD",93.00,90,"3XS:10|2XS:20|XS:20|S:10|M:10|L:10|XL:10"
250394,"2022-09-15 08:39:53.45","#NA0394",50.00,68.00,93.00,120.90,"2022-12-20","127589571","PO",4,,,,"",,"NA0394A0",30029,6002,"2022-12-20","2023-01-20","USD",93.00,90,"3XS:10|2XS:20|XS:20|S:10|M:10|L:10|XL:10"
250395,"2022-09-15 08:39:53.45","#NA0395",50.00,68.00,93.00,120.90,"2022-12-20","127589571","PO",4,,,,"",,"NA0395A1",30045,8002,"2022-12-20","2023-01-20","USD",93.00,90,"3XS:10|2XS:20|XS:20|S:10|M:10|L:10|XL:10"
250396,"2022-09-15 08:39:53.45","#NA0396",50.00,68.00,93.00,120.90,"2022-12-20","127589371","PO",4,,,,"",,"NA0396A1",30045,1002,"2022-12-20","2023-01-20","USD",93.00,90,"3XS:10|2XS:20|XS:20|S:10|M:10|L:10|XL:10"
250397,"2022-09-15 08:39:53.45","#NA0397",50.00,68.00,93.00,120.90,"2022-12-20","127589371","PO",4,,,,"",,"NA0397A0",30029,3002,"2022-12-20","2023-01-20","USD",93.00,90,"3XS:10|2XS:20|XS:20|S:10|M:10|L:10|XL:10"
250398,"2022-09-15 08:39:53.45","#NA0398",50.00,68.00,93.00,120.90,"2022-12-20","127589371","PO",4,,,,"",,"NA0398A1",30045,5002,"2022-12-20","2023-01-20","USD",93.00,90,"3XS:10|2XS:20|XS:20|S:10|M:10|L:10|XL:10"
250399,"2022-09-15 08:39:53.45","#NA0399",50.00,68.00,93.00,120.90,"2022-12-20","127589371","PO",4,,,,"",,"NA0399A0",30029,6002,"2022-12-20","2023-01-20","USD",93.00,90,"3XS:10|2XS:20|XS:20|S:10|M:10|L:10|XL:10"
250400,"2022-09-15 08:39:53.45","#NA0400",50.00,68.00,93.00,120.90,"2022-12-20","127589371","PO",4,,,,"",,"NA0400A1",30045,8002,"2022-12-20","2023-01-20","USD",93.00,90,"3XS:10|2XS:20|XS:20|S:10|M:10|L:10|XL:10"
250401,"2022-09-15 08:39:53.45","#NA0401",50.00,68.00,93.00,120.90,"2022-12-20","127589654","PO",4,,,,"",,"NA0401A1",30045,1002,"2022-12-20","2023-01-20","USD",93.00,90,"3XS:10|2XS:20|XS:20|S:10|M:10|L:10|XL:10"
250402,"2022-09-15 08:39:53.45","#NA0402",50.00,68.00,93.00,120.90,"2022-12-20","127589654","PO",4,,,,"",,"NA0402A0",30029,3002,"2022-12-20","2023-01-20","USD",93.00,90,"3XS:10|2XS:20|XS:20|S:10|M:10|L:10|XL:10"
250403,"2022-09-15 08:39:53.45","#NA0403",50.00,68.00,93.00,120.90,"2022-12-20","127589654","PO",4,,,,"",,"NA0403A1",30045,5002,"2022-12-20","2023-01-20","USD",93.00,90,"3XS:10|2XS:20|XS:20|S:10|M:10|L:10|XL:10"
250404,"2022-09-15 08:39:53.45","#NA0404",50.00,68.00,93.00,120.90,"2022-12-20","127589654","PO",4,,,,"",,"NA0404A0",30029,6002,"2022-12-20","2023-01-20","USD",93.00,90,"3XS:10|2XS:20|XS:20|S:10|M:10|L:10|XL:10"
250405,"2022-09-15 08:39:53.45","#NA0405",50.00,68.00,93.00,120.90,"2022-12-20","127589654","PO",4,,,,"",,"NA0405A1",30045,8002,"2022-12-20","2023-01-20","USD",93.00,90,"3XS:10|2XS:20|XS:20|S:10|M:10|L:10|XL:10"
250406,"2022-09-15 08:39:53.45","#NA0406",50.00,68.00,93.00,120.90,"2022-12-20","127589447","PO",4,,,,"",,"NA0406A1",30045,1002,"2022-12-20","2023-01-20","USD",93.00,90,"3XS:10|2XS:20|XS:20|S:10|M:10|L:10|XL:10"
250407,"2022-09-15 08:39:53.45","#NA0407",50.00,68.00,93.00,120.90,"2022-12-20","127589447","PO",4,,,,"",,"NA0407A0",30029,3002,"2022-12-20","2023-01-20","USD",93.00,90,"3XS:10|2XS:20|XS:20|S:10|M:10|L:10|XL:10"
250408,"2022-09-15 08:39:53.45","#NA0408",50.00,68.00,93.00,120.90,"2022-12-20","127589447","PO",4,,,,"",,"NA0408A1",30045,5002,"2022-12-20","2023-01-20","USD",93.00,90,"3XS:10|2XS:20|XS:20|S:10|M:10|L:10|XL:10"
250409,"2022-09-15 08:39:53.45","#NA0409",50.00,68.00,93.00,120.90,"2022-12-20","127589447","PO",4,,,,"",,"NA0409A0",30029,6002,"2022-12-20","2023-01-20","USD",93.00,90,"3XS:10|2XS:20|XS:20|S:10|M:10|L:10|XL:10"
250410,"2022-09-15 08:39:53.45","#NA0410",50.00,68.00,93.00,120.90,"2022-12-20","127589447","PO",4,,,,"",,"NA0410A1",30045,8002,"2022-12-20","2023-01-20","USD",93.00,90,"3XS:10|2XS:20|XS:20|S:10|M:10|L:10|XL:10"
250411,"2022-09-15 08:39:53.45","#NA0411",50.00,68.00,93.00,120.90,"2022-12-20","127589527","PO",4,,,,"",,"NA0411A1",30045,1002,"2022-12-20","2023-01-20","USD",93.00,90,"3XS:10|2XS:20|XS:20|S:10|M:10|L:10|XL:10"
250412,"2022-09-15 08:39:53.45","#NA0412",50.00,68.00,93.00,120.90,"2022-12-20","127589527","PO",4,,,,"",,"NA0412A0",30029,3002,"2022-12-20","2023-01-20","USD",93.00,90,"3XS:10|2XS:20|XS:20|S:10|M:10|L:10|XL:10"
250413,"2022-09-15 08:39:53.45","#NA0413",50.00,68.00,93.00,120.90,"2022-12-20","127589527","PO",4,,,,"",,"NA0413A1",30045,5002,"2022-12-20","2023-01-20","USD",93.00,90,"3XS:10|2XS:20|XS:20|S:10|M:10|L:10|XL:10"
250414,"2022-09-15 08:39:53.45","#NA0414",50.00,68.00,93.00,120.90,"2022-12-20","127589527","PO",4,,,,"",,"NA0414A0",30029,6002,"2022-12-20","2023-01-20","USD",93.00,90,"3XS:10|2XS:20|XS:20|S:10|M:10|L:10|XL:10"
250415,"2022-09-15 08:39:53.45","#NA0415",50.00,68.00,93.00,120.90,"2022-12-20","127589527","PO",4,,,,"",,"NA0415A1",30045,8002,"2022-12-20","2023-01-20","USD",93.00,90,"3XS:10|2XS:20|XS:20|S:10|M:10|L:10|XL:10"
250416,"2022-09-15 08:39:53.45","#NA0416",50.00,68.00,93.00,120.90,"2022-12-20","127589732","PO",4,,,,"",,"NA0416A1",30045,1002,"2022-12-20","2023-01-20","USD",93.00,90,"3XS:10|2XS:20|XS:20|S:10|M:10|L:10|XL:10"
250417,"2022-09-15 08:39:53.45","#NA0417",50.00,68.00,93.00,120.90,"2022-12-20","127589732","PO",4,,,,"",,"NA0417A0",30029,3002,"2022-12-20","2023-01-20","USD",93.00,90,"3XS:10|2XS:20|XS:20|S:10|M:10|L:10|XL:10"
250418,"2022-09-15 08:39:53.45","#NA0418",50.00,68.00,93.00,120.90,"2022-12-20","127589732","PO",4,,,,"",,"NA0418A1",30045,5002,"2022-12-20","2023-01-20","USD",93.00,90,"3XS:10|2XS:20|XS:20|S:10|M:10|L:10|XL:10"
250419,"2022-09-15 08:39:53.45","#NA0419",50.00,68.00,93.00,120.90,"2022-12-20","127589732","PO",4,,,,"",,"NA0419A0",30029,6002,"2022-12-20","2023-01-20","USD",93.00,90,"3XS:10|2XS:20|XS:20|S:10|M:10|L:10|XL:10"
250420,"2022-09-15 08:39:53.45","#NA0420",50.00,68.00,93.00,120.90,"2022-12-20","127589732","PO",4,,,,"",,"NA0420A1",30045,8002,"2022-12-20","2023-01-20","USD",93.00,90,"3XS:10|2XS:20|XS:20|S:10|M:10|L:10|XL:10"
250421,"2022-09-15 08:39:53.45","#NA0421",50.00,68.00,93.00,120.90,"2022-12-20","127589811","PO",4,,,,"",,"NA0421A1",30045,1002,"2022-12-20","2023-01-20","USD",93.00,90,"3XS:10|2XS:20|XS:20|S:10|M:10|L:10|XL:10"
250422,"2022-09-15 08:39:53.45","#NA0422",50.00,68.00,93.00,120.90,"2022-12-20","127589811","PO",4,,,,"",,"NA0422A0",30029,3002,"2022-12-20","2023-01-20","USD",93.00,90,"3XS:10|2XS:20|XS:20|S:10|M:10|L:10|XL:10"
250423,"2022-09-15 08:39:53.45","#NA0423",50.00,68.00,93.00,120.90,"2022-12-20","127589811","PO",4,,,,"",,"NA0423A1",30045,5002,"2022-12-20","2023-01-20","USD",93.00,90,"3XS:10|2XS:20|XS:20|S:10|M:10|L:10|XL:10"
250424,"2022-09-15 08:39:53.45","#NA0424",50.00,68.00,93.00,120.90,"2022-12-20","127589811","PO",4,,,,"",,"NA0424A0",30029,6002,"2022-12-20","2023-01-20","USD",93.00,90,"3XS:10|2XS:20|XS:20|S:10|M:10|L:10|XL:10"
250425,"2022-09-15 08:39:53.45","#NA0425",50.00,68.00,93.00,120.90,"2022-12-20","127589811","PO",4,,,,"",,"NA0425A1",30045,8002,"2022-12-20","2023-01-20","USD",93.00,90,"3XS:10|2XS:20|XS:20|S:10|M:10|L:10|XL:10"
250426,"2022-09-15 08:39:53.45","#NA0426",50.00,68.00,93.00,120.90,"2022-12-20","127589605","PO",4,,,,"",,"NA0426A1",30045,1002,"2022-12-20","2023-01-20","USD",93.00,90,"3XS:10|2XS:20|XS:20|S:10|M:10|L:10|XL:10"
250427,"2022-09-15 08:39:53.45","#NA0427",50.00,68.00,93.00,120.90,"2022-12-20","127589605","PO",4,,,,"",,"NA0427A0",30029,3002,"2022-12-20","2023-01-20","USD",93.00,90,"3XS:10|2XS:20|XS:20|S:10|M:10|L:10|XL:10"
250428,"2022-09-15 08:39:53.45","#NA0428",50.00,68.00,93.00,120.90,"2022-12-20","127589605","PO",4,,,,"",,"NA0428A1",30045,5002,"2022-12-20","2023-01-20","USD",93.00,90,"3XS:10|2XS:20|XS:20|S:10|M:10|L:10|XL:10"
250429,"2022-09-15 08:39:53.45","#NA0429",50.00,68.00,93.00,120.90,"2022-12-20","127589605","PO",4,,,,"",,"NA0429A0",30029,6002,"2022-12-20","2023-01-20","USD",93.00,90,"3XS:10|2XS:20|XS:20|S:10|M:10|L:10|XL:10"
250430,"2022-09-15 08:39:53.45","#NA0430",50.00,68.00,93.00,120.90,"2022-12-20","127589605","PO",4,,,,"",,"NA0430A1",30045,8002,"2022-12-20","2023-01-20","USD",93.00,90,"3XS:10|2XS:20|XS:20|S:10|M:10|L:10|XL:10"
250431,"2022-09-15 08:39:53.45","#NA0431",50.00,68.00,93.00,120.90,"2022-12-20","127589695","PO",4,,,,"",,"NA0431A1",30045,1002,"2022-12-20","2023-01-20","USD",93.00,90,"3XS:10|2XS:20|XS:20|S:10|M:10|L:10|XL:10"
250432,"2022-09-15 08:39:53.45","#NA0432",50.00,68.00,93.00,120.90,"2022-12-20","127589695","PO",4,,,,"",,"NA0432A0",30029,3002,"2022-12-20","2023-01-20","USD",93.00,90,"3XS:10|2XS:20|XS:20|S:10|M:10|L:10|XL:10"
250433,"2022-09-15 08:39:53.45","#NA0433",50.00,68.00,93.00,120.90,"2022-12-20","127589695","PO",4,,,,"",,"NA0433A1",30045,5002,"2022-12-20","2023-01-20","USD",93.00,90,"3XS:10|2XS:20|XS:20|S:10|M:10|L:10|XL:10"
250434,"2022-09-15 08:39:53.45","#NA0434",50.00,68.00,93.00,120.90,"2022-12-20","127589695","PO",4,,,,"",,"NA0434A0",30029,6002,"2022-12-20","2023-01-20","USD",93.00,90,"3XS:10|2XS:20|XS:20|S:10|M:10|L:10|XL:10"
250435,"2022-09-15 08:39:53.45","#NA0435",50.00,68.00,93.00,120.90,"2022-12-20","127589695","PO",4,,,,"",,"NA0435A1",30045,8002,"2022-12-20","2023-01-20","USD",93.00,90,"3XS:10|2XS:20|XS:20|S:10|M:10|L:10|XL:10"
250436,"2022-09-15 08:39:53.45","#NA0436",50.00,68.00,93.00,120.90,"2022-12-20","127589774","PO",4,,,,"",,"NA0436A1",30045,1002,"2022-12-20","2023-01-20","USD",93.00,90,"3XS:10|2XS:20|XS:20|S:10|M:10|L:10|XL:10"
250437,"2022-09-15 08:39:53.45","#NA0437",50.00,68.00,93.00,120.90,"2022-12-20","127589774","PO",4,,,,"",,"NA0437A0",30029,3002,"2022-12-20","2023-01-20","USD",93.00,90,"3XS:10|2XS:20|XS:20|S:10|M:10|L:10|XL:10"
250438,"2022-09-15 08:39:53.45","#NA0438",50.00,68.00,93.00,120.90,"2022-12-20","127589774","PO",4,,,,"",,"NA0438A1",30045,5002,"2022-12-20","2023-01-20","USD",93.00,90,"3XS:10|2XS:20|XS:20|S:10|M:10|L:10|XL:10"
250439,"2022-09-15 08:39:53.45","#NA0439",50.00,68.00,93.00,120.90,"2022-12-20","127589774","PO",4,,,,"",,"NA0439A0",30029,6002,"2022-12-20","2023-01-20","USD",93.00,90,"3XS:10|2XS:20|XS:20|S:10|M:10|L:10|XL:10"
250440,"2022-09-15 08:39:53.45","#NA0440",50.00,68.00,93.00,120.90,"2022-12-20","127589774","PO",4,,,,"",,"NA0440A1",30045,8002,"2022-12-20","2023-01-20","USD",93.00,90,"3XS:10|2XS:20|XS:20|S:10|M:10|L:10|XL:10"
250441,"2022-09-15 08:39:53.45","#NA0441",50.00,68.00,93.00,120.90,"2022-12-20","127589854","PO",4,,,,"",,"NA0441A1",30045,1002,"2022-12-20","2023-01-20","USD",93.00,90,"3XS:10|2XS:20|XS:20|S:10|M:10|L:10|XL:10"
250442,"2022-09-15 08:39:53.45","#NA0442",50.00,68.00,93.00,120.90,"2022-12-20","127589854","PO",4,,,,"",,"NA0442A0",30029,3002,"2022-12-20","2023-01-20","USD",93.00,90,"3XS:10|2XS:20|XS:20|S:10|M:10|L:10|XL:10"
250443,"2022-09-15 08:39:53.45","#NA0443",50.00,68.00,93.00,120.90,"2022-12-20","127589854","PO",4,,,,"",,"NA0443A1",30045,5002,"2022-12-20","2023-01-20","USD",93.00,90,"3XS:10|2XS:20|XS:20|S:10|M:10|L:10|XL:10"
250444,"2022-09-15 08:39:53.45","#NA0444",50.00,68.00,93.00,120.90,"2022-12-20","127589854","PO",4,,,,"",,"NA0444A0",30029,6002,"2022-12-20","2023-01-20","USD",93.00,90,"3XS:10|2XS:20|XS:20|S:10|M:10|L:10|XL:10"
250445,"2022-09-15 08:39:53.45","#NA0445",50.00,68.00,93.00,120.90,"2022-12-20","127589854","PO",4,,,,"",,"NA0445A1",30045,8002,"2022-12-20","2023-01-20","USD",93.00,90,"3XS:10|2XS:20|XS:20|S:10|M:10|L:10|XL:10"
250446,"2022-09-15 08:39:53.45","#NA0446",50.00,68.00,93.00,120.90,"2022-12-20","127589925","PO",4,,,,"",,"NA0446A1",30045,1002,"2022-12-20","2023-01-20","USD",93.00,90,"3XS:10|2XS:20|XS:20|S:10|M:10|L:10|XL:10"
250447,"2022-09-15 08:39:53.45","#NA0447",50.00,68.00,93.00,120.90,"2022-12-20","127589925","PO",4,,,,"",,"NA0447A0",30029,3002,"2022-12-20","2023-01-20","USD",93.00,90,"3XS:10|2XS:20|XS:20|S:10|M:10|L:10|XL:10"
250448,"2022-09-15 08:39:53.45","#NA0448",50.00,68.00,93.00,120.90,"2022-12-20","127589925","PO",4,,,,"",,"NA0448A1",30045,5002,"2022-12-20","2023-01-20","USD",93.00,90,"3XS:10|2XS:20|XS:20|S:10|M:10|L:10|XL:10"
250449,"2022-09-15 08:39:53.45","#NA0449",50.00,68.00,93.00,120.90,"2022-12-20","127589925","PO",4,,,,"",,"NA0449A0",30029,6002,"2022-12-20","2023-01-20","USD",93.00,90,"3XS:10|2XS:20|XS:20|S:10|M:10|L:10|XL:10"
250450,"2022-09-15 08:39:53.45","#NA0450",50.00,68.00,93.00,120.90,"2022-12-20","127589925","PO",4,,,,"",,"NA0450A1",30045,8002,"2022-12-20","2023-01-20","USD",93.00,90,"3XS:10|2XS:20|XS:20|S:10|M:10|L:10|XL:10"
250451,"2022-09-15 08:39:53.45","#NA0451",50.00,68.00,93.00,120.90,"2022-12-20","127589413","PO",4,,,,"",,"NA0451A1",30045,1002,"2022-12-20","2023-01-20","USD",93.00,90,"3XS:10|2XS:20|XS:20|S:10|M:10|L:10|XL:10"
250452,"2022-09-15 08:39:53.45","#NA0452",50.00,68.00,93.00,120.90,"2022-12-20","127589413","PO",4,,,,"",,"NA0452A0",30029,3002,"2022-12-20","2023-01-20","USD",93.00,90,"3XS:10|2XS:20|XS:20|S:10|M:10|L:10|XL:10"
250453,"2022-09-15 08:39:53.45","#NA0453",50.00,68.00,93.00,120.90,"2022-12-20","127589413","PO",4,,,,"",,"NA0453A1",30045,5002,"2022-12-20","2023-01-20","USD",93.00,90,"3XS:10|2XS:20|XS:20|S:10|M:10|L:10|XL:10"
250454,"2022-09-15 08:39:53.45","#NA0454",50.00,68.00,93.00,120.90,"2022-12-20","127589413","PO",4,,,,"",,"NA0454A0",30029,6002,"2022-12-20","2023-01-20","USD",93.00,90,"3XS:10|2XS:20|XS:20|S:10|M:10|L:10|XL:10"
250455,"2022-09-15 08:39:53.45","#NA0455",50.00,68.00,93.00,120.90,"2022-12-20","127589413","PO",4,,,,"",,"NA0455A1",30045,8002,"2022-12-20","2023-01-20","USD",93.00,90,"3XS:10|2XS:20|XS:20|S:10|M:10|L:10|XL:10"
250456,"2022-09-15 08:39:53.45","#NA0456",50.00,68.00,93.00,120.90,"2022-12-20","127588515","PO",4,,,,"",,"NA0456A1",30045,1002,"2022-12-20","2023-01-20","USD",93.00,90,"3XS:10|2XS:20|XS:20|S:10|M:10|L:10|XL:10"
250457,"2022-09-15 08:39:53.45","#NA0457",50.00,68.00,93.00,120.90,"2022-12-20","127588515","PO",4,,,,"",,"NA0457A0",30029,3002,"2022-12-20","2023-01-20","USD",93.00,90,"3XS:10|2XS:20|XS:20|S:10|M:10|L:10|XL:10"
250458,"2022-09-15 08:39:53.45","#NA0458",50.00,68.00,93.00,120.90,"2022-12-20","127588515","PO",4,,,,"",,"NA0458A1",30045,5002,"2022-12-20","2023-01-20","USD",93.00,90,"3XS:10|2XS:20|XS:20|S:10|M:10|L:10|XL:10"
250459,"2022-09-15 08:39:53.45","#NA0459",50.00,68.00,93.00,120.90,"2022-12-20","127588515","PO",4,,,,"",,"NA0459A0",30029,6002,"2022-12-20","2023-01-20","USD",93.00,90,"3XS:10|2XS:20|XS:20|S:10|M:10|L:10|XL:10"
250460,"2022-09-15 08:39:53.45","#NA0460",50.00,68.00,93.00,120.90,"2022-12-20","127588515","PO",4,,,,"",,"NA0460A1",30045,8002,"2022-12-20","2023-01-20","USD",93.00,90,"3XS:10|2XS:20|XS:20|S:10|M:10|L:10|XL:10"
250461,"2022-09-15 08:39:53.45","#NA0461",50.00,68.00,93.00,120.90,"2022-12-20","127588523","PO",4,,,,"",,"NA0461A1",30045,1002,"2022-12-20","2023-01-20","USD",93.00,90,"3XS:10|2XS:20|XS:20|S:10|M:10|L:10|XL:10"
250462,"2022-09-15 08:39:53.45","#NA0462",50.00,68.00,93.00,120.90,"2022-12-20","127588523","PO",4,,,,"",,"NA0462A0",30029,3002,"2022-12-20","2023-01-20","USD",93.00,90,"3XS:10|2XS:20|XS:20|S:10|M:10|L:10|XL:10"
250463,"2022-09-15 08:39:53.45","#NA0463",50.00,68.00,93.00,120.90,"2022-12-20","127588523","PO",4,,,,"",,"NA0463A1",30045,5002,"2022-12-20","2023-01-20","USD",93.00,90,"3XS:10|2XS:20|XS:20|S:10|M:10|L:10|XL:10"
250464,"2022-09-15 08:39:53.45","#NA0464",50.00,68.00,93.00,120.90,"2022-12-20","127588523","PO",4,,,,"",,"NA0464A0",30029,6002,"2022-12-20","2023-01-20","USD",93.00,90,"3XS:10|2XS:20|XS:20|S:10|M:10|L:10|XL:10"
250465,"2022-09-15 08:39:53.45","#NA0465",50.00,68.00,93.00,120.90,"2022-12-20","127588523","PO",4,,,,"",,"NA0465A1",30045,8002,"2022-12-20","2023-01-20","USD",93.00,90,"3XS:10|2XS:20|XS:20|S:10|M:10|L:10|XL:10"
250466,"2022-09-15 08:39:53.45","#NA0466",50.00,68.00,93.00,120.90,"2022-12-20","127588739","PO",4,,,,"",,"NA0466A1",30045,1002,"2022-12-20","2023-01-20","USD",93.00,90,"3XS:10|2XS:20|XS:20|S:10|M:10|L:10|XL:10"
250467,"2022-09-15 08:39:53.45","#NA0467",50.00,68.00,93.00,120.90,"2022-12-20","127588739","PO",4,,,,"",,"NA0467A0",30029,3002,"2022-12-20","2023-01-20","USD",93.00,90,"3XS:10|2XS:20|XS:20|S:10|M:10|L:10|XL:10"
250468,"2022-09-15 08:39:53.45","#NA0468",50.00,68.00,93.00,120.90,"2022-12-20","127588739","PO",4,,,,"",,"NA0468A1",30045,5002,"2022-12-20","2023-01-20","USD",93.00,90,"3XS:10|2XS:20|XS:20|S:10|M:10|L:10|XL:10"
250469,"2022-09-15 08:39:53.45","#NA0469",50.00,68.00,93.00,120.90,"2022-12-20","127588739","PO",4,,,,"",,"NA0469A0",30029,6002,"2022-12-20","2023-01-20","USD",93.00,90,"3XS:10|2XS:20|XS:20|S:10|M:10|L:10|XL:10"
250470,"2022-09-15 08:39:53.45","#NA0470",50.00,68.00,93.00,120.90,"2022-12-20","127588739","PO",4,,,,"",,"NA0470A1",30045,8002,"2022-12-20","2023-01-20","USD",93.00,90,"3XS:10|2XS:20|XS:20|S:10|M:10|L:10|XL:10"
250471,"2022-09-15 08:39:53.45","#NA0471",50.00,68.00,93.00,120.90,"2022-12-20","127588747","PO",4,,,,"",,"NA0471A1",30045,1002,"2022-12-20","2023-01-20","USD",93.00,90,"3XS:10|2XS:20|XS:20|S:10|M:10|L:10|XL:10"
250472,"2022-09-15 08:39:53.45","#NA0472",50.00,68.00,93.00,120.90,"2022-12-20","127588747","PO",4,,,,"",,"NA0472A0",30029,3002,"2022-12-20","2023-01-20","USD",93.00,90,"3XS:10|2XS:20|XS:20|S:10|M:10|L:10|XL:10"
250473,"2022-09-15 08:39:53.45","#NA0473",50.00,68.00,93.00,120.90,"2022-12-20","127588747","PO",4,,,,"",,"NA0473A1",30045,5002,"2022-12-20","2023-01-20","USD",93.00,90,"3XS:10|2XS:20|XS:20|S:10|M:10|L:10|XL:10"
250474,"2022-09-15 08:39:53.45","#NA0474",50.00,68.00,93.00,120.90,"2022-12-20","127588747","PO",4,,,,"",,"NA0474A0",30029,6002,"2022-12-20","2023-01-20","USD",93.00,90,"3XS:10|2XS:20|XS:20|S:10|M:10|L:10|XL:10"
250475,"2022-09-15 08:39:53.45","#NA0475",50.00,68.00,93.00,120.90,"2022-12-20","127588747","PO",4,,,,"",,"NA0475A1",30045,8002,"2022-12-20","2023-01-20","USD",93.00,90,"3XS:10|2XS:20|XS:20|S:10|M:10|L:10|XL:10"
250476,"2022-09-15 08:39:53.45","#NA0476",50.00,68.00,93.00,120.90,"2022-12-20","127589251","PO",4,,,,"",,"NA0476A1",30045,1002,"2022-12-20","2023-01-20","USD",93.00,90,"3XS:10|2XS:20|XS:20|S:10|M:10|L:10|XL:10"
250477,"2022-09-15 08:39:53.45","#NA0477",50.00,68.00,93.00,120.90,"2022-12-20","127589251","PO",4,,,,"",,"NA0477A0",30029,3002,"2022-12-20","2023-01-20","USD",93.00,90,"3XS:10|2XS:20|XS:20|S:10|M:10|L:10|XL:10"
250478,"2022-09-15 08:39:53.45","#NA0478",50.00,68.00,93.00,120.90,"2022-12-20","127589251","PO",4,,,,"",,"NA0478A1",30045,5002,"2022-12-20","2023-01-20","USD",93.00,90,"3XS:10|2XS:20|XS:20|S:10|M:10|L:10|XL:10"
250479,"2022-09-15 08:39:53.45","#NA0479",50.00,68.00,93.00,120.90,"2022-12-20","127589251","PO",4,,,,"",,"NA0479A0",30029,6002,"2022-12-20","2023-01-20","USD",93.00,90,"3XS:10|2XS:20|XS:20|S:10|M:10|L:10|XL:10"
250480,"2022-09-15 08:39:53.45","#NA0480",50.00,68.00,93.00,120.90,"2022-12-20","127589251","PO",4,,,,"",,"NA0480A1",30045,8002,"2022-12-20","2023-01-20","USD",93.00,90,"3XS:10|2XS:20|XS:20|S:10|M:10|L:10|XL:10"
250481,"2022-09-15 08:39:53.45","#NA0481",50.00,68.00,93.00,120.90,"2022-12-20","127589493","PO",4,,,,"",,"NA0481A1",30045,1002,"2022-12-20","2023-01-20","USD",93.00,90,"3XS:10|2XS:20|XS:20|S:10|M:10|L:10|XL:10"
250482,"2022-09-15 08:39:53.45","#NA0482",50.00,68.00,93.00,120.90,"2022-12-20","127589493","PO",4,,,,"",,"NA0482A0",30029,3002,"2022-12-20","2023-01-20","USD",93.00,90,"3XS:10|2XS:20|XS:20|S:10|M:10|L:10|XL:10"
250483,"2022-09-15 08:39:53.45","#NA0483",50.00,68.00,93.00,120.90,"2022-12-20","127589493","PO",4,,,,"",,"NA0483A1",30045,5002,"2022-12-20","2023-01-20","USD",93.00,90,"3XS:10|2XS:20|XS:20|S:10|M:10|L:10|XL:10"
250484,"2022-09-15 08:39:53.45","#NA0484",50.00,68.00,93.00,120.90,"2022-12-20","127589493","PO",4,,,,"",,"NA0484A0",30029,6002,"2022-12-20","2023-01-20","USD",93.00,90,"3XS:10|2XS:20|XS:20|S:10|M:10|L:10|XL:10"
250485,"2022-09-15 08:39:53.45","#NA0485",50.00,68.00,93.00,120.90,"2022-12-20","127589493","PO",4,,,,"",,"NA0485A1",30045,8002,"2022-12-20","2023-01-20","USD",93.00,90,"3XS:10|2XS:20|XS:20|S:10|M:10|L:10|XL:10"
250486,"2022-09-15 08:39:53.45","#NA0486",50.00,68.00,93.00,120.90,"2022-12-20","127589572","PO",4,,,,"",,"NA0486A1",30045,1002,"2022-12-20","2023-01-20","USD",93.00,90,"3XS:10|2XS:20|XS:20|S:10|M:10|L:10|XL:10"
250487,"2022-09-15 08:39:53.45","#NA0487",50.00,68.00,93.00,120.90,"2022-12-20","127589572","PO",4,,,,"",,"NA0487A0",30029,3002,"2022-12-20","2023-01-20","USD",93.00,90,"3XS:10|2XS:20|XS:20|S:10|M:10|L:10|XL:10"
250488,"2022-09-15 08:39:53.45","#NA0488",50.00,68.00,93.00,120.90,"2022-12-20","127589572","PO",4,,,,"",,"NA0488A1",30045,5002,"2022-12-20","2023-01-20","USD",93.00,90,"3XS:10|2XS:20|XS:20|S:10|M:10|L:10|XL:10"
250489,"2022-09-15 08:39:53.45","#NA0489",50.00,68.00,93.00,120.90,"2022-12-20","127589572","PO",4,,,,"",,"NA0489A0",30029,6002,"2022-12-20","2023-01-20","USD",93.00,90,"3XS:10|2XS:20|XS:20|S:10|M:10|L:10|XL:10"
250490,"2022-09-15 08:39:53.45","#NA0490",50.00,68.00,93.00,120.90,"2022-12-20","127589572","PO",4,,,,"",,"NA0490A1",30045,8002,"2022-12-20","2023-01-20","USD",93.00,90,"3XS:10|2XS:20|XS:20|S:10|M:10|L:10|XL:10"
250491,"2022-09-15 08:39:53.45","#NA0491",50.00,68.00,93.00,120.90,"2022-12-20","127588371","PO",4,,,,"",,"NA0491A1",30045,1002,"2022-12-20","2023-01-20","USD",93.00,90,"3XS:10|2XS:20|XS:20|S:10|M:10|L:10|XL:10"
250492,"2022-09-15 08:39:53.45","#NA0492",50.00,68.00,93.00,120.90,"2022-12-20","127588371","PO",4,,,,"",,"NA0492A0",30029,3002,"2022-12-20","2023-01-20","USD",93.00,90,"3XS:10|2XS:20|XS:20|S:10|M:10|L:10|XL:10"
250493,"2022-09-15 08:39:53.45","#NA0493",50.00,68.00,93.00,120.90,"2022-12-20","127588371","PO",4,,,,"",,"NA0493A1",30045,5002,"2022-12-20","2023-01-20","USD",93.00,90,"3XS:10|2XS:20|XS:20|S:10|M:10|L:10|XL:10"
250494,"2022-09-15 08:39:53.45","#NA0494",50.00,68.00,93.00,120.90,"2022-12-20","127588371","PO",4,,,,"",,"NA0494A0",30029,6002,"2022-12-20","2023-01-20","USD",93.00,90,"3XS:10|2XS:20|XS:20|S:10|M:10|L:10|XL:10"
250495,"2022-09-15 08:39:53.45","#NA0495",50.00,68.00,93.00,120.90,"2022-12-20","127588371","PO",4,,,,"",,"NA0495A1",30045,8002,"2022-12-20","2023-01-20","USD",93.00,90,"3XS:10|2XS:20|XS:20|S:10|M:10|L:10|XL:10"
250496,"2022-09-15 08:39:53.45","#NA0496",50.00,68.00,93.00,120.90,"2022-12-20","127588379","PO",4,,,,"",,"NA0496A1",30045,1002,"2022-12-20","2023-01-20","USD",93.00,90,"3XS:10|2XS:20|XS:20|S:10|M:10|L:10|XL:10"
250497,"2022-09-15 08:39:53.45","#NA0497",50.00,68.00,93.00,120.90,"2022-12-20","127588379","PO",4,,,,"",,"NA0497A0",30029,3002,"2022-12-20","2023-01-20","USD",93.00,90,"3XS:10|2XS:20|XS:20|S:10|M:10|L:10|XL:10"
250498,"2022-09-15 08:39:53.45","#NA0498",50.00,68.00,93.00,120.90,"2022-12-20","127588379","PO",4,,,,"",,"NA0498A1",30045,5002,"2022-12-20","2023-01-20","USD",93.00,90,"3XS:10|2XS:20|XS:20|S:10|M:10|L:10|XL:10"
250499,"2022-09-15 08:39:53.45","#NA0499",50.00,68.00,93.00,120.90,"2022-12-20","127588379","PO",4,,,,"",,"NA0499A0",30029,6002,"2022-12-20","2023-01-20","USD",93.00,90,"3XS:10|2XS:20|XS:20|S:10|M:10|L:10|XL:10"
250500,"2022-09-15 08:39:53.45","#NA0500",50.00,68.00,93.00,120.90,"2022-12-20","127588379","PO",4,,,,"",,"NA0500A1",30045,8002,"2022-12-20","2023-01-20","USD",93.00,90,"3XS:10|2XS:20|XS:20|S:10|M:10|L:10|XL:10"
250501,"2022-09-15 08:39:53.45","#NA0501",50.00,68.00,93.00,120.90,"2022-12-20","127588531","PO",4,,,,"",,"NA0501A1",30045,1002,"2022-12-20","2023-01-20","USD",93.00,90,"3XS:10|2XS:20|XS:20|S:10|M:10|L:10|XL:10"
250502,"2022-09-15 08:39:53.45","#NA0502",50.00,68.00,93.00,120.90,"2022-12-20","127588531","PO",4,,,,"",,"NA0502A0",30029,3002,"2022-12-20","2023-01-20","USD",93.00,90,"3XS:10|2XS:20|XS:20|S:10|M:10|L:10|XL:10"
250503,"2022-09-15 08:39:53.45","#NA0503",50.00,68.00,93.00,120.90,"2022-12-20","127588531","PO",4,,,,"",,"NA0503A1",30045,5002,"2022-12-20","2023-01-20","USD",93.00,90,"3XS:10|2XS:20|XS:20|S:10|M:10|L:10|XL:10"
250504,"2022-09-15 08:39:53.45","#NA0504",50.00,68.00,93.00,120.90,"2022-12-20","127588531","PO",4,,,,"",,"NA0504A0",30029,6002,"2022-12-20","2023-01-20","USD",93.00,90,"3XS:10|2XS:20|XS:20|S:10|M:10|L:10|XL:10"
250505,"2022-09-15 08:39:53.45","#NA0505",50.00,68.00,93.00,120.90,"2022-12-20","127588531","PO",4,,,,"",,"NA0505A1",30045,8002,"2022-12-20","2023-01-20","USD",93.00,90,"3XS:10|2XS:20|XS:20|S:10|M:10|L:10|XL:10"
250506,"2022-09-15 08:39:53.45","#NA0506",50.00,68.00,93.00,120.90,"2022-12-20","127588539","PO",4,,,,"",,"NA0506A1",30045,1002,"2022-12-20","2023-01-20","USD",93.00,90,"3XS:10|2XS:20|XS:20|S:10|M:10|L:10|XL:10"
250507,"2022-09-15 08:39:53.45","#NA0507",50.00,68.00,93.00,120.90,"2022-12-20","127588539","PO",4,,,,"",,"NA0507A0",30029,3002,"2022-12-20","2023-01-20","USD",93.00,90,"3XS:10|2XS:20|XS:20|S:10|M:10|L:10|XL:10"
250508,"2022-09-15 08:39:53.45","#NA0508",50.00,68.00,93.00,120.90,"2022-12-20","127588539","PO",4,,,,"",,"NA0508A1",30045,5002,"2022-12-20","2023-01-20","USD",93.00,90,"3XS:10|2XS:20|XS:20|S:10|M:10|L:10|XL:10"
250509,"2022-09-15 08:39:53.45","#NA0509",50.00,68.00,93.00,120.90,"2022-12-20","127588539","PO",4,,,,"",,"NA0509A0",30029,6002,"2022-12-20","2023-01-20","USD",93.00,90,"3XS:10|2XS:20|XS:20|S:10|M:10|L:10|XL:10"
250510,"2022-09-15 08:39:53.45","#NA0510",50.00,68.00,93.00,120.90,"2022-12-20","127588539","PO",4,,,,"",,"NA0510A1",30045,8002,"2022-12-20","2023-01-20","USD",93.00,90,"3XS:10|2XS:20|XS:20|S:10|M:10|L:10|XL:10"
250511,"2022-09-15 08:39:53.45","#NA0511",50.00,68.00,93.00,120.90,"2022-12-20","127588755","PO",4,,,,"",,"NA0511A1",30045,1002,"2022-12-20","2023-01-20","USD",93.00,90,"3XS:10|2XS:20|XS:20|S:10|M:10|L:10|XL:10"
250512,"2022-09-15 08:39:53.45","#NA0512",50.00,68.00,93.00,120.90,"2022-12-20","127588755","PO",4,,,,"",,"NA0512A0",30029,3002,"2022-12-20","2023-01-20","USD",93.00,90,"3XS:10|2XS:20|XS:20|S:10|M:10|L:10|XL:10"
250513,"2022-09-15 08:39:53.45","#NA0513",50.00,68.00,93.00,120.90,"2022-12-20","127588755","PO",4,,,,"",,"NA0513A1",30045,5002,"2022-12-20","2023-01-20","USD",93.00,90,"3XS:10|2XS:20|XS:20|S:10|M:10|L:10|XL:10"
250514,"2022-09-15 08:39:53.45","#NA0514",50.00,68.00,93.00,120.90,"2022-12-20","127588755","PO",4,,,,"",,"NA0514A0",30029,6002,"2022-12-20","2023-01-20","USD",93.00,90,"3XS:10|2XS:20|XS:20|S:10|M:10|L:10|XL:10"
250515,"2022-09-15 08:39:53.45","#NA0515",50.00,68.00,93.00,120.90,"2022-12-20","127588755","PO",4,,,,"",,"NA0515A1",30045,8002,"2022-12-20","2023-01-20","USD",93.00,90,"3XS:10|2XS:20|XS:20|S:10|M:10|L:10|XL:10"
250516,"2022-09-15 08:39:53.45","#NA0516",50.00,68.00,93.00,120.90,"2022-12-20","127589334","PO",4,,,,"",,"NA0516A1",30045,1002,"2022-12-20","2023-01-20","USD",93.00,90,"3XS:10|2XS:20|XS:20|S:10|M:10|L:10|XL:10"
250517,"2022-09-15 08:39:53.45","#NA0517",50.00,68.00,93.00,120.90,"2022-12-20","127589334","PO",4,,,,"",,"NA0517A0",30029,3002,"2022-12-20","2023-01-20","USD",93.00,90,"3XS:10|2XS:20|XS:20|S:10|M:10|L:10|XL:10"
250518,"2022-09-15 08:39:53.45","#NA0518",50.00,68.00,93.00,120.90,"2022-12-20","127589334","PO",4,,,,"",,"NA0518A1",30045,5002,"2022-12-20","2023-01-20","USD",93.00,90,"3XS:10|2XS:20|XS:20|S:10|M:10|L:10|XL:10"
250519,"2022-09-15 08:39:53.45","#NA0519",50.00,68.00,93.00,120.90,"2022-12-20","127589334","PO",4,,,,"",,"NA0519A0",30029,6002,"2022-12-20","2023-01-20","USD",93.00,90,"3XS:10|2XS:20|XS:20|S:10|M:10|L:10|XL:10"
250520,"2022-09-15 08:39:53.45","#NA0520",50.00,68.00,93.00,120.90,"2022-12-20","127589334","PO",4,,,,"",,"NA0520A1",30045,8002,"2022-12-20","2023-01-20","USD",93.00,90,"3XS:10|2XS:20|XS:20|S:10|M:10|L:10|XL:10"
250521,"2022-09-15 08:39:53.45","#NA0521",50.00,68.00,93.00,120.90,"2022-12-20","127589412","PO",4,,,,"",,"NA0521A1",30045,1002,"2022-12-20","2023-01-20","USD",93.00,90,"3XS:10|2XS:20|XS:20|S:10|M:10|L:10|XL:10"
250522,"2022-09-15 08:39:53.45","#NA0522",50.00,68.00,93.00,120.90,"2022-12-20","127589412","PO",4,,,,"",,"NA0522A0",30029,3002,"2022-12-20","2023-01-20","USD",93.00,90,"3XS:10|2XS:20|XS:20|S:10|M:10|L:10|XL:10"
250523,"2022-09-15 08:39:53.45","#NA0523",50.00,68.00,93.00,120.90,"2022-12-20","127589412","PO",4,,,,"",,"NA0523A1",30045,5002,"2022-12-20","2023-01-20","USD",93.00,90,"3XS:10|2XS:20|XS:20|S:10|M:10|L:10|XL:10"
250524,"2022-09-15 08:39:53.45","#NA0524",50.00,68.00,93.00,120.90,"2022-12-20","127589412","PO",4,,,,"",,"NA0524A0",30029,6002,"2022-12-20","2023-01-20","USD",93.00,90,"3XS:10|2XS:20|XS:20|S:10|M:10|L:10|XL:10"
250525,"2022-09-15 08:39:53.45","#NA0525",50.00,68.00,93.00,120.90,"2022-12-20","127589412","PO",4,,,,"",,"NA0525A1",30045,8002,"2022-12-20","2023-01-20","USD",93.00,90,"3XS:10|2XS:20|XS:20|S:10|M:10|L:10|XL:10"
250526,"2022-09-15 08:39:53.45","#NA0526",50.00,68.00,93.00,120.90,"2022-12-20","127589651","PO",4,,,,"",,"NA0526A1",30045,1002,"2022-12-20","2023-01-20","USD",93.00,90,"3XS:10|2XS:20|XS:20|S:10|M:10|L:10|XL:10"
250527,"2022-09-15 08:39:53.45","#NA0527",50.00,68.00,93.00,120.90,"2022-12-20","127589651","PO",4,,,,"",,"NA0527A0",30029,3002,"2022-12-20","2023-01-20","USD",93.00,90,"3XS:10|2XS:20|XS:20|S:10|M:10|L:10|XL:10"
250528,"2022-09-15 08:39:53.45","#NA0528",50.00,68.00,93.00,120.90,"2022-12-20","127589651","PO",4,,,,"",,"NA0528A1",30045,5002,"2022-12-20","2023-01-20","USD",93.00,90,"3XS:10|2XS:20|XS:20|S:10|M:10|L:10|XL:10"
250529,"2022-09-15 08:39:53.45","#NA0529",50.00,68.00,93.00,120.90,"2022-12-20","127589651","PO",4,,,,"",,"NA0529A0",30029,6002,"2022-12-20","2023-01-20","USD",93.00,90,"3XS:10|2XS:20|XS:20|S:10|M:10|L:10|XL:10"
250530,"2022-09-15 08:39:53.45","#NA0530",50.00,68.00,93.00,120.90,"2022-12-20","127589651","PO",4,,,,"",,"NA0530A1",30045,8002,"2022-12-20","2023-01-20","USD",93.00,90,"3XS:10|2XS:20|XS:20|S:10|M:10|L:10|XL:10"
250531,"2022-09-15 08:39:53.45","#NA0531",50.00,68.00,93.00,120.90,"2022-12-20","127589735","PO",4,,,,"",,"NA0531A1",30045,1002,"2022-12-20","2023-01-20","USD",93.00,90,"3XS:10|2XS:20|XS:20|S:10|M:10|L:10|XL:10"
250532,"2022-09-15 08:39:53.45","#NA0532",50.00,68.00,93.00,120.90,"2022-12-20","127589735","PO",4,,,,"",,"NA0532A0",30029,3002,"2022-12-20","2023-01-20","USD",93.00,90,"3XS:10|2XS:20|XS:20|S:10|M:10|L:10|XL:10"
250533,"2022-09-15 08:39:53.45","#NA0533",50.00,68.00,93.00,120.90,"2022-12-20","127589735","PO",4,,,,"",,"NA0533A1",30045,5002,"2022-12-20","2023-01-20","USD",93.00,90,"3XS:10|2XS:20|XS:20|S:10|M:10|L:10|XL:10"
250534,"2022-09-15 08:39:53.45","#NA0534",50.00,68.00,93.00,120.90,"2022-12-20","127589735","PO",4,,,,"",,"NA0534A0",30029,6002,"2022-12-20","2023-01-20","USD",93.00,90,"3XS:10|2XS:20|XS:20|S:10|M:10|L:10|XL:10"
250535,"2022-09-15 08:39:53.45","#NA0535",50.00,68.00,93.00,120.90,"2022-12-20","127589735","PO",4,,,,"",,"NA0535A1",30045,8002,"2022-12-20","2023-01-20","USD",93.00,90,"3XS:10|2XS:20|XS:20|S:10|M:10|L:10|XL:10"
250536,"2022-09-15 08:39:53.45","#NA0536",50.00,68.00,93.00,120.90,"2022-12-20","127588547","PO",4,,,,"",,"NA0536A1",30045,1002,"2022-12-20","2023-01-20","USD",93.00,90,"3XS:10|2XS:20|XS:20|S:10|M:10|L:10|XL:10"
250537,"2022-09-15 08:39:53.45","#NA0537",50.00,68.00,93.00,120.90,"2022-12-20","127588547","PO",4,,,,"",,"NA0537A0",30029,3002,"2022-12-20","2023-01-20","USD",93.00,90,"3XS:10|2XS:20|XS:20|S:10|M:10|L:10|XL:10"
250538,"2022-09-15 08:39:53.45","#NA0538",50.00,68.00,93.00,120.90,"2022-12-20","127588547","PO",4,,,,"",,"NA0538A1",30045,5002,"2022-12-20","2023-01-20","USD",93.00,90,"3XS:10|2XS:20|XS:20|S:10|M:10|L:10|XL:10"
250539,"2022-09-15 08:39:53.45","#NA0539",50.00,68.00,93.00,120.90,"2022-12-20","127588547","PO",4,,,,"",,"NA0539A0",30029,6002,"2022-12-20","2023-01-20","USD",93.00,90,"3XS:10|2XS:20|XS:20|S:10|M:10|L:10|XL:10"
250540,"2022-09-15 08:39:53.45","#NA0540",50.00,68.00,93.00,120.90,"2022-12-20","127588547","PO",4,,,,"",,"NA0540A1",30045,8002,"2022-12-20","2023-01-20","USD",93.00,90,"3XS:10|2XS:20|XS:20|S:10|M:10|L:10|XL:10"
250541,"2022-09-15 08:39:53.45","#NA0541",50.00,68.00,93.00,120.90,"2022-12-20","127588763","PO",4,,,,"",,"NA0541A1",30045,1002,"2022-12-20","2023-01-20","USD",93.00,90,"3XS:10|2XS:20|XS:20|S:10|M:10|L:10|XL:10"
250542,"2022-09-15 08:39:53.45","#NA0542",50.00,68.00,93.00,120.90,"2022-12-20","127588763","PO",4,,,,"",,"NA0542A0",30029,3002,"2022-12-20","2023-01-20","USD",93.00,90,"3XS:10|2XS:20|XS:20|S:10|M:10|L:10|XL:10"
250543,"2022-09-15 08:39:53.45","#NA0543",50.00,68.00,93.00,120.90,"2022-12-20","127588763","PO",4,,,,"",,"NA0543A1",30045,5002,"2022-12-20","2023-01-20","USD",93.00,90,"3XS:10|2XS:20|XS:20|S:10|M:10|L:10|XL:10"
250544,"2022-09-15 08:39:53.45","#NA0544",50.00,68.00,93.00,120.90,"2022-12-20","127588763","PO",4,,,,"",,"NA0544A0",30029,6002,"2022-12-20","2023-01-20","USD",93.00,90,"3XS:10|2XS:20|XS:20|S:10|M:10|L:10|XL:10"
250545,"2022-09-15 08:39:53.45","#NA0545",50.00,68.00,93.00,120.90,"2022-12-20","127588763","PO",4,,,,"",,"NA0545A1",30045,8002,"2022-12-20","2023-01-20","USD",93.00,90,"3XS:10|2XS:20|XS:20|S:10|M:10|L:10|XL:10"
250546,"2022-09-15 08:39:53.45","#NA0546",50.00,68.00,93.00,120.90,"2022-12-20","127588771","PO",4,,,,"",,"NA0546A1",30045,1002,"2022-12-20","2023-01-20","USD",93.00,90,"3XS:10|2XS:20|XS:20|S:10|M:10|L:10|XL:10"
250547,"2022-09-15 08:39:53.45","#NA0547",50.00,68.00,93.00,120.90,"2022-12-20","127588771","PO",4,,,,"",,"NA0547A0",30029,3002,"2022-12-20","2023-01-20","USD",93.00,90,"3XS:10|2XS:20|XS:20|S:10|M:10|L:10|XL:10"
250548,"2022-09-15 08:39:53.45","#NA0548",50.00,68.00,93.00,120.90,"2022-12-20","127588771","PO",4,,,,"",,"NA0548A1",30045,5002,"2022-12-20","2023-01-20","USD",93.00,90,"3XS:10|2XS:20|XS:20|S:10|M:10|L:10|XL:10"
250549,"2022-09-15 08:39:53.45","#NA0549",50.00,68.00,93.00,120.90,"2022-12-20","127588771","PO",4,,,,"",,"NA0549A0",30029,6002,"2022-12-20","2023-01-20","USD",93.00,90,"3XS:10|2XS:20|XS:20|S:10|M:10|L:10|XL:10"
250550,"2022-09-15 08:39:53.45","#NA0550",50.00,68.00,93.00,120.90,"2022-12-20","127588771","PO",4,,,,"",,"NA0550A1",30045,8002,"2022-12-20","2023-01-20","USD",93.00,90,"3XS:10|2XS:20|XS:20|S:10|M:10|L:10|XL:10"
250551,"2022-09-15 08:39:53.45","#NA0551",50.00,68.00,93.00,120.90,"2022-12-20","127589491","PO",4,,,,"",,"NA0551A1",30045,1002,"2022-12-20","2023-01-20","USD",93.00,90,"3XS:10|2XS:20|XS:20|S:10|M:10|L:10|XL:10"
250552,"2022-09-15 08:39:53.45","#NA0552",50.00,68.00,93.00,120.90,"2022-12-20","127589491","PO",4,,,,"",,"NA0552A0",30029,3002,"2022-12-20","2023-01-20","USD",93.00,90,"3XS:10|2XS:20|XS:20|S:10|M:10|L:10|XL:10"
250553,"2022-09-15 08:39:53.45","#NA0553",50.00,68.00,93.00,120.90,"2022-12-20","127589491","PO",4,,,,"",,"NA0553A1",30045,5002,"2022-12-20","2023-01-20","USD",93.00,90,"3XS:10|2XS:20|XS:20|S:10|M:10|L:10|XL:10"
250554,"2022-09-15 08:39:53.45","#NA0554",50.00,68.00,93.00,120.90,"2022-12-20","127589491","PO",4,,,,"",,"NA0554A0",30029,6002,"2022-12-20","2023-01-20","USD",93.00,90,"3XS:10|2XS:20|XS:20|S:10|M:10|L:10|XL:10"
250555,"2022-09-15 08:39:53.45","#NA0555",50.00,68.00,93.00,120.90,"2022-12-20","127589491","PO",4,,,,"",,"NA0555A1",30045,8002,"2022-12-20","2023-01-20","USD",93.00,90,"3XS:10|2XS:20|XS:20|S:10|M:10|L:10|XL:10"
250556,"2022-09-15 08:39:53.45","#NA0556",50.00,68.00,93.00,120.90,"2022-12-20","127589574","PO",4,,,,"",,"NA0556A1",30045,1002,"2022-12-20","2023-01-20","USD",93.00,90,"3XS:10|2XS:20|XS:20|S:10|M:10|L:10|XL:10"
250557,"2022-09-15 08:39:53.45","#NA0557",50.00,68.00,93.00,120.90,"2022-12-20","127589574","PO",4,,,,"",,"NA0557A0",30029,3002,"2022-12-20","2023-01-20","USD",93.00,90,"3XS:10|2XS:20|XS:20|S:10|M:10|L:10|XL:10"
250558,"2022-09-15 08:39:53.45","#NA0558",50.00,68.00,93.00,120.90,"2022-12-20","127589574","PO",4,,,,"",,"NA0558A1",30045,5002,"2022-12-20","2023-01-20","USD",93.00,90,"3XS:10|2XS:20|XS:20|S:10|M:10|L:10|XL:10"
250559,"2022-09-15 08:39:53.45","#NA0559",50.00,68.00,93.00,120.90,"2022-12-20","127589574","PO",4,,,,"",,"NA0559A0",30029,6002,"2022-12-20","2023-01-20","USD",93.00,90,"3XS:10|2XS:20|XS:20|S:10|M:10|L:10|XL:10"
250560,"2022-09-15 08:39:53.45","#NA0560",50.00,68.00,93.00,120.90,"2022-12-20","127589574","PO",4,,,,"",,"NA0560A1",30045,8002,"2022-12-20","2023-01-20","USD",93.00,90,"3XS:10|2XS:20|XS:20|S:10|M:10|L:10|XL:10"
250561,"2022-09-15 08:39:53.45","#NA0561",50.00,68.00,93.00,120.90,"2022-12-20","127588934","PO",4,,,,"",,"NA0561A1",30045,1002,"2022-12-20","2023-01-20","USD",93.00,90,"3XS:10|2XS:20|XS:20|S:10|M:10|L:10|XL:10"
250562,"2022-09-15 08:39:53.45","#NA0562",50.00,68.00,93.00,120.90,"2022-12-20","127588934","PO",4,,,,"",,"NA0562A0",30029,3002,"2022-12-20","2023-01-20","USD",93.00,90,"3XS:10|2XS:20|XS:20|S:10|M:10|L:10|XL:10"
250563,"2022-09-15 08:39:53.45","#NA0563",50.00,68.00,93.00,120.90,"2022-12-20","127588934","PO",4,,,,"",,"NA0563A1",30045,5002,"2022-12-20","2023-01-20","USD",93.00,90,"3XS:10|2XS:20|XS:20|S:10|M:10|L:10|XL:10"
250564,"2022-09-15 08:39:53.45","#NA0564",50.00,68.00,93.00,120.90,"2022-12-20","127588934","PO",4,,,,"",,"NA0564A0",30029,6002,"2022-12-20","2023-01-20","USD",93.00,90,"3XS:10|2XS:20|XS:20|S:10|M:10|L:10|XL:10"
250565,"2022-09-15 08:39:53.45","#NA0565",50.00,68.00,93.00,120.90,"2022-12-20","127588934","PO",4,,,,"",,"NA0565A1",30045,8002,"2022-12-20","2023-01-20","USD",93.00,90,"3XS:10|2XS:20|XS:20|S:10|M:10|L:10|XL:10"
250566,"2022-09-15 08:39:53.45","#NA0566",50.00,68.00,93.00,120.90,"2022-12-20","127589013","PO",4,,,,"",,"NA0566A1",30045,1002,"2022-12-20","2023-01-20","USD",93.00,90,"3XS:10|2XS:20|XS:20|S:10|M:10|L:10|XL:10"
250567,"2022-09-15 08:39:53.45","#NA0567",50.00,68.00,93.00,120.90,"2022-12-20","127589013","PO",4,,,,"",,"NA0567A0",30029,3002,"2022-12-20","2023-01-20","USD",93.00,90,"3XS:10|2XS:20|XS:20|S:10|M:10|L:10|XL:10"
250568,"2022-09-15 08:39:53.45","#NA0568",50.00,68.00,93.00,120.90,"2022-12-20","127589013","PO",4,,,,"",,"NA0568A1",30045,5002,"2022-12-20","2023-01-20","USD",93.00,90,"3XS:10|2XS:20|XS:20|S:10|M:10|L:10|XL:10"
250569,"2022-09-15 08:39:53.45","#NA0569",50.00,68.00,93.00,120.90,"2022-12-20","127589013","PO",4,,,,"",,"NA0569A0",30029,6002,"2022-12-20","2023-01-20","USD",93.00,90,"3XS:10|2XS:20|XS:20|S:10|M:10|L:10|XL:10"
250570,"2022-09-15 08:39:53.45","#NA0570",50.00,68.00,93.00,120.90,"2022-12-20","127589013","PO",4,,,,"",,"NA0570A1",30045,8002,"2022-12-20","2023-01-20","USD",93.00,90,"3XS:10|2XS:20|XS:20|S:10|M:10|L:10|XL:10"
250571,"2022-09-15 08:39:53.45","#NA0571",50.00,68.00,93.00,120.90,"2022-12-20","127589815","PO",4,,,,"",,"NA0571A1",30045,1002,"2022-12-20","2023-01-20","USD",93.00,90,"3XS:10|2XS:20|XS:20|S:10|M:10|L:10|XL:10"
250572,"2022-09-15 08:39:53.45","#NA0572",50.00,68.00,93.00,120.90,"2022-12-20","127589815","PO",4,,,,"",,"NA0572A0",30029,3002,"2022-12-20","2023-01-20","USD",93.00,90,"3XS:10|2XS:20|XS:20|S:10|M:10|L:10|XL:10"
250573,"2022-09-15 08:39:53.45","#NA0573",50.00,68.00,93.00,120.90,"2022-12-20","127589815","PO",4,,,,"",,"NA0573A1",30045,5002,"2022-12-20","2023-01-20","USD",93.00,90,"3XS:10|2XS:20|XS:20|S:10|M:10|L:10|XL:10"
250574,"2022-09-15 08:39:53.45","#NA0574",50.00,68.00,93.00,120.90,"2022-12-20","127589815","PO",4,,,,"",,"NA0574A0",30029,6002,"2022-12-20","2023-01-20","USD",93.00,90,"3XS:10|2XS:20|XS:20|S:10|M:10|L:10|XL:10"
250575,"2022-09-15 08:39:53.45","#NA0575",50.00,68.00,93.00,120.90,"2022-12-20","127589815","PO",4,,,,"",,"NA0575A1",30045,8002,"2022-12-20","2023-01-20","USD",93.00,90,"3XS:10|2XS:20|XS:20|S:10|M:10|L:10|XL:10"
250576,"2022-09-15 08:39:53.45","#NA0576",50.00,68.00,93.00,120.90,"2022-12-20","127589894","PO",4,,,,"",,"NA0576A1",30045,1002,"2022-12-20","2023-01-20","USD",93.00,90,"3XS:10|2XS:20|XS:20|S:10|M:10|L:10|XL:10"
250577,"2022-09-15 08:39:53.45","#NA0577",50.00,68.00,93.00,120.90,"2022-12-20","127589894","PO",4,,,,"",,"NA0577A0",30029,3002,"2022-12-20","2023-01-20","USD",93.00,90,"3XS:10|2XS:20|XS:20|S:10|M:10|L:10|XL:10"
250578,"2022-09-15 08:39:53.45","#NA0578",50.00,68.00,93.00,120.90,"2022-12-20","127589894","PO",4,,,,"",,"NA0578A1",30045,5002,"2022-12-20","2023-01-20","USD",93.00,90,"3XS:10|2XS:20|XS:20|S:10|M:10|L:10|XL:10"
250579,"2022-09-15 08:39:53.45","#NA0579",50.00,68.00,93.00,120.90,"2022-12-20","127589894","PO",4,,,,"",,"NA0579A0",30029,6002,"2022-12-20","2023-01-20","USD",93.00,90,"3XS:10|2XS:20|XS:20|S:10|M:10|L:10|XL:10"
250580,"2022-09-15 08:39:53.45","#NA0580",50.00,68.00,93.00,120.90,"2022-12-20","127589894","PO",4,,,,"",,"NA0580A1",30045,8002,"2022-12-20","2023-01-20","USD",93.00,90,"3XS:10|2XS:20|XS:20|S:10|M:10|L:10|XL:10"
250581,"2022-09-15 08:39:53.45","#NA0581",50.00,68.00,93.00,120.90,"2022-12-20","127588555","PO",4,,,,"",,"NA0581A1",30045,1002,"2022-12-20","2023-01-20","USD",93.00,90,"3XS:10|2XS:20|XS:20|S:10|M:10|L:10|XL:10"
250582,"2022-09-15 08:39:53.45","#NA0582",50.00,68.00,93.00,120.90,"2022-12-20","127588555","PO",4,,,,"",,"NA0582A0",30029,3002,"2022-12-20","2023-01-20","USD",93.00,90,"3XS:10|2XS:20|XS:20|S:10|M:10|L:10|XL:10"
250583,"2022-09-15 08:39:53.45","#NA0583",50.00,68.00,93.00,120.90,"2022-12-20","127588555","PO",4,,,,"",,"NA0583A1",30045,5002,"2022-12-20","2023-01-20","USD",93.00,90,"3XS:10|2XS:20|XS:20|S:10|M:10|L:10|XL:10"
250584,"2022-09-15 08:39:53.45","#NA0584",50.00,68.00,93.00,120.90,"2022-12-20","127588555","PO",4,,,,"",,"NA0584A0",30029,6002,"2022-12-20","2023-01-20","USD",93.00,90,"3XS:10|2XS:20|XS:20|S:10|M:10|L:10|XL:10"
250585,"2022-09-15 08:39:53.45","#NA0585",50.00,68.00,93.00,120.90,"2022-12-20","127588555","PO",4,,,,"",,"NA0585A1",30045,8002,"2022-12-20","2023-01-20","USD",93.00,90,"3XS:10|2XS:20|XS:20|S:10|M:10|L:10|XL:10"
250586,"2022-09-15 08:39:53.45","#NA0586",50.00,68.00,93.00,120.90,"2022-12-20","127588563","PO",4,,,,"",,"NA0586A1",30045,1002,"2022-12-20","2023-01-20","USD",93.00,90,"3XS:10|2XS:20|XS:20|S:10|M:10|L:10|XL:10"
250587,"2022-09-15 08:39:53.45","#NA0587",50.00,68.00,93.00,120.90,"2022-12-20","127588563","PO",4,,,,"",,"NA0587A0",30029,3002,"2022-12-20","2023-01-20","USD",93.00,90,"3XS:10|2XS:20|XS:20|S:10|M:10|L:10|XL:10"
250588,"2022-09-15 08:39:53.45","#NA0588",50.00,68.00,93.00,120.90,"2022-12-20","127588563","PO",4,,,,"",,"NA0588A1",30045,5002,"2022-12-20","2023-01-20","USD",93.00,90,"3XS:10|2XS:20|XS:20|S:10|M:10|L:10|XL:10"
250589,"2022-09-15 08:39:53.45","#NA0589",50.00,68.00,93.00,120.90,"2022-12-20","127588563","PO",4,,,,"",,"NA0589A0",30029,6002,"2022-12-20","2023-01-20","USD",93.00,90,"3XS:10|2XS:20|XS:20|S:10|M:10|L:10|XL:10"
250590,"2022-09-15 08:39:53.45","#NA0590",50.00,68.00,93.00,120.90,"2022-12-20","127588563","PO",4,,,,"",,"NA0590A1",30045,8002,"2022-12-20","2023-01-20","USD",93.00,90,"3XS:10|2XS:20|XS:20|S:10|M:10|L:10|XL:10"
250591,"2022-09-15 08:39:53.45","#NA0591",50.00,68.00,93.00,120.90,"2022-12-20","127588779","PO",4,,,,"",,"NA0591A1",30045,1002,"2022-12-20","2023-01-20","USD",93.00,90,"3XS:10|2XS:20|XS:20|S:10|M:10|L:10|XL:10"
250592,"2022-09-15 08:39:53.45","#NA0592",50.00,68.00,93.00,120.90,"2022-12-20","127588779","PO",4,,,,"",,"NA0592A0",30029,3002,"2022-12-20","2023-01-20","USD",93.00,90,"3XS:10|2XS:20|XS:20|S:10|M:10|L:10|XL:10"
250593,"2022-09-15 08:39:53.45","#NA0593",50.00,68.00,93.00,120.90,"2022-12-20","127588779","PO",4,,,,"",,"NA0593A1",30045,5002,"2022-12-20","2023-01-20","USD",93.00,90,"3XS:10|2XS:20|XS:20|S:10|M:10|L:10|XL:10"
250594,"2022-09-15 08:39:53.45","#NA0594",50.00,68.00,93.00,120.90,"2022-12-20","127588779","PO",4,,,,"",,"NA0594A0",30029,6002,"2022-12-20","2023-01-20","USD",93.00,90,"3XS:10|2XS:20|XS:20|S:10|M:10|L:10|XL:10"
250595,"2022-09-15 08:39:53.45","#NA0595",50.00,68.00,93.00,120.90,"2022-12-20","127588779","PO",4,,,,"",,"NA0595A1",30045,8002,"2022-12-20","2023-01-20","USD",93.00,90,"3XS:10|2XS:20|XS:20|S:10|M:10|L:10|XL:10"
250596,"2022-09-15 08:39:53.45","#NA0596",50.00,68.00,93.00,120.90,"2022-12-20","127588787","PO",4,,,,"",,"NA0596A1",30045,1002,"2022-12-20","2023-01-20","USD",93.00,90,"3XS:10|2XS:20|XS:20|S:10|M:10|L:10|XL:10"
250597,"2022-09-15 08:39:53.45","#NA0597",50.00,68.00,93.00,120.90,"2022-12-20","127588787","PO",4,,,,"",,"NA0597A0",30029,3002,"2022-12-20","2023-01-20","USD",93.00,90,"3XS:10|2XS:20|XS:20|S:10|M:10|L:10|XL:10"
250598,"2022-09-15 08:39:53.45","#NA0598",50.00,68.00,93.00,120.90,"2022-12-20","127588787","PO",4,,,,"",,"NA0598A1",30045,5002,"2022-12-20","2023-01-20","USD",93.00,90,"3XS:10|2XS:20|XS:20|S:10|M:10|L:10|XL:10"
250599,"2022-09-15 08:39:53.45","#NA0599",50.00,68.00,93.00,120.90,"2022-12-20","127588787","PO",4,,,,"",,"NA0599A0",30029,6002,"2022-12-20","2023-01-20","USD",93.00,90,"3XS:10|2XS:20|XS:20|S:10|M:10|L:10|XL:10"
250600,"2022-09-15 08:39:53.45","#NA0600",50.00,68.00,93.00,120.90,"2022-12-20","127588787","PO",4,,,,"",,"NA0600A1",30045,8002,"2022-12-20","2023-01-20","USD",93.00,90,"3XS:10|2XS:20|XS:20|S:10|M:10|L:10|XL:10"
250601,"2022-09-15 08:39:53.45","#NA0601",50.00,68.00,93.00,120.90,"2022-12-20","127589652","PO",4,,,,"",,"NA0601A1",30045,1002,"2022-12-20","2023-01-20","USD",93.00,90,"3XS:10|2XS:20|XS:20|S:10|M:10|L:10|XL:10"
250602,"2022-09-15 08:39:53.45","#NA0602",50.00,68.00,93.00,120.90,"2022-12-20","127589652","PO",4,,,,"",,"NA0602A0",30029,3002,"2022-12-20","2023-01-20","USD",93.00,90,"3XS:10|2XS:20|XS:20|S:10|M:10|L:10|XL:10"
250603,"2022-09-15 08:39:53.45","#NA0603",50.00,68.00,93.00,120.90,"2022-12-20","127589652","PO",4,,,,"",,"NA0603A1",30045,5002,"2022-12-20","2023-01-20","USD",93.00,90,"3XS:10|2XS:20|XS:20|S:10|M:10|L:10|XL:10"
250604,"2022-09-15 08:39:53.45","#NA0604",50.00,68.00,93.00,120.90,"2022-12-20","127589652","PO",4,,,,"",,"NA0604A0",30029,6002,"2022-12-20","2023-01-20","USD",93.00,90,"3XS:10|2XS:20|XS:20|S:10|M:10|L:10|XL:10"
250605,"2022-09-15 08:39:53.45","#NA0605",50.00,68.00,93.00,120.90,"2022-12-20","127589652","PO",4,,,,"",,"NA0605A1",30045,8002,"2022-12-20","2023-01-20","USD",93.00,90,"3XS:10|2XS:20|XS:20|S:10|M:10|L:10|XL:10"
250606,"2022-09-15 08:39:53.45","#NA0606",50.00,68.00,93.00,120.90,"2022-12-20","127589092","PO",4,,,,"",,"NA0606A1",30045,1002,"2022-12-20","2023-01-20","USD",93.00,90,"3XS:10|2XS:20|XS:20|S:10|M:10|L:10|XL:10"
250607,"2022-09-15 08:39:53.45","#NA0607",50.00,68.00,93.00,120.90,"2022-12-20","127589092","PO",4,,,,"",,"NA0607A0",30029,3002,"2022-12-20","2023-01-20","USD",93.00,90,"3XS:10|2XS:20|XS:20|S:10|M:10|L:10|XL:10"
250608,"2022-09-15 08:39:53.45","#NA0608",50.00,68.00,93.00,120.90,"2022-12-20","127589092","PO",4,,,,"",,"NA0608A1",30045,5002,"2022-12-20","2023-01-20","USD",93.00,90,"3XS:10|2XS:20|XS:20|S:10|M:10|L:10|XL:10"
250609,"2022-09-15 08:39:53.45","#NA0609",50.00,68.00,93.00,120.90,"2022-12-20","127589092","PO",4,,,,"",,"NA0609A0",30029,6002,"2022-12-20","2023-01-20","USD",93.00,90,"3XS:10|2XS:20|XS:20|S:10|M:10|L:10|XL:10"
250610,"2022-09-15 08:39:53.45","#NA0610",50.00,68.00,93.00,120.90,"2022-12-20","127589092","PO",4,,,,"",,"NA0610A1",30045,8002,"2022-12-20","2023-01-20","USD",93.00,90,"3XS:10|2XS:20|XS:20|S:10|M:10|L:10|XL:10"
250611,"2022-09-15 08:39:53.45","#NA0611",50.00,68.00,93.00,120.90,"2022-12-20","127589972","PO",4,,,,"",,"NA0611A1",30045,1002,"2022-12-20","2023-01-20","USD",93.00,90,"3XS:10|2XS:20|XS:20|S:10|M:10|L:10|XL:10"
250612,"2022-09-15 08:39:53.45","#NA0612",50.00,68.00,93.00,120.90,"2022-12-20","127589972","PO",4,,,,"",,"NA0612A0",30029,3002,"2022-12-20","2023-01-20","USD",93.00,90,"3XS:10|2XS:20|XS:20|S:10|M:10|L:10|XL:10"
250613,"2022-09-15 08:39:53.45","#NA0613",50.00,68.00,93.00,120.90,"2022-12-20","127589972","PO",4,,,,"",,"NA0613A1",30045,5002,"2022-12-20","2023-01-20","USD",93.00,90,"3XS:10|2XS:20|XS:20|S:10|M:10|L:10|XL:10"
250614,"2022-09-15 08:39:53.45","#NA0614",50.00,68.00,93.00,120.90,"2022-12-20","127589972","PO",4,,,,"",,"NA0614A0",30029,6002,"2022-12-20","2023-01-20","USD",93.00,90,"3XS:10|2XS:20|XS:20|S:10|M:10|L:10|XL:10"
250615,"2022-09-15 08:39:53.45","#NA0615",50.00,68.00,93.00,120.90,"2022-12-20","127589972","PO",4,,,,"",,"NA0615A1",30045,8002,"2022-12-20","2023-01-20","USD",93.00,90,"3XS:10|2XS:20|XS:20|S:10|M:10|L:10|XL:10"
250616,"2022-09-15 08:39:53.45","#NA0616",50.00,68.00,93.00,120.90,"2022-12-20","127588387","PO",4,,,,"",,"NA0616A1",30045,1002,"2022-12-20","2023-01-20","USD",93.00,90,"3XS:10|2XS:20|XS:20|S:10|M:10|L:10|XL:10"
250617,"2022-09-15 08:39:53.45","#NA0617",50.00,68.00,93.00,120.90,"2022-12-20","127588387","PO",4,,,,"",,"NA0617A0",30029,3002,"2022-12-20","2023-01-20","USD",93.00,90,"3XS:10|2XS:20|XS:20|S:10|M:10|L:10|XL:10"
250618,"2022-09-15 08:39:53.45","#NA0618",50.00,68.00,93.00,120.90,"2022-12-20","127588387","PO",4,,,,"",,"NA0618A1",30045,5002,"2022-12-20","2023-01-20","USD",93.00,90,"3XS:10|2XS:20|XS:20|S:10|M:10|L:10|XL:10"
250619,"2022-09-15 08:39:53.45","#NA0619",50.00,68.00,93.00,120.90,"2022-12-20","127588387","PO",4,,,,"",,"NA0619A0",30029,6002,"2022-12-20","2023-01-20","USD",93.00,90,"3XS:10|2XS:20|XS:20|S:10|M:10|L:10|XL:10"
250620,"2022-09-15 08:39:53.45","#NA0620",50.00,68.00,93.00,120.90,"2022-12-20","127588387","PO",4,,,,"",,"NA0620A1",30045,8002,"2022-12-20","2023-01-20","USD",93.00,90,"3XS:10|2XS:20|XS:20|S:10|M:10|L:10|XL:10"
250621,"2022-09-15 08:39:53.45","#NA0621",50.00,68.00,93.00,120.90,"2022-12-20","127588395","PO",4,,,,"",,"NA0621A1",30045,1002,"2022-12-20","2023-01-20","USD",93.00,90,"3XS:10|2XS:20|XS:20|S:10|M:10|L:10|XL:10"
250622,"2022-09-15 08:39:53.45","#NA0622",50.00,68.00,93.00,120.90,"2022-12-20","127588395","PO",4,,,,"",,"NA0622A0",30029,3002,"2022-12-20","2023-01-20","USD",93.00,90,"3XS:10|2XS:20|XS:20|S:10|M:10|L:10|XL:10"
250623,"2022-09-15 08:39:53.45","#NA0623",50.00,68.00,93.00,120.90,"2022-12-20","127588395","PO",4,,,,"",,"NA0623A1",30045,5002,"2022-12-20","2023-01-20","USD",93.00,90,"3XS:10|2XS:20|XS:20|S:10|M:10|L:10|XL:10"
250624,"2022-09-15 08:39:53.45","#NA0624",50.00,68.00,93.00,120.90,"2022-12-20","127588395","PO",4,,,,"",,"NA0624A0",30029,6002,"2022-12-20","2023-01-20","USD",93.00,90,"3XS:10|2XS:20|XS:20|S:10|M:10|L:10|XL:10"
250625,"2022-09-15 08:39:53.45","#NA0625",50.00,68.00,93.00,120.90,"2022-12-20","127588395","PO",4,,,,"",,"NA0625A1",30045,8002,"2022-12-20","2023-01-20","USD",93.00,90,"3XS:10|2XS:20|XS:20|S:10|M:10|L:10|XL:10"
250626,"2022-09-15 08:39:53.45","#NA0626",50.00,68.00,93.00,120.90,"2022-12-20","127588571","PO",4,,,,"",,"NA0626A1",30045,1002,"2022-12-20","2023-01-20","USD",93.00,90,"3XS:10|2XS:20|XS:20|S:10|M:10|L:10|XL:10"
250627,"2022-09-15 08:39:53.45","#NA0627",50.00,68.00,93.00,120.90,"2022-12-20","127588571","PO",4,,,,"",,"NA0627A0",30029,3002,"2022-12-20","2023-01-20","USD",93.00,90,"3XS:10|2XS:20|XS:20|S:10|M:10|L:10|XL:10"
250628,"2022-09-15 08:39:53.45","#NA0628",50.00,68.00,93.00,120.90,"2022-12-20","127588571","PO",4,,,,"",,"NA0628A1",30045,5002,"2022-12-20","2023-01-20","USD",93.00,90,"3XS:10|2XS:20|XS:20|S:10|M:10|L:10|XL:10"
250629,"2022-09-15 08:39:53.45","#NA0629",50.00,68.00,93.00,120.90,"2022-12-20","127588571","PO",4,,,,"",,"NA0629A0",30029,6002,"2022-12-20","2023-01-20","USD",93.00,90,"3XS:10|2XS:20|XS:20|S:10|M:10|L:10|XL:10"
250630,"2022-09-15 08:39:53.45","#NA0630",50.00,68.00,93.00,120.90,"2022-12-20","127588571","PO",4,,,,"",,"NA0630A1",30045,8002,"2022-12-20","2023-01-20","USD",93.00,90,"3XS:10|2XS:20|XS:20|S:10|M:10|L:10|XL:10"
250631,"2022-09-15 08:39:53.45","#NA0631",50.00,68.00,93.00,120.90,"2022-12-20","127588579","PO",4,,,,"",,"NA0631A1",30045,1002,"2022-12-20","2023-01-20","USD",93.00,90,"3XS:10|2XS:20|XS:20|S:10|M:10|L:10|XL:10"
250632,"2022-09-15 08:39:53.45","#NA0632",50.00,68.00,93.00,120.90,"2022-12-20","127588579","PO",4,,,,"",,"NA0632A0",30029,3002,"2022-12-20","2023-01-20","USD",93.00,90,"3XS:10|2XS:20|XS:20|S:10|M:10|L:10|XL:10"
250633,"2022-09-15 08:39:53.45","#NA0633",50.00,68.00,93.00,120.90,"2022-12-20","127588579","PO",4,,,,"",,"NA0633A1",30045,5002,"2022-12-20","2023-01-20","USD",93.00,90,"3XS:10|2XS:20|XS:20|S:10|M:10|L:10|XL:10"
250634,"2022-09-15 08:39:53.45","#NA0634",50.00,68.00,93.00,120.90,"2022-12-20","127588579","PO",4,,,,"",,"NA0634A0",30029,6002,"2022-12-20","2023-01-20","USD",93.00,90,"3XS:10|2XS:20|XS:20|S:10|M:10|L:10|XL:10"
250635,"2022-09-15 08:39:53.45","#NA0635",50.00,68.00,93.00,120.90,"2022-12-20","127588579","PO",4,,,,"",,"NA0635A1",30045,8002,"2022-12-20","2023-01-20","USD",93.00,90,"3XS:10|2XS:20|XS:20|S:10|M:10|L:10|XL:10"
250636,"2022-09-15 08:39:53.45","#NA0636",50.00,68.00,93.00,120.90,"2022-12-20","127588795","PO",4,,,,"",,"NA0636A1",30045,1002,"2022-12-20","2023-01-20","USD",93.00,90,"3XS:10|2XS:20|XS:20|S:10|M:10|L:10|XL:10"
250637,"2022-09-15 08:39:53.45","#NA0637",50.00,68.00,93.00,120.90,"2022-12-20","127588795","PO",4,,,,"",,"NA0637A0",30029,3002,"2022-12-20","2023-01-20","USD",93.00,90,"3XS:10|2XS:20|XS:20|S:10|M:10|L:10|XL:10"
250638,"2022-09-15 08:39:53.45","#NA0638",50.00,68.00,93.00,120.90,"2022-12-20","127588795","PO",4,,,,"",,"NA0638A1",30045,5002,"2022-12-20","2023-01-20","USD",93.00,90,"3XS:10|2XS:20|XS:20|S:10|M:10|L:10|XL:10"
250639,"2022-09-15 08:39:53.45","#NA0639",50.00,68.00,93.00,120.90,"2022-12-20","127588795","PO",4,,,,"",,"NA0639A0",30029,6002,"2022-12-20","2023-01-20","USD",93.00,90,"3XS:10|2XS:20|XS:20|S:10|M:10|L:10|XL:10"
250640,"2022-09-15 08:39:53.45","#NA0640",50.00,68.00,93.00,120.90,"2022-12-20","127588795","PO",4,,,,"",,"NA0640A1",30045,8002,"2022-12-20","2023-01-20","USD",93.00,90,"3XS:10|2XS:20|XS:20|S:10|M:10|L:10|XL:10"
250641,"2022-09-15 08:39:53.45","#NA0641",50.00,68.00,93.00,120.90,"2022-12-20","127589731","PO",4,,,,"",,"NA0641A1",30045,1002,"2022-12-20","2023-01-20","USD",93.00,90,"3XS:10|2XS:20|XS:20|S:10|M:10|L:10|XL:10"
250642,"2022-09-15 08:39:53.45","#NA0642",50.00,68.00,93.00,120.90,"2022-12-20","127589731","PO",4,,,,"",,"NA0642A0",30029,3002,"2022-12-20","2023-01-20","USD",93.00,90,"3XS:10|2XS:20|XS:20|S:10|M:10|L:10|XL:10"
250643,"2022-09-15 08:39:53.45","#NA0643",50.00,68.00,93.00,120.90,"2022-12-20","127589731","PO",4,,,,"",,"NA0643A1",30045,5002,"2022-12-20","2023-01-20","USD",93.00,90,"3XS:10|2XS:20|XS:20|S:10|M:10|L:10|XL:10"
250644,"2022-09-15 08:39:53.45","#NA0644",50.00,68.00,93.00,120.90,"2022-12-20","127589731","PO",4,,,,"",,"NA0644A0",30029,6002,"2022-12-20","2023-01-20","USD",93.00,90,"3XS:10|2XS:20|XS:20|S:10|M:10|L:10|XL:10"
250645,"2022-09-15 08:39:53.45","#NA0645",50.00,68.00,93.00,120.90,"2022-12-20","127589731","PO",4,,,,"",,"NA0645A1",30045,8002,"2022-12-20","2023-01-20","USD",93.00,90,"3XS:10|2XS:20|XS:20|S:10|M:10|L:10|XL:10"
250646,"2022-09-15 08:39:53.45","#NA0646",50.00,68.00,93.00,120.90,"2022-12-20","127589813","PO",4,,,,"",,"NA0646A1",30045,1002,"2022-12-20","2023-01-20","USD",93.00,90,"3XS:10|2XS:20|XS:20|S:10|M:10|L:10|XL:10"
250647,"2022-09-15 08:39:53.45","#NA0647",50.00,68.00,93.00,120.90,"2022-12-20","127589813","PO",4,,,,"",,"NA0647A0",30029,3002,"2022-12-20","2023-01-20","USD",93.00,90,"3XS:10|2XS:20|XS:20|S:10|M:10|L:10|XL:10"
250648,"2022-09-15 08:39:53.45","#NA0648",50.00,68.00,93.00,120.90,"2022-12-20","127589813","PO",4,,,,"",,"NA0648A1",30045,5002,"2022-12-20","2023-01-20","USD",93.00,90,"3XS:10|2XS:20|XS:20|S:10|M:10|L:10|XL:10"
250649,"2022-09-15 08:39:53.45","#NA0649",50.00,68.00,93.00,120.90,"2022-12-20","127589813","PO",4,,,,"",,"NA0649A0",30029,6002,"2022-12-20","2023-01-20","USD",93.00,90,"3XS:10|2XS:20|XS:20|S:10|M:10|L:10|XL:10"
250650,"2022-09-15 08:39:53.45","#NA0650",50.00,68.00,93.00,120.90,"2022-12-20","127589813","PO",4,,,,"",,"NA0650A1",30045,8002,"2022-12-20","2023-01-20","USD",93.00,90,"3XS:10|2XS:20|XS:20|S:10|M:10|L:10|XL:10"
250651,"2022-09-15 08:39:53.45","#NA0651",50.00,68.00,93.00,120.90,"2022-12-20","127589172","PO",4,,,,"",,"NA0651A1",30045,1002,"2022-12-20","2023-01-20","USD",93.00,90,"3XS:10|2XS:20|XS:20|S:10|M:10|L:10|XL:10"
250652,"2022-09-15 08:39:53.45","#NA0652",50.00,68.00,93.00,120.90,"2022-12-20","127589172","PO",4,,,,"",,"NA0652A0",30029,3002,"2022-12-20","2023-01-20","USD",93.00,90,"3XS:10|2XS:20|XS:20|S:10|M:10|L:10|XL:10"
250653,"2022-09-15 08:39:53.45","#NA0653",50.00,68.00,93.00,120.90,"2022-12-20","127589172","PO",4,,,,"",,"NA0653A1",30045,5002,"2022-12-20","2023-01-20","USD",93.00,90,"3XS:10|2XS:20|XS:20|S:10|M:10|L:10|XL:10"
250654,"2022-09-15 08:39:53.45","#NA0654",50.00,68.00,93.00,120.90,"2022-12-20","127589172","PO",4,,,,"",,"NA0654A0",30029,6002,"2022-12-20","2023-01-20","USD",93.00,90,"3XS:10|2XS:20|XS:20|S:10|M:10|L:10|XL:10"
250655,"2022-09-15 08:39:53.45","#NA0655",50.00,68.00,93.00,120.90,"2022-12-20","127589172","PO",4,,,,"",,"NA0655A1",30045,8002,"2022-12-20","2023-01-20","USD",93.00,90,"3XS:10|2XS:20|XS:20|S:10|M:10|L:10|XL:10"
250656,"2022-09-15 08:39:53.45","#NA0656",50.00,68.00,93.00,120.90,"2022-12-20","127589254","PO",4,,,,"",,"NA0656A1",30045,1002,"2022-12-20","2023-01-20","USD",93.00,90,"3XS:10|2XS:20|XS:20|S:10|M:10|L:10|XL:10"
250657,"2022-09-15 08:39:53.45","#NA0657",50.00,68.00,93.00,120.90,"2022-12-20","127589254","PO",4,,,,"",,"NA0657A0",30029,3002,"2022-12-20","2023-01-20","USD",93.00,90,"3XS:10|2XS:20|XS:20|S:10|M:10|L:10|XL:10"
250658,"2022-09-15 08:39:53.45","#NA0658",50.00,68.00,93.00,120.90,"2022-12-20","127589254","PO",4,,,,"",,"NA0658A1",30045,5002,"2022-12-20","2023-01-20","USD",93.00,90,"3XS:10|2XS:20|XS:20|S:10|M:10|L:10|XL:10"
250659,"2022-09-15 08:39:53.45","#NA0659",50.00,68.00,93.00,120.90,"2022-12-20","127589254","PO",4,,,,"",,"NA0659A0",30029,6002,"2022-12-20","2023-01-20","USD",93.00,90,"3XS:10|2XS:20|XS:20|S:10|M:10|L:10|XL:10"
250660,"2022-09-15 08:39:53.45","#NA0660",50.00,68.00,93.00,120.90,"2022-12-20","127589254","PO",4,,,,"",,"NA0660A1",30045,8002,"2022-12-20","2023-01-20","USD",93.00,90,"3XS:10|2XS:20|XS:20|S:10|M:10|L:10|XL:10"
250661,"2022-09-15 08:39:53.45","#NA0661",50.00,68.00,93.00,120.90,"2022-12-20","127590052","PO",4,,,,"",,"NA0661A1",30045,1002,"2022-12-20","2023-01-20","USD",93.00,90,"3XS:10|2XS:20|XS:20|S:10|M:10|L:10|XL:10"
250662,"2022-09-15 08:39:53.45","#NA0662",50.00,68.00,93.00,120.90,"2022-12-20","127590052","PO",4,,,,"",,"NA0662A0",30029,3002,"2022-12-20","2023-01-20","USD",93.00,90,"3XS:10|2XS:20|XS:20|S:10|M:10|L:10|XL:10"
250663,"2022-09-15 08:39:53.45","#NA0663",50.00,68.00,93.00,120.90,"2022-12-20","127590052","PO",4,,,,"",,"NA0663A1",30045,5002,"2022-12-20","2023-01-20","USD",93.00,90,"3XS:10|2XS:20|XS:20|S:10|M:10|L:10|XL:10"
250664,"2022-09-15 08:39:53.45","#NA0664",50.00,68.00,93.00,120.90,"2022-12-20","127590052","PO",4,,,,"",,"NA0664A0",30029,6002,"2022-12-20","2023-01-20","USD",93.00,90,"3XS:10|2XS:20|XS:20|S:10|M:10|L:10|XL:10"
250665,"2022-09-15 08:39:53.45","#NA0665",50.00,68.00,93.00,120.90,"2022-12-20","127590052","PO",4,,,,"",,"NA0665A1",30045,8002,"2022-12-20","2023-01-20","USD",93.00,90,"3XS:10|2XS:20|XS:20|S:10|M:10|L:10|XL:10"
250666,"2022-09-15 08:39:53.45","#NA0666",50.00,68.00,93.00,120.90,"2022-12-20","127590135","PO",4,,,,"",,"NA0666A1",30045,1002,"2022-12-20","2023-01-20","USD",93.00,90,"3XS:10|2XS:20|XS:20|S:10|M:10|L:10|XL:10"
250667,"2022-09-15 08:39:53.45","#NA0667",50.00,68.00,93.00,120.90,"2022-12-20","127590135","PO",4,,,,"",,"NA0667A0",30029,3002,"2022-12-20","2023-01-20","USD",93.00,90,"3XS:10|2XS:20|XS:20|S:10|M:10|L:10|XL:10"
250668,"2022-09-15 08:39:53.45","#NA0668",50.00,68.00,93.00,120.90,"2022-12-20","127590135","PO",4,,,,"",,"NA0668A1",30045,5002,"2022-12-20","2023-01-20","USD",93.00,90,"3XS:10|2XS:20|XS:20|S:10|M:10|L:10|XL:10"
250669,"2022-09-15 08:39:53.45","#NA0669",50.00,68.00,93.00,120.90,"2022-12-20","127590135","PO",4,,,,"",,"NA0669A0",30029,6002,"2022-12-20","2023-01-20","USD",93.00,90,"3XS:10|2XS:20|XS:20|S:10|M:10|L:10|XL:10"
250670,"2022-09-15 08:39:53.45","#NA0670",50.00,68.00,93.00,120.90,"2022-12-20","127590135","PO",4,,,,"",,"NA0670A1",30045,8002,"2022-12-20","2023-01-20","USD",93.00,90,"3XS:10|2XS:20|XS:20|S:10|M:10|L:10|XL:10"
250671,"2022-09-15 08:39:53.45","#NA0671",50.00,68.00,93.00,120.90,"2022-12-20","127588587","PO",4,,,,"",,"NA0671A1",30045,1002,"2022-12-20","2023-01-20","USD",93.00,90,"3XS:10|2XS:20|XS:20|S:10|M:10|L:10|XL:10"
250672,"2022-09-15 08:39:53.45","#NA0672",50.00,68.00,93.00,120.90,"2022-12-20","127588587","PO",4,,,,"",,"NA0672A0",30029,3002,"2022-12-20","2023-01-20","USD",93.00,90,"3XS:10|2XS:20|XS:20|S:10|M:10|L:10|XL:10"
250673,"2022-09-15 08:39:53.45","#NA0673",50.00,68.00,93.00,120.90,"2022-12-20","127588587","PO",4,,,,"",,"NA0673A1",30045,5002,"2022-12-20","2023-01-20","USD",93.00,90,"3XS:10|2XS:20|XS:20|S:10|M:10|L:10|XL:10"
250674,"2022-09-15 08:39:53.45","#NA0674",50.00,68.00,93.00,120.90,"2022-12-20","127588587","PO",4,,,,"",,"NA0674A0",30029,6002,"2022-12-20","2023-01-20","USD",93.00,90,"3XS:10|2XS:20|XS:20|S:10|M:10|L:10|XL:10"
250675,"2022-09-15 08:39:53.45","#NA0675",50.00,68.00,93.00,120.90,"2022-12-20","127588587","PO",4,,,,"",,"NA0675A1",30045,8002,"2022-12-20","2023-01-20","USD",93.00,90,"3XS:10|2XS:20|XS:20|S:10|M:10|L:10|XL:10"
250676,"2022-09-15 08:39:53.45","#NA0676",50.00,68.00,93.00,120.90,"2022-12-20","127588803","PO",4,,,,"",,"NA0676A1",30045,1002,"2022-12-20","2023-01-20","USD",93.00,90,"3XS:10|2XS:20|XS:20|S:10|M:10|L:10|XL:10"
250677,"2022-09-15 08:39:53.45","#NA0677",50.00,68.00,93.00,120.90,"2022-12-20","127588803","PO",4,,,,"",,"NA0677A0",30029,3002,"2022-12-20","2023-01-20","USD",93.00,90,"3XS:10|2XS:20|XS:20|S:10|M:10|L:10|XL:10"
250678,"2022-09-15 08:39:53.45","#NA0678",50.00,68.00,93.00,120.90,"2022-12-20","127588803","PO",4,,,,"",,"NA0678A1",30045,5002,"2022-12-20","2023-01-20","USD",93.00,90,"3XS:10|2XS:20|XS:20|S:10|M:10|L:10|XL:10"
250679,"2022-09-15 08:39:53.45","#NA0679",50.00,68.00,93.00,120.90,"2022-12-20","127588803","PO",4,,,,"",,"NA0679A0",30029,6002,"2022-12-20","2023-01-20","USD",93.00,90,"3XS:10|2XS:20|XS:20|S:10|M:10|L:10|XL:10"
250680,"2022-09-15 08:39:53.45","#NA0680",50.00,68.00,93.00,120.90,"2022-12-20","127588803","PO",4,,,,"",,"NA0680A1",30045,8002,"2022-12-20","2023-01-20","USD",93.00,90,"3XS:10|2XS:20|XS:20|S:10|M:10|L:10|XL:10"
250681,"2022-09-15 08:39:53.45","#NA0681",50.00,68.00,93.00,120.90,"2022-12-20","127588811","PO",4,,,,"",,"NA0681A1",30045,1002,"2022-12-20","2023-01-20","USD",93.00,90,"3XS:10|2XS:20|XS:20|S:10|M:10|L:10|XL:10"
250682,"2022-09-15 08:39:53.45","#NA0682",50.00,68.00,93.00,120.90,"2022-12-20","127588811","PO",4,,,,"",,"NA0682A0",30029,3002,"2022-12-20","2023-01-20","USD",93.00,90,"3XS:10|2XS:20|XS:20|S:10|M:10|L:10|XL:10"
250683,"2022-09-15 08:39:53.45","#NA0683",50.00,68.00,93.00,120.90,"2022-12-20","127588811","PO",4,,,,"",,"NA0683A1",30045,5002,"2022-12-20","2023-01-20","USD",93.00,90,"3XS:10|2XS:20|XS:20|S:10|M:10|L:10|XL:10"
250684,"2022-09-15 08:39:53.45","#NA0684",50.00,68.00,93.00,120.90,"2022-12-20","127588811","PO",4,,,,"",,"NA0684A0",30029,6002,"2022-12-20","2023-01-20","USD",93.00,90,"3XS:10|2XS:20|XS:20|S:10|M:10|L:10|XL:10"
250685,"2022-09-15 08:39:53.45","#NA0685",50.00,68.00,93.00,120.90,"2022-12-20","127588811","PO",4,,,,"",,"NA0685A1",30045,8002,"2022-12-20","2023-01-20","USD",93.00,90,"3XS:10|2XS:20|XS:20|S:10|M:10|L:10|XL:10"
250686,"2022-09-15 08:39:53.45","#NA0686",50.00,68.00,93.00,120.90,"2022-12-20","127589891","PO",4,,,,"",,"NA0686A1",30045,1002,"2022-12-20","2023-01-20","USD",93.00,90,"3XS:10|2XS:20|XS:20|S:10|M:10|L:10|XL:10"
250687,"2022-09-15 08:39:53.45","#NA0687",50.00,68.00,93.00,120.90,"2022-12-20","127589891","PO",4,,,,"",,"NA0687A0",30029,3002,"2022-12-20","2023-01-20","USD",93.00,90,"3XS:10|2XS:20|XS:20|S:10|M:10|L:10|XL:10"
250688,"2022-09-15 08:39:53.45","#NA0688",50.00,68.00,93.00,120.90,"2022-12-20","127589891","PO",4,,,,"",,"NA0688A1",30045,5002,"2022-12-20","2023-01-20","USD",93.00,90,"3XS:10|2XS:20|XS:20|S:10|M:10|L:10|XL:10"
250689,"2022-09-15 08:39:53.45","#NA0689",50.00,68.00,93.00,120.90,"2022-12-20","127589891","PO",4,,,,"",,"NA0689A0",30029,6002,"2022-12-20","2023-01-20","USD",93.00,90,"3XS:10|2XS:20|XS:20|S:10|M:10|L:10|XL:10"
250690,"2022-09-15 08:39:53.45","#NA0690",50.00,68.00,93.00,120.90,"2022-12-20","127589891","PO",4,,,,"",,"NA0690A1",30045,8002,"2022-12-20","2023-01-20","USD",93.00,90,"3XS:10|2XS:20|XS:20|S:10|M:10|L:10|XL:10"
250691,"2022-09-15 08:39:53.45","#NA0691",50.00,68.00,93.00,120.90,"2022-12-20","127589974","PO",4,,,,"",,"NA0691A1",30045,1002,"2022-12-20","2023-01-20","USD",93.00,90,"3XS:10|2XS:20|XS:20|S:10|M:10|L:10|XL:10"
250692,"2022-09-15 08:39:53.45","#NA0692",50.00,68.00,93.00,120.90,"2022-12-20","127589974","PO",4,,,,"",,"NA0692A0",30029,3002,"2022-12-20","2023-01-20","USD",93.00,90,"3XS:10|2XS:20|XS:20|S:10|M:10|L:10|XL:10"
250693,"2022-09-15 08:39:53.45","#NA0693",50.00,68.00,93.00,120.90,"2022-12-20","127589974","PO",4,,,,"",,"NA0693A1",30045,5002,"2022-12-20","2023-01-20","USD",93.00,90,"3XS:10|2XS:20|XS:20|S:10|M:10|L:10|XL:10"
250694,"2022-09-15 08:39:53.45","#NA0694",50.00,68.00,93.00,120.90,"2022-12-20","127589974","PO",4,,,,"",,"NA0694A0",30029,6002,"2022-12-20","2023-01-20","USD",93.00,90,"3XS:10|2XS:20|XS:20|S:10|M:10|L:10|XL:10"
250695,"2022-09-15 08:39:53.45","#NA0695",50.00,68.00,93.00,120.90,"2022-12-20","127589974","PO",4,,,,"",,"NA0695A1",30045,8002,"2022-12-20","2023-01-20","USD",93.00,90,"3XS:10|2XS:20|XS:20|S:10|M:10|L:10|XL:10"
250696,"2022-09-15 08:39:53.45","#NA0696",50.00,68.00,93.00,120.90,"2022-12-20","127590220","PO",4,,,,"",,"NA0696A1",30045,1002,"2022-12-20","2023-01-20","USD",93.00,90,"3XS:10|2XS:20|XS:20|S:10|M:10|L:10|XL:10"
250697,"2022-09-15 08:39:53.45","#NA0697",50.00,68.00,93.00,120.90,"2022-12-20","127590220","PO",4,,,,"",,"NA0697A0",30029,3002,"2022-12-20","2023-01-20","USD",93.00,90,"3XS:10|2XS:20|XS:20|S:10|M:10|L:10|XL:10"
250698,"2022-09-15 08:39:53.45","#NA0698",50.00,68.00,93.00,120.90,"2022-12-20","127590220","PO",4,,,,"",,"NA0698A1",30045,5002,"2022-12-20","2023-01-20","USD",93.00,90,"3XS:10|2XS:20|XS:20|S:10|M:10|L:10|XL:10"
250699,"2022-09-15 08:39:53.45","#NA0699",50.00,68.00,93.00,120.90,"2022-12-20","127590220","PO",4,,,,"",,"NA0699A0",30029,6002,"2022-12-20","2023-01-20","USD",93.00,90,"3XS:10|2XS:20|XS:20|S:10|M:10|L:10|XL:10"
250700,"2022-09-15 08:39:53.45","#NA0700",50.00,68.00,93.00,120.90,"2022-12-20","127590220","PO",4,,,,"",,"NA0700A1",30045,8002,"2022-12-20","2023-01-20","USD",93.00,90,"3XS:10|2XS:20|XS:20|S:10|M:10|L:10|XL:10"
250701,"2022-09-15 08:39:53.45","#NA0701",50.00,68.00,93.00,120.90,"2022-12-20","127590303","PO",4,,,,"",,"NA0701A1",30045,1002,"2022-12-20","2023-01-20","USD",93.00,90,"3XS:10|2XS:20|XS:20|S:10|M:10|L:10|XL:10"
250702,"2022-09-15 08:39:53.45","#NA0702",50.00,68.00,93.00,120.90,"2022-12-20","127590303","PO",4,,,,"",,"NA0702A0",30029,3002,"2022-12-20","2023-01-20","USD",93.00,90,"3XS:10|2XS:20|XS:20|S:10|M:10|L:10|XL:10"
250703,"2022-09-15 08:39:53.45","#NA0703",50.00,68.00,93.00,120.90,"2022-12-20","127590303","PO",4,,,,"",,"NA0703A1",30045,5002,"2022-12-20","2023-01-20","USD",93.00,90,"3XS:10|2XS:20|XS:20|S:10|M:10|L:10|XL:10"
250704,"2022-09-15 08:39:53.45","#NA0704",50.00,68.00,93.00,120.90,"2022-12-20","127590303","PO",4,,,,"",,"NA0704A0",30029,6002,"2022-12-20","2023-01-20","USD",93.00,90,"3XS:10|2XS:20|XS:20|S:10|M:10|L:10|XL:10"
250705,"2022-09-15 08:39:53.45","#NA0705",50.00,68.00,93.00,120.90,"2022-12-20","127590303","PO",4,,,,"",,"NA0705A1",30045,8002,"2022-12-20","2023-01-20","USD",93.00,90,"3XS:10|2XS:20|XS:20|S:10|M:10|L:10|XL:10"
250706,"2022-09-15 08:39:53.45","#NA0706",50.00,68.00,93.00,120.90,"2022-12-20","127588595","PO",4,,,,"",,"NA0706A1",30045,1002,"2022-12-20","2023-01-20","USD",93.00,90,"3XS:10|2XS:20|XS:20|S:10|M:10|L:10|XL:10"
250707,"2022-09-15 08:39:53.45","#NA0707",50.00,68.00,93.00,120.90,"2022-12-20","127588595","PO",4,,,,"",,"NA0707A0",30029,3002,"2022-12-20","2023-01-20","USD",93.00,90,"3XS:10|2XS:20|XS:20|S:10|M:10|L:10|XL:10"
250708,"2022-09-15 08:39:53.45","#NA0708",50.00,68.00,93.00,120.90,"2022-12-20","127588595","PO",4,,,,"",,"NA0708A1",30045,5002,"2022-12-20","2023-01-20","USD",93.00,90,"3XS:10|2XS:20|XS:20|S:10|M:10|L:10|XL:10"
250709,"2022-09-15 08:39:53.45","#NA0709",50.00,68.00,93.00,120.90,"2022-12-20","127588595","PO",4,,,,"",,"NA0709A0",30029,6002,"2022-12-20","2023-01-20","USD",93.00,90,"3XS:10|2XS:20|XS:20|S:10|M:10|L:10|XL:10"
250710,"2022-09-15 08:39:53.45","#NA0710",50.00,68.00,93.00,120.90,"2022-12-20","127588595","PO",4,,,,"",,"NA0710A1",30045,8002,"2022-12-20","2023-01-20","USD",93.00,90,"3XS:10|2XS:20|XS:20|S:10|M:10|L:10|XL:10"
250711,"2022-09-15 08:39:53.45","#NA0711",50.00,68.00,93.00,120.90,"2022-12-20","127588603","PO",4,,,,"",,"NA0711A1",30045,1002,"2022-12-20","2023-01-20","USD",93.00,90,"3XS:10|2XS:20|XS:20|S:10|M:10|L:10|XL:10"
250712,"2022-09-15 08:39:53.45","#NA0712",50.00,68.00,93.00,120.90,"2022-12-20","127588603","PO",4,,,,"",,"NA0712A0",30029,3002,"2022-12-20","2023-01-20","USD",93.00,90,"3XS:10|2XS:20|XS:20|S:10|M:10|L:10|XL:10"
250713,"2022-09-15 08:39:53.45","#NA0713",50.00,68.00,93.00,120.90,"2022-12-20","127588603","PO",4,,,,"",,"NA0713A1",30045,5002,"2022-12-20","2023-01-20","USD",93.00,90,"3XS:10|2XS:20|XS:20|S:10|M:10|L:10|XL:10"
250714,"2022-09-15 08:39:53.45","#NA0714",50.00,68.00,93.00,120.90,"2022-12-20","127588603","PO",4,,,,"",,"NA0714A0",30029,6002,"2022-12-20","2023-01-20","USD",93.00,90,"3XS:10|2XS:20|XS:20|S:10|M:10|L:10|XL:10"
250715,"2022-09-15 08:39:53.45","#NA0715",50.00,68.00,93.00,120.90,"2022-12-20","127588603","PO",4,,,,"",,"NA0715A1",30045,8002,"2022-12-20","2023-01-20","USD",93.00,90,"3XS:10|2XS:20|XS:20|S:10|M:10|L:10|XL:10"
250716,"2022-09-15 08:39:53.45","#NA0716",50.00,68.00,93.00,120.90,"2022-12-20","127588819","PO",4,,,,"",,"NA0716A1",30045,1002,"2022-12-20","2023-01-20","USD",93.00,90,"3XS:10|2XS:20|XS:20|S:10|M:10|L:10|XL:10"
250717,"2022-09-15 08:39:53.45","#NA0717",50.00,68.00,93.00,120.90,"2022-12-20","127588819","PO",4,,,,"",,"NA0717A0",30029,3002,"2022-12-20","2023-01-20","USD",93.00,90,"3XS:10|2XS:20|XS:20|S:10|M:10|L:10|XL:10"
250718,"2022-09-15 08:39:53.45","#NA0718",50.00,68.00,93.00,120.90,"2022-12-20","127588819","PO",4,,,,"",,"NA0718A1",30045,5002,"2022-12-20","2023-01-20","USD",93.00,90,"3XS:10|2XS:20|XS:20|S:10|M:10|L:10|XL:10"
250719,"2022-09-15 08:39:53.45","#NA0719",50.00,68.00,93.00,120.90,"2022-12-20","127588819","PO",4,,,,"",,"NA0719A0",30029,6002,"2022-12-20","2023-01-20","USD",93.00,90,"3XS:10|2XS:20|XS:20|S:10|M:10|L:10|XL:10"
250720,"2022-09-15 08:39:53.45","#NA0720",50.00,68.00,93.00,120.90,"2022-12-20","127588819","PO",4,,,,"",,"NA0720A1",30045,8002,"2022-12-20","2023-01-20","USD",93.00,90,"3XS:10|2XS:20|XS:20|S:10|M:10|L:10|XL:10"
250721,"2022-09-15 08:39:53.45","#NA0721",50.00,68.00,93.00,120.90,"2022-12-20","127588827","PO",4,,,,"",,"NA0721A1",30045,1002,"2022-12-20","2023-01-20","USD",93.00,90,"3XS:10|2XS:20|XS:20|S:10|M:10|L:10|XL:10"
250722,"2022-09-15 08:39:53.45","#NA0722",50.00,68.00,93.00,120.90,"2022-12-20","127588827","PO",4,,,,"",,"NA0722A0",30029,3002,"2022-12-20","2023-01-20","USD",93.00,90,"3XS:10|2XS:20|XS:20|S:10|M:10|L:10|XL:10"
250723,"2022-09-15 08:39:53.45","#NA0723",50.00,68.00,93.00,120.90,"2022-12-20","127588827","PO",4,,,,"",,"NA0723A1",30045,5002,"2022-12-20","2023-01-20","USD",93.00,90,"3XS:10|2XS:20|XS:20|S:10|M:10|L:10|XL:10"
250724,"2022-09-15 08:39:53.45","#NA0724",50.00,68.00,93.00,120.90,"2022-12-20","127588827","PO",4,,,,"",,"NA0724A0",30029,6002,"2022-12-20","2023-01-20","USD",93.00,90,"3XS:10|2XS:20|XS:20|S:10|M:10|L:10|XL:10"
250725,"2022-09-15 08:39:53.45","#NA0725",50.00,68.00,93.00,120.90,"2022-12-20","127588827","PO",4,,,,"",,"NA0725A1",30045,8002,"2022-12-20","2023-01-20","USD",93.00,90,"3XS:10|2XS:20|XS:20|S:10|M:10|L:10|XL:10"
250726,"2022-09-15 08:39:53.45","#NA0726",50.00,68.00,93.00,120.90,"2022-12-20","127590053","PO",4,,,,"",,"NA0726A1",30045,1002,"2022-12-20","2023-01-20","USD",93.00,90,"3XS:10|2XS:20|XS:20|S:10|M:10|L:10|XL:10"
250727,"2022-09-15 08:39:53.45","#NA0727",50.00,68.00,93.00,120.90,"2022-12-20","127590053","PO",4,,,,"",,"NA0727A0",30029,3002,"2022-12-20","2023-01-20","USD",93.00,90,"3XS:10|2XS:20|XS:20|S:10|M:10|L:10|XL:10"
250728,"2022-09-15 08:39:53.45","#NA0728",50.00,68.00,93.00,120.90,"2022-12-20","127590053","PO",4,,,,"",,"NA0728A1",30045,5002,"2022-12-20","2023-01-20","USD",93.00,90,"3XS:10|2XS:20|XS:20|S:10|M:10|L:10|XL:10"
250729,"2022-09-15 08:39:53.45","#NA0729",50.00,68.00,93.00,120.90,"2022-12-20","127590053","PO",4,,,,"",,"NA0729A0",30029,6002,"2022-12-20","2023-01-20","USD",93.00,90,"3XS:10|2XS:20|XS:20|S:10|M:10|L:10|XL:10"
250730,"2022-09-15 08:39:53.45","#NA0730",50.00,68.00,93.00,120.90,"2022-12-20","127590053","PO",4,,,,"",,"NA0730A1",30045,8002,"2022-12-20","2023-01-20","USD",93.00,90,"3XS:10|2XS:20|XS:20|S:10|M:10|L:10|XL:10"
250731,"2022-09-15 08:39:53.45","#NA0731",50.00,68.00,93.00,120.90,"2022-12-20","127590136","PO",4,,,,"",,"NA0731A1",30045,1002,"2022-12-20","2023-01-20","USD",93.00,90,"3XS:10|2XS:20|XS:20|S:10|M:10|L:10|XL:10"
250732,"2022-09-15 08:39:53.45","#NA0732",50.00,68.00,93.00,120.90,"2022-12-20","127590136","PO",4,,,,"",,"NA0732A0",30029,3002,"2022-12-20","2023-01-20","USD",93.00,90,"3XS:10|2XS:20|XS:20|S:10|M:10|L:10|XL:10"
250733,"2022-09-15 08:39:53.45","#NA0733",50.00,68.00,93.00,120.90,"2022-12-20","127590136","PO",4,,,,"",,"NA0733A1",30045,5002,"2022-12-20","2023-01-20","USD",93.00,90,"3XS:10|2XS:20|XS:20|S:10|M:10|L:10|XL:10"
250734,"2022-09-15 08:39:53.45","#NA0734",50.00,68.00,93.00,120.90,"2022-12-20","127590136","PO",4,,,,"",,"NA0734A0",30029,6002,"2022-12-20","2023-01-20","USD",93.00,90,"3XS:10|2XS:20|XS:20|S:10|M:10|L:10|XL:10"
250735,"2022-09-15 08:39:53.45","#NA0735",50.00,68.00,93.00,120.90,"2022-12-20","127590136","PO",4,,,,"",,"NA0735A1",30045,8002,"2022-12-20","2023-01-20","USD",93.00,90,"3XS:10|2XS:20|XS:20|S:10|M:10|L:10|XL:10"
250736,"2022-09-15 08:39:53.45","#NA0736",50.00,68.00,93.00,120.90,"2022-12-20","127590387","PO",4,,,,"",,"NA0736A1",30045,1002,"2022-12-20","2023-01-20","USD",93.00,90,"3XS:10|2XS:20|XS:20|S:10|M:10|L:10|XL:10"
250737,"2022-09-15 08:39:53.45","#NA0737",50.00,68.00,93.00,120.90,"2022-12-20","127590387","PO",4,,,,"",,"NA0737A0",30029,3002,"2022-12-20","2023-01-20","USD",93.00,90,"3XS:10|2XS:20|XS:20|S:10|M:10|L:10|XL:10"
250738,"2022-09-15 08:39:53.45","#NA0738",50.00,68.00,93.00,120.90,"2022-12-20","127590387","PO",4,,,,"",,"NA0738A1",30045,5002,"2022-12-20","2023-01-20","USD",93.00,90,"3XS:10|2XS:20|XS:20|S:10|M:10|L:10|XL:10"
250739,"2022-09-15 08:39:53.45","#NA0739",50.00,68.00,93.00,120.90,"2022-12-20","127590387","PO",4,,,,"",,"NA0739A0",30029,6002,"2022-12-20","2023-01-20","USD",93.00,90,"3XS:10|2XS:20|XS:20|S:10|M:10|L:10|XL:10"
250740,"2022-09-15 08:39:53.45","#NA0740",50.00,68.00,93.00,120.90,"2022-12-20","127590387","PO",4,,,,"",,"NA0740A1",30045,8002,"2022-12-20","2023-01-20","USD",93.00,90,"3XS:10|2XS:20|XS:20|S:10|M:10|L:10|XL:10"
250741,"2022-09-15 08:39:53.45","#NA0741",50.00,68.00,93.00,120.90,"2022-12-20","127590468","PO",4,,,,"",,"NA0741A1",30045,1002,"2022-12-20","2023-01-20","USD",93.00,90,"3XS:10|2XS:20|XS:20|S:10|M:10|L:10|XL:10"
250742,"2022-09-15 08:39:53.45","#NA0742",50.00,68.00,93.00,120.90,"2022-12-20","127590468","PO",4,,,,"",,"NA0742A0",30029,3002,"2022-12-20","2023-01-20","USD",93.00,90,"3XS:10|2XS:20|XS:20|S:10|M:10|L:10|XL:10"
250743,"2022-09-15 08:39:53.45","#NA0743",50.00,68.00,93.00,120.90,"2022-12-20","127590468","PO",4,,,,"",,"NA0743A1",30045,5002,"2022-12-20","2023-01-20","USD",93.00,90,"3XS:10|2XS:20|XS:20|S:10|M:10|L:10|XL:10"
250744,"2022-09-15 08:39:53.45","#NA0744",50.00,68.00,93.00,120.90,"2022-12-20","127590468","PO",4,,,,"",,"NA0744A0",30029,6002,"2022-12-20","2023-01-20","USD",93.00,90,"3XS:10|2XS:20|XS:20|S:10|M:10|L:10|XL:10"
250745,"2022-09-15 08:39:53.45","#NA0745",50.00,68.00,93.00,120.90,"2022-12-20","127590468","PO",4,,,,"",,"NA0745A1",30045,8002,"2022-12-20","2023-01-20","USD",93.00,90,"3XS:10|2XS:20|XS:20|S:10|M:10|L:10|XL:10"
250746,"2022-09-15 08:39:53.45","#NA0746",50.00,68.00,93.00,120.90,"2022-12-20","127588611","PO",4,,,,"",,"NA0746A1",30045,1002,"2022-12-20","2023-01-20","USD",93.00,90,"3XS:10|2XS:20|XS:20|S:10|M:10|L:10|XL:10"
250747,"2022-09-15 08:39:53.45","#NA0747",50.00,68.00,93.00,120.90,"2022-12-20","127588611","PO",4,,,,"",,"NA0747A0",30029,3002,"2022-12-20","2023-01-20","USD",93.00,90,"3XS:10|2XS:20|XS:20|S:10|M:10|L:10|XL:10"
250748,"2022-09-15 08:39:53.45","#NA0748",50.00,68.00,93.00,120.90,"2022-12-20","127588611","PO",4,,,,"",,"NA0748A1",30045,5002,"2022-12-20","2023-01-20","USD",93.00,90,"3XS:10|2XS:20|XS:20|S:10|M:10|L:10|XL:10"
250749,"2022-09-15 08:39:53.45","#NA0749",50.00,68.00,93.00,120.90,"2022-12-20","127588611","PO",4,,,,"",,"NA0749A0",30029,6002,"2022-12-20","2023-01-20","USD",93.00,90,"3XS:10|2XS:20|XS:20|S:10|M:10|L:10|XL:10"
250750,"2022-09-15 08:39:53.45","#NA0750",50.00,68.00,93.00,120.90,"2022-12-20","127588611","PO",4,,,,"",,"NA0750A1",30045,8002,"2022-12-20","2023-01-20","USD",93.00,90,"3XS:10|2XS:20|XS:20|S:10|M:10|L:10|XL:10"
250751,"2022-09-15 08:39:53.45","#NA0751",50.00,68.00,93.00,120.90,"2022-12-20","127588619","PO",4,,,,"",,"NA0751A1",30045,1002,"2022-12-20","2023-01-20","USD",93.00,90,"3XS:10|2XS:20|XS:20|S:10|M:10|L:10|XL:10"
250752,"2022-09-15 08:39:53.45","#NA0752",50.00,68.00,93.00,120.90,"2022-12-20","127588619","PO",4,,,,"",,"NA0752A0",30029,3002,"2022-12-20","2023-01-20","USD",93.00,90,"3XS:10|2XS:20|XS:20|S:10|M:10|L:10|XL:10"
250753,"2022-09-15 08:39:53.45","#NA0753",50.00,68.00,93.00,120.90,"2022-12-20","127588619","PO",4,,,,"",,"NA0753A1",30045,5002,"2022-12-20","2023-01-20","USD",93.00,90,"3XS:10|2XS:20|XS:20|S:10|M:10|L:10|XL:10"
250754,"2022-09-15 08:39:53.45","#NA0754",50.00,68.00,93.00,120.90,"2022-12-20","127588619","PO",4,,,,"",,"NA0754A0",30029,6002,"2022-12-20","2023-01-20","USD",93.00,90,"3XS:10|2XS:20|XS:20|S:10|M:10|L:10|XL:10"
250755,"2022-09-15 08:39:53.45","#NA0755",50.00,68.00,93.00,120.90,"2022-12-20","127588619","PO",4,,,,"",,"NA0755A1",30045,8002,"2022-12-20","2023-01-20","USD",93.00,90,"3XS:10|2XS:20|XS:20|S:10|M:10|L:10|XL:10"
250756,"2022-09-15 08:39:53.45","#NA0756",50.00,68.00,93.00,120.90,"2022-12-20","127588835","PO",4,,,,"",,"NA0756A1",30045,1002,"2022-12-20","2023-01-20","USD",93.00,90,"3XS:10|2XS:20|XS:20|S:10|M:10|L:10|XL:10"
250757,"2022-09-15 08:39:53.45","#NA0757",50.00,68.00,93.00,120.90,"2022-12-20","127588835","PO",4,,,,"",,"NA0757A0",30029,3002,"2022-12-20","2023-01-20","USD",93.00,90,"3XS:10|2XS:20|XS:20|S:10|M:10|L:10|XL:10"
250758,"2022-09-15 08:39:53.45","#NA0758",50.00,68.00,93.00,120.90,"2022-12-20","127588835","PO",4,,,,"",,"NA0758A1",30045,5002,"2022-12-20","2023-01-20","USD",93.00,90,"3XS:10|2XS:20|XS:20|S:10|M:10|L:10|XL:10"
250759,"2022-09-15 08:39:53.45","#NA0759",50.00,68.00,93.00,120.90,"2022-12-20","127588835","PO",4,,,,"",,"NA0759A0",30029,6002,"2022-12-20","2023-01-20","USD",93.00,90,"3XS:10|2XS:20|XS:20|S:10|M:10|L:10|XL:10"
250760,"2022-09-15 08:39:53.45","#NA0760",50.00,68.00,93.00,120.90,"2022-12-20","127588835","PO",4,,,,"",,"NA0760A1",30045,8002,"2022-12-20","2023-01-20","USD",93.00,90,"3XS:10|2XS:20|XS:20|S:10|M:10|L:10|XL:10"
250761,"2022-09-15 08:39:53.45","#NA0761",50.00,68.00,93.00,120.90,"2022-12-20","127588843","PO",4,,,,"",,"NA0761A1",30045,1002,"2022-12-20","2023-01-20","USD",93.00,90,"3XS:10|2XS:20|XS:20|S:10|M:10|L:10|XL:10"
250762,"2022-09-15 08:39:53.45","#NA0762",50.00,68.00,93.00,120.90,"2022-12-20","127588843","PO",4,,,,"",,"NA0762A0",30029,3002,"2022-12-20","2023-01-20","USD",93.00,90,"3XS:10|2XS:20|XS:20|S:10|M:10|L:10|XL:10"
250763,"2022-09-15 08:39:53.45","#NA0763",50.00,68.00,93.00,120.90,"2022-12-20","127588843","PO",4,,,,"",,"NA0763A1",30045,5002,"2022-12-20","2023-01-20","USD",93.00,90,"3XS:10|2XS:20|XS:20|S:10|M:10|L:10|XL:10"
250764,"2022-09-15 08:39:53.45","#NA0764",50.00,68.00,93.00,120.90,"2022-12-20","127588843","PO",4,,,,"",,"NA0764A0",30029,6002,"2022-12-20","2023-01-20","USD",93.00,90,"3XS:10|2XS:20|XS:20|S:10|M:10|L:10|XL:10"
250765,"2022-09-15 08:39:53.45","#NA0765",50.00,68.00,93.00,120.90,"2022-12-20","127588843","PO",4,,,,"",,"NA0765A1",30045,8002,"2022-12-20","2023-01-20","USD",93.00,90,"3XS:10|2XS:20|XS:20|S:10|M:10|L:10|XL:10"
250766,"2022-09-15 08:39:53.45","#NA0766",50.00,68.00,93.00,120.90,"2022-12-20","127590239","PO",4,,,,"",,"NA0766A1",30045,1002,"2022-12-20","2023-01-20","USD",93.00,90,"3XS:10|2XS:20|XS:20|S:10|M:10|L:10|XL:10"
250767,"2022-09-15 08:39:53.45","#NA0767",50.00,68.00,93.00,120.90,"2022-12-20","127590239","PO",4,,,,"",,"NA0767A0",30029,3002,"2022-12-20","2023-01-20","USD",93.00,90,"3XS:10|2XS:20|XS:20|S:10|M:10|L:10|XL:10"
250768,"2022-09-15 08:39:53.45","#NA0768",50.00,68.00,93.00,120.90,"2022-12-20","127590239","PO",4,,,,"",,"NA0768A1",30045,5002,"2022-12-20","2023-01-20","USD",93.00,90,"3XS:10|2XS:20|XS:20|S:10|M:10|L:10|XL:10"
250769,"2022-09-15 08:39:53.45","#NA0769",50.00,68.00,93.00,120.90,"2022-12-20","127590239","PO",4,,,,"",,"NA0769A0",30029,6002,"2022-12-20","2023-01-20","USD",93.00,90,"3XS:10|2XS:20|XS:20|S:10|M:10|L:10|XL:10"
250770,"2022-09-15 08:39:53.45","#NA0770",50.00,68.00,93.00,120.90,"2022-12-20","127590239","PO",4,,,,"",,"NA0770A1",30045,8002,"2022-12-20","2023-01-20","USD",93.00,90,"3XS:10|2XS:20|XS:20|S:10|M:10|L:10|XL:10"
250771,"2022-09-15 08:39:53.45","#NA0771",50.00,68.00,93.00,120.90,"2022-12-20","127590551","PO",4,,,,"",,"NA0771A1",30045,1002,"2022-12-20","2023-01-20","USD",93.00,90,"3XS:10|2XS:20|XS:20|S:10|M:10|L:10|XL:10"
250772,"2022-09-15 08:39:53.45","#NA0772",50.00,68.00,93.00,120.90,"2022-12-20","127590551","PO",4,,,,"",,"NA0772A0",30029,3002,"2022-12-20","2023-01-20","USD",93.00,90,"3XS:10|2XS:20|XS:20|S:10|M:10|L:10|XL:10"
250773,"2022-09-15 08:39:53.45","#NA0773",50.00,68.00,93.00,120.90,"2022-12-20","127590551","PO",4,,,,"",,"NA0773A1",30045,5002,"2022-12-20","2023-01-20","USD",93.00,90,"3XS:10|2XS:20|XS:20|S:10|M:10|L:10|XL:10"
250774,"2022-09-15 08:39:53.45","#NA0774",50.00,68.00,93.00,120.90,"2022-12-20","127590551","PO",4,,,,"",,"NA0774A0",30029,6002,"2022-12-20","2023-01-20","USD",93.00,90,"3XS:10|2XS:20|XS:20|S:10|M:10|L:10|XL:10"
250775,"2022-09-15 08:39:53.45","#NA0775",50.00,68.00,93.00,120.90,"2022-12-20","127590551","PO",4,,,,"",,"NA0775A1",30045,8002,"2022-12-20","2023-01-20","USD",93.00,90,"3XS:10|2XS:20|XS:20|S:10|M:10|L:10|XL:10"
250776,"2022-09-15 08:39:53.45","#NA0776",50.00,68.00,93.00,120.90,"2022-12-20","127588403","PO",4,,,,"",,"NA0776A1",30045,1002,"2022-12-20","2023-01-20","USD",93.00,90,"3XS:10|2XS:20|XS:20|S:10|M:10|L:10|XL:10"
250777,"2022-09-15 08:39:53.45","#NA0777",50.00,68.00,93.00,120.90,"2022-12-20","127588403","PO",4,,,,"",,"NA0777A0",30029,3002,"2022-12-20","2023-01-20","USD",93.00,90,"3XS:10|2XS:20|XS:20|S:10|M:10|L:10|XL:10"
250778,"2022-09-15 08:39:53.45","#NA0778",50.00,68.00,93.00,120.90,"2022-12-20","127588403","PO",4,,,,"",,"NA0778A1",30045,5002,"2022-12-20","2023-01-20","USD",93.00,90,"3XS:10|2XS:20|XS:20|S:10|M:10|L:10|XL:10"
250779,"2022-09-15 08:39:53.45","#NA0779",50.00,68.00,93.00,120.90,"2022-12-20","127588403","PO",4,,,,"",,"NA0779A0",30029,6002,"2022-12-20","2023-01-20","USD",93.00,90,"3XS:10|2XS:20|XS:20|S:10|M:10|L:10|XL:10"
250780,"2022-09-15 08:39:53.45","#NA0780",50.00,68.00,93.00,120.90,"2022-12-20","127588403","PO",4,,,,"",,"NA0780A1",30045,8002,"2022-12-20","2023-01-20","USD",93.00,90,"3XS:10|2XS:20|XS:20|S:10|M:10|L:10|XL:10"
250781,"2022-09-15 08:39:53.45","#NA0781",50.00,68.00,93.00,120.90,"2022-12-20","127588411","PO",4,,,,"",,"NA0781A1",30045,1002,"2022-12-20","2023-01-20","USD",93.00,90,"3XS:10|2XS:20|XS:20|S:10|M:10|L:10|XL:10"
250782,"2022-09-15 08:39:53.45","#NA0782",50.00,68.00,93.00,120.90,"2022-12-20","127588411","PO",4,,,,"",,"NA0782A0",30029,3002,"2022-12-20","2023-01-20","USD",93.00,90,"3XS:10|2XS:20|XS:20|S:10|M:10|L:10|XL:10"
250783,"2022-09-15 08:39:53.45","#NA0783",50.00,68.00,93.00,120.90,"2022-12-20","127588411","PO",4,,,,"",,"NA0783A1",30045,5002,"2022-12-20","2023-01-20","USD",93.00,90,"3XS:10|2XS:20|XS:20|S:10|M:10|L:10|XL:10"
250784,"2022-09-15 08:39:53.45","#NA0784",50.00,68.00,93.00,120.90,"2022-12-20","127588411","PO",4,,,,"",,"NA0784A0",30029,6002,"2022-12-20","2023-01-20","USD",93.00,90,"3XS:10|2XS:20|XS:20|S:10|M:10|L:10|XL:10"
250785,"2022-09-15 08:39:53.45","#NA0785",50.00,68.00,93.00,120.90,"2022-12-20","127588411","PO",4,,,,"",,"NA0785A1",30045,8002,"2022-12-20","2023-01-20","USD",93.00,90,"3XS:10|2XS:20|XS:20|S:10|M:10|L:10|XL:10"
250786,"2022-09-15 08:39:53.45","#NA0786",50.00,68.00,93.00,120.90,"2022-12-20","127588627","PO",4,,,,"",,"NA0786A1",30045,1002,"2022-12-20","2023-01-20","USD",93.00,90,"3XS:10|2XS:20|XS:20|S:10|M:10|L:10|XL:10"
250787,"2022-09-15 08:39:53.45","#NA0787",50.00,68.00,93.00,120.90,"2022-12-20","127588627","PO",4,,,,"",,"NA0787A0",30029,3002,"2022-12-20","2023-01-20","USD",93.00,90,"3XS:10|2XS:20|XS:20|S:10|M:10|L:10|XL:10"
250788,"2022-09-15 08:39:53.45","#NA0788",50.00,68.00,93.00,120.90,"2022-12-20","127588627","PO",4,,,,"",,"NA0788A1",30045,5002,"2022-12-20","2023-01-20","USD",93.00,90,"3XS:10|2XS:20|XS:20|S:10|M:10|L:10|XL:10"
250789,"2022-09-15 08:39:53.45","#NA0789",50.00,68.00,93.00,120.90,"2022-12-20","127588627","PO",4,,,,"",,"NA0789A0",30029,6002,"2022-12-20","2023-01-20","USD",93.00,90,"3XS:10|2XS:20|XS:20|S:10|M:10|L:10|XL:10"
250790,"2022-09-15 08:39:53.45","#NA0790",50.00,68.00,93.00,120.90,"2022-12-20","127588627","PO",4,,,,"",,"NA0790A1",30045,8002,"2022-12-20","2023-01-20","USD",93.00,90,"3XS:10|2XS:20|XS:20|S:10|M:10|L:10|XL:10"
250791,"2022-09-15 08:39:53.45","#NA0791",50.00,68.00,93.00,120.90,"2022-12-20","127588635","PO",4,,,,"",,"NA0791A1",30045,1002,"2022-12-20","2023-01-20","USD",93.00,90,"3XS:10|2XS:20|XS:20|S:10|M:10|L:10|XL:10"
250792,"2022-09-15 08:39:53.45","#NA0792",50.00,68.00,93.00,120.90,"2022-12-20","127588635","PO",4,,,,"",,"NA0792A0",30029,3002,"2022-12-20","2023-01-20","USD",93.00,90,"3XS:10|2XS:20|XS:20|S:10|M:10|L:10|XL:10"
250793,"2022-09-15 08:39:53.45","#NA0793",50.00,68.00,93.00,120.90,"2022-12-20","127588635","PO",4,,,,"",,"NA0793A1",30045,5002,"2022-12-20","2023-01-20","USD",93.00,90,"3XS:10|2XS:20|XS:20|S:10|M:10|L:10|XL:10"
250794,"2022-09-15 08:39:53.45","#NA0794",50.00,68.00,93.00,120.90,"2022-12-20","127588635","PO",4,,,,"",,"NA0794A0",30029,6002,"2022-12-20","2023-01-20","USD",93.00,90,"3XS:10|2XS:20|XS:20|S:10|M:10|L:10|XL:10"
250795,"2022-09-15 08:39:53.45","#NA0795",50.00,68.00,93.00,120.90,"2022-12-20","127588635","PO",4,,,,"",,"NA0795A1",30045,8002,"2022-12-20","2023-01-20","USD",93.00,90,"3XS:10|2XS:20|XS:20|S:10|M:10|L:10|XL:10"
250796,"2022-09-15 08:39:53.45","#NA0796",50.00,68.00,93.00,120.90,"2022-12-20","127588851","PO",4,,,,"",,"NA0796A1",30045,1002,"2022-12-20","2023-01-20","USD",93.00,90,"3XS:10|2XS:20|XS:20|S:10|M:10|L:10|XL:10"
250797,"2022-09-15 08:39:53.45","#NA0797",50.00,68.00,93.00,120.90,"2022-12-20","127588851","PO",4,,,,"",,"NA0797A0",30029,3002,"2022-12-20","2023-01-20","USD",93.00,90,"3XS:10|2XS:20|XS:20|S:10|M:10|L:10|XL:10"
250798,"2022-09-15 08:39:53.45","#NA0798",50.00,68.00,93.00,120.90,"2022-12-20","127588851","PO",4,,,,"",,"NA0798A1",30045,5002,"2022-12-20","2023-01-20","USD",93.00,90,"3XS:10|2XS:20|XS:20|S:10|M:10|L:10|XL:10"
250799,"2022-09-15 08:39:53.45","#NA0799",50.00,68.00,93.00,120.90,"2022-12-20","127588851","PO",4,,,,"",,"NA0799A0",30029,6002,"2022-12-20","2023-01-20","USD",93.00,90,"3XS:10|2XS:20|XS:20|S:10|M:10|L:10|XL:10"
250800,"2022-09-15 08:39:53.45","#NA0800",50.00,68.00,93.00,120.90,"2022-12-20","127588851","PO",4,,,,"",,"NA0800A1",30045,8002,"2022-12-20","2023-01-20","USD",93.00,90,"3XS:10|2XS:20|XS:20|S:10|M:10|L:10|XL:10"
250801,"2022-09-15 08:39:53.45","#NA0801",50.00,68.00,93.00,120.90,"2022-12-20","127590337","PO",4,,,,"",,"NA0801A1",30045,1002,"2022-12-20","2023-01-20","USD",93.00,90,"3XS:10|2XS:20|XS:20|S:10|M:10|L:10|XL:10"
250802,"2022-09-15 08:39:53.45","#NA0802",50.00,68.00,93.00,120.90,"2022-12-20","127590337","PO",4,,,,"",,"NA0802A0",30029,3002,"2022-12-20","2023-01-20","USD",93.00,90,"3XS:10|2XS:20|XS:20|S:10|M:10|L:10|XL:10"
250803,"2022-09-15 08:39:53.45","#NA0803",50.00,68.00,93.00,120.90,"2022-12-20","127590337","PO",4,,,,"",,"NA0803A1",30045,5002,"2022-12-20","2023-01-20","USD",93.00,90,"3XS:10|2XS:20|XS:20|S:10|M:10|L:10|XL:10"
250804,"2022-09-15 08:39:53.45","#NA0804",50.00,68.00,93.00,120.90,"2022-12-20","127590337","PO",4,,,,"",,"NA0804A0",30029,6002,"2022-12-20","2023-01-20","USD",93.00,90,"3XS:10|2XS:20|XS:20|S:10|M:10|L:10|XL:10"
250805,"2022-09-15 08:39:53.45","#NA0805",50.00,68.00,93.00,120.90,"2022-12-20","127590337","PO",4,,,,"",,"NA0805A1",30045,8002,"2022-12-20","2023-01-20","USD",93.00,90,"3XS:10|2XS:20|XS:20|S:10|M:10|L:10|XL:10"
250806,"2022-09-15 08:39:53.45","#NA0806",50.00,68.00,93.00,120.90,"2022-12-20","127590436","PO",4,,,,"",,"NA0806A1",30045,1002,"2022-12-20","2023-01-20","USD",93.00,90,"3XS:10|2XS:20|XS:20|S:10|M:10|L:10|XL:10"
250807,"2022-09-15 08:39:53.45","#NA0807",50.00,68.00,93.00,120.90,"2022-12-20","127590436","PO",4,,,,"",,"NA0807A0",30029,3002,"2022-12-20","2023-01-20","USD",93.00,90,"3XS:10|2XS:20|XS:20|S:10|M:10|L:10|XL:10"
250808,"2022-09-15 08:39:53.45","#NA0808",50.00,68.00,93.00,120.90,"2022-12-20","127590436","PO",4,,,,"",,"NA0808A1",30045,5002,"2022-12-20","2023-01-20","USD",93.00,90,"3XS:10|2XS:20|XS:20|S:10|M:10|L:10|XL:10"
250809,"2022-09-15 08:39:53.45","#NA0809",50.00,68.00,93.00,120.90,"2022-12-20","127590436","PO",4,,,,"",,"NA0809A0",30029,6002,"2022-12-20","2023-01-20","USD",93.00,90,"3XS:10|2XS:20|XS:20|S:10|M:10|L:10|XL:10"
250810,"2022-09-15 08:39:53.45","#NA0810",50.00,68.00,93.00,120.90,"2022-12-20","127590436","PO",4,,,,"",,"NA0810A1",30045,8002,"2022-12-20","2023-01-20","USD",93.00,90,"3XS:10|2XS:20|XS:20|S:10|M:10|L:10|XL:10"
250811,"2022-09-15 08:39:53.45","#NA0811",50.00,68.00,93.00,120.90,"2022-12-20","127590633","PO",4,,,,"",,"NA0811A1",30045,1002,"2022-12-20","2023-01-20","USD",93.00,90,"3XS:10|2XS:20|XS:20|S:10|M:10|L:10|XL:10"
250812,"2022-09-15 08:39:53.45","#NA0812",50.00,68.00,93.00,120.90,"2022-12-20","127590633","PO",4,,,,"",,"NA0812A0",30029,3002,"2022-12-20","2023-01-20","USD",93.00,90,"3XS:10|2XS:20|XS:20|S:10|M:10|L:10|XL:10"
250813,"2022-09-15 08:39:53.45","#NA0813",50.00,68.00,93.00,120.90,"2022-12-20","127590633","PO",4,,,,"",,"NA0813A1",30045,5002,"2022-12-20","2023-01-20","USD",93.00,90,"3XS:10|2XS:20|XS:20|S:10|M:10|L:10|XL:10"
250814,"2022-09-15 08:39:53.45","#NA0814",50.00,68.00,93.00,120.90,"2022-12-20","127590633","PO",4,,,,"",,"NA0814A0",30029,6002,"2022-12-20","2023-01-20","USD",93.00,90,"3XS:10|2XS:20|XS:20|S:10|M:10|L:10|XL:10"
250815,"2022-09-15 08:39:53.45","#NA0815",50.00,68.00,93.00,120.90,"2022-12-20","127590633","PO",4,,,,"",,"NA0815A1",30045,8002,"2022-12-20","2023-01-20","USD",93.00,90,"3XS:10|2XS:20|XS:20|S:10|M:10|L:10|XL:10"
250816,"2022-09-15 08:39:53.45","#NA0816",50.00,68.00,93.00,120.90,"2022-12-20","127590714","PO",4,,,,"",,"NA0816A1",30045,1002,"2022-12-20","2023-01-20","USD",93.00,90,"3XS:10|2XS:20|XS:20|S:10|M:10|L:10|XL:10"
250817,"2022-09-15 08:39:53.45","#NA0817",50.00,68.00,93.00,120.90,"2022-12-20","127590714","PO",4,,,,"",,"NA0817A0",30029,3002,"2022-12-20","2023-01-20","USD",93.00,90,"3XS:10|2XS:20|XS:20|S:10|M:10|L:10|XL:10"
250818,"2022-09-15 08:39:53.45","#NA0818",50.00,68.00,93.00,120.90,"2022-12-20","127590714","PO",4,,,,"",,"NA0818A1",30045,5002,"2022-12-20","2023-01-20","USD",93.00,90,"3XS:10|2XS:20|XS:20|S:10|M:10|L:10|XL:10"
250819,"2022-09-15 08:39:53.45","#NA0819",50.00,68.00,93.00,120.90,"2022-12-20","127590714","PO",4,,,,"",,"NA0819A0",30029,6002,"2022-12-20","2023-01-20","USD",93.00,90,"3XS:10|2XS:20|XS:20|S:10|M:10|L:10|XL:10"
250820,"2022-09-15 08:39:53.45","#NA0820",50.00,68.00,93.00,120.90,"2022-12-20","127590714","PO",4,,,,"",,"NA0820A1",30045,8002,"2022-12-20","2023-01-20","USD",93.00,90,"3XS:10|2XS:20|XS:20|S:10|M:10|L:10|XL:10"
250821,"2022-09-15 08:39:53.45","#NA0821",50.00,68.00,93.00,120.90,"2022-12-20","127588419","PO",4,,,,"",,"NA0821A1",30045,1002,"2022-12-20","2023-01-20","USD",93.00,90,"3XS:10|2XS:20|XS:20|S:10|M:10|L:10|XL:10"
250822,"2022-09-15 08:39:53.45","#NA0822",50.00,68.00,93.00,120.90,"2022-12-20","127588419","PO",4,,,,"",,"NA0822A0",30029,3002,"2022-12-20","2023-01-20","USD",93.00,90,"3XS:10|2XS:20|XS:20|S:10|M:10|L:10|XL:10"
250823,"2022-09-15 08:39:53.45","#NA0823",50.00,68.00,93.00,120.90,"2022-12-20","127588419","PO",4,,,,"",,"NA0823A1",30045,5002,"2022-12-20","2023-01-20","USD",93.00,90,"3XS:10|2XS:20|XS:20|S:10|M:10|L:10|XL:10"
250824,"2022-09-15 08:39:53.45","#NA0824",50.00,68.00,93.00,120.90,"2022-12-20","127588419","PO",4,,,,"",,"NA0824A0",30029,6002,"2022-12-20","2023-01-20","USD",93.00,90,"3XS:10|2XS:20|XS:20|S:10|M:10|L:10|XL:10"
250825,"2022-09-15 08:39:53.45","#NA0825",50.00,68.00,93.00,120.90,"2022-12-20","127588419","PO",4,,,,"",,"NA0825A1",30045,8002,"2022-12-20","2023-01-20","USD",93.00,90,"3XS:10|2XS:20|XS:20|S:10|M:10|L:10|XL:10"
250826,"2022-09-15 08:39:53.45","#NA0826",50.00,68.00,93.00,120.90,"2022-12-20","127588427","PO",4,,,,"",,"NA0826A1",30045,1002,"2022-12-20","2023-01-20","USD",93.00,90,"3XS:10|2XS:20|XS:20|S:10|M:10|L:10|XL:10"
250827,"2022-09-15 08:39:53.45","#NA0827",50.00,68.00,93.00,120.90,"2022-12-20","127588427","PO",4,,,,"",,"NA0827A0",30029,3002,"2022-12-20","2023-01-20","USD",93.00,90,"3XS:10|2XS:20|XS:20|S:10|M:10|L:10|XL:10"
250828,"2022-09-15 08:39:53.45","#NA0828",50.00,68.00,93.00,120.90,"2022-12-20","127588427","PO",4,,,,"",,"NA0828A1",30045,5002,"2022-12-20","2023-01-20","USD",93.00,90,"3XS:10|2XS:20|XS:20|S:10|M:10|L:10|XL:10"
250829,"2022-09-15 08:39:53.45","#NA0829",50.00,68.00,93.00,120.90,"2022-12-20","127588427","PO",4,,,,"",,"NA0829A0",30029,6002,"2022-12-20","2023-01-20","USD",93.00,90,"3XS:10|2XS:20|XS:20|S:10|M:10|L:10|XL:10"
250830,"2022-09-15 08:39:53.45","#NA0830",50.00,68.00,93.00,120.90,"2022-12-20","127588427","PO",4,,,,"",,"NA0830A1",30045,8002,"2022-12-20","2023-01-20","USD",93.00,90,"3XS:10|2XS:20|XS:20|S:10|M:10|L:10|XL:10"
250831,"2022-09-15 08:39:53.45","#NA0831",50.00,68.00,93.00,120.90,"2022-12-20","127588643","PO",4,,,,"",,"NA0831A1",30045,1002,"2022-12-20","2023-01-20","USD",93.00,90,"3XS:10|2XS:20|XS:20|S:10|M:10|L:10|XL:10"
250832,"2022-09-15 08:39:53.45","#NA0832",50.00,68.00,93.00,120.90,"2022-12-20","127588643","PO",4,,,,"",,"NA0832A0",30029,3002,"2022-12-20","2023-01-20","USD",93.00,90,"3XS:10|2XS:20|XS:20|S:10|M:10|L:10|XL:10"
250833,"2022-09-15 08:39:53.45","#NA0833",50.00,68.00,93.00,120.90,"2022-12-20","127588643","PO",4,,,,"",,"NA0833A1",30045,5002,"2022-12-20","2023-01-20","USD",93.00,90,"3XS:10|2XS:20|XS:20|S:10|M:10|L:10|XL:10"
250834,"2022-09-15 08:39:53.45","#NA0834",50.00,68.00,93.00,120.90,"2022-12-20","127588643","PO",4,,,,"",,"NA0834A0",30029,6002,"2022-12-20","2023-01-20","USD",93.00,90,"3XS:10|2XS:20|XS:20|S:10|M:10|L:10|XL:10"
250835,"2022-09-15 08:39:53.45","#NA0835",50.00,68.00,93.00,120.90,"2022-12-20","127588643","PO",4,,,,"",,"NA0835A1",30045,8002,"2022-12-20","2023-01-20","USD",93.00,90,"3XS:10|2XS:20|XS:20|S:10|M:10|L:10|XL:10"
250836,"2022-09-15 08:39:53.45","#NA0836",50.00,68.00,93.00,120.90,"2022-12-20","127588859","PO",4,,,,"",,"NA0836A1",30045,1002,"2022-12-20","2023-01-20","USD",93.00,90,"3XS:10|2XS:20|XS:20|S:10|M:10|L:10|XL:10"
250837,"2022-09-15 08:39:53.45","#NA0837",50.00,68.00,93.00,120.90,"2022-12-20","127588859","PO",4,,,,"",,"NA0837A0",30029,3002,"2022-12-20","2023-01-20","USD",93.00,90,"3XS:10|2XS:20|XS:20|S:10|M:10|L:10|XL:10"
250838,"2022-09-15 08:39:53.45","#NA0838",50.00,68.00,93.00,120.90,"2022-12-20","127588859","PO",4,,,,"",,"NA0838A1",30045,5002,"2022-12-20","2023-01-20","USD",93.00,90,"3XS:10|2XS:20|XS:20|S:10|M:10|L:10|XL:10"
250839,"2022-09-15 08:39:53.45","#NA0839",50.00,68.00,93.00,120.90,"2022-12-20","127588859","PO",4,,,,"",,"NA0839A0",30029,6002,"2022-12-20","2023-01-20","USD",93.00,90,"3XS:10|2XS:20|XS:20|S:10|M:10|L:10|XL:10"
250840,"2022-09-15 08:39:53.45","#NA0840",50.00,68.00,93.00,120.90,"2022-12-20","127588859","PO",4,,,,"",,"NA0840A1",30045,8002,"2022-12-20","2023-01-20","USD",93.00,90,"3XS:10|2XS:20|XS:20|S:10|M:10|L:10|XL:10"
250841,"2022-09-15 08:39:53.45","#NA0841",50.00,68.00,93.00,120.90,"2022-12-20","127588867","PO",4,,,,"",,"NA0841A1",30045,1002,"2022-12-20","2023-01-20","USD",93.00,90,"3XS:10|2XS:20|XS:20|S:10|M:10|L:10|XL:10"
250842,"2022-09-15 08:39:53.45","#NA0842",50.00,68.00,93.00,120.90,"2022-12-20","127588867","PO",4,,,,"",,"NA0842A0",30029,3002,"2022-12-20","2023-01-20","USD",93.00,90,"3XS:10|2XS:20|XS:20|S:10|M:10|L:10|XL:10"
250843,"2022-09-15 08:39:53.45","#NA0843",50.00,68.00,93.00,120.90,"2022-12-20","127588867","PO",4,,,,"",,"NA0843A1",30045,5002,"2022-12-20","2023-01-20","USD",93.00,90,"3XS:10|2XS:20|XS:20|S:10|M:10|L:10|XL:10"
250844,"2022-09-15 08:39:53.45","#NA0844",50.00,68.00,93.00,120.90,"2022-12-20","127588867","PO",4,,,,"",,"NA0844A0",30029,6002,"2022-12-20","2023-01-20","USD",93.00,90,"3XS:10|2XS:20|XS:20|S:10|M:10|L:10|XL:10"
250845,"2022-09-15 08:39:53.45","#NA0845",50.00,68.00,93.00,120.90,"2022-12-20","127588867","PO",4,,,,"",,"NA0845A1",30045,8002,"2022-12-20","2023-01-20","USD",93.00,90,"3XS:10|2XS:20|XS:20|S:10|M:10|L:10|XL:10"
250846,"2022-09-15 08:39:53.45","#NA0846",50.00,68.00,93.00,120.90,"2022-12-20","127590515","PO",4,,,,"",,"NA0846A1",30045,1002,"2022-12-20","2023-01-20","USD",93.00,90,"3XS:10|2XS:20|XS:20|S:10|M:10|L:10|XL:10"
250847,"2022-09-15 08:39:53.45","#NA0847",50.00,68.00,93.00,120.90,"2022-12-20","127590515","PO",4,,,,"",,"NA0847A0",30029,3002,"2022-12-20","2023-01-20","USD",93.00,90,"3XS:10|2XS:20|XS:20|S:10|M:10|L:10|XL:10"
250848,"2022-09-15 08:39:53.45","#NA0848",50.00,68.00,93.00,120.90,"2022-12-20","127590515","PO",4,,,,"",,"NA0848A1",30045,5002,"2022-12-20","2023-01-20","USD",93.00,90,"3XS:10|2XS:20|XS:20|S:10|M:10|L:10|XL:10"
250849,"2022-09-15 08:39:53.45","#NA0849",50.00,68.00,93.00,120.90,"2022-12-20","127590515","PO",4,,,,"",,"NA0849A0",30029,6002,"2022-12-20","2023-01-20","USD",93.00,90,"3XS:10|2XS:20|XS:20|S:10|M:10|L:10|XL:10"
250850,"2022-09-15 08:39:53.45","#NA0850",50.00,68.00,93.00,120.90,"2022-12-20","127590515","PO",4,,,,"",,"NA0850A1",30045,8002,"2022-12-20","2023-01-20","USD",93.00,90,"3XS:10|2XS:20|XS:20|S:10|M:10|L:10|XL:10"
250851,"2022-09-15 08:39:53.45","#NA0851",50.00,68.00,93.00,120.90,"2022-12-20","127590596","PO",4,,,,"",,"NA0851A1",30045,1002,"2022-12-20","2023-01-20","USD",93.00,90,"3XS:10|2XS:20|XS:20|S:10|M:10|L:10|XL:10"
250852,"2022-09-15 08:39:53.45","#NA0852",50.00,68.00,93.00,120.90,"2022-12-20","127590596","PO",4,,,,"",,"NA0852A0",30029,3002,"2022-12-20","2023-01-20","USD",93.00,90,"3XS:10|2XS:20|XS:20|S:10|M:10|L:10|XL:10"
250853,"2022-09-15 08:39:53.45","#NA0853",50.00,68.00,93.00,120.90,"2022-12-20","127590596","PO",4,,,,"",,"NA0853A1",30045,5002,"2022-12-20","2023-01-20","USD",93.00,90,"3XS:10|2XS:20|XS:20|S:10|M:10|L:10|XL:10"
250854,"2022-09-15 08:39:53.45","#NA0854",50.00,68.00,93.00,120.90,"2022-12-20","127590596","PO",4,,,,"",,"NA0854A0",30029,6002,"2022-12-20","2023-01-20","USD",93.00,90,"3XS:10|2XS:20|XS:20|S:10|M:10|L:10|XL:10"
250855,"2022-09-15 08:39:53.45","#NA0855",50.00,68.00,93.00,120.90,"2022-12-20","127590596","PO",4,,,,"",,"NA0855A1",30045,8002,"2022-12-20","2023-01-20","USD",93.00,90,"3XS:10|2XS:20|XS:20|S:10|M:10|L:10|XL:10"
250856,"2022-09-15 08:39:53.45","#NA0856",50.00,68.00,93.00,120.90,"2022-12-20","127588435","PO",4,,,,"",,"NA0856A1",30045,1002,"2022-12-20","2023-01-20","USD",93.00,90,"3XS:10|2XS:20|XS:20|S:10|M:10|L:10|XL:10"
250857,"2022-09-15 08:39:53.45","#NA0857",50.00,68.00,93.00,120.90,"2022-12-20","127588435","PO",4,,,,"",,"NA0857A0",30029,3002,"2022-12-20","2023-01-20","USD",93.00,90,"3XS:10|2XS:20|XS:20|S:10|M:10|L:10|XL:10"
250858,"2022-09-15 08:39:53.45","#NA0858",50.00,68.00,93.00,120.90,"2022-12-20","127588435","PO",4,,,,"",,"NA0858A1",30045,5002,"2022-12-20","2023-01-20","USD",93.00,90,"3XS:10|2XS:20|XS:20|S:10|M:10|L:10|XL:10"
250859,"2022-09-15 08:39:53.45","#NA0859",50.00,68.00,93.00,120.90,"2022-12-20","127588435","PO",4,,,,"",,"NA0859A0",30029,6002,"2022-12-20","2023-01-20","USD",93.00,90,"3XS:10|2XS:20|XS:20|S:10|M:10|L:10|XL:10"
250860,"2022-09-15 08:39:53.45","#NA0860",50.00,68.00,93.00,120.90,"2022-12-20","127588435","PO",4,,,,"",,"NA0860A1",30045,8002,"2022-12-20","2023-01-20","USD",93.00,90,"3XS:10|2XS:20|XS:20|S:10|M:10|L:10|XL:10"
250861,"2022-09-15 08:39:53.45","#NA0861",50.00,68.00,93.00,120.90,"2022-12-20","127588651","PO",4,,,,"",,"NA0861A1",30045,1002,"2022-12-20","2023-01-20","USD",93.00,90,"3XS:10|2XS:20|XS:20|S:10|M:10|L:10|XL:10"
250862,"2022-09-15 08:39:53.45","#NA0862",50.00,68.00,93.00,120.90,"2022-12-20","127588651","PO",4,,,,"",,"NA0862A0",30029,3002,"2022-12-20","2023-01-20","USD",93.00,90,"3XS:10|2XS:20|XS:20|S:10|M:10|L:10|XL:10"
250863,"2022-09-15 08:39:53.45","#NA0863",50.00,68.00,93.00,120.90,"2022-12-20","127588651","PO",4,,,,"",,"NA0863A1",30045,5002,"2022-12-20","2023-01-20","USD",93.00,90,"3XS:10|2XS:20|XS:20|S:10|M:10|L:10|XL:10"
250864,"2022-09-15 08:39:53.45","#NA0864",50.00,68.00,93.00,120.90,"2022-12-20","127588651","PO",4,,,,"",,"NA0864A0",30029,6002,"2022-12-20","2023-01-20","USD",93.00,90,"3XS:10|2XS:20|XS:20|S:10|M:10|L:10|XL:10"
250865,"2022-09-15 08:39:53.45","#NA0865",50.00,68.00,93.00,120.90,"2022-12-20","127588651","PO",4,,,,"",,"NA0865A1",30045,8002,"2022-12-20","2023-01-20","USD",93.00,90,"3XS:10|2XS:20|XS:20|S:10|M:10|L:10|XL:10"
250866,"2022-09-15 08:39:53.45","#NA0866",50.00,68.00,93.00,120.90,"2022-12-20","127588659","PO",4,,,,"",,"NA0866A1",30045,1002,"2022-12-20","2023-01-20","USD",93.00,90,"3XS:10|2XS:20|XS:20|S:10|M:10|L:10|XL:10"
250867,"2022-09-15 08:39:53.45","#NA0867",50.00,68.00,93.00,120.90,"2022-12-20","127588659","PO",4,,,,"",,"NA0867A0",30029,3002,"2022-12-20","2023-01-20","USD",93.00,90,"3XS:10|2XS:20|XS:20|S:10|M:10|L:10|XL:10"
250868,"2022-09-15 08:39:53.45","#NA0868",50.00,68.00,93.00,120.90,"2022-12-20","127588659","PO",4,,,,"",,"NA0868A1",30045,5002,"2022-12-20","2023-01-20","USD",93.00,90,"3XS:10|2XS:20|XS:20|S:10|M:10|L:10|XL:10"
250869,"2022-09-15 08:39:53.45","#NA0869",50.00,68.00,93.00,120.90,"2022-12-20","127588659","PO",4,,,,"",,"NA0869A0",30029,6002,"2022-12-20","2023-01-20","USD",93.00,90,"3XS:10|2XS:20|XS:20|S:10|M:10|L:10|XL:10"
250870,"2022-09-15 08:39:53.45","#NA0870",50.00,68.00,93.00,120.90,"2022-12-20","127588659","PO",4,,,,"",,"NA0870A1",30045,8002,"2022-12-20","2023-01-20","USD",93.00,90,"3XS:10|2XS:20|XS:20|S:10|M:10|L:10|XL:10"
250871,"2022-09-15 08:39:53.45","#NA0871",50.00,68.00,93.00,120.90,"2022-12-20","127588875","PO",4,,,,"",,"NA0871A1",30045,1002,"2022-12-20","2023-01-20","USD",93.00,90,"3XS:10|2XS:20|XS:20|S:10|M:10|L:10|XL:10"
250872,"2022-09-15 08:39:53.45","#NA0872",50.00,68.00,93.00,120.90,"2022-12-20","127588875","PO",4,,,,"",,"NA0872A0",30029,3002,"2022-12-20","2023-01-20","USD",93.00,90,"3XS:10|2XS:20|XS:20|S:10|M:10|L:10|XL:10"
250873,"2022-09-15 08:39:53.45","#NA0873",50.00,68.00,93.00,120.90,"2022-12-20","127588875","PO",4,,,,"",,"NA0873A1",30045,5002,"2022-12-20","2023-01-20","USD",93.00,90,"3XS:10|2XS:20|XS:20|S:10|M:10|L:10|XL:10"
250874,"2022-09-15 08:39:53.45","#NA0874",50.00,68.00,93.00,120.90,"2022-12-20","127588875","PO",4,,,,"",,"NA0874A0",30029,6002,"2022-12-20","2023-01-20","USD",93.00,90,"3XS:10|2XS:20|XS:20|S:10|M:10|L:10|XL:10"
250875,"2022-09-15 08:39:53.45","#NA0875",50.00,68.00,93.00,120.90,"2022-12-20","127588875","PO",4,,,,"",,"NA0875A1",30045,8002,"2022-12-20","2023-01-20","USD",93.00,90,"3XS:10|2XS:20|XS:20|S:10|M:10|L:10|XL:10"
250876,"2022-09-15 08:39:53.45","#NA0876",50.00,68.00,93.00,120.90,"2022-12-20","127588883","PO",4,,,,"",,"NA0876A1",30045,1002,"2022-12-20","2023-01-20","USD",93.00,90,"3XS:10|2XS:20|XS:20|S:10|M:10|L:10|XL:10"
250877,"2022-09-15 08:39:53.45","#NA0877",50.00,68.00,93.00,120.90,"2022-12-20","127588883","PO",4,,,,"",,"NA0877A0",30029,3002,"2022-12-20","2023-01-20","USD",93.00,90,"3XS:10|2XS:20|XS:20|S:10|M:10|L:10|XL:10"
250878,"2022-09-15 08:39:53.45","#NA0878",50.00,68.00,93.00,120.90,"2022-12-20","127588883","PO",4,,,,"",,"NA0878A1",30045,5002,"2022-12-20","2023-01-20","USD",93.00,90,"3XS:10|2XS:20|XS:20|S:10|M:10|L:10|XL:10"
250879,"2022-09-15 08:39:53.45","#NA0879",50.00,68.00,93.00,120.90,"2022-12-20","127588883","PO",4,,,,"",,"NA0879A0",30029,6002,"2022-12-20","2023-01-20","USD",93.00,90,"3XS:10|2XS:20|XS:20|S:10|M:10|L:10|XL:10"
250880,"2022-09-15 08:39:53.45","#NA0880",50.00,68.00,93.00,120.90,"2022-12-20","127588883","PO",4,,,,"",,"NA0880A1",30045,8002,"2022-12-20","2023-01-20","USD",93.00,90,"3XS:10|2XS:20|XS:20|S:10|M:10|L:10|XL:10"
250881,"2022-09-15 08:39:53.45","#NA0881",50.00,68.00,93.00,120.90,"2022-12-20","127590675","PO",4,,,,"",,"NA0881A1",30045,1002,"2022-12-20","2023-01-20","USD",93.00,90,"3XS:10|2XS:20|XS:20|S:10|M:10|L:10|XL:10"
250882,"2022-09-15 08:39:53.45","#NA0882",50.00,68.00,93.00,120.90,"2022-12-20","127590675","PO",4,,,,"",,"NA0882A0",30029,3002,"2022-12-20","2023-01-20","USD",93.00,90,"3XS:10|2XS:20|XS:20|S:10|M:10|L:10|XL:10"
250883,"2022-09-15 08:39:53.45","#NA0883",50.00,68.00,93.00,120.90,"2022-12-20","127590675","PO",4,,,,"",,"NA0883A1",30045,5002,"2022-12-20","2023-01-20","USD",93.00,90,"3XS:10|2XS:20|XS:20|S:10|M:10|L:10|XL:10"
250884,"2022-09-15 08:39:53.45","#NA0884",50.00,68.00,93.00,120.90,"2022-12-20","127590675","PO",4,,,,"",,"NA0884A0",30029,6002,"2022-12-20","2023-01-20","USD",93.00,90,"3XS:10|2XS:20|XS:20|S:10|M:10|L:10|XL:10"
250885,"2022-09-15 08:39:53.45","#NA0885",50.00,68.00,93.00,120.90,"2022-12-20","127590675","PO",4,,,,"",,"NA0885A1",30045,8002,"2022-12-20","2023-01-20","USD",93.00,90,"3XS:10|2XS:20|XS:20|S:10|M:10|L:10|XL:10"
250886,"2022-09-15 08:39:53.45","#NA0886",50.00,68.00,93.00,120.90,"2022-12-20","127590756","PO",4,,,,"",,"NA0886A1",30045,1002,"2022-12-20","2023-01-20","USD",93.00,90,"3XS:10|2XS:20|XS:20|S:10|M:10|L:10|XL:10"
250887,"2022-09-15 08:39:53.45","#NA0887",50.00,68.00,93.00,120.90,"2022-12-20","127590756","PO",4,,,,"",,"NA0887A0",30029,3002,"2022-12-20","2023-01-20","USD",93.00,90,"3XS:10|2XS:20|XS:20|S:10|M:10|L:10|XL:10"
250888,"2022-09-15 08:39:53.45","#NA0888",50.00,68.00,93.00,120.90,"2022-12-20","127590756","PO",4,,,,"",,"NA0888A1",30045,5002,"2022-12-20","2023-01-20","USD",93.00,90,"3XS:10|2XS:20|XS:20|S:10|M:10|L:10|XL:10"
250889,"2022-09-15 08:39:53.45","#NA0889",50.00,68.00,93.00,120.90,"2022-12-20","127590756","PO",4,,,,"",,"NA0889A0",30029,6002,"2022-12-20","2023-01-20","USD",93.00,90,"3XS:10|2XS:20|XS:20|S:10|M:10|L:10|XL:10"
250890,"2022-09-15 08:39:53.45","#NA0890",50.00,68.00,93.00,120.90,"2022-12-20","127590756","PO",4,,,,"",,"NA0890A1",30045,8002,"2022-12-20","2023-01-20","USD",93.00,90,"3XS:10|2XS:20|XS:20|S:10|M:10|L:10|XL:10"
250891,"2022-09-15 08:39:53.45","#NA0891",50.00,68.00,93.00,120.90,"2022-12-20","127588443","PO",4,,,,"",,"NA0891A1",30045,1002,"2022-12-20","2023-01-20","USD",93.00,90,"3XS:10|2XS:20|XS:20|S:10|M:10|L:10|XL:10"
250892,"2022-09-15 08:39:53.45","#NA0892",50.00,68.00,93.00,120.90,"2022-12-20","127588443","PO",4,,,,"",,"NA0892A0",30029,3002,"2022-12-20","2023-01-20","USD",93.00,90,"3XS:10|2XS:20|XS:20|S:10|M:10|L:10|XL:10"
250893,"2022-09-15 08:39:53.45","#NA0893",50.00,68.00,93.00,120.90,"2022-12-20","127588443","PO",4,,,,"",,"NA0893A1",30045,5002,"2022-12-20","2023-01-20","USD",93.00,90,"3XS:10|2XS:20|XS:20|S:10|M:10|L:10|XL:10"
250894,"2022-09-15 08:39:53.45","#NA0894",50.00,68.00,93.00,120.90,"2022-12-20","127588443","PO",4,,,,"",,"NA0894A0",30029,6002,"2022-12-20","2023-01-20","USD",93.00,90,"3XS:10|2XS:20|XS:20|S:10|M:10|L:10|XL:10"
250895,"2022-09-15 08:39:53.45","#NA0895",50.00,68.00,93.00,120.90,"2022-12-20","127588443","PO",4,,,,"",,"NA0895A1",30045,8002,"2022-12-20","2023-01-20","USD",93.00,90,"3XS:10|2XS:20|XS:20|S:10|M:10|L:10|XL:10"
250896,"2022-09-15 08:39:53.45","#NA0896",50.00,68.00,93.00,120.90,"2022-12-20","127588451","PO",4,,,,"",,"NA0896A1",30045,1002,"2022-12-20","2023-01-20","USD",93.00,90,"3XS:10|2XS:20|XS:20|S:10|M:10|L:10|XL:10"
250897,"2022-09-15 08:39:53.45","#NA0897",50.00,68.00,93.00,120.90,"2022-12-20","127588451","PO",4,,,,"",,"NA0897A0",30029,3002,"2022-12-20","2023-01-20","USD",93.00,90,"3XS:10|2XS:20|XS:20|S:10|M:10|L:10|XL:10"
250898,"2022-09-15 08:39:53.45","#NA0898",50.00,68.00,93.00,120.90,"2022-12-20","127588451","PO",4,,,,"",,"NA0898A1",30045,5002,"2022-12-20","2023-01-20","USD",93.00,90,"3XS:10|2XS:20|XS:20|S:10|M:10|L:10|XL:10"
250899,"2022-09-15 08:39:53.45","#NA0899",50.00,68.00,93.00,120.90,"2022-12-20","127588451","PO",4,,,,"",,"NA0899A0",30029,6002,"2022-12-20","2023-01-20","USD",93.00,90,"3XS:10|2XS:20|XS:20|S:10|M:10|L:10|XL:10"
250900,"2022-09-15 08:39:53.45","#NA0900",50.00,68.00,93.00,120.90,"2022-12-20","127588451","PO",4,,,,"",,"NA0900A1",30045,8002,"2022-12-20","2023-01-20","USD",93.00,90,"3XS:10|2XS:20|XS:20|S:10|M:10|L:10|XL:10"
250901,"2022-09-15 08:39:53.45","#NA0901",50.00,68.00,93.00,120.90,"2022-12-20","127588667","PO",4,,,,"",,"NA0901A1",30045,1002,"2022-12-20","2023-01-20","USD",93.00,90,"3XS:10|2XS:20|XS:20|S:10|M:10|L:10|XL:10"
250902,"2022-09-15 08:39:53.45","#NA0902",50.00,68.00,93.00,120.90,"2022-12-20","127588667","PO",4,,,,"",,"NA0902A0",30029,3002,"2022-12-20","2023-01-20","USD",93.00,90,"3XS:10|2XS:20|XS:20|S:10|M:10|L:10|XL:10"
250903,"2022-09-15 08:39:53.45","#NA0903",50.00,68.00,93.00,120.90,"2022-12-20","127588667","PO",4,,,,"",,"NA0903A1",30045,5002,"2022-12-20","2023-01-20","USD",93.00,90,"3XS:10|2XS:20|XS:20|S:10|M:10|L:10|XL:10"
250904,"2022-09-15 08:39:53.45","#NA0904",50.00,68.00,93.00,120.90,"2022-12-20","127588667","PO",4,,,,"",,"NA0904A0",30029,6002,"2022-12-20","2023-01-20","USD",93.00,90,"3XS:10|2XS:20|XS:20|S:10|M:10|L:10|XL:10"
250905,"2022-09-15 08:39:53.45","#NA0905",50.00,68.00,93.00,120.90,"2022-12-20","127588667","PO",4,,,,"",,"NA0905A1",30045,8002,"2022-12-20","2023-01-20","USD",93.00,90,"3XS:10|2XS:20|XS:20|S:10|M:10|L:10|XL:10"
250906,"2022-09-15 08:39:53.45","#NA0906",50.00,68.00,93.00,120.90,"2022-12-20","127588675","PO",4,,,,"",,"NA0906A1",30045,1002,"2022-12-20","2023-01-20","USD",93.00,90,"3XS:10|2XS:20|XS:20|S:10|M:10|L:10|XL:10"
250907,"2022-09-15 08:39:53.45","#NA0907",50.00,68.00,93.00,120.90,"2022-12-20","127588675","PO",4,,,,"",,"NA0907A0",30029,3002,"2022-12-20","2023-01-20","USD",93.00,90,"3XS:10|2XS:20|XS:20|S:10|M:10|L:10|XL:10"
250908,"2022-09-15 08:39:53.45","#NA0908",50.00,68.00,93.00,120.90,"2022-12-20","127588675","PO",4,,,,"",,"NA0908A1",30045,5002,"2022-12-20","2023-01-20","USD",93.00,90,"3XS:10|2XS:20|XS:20|S:10|M:10|L:10|XL:10"
250909,"2022-09-15 08:39:53.45","#NA0909",50.00,68.00,93.00,120.90,"2022-12-20","127588675","PO",4,,,,"",,"NA0909A0",30029,6002,"2022-12-20","2023-01-20","USD",93.00,90,"3XS:10|2XS:20|XS:20|S:10|M:10|L:10|XL:10"
250910,"2022-09-15 08:39:53.45","#NA0910",50.00,68.00,93.00,120.90,"2022-12-20","127588675","PO",4,,,,"",,"NA0910A1",30045,8002,"2022-12-20","2023-01-20","USD",93.00,90,"3XS:10|2XS:20|XS:20|S:10|M:10|L:10|XL:10"
250911,"2022-09-15 08:39:53.45","#NA0911",50.00,68.00,93.00,120.90,"2022-12-20","127588891","PO",4,,,,"",,"NA0911A1",30045,1002,"2022-12-20","2023-01-20","USD",93.00,90,"3XS:10|2XS:20|XS:20|S:10|M:10|L:10|XL:10"
250912,"2022-09-15 08:39:53.45","#NA0912",50.00,68.00,93.00,120.90,"2022-12-20","127588891","PO",4,,,,"",,"NA0912A0",30029,3002,"2022-12-20","2023-01-20","USD",93.00,90,"3XS:10|2XS:20|XS:20|S:10|M:10|L:10|XL:10"
250913,"2022-09-15 08:39:53.45","#NA0913",50.00,68.00,93.00,120.90,"2022-12-20","127588891","PO",4,,,,"",,"NA0913A1",30045,5002,"2022-12-20","2023-01-20","USD",93.00,90,"3XS:10|2XS:20|XS:20|S:10|M:10|L:10|XL:10"
250914,"2022-09-15 08:39:53.45","#NA0914",50.00,68.00,93.00,120.90,"2022-12-20","127588891","PO",4,,,,"",,"NA0914A0",30029,6002,"2022-12-20","2023-01-20","USD",93.00,90,"3XS:10|2XS:20|XS:20|S:10|M:10|L:10|XL:10"
250915,"2022-09-15 08:39:53.45","#NA0915",50.00,68.00,93.00,120.90,"2022-12-20","127588891","PO",4,,,,"",,"NA0915A1",30045,8002,"2022-12-20","2023-01-20","USD",93.00,90,"3XS:10|2XS:20|XS:20|S:10|M:10|L:10|XL:10"
250916,"2022-09-15 08:39:53.45","#NA0916",50.00,68.00,93.00,120.90,"2022-12-20","127588899","PO",4,,,,"",,"NA0916A1",30045,1002,"2022-12-20","2023-01-20","USD",93.00,90,"3XS:10|2XS:20|XS:20|S:10|M:10|L:10|XL:10"
250917,"2022-09-15 08:39:53.45","#NA0917",50.00,68.00,93.00,120.90,"2022-12-20","127588899","PO",4,,,,"",,"NA0917A0",30029,3002,"2022-12-20","2023-01-20","USD",93.00,90,"3XS:10|2XS:20|XS:20|S:10|M:10|L:10|XL:10"
250918,"2022-09-15 08:39:53.45","#NA0918",50.00,68.00,93.00,120.90,"2022-12-20","127588899","PO",4,,,,"",,"NA0918A1",30045,5002,"2022-12-20","2023-01-20","USD",93.00,90,"3XS:10|2XS:20|XS:20|S:10|M:10|L:10|XL:10"
250919,"2022-09-15 08:39:53.45","#NA0919",50.00,68.00,93.00,120.90,"2022-12-20","127588899","PO",4,,,,"",,"NA0919A0",30029,6002,"2022-12-20","2023-01-20","USD",93.00,90,"3XS:10|2XS:20|XS:20|S:10|M:10|L:10|XL:10"
250920,"2022-09-15 08:39:53.45","#NA0920",50.00,68.00,93.00,120.90,"2022-12-20","127588899","PO",4,,,,"",,"NA0920A1",30045,8002,"2022-12-20","2023-01-20","USD",93.00,90,"3XS:10|2XS:20|XS:20|S:10|M:10|L:10|XL:10"
250921,"2022-09-15 08:39:53.45","#NA0921",50.00,68.00,93.00,120.90,"2022-12-20","127588459","PO",4,,,,"",,"NA0921A1",30045,1002,"2022-12-20","2023-01-20","USD",93.00,90,"3XS:10|2XS:20|XS:20|S:10|M:10|L:10|XL:10"
250922,"2022-09-15 08:39:53.45","#NA0922",50.00,68.00,93.00,120.90,"2022-12-20","127588459","PO",4,,,,"",,"NA0922A0",30029,3002,"2022-12-20","2023-01-20","USD",93.00,90,"3XS:10|2XS:20|XS:20|S:10|M:10|L:10|XL:10"
250923,"2022-09-15 08:39:53.45","#NA0923",50.00,68.00,93.00,120.90,"2022-12-20","127588459","PO",4,,,,"",,"NA0923A1",30045,5002,"2022-12-20","2023-01-20","USD",93.00,90,"3XS:10|2XS:20|XS:20|S:10|M:10|L:10|XL:10"
250924,"2022-09-15 08:39:53.45","#NA0924",50.00,68.00,93.00,120.90,"2022-12-20","127588459","PO",4,,,,"",,"NA0924A0",30029,6002,"2022-12-20","2023-01-20","USD",93.00,90,"3XS:10|2XS:20|XS:20|S:10|M:10|L:10|XL:10"
250925,"2022-09-15 08:39:53.45","#NA0925",50.00,68.00,93.00,120.90,"2022-12-20","127588459","PO",4,,,,"",,"NA0925A1",30045,8002,"2022-12-20","2023-01-20","USD",93.00,90,"3XS:10|2XS:20|XS:20|S:10|M:10|L:10|XL:10"
250926,"2022-09-15 08:39:53.45","#NA0926",50.00,68.00,93.00,120.90,"2022-12-20","127588467","PO",4,,,,"",,"NA0926A1",30045,1002,"2022-12-20","2023-01-20","USD",93.00,90,"3XS:10|2XS:20|XS:20|S:10|M:10|L:10|XL:10"
250927,"2022-09-15 08:39:53.45","#NA0927",50.00,68.00,93.00,120.90,"2022-12-20","127588467","PO",4,,,,"",,"NA0927A0",30029,3002,"2022-12-20","2023-01-20","USD",93.00,90,"3XS:10|2XS:20|XS:20|S:10|M:10|L:10|XL:10"
250928,"2022-09-15 08:39:53.45","#NA0928",50.00,68.00,93.00,120.90,"2022-12-20","127588467","PO",4,,,,"",,"NA0928A1",30045,5002,"2022-12-20","2023-01-20","USD",93.00,90,"3XS:10|2XS:20|XS:20|S:10|M:10|L:10|XL:10"
250929,"2022-09-15 08:39:53.45","#NA0929",50.00,68.00,93.00,120.90,"2022-12-20","127588467","PO",4,,,,"",,"NA0929A0",30029,6002,"2022-12-20","2023-01-20","USD",93.00,90,"3XS:10|2XS:20|XS:20|S:10|M:10|L:10|XL:10"
250930,"2022-09-15 08:39:53.45","#NA0930",50.00,68.00,93.00,120.90,"2022-12-20","127588467","PO",4,,,,"",,"NA0930A1",30045,8002,"2022-12-20","2023-01-20","USD",93.00,90,"3XS:10|2XS:20|XS:20|S:10|M:10|L:10|XL:10"
250931,"2022-09-15 08:39:53.45","#NA0931",50.00,68.00,93.00,120.90,"2022-12-20","127588683","PO",4,,,,"",,"NA0931A1",30045,1002,"2022-12-20","2023-01-20","USD",93.00,90,"3XS:10|2XS:20|XS:20|S:10|M:10|L:10|XL:10"
250932,"2022-09-15 08:39:53.45","#NA0932",50.00,68.00,93.00,120.90,"2022-12-20","127588683","PO",4,,,,"",,"NA0932A0",30029,3002,"2022-12-20","2023-01-20","USD",93.00,90,"3XS:10|2XS:20|XS:20|S:10|M:10|L:10|XL:10"
250933,"2022-09-15 08:39:53.45","#NA0933",50.00,68.00,93.00,120.90,"2022-12-20","127588683","PO",4,,,,"",,"NA0933A1",30045,5002,"2022-12-20","2023-01-20","USD",93.00,90,"3XS:10|2XS:20|XS:20|S:10|M:10|L:10|XL:10"
250934,"2022-09-15 08:39:53.45","#NA0934",50.00,68.00,93.00,120.90,"2022-12-20","127588683","PO",4,,,,"",,"NA0934A0",30029,6002,"2022-12-20","2023-01-20","USD",93.00,90,"3XS:10|2XS:20|XS:20|S:10|M:10|L:10|XL:10"
250935,"2022-09-15 08:39:53.45","#NA0935",50.00,68.00,93.00,120.90,"2022-12-20","127588683","PO",4,,,,"",,"NA0935A1",30045,8002,"2022-12-20","2023-01-20","USD",93.00,90,"3XS:10|2XS:20|XS:20|S:10|M:10|L:10|XL:10"
250936,"2022-09-15 08:39:53.45","#NA0936",50.00,68.00,93.00,120.90,"2022-12-20","127588691","PO",4,,,,"",,"NA0936A1",30045,1002,"2022-12-20","2023-01-20","USD",93.00,90,"3XS:10|2XS:20|XS:20|S:10|M:10|L:10|XL:10"
250937,"2022-09-15 08:39:53.45","#NA0937",50.00,68.00,93.00,120.90,"2022-12-20","127588691","PO",4,,,,"",,"NA0937A0",30029,3002,"2022-12-20","2023-01-20","USD",93.00,90,"3XS:10|2XS:20|XS:20|S:10|M:10|L:10|XL:10"
250938,"2022-09-15 08:39:53.45","#NA0938",50.00,68.00,93.00,120.90,"2022-12-20","127588691","PO",4,,,,"",,"NA0938A1",30045,5002,"2022-12-20","2023-01-20","USD",93.00,90,"3XS:10|2XS:20|XS:20|S:10|M:10|L:10|XL:10"
250939,"2022-09-15 08:39:53.45","#NA0939",50.00,68.00,93.00,120.90,"2022-12-20","127588691","PO",4,,,,"",,"NA0939A0",30029,6002,"2022-12-20","2023-01-20","USD",93.00,90,"3XS:10|2XS:20|XS:20|S:10|M:10|L:10|XL:10"
250940,"2022-09-15 08:39:53.45","#NA0940",50.00,68.00,93.00,120.90,"2022-12-20","127588691","PO",4,,,,"",,"NA0940A1",30045,8002,"2022-12-20","2023-01-20","USD",93.00,90,"3XS:10|2XS:20|XS:20|S:10|M:10|L:10|XL:10"
250941,"2022-09-15 08:39:53.45","#NA0941",50.00,68.00,93.00,120.90,"2022-12-20","127588907","PO",4,,,,"",,"NA0941A1",30045,1002,"2022-12-20","2023-01-20","USD",93.00,90,"3XS:10|2XS:20|XS:20|S:10|M:10|L:10|XL:10"
250942,"2022-09-15 08:39:53.45","#NA0942",50.00,68.00,93.00,120.90,"2022-12-20","127588907","PO",4,,,,"",,"NA0942A0",30029,3002,"2022-12-20","2023-01-20","USD",93.00,90,"3XS:10|2XS:20|XS:20|S:10|M:10|L:10|XL:10"
250943,"2022-09-15 08:39:53.45","#NA0943",50.00,68.00,93.00,120.90,"2022-12-20","127588907","PO",4,,,,"",,"NA0943A1",30045,5002,"2022-12-20","2023-01-20","USD",93.00,90,"3XS:10|2XS:20|XS:20|S:10|M:10|L:10|XL:10"
250944,"2022-09-15 08:39:53.45","#NA0944",50.00,68.00,93.00,120.90,"2022-12-20","127588907","PO",4,,,,"",,"NA0944A0",30029,6002,"2022-12-20","2023-01-20","USD",93.00,90,"3XS:10|2XS:20|XS:20|S:10|M:10|L:10|XL:10"
250945,"2022-09-15 08:39:53.45","#NA0945",50.00,68.00,93.00,120.90,"2022-12-20","127588907","PO",4,,,,"",,"NA0945A1",30045,8002,"2022-12-20","2023-01-20","USD",93.00,90,"3XS:10|2XS:20|XS:20|S:10|M:10|L:10|XL:10"
250946,"2022-09-15 08:39:53.45","#NA0946",50.00,68.00,93.00,120.90,"2022-12-20","127588475","PO",4,,,,"",,"NA0946A1",30045,1002,"2022-12-20","2023-01-20","USD",93.00,90,"3XS:10|2XS:20|XS:20|S:10|M:10|L:10|XL:10"
250947,"2022-09-15 08:39:53.45","#NA0947",50.00,68.00,93.00,120.90,"2022-12-20","127588475","PO",4,,,,"",,"NA0947A0",30029,3002,"2022-12-20","2023-01-20","USD",93.00,90,"3XS:10|2XS:20|XS:20|S:10|M:10|L:10|XL:10"
250948,"2022-09-15 08:39:53.45","#NA0948",50.00,68.00,93.00,120.90,"2022-12-20","127588475","PO",4,,,,"",,"NA0948A1",30045,5002,"2022-12-20","2023-01-20","USD",93.00,90,"3XS:10|2XS:20|XS:20|S:10|M:10|L:10|XL:10"
250949,"2022-09-15 08:39:53.45","#NA0949",50.00,68.00,93.00,120.90,"2022-12-20","127588475","PO",4,,,,"",,"NA0949A0",30029,6002,"2022-12-20","2023-01-20","USD",93.00,90,"3XS:10|2XS:20|XS:20|S:10|M:10|L:10|XL:10"
250950,"2022-09-15 08:39:53.45","#NA0950",50.00,68.00,93.00,120.90,"2022-12-20","127588475","PO",4,,,,"",,"NA0950A1",30045,8002,"2022-12-20","2023-01-20","USD",93.00,90,"3XS:10|2XS:20|XS:20|S:10|M:10|L:10|XL:10"
250951,"2022-09-15 08:39:53.45","#NA0951",50.00,68.00,93.00,120.90,"2022-12-20","127588483","PO",4,,,,"",,"NA0951A1",30045,1002,"2022-12-20","2023-01-20","USD",93.00,90,"3XS:10|2XS:20|XS:20|S:10|M:10|L:10|XL:10"
250952,"2022-09-15 08:39:53.45","#NA0952",50.00,68.00,93.00,120.90,"2022-12-20","127588483","PO",4,,,,"",,"NA0952A0",30029,3002,"2022-12-20","2023-01-20","USD",93.00,90,"3XS:10|2XS:20|XS:20|S:10|M:10|L:10|XL:10"
250953,"2022-09-15 08:39:53.45","#NA0953",50.00,68.00,93.00,120.90,"2022-12-20","127588483","PO",4,,,,"",,"NA0953A1",30045,5002,"2022-12-20","2023-01-20","USD",93.00,90,"3XS:10|2XS:20|XS:20|S:10|M:10|L:10|XL:10"
250954,"2022-09-15 08:39:53.45","#NA0954",50.00,68.00,93.00,120.90,"2022-12-20","127588483","PO",4,,,,"",,"NA0954A0",30029,6002,"2022-12-20","2023-01-20","USD",93.00,90,"3XS:10|2XS:20|XS:20|S:10|M:10|L:10|XL:10"
250955,"2022-09-15 08:39:53.45","#NA0955",50.00,68.00,93.00,120.90,"2022-12-20","127588483","PO",4,,,,"",,"NA0955A1",30045,8002,"2022-12-20","2023-01-20","USD",93.00,90,"3XS:10|2XS:20|XS:20|S:10|M:10|L:10|XL:10"
250956,"2022-09-15 08:39:53.45","#NA0956",50.00,68.00,93.00,120.90,"2022-12-20","127588699","PO",4,,,,"",,"NA0956A1",30045,1002,"2022-12-20","2023-01-20","USD",93.00,90,"3XS:10|2XS:20|XS:20|S:10|M:10|L:10|XL:10"
250957,"2022-09-15 08:39:53.45","#NA0957",50.00,68.00,93.00,120.90,"2022-12-20","127588699","PO",4,,,,"",,"NA0957A0",30029,3002,"2022-12-20","2023-01-20","USD",93.00,90,"3XS:10|2XS:20|XS:20|S:10|M:10|L:10|XL:10"
250958,"2022-09-15 08:39:53.45","#NA0958",50.00,68.00,93.00,120.90,"2022-12-20","127588699","PO",4,,,,"",,"NA0958A1",30045,5002,"2022-12-20","2023-01-20","USD",93.00,90,"3XS:10|2XS:20|XS:20|S:10|M:10|L:10|XL:10"
250959,"2022-09-15 08:39:53.45","#NA0959",50.00,68.00,93.00,120.90,"2022-12-20","127588699","PO",4,,,,"",,"NA0959A0",30029,6002,"2022-12-20","2023-01-20","USD",93.00,90,"3XS:10|2XS:20|XS:20|S:10|M:10|L:10|XL:10"
250960,"2022-09-15 08:39:53.45","#NA0960",50.00,68.00,93.00,120.90,"2022-12-20","127588699","PO",4,,,,"",,"NA0960A1",30045,8002,"2022-12-20","2023-01-20","USD",93.00,90,"3XS:10|2XS:20|XS:20|S:10|M:10|L:10|XL:10"
250961,"2022-09-15 08:39:53.45","#NA0961",50.00,68.00,93.00,120.90,"2022-12-20","127588915","PO",4,,,,"",,"NA0961A1",30045,1002,"2022-12-20","2023-01-20","USD",93.00,90,"3XS:10|2XS:20|XS:20|S:10|M:10|L:10|XL:10"
250962,"2022-09-15 08:39:53.45","#NA0962",50.00,68.00,93.00,120.90,"2022-12-20","127588915","PO",4,,,,"",,"NA0962A0",30029,3002,"2022-12-20","2023-01-20","USD",93.00,90,"3XS:10|2XS:20|XS:20|S:10|M:10|L:10|XL:10"
250963,"2022-09-15 08:39:53.45","#NA0963",50.00,68.00,93.00,120.90,"2022-12-20","127588915","PO",4,,,,"",,"NA0963A1",30045,5002,"2022-12-20","2023-01-20","USD",93.00,90,"3XS:10|2XS:20|XS:20|S:10|M:10|L:10|XL:10"
250964,"2022-09-15 08:39:53.45","#NA0964",50.00,68.00,93.00,120.90,"2022-12-20","127588915","PO",4,,,,"",,"NA0964A0",30029,6002,"2022-12-20","2023-01-20","USD",93.00,90,"3XS:10|2XS:20|XS:20|S:10|M:10|L:10|XL:10"
250965,"2022-09-15 08:39:53.45","#NA0965",50.00,68.00,93.00,120.90,"2022-12-20","127588915","PO",4,,,,"",,"NA0965A1",30045,8002,"2022-12-20","2023-01-20","USD",93.00,90,"3XS:10|2XS:20|XS:20|S:10|M:10|L:10|XL:10"
250966,"2022-09-15 08:39:53.45","#NA0966",50.00,68.00,93.00,120.90,"2022-12-20","127588923","PO",4,,,,"",,"NA0966A1",30045,1002,"2022-12-20","2023-01-20","USD",93.00,90,"3XS:10|2XS:20|XS:20|S:10|M:10|L:10|XL:10"
250967,"2022-09-15 08:39:53.45","#NA0967",50.00,68.00,93.00,120.90,"2022-12-20","127588923","PO",4,,,,"",,"NA0967A0",30029,3002,"2022-12-20","2023-01-20","USD",93.00,90,"3XS:10|2XS:20|XS:20|S:10|M:10|L:10|XL:10"
250968,"2022-09-15 08:39:53.45","#NA0968",50.00,68.00,93.00,120.90,"2022-12-20","127588923","PO",4,,,,"",,"NA0968A1",30045,5002,"2022-12-20","2023-01-20","USD",93.00,90,"3XS:10|2XS:20|XS:20|S:10|M:10|L:10|XL:10"
250969,"2022-09-15 08:39:53.45","#NA0969",50.00,68.00,93.00,120.90,"2022-12-20","127588923","PO",4,,,,"",,"NA0969A0",30029,6002,"2022-12-20","2023-01-20","USD",93.00,90,"3XS:10|2XS:20|XS:20|S:10|M:10|L:10|XL:10"
250970,"2022-09-15 08:39:53.45","#NA0970",50.00,68.00,93.00,120.90,"2022-12-20","127588923","PO",4,,,,"",,"NA0970A1",30045,8002,"2022-12-20","2023-01-20","USD",93.00,90,"3XS:10|2XS:20|XS:20|S:10|M:10|L:10|XL:10"
250971,"2022-09-15 08:39:53.45","#NA0971",50.00,68.00,93.00,120.90,"2022-12-20","127588491","PO",4,,,,"",,"NA0971A1",30045,1002,"2022-12-20","2023-01-20","USD",93.00,90,"3XS:10|2XS:20|XS:20|S:10|M:10|L:10|XL:10"
250972,"2022-09-15 08:39:53.45","#NA0972",50.00,68.00,93.00,120.90,"2022-12-20","127588491","PO",4,,,,"",,"NA0972A0",30029,3002,"2022-12-20","2023-01-20","USD",93.00,90,"3XS:10|2XS:20|XS:20|S:10|M:10|L:10|XL:10"
250973,"2022-09-15 08:39:53.45","#NA0973",50.00,68.00,93.00,120.90,"2022-12-20","127588491","PO",4,,,,"",,"NA0973A1",30045,5002,"2022-12-20","2023-01-20","USD",93.00,90,"3XS:10|2XS:20|XS:20|S:10|M:10|L:10|XL:10"
250974,"2022-09-15 08:39:53.45","#NA0974",50.00,68.00,93.00,120.90,"2022-12-20","127588491","PO",4,,,,"",,"NA0974A0",30029,6002,"2022-12-20","2023-01-20","USD",93.00,90,"3XS:10|2XS:20|XS:20|S:10|M:10|L:10|XL:10"
250975,"2022-09-15 08:39:53.45","#NA0975",50.00,68.00,93.00,120.90,"2022-12-20","127588491","PO",4,,,,"",,"NA0975A1",30045,8002,"2022-12-20","2023-01-20","USD",93.00,90,"3XS:10|2XS:20|XS:20|S:10|M:10|L:10|XL:10"
250976,"2022-09-15 08:39:53.45","#NA0976",50.00,68.00,93.00,120.90,"2022-12-20","127588707","PO",4,,,,"",,"NA0976A1",30045,1002,"2022-12-20","2023-01-20","USD",93.00,90,"3XS:10|2XS:20|XS:20|S:10|M:10|L:10|XL:10"
250977,"2022-09-15 08:39:53.45","#NA0977",50.00,68.00,93.00,120.90,"2022-12-20","127588707","PO",4,,,,"",,"NA0977A0",30029,3002,"2022-12-20","2023-01-20","USD",93.00,90,"3XS:10|2XS:20|XS:20|S:10|M:10|L:10|XL:10"
250978,"2022-09-15 08:39:53.45","#NA0978",50.00,68.00,93.00,120.90,"2022-12-20","127588707","PO",4,,,,"",,"NA0978A1",30045,5002,"2022-12-20","2023-01-20","USD",93.00,90,"3XS:10|2XS:20|XS:20|S:10|M:10|L:10|XL:10"
250979,"2022-09-15 08:39:53.45","#NA0979",50.00,68.00,93.00,120.90,"2022-12-20","127588707","PO",4,,,,"",,"NA0979A0",30029,6002,"2022-12-20","2023-01-20","USD",93.00,90,"3XS:10|2XS:20|XS:20|S:10|M:10|L:10|XL:10"
250980,"2022-09-15 08:39:53.45","#NA0980",50.00,68.00,93.00,120.90,"2022-12-20","127588707","PO",4,,,,"",,"NA0980A1",30045,8002,"2022-12-20","2023-01-20","USD",93.00,90,"3XS:10|2XS:20|XS:20|S:10|M:10|L:10|XL:10"
250981,"2022-09-15 08:39:53.45","#NA0981",50.00,68.00,93.00,120.90,"2022-12-20","127588715","PO",4,,,,"",,"NA0981A1",30045,1002,"2022-12-20","2023-01-20","USD",93.00,90,"3XS:10|2XS:20|XS:20|S:10|M:10|L:10|XL:10"
250982,"2022-09-15 08:39:53.45","#NA0982",50.00,68.00,93.00,120.90,"2022-12-20","127588715","PO",4,,,,"",,"NA0982A0",30029,3002,"2022-12-20","2023-01-20","USD",93.00,90,"3XS:10|2XS:20|XS:20|S:10|M:10|L:10|XL:10"
250983,"2022-09-15 08:39:53.45","#NA0983",50.00,68.00,93.00,120.90,"2022-12-20","127588715","PO",4,,,,"",,"NA0983A1",30045,5002,"2022-12-20","2023-01-20","USD",93.00,90,"3XS:10|2XS:20|XS:20|S:10|M:10|L:10|XL:10"
250984,"2022-09-15 08:39:53.45","#NA0984",50.00,68.00,93.00,120.90,"2022-12-20","127588715","PO",4,,,,"",,"NA0984A0",30029,6002,"2022-12-20","2023-01-20","USD",93.00,90,"3XS:10|2XS:20|XS:20|S:10|M:10|L:10|XL:10"
250985,"2022-09-15 08:39:53.45","#NA0985",50.00,68.00,93.00,120.90,"2022-12-20","127588715","PO",4,,,,"",,"NA0985A1",30045,8002,"2022-12-20","2023-01-20","USD",93.00,90,"3XS:10|2XS:20|XS:20|S:10|M:10|L:10|XL:10"
250986,"2022-09-15 08:39:53.45","#NA0986",50.00,68.00,93.00,120.90,"2022-12-20","127588931","PO",4,,,,"",,"NA0986A1",30045,1002,"2022-12-20","2023-01-20","USD",93.00,90,"3XS:10|2XS:20|XS:20|S:10|M:10|L:10|XL:10"
250987,"2022-09-15 08:39:53.45","#NA0987",50.00,68.00,93.00,120.90,"2022-12-20","127588931","PO",4,,,,"",,"NA0987A0",30029,3002,"2022-12-20","2023-01-20","USD",93.00,90,"3XS:10|2XS:20|XS:20|S:10|M:10|L:10|XL:10"
250988,"2022-09-15 08:39:53.45","#NA0988",50.00,68.00,93.00,120.90,"2022-12-20","127588931","PO",4,,,,"",,"NA0988A1",30045,5002,"2022-12-20","2023-01-20","USD",93.00,90,"3XS:10|2XS:20|XS:20|S:10|M:10|L:10|XL:10"
250989,"2022-09-15 08:39:53.45","#NA0989",50.00,68.00,93.00,120.90,"2022-12-20","127588931","PO",4,,,,"",,"NA0989A0",30029,6002,"2022-12-20","2023-01-20","USD",93.00,90,"3XS:10|2XS:20|XS:20|S:10|M:10|L:10|XL:10"
250990,"2022-09-15 08:39:53.45","#NA0990",50.00,68.00,93.00,120.90,"2022-12-20","127588931","PO",4,,,,"",,"NA0990A1",30045,8002,"2022-12-20","2023-01-20","USD",93.00,90,"3XS:10|2XS:20|XS:20|S:10|M:10|L:10|XL:10"
250991,"2022-09-15 08:39:53.45","#NA0991",50.00,68.00,93.00,120.90,"2022-12-20","127589011","PO",4,,,,"",,"NA0991A1",30045,1002,"2022-12-20","2023-01-20","USD",93.00,90,"3XS:10|2XS:20|XS:20|S:10|M:10|L:10|XL:10"
250992,"2022-09-15 08:39:53.45","#NA0992",50.00,68.00,93.00,120.90,"2022-12-20","127589011","PO",4,,,,"",,"NA0992A0",30029,3002,"2022-12-20","2023-01-20","USD",93.00,90,"3XS:10|2XS:20|XS:20|S:10|M:10|L:10|XL:10"
250993,"2022-09-15 08:39:53.45","#NA0993",50.00,68.00,93.00,120.90,"2022-12-20","127589011","PO",4,,,,"",,"NA0993A1",30045,5002,"2022-12-20","2023-01-20","USD",93.00,90,"3XS:10|2XS:20|XS:20|S:10|M:10|L:10|XL:10"
250994,"2022-09-15 08:39:53.45","#NA0994",50.00,68.00,93.00,120.90,"2022-12-20","127589011","PO",4,,,,"",,"NA0994A0",30029,6002,"2022-12-20","2023-01-20","USD",93.00,90,"3XS:10|2XS:20|XS:20|S:10|M:10|L:10|XL:10"
250995,"2022-09-15 08:39:53.45","#NA0995",50.00,68.00,93.00,120.90,"2022-12-20","127589011","PO",4,,,,"",,"NA0995A1",30045,8002,"2022-12-20","2023-01-20","USD",93.00,90,"3XS:10|2XS:20|XS:20|S:10|M:10|L:10|XL:10"
250996,"2022-09-15 08:39:53.45","#NA0996",50.00,68.00,93.00,120.90,"2022-12-20","127589332","PO",4,,,,"",,"NA0996A1",30045,1002,"2022-12-20","2023-01-20","USD",93.00,90,"3XS:10|2XS:20|XS:20|S:10|M:10|L:10|XL:10"
250997,"2022-09-15 08:39:53.45","#NA0997",50.00,68.00,93.00,120.90,"2022-12-20","127589332","PO",4,,,,"",,"NA0997A0",30029,3002,"2022-12-20","2023-01-20","USD",93.00,90,"3XS:10|2XS:20|XS:20|S:10|M:10|L:10|XL:10"
250998,"2022-09-15 08:39:53.45","#NA0998",50.00,68.00,93.00,120.90,"2022-12-20","127589332","PO",4,,,,"",,"NA0998A1",30045,5002,"2022-12-20","2023-01-20","USD",93.00,90,"3XS:10|2XS:20|XS:20|S:10|M:10|L:10|XL:10"
250999,"2022-09-15 08:39:53.45","#NA0999",50.00,68.00,93.00,120.90,"2022-12-20","127589332","PO",4,,,,"",,"NA0999A0",30029,6002,"2022-12-20","2023-01-20","USD",93.00,90,"3XS:10|2XS:20|XS:20|S:10|M:10|L:10|XL:10"
251000,"2022-09-15 08:39:53.45","#NA1000",50.00,68.00,93.00,120.90,"2022-12-20","127589332","PO",4,,,,"",,"NA1000A1",30045,8002,"2022-12-20","2023-01-20","USD",93.00,90,"3XS:10|2XS:20|XS:20|S:10|M:10|L:10|XL:10"
251001,"2022-09-15 08:39:53.45","#NA1001",50.00,68.00,93.00,120.90,"2022-12-20","127588499","PO",4,,,,"",,"NA1001A1",30045,1002,"2022-12-20","2023-01-20","USD",93.00,90,"3XS:10|2XS:20|XS:20|S:10|M:10|L:10|XL:10"
251002,"2022-09-15 08:39:53.45","#NA1002",50.00,68.00,93.00,120.90,"2022-12-20","127588499","PO",4,,,,"",,"NA1002A0",30029,3002,"2022-12-20","2023-01-20","USD",93.00,90,"3XS:10|2XS:20|XS:20|S:10|M:10|L:10|XL:10"
251003,"2022-09-15 08:39:53.45","#NA1003",50.00,68.00,93.00,120.90,"2022-12-20","127588499","PO",4,,,,"",,"NA1003A1",30045,5002,"2022-12-20","2023-01-20","USD",93.00,90,"3XS:10|2XS:20|XS:20|S:10|M:10|L:10|XL:10"
251004,"2022-09-15 08:39:53.45","#NA1004",50.00,68.00,93.00,120.90,"2022-12-20","127588499","PO",4,,,,"",,"NA1004A0",30029,6002,"2022-12-20","2023-01-20","USD",93.00,90,"3XS:10|2XS:20|XS:20|S:10|M:10|L:10|XL:10"
251005,"2022-09-15 08:39:53.45","#NA1005",50.00,68.00,93.00,120.90,"2022-12-20","127588499","PO",4,,,,"",,"NA1005A1",30045,8002,"2022-12-20","2023-01-20","USD",93.00,90,"3XS:10|2XS:20|XS:20|S:10|M:10|L:10|XL:10"
251006,"2022-09-15 08:39:53.45","#NA1006",50.00,68.00,93.00,120.90,"2022-12-20","127588507","PO",4,,,,"",,"NA1006A1",30045,1002,"2022-12-20","2023-01-20","USD",93.00,90,"3XS:10|2XS:20|XS:20|S:10|M:10|L:10|XL:10"
251007,"2022-09-15 08:39:53.45","#NA1007",50.00,68.00,93.00,120.90,"2022-12-20","127588507","PO",4,,,,"",,"NA1007A0",30029,3002,"2022-12-20","2023-01-20","USD",93.00,90,"3XS:10|2XS:20|XS:20|S:10|M:10|L:10|XL:10"
251008,"2022-09-15 08:39:53.45","#NA1008",50.00,68.00,93.00,120.90,"2022-12-20","127588507","PO",4,,,,"",,"NA1008A1",30045,5002,"2022-12-20","2023-01-20","USD",93.00,90,"3XS:10|2XS:20|XS:20|S:10|M:10|L:10|XL:10"
251009,"2022-09-15 08:39:53.45","#NA1009",50.00,68.00,93.00,120.90,"2022-12-20","127588507","PO",4,,,,"",,"NA1009A0",30029,6002,"2022-12-20","2023-01-20","USD",93.00,90,"3XS:10|2XS:20|XS:20|S:10|M:10|L:10|XL:10"
251010,"2022-09-15 08:39:53.45","#NA1010",50.00,68.00,93.00,120.90,"2022-12-20","127588507","PO",4,,,,"",,"NA1010A1",30045,8002,"2022-12-20","2023-01-20","USD",93.00,90,"3XS:10|2XS:20|XS:20|S:10|M:10|L:10|XL:10"
251011,"2022-09-15 08:39:53.45","#NA1011",50.00,68.00,93.00,120.90,"2022-12-20","127588723","PO",4,,,,"",,"NA1011A1",30045,1002,"2022-12-20","2023-01-20","USD",93.00,90,"3XS:10|2XS:20|XS:20|S:10|M:10|L:10|XL:10"
251012,"2022-09-15 08:39:53.45","#NA1012",50.00,68.00,93.00,120.90,"2022-12-20","127588723","PO",4,,,,"",,"NA1012A0",30029,3002,"2022-12-20","2023-01-20","USD",93.00,90,"3XS:10|2XS:20|XS:20|S:10|M:10|L:10|XL:10"
251013,"2022-09-15 08:39:53.45","#NA1013",50.00,68.00,93.00,120.90,"2022-12-20","127588723","PO",4,,,,"",,"NA1013A1",30045,5002,"2022-12-20","2023-01-20","USD",93.00,90,"3XS:10|2XS:20|XS:20|S:10|M:10|L:10|XL:10"
251014,"2022-09-15 08:39:53.45","#NA1014",50.00,68.00,93.00,120.90,"2022-12-20","127588723","PO",4,,,,"",,"NA1014A0",30029,6002,"2022-12-20","2023-01-20","USD",93.00,90,"3XS:10|2XS:20|XS:20|S:10|M:10|L:10|XL:10"
251015,"2022-09-15 08:39:53.45","#NA1015",50.00,68.00,93.00,120.90,"2022-12-20","127588723","PO",4,,,,"",,"NA1015A1",30045,8002,"2022-12-20","2023-01-20","USD",93.00,90,"3XS:10|2XS:20|XS:20|S:10|M:10|L:10|XL:10"
251016,"2022-09-15 08:39:53.45","#NA1016",50.00,68.00,93.00,120.90,"2022-12-20","127588731","PO",4,,,,"",,"NA1016A1",30045,1002,"2022-12-20","2023-01-20","USD",93.00,90,"3XS:10|2XS:20|XS:20|S:10|M:10|L:10|XL:10"
251017,"2022-09-15 08:39:53.45","#NA1017",50.00,68.00,93.00,120.90,"2022-12-20","127588731","PO",4,,,,"",,"NA1017A0",30029,3002,"2022-12-20","2023-01-20","USD",93.00,90,"3XS:10|2XS:20|XS:20|S:10|M:10|L:10|XL:10"
251018,"2022-09-15 08:39:53.45","#NA1018",50.00,68.00,93.00,120.90,"2022-12-20","127588731","PO",4,,,,"",,"NA1018A1",30045,5002,"2022-12-20","2023-01-20","USD",93.00,90,"3XS:10|2XS:20|XS:20|S:10|M:10|L:10|XL:10"
251019,"2022-09-15 08:39:53.45","#NA1019",50.00,68.00,93.00,120.90,"2022-12-20","127588731","PO",4,,,,"",,"NA1019A0",30029,6002,"2022-12-20","2023-01-20","USD",93.00,90,"3XS:10|2XS:20|XS:20|S:10|M:10|L:10|XL:10"
251020,"2022-09-15 08:39:53.45","#NA1020",50.00,68.00,93.00,120.90,"2022-12-20","127588731","PO",4,,,,"",,"NA1020A1",30045,8002,"2022-12-20","2023-01-20","USD",93.00,90,"3XS:10|2XS:20|XS:20|S:10|M:10|L:10|XL:10"
251021,"2022-09-15 08:39:53.45","#NA1021",50.00,68.00,93.00,120.90,"2022-12-20","127589094","PO",4,,,,"",,"NA1021A1",30045,1002,"2022-12-20","2023-01-20","USD",93.00,90,"3XS:10|2XS:20|XS:20|S:10|M:10|L:10|XL:10"
251022,"2022-09-15 08:39:53.45","#NA1022",50.00,68.00,93.00,120.90,"2022-12-20","127589094","PO",4,,,,"",,"NA1022A0",30029,3002,"2022-12-20","2023-01-20","USD",93.00,90,"3XS:10|2XS:20|XS:20|S:10|M:10|L:10|XL:10"
251023,"2022-09-15 08:39:53.45","#NA1023",50.00,68.00,93.00,120.90,"2022-12-20","127589094","PO",4,,,,"",,"NA1023A1",30045,5002,"2022-12-20","2023-01-20","USD",93.00,90,"3XS:10|2XS:20|XS:20|S:10|M:10|L:10|XL:10"
251024,"2022-09-15 08:39:53.45","#NA1024",50.00,68.00,93.00,120.90,"2022-12-20","127589094","PO",4,,,,"",,"NA1024A0",30029,6002,"2022-12-20","2023-01-20","USD",93.00,90,"3XS:10|2XS:20|XS:20|S:10|M:10|L:10|XL:10"
251025,"2022-09-15 08:39:53.45","#NA1025",50.00,68.00,93.00,120.90,"2022-12-20","127589094","PO",4,,,,"",,"NA1025A1",30045,8002,"2022-12-20","2023-01-20","USD",93.00,90,"3XS:10|2XS:20|XS:20|S:10|M:10|L:10|XL:10"
251026,"2022-09-15 08:39:53.45","#NA1026",50.00,68.00,93.00,120.90,"2022-12-20","127589171","PO",4,,,,"",,"NA1026A1",30045,1002,"2022-12-20","2023-01-20","USD",93.00,90,"3XS:10|2XS:20|XS:20|S:10|M:10|L:10|XL:10"
251027,"2022-09-15 08:39:53.45","#NA1027",50.00,68.00,93.00,120.90,"2022-12-20","127589171","PO",4,,,,"",,"NA1027A0",30029,3002,"2022-12-20","2023-01-20","USD",93.00,90,"3XS:10|2XS:20|XS:20|S:10|M:10|L:10|XL:10"
251028,"2022-09-15 08:39:53.45","#NA1028",50.00,68.00,93.00,120.90,"2022-12-20","127589171","PO",4,,,,"",,"NA1028A1",30045,5002,"2022-12-20","2023-01-20","USD",93.00,90,"3XS:10|2XS:20|XS:20|S:10|M:10|L:10|XL:10"
251029,"2022-09-15 08:39:53.45","#NA1029",50.00,68.00,93.00,120.90,"2022-12-20","127589171","PO",4,,,,"",,"NA1029A0",30029,6002,"2022-12-20","2023-01-20","USD",93.00,90,"3XS:10|2XS:20|XS:20|S:10|M:10|L:10|XL:10"
251030,"2022-09-15 08:39:53.45","#NA1030",50.00,68.00,93.00,120.90,"2022-12-20","127589171","PO",4,,,,"",,"NA1030A1",30045,8002,"2022-12-20","2023-01-20","USD",93.00,90,"3XS:10|2XS:20|XS:20|S:10|M:10|L:10|XL:10"
251031,"2022-09-15 08:39:53.45","#NA1031",50.00,68.00,93.00,120.90,"2022-12-20","127590723","PO",4,,,,"",,"NA1031A1",30045,1002,"2022-12-20","2023-01-20","USD",93.00,90,"3XS:10|2XS:20|XS:20|S:10|M:10|L:10|XL:10"
251032,"2022-09-15 08:39:53.45","#NA1032",50.00,68.00,93.00,120.90,"2022-12-20","127590723","PO",4,,,,"",,"NA1032A0",30029,3002,"2022-12-20","2023-01-20","USD",93.00,90,"3XS:10|2XS:20|XS:20|S:10|M:10|L:10|XL:10"
251033,"2022-09-15 08:39:53.45","#NA1033",50.00,68.00,93.00,120.90,"2022-12-20","127590723","PO",4,,,,"",,"NA1033A1",30045,5002,"2022-12-20","2023-01-20","USD",93.00,90,"3XS:10|2XS:20|XS:20|S:10|M:10|L:10|XL:10"
251034,"2022-09-15 08:39:53.45","#NA1034",50.00,68.00,93.00,120.90,"2022-12-20","127590723","PO",4,,,,"",,"NA1034A0",30029,6002,"2022-12-20","2023-01-20","USD",93.00,90,"3XS:10|2XS:20|XS:20|S:10|M:10|L:10|XL:10"
251035,"2022-09-15 08:39:53.45","#NA1035",50.00,68.00,93.00,120.90,"2022-12-20","127590723","PO",4,,,,"",,"NA1035A1",30045,8002,"2022-12-20","2023-01-20","USD",93.00,90,"3XS:10|2XS:20|XS:20|S:10|M:10|L:10|XL:10"
251036,"2022-09-15 08:39:53.45","#NA1036",50.00,68.00,93.00,120.90,"2022-12-20","127589897","PO",4,,,,"",,"NA1036A1",30045,1002,"2022-12-20","2023-01-20","USD",93.00,90,"3XS:10|2XS:20|XS:20|S:10|M:10|L:10|XL:10"
251037,"2022-09-15 08:39:53.45","#NA1037",50.00,68.00,93.00,120.90,"2022-12-20","127589897","PO",4,,,,"",,"NA1037A0",30029,3002,"2022-12-20","2023-01-20","USD",93.00,90,"3XS:10|2XS:20|XS:20|S:10|M:10|L:10|XL:10"
251038,"2022-09-15 08:39:53.45","#NA1038",50.00,68.00,93.00,120.90,"2022-12-20","127589897","PO",4,,,,"",,"NA1038A1",30045,5002,"2022-12-20","2023-01-20","USD",93.00,90,"3XS:10|2XS:20|XS:20|S:10|M:10|L:10|XL:10"
251039,"2022-09-15 08:39:53.45","#NA1039",50.00,68.00,93.00,120.90,"2022-12-20","127589897","PO",4,,,,"",,"NA1039A0",30029,6002,"2022-12-20","2023-01-20","USD",93.00,90,"3XS:10|2XS:20|XS:20|S:10|M:10|L:10|XL:10"
251040,"2022-09-15 08:39:53.45","#NA1040",50.00,68.00,93.00,120.90,"2022-12-20","127589897","PO",4,,,,"",,"NA1040A1",30045,8002,"2022-12-20","2023-01-20","USD",93.00,90,"3XS:10|2XS:20|XS:20|S:10|M:10|L:10|XL:10"
251041,"2022-09-15 08:39:53.45","#NA1041",50.00,68.00,93.00,120.90,"2022-12-20","127589996","PO",4,,,,"",,"NA1041A1",30045,1002,"2022-12-20","2023-01-20","USD",93.00,90,"3XS:10|2XS:20|XS:20|S:10|M:10|L:10|XL:10"
251042,"2022-09-15 08:39:53.45","#NA1042",50.00,68.00,93.00,120.90,"2022-12-20","127589996","PO",4,,,,"",,"NA1042A0",30029,3002,"2022-12-20","2023-01-20","USD",93.00,90,"3XS:10|2XS:20|XS:20|S:10|M:10|L:10|XL:10"
251043,"2022-09-15 08:39:53.45","#NA1043",50.00,68.00,93.00,120.90,"2022-12-20","127589996","PO",4,,,,"",,"NA1043A1",30045,5002,"2022-12-20","2023-01-20","USD",93.00,90,"3XS:10|2XS:20|XS:20|S:10|M:10|L:10|XL:10"
251044,"2022-09-15 08:39:53.45","#NA1044",50.00,68.00,93.00,120.90,"2022-12-20","127589996","PO",4,,,,"",,"NA1044A0",30029,6002,"2022-12-20","2023-01-20","USD",93.00,90,"3XS:10|2XS:20|XS:20|S:10|M:10|L:10|XL:10"
251045,"2022-09-15 08:39:53.45","#NA1045",50.00,68.00,93.00,120.90,"2022-12-20","127589996","PO",4,,,,"",,"NA1045A1",30045,8002,"2022-12-20","2023-01-20","USD",93.00,90,"3XS:10|2XS:20|XS:20|S:10|M:10|L:10|XL:10"
251046,"2022-09-15 08:39:53.45","#NA1046",50.00,68.00,93.00,120.90,"2022-12-20","127590074","PO",4,,,,"",,"NA1046A1",30045,1002,"2022-12-20","2023-01-20","USD",93.00,90,"3XS:10|2XS:20|XS:20|S:10|M:10|L:10|XL:10"
251047,"2022-09-15 08:39:53.45","#NA1047",50.00,68.00,93.00,120.90,"2022-12-20","127590074","PO",4,,,,"",,"NA1047A0",30029,3002,"2022-12-20","2023-01-20","USD",93.00,90,"3XS:10|2XS:20|XS:20|S:10|M:10|L:10|XL:10"
251048,"2022-09-15 08:39:53.45","#NA1048",50.00,68.00,93.00,120.90,"2022-12-20","127590074","PO",4,,,,"",,"NA1048A1",30045,5002,"2022-12-20","2023-01-20","USD",93.00,90,"3XS:10|2XS:20|XS:20|S:10|M:10|L:10|XL:10"
251049,"2022-09-15 08:39:53.45","#NA1049",50.00,68.00,93.00,120.90,"2022-12-20","127590074","PO",4,,,,"",,"NA1049A0",30029,6002,"2022-12-20","2023-01-20","USD",93.00,90,"3XS:10|2XS:20|XS:20|S:10|M:10|L:10|XL:10"
251050,"2022-09-15 08:39:53.45","#NA1050",50.00,68.00,93.00,120.90,"2022-12-20","127590074","PO",4,,,,"",,"NA1050A1",30045,8002,"2022-12-20","2023-01-20","USD",93.00,90,"3XS:10|2XS:20|XS:20|S:10|M:10|L:10|XL:10"
251051,"2022-09-15 08:39:53.45","#NA1051",50.00,68.00,93.00,120.90,"2022-12-20","127590154","PO",4,,,,"",,"NA1051A1",30045,1002,"2022-12-20","2023-01-20","USD",93.00,90,"3XS:10|2XS:20|XS:20|S:10|M:10|L:10|XL:10"
251052,"2022-09-15 08:39:53.45","#NA1052",50.00,68.00,93.00,120.90,"2022-12-20","127590154","PO",4,,,,"",,"NA1052A0",30029,3002,"2022-12-20","2023-01-20","USD",93.00,90,"3XS:10|2XS:20|XS:20|S:10|M:10|L:10|XL:10"
251053,"2022-09-15 08:39:53.45","#NA1053",50.00,68.00,93.00,120.90,"2022-12-20","127590154","PO",4,,,,"",,"NA1053A1",30045,5002,"2022-12-20","2023-01-20","USD",93.00,90,"3XS:10|2XS:20|XS:20|S:10|M:10|L:10|XL:10"
251054,"2022-09-15 08:39:53.45","#NA1054",50.00,68.00,93.00,120.90,"2022-12-20","127590154","PO",4,,,,"",,"NA1054A0",30029,6002,"2022-12-20","2023-01-20","USD",93.00,90,"3XS:10|2XS:20|XS:20|S:10|M:10|L:10|XL:10"
251055,"2022-09-15 08:39:53.45","#NA1055",50.00,68.00,93.00,120.90,"2022-12-20","127590154","PO",4,,,,"",,"NA1055A1",30045,8002,"2022-12-20","2023-01-20","USD",93.00,90,"3XS:10|2XS:20|XS:20|S:10|M:10|L:10|XL:10"
251056,"2022-09-15 08:39:53.45","#NA1056",50.00,68.00,93.00,120.90,"2022-12-20","127590226","PO",4,,,,"",,"NA1056A1",30045,1002,"2022-12-20","2023-01-20","USD",93.00,90,"3XS:10|2XS:20|XS:20|S:10|M:10|L:10|XL:10"
251057,"2022-09-15 08:39:53.45","#NA1057",50.00,68.00,93.00,120.90,"2022-12-20","127590226","PO",4,,,,"",,"NA1057A0",30029,3002,"2022-12-20","2023-01-20","USD",93.00,90,"3XS:10|2XS:20|XS:20|S:10|M:10|L:10|XL:10"
251058,"2022-09-15 08:39:53.45","#NA1058",50.00,68.00,93.00,120.90,"2022-12-20","127590226","PO",4,,,,"",,"NA1058A1",30045,5002,"2022-12-20","2023-01-20","USD",93.00,90,"3XS:10|2XS:20|XS:20|S:10|M:10|L:10|XL:10"
251059,"2022-09-15 08:39:53.45","#NA1059",50.00,68.00,93.00,120.90,"2022-12-20","127590226","PO",4,,,,"",,"NA1059A0",30029,6002,"2022-12-20","2023-01-20","USD",93.00,90,"3XS:10|2XS:20|XS:20|S:10|M:10|L:10|XL:10"
251060,"2022-09-15 08:39:53.45","#NA1060",50.00,68.00,93.00,120.90,"2022-12-20","127590226","PO",4,,,,"",,"NA1060A1",30045,8002,"2022-12-20","2023-01-20","USD",93.00,90,"3XS:10|2XS:20|XS:20|S:10|M:10|L:10|XL:10"
251061,"2022-09-15 08:39:53.45","#NA1061",50.00,68.00,93.00,120.90,"2022-12-20","127590310","PO",4,,,,"",,"NA1061A1",30045,1002,"2022-12-20","2023-01-20","USD",93.00,90,"3XS:10|2XS:20|XS:20|S:10|M:10|L:10|XL:10"
251062,"2022-09-15 08:39:53.45","#NA1062",50.00,68.00,93.00,120.90,"2022-12-20","127590310","PO",4,,,,"",,"NA1062A0",30029,3002,"2022-12-20","2023-01-20","USD",93.00,90,"3XS:10|2XS:20|XS:20|S:10|M:10|L:10|XL:10"
251063,"2022-09-15 08:39:53.45","#NA1063",50.00,68.00,93.00,120.90,"2022-12-20","127590310","PO",4,,,,"",,"NA1063A1",30045,5002,"2022-12-20","2023-01-20","USD",93.00,90,"3XS:10|2XS:20|XS:20|S:10|M:10|L:10|XL:10"
251064,"2022-09-15 08:39:53.45","#NA1064",50.00,68.00,93.00,120.90,"2022-12-20","127590310","PO",4,,,,"",,"NA1064A0",30029,6002,"2022-12-20","2023-01-20","USD",93.00,90,"3XS:10|2XS:20|XS:20|S:10|M:10|L:10|XL:10"
251065,"2022-09-15 08:39:53.45","#NA1065",50.00,68.00,93.00,120.90,"2022-12-20","127590310","PO",4,,,,"",,"NA1065A1",30045,8002,"2022-12-20","2023-01-20","USD",93.00,90,"3XS:10|2XS:20|XS:20|S:10|M:10|L:10|XL:10"
251066,"2022-09-15 08:39:53.45","#NA1066",50.00,68.00,93.00,120.90,"2022-12-20","127590395","PO",4,,,,"",,"NA1066A1",30045,1002,"2022-12-20","2023-01-20","USD",93.00,90,"3XS:10|2XS:20|XS:20|S:10|M:10|L:10|XL:10"
251067,"2022-09-15 08:39:53.45","#NA1067",50.00,68.00,93.00,120.90,"2022-12-20","127590395","PO",4,,,,"",,"NA1067A0",30029,3002,"2022-12-20","2023-01-20","USD",93.00,90,"3XS:10|2XS:20|XS:20|S:10|M:10|L:10|XL:10"
251068,"2022-09-15 08:39:53.45","#NA1068",50.00,68.00,93.00,120.90,"2022-12-20","127590395","PO",4,,,,"",,"NA1068A1",30045,5002,"2022-12-20","2023-01-20","USD",93.00,90,"3XS:10|2XS:20|XS:20|S:10|M:10|L:10|XL:10"
251069,"2022-09-15 08:39:53.45","#NA1069",50.00,68.00,93.00,120.90,"2022-12-20","127590395","PO",4,,,,"",,"NA1069A0",30029,6002,"2022-12-20","2023-01-20","USD",93.00,90,"3XS:10|2XS:20|XS:20|S:10|M:10|L:10|XL:10"
251070,"2022-09-15 08:39:53.45","#NA1070",50.00,68.00,93.00,120.90,"2022-12-20","127590395","PO",4,,,,"",,"NA1070A1",30045,8002,"2022-12-20","2023-01-20","USD",93.00,90,"3XS:10|2XS:20|XS:20|S:10|M:10|L:10|XL:10"
251071,"2022-09-15 08:39:53.45","#NA1071",50.00,68.00,93.00,120.90,"2022-12-20","127590478","PO",4,,,,"",,"NA1071A1",30045,1002,"2022-12-20","2023-01-20","USD",93.00,90,"3XS:10|2XS:20|XS:20|S:10|M:10|L:10|XL:10"
251072,"2022-09-15 08:39:53.45","#NA1072",50.00,68.00,93.00,120.90,"2022-12-20","127590478","PO",4,,,,"",,"NA1072A0",30029,3002,"2022-12-20","2023-01-20","USD",93.00,90,"3XS:10|2XS:20|XS:20|S:10|M:10|L:10|XL:10"
251073,"2022-09-15 08:39:53.45","#NA1073",50.00,68.00,93.00,120.90,"2022-12-20","127590478","PO",4,,,,"",,"NA1073A1",30045,5002,"2022-12-20","2023-01-20","USD",93.00,90,"3XS:10|2XS:20|XS:20|S:10|M:10|L:10|XL:10"
251074,"2022-09-15 08:39:53.45","#NA1074",50.00,68.00,93.00,120.90,"2022-12-20","127590478","PO",4,,,,"",,"NA1074A0",30029,6002,"2022-12-20","2023-01-20","USD",93.00,90,"3XS:10|2XS:20|XS:20|S:10|M:10|L:10|XL:10"
251075,"2022-09-15 08:39:53.45","#NA1075",50.00,68.00,93.00,120.90,"2022-12-20","127590478","PO",4,,,,"",,"NA1075A1",30045,8002,"2022-12-20","2023-01-20","USD",93.00,90,"3XS:10|2XS:20|XS:20|S:10|M:10|L:10|XL:10"
251076,"2022-09-15 08:39:53.45","#NA1076",50.00,68.00,93.00,120.90,"2022-12-20","127590559","PO",4,,,,"",,"NA1076A1",30045,1002,"2022-12-20","2023-01-20","USD",93.00,90,"3XS:10|2XS:20|XS:20|S:10|M:10|L:10|XL:10"
251077,"2022-09-15 08:39:53.45","#NA1077",50.00,68.00,93.00,120.90,"2022-12-20","127590559","PO",4,,,,"",,"NA1077A0",30029,3002,"2022-12-20","2023-01-20","USD",93.00,90,"3XS:10|2XS:20|XS:20|S:10|M:10|L:10|XL:10"
251078,"2022-09-15 08:39:53.45","#NA1078",50.00,68.00,93.00,120.90,"2022-12-20","127590559","PO",4,,,,"",,"NA1078A1",30045,5002,"2022-12-20","2023-01-20","USD",93.00,90,"3XS:10|2XS:20|XS:20|S:10|M:10|L:10|XL:10"
251079,"2022-09-15 08:39:53.45","#NA1079",50.00,68.00,93.00,120.90,"2022-12-20","127590559","PO",4,,,,"",,"NA1079A0",30029,6002,"2022-12-20","2023-01-20","USD",93.00,90,"3XS:10|2XS:20|XS:20|S:10|M:10|L:10|XL:10"
251080,"2022-09-15 08:39:53.45","#NA1080",50.00,68.00,93.00,120.90,"2022-12-20","127590559","PO",4,,,,"",,"NA1080A1",30045,8002,"2022-12-20","2023-01-20","USD",93.00,90,"3XS:10|2XS:20|XS:20|S:10|M:10|L:10|XL:10"
251081,"2022-09-15 08:39:53.45","#NA1081",50.00,68.00,93.00,120.90,"2022-12-20","127590643","PO",4,,,,"",,"NA1081A1",30045,1002,"2022-12-20","2023-01-20","USD",93.00,90,"3XS:10|2XS:20|XS:20|S:10|M:10|L:10|XL:10"
251082,"2022-09-15 08:39:53.45","#NA1082",50.00,68.00,93.00,120.90,"2022-12-20","127590643","PO",4,,,,"",,"NA1082A0",30029,3002,"2022-12-20","2023-01-20","USD",93.00,90,"3XS:10|2XS:20|XS:20|S:10|M:10|L:10|XL:10"
251083,"2022-09-15 08:39:53.45","#NA1083",50.00,68.00,93.00,120.90,"2022-12-20","127590643","PO",4,,,,"",,"NA1083A1",30045,5002,"2022-12-20","2023-01-20","USD",93.00,90,"3XS:10|2XS:20|XS:20|S:10|M:10|L:10|XL:10"
251084,"2022-09-15 08:39:53.45","#NA1084",50.00,68.00,93.00,120.90,"2022-12-20","127590643","PO",4,,,,"",,"NA1084A0",30029,6002,"2022-12-20","2023-01-20","USD",93.00,90,"3XS:10|2XS:20|XS:20|S:10|M:10|L:10|XL:10"
251085,"2022-09-15 08:39:53.45","#NA1085",50.00,68.00,93.00,120.90,"2022-12-20","127590643","PO",4,,,,"",,"NA1085A1",30045,8002,"2022-12-20","2023-01-20","USD",93.00,90,"3XS:10|2XS:20|XS:20|S:10|M:10|L:10|XL:10"
251086,"2022-09-15 08:39:53.45","#NA1086",50.00,68.00,93.00,120.90,"2022-12-20","127589900","PO",4,,,,"",,"NA1086A1",30045,1002,"2022-12-20","2023-01-20","USD",93.00,90,"3XS:10|2XS:20|XS:20|S:10|M:10|L:10|XL:10"
251087,"2022-09-15 08:39:53.45","#NA1087",50.00,68.00,93.00,120.90,"2022-12-20","127589900","PO",4,,,,"",,"NA1087A0",30029,3002,"2022-12-20","2023-01-20","USD",93.00,90,"3XS:10|2XS:20|XS:20|S:10|M:10|L:10|XL:10"
251088,"2022-09-15 08:39:53.45","#NA1088",50.00,68.00,93.00,120.90,"2022-12-20","127589900","PO",4,,,,"",,"NA1088A1",30045,5002,"2022-12-20","2023-01-20","USD",93.00,90,"3XS:10|2XS:20|XS:20|S:10|M:10|L:10|XL:10"
251089,"2022-09-15 08:39:53.45","#NA1089",50.00,68.00,93.00,120.90,"2022-12-20","127589900","PO",4,,,,"",,"NA1089A0",30029,6002,"2022-12-20","2023-01-20","USD",93.00,90,"3XS:10|2XS:20|XS:20|S:10|M:10|L:10|XL:10"
251090,"2022-09-15 08:39:53.45","#NA1090",50.00,68.00,93.00,120.90,"2022-12-20","127589900","PO",4,,,,"",,"NA1090A1",30045,8002,"2022-12-20","2023-01-20","USD",93.00,90,"3XS:10|2XS:20|XS:20|S:10|M:10|L:10|XL:10"
251091,"2022-09-15 08:39:53.45","#NA1091",50.00,68.00,93.00,120.90,"2022-12-20","127589979","PO",4,,,,"",,"NA1091A1",30045,1002,"2022-12-20","2023-01-20","USD",93.00,90,"3XS:10|2XS:20|XS:20|S:10|M:10|L:10|XL:10"
251092,"2022-09-15 08:39:53.45","#NA1092",50.00,68.00,93.00,120.90,"2022-12-20","127589979","PO",4,,,,"",,"NA1092A0",30029,3002,"2022-12-20","2023-01-20","USD",93.00,90,"3XS:10|2XS:20|XS:20|S:10|M:10|L:10|XL:10"
251093,"2022-09-15 08:39:53.45","#NA1093",50.00,68.00,93.00,120.90,"2022-12-20","127589979","PO",4,,,,"",,"NA1093A1",30045,5002,"2022-12-20","2023-01-20","USD",93.00,90,"3XS:10|2XS:20|XS:20|S:10|M:10|L:10|XL:10"
251094,"2022-09-15 08:39:53.45","#NA1094",50.00,68.00,93.00,120.90,"2022-12-20","127589979","PO",4,,,,"",,"NA1094A0",30029,6002,"2022-12-20","2023-01-20","USD",93.00,90,"3XS:10|2XS:20|XS:20|S:10|M:10|L:10|XL:10"
251095,"2022-09-15 08:39:53.45","#NA1095",50.00,68.00,93.00,120.90,"2022-12-20","127589979","PO",4,,,,"",,"NA1095A1",30045,8002,"2022-12-20","2023-01-20","USD",93.00,90,"3XS:10|2XS:20|XS:20|S:10|M:10|L:10|XL:10"
251096,"2022-09-15 08:39:53.45","#NA1096",50.00,68.00,93.00,120.90,"2022-12-20","127590059","PO",4,,,,"",,"NA1096A1",30045,1002,"2022-12-20","2023-01-20","USD",93.00,90,"3XS:10|2XS:20|XS:20|S:10|M:10|L:10|XL:10"
251097,"2022-09-15 08:39:53.45","#NA1097",50.00,68.00,93.00,120.90,"2022-12-20","127590059","PO",4,,,,"",,"NA1097A0",30029,3002,"2022-12-20","2023-01-20","USD",93.00,90,"3XS:10|2XS:20|XS:20|S:10|M:10|L:10|XL:10"
251098,"2022-09-15 08:39:53.45","#NA1098",50.00,68.00,93.00,120.90,"2022-12-20","127590059","PO",4,,,,"",,"NA1098A1",30045,5002,"2022-12-20","2023-01-20","USD",93.00,90,"3XS:10|2XS:20|XS:20|S:10|M:10|L:10|XL:10"
251099,"2022-09-15 08:39:53.45","#NA1099",50.00,68.00,93.00,120.90,"2022-12-20","127590059","PO",4,,,,"",,"NA1099A0",30029,6002,"2022-12-20","2023-01-20","USD",93.00,90,"3XS:10|2XS:20|XS:20|S:10|M:10|L:10|XL:10"
251100,"2022-09-15 08:39:53.45","#NA1100",50.00,68.00,93.00,120.90,"2022-12-20","127590059","PO",4,,,,"",,"NA1100A1",30045,8002,"2022-12-20","2023-01-20","USD",93.00,90,"3XS:10|2XS:20|XS:20|S:10|M:10|L:10|XL:10"
251101,"2022-09-15 08:39:53.45","#NA1101",50.00,68.00,93.00,120.90,"2022-12-20","127590138","PO",4,,,,"",,"NA1101A1",30045,1002,"2022-12-20","2023-01-20","USD",93.00,90,"3XS:10|2XS:20|XS:20|S:10|M:10|L:10|XL:10"
251102,"2022-09-15 08:39:53.45","#NA1102",50.00,68.00,93.00,120.90,"2022-12-20","127590138","PO",4,,,,"",,"NA1102A0",30029,3002,"2022-12-20","2023-01-20","USD",93.00,90,"3XS:10|2XS:20|XS:20|S:10|M:10|L:10|XL:10"
251103,"2022-09-15 08:39:53.45","#NA1103",50.00,68.00,93.00,120.90,"2022-12-20","127590138","PO",4,,,,"",,"NA1103A1",30045,5002,"2022-12-20","2023-01-20","USD",93.00,90,"3XS:10|2XS:20|XS:20|S:10|M:10|L:10|XL:10"
251104,"2022-09-15 08:39:53.45","#NA1104",50.00,68.00,93.00,120.90,"2022-12-20","127590138","PO",4,,,,"",,"NA1104A0",30029,6002,"2022-12-20","2023-01-20","USD",93.00,90,"3XS:10|2XS:20|XS:20|S:10|M:10|L:10|XL:10"
251105,"2022-09-15 08:39:53.45","#NA1105",50.00,68.00,93.00,120.90,"2022-12-20","127590138","PO",4,,,,"",,"NA1105A1",30045,8002,"2022-12-20","2023-01-20","USD",93.00,90,"3XS:10|2XS:20|XS:20|S:10|M:10|L:10|XL:10"
251106,"2022-09-15 08:39:53.45","#NA1106",50.00,68.00,93.00,120.90,"2022-12-20","127590217","PO",4,,,,"",,"NA1106A1",30045,1002,"2022-12-20","2023-01-20","USD",93.00,90,"3XS:10|2XS:20|XS:20|S:10|M:10|L:10|XL:10"
251107,"2022-09-15 08:39:53.45","#NA1107",50.00,68.00,93.00,120.90,"2022-12-20","127590217","PO",4,,,,"",,"NA1107A0",30029,3002,"2022-12-20","2023-01-20","USD",93.00,90,"3XS:10|2XS:20|XS:20|S:10|M:10|L:10|XL:10"
251108,"2022-09-15 08:39:53.45","#NA1108",50.00,68.00,93.00,120.90,"2022-12-20","127590217","PO",4,,,,"",,"NA1108A1",30045,5002,"2022-12-20","2023-01-20","USD",93.00,90,"3XS:10|2XS:20|XS:20|S:10|M:10|L:10|XL:10"
251109,"2022-09-15 08:39:53.45","#NA1109",50.00,68.00,93.00,120.90,"2022-12-20","127590217","PO",4,,,,"",,"NA1109A0",30029,6002,"2022-12-20","2023-01-20","USD",93.00,90,"3XS:10|2XS:20|XS:20|S:10|M:10|L:10|XL:10"
251110,"2022-09-15 08:39:53.45","#NA1110",50.00,68.00,93.00,120.90,"2022-12-20","127590217","PO",4,,,,"",,"NA1110A1",30045,8002,"2022-12-20","2023-01-20","USD",93.00,90,"3XS:10|2XS:20|XS:20|S:10|M:10|L:10|XL:10"
251111,"2022-09-15 08:39:53.45","#NA1111",50.00,68.00,93.00,120.90,"2022-12-20","127590297","PO",4,,,,"",,"NA1111A1",30045,1002,"2022-12-20","2023-01-20","USD",93.00,90,"3XS:10|2XS:20|XS:20|S:10|M:10|L:10|XL:10"
251112,"2022-09-15 08:39:53.45","#NA1112",50.00,68.00,93.00,120.90,"2022-12-20","127590297","PO",4,,,,"",,"NA1112A0",30029,3002,"2022-12-20","2023-01-20","USD",93.00,90,"3XS:10|2XS:20|XS:20|S:10|M:10|L:10|XL:10"
251113,"2022-09-15 08:39:53.45","#NA1113",50.00,68.00,93.00,120.90,"2022-12-20","127590297","PO",4,,,,"",,"NA1113A1",30045,5002,"2022-12-20","2023-01-20","USD",93.00,90,"3XS:10|2XS:20|XS:20|S:10|M:10|L:10|XL:10"
251114,"2022-09-15 08:39:53.45","#NA1114",50.00,68.00,93.00,120.90,"2022-12-20","127590297","PO",4,,,,"",,"NA1114A0",30029,6002,"2022-12-20","2023-01-20","USD",93.00,90,"3XS:10|2XS:20|XS:20|S:10|M:10|L:10|XL:10"
251115,"2022-09-15 08:39:53.45","#NA1115",50.00,68.00,93.00,120.90,"2022-12-20","127590297","PO",4,,,,"",,"NA1115A1",30045,8002,"2022-12-20","2023-01-20","USD",93.00,90,"3XS:10|2XS:20|XS:20|S:10|M:10|L:10|XL:10"
251116,"2022-09-15 08:39:53.45","#NA1116",50.00,68.00,93.00,120.90,"2022-12-20","127589122","PO",4,,,,"",,"NA1116A1",30045,1002,"2022-12-20","2023-01-20","USD",93.00,90,"3XS:10|2XS:20|XS:20|S:10|M:10|L:10|XL:10"
251117,"2022-09-15 08:39:53.45","#NA1117",50.00,68.00,93.00,120.90,"2022-12-20","127589122","PO",4,,,,"",,"NA1117A0",30029,3002,"2022-12-20","2023-01-20","USD",93.00,90,"3XS:10|2XS:20|XS:20|S:10|M:10|L:10|XL:10"
251118,"2022-09-15 08:39:53.45","#NA1118",50.00,68.00,93.00,120.90,"2022-12-20","127589122","PO",4,,,,"",,"NA1118A1",30045,5002,"2022-12-20","2023-01-20","USD",93.00,90,"3XS:10|2XS:20|XS:20|S:10|M:10|L:10|XL:10"
251119,"2022-09-15 08:39:53.45","#NA1119",50.00,68.00,93.00,120.90,"2022-12-20","127589122","PO",4,,,,"",,"NA1119A0",30029,6002,"2022-12-20","2023-01-20","USD",93.00,90,"3XS:10|2XS:20|XS:20|S:10|M:10|L:10|XL:10"
251120,"2022-09-15 08:39:53.45","#NA1120",50.00,68.00,93.00,120.90,"2022-12-20","127589122","PO",4,,,,"",,"NA1120A1",30045,8002,"2022-12-20","2023-01-20","USD",93.00,90,"3XS:10|2XS:20|XS:20|S:10|M:10|L:10|XL:10"
251121,"2022-09-15 08:39:53.45","#NA1121",50.00,68.00,93.00,120.90,"2022-12-20","127589200","PO",4,,,,"",,"NA1121A1",30045,1002,"2022-12-20","2023-01-20","USD",93.00,90,"3XS:10|2XS:20|XS:20|S:10|M:10|L:10|XL:10"
251122,"2022-09-15 08:39:53.45","#NA1122",50.00,68.00,93.00,120.90,"2022-12-20","127589200","PO",4,,,,"",,"NA1122A0",30029,3002,"2022-12-20","2023-01-20","USD",93.00,90,"3XS:10|2XS:20|XS:20|S:10|M:10|L:10|XL:10"
251123,"2022-09-15 08:39:53.45","#NA1123",50.00,68.00,93.00,120.90,"2022-12-20","127589200","PO",4,,,,"",,"NA1123A1",30045,5002,"2022-12-20","2023-01-20","USD",93.00,90,"3XS:10|2XS:20|XS:20|S:10|M:10|L:10|XL:10"
251124,"2022-09-15 08:39:53.45","#NA1124",50.00,68.00,93.00,120.90,"2022-12-20","127589200","PO",4,,,,"",,"NA1124A0",30029,6002,"2022-12-20","2023-01-20","USD",93.00,90,"3XS:10|2XS:20|XS:20|S:10|M:10|L:10|XL:10"
251125,"2022-09-15 08:39:53.45","#NA1125",50.00,68.00,93.00,120.90,"2022-12-20","127589200","PO",4,,,,"",,"NA1125A1",30045,8002,"2022-12-20","2023-01-20","USD",93.00,90,"3XS:10|2XS:20|XS:20|S:10|M:10|L:10|XL:10"
251126,"2022-09-15 08:39:53.45","#NA1126",50.00,68.00,93.00,120.90,"2022-12-20","127590377","PO",4,,,,"",,"NA1126A1",30045,1002,"2022-12-20","2023-01-20","USD",93.00,90,"3XS:10|2XS:20|XS:20|S:10|M:10|L:10|XL:10"
251127,"2022-09-15 08:39:53.45","#NA1127",50.00,68.00,93.00,120.90,"2022-12-20","127590377","PO",4,,,,"",,"NA1127A0",30029,3002,"2022-12-20","2023-01-20","USD",93.00,90,"3XS:10|2XS:20|XS:20|S:10|M:10|L:10|XL:10"
251128,"2022-09-15 08:39:53.45","#NA1128",50.00,68.00,93.00,120.90,"2022-12-20","127590377","PO",4,,,,"",,"NA1128A1",30045,5002,"2022-12-20","2023-01-20","USD",93.00,90,"3XS:10|2XS:20|XS:20|S:10|M:10|L:10|XL:10"
251129,"2022-09-15 08:39:53.45","#NA1129",50.00,68.00,93.00,120.90,"2022-12-20","127590377","PO",4,,,,"",,"NA1129A0",30029,6002,"2022-12-20","2023-01-20","USD",93.00,90,"3XS:10|2XS:20|XS:20|S:10|M:10|L:10|XL:10"
251130,"2022-09-15 08:39:53.45","#NA1130",50.00,68.00,93.00,120.90,"2022-12-20","127590377","PO",4,,,,"",,"NA1130A1",30045,8002,"2022-12-20","2023-01-20","USD",93.00,90,"3XS:10|2XS:20|XS:20|S:10|M:10|L:10|XL:10"
251131,"2022-09-15 08:39:53.45","#NA1131",50.00,68.00,93.00,120.90,"2022-12-20","127590457","PO",4,,,,"",,"NA1131A1",30045,1002,"2022-12-20","2023-01-20","USD",93.00,90,"3XS:10|2XS:20|XS:20|S:10|M:10|L:10|XL:10"
251132,"2022-09-15 08:39:53.45","#NA1132",50.00,68.00,93.00,120.90,"2022-12-20","127590457","PO",4,,,,"",,"NA1132A0",30029,3002,"2022-12-20","2023-01-20","USD",93.00,90,"3XS:10|2XS:20|XS:20|S:10|M:10|L:10|XL:10"
251133,"2022-09-15 08:39:53.45","#NA1133",50.00,68.00,93.00,120.90,"2022-12-20","127590457","PO",4,,,,"",,"NA1133A1",30045,5002,"2022-12-20","2023-01-20","USD",93.00,90,"3XS:10|2XS:20|XS:20|S:10|M:10|L:10|XL:10"
251134,"2022-09-15 08:39:53.45","#NA1134",50.00,68.00,93.00,120.90,"2022-12-20","127590457","PO",4,,,,"",,"NA1134A0",30029,6002,"2022-12-20","2023-01-20","USD",93.00,90,"3XS:10|2XS:20|XS:20|S:10|M:10|L:10|XL:10"
251135,"2022-09-15 08:39:53.45","#NA1135",50.00,68.00,93.00,120.90,"2022-12-20","127590457","PO",4,,,,"",,"NA1135A1",30045,8002,"2022-12-20","2023-01-20","USD",93.00,90,"3XS:10|2XS:20|XS:20|S:10|M:10|L:10|XL:10"
251136,"2022-09-15 08:39:53.45","#NA1136",50.00,68.00,93.00,120.90,"2022-12-20","127588938","PO",4,,,,"",,"NA1136A1",30045,1002,"2022-12-20","2023-01-20","USD",93.00,90,"3XS:10|2XS:20|XS:20|S:10|M:10|L:10|XL:10"
251137,"2022-09-15 08:39:53.45","#NA1137",50.00,68.00,93.00,120.90,"2022-12-20","127588938","PO",4,,,,"",,"NA1137A0",30029,3002,"2022-12-20","2023-01-20","USD",93.00,90,"3XS:10|2XS:20|XS:20|S:10|M:10|L:10|XL:10"
251138,"2022-09-15 08:39:53.45","#NA1138",50.00,68.00,93.00,120.90,"2022-12-20","127588938","PO",4,,,,"",,"NA1138A1",30045,5002,"2022-12-20","2023-01-20","USD",93.00,90,"3XS:10|2XS:20|XS:20|S:10|M:10|L:10|XL:10"
251139,"2022-09-15 08:39:53.45","#NA1139",50.00,68.00,93.00,120.90,"2022-12-20","127588938","PO",4,,,,"",,"NA1139A0",30029,6002,"2022-12-20","2023-01-20","USD",93.00,90,"3XS:10|2XS:20|XS:20|S:10|M:10|L:10|XL:10"
251140,"2022-09-15 08:39:53.45","#NA1140",50.00,68.00,93.00,120.90,"2022-12-20","127588938","PO",4,,,,"",,"NA1140A1",30045,8002,"2022-12-20","2023-01-20","USD",93.00,90,"3XS:10|2XS:20|XS:20|S:10|M:10|L:10|XL:10"
251141,"2022-09-15 08:39:53.45","#NA1141",50.00,68.00,93.00,120.90,"2022-12-20","127589037","PO",4,,,,"",,"NA1141A1",30045,1002,"2022-12-20","2023-01-20","USD",93.00,90,"3XS:10|2XS:20|XS:20|S:10|M:10|L:10|XL:10"
251142,"2022-09-15 08:39:53.45","#NA1142",50.00,68.00,93.00,120.90,"2022-12-20","127589037","PO",4,,,,"",,"NA1142A0",30029,3002,"2022-12-20","2023-01-20","USD",93.00,90,"3XS:10|2XS:20|XS:20|S:10|M:10|L:10|XL:10"
251143,"2022-09-15 08:39:53.45","#NA1143",50.00,68.00,93.00,120.90,"2022-12-20","127589037","PO",4,,,,"",,"NA1143A1",30045,5002,"2022-12-20","2023-01-20","USD",93.00,90,"3XS:10|2XS:20|XS:20|S:10|M:10|L:10|XL:10"
251144,"2022-09-15 08:39:53.45","#NA1144",50.00,68.00,93.00,120.90,"2022-12-20","127589037","PO",4,,,,"",,"NA1144A0",30029,6002,"2022-12-20","2023-01-20","USD",93.00,90,"3XS:10|2XS:20|XS:20|S:10|M:10|L:10|XL:10"
251145,"2022-09-15 08:39:53.45","#NA1145",50.00,68.00,93.00,120.90,"2022-12-20","127589037","PO",4,,,,"",,"NA1145A1",30045,8002,"2022-12-20","2023-01-20","USD",93.00,90,"3XS:10|2XS:20|XS:20|S:10|M:10|L:10|XL:10"
251146,"2022-09-15 08:39:53.45","#NA1146",50.00,68.00,93.00,120.90,"2022-12-20","127589275","PO",4,,,,"",,"NA1146A1",30045,1002,"2022-12-20","2023-01-20","USD",93.00,90,"3XS:10|2XS:20|XS:20|S:10|M:10|L:10|XL:10"
251147,"2022-09-15 08:39:53.45","#NA1147",50.00,68.00,93.00,120.90,"2022-12-20","127589275","PO",4,,,,"",,"NA1147A0",30029,3002,"2022-12-20","2023-01-20","USD",93.00,90,"3XS:10|2XS:20|XS:20|S:10|M:10|L:10|XL:10"
251148,"2022-09-15 08:39:53.45","#NA1148",50.00,68.00,93.00,120.90,"2022-12-20","127589275","PO",4,,,,"",,"NA1148A1",30045,5002,"2022-12-20","2023-01-20","USD",93.00,90,"3XS:10|2XS:20|XS:20|S:10|M:10|L:10|XL:10"
251149,"2022-09-15 08:39:53.45","#NA1149",50.00,68.00,93.00,120.90,"2022-12-20","127589275","PO",4,,,,"",,"NA1149A0",30029,6002,"2022-12-20","2023-01-20","USD",93.00,90,"3XS:10|2XS:20|XS:20|S:10|M:10|L:10|XL:10"
251150,"2022-09-15 08:39:53.45","#NA1150",50.00,68.00,93.00,120.90,"2022-12-20","127589275","PO",4,,,,"",,"NA1150A1",30045,8002,"2022-12-20","2023-01-20","USD",93.00,90,"3XS:10|2XS:20|XS:20|S:10|M:10|L:10|XL:10"
251151,"2022-09-15 08:39:53.45","#NA1151",50.00,68.00,93.00,120.90,"2022-12-20","127590536","PO",4,,,,"",,"NA1151A1",30045,1002,"2022-12-20","2023-01-20","USD",93.00,90,"3XS:10|2XS:20|XS:20|S:10|M:10|L:10|XL:10"
251152,"2022-09-15 08:39:53.45","#NA1152",50.00,68.00,93.00,120.90,"2022-12-20","127590536","PO",4,,,,"",,"NA1152A0",30029,3002,"2022-12-20","2023-01-20","USD",93.00,90,"3XS:10|2XS:20|XS:20|S:10|M:10|L:10|XL:10"
251153,"2022-09-15 08:39:53.45","#NA1153",50.00,68.00,93.00,120.90,"2022-12-20","127590536","PO",4,,,,"",,"NA1153A1",30045,5002,"2022-12-20","2023-01-20","USD",93.00,90,"3XS:10|2XS:20|XS:20|S:10|M:10|L:10|XL:10"
251154,"2022-09-15 08:39:53.45","#NA1154",50.00,68.00,93.00,120.90,"2022-12-20","127590536","PO",4,,,,"",,"NA1154A0",30029,6002,"2022-12-20","2023-01-20","USD",93.00,90,"3XS:10|2XS:20|XS:20|S:10|M:10|L:10|XL:10"
251155,"2022-09-15 08:39:53.45","#NA1155",50.00,68.00,93.00,120.90,"2022-12-20","127590536","PO",4,,,,"",,"NA1155A1",30045,8002,"2022-12-20","2023-01-20","USD",93.00,90,"3XS:10|2XS:20|XS:20|S:10|M:10|L:10|XL:10"
251156,"2022-09-15 08:39:53.45","#NA1156",50.00,68.00,93.00,120.90,"2022-12-20","127590615","PO",4,,,,"",,"NA1156A1",30045,1002,"2022-12-20","2023-01-20","USD",93.00,90,"3XS:10|2XS:20|XS:20|S:10|M:10|L:10|XL:10"
251157,"2022-09-15 08:39:53.45","#NA1157",50.00,68.00,93.00,120.90,"2022-12-20","127590615","PO",4,,,,"",,"NA1157A0",30029,3002,"2022-12-20","2023-01-20","USD",93.00,90,"3XS:10|2XS:20|XS:20|S:10|M:10|L:10|XL:10"
251158,"2022-09-15 08:39:53.45","#NA1158",50.00,68.00,93.00,120.90,"2022-12-20","127590615","PO",4,,,,"",,"NA1158A1",30045,5002,"2022-12-20","2023-01-20","USD",93.00,90,"3XS:10|2XS:20|XS:20|S:10|M:10|L:10|XL:10"
251159,"2022-09-15 08:39:53.45","#NA1159",50.00,68.00,93.00,120.90,"2022-12-20","127590615","PO",4,,,,"",,"NA1159A0",30029,6002,"2022-12-20","2023-01-20","USD",93.00,90,"3XS:10|2XS:20|XS:20|S:10|M:10|L:10|XL:10"
251160,"2022-09-15 08:39:53.45","#NA1160",50.00,68.00,93.00,120.90,"2022-12-20","127590615","PO",4,,,,"",,"NA1160A1",30045,8002,"2022-12-20","2023-01-20","USD",93.00,90,"3XS:10|2XS:20|XS:20|S:10|M:10|L:10|XL:10"
251161,"2022-09-15 08:39:53.45","#NA1161",50.00,68.00,93.00,120.90,"2022-12-20","127589351","PO",4,,,,"",,"NA1161A1",30045,1002,"2022-12-20","2023-01-20","USD",93.00,90,"3XS:10|2XS:20|XS:20|S:10|M:10|L:10|XL:10"
251162,"2022-09-15 08:39:53.45","#NA1162",50.00,68.00,93.00,120.90,"2022-12-20","127589351","PO",4,,,,"",,"NA1162A0",30029,3002,"2022-12-20","2023-01-20","USD",93.00,90,"3XS:10|2XS:20|XS:20|S:10|M:10|L:10|XL:10"
251163,"2022-09-15 08:39:53.45","#NA1163",50.00,68.00,93.00,120.90,"2022-12-20","127589351","PO",4,,,,"",,"NA1163A1",30045,5002,"2022-12-20","2023-01-20","USD",93.00,90,"3XS:10|2XS:20|XS:20|S:10|M:10|L:10|XL:10"
251164,"2022-09-15 08:39:53.45","#NA1164",50.00,68.00,93.00,120.90,"2022-12-20","127589351","PO",4,,,,"",,"NA1164A0",30029,6002,"2022-12-20","2023-01-20","USD",93.00,90,"3XS:10|2XS:20|XS:20|S:10|M:10|L:10|XL:10"
251165,"2022-09-15 08:39:53.45","#NA1165",50.00,68.00,93.00,120.90,"2022-12-20","127589351","PO",4,,,,"",,"NA1165A1",30045,8002,"2022-12-20","2023-01-20","USD",93.00,90,"3XS:10|2XS:20|XS:20|S:10|M:10|L:10|XL:10"
251166,"2022-09-15 08:39:53.45","#NA1166",50.00,68.00,93.00,120.90,"2022-12-20","127589426","PO",4,,,,"",,"NA1166A1",30045,1002,"2022-12-20","2023-01-20","USD",93.00,90,"3XS:10|2XS:20|XS:20|S:10|M:10|L:10|XL:10"
251167,"2022-09-15 08:39:53.45","#NA1167",50.00,68.00,93.00,120.90,"2022-12-20","127589426","PO",4,,,,"",,"NA1167A0",30029,3002,"2022-12-20","2023-01-20","USD",93.00,90,"3XS:10|2XS:20|XS:20|S:10|M:10|L:10|XL:10"
251168,"2022-09-15 08:39:53.45","#NA1168",50.00,68.00,93.00,120.90,"2022-12-20","127589426","PO",4,,,,"",,"NA1168A1",30045,5002,"2022-12-20","2023-01-20","USD",93.00,90,"3XS:10|2XS:20|XS:20|S:10|M:10|L:10|XL:10"
251169,"2022-09-15 08:39:53.45","#NA1169",50.00,68.00,93.00,120.90,"2022-12-20","127589426","PO",4,,,,"",,"NA1169A0",30029,6002,"2022-12-20","2023-01-20","USD",93.00,90,"3XS:10|2XS:20|XS:20|S:10|M:10|L:10|XL:10"
251170,"2022-09-15 08:39:53.45","#NA1170",50.00,68.00,93.00,120.90,"2022-12-20","127589426","PO",4,,,,"",,"NA1170A1",30045,8002,"2022-12-20","2023-01-20","USD",93.00,90,"3XS:10|2XS:20|XS:20|S:10|M:10|L:10|XL:10"
251171,"2022-09-15 08:39:53.45","#NA1171",50.00,68.00,93.00,120.90,"2022-12-20","127590694","PO",4,,,,"",,"NA1171A1",30045,1002,"2022-12-20","2023-01-20","USD",93.00,90,"3XS:10|2XS:20|XS:20|S:10|M:10|L:10|XL:10"
251172,"2022-09-15 08:39:53.45","#NA1172",50.00,68.00,93.00,120.90,"2022-12-20","127590694","PO",4,,,,"",,"NA1172A0",30029,3002,"2022-12-20","2023-01-20","USD",93.00,90,"3XS:10|2XS:20|XS:20|S:10|M:10|L:10|XL:10"
251173,"2022-09-15 08:39:53.45","#NA1173",50.00,68.00,93.00,120.90,"2022-12-20","127590694","PO",4,,,,"",,"NA1173A1",30045,5002,"2022-12-20","2023-01-20","USD",93.00,90,"3XS:10|2XS:20|XS:20|S:10|M:10|L:10|XL:10"
251174,"2022-09-15 08:39:53.45","#NA1174",50.00,68.00,93.00,120.90,"2022-12-20","127590694","PO",4,,,,"",,"NA1174A0",30029,6002,"2022-12-20","2023-01-20","USD",93.00,90,"3XS:10|2XS:20|XS:20|S:10|M:10|L:10|XL:10"
251175,"2022-09-15 08:39:53.45","#NA1175",50.00,68.00,93.00,120.90,"2022-12-20","127590694","PO",4,,,,"",,"NA1175A1",30045,8002,"2022-12-20","2023-01-20","USD",93.00,90,"3XS:10|2XS:20|XS:20|S:10|M:10|L:10|XL:10"
251176,"2022-09-15 08:39:53.45","#NA1176",50.00,68.00,93.00,120.90,"2022-12-20","127589498","PO",4,,,,"",,"NA1176A1",30045,1002,"2022-12-20","2023-01-20","USD",93.00,90,"3XS:10|2XS:20|XS:20|S:10|M:10|L:10|XL:10"
251177,"2022-09-15 08:39:53.45","#NA1177",50.00,68.00,93.00,120.90,"2022-12-20","127589498","PO",4,,,,"",,"NA1177A0",30029,3002,"2022-12-20","2023-01-20","USD",93.00,90,"3XS:10|2XS:20|XS:20|S:10|M:10|L:10|XL:10"
251178,"2022-09-15 08:39:53.45","#NA1178",50.00,68.00,93.00,120.90,"2022-12-20","127589498","PO",4,,,,"",,"NA1178A1",30045,5002,"2022-12-20","2023-01-20","USD",93.00,90,"3XS:10|2XS:20|XS:20|S:10|M:10|L:10|XL:10"
251179,"2022-09-15 08:39:53.45","#NA1179",50.00,68.00,93.00,120.90,"2022-12-20","127589498","PO",4,,,,"",,"NA1179A0",30029,6002,"2022-12-20","2023-01-20","USD",93.00,90,"3XS:10|2XS:20|XS:20|S:10|M:10|L:10|XL:10"
251180,"2022-09-15 08:39:53.45","#NA1180",50.00,68.00,93.00,120.90,"2022-12-20","127589498","PO",4,,,,"",,"NA1180A1",30045,8002,"2022-12-20","2023-01-20","USD",93.00,90,"3XS:10|2XS:20|XS:20|S:10|M:10|L:10|XL:10"
251181,"2022-09-15 08:39:53.45","#NA1181",50.00,68.00,93.00,120.90,"2022-12-20","127589576","PO",4,,,,"",,"NA1181A1",30045,1002,"2022-12-20","2023-01-20","USD",93.00,90,"3XS:10|2XS:20|XS:20|S:10|M:10|L:10|XL:10"
251182,"2022-09-15 08:39:53.45","#NA1182",50.00,68.00,93.00,120.90,"2022-12-20","127589576","PO",4,,,,"",,"NA1182A0",30029,3002,"2022-12-20","2023-01-20","USD",93.00,90,"3XS:10|2XS:20|XS:20|S:10|M:10|L:10|XL:10"
251183,"2022-09-15 08:39:53.45","#NA1183",50.00,68.00,93.00,120.90,"2022-12-20","127589576","PO",4,,,,"",,"NA1183A1",30045,5002,"2022-12-20","2023-01-20","USD",93.00,90,"3XS:10|2XS:20|XS:20|S:10|M:10|L:10|XL:10"
251184,"2022-09-15 08:39:53.45","#NA1184",50.00,68.00,93.00,120.90,"2022-12-20","127589576","PO",4,,,,"",,"NA1184A0",30029,6002,"2022-12-20","2023-01-20","USD",93.00,90,"3XS:10|2XS:20|XS:20|S:10|M:10|L:10|XL:10"
251185,"2022-09-15 08:39:53.45","#NA1185",50.00,68.00,93.00,120.90,"2022-12-20","127589576","PO",4,,,,"",,"NA1185A1",30045,8002,"2022-12-20","2023-01-20","USD",93.00,90,"3XS:10|2XS:20|XS:20|S:10|M:10|L:10|XL:10"
251186,"2022-09-15 08:39:53.45","#NA1186",50.00,68.00,93.00,120.90,"2022-12-20","127589655","PO",4,,,,"",,"NA1186A1",30045,1002,"2022-12-20","2023-01-20","USD",93.00,90,"3XS:10|2XS:20|XS:20|S:10|M:10|L:10|XL:10"
251187,"2022-09-15 08:39:53.45","#NA1187",50.00,68.00,93.00,120.90,"2022-12-20","127589655","PO",4,,,,"",,"NA1187A0",30029,3002,"2022-12-20","2023-01-20","USD",93.00,90,"3XS:10|2XS:20|XS:20|S:10|M:10|L:10|XL:10"
251188,"2022-09-15 08:39:53.45","#NA1188",50.00,68.00,93.00,120.90,"2022-12-20","127589655","PO",4,,,,"",,"NA1188A1",30045,5002,"2022-12-20","2023-01-20","USD",93.00,90,"3XS:10|2XS:20|XS:20|S:10|M:10|L:10|XL:10"
251189,"2022-09-15 08:39:53.45","#NA1189",50.00,68.00,93.00,120.90,"2022-12-20","127589655","PO",4,,,,"",,"NA1189A0",30029,6002,"2022-12-20","2023-01-20","USD",93.00,90,"3XS:10|2XS:20|XS:20|S:10|M:10|L:10|XL:10"
251190,"2022-09-15 08:39:53.45","#NA1190",50.00,68.00,93.00,120.90,"2022-12-20","127589655","PO",4,,,,"",,"NA1190A1",30045,8002,"2022-12-20","2023-01-20","USD",93.00,90,"3XS:10|2XS:20|XS:20|S:10|M:10|L:10|XL:10"
251191,"2022-09-15 08:39:53.45","#NA1191",50.00,68.00,93.00,120.90,"2022-12-20","127589734","PO",4,,,,"",,"NA1191A1",30045,1002,"2022-12-20","2023-01-20","USD",93.00,90,"3XS:10|2XS:20|XS:20|S:10|M:10|L:10|XL:10"
251192,"2022-09-15 08:39:53.45","#NA1192",50.00,68.00,93.00,120.90,"2022-12-20","127589734","PO",4,,,,"",,"NA1192A0",30029,3002,"2022-12-20","2023-01-20","USD",93.00,90,"3XS:10|2XS:20|XS:20|S:10|M:10|L:10|XL:10"
251193,"2022-09-15 08:39:53.45","#NA1193",50.00,68.00,93.00,120.90,"2022-12-20","127589734","PO",4,,,,"",,"NA1193A1",30045,5002,"2022-12-20","2023-01-20","USD",93.00,90,"3XS:10|2XS:20|XS:20|S:10|M:10|L:10|XL:10"
251194,"2022-09-15 08:39:53.45","#NA1194",50.00,68.00,93.00,120.90,"2022-12-20","127589734","PO",4,,,,"",,"NA1194A0",30029,6002,"2022-12-20","2023-01-20","USD",93.00,90,"3XS:10|2XS:20|XS:20|S:10|M:10|L:10|XL:10"
251195,"2022-09-15 08:39:53.45","#NA1195",50.00,68.00,93.00,120.90,"2022-12-20","127589734","PO",4,,,,"",,"NA1195A1",30045,8002,"2022-12-20","2023-01-20","USD",93.00,90,"3XS:10|2XS:20|XS:20|S:10|M:10|L:10|XL:10"
251196,"2022-09-15 08:39:53.45","#NA1196",50.00,68.00,93.00,120.90,"2022-12-20","127589814","PO",4,,,,"",,"NA1196A1",30045,1002,"2022-12-20","2023-01-20","USD",93.00,90,"3XS:10|2XS:20|XS:20|S:10|M:10|L:10|XL:10"
251197,"2022-09-15 08:39:53.45","#NA1197",50.00,68.00,93.00,120.90,"2022-12-20","127589814","PO",4,,,,"",,"NA1197A0",30029,3002,"2022-12-20","2023-01-20","USD",93.00,90,"3XS:10|2XS:20|XS:20|S:10|M:10|L:10|XL:10"
251198,"2022-09-15 08:39:53.45","#NA1198",50.00,68.00,93.00,120.90,"2022-12-20","127589814","PO",4,,,,"",,"NA1198A1",30045,5002,"2022-12-20","2023-01-20","USD",93.00,90,"3XS:10|2XS:20|XS:20|S:10|M:10|L:10|XL:10"
251199,"2022-09-15 08:39:53.45","#NA1199",50.00,68.00,93.00,120.90,"2022-12-20","127589814","PO",4,,,,"",,"NA1199A0",30029,6002,"2022-12-20","2023-01-20","USD",93.00,90,"3XS:10|2XS:20|XS:20|S:10|M:10|L:10|XL:10"
251200,"2022-09-15 08:39:53.45","#NA1200",50.00,68.00,93.00,120.90,"2022-12-20","127589814","PO",4,,,,"",,"NA1200A1",30045,8002,"2022-12-20","2023-01-20","USD",93.00,90,"3XS:10|2XS:20|XS:20|S:10|M:10|L:10|XL:10"
251201,"2022-09-15 08:39:53.45","#NA1201",50.00,68.00,93.00,120.90,"2022-12-20","127588936","PO",4,,,,"",,"NA1201A1",30045,1002,"2022-12-20","2023-01-20","USD",93.00,90,"3XS:10|2XS:20|XS:20|S:10|M:10|L:10|XL:10"
251202,"2022-09-15 08:39:53.45","#NA1202",50.00,68.00,93.00,120.90,"2022-12-20","127588936","PO",4,,,,"",,"NA1202A0",30029,3002,"2022-12-20","2023-01-20","USD",93.00,90,"3XS:10|2XS:20|XS:20|S:10|M:10|L:10|XL:10"
251203,"2022-09-15 08:39:53.45","#NA1203",50.00,68.00,93.00,120.90,"2022-12-20","127588936","PO",4,,,,"",,"NA1203A1",30045,5002,"2022-12-20","2023-01-20","USD",93.00,90,"3XS:10|2XS:20|XS:20|S:10|M:10|L:10|XL:10"
251204,"2022-09-15 08:39:53.45","#NA1204",50.00,68.00,93.00,120.90,"2022-12-20","127588936","PO",4,,,,"",,"NA1204A0",30029,6002,"2022-12-20","2023-01-20","USD",93.00,90,"3XS:10|2XS:20|XS:20|S:10|M:10|L:10|XL:10"
251205,"2022-09-15 08:39:53.45","#NA1205",50.00,68.00,93.00,120.90,"2022-12-20","127588936","PO",4,,,,"",,"NA1205A1",30045,8002,"2022-12-20","2023-01-20","USD",93.00,90,"3XS:10|2XS:20|XS:20|S:10|M:10|L:10|XL:10"
251206,"2022-09-15 08:39:53.45","#NA1206",50.00,68.00,93.00,120.90,"2022-12-20","127589047","PO",4,,,,"",,"NA1206A1",30045,1002,"2022-12-20","2023-01-20","USD",93.00,90,"3XS:10|2XS:20|XS:20|S:10|M:10|L:10|XL:10"
251207,"2022-09-15 08:39:53.45","#NA1207",50.00,68.00,93.00,120.90,"2022-12-20","127589047","PO",4,,,,"",,"NA1207A0",30029,3002,"2022-12-20","2023-01-20","USD",93.00,90,"3XS:10|2XS:20|XS:20|S:10|M:10|L:10|XL:10"
251208,"2022-09-15 08:39:53.45","#NA1208",50.00,68.00,93.00,120.90,"2022-12-20","127589047","PO",4,,,,"",,"NA1208A1",30045,5002,"2022-12-20","2023-01-20","USD",93.00,90,"3XS:10|2XS:20|XS:20|S:10|M:10|L:10|XL:10"
251209,"2022-09-15 08:39:53.45","#NA1209",50.00,68.00,93.00,120.90,"2022-12-20","127589047","PO",4,,,,"",,"NA1209A0",30029,6002,"2022-12-20","2023-01-20","USD",93.00,90,"3XS:10|2XS:20|XS:20|S:10|M:10|L:10|XL:10"
251210,"2022-09-15 08:39:53.45","#NA1210",50.00,68.00,93.00,120.90,"2022-12-20","127589047","PO",4,,,,"",,"NA1210A1",30045,8002,"2022-12-20","2023-01-20","USD",93.00,90,"3XS:10|2XS:20|XS:20|S:10|M:10|L:10|XL:10"
251211,"2022-09-15 08:39:53.45","#NA1211",50.00,68.00,93.00,120.90,"2022-12-20","127589893","PO",4,,,,"",,"NA1211A1",30045,1002,"2022-12-20","2023-01-20","USD",93.00,90,"3XS:10|2XS:20|XS:20|S:10|M:10|L:10|XL:10"
251212,"2022-09-15 08:39:53.45","#NA1212",50.00,68.00,93.00,120.90,"2022-12-20","127589893","PO",4,,,,"",,"NA1212A0",30029,3002,"2022-12-20","2023-01-20","USD",93.00,90,"3XS:10|2XS:20|XS:20|S:10|M:10|L:10|XL:10"
251213,"2022-09-15 08:39:53.45","#NA1213",50.00,68.00,93.00,120.90,"2022-12-20","127589893","PO",4,,,,"",,"NA1213A1",30045,5002,"2022-12-20","2023-01-20","USD",93.00,90,"3XS:10|2XS:20|XS:20|S:10|M:10|L:10|XL:10"
251214,"2022-09-15 08:39:53.45","#NA1214",50.00,68.00,93.00,120.90,"2022-12-20","127589893","PO",4,,,,"",,"NA1214A0",30029,6002,"2022-12-20","2023-01-20","USD",93.00,90,"3XS:10|2XS:20|XS:20|S:10|M:10|L:10|XL:10"
251215,"2022-09-15 08:39:53.45","#NA1215",50.00,68.00,93.00,120.90,"2022-12-20","127589893","PO",4,,,,"",,"NA1215A1",30045,8002,"2022-12-20","2023-01-20","USD",93.00,90,"3XS:10|2XS:20|XS:20|S:10|M:10|L:10|XL:10"
251216,"2022-09-15 08:39:53.45","#NA1216",50.00,68.00,93.00,120.90,"2022-12-20","127589971","PO",4,,,,"",,"NA1216A1",30045,1002,"2022-12-20","2023-01-20","USD",93.00,90,"3XS:10|2XS:20|XS:20|S:10|M:10|L:10|XL:10"
251217,"2022-09-15 08:39:53.45","#NA1217",50.00,68.00,93.00,120.90,"2022-12-20","127589971","PO",4,,,,"",,"NA1217A0",30029,3002,"2022-12-20","2023-01-20","USD",93.00,90,"3XS:10|2XS:20|XS:20|S:10|M:10|L:10|XL:10"
251218,"2022-09-15 08:39:53.45","#NA1218",50.00,68.00,93.00,120.90,"2022-12-20","127589971","PO",4,,,,"",,"NA1218A1",30045,5002,"2022-12-20","2023-01-20","USD",93.00,90,"3XS:10|2XS:20|XS:20|S:10|M:10|L:10|XL:10"
251219,"2022-09-15 08:39:53.45","#NA1219",50.00,68.00,93.00,120.90,"2022-12-20","127589971","PO",4,,,,"",,"NA1219A0",30029,6002,"2022-12-20","2023-01-20","USD",93.00,90,"3XS:10|2XS:20|XS:20|S:10|M:10|L:10|XL:10"
251220,"2022-09-15 08:39:53.45","#NA1220",50.00,68.00,93.00,120.90,"2022-12-20","127589971","PO",4,,,,"",,"NA1220A1",30045,8002,"2022-12-20","2023-01-20","USD",93.00,90,"3XS:10|2XS:20|XS:20|S:10|M:10|L:10|XL:10"
251221,"2022-09-15 08:39:53.45","#NA1221",50.00,68.00,93.00,120.90,"2022-12-20","127589127","PO",4,,,,"",,"NA1221A1",30045,1002,"2022-12-20","2023-01-20","USD",93.00,90,"3XS:10|2XS:20|XS:20|S:10|M:10|L:10|XL:10"
251222,"2022-09-15 08:39:53.45","#NA1222",50.00,68.00,93.00,120.90,"2022-12-20","127589127","PO",4,,,,"",,"NA1222A0",30029,3002,"2022-12-20","2023-01-20","USD",93.00,90,"3XS:10|2XS:20|XS:20|S:10|M:10|L:10|XL:10"
251223,"2022-09-15 08:39:53.45","#NA1223",50.00,68.00,93.00,120.90,"2022-12-20","127589127","PO",4,,,,"",,"NA1223A1",30045,5002,"2022-12-20","2023-01-20","USD",93.00,90,"3XS:10|2XS:20|XS:20|S:10|M:10|L:10|XL:10"
251224,"2022-09-15 08:39:53.45","#NA1224",50.00,68.00,93.00,120.90,"2022-12-20","127589127","PO",4,,,,"",,"NA1224A0",30029,6002,"2022-12-20","2023-01-20","USD",93.00,90,"3XS:10|2XS:20|XS:20|S:10|M:10|L:10|XL:10"
251225,"2022-09-15 08:39:53.45","#NA1225",50.00,68.00,93.00,120.90,"2022-12-20","127589127","PO",4,,,,"",,"NA1225A1",30045,8002,"2022-12-20","2023-01-20","USD",93.00,90,"3XS:10|2XS:20|XS:20|S:10|M:10|L:10|XL:10"
251226,"2022-09-15 08:39:53.45","#NA1226",50.00,68.00,93.00,120.90,"2022-12-20","127590051","PO",4,,,,"",,"NA1226A1",30045,1002,"2022-12-20","2023-01-20","USD",93.00,90,"3XS:10|2XS:20|XS:20|S:10|M:10|L:10|XL:10"
251227,"2022-09-15 08:39:53.45","#NA1227",50.00,68.00,93.00,120.90,"2022-12-20","127590051","PO",4,,,,"",,"NA1227A0",30029,3002,"2022-12-20","2023-01-20","USD",93.00,90,"3XS:10|2XS:20|XS:20|S:10|M:10|L:10|XL:10"
251228,"2022-09-15 08:39:53.45","#NA1228",50.00,68.00,93.00,120.90,"2022-12-20","127590051","PO",4,,,,"",,"NA1228A1",30045,5002,"2022-12-20","2023-01-20","USD",93.00,90,"3XS:10|2XS:20|XS:20|S:10|M:10|L:10|XL:10"
251229,"2022-09-15 08:39:53.45","#NA1229",50.00,68.00,93.00,120.90,"2022-12-20","127590051","PO",4,,,,"",,"NA1229A0",30029,6002,"2022-12-20","2023-01-20","USD",93.00,90,"3XS:10|2XS:20|XS:20|S:10|M:10|L:10|XL:10"
251230,"2022-09-15 08:39:53.45","#NA1230",50.00,68.00,93.00,120.90,"2022-12-20","127590051","PO",4,,,,"",,"NA1230A1",30045,8002,"2022-12-20","2023-01-20","USD",93.00,90,"3XS:10|2XS:20|XS:20|S:10|M:10|L:10|XL:10"
251231,"2022-09-15 08:39:53.45","#NA1231",50.00,68.00,93.00,120.90,"2022-12-20","127590131","PO",4,,,,"",,"NA1231A1",30045,1002,"2022-12-20","2023-01-20","USD",93.00,90,"3XS:10|2XS:20|XS:20|S:10|M:10|L:10|XL:10"
251232,"2022-09-15 08:39:53.45","#NA1232",50.00,68.00,93.00,120.90,"2022-12-20","127590131","PO",4,,,,"",,"NA1232A0",30029,3002,"2022-12-20","2023-01-20","USD",93.00,90,"3XS:10|2XS:20|XS:20|S:10|M:10|L:10|XL:10"
251233,"2022-09-15 08:39:53.45","#NA1233",50.00,68.00,93.00,120.90,"2022-12-20","127590131","PO",4,,,,"",,"NA1233A1",30045,5002,"2022-12-20","2023-01-20","USD",93.00,90,"3XS:10|2XS:20|XS:20|S:10|M:10|L:10|XL:10"
251234,"2022-09-15 08:39:53.45","#NA1234",50.00,68.00,93.00,120.90,"2022-12-20","127590131","PO",4,,,,"",,"NA1234A0",30029,6002,"2022-12-20","2023-01-20","USD",93.00,90,"3XS:10|2XS:20|XS:20|S:10|M:10|L:10|XL:10"
251235,"2022-09-15 08:39:53.45","#NA1235",50.00,68.00,93.00,120.90,"2022-12-20","127590131","PO",4,,,,"",,"NA1235A1",30045,8002,"2022-12-20","2023-01-20","USD",93.00,90,"3XS:10|2XS:20|XS:20|S:10|M:10|L:10|XL:10"
251236,"2022-09-15 08:39:53.45","#NA1236",50.00,68.00,93.00,120.90,"2022-12-20","127589205","PO",4,,,,"",,"NA1236A1",30045,1002,"2022-12-20","2023-01-20","USD",93.00,90,"3XS:10|2XS:20|XS:20|S:10|M:10|L:10|XL:10"
251237,"2022-09-15 08:39:53.45","#NA1237",50.00,68.00,93.00,120.90,"2022-12-20","127589205","PO",4,,,,"",,"NA1237A0",30029,3002,"2022-12-20","2023-01-20","USD",93.00,90,"3XS:10|2XS:20|XS:20|S:10|M:10|L:10|XL:10"
251238,"2022-09-15 08:39:53.45","#NA1238",50.00,68.00,93.00,120.90,"2022-12-20","127589205","PO",4,,,,"",,"NA1238A1",30045,5002,"2022-12-20","2023-01-20","USD",93.00,90,"3XS:10|2XS:20|XS:20|S:10|M:10|L:10|XL:10"
251239,"2022-09-15 08:39:53.45","#NA1239",50.00,68.00,93.00,120.90,"2022-12-20","127589205","PO",4,,,,"",,"NA1239A0",30029,6002,"2022-12-20","2023-01-20","USD",93.00,90,"3XS:10|2XS:20|XS:20|S:10|M:10|L:10|XL:10"
251240,"2022-09-15 08:39:53.45","#NA1240",50.00,68.00,93.00,120.90,"2022-12-20","127589205","PO",4,,,,"",,"NA1240A1",30045,8002,"2022-12-20","2023-01-20","USD",93.00,90,"3XS:10|2XS:20|XS:20|S:10|M:10|L:10|XL:10"
251241,"2022-09-15 08:39:53.45","#NA1241",50.00,68.00,93.00,120.90,"2022-12-20","127589290","PO",4,,,,"",,"NA1241A1",30045,1002,"2022-12-20","2023-01-20","USD",93.00,90,"3XS:10|2XS:20|XS:20|S:10|M:10|L:10|XL:10"
251242,"2022-09-15 08:39:53.45","#NA1242",50.00,68.00,93.00,120.90,"2022-12-20","127589290","PO",4,,,,"",,"NA1242A0",30029,3002,"2022-12-20","2023-01-20","USD",93.00,90,"3XS:10|2XS:20|XS:20|S:10|M:10|L:10|XL:10"
251243,"2022-09-15 08:39:53.45","#NA1243",50.00,68.00,93.00,120.90,"2022-12-20","127589290","PO",4,,,,"",,"NA1243A1",30045,5002,"2022-12-20","2023-01-20","USD",93.00,90,"3XS:10|2XS:20|XS:20|S:10|M:10|L:10|XL:10"
251244,"2022-09-15 08:39:53.45","#NA1244",50.00,68.00,93.00,120.90,"2022-12-20","127589290","PO",4,,,,"",,"NA1244A0",30029,6002,"2022-12-20","2023-01-20","USD",93.00,90,"3XS:10|2XS:20|XS:20|S:10|M:10|L:10|XL:10"
251245,"2022-09-15 08:39:53.45","#NA1245",50.00,68.00,93.00,120.90,"2022-12-20","127589290","PO",4,,,,"",,"NA1245A1",30045,8002,"2022-12-20","2023-01-20","USD",93.00,90,"3XS:10|2XS:20|XS:20|S:10|M:10|L:10|XL:10"
251246,"2022-09-15 08:39:53.45","#NA1246",50.00,68.00,93.00,120.90,"2022-12-20","127590211","PO",4,,,,"",,"NA1246A1",30045,1002,"2022-12-20","2023-01-20","USD",93.00,90,"3XS:10|2XS:20|XS:20|S:10|M:10|L:10|XL:10"
251247,"2022-09-15 08:39:53.45","#NA1247",50.00,68.00,93.00,120.90,"2022-12-20","127590211","PO",4,,,,"",,"NA1247A0",30029,3002,"2022-12-20","2023-01-20","USD",93.00,90,"3XS:10|2XS:20|XS:20|S:10|M:10|L:10|XL:10"
251248,"2022-09-15 08:39:53.45","#NA1248",50.00,68.00,93.00,120.90,"2022-12-20","127590211","PO",4,,,,"",,"NA1248A1",30045,5002,"2022-12-20","2023-01-20","USD",93.00,90,"3XS:10|2XS:20|XS:20|S:10|M:10|L:10|XL:10"
251249,"2022-09-15 08:39:53.45","#NA1249",50.00,68.00,93.00,120.90,"2022-12-20","127590211","PO",4,,,,"",,"NA1249A0",30029,6002,"2022-12-20","2023-01-20","USD",93.00,90,"3XS:10|2XS:20|XS:20|S:10|M:10|L:10|XL:10"
251250,"2022-09-15 08:39:53.45","#NA1250",50.00,68.00,93.00,120.90,"2022-12-20","127590211","PO",4,,,,"",,"NA1250A1",30045,8002,"2022-12-20","2023-01-20","USD",93.00,90,"3XS:10|2XS:20|XS:20|S:10|M:10|L:10|XL:10"
251251,"2022-09-15 08:39:53.45","#NA1251",50.00,68.00,93.00,120.90,"2022-12-20","127590291","PO",4,,,,"",,"NA1251A1",30045,1002,"2022-12-20","2023-01-20","USD",93.00,90,"3XS:10|2XS:20|XS:20|S:10|M:10|L:10|XL:10"
251252,"2022-09-15 08:39:53.45","#NA1252",50.00,68.00,93.00,120.90,"2022-12-20","127590291","PO",4,,,,"",,"NA1252A0",30029,3002,"2022-12-20","2023-01-20","USD",93.00,90,"3XS:10|2XS:20|XS:20|S:10|M:10|L:10|XL:10"
251253,"2022-09-15 08:39:53.45","#NA1253",50.00,68.00,93.00,120.90,"2022-12-20","127590291","PO",4,,,,"",,"NA1253A1",30045,5002,"2022-12-20","2023-01-20","USD",93.00,90,"3XS:10|2XS:20|XS:20|S:10|M:10|L:10|XL:10"
251254,"2022-09-15 08:39:53.45","#NA1254",50.00,68.00,93.00,120.90,"2022-12-20","127590291","PO",4,,,,"",,"NA1254A0",30029,6002,"2022-12-20","2023-01-20","USD",93.00,90,"3XS:10|2XS:20|XS:20|S:10|M:10|L:10|XL:10"
251255,"2022-09-15 08:39:53.45","#NA1255",50.00,68.00,93.00,120.90,"2022-12-20","127590291","PO",4,,,,"",,"NA1255A1",30045,8002,"2022-12-20","2023-01-20","USD",93.00,90,"3XS:10|2XS:20|XS:20|S:10|M:10|L:10|XL:10"
251256,"2022-09-15 08:39:53.45","#NA1256",50.00,68.00,93.00,120.90,"2022-12-20","127589368","PO",4,,,,"",,"NA1256A1",30045,1002,"2022-12-20","2023-01-20","USD",93.00,90,"3XS:10|2XS:20|XS:20|S:10|M:10|L:10|XL:10"
251257,"2022-09-15 08:39:53.45","#NA1257",50.00,68.00,93.00,120.90,"2022-12-20","127589368","PO",4,,,,"",,"NA1257A0",30029,3002,"2022-12-20","2023-01-20","USD",93.00,90,"3XS:10|2XS:20|XS:20|S:10|M:10|L:10|XL:10"
251258,"2022-09-15 08:39:53.45","#NA1258",50.00,68.00,93.00,120.90,"2022-12-20","127589368","PO",4,,,,"",,"NA1258A1",30045,5002,"2022-12-20","2023-01-20","USD",93.00,90,"3XS:10|2XS:20|XS:20|S:10|M:10|L:10|XL:10"
251259,"2022-09-15 08:39:53.45","#NA1259",50.00,68.00,93.00,120.90,"2022-12-20","127589368","PO",4,,,,"",,"NA1259A0",30029,6002,"2022-12-20","2023-01-20","USD",93.00,90,"3XS:10|2XS:20|XS:20|S:10|M:10|L:10|XL:10"
251260,"2022-09-15 08:39:53.45","#NA1260",50.00,68.00,93.00,120.90,"2022-12-20","127589368","PO",4,,,,"",,"NA1260A1",30045,8002,"2022-12-20","2023-01-20","USD",93.00,90,"3XS:10|2XS:20|XS:20|S:10|M:10|L:10|XL:10"
251261,"2022-09-15 08:39:53.45","#NA1261",50.00,68.00,93.00,120.90,"2022-12-20","127590371","PO",4,,,,"",,"NA1261A1",30045,1002,"2022-12-20","2023-01-20","USD",93.00,90,"3XS:10|2XS:20|XS:20|S:10|M:10|L:10|XL:10"
251262,"2022-09-15 08:39:53.45","#NA1262",50.00,68.00,93.00,120.90,"2022-12-20","127590371","PO",4,,,,"",,"NA1262A0",30029,3002,"2022-12-20","2023-01-20","USD",93.00,90,"3XS:10|2XS:20|XS:20|S:10|M:10|L:10|XL:10"
251263,"2022-09-15 08:39:53.45","#NA1263",50.00,68.00,93.00,120.90,"2022-12-20","127590371","PO",4,,,,"",,"NA1263A1",30045,5002,"2022-12-20","2023-01-20","USD",93.00,90,"3XS:10|2XS:20|XS:20|S:10|M:10|L:10|XL:10"
251264,"2022-09-15 08:39:53.45","#NA1264",50.00,68.00,93.00,120.90,"2022-12-20","127590371","PO",4,,,,"",,"NA1264A0",30029,6002,"2022-12-20","2023-01-20","USD",93.00,90,"3XS:10|2XS:20|XS:20|S:10|M:10|L:10|XL:10"
251265,"2022-09-15 08:39:53.45","#NA1265",50.00,68.00,93.00,120.90,"2022-12-20","127590371","PO",4,,,,"",,"NA1265A1",30045,8002,"2022-12-20","2023-01-20","USD",93.00,90,"3XS:10|2XS:20|XS:20|S:10|M:10|L:10|XL:10"
251266,"2022-09-15 08:39:53.45","#NA1266",50.00,68.00,93.00,120.90,"2022-12-20","127589451","PO",4,,,,"",,"NA1266A1",30045,1002,"2022-12-20","2023-01-20","USD",93.00,90,"3XS:10|2XS:20|XS:20|S:10|M:10|L:10|XL:10"
251267,"2022-09-15 08:39:53.45","#NA1267",50.00,68.00,93.00,120.90,"2022-12-20","127589451","PO",4,,,,"",,"NA1267A0",30029,3002,"2022-12-20","2023-01-20","USD",93.00,90,"3XS:10|2XS:20|XS:20|S:10|M:10|L:10|XL:10"
251268,"2022-09-15 08:39:53.45","#NA1268",50.00,68.00,93.00,120.90,"2022-12-20","127589451","PO",4,,,,"",,"NA1268A1",30045,5002,"2022-12-20","2023-01-20","USD",93.00,90,"3XS:10|2XS:20|XS:20|S:10|M:10|L:10|XL:10"
251269,"2022-09-15 08:39:53.45","#NA1269",50.00,68.00,93.00,120.90,"2022-12-20","127589451","PO",4,,,,"",,"NA1269A0",30029,6002,"2022-12-20","2023-01-20","USD",93.00,90,"3XS:10|2XS:20|XS:20|S:10|M:10|L:10|XL:10"
251270,"2022-09-15 08:39:53.45","#NA1270",50.00,68.00,93.00,120.90,"2022-12-20","127589451","PO",4,,,,"",,"NA1270A1",30045,8002,"2022-12-20","2023-01-20","USD",93.00,90,"3XS:10|2XS:20|XS:20|S:10|M:10|L:10|XL:10"
251271,"2022-09-15 08:39:53.45","#NA1271",50.00,68.00,93.00,120.90,"2022-12-20","127589534","PO",4,,,,"",,"NA1271A1",30045,1002,"2022-12-20","2023-01-20","USD",93.00,90,"3XS:10|2XS:20|XS:20|S:10|M:10|L:10|XL:10"
251272,"2022-09-15 08:39:53.45","#NA1272",50.00,68.00,93.00,120.90,"2022-12-20","127589534","PO",4,,,,"",,"NA1272A0",30029,3002,"2022-12-20","2023-01-20","USD",93.00,90,"3XS:10|2XS:20|XS:20|S:10|M:10|L:10|XL:10"
251273,"2022-09-15 08:39:53.45","#NA1273",50.00,68.00,93.00,120.90,"2022-12-20","127589534","PO",4,,,,"",,"NA1273A1",30045,5002,"2022-12-20","2023-01-20","USD",93.00,90,"3XS:10|2XS:20|XS:20|S:10|M:10|L:10|XL:10"
251274,"2022-09-15 08:39:53.45","#NA1274",50.00,68.00,93.00,120.90,"2022-12-20","127589534","PO",4,,,,"",,"NA1274A0",30029,6002,"2022-12-20","2023-01-20","USD",93.00,90,"3XS:10|2XS:20|XS:20|S:10|M:10|L:10|XL:10"
251275,"2022-09-15 08:39:53.45","#NA1275",50.00,68.00,93.00,120.90,"2022-12-20","127589534","PO",4,,,,"",,"NA1275A1",30045,8002,"2022-12-20","2023-01-20","USD",93.00,90,"3XS:10|2XS:20|XS:20|S:10|M:10|L:10|XL:10"
251276,"2022-09-15 08:39:53.45","#NA1276",50.00,68.00,93.00,120.90,"2022-12-20","127590451","PO",4,,,,"",,"NA1276A1",30045,1002,"2022-12-20","2023-01-20","USD",93.00,90,"3XS:10|2XS:20|XS:20|S:10|M:10|L:10|XL:10"
251277,"2022-09-15 08:39:53.45","#NA1277",50.00,68.00,93.00,120.90,"2022-12-20","127590451","PO",4,,,,"",,"NA1277A0",30029,3002,"2022-12-20","2023-01-20","USD",93.00,90,"3XS:10|2XS:20|XS:20|S:10|M:10|L:10|XL:10"
251278,"2022-09-15 08:39:53.45","#NA1278",50.00,68.00,93.00,120.90,"2022-12-20","127590451","PO",4,,,,"",,"NA1278A1",30045,5002,"2022-12-20","2023-01-20","USD",93.00,90,"3XS:10|2XS:20|XS:20|S:10|M:10|L:10|XL:10"
251279,"2022-09-15 08:39:53.45","#NA1279",50.00,68.00,93.00,120.90,"2022-12-20","127590451","PO",4,,,,"",,"NA1279A0",30029,6002,"2022-12-20","2023-01-20","USD",93.00,90,"3XS:10|2XS:20|XS:20|S:10|M:10|L:10|XL:10"
251280,"2022-09-15 08:39:53.45","#NA1280",50.00,68.00,93.00,120.90,"2022-12-20","127590451","PO",4,,,,"",,"NA1280A1",30045,8002,"2022-12-20","2023-01-20","USD",93.00,90,"3XS:10|2XS:20|XS:20|S:10|M:10|L:10|XL:10"
251281,"2022-09-15 08:39:53.45","#NA1281",50.00,68.00,93.00,120.90,"2022-12-20","127590531","PO",4,,,,"",,"NA1281A1",30045,1002,"2022-12-20","2023-01-20","USD",93.00,90,"3XS:10|2XS:20|XS:20|S:10|M:10|L:10|XL:10"
251282,"2022-09-15 08:39:53.45","#NA1282",50.00,68.00,93.00,120.90,"2022-12-20","127590531","PO",4,,,,"",,"NA1282A0",30029,3002,"2022-12-20","2023-01-20","USD",93.00,90,"3XS:10|2XS:20|XS:20|S:10|M:10|L:10|XL:10"
251283,"2022-09-15 08:39:53.45","#NA1283",50.00,68.00,93.00,120.90,"2022-12-20","127590531","PO",4,,,,"",,"NA1283A1",30045,5002,"2022-12-20","2023-01-20","USD",93.00,90,"3XS:10|2XS:20|XS:20|S:10|M:10|L:10|XL:10"
251284,"2022-09-15 08:39:53.45","#NA1284",50.00,68.00,93.00,120.90,"2022-12-20","127590531","PO",4,,,,"",,"NA1284A0",30029,6002,"2022-12-20","2023-01-20","USD",93.00,90,"3XS:10|2XS:20|XS:20|S:10|M:10|L:10|XL:10"
251285,"2022-09-15 08:39:53.45","#NA1285",50.00,68.00,93.00,120.90,"2022-12-20","127590531","PO",4,,,,"",,"NA1285A1",30045,8002,"2022-12-20","2023-01-20","USD",93.00,90,"3XS:10|2XS:20|XS:20|S:10|M:10|L:10|XL:10"
251286,"2022-09-15 08:39:53.45","#NA1286",50.00,68.00,93.00,120.90,"2022-12-20","127589612","PO",4,,,,"",,"NA1286A1",30045,1002,"2022-12-20","2023-01-20","USD",93.00,90,"3XS:10|2XS:20|XS:20|S:10|M:10|L:10|XL:10"
251287,"2022-09-15 08:39:53.45","#NA1287",50.00,68.00,93.00,120.90,"2022-12-20","127589612","PO",4,,,,"",,"NA1287A0",30029,3002,"2022-12-20","2023-01-20","USD",93.00,90,"3XS:10|2XS:20|XS:20|S:10|M:10|L:10|XL:10"
251288,"2022-09-15 08:39:53.45","#NA1288",50.00,68.00,93.00,120.90,"2022-12-20","127589612","PO",4,,,,"",,"NA1288A1",30045,5002,"2022-12-20","2023-01-20","USD",93.00,90,"3XS:10|2XS:20|XS:20|S:10|M:10|L:10|XL:10"
251289,"2022-09-15 08:39:53.45","#NA1289",50.00,68.00,93.00,120.90,"2022-12-20","127589612","PO",4,,,,"",,"NA1289A0",30029,6002,"2022-12-20","2023-01-20","USD",93.00,90,"3XS:10|2XS:20|XS:20|S:10|M:10|L:10|XL:10"
251290,"2022-09-15 08:39:53.45","#NA1290",50.00,68.00,93.00,120.90,"2022-12-20","127589612","PO",4,,,,"",,"NA1290A1",30045,8002,"2022-12-20","2023-01-20","USD",93.00,90,"3XS:10|2XS:20|XS:20|S:10|M:10|L:10|XL:10"
251291,"2022-09-15 08:39:53.45","#NA1291",50.00,68.00,93.00,120.90,"2022-12-20","127589685","PO",4,,,,"",,"NA1291A1",30045,1002,"2022-12-20","2023-01-20","USD",93.00,90,"3XS:10|2XS:20|XS:20|S:10|M:10|L:10|XL:10"
251292,"2022-09-15 08:39:53.45","#NA1292",50.00,68.00,93.00,120.90,"2022-12-20","127589685","PO",4,,,,"",,"NA1292A0",30029,3002,"2022-12-20","2023-01-20","USD",93.00,90,"3XS:10|2XS:20|XS:20|S:10|M:10|L:10|XL:10"
251293,"2022-09-15 08:39:53.45","#NA1293",50.00,68.00,93.00,120.90,"2022-12-20","127589685","PO",4,,,,"",,"NA1293A1",30045,5002,"2022-12-20","2023-01-20","USD",93.00,90,"3XS:10|2XS:20|XS:20|S:10|M:10|L:10|XL:10"
251294,"2022-09-15 08:39:53.45","#NA1294",50.00,68.00,93.00,120.90,"2022-12-20","127589685","PO",4,,,,"",,"NA1294A0",30029,6002,"2022-12-20","2023-01-20","USD",93.00,90,"3XS:10|2XS:20|XS:20|S:10|M:10|L:10|XL:10"
251295,"2022-09-15 08:39:53.45","#NA1295",50.00,68.00,93.00,120.90,"2022-12-20","127589685","PO",4,,,,"",,"NA1295A1",30045,8002,"2022-12-20","2023-01-20","USD",93.00,90,"3XS:10|2XS:20|XS:20|S:10|M:10|L:10|XL:10"
251296,"2022-09-15 08:39:53.45","#NA1296",50.00,68.00,93.00,120.90,"2022-12-20","127590611","PO",4,,,,"",,"NA1296A1",30045,1002,"2022-12-20","2023-01-20","USD",93.00,90,"3XS:10|2XS:20|XS:20|S:10|M:10|L:10|XL:10"
251297,"2022-09-15 08:39:53.45","#NA1297",50.00,68.00,93.00,120.90,"2022-12-20","127590611","PO",4,,,,"",,"NA1297A0",30029,3002,"2022-12-20","2023-01-20","USD",93.00,90,"3XS:10|2XS:20|XS:20|S:10|M:10|L:10|XL:10"
251298,"2022-09-15 08:39:53.45","#NA1298",50.00,68.00,93.00,120.90,"2022-12-20","127590611","PO",4,,,,"",,"NA1298A1",30045,5002,"2022-12-20","2023-01-20","USD",93.00,90,"3XS:10|2XS:20|XS:20|S:10|M:10|L:10|XL:10"
251299,"2022-09-15 08:39:53.45","#NA1299",50.00,68.00,93.00,120.90,"2022-12-20","127590611","PO",4,,,,"",,"NA1299A0",30029,6002,"2022-12-20","2023-01-20","USD",93.00,90,"3XS:10|2XS:20|XS:20|S:10|M:10|L:10|XL:10"
251300,"2022-09-15 08:39:53.45","#NA1300",50.00,68.00,93.00,120.90,"2022-12-20","127590611","PO",4,,,,"",,"NA1300A1",30045,8002,"2022-12-20","2023-01-20","USD",93.00,90,"3XS:10|2XS:20|XS:20|S:10|M:10|L:10|XL:10"
251301,"2022-09-15 08:39:53.45","#NA1301",50.00,68.00,93.00,120.90,"2022-12-20","127590691","PO",4,,,,"",,"NA1301A1",30045,1002,"2022-12-20","2023-01-20","USD",93.00,90,"3XS:10|2XS:20|XS:20|S:10|M:10|L:10|XL:10"
251302,"2022-09-15 08:39:53.45","#NA1302",50.00,68.00,93.00,120.90,"2022-12-20","127590691","PO",4,,,,"",,"NA1302A0",30029,3002,"2022-12-20","2023-01-20","USD",93.00,90,"3XS:10|2XS:20|XS:20|S:10|M:10|L:10|XL:10"
251303,"2022-09-15 08:39:53.45","#NA1303",50.00,68.00,93.00,120.90,"2022-12-20","127590691","PO",4,,,,"",,"NA1303A1",30045,5002,"2022-12-20","2023-01-20","USD",93.00,90,"3XS:10|2XS:20|XS:20|S:10|M:10|L:10|XL:10"
251304,"2022-09-15 08:39:53.45","#NA1304",50.00,68.00,93.00,120.90,"2022-12-20","127590691","PO",4,,,,"",,"NA1304A0",30029,6002,"2022-12-20","2023-01-20","USD",93.00,90,"3XS:10|2XS:20|XS:20|S:10|M:10|L:10|XL:10"
251305,"2022-09-15 08:39:53.45","#NA1305",50.00,68.00,93.00,120.90,"2022-12-20","127590691","PO",4,,,,"",,"NA1305A1",30045,8002,"2022-12-20","2023-01-20","USD",93.00,90,"3XS:10|2XS:20|XS:20|S:10|M:10|L:10|XL:10"
251306,"2022-09-15 08:39:53.45","#NA1306",50.00,68.00,93.00,120.90,"2022-12-20","127589758","PO",4,,,,"",,"NA1306A1",30045,1002,"2022-12-20","2023-01-20","USD",93.00,90,"3XS:10|2XS:20|XS:20|S:10|M:10|L:10|XL:10"
251307,"2022-09-15 08:39:53.45","#NA1307",50.00,68.00,93.00,120.90,"2022-12-20","127589758","PO",4,,,,"",,"NA1307A0",30029,3002,"2022-12-20","2023-01-20","USD",93.00,90,"3XS:10|2XS:20|XS:20|S:10|M:10|L:10|XL:10"
251308,"2022-09-15 08:39:53.45","#NA1308",50.00,68.00,93.00,120.90,"2022-12-20","127589758","PO",4,,,,"",,"NA1308A1",30045,5002,"2022-12-20","2023-01-20","USD",93.00,90,"3XS:10|2XS:20|XS:20|S:10|M:10|L:10|XL:10"
251309,"2022-09-15 08:39:53.45","#NA1309",50.00,68.00,93.00,120.90,"2022-12-20","127589758","PO",4,,,,"",,"NA1309A0",30029,6002,"2022-12-20","2023-01-20","USD",93.00,90,"3XS:10|2XS:20|XS:20|S:10|M:10|L:10|XL:10"
251310,"2022-09-15 08:39:53.45","#NA1310",50.00,68.00,93.00,120.90,"2022-12-20","127589758","PO",4,,,,"",,"NA1310A1",30045,8002,"2022-12-20","2023-01-20","USD",93.00,90,"3XS:10|2XS:20|XS:20|S:10|M:10|L:10|XL:10"
251311,"2022-09-15 08:39:53.45","#NA1311",50.00,68.00,93.00,120.90,"2022-12-20","127589825","PO",4,,,,"",,"NA1311A1",30045,1002,"2022-12-20","2023-01-20","USD",93.00,90,"3XS:10|2XS:20|XS:20|S:10|M:10|L:10|XL:10"
251312,"2022-09-15 08:39:53.45","#NA1312",50.00,68.00,93.00,120.90,"2022-12-20","127589825","PO",4,,,,"",,"NA1312A0",30029,3002,"2022-12-20","2023-01-20","USD",93.00,90,"3XS:10|2XS:20|XS:20|S:10|M:10|L:10|XL:10"
251313,"2022-09-15 08:39:53.45","#NA1313",50.00,68.00,93.00,120.90,"2022-12-20","127589825","PO",4,,,,"",,"NA1313A1",30045,5002,"2022-12-20","2023-01-20","USD",93.00,90,"3XS:10|2XS:20|XS:20|S:10|M:10|L:10|XL:10"
251314,"2022-09-15 08:39:53.45","#NA1314",50.00,68.00,93.00,120.90,"2022-12-20","127589825","PO",4,,,,"",,"NA1314A0",30029,6002,"2022-12-20","2023-01-20","USD",93.00,90,"3XS:10|2XS:20|XS:20|S:10|M:10|L:10|XL:10"
251315,"2022-09-15 08:39:53.45","#NA1315",50.00,68.00,93.00,120.90,"2022-12-20","127589825","PO",4,,,,"",,"NA1315A1",30045,8002,"2022-12-20","2023-01-20","USD",93.00,90,"3XS:10|2XS:20|XS:20|S:10|M:10|L:10|XL:10"
251316,"2022-09-15 08:39:53.45","#NA1316",50.00,68.00,93.00,120.90,"2022-12-20","127589573","PO",4,,,,"",,"NA1316A1",30045,1002,"2022-12-20","2023-01-20","USD",93.00,90,"3XS:10|2XS:20|XS:20|S:10|M:10|L:10|XL:10"
251317,"2022-09-15 08:39:53.45","#NA1317",50.00,68.00,93.00,120.90,"2022-12-20","127589573","PO",4,,,,"",,"NA1317A0",30029,3002,"2022-12-20","2023-01-20","USD",93.00,90,"3XS:10|2XS:20|XS:20|S:10|M:10|L:10|XL:10"
251318,"2022-09-15 08:39:53.45","#NA1318",50.00,68.00,93.00,120.90,"2022-12-20","127589573","PO",4,,,,"",,"NA1318A1",30045,5002,"2022-12-20","2023-01-20","USD",93.00,90,"3XS:10|2XS:20|XS:20|S:10|M:10|L:10|XL:10"
251319,"2022-09-15 08:39:53.45","#NA1319",50.00,68.00,93.00,120.90,"2022-12-20","127589573","PO",4,,,,"",,"NA1319A0",30029,6002,"2022-12-20","2023-01-20","USD",93.00,90,"3XS:10|2XS:20|XS:20|S:10|M:10|L:10|XL:10"
251320,"2022-09-15 08:39:53.45","#NA1320",50.00,68.00,93.00,120.90,"2022-12-20","127589573","PO",4,,,,"",,"NA1320A1",30045,8002,"2022-12-20","2023-01-20","USD",93.00,90,"3XS:10|2XS:20|XS:20|S:10|M:10|L:10|XL:10"
251321,"2022-09-15 08:39:53.45","#NA1321",50.00,68.00,93.00,120.90,"2022-12-20","127590476","PO",4,,,,"",,"NA1321A1",30045,1002,"2022-12-20","2023-01-20","USD",93.00,90,"3XS:10|2XS:20|XS:20|S:10|M:10|L:10|XL:10"
251322,"2022-09-15 08:39:53.45","#NA1322",50.00,68.00,93.00,120.90,"2022-12-20","127590476","PO",4,,,,"",,"NA1322A0",30029,3002,"2022-12-20","2023-01-20","USD",93.00,90,"3XS:10|2XS:20|XS:20|S:10|M:10|L:10|XL:10"
251323,"2022-09-15 08:39:53.45","#NA1323",50.00,68.00,93.00,120.90,"2022-12-20","127590476","PO",4,,,,"",,"NA1323A1",30045,5002,"2022-12-20","2023-01-20","USD",93.00,90,"3XS:10|2XS:20|XS:20|S:10|M:10|L:10|XL:10"
251324,"2022-09-15 08:39:53.45","#NA1324",50.00,68.00,93.00,120.90,"2022-12-20","127590476","PO",4,,,,"",,"NA1324A0",30029,6002,"2022-12-20","2023-01-20","USD",93.00,90,"3XS:10|2XS:20|XS:20|S:10|M:10|L:10|XL:10"
251325,"2022-09-15 08:39:53.45","#NA1325",50.00,68.00,93.00,120.90,"2022-12-20","127590476","PO",4,,,,"",,"NA1325A1",30045,8002,"2022-12-20","2023-01-20","USD",93.00,90,"3XS:10|2XS:20|XS:20|S:10|M:10|L:10|XL:10"
251326,"2022-09-15 08:39:53.45","#NA1326",50.00,68.00,93.00,120.90,"2022-12-20","127589653","PO",4,,,,"",,"NA1326A1",30045,1002,"2022-12-20","2023-01-20","USD",93.00,90,"3XS:10|2XS:20|XS:20|S:10|M:10|L:10|XL:10"
251327,"2022-09-15 08:39:53.45","#NA1327",50.00,68.00,93.00,120.90,"2022-12-20","127589653","PO",4,,,,"",,"NA1327A0",30029,3002,"2022-12-20","2023-01-20","USD",93.00,90,"3XS:10|2XS:20|XS:20|S:10|M:10|L:10|XL:10"
251328,"2022-09-15 08:39:53.45","#NA1328",50.00,68.00,93.00,120.90,"2022-12-20","127589653","PO",4,,,,"",,"NA1328A1",30045,5002,"2022-12-20","2023-01-20","USD",93.00,90,"3XS:10|2XS:20|XS:20|S:10|M:10|L:10|XL:10"
251329,"2022-09-15 08:39:53.45","#NA1329",50.00,68.00,93.00,120.90,"2022-12-20","127589653","PO",4,,,,"",,"NA1329A0",30029,6002,"2022-12-20","2023-01-20","USD",93.00,90,"3XS:10|2XS:20|XS:20|S:10|M:10|L:10|XL:10"
251330,"2022-09-15 08:39:53.45","#NA1330",50.00,68.00,93.00,120.90,"2022-12-20","127589653","PO",4,,,,"",,"NA1330A1",30045,8002,"2022-12-20","2023-01-20","USD",93.00,90,"3XS:10|2XS:20|XS:20|S:10|M:10|L:10|XL:10"
251331,"2022-09-15 08:39:53.45","#NA1331",50.00,68.00,93.00,120.90,"2022-12-20","127589733","PO",4,,,,"",,"NA1331A1",30045,1002,"2022-12-20","2023-01-20","USD",93.00,90,"3XS:10|2XS:20|XS:20|S:10|M:10|L:10|XL:10"
251332,"2022-09-15 08:39:53.45","#NA1332",50.00,68.00,93.00,120.90,"2022-12-20","127589733","PO",4,,,,"",,"NA1332A0",30029,3002,"2022-12-20","2023-01-20","USD",93.00,90,"3XS:10|2XS:20|XS:20|S:10|M:10|L:10|XL:10"
251333,"2022-09-15 08:39:53.45","#NA1333",50.00,68.00,93.00,120.90,"2022-12-20","127589733","PO",4,,,,"",,"NA1333A1",30045,5002,"2022-12-20","2023-01-20","USD",93.00,90,"3XS:10|2XS:20|XS:20|S:10|M:10|L:10|XL:10"
251334,"2022-09-15 08:39:53.45","#NA1334",50.00,68.00,93.00,120.90,"2022-12-20","127589733","PO",4,,,,"",,"NA1334A0",30029,6002,"2022-12-20","2023-01-20","USD",93.00,90,"3XS:10|2XS:20|XS:20|S:10|M:10|L:10|XL:10"
251335,"2022-09-15 08:39:53.45","#NA1335",50.00,68.00,93.00,120.90,"2022-12-20","127589733","PO",4,,,,"",,"NA1335A1",30045,8002,"2022-12-20","2023-01-20","USD",93.00,90,"3XS:10|2XS:20|XS:20|S:10|M:10|L:10|XL:10"
251336,"2022-09-15 08:39:53.45","#NA1336",50.00,68.00,93.00,120.90,"2022-12-20","127590556","PO",4,,,,"",,"NA1336A1",30045,1002,"2022-12-20","2023-01-20","USD",93.00,90,"3XS:10|2XS:20|XS:20|S:10|M:10|L:10|XL:10"
251337,"2022-09-15 08:39:53.45","#NA1337",50.00,68.00,93.00,120.90,"2022-12-20","127590556","PO",4,,,,"",,"NA1337A0",30029,3002,"2022-12-20","2023-01-20","USD",93.00,90,"3XS:10|2XS:20|XS:20|S:10|M:10|L:10|XL:10"
251338,"2022-09-15 08:39:53.45","#NA1338",50.00,68.00,93.00,120.90,"2022-12-20","127590556","PO",4,,,,"",,"NA1338A1",30045,5002,"2022-12-20","2023-01-20","USD",93.00,90,"3XS:10|2XS:20|XS:20|S:10|M:10|L:10|XL:10"
251339,"2022-09-15 08:39:53.45","#NA1339",50.00,68.00,93.00,120.90,"2022-12-20","127590556","PO",4,,,,"",,"NA1339A0",30029,6002,"2022-12-20","2023-01-20","USD",93.00,90,"3XS:10|2XS:20|XS:20|S:10|M:10|L:10|XL:10"
251340,"2022-09-15 08:39:53.45","#NA1340",50.00,68.00,93.00,120.90,"2022-12-20","127590556","PO",4,,,,"",,"NA1340A1",30045,8002,"2022-12-20","2023-01-20","USD",93.00,90,"3XS:10|2XS:20|XS:20|S:10|M:10|L:10|XL:10"
251341,"2022-09-15 08:39:53.45","#NA1341",50.00,68.00,93.00,120.90,"2022-12-20","127590638","PO",4,,,,"",,"NA1341A1",30045,1002,"2022-12-20","2023-01-20","USD",93.00,90,"3XS:10|2XS:20|XS:20|S:10|M:10|L:10|XL:10"
251342,"2022-09-15 08:39:53.45","#NA1342",50.00,68.00,93.00,120.90,"2022-12-20","127590638","PO",4,,,,"",,"NA1342A0",30029,3002,"2022-12-20","2023-01-20","USD",93.00,90,"3XS:10|2XS:20|XS:20|S:10|M:10|L:10|XL:10"
251343,"2022-09-15 08:39:53.45","#NA1343",50.00,68.00,93.00,120.90,"2022-12-20","127590638","PO",4,,,,"",,"NA1343A1",30045,5002,"2022-12-20","2023-01-20","USD",93.00,90,"3XS:10|2XS:20|XS:20|S:10|M:10|L:10|XL:10"
251344,"2022-09-15 08:39:53.45","#NA1344",50.00,68.00,93.00,120.90,"2022-12-20","127590638","PO",4,,,,"",,"NA1344A0",30029,6002,"2022-12-20","2023-01-20","USD",93.00,90,"3XS:10|2XS:20|XS:20|S:10|M:10|L:10|XL:10"
251345,"2022-09-15 08:39:53.45","#NA1345",50.00,68.00,93.00,120.90,"2022-12-20","127590638","PO",4,,,,"",,"NA1345A1",30045,8002,"2022-12-20","2023-01-20","USD",93.00,90,"3XS:10|2XS:20|XS:20|S:10|M:10|L:10|XL:10"
251346,"2022-09-15 08:39:53.45","#NA1346",50.00,68.00,93.00,120.90,"2022-12-20","127588932","PO",4,,,,"",,"NA1346A1",30045,1002,"2022-12-20","2023-01-20","USD",93.00,90,"3XS:10|2XS:20|XS:20|S:10|M:10|L:10|XL:10"
251347,"2022-09-15 08:39:53.45","#NA1347",50.00,68.00,93.00,120.90,"2022-12-20","127588932","PO",4,,,,"",,"NA1347A0",30029,3002,"2022-12-20","2023-01-20","USD",93.00,90,"3XS:10|2XS:20|XS:20|S:10|M:10|L:10|XL:10"
251348,"2022-09-15 08:39:53.45","#NA1348",50.00,68.00,93.00,120.90,"2022-12-20","127588932","PO",4,,,,"",,"NA1348A1",30045,5002,"2022-12-20","2023-01-20","USD",93.00,90,"3XS:10|2XS:20|XS:20|S:10|M:10|L:10|XL:10"
251349,"2022-09-15 08:39:53.45","#NA1349",50.00,68.00,93.00,120.90,"2022-12-20","127588932","PO",4,,,,"",,"NA1349A0",30029,6002,"2022-12-20","2023-01-20","USD",93.00,90,"3XS:10|2XS:20|XS:20|S:10|M:10|L:10|XL:10"
251350,"2022-09-15 08:39:53.45","#NA1350",50.00,68.00,93.00,120.90,"2022-12-20","127588932","PO",4,,,,"",,"NA1350A1",30045,8002,"2022-12-20","2023-01-20","USD",93.00,90,"3XS:10|2XS:20|XS:20|S:10|M:10|L:10|XL:10"
251351,"2022-09-15 08:39:53.45","#NA1351",50.00,68.00,93.00,120.90,"2022-12-20","127589812","PO",4,,,,"",,"NA1351A1",30045,1002,"2022-12-20","2023-01-20","USD",93.00,90,"3XS:10|2XS:20|XS:20|S:10|M:10|L:10|XL:10"
251352,"2022-09-15 08:39:53.45","#NA1352",50.00,68.00,93.00,120.90,"2022-12-20","127589812","PO",4,,,,"",,"NA1352A0",30029,3002,"2022-12-20","2023-01-20","USD",93.00,90,"3XS:10|2XS:20|XS:20|S:10|M:10|L:10|XL:10"
251353,"2022-09-15 08:39:53.45","#NA1353",50.00,68.00,93.00,120.90,"2022-12-20","127589812","PO",4,,,,"",,"NA1353A1",30045,5002,"2022-12-20","2023-01-20","USD",93.00,90,"3XS:10|2XS:20|XS:20|S:10|M:10|L:10|XL:10"
251354,"2022-09-15 08:39:53.45","#NA1354",50.00,68.00,93.00,120.90,"2022-12-20","127589812","PO",4,,,,"",,"NA1354A0",30029,6002,"2022-12-20","2023-01-20","USD",93.00,90,"3XS:10|2XS:20|XS:20|S:10|M:10|L:10|XL:10"
251355,"2022-09-15 08:39:53.45","#NA1355",50.00,68.00,93.00,120.90,"2022-12-20","127589812","PO",4,,,,"",,"NA1355A1",30045,8002,"2022-12-20","2023-01-20","USD",93.00,90,"3XS:10|2XS:20|XS:20|S:10|M:10|L:10|XL:10"
251356,"2022-09-15 08:39:53.45","#NA1356",50.00,68.00,93.00,120.90,"2022-12-20","127590717","PO",4,,,,"",,"NA1356A1",30045,1002,"2022-12-20","2023-01-20","USD",93.00,90,"3XS:10|2XS:20|XS:20|S:10|M:10|L:10|XL:10"
251357,"2022-09-15 08:39:53.45","#NA1357",50.00,68.00,93.00,120.90,"2022-12-20","127590717","PO",4,,,,"",,"NA1357A0",30029,3002,"2022-12-20","2023-01-20","USD",93.00,90,"3XS:10|2XS:20|XS:20|S:10|M:10|L:10|XL:10"
251358,"2022-09-15 08:39:53.45","#NA1358",50.00,68.00,93.00,120.90,"2022-12-20","127590717","PO",4,,,,"",,"NA1358A1",30045,5002,"2022-12-20","2023-01-20","USD",93.00,90,"3XS:10|2XS:20|XS:20|S:10|M:10|L:10|XL:10"
251359,"2022-09-15 08:39:53.45","#NA1359",50.00,68.00,93.00,120.90,"2022-12-20","127590717","PO",4,,,,"",,"NA1359A0",30029,6002,"2022-12-20","2023-01-20","USD",93.00,90,"3XS:10|2XS:20|XS:20|S:10|M:10|L:10|XL:10"
251360,"2022-09-15 08:39:53.45","#NA1360",50.00,68.00,93.00,120.90,"2022-12-20","127590717","PO",4,,,,"",,"NA1360A1",30045,8002,"2022-12-20","2023-01-20","USD",93.00,90,"3XS:10|2XS:20|XS:20|S:10|M:10|L:10|XL:10"
251361,"2022-09-15 08:39:53.45","#NA1361",50.00,68.00,93.00,120.90,"2022-12-20","127589892","PO",4,,,,"",,"NA1361A1",30045,1002,"2022-12-20","2023-01-20","USD",93.00,90,"3XS:10|2XS:20|XS:20|S:10|M:10|L:10|XL:10"
251362,"2022-09-15 08:39:53.45","#NA1362",50.00,68.00,93.00,120.90,"2022-12-20","127589892","PO",4,,,,"",,"NA1362A0",30029,3002,"2022-12-20","2023-01-20","USD",93.00,90,"3XS:10|2XS:20|XS:20|S:10|M:10|L:10|XL:10"
251363,"2022-09-15 08:39:53.45","#NA1363",50.00,68.00,93.00,120.90,"2022-12-20","127589892","PO",4,,,,"",,"NA1363A1",30045,5002,"2022-12-20","2023-01-20","USD",93.00,90,"3XS:10|2XS:20|XS:20|S:10|M:10|L:10|XL:10"
251364,"2022-09-15 08:39:53.45","#NA1364",50.00,68.00,93.00,120.90,"2022-12-20","127589892","PO",4,,,,"",,"NA1364A0",30029,6002,"2022-12-20","2023-01-20","USD",93.00,90,"3XS:10|2XS:20|XS:20|S:10|M:10|L:10|XL:10"
251365,"2022-09-15 08:39:53.45","#NA1365",50.00,68.00,93.00,120.90,"2022-12-20","127589892","PO",4,,,,"",,"NA1365A1",30045,8002,"2022-12-20","2023-01-20","USD",93.00,90,"3XS:10|2XS:20|XS:20|S:10|M:10|L:10|XL:10"
251366,"2022-09-15 08:39:53.45","#NA1366",50.00,68.00,93.00,120.90,"2022-12-20","127589973","PO",4,,,,"",,"NA1366A1",30045,1002,"2022-12-20","2023-01-20","USD",93.00,90,"3XS:10|2XS:20|XS:20|S:10|M:10|L:10|XL:10"
251367,"2022-09-15 08:39:53.45","#NA1367",50.00,68.00,93.00,120.90,"2022-12-20","127589973","PO",4,,,,"",,"NA1367A0",30029,3002,"2022-12-20","2023-01-20","USD",93.00,90,"3XS:10|2XS:20|XS:20|S:10|M:10|L:10|XL:10"
251368,"2022-09-15 08:39:53.45","#NA1368",50.00,68.00,93.00,120.90,"2022-12-20","127589973","PO",4,,,,"",,"NA1368A1",30045,5002,"2022-12-20","2023-01-20","USD",93.00,90,"3XS:10|2XS:20|XS:20|S:10|M:10|L:10|XL:10"
251369,"2022-09-15 08:39:53.45","#NA1369",50.00,68.00,93.00,120.90,"2022-12-20","127589973","PO",4,,,,"",,"NA1369A0",30029,6002,"2022-12-20","2023-01-20","USD",93.00,90,"3XS:10|2XS:20|XS:20|S:10|M:10|L:10|XL:10"
251370,"2022-09-15 08:39:53.45","#NA1370",50.00,68.00,93.00,120.90,"2022-12-20","127589973","PO",4,,,,"",,"NA1370A1",30045,8002,"2022-12-20","2023-01-20","USD",93.00,90,"3XS:10|2XS:20|XS:20|S:10|M:10|L:10|XL:10"
251371,"2022-09-15 08:39:53.45","#NA1371",50.00,68.00,93.00,120.90,"2022-12-20","127590054","PO",4,,,,"",,"NA1371A1",30045,1002,"2022-12-20","2023-01-20","USD",93.00,90,"3XS:10|2XS:20|XS:20|S:10|M:10|L:10|XL:10"
251372,"2022-09-15 08:39:53.45","#NA1372",50.00,68.00,93.00,120.90,"2022-12-20","127590054","PO",4,,,,"",,"NA1372A0",30029,3002,"2022-12-20","2023-01-20","USD",93.00,90,"3XS:10|2XS:20|XS:20|S:10|M:10|L:10|XL:10"
251373,"2022-09-15 08:39:53.45","#NA1373",50.00,68.00,93.00,120.90,"2022-12-20","127590054","PO",4,,,,"",,"NA1373A1",30045,5002,"2022-12-20","2023-01-20","USD",93.00,90,"3XS:10|2XS:20|XS:20|S:10|M:10|L:10|XL:10"
251374,"2022-09-15 08:39:53.45","#NA1374",50.00,68.00,93.00,120.90,"2022-12-20","127590054","PO",4,,,,"",,"NA1374A0",30029,6002,"2022-12-20","2023-01-20","USD",93.00,90,"3XS:10|2XS:20|XS:20|S:10|M:10|L:10|XL:10"
251375,"2022-09-15 08:39:53.45","#NA1375",50.00,68.00,93.00,120.90,"2022-12-20","127590054","PO",4,,,,"",,"NA1375A1",30045,8002,"2022-12-20","2023-01-20","USD",93.00,90,"3XS:10|2XS:20|XS:20|S:10|M:10|L:10|XL:10"
251376,"2022-09-15 08:39:53.45","#NA1376",50.00,68.00,93.00,120.90,"2022-12-20","127588937","PO",4,,,,"",,"NA1376A1",30045,1002,"2022-12-20","2023-01-20","USD",93.00,90,"3XS:10|2XS:20|XS:20|S:10|M:10|L:10|XL:10"
251377,"2022-09-15 08:39:53.45","#NA1377",50.00,68.00,93.00,120.90,"2022-12-20","127588937","PO",4,,,,"",,"NA1377A0",30029,3002,"2022-12-20","2023-01-20","USD",93.00,90,"3XS:10|2XS:20|XS:20|S:10|M:10|L:10|XL:10"
251378,"2022-09-15 08:39:53.45","#NA1378",50.00,68.00,93.00,120.90,"2022-12-20","127588937","PO",4,,,,"",,"NA1378A1",30045,5002,"2022-12-20","2023-01-20","USD",93.00,90,"3XS:10|2XS:20|XS:20|S:10|M:10|L:10|XL:10"
251379,"2022-09-15 08:39:53.45","#NA1379",50.00,68.00,93.00,120.90,"2022-12-20","127588937","PO",4,,,,"",,"NA1379A0",30029,6002,"2022-12-20","2023-01-20","USD",93.00,90,"3XS:10|2XS:20|XS:20|S:10|M:10|L:10|XL:10"
251380,"2022-09-15 08:39:53.45","#NA1380",50.00,68.00,93.00,120.90,"2022-12-20","127588937","PO",4,,,,"",,"NA1380A1",30045,8002,"2022-12-20","2023-01-20","USD",93.00,90,"3XS:10|2XS:20|XS:20|S:10|M:10|L:10|XL:10"
251381,"2022-09-15 08:39:53.45","#NA1381",50.00,68.00,93.00,120.90,"2022-12-20","127589044","PO",4,,,,"",,"NA1381A1",30045,1002,"2022-12-20","2023-01-20","USD",93.00,90,"3XS:10|2XS:20|XS:20|S:10|M:10|L:10|XL:10"
251382,"2022-09-15 08:39:53.45","#NA1382",50.00,68.00,93.00,120.90,"2022-12-20","127589044","PO",4,,,,"",,"NA1382A0",30029,3002,"2022-12-20","2023-01-20","USD",93.00,90,"3XS:10|2XS:20|XS:20|S:10|M:10|L:10|XL:10"
251383,"2022-09-15 08:39:53.45","#NA1383",50.00,68.00,93.00,120.90,"2022-12-20","127589044","PO",4,,,,"",,"NA1383A1",30045,5002,"2022-12-20","2023-01-20","USD",93.00,90,"3XS:10|2XS:20|XS:20|S:10|M:10|L:10|XL:10"
251384,"2022-09-15 08:39:53.45","#NA1384",50.00,68.00,93.00,120.90,"2022-12-20","127589044","PO",4,,,,"",,"NA1384A0",30029,6002,"2022-12-20","2023-01-20","USD",93.00,90,"3XS:10|2XS:20|XS:20|S:10|M:10|L:10|XL:10"
251385,"2022-09-15 08:39:53.45","#NA1385",50.00,68.00,93.00,120.90,"2022-12-20","127589044","PO",4,,,,"",,"NA1385A1",30045,8002,"2022-12-20","2023-01-20","USD",93.00,90,"3XS:10|2XS:20|XS:20|S:10|M:10|L:10|XL:10"
251386,"2022-09-15 08:39:53.45","#NA1386",50.00,68.00,93.00,120.90,"2022-12-20","127589128","PO",4,,,,"",,"NA1386A1",30045,1002,"2022-12-20","2023-01-20","USD",93.00,90,"3XS:10|2XS:20|XS:20|S:10|M:10|L:10|XL:10"
251387,"2022-09-15 08:39:53.45","#NA1387",50.00,68.00,93.00,120.90,"2022-12-20","127589128","PO",4,,,,"",,"NA1387A0",30029,3002,"2022-12-20","2023-01-20","USD",93.00,90,"3XS:10|2XS:20|XS:20|S:10|M:10|L:10|XL:10"
251388,"2022-09-15 08:39:53.45","#NA1388",50.00,68.00,93.00,120.90,"2022-12-20","127589128","PO",4,,,,"",,"NA1388A1",30045,5002,"2022-12-20","2023-01-20","USD",93.00,90,"3XS:10|2XS:20|XS:20|S:10|M:10|L:10|XL:10"
251389,"2022-09-15 08:39:53.45","#NA1389",50.00,68.00,93.00,120.90,"2022-12-20","127589128","PO",4,,,,"",,"NA1389A0",30029,6002,"2022-12-20","2023-01-20","USD",93.00,90,"3XS:10|2XS:20|XS:20|S:10|M:10|L:10|XL:10"
251390,"2022-09-15 08:39:53.45","#NA1390",50.00,68.00,93.00,120.90,"2022-12-20","127589128","PO",4,,,,"",,"NA1390A1",30045,8002,"2022-12-20","2023-01-20","USD",93.00,90,"3XS:10|2XS:20|XS:20|S:10|M:10|L:10|XL:10"
251391,"2022-09-15 08:39:53.45","#NA1391",50.00,68.00,93.00,120.90,"2022-12-20","127589204","PO",4,,,,"",,"NA1391A1",30045,1002,"2022-12-20","2023-01-20","USD",93.00,90,"3XS:10|2XS:20|XS:20|S:10|M:10|L:10|XL:10"
251392,"2022-09-15 08:39:53.45","#NA1392",50.00,68.00,93.00,120.90,"2022-12-20","127589204","PO",4,,,,"",,"NA1392A0",30029,3002,"2022-12-20","2023-01-20","USD",93.00,90,"3XS:10|2XS:20|XS:20|S:10|M:10|L:10|XL:10"
251393,"2022-09-15 08:39:53.45","#NA1393",50.00,68.00,93.00,120.90,"2022-12-20","127589204","PO",4,,,,"",,"NA1393A1",30045,5002,"2022-12-20","2023-01-20","USD",93.00,90,"3XS:10|2XS:20|XS:20|S:10|M:10|L:10|XL:10"
251394,"2022-09-15 08:39:53.45","#NA1394",50.00,68.00,93.00,120.90,"2022-12-20","127589204","PO",4,,,,"",,"NA1394A0",30029,6002,"2022-12-20","2023-01-20","USD",93.00,90,"3XS:10|2XS:20|XS:20|S:10|M:10|L:10|XL:10"
251395,"2022-09-15 08:39:53.45","#NA1395",50.00,68.00,93.00,120.90,"2022-12-20","127589204","PO",4,,,,"",,"NA1395A1",30045,8002,"2022-12-20","2023-01-20","USD",93.00,90,"3XS:10|2XS:20|XS:20|S:10|M:10|L:10|XL:10"
251396,"2022-09-15 08:39:53.45","#NA1396",50.00,68.00,93.00,120.90,"2022-12-20","127589289","PO",4,,,,"",,"NA1396A1",30045,1002,"2022-12-20","2023-01-20","USD",93.00,90,"3XS:10|2XS:20|XS:20|S:10|M:10|L:10|XL:10"
251397,"2022-09-15 08:39:53.45","#NA1397",50.00,68.00,93.00,120.90,"2022-12-20","127589289","PO",4,,,,"",,"NA1397A0",30029,3002,"2022-12-20","2023-01-20","USD",93.00,90,"3XS:10|2XS:20|XS:20|S:10|M:10|L:10|XL:10"
251398,"2022-09-15 08:39:53.45","#NA1398",50.00,68.00,93.00,120.90,"2022-12-20","127589289","PO",4,,,,"",,"NA1398A1",30045,5002,"2022-12-20","2023-01-20","USD",93.00,90,"3XS:10|2XS:20|XS:20|S:10|M:10|L:10|XL:10"
251399,"2022-09-15 08:39:53.45","#NA1399",50.00,68.00,93.00,120.90,"2022-12-20","127589289","PO",4,,,,"",,"NA1399A0",30029,6002,"2022-12-20","2023-01-20","USD",93.00,90,"3XS:10|2XS:20|XS:20|S:10|M:10|L:10|XL:10"
251400,"2022-09-15 08:39:53.45","#NA1400",50.00,68.00,93.00,120.90,"2022-12-20","127589289","PO",4,,,,"",,"NA1400A1",30045,8002,"2022-12-20","2023-01-20","USD",93.00,90,"3XS:10|2XS:20|XS:20|S:10|M:10|L:10|XL:10"
251401,"2022-09-15 08:39:53.45","#NA1401",50.00,68.00,93.00,120.90,"2022-12-20","127589370","PO",4,,,,"",,"NA1401A1",30045,1002,"2022-12-20","2023-01-20","USD",93.00,90,"3XS:10|2XS:20|XS:20|S:10|M:10|L:10|XL:10"
251402,"2022-09-15 08:39:53.45","#NA1402",50.00,68.00,93.00,120.90,"2022-12-20","127589370","PO",4,,,,"",,"NA1402A0",30029,3002,"2022-12-20","2023-01-20","USD",93.00,90,"3XS:10|2XS:20|XS:20|S:10|M:10|L:10|XL:10"
251403,"2022-09-15 08:39:53.45","#NA1403",50.00,68.00,93.00,120.90,"2022-12-20","127589370","PO",4,,,,"",,"NA1403A1",30045,5002,"2022-12-20","2023-01-20","USD",93.00,90,"3XS:10|2XS:20|XS:20|S:10|M:10|L:10|XL:10"
251404,"2022-09-15 08:39:53.45","#NA1404",50.00,68.00,93.00,120.90,"2022-12-20","127589370","PO",4,,,,"",,"NA1404A0",30029,6002,"2022-12-20","2023-01-20","USD",93.00,90,"3XS:10|2XS:20|XS:20|S:10|M:10|L:10|XL:10"
251405,"2022-09-15 08:39:53.45","#NA1405",50.00,68.00,93.00,120.90,"2022-12-20","127589370","PO",4,,,,"",,"NA1405A1",30045,8002,"2022-12-20","2023-01-20","USD",93.00,90,"3XS:10|2XS:20|XS:20|S:10|M:10|L:10|XL:10"
251406,"2022-09-15 08:39:53.45","#NA1406",50.00,68.00,93.00,120.90,"2022-12-20","127589449","PO",4,,,,"",,"NA1406A1",30045,1002,"2022-12-20","2023-01-20","USD",93.00,90,"3XS:10|2XS:20|XS:20|S:10|M:10|L:10|XL:10"
251407,"2022-09-15 08:39:53.45","#NA1407",50.00,68.00,93.00,120.90,"2022-12-20","127589449","PO",4,,,,"",,"NA1407A0",30029,3002,"2022-12-20","2023-01-20","USD",93.00,90,"3XS:10|2XS:20|XS:20|S:10|M:10|L:10|XL:10"
251408,"2022-09-15 08:39:53.45","#NA1408",50.00,68.00,93.00,120.90,"2022-12-20","127589449","PO",4,,,,"",,"NA1408A1",30045,5002,"2022-12-20","2023-01-20","USD",93.00,90,"3XS:10|2XS:20|XS:20|S:10|M:10|L:10|XL:10"
251409,"2022-09-15 08:39:53.45","#NA1409",50.00,68.00,93.00,120.90,"2022-12-20","127589449","PO",4,,,,"",,"NA1409A0",30029,6002,"2022-12-20","2023-01-20","USD",93.00,90,"3XS:10|2XS:20|XS:20|S:10|M:10|L:10|XL:10"
251410,"2022-09-15 08:39:53.45","#NA1410",50.00,68.00,93.00,120.90,"2022-12-20","127589449","PO",4,,,,"",,"NA1410A1",30045,8002,"2022-12-20","2023-01-20","USD",93.00,90,"3XS:10|2XS:20|XS:20|S:10|M:10|L:10|XL:10"
251411,"2022-09-15 08:39:53.45","#NA1411",50.00,68.00,93.00,120.90,"2022-12-20","127589532","PO",4,,,,"",,"NA1411A1",30045,1002,"2022-12-20","2023-01-20","USD",93.00,90,"3XS:10|2XS:20|XS:20|S:10|M:10|L:10|XL:10"
251412,"2022-09-15 08:39:53.45","#NA1412",50.00,68.00,93.00,120.90,"2022-12-20","127589532","PO",4,,,,"",,"NA1412A0",30029,3002,"2022-12-20","2023-01-20","USD",93.00,90,"3XS:10|2XS:20|XS:20|S:10|M:10|L:10|XL:10"
251413,"2022-09-15 08:39:53.45","#NA1413",50.00,68.00,93.00,120.90,"2022-12-20","127589532","PO",4,,,,"",,"NA1413A1",30045,5002,"2022-12-20","2023-01-20","USD",93.00,90,"3XS:10|2XS:20|XS:20|S:10|M:10|L:10|XL:10"
251414,"2022-09-15 08:39:53.45","#NA1414",50.00,68.00,93.00,120.90,"2022-12-20","127589532","PO",4,,,,"",,"NA1414A0",30029,6002,"2022-12-20","2023-01-20","USD",93.00,90,"3XS:10|2XS:20|XS:20|S:10|M:10|L:10|XL:10"
251415,"2022-09-15 08:39:53.45","#NA1415",50.00,68.00,93.00,120.90,"2022-12-20","127589532","PO",4,,,,"",,"NA1415A1",30045,8002,"2022-12-20","2023-01-20","USD",93.00,90,"3XS:10|2XS:20|XS:20|S:10|M:10|L:10|XL:10"
251416,"2022-09-15 08:39:53.45","#NA1416",50.00,68.00,93.00,120.90,"2022-12-20","127589613","PO",4,,,,"",,"NA1416A1",30045,1002,"2022-12-20","2023-01-20","USD",93.00,90,"3XS:10|2XS:20|XS:20|S:10|M:10|L:10|XL:10"
251417,"2022-09-15 08:39:53.45","#NA1417",50.00,68.00,93.00,120.90,"2022-12-20","127589613","PO",4,,,,"",,"NA1417A0",30029,3002,"2022-12-20","2023-01-20","USD",93.00,90,"3XS:10|2XS:20|XS:20|S:10|M:10|L:10|XL:10"
251418,"2022-09-15 08:39:53.45","#NA1418",50.00,68.00,93.00,120.90,"2022-12-20","127589613","PO",4,,,,"",,"NA1418A1",30045,5002,"2022-12-20","2023-01-20","USD",93.00,90,"3XS:10|2XS:20|XS:20|S:10|M:10|L:10|XL:10"
251419,"2022-09-15 08:39:53.45","#NA1419",50.00,68.00,93.00,120.90,"2022-12-20","127589613","PO",4,,,,"",,"NA1419A0",30029,6002,"2022-12-20","2023-01-20","USD",93.00,90,"3XS:10|2XS:20|XS:20|S:10|M:10|L:10|XL:10"
251420,"2022-09-15 08:39:53.45","#NA1420",50.00,68.00,93.00,120.90,"2022-12-20","127589613","PO",4,,,,"",,"NA1420A1",30045,8002,"2022-12-20","2023-01-20","USD",93.00,90,"3XS:10|2XS:20|XS:20|S:10|M:10|L:10|XL:10"
251421,"2022-09-15 08:39:53.45","#NA1421",50.00,68.00,93.00,120.90,"2022-12-20","127589691","PO",4,,,,"",,"NA1421A1",30045,1002,"2022-12-20","2023-01-20","USD",93.00,90,"3XS:10|2XS:20|XS:20|S:10|M:10|L:10|XL:10"
251422,"2022-09-15 08:39:53.45","#NA1422",50.00,68.00,93.00,120.90,"2022-12-20","127589691","PO",4,,,,"",,"NA1422A0",30029,3002,"2022-12-20","2023-01-20","USD",93.00,90,"3XS:10|2XS:20|XS:20|S:10|M:10|L:10|XL:10"
251423,"2022-09-15 08:39:53.45","#NA1423",50.00,68.00,93.00,120.90,"2022-12-20","127589691","PO",4,,,,"",,"NA1423A1",30045,5002,"2022-12-20","2023-01-20","USD",93.00,90,"3XS:10|2XS:20|XS:20|S:10|M:10|L:10|XL:10"
251424,"2022-09-15 08:39:53.45","#NA1424",50.00,68.00,93.00,120.90,"2022-12-20","127589691","PO",4,,,,"",,"NA1424A0",30029,6002,"2022-12-20","2023-01-20","USD",93.00,90,"3XS:10|2XS:20|XS:20|S:10|M:10|L:10|XL:10"
251425,"2022-09-15 08:39:53.45","#NA1425",50.00,68.00,93.00,120.90,"2022-12-20","127589691","PO",4,,,,"",,"NA1425A1",30045,8002,"2022-12-20","2023-01-20","USD",93.00,90,"3XS:10|2XS:20|XS:20|S:10|M:10|L:10|XL:10"
251426,"2022-09-15 08:39:53.45","#NA1426",50.00,68.00,93.00,120.90,"2022-12-20","127589012","PO",4,,,,"",,"NA1426A1",30045,1002,"2022-12-20","2023-01-20","USD",93.00,90,"3XS:10|2XS:20|XS:20|S:10|M:10|L:10|XL:10"
251427,"2022-09-15 08:39:53.45","#NA1427",50.00,68.00,93.00,120.90,"2022-12-20","127589012","PO",4,,,,"",,"NA1427A0",30029,3002,"2022-12-20","2023-01-20","USD",93.00,90,"3XS:10|2XS:20|XS:20|S:10|M:10|L:10|XL:10"
251428,"2022-09-15 08:39:53.45","#NA1428",50.00,68.00,93.00,120.90,"2022-12-20","127589012","PO",4,,,,"",,"NA1428A1",30045,5002,"2022-12-20","2023-01-20","USD",93.00,90,"3XS:10|2XS:20|XS:20|S:10|M:10|L:10|XL:10"
251429,"2022-09-15 08:39:53.45","#NA1429",50.00,68.00,93.00,120.90,"2022-12-20","127589012","PO",4,,,,"",,"NA1429A0",30029,6002,"2022-12-20","2023-01-20","USD",93.00,90,"3XS:10|2XS:20|XS:20|S:10|M:10|L:10|XL:10"
251430,"2022-09-15 08:39:53.45","#NA1430",50.00,68.00,93.00,120.90,"2022-12-20","127589012","PO",4,,,,"",,"NA1430A1",30045,8002,"2022-12-20","2023-01-20","USD",93.00,90,"3XS:10|2XS:20|XS:20|S:10|M:10|L:10|XL:10"
251431,"2022-09-15 08:39:53.45","#NA1431",50.00,68.00,93.00,120.90,"2022-12-20","127589093","PO",4,,,,"",,"NA1431A1",30045,1002,"2022-12-20","2023-01-20","USD",93.00,90,"3XS:10|2XS:20|XS:20|S:10|M:10|L:10|XL:10"
251432,"2022-09-15 08:39:53.45","#NA1432",50.00,68.00,93.00,120.90,"2022-12-20","127589093","PO",4,,,,"",,"NA1432A0",30029,3002,"2022-12-20","2023-01-20","USD",93.00,90,"3XS:10|2XS:20|XS:20|S:10|M:10|L:10|XL:10"
251433,"2022-09-15 08:39:53.45","#NA1433",50.00,68.00,93.00,120.90,"2022-12-20","127589093","PO",4,,,,"",,"NA1433A1",30045,5002,"2022-12-20","2023-01-20","USD",93.00,90,"3XS:10|2XS:20|XS:20|S:10|M:10|L:10|XL:10"
251434,"2022-09-15 08:39:53.45","#NA1434",50.00,68.00,93.00,120.90,"2022-12-20","127589093","PO",4,,,,"",,"NA1434A0",30029,6002,"2022-12-20","2023-01-20","USD",93.00,90,"3XS:10|2XS:20|XS:20|S:10|M:10|L:10|XL:10"
251435,"2022-09-15 08:39:53.45","#NA1435",50.00,68.00,93.00,120.90,"2022-12-20","127589093","PO",4,,,,"",,"NA1435A1",30045,8002,"2022-12-20","2023-01-20","USD",93.00,90,"3XS:10|2XS:20|XS:20|S:10|M:10|L:10|XL:10"
251436,"2022-09-15 08:39:53.45","#NA1436",50.00,68.00,93.00,120.90,"2022-12-20","127589776","PO",4,,,,"",,"NA1436A1",30045,1002,"2022-12-20","2023-01-20","USD",93.00,90,"3XS:10|2XS:20|XS:20|S:10|M:10|L:10|XL:10"
251437,"2022-09-15 08:39:53.45","#NA1437",50.00,68.00,93.00,120.90,"2022-12-20","127589776","PO",4,,,,"",,"NA1437A0",30029,3002,"2022-12-20","2023-01-20","USD",93.00,90,"3XS:10|2XS:20|XS:20|S:10|M:10|L:10|XL:10"
251438,"2022-09-15 08:39:53.45","#NA1438",50.00,68.00,93.00,120.90,"2022-12-20","127589776","PO",4,,,,"",,"NA1438A1",30045,5002,"2022-12-20","2023-01-20","USD",93.00,90,"3XS:10|2XS:20|XS:20|S:10|M:10|L:10|XL:10"
251439,"2022-09-15 08:39:53.45","#NA1439",50.00,68.00,93.00,120.90,"2022-12-20","127589776","PO",4,,,,"",,"NA1439A0",30029,6002,"2022-12-20","2023-01-20","USD",93.00,90,"3XS:10|2XS:20|XS:20|S:10|M:10|L:10|XL:10"
251440,"2022-09-15 08:39:53.45","#NA1440",50.00,68.00,93.00,120.90,"2022-12-20","127589776","PO",4,,,,"",,"NA1440A1",30045,8002,"2022-12-20","2023-01-20","USD",93.00,90,"3XS:10|2XS:20|XS:20|S:10|M:10|L:10|XL:10"
251441,"2022-09-15 08:39:53.45","#NA1441",50.00,68.00,93.00,120.90,"2022-12-20","127589857","PO",4,,,,"",,"NA1441A1",30045,1002,"2022-12-20","2023-01-20","USD",93.00,90,"3XS:10|2XS:20|XS:20|S:10|M:10|L:10|XL:10"
251442,"2022-09-15 08:39:53.45","#NA1442",50.00,68.00,93.00,120.90,"2022-12-20","127589857","PO",4,,,,"",,"NA1442A0",30029,3002,"2022-12-20","2023-01-20","USD",93.00,90,"3XS:10|2XS:20|XS:20|S:10|M:10|L:10|XL:10"
251443,"2022-09-15 08:39:53.45","#NA1443",50.00,68.00,93.00,120.90,"2022-12-20","127589857","PO",4,,,,"",,"NA1443A1",30045,5002,"2022-12-20","2023-01-20","USD",93.00,90,"3XS:10|2XS:20|XS:20|S:10|M:10|L:10|XL:10"
251444,"2022-09-15 08:39:53.45","#NA1444",50.00,68.00,93.00,120.90,"2022-12-20","127589857","PO",4,,,,"",,"NA1444A0",30029,6002,"2022-12-20","2023-01-20","USD",93.00,90,"3XS:10|2XS:20|XS:20|S:10|M:10|L:10|XL:10"
251445,"2022-09-15 08:39:53.45","#NA1445",50.00,68.00,93.00,120.90,"2022-12-20","127589857","PO",4,,,,"",,"NA1445A1",30045,8002,"2022-12-20","2023-01-20","USD",93.00,90,"3XS:10|2XS:20|XS:20|S:10|M:10|L:10|XL:10"
251446,"2022-09-15 08:39:53.45","#NA1446",50.00,68.00,93.00,120.90,"2022-12-20","127589936","PO",4,,,,"",,"NA1446A1",30045,1002,"2022-12-20","2023-01-20","USD",93.00,90,"3XS:10|2XS:20|XS:20|S:10|M:10|L:10|XL:10"
251447,"2022-09-15 08:39:53.45","#NA1447",50.00,68.00,93.00,120.90,"2022-12-20","127589936","PO",4,,,,"",,"NA1447A0",30029,3002,"2022-12-20","2023-01-20","USD",93.00,90,"3XS:10|2XS:20|XS:20|S:10|M:10|L:10|XL:10"
251448,"2022-09-15 08:39:53.45","#NA1448",50.00,68.00,93.00,120.90,"2022-12-20","127589936","PO",4,,,,"",,"NA1448A1",30045,5002,"2022-12-20","2023-01-20","USD",93.00,90,"3XS:10|2XS:20|XS:20|S:10|M:10|L:10|XL:10"
251449,"2022-09-15 08:39:53.45","#NA1449",50.00,68.00,93.00,120.90,"2022-12-20","127589936","PO",4,,,,"",,"NA1449A0",30029,6002,"2022-12-20","2023-01-20","USD",93.00,90,"3XS:10|2XS:20|XS:20|S:10|M:10|L:10|XL:10"
251450,"2022-09-15 08:39:53.45","#NA1450",50.00,68.00,93.00,120.90,"2022-12-20","127589936","PO",4,,,,"",,"NA1450A1",30045,8002,"2022-12-20","2023-01-20","USD",93.00,90,"3XS:10|2XS:20|XS:20|S:10|M:10|L:10|XL:10"
251451,"2022-09-15 08:39:53.45","#NA1451",50.00,68.00,93.00,120.90,"2022-12-20","127589173","PO",4,,,,"",,"NA1451A1",30045,1002,"2022-12-20","2023-01-20","USD",93.00,90,"3XS:10|2XS:20|XS:20|S:10|M:10|L:10|XL:10"
251452,"2022-09-15 08:39:53.45","#NA1452",50.00,68.00,93.00,120.90,"2022-12-20","127589173","PO",4,,,,"",,"NA1452A0",30029,3002,"2022-12-20","2023-01-20","USD",93.00,90,"3XS:10|2XS:20|XS:20|S:10|M:10|L:10|XL:10"
251453,"2022-09-15 08:39:53.45","#NA1453",50.00,68.00,93.00,120.90,"2022-12-20","127589173","PO",4,,,,"",,"NA1453A1",30045,5002,"2022-12-20","2023-01-20","USD",93.00,90,"3XS:10|2XS:20|XS:20|S:10|M:10|L:10|XL:10"
251454,"2022-09-15 08:39:53.45","#NA1454",50.00,68.00,93.00,120.90,"2022-12-20","127589173","PO",4,,,,"",,"NA1454A0",30029,6002,"2022-12-20","2023-01-20","USD",93.00,90,"3XS:10|2XS:20|XS:20|S:10|M:10|L:10|XL:10"
251455,"2022-09-15 08:39:53.45","#NA1455",50.00,68.00,93.00,120.90,"2022-12-20","127589173","PO",4,,,,"",,"NA1455A1",30045,8002,"2022-12-20","2023-01-20","USD",93.00,90,"3XS:10|2XS:20|XS:20|S:10|M:10|L:10|XL:10"
251456,"2022-09-15 08:39:53.45","#NA1456",50.00,68.00,93.00,120.90,"2022-12-20","127589253","PO",4,,,,"",,"NA1456A1",30045,1002,"2022-12-20","2023-01-20","USD",93.00,90,"3XS:10|2XS:20|XS:20|S:10|M:10|L:10|XL:10"
251457,"2022-09-15 08:39:53.45","#NA1457",50.00,68.00,93.00,120.90,"2022-12-20","127589253","PO",4,,,,"",,"NA1457A0",30029,3002,"2022-12-20","2023-01-20","USD",93.00,90,"3XS:10|2XS:20|XS:20|S:10|M:10|L:10|XL:10"
251458,"2022-09-15 08:39:53.45","#NA1458",50.00,68.00,93.00,120.90,"2022-12-20","127589253","PO",4,,,,"",,"NA1458A1",30045,5002,"2022-12-20","2023-01-20","USD",93.00,90,"3XS:10|2XS:20|XS:20|S:10|M:10|L:10|XL:10"
251459,"2022-09-15 08:39:53.45","#NA1459",50.00,68.00,93.00,120.90,"2022-12-20","127589253","PO",4,,,,"",,"NA1459A0",30029,6002,"2022-12-20","2023-01-20","USD",93.00,90,"3XS:10|2XS:20|XS:20|S:10|M:10|L:10|XL:10"
251460,"2022-09-15 08:39:53.45","#NA1460",50.00,68.00,93.00,120.90,"2022-12-20","127589253","PO",4,,,,"",,"NA1460A1",30045,8002,"2022-12-20","2023-01-20","USD",93.00,90,"3XS:10|2XS:20|XS:20|S:10|M:10|L:10|XL:10"
251461,"2022-09-15 08:39:53.45","#NA1461",50.00,68.00,93.00,120.90,"2022-12-20","127590014","PO",4,,,,"",,"NA1461A1",30045,1002,"2022-12-20","2023-01-20","USD",93.00,90,"3XS:10|2XS:20|XS:20|S:10|M:10|L:10|XL:10"
251462,"2022-09-15 08:39:53.45","#NA1462",50.00,68.00,93.00,120.90,"2022-12-20","127590014","PO",4,,,,"",,"NA1462A0",30029,3002,"2022-12-20","2023-01-20","USD",93.00,90,"3XS:10|2XS:20|XS:20|S:10|M:10|L:10|XL:10"
251463,"2022-09-15 08:39:53.45","#NA1463",50.00,68.00,93.00,120.90,"2022-12-20","127590014","PO",4,,,,"",,"NA1463A1",30045,5002,"2022-12-20","2023-01-20","USD",93.00,90,"3XS:10|2XS:20|XS:20|S:10|M:10|L:10|XL:10"
251464,"2022-09-15 08:39:53.45","#NA1464",50.00,68.00,93.00,120.90,"2022-12-20","127590014","PO",4,,,,"",,"NA1464A0",30029,6002,"2022-12-20","2023-01-20","USD",93.00,90,"3XS:10|2XS:20|XS:20|S:10|M:10|L:10|XL:10"
251465,"2022-09-15 08:39:53.45","#NA1465",50.00,68.00,93.00,120.90,"2022-12-20","127590014","PO",4,,,,"",,"NA1465A1",30045,8002,"2022-12-20","2023-01-20","USD",93.00,90,"3XS:10|2XS:20|XS:20|S:10|M:10|L:10|XL:10"
251466,"2022-09-15 08:39:53.45","#NA1466",50.00,68.00,93.00,120.90,"2022-12-20","127590091","PO",4,,,,"",,"NA1466A1",30045,1002,"2022-12-20","2023-01-20","USD",93.00,90,"3XS:10|2XS:20|XS:20|S:10|M:10|L:10|XL:10"
251467,"2022-09-15 08:39:53.45","#NA1467",50.00,68.00,93.00,120.90,"2022-12-20","127590091","PO",4,,,,"",,"NA1467A0",30029,3002,"2022-12-20","2023-01-20","USD",93.00,90,"3XS:10|2XS:20|XS:20|S:10|M:10|L:10|XL:10"
251468,"2022-09-15 08:39:53.45","#NA1468",50.00,68.00,93.00,120.90,"2022-12-20","127590091","PO",4,,,,"",,"NA1468A1",30045,5002,"2022-12-20","2023-01-20","USD",93.00,90,"3XS:10|2XS:20|XS:20|S:10|M:10|L:10|XL:10"
251469,"2022-09-15 08:39:53.45","#NA1469",50.00,68.00,93.00,120.90,"2022-12-20","127590091","PO",4,,,,"",,"NA1469A0",30029,6002,"2022-12-20","2023-01-20","USD",93.00,90,"3XS:10|2XS:20|XS:20|S:10|M:10|L:10|XL:10"
251470,"2022-09-15 08:39:53.45","#NA1470",50.00,68.00,93.00,120.90,"2022-12-20","127590091","PO",4,,,,"",,"NA1470A1",30045,8002,"2022-12-20","2023-01-20","USD",93.00,90,"3XS:10|2XS:20|XS:20|S:10|M:10|L:10|XL:10"
251471,"2022-09-15 08:39:53.45","#NA1471",50.00,68.00,93.00,120.90,"2022-12-20","127589333","PO",4,,,,"",,"NA1471A1",30045,1002,"2022-12-20","2023-01-20","USD",93.00,90,"3XS:10|2XS:20|XS:20|S:10|M:10|L:10|XL:10"
251472,"2022-09-15 08:39:53.45","#NA1472",50.00,68.00,93.00,120.90,"2022-12-20","127589333","PO",4,,,,"",,"NA1472A0",30029,3002,"2022-12-20","2023-01-20","USD",93.00,90,"3XS:10|2XS:20|XS:20|S:10|M:10|L:10|XL:10"
251473,"2022-09-15 08:39:53.45","#NA1473",50.00,68.00,93.00,120.90,"2022-12-20","127589333","PO",4,,,,"",,"NA1473A1",30045,5002,"2022-12-20","2023-01-20","USD",93.00,90,"3XS:10|2XS:20|XS:20|S:10|M:10|L:10|XL:10"
251474,"2022-09-15 08:39:53.45","#NA1474",50.00,68.00,93.00,120.90,"2022-12-20","127589333","PO",4,,,,"",,"NA1474A0",30029,6002,"2022-12-20","2023-01-20","USD",93.00,90,"3XS:10|2XS:20|XS:20|S:10|M:10|L:10|XL:10"
251475,"2022-09-15 08:39:53.45","#NA1475",50.00,68.00,93.00,120.90,"2022-12-20","127589333","PO",4,,,,"",,"NA1475A1",30045,8002,"2022-12-20","2023-01-20","USD",93.00,90,"3XS:10|2XS:20|XS:20|S:10|M:10|L:10|XL:10"
251476,"2022-09-15 08:39:53.45","#NA1476",50.00,68.00,93.00,120.90,"2022-12-20","127589411","PO",4,,,,"",,"NA1476A1",30045,1002,"2022-12-20","2023-01-20","USD",93.00,90,"3XS:10|2XS:20|XS:20|S:10|M:10|L:10|XL:10"
251477,"2022-09-15 08:39:53.45","#NA1477",50.00,68.00,93.00,120.90,"2022-12-20","127589411","PO",4,,,,"",,"NA1477A0",30029,3002,"2022-12-20","2023-01-20","USD",93.00,90,"3XS:10|2XS:20|XS:20|S:10|M:10|L:10|XL:10"
251478,"2022-09-15 08:39:53.45","#NA1478",50.00,68.00,93.00,120.90,"2022-12-20","127589411","PO",4,,,,"",,"NA1478A1",30045,5002,"2022-12-20","2023-01-20","USD",93.00,90,"3XS:10|2XS:20|XS:20|S:10|M:10|L:10|XL:10"
251479,"2022-09-15 08:39:53.45","#NA1479",50.00,68.00,93.00,120.90,"2022-12-20","127589411","PO",4,,,,"",,"NA1479A0",30029,6002,"2022-12-20","2023-01-20","USD",93.00,90,"3XS:10|2XS:20|XS:20|S:10|M:10|L:10|XL:10"
251480,"2022-09-15 08:39:53.45","#NA1480",50.00,68.00,93.00,120.90,"2022-12-20","127589411","PO",4,,,,"",,"NA1480A1",30045,8002,"2022-12-20","2023-01-20","USD",93.00,90,"3XS:10|2XS:20|XS:20|S:10|M:10|L:10|XL:10"
251481,"2022-09-15 08:39:53.45","#NA1481",50.00,68.00,93.00,120.90,"2022-12-20","127590162","PO",4,,,,"",,"NA1481A1",30045,1002,"2022-12-20","2023-01-20","USD",93.00,90,"3XS:10|2XS:20|XS:20|S:10|M:10|L:10|XL:10"
251482,"2022-09-15 08:39:53.45","#NA1482",50.00,68.00,93.00,120.90,"2022-12-20","127590162","PO",4,,,,"",,"NA1482A0",30029,3002,"2022-12-20","2023-01-20","USD",93.00,90,"3XS:10|2XS:20|XS:20|S:10|M:10|L:10|XL:10"
251483,"2022-09-15 08:39:53.45","#NA1483",50.00,68.00,93.00,120.90,"2022-12-20","127590162","PO",4,,,,"",,"NA1483A1",30045,5002,"2022-12-20","2023-01-20","USD",93.00,90,"3XS:10|2XS:20|XS:20|S:10|M:10|L:10|XL:10"
251484,"2022-09-15 08:39:53.45","#NA1484",50.00,68.00,93.00,120.90,"2022-12-20","127590162","PO",4,,,,"",,"NA1484A0",30029,6002,"2022-12-20","2023-01-20","USD",93.00,90,"3XS:10|2XS:20|XS:20|S:10|M:10|L:10|XL:10"
251485,"2022-09-15 08:39:53.45","#NA1485",50.00,68.00,93.00,120.90,"2022-12-20","127590162","PO",4,,,,"",,"NA1485A1",30045,8002,"2022-12-20","2023-01-20","USD",93.00,90,"3XS:10|2XS:20|XS:20|S:10|M:10|L:10|XL:10"
251486,"2022-09-15 08:39:53.45","#NA1486",50.00,68.00,93.00,120.90,"2022-12-20","127590243","PO",4,,,,"",,"NA1486A1",30045,1002,"2022-12-20","2023-01-20","USD",93.00,90,"3XS:10|2XS:20|XS:20|S:10|M:10|L:10|XL:10"
251487,"2022-09-15 08:39:53.45","#NA1487",50.00,68.00,93.00,120.90,"2022-12-20","127590243","PO",4,,,,"",,"NA1487A0",30029,3002,"2022-12-20","2023-01-20","USD",93.00,90,"3XS:10|2XS:20|XS:20|S:10|M:10|L:10|XL:10"
251488,"2022-09-15 08:39:53.45","#NA1488",50.00,68.00,93.00,120.90,"2022-12-20","127590243","PO",4,,,,"",,"NA1488A1",30045,5002,"2022-12-20","2023-01-20","USD",93.00,90,"3XS:10|2XS:20|XS:20|S:10|M:10|L:10|XL:10"
251489,"2022-09-15 08:39:53.45","#NA1489",50.00,68.00,93.00,120.90,"2022-12-20","127590243","PO",4,,,,"",,"NA1489A0",30029,6002,"2022-12-20","2023-01-20","USD",93.00,90,"3XS:10|2XS:20|XS:20|S:10|M:10|L:10|XL:10"
251490,"2022-09-15 08:39:53.45","#NA1490",50.00,68.00,93.00,120.90,"2022-12-20","127590243","PO",4,,,,"",,"NA1490A1",30045,8002,"2022-12-20","2023-01-20","USD",93.00,90,"3XS:10|2XS:20|XS:20|S:10|M:10|L:10|XL:10"
251491,"2022-09-15 08:39:53.45","#NA1491",50.00,68.00,93.00,120.90,"2022-12-20","127589494","PO",4,,,,"",,"NA1491A1",30045,1002,"2022-12-20","2023-01-20","USD",93.00,90,"3XS:10|2XS:20|XS:20|S:10|M:10|L:10|XL:10"
251492,"2022-09-15 08:39:53.45","#NA1492",50.00,68.00,93.00,120.90,"2022-12-20","127589494","PO",4,,,,"",,"NA1492A0",30029,3002,"2022-12-20","2023-01-20","USD",93.00,90,"3XS:10|2XS:20|XS:20|S:10|M:10|L:10|XL:10"
251493,"2022-09-15 08:39:53.45","#NA1493",50.00,68.00,93.00,120.90,"2022-12-20","127589494","PO",4,,,,"",,"NA1493A1",30045,5002,"2022-12-20","2023-01-20","USD",93.00,90,"3XS:10|2XS:20|XS:20|S:10|M:10|L:10|XL:10"
251494,"2022-09-15 08:39:53.45","#NA1494",50.00,68.00,93.00,120.90,"2022-12-20","127589494","PO",4,,,,"",,"NA1494A0",30029,6002,"2022-12-20","2023-01-20","USD",93.00,90,"3XS:10|2XS:20|XS:20|S:10|M:10|L:10|XL:10"
251495,"2022-09-15 08:39:53.45","#NA1495",50.00,68.00,93.00,120.90,"2022-12-20","127589494","PO",4,,,,"",,"NA1495A1",30045,8002,"2022-12-20","2023-01-20","USD",93.00,90,"3XS:10|2XS:20|XS:20|S:10|M:10|L:10|XL:10"
251496,"2022-09-15 08:39:53.45","#NA1496",50.00,68.00,93.00,120.90,"2022-12-20","127590320","PO",4,,,,"",,"NA1496A1",30045,1002,"2022-12-20","2023-01-20","USD",93.00,90,"3XS:10|2XS:20|XS:20|S:10|M:10|L:10|XL:10"
251497,"2022-09-15 08:39:53.45","#NA1497",50.00,68.00,93.00,120.90,"2022-12-20","127590320","PO",4,,,,"",,"NA1497A0",30029,3002,"2022-12-20","2023-01-20","USD",93.00,90,"3XS:10|2XS:20|XS:20|S:10|M:10|L:10|XL:10"
251498,"2022-09-15 08:39:53.45","#NA1498",50.00,68.00,93.00,120.90,"2022-12-20","127590320","PO",4,,,,"",,"NA1498A1",30045,5002,"2022-12-20","2023-01-20","USD",93.00,90,"3XS:10|2XS:20|XS:20|S:10|M:10|L:10|XL:10"
251499,"2022-09-15 08:39:53.45","#NA1499",50.00,68.00,93.00,120.90,"2022-12-20","127590320","PO",4,,,,"",,"NA1499A0",30029,6002,"2022-12-20","2023-01-20","USD",93.00,90,"3XS:10|2XS:20|XS:20|S:10|M:10|L:10|XL:10"
251500,"2022-09-15 08:39:53.45","#NA1500",50.00,68.00,93.00,120.90,"2022-12-20","127590320","PO",4,,,,"",,"NA1500A1",30045,8002,"2022-12-20","2023-01-20","USD",93.00,90,"3XS:10|2XS:20|XS:20|S:10|M:10|L:10|XL:10"
250001,"2022-09-15 08:39:53.45","#NA0001",50.00,68.00,93.00,120.90,"2022-12-20","127590394","PO",4,,,,"",,"NA0001A1",30045,1002,"2022-12-20","2023-01-20","USD",93.00,90,"3XS:10|2XS:20|XS:20|S:10|M:10|L:10|XL:10"
250002,"2022-09-15 08:39:53.45","#NA0002",50.00,68.00,93.00,120.90,"2022-12-20","127590394","PO",4,,,,"",,"NA0002A0",30029,3002,"2022-12-20","2023-01-20","USD",93.00,90,"3XS:10|2XS:20|XS:20|S:10|M:10|L:10|XL:10"
250003,"2022-09-15 08:39:53.45","#NA0003",50.00,68.00,93.00,120.90,"2022-12-20","127590394","PO",4,,,,"",,"NA0003A1",30045,5002,"2022-12-20","2023-01-20","USD",93.00,90,"3XS:10|2XS:20|XS:20|S:10|M:10|L:10|XL:10"
250004,"2022-09-15 08:39:53.45","#NA0004",50.00,68.00,93.00,120.90,"2022-12-20","127590394","PO",4,,,,"",,"NA0004A0",30029,6002,"2022-12-20","2023-01-20","USD",93.00,90,"3XS:10|2XS:20|XS:20|S:10|M:10|L:10|XL:10"
250005,"2022-09-15 08:39:53.45","#NA0005",50.00,68.00,93.00,120.90,"2022-12-20","127590394","PO",4,,,,"",,"NA0005A1",30045,8002,"2022-12-20","2023-01-20","USD",93.00,90,"3XS:10|2XS:20|XS:20|S:10|M:10|L:10|XL:10"
250006,"2022-09-15 08:39:53.45","#NA0006",50.00,68.00,93.00,120.90,"2022-12-20","127590709","PO",4,,,,"",,"NA0006A1",30045,1002,"2022-12-20","2023-01-20","USD",93.00,90,"3XS:10|2XS:20|XS:20|S:10|M:10|L:10|XL:10"
250007,"2022-09-15 08:39:53.45","#NA0007",50.00,68.00,93.00,120.90,"2022-12-20","127590709","PO",4,,,,"",,"NA0007A0",30029,3002,"2022-12-20","2023-01-20","USD",93.00,90,"3XS:10|2XS:20|XS:20|S:10|M:10|L:10|XL:10"
250008,"2022-09-15 08:39:53.45","#NA0008",50.00,68.00,93.00,120.90,"2022-12-20","127590709","PO",4,,,,"",,"NA0008A1",30045,5002,"2022-12-20","2023-01-20","USD",93.00,90,"3XS:10|2XS:20|XS:20|S:10|M:10|L:10|XL:10"
250009,"2022-09-15 08:39:53.45","#NA0009",50.00,68.00,93.00,120.90,"2022-12-20","127590709","PO",4,,,,"",,"NA0009A0",30029,6002,"2022-12-20","2023-01-20","USD",93.00,90,"3XS:10|2XS:20|XS:20|S:10|M:10|L:10|XL:10"
250010,"2022-09-15 08:39:53.45","#NA0010",50.00,68.00,93.00,120.90,"2022-12-20","127590709","PO",4,,,,"",,"NA0010A1",30045,8002,"2022-12-20","2023-01-20","USD",93.00,90,"3XS:10|2XS:20|XS:20|S:10|M:10|L:10|XL:10"
250011,"2022-09-15 08:39:53.45","#NA0011",50.00,68.00,93.00,120.90,"2022-12-20","127589860","PO",4,,,,"",,"NA0011A1",30045,1002,"2022-12-20","2023-01-20","USD",93.00,90,"3XS:10|2XS:20|XS:20|S:10|M:10|L:10|XL:10"
250012,"2022-09-15 08:39:53.45","#NA0012",50.00,68.00,93.00,120.90,"2022-12-20","127589860","PO",4,,,,"",,"NA0012A0",30029,3002,"2022-12-20","2023-01-20","USD",93.00,90,"3XS:10|2XS:20|XS:20|S:10|M:10|L:10|XL:10"
250013,"2022-09-15 08:39:53.45","#NA0013",50.00,68.00,93.00,120.90,"2022-12-20","127589860","PO",4,,,,"",,"NA0013A1",30045,5002,"2022-12-20","2023-01-20","USD",93.00,90,"3XS:10|2XS:20|XS:20|S:10|M:10|L:10|XL:10"
250014,"2022-09-15 08:39:53.45","#NA0014",50.00,68.00,93.00,120.90,"2022-12-20","127589860","PO",4,,,,"",,"NA0014A0",30029,6002,"2022-12-20","2023-01-20","USD",93.00,90,"3XS:10|2XS:20|XS:20|S:10|M:10|L:10|XL:10"
250015,"2022-09-15 08:39:53.45","#NA0015",50.00,68.00,93.00,120.90,"2022-12-20","127589860","PO",4,,,,"",,"NA0015A1",30045,8002,"2022-12-20","2023-01-20","USD",93.00,90,"3XS:10|2XS:20|XS:20|S:10|M:10|L:10|XL:10"
250016,"2022-09-15 08:39:53.45","#NA0016",50.00,68.00,93.00,120.90,"2022-12-20","127589932","PO",4,,,,"",,"NA0016A1",30045,1002,"2022-12-20","2023-01-20","USD",93.00,90,"3XS:10|2XS:20|XS:20|S:10|M:10|L:10|XL:10"
250017,"2022-09-15 08:39:53.45","#NA0017",50.00,68.00,93.00,120.90,"2022-12-20","127589932","PO",4,,,,"",,"NA0017A0",30029,3002,"2022-12-20","2023-01-20","USD",93.00,90,"3XS:10|2XS:20|XS:20|S:10|M:10|L:10|XL:10"
250018,"2022-09-15 08:39:53.45","#NA0018",50.00,68.00,93.00,120.90,"2022-12-20","127589932","PO",4,,,,"",,"NA0018A1",30045,5002,"2022-12-20","2023-01-20","USD",93.00,90,"3XS:10|2XS:20|XS:20|S:10|M:10|L:10|XL:10"
250019,"2022-09-15 08:39:53.45","#NA0019",50.00,68.00,93.00,120.90,"2022-12-20","127589932","PO",4,,,,"",,"NA0019A0",30029,6002,"2022-12-20","2023-01-20","USD",93.00,90,"3XS:10|2XS:20|XS:20|S:10|M:10|L:10|XL:10"
250020,"2022-09-15 08:39:53.45","#NA0020",50.00,68.00,93.00,120.90,"2022-12-20","127589932","PO",4,,,,"",,"NA0020A1",30045,8002,"2022-12-20","2023-01-20","USD",93.00,90,"3XS:10|2XS:20|XS:20|S:10|M:10|L:10|XL:10"
250021,"2022-09-15 08:39:53.45","#NA0021",50.00,68.00,93.00,120.90,"2022-12-20","127590018","PO",4,,,,"",,"NA0021A1",30045,1002,"2022-12-20","2023-01-20","USD",93.00,90,"3XS:10|2XS:20|XS:20|S:10|M:10|L:10|XL:10"
250022,"2022-09-15 08:39:53.45","#NA0022",50.00,68.00,93.00,120.90,"2022-12-20","127590018","PO",4,,,,"",,"NA0022A0",30029,3002,"2022-12-20","2023-01-20","USD",93.00,90,"3XS:10|2XS:20|XS:20|S:10|M:10|L:10|XL:10"
250023,"2022-09-15 08:39:53.45","#NA0023",50.00,68.00,93.00,120.90,"2022-12-20","127590018","PO",4,,,,"",,"NA0023A1",30045,5002,"2022-12-20","2023-01-20","USD",93.00,90,"3XS:10|2XS:20|XS:20|S:10|M:10|L:10|XL:10"
250024,"2022-09-15 08:39:53.45","#NA0024",50.00,68.00,93.00,120.90,"2022-12-20","127590018","PO",4,,,,"",,"NA0024A0",30029,6002,"2022-12-20","2023-01-20","USD",93.00,90,"3XS:10|2XS:20|XS:20|S:10|M:10|L:10|XL:10"
250025,"2022-09-15 08:39:53.45","#NA0025",50.00,68.00,93.00,120.90,"2022-12-20","127590018","PO",4,,,,"",,"NA0025A1",30045,8002,"2022-12-20","2023-01-20","USD",93.00,90,"3XS:10|2XS:20|XS:20|S:10|M:10|L:10|XL:10"