250026,"2022-09-15 08:39:53.45","#SEA001",50.00,68.00,93.00,120.90,"2023-03-31","129334465","PO",4,,,,"","ALMA","SEA001A1",30025,1002,"2023-03-31","2023-04-30","USD",93.00,90,"3XS:10|2XS:20|XS:20|S:10|M:10|L:10|XL:10"
250027,"2022-09-15 08:39:53.45","#SEA002",50.00,68.00,93.00,120.90,"2023-03-31","129334465","PO",4,,,,"","ALMA","SEA002A0",30026,1016,"2023-03-31","2023-04-30","USD",93.00,90,"3XS:10|2XS:20|XS:20|S:10|M:10|L:10|XL:10"
250028,"2022-09-15 08:39:53.45","#SEA003",50.00,68.00,93.00,120.90,"2023-03-31","129334465","PO",4,,,,"","ALMA","SEA003A1",30027,3002,"2023-03-31","2023-04-30","USD",93.00,90,"3XS:10|2XS:20|XS:20|S:10|M:10|L:10|XL:10"
250029,"2022-09-15 08:39:53.45","#SEA004",50.00,68.00,93.00,120.90,"2023-03-31","129334465","PO",4,,,,"","ALMA","SEA004A0",30066,4002,"2023-03-31","2023-04-30","USD",93.00,90,"3XS:10|2XS:20|XS:20|S:10|M:10|L:10|XL:10"
250030,"2022-09-15 08:39:53.45","#SEA005",50.00,68.00,93.00,120.90,"2023-03-31","129334465","PO",4,,,,"","ALMA","SEA005A1",30067,5002,"2023-03-31","2023-04-30","USD",93.00,90,"3XS:10|2XS:20|XS:20|S:10|M:10|L:10|XL:10"
250031,"2022-09-15 08:39:53.45","#SEA006",50.00,68.00,93.00,120.90,"2023-03-31","129334465","PO",4,,,,"","ALMA","SEA006A1",30068,6002,"2023-03-31","2023-04-30","USD",93.00,90,"3XS:10|2XS:20|XS:20|S:10|M:10|L:10|XL:10"
250032,"2022-09-15 08:39:53.45","#SEA007",50.00,68.00,93.00,120.90,"2023-03-31","129334465","PO",4,,,,"","ALMA","SEA007A0",30069,8002,"2023-03-31","2023-04-30","USD",93.00,90,"3XS:10|2XS:20|XS:20|S:10|M:10|L:10|XL:10"
250033,"2022-09-15 08:39:53.45","#SEA008",50.00,68.00,93.00,120.90,"2023-03-31","129334468","PO",4,,,,"","ALMA","SEA008A1",30070,1002,"2023-03-31","2023-04-30","USD",93.00,90,"3XS:10|2XS:20|XS:20|S:10|M:10|L:10|XL:10"
250034,"2022-09-15 08:39:53.45","#SEA009",50.00,68.00,93.00,120.90,"2023-03-31","129334468","PO",4,,,,"","ALMA","SEA009A0",30071,1016,"2023-03-31","2023-04-30","USD",93.00,90,"3XS:10|2XS:20|XS:20|S:10|M:10|L:10|XL:10"
250035,"2022-09-15 08:39:53.45","#SEA010",50.00,68.00,93.00,120.90,"2023-03-31","129334468","PO",4,,,,"","ALMA","SEA010A1",30072,3002,"2023-03-31","2023-04-30","USD",93.00,90,"3XS:10|2XS:20|XS:20|S:10|M:10|L:10|XL:10"
250036,"2022-09-15 08:39:53.45","#SEA011",50.00,68.00,93.00,120.90,"2023-03-31","129334468","PO",4,,,,"","ALMA","SEA011A1",30073,4002,"2023-03-31","2023-04-30","USD",93.00,90,"3XS:10|2XS:20|XS:20|S:10|M:10|L:10|XL:10"
250037,"2022-09-15 08:39:53.45","#SEA012",50.00,68.00,93.00,120.90,"2023-03-31","129334468","PO",4,,,,"","ALMA","SEA012A0",30029,5002,"2023-03-31","2023-04-30","USD",93.00,90,"3XS:10|2XS:20|XS:20|S:10|M:10|L:10|XL:10"
250038,"2022-09-15 08:39:53.45","#SEA013",50.00,68.00,93.00,120.90,"2023-03-31","129334468","PO",4,,,,"","ALMA","SEA013A1",30013,6002,"2023-03-31","2023-04-30","USD",93.00,90,"3XS:10|2XS:20|XS:20|S:10|M:10|L:10|XL:10"
250039,"2022-09-15 08:39:53.45","#SEA014",50.00,68.00,93.00,120.90,"2023-03-31","129334468","PO",4,,,,"","ALMA","SEA014A0",30022,8002,"2023-03-31","2023-04-30","USD",93.00,90,"3XS:10|2XS:20|XS:20|S:10|M:10|L:10|XL:10"
250040,"2022-09-15 08:39:53.45","#SEA015",50.00,68.00,93.00,120.90,"2023-03-31","129334472","PO",4,,,,"","ALMA","SEA015A1",30045,1002,"2023-03-31","2023-04-30","USD",93.00,90,"3XS:10|2XS:20|XS:20|S:10|M:10|L:10|XL:10"
250041,"2022-09-15 08:39:53.45","#SEA016",50.00,68.00,93.00,120.90,"2023-03-31","129334472","PO",4,,,,"","ALMA","SEA016A1",30046,1016,"2023-03-31","2023-04-30","USD",93.00,90,"3XS:10|2XS:20|XS:20|S:10|M:10|L:10|XL:10"
250042,"2022-09-15 08:39:53.45","#SEA017",50.00,68.00,93.00,120.90,"2023-03-31","129334472","PO",4,,,,"","ALMA","SEA017A0",30047,3002,"2023-03-31","2023-04-30","USD",93.00,90,"3XS:10|2XS:20|XS:20|S:10|M:10|L:10|XL:10"
250043,"2022-09-15 08:39:53.45","#SEA018",50.00,68.00,93.00,120.90,"2023-03-31","129334472","PO",4,,,,"","ALMA","SEA018A1",30065,4002,"2023-03-31","2023-04-30","USD",93.00,90,"3XS:10|2XS:20|XS:20|S:10|M:10|L:10|XL:10"
250044,"2022-09-15 08:39:53.45","#SEA019",50.00,68.00,93.00,120.90,"2023-03-31","129334472","PO",4,,,,"","ALMA","SEA019A0",30074,5002,"2023-03-31","2023-04-30","USD",93.00,90,"3XS:10|2XS:20|XS:20|S:10|M:10|L:10|XL:10"
250045,"2022-09-15 08:39:53.45","#SEA020",50.00,68.00,93.00,120.90,"2023-03-31","129334472","PO",4,,,,"","ALMA","SEA020A1",30075,6002,"2023-03-31","2023-04-30","USD",93.00,90,"3XS:10|2XS:20|XS:20|S:10|M:10|L:10|XL:10"
250046,"2022-09-15 08:39:53.45","#SEA021",50.00,68.00,93.00,120.90,"2023-03-31","129334472","PO",4,,,,"","ALMA","SEA021A1",30025,8002,"2023-03-31","2023-04-30","USD",93.00,90,"3XS:10|2XS:20|XS:20|S:10|M:10|L:10|XL:10"
250047,"2022-09-15 08:39:53.45","#SEA022",50.00,68.00,93.00,120.90,"2023-03-31","129334484","PO",4,,,,"","ALMA","SEA022A0",30026,1002,"2023-03-31","2023-04-30","USD",93.00,90,"3XS:10|2XS:20|XS:20|S:10|M:10|L:10|XL:10"
250048,"2022-09-15 08:39:53.45","#SEA023",50.00,68.00,93.00,120.90,"2023-03-31","129334484","PO",4,,,,"","ALMA","SEA023A1",30027,1016,"2023-03-31","2023-04-30","USD",93.00,90,"3XS:10|2XS:20|XS:20|S:10|M:10|L:10|XL:10"
250049,"2022-09-15 08:39:53.45","#SEA024",50.00,68.00,93.00,120.90,"2023-03-31","129334484","PO",4,,,,"","ALMA","SEA024A0",30066,3002,"2023-03-31","2023-04-30","USD",93.00,90,"3XS:10|2XS:20|XS:20|S:10|M:10|L:10|XL:10"
250050,"2022-09-15 08:39:53.45","#SEA025",50.00,68.00,93.00,120.90,"2023-03-31","129334484","PO",4,,,,"","ALMA","SEA025A1",30067,4002,"2023-03-31","2023-04-30","USD",93.00,90,"3XS:10|2XS:20|XS:20|S:10|M:10|L:10|XL:10"
250051,"2022-09-15 08:39:53.45","#SEA026",50.00,68.00,93.00,120.90,"2023-03-31","129334484","PO",4,,,,"","ALMA","SEA026A1",30068,5002,"2023-03-31","2023-04-30","USD",93.00,90,"3XS:10|2XS:20|XS:20|S:10|M:10|L:10|XL:10"
250052,"2022-09-15 08:39:53.45","#SEA027",50.00,68.00,93.00,120.90,"2023-03-31","129334484","PO",4,,,,"","ALMA","SEA027A0",30069,6002,"2023-03-31","2023-04-30","USD",93.00,90,"3XS:10|2XS:20|XS:20|S:10|M:10|L:10|XL:10"
250053,"2022-09-15 08:39:53.45","#SEA028",50.00,68.00,93.00,120.90,"2023-03-31","129334484","PO",4,,,,"","ALMA","SEA028A1",30070,8002,"2023-03-31","2023-04-30","USD",93.00,90,"3XS:10|2XS:20|XS:20|S:10|M:10|L:10|XL:10"
250054,"2022-09-15 08:39:53.45","#SEA029",50.00,68.00,93.00,120.90,"2023-03-31","129334487","PO",4,,,,"","ALMA","SEA029A0",30071,1002,"2023-03-31","2023-04-30","USD",93.00,90,"3XS:10|2XS:20|XS:20|S:10|M:10|L:10|XL:10"
250055,"2022-09-15 08:39:53.45","#SEA030",50.00,68.00,93.00,120.90,"2023-03-31","129334487","PO",4,,,,"","ALMA","SEA030A1",30072,1016,"2023-03-31","2023-04-30","USD",93.00,90,"3XS:10|2XS:20|XS:20|S:10|M:10|L:10|XL:10"
250056,"2022-09-15 08:39:53.45","#SEA031",50.00,68.00,93.00,120.90,"2023-03-31","129334487","PO",4,,,,"","ALMA","SEA031A1",30073,3002,"2023-03-31","2023-04-30","USD",93.00,90,"3XS:10|2XS:20|XS:20|S:10|M:10|L:10|XL:10"
250057,"2022-09-15 08:39:53.45","#SEA032",50.00,68.00,93.00,120.90,"2023-03-31","129334487","PO",4,,,,"","ALMA","SEA032A0",30029,4002,"2023-03-31","2023-04-30","USD",93.00,90,"3XS:10|2XS:20|XS:20|S:10|M:10|L:10|XL:10"
250058,"2022-09-15 08:39:53.45","#SEA033",50.00,68.00,93.00,120.90,"2023-03-31","129334487","PO",4,,,,"","ALMA","SEA033A1",30013,5002,"2023-03-31","2023-04-30","USD",93.00,90,"3XS:10|2XS:20|XS:20|S:10|M:10|L:10|XL:10"
250059,"2022-09-15 08:39:53.45","#SEA034",50.00,68.00,93.00,120.90,"2023-03-31","129334487","PO",4,,,,"","ALMA","SEA034A0",30022,6002,"2023-03-31","2023-04-30","USD",93.00,90,"3XS:10|2XS:20|XS:20|S:10|M:10|L:10|XL:10"
250060,"2022-09-15 08:39:53.45","#SEA035",50.00,68.00,93.00,120.90,"2023-03-31","129334487","PO",4,,,,"","ALMA","SEA035A1",30045,8002,"2023-03-31","2023-04-30","USD",93.00,90,"3XS:10|2XS:20|XS:20|S:10|M:10|L:10|XL:10"
250061,"2022-09-15 08:39:53.45","#SEA036",50.00,68.00,93.00,120.90,"2023-03-31","129334492","PO",4,,,,"","ALMA","SEA036A1",30046,1002,"2023-03-31","2023-04-30","USD",93.00,90,"3XS:10|2XS:20|XS:20|S:10|M:10|L:10|XL:10"
250062,"2022-09-15 08:39:53.45","#SEA037",50.00,68.00,93.00,120.90,"2023-03-31","129334492","PO",4,,,,"","ALMA","SEA037A0",30047,1016,"2023-03-31","2023-04-30","USD",93.00,90,"3XS:10|2XS:20|XS:20|S:10|M:10|L:10|XL:10"
250063,"2022-09-15 08:39:53.45","#SEA038",50.00,68.00,93.00,120.90,"2023-03-31","129334492","PO",4,,,,"","ALMA","SEA038A1",30065,3002,"2023-03-31","2023-04-30","USD",93.00,90,"3XS:10|2XS:20|XS:20|S:10|M:10|L:10|XL:10"
250064,"2022-09-15 08:39:53.45","#SEA039",50.00,68.00,93.00,120.90,"2023-03-31","129334492","PO",4,,,,"","ALMA","SEA039A0",30074,4002,"2023-03-31","2023-04-30","USD",93.00,90,"3XS:10|2XS:20|XS:20|S:10|M:10|L:10|XL:10"
250065,"2022-09-15 08:39:53.45","#SEA040",50.00,68.00,93.00,120.90,"2023-03-31","129334492","PO",4,,,,"","ALMA","SEA040A1",30075,5002,"2023-03-31","2023-04-30","USD",93.00,90,"3XS:10|2XS:20|XS:20|S:10|M:10|L:10|XL:10"
250066,"2022-09-15 08:39:53.45","#SEA041",50.00,68.00,93.00,120.90,"2023-03-31","129334492","PO",4,,,,"","ALMA","SEA041A1",30025,6002,"2023-03-31","2023-04-30","USD",93.00,90,"3XS:10|2XS:20|XS:20|S:10|M:10|L:10|XL:10"
250067,"2022-09-15 08:39:53.45","#SEA042",50.00,68.00,93.00,120.90,"2023-03-31","129334492","PO",4,,,,"","ALMA","SEA042A0",30026,8002,"2023-03-31","2023-04-30","USD",93.00,90,"3XS:10|2XS:20|XS:20|S:10|M:10|L:10|XL:10"
250068,"2022-09-15 08:39:53.45","#SEA043",50.00,68.00,93.00,120.90,"2023-03-31","129334506","PO",4,,,,"","ALMA","SEA043A1",30027,1002,"2023-03-31","2023-04-30","USD",93.00,90,"3XS:10|2XS:20|XS:20|S:10|M:10|L:10|XL:10"
250069,"2022-09-15 08:39:53.45","#SEA044",50.00,68.00,93.00,120.90,"2023-03-31","129334506","PO",4,,,,"","ALMA","SEA044A0",30066,1016,"2023-03-31","2023-04-30","USD",93.00,90,"3XS:10|2XS:20|XS:20|S:10|M:10|L:10|XL:10"
250070,"2022-09-15 08:39:53.45","#SEA045",50.00,68.00,93.00,120.90,"2023-03-31","129334506","PO",4,,,,"","ALMA","SEA045A1",30067,3002,"2023-03-31","2023-04-30","USD",93.00,90,"3XS:10|2XS:20|XS:20|S:10|M:10|L:10|XL:10"
250071,"2022-09-15 08:39:53.45","#SEA046",50.00,68.00,93.00,120.90,"2023-03-31","129334506","PO",4,,,,"","ALMA","SEA046A1",30068,4002,"2023-03-31","2023-04-30","USD",93.00,90,"3XS:10|2XS:20|XS:20|S:10|M:10|L:10|XL:10"
250072,"2022-09-15 08:39:53.45","#SEA047",50.00,68.00,93.00,120.90,"2023-03-31","129334506","PO",4,,,,"","ALMA","SEA047A0",30069,5002,"2023-03-31","2023-04-30","USD",93.00,90,"3XS:10|2XS:20|XS:20|S:10|M:10|L:10|XL:10"
250073,"2022-09-15 08:39:53.45","#SEA048",50.00,68.00,93.00,120.90,"2023-03-31","129334506","PO",4,,,,"","ALMA","SEA048A1",30070,6002,"2023-03-31","2023-04-30","USD",93.00,90,"3XS:10|2XS:20|XS:20|S:10|M:10|L:10|XL:10"
250074,"2022-09-15 08:39:53.45","#SEA049",50.00,68.00,93.00,120.90,"2023-03-31","129334506","PO",4,,,,"","ALMA","SEA049A0",30071,8002,"2023-03-31","2023-04-30","USD",93.00,90,"3XS:10|2XS:20|XS:20|S:10|M:10|L:10|XL:10"
250075,"2022-09-15 08:39:53.45","#SEA050",50.00,68.00,93.00,120.90,"2023-03-31","129334516","PO",4,,,,"","ALMA","SEA050A1",30072,1002,"2023-03-31","2023-04-30","USD",93.00,90,"3XS:10|2XS:20|XS:20|S:10|M:10|L:10|XL:10"
250076,"2022-09-15 08:39:53.45","#SEA051",50.00,68.00,93.00,120.90,"2023-03-31","129334516","PO",4,,,,"","ALMA","SEA051A1",30073,1016,"2023-03-31","2023-04-30","USD",93.00,90,"3XS:10|2XS:20|XS:20|S:10|M:10|L:10|XL:10"
250077,"2022-09-15 08:39:53.45","#SEA052",50.00,68.00,93.00,120.90,"2023-03-31","129334516","PO",4,,,,"","ALMA","SEA052A0",30029,3002,"2023-03-31","2023-04-30","USD",93.00,90,"3XS:10|2XS:20|XS:20|S:10|M:10|L:10|XL:10"
250078,"2022-09-15 08:39:53.45","#SEA053",50.00,68.00,93.00,120.90,"2023-03-31","129334516","PO",4,,,,"","ALMA","SEA053A1",30013,4002,"2023-03-31","2023-04-30","USD",93.00,90,"3XS:10|2XS:20|XS:20|S:10|M:10|L:10|XL:10"
250079,"2022-09-15 08:39:53.45","#SEA054",50.00,68.00,93.00,120.90,"2023-03-31","129334516","PO",4,,,,"","ALMA","SEA054A0",30022,5002,"2023-03-31","2023-04-30","USD",93.00,90,"3XS:10|2XS:20|XS:20|S:10|M:10|L:10|XL:10"
250080,"2022-09-15 08:39:53.45","#SEA055",50.00,68.00,93.00,120.90,"2023-03-31","129334516","PO",4,,,,"","ALMA","SEA055A1",30045,6002,"2023-03-31","2023-04-30","USD",93.00,90,"3XS:10|2XS:20|XS:20|S:10|M:10|L:10|XL:10"
250081,"2022-09-15 08:39:53.45","#SEA056",50.00,68.00,93.00,120.90,"2023-03-31","129334516","PO",4,,,,"","ALMA","SEA056A1",30046,8002,"2023-03-31","2023-04-30","USD",93.00,90,"3XS:10|2XS:20|XS:20|S:10|M:10|L:10|XL:10"
250082,"2022-09-15 08:39:53.45","#SEA057",50.00,68.00,93.00,120.90,"2023-03-31","129334534","PO",4,,,,"","ALMA","SEA057A0",30047,1002,"2023-03-31","2023-04-30","USD",93.00,90,"3XS:10|2XS:20|XS:20|S:10|M:10|L:10|XL:10"
250083,"2022-09-15 08:39:53.45","#SEA058",50.00,68.00,93.00,120.90,"2023-03-31","129334534","PO",4,,,,"","ALMA","SEA058A1",30065,1016,"2023-03-31","2023-04-30","USD",93.00,90,"3XS:10|2XS:20|XS:20|S:10|M:10|L:10|XL:10"
250084,"2022-09-15 08:39:53.45","#SEA059",50.00,68.00,93.00,120.90,"2023-03-31","129334534","PO",4,,,,"","ALMA","SEA059A0",30074,3002,"2023-03-31","2023-04-30","USD",93.00,90,"3XS:10|2XS:20|XS:20|S:10|M:10|L:10|XL:10"
250085,"2022-09-15 08:39:53.45","#SEA060",50.00,68.00,93.00,120.90,"2023-03-31","129334534","PO",4,,,,"","ALMA","SEA060A1",30075,4002,"2023-03-31","2023-04-30","USD",93.00,90,"3XS:10|2XS:20|XS:20|S:10|M:10|L:10|XL:10"
250086,"2022-09-15 08:39:53.45","#SEA061",50.00,68.00,93.00,120.90,"2023-03-31","129334534","PO",4,,,,"","ALMA","SEA061A1",30025,5002,"2023-03-31","2023-04-30","USD",93.00,90,"3XS:10|2XS:20|XS:20|S:10|M:10|L:10|XL:10"
250087,"2022-09-15 08:39:53.45","#SEA062",50.00,68.00,93.00,120.90,"2023-03-31","129334534","PO",4,,,,"","ALMA","SEA062A0",30026,6002,"2023-03-31","2023-04-30","USD",93.00,90,"3XS:10|2XS:20|XS:20|S:10|M:10|L:10|XL:10"
250088,"2022-09-15 08:39:53.45","#SEA063",50.00,68.00,93.00,120.90,"2023-03-31","129334534","PO",4,,,,"","ALMA","SEA063A1",30027,8002,"2023-03-31","2023-04-30","USD",93.00,90,"3XS:10|2XS:20|XS:20|S:10|M:10|L:10|XL:10"
250089,"2022-09-15 08:39:53.45","#SEA064",50.00,68.00,93.00,120.90,"2023-03-31","129334535","PO",4,,,,"","ALMA","SEA064A0",30066,1002,"2023-03-31","2023-04-30","USD",93.00,90,"3XS:10|2XS:20|XS:20|S:10|M:10|L:10|XL:10"
250090,"2022-09-15 08:39:53.45","#SEA065",50.00,68.00,93.00,120.90,"2023-03-31","129334535","PO",4,,,,"","ALMA","SEA065A1",30067,1016,"2023-03-31","2023-04-30","USD",93.00,90,"3XS:10|2XS:20|XS:20|S:10|M:10|L:10|XL:10"
250091,"2022-09-15 08:39:53.45","#SEA066",50.00,68.00,93.00,120.90,"2023-03-31","129334535","PO",4,,,,"","ALMA","SEA066A1",30068,3002,"2023-03-31","2023-04-30","USD",93.00,90,"3XS:10|2XS:20|XS:20|S:10|M:10|L:10|XL:10"
250092,"2022-09-15 08:39:53.45","#SEA067",50.00,68.00,93.00,120.90,"2023-03-31","129334535","PO",4,,,,"","ALMA","SEA067A0",30069,4002,"2023-03-31","2023-04-30","USD",93.00,90,"3XS:10|2XS:20|XS:20|S:10|M:10|L:10|XL:10"
250093,"2022-09-15 08:39:53.45","#SEA068",50.00,68.00,93.00,120.90,"2023-03-31","129334535","PO",4,,,,"","ALMA","SEA068A1",30070,5002,"2023-03-31","2023-04-30","USD",93.00,90,"3XS:10|2XS:20|XS:20|S:10|M:10|L:10|XL:10"
250094,"2022-09-15 08:39:53.45","#SEA069",50.00,68.00,93.00,120.90,"2023-03-31","129334535","PO",4,,,,"","ALMA","SEA069A0",30071,6002,"2023-03-31","2023-04-30","USD",93.00,90,"3XS:10|2XS:20|XS:20|S:10|M:10|L:10|XL:10"
250095,"2022-09-15 08:39:53.45","#SEA070",50.00,68.00,93.00,120.90,"2023-03-31","129334535","PO",4,,,,"","ALMA","SEA070A1",30072,8002,"2023-03-31","2023-04-30","USD",93.00,90,"3XS:10|2XS:20|XS:20|S:10|M:10|L:10|XL:10"
250096,"2022-09-15 08:39:53.45","#SEA071",50.00,68.00,93.00,120.90,"2023-03-31","129334583","PO",4,,,,"","ALMA","SEA071A1",30073,1002,"2023-03-31","2023-04-30","USD",93.00,90,"3XS:10|2XS:20|XS:20|S:10|M:10|L:10|XL:10"
250097,"2022-09-15 08:39:53.45","#SEA072",50.00,68.00,93.00,120.90,"2023-03-31","129334583","PO",4,,,,"","ALMA","SEA072A0",30029,1016,"2023-03-31","2023-04-30","USD",93.00,90,"3XS:10|2XS:20|XS:20|S:10|M:10|L:10|XL:10"
250098,"2022-09-15 08:39:53.45","#SEA073",50.00,68.00,93.00,120.90,"2023-03-31","129334583","PO",4,,,,"","ALMA","SEA073A1",30013,3002,"2023-03-31","2023-04-30","USD",93.00,90,"3XS:10|2XS:20|XS:20|S:10|M:10|L:10|XL:10"
250099,"2022-09-15 08:39:53.45","#SEA074",50.00,68.00,93.00,120.90,"2023-03-31","129334583","PO",4,,,,"","ALMA","SEA074A0",30022,4002,"2023-03-31","2023-04-30","USD",93.00,90,"3XS:10|2XS:20|XS:20|S:10|M:10|L:10|XL:10"
250100,"2022-09-15 08:39:53.45","#SEA075",50.00,68.00,93.00,120.90,"2023-03-31","129334583","PO",4,,,,"","ALMA","SEA075A1",30045,5002,"2023-03-31","2023-04-30","USD",93.00,90,"3XS:10|2XS:20|XS:20|S:10|M:10|L:10|XL:10"
250101,"2022-09-15 08:39:53.45","#SEA076",50.00,68.00,93.00,120.90,"2023-03-31","129334583","PO",4,,,,"","ALMA","SEA076A1",30046,6002,"2023-03-31","2023-04-30","USD",93.00,90,"3XS:10|2XS:20|XS:20|S:10|M:10|L:10|XL:10"
250102,"2022-09-15 08:39:53.45","#SEA077",50.00,68.00,93.00,120.90,"2023-03-31","129334583","PO",4,,,,"","ALMA","SEA077A0",30047,8002,"2023-03-31","2023-04-30","USD",93.00,90,"3XS:10|2XS:20|XS:20|S:10|M:10|L:10|XL:10"
250103,"2022-09-15 08:39:53.45","#SEA078",50.00,68.00,93.00,120.90,"2023-03-31","129334588","PO",4,,,,"","ALMA","SEA078A1",30065,1002,"2023-03-31","2023-04-30","USD",93.00,90,"3XS:10|2XS:20|XS:20|S:10|M:10|L:10|XL:10"
250104,"2022-09-15 08:39:53.45","#SEA079",50.00,68.00,93.00,120.90,"2023-03-31","129334588","PO",4,,,,"","ALMA","SEA079A0",30074,1016,"2023-03-31","2023-04-30","USD",93.00,90,"3XS:10|2XS:20|XS:20|S:10|M:10|L:10|XL:10"
250105,"2022-09-15 08:39:53.45","#SEA080",50.00,68.00,93.00,120.90,"2023-03-31","129334588","PO",4,,,,"","ALMA","SEA080A1",30075,3002,"2023-03-31","2023-04-30","USD",93.00,90,"3XS:10|2XS:20|XS:20|S:10|M:10|L:10|XL:10"
250106,"2022-09-15 08:39:53.45","#SEA081",50.00,68.00,93.00,120.90,"2023-03-31","129334588","PO",4,,,,"","ALMA","SEA081A1",30025,4002,"2023-03-31","2023-04-30","USD",93.00,90,"3XS:10|2XS:20|XS:20|S:10|M:10|L:10|XL:10"
250107,"2022-09-15 08:39:53.45","#SEA082",50.00,68.00,93.00,120.90,"2023-03-31","129334588","PO",4,,,,"","ALMA","SEA082A0",30026,5002,"2023-03-31","2023-04-30","USD",93.00,90,"3XS:10|2XS:20|XS:20|S:10|M:10|L:10|XL:10"
250108,"2022-09-15 08:39:53.45","#SEA083",50.00,68.00,93.00,120.90,"2023-03-31","129334588","PO",4,,,,"","ALMA","SEA083A1",30027,6002,"2023-03-31","2023-04-30","USD",93.00,90,"3XS:10|2XS:20|XS:20|S:10|M:10|L:10|XL:10"
250109,"2022-09-15 08:39:53.45","#SEA084",50.00,68.00,93.00,120.90,"2023-03-31","129334588","PO",4,,,,"","ALMA","SEA084A0",30066,8002,"2023-03-31","2023-04-30","USD",93.00,90,"3XS:10|2XS:20|XS:20|S:10|M:10|L:10|XL:10"
250110,"2022-09-15 08:39:53.45","#SEA085",50.00,68.00,93.00,120.90,"2023-03-31","129334602","PO",4,,,,"","ALMA","SEA085A1",30067,1002,"2023-03-31","2023-04-30","USD",93.00,90,"3XS:10|2XS:20|XS:20|S:10|M:10|L:10|XL:10"
250111,"2022-09-15 08:39:53.45","#SEA086",50.00,68.00,93.00,120.90,"2023-03-31","129334602","PO",4,,,,"","ALMA","SEA086A1",30068,1016,"2023-03-31","2023-04-30","USD",93.00,90,"3XS:10|2XS:20|XS:20|S:10|M:10|L:10|XL:10"
250112,"2022-09-15 08:39:53.45","#SEA087",50.00,68.00,93.00,120.90,"2023-03-31","129334602","PO",4,,,,"","ALMA","SEA087A0",30069,3002,"2023-03-31","2023-04-30","USD",93.00,90,"3XS:10|2XS:20|XS:20|S:10|M:10|L:10|XL:10"
250113,"2022-09-15 08:39:53.45","#SEA088",50.00,68.00,93.00,120.90,"2023-03-31","129334602","PO",4,,,,"","ALMA","SEA088A1",30070,4002,"2023-03-31","2023-04-30","USD",93.00,90,"3XS:10|2XS:20|XS:20|S:10|M:10|L:10|XL:10"
250114,"2022-09-15 08:39:53.45","#SEA089",50.00,68.00,93.00,120.90,"2023-03-31","129334602","PO",4,,,,"","ALMA","SEA089A0",30071,5002,"2023-03-31","2023-04-30","USD",93.00,90,"3XS:10|2XS:20|XS:20|S:10|M:10|L:10|XL:10"
250115,"2022-09-15 08:39:53.45","#SEA090",50.00,68.00,93.00,120.90,"2023-03-31","129334602","PO",4,,,,"","ALMA","SEA090A1",30072,6002,"2023-03-31","2023-04-30","USD",93.00,90,"3XS:10|2XS:20|XS:20|S:10|M:10|L:10|XL:10"
250116,"2022-09-15 08:39:53.45","#SEA091",50.00,68.00,93.00,120.90,"2023-03-31","129334602","PO",4,,,,"","ALMA","SEA091A1",30073,8002,"2023-03-31","2023-04-30","USD",93.00,90,"3XS:10|2XS:20|XS:20|S:10|M:10|L:10|XL:10"
250117,"2022-09-15 08:39:53.45","#SEA092",50.00,68.00,93.00,120.90,"2023-03-31","129334604","PO",4,,,,"","ALMA","SEA092A0",30029,1002,"2023-03-31","2023-04-30","USD",93.00,90,"3XS:10|2XS:20|XS:20|S:10|M:10|L:10|XL:10"
250118,"2022-09-15 08:39:53.45","#SEA093",50.00,68.00,93.00,120.90,"2023-03-31","129334604","PO",4,,,,"","ALMA","SEA093A1",30013,1016,"2023-03-31","2023-04-30","USD",93.00,90,"3XS:10|2XS:20|XS:20|S:10|M:10|L:10|XL:10"
250119,"2022-09-15 08:39:53.45","#SEA094",50.00,68.00,93.00,120.90,"2023-03-31","129334604","PO",4,,,,"","ALMA","SEA094A0",30022,3002,"2023-03-31","2023-04-30","USD",93.00,90,"3XS:10|2XS:20|XS:20|S:10|M:10|L:10|XL:10"
250120,"2022-09-15 08:39:53.45","#SEA095",50.00,68.00,93.00,120.90,"2023-03-31","129334604","PO",4,,,,"","ALMA","SEA095A1",30045,4002,"2023-03-31","2023-04-30","USD",93.00,90,"3XS:10|2XS:20|XS:20|S:10|M:10|L:10|XL:10"
250121,"2022-09-15 08:39:53.45","#SEA096",50.00,68.00,93.00,120.90,"2023-03-31","129334604","PO",4,,,,"","ALMA","SEA096A1",30046,5002,"2023-03-31","2023-04-30","USD",93.00,90,"3XS:10|2XS:20|XS:20|S:10|M:10|L:10|XL:10"
250122,"2022-09-15 08:39:53.45","#SEA097",50.00,68.00,93.00,120.90,"2023-03-31","129334604","PO",4,,,,"","ALMA","SEA097A0",30047,6002,"2023-03-31","2023-04-30","USD",93.00,90,"3XS:10|2XS:20|XS:20|S:10|M:10|L:10|XL:10"
250123,"2022-09-15 08:39:53.45","#SEA098",50.00,68.00,93.00,120.90,"2023-03-31","129334604","PO",4,,,,"","ALMA","SEA098A1",30065,8002,"2023-03-31","2023-04-30","USD",93.00,90,"3XS:10|2XS:20|XS:20|S:10|M:10|L:10|XL:10"
250124,"2022-09-15 08:39:53.45","#SEA099",50.00,68.00,93.00,120.90,"2023-03-31","129334605","PO",4,,,,"","ALMA","SEA099A0",30074,1002,"2023-03-31","2023-04-30","USD",93.00,90,"3XS:10|2XS:20|XS:20|S:10|M:10|L:10|XL:10"
250125,"2022-09-15 08:39:53.45","#SEA100",50.00,68.00,93.00,120.90,"2023-03-31","129334605","PO",4,,,,"","ALMA","SEA100A1",30075,1016,"2023-03-31","2023-04-30","USD",93.00,90,"3XS:10|2XS:20|XS:20|S:10|M:10|L:10|XL:10"
250126,"2022-09-15 08:39:53.45","#SEA101",50.00,68.00,93.00,120.90,"2023-03-31","129334605","PO",4,,,,"","ALMA","SEA101A1",30025,3002,"2023-03-31","2023-04-30","USD",93.00,90,"3XS:10|2XS:20|XS:20|S:10|M:10|L:10|XL:10"
250127,"2022-09-15 08:39:53.45","#SEA102",50.00,68.00,93.00,120.90,"2023-03-31","129334605","PO",4,,,,"","ALMA","SEA102A0",30026,4002,"2023-03-31","2023-04-30","USD",93.00,90,"3XS:10|2XS:20|XS:20|S:10|M:10|L:10|XL:10"
250128,"2022-09-15 08:39:53.45","#SEA103",50.00,68.00,93.00,120.90,"2023-03-31","129334605","PO",4,,,,"","ALMA","SEA103A1",30027,5002,"2023-03-31","2023-04-30","USD",93.00,90,"3XS:10|2XS:20|XS:20|S:10|M:10|L:10|XL:10"
250129,"2022-09-15 08:39:53.45","#SEA104",50.00,68.00,93.00,120.90,"2023-03-31","129334605","PO",4,,,,"","ALMA","SEA104A0",30066,6002,"2023-03-31","2023-04-30","USD",93.00,90,"3XS:10|2XS:20|XS:20|S:10|M:10|L:10|XL:10"
250130,"2022-09-15 08:39:53.45","#SEA105",50.00,68.00,93.00,120.90,"2023-03-31","129334605","PO",4,,,,"","ALMA","SEA105A1",30067,8002,"2023-03-31","2023-04-30","USD",93.00,90,"3XS:10|2XS:20|XS:20|S:10|M:10|L:10|XL:10"
250131,"2022-09-15 08:39:53.45","#SEA106",50.00,68.00,93.00,120.90,"2023-03-31","129334629","PO",4,,,,"","ALMA","SEA106A1",30068,1002,"2023-03-31","2023-04-30","USD",93.00,90,"3XS:10|2XS:20|XS:20|S:10|M:10|L:10|XL:10"
250132,"2022-09-15 08:39:53.45","#SEA107",50.00,68.00,93.00,120.90,"2023-03-31","129334629","PO",4,,,,"","ALMA","SEA107A0",30069,1016,"2023-03-31","2023-04-30","USD",93.00,90,"3XS:10|2XS:20|XS:20|S:10|M:10|L:10|XL:10"
250133,"2022-09-15 08:39:53.45","#SEA108",50.00,68.00,93.00,120.90,"2023-03-31","129334629","PO",4,,,,"","ALMA","SEA108A1",30070,3002,"2023-03-31","2023-04-30","USD",93.00,90,"3XS:10|2XS:20|XS:20|S:10|M:10|L:10|XL:10"
250134,"2022-09-15 08:39:53.45","#SEA109",50.00,68.00,93.00,120.90,"2023-03-31","129334629","PO",4,,,,"","ALMA","SEA109A0",30071,4002,"2023-03-31","2023-04-30","USD",93.00,90,"3XS:10|2XS:20|XS:20|S:10|M:10|L:10|XL:10"
250135,"2022-09-15 08:39:53.45","#SEA110",50.00,68.00,93.00,120.90,"2023-03-31","129334629","PO",4,,,,"","ALMA","SEA110A1",30072,5002,"2023-03-31","2023-04-30","USD",93.00,90,"3XS:10|2XS:20|XS:20|S:10|M:10|L:10|XL:10"
250136,"2022-09-15 08:39:53.45","#SEA111",50.00,68.00,93.00,120.90,"2023-03-31","129334629","PO",4,,,,"","ALMA","SEA111A1",30073,6002,"2023-03-31","2023-04-30","USD",93.00,90,"3XS:10|2XS:20|XS:20|S:10|M:10|L:10|XL:10"
250137,"2022-09-15 08:39:53.45","#SEA112",50.00,68.00,93.00,120.90,"2023-03-31","129334629","PO",4,,,,"","ALMA","SEA112A0",30029,8002,"2023-03-31","2023-04-30","USD",93.00,90,"3XS:10|2XS:20|XS:20|S:10|M:10|L:10|XL:10"
250138,"2022-09-15 08:39:53.45","#SEA113",50.00,68.00,93.00,120.90,"2023-03-31","129334639","PO",4,,,,"","ALMA","SEA113A1",30013,1002,"2023-03-31","2023-04-30","USD",93.00,90,"3XS:10|2XS:20|XS:20|S:10|M:10|L:10|XL:10"
250139,"2022-09-15 08:39:53.45","#SEA114",50.00,68.00,93.00,120.90,"2023-03-31","129334639","PO",4,,,,"","ALMA","SEA114A0",30022,1016,"2023-03-31","2023-04-30","USD",93.00,90,"3XS:10|2XS:20|XS:20|S:10|M:10|L:10|XL:10"
250140,"2022-09-15 08:39:53.45","#SEA115",50.00,68.00,93.00,120.90,"2023-03-31","129334639","PO",4,,,,"","ALMA","SEA115A1",30045,3002,"2023-03-31","2023-04-30","USD",93.00,90,"3XS:10|2XS:20|XS:20|S:10|M:10|L:10|XL:10"
250141,"2022-09-15 08:39:53.45","#SEA116",50.00,68.00,93.00,120.90,"2023-03-31","129334639","PO",4,,,,"","ALMA","SEA116A1",30046,4002,"2023-03-31","2023-04-30","USD",93.00,90,"3XS:10|2XS:20|XS:20|S:10|M:10|L:10|XL:10"
250142,"2022-09-15 08:39:53.45","#SEA117",50.00,68.00,93.00,120.90,"2023-03-31","129334639","PO",4,,,,"","ALMA","SEA117A0",30047,5002,"2023-03-31","2023-04-30","USD",93.00,90,"3XS:10|2XS:20|XS:20|S:10|M:10|L:10|XL:10"
250143,"2022-09-15 08:39:53.45","#SEA118",50.00,68.00,93.00,120.90,"2023-03-31","129334639","PO",4,,,,"","ALMA","SEA118A1",30065,6002,"2023-03-31","2023-04-30","USD",93.00,90,"3XS:10|2XS:20|XS:20|S:10|M:10|L:10|XL:10"
250144,"2022-09-15 08:39:53.45","#SEA119",50.00,68.00,93.00,120.90,"2023-03-31","129334639","PO",4,,,,"","ALMA","SEA119A0",30074,8002,"2023-03-31","2023-04-30","USD",93.00,90,"3XS:10|2XS:20|XS:20|S:10|M:10|L:10|XL:10"
250145,"2022-09-15 08:39:53.45","#SEA120",50.00,68.00,93.00,120.90,"2023-03-31","129334642","PO",4,,,,"","ALMA","SEA120A1",30075,1002,"2023-03-31","2023-04-30","USD",93.00,90,"3XS:10|2XS:20|XS:20|S:10|M:10|L:10|XL:10"
250146,"2022-09-15 08:39:53.45","#SEA121",50.00,68.00,93.00,120.90,"2023-03-31","129334642","PO",4,,,,"","ALMA","SEA121A1",30025,1016,"2023-03-31","2023-04-30","USD",93.00,90,"3XS:10|2XS:20|XS:20|S:10|M:10|L:10|XL:10"
250147,"2022-09-15 08:39:53.45","#SEA122",50.00,68.00,93.00,120.90,"2023-03-31","129334642","PO",4,,,,"","ALMA","SEA122A0",30026,3002,"2023-03-31","2023-04-30","USD",93.00,90,"3XS:10|2XS:20|XS:20|S:10|M:10|L:10|XL:10"
250148,"2022-09-15 08:39:53.45","#SEA123",50.00,68.00,93.00,120.90,"2023-03-31","129334642","PO",4,,,,"","ALMA","SEA123A1",30027,4002,"2023-03-31","2023-04-30","USD",93.00,90,"3XS:10|2XS:20|XS:20|S:10|M:10|L:10|XL:10"
250149,"2022-09-15 08:39:53.45","#SEA124",50.00,68.00,93.00,120.90,"2023-03-31","129334642","PO",4,,,,"","ALMA","SEA124A0",30066,5002,"2023-03-31","2023-04-30","USD",93.00,90,"3XS:10|2XS:20|XS:20|S:10|M:10|L:10|XL:10"
250150,"2022-09-15 08:39:53.45","#SEA125",50.00,68.00,93.00,120.90,"2023-03-31","129334642","PO",4,,,,"","ALMA","SEA125A1",30067,6002,"2023-03-31","2023-04-30","USD",93.00,90,"3XS:10|2XS:20|XS:20|S:10|M:10|L:10|XL:10"
250151,"2022-09-15 08:39:53.45","#SEA126",50.00,68.00,93.00,120.90,"2023-03-31","129334642","PO",4,,,,"","ALMA","SEA126A1",30068,8002,"2023-03-31","2023-04-30","USD",93.00,90,"3XS:10|2XS:20|XS:20|S:10|M:10|L:10|XL:10"
250152,"2022-09-15 08:39:53.45","#SEA127",50.00,68.00,93.00,120.90,"2023-03-31","129334644","PO",4,,,,"","ALMA","SEA127A0",30069,1002,"2023-03-31","2023-04-30","USD",93.00,90,"3XS:10|2XS:20|XS:20|S:10|M:10|L:10|XL:10"
250153,"2022-09-15 08:39:53.45","#SEA128",50.00,68.00,93.00,120.90,"2023-03-31","129334644","PO",4,,,,"","ALMA","SEA128A1",30070,1016,"2023-03-31","2023-04-30","USD",93.00,90,"3XS:10|2XS:20|XS:20|S:10|M:10|L:10|XL:10"
250154,"2022-09-15 08:39:53.45","#SEA129",50.00,68.00,93.00,120.90,"2023-03-31","129334644","PO",4,,,,"","ALMA","SEA129A0",30071,3002,"2023-03-31","2023-04-30","USD",93.00,90,"3XS:10|2XS:20|XS:20|S:10|M:10|L:10|XL:10"
250155,"2022-09-15 08:39:53.45","#SEA130",50.00,68.00,93.00,120.90,"2023-03-31","129334644","PO",4,,,,"","ALMA","SEA130A1",30072,4002,"2023-03-31","2023-04-30","USD",93.00,90,"3XS:10|2XS:20|XS:20|S:10|M:10|L:10|XL:10"
250156,"2022-09-15 08:39:53.45","#SEA131",50.00,68.00,93.00,120.90,"2023-03-31","129334644","PO",4,,,,"","ALMA","SEA131A1",30073,5002,"2023-03-31","2023-04-30","USD",93.00,90,"3XS:10|2XS:20|XS:20|S:10|M:10|L:10|XL:10"
250157,"2022-09-15 08:39:53.45","#SEA132",50.00,68.00,93.00,120.90,"2023-03-31","129334644","PO",4,,,,"","ALMA","SEA132A0",30029,6002,"2023-03-31","2023-04-30","USD",93.00,90,"3XS:10|2XS:20|XS:20|S:10|M:10|L:10|XL:10"
250158,"2022-09-15 08:39:53.45","#SEA133",50.00,68.00,93.00,120.90,"2023-03-31","129334644","PO",4,,,,"","ALMA","SEA133A1",30013,8002,"2023-03-31","2023-04-30","USD",93.00,90,"3XS:10|2XS:20|XS:20|S:10|M:10|L:10|XL:10"
250159,"2022-09-15 08:39:53.45","#SEA134",50.00,68.00,93.00,120.90,"2023-03-31","129334649","PO",4,,,,"","ALMA","SEA134A0",30022,1002,"2023-03-31","2023-04-30","USD",93.00,90,"3XS:10|2XS:20|XS:20|S:10|M:10|L:10|XL:10"
250160,"2022-09-15 08:39:53.45","#SEA135",50.00,68.00,93.00,120.90,"2023-03-31","129334649","PO",4,,,,"","ALMA","SEA135A1",30045,1016,"2023-03-31","2023-04-30","USD",93.00,90,"3XS:10|2XS:20|XS:20|S:10|M:10|L:10|XL:10"
250161,"2022-09-15 08:39:53.45","#SEA136",50.00,68.00,93.00,120.90,"2023-03-31","129334649","PO",4,,,,"","ALMA","SEA136A1",30046,3002,"2023-03-31","2023-04-30","USD",93.00,90,"3XS:10|2XS:20|XS:20|S:10|M:10|L:10|XL:10"
250162,"2022-09-15 08:39:53.45","#SEA137",50.00,68.00,93.00,120.90,"2023-03-31","129334649","PO",4,,,,"","ALMA","SEA137A0",30047,4002,"2023-03-31","2023-04-30","USD",93.00,90,"3XS:10|2XS:20|XS:20|S:10|M:10|L:10|XL:10"
250163,"2022-09-15 08:39:53.45","#SEA138",50.00,68.00,93.00,120.90,"2023-03-31","129334649","PO",4,,,,"","ALMA","SEA138A1",30065,5002,"2023-03-31","2023-04-30","USD",93.00,90,"3XS:10|2XS:20|XS:20|S:10|M:10|L:10|XL:10"
250164,"2022-09-15 08:39:53.45","#SEA139",50.00,68.00,93.00,120.90,"2023-03-31","129334649","PO",4,,,,"","ALMA","SEA139A0",30074,6002,"2023-03-31","2023-04-30","USD",93.00,90,"3XS:10|2XS:20|XS:20|S:10|M:10|L:10|XL:10"
250165,"2022-09-15 08:39:53.45","#SEA140",50.00,68.00,93.00,120.90,"2023-03-31","129334649","PO",4,,,,"","ALMA","SEA140A1",30075,8002,"2023-03-31","2023-04-30","USD",93.00,90,"3XS:10|2XS:20|XS:20|S:10|M:10|L:10|XL:10"
250166,"2022-09-15 08:39:53.45","#SEA141",50.00,68.00,93.00,120.90,"2023-03-31","129334655","PO",4,,,,"","ALMA","SEA141A1",30025,1002,"2023-03-31","2023-04-30","USD",93.00,90,"3XS:10|2XS:20|XS:20|S:10|M:10|L:10|XL:10"
250167,"2022-09-15 08:39:53.45","#SEA142",50.00,68.00,93.00,120.90,"2023-03-31","129334655","PO",4,,,,"","ALMA","SEA142A0",30026,1016,"2023-03-31","2023-04-30","USD",93.00,90,"3XS:10|2XS:20|XS:20|S:10|M:10|L:10|XL:10"
250168,"2022-09-15 08:39:53.45","#SEA143",50.00,68.00,93.00,120.90,"2023-03-31","129334655","PO",4,,,,"","ALMA","SEA143A1",30027,3002,"2023-03-31","2023-04-30","USD",93.00,90,"3XS:10|2XS:20|XS:20|S:10|M:10|L:10|XL:10"
250169,"2022-09-15 08:39:53.45","#SEA144",50.00,68.00,93.00,120.90,"2023-03-31","129334655","PO",4,,,,"","ALMA","SEA144A0",30066,4002,"2023-03-31","2023-04-30","USD",93.00,90,"3XS:10|2XS:20|XS:20|S:10|M:10|L:10|XL:10"
250170,"2022-09-15 08:39:53.45","#SEA145",50.00,68.00,93.00,120.90,"2023-03-31","129334655","PO",4,,,,"","ALMA","SEA145A1",30067,5002,"2023-03-31","2023-04-30","USD",93.00,90,"3XS:10|2XS:20|XS:20|S:10|M:10|L:10|XL:10"
250171,"2022-09-15 08:39:53.45","#SEA146",50.00,68.00,93.00,120.90,"2023-03-31","129334655","PO",4,,,,"","ALMA","SEA146A1",30068,6002,"2023-03-31","2023-04-30","USD",93.00,90,"3XS:10|2XS:20|XS:20|S:10|M:10|L:10|XL:10"
250172,"2022-09-15 08:39:53.45","#SEA147",50.00,68.00,93.00,120.90,"2023-03-31","129334655","PO",4,,,,"","ALMA","SEA147A0",30069,8002,"2023-03-31","2023-04-30","USD",93.00,90,"3XS:10|2XS:20|XS:20|S:10|M:10|L:10|XL:10"
250173,"2022-09-15 08:39:53.45","#SEA148",50.00,68.00,93.00,120.90,"2023-03-31","129334657","PO",4,,,,"","ALMA","SEA148A1",30070,1002,"2023-03-31","2023-04-30","USD",93.00,90,"3XS:10|2XS:20|XS:20|S:10|M:10|L:10|XL:10"
250174,"2022-09-15 08:39:53.45","#SEA149",50.00,68.00,93.00,120.90,"2023-03-31","129334657","PO",4,,,,"","ALMA","SEA149A0",30071,1016,"2023-03-31","2023-04-30","USD",93.00,90,"3XS:10|2XS:20|XS:20|S:10|M:10|L:10|XL:10"
250175,"2022-09-15 08:39:53.45","#SEA150",50.00,68.00,93.00,120.90,"2023-03-31","129334657","PO",4,,,,"","ALMA","SEA150A1",30072,3002,"2023-03-31","2023-04-30","USD",93.00,90,"3XS:10|2XS:20|XS:20|S:10|M:10|L:10|XL:10"
250176,"2022-09-15 08:39:53.45","#SEA151",50.00,68.00,93.00,120.90,"2023-03-31","129334657","PO",4,,,,"","ALMA","SEA151A1",30073,4002,"2023-03-31","2023-04-30","USD",93.00,90,"3XS:10|2XS:20|XS:20|S:10|M:10|L:10|XL:10"
250177,"2022-09-15 08:39:53.45","#SEA152",50.00,68.00,93.00,120.90,"2023-03-31","129334657","PO",4,,,,"","ALMA","SEA152A0",30029,5002,"2023-03-31","2023-04-30","USD",93.00,90,"3XS:10|2XS:20|XS:20|S:10|M:10|L:10|XL:10"
250178,"2022-09-15 08:39:53.45","#SEA153",50.00,68.00,93.00,120.90,"2023-03-31","129334657","PO",4,,,,"","ALMA","SEA153A1",30013,6002,"2023-03-31","2023-04-30","USD",93.00,90,"3XS:10|2XS:20|XS:20|S:10|M:10|L:10|XL:10"
250179,"2022-09-15 08:39:53.45","#SEA154",50.00,68.00,93.00,120.90,"2023-03-31","129334657","PO",4,,,,"","ALMA","SEA154A0",30022,8002,"2023-03-31","2023-04-30","USD",93.00,90,"3XS:10|2XS:20|XS:20|S:10|M:10|L:10|XL:10"
250180,"2022-09-15 08:39:53.45","#SEA155",50.00,68.00,93.00,120.90,"2023-03-31","129334659","PO",4,,,,"","ALMA","SEA155A1",30045,1002,"2023-03-31","2023-04-30","USD",93.00,90,"3XS:10|2XS:20|XS:20|S:10|M:10|L:10|XL:10"
250181,"2022-09-15 08:39:53.45","#SEA156",50.00,68.00,93.00,120.90,"2023-03-31","129334659","PO",4,,,,"","ALMA","SEA156A1",30046,1016,"2023-03-31","2023-04-30","USD",93.00,90,"3XS:10|2XS:20|XS:20|S:10|M:10|L:10|XL:10"
250182,"2022-09-15 08:39:53.45","#SEA157",50.00,68.00,93.00,120.90,"2023-03-31","129334659","PO",4,,,,"","ALMA","SEA157A0",30047,3002,"2023-03-31","2023-04-30","USD",93.00,90,"3XS:10|2XS:20|XS:20|S:10|M:10|L:10|XL:10"
250183,"2022-09-15 08:39:53.45","#SEA158",50.00,68.00,93.00,120.90,"2023-03-31","129334659","PO",4,,,,"","ALMA","SEA158A1",30065,4002,"2023-03-31","2023-04-30","USD",93.00,90,"3XS:10|2XS:20|XS:20|S:10|M:10|L:10|XL:10"
250184,"2022-09-15 08:39:53.45","#SEA159",50.00,68.00,93.00,120.90,"2023-03-31","129334659","PO",4,,,,"","ALMA","SEA159A0",30074,5002,"2023-03-31","2023-04-30","USD",93.00,90,"3XS:10|2XS:20|XS:20|S:10|M:10|L:10|XL:10"
250185,"2022-09-15 08:39:53.45","#SEA160",50.00,68.00,93.00,120.90,"2023-03-31","129334659","PO",4,,,,"","ALMA","SEA160A1",30075,6002,"2023-03-31","2023-04-30","USD",93.00,90,"3XS:10|2XS:20|XS:20|S:10|M:10|L:10|XL:10"
250186,"2022-09-15 08:39:53.45","#SEA161",50.00,68.00,93.00,120.90,"2023-03-31","129334659","PO",4,,,,"","ALMA","SEA161A1",30025,8002,"2023-03-31","2023-04-30","USD",93.00,90,"3XS:10|2XS:20|XS:20|S:10|M:10|L:10|XL:10"
250187,"2022-09-15 08:39:53.45","#SEA162",50.00,68.00,93.00,120.90,"2023-03-31","129334693","PO",4,,,,"","ALMA","SEA162A0",30026,1002,"2023-03-31","2023-04-30","USD",93.00,90,"3XS:10|2XS:20|XS:20|S:10|M:10|L:10|XL:10"
250188,"2022-09-15 08:39:53.45","#SEA163",50.00,68.00,93.00,120.90,"2023-03-31","129334693","PO",4,,,,"","ALMA","SEA163A1",30027,1016,"2023-03-31","2023-04-30","USD",93.00,90,"3XS:10|2XS:20|XS:20|S:10|M:10|L:10|XL:10"
250189,"2022-09-15 08:39:53.45","#SEA164",50.00,68.00,93.00,120.90,"2023-03-31","129334693","PO",4,,,,"","ALMA","SEA164A0",30066,3002,"2023-03-31","2023-04-30","USD",93.00,90,"3XS:10|2XS:20|XS:20|S:10|M:10|L:10|XL:10"
250190,"2022-09-15 08:39:53.45","#SEA165",50.00,68.00,93.00,120.90,"2023-03-31","129334693","PO",4,,,,"","ALMA","SEA165A1",30067,4002,"2023-03-31","2023-04-30","USD",93.00,90,"3XS:10|2XS:20|XS:20|S:10|M:10|L:10|XL:10"
250191,"2022-09-15 08:39:53.45","#SEA166",50.00,68.00,93.00,120.90,"2023-03-31","129334693","PO",4,,,,"","ALMA","SEA166A1",30068,5002,"2023-03-31","2023-04-30","USD",93.00,90,"3XS:10|2XS:20|XS:20|S:10|M:10|L:10|XL:10"
250192,"2022-09-15 08:39:53.45","#SEA167",50.00,68.00,93.00,120.90,"2023-03-31","129334693","PO",4,,,,"","ALMA","SEA167A0",30069,6002,"2023-03-31","2023-04-30","USD",93.00,90,"3XS:10|2XS:20|XS:20|S:10|M:10|L:10|XL:10"
250193,"2022-09-15 08:39:53.45","#SEA168",50.00,68.00,93.00,120.90,"2023-03-31","129334693","PO",4,,,,"","ALMA","SEA168A1",30070,8002,"2023-03-31","2023-04-30","USD",93.00,90,"3XS:10|2XS:20|XS:20|S:10|M:10|L:10|XL:10"
250194,"2022-09-15 08:39:53.45","#SEA169",50.00,68.00,93.00,120.90,"2023-03-31","129334704","PO",4,,,,"","ALMA","SEA169A0",30071,1002,"2023-03-31","2023-04-30","USD",93.00,90,"3XS:10|2XS:20|XS:20|S:10|M:10|L:10|XL:10"
250195,"2022-09-15 08:39:53.45","#SEA170",50.00,68.00,93.00,120.90,"2023-03-31","129334704","PO",4,,,,"","ALMA","SEA170A1",30072,1016,"2023-03-31","2023-04-30","USD",93.00,90,"3XS:10|2XS:20|XS:20|S:10|M:10|L:10|XL:10"
250196,"2022-09-15 08:39:53.45","#SEA171",50.00,68.00,93.00,120.90,"2023-03-31","129334704","PO",4,,,,"","ALMA","SEA171A1",30073,3002,"2023-03-31","2023-04-30","USD",93.00,90,"3XS:10|2XS:20|XS:20|S:10|M:10|L:10|XL:10"
250197,"2022-09-15 08:39:53.45","#SEA172",50.00,68.00,93.00,120.90,"2023-03-31","129334704","PO",4,,,,"","ALMA","SEA172A0",30029,4002,"2023-03-31","2023-04-30","USD",93.00,90,"3XS:10|2XS:20|XS:20|S:10|M:10|L:10|XL:10"
250198,"2022-09-15 08:39:53.45","#SEA173",50.00,68.00,93.00,120.90,"2023-03-31","129334704","PO",4,,,,"","ALMA","SEA173A1",30013,5002,"2023-03-31","2023-04-30","USD",93.00,90,"3XS:10|2XS:20|XS:20|S:10|M:10|L:10|XL:10"
250199,"2022-09-15 08:39:53.45","#SEA174",50.00,68.00,93.00,120.90,"2023-03-31","129334704","PO",4,,,,"","ALMA","SEA174A0",30022,6002,"2023-03-31","2023-04-30","USD",93.00,90,"3XS:10|2XS:20|XS:20|S:10|M:10|L:10|XL:10"
250200,"2022-09-15 08:39:53.45","#SEA175",50.00,68.00,93.00,120.90,"2023-03-31","129334704","PO",4,,,,"","ALMA","SEA175A1",30045,8002,"2023-03-31","2023-04-30","USD",93.00,90,"3XS:10|2XS:20|XS:20|S:10|M:10|L:10|XL:10"
250201,"2022-09-15 08:39:53.45","#SEA176",50.00,68.00,93.00,120.90,"2023-03-31","129334708","PO",4,,,,"","ALMA","SEA176A1",30046,1002,"2023-03-31","2023-04-30","USD",93.00,90,"3XS:10|2XS:20|XS:20|S:10|M:10|L:10|XL:10"
250202,"2022-09-15 08:39:53.45","#SEA177",50.00,68.00,93.00,120.90,"2023-03-31","129334708","PO",4,,,,"","ALMA","SEA177A0",30047,1016,"2023-03-31","2023-04-30","USD",93.00,90,"3XS:10|2XS:20|XS:20|S:10|M:10|L:10|XL:10"
250203,"2022-09-15 08:39:53.45","#SEA178",50.00,68.00,93.00,120.90,"2023-03-31","129334708","PO",4,,,,"","ALMA","SEA178A1",30065,3002,"2023-03-31","2023-04-30","USD",93.00,90,"3XS:10|2XS:20|XS:20|S:10|M:10|L:10|XL:10"
250204,"2022-09-15 08:39:53.45","#SEA179",50.00,68.00,93.00,120.90,"2023-03-31","129334708","PO",4,,,,"","ALMA","SEA179A0",30074,4002,"2023-03-31","2023-04-30","USD",93.00,90,"3XS:10|2XS:20|XS:20|S:10|M:10|L:10|XL:10"
250205,"2022-09-15 08:39:53.45","#SEA180",50.00,68.00,93.00,120.90,"2023-03-31","129334708","PO",4,,,,"","ALMA","SEA180A1",30075,5002,"2023-03-31","2023-04-30","USD",93.00,90,"3XS:10|2XS:20|XS:20|S:10|M:10|L:10|XL:10"
250206,"2022-09-15 08:39:53.45","#SEA181",50.00,68.00,93.00,120.90,"2023-03-31","129334708","PO",4,,,,"","ALMA","SEA181A1",30025,6002,"2023-03-31","2023-04-30","USD",93.00,90,"3XS:10|2XS:20|XS:20|S:10|M:10|L:10|XL:10"
250207,"2022-09-15 08:39:53.45","#SEA182",50.00,68.00,93.00,120.90,"2023-03-31","129334708","PO",4,,,,"","ALMA","SEA182A0",30026,8002,"2023-03-31","2023-04-30","USD",93.00,90,"3XS:10|2XS:20|XS:20|S:10|M:10|L:10|XL:10"
250208,"2022-09-15 08:39:53.45","#SEA183",50.00,68.00,93.00,120.90,"2023-03-31","129334710","PO",4,,,,"","ALMA","SEA183A1",30027,1002,"2023-03-31","2023-04-30","USD",93.00,90,"3XS:10|2XS:20|XS:20|S:10|M:10|L:10|XL:10"
250209,"2022-09-15 08:39:53.45","#SEA184",50.00,68.00,93.00,120.90,"2023-03-31","129334710","PO",4,,,,"","ALMA","SEA184A0",30066,1016,"2023-03-31","2023-04-30","USD",93.00,90,"3XS:10|2XS:20|XS:20|S:10|M:10|L:10|XL:10"
250210,"2022-09-15 08:39:53.45","#SEA185",50.00,68.00,93.00,120.90,"2023-03-31","129334710","PO",4,,,,"","ALMA","SEA185A1",30067,3002,"2023-03-31","2023-04-30","USD",93.00,90,"3XS:10|2XS:20|XS:20|S:10|M:10|L:10|XL:10"
250211,"2022-09-15 08:39:53.45","#SEA186",50.00,68.00,93.00,120.90,"2023-03-31","129334710","PO",4,,,,"","ALMA","SEA186A1",30068,4002,"2023-03-31","2023-04-30","USD",93.00,90,"3XS:10|2XS:20|XS:20|S:10|M:10|L:10|XL:10"
250212,"2022-09-15 08:39:53.45","#SEA187",50.00,68.00,93.00,120.90,"2023-03-31","129334710","PO",4,,,,"","ALMA","SEA187A0",30069,5002,"2023-03-31","2023-04-30","USD",93.00,90,"3XS:10|2XS:20|XS:20|S:10|M:10|L:10|XL:10"
250213,"2022-09-15 08:39:53.45","#SEA188",50.00,68.00,93.00,120.90,"2023-03-31","129334710","PO",4,,,,"","ALMA","SEA188A1",30070,6002,"2023-03-31","2023-04-30","USD",93.00,90,"3XS:10|2XS:20|XS:20|S:10|M:10|L:10|XL:10"
250214,"2022-09-15 08:39:53.45","#SEA189",50.00,68.00,93.00,120.90,"2023-03-31","129334710","PO",4,,,,"","ALMA","SEA189A0",30071,8002,"2023-03-31","2023-04-30","USD",93.00,90,"3XS:10|2XS:20|XS:20|S:10|M:10|L:10|XL:10"
250215,"2022-09-15 08:39:53.45","#SEA190",50.00,68.00,93.00,120.90,"2023-03-31","129334712","PO",4,,,,"","ALMA","SEA190A1",30072,1002,"2023-03-31","2023-04-30","USD",93.00,90,"3XS:10|2XS:20|XS:20|S:10|M:10|L:10|XL:10"
250216,"2022-09-15 08:39:53.45","#SEA191",50.00,68.00,93.00,120.90,"2023-03-31","129334712","PO",4,,,,"","ALMA","SEA191A1",30073,1016,"2023-03-31","2023-04-30","USD",93.00,90,"3XS:10|2XS:20|XS:20|S:10|M:10|L:10|XL:10"
250217,"2022-09-15 08:39:53.45","#SEA192",50.00,68.00,93.00,120.90,"2023-03-31","129334712","PO",4,,,,"","ALMA","SEA192A0",30029,3002,"2023-03-31","2023-04-30","USD",93.00,90,"3XS:10|2XS:20|XS:20|S:10|M:10|L:10|XL:10"
250218,"2022-09-15 08:39:53.45","#SEA193",50.00,68.00,93.00,120.90,"2023-03-31","129334712","PO",4,,,,"","ALMA","SEA193A1",30013,4002,"2023-03-31","2023-04-30","USD",93.00,90,"3XS:10|2XS:20|XS:20|S:10|M:10|L:10|XL:10"
250219,"2022-09-15 08:39:53.45","#SEA194",50.00,68.00,93.00,120.90,"2023-03-31","129334712","PO",4,,,,"","ALMA","SEA194A0",30022,5002,"2023-03-31","2023-04-30","USD",93.00,90,"3XS:10|2XS:20|XS:20|S:10|M:10|L:10|XL:10"
250220,"2022-09-15 08:39:53.45","#SEA195",50.00,68.00,93.00,120.90,"2023-03-31","129334712","PO",4,,,,"","ALMA","SEA195A1",30045,6002,"2023-03-31","2023-04-30","USD",93.00,90,"3XS:10|2XS:20|XS:20|S:10|M:10|L:10|XL:10"
250221,"2022-09-15 08:39:53.45","#SEA196",50.00,68.00,93.00,120.90,"2023-03-31","129334712","PO",4,,,,"","ALMA","SEA196A1",30046,8002,"2023-03-31","2023-04-30","USD",93.00,90,"3XS:10|2XS:20|XS:20|S:10|M:10|L:10|XL:10"
250222,"2022-09-15 08:39:53.45","#SEA197",50.00,68.00,93.00,120.90,"2023-03-31","129334716","PO",4,,,,"","ALMA","SEA197A0",30047,1002,"2023-03-31","2023-04-30","USD",93.00,90,"3XS:10|2XS:20|XS:20|S:10|M:10|L:10|XL:10"
250223,"2022-09-15 08:39:53.45","#SEA198",50.00,68.00,93.00,120.90,"2023-03-31","129334716","PO",4,,,,"","ALMA","SEA198A1",30065,1016,"2023-03-31","2023-04-30","USD",93.00,90,"3XS:10|2XS:20|XS:20|S:10|M:10|L:10|XL:10"
250224,"2022-09-15 08:39:53.45","#SEA199",50.00,68.00,93.00,120.90,"2023-03-31","129334716","PO",4,,,,"","ALMA","SEA199A0",30074,3002,"2023-03-31","2023-04-30","USD",93.00,90,"3XS:10|2XS:20|XS:20|S:10|M:10|L:10|XL:10"
250225,"2022-09-15 08:39:53.45","#SEA200",50.00,68.00,93.00,120.90,"2023-03-31","129334716","PO",4,,,,"","ALMA","SEA200A1",30075,4002,"2023-03-31","2023-04-30","USD",93.00,90,"3XS:10|2XS:20|XS:20|S:10|M:10|L:10|XL:10"
250226,"2022-09-15 08:39:53.45","#SEA201",50.00,68.00,93.00,120.90,"2023-03-31","129334716","PO",4,,,,"","ALMA","SEA201A1",30025,5002,"2023-03-31","2023-04-30","USD",93.00,90,"3XS:10|2XS:20|XS:20|S:10|M:10|L:10|XL:10"
250227,"2022-09-15 08:39:53.45","#SEA202",50.00,68.00,93.00,120.90,"2023-03-31","129334716","PO",4,,,,"","ALMA","SEA202A0",30026,6002,"2023-03-31","2023-04-30","USD",93.00,90,"3XS:10|2XS:20|XS:20|S:10|M:10|L:10|XL:10"
250228,"2022-09-15 08:39:53.45","#SEA203",50.00,68.00,93.00,120.90,"2023-03-31","129334716","PO",4,,,,"","ALMA","SEA203A1",30027,8002,"2023-03-31","2023-04-30","USD",93.00,90,"3XS:10|2XS:20|XS:20|S:10|M:10|L:10|XL:10"
250229,"2022-09-15 08:39:53.45","#SEA204",50.00,68.00,93.00,120.90,"2023-03-31","129334722","PO",4,,,,"","ALMA","SEA204A0",30066,1002,"2023-03-31","2023-04-30","USD",93.00,90,"3XS:10|2XS:20|XS:20|S:10|M:10|L:10|XL:10"
250230,"2022-09-15 08:39:53.45","#SEA205",50.00,68.00,93.00,120.90,"2023-03-31","129334722","PO",4,,,,"","ALMA","SEA205A1",30067,1016,"2023-03-31","2023-04-30","USD",93.00,90,"3XS:10|2XS:20|XS:20|S:10|M:10|L:10|XL:10"
250231,"2022-09-15 08:39:53.45","#SEA206",50.00,68.00,93.00,120.90,"2023-03-31","129334722","PO",4,,,,"","ALMA","SEA206A1",30068,3002,"2023-03-31","2023-04-30","USD",93.00,90,"3XS:10|2XS:20|XS:20|S:10|M:10|L:10|XL:10"
250232,"2022-09-15 08:39:53.45","#SEA207",50.00,68.00,93.00,120.90,"2023-03-31","129334722","PO",4,,,,"","ALMA","SEA207A0",30069,4002,"2023-03-31","2023-04-30","USD",93.00,90,"3XS:10|2XS:20|XS:20|S:10|M:10|L:10|XL:10"
250233,"2022-09-15 08:39:53.45","#SEA208",50.00,68.00,93.00,120.90,"2023-03-31","129334722","PO",4,,,,"","ALMA","SEA208A1",30070,5002,"2023-03-31","2023-04-30","USD",93.00,90,"3XS:10|2XS:20|XS:20|S:10|M:10|L:10|XL:10"
250234,"2022-09-15 08:39:53.45","#SEA209",50.00,68.00,93.00,120.90,"2023-03-31","129334722","PO",4,,,,"","ALMA","SEA209A0",30071,6002,"2023-03-31","2023-04-30","USD",93.00,90,"3XS:10|2XS:20|XS:20|S:10|M:10|L:10|XL:10"
250235,"2022-09-15 08:39:53.45","#SEA210",50.00,68.00,93.00,120.90,"2023-03-31","129334722","PO",4,,,,"","ALMA","SEA210A1",30072,8002,"2023-03-31","2023-04-30","USD",93.00,90,"3XS:10|2XS:20|XS:20|S:10|M:10|L:10|XL:10"
250236,"2022-09-15 08:39:53.45","#SEA211",50.00,68.00,93.00,120.90,"2023-03-31","129334726","PO",4,,,,"","ALMA","SEA211A1",30073,1002,"2023-03-31","2023-04-30","USD",93.00,90,"3XS:10|2XS:20|XS:20|S:10|M:10|L:10|XL:10"
250237,"2022-09-15 08:39:53.45","#SEA212",50.00,68.00,93.00,120.90,"2023-03-31","129334726","PO",4,,,,"","ALMA","SEA212A0",30029,1016,"2023-03-31","2023-04-30","USD",93.00,90,"3XS:10|2XS:20|XS:20|S:10|M:10|L:10|XL:10"
250238,"2022-09-15 08:39:53.45","#SEA213",50.00,68.00,93.00,120.90,"2023-03-31","129334726","PO",4,,,,"","ALMA","SEA213A1",30013,3002,"2023-03-31","2023-04-30","USD",93.00,90,"3XS:10|2XS:20|XS:20|S:10|M:10|L:10|XL:10"
250239,"2022-09-15 08:39:53.45","#SEA214",50.00,68.00,93.00,120.90,"2023-03-31","129334726","PO",4,,,,"","ALMA","SEA214A0",30022,4002,"2023-03-31","2023-04-30","USD",93.00,90,"3XS:10|2XS:20|XS:20|S:10|M:10|L:10|XL:10"
250240,"2022-09-15 08:39:53.45","#SEA215",50.00,68.00,93.00,120.90,"2023-03-31","129334726","PO",4,,,,"","ALMA","SEA215A1",30045,5002,"2023-03-31","2023-04-30","USD",93.00,90,"3XS:10|2XS:20|XS:20|S:10|M:10|L:10|XL:10"
250241,"2022-09-15 08:39:53.45","#SEA216",50.00,68.00,93.00,120.90,"2023-03-31","129334726","PO",4,,,,"","ALMA","SEA216A1",30046,6002,"2023-03-31","2023-04-30","USD",93.00,90,"3XS:10|2XS:20|XS:20|S:10|M:10|L:10|XL:10"
250242,"2022-09-15 08:39:53.45","#SEA217",50.00,68.00,93.00,120.90,"2023-03-31","129334726","PO",4,,,,"","ALMA","SEA217A0",30047,8002,"2023-03-31","2023-04-30","USD",93.00,90,"3XS:10|2XS:20|XS:20|S:10|M:10|L:10|XL:10"
250243,"2022-09-15 08:39:53.45","#SEA218",50.00,68.00,93.00,120.90,"2023-03-31","129334734","PO",4,,,,"","ALMA","SEA218A1",30065,1002,"2023-03-31","2023-04-30","USD",93.00,90,"3XS:10|2XS:20|XS:20|S:10|M:10|L:10|XL:10"
250244,"2022-09-15 08:39:53.45","#SEA219",50.00,68.00,93.00,120.90,"2023-03-31","129334734","PO",4,,,,"","ALMA","SEA219A0",30074,1016,"2023-03-31","2023-04-30","USD",93.00,90,"3XS:10|2XS:20|XS:20|S:10|M:10|L:10|XL:10"
250245,"2022-09-15 08:39:53.45","#SEA220",50.00,68.00,93.00,120.90,"2023-03-31","129334734","PO",4,,,,"","ALMA","SEA220A1",30075,3002,"2023-03-31","2023-04-30","USD",93.00,90,"3XS:10|2XS:20|XS:20|S:10|M:10|L:10|XL:10"
250246,"2022-09-15 08:39:53.45","#SEA221",50.00,68.00,93.00,120.90,"2023-03-31","129334734","PO",4,,,,"","ALMA","SEA221A1",30025,4002,"2023-03-31","2023-04-30","USD",93.00,90,"3XS:10|2XS:20|XS:20|S:10|M:10|L:10|XL:10"
250247,"2022-09-15 08:39:53.45","#SEA222",50.00,68.00,93.00,120.90,"2023-03-31","129334734","PO",4,,,,"","ALMA","SEA222A0",30026,5002,"2023-03-31","2023-04-30","USD",93.00,90,"3XS:10|2XS:20|XS:20|S:10|M:10|L:10|XL:10"
250248,"2022-09-15 08:39:53.45","#SEA223",50.00,68.00,93.00,120.90,"2023-03-31","129334734","PO",4,,,,"","ALMA","SEA223A1",30027,6002,"2023-03-31","2023-04-30","USD",93.00,90,"3XS:10|2XS:20|XS:20|S:10|M:10|L:10|XL:10"
250249,"2022-09-15 08:39:53.45","#SEA224",50.00,68.00,93.00,120.90,"2023-03-31","129334734","PO",4,,,,"","ALMA","SEA224A0",30066,8002,"2023-03-31","2023-04-30","USD",93.00,90,"3XS:10|2XS:20|XS:20|S:10|M:10|L:10|XL:10"
250250,"2022-09-15 08:39:53.45","#SEA225",50.00,68.00,93.00,120.90,"2023-03-31","129334740","PO",4,,,,"","ALMA","SEA225A1",30067,1002,"2023-03-31","2023-04-30","USD",93.00,90,"3XS:10|2XS:20|XS:20|S:10|M:10|L:10|XL:10"
250251,"2022-09-15 08:39:53.45","#SEA226",50.00,68.00,93.00,120.90,"2023-03-31","129334740","PO",4,,,,"","ALMA","SEA226A1",30068,1016,"2023-03-31","2023-04-30","USD",93.00,90,"3XS:10|2XS:20|XS:20|S:10|M:10|L:10|XL:10"
250252,"2022-09-15 08:39:53.45","#SEA227",50.00,68.00,93.00,120.90,"2023-03-31","129334740","PO",4,,,,"","ALMA","SEA227A0",30069,3002,"2023-03-31","2023-04-30","USD",93.00,90,"3XS:10|2XS:20|XS:20|S:10|M:10|L:10|XL:10"
250253,"2022-09-15 08:39:53.45","#SEA228",50.00,68.00,93.00,120.90,"2023-03-31","129334740","PO",4,,,,"","ALMA","SEA228A1",30070,4002,"2023-03-31","2023-04-30","USD",93.00,90,"3XS:10|2XS:20|XS:20|S:10|M:10|L:10|XL:10"
250254,"2022-09-15 08:39:53.45","#SEA229",50.00,68.00,93.00,120.90,"2023-03-31","129334740","PO",4,,,,"","ALMA","SEA229A0",30071,5002,"2023-03-31","2023-04-30","USD",93.00,90,"3XS:10|2XS:20|XS:20|S:10|M:10|L:10|XL:10"
250255,"2022-09-15 08:39:53.45","#SEA230",50.00,68.00,93.00,120.90,"2023-03-31","129334740","PO",4,,,,"","ALMA","SEA230A1",30072,6002,"2023-03-31","2023-04-30","USD",93.00,90,"3XS:10|2XS:20|XS:20|S:10|M:10|L:10|XL:10"
250256,"2022-09-15 08:39:53.45","#SEA231",50.00,68.00,93.00,120.90,"2023-03-31","129334740","PO",4,,,,"","ALMA","SEA231A1",30073,8002,"2023-03-31","2023-04-30","USD",93.00,90,"3XS:10|2XS:20|XS:20|S:10|M:10|L:10|XL:10"
250257,"2022-09-15 08:39:53.45","#SEA232",50.00,68.00,93.00,120.90,"2023-03-31","129334751","PO",4,,,,"","ALMA","SEA232A0",30029,1002,"2023-03-31","2023-04-30","USD",93.00,90,"3XS:10|2XS:20|XS:20|S:10|M:10|L:10|XL:10"
250258,"2022-09-15 08:39:53.45","#SEA233",50.00,68.00,93.00,120.90,"2023-03-31","129334751","PO",4,,,,"","ALMA","SEA233A1",30013,1016,"2023-03-31","2023-04-30","USD",93.00,90,"3XS:10|2XS:20|XS:20|S:10|M:10|L:10|XL:10"
250259,"2022-09-15 08:39:53.45","#SEA234",50.00,68.00,93.00,120.90,"2023-03-31","129334751","PO",4,,,,"","ALMA","SEA234A0",30022,3002,"2023-03-31","2023-04-30","USD",93.00,90,"3XS:10|2XS:20|XS:20|S:10|M:10|L:10|XL:10"
250260,"2022-09-15 08:39:53.45","#SEA235",50.00,68.00,93.00,120.90,"2023-03-31","129334751","PO",4,,,,"","ALMA","SEA235A1",30045,4002,"2023-03-31","2023-04-30","USD",93.00,90,"3XS:10|2XS:20|XS:20|S:10|M:10|L:10|XL:10"
250261,"2022-09-15 08:39:53.45","#SEA236",50.00,68.00,93.00,120.90,"2023-03-31","129334751","PO",4,,,,"","ALMA","SEA236A1",30046,5002,"2023-03-31","2023-04-30","USD",93.00,90,"3XS:10|2XS:20|XS:20|S:10|M:10|L:10|XL:10"
250262,"2022-09-15 08:39:53.45","#SEA237",50.00,68.00,93.00,120.90,"2023-03-31","129334751","PO",4,,,,"","ALMA","SEA237A0",30047,6002,"2023-03-31","2023-04-30","USD",93.00,90,"3XS:10|2XS:20|XS:20|S:10|M:10|L:10|XL:10"
250263,"2022-09-15 08:39:53.45","#SEA238",50.00,68.00,93.00,120.90,"2023-03-31","129334751","PO",4,,,,"","ALMA","SEA238A1",30065,8002,"2023-03-31","2023-04-30","USD",93.00,90,"3XS:10|2XS:20|XS:20|S:10|M:10|L:10|XL:10"
250264,"2022-09-15 08:39:53.45","#SEA239",50.00,68.00,93.00,120.90,"2023-03-31","129334752","PO",4,,,,"","ALMA","SEA239A0",30074,1002,"2023-03-31","2023-04-30","USD",93.00,90,"3XS:10|2XS:20|XS:20|S:10|M:10|L:10|XL:10"
250265,"2022-09-15 08:39:53.45","#SEA240",50.00,68.00,93.00,120.90,"2023-03-31","129334752","PO",4,,,,"","ALMA","SEA240A1",30075,1016,"2023-03-31","2023-04-30","USD",93.00,90,"3XS:10|2XS:20|XS:20|S:10|M:10|L:10|XL:10"
250266,"2022-09-15 08:39:53.45","#SEA241",50.00,68.00,93.00,120.90,"2023-03-31","129334752","PO",4,,,,"","ALMA","SEA241A1",30025,3002,"2023-03-31","2023-04-30","USD",93.00,90,"3XS:10|2XS:20|XS:20|S:10|M:10|L:10|XL:10"
250267,"2022-09-15 08:39:53.45","#SEA242",50.00,68.00,93.00,120.90,"2023-03-31","129334752","PO",4,,,,"","ALMA","SEA242A0",30026,4002,"2023-03-31","2023-04-30","USD",93.00,90,"3XS:10|2XS:20|XS:20|S:10|M:10|L:10|XL:10"
250268,"2022-09-15 08:39:53.45","#SEA243",50.00,68.00,93.00,120.90,"2023-03-31","129334752","PO",4,,,,"","ALMA","SEA243A1",30027,5002,"2023-03-31","2023-04-30","USD",93.00,90,"3XS:10|2XS:20|XS:20|S:10|M:10|L:10|XL:10"
250269,"2022-09-15 08:39:53.45","#SEA244",50.00,68.00,93.00,120.90,"2023-03-31","129334752","PO",4,,,,"","ALMA","SEA244A0",30066,6002,"2023-03-31","2023-04-30","USD",93.00,90,"3XS:10|2XS:20|XS:20|S:10|M:10|L:10|XL:10"
250270,"2022-09-15 08:39:53.45","#SEA245",50.00,68.00,93.00,120.90,"2023-03-31","129334752","PO",4,,,,"","ALMA","SEA245A1",30067,8002,"2023-03-31","2023-04-30","USD",93.00,90,"3XS:10|2XS:20|XS:20|S:10|M:10|L:10|XL:10"
250271,"2022-09-15 08:39:53.45","#SEA246",50.00,68.00,93.00,120.90,"2023-03-31","129334763","PO",4,,,,"","ALMA","SEA246A1",30068,1002,"2023-03-31","2023-04-30","USD",93.00,90,"3XS:10|2XS:20|XS:20|S:10|M:10|L:10|XL:10"
250272,"2022-09-15 08:39:53.45","#SEA247",50.00,68.00,93.00,120.90,"2023-03-31","129334763","PO",4,,,,"","ALMA","SEA247A0",30069,1016,"2023-03-31","2023-04-30","USD",93.00,90,"3XS:10|2XS:20|XS:20|S:10|M:10|L:10|XL:10"
250273,"2022-09-15 08:39:53.45","#SEA248",50.00,68.00,93.00,120.90,"2023-03-31","129334763","PO",4,,,,"","ALMA","SEA248A1",30070,3002,"2023-03-31","2023-04-30","USD",93.00,90,"3XS:10|2XS:20|XS:20|S:10|M:10|L:10|XL:10"
250274,"2022-09-15 08:39:53.45","#SEA249",50.00,68.00,93.00,120.90,"2023-03-31","129334763","PO",4,,,,"","ALMA","SEA249A0",30071,4002,"2023-03-31","2023-04-30","USD",93.00,90,"3XS:10|2XS:20|XS:20|S:10|M:10|L:10|XL:10"
250275,"2022-09-15 08:39:53.45","#SEA250",50.00,68.00,93.00,120.90,"2023-03-31","129334763","PO",4,,,,"","ALMA","SEA250A1",30072,5002,"2023-03-31","2023-04-30","USD",93.00,90,"3XS:10|2XS:20|XS:20|S:10|M:10|L:10|XL:10"
250276,"2022-09-15 08:39:53.45","#SEA251",50.00,68.00,93.00,120.90,"2023-03-31","129334763","PO",4,,,,"","ALMA","SEA251A1",30073,6002,"2023-03-31","2023-04-30","USD",93.00,90,"3XS:10|2XS:20|XS:20|S:10|M:10|L:10|XL:10"
250277,"2022-09-15 08:39:53.45","#SEA252",50.00,68.00,93.00,120.90,"2023-03-31","129334763","PO",4,,,,"","ALMA","SEA252A0",30029,8002,"2023-03-31","2023-04-30","USD",93.00,90,"3XS:10|2XS:20|XS:20|S:10|M:10|L:10|XL:10"
250278,"2022-09-15 08:39:53.45","#SEA253",50.00,68.00,93.00,120.90,"2023-03-31","129334766","PO",4,,,,"","ALMA","SEA253A1",30013,1002,"2023-03-31","2023-04-30","USD",93.00,90,"3XS:10|2XS:20|XS:20|S:10|M:10|L:10|XL:10"
250279,"2022-09-15 08:39:53.45","#SEA254",50.00,68.00,93.00,120.90,"2023-03-31","129334766","PO",4,,,,"","ALMA","SEA254A0",30022,1016,"2023-03-31","2023-04-30","USD",93.00,90,"3XS:10|2XS:20|XS:20|S:10|M:10|L:10|XL:10"
250280,"2022-09-15 08:39:53.45","#SEA255",50.00,68.00,93.00,120.90,"2023-03-31","129334766","PO",4,,,,"","ALMA","SEA255A1",30045,3002,"2023-03-31","2023-04-30","USD",93.00,90,"3XS:10|2XS:20|XS:20|S:10|M:10|L:10|XL:10"
250281,"2022-09-15 08:39:53.45","#SEA256",50.00,68.00,93.00,120.90,"2023-03-31","129334766","PO",4,,,,"","ALMA","SEA256A1",30046,4002,"2023-03-31","2023-04-30","USD",93.00,90,"3XS:10|2XS:20|XS:20|S:10|M:10|L:10|XL:10"
250282,"2022-09-15 08:39:53.45","#SEA257",50.00,68.00,93.00,120.90,"2023-03-31","129334766","PO",4,,,,"","ALMA","SEA257A0",30047,5002,"2023-03-31","2023-04-30","USD",93.00,90,"3XS:10|2XS:20|XS:20|S:10|M:10|L:10|XL:10"
250283,"2022-09-15 08:39:53.45","#SEA258",50.00,68.00,93.00,120.90,"2023-03-31","129334766","PO",4,,,,"","ALMA","SEA258A1",30065,6002,"2023-03-31","2023-04-30","USD",93.00,90,"3XS:10|2XS:20|XS:20|S:10|M:10|L:10|XL:10"
250284,"2022-09-15 08:39:53.45","#SEA259",50.00,68.00,93.00,120.90,"2023-03-31","129334766","PO",4,,,,"","ALMA","SEA259A0",30074,8002,"2023-03-31","2023-04-30","USD",93.00,90,"3XS:10|2XS:20|XS:20|S:10|M:10|L:10|XL:10"
250285,"2022-09-15 08:39:53.45","#SEA260",50.00,68.00,93.00,120.90,"2023-03-31","129334771","PO",4,,,,"","ALMA","SEA260A1",30075,1002,"2023-03-31","2023-04-30","USD",93.00,90,"3XS:10|2XS:20|XS:20|S:10|M:10|L:10|XL:10"
250286,"2022-09-15 08:39:53.45","#SEA261",50.00,68.00,93.00,120.90,"2023-03-31","129334771","PO",4,,,,"","ALMA","SEA261A1",30025,1016,"2023-03-31","2023-04-30","USD",93.00,90,"3XS:10|2XS:20|XS:20|S:10|M:10|L:10|XL:10"
250287,"2022-09-15 08:39:53.45","#SEA262",50.00,68.00,93.00,120.90,"2023-03-31","129334771","PO",4,,,,"","ALMA","SEA262A0",30026,3002,"2023-03-31","2023-04-30","USD",93.00,90,"3XS:10|2XS:20|XS:20|S:10|M:10|L:10|XL:10"
250288,"2022-09-15 08:39:53.45","#SEA263",50.00,68.00,93.00,120.90,"2023-03-31","129334771","PO",4,,,,"","ALMA","SEA263A1",30027,4002,"2023-03-31","2023-04-30","USD",93.00,90,"3XS:10|2XS:20|XS:20|S:10|M:10|L:10|XL:10"
250289,"2022-09-15 08:39:53.45","#SEA264",50.00,68.00,93.00,120.90,"2023-03-31","129334771","PO",4,,,,"","ALMA","SEA264A0",30066,5002,"2023-03-31","2023-04-30","USD",93.00,90,"3XS:10|2XS:20|XS:20|S:10|M:10|L:10|XL:10"
250290,"2022-09-15 08:39:53.45","#SEA265",50.00,68.00,93.00,120.90,"2023-03-31","129334771","PO",4,,,,"","ALMA","SEA265A1",30067,6002,"2023-03-31","2023-04-30","USD",93.00,90,"3XS:10|2XS:20|XS:20|S:10|M:10|L:10|XL:10"
250291,"2022-09-15 08:39:53.45","#SEA266",50.00,68.00,93.00,120.90,"2023-03-31","129334771","PO",4,,,,"","ALMA","SEA266A1",30068,8002,"2023-03-31","2023-04-30","USD",93.00,90,"3XS:10|2XS:20|XS:20|S:10|M:10|L:10|XL:10"
250292,"2022-09-15 08:39:53.45","#SEA267",50.00,68.00,93.00,120.90,"2023-03-31","129334779","PO",4,,,,"","ALMA","SEA267A0",30069,1002,"2023-03-31","2023-04-30","USD",93.00,90,"3XS:10|2XS:20|XS:20|S:10|M:10|L:10|XL:10"
250293,"2022-09-15 08:39:53.45","#SEA268",50.00,68.00,93.00,120.90,"2023-03-31","129334779","PO",4,,,,"","ALMA","SEA268A1",30070,1016,"2023-03-31","2023-04-30","USD",93.00,90,"3XS:10|2XS:20|XS:20|S:10|M:10|L:10|XL:10"
250294,"2022-09-15 08:39:53.45","#SEA269",50.00,68.00,93.00,120.90,"2023-03-31","129334779","PO",4,,,,"","ALMA","SEA269A0",30071,3002,"2023-03-31","2023-04-30","USD",93.00,90,"3XS:10|2XS:20|XS:20|S:10|M:10|L:10|XL:10"
250295,"2022-09-15 08:39:53.45","#SEA270",50.00,68.00,93.00,120.90,"2023-03-31","129334779","PO",4,,,,"","ALMA","SEA270A1",30072,4002,"2023-03-31","2023-04-30","USD",93.00,90,"3XS:10|2XS:20|XS:20|S:10|M:10|L:10|XL:10"
250296,"2022-09-15 08:39:53.45","#SEA271",50.00,68.00,93.00,120.90,"2023-03-31","129334779","PO",4,,,,"","ALMA","SEA271A1",30073,5002,"2023-03-31","2023-04-30","USD",93.00,90,"3XS:10|2XS:20|XS:20|S:10|M:10|L:10|XL:10"
250297,"2022-09-15 08:39:53.45","#SEA272",50.00,68.00,93.00,120.90,"2023-03-31","129334779","PO",4,,,,"","ALMA","SEA272A0",30029,6002,"2023-03-31","2023-04-30","USD",93.00,90,"3XS:10|2XS:20|XS:20|S:10|M:10|L:10|XL:10"
250298,"2022-09-15 08:39:53.45","#SEA273",50.00,68.00,93.00,120.90,"2023-03-31","129334779","PO",4,,,,"","ALMA","SEA273A1",30013,8002,"2023-03-31","2023-04-30","USD",93.00,90,"3XS:10|2XS:20|XS:20|S:10|M:10|L:10|XL:10"
250299,"2022-09-15 08:39:53.45","#SEA274",50.00,68.00,93.00,120.90,"2023-03-31","129334802","PO",4,,,,"","ALMA","SEA274A0",30022,1002,"2023-03-31","2023-04-30","USD",93.00,90,"3XS:10|2XS:20|XS:20|S:10|M:10|L:10|XL:10"
250300,"2022-09-15 08:39:53.45","#SEA275",50.00,68.00,93.00,120.90,"2023-03-31","129334802","PO",4,,,,"","ALMA","SEA275A1",30045,1016,"2023-03-31","2023-04-30","USD",93.00,90,"3XS:10|2XS:20|XS:20|S:10|M:10|L:10|XL:10"
250301,"2022-09-15 08:39:53.45","#SEA276",50.00,68.00,93.00,120.90,"2023-03-31","129334802","PO",4,,,,"","ALMA","SEA276A1",30046,3002,"2023-03-31","2023-04-30","USD",93.00,90,"3XS:10|2XS:20|XS:20|S:10|M:10|L:10|XL:10"
250302,"2022-09-15 08:39:53.45","#SEA277",50.00,68.00,93.00,120.90,"2023-03-31","129334802","PO",4,,,,"","ALMA","SEA277A0",30047,4002,"2023-03-31","2023-04-30","USD",93.00,90,"3XS:10|2XS:20|XS:20|S:10|M:10|L:10|XL:10"
250303,"2022-09-15 08:39:53.45","#SEA278",50.00,68.00,93.00,120.90,"2023-03-31","129334802","PO",4,,,,"","ALMA","SEA278A1",30065,5002,"2023-03-31","2023-04-30","USD",93.00,90,"3XS:10|2XS:20|XS:20|S:10|M:10|L:10|XL:10"
250304,"2022-09-15 08:39:53.45","#SEA279",50.00,68.00,93.00,120.90,"2023-03-31","129334802","PO",4,,,,"","ALMA","SEA279A0",30074,6002,"2023-03-31","2023-04-30","USD",93.00,90,"3XS:10|2XS:20|XS:20|S:10|M:10|L:10|XL:10"
250305,"2022-09-15 08:39:53.45","#SEA280",50.00,68.00,93.00,120.90,"2023-03-31","129334802","PO",4,,,,"","ALMA","SEA280A1",30075,8002,"2023-03-31","2023-04-30","USD",93.00,90,"3XS:10|2XS:20|XS:20|S:10|M:10|L:10|XL:10"
250306,"2022-09-15 08:39:53.45","#SEA281",50.00,68.00,93.00,120.90,"2023-03-31","129334826","PO",4,,,,"","ALMA","SEA281A1",30025,1002,"2023-03-31","2023-04-30","USD",93.00,90,"3XS:10|2XS:20|XS:20|S:10|M:10|L:10|XL:10"
250307,"2022-09-15 08:39:53.45","#SEA282",50.00,68.00,93.00,120.90,"2023-03-31","129334826","PO",4,,,,"","ALMA","SEA282A0",30026,1016,"2023-03-31","2023-04-30","USD",93.00,90,"3XS:10|2XS:20|XS:20|S:10|M:10|L:10|XL:10"
250308,"2022-09-15 08:39:53.45","#SEA283",50.00,68.00,93.00,120.90,"2023-03-31","129334826","PO",4,,,,"","ALMA","SEA283A1",30027,3002,"2023-03-31","2023-04-30","USD",93.00,90,"3XS:10|2XS:20|XS:20|S:10|M:10|L:10|XL:10"
250309,"2022-09-15 08:39:53.45","#SEA284",50.00,68.00,93.00,120.90,"2023-03-31","129334826","PO",4,,,,"","ALMA","SEA284A0",30066,4002,"2023-03-31","2023-04-30","USD",93.00,90,"3XS:10|2XS:20|XS:20|S:10|M:10|L:10|XL:10"
250310,"2022-09-15 08:39:53.45","#SEA285",50.00,68.00,93.00,120.90,"2023-03-31","129334826","PO",4,,,,"","ALMA","SEA285A1",30067,5002,"2023-03-31","2023-04-30","USD",93.00,90,"3XS:10|2XS:20|XS:20|S:10|M:10|L:10|XL:10"
250311,"2022-09-15 08:39:53.45","#SEA286",50.00,68.00,93.00,120.90,"2023-03-31","129334826","PO",4,,,,"","ALMA","SEA286A1",30068,6002,"2023-03-31","2023-04-30","USD",93.00,90,"3XS:10|2XS:20|XS:20|S:10|M:10|L:10|XL:10"
250312,"2022-09-15 08:39:53.45","#SEA287",50.00,68.00,93.00,120.90,"2023-03-31","129334826","PO",4,,,,"","ALMA","SEA287A0",30069,8002,"2023-03-31","2023-04-30","USD",93.00,90,"3XS:10|2XS:20|XS:20|S:10|M:10|L:10|XL:10"
250313,"2022-09-15 08:39:53.45","#SEA288",50.00,68.00,93.00,120.90,"2023-03-31","129334844","PO",4,,,,"","ALMA","SEA288A1",30070,1002,"2023-03-31","2023-04-30","USD",93.00,90,"3XS:10|2XS:20|XS:20|S:10|M:10|L:10|XL:10"
250314,"2022-09-15 08:39:53.45","#SEA289",50.00,68.00,93.00,120.90,"2023-03-31","129334844","PO",4,,,,"","ALMA","SEA289A0",30071,1016,"2023-03-31","2023-04-30","USD",93.00,90,"3XS:10|2XS:20|XS:20|S:10|M:10|L:10|XL:10"
250315,"2022-09-15 08:39:53.45","#SEA290",50.00,68.00,93.00,120.90,"2023-03-31","129334844","PO",4,,,,"","ALMA","SEA290A1",30072,3002,"2023-03-31","2023-04-30","USD",93.00,90,"3XS:10|2XS:20|XS:20|S:10|M:10|L:10|XL:10"
250316,"2022-09-15 08:39:53.45","#SEA291",50.00,68.00,93.00,120.90,"2023-03-31","129334844","PO",4,,,,"","ALMA","SEA291A1",30073,4002,"2023-03-31","2023-04-30","USD",93.00,90,"3XS:10|2XS:20|XS:20|S:10|M:10|L:10|XL:10"
250317,"2022-09-15 08:39:53.45","#SEA292",50.00,68.00,93.00,120.90,"2023-03-31","129334844","PO",4,,,,"","ALMA","SEA292A0",30029,5002,"2023-03-31","2023-04-30","USD",93.00,90,"3XS:10|2XS:20|XS:20|S:10|M:10|L:10|XL:10"
250318,"2022-09-15 08:39:53.45","#SEA293",50.00,68.00,93.00,120.90,"2023-03-31","129334844","PO",4,,,,"","ALMA","SEA293A1",30013,6002,"2023-03-31","2023-04-30","USD",93.00,90,"3XS:10|2XS:20|XS:20|S:10|M:10|L:10|XL:10"
250319,"2022-09-15 08:39:53.45","#SEA294",50.00,68.00,93.00,120.90,"2023-03-31","129334844","PO",4,,,,"","ALMA","SEA294A0",30022,8002,"2023-03-31","2023-04-30","USD",93.00,90,"3XS:10|2XS:20|XS:20|S:10|M:10|L:10|XL:10"
250320,"2022-09-15 08:39:53.45","#SEA295",50.00,68.00,93.00,120.90,"2023-03-31","129334847","PO",4,,,,"","ALMA","SEA295A1",30045,1002,"2023-03-31","2023-04-30","USD",93.00,90,"3XS:10|2XS:20|XS:20|S:10|M:10|L:10|XL:10"
250321,"2022-09-15 08:39:53.45","#SEA296",50.00,68.00,93.00,120.90,"2023-03-31","129334847","PO",4,,,,"","ALMA","SEA296A1",30046,1016,"2023-03-31","2023-04-30","USD",93.00,90,"3XS:10|2XS:20|XS:20|S:10|M:10|L:10|XL:10"
250322,"2022-09-15 08:39:53.45","#SEA297",50.00,68.00,93.00,120.90,"2023-03-31","129334847","PO",4,,,,"","ALMA","SEA297A0",30047,3002,"2023-03-31","2023-04-30","USD",93.00,90,"3XS:10|2XS:20|XS:20|S:10|M:10|L:10|XL:10"
250323,"2022-09-15 08:39:53.45","#SEA298",50.00,68.00,93.00,120.90,"2023-03-31","129334847","PO",4,,,,"","ALMA","SEA298A1",30065,4002,"2023-03-31","2023-04-30","USD",93.00,90,"3XS:10|2XS:20|XS:20|S:10|M:10|L:10|XL:10"
250324,"2022-09-15 08:39:53.45","#SEA299",50.00,68.00,93.00,120.90,"2023-03-31","129334847","PO",4,,,,"","ALMA","SEA299A0",30074,5002,"2023-03-31","2023-04-30","USD",93.00,90,"3XS:10|2XS:20|XS:20|S:10|M:10|L:10|XL:10"
250325,"2022-09-15 08:39:53.45","#SEA300",50.00,68.00,93.00,120.90,"2023-03-31","129334847","PO",4,,,,"","ALMA","SEA300A1",30075,6002,"2023-03-31","2023-04-30","USD",93.00,90,"3XS:10|2XS:20|XS:20|S:10|M:10|L:10|XL:10"
250326,"2022-09-15 08:39:53.45","#SEA301",50.00,68.00,93.00,120.90,"2023-03-31","129334847","PO",4,,,,"","ALMA","SEA301A1",30025,8002,"2023-03-31","2023-04-30","USD",93.00,90,"3XS:10|2XS:20|XS:20|S:10|M:10|L:10|XL:10"
250327,"2022-09-15 08:39:53.45","#SEA302",50.00,68.00,93.00,120.90,"2023-03-31","129334852","PO",4,,,,"","ALMA","SEA302A0",30026,1002,"2023-03-31","2023-04-30","USD",93.00,90,"3XS:10|2XS:20|XS:20|S:10|M:10|L:10|XL:10"
250328,"2022-09-15 08:39:53.45","#SEA303",50.00,68.00,93.00,120.90,"2023-03-31","129334852","PO",4,,,,"","ALMA","SEA303A1",30027,1016,"2023-03-31","2023-04-30","USD",93.00,90,"3XS:10|2XS:20|XS:20|S:10|M:10|L:10|XL:10"
250329,"2022-09-15 08:39:53.45","#SEA304",50.00,68.00,93.00,120.90,"2023-03-31","129334852","PO",4,,,,"","ALMA","SEA304A0",30066,3002,"2023-03-31","2023-04-30","USD",93.00,90,"3XS:10|2XS:20|XS:20|S:10|M:10|L:10|XL:10"
250330,"2022-09-15 08:39:53.45","#SEA305",50.00,68.00,93.00,120.90,"2023-03-31","129334852","PO",4,,,,"","ALMA","SEA305A1",30067,4002,"2023-03-31","2023-04-30","USD",93.00,90,"3XS:10|2XS:20|XS:20|S:10|M:10|L:10|XL:10"
250331,"2022-09-15 08:39:53.45","#SEA306",50.00,68.00,93.00,120.90,"2023-03-31","129334852","PO",4,,,,"","ALMA","SEA306A1",30068,5002,"2023-03-31","2023-04-30","USD",93.00,90,"3XS:10|2XS:20|XS:20|S:10|M:10|L:10|XL:10"
250332,"2022-09-15 08:39:53.45","#SEA307",50.00,68.00,93.00,120.90,"2023-03-31","129334852","PO",4,,,,"","ALMA","SEA307A0",30069,6002,"2023-03-31","2023-04-30","USD",93.00,90,"3XS:10|2XS:20|XS:20|S:10|M:10|L:10|XL:10"
250333,"2022-09-15 08:39:53.45","#SEA308",50.00,68.00,93.00,120.90,"2023-03-31","129334852","PO",4,,,,"","ALMA","SEA308A1",30070,8002,"2023-03-31","2023-04-30","USD",93.00,90,"3XS:10|2XS:20|XS:20|S:10|M:10|L:10|XL:10"
250334,"2022-09-15 08:39:53.45","#SEA309",50.00,68.00,93.00,120.90,"2023-03-31","129334856","PO",4,,,,"","ALMA","SEA309A0",30071,1002,"2023-03-31","2023-04-30","USD",93.00,90,"3XS:10|2XS:20|XS:20|S:10|M:10|L:10|XL:10"
250335,"2022-09-15 08:39:53.45","#SEA310",50.00,68.00,93.00,120.90,"2023-03-31","129334856","PO",4,,,,"","ALMA","SEA310A1",30072,1016,"2023-03-31","2023-04-30","USD",93.00,90,"3XS:10|2XS:20|XS:20|S:10|M:10|L:10|XL:10"
250336,"2022-09-15 08:39:53.45","#SEA311",50.00,68.00,93.00,120.90,"2023-03-31","129334856","PO",4,,,,"","ALMA","SEA311A1",30073,3002,"2023-03-31","2023-04-30","USD",93.00,90,"3XS:10|2XS:20|XS:20|S:10|M:10|L:10|XL:10"
250337,"2022-09-15 08:39:53.45","#SEA312",50.00,68.00,93.00,120.90,"2023-03-31","129334856","PO",4,,,,"","ALMA","SEA312A0",30029,4002,"2023-03-31","2023-04-30","USD",93.00,90,"3XS:10|2XS:20|XS:20|S:10|M:10|L:10|XL:10"
250338,"2022-09-15 08:39:53.45","#SEA313",50.00,68.00,93.00,120.90,"2023-03-31","129334856","PO",4,,,,"","ALMA","SEA313A1",30013,5002,"2023-03-31","2023-04-30","USD",93.00,90,"3XS:10|2XS:20|XS:20|S:10|M:10|L:10|XL:10"
250339,"2022-09-15 08:39:53.45","#SEA314",50.00,68.00,93.00,120.90,"2023-03-31","129334856","PO",4,,,,"","ALMA","SEA314A0",30022,6002,"2023-03-31","2023-04-30","USD",93.00,90,"3XS:10|2XS:20|XS:20|S:10|M:10|L:10|XL:10"
250340,"2022-09-15 08:39:53.45","#SEA315",50.00,68.00,93.00,120.90,"2023-03-31","129334856","PO",4,,,,"","ALMA","SEA315A1",30045,8002,"2023-03-31","2023-04-30","USD",93.00,90,"3XS:10|2XS:20|XS:20|S:10|M:10|L:10|XL:10"
250341,"2022-09-15 08:39:53.45","#SEA316",50.00,68.00,93.00,120.90,"2023-03-31","129334878","PO",4,,,,"","ALMA","SEA316A1",30046,1002,"2023-03-31","2023-04-30","USD",93.00,90,"3XS:10|2XS:20|XS:20|S:10|M:10|L:10|XL:10"
250342,"2022-09-15 08:39:53.45","#SEA317",50.00,68.00,93.00,120.90,"2023-03-31","129334878","PO",4,,,,"","ALMA","SEA317A0",30047,1016,"2023-03-31","2023-04-30","USD",93.00,90,"3XS:10|2XS:20|XS:20|S:10|M:10|L:10|XL:10"
250343,"2022-09-15 08:39:53.45","#SEA318",50.00,68.00,93.00,120.90,"2023-03-31","129334878","PO",4,,,,"","ALMA","SEA318A1",30065,3002,"2023-03-31","2023-04-30","USD",93.00,90,"3XS:10|2XS:20|XS:20|S:10|M:10|L:10|XL:10"
250344,"2022-09-15 08:39:53.45","#SEA319",50.00,68.00,93.00,120.90,"2023-03-31","129334878","PO",4,,,,"","ALMA","SEA319A0",30074,4002,"2023-03-31","2023-04-30","USD",93.00,90,"3XS:10|2XS:20|XS:20|S:10|M:10|L:10|XL:10"
250345,"2022-09-15 08:39:53.45","#SEA320",50.00,68.00,93.00,120.90,"2023-03-31","129334878","PO",4,,,,"","ALMA","SEA320A1",30075,5002,"2023-03-31","2023-04-30","USD",93.00,90,"3XS:10|2XS:20|XS:20|S:10|M:10|L:10|XL:10"
250346,"2022-09-15 08:39:53.45","#SEA321",50.00,68.00,93.00,120.90,"2023-03-31","129334878","PO",4,,,,"","ALMA","SEA321A1",30025,6002,"2023-03-31","2023-04-30","USD",93.00,90,"3XS:10|2XS:20|XS:20|S:10|M:10|L:10|XL:10"
250347,"2022-09-15 08:39:53.45","#SEA322",50.00,68.00,93.00,120.90,"2023-03-31","129334878","PO",4,,,,"","ALMA","SEA322A0",30026,8002,"2023-03-31","2023-04-30","USD",93.00,90,"3XS:10|2XS:20|XS:20|S:10|M:10|L:10|XL:10"
250348,"2022-09-15 08:39:53.45","#SEA323",50.00,68.00,93.00,120.90,"2023-03-31","129334887","PO",4,,,,"","ALMA","SEA323A1",30027,1002,"2023-03-31","2023-04-30","USD",93.00,90,"3XS:10|2XS:20|XS:20|S:10|M:10|L:10|XL:10"
250349,"2022-09-15 08:39:53.45","#SEA324",50.00,68.00,93.00,120.90,"2023-03-31","129334887","PO",4,,,,"","ALMA","SEA324A0",30066,1016,"2023-03-31","2023-04-30","USD",93.00,90,"3XS:10|2XS:20|XS:20|S:10|M:10|L:10|XL:10"
250350,"2022-09-15 08:39:53.45","#SEA325",50.00,68.00,93.00,120.90,"2023-03-31","129334887","PO",4,,,,"","ALMA","SEA325A1",30067,3002,"2023-03-31","2023-04-30","USD",93.00,90,"3XS:10|2XS:20|XS:20|S:10|M:10|L:10|XL:10"
250351,"2022-09-15 08:39:53.45","#SEA326",50.00,68.00,93.00,120.90,"2023-03-31","129334887","PO",4,,,,"","ALMA","SEA326A1",30068,4002,"2023-03-31","2023-04-30","USD",93.00,90,"3XS:10|2XS:20|XS:20|S:10|M:10|L:10|XL:10"
250352,"2022-09-15 08:39:53.45","#SEA327",50.00,68.00,93.00,120.90,"2023-03-31","129334887","PO",4,,,,"","ALMA","SEA327A0",30069,5002,"2023-03-31","2023-04-30","USD",93.00,90,"3XS:10|2XS:20|XS:20|S:10|M:10|L:10|XL:10"
250353,"2022-09-15 08:39:53.45","#SEA328",50.00,68.00,93.00,120.90,"2023-03-31","129334887","PO",4,,,,"","ALMA","SEA328A1",30070,6002,"2023-03-31","2023-04-30","USD",93.00,90,"3XS:10|2XS:20|XS:20|S:10|M:10|L:10|XL:10"
250354,"2022-09-15 08:39:53.45","#SEA329",50.00,68.00,93.00,120.90,"2023-03-31","129334887","PO",4,,,,"","ALMA","SEA329A0",30071,8002,"2023-03-31","2023-04-30","USD",93.00,90,"3XS:10|2XS:20|XS:20|S:10|M:10|L:10|XL:10"
250355,"2022-09-15 08:39:53.45","#SEA330",50.00,68.00,93.00,120.90,"2023-03-31","129334894","PO",4,,,,"","ALMA","SEA330A1",30072,1002,"2023-03-31","2023-04-30","USD",93.00,90,"3XS:10|2XS:20|XS:20|S:10|M:10|L:10|XL:10"
250356,"2022-09-15 08:39:53.45","#SEA331",50.00,68.00,93.00,120.90,"2023-03-31","129334894","PO",4,,,,"","ALMA","SEA331A1",30073,1016,"2023-03-31","2023-04-30","USD",93.00,90,"3XS:10|2XS:20|XS:20|S:10|M:10|L:10|XL:10"
250357,"2022-09-15 08:39:53.45","#SEA332",50.00,68.00,93.00,120.90,"2023-03-31","129334894","PO",4,,,,"","ALMA","SEA332A0",30029,3002,"2023-03-31","2023-04-30","USD",93.00,90,"3XS:10|2XS:20|XS:20|S:10|M:10|L:10|XL:10"
250358,"2022-09-15 08:39:53.45","#SEA333",50.00,68.00,93.00,120.90,"2023-03-31","129334894","PO",4,,,,"","ALMA","SEA333A1",30013,4002,"2023-03-31","2023-04-30","USD",93.00,90,"3XS:10|2XS:20|XS:20|S:10|M:10|L:10|XL:10"
250359,"2022-09-15 08:39:53.45","#SEA334",50.00,68.00,93.00,120.90,"2023-03-31","129334894","PO",4,,,,"","ALMA","SEA334A0",30022,5002,"2023-03-31","2023-04-30","USD",93.00,90,"3XS:10|2XS:20|XS:20|S:10|M:10|L:10|XL:10"
250360,"2022-09-15 08:39:53.45","#SEA335",50.00,68.00,93.00,120.90,"2023-03-31","129334894","PO",4,,,,"","ALMA","SEA335A1",30045,6002,"2023-03-31","2023-04-30","USD",93.00,90,"3XS:10|2XS:20|XS:20|S:10|M:10|L:10|XL:10"
250361,"2022-09-15 08:39:53.45","#SEA336",50.00,68.00,93.00,120.90,"2023-03-31","129334894","PO",4,,,,"","ALMA","SEA336A1",30046,8002,"2023-03-31","2023-04-30","USD",93.00,90,"3XS:10|2XS:20|XS:20|S:10|M:10|L:10|XL:10"
250362,"2022-09-15 08:39:53.45","#SEA337",50.00,68.00,93.00,120.90,"2023-03-31","129334898","PO",4,,,,"","ALMA","SEA337A0",30047,1002,"2023-03-31","2023-04-30","USD",93.00,90,"3XS:10|2XS:20|XS:20|S:10|M:10|L:10|XL:10"
250363,"2022-09-15 08:39:53.45","#SEA338",50.00,68.00,93.00,120.90,"2023-03-31","129334898","PO",4,,,,"","ALMA","SEA338A1",30065,1016,"2023-03-31","2023-04-30","USD",93.00,90,"3XS:10|2XS:20|XS:20|S:10|M:10|L:10|XL:10"
250364,"2022-09-15 08:39:53.45","#SEA339",50.00,68.00,93.00,120.90,"2023-03-31","129334898","PO",4,,,,"","ALMA","SEA339A0",30074,3002,"2023-03-31","2023-04-30","USD",93.00,90,"3XS:10|2XS:20|XS:20|S:10|M:10|L:10|XL:10"
250365,"2022-09-15 08:39:53.45","#SEA340",50.00,68.00,93.00,120.90,"2023-03-31","129334898","PO",4,,,,"","ALMA","SEA340A1",30075,4002,"2023-03-31","2023-04-30","USD",93.00,90,"3XS:10|2XS:20|XS:20|S:10|M:10|L:10|XL:10"
250366,"2022-09-15 08:39:53.45","#SEA341",50.00,68.00,93.00,120.90,"2023-03-31","129334898","PO",4,,,,"","ALMA","SEA341A1",30025,5002,"2023-03-31","2023-04-30","USD",93.00,90,"3XS:10|2XS:20|XS:20|S:10|M:10|L:10|XL:10"
250367,"2022-09-15 08:39:53.45","#SEA342",50.00,68.00,93.00,120.90,"2023-03-31","129334898","PO",4,,,,"","ALMA","SEA342A0",30026,6002,"2023-03-31","2023-04-30","USD",93.00,90,"3XS:10|2XS:20|XS:20|S:10|M:10|L:10|XL:10"
250368,"2022-09-15 08:39:53.45","#SEA343",50.00,68.00,93.00,120.90,"2023-03-31","129334898","PO",4,,,,"","ALMA","SEA343A1",30027,8002,"2023-03-31","2023-04-30","USD",93.00,90,"3XS:10|2XS:20|XS:20|S:10|M:10|L:10|XL:10"
250369,"2022-09-15 08:39:53.45","#SEA344",50.00,68.00,93.00,120.90,"2023-03-31","129334901","PO",4,,,,"","ALMA","SEA344A0",30066,1002,"2023-03-31","2023-04-30","USD",93.00,90,"3XS:10|2XS:20|XS:20|S:10|M:10|L:10|XL:10"
250370,"2022-09-15 08:39:53.45","#SEA345",50.00,68.00,93.00,120.90,"2023-03-31","129334901","PO",4,,,,"","ALMA","SEA345A1",30067,1016,"2023-03-31","2023-04-30","USD",93.00,90,"3XS:10|2XS:20|XS:20|S:10|M:10|L:10|XL:10"
250371,"2022-09-15 08:39:53.45","#SEA346",50.00,68.00,93.00,120.90,"2023-03-31","129334901","PO",4,,,,"","ALMA","SEA346A1",30068,3002,"2023-03-31","2023-04-30","USD",93.00,90,"3XS:10|2XS:20|XS:20|S:10|M:10|L:10|XL:10"
250372,"2022-09-15 08:39:53.45","#SEA347",50.00,68.00,93.00,120.90,"2023-03-31","129334901","PO",4,,,,"","ALMA","SEA347A0",30069,4002,"2023-03-31","2023-04-30","USD",93.00,90,"3XS:10|2XS:20|XS:20|S:10|M:10|L:10|XL:10"
250373,"2022-09-15 08:39:53.45","#SEA348",50.00,68.00,93.00,120.90,"2023-03-31","129334901","PO",4,,,,"","ALMA","SEA348A1",30070,5002,"2023-03-31","2023-04-30","USD",93.00,90,"3XS:10|2XS:20|XS:20|S:10|M:10|L:10|XL:10"
250374,"2022-09-15 08:39:53.45","#SEA349",50.00,68.00,93.00,120.90,"2023-03-31","129334901","PO",4,,,,"","ALMA","SEA349A0",30071,6002,"2023-03-31","2023-04-30","USD",93.00,90,"3XS:10|2XS:20|XS:20|S:10|M:10|L:10|XL:10"
250375,"2022-09-15 08:39:53.45","#SEA350",50.00,68.00,93.00,120.90,"2023-03-31","129334901","PO",4,,,,"","ALMA","SEA350A1",30072,8002,"2023-03-31","2023-04-30","USD",93.00,90,"3XS:10|2XS:20|XS:20|S:10|M:10|L:10|XL:10"
250376,"2022-09-15 08:39:53.45","#SEA351",50.00,68.00,93.00,120.90,"2023-03-31","129334906","PO",4,,,,"","ALMA","SEA351A1",30073,1002,"2023-03-31","2023-04-30","USD",93.00,90,"3XS:10|2XS:20|XS:20|S:10|M:10|L:10|XL:10"
250377,"2022-09-15 08:39:53.45","#SEA352",50.00,68.00,93.00,120.90,"2023-03-31","129334906","PO",4,,,,"","ALMA","SEA352A0",30029,1016,"2023-03-31","2023-04-30","USD",93.00,90,"3XS:10|2XS:20|XS:20|S:10|M:10|L:10|XL:10"
250378,"2022-09-15 08:39:53.45","#SEA353",50.00,68.00,93.00,120.90,"2023-03-31","129334906","PO",4,,,,"","ALMA","SEA353A1",30013,3002,"2023-03-31","2023-04-30","USD",93.00,90,"3XS:10|2XS:20|XS:20|S:10|M:10|L:10|XL:10"
250379,"2022-09-15 08:39:53.45","#SEA354",50.00,68.00,93.00,120.90,"2023-03-31","129334906","PO",4,,,,"","ALMA","SEA354A0",30022,4002,"2023-03-31","2023-04-30","USD",93.00,90,"3XS:10|2XS:20|XS:20|S:10|M:10|L:10|XL:10"
250380,"2022-09-15 08:39:53.45","#SEA355",50.00,68.00,93.00,120.90,"2023-03-31","129334906","PO",4,,,,"","ALMA","SEA355A1",30045,5002,"2023-03-31","2023-04-30","USD",93.00,90,"3XS:10|2XS:20|XS:20|S:10|M:10|L:10|XL:10"
250381,"2022-09-15 08:39:53.45","#SEA356",50.00,68.00,93.00,120.90,"2023-03-31","129334906","PO",4,,,,"","ALMA","SEA356A1",30046,6002,"2023-03-31","2023-04-30","USD",93.00,90,"3XS:10|2XS:20|XS:20|S:10|M:10|L:10|XL:10"
250382,"2022-09-15 08:39:53.45","#SEA357",50.00,68.00,93.00,120.90,"2023-03-31","129334906","PO",4,,,,"","ALMA","SEA357A0",30047,8002,"2023-03-31","2023-04-30","USD",93.00,90,"3XS:10|2XS:20|XS:20|S:10|M:10|L:10|XL:10"
250383,"2022-09-15 08:39:53.45","#SEA358",50.00,68.00,93.00,120.90,"2023-03-31","129334916","PO",4,,,,"","ALMA","SEA358A1",30065,1002,"2023-03-31","2023-04-30","USD",93.00,90,"3XS:10|2XS:20|XS:20|S:10|M:10|L:10|XL:10"
250384,"2022-09-15 08:39:53.45","#SEA359",50.00,68.00,93.00,120.90,"2023-03-31","129334916","PO",4,,,,"","ALMA","SEA359A0",30074,1016,"2023-03-31","2023-04-30","USD",93.00,90,"3XS:10|2XS:20|XS:20|S:10|M:10|L:10|XL:10"
250385,"2022-09-15 08:39:53.45","#SEA360",50.00,68.00,93.00,120.90,"2023-03-31","129334916","PO",4,,,,"","ALMA","SEA360A1",30075,3002,"2023-03-31","2023-04-30","USD",93.00,90,"3XS:10|2XS:20|XS:20|S:10|M:10|L:10|XL:10"
250386,"2022-09-15 08:39:53.45","#SEA361",50.00,68.00,93.00,120.90,"2023-03-31","129334916","PO",4,,,,"","ALMA","SEA361A1",30025,4002,"2023-03-31","2023-04-30","USD",93.00,90,"3XS:10|2XS:20|XS:20|S:10|M:10|L:10|XL:10"
250387,"2022-09-15 08:39:53.45","#SEA362",50.00,68.00,93.00,120.90,"2023-03-31","129334916","PO",4,,,,"","ALMA","SEA362A0",30026,5002,"2023-03-31","2023-04-30","USD",93.00,90,"3XS:10|2XS:20|XS:20|S:10|M:10|L:10|XL:10"
250388,"2022-09-15 08:39:53.45","#SEA363",50.00,68.00,93.00,120.90,"2023-03-31","129334916","PO",4,,,,"","ALMA","SEA363A1",30027,6002,"2023-03-31","2023-04-30","USD",93.00,90,"3XS:10|2XS:20|XS:20|S:10|M:10|L:10|XL:10"
250389,"2022-09-15 08:39:53.45","#SEA364",50.00,68.00,93.00,120.90,"2023-03-31","129334916","PO",4,,,,"","ALMA","SEA364A0",30066,8002,"2023-03-31","2023-04-30","USD",93.00,90,"3XS:10|2XS:20|XS:20|S:10|M:10|L:10|XL:10"
250390,"2022-09-15 08:39:53.45","#SEA365",50.00,68.00,93.00,120.90,"2023-03-31","129334920","PO",4,,,,"","ALMA","SEA365A1",30067,1002,"2023-03-31","2023-04-30","USD",93.00,90,"3XS:10|2XS:20|XS:20|S:10|M:10|L:10|XL:10"
250391,"2022-09-15 08:39:53.45","#SEA366",50.00,68.00,93.00,120.90,"2023-03-31","129334920","PO",4,,,,"","ALMA","SEA366A1",30068,1016,"2023-03-31","2023-04-30","USD",93.00,90,"3XS:10|2XS:20|XS:20|S:10|M:10|L:10|XL:10"
250392,"2022-09-15 08:39:53.45","#SEA367",50.00,68.00,93.00,120.90,"2023-03-31","129334920","PO",4,,,,"","ALMA","SEA367A0",30069,3002,"2023-03-31","2023-04-30","USD",93.00,90,"3XS:10|2XS:20|XS:20|S:10|M:10|L:10|XL:10"
250393,"2022-09-15 08:39:53.45","#SEA368",50.00,68.00,93.00,120.90,"2023-03-31","129334920","PO",4,,,,"","ALMA","SEA368A1",30070,4002,"2023-03-31","2023-04-30","USD",93.00,90,"3XS:10|2XS:20|XS:20|S:10|M:10|L:10|XL:10"
250394,"2022-09-15 08:39:53.45","#SEA369",50.00,68.00,93.00,120.90,"2023-03-31","129334920","PO",4,,,,"","ALMA","SEA369A0",30071,5002,"2023-03-31","2023-04-30","USD",93.00,90,"3XS:10|2XS:20|XS:20|S:10|M:10|L:10|XL:10"
250395,"2022-09-15 08:39:53.45","#SEA370",50.00,68.00,93.00,120.90,"2023-03-31","129334920","PO",4,,,,"","ALMA","SEA370A1",30072,6002,"2023-03-31","2023-04-30","USD",93.00,90,"3XS:10|2XS:20|XS:20|S:10|M:10|L:10|XL:10"
250396,"2022-09-15 08:39:53.45","#SEA371",50.00,68.00,93.00,120.90,"2023-03-31","129334920","PO",4,,,,"","ALMA","SEA371A1",30073,8002,"2023-03-31","2023-04-30","USD",93.00,90,"3XS:10|2XS:20|XS:20|S:10|M:10|L:10|XL:10"
250397,"2022-09-15 08:39:53.45","#SEA372",50.00,68.00,93.00,120.90,"2023-03-31","129334922","PO",4,,,,"","ALMA","SEA372A0",30029,1002,"2023-03-31","2023-04-30","USD",93.00,90,"3XS:10|2XS:20|XS:20|S:10|M:10|L:10|XL:10"
250398,"2022-09-15 08:39:53.45","#SEA373",50.00,68.00,93.00,120.90,"2023-03-31","129334922","PO",4,,,,"","ALMA","SEA373A1",30013,1016,"2023-03-31","2023-04-30","USD",93.00,90,"3XS:10|2XS:20|XS:20|S:10|M:10|L:10|XL:10"
250399,"2022-09-15 08:39:53.45","#SEA374",50.00,68.00,93.00,120.90,"2023-03-31","129334922","PO",4,,,,"","ALMA","SEA374A0",30022,3002,"2023-03-31","2023-04-30","USD",93.00,90,"3XS:10|2XS:20|XS:20|S:10|M:10|L:10|XL:10"
250400,"2022-09-15 08:39:53.45","#SEA375",50.00,68.00,93.00,120.90,"2023-03-31","129334922","PO",4,,,,"","ALMA","SEA375A1",30045,4002,"2023-03-31","2023-04-30","USD",93.00,90,"3XS:10|2XS:20|XS:20|S:10|M:10|L:10|XL:10"
250401,"2022-09-15 08:39:53.45","#SEA376",50.00,68.00,93.00,120.90,"2023-03-31","129334922","PO",4,,,,"","ALMA","SEA376A1",30046,5002,"2023-03-31","2023-04-30","USD",93.00,90,"3XS:10|2XS:20|XS:20|S:10|M:10|L:10|XL:10"
250402,"2022-09-15 08:39:53.45","#SEA377",50.00,68.00,93.00,120.90,"2023-03-31","129334922","PO",4,,,,"","ALMA","SEA377A0",30047,6002,"2023-03-31","2023-04-30","USD",93.00,90,"3XS:10|2XS:20|XS:20|S:10|M:10|L:10|XL:10"
250403,"2022-09-15 08:39:53.45","#SEA378",50.00,68.00,93.00,120.90,"2023-03-31","129334922","PO",4,,,,"","ALMA","SEA378A1",30065,8002,"2023-03-31","2023-04-30","USD",93.00,90,"3XS:10|2XS:20|XS:20|S:10|M:10|L:10|XL:10"
250404,"2022-09-15 08:39:53.45","#SEA379",50.00,68.00,93.00,120.90,"2023-03-31","129334931","PO",4,,,,"","ALMA","SEA379A0",30074,1002,"2023-03-31","2023-04-30","USD",93.00,90,"3XS:10|2XS:20|XS:20|S:10|M:10|L:10|XL:10"
250405,"2022-09-15 08:39:53.45","#SEA380",50.00,68.00,93.00,120.90,"2023-03-31","129334931","PO",4,,,,"","ALMA","SEA380A1",30075,1016,"2023-03-31","2023-04-30","USD",93.00,90,"3XS:10|2XS:20|XS:20|S:10|M:10|L:10|XL:10"
250406,"2022-09-15 08:39:53.45","#SEA381",50.00,68.00,93.00,120.90,"2023-03-31","129334931","PO",4,,,,"","ALMA","SEA381A1",30025,3002,"2023-03-31","2023-04-30","USD",93.00,90,"3XS:10|2XS:20|XS:20|S:10|M:10|L:10|XL:10"
250407,"2022-09-15 08:39:53.45","#SEA382",50.00,68.00,93.00,120.90,"2023-03-31","129334931","PO",4,,,,"","ALMA","SEA382A0",30026,4002,"2023-03-31","2023-04-30","USD",93.00,90,"3XS:10|2XS:20|XS:20|S:10|M:10|L:10|XL:10"
250408,"2022-09-15 08:39:53.45","#SEA383",50.00,68.00,93.00,120.90,"2023-03-31","129334931","PO",4,,,,"","ALMA","SEA383A1",30027,5002,"2023-03-31","2023-04-30","USD",93.00,90,"3XS:10|2XS:20|XS:20|S:10|M:10|L:10|XL:10"
250409,"2022-09-15 08:39:53.45","#SEA384",50.00,68.00,93.00,120.90,"2023-03-31","129334931","PO",4,,,,"","ALMA","SEA384A0",30066,6002,"2023-03-31","2023-04-30","USD",93.00,90,"3XS:10|2XS:20|XS:20|S:10|M:10|L:10|XL:10"
250410,"2022-09-15 08:39:53.45","#SEA385",50.00,68.00,93.00,120.90,"2023-03-31","129334931","PO",4,,,,"","ALMA","SEA385A1",30067,8002,"2023-03-31","2023-04-30","USD",93.00,90,"3XS:10|2XS:20|XS:20|S:10|M:10|L:10|XL:10"
250411,"2022-09-15 08:39:53.45","#SEA386",50.00,68.00,93.00,120.90,"2023-03-31","129334939","PO",4,,,,"","ALMA","SEA386A1",30068,1002,"2023-03-31","2023-04-30","USD",93.00,90,"3XS:10|2XS:20|XS:20|S:10|M:10|L:10|XL:10"
250412,"2022-09-15 08:39:53.45","#SEA387",50.00,68.00,93.00,120.90,"2023-03-31","129334939","PO",4,,,,"","ALMA","SEA387A0",30069,1016,"2023-03-31","2023-04-30","USD",93.00,90,"3XS:10|2XS:20|XS:20|S:10|M:10|L:10|XL:10"
250413,"2022-09-15 08:39:53.45","#SEA388",50.00,68.00,93.00,120.90,"2023-03-31","129334939","PO",4,,,,"","ALMA","SEA388A1",30070,3002,"2023-03-31","2023-04-30","USD",93.00,90,"3XS:10|2XS:20|XS:20|S:10|M:10|L:10|XL:10"
250414,"2022-09-15 08:39:53.45","#SEA389",50.00,68.00,93.00,120.90,"2023-03-31","129334939","PO",4,,,,"","ALMA","SEA389A0",30071,4002,"2023-03-31","2023-04-30","USD",93.00,90,"3XS:10|2XS:20|XS:20|S:10|M:10|L:10|XL:10"
250415,"2022-09-15 08:39:53.45","#SEA390",50.00,68.00,93.00,120.90,"2023-03-31","129334939","PO",4,,,,"","ALMA","SEA390A1",30072,5002,"2023-03-31","2023-04-30","USD",93.00,90,"3XS:10|2XS:20|XS:20|S:10|M:10|L:10|XL:10"
250416,"2022-09-15 08:39:53.45","#SEA391",50.00,68.00,93.00,120.90,"2023-03-31","129334939","PO",4,,,,"","ALMA","SEA391A1",30073,6002,"2023-03-31","2023-04-30","USD",93.00,90,"3XS:10|2XS:20|XS:20|S:10|M:10|L:10|XL:10"
250417,"2022-09-15 08:39:53.45","#SEA392",50.00,68.00,93.00,120.90,"2023-03-31","129334939","PO",4,,,,"","ALMA","SEA392A0",30029,8002,"2023-03-31","2023-04-30","USD",93.00,90,"3XS:10|2XS:20|XS:20|S:10|M:10|L:10|XL:10"
250418,"2022-09-15 08:39:53.45","#SEA393",50.00,68.00,93.00,120.90,"2023-03-31","129334943","PO",4,,,,"","ALMA","SEA393A1",30013,1002,"2023-03-31","2023-04-30","USD",93.00,90,"3XS:10|2XS:20|XS:20|S:10|M:10|L:10|XL:10"
250419,"2022-09-15 08:39:53.45","#SEA394",50.00,68.00,93.00,120.90,"2023-03-31","129334943","PO",4,,,,"","ALMA","SEA394A0",30022,1016,"2023-03-31","2023-04-30","USD",93.00,90,"3XS:10|2XS:20|XS:20|S:10|M:10|L:10|XL:10"
250420,"2022-09-15 08:39:53.45","#SEA395",50.00,68.00,93.00,120.90,"2023-03-31","129334943","PO",4,,,,"","ALMA","SEA395A1",30045,3002,"2023-03-31","2023-04-30","USD",93.00,90,"3XS:10|2XS:20|XS:20|S:10|M:10|L:10|XL:10"
250421,"2022-09-15 08:39:53.45","#SEA396",50.00,68.00,93.00,120.90,"2023-03-31","129334943","PO",4,,,,"","ALMA","SEA396A1",30046,4002,"2023-03-31","2023-04-30","USD",93.00,90,"3XS:10|2XS:20|XS:20|S:10|M:10|L:10|XL:10"
250422,"2022-09-15 08:39:53.45","#SEA397",50.00,68.00,93.00,120.90,"2023-03-31","129334943","PO",4,,,,"","ALMA","SEA397A0",30047,5002,"2023-03-31","2023-04-30","USD",93.00,90,"3XS:10|2XS:20|XS:20|S:10|M:10|L:10|XL:10"
250423,"2022-09-15 08:39:53.45","#SEA398",50.00,68.00,93.00,120.90,"2023-03-31","129334943","PO",4,,,,"","ALMA","SEA398A1",30065,6002,"2023-03-31","2023-04-30","USD",93.00,90,"3XS:10|2XS:20|XS:20|S:10|M:10|L:10|XL:10"
250424,"2022-09-15 08:39:53.45","#SEA399",50.00,68.00,93.00,120.90,"2023-03-31","129334943","PO",4,,,,"","ALMA","SEA399A0",30074,8002,"2023-03-31","2023-04-30","USD",93.00,90,"3XS:10|2XS:20|XS:20|S:10|M:10|L:10|XL:10"
250425,"2022-09-15 08:39:53.45","#SEA400",50.00,68.00,93.00,120.90,"2023-03-31","129334946","PO",4,,,,"","ALMA","SEA400A1",30075,1002,"2023-03-31","2023-04-30","USD",93.00,90,"3XS:10|2XS:20|XS:20|S:10|M:10|L:10|XL:10"
250426,"2022-09-15 08:39:53.45","#SEA401",50.00,68.00,93.00,120.90,"2023-03-31","129334946","PO",4,,,,"","ALMA","SEA401A1",30025,1016,"2023-03-31","2023-04-30","USD",93.00,90,"3XS:10|2XS:20|XS:20|S:10|M:10|L:10|XL:10"
250427,"2022-09-15 08:39:53.45","#SEA402",50.00,68.00,93.00,120.90,"2023-03-31","129334946","PO",4,,,,"","ALMA","SEA402A0",30026,3002,"2023-03-31","2023-04-30","USD",93.00,90,"3XS:10|2XS:20|XS:20|S:10|M:10|L:10|XL:10"
250428,"2022-09-15 08:39:53.45","#SEA403",50.00,68.00,93.00,120.90,"2023-03-31","129334946","PO",4,,,,"","ALMA","SEA403A1",30027,4002,"2023-03-31","2023-04-30","USD",93.00,90,"3XS:10|2XS:20|XS:20|S:10|M:10|L:10|XL:10"
250429,"2022-09-15 08:39:53.45","#SEA404",50.00,68.00,93.00,120.90,"2023-03-31","129334946","PO",4,,,,"","ALMA","SEA404A0",30066,5002,"2023-03-31","2023-04-30","USD",93.00,90,"3XS:10|2XS:20|XS:20|S:10|M:10|L:10|XL:10"
250430,"2022-09-15 08:39:53.45","#SEA405",50.00,68.00,93.00,120.90,"2023-03-31","129334946","PO",4,,,,"","ALMA","SEA405A1",30067,6002,"2023-03-31","2023-04-30","USD",93.00,90,"3XS:10|2XS:20|XS:20|S:10|M:10|L:10|XL:10"
250431,"2022-09-15 08:39:53.45","#SEA406",50.00,68.00,93.00,120.90,"2023-03-31","129334946","PO",4,,,,"","ALMA","SEA406A1",30068,8002,"2023-03-31","2023-04-30","USD",93.00,90,"3XS:10|2XS:20|XS:20|S:10|M:10|L:10|XL:10"
250432,"2022-09-15 08:39:53.45","#SEA407",50.00,68.00,93.00,120.90,"2023-03-31","129334949","PO",4,,,,"","ALMA","SEA407A0",30069,1002,"2023-03-31","2023-04-30","USD",93.00,90,"3XS:10|2XS:20|XS:20|S:10|M:10|L:10|XL:10"
250433,"2022-09-15 08:39:53.45","#SEA408",50.00,68.00,93.00,120.90,"2023-03-31","129334949","PO",4,,,,"","ALMA","SEA408A1",30070,1016,"2023-03-31","2023-04-30","USD",93.00,90,"3XS:10|2XS:20|XS:20|S:10|M:10|L:10|XL:10"
250434,"2022-09-15 08:39:53.45","#SEA409",50.00,68.00,93.00,120.90,"2023-03-31","129334949","PO",4,,,,"","ALMA","SEA409A0",30071,3002,"2023-03-31","2023-04-30","USD",93.00,90,"3XS:10|2XS:20|XS:20|S:10|M:10|L:10|XL:10"
250435,"2022-09-15 08:39:53.45","#SEA410",50.00,68.00,93.00,120.90,"2023-03-31","129334949","PO",4,,,,"","ALMA","SEA410A1",30072,4002,"2023-03-31","2023-04-30","USD",93.00,90,"3XS:10|2XS:20|XS:20|S:10|M:10|L:10|XL:10"
250436,"2022-09-15 08:39:53.45","#SEA411",50.00,68.00,93.00,120.90,"2023-03-31","129334949","PO",4,,,,"","ALMA","SEA411A1",30073,5002,"2023-03-31","2023-04-30","USD",93.00,90,"3XS:10|2XS:20|XS:20|S:10|M:10|L:10|XL:10"
250437,"2022-09-15 08:39:53.45","#SEA412",50.00,68.00,93.00,120.90,"2023-03-31","129334949","PO",4,,,,"","ALMA","SEA412A0",30029,6002,"2023-03-31","2023-04-30","USD",93.00,90,"3XS:10|2XS:20|XS:20|S:10|M:10|L:10|XL:10"
250438,"2022-09-15 08:39:53.45","#SEA413",50.00,68.00,93.00,120.90,"2023-03-31","129334949","PO",4,,,,"","ALMA","SEA413A1",30013,8002,"2023-03-31","2023-04-30","USD",93.00,90,"3XS:10|2XS:20|XS:20|S:10|M:10|L:10|XL:10"
250439,"2022-09-15 08:39:53.45","#SEA414",50.00,68.00,93.00,120.90,"2023-03-31","129334950","PO",4,,,,"","ALMA","SEA414A0",30022,1002,"2023-03-31","2023-04-30","USD",93.00,90,"3XS:10|2XS:20|XS:20|S:10|M:10|L:10|XL:10"
250440,"2022-09-15 08:39:53.45","#SEA415",50.00,68.00,93.00,120.90,"2023-03-31","129334950","PO",4,,,,"","ALMA","SEA415A1",30045,1016,"2023-03-31","2023-04-30","USD",93.00,90,"3XS:10|2XS:20|XS:20|S:10|M:10|L:10|XL:10"
250441,"2022-09-15 08:39:53.45","#SEA416",50.00,68.00,93.00,120.90,"2023-03-31","129334950","PO",4,,,,"","ALMA","SEA416A1",30046,3002,"2023-03-31","2023-04-30","USD",93.00,90,"3XS:10|2XS:20|XS:20|S:10|M:10|L:10|XL:10"
250442,"2022-09-15 08:39:53.45","#SEA417",50.00,68.00,93.00,120.90,"2023-03-31","129334950","PO",4,,,,"","ALMA","SEA417A0",30047,4002,"2023-03-31","2023-04-30","USD",93.00,90,"3XS:10|2XS:20|XS:20|S:10|M:10|L:10|XL:10"
250443,"2022-09-15 08:39:53.45","#SEA418",50.00,68.00,93.00,120.90,"2023-03-31","129334950","PO",4,,,,"","ALMA","SEA418A1",30065,5002,"2023-03-31","2023-04-30","USD",93.00,90,"3XS:10|2XS:20|XS:20|S:10|M:10|L:10|XL:10"
250444,"2022-09-15 08:39:53.45","#SEA419",50.00,68.00,93.00,120.90,"2023-03-31","129334950","PO",4,,,,"","ALMA","SEA419A0",30074,6002,"2023-03-31","2023-04-30","USD",93.00,90,"3XS:10|2XS:20|XS:20|S:10|M:10|L:10|XL:10"
250445,"2022-09-15 08:39:53.45","#SEA420",50.00,68.00,93.00,120.90,"2023-03-31","129334950","PO",4,,,,"","ALMA","SEA420A1",30075,8002,"2023-03-31","2023-04-30","USD",93.00,90,"3XS:10|2XS:20|XS:20|S:10|M:10|L:10|XL:10"
250446,"2022-09-15 08:39:53.45","#SEA421",50.00,68.00,93.00,120.90,"2023-03-31","129334967","PO",4,,,,"","ALMA","SEA421A1",30025,1002,"2023-03-31","2023-04-30","USD",93.00,90,"3XS:10|2XS:20|XS:20|S:10|M:10|L:10|XL:10"
250447,"2022-09-15 08:39:53.45","#SEA422",50.00,68.00,93.00,120.90,"2023-03-31","129334967","PO",4,,,,"","ALMA","SEA422A0",30026,1016,"2023-03-31","2023-04-30","USD",93.00,90,"3XS:10|2XS:20|XS:20|S:10|M:10|L:10|XL:10"
250448,"2022-09-15 08:39:53.45","#SEA423",50.00,68.00,93.00,120.90,"2023-03-31","129334967","PO",4,,,,"","ALMA","SEA423A1",30027,3002,"2023-03-31","2023-04-30","USD",93.00,90,"3XS:10|2XS:20|XS:20|S:10|M:10|L:10|XL:10"
250449,"2022-09-15 08:39:53.45","#SEA424",50.00,68.00,93.00,120.90,"2023-03-31","129334967","PO",4,,,,"","ALMA","SEA424A0",30066,4002,"2023-03-31","2023-04-30","USD",93.00,90,"3XS:10|2XS:20|XS:20|S:10|M:10|L:10|XL:10"
250450,"2022-09-15 08:39:53.45","#SEA425",50.00,68.00,93.00,120.90,"2023-03-31","129334967","PO",4,,,,"","ALMA","SEA425A1",30067,5002,"2023-03-31","2023-04-30","USD",93.00,90,"3XS:10|2XS:20|XS:20|S:10|M:10|L:10|XL:10"
250451,"2022-09-15 08:39:53.45","#SEA426",50.00,68.00,93.00,120.90,"2023-03-31","129334967","PO",4,,,,"","ALMA","SEA426A1",30068,6002,"2023-03-31","2023-04-30","USD",93.00,90,"3XS:10|2XS:20|XS:20|S:10|M:10|L:10|XL:10"
250452,"2022-09-15 08:39:53.45","#SEA427",50.00,68.00,93.00,120.90,"2023-03-31","129334967","PO",4,,,,"","ALMA","SEA427A0",30069,8002,"2023-03-31","2023-04-30","USD",93.00,90,"3XS:10|2XS:20|XS:20|S:10|M:10|L:10|XL:10"
250453,"2022-09-15 08:39:53.45","#SEA428",50.00,68.00,93.00,120.90,"2023-03-31","129334971","PO",4,,,,"","ALMA","SEA428A1",30070,1002,"2023-03-31","2023-04-30","USD",93.00,90,"3XS:10|2XS:20|XS:20|S:10|M:10|L:10|XL:10"
250454,"2022-09-15 08:39:53.45","#SEA429",50.00,68.00,93.00,120.90,"2023-03-31","129334971","PO",4,,,,"","ALMA","SEA429A0",30071,1016,"2023-03-31","2023-04-30","USD",93.00,90,"3XS:10|2XS:20|XS:20|S:10|M:10|L:10|XL:10"
250455,"2022-09-15 08:39:53.45","#SEA430",50.00,68.00,93.00,120.90,"2023-03-31","129334971","PO",4,,,,"","ALMA","SEA430A1",30072,3002,"2023-03-31","2023-04-30","USD",93.00,90,"3XS:10|2XS:20|XS:20|S:10|M:10|L:10|XL:10"
250456,"2022-09-15 08:39:53.45","#SEA431",50.00,68.00,93.00,120.90,"2023-03-31","129334971","PO",4,,,,"","ALMA","SEA431A1",30073,4002,"2023-03-31","2023-04-30","USD",93.00,90,"3XS:10|2XS:20|XS:20|S:10|M:10|L:10|XL:10"
250457,"2022-09-15 08:39:53.45","#SEA432",50.00,68.00,93.00,120.90,"2023-03-31","129334971","PO",4,,,,"","ALMA","SEA432A0",30029,5002,"2023-03-31","2023-04-30","USD",93.00,90,"3XS:10|2XS:20|XS:20|S:10|M:10|L:10|XL:10"
250458,"2022-09-15 08:39:53.45","#SEA433",50.00,68.00,93.00,120.90,"2023-03-31","129334971","PO",4,,,,"","ALMA","SEA433A1",30013,6002,"2023-03-31","2023-04-30","USD",93.00,90,"3XS:10|2XS:20|XS:20|S:10|M:10|L:10|XL:10"
250459,"2022-09-15 08:39:53.45","#SEA434",50.00,68.00,93.00,120.90,"2023-03-31","129334971","PO",4,,,,"","ALMA","SEA434A0",30022,8002,"2023-03-31","2023-04-30","USD",93.00,90,"3XS:10|2XS:20|XS:20|S:10|M:10|L:10|XL:10"
250460,"2022-09-15 08:39:53.45","#SEA435",50.00,68.00,93.00,120.90,"2023-03-31","129334981","PO",4,,,,"","ALMA","SEA435A1",30045,1002,"2023-03-31","2023-04-30","USD",93.00,90,"3XS:10|2XS:20|XS:20|S:10|M:10|L:10|XL:10"
250461,"2022-09-15 08:39:53.45","#SEA436",50.00,68.00,93.00,120.90,"2023-03-31","129334981","PO",4,,,,"","ALMA","SEA436A1",30046,1016,"2023-03-31","2023-04-30","USD",93.00,90,"3XS:10|2XS:20|XS:20|S:10|M:10|L:10|XL:10"
250462,"2022-09-15 08:39:53.45","#SEA437",50.00,68.00,93.00,120.90,"2023-03-31","129334981","PO",4,,,,"","ALMA","SEA437A0",30047,3002,"2023-03-31","2023-04-30","USD",93.00,90,"3XS:10|2XS:20|XS:20|S:10|M:10|L:10|XL:10"
250463,"2022-09-15 08:39:53.45","#SEA438",50.00,68.00,93.00,120.90,"2023-03-31","129334981","PO",4,,,,"","ALMA","SEA438A1",30065,4002,"2023-03-31","2023-04-30","USD",93.00,90,"3XS:10|2XS:20|XS:20|S:10|M:10|L:10|XL:10"
250464,"2022-09-15 08:39:53.45","#SEA439",50.00,68.00,93.00,120.90,"2023-03-31","129334981","PO",4,,,,"","ALMA","SEA439A0",30074,5002,"2023-03-31","2023-04-30","USD",93.00,90,"3XS:10|2XS:20|XS:20|S:10|M:10|L:10|XL:10"
250465,"2022-09-15 08:39:53.45","#SEA440",50.00,68.00,93.00,120.90,"2023-03-31","129334981","PO",4,,,,"","ALMA","SEA440A1",30075,6002,"2023-03-31","2023-04-30","USD",93.00,90,"3XS:10|2XS:20|XS:20|S:10|M:10|L:10|XL:10"
250466,"2022-09-15 08:39:53.45","#SEA441",50.00,68.00,93.00,120.90,"2023-03-31","129334981","PO",4,,,,"","ALMA","SEA441A1",30025,8002,"2023-03-31","2023-04-30","USD",93.00,90,"3XS:10|2XS:20|XS:20|S:10|M:10|L:10|XL:10"
250467,"2022-09-15 08:39:53.45","#SEA442",50.00,68.00,93.00,120.90,"2023-03-31","129334986","PO",4,,,,"","ALMA","SEA442A0",30026,1002,"2023-03-31","2023-04-30","USD",93.00,90,"3XS:10|2XS:20|XS:20|S:10|M:10|L:10|XL:10"
250468,"2022-09-15 08:39:53.45","#SEA443",50.00,68.00,93.00,120.90,"2023-03-31","129334986","PO",4,,,,"","ALMA","SEA443A1",30027,1016,"2023-03-31","2023-04-30","USD",93.00,90,"3XS:10|2XS:20|XS:20|S:10|M:10|L:10|XL:10"
250469,"2022-09-15 08:39:53.45","#SEA444",50.00,68.00,93.00,120.90,"2023-03-31","129334986","PO",4,,,,"","ALMA","SEA444A0",30066,3002,"2023-03-31","2023-04-30","USD",93.00,90,"3XS:10|2XS:20|XS:20|S:10|M:10|L:10|XL:10"
250470,"2022-09-15 08:39:53.45","#SEA445",50.00,68.00,93.00,120.90,"2023-03-31","129334986","PO",4,,,,"","ALMA","SEA445A1",30067,4002,"2023-03-31","2023-04-30","USD",93.00,90,"3XS:10|2XS:20|XS:20|S:10|M:10|L:10|XL:10"
250471,"2022-09-15 08:39:53.45","#SEA446",50.00,68.00,93.00,120.90,"2023-03-31","129334986","PO",4,,,,"","ALMA","SEA446A1",30068,5002,"2023-03-31","2023-04-30","USD",93.00,90,"3XS:10|2XS:20|XS:20|S:10|M:10|L:10|XL:10"
250472,"2022-09-15 08:39:53.45","#SEA447",50.00,68.00,93.00,120.90,"2023-03-31","129334986","PO",4,,,,"","ALMA","SEA447A0",30069,6002,"2023-03-31","2023-04-30","USD",93.00,90,"3XS:10|2XS:20|XS:20|S:10|M:10|L:10|XL:10"
250473,"2022-09-15 08:39:53.45","#SEA448",50.00,68.00,93.00,120.90,"2023-03-31","129334986","PO",4,,,,"","ALMA","SEA448A1",30070,8002,"2023-03-31","2023-04-30","USD",93.00,90,"3XS:10|2XS:20|XS:20|S:10|M:10|L:10|XL:10"
250474,"2022-09-15 08:39:53.45","#SEA449",50.00,68.00,93.00,120.90,"2023-03-31","129334993","PO",4,,,,"","ALMA","SEA449A0",30071,1002,"2023-03-31","2023-04-30","USD",93.00,90,"3XS:10|2XS:20|XS:20|S:10|M:10|L:10|XL:10"
250475,"2022-09-15 08:39:53.45","#SEA450",50.00,68.00,93.00,120.90,"2023-03-31","129334993","PO",4,,,,"","ALMA","SEA450A1",30072,1016,"2023-03-31","2023-04-30","USD",93.00,90,"3XS:10|2XS:20|XS:20|S:10|M:10|L:10|XL:10"
250476,"2022-09-15 08:39:53.45","#SEA451",50.00,68.00,93.00,120.90,"2023-03-31","129334993","PO",4,,,,"","ALMA","SEA451A1",30073,3002,"2023-03-31","2023-04-30","USD",93.00,90,"3XS:10|2XS:20|XS:20|S:10|M:10|L:10|XL:10"
250477,"2022-09-15 08:39:53.45","#SEA452",50.00,68.00,93.00,120.90,"2023-03-31","129334993","PO",4,,,,"","ALMA","SEA452A0",30029,4002,"2023-03-31","2023-04-30","USD",93.00,90,"3XS:10|2XS:20|XS:20|S:10|M:10|L:10|XL:10"
250478,"2022-09-15 08:39:53.45","#SEA453",50.00,68.00,93.00,120.90,"2023-03-31","129334993","PO",4,,,,"","ALMA","SEA453A1",30013,5002,"2023-03-31","2023-04-30","USD",93.00,90,"3XS:10|2XS:20|XS:20|S:10|M:10|L:10|XL:10"
250479,"2022-09-15 08:39:53.45","#SEA454",50.00,68.00,93.00,120.90,"2023-03-31","129334993","PO",4,,,,"","ALMA","SEA454A0",30022,6002,"2023-03-31","2023-04-30","USD",93.00,90,"3XS:10|2XS:20|XS:20|S:10|M:10|L:10|XL:10"
250480,"2022-09-15 08:39:53.45","#SEA455",50.00,68.00,93.00,120.90,"2023-03-31","129334993","PO",4,,,,"","ALMA","SEA455A1",30045,8002,"2023-03-31","2023-04-30","USD",93.00,90,"3XS:10|2XS:20|XS:20|S:10|M:10|L:10|XL:10"
250481,"2022-09-15 08:39:53.45","#SEA456",50.00,68.00,93.00,120.90,"2023-03-31","129335000","PO",4,,,,"","ALMA","SEA456A1",30046,1002,"2023-03-31","2023-04-30","USD",93.00,90,"3XS:10|2XS:20|XS:20|S:10|M:10|L:10|XL:10"
250482,"2022-09-15 08:39:53.45","#SEA457",50.00,68.00,93.00,120.90,"2023-03-31","129335000","PO",4,,,,"","ALMA","SEA457A0",30047,1016,"2023-03-31","2023-04-30","USD",93.00,90,"3XS:10|2XS:20|XS:20|S:10|M:10|L:10|XL:10"
250483,"2022-09-15 08:39:53.45","#SEA458",50.00,68.00,93.00,120.90,"2023-03-31","129335000","PO",4,,,,"","ALMA","SEA458A1",30065,3002,"2023-03-31","2023-04-30","USD",93.00,90,"3XS:10|2XS:20|XS:20|S:10|M:10|L:10|XL:10"
250484,"2022-09-15 08:39:53.45","#SEA459",50.00,68.00,93.00,120.90,"2023-03-31","129335000","PO",4,,,,"","ALMA","SEA459A0",30074,4002,"2023-03-31","2023-04-30","USD",93.00,90,"3XS:10|2XS:20|XS:20|S:10|M:10|L:10|XL:10"
250485,"2022-09-15 08:39:53.45","#SEA460",50.00,68.00,93.00,120.90,"2023-03-31","129335000","PO",4,,,,"","ALMA","SEA460A1",30075,5002,"2023-03-31","2023-04-30","USD",93.00,90,"3XS:10|2XS:20|XS:20|S:10|M:10|L:10|XL:10"
250486,"2022-09-15 08:39:53.45","#SEA461",50.00,68.00,93.00,120.90,"2023-03-31","129335000","PO",4,,,,"","ALMA","SEA461A1",30025,6002,"2023-03-31","2023-04-30","USD",93.00,90,"3XS:10|2XS:20|XS:20|S:10|M:10|L:10|XL:10"
250487,"2022-09-15 08:39:53.45","#SEA462",50.00,68.00,93.00,120.90,"2023-03-31","129335000","PO",4,,,,"","ALMA","SEA462A0",30026,8002,"2023-03-31","2023-04-30","USD",93.00,90,"3XS:10|2XS:20|XS:20|S:10|M:10|L:10|XL:10"
250488,"2022-09-15 08:39:53.45","#SEA463",50.00,68.00,93.00,120.90,"2023-03-31","129335002","PO",4,,,,"","ALMA","SEA463A1",30027,1002,"2023-03-31","2023-04-30","USD",93.00,90,"3XS:10|2XS:20|XS:20|S:10|M:10|L:10|XL:10"
250489,"2022-09-15 08:39:53.45","#SEA464",50.00,68.00,93.00,120.90,"2023-03-31","129335002","PO",4,,,,"","ALMA","SEA464A0",30066,1016,"2023-03-31","2023-04-30","USD",93.00,90,"3XS:10|2XS:20|XS:20|S:10|M:10|L:10|XL:10"
250490,"2022-09-15 08:39:53.45","#SEA465",50.00,68.00,93.00,120.90,"2023-03-31","129335002","PO",4,,,,"","ALMA","SEA465A1",30067,3002,"2023-03-31","2023-04-30","USD",93.00,90,"3XS:10|2XS:20|XS:20|S:10|M:10|L:10|XL:10"
250491,"2022-09-15 08:39:53.45","#SEA466",50.00,68.00,93.00,120.90,"2023-03-31","129335002","PO",4,,,,"","ALMA","SEA466A1",30068,4002,"2023-03-31","2023-04-30","USD",93.00,90,"3XS:10|2XS:20|XS:20|S:10|M:10|L:10|XL:10"
250492,"2022-09-15 08:39:53.45","#SEA467",50.00,68.00,93.00,120.90,"2023-03-31","129335002","PO",4,,,,"","ALMA","SEA467A0",30069,5002,"2023-03-31","2023-04-30","USD",93.00,90,"3XS:10|2XS:20|XS:20|S:10|M:10|L:10|XL:10"
250493,"2022-09-15 08:39:53.45","#SEA468",50.00,68.00,93.00,120.90,"2023-03-31","129335002","PO",4,,,,"","ALMA","SEA468A1",30070,6002,"2023-03-31","2023-04-30","USD",93.00,90,"3XS:10|2XS:20|XS:20|S:10|M:10|L:10|XL:10"
250494,"2022-09-15 08:39:53.45","#SEA469",50.00,68.00,93.00,120.90,"2023-03-31","129335002","PO",4,,,,"","ALMA","SEA469A0",30071,8002,"2023-03-31","2023-04-30","USD",93.00,90,"3XS:10|2XS:20|XS:20|S:10|M:10|L:10|XL:10"
250495,"2022-09-15 08:39:53.45","#SEA470",50.00,68.00,93.00,120.90,"2023-03-31","129335010","PO",4,,,,"","ALMA","SEA470A1",30072,1002,"2023-03-31","2023-04-30","USD",93.00,90,"3XS:10|2XS:20|XS:20|S:10|M:10|L:10|XL:10"
250496,"2022-09-15 08:39:53.45","#SEA471",50.00,68.00,93.00,120.90,"2023-03-31","129335010","PO",4,,,,"","ALMA","SEA471A1",30073,1016,"2023-03-31","2023-04-30","USD",93.00,90,"3XS:10|2XS:20|XS:20|S:10|M:10|L:10|XL:10"
250497,"2022-09-15 08:39:53.45","#SEA472",50.00,68.00,93.00,120.90,"2023-03-31","129335010","PO",4,,,,"","ALMA","SEA472A0",30029,3002,"2023-03-31","2023-04-30","USD",93.00,90,"3XS:10|2XS:20|XS:20|S:10|M:10|L:10|XL:10"
250498,"2022-09-15 08:39:53.45","#SEA473",50.00,68.00,93.00,120.90,"2023-03-31","129335010","PO",4,,,,"","ALMA","SEA473A1",30013,4002,"2023-03-31","2023-04-30","USD",93.00,90,"3XS:10|2XS:20|XS:20|S:10|M:10|L:10|XL:10"
250499,"2022-09-15 08:39:53.45","#SEA474",50.00,68.00,93.00,120.90,"2023-03-31","129335010","PO",4,,,,"","ALMA","SEA474A0",30022,5002,"2023-03-31","2023-04-30","USD",93.00,90,"3XS:10|2XS:20|XS:20|S:10|M:10|L:10|XL:10"
250500,"2022-09-15 08:39:53.45","#SEA475",50.00,68.00,93.00,120.90,"2023-03-31","129335010","PO",4,,,,"","ALMA","SEA475A1",30045,6002,"2023-03-31","2023-04-30","USD",93.00,90,"3XS:10|2XS:20|XS:20|S:10|M:10|L:10|XL:10"
250501,"2022-09-15 08:39:53.45","#SEA476",50.00,68.00,93.00,120.90,"2023-03-31","129335010","PO",4,,,,"","ALMA","SEA476A1",30046,8002,"2023-03-31","2023-04-30","USD",93.00,90,"3XS:10|2XS:20|XS:20|S:10|M:10|L:10|XL:10"
250502,"2022-09-15 08:39:53.45","#SEA477",50.00,68.00,93.00,120.90,"2023-03-31","129335011","PO",4,,,,"","ALMA","SEA477A0",30047,1002,"2023-03-31","2023-04-30","USD",93.00,90,"3XS:10|2XS:20|XS:20|S:10|M:10|L:10|XL:10"
250503,"2022-09-15 08:39:53.45","#SEA478",50.00,68.00,93.00,120.90,"2023-03-31","129335011","PO",4,,,,"","ALMA","SEA478A1",30065,1016,"2023-03-31","2023-04-30","USD",93.00,90,"3XS:10|2XS:20|XS:20|S:10|M:10|L:10|XL:10"
250504,"2022-09-15 08:39:53.45","#SEA479",50.00,68.00,93.00,120.90,"2023-03-31","129335011","PO",4,,,,"","ALMA","SEA479A0",30074,3002,"2023-03-31","2023-04-30","USD",93.00,90,"3XS:10|2XS:20|XS:20|S:10|M:10|L:10|XL:10"
250505,"2022-09-15 08:39:53.45","#SEA480",50.00,68.00,93.00,120.90,"2023-03-31","129335011","PO",4,,,,"","ALMA","SEA480A1",30075,4002,"2023-03-31","2023-04-30","USD",93.00,90,"3XS:10|2XS:20|XS:20|S:10|M:10|L:10|XL:10"
250506,"2022-09-15 08:39:53.45","#SEA481",50.00,68.00,93.00,120.90,"2023-03-31","129335011","PO",4,,,,"","ALMA","SEA481A1",30025,5002,"2023-03-31","2023-04-30","USD",93.00,90,"3XS:10|2XS:20|XS:20|S:10|M:10|L:10|XL:10"
250507,"2022-09-15 08:39:53.45","#SEA482",50.00,68.00,93.00,120.90,"2023-03-31","129335011","PO",4,,,,"","ALMA","SEA482A0",30026,6002,"2023-03-31","2023-04-30","USD",93.00,90,"3XS:10|2XS:20|XS:20|S:10|M:10|L:10|XL:10"
250508,"2022-09-15 08:39:53.45","#SEA483",50.00,68.00,93.00,120.90,"2023-03-31","129335011","PO",4,,,,"","ALMA","SEA483A1",30027,8002,"2023-03-31","2023-04-30","USD",93.00,90,"3XS:10|2XS:20|XS:20|S:10|M:10|L:10|XL:10"
250509,"2022-09-15 08:39:53.45","#SEA484",50.00,68.00,93.00,120.90,"2023-03-31","129335016","PO",4,,,,"","ALMA","SEA484A0",30066,1002,"2023-03-31","2023-04-30","USD",93.00,90,"3XS:10|2XS:20|XS:20|S:10|M:10|L:10|XL:10"
250510,"2022-09-15 08:39:53.45","#SEA485",50.00,68.00,93.00,120.90,"2023-03-31","129335016","PO",4,,,,"","ALMA","SEA485A1",30067,1016,"2023-03-31","2023-04-30","USD",93.00,90,"3XS:10|2XS:20|XS:20|S:10|M:10|L:10|XL:10"
250511,"2022-09-15 08:39:53.45","#SEA486",50.00,68.00,93.00,120.90,"2023-03-31","129335016","PO",4,,,,"","ALMA","SEA486A1",30068,3002,"2023-03-31","2023-04-30","USD",93.00,90,"3XS:10|2XS:20|XS:20|S:10|M:10|L:10|XL:10"
250512,"2022-09-15 08:39:53.45","#SEA487",50.00,68.00,93.00,120.90,"2023-03-31","129335016","PO",4,,,,"","ALMA","SEA487A0",30069,4002,"2023-03-31","2023-04-30","USD",93.00,90,"3XS:10|2XS:20|XS:20|S:10|M:10|L:10|XL:10"
250513,"2022-09-15 08:39:53.45","#SEA488",50.00,68.00,93.00,120.90,"2023-03-31","129335016","PO",4,,,,"","ALMA","SEA488A1",30070,5002,"2023-03-31","2023-04-30","USD",93.00,90,"3XS:10|2XS:20|XS:20|S:10|M:10|L:10|XL:10"
250514,"2022-09-15 08:39:53.45","#SEA489",50.00,68.00,93.00,120.90,"2023-03-31","129335016","PO",4,,,,"","ALMA","SEA489A0",30071,6002,"2023-03-31","2023-04-30","USD",93.00,90,"3XS:10|2XS:20|XS:20|S:10|M:10|L:10|XL:10"
250515,"2022-09-15 08:39:53.45","#SEA490",50.00,68.00,93.00,120.90,"2023-03-31","129335016","PO",4,,,,"","ALMA","SEA490A1",30072,8002,"2023-03-31","2023-04-30","USD",93.00,90,"3XS:10|2XS:20|XS:20|S:10|M:10|L:10|XL:10"
250516,"2022-09-15 08:39:53.45","#SEA491",50.00,68.00,93.00,120.90,"2023-03-31","129335019","PO",4,,,,"","ALMA","SEA491A1",30073,1002,"2023-03-31","2023-04-30","USD",93.00,90,"3XS:10|2XS:20|XS:20|S:10|M:10|L:10|XL:10"
250517,"2022-09-15 08:39:53.45","#SEA492",50.00,68.00,93.00,120.90,"2023-03-31","129335019","PO",4,,,,"","ALMA","SEA492A0",30029,1016,"2023-03-31","2023-04-30","USD",93.00,90,"3XS:10|2XS:20|XS:20|S:10|M:10|L:10|XL:10"
250518,"2022-09-15 08:39:53.45","#SEA493",50.00,68.00,93.00,120.90,"2023-03-31","129335019","PO",4,,,,"","ALMA","SEA493A1",30013,3002,"2023-03-31","2023-04-30","USD",93.00,90,"3XS:10|2XS:20|XS:20|S:10|M:10|L:10|XL:10"
250519,"2022-09-15 08:39:53.45","#SEA494",50.00,68.00,93.00,120.90,"2023-03-31","129335019","PO",4,,,,"","ALMA","SEA494A0",30022,4002,"2023-03-31","2023-04-30","USD",93.00,90,"3XS:10|2XS:20|XS:20|S:10|M:10|L:10|XL:10"
250520,"2022-09-15 08:39:53.45","#SEA495",50.00,68.00,93.00,120.90,"2023-03-31","129335019","PO",4,,,,"","ALMA","SEA495A1",30045,5002,"2023-03-31","2023-04-30","USD",93.00,90,"3XS:10|2XS:20|XS:20|S:10|M:10|L:10|XL:10"
250521,"2022-09-15 08:39:53.45","#SEA496",50.00,68.00,93.00,120.90,"2023-03-31","129335019","PO",4,,,,"","ALMA","SEA496A1",30046,6002,"2023-03-31","2023-04-30","USD",93.00,90,"3XS:10|2XS:20|XS:20|S:10|M:10|L:10|XL:10"
250522,"2022-09-15 08:39:53.45","#SEA497",50.00,68.00,93.00,120.90,"2023-03-31","129335019","PO",4,,,,"","ALMA","SEA497A0",30047,8002,"2023-03-31","2023-04-30","USD",93.00,90,"3XS:10|2XS:20|XS:20|S:10|M:10|L:10|XL:10"
250523,"2022-09-15 08:39:53.45","#SEA498",50.00,68.00,93.00,120.90,"2023-03-31","129335025","PO",4,,,,"","ALMA","SEA498A1",30065,1002,"2023-03-31","2023-04-30","USD",93.00,90,"3XS:10|2XS:20|XS:20|S:10|M:10|L:10|XL:10"
250524,"2022-09-15 08:39:53.45","#SEA499",50.00,68.00,93.00,120.90,"2023-03-31","129335025","PO",4,,,,"","ALMA","SEA499A0",30074,1016,"2023-03-31","2023-04-30","USD",93.00,90,"3XS:10|2XS:20|XS:20|S:10|M:10|L:10|XL:10"
250525,"2022-09-15 08:39:53.45","#SEA500",50.00,68.00,93.00,120.90,"2023-03-31","129335025","PO",4,,,,"","ALMA","SEA500A1",30075,3002,"2023-03-31","2023-04-30","USD",93.00,90,"3XS:10|2XS:20|XS:20|S:10|M:10|L:10|XL:10"
250526,"2022-09-15 08:39:53.45","#SEA501",50.00,68.00,93.00,120.90,"2023-03-31","129335025","PO",4,,,,"","ALMA","SEA501A1",30025,4002,"2023-03-31","2023-04-30","USD",93.00,90,"3XS:10|2XS:20|XS:20|S:10|M:10|L:10|XL:10"
250527,"2022-09-15 08:39:53.45","#SEA502",50.00,68.00,93.00,120.90,"2023-03-31","129335025","PO",4,,,,"","ALMA","SEA502A0",30026,5002,"2023-03-31","2023-04-30","USD",93.00,90,"3XS:10|2XS:20|XS:20|S:10|M:10|L:10|XL:10"
250528,"2022-09-15 08:39:53.45","#SEA503",50.00,68.00,93.00,120.90,"2023-03-31","129335025","PO",4,,,,"","ALMA","SEA503A1",30027,6002,"2023-03-31","2023-04-30","USD",93.00,90,"3XS:10|2XS:20|XS:20|S:10|M:10|L:10|XL:10"
250529,"2022-09-15 08:39:53.45","#SEA504",50.00,68.00,93.00,120.90,"2023-03-31","129335025","PO",4,,,,"","ALMA","SEA504A0",30066,8002,"2023-03-31","2023-04-30","USD",93.00,90,"3XS:10|2XS:20|XS:20|S:10|M:10|L:10|XL:10"
250530,"2022-09-15 08:39:53.45","#SEA505",50.00,68.00,93.00,120.90,"2023-03-31","129335039","PO",4,,,,"","ALMA","SEA505A1",30067,1002,"2023-03-31","2023-04-30","USD",93.00,90,"3XS:10|2XS:20|XS:20|S:10|M:10|L:10|XL:10"
250531,"2022-09-15 08:39:53.45","#SEA506",50.00,68.00,93.00,120.90,"2023-03-31","129335039","PO",4,,,,"","ALMA","SEA506A1",30068,1016,"2023-03-31","2023-04-30","USD",93.00,90,"3XS:10|2XS:20|XS:20|S:10|M:10|L:10|XL:10"
250532,"2022-09-15 08:39:53.45","#SEA507",50.00,68.00,93.00,120.90,"2023-03-31","129335039","PO",4,,,,"","ALMA","SEA507A0",30069,3002,"2023-03-31","2023-04-30","USD",93.00,90,"3XS:10|2XS:20|XS:20|S:10|M:10|L:10|XL:10"
250533,"2022-09-15 08:39:53.45","#SEA508",50.00,68.00,93.00,120.90,"2023-03-31","129335039","PO",4,,,,"","ALMA","SEA508A1",30070,4002,"2023-03-31","2023-04-30","USD",93.00,90,"3XS:10|2XS:20|XS:20|S:10|M:10|L:10|XL:10"
250534,"2022-09-15 08:39:53.45","#SEA509",50.00,68.00,93.00,120.90,"2023-03-31","129335039","PO",4,,,,"","ALMA","SEA509A0",30071,5002,"2023-03-31","2023-04-30","USD",93.00,90,"3XS:10|2XS:20|XS:20|S:10|M:10|L:10|XL:10"
250535,"2022-09-15 08:39:53.45","#SEA510",50.00,68.00,93.00,120.90,"2023-03-31","129335039","PO",4,,,,"","ALMA","SEA510A1",30072,6002,"2023-03-31","2023-04-30","USD",93.00,90,"3XS:10|2XS:20|XS:20|S:10|M:10|L:10|XL:10"
250536,"2022-09-15 08:39:53.45","#SEA511",50.00,68.00,93.00,120.90,"2023-03-31","129335039","PO",4,,,,"","ALMA","SEA511A1",30073,8002,"2023-03-31","2023-04-30","USD",93.00,90,"3XS:10|2XS:20|XS:20|S:10|M:10|L:10|XL:10"
250537,"2022-09-15 08:39:53.45","#SEA512",50.00,68.00,93.00,120.90,"2023-03-31","129335044","PO",4,,,,"","ALMA","SEA512A0",30029,1002,"2023-03-31","2023-04-30","USD",93.00,90,"3XS:10|2XS:20|XS:20|S:10|M:10|L:10|XL:10"
250538,"2022-09-15 08:39:53.45","#SEA513",50.00,68.00,93.00,120.90,"2023-03-31","129335044","PO",4,,,,"","ALMA","SEA513A1",30013,1016,"2023-03-31","2023-04-30","USD",93.00,90,"3XS:10|2XS:20|XS:20|S:10|M:10|L:10|XL:10"
250539,"2022-09-15 08:39:53.45","#SEA514",50.00,68.00,93.00,120.90,"2023-03-31","129335044","PO",4,,,,"","ALMA","SEA514A0",30022,3002,"2023-03-31","2023-04-30","USD",93.00,90,"3XS:10|2XS:20|XS:20|S:10|M:10|L:10|XL:10"
250540,"2022-09-15 08:39:53.45","#SEA515",50.00,68.00,93.00,120.90,"2023-03-31","129335044","PO",4,,,,"","ALMA","SEA515A1",30045,4002,"2023-03-31","2023-04-30","USD",93.00,90,"3XS:10|2XS:20|XS:20|S:10|M:10|L:10|XL:10"
250541,"2022-09-15 08:39:53.45","#SEA516",50.00,68.00,93.00,120.90,"2023-03-31","129335044","PO",4,,,,"","ALMA","SEA516A1",30046,5002,"2023-03-31","2023-04-30","USD",93.00,90,"3XS:10|2XS:20|XS:20|S:10|M:10|L:10|XL:10"
250542,"2022-09-15 08:39:53.45","#SEA517",50.00,68.00,93.00,120.90,"2023-03-31","129335044","PO",4,,,,"","ALMA","SEA517A0",30047,6002,"2023-03-31","2023-04-30","USD",93.00,90,"3XS:10|2XS:20|XS:20|S:10|M:10|L:10|XL:10"
250543,"2022-09-15 08:39:53.45","#SEA518",50.00,68.00,93.00,120.90,"2023-03-31","129335044","PO",4,,,,"","ALMA","SEA518A1",30065,8002,"2023-03-31","2023-04-30","USD",93.00,90,"3XS:10|2XS:20|XS:20|S:10|M:10|L:10|XL:10"
250544,"2022-09-15 08:39:53.45","#SEA519",50.00,68.00,93.00,120.90,"2023-03-31","129335047","PO",4,,,,"","ALMA","SEA519A0",30074,1002,"2023-03-31","2023-04-30","USD",93.00,90,"3XS:10|2XS:20|XS:20|S:10|M:10|L:10|XL:10"
250545,"2022-09-15 08:39:53.45","#SEA520",50.00,68.00,93.00,120.90,"2023-03-31","129335047","PO",4,,,,"","ALMA","SEA520A1",30075,1016,"2023-03-31","2023-04-30","USD",93.00,90,"3XS:10|2XS:20|XS:20|S:10|M:10|L:10|XL:10"
250546,"2022-09-15 08:39:53.45","#SEA521",50.00,68.00,93.00,120.90,"2023-03-31","129335047","PO",4,,,,"","ALMA","SEA521A1",30025,3002,"2023-03-31","2023-04-30","USD",93.00,90,"3XS:10|2XS:20|XS:20|S:10|M:10|L:10|XL:10"
250547,"2022-09-15 08:39:53.45","#SEA522",50.00,68.00,93.00,120.90,"2023-03-31","129335047","PO",4,,,,"","ALMA","SEA522A0",30026,4002,"2023-03-31","2023-04-30","USD",93.00,90,"3XS:10|2XS:20|XS:20|S:10|M:10|L:10|XL:10"
250548,"2022-09-15 08:39:53.45","#SEA523",50.00,68.00,93.00,120.90,"2023-03-31","129335047","PO",4,,,,"","ALMA","SEA523A1",30027,5002,"2023-03-31","2023-04-30","USD",93.00,90,"3XS:10|2XS:20|XS:20|S:10|M:10|L:10|XL:10"
250549,"2022-09-15 08:39:53.45","#SEA524",50.00,68.00,93.00,120.90,"2023-03-31","129335047","PO",4,,,,"","ALMA","SEA524A0",30066,6002,"2023-03-31","2023-04-30","USD",93.00,90,"3XS:10|2XS:20|XS:20|S:10|M:10|L:10|XL:10"
250550,"2022-09-15 08:39:53.45","#SEA525",50.00,68.00,93.00,120.90,"2023-03-31","129335047","PO",4,,,,"","ALMA","SEA525A1",30067,8002,"2023-03-31","2023-04-30","USD",93.00,90,"3XS:10|2XS:20|XS:20|S:10|M:10|L:10|XL:10"
250551,"2022-09-15 08:39:53.45","#SEA526",50.00,68.00,93.00,120.90,"2023-03-31","129335063","PO",4,,,,"","ALMA","SEA526A1",30068,1002,"2023-03-31","2023-04-30","USD",93.00,90,"3XS:10|2XS:20|XS:20|S:10|M:10|L:10|XL:10"
250552,"2022-09-15 08:39:53.45","#SEA527",50.00,68.00,93.00,120.90,"2023-03-31","129335063","PO",4,,,,"","ALMA","SEA527A0",30069,1016,"2023-03-31","2023-04-30","USD",93.00,90,"3XS:10|2XS:20|XS:20|S:10|M:10|L:10|XL:10"
250553,"2022-09-15 08:39:53.45","#SEA528",50.00,68.00,93.00,120.90,"2023-03-31","129335063","PO",4,,,,"","ALMA","SEA528A1",30070,3002,"2023-03-31","2023-04-30","USD",93.00,90,"3XS:10|2XS:20|XS:20|S:10|M:10|L:10|XL:10"
250554,"2022-09-15 08:39:53.45","#SEA529",50.00,68.00,93.00,120.90,"2023-03-31","129335063","PO",4,,,,"","ALMA","SEA529A0",30071,4002,"2023-03-31","2023-04-30","USD",93.00,90,"3XS:10|2XS:20|XS:20|S:10|M:10|L:10|XL:10"
250555,"2022-09-15 08:39:53.45","#SEA530",50.00,68.00,93.00,120.90,"2023-03-31","129335063","PO",4,,,,"","ALMA","SEA530A1",30072,5002,"2023-03-31","2023-04-30","USD",93.00,90,"3XS:10|2XS:20|XS:20|S:10|M:10|L:10|XL:10"
250556,"2022-09-15 08:39:53.45","#SEA531",50.00,68.00,93.00,120.90,"2023-03-31","129335063","PO",4,,,,"","ALMA","SEA531A1",30073,6002,"2023-03-31","2023-04-30","USD",93.00,90,"3XS:10|2XS:20|XS:20|S:10|M:10|L:10|XL:10"
250557,"2022-09-15 08:39:53.45","#SEA532",50.00,68.00,93.00,120.90,"2023-03-31","129335063","PO",4,,,,"","ALMA","SEA532A0",30029,8002,"2023-03-31","2023-04-30","USD",93.00,90,"3XS:10|2XS:20|XS:20|S:10|M:10|L:10|XL:10"
250558,"2022-09-15 08:39:53.45","#SEA533",50.00,68.00,93.00,120.90,"2023-03-31","129335069","PO",4,,,,"","ALMA","SEA533A1",30013,1002,"2023-03-31","2023-04-30","USD",93.00,90,"3XS:10|2XS:20|XS:20|S:10|M:10|L:10|XL:10"
250559,"2022-09-15 08:39:53.45","#SEA534",50.00,68.00,93.00,120.90,"2023-03-31","129335069","PO",4,,,,"","ALMA","SEA534A0",30022,1016,"2023-03-31","2023-04-30","USD",93.00,90,"3XS:10|2XS:20|XS:20|S:10|M:10|L:10|XL:10"
250560,"2022-09-15 08:39:53.45","#SEA535",50.00,68.00,93.00,120.90,"2023-03-31","129335069","PO",4,,,,"","ALMA","SEA535A1",30045,3002,"2023-03-31","2023-04-30","USD",93.00,90,"3XS:10|2XS:20|XS:20|S:10|M:10|L:10|XL:10"
250561,"2022-09-15 08:39:53.45","#SEA536",50.00,68.00,93.00,120.90,"2023-03-31","129335069","PO",4,,,,"","ALMA","SEA536A1",30046,4002,"2023-03-31","2023-04-30","USD",93.00,90,"3XS:10|2XS:20|XS:20|S:10|M:10|L:10|XL:10"
250562,"2022-09-15 08:39:53.45","#SEA537",50.00,68.00,93.00,120.90,"2023-03-31","129335069","PO",4,,,,"","ALMA","SEA537A0",30047,5002,"2023-03-31","2023-04-30","USD",93.00,90,"3XS:10|2XS:20|XS:20|S:10|M:10|L:10|XL:10"
250563,"2022-09-15 08:39:53.45","#SEA538",50.00,68.00,93.00,120.90,"2023-03-31","129335069","PO",4,,,,"","ALMA","SEA538A1",30065,6002,"2023-03-31","2023-04-30","USD",93.00,90,"3XS:10|2XS:20|XS:20|S:10|M:10|L:10|XL:10"
250564,"2022-09-15 08:39:53.45","#SEA539",50.00,68.00,93.00,120.90,"2023-03-31","129335069","PO",4,,,,"","ALMA","SEA539A0",30074,8002,"2023-03-31","2023-04-30","USD",93.00,90,"3XS:10|2XS:20|XS:20|S:10|M:10|L:10|XL:10"
250565,"2022-09-15 08:39:53.45","#SEA540",50.00,68.00,93.00,120.90,"2023-03-31","129335070","PO",4,,,,"","ALMA","SEA540A1",30075,1002,"2023-03-31","2023-04-30","USD",93.00,90,"3XS:10|2XS:20|XS:20|S:10|M:10|L:10|XL:10"
250566,"2022-09-15 08:39:53.45","#SEA541",50.00,68.00,93.00,120.90,"2023-03-31","129335070","PO",4,,,,"","ALMA","SEA541A1",30025,1016,"2023-03-31","2023-04-30","USD",93.00,90,"3XS:10|2XS:20|XS:20|S:10|M:10|L:10|XL:10"
250567,"2022-09-15 08:39:53.45","#SEA542",50.00,68.00,93.00,120.90,"2023-03-31","129335070","PO",4,,,,"","ALMA","SEA542A0",30026,3002,"2023-03-31","2023-04-30","USD",93.00,90,"3XS:10|2XS:20|XS:20|S:10|M:10|L:10|XL:10"
250568,"2022-09-15 08:39:53.45","#SEA543",50.00,68.00,93.00,120.90,"2023-03-31","129335070","PO",4,,,,"","ALMA","SEA543A1",30027,4002,"2023-03-31","2023-04-30","USD",93.00,90,"3XS:10|2XS:20|XS:20|S:10|M:10|L:10|XL:10"
250569,"2022-09-15 08:39:53.45","#SEA544",50.00,68.00,93.00,120.90,"2023-03-31","129335070","PO",4,,,,"","ALMA","SEA544A0",30066,5002,"2023-03-31","2023-04-30","USD",93.00,90,"3XS:10|2XS:20|XS:20|S:10|M:10|L:10|XL:10"
250570,"2022-09-15 08:39:53.45","#SEA545",50.00,68.00,93.00,120.90,"2023-03-31","129335070","PO",4,,,,"","ALMA","SEA545A1",30067,6002,"2023-03-31","2023-04-30","USD",93.00,90,"3XS:10|2XS:20|XS:20|S:10|M:10|L:10|XL:10"
250571,"2022-09-15 08:39:53.45","#SEA546",50.00,68.00,93.00,120.90,"2023-03-31","129335070","PO",4,,,,"","ALMA","SEA546A1",30068,8002,"2023-03-31","2023-04-30","USD",93.00,90,"3XS:10|2XS:20|XS:20|S:10|M:10|L:10|XL:10"
250572,"2022-09-15 08:39:53.45","#SEA547",50.00,68.00,93.00,120.90,"2023-03-31","129335073","PO",4,,,,"","ALMA","SEA547A0",30069,1002,"2023-03-31","2023-04-30","USD",93.00,90,"3XS:10|2XS:20|XS:20|S:10|M:10|L:10|XL:10"
250573,"2022-09-15 08:39:53.45","#SEA548",50.00,68.00,93.00,120.90,"2023-03-31","129335073","PO",4,,,,"","ALMA","SEA548A1",30070,1016,"2023-03-31","2023-04-30","USD",93.00,90,"3XS:10|2XS:20|XS:20|S:10|M:10|L:10|XL:10"
250574,"2022-09-15 08:39:53.45","#SEA549",50.00,68.00,93.00,120.90,"2023-03-31","129335073","PO",4,,,,"","ALMA","SEA549A0",30071,3002,"2023-03-31","2023-04-30","USD",93.00,90,"3XS:10|2XS:20|XS:20|S:10|M:10|L:10|XL:10"
250575,"2022-09-15 08:39:53.45","#SEA550",50.00,68.00,93.00,120.90,"2023-03-31","129335073","PO",4,,,,"","ALMA","SEA550A1",30072,4002,"2023-03-31","2023-04-30","USD",93.00,90,"3XS:10|2XS:20|XS:20|S:10|M:10|L:10|XL:10"
250576,"2022-09-15 08:39:53.45","#SEA551",50.00,68.00,93.00,120.90,"2023-03-31","129335073","PO",4,,,,"","ALMA","SEA551A1",30073,5002,"2023-03-31","2023-04-30","USD",93.00,90,"3XS:10|2XS:20|XS:20|S:10|M:10|L:10|XL:10"
250577,"2022-09-15 08:39:53.45","#SEA552",50.00,68.00,93.00,120.90,"2023-03-31","129335073","PO",4,,,,"","ALMA","SEA552A0",30029,6002,"2023-03-31","2023-04-30","USD",93.00,90,"3XS:10|2XS:20|XS:20|S:10|M:10|L:10|XL:10"
250578,"2022-09-15 08:39:53.45","#SEA553",50.00,68.00,93.00,120.90,"2023-03-31","129335073","PO",4,,,,"","ALMA","SEA553A1",30013,8002,"2023-03-31","2023-04-30","USD",93.00,90,"3XS:10|2XS:20|XS:20|S:10|M:10|L:10|XL:10"
250579,"2022-09-15 08:39:53.45","#SEA554",50.00,68.00,93.00,120.90,"2023-03-31","129335074","PO",4,,,,"","ALMA","SEA554A0",30022,1002,"2023-03-31","2023-04-30","USD",93.00,90,"3XS:10|2XS:20|XS:20|S:10|M:10|L:10|XL:10"
250580,"2022-09-15 08:39:53.45","#SEA555",50.00,68.00,93.00,120.90,"2023-03-31","129335074","PO",4,,,,"","ALMA","SEA555A1",30045,1016,"2023-03-31","2023-04-30","USD",93.00,90,"3XS:10|2XS:20|XS:20|S:10|M:10|L:10|XL:10"
250581,"2022-09-15 08:39:53.45","#SEA556",50.00,68.00,93.00,120.90,"2023-03-31","129335074","PO",4,,,,"","ALMA","SEA556A1",30046,3002,"2023-03-31","2023-04-30","USD",93.00,90,"3XS:10|2XS:20|XS:20|S:10|M:10|L:10|XL:10"
250582,"2022-09-15 08:39:53.45","#SEA557",50.00,68.00,93.00,120.90,"2023-03-31","129335074","PO",4,,,,"","ALMA","SEA557A0",30047,4002,"2023-03-31","2023-04-30","USD",93.00,90,"3XS:10|2XS:20|XS:20|S:10|M:10|L:10|XL:10"
250583,"2022-09-15 08:39:53.45","#SEA558",50.00,68.00,93.00,120.90,"2023-03-31","129335074","PO",4,,,,"","ALMA","SEA558A1",30065,5002,"2023-03-31","2023-04-30","USD",93.00,90,"3XS:10|2XS:20|XS:20|S:10|M:10|L:10|XL:10"
250584,"2022-09-15 08:39:53.45","#SEA559",50.00,68.00,93.00,120.90,"2023-03-31","129335074","PO",4,,,,"","ALMA","SEA559A0",30074,6002,"2023-03-31","2023-04-30","USD",93.00,90,"3XS:10|2XS:20|XS:20|S:10|M:10|L:10|XL:10"
250585,"2022-09-15 08:39:53.45","#SEA560",50.00,68.00,93.00,120.90,"2023-03-31","129335074","PO",4,,,,"","ALMA","SEA560A1",30075,8002,"2023-03-31","2023-04-30","USD",93.00,90,"3XS:10|2XS:20|XS:20|S:10|M:10|L:10|XL:10"
250586,"2022-09-15 08:39:53.45","#SEA561",50.00,68.00,93.00,120.90,"2023-03-31","129335079","PO",4,,,,"","ALMA","SEA561A1",30025,1002,"2023-03-31","2023-04-30","USD",93.00,90,"3XS:10|2XS:20|XS:20|S:10|M:10|L:10|XL:10"
250587,"2022-09-15 08:39:53.45","#SEA562",50.00,68.00,93.00,120.90,"2023-03-31","129335079","PO",4,,,,"","ALMA","SEA562A0",30026,1016,"2023-03-31","2023-04-30","USD",93.00,90,"3XS:10|2XS:20|XS:20|S:10|M:10|L:10|XL:10"
250588,"2022-09-15 08:39:53.45","#SEA563",50.00,68.00,93.00,120.90,"2023-03-31","129335079","PO",4,,,,"","ALMA","SEA563A1",30027,3002,"2023-03-31","2023-04-30","USD",93.00,90,"3XS:10|2XS:20|XS:20|S:10|M:10|L:10|XL:10"
250589,"2022-09-15 08:39:53.45","#SEA564",50.00,68.00,93.00,120.90,"2023-03-31","129335079","PO",4,,,,"","ALMA","SEA564A0",30066,4002,"2023-03-31","2023-04-30","USD",93.00,90,"3XS:10|2XS:20|XS:20|S:10|M:10|L:10|XL:10"
250590,"2022-09-15 08:39:53.45","#SEA565",50.00,68.00,93.00,120.90,"2023-03-31","129335079","PO",4,,,,"","ALMA","SEA565A1",30067,5002,"2023-03-31","2023-04-30","USD",93.00,90,"3XS:10|2XS:20|XS:20|S:10|M:10|L:10|XL:10"
250591,"2022-09-15 08:39:53.45","#SEA566",50.00,68.00,93.00,120.90,"2023-03-31","129335079","PO",4,,,,"","ALMA","SEA566A1",30068,6002,"2023-03-31","2023-04-30","USD",93.00,90,"3XS:10|2XS:20|XS:20|S:10|M:10|L:10|XL:10"
250592,"2022-09-15 08:39:53.45","#SEA567",50.00,68.00,93.00,120.90,"2023-03-31","129335079","PO",4,,,,"","ALMA","SEA567A0",30069,8002,"2023-03-31","2023-04-30","USD",93.00,90,"3XS:10|2XS:20|XS:20|S:10|M:10|L:10|XL:10"
250593,"2022-09-15 08:39:53.45","#SEA568",50.00,68.00,93.00,120.90,"2023-03-31","129335087","PO",4,,,,"","ALMA","SEA568A1",30070,1002,"2023-03-31","2023-04-30","USD",93.00,90,"3XS:10|2XS:20|XS:20|S:10|M:10|L:10|XL:10"
250594,"2022-09-15 08:39:53.45","#SEA569",50.00,68.00,93.00,120.90,"2023-03-31","129335087","PO",4,,,,"","ALMA","SEA569A0",30071,1016,"2023-03-31","2023-04-30","USD",93.00,90,"3XS:10|2XS:20|XS:20|S:10|M:10|L:10|XL:10"
250595,"2022-09-15 08:39:53.45","#SEA570",50.00,68.00,93.00,120.90,"2023-03-31","129335087","PO",4,,,,"","ALMA","SEA570A1",30072,3002,"2023-03-31","2023-04-30","USD",93.00,90,"3XS:10|2XS:20|XS:20|S:10|M:10|L:10|XL:10"
250596,"2022-09-15 08:39:53.45","#SEA571",50.00,68.00,93.00,120.90,"2023-03-31","129335087","PO",4,,,,"","ALMA","SEA571A1",30073,4002,"2023-03-31","2023-04-30","USD",93.00,90,"3XS:10|2XS:20|XS:20|S:10|M:10|L:10|XL:10"
250597,"2022-09-15 08:39:53.45","#SEA572",50.00,68.00,93.00,120.90,"2023-03-31","129335087","PO",4,,,,"","ALMA","SEA572A0",30029,5002,"2023-03-31","2023-04-30","USD",93.00,90,"3XS:10|2XS:20|XS:20|S:10|M:10|L:10|XL:10"
250598,"2022-09-15 08:39:53.45","#SEA573",50.00,68.00,93.00,120.90,"2023-03-31","129335087","PO",4,,,,"","ALMA","SEA573A1",30013,6002,"2023-03-31","2023-04-30","USD",93.00,90,"3XS:10|2XS:20|XS:20|S:10|M:10|L:10|XL:10"
250599,"2022-09-15 08:39:53.45","#SEA574",50.00,68.00,93.00,120.90,"2023-03-31","129335087","PO",4,,,,"","ALMA","SEA574A0",30022,8002,"2023-03-31","2023-04-30","USD",93.00,90,"3XS:10|2XS:20|XS:20|S:10|M:10|L:10|XL:10"
250600,"2022-09-15 08:39:53.45","#SEA575",50.00,68.00,93.00,120.90,"2023-03-31","129335090","PO",4,,,,"","ALMA","SEA575A1",30045,1002,"2023-03-31","2023-04-30","USD",93.00,90,"3XS:10|2XS:20|XS:20|S:10|M:10|L:10|XL:10"
250601,"2022-09-15 08:39:53.45","#SEA576",50.00,68.00,93.00,120.90,"2023-03-31","129335090","PO",4,,,,"","ALMA","SEA576A1",30046,1016,"2023-03-31","2023-04-30","USD",93.00,90,"3XS:10|2XS:20|XS:20|S:10|M:10|L:10|XL:10"
250602,"2022-09-15 08:39:53.45","#SEA577",50.00,68.00,93.00,120.90,"2023-03-31","129335090","PO",4,,,,"","ALMA","SEA577A0",30047,3002,"2023-03-31","2023-04-30","USD",93.00,90,"3XS:10|2XS:20|XS:20|S:10|M:10|L:10|XL:10"
250603,"2022-09-15 08:39:53.45","#SEA578",50.00,68.00,93.00,120.90,"2023-03-31","129335090","PO",4,,,,"","ALMA","SEA578A1",30065,4002,"2023-03-31","2023-04-30","USD",93.00,90,"3XS:10|2XS:20|XS:20|S:10|M:10|L:10|XL:10"
250604,"2022-09-15 08:39:53.45","#SEA579",50.00,68.00,93.00,120.90,"2023-03-31","129335090","PO",4,,,,"","ALMA","SEA579A0",30074,5002,"2023-03-31","2023-04-30","USD",93.00,90,"3XS:10|2XS:20|XS:20|S:10|M:10|L:10|XL:10"
250605,"2022-09-15 08:39:53.45","#SEA580",50.00,68.00,93.00,120.90,"2023-03-31","129335090","PO",4,,,,"","ALMA","SEA580A1",30075,6002,"2023-03-31","2023-04-30","USD",93.00,90,"3XS:10|2XS:20|XS:20|S:10|M:10|L:10|XL:10"
250606,"2022-09-15 08:39:53.45","#SEA581",50.00,68.00,93.00,120.90,"2023-03-31","129335090","PO",4,,,,"","ALMA","SEA581A1",30025,8002,"2023-03-31","2023-04-30","USD",93.00,90,"3XS:10|2XS:20|XS:20|S:10|M:10|L:10|XL:10"
250607,"2022-09-15 08:39:53.45","#SEA582",50.00,68.00,93.00,120.90,"2023-03-31","129335092","PO",4,,,,"","ALMA","SEA582A0",30026,1002,"2023-03-31","2023-04-30","USD",93.00,90,"3XS:10|2XS:20|XS:20|S:10|M:10|L:10|XL:10"
250608,"2022-09-15 08:39:53.45","#SEA583",50.00,68.00,93.00,120.90,"2023-03-31","129335092","PO",4,,,,"","ALMA","SEA583A1",30027,1016,"2023-03-31","2023-04-30","USD",93.00,90,"3XS:10|2XS:20|XS:20|S:10|M:10|L:10|XL:10"
250609,"2022-09-15 08:39:53.45","#SEA584",50.00,68.00,93.00,120.90,"2023-03-31","129335092","PO",4,,,,"","ALMA","SEA584A0",30066,3002,"2023-03-31","2023-04-30","USD",93.00,90,"3XS:10|2XS:20|XS:20|S:10|M:10|L:10|XL:10"
250610,"2022-09-15 08:39:53.45","#SEA585",50.00,68.00,93.00,120.90,"2023-03-31","129335092","PO",4,,,,"","ALMA","SEA585A1",30067,4002,"2023-03-31","2023-04-30","USD",93.00,90,"3XS:10|2XS:20|XS:20|S:10|M:10|L:10|XL:10"
250611,"2022-09-15 08:39:53.45","#SEA586",50.00,68.00,93.00,120.90,"2023-03-31","129335092","PO",4,,,,"","ALMA","SEA586A1",30068,5002,"2023-03-31","2023-04-30","USD",93.00,90,"3XS:10|2XS:20|XS:20|S:10|M:10|L:10|XL:10"
250612,"2022-09-15 08:39:53.45","#SEA587",50.00,68.00,93.00,120.90,"2023-03-31","129335092","PO",4,,,,"","ALMA","SEA587A0",30069,6002,"2023-03-31","2023-04-30","USD",93.00,90,"3XS:10|2XS:20|XS:20|S:10|M:10|L:10|XL:10"
250613,"2022-09-15 08:39:53.45","#SEA588",50.00,68.00,93.00,120.90,"2023-03-31","129335092","PO",4,,,,"","ALMA","SEA588A1",30070,8002,"2023-03-31","2023-04-30","USD",93.00,90,"3XS:10|2XS:20|XS:20|S:10|M:10|L:10|XL:10"
250614,"2022-09-15 08:39:53.45","#SEA589",50.00,68.00,93.00,120.90,"2023-03-31","129335095","PO",4,,,,"","ALMA","SEA589A0",30071,1002,"2023-03-31","2023-04-30","USD",93.00,90,"3XS:10|2XS:20|XS:20|S:10|M:10|L:10|XL:10"
250615,"2022-09-15 08:39:53.45","#SEA590",50.00,68.00,93.00,120.90,"2023-03-31","129335095","PO",4,,,,"","ALMA","SEA590A1",30072,1016,"2023-03-31","2023-04-30","USD",93.00,90,"3XS:10|2XS:20|XS:20|S:10|M:10|L:10|XL:10"
250616,"2022-09-15 08:39:53.45","#SEA591",50.00,68.00,93.00,120.90,"2023-03-31","129335095","PO",4,,,,"","ALMA","SEA591A1",30073,3002,"2023-03-31","2023-04-30","USD",93.00,90,"3XS:10|2XS:20|XS:20|S:10|M:10|L:10|XL:10"
250617,"2022-09-15 08:39:53.45","#SEA592",50.00,68.00,93.00,120.90,"2023-03-31","129335095","PO",4,,,,"","ALMA","SEA592A0",30029,4002,"2023-03-31","2023-04-30","USD",93.00,90,"3XS:10|2XS:20|XS:20|S:10|M:10|L:10|XL:10"
250618,"2022-09-15 08:39:53.45","#SEA593",50.00,68.00,93.00,120.90,"2023-03-31","129335095","PO",4,,,,"","ALMA","SEA593A1",30013,5002,"2023-03-31","2023-04-30","USD",93.00,90,"3XS:10|2XS:20|XS:20|S:10|M:10|L:10|XL:10"
250619,"2022-09-15 08:39:53.45","#SEA594",50.00,68.00,93.00,120.90,"2023-03-31","129335095","PO",4,,,,"","ALMA","SEA594A0",30022,6002,"2023-03-31","2023-04-30","USD",93.00,90,"3XS:10|2XS:20|XS:20|S:10|M:10|L:10|XL:10"
250620,"2022-09-15 08:39:53.45","#SEA595",50.00,68.00,93.00,120.90,"2023-03-31","129335095","PO",4,,,,"","ALMA","SEA595A1",30045,8002,"2023-03-31","2023-04-30","USD",93.00,90,"3XS:10|2XS:20|XS:20|S:10|M:10|L:10|XL:10"
250621,"2022-09-15 08:39:53.45","#SEA596",50.00,68.00,93.00,120.90,"2023-03-31","129335096","PO",4,,,,"","ALMA","SEA596A1",30046,1002,"2023-03-31","2023-04-30","USD",93.00,90,"3XS:10|2XS:20|XS:20|S:10|M:10|L:10|XL:10"
250622,"2022-09-15 08:39:53.45","#SEA597",50.00,68.00,93.00,120.90,"2023-03-31","129335096","PO",4,,,,"","ALMA","SEA597A0",30047,1016,"2023-03-31","2023-04-30","USD",93.00,90,"3XS:10|2XS:20|XS:20|S:10|M:10|L:10|XL:10"
250623,"2022-09-15 08:39:53.45","#SEA598",50.00,68.00,93.00,120.90,"2023-03-31","129335096","PO",4,,,,"","ALMA","SEA598A1",30065,3002,"2023-03-31","2023-04-30","USD",93.00,90,"3XS:10|2XS:20|XS:20|S:10|M:10|L:10|XL:10"
250624,"2022-09-15 08:39:53.45","#SEA599",50.00,68.00,93.00,120.90,"2023-03-31","129335096","PO",4,,,,"","ALMA","SEA599A0",30074,4002,"2023-03-31","2023-04-30","USD",93.00,90,"3XS:10|2XS:20|XS:20|S:10|M:10|L:10|XL:10"
250625,"2022-09-15 08:39:53.45","#SEA600",50.00,68.00,93.00,120.90,"2023-03-31","129335096","PO",4,,,,"","ALMA","SEA600A1",30075,5002,"2023-03-31","2023-04-30","USD",93.00,90,"3XS:10|2XS:20|XS:20|S:10|M:10|L:10|XL:10"
250626,"2022-09-15 08:39:53.45","#SEA601",50.00,68.00,93.00,120.90,"2023-03-31","129335096","PO",4,,,,"","ALMA","SEA601A1",30025,6002,"2023-03-31","2023-04-30","USD",93.00,90,"3XS:10|2XS:20|XS:20|S:10|M:10|L:10|XL:10"
250627,"2022-09-15 08:39:53.45","#SEA602",50.00,68.00,93.00,120.90,"2023-03-31","129335096","PO",4,,,,"","ALMA","SEA602A0",30026,8002,"2023-03-31","2023-04-30","USD",93.00,90,"3XS:10|2XS:20|XS:20|S:10|M:10|L:10|XL:10"
250628,"2022-09-15 08:39:53.45","#SEA603",50.00,68.00,93.00,120.90,"2023-03-31","129335098","PO",4,,,,"","ALMA","SEA603A1",30027,1002,"2023-03-31","2023-04-30","USD",93.00,90,"3XS:10|2XS:20|XS:20|S:10|M:10|L:10|XL:10"
250629,"2022-09-15 08:39:53.45","#SEA604",50.00,68.00,93.00,120.90,"2023-03-31","129335098","PO",4,,,,"","ALMA","SEA604A0",30066,1016,"2023-03-31","2023-04-30","USD",93.00,90,"3XS:10|2XS:20|XS:20|S:10|M:10|L:10|XL:10"
250630,"2022-09-15 08:39:53.45","#SEA605",50.00,68.00,93.00,120.90,"2023-03-31","129335098","PO",4,,,,"","ALMA","SEA605A1",30067,3002,"2023-03-31","2023-04-30","USD",93.00,90,"3XS:10|2XS:20|XS:20|S:10|M:10|L:10|XL:10"
250631,"2022-09-15 08:39:53.45","#SEA606",50.00,68.00,93.00,120.90,"2023-03-31","129335098","PO",4,,,,"","ALMA","SEA606A1",30068,4002,"2023-03-31","2023-04-30","USD",93.00,90,"3XS:10|2XS:20|XS:20|S:10|M:10|L:10|XL:10"
250632,"2022-09-15 08:39:53.45","#SEA607",50.00,68.00,93.00,120.90,"2023-03-31","129335098","PO",4,,,,"","ALMA","SEA607A0",30069,5002,"2023-03-31","2023-04-30","USD",93.00,90,"3XS:10|2XS:20|XS:20|S:10|M:10|L:10|XL:10"
250633,"2022-09-15 08:39:53.45","#SEA608",50.00,68.00,93.00,120.90,"2023-03-31","129335098","PO",4,,,,"","ALMA","SEA608A1",30070,6002,"2023-03-31","2023-04-30","USD",93.00,90,"3XS:10|2XS:20|XS:20|S:10|M:10|L:10|XL:10"
250634,"2022-09-15 08:39:53.45","#SEA609",50.00,68.00,93.00,120.90,"2023-03-31","129335098","PO",4,,,,"","ALMA","SEA609A0",30071,8002,"2023-03-31","2023-04-30","USD",93.00,90,"3XS:10|2XS:20|XS:20|S:10|M:10|L:10|XL:10"
250635,"2022-09-15 08:39:53.45","#SEA610",50.00,68.00,93.00,120.90,"2023-03-31","129335111","PO",4,,,,"","ALMA","SEA610A1",30072,1002,"2023-03-31","2023-04-30","USD",93.00,90,"3XS:10|2XS:20|XS:20|S:10|M:10|L:10|XL:10"
250636,"2022-09-15 08:39:53.45","#SEA611",50.00,68.00,93.00,120.90,"2023-03-31","129335111","PO",4,,,,"","ALMA","SEA611A1",30073,1016,"2023-03-31","2023-04-30","USD",93.00,90,"3XS:10|2XS:20|XS:20|S:10|M:10|L:10|XL:10"
250637,"2022-09-15 08:39:53.45","#SEA612",50.00,68.00,93.00,120.90,"2023-03-31","129335111","PO",4,,,,"","ALMA","SEA612A0",30029,3002,"2023-03-31","2023-04-30","USD",93.00,90,"3XS:10|2XS:20|XS:20|S:10|M:10|L:10|XL:10"
250638,"2022-09-15 08:39:53.45","#SEA613",50.00,68.00,93.00,120.90,"2023-03-31","129335111","PO",4,,,,"","ALMA","SEA613A1",30013,4002,"2023-03-31","2023-04-30","USD",93.00,90,"3XS:10|2XS:20|XS:20|S:10|M:10|L:10|XL:10"
250639,"2022-09-15 08:39:53.45","#SEA614",50.00,68.00,93.00,120.90,"2023-03-31","129335111","PO",4,,,,"","ALMA","SEA614A0",30022,5002,"2023-03-31","2023-04-30","USD",93.00,90,"3XS:10|2XS:20|XS:20|S:10|M:10|L:10|XL:10"
250640,"2022-09-15 08:39:53.45","#SEA615",50.00,68.00,93.00,120.90,"2023-03-31","129335111","PO",4,,,,"","ALMA","SEA615A1",30045,6002,"2023-03-31","2023-04-30","USD",93.00,90,"3XS:10|2XS:20|XS:20|S:10|M:10|L:10|XL:10"
250641,"2022-09-15 08:39:53.45","#SEA616",50.00,68.00,93.00,120.90,"2023-03-31","129335111","PO",4,,,,"","ALMA","SEA616A1",30046,8002,"2023-03-31","2023-04-30","USD",93.00,90,"3XS:10|2XS:20|XS:20|S:10|M:10|L:10|XL:10"
250642,"2022-09-15 08:39:53.45","#SEA617",50.00,68.00,93.00,120.90,"2023-03-31","129335120","PO",4,,,,"","ALMA","SEA617A0",30047,1002,"2023-03-31","2023-04-30","USD",93.00,90,"3XS:10|2XS:20|XS:20|S:10|M:10|L:10|XL:10"
250643,"2022-09-15 08:39:53.45","#SEA618",50.00,68.00,93.00,120.90,"2023-03-31","129335120","PO",4,,,,"","ALMA","SEA618A1",30065,1016,"2023-03-31","2023-04-30","USD",93.00,90,"3XS:10|2XS:20|XS:20|S:10|M:10|L:10|XL:10"
250644,"2022-09-15 08:39:53.45","#SEA619",50.00,68.00,93.00,120.90,"2023-03-31","129335120","PO",4,,,,"","ALMA","SEA619A0",30074,3002,"2023-03-31","2023-04-30","USD",93.00,90,"3XS:10|2XS:20|XS:20|S:10|M:10|L:10|XL:10"
250645,"2022-09-15 08:39:53.45","#SEA620",50.00,68.00,93.00,120.90,"2023-03-31","129335120","PO",4,,,,"","ALMA","SEA620A1",30075,4002,"2023-03-31","2023-04-30","USD",93.00,90,"3XS:10|2XS:20|XS:20|S:10|M:10|L:10|XL:10"
250646,"2022-09-15 08:39:53.45","#SEA621",50.00,68.00,93.00,120.90,"2023-03-31","129335120","PO",4,,,,"","ALMA","SEA621A1",30025,5002,"2023-03-31","2023-04-30","USD",93.00,90,"3XS:10|2XS:20|XS:20|S:10|M:10|L:10|XL:10"
250647,"2022-09-15 08:39:53.45","#SEA622",50.00,68.00,93.00,120.90,"2023-03-31","129335120","PO",4,,,,"","ALMA","SEA622A0",30026,6002,"2023-03-31","2023-04-30","USD",93.00,90,"3XS:10|2XS:20|XS:20|S:10|M:10|L:10|XL:10"
250648,"2022-09-15 08:39:53.45","#SEA623",50.00,68.00,93.00,120.90,"2023-03-31","129335120","PO",4,,,,"","ALMA","SEA623A1",30027,8002,"2023-03-31","2023-04-30","USD",93.00,90,"3XS:10|2XS:20|XS:20|S:10|M:10|L:10|XL:10"
250649,"2022-09-15 08:39:53.45","#SEA624",50.00,68.00,93.00,120.90,"2023-03-31","129335121","PO",4,,,,"","ALMA","SEA624A0",30066,1002,"2023-03-31","2023-04-30","USD",93.00,90,"3XS:10|2XS:20|XS:20|S:10|M:10|L:10|XL:10"
250650,"2022-09-15 08:39:53.45","#SEA625",50.00,68.00,93.00,120.90,"2023-03-31","129335121","PO",4,,,,"","ALMA","SEA625A1",30067,1016,"2023-03-31","2023-04-30","USD",93.00,90,"3XS:10|2XS:20|XS:20|S:10|M:10|L:10|XL:10"
250651,"2022-09-15 08:39:53.45","#SEA626",50.00,68.00,93.00,120.90,"2023-03-31","129335121","PO",4,,,,"","ALMA","SEA626A1",30068,3002,"2023-03-31","2023-04-30","USD",93.00,90,"3XS:10|2XS:20|XS:20|S:10|M:10|L:10|XL:10"
250652,"2022-09-15 08:39:53.45","#SEA627",50.00,68.00,93.00,120.90,"2023-03-31","129335121","PO",4,,,,"","ALMA","SEA627A0",30069,4002,"2023-03-31","2023-04-30","USD",93.00,90,"3XS:10|2XS:20|XS:20|S:10|M:10|L:10|XL:10"
250653,"2022-09-15 08:39:53.45","#SEA628",50.00,68.00,93.00,120.90,"2023-03-31","129335121","PO",4,,,,"","ALMA","SEA628A1",30070,5002,"2023-03-31","2023-04-30","USD",93.00,90,"3XS:10|2XS:20|XS:20|S:10|M:10|L:10|XL:10"
250654,"2022-09-15 08:39:53.45","#SEA629",50.00,68.00,93.00,120.90,"2023-03-31","129335121","PO",4,,,,"","ALMA","SEA629A0",30071,6002,"2023-03-31","2023-04-30","USD",93.00,90,"3XS:10|2XS:20|XS:20|S:10|M:10|L:10|XL:10"
250655,"2022-09-15 08:39:53.45","#SEA630",50.00,68.00,93.00,120.90,"2023-03-31","129335121","PO",4,,,,"","ALMA","SEA630A1",30072,8002,"2023-03-31","2023-04-30","USD",93.00,90,"3XS:10|2XS:20|XS:20|S:10|M:10|L:10|XL:10"
250656,"2022-09-15 08:39:53.45","#SEA631",50.00,68.00,93.00,120.90,"2023-03-31","129335123","PO",4,,,,"","ALMA","SEA631A1",30073,1002,"2023-03-31","2023-04-30","USD",93.00,90,"3XS:10|2XS:20|XS:20|S:10|M:10|L:10|XL:10"
250657,"2022-09-15 08:39:53.45","#SEA632",50.00,68.00,93.00,120.90,"2023-03-31","129335123","PO",4,,,,"","ALMA","SEA632A0",30029,1016,"2023-03-31","2023-04-30","USD",93.00,90,"3XS:10|2XS:20|XS:20|S:10|M:10|L:10|XL:10"
250658,"2022-09-15 08:39:53.45","#SEA633",50.00,68.00,93.00,120.90,"2023-03-31","129335123","PO",4,,,,"","ALMA","SEA633A1",30013,3002,"2023-03-31","2023-04-30","USD",93.00,90,"3XS:10|2XS:20|XS:20|S:10|M:10|L:10|XL:10"
250659,"2022-09-15 08:39:53.45","#SEA634",50.00,68.00,93.00,120.90,"2023-03-31","129335123","PO",4,,,,"","ALMA","SEA634A0",30022,4002,"2023-03-31","2023-04-30","USD",93.00,90,"3XS:10|2XS:20|XS:20|S:10|M:10|L:10|XL:10"
250660,"2022-09-15 08:39:53.45","#SEA635",50.00,68.00,93.00,120.90,"2023-03-31","129335123","PO",4,,,,"","ALMA","SEA635A1",30045,5002,"2023-03-31","2023-04-30","USD",93.00,90,"3XS:10|2XS:20|XS:20|S:10|M:10|L:10|XL:10"
250661,"2022-09-15 08:39:53.45","#SEA636",50.00,68.00,93.00,120.90,"2023-03-31","129335123","PO",4,,,,"","ALMA","SEA636A1",30046,6002,"2023-03-31","2023-04-30","USD",93.00,90,"3XS:10|2XS:20|XS:20|S:10|M:10|L:10|XL:10"
250662,"2022-09-15 08:39:53.45","#SEA637",50.00,68.00,93.00,120.90,"2023-03-31","129335123","PO",4,,,,"","ALMA","SEA637A0",30047,8002,"2023-03-31","2023-04-30","USD",93.00,90,"3XS:10|2XS:20|XS:20|S:10|M:10|L:10|XL:10"
250663,"2022-09-15 08:39:53.45","#SEA638",50.00,68.00,93.00,120.90,"2023-03-31","129335125","PO",4,,,,"","ALMA","SEA638A1",30065,1002,"2023-03-31","2023-04-30","USD",93.00,90,"3XS:10|2XS:20|XS:20|S:10|M:10|L:10|XL:10"
250664,"2022-09-15 08:39:53.45","#SEA639",50.00,68.00,93.00,120.90,"2023-03-31","129335125","PO",4,,,,"","ALMA","SEA639A0",30074,1016,"2023-03-31","2023-04-30","USD",93.00,90,"3XS:10|2XS:20|XS:20|S:10|M:10|L:10|XL:10"
250665,"2022-09-15 08:39:53.45","#SEA640",50.00,68.00,93.00,120.90,"2023-03-31","129335125","PO",4,,,,"","ALMA","SEA640A1",30075,3002,"2023-03-31","2023-04-30","USD",93.00,90,"3XS:10|2XS:20|XS:20|S:10|M:10|L:10|XL:10"
250666,"2022-09-15 08:39:53.45","#SEA641",50.00,68.00,93.00,120.90,"2023-03-31","129335125","PO",4,,,,"","ALMA","SEA641A1",30025,4002,"2023-03-31","2023-04-30","USD",93.00,90,"3XS:10|2XS:20|XS:20|S:10|M:10|L:10|XL:10"
250667,"2022-09-15 08:39:53.45","#SEA642",50.00,68.00,93.00,120.90,"2023-03-31","129335125","PO",4,,,,"","ALMA","SEA642A0",30026,5002,"2023-03-31","2023-04-30","USD",93.00,90,"3XS:10|2XS:20|XS:20|S:10|M:10|L:10|XL:10"
250668,"2022-09-15 08:39:53.45","#SEA643",50.00,68.00,93.00,120.90,"2023-03-31","129335125","PO",4,,,,"","ALMA","SEA643A1",30027,6002,"2023-03-31","2023-04-30","USD",93.00,90,"3XS:10|2XS:20|XS:20|S:10|M:10|L:10|XL:10"
250669,"2022-09-15 08:39:53.45","#SEA644",50.00,68.00,93.00,120.90,"2023-03-31","129335125","PO",4,,,,"","ALMA","SEA644A0",30066,8002,"2023-03-31","2023-04-30","USD",93.00,90,"3XS:10|2XS:20|XS:20|S:10|M:10|L:10|XL:10"
250670,"2022-09-15 08:39:53.45","#SEA645",50.00,68.00,93.00,120.90,"2023-03-31","129335126","PO",4,,,,"","ALMA","SEA645A1",30067,1002,"2023-03-31","2023-04-30","USD",93.00,90,"3XS:10|2XS:20|XS:20|S:10|M:10|L:10|XL:10"
250671,"2022-09-15 08:39:53.45","#SEA646",50.00,68.00,93.00,120.90,"2023-03-31","129335126","PO",4,,,,"","ALMA","SEA646A1",30068,1016,"2023-03-31","2023-04-30","USD",93.00,90,"3XS:10|2XS:20|XS:20|S:10|M:10|L:10|XL:10"
250672,"2022-09-15 08:39:53.45","#SEA647",50.00,68.00,93.00,120.90,"2023-03-31","129335126","PO",4,,,,"","ALMA","SEA647A0",30069,3002,"2023-03-31","2023-04-30","USD",93.00,90,"3XS:10|2XS:20|XS:20|S:10|M:10|L:10|XL:10"
250673,"2022-09-15 08:39:53.45","#SEA648",50.00,68.00,93.00,120.90,"2023-03-31","129335126","PO",4,,,,"","ALMA","SEA648A1",30070,4002,"2023-03-31","2023-04-30","USD",93.00,90,"3XS:10|2XS:20|XS:20|S:10|M:10|L:10|XL:10"
250674,"2022-09-15 08:39:53.45","#SEA649",50.00,68.00,93.00,120.90,"2023-03-31","129335126","PO",4,,,,"","ALMA","SEA649A0",30071,5002,"2023-03-31","2023-04-30","USD",93.00,90,"3XS:10|2XS:20|XS:20|S:10|M:10|L:10|XL:10"
250675,"2022-09-15 08:39:53.45","#SEA650",50.00,68.00,93.00,120.90,"2023-03-31","129335126","PO",4,,,,"","ALMA","SEA650A1",30072,6002,"2023-03-31","2023-04-30","USD",93.00,90,"3XS:10|2XS:20|XS:20|S:10|M:10|L:10|XL:10"
250676,"2022-09-15 08:39:53.45","#SEA651",50.00,68.00,93.00,120.90,"2023-03-31","129335126","PO",4,,,,"","ALMA","SEA651A1",30073,8002,"2023-03-31","2023-04-30","USD",93.00,90,"3XS:10|2XS:20|XS:20|S:10|M:10|L:10|XL:10"
250677,"2022-09-15 08:39:53.45","#SEA652",50.00,68.00,93.00,120.90,"2023-03-31","129335129","PO",4,,,,"","ALMA","SEA652A0",30029,1002,"2023-03-31","2023-04-30","USD",93.00,90,"3XS:10|2XS:20|XS:20|S:10|M:10|L:10|XL:10"
250678,"2022-09-15 08:39:53.45","#SEA653",50.00,68.00,93.00,120.90,"2023-03-31","129335129","PO",4,,,,"","ALMA","SEA653A1",30013,1016,"2023-03-31","2023-04-30","USD",93.00,90,"3XS:10|2XS:20|XS:20|S:10|M:10|L:10|XL:10"
250679,"2022-09-15 08:39:53.45","#SEA654",50.00,68.00,93.00,120.90,"2023-03-31","129335129","PO",4,,,,"","ALMA","SEA654A0",30022,3002,"2023-03-31","2023-04-30","USD",93.00,90,"3XS:10|2XS:20|XS:20|S:10|M:10|L:10|XL:10"
250680,"2022-09-15 08:39:53.45","#SEA655",50.00,68.00,93.00,120.90,"2023-03-31","129335129","PO",4,,,,"","ALMA","SEA655A1",30045,4002,"2023-03-31","2023-04-30","USD",93.00,90,"3XS:10|2XS:20|XS:20|S:10|M:10|L:10|XL:10"
250681,"2022-09-15 08:39:53.45","#SEA656",50.00,68.00,93.00,120.90,"2023-03-31","129335129","PO",4,,,,"","ALMA","SEA656A1",30046,5002,"2023-03-31","2023-04-30","USD",93.00,90,"3XS:10|2XS:20|XS:20|S:10|M:10|L:10|XL:10"
250682,"2022-09-15 08:39:53.45","#SEA657",50.00,68.00,93.00,120.90,"2023-03-31","129335129","PO",4,,,,"","ALMA","SEA657A0",30047,6002,"2023-03-31","2023-04-30","USD",93.00,90,"3XS:10|2XS:20|XS:20|S:10|M:10|L:10|XL:10"
250683,"2022-09-15 08:39:53.45","#SEA658",50.00,68.00,93.00,120.90,"2023-03-31","129335129","PO",4,,,,"","ALMA","SEA658A1",30065,8002,"2023-03-31","2023-04-30","USD",93.00,90,"3XS:10|2XS:20|XS:20|S:10|M:10|L:10|XL:10"
250684,"2022-09-15 08:39:53.45","#SEA659",50.00,68.00,93.00,120.90,"2023-03-31","129335134","PO",4,,,,"","ALMA","SEA659A0",30074,1002,"2023-03-31","2023-04-30","USD",93.00,90,"3XS:10|2XS:20|XS:20|S:10|M:10|L:10|XL:10"
250685,"2022-09-15 08:39:53.45","#SEA660",50.00,68.00,93.00,120.90,"2023-03-31","129335134","PO",4,,,,"","ALMA","SEA660A1",30075,1016,"2023-03-31","2023-04-30","USD",93.00,90,"3XS:10|2XS:20|XS:20|S:10|M:10|L:10|XL:10"
250686,"2022-09-15 08:39:53.45","#SEA661",50.00,68.00,93.00,120.90,"2023-03-31","129335134","PO",4,,,,"","ALMA","SEA661A1",30025,3002,"2023-03-31","2023-04-30","USD",93.00,90,"3XS:10|2XS:20|XS:20|S:10|M:10|L:10|XL:10"
250687,"2022-09-15 08:39:53.45","#SEA662",50.00,68.00,93.00,120.90,"2023-03-31","129335134","PO",4,,,,"","ALMA","SEA662A0",30026,4002,"2023-03-31","2023-04-30","USD",93.00,90,"3XS:10|2XS:20|XS:20|S:10|M:10|L:10|XL:10"
250688,"2022-09-15 08:39:53.45","#SEA663",50.00,68.00,93.00,120.90,"2023-03-31","129335134","PO",4,,,,"","ALMA","SEA663A1",30027,5002,"2023-03-31","2023-04-30","USD",93.00,90,"3XS:10|2XS:20|XS:20|S:10|M:10|L:10|XL:10"
250689,"2022-09-15 08:39:53.45","#SEA664",50.00,68.00,93.00,120.90,"2023-03-31","129335134","PO",4,,,,"","ALMA","SEA664A0",30066,6002,"2023-03-31","2023-04-30","USD",93.00,90,"3XS:10|2XS:20|XS:20|S:10|M:10|L:10|XL:10"
250690,"2022-09-15 08:39:53.45","#SEA665",50.00,68.00,93.00,120.90,"2023-03-31","129335134","PO",4,,,,"","ALMA","SEA665A1",30067,8002,"2023-03-31","2023-04-30","USD",93.00,90,"3XS:10|2XS:20|XS:20|S:10|M:10|L:10|XL:10"
250691,"2022-09-15 08:39:53.45","#SEA666",50.00,68.00,93.00,120.90,"2023-03-31","129335135","PO",4,,,,"","ALMA","SEA666A1",30068,1002,"2023-03-31","2023-04-30","USD",93.00,90,"3XS:10|2XS:20|XS:20|S:10|M:10|L:10|XL:10"
250692,"2022-09-15 08:39:53.45","#SEA667",50.00,68.00,93.00,120.90,"2023-03-31","129335135","PO",4,,,,"","ALMA","SEA667A0",30069,1016,"2023-03-31","2023-04-30","USD",93.00,90,"3XS:10|2XS:20|XS:20|S:10|M:10|L:10|XL:10"
250693,"2022-09-15 08:39:53.45","#SEA668",50.00,68.00,93.00,120.90,"2023-03-31","129335135","PO",4,,,,"","ALMA","SEA668A1",30070,3002,"2023-03-31","2023-04-30","USD",93.00,90,"3XS:10|2XS:20|XS:20|S:10|M:10|L:10|XL:10"
250694,"2022-09-15 08:39:53.45","#SEA669",50.00,68.00,93.00,120.90,"2023-03-31","129335135","PO",4,,,,"","ALMA","SEA669A0",30071,4002,"2023-03-31","2023-04-30","USD",93.00,90,"3XS:10|2XS:20|XS:20|S:10|M:10|L:10|XL:10"
250695,"2022-09-15 08:39:53.45","#SEA670",50.00,68.00,93.00,120.90,"2023-03-31","129335135","PO",4,,,,"","ALMA","SEA670A1",30072,5002,"2023-03-31","2023-04-30","USD",93.00,90,"3XS:10|2XS:20|XS:20|S:10|M:10|L:10|XL:10"
250696,"2022-09-15 08:39:53.45","#SEA671",50.00,68.00,93.00,120.90,"2023-03-31","129335135","PO",4,,,,"","ALMA","SEA671A1",30073,6002,"2023-03-31","2023-04-30","USD",93.00,90,"3XS:10|2XS:20|XS:20|S:10|M:10|L:10|XL:10"
250697,"2022-09-15 08:39:53.45","#SEA672",50.00,68.00,93.00,120.90,"2023-03-31","129335135","PO",4,,,,"","ALMA","SEA672A0",30029,8002,"2023-03-31","2023-04-30","USD",93.00,90,"3XS:10|2XS:20|XS:20|S:10|M:10|L:10|XL:10"
250698,"2022-09-15 08:39:53.45","#SEA673",50.00,68.00,93.00,120.90,"2023-03-31","129335142","PO",4,,,,"","ALMA","SEA673A1",30013,1002,"2023-03-31","2023-04-30","USD",93.00,90,"3XS:10|2XS:20|XS:20|S:10|M:10|L:10|XL:10"
250699,"2022-09-15 08:39:53.45","#SEA674",50.00,68.00,93.00,120.90,"2023-03-31","129335142","PO",4,,,,"","ALMA","SEA674A0",30022,1016,"2023-03-31","2023-04-30","USD",93.00,90,"3XS:10|2XS:20|XS:20|S:10|M:10|L:10|XL:10"
250700,"2022-09-15 08:39:53.45","#SEA675",50.00,68.00,93.00,120.90,"2023-03-31","129335142","PO",4,,,,"","ALMA","SEA675A1",30045,3002,"2023-03-31","2023-04-30","USD",93.00,90,"3XS:10|2XS:20|XS:20|S:10|M:10|L:10|XL:10"
250701,"2022-09-15 08:39:53.45","#SEA676",50.00,68.00,93.00,120.90,"2023-03-31","129335142","PO",4,,,,"","ALMA","SEA676A1",30046,4002,"2023-03-31","2023-04-30","USD",93.00,90,"3XS:10|2XS:20|XS:20|S:10|M:10|L:10|XL:10"
250702,"2022-09-15 08:39:53.45","#SEA677",50.00,68.00,93.00,120.90,"2023-03-31","129335142","PO",4,,,,"","ALMA","SEA677A0",30047,5002,"2023-03-31","2023-04-30","USD",93.00,90,"3XS:10|2XS:20|XS:20|S:10|M:10|L:10|XL:10"
250703,"2022-09-15 08:39:53.45","#SEA678",50.00,68.00,93.00,120.90,"2023-03-31","129335142","PO",4,,,,"","ALMA","SEA678A1",30065,6002,"2023-03-31","2023-04-30","USD",93.00,90,"3XS:10|2XS:20|XS:20|S:10|M:10|L:10|XL:10"
250704,"2022-09-15 08:39:53.45","#SEA679",50.00,68.00,93.00,120.90,"2023-03-31","129335142","PO",4,,,,"","ALMA","SEA679A0",30074,8002,"2023-03-31","2023-04-30","USD",93.00,90,"3XS:10|2XS:20|XS:20|S:10|M:10|L:10|XL:10"
250705,"2022-09-15 08:39:53.45","#SEA680",50.00,68.00,93.00,120.90,"2023-03-31","129335144","PO",4,,,,"","ALMA","SEA680A1",30075,1002,"2023-03-31","2023-04-30","USD",93.00,90,"3XS:10|2XS:20|XS:20|S:10|M:10|L:10|XL:10"
250706,"2022-09-15 08:39:53.45","#SEA681",50.00,68.00,93.00,120.90,"2023-03-31","129335144","PO",4,,,,"","ALMA","SEA681A1",30025,1016,"2023-03-31","2023-04-30","USD",93.00,90,"3XS:10|2XS:20|XS:20|S:10|M:10|L:10|XL:10"
250707,"2022-09-15 08:39:53.45","#SEA682",50.00,68.00,93.00,120.90,"2023-03-31","129335144","PO",4,,,,"","ALMA","SEA682A0",30026,3002,"2023-03-31","2023-04-30","USD",93.00,90,"3XS:10|2XS:20|XS:20|S:10|M:10|L:10|XL:10"
250708,"2022-09-15 08:39:53.45","#SEA683",50.00,68.00,93.00,120.90,"2023-03-31","129335144","PO",4,,,,"","ALMA","SEA683A1",30027,4002,"2023-03-31","2023-04-30","USD",93.00,90,"3XS:10|2XS:20|XS:20|S:10|M:10|L:10|XL:10"
250709,"2022-09-15 08:39:53.45","#SEA684",50.00,68.00,93.00,120.90,"2023-03-31","129335144","PO",4,,,,"","ALMA","SEA684A0",30066,5002,"2023-03-31","2023-04-30","USD",93.00,90,"3XS:10|2XS:20|XS:20|S:10|M:10|L:10|XL:10"
250710,"2022-09-15 08:39:53.45","#SEA685",50.00,68.00,93.00,120.90,"2023-03-31","129335144","PO",4,,,,"","ALMA","SEA685A1",30067,6002,"2023-03-31","2023-04-30","USD",93.00,90,"3XS:10|2XS:20|XS:20|S:10|M:10|L:10|XL:10"
250711,"2022-09-15 08:39:53.45","#SEA686",50.00,68.00,93.00,120.90,"2023-03-31","129335144","PO",4,,,,"","ALMA","SEA686A1",30068,8002,"2023-03-31","2023-04-30","USD",93.00,90,"3XS:10|2XS:20|XS:20|S:10|M:10|L:10|XL:10"
250712,"2022-09-15 08:39:53.45","#SEA687",50.00,68.00,93.00,120.90,"2023-03-31","129335149","PO",4,,,,"","ALMA","SEA687A0",30069,1002,"2023-03-31","2023-04-30","USD",93.00,90,"3XS:10|2XS:20|XS:20|S:10|M:10|L:10|XL:10"
250713,"2022-09-15 08:39:53.45","#SEA688",50.00,68.00,93.00,120.90,"2023-03-31","129335149","PO",4,,,,"","ALMA","SEA688A1",30070,1016,"2023-03-31","2023-04-30","USD",93.00,90,"3XS:10|2XS:20|XS:20|S:10|M:10|L:10|XL:10"
250714,"2022-09-15 08:39:53.45","#SEA689",50.00,68.00,93.00,120.90,"2023-03-31","129335149","PO",4,,,,"","ALMA","SEA689A0",30071,3002,"2023-03-31","2023-04-30","USD",93.00,90,"3XS:10|2XS:20|XS:20|S:10|M:10|L:10|XL:10"
250715,"2022-09-15 08:39:53.45","#SEA690",50.00,68.00,93.00,120.90,"2023-03-31","129335149","PO",4,,,,"","ALMA","SEA690A1",30072,4002,"2023-03-31","2023-04-30","USD",93.00,90,"3XS:10|2XS:20|XS:20|S:10|M:10|L:10|XL:10"
250716,"2022-09-15 08:39:53.45","#SEA691",50.00,68.00,93.00,120.90,"2023-03-31","129335149","PO",4,,,,"","ALMA","SEA691A1",30073,5002,"2023-03-31","2023-04-30","USD",93.00,90,"3XS:10|2XS:20|XS:20|S:10|M:10|L:10|XL:10"
250717,"2022-09-15 08:39:53.45","#SEA692",50.00,68.00,93.00,120.90,"2023-03-31","129335149","PO",4,,,,"","ALMA","SEA692A0",30029,6002,"2023-03-31","2023-04-30","USD",93.00,90,"3XS:10|2XS:20|XS:20|S:10|M:10|L:10|XL:10"
250718,"2022-09-15 08:39:53.45","#SEA693",50.00,68.00,93.00,120.90,"2023-03-31","129335149","PO",4,,,,"","ALMA","SEA693A1",30013,8002,"2023-03-31","2023-04-30","USD",93.00,90,"3XS:10|2XS:20|XS:20|S:10|M:10|L:10|XL:10"
250719,"2022-09-15 08:39:53.45","#SEA694",50.00,68.00,93.00,120.90,"2023-03-31","129335155","PO",4,,,,"","ALMA","SEA694A0",30022,1002,"2023-03-31","2023-04-30","USD",93.00,90,"3XS:10|2XS:20|XS:20|S:10|M:10|L:10|XL:10"
250720,"2022-09-15 08:39:53.45","#SEA695",50.00,68.00,93.00,120.90,"2023-03-31","129335155","PO",4,,,,"","ALMA","SEA695A1",30045,1016,"2023-03-31","2023-04-30","USD",93.00,90,"3XS:10|2XS:20|XS:20|S:10|M:10|L:10|XL:10"
250721,"2022-09-15 08:39:53.45","#SEA696",50.00,68.00,93.00,120.90,"2023-03-31","129335155","PO",4,,,,"","ALMA","SEA696A1",30046,3002,"2023-03-31","2023-04-30","USD",93.00,90,"3XS:10|2XS:20|XS:20|S:10|M:10|L:10|XL:10"
250722,"2022-09-15 08:39:53.45","#SEA697",50.00,68.00,93.00,120.90,"2023-03-31","129335155","PO",4,,,,"","ALMA","SEA697A0",30047,4002,"2023-03-31","2023-04-30","USD",93.00,90,"3XS:10|2XS:20|XS:20|S:10|M:10|L:10|XL:10"
250723,"2022-09-15 08:39:53.45","#SEA698",50.00,68.00,93.00,120.90,"2023-03-31","129335155","PO",4,,,,"","ALMA","SEA698A1",30065,5002,"2023-03-31","2023-04-30","USD",93.00,90,"3XS:10|2XS:20|XS:20|S:10|M:10|L:10|XL:10"
250724,"2022-09-15 08:39:53.45","#SEA699",50.00,68.00,93.00,120.90,"2023-03-31","129335155","PO",4,,,,"","ALMA","SEA699A0",30074,6002,"2023-03-31","2023-04-30","USD",93.00,90,"3XS:10|2XS:20|XS:20|S:10|M:10|L:10|XL:10"
250725,"2022-09-15 08:39:53.45","#SEA700",50.00,68.00,93.00,120.90,"2023-03-31","129335155","PO",4,,,,"","ALMA","SEA700A1",30075,8002,"2023-03-31","2023-04-30","USD",93.00,90,"3XS:10|2XS:20|XS:20|S:10|M:10|L:10|XL:10"
250726,"2022-09-15 08:39:53.45","#SEA701",50.00,68.00,93.00,120.90,"2023-03-31","129335158","PO",4,,,,"","ALMA","SEA701A1",30025,1002,"2023-03-31","2023-04-30","USD",93.00,90,"3XS:10|2XS:20|XS:20|S:10|M:10|L:10|XL:10"
250727,"2022-09-15 08:39:53.45","#SEA702",50.00,68.00,93.00,120.90,"2023-03-31","129335158","PO",4,,,,"","ALMA","SEA702A0",30026,1016,"2023-03-31","2023-04-30","USD",93.00,90,"3XS:10|2XS:20|XS:20|S:10|M:10|L:10|XL:10"
250728,"2022-09-15 08:39:53.45","#SEA703",50.00,68.00,93.00,120.90,"2023-03-31","129335158","PO",4,,,,"","ALMA","SEA703A1",30027,3002,"2023-03-31","2023-04-30","USD",93.00,90,"3XS:10|2XS:20|XS:20|S:10|M:10|L:10|XL:10"
250729,"2022-09-15 08:39:53.45","#SEA704",50.00,68.00,93.00,120.90,"2023-03-31","129335158","PO",4,,,,"","ALMA","SEA704A0",30066,4002,"2023-03-31","2023-04-30","USD",93.00,90,"3XS:10|2XS:20|XS:20|S:10|M:10|L:10|XL:10"
250730,"2022-09-15 08:39:53.45","#SEA705",50.00,68.00,93.00,120.90,"2023-03-31","129335158","PO",4,,,,"","ALMA","SEA705A1",30067,5002,"2023-03-31","2023-04-30","USD",93.00,90,"3XS:10|2XS:20|XS:20|S:10|M:10|L:10|XL:10"
250731,"2022-09-15 08:39:53.45","#SEA706",50.00,68.00,93.00,120.90,"2023-03-31","129335158","PO",4,,,,"","ALMA","SEA706A1",30068,6002,"2023-03-31","2023-04-30","USD",93.00,90,"3XS:10|2XS:20|XS:20|S:10|M:10|L:10|XL:10"
250732,"2022-09-15 08:39:53.45","#SEA707",50.00,68.00,93.00,120.90,"2023-03-31","129335158","PO",4,,,,"","ALMA","SEA707A0",30069,8002,"2023-03-31","2023-04-30","USD",93.00,90,"3XS:10|2XS:20|XS:20|S:10|M:10|L:10|XL:10"
250733,"2022-09-15 08:39:53.45","#SEA708",50.00,68.00,93.00,120.90,"2023-03-31","129335161","PO",4,,,,"","ALMA","SEA708A1",30070,1002,"2023-03-31","2023-04-30","USD",93.00,90,"3XS:10|2XS:20|XS:20|S:10|M:10|L:10|XL:10"
250734,"2022-09-15 08:39:53.45","#SEA709",50.00,68.00,93.00,120.90,"2023-03-31","129335161","PO",4,,,,"","ALMA","SEA709A0",30071,1016,"2023-03-31","2023-04-30","USD",93.00,90,"3XS:10|2XS:20|XS:20|S:10|M:10|L:10|XL:10"
250735,"2022-09-15 08:39:53.45","#SEA710",50.00,68.00,93.00,120.90,"2023-03-31","129335161","PO",4,,,,"","ALMA","SEA710A1",30072,3002,"2023-03-31","2023-04-30","USD",93.00,90,"3XS:10|2XS:20|XS:20|S:10|M:10|L:10|XL:10"
250736,"2022-09-15 08:39:53.45","#SEA711",50.00,68.00,93.00,120.90,"2023-03-31","129335161","PO",4,,,,"","ALMA","SEA711A1",30073,4002,"2023-03-31","2023-04-30","USD",93.00,90,"3XS:10|2XS:20|XS:20|S:10|M:10|L:10|XL:10"
250737,"2022-09-15 08:39:53.45","#SEA712",50.00,68.00,93.00,120.90,"2023-03-31","129335161","PO",4,,,,"","ALMA","SEA712A0",30029,5002,"2023-03-31","2023-04-30","USD",93.00,90,"3XS:10|2XS:20|XS:20|S:10|M:10|L:10|XL:10"
250738,"2022-09-15 08:39:53.45","#SEA713",50.00,68.00,93.00,120.90,"2023-03-31","129335161","PO",4,,,,"","ALMA","SEA713A1",30013,6002,"2023-03-31","2023-04-30","USD",93.00,90,"3XS:10|2XS:20|XS:20|S:10|M:10|L:10|XL:10"
250739,"2022-09-15 08:39:53.45","#SEA714",50.00,68.00,93.00,120.90,"2023-03-31","129335161","PO",4,,,,"","ALMA","SEA714A0",30022,8002,"2023-03-31","2023-04-30","USD",93.00,90,"3XS:10|2XS:20|XS:20|S:10|M:10|L:10|XL:10"
250740,"2022-09-15 08:39:53.45","#SEA715",50.00,68.00,93.00,120.90,"2023-03-31","129335162","PO",4,,,,"","ALMA","SEA715A1",30045,1002,"2023-03-31","2023-04-30","USD",93.00,90,"3XS:10|2XS:20|XS:20|S:10|M:10|L:10|XL:10"
250741,"2022-09-15 08:39:53.45","#SEA716",50.00,68.00,93.00,120.90,"2023-03-31","129335162","PO",4,,,,"","ALMA","SEA716A1",30046,1016,"2023-03-31","2023-04-30","USD",93.00,90,"3XS:10|2XS:20|XS:20|S:10|M:10|L:10|XL:10"
250742,"2022-09-15 08:39:53.45","#SEA717",50.00,68.00,93.00,120.90,"2023-03-31","129335162","PO",4,,,,"","ALMA","SEA717A0",30047,3002,"2023-03-31","2023-04-30","USD",93.00,90,"3XS:10|2XS:20|XS:20|S:10|M:10|L:10|XL:10"
250743,"2022-09-15 08:39:53.45","#SEA718",50.00,68.00,93.00,120.90,"2023-03-31","129335162","PO",4,,,,"","ALMA","SEA718A1",30065,4002,"2023-03-31","2023-04-30","USD",93.00,90,"3XS:10|2XS:20|XS:20|S:10|M:10|L:10|XL:10"
250744,"2022-09-15 08:39:53.45","#SEA719",50.00,68.00,93.00,120.90,"2023-03-31","129335162","PO",4,,,,"","ALMA","SEA719A0",30074,5002,"2023-03-31","2023-04-30","USD",93.00,90,"3XS:10|2XS:20|XS:20|S:10|M:10|L:10|XL:10"
250745,"2022-09-15 08:39:53.45","#SEA720",50.00,68.00,93.00,120.90,"2023-03-31","129335162","PO",4,,,,"","ALMA","SEA720A1",30075,6002,"2023-03-31","2023-04-30","USD",93.00,90,"3XS:10|2XS:20|XS:20|S:10|M:10|L:10|XL:10"
250746,"2022-09-15 08:39:53.45","#SEA721",50.00,68.00,93.00,120.90,"2023-03-31","129335162","PO",4,,,,"","ALMA","SEA721A1",30025,8002,"2023-03-31","2023-04-30","USD",93.00,90,"3XS:10|2XS:20|XS:20|S:10|M:10|L:10|XL:10"
250747,"2022-09-15 08:39:53.45","#SEA722",50.00,68.00,93.00,120.90,"2023-03-31","129335165","PO",4,,,,"","ALMA","SEA722A0",30026,1002,"2023-03-31","2023-04-30","USD",93.00,90,"3XS:10|2XS:20|XS:20|S:10|M:10|L:10|XL:10"
250748,"2022-09-15 08:39:53.45","#SEA723",50.00,68.00,93.00,120.90,"2023-03-31","129335165","PO",4,,,,"","ALMA","SEA723A1",30027,1016,"2023-03-31","2023-04-30","USD",93.00,90,"3XS:10|2XS:20|XS:20|S:10|M:10|L:10|XL:10"
250749,"2022-09-15 08:39:53.45","#SEA724",50.00,68.00,93.00,120.90,"2023-03-31","129335165","PO",4,,,,"","ALMA","SEA724A0",30066,3002,"2023-03-31","2023-04-30","USD",93.00,90,"3XS:10|2XS:20|XS:20|S:10|M:10|L:10|XL:10"
250750,"2022-09-15 08:39:53.45","#SEA725",50.00,68.00,93.00,120.90,"2023-03-31","129335165","PO",4,,,,"","ALMA","SEA725A1",30067,4002,"2023-03-31","2023-04-30","USD",93.00,90,"3XS:10|2XS:20|XS:20|S:10|M:10|L:10|XL:10"
250751,"2022-09-15 08:39:53.45","#SEA726",50.00,68.00,93.00,120.90,"2023-03-31","129335165","PO",4,,,,"","ALMA","SEA726A1",30068,5002,"2023-03-31","2023-04-30","USD",93.00,90,"3XS:10|2XS:20|XS:20|S:10|M:10|L:10|XL:10"
250752,"2022-09-15 08:39:53.45","#SEA727",50.00,68.00,93.00,120.90,"2023-03-31","129335165","PO",4,,,,"","ALMA","SEA727A0",30069,6002,"2023-03-31","2023-04-30","USD",93.00,90,"3XS:10|2XS:20|XS:20|S:10|M:10|L:10|XL:10"
250753,"2022-09-15 08:39:53.45","#SEA728",50.00,68.00,93.00,120.90,"2023-03-31","129335165","PO",4,,,,"","ALMA","SEA728A1",30070,8002,"2023-03-31","2023-04-30","USD",93.00,90,"3XS:10|2XS:20|XS:20|S:10|M:10|L:10|XL:10"
250754,"2022-09-15 08:39:53.45","#SEA729",50.00,68.00,93.00,120.90,"2023-03-31","129335166","PO",4,,,,"","ALMA","SEA729A0",30071,1002,"2023-03-31","2023-04-30","USD",93.00,90,"3XS:10|2XS:20|XS:20|S:10|M:10|L:10|XL:10"
250755,"2022-09-15 08:39:53.45","#SEA730",50.00,68.00,93.00,120.90,"2023-03-31","129335166","PO",4,,,,"","ALMA","SEA730A1",30072,1016,"2023-03-31","2023-04-30","USD",93.00,90,"3XS:10|2XS:20|XS:20|S:10|M:10|L:10|XL:10"
250756,"2022-09-15 08:39:53.45","#SEA731",50.00,68.00,93.00,120.90,"2023-03-31","129335166","PO",4,,,,"","ALMA","SEA731A1",30073,3002,"2023-03-31","2023-04-30","USD",93.00,90,"3XS:10|2XS:20|XS:20|S:10|M:10|L:10|XL:10"
250757,"2022-09-15 08:39:53.45","#SEA732",50.00,68.00,93.00,120.90,"2023-03-31","129335166","PO",4,,,,"","ALMA","SEA732A0",30029,4002,"2023-03-31","2023-04-30","USD",93.00,90,"3XS:10|2XS:20|XS:20|S:10|M:10|L:10|XL:10"
250758,"2022-09-15 08:39:53.45","#SEA733",50.00,68.00,93.00,120.90,"2023-03-31","129335166","PO",4,,,,"","ALMA","SEA733A1",30013,5002,"2023-03-31","2023-04-30","USD",93.00,90,"3XS:10|2XS:20|XS:20|S:10|M:10|L:10|XL:10"
250759,"2022-09-15 08:39:53.45","#SEA734",50.00,68.00,93.00,120.90,"2023-03-31","129335166","PO",4,,,,"","ALMA","SEA734A0",30022,6002,"2023-03-31","2023-04-30","USD",93.00,90,"3XS:10|2XS:20|XS:20|S:10|M:10|L:10|XL:10"
250760,"2022-09-15 08:39:53.45","#SEA735",50.00,68.00,93.00,120.90,"2023-03-31","129335166","PO",4,,,,"","ALMA","SEA735A1",30045,8002,"2023-03-31","2023-04-30","USD",93.00,90,"3XS:10|2XS:20|XS:20|S:10|M:10|L:10|XL:10"
250761,"2022-09-15 08:39:53.45","#SEA736",50.00,68.00,93.00,120.90,"2023-03-31","129335173","PO",4,,,,"","ALMA","SEA736A1",30046,1002,"2023-03-31","2023-04-30","USD",93.00,90,"3XS:10|2XS:20|XS:20|S:10|M:10|L:10|XL:10"
250762,"2022-09-15 08:39:53.45","#SEA737",50.00,68.00,93.00,120.90,"2023-03-31","129335173","PO",4,,,,"","ALMA","SEA737A0",30047,1016,"2023-03-31","2023-04-30","USD",93.00,90,"3XS:10|2XS:20|XS:20|S:10|M:10|L:10|XL:10"
250763,"2022-09-15 08:39:53.45","#SEA738",50.00,68.00,93.00,120.90,"2023-03-31","129335173","PO",4,,,,"","ALMA","SEA738A1",30065,3002,"2023-03-31","2023-04-30","USD",93.00,90,"3XS:10|2XS:20|XS:20|S:10|M:10|L:10|XL:10"
250764,"2022-09-15 08:39:53.45","#SEA739",50.00,68.00,93.00,120.90,"2023-03-31","129335173","PO",4,,,,"","ALMA","SEA739A0",30074,4002,"2023-03-31","2023-04-30","USD",93.00,90,"3XS:10|2XS:20|XS:20|S:10|M:10|L:10|XL:10"
250765,"2022-09-15 08:39:53.45","#SEA740",50.00,68.00,93.00,120.90,"2023-03-31","129335173","PO",4,,,,"","ALMA","SEA740A1",30075,5002,"2023-03-31","2023-04-30","USD",93.00,90,"3XS:10|2XS:20|XS:20|S:10|M:10|L:10|XL:10"
250766,"2022-09-15 08:39:53.45","#SEA741",50.00,68.00,93.00,120.90,"2023-03-31","129335173","PO",4,,,,"","ALMA","SEA741A1",30025,6002,"2023-03-31","2023-04-30","USD",93.00,90,"3XS:10|2XS:20|XS:20|S:10|M:10|L:10|XL:10"
250767,"2022-09-15 08:39:53.45","#SEA742",50.00,68.00,93.00,120.90,"2023-03-31","129335173","PO",4,,,,"","ALMA","SEA742A0",30026,8002,"2023-03-31","2023-04-30","USD",93.00,90,"3XS:10|2XS:20|XS:20|S:10|M:10|L:10|XL:10"
250768,"2022-09-15 08:39:53.45","#SEA743",50.00,68.00,93.00,120.90,"2023-03-31","129335176","PO",4,,,,"","ALMA","SEA743A1",30027,1002,"2023-03-31","2023-04-30","USD",93.00,90,"3XS:10|2XS:20|XS:20|S:10|M:10|L:10|XL:10"
250769,"2022-09-15 08:39:53.45","#SEA744",50.00,68.00,93.00,120.90,"2023-03-31","129335176","PO",4,,,,"","ALMA","SEA744A0",30066,1016,"2023-03-31","2023-04-30","USD",93.00,90,"3XS:10|2XS:20|XS:20|S:10|M:10|L:10|XL:10"
250770,"2022-09-15 08:39:53.45","#SEA745",50.00,68.00,93.00,120.90,"2023-03-31","129335176","PO",4,,,,"","ALMA","SEA745A1",30067,3002,"2023-03-31","2023-04-30","USD",93.00,90,"3XS:10|2XS:20|XS:20|S:10|M:10|L:10|XL:10"
250771,"2022-09-15 08:39:53.45","#SEA746",50.00,68.00,93.00,120.90,"2023-03-31","129335176","PO",4,,,,"","ALMA","SEA746A1",30068,4002,"2023-03-31","2023-04-30","USD",93.00,90,"3XS:10|2XS:20|XS:20|S:10|M:10|L:10|XL:10"
250772,"2022-09-15 08:39:53.45","#SEA747",50.00,68.00,93.00,120.90,"2023-03-31","129335176","PO",4,,,,"","ALMA","SEA747A0",30069,5002,"2023-03-31","2023-04-30","USD",93.00,90,"3XS:10|2XS:20|XS:20|S:10|M:10|L:10|XL:10"
250773,"2022-09-15 08:39:53.45","#SEA748",50.00,68.00,93.00,120.90,"2023-03-31","129335176","PO",4,,,,"","ALMA","SEA748A1",30070,6002,"2023-03-31","2023-04-30","USD",93.00,90,"3XS:10|2XS:20|XS:20|S:10|M:10|L:10|XL:10"
250774,"2022-09-15 08:39:53.45","#SEA749",50.00,68.00,93.00,120.90,"2023-03-31","129335176","PO",4,,,,"","ALMA","SEA749A0",30071,8002,"2023-03-31","2023-04-30","USD",93.00,90,"3XS:10|2XS:20|XS:20|S:10|M:10|L:10|XL:10"
250775,"2022-09-15 08:39:53.45","#SEA750",50.00,68.00,93.00,120.90,"2023-03-31","129335179","PO",4,,,,"","ALMA","SEA750A1",30072,1002,"2023-03-31","2023-04-30","USD",93.00,90,"3XS:10|2XS:20|XS:20|S:10|M:10|L:10|XL:10"
250776,"2022-09-15 08:39:53.45","#SEA751",50.00,68.00,93.00,120.90,"2023-03-31","129335179","PO",4,,,,"","ALMA","SEA751A1",30073,1016,"2023-03-31","2023-04-30","USD",93.00,90,"3XS:10|2XS:20|XS:20|S:10|M:10|L:10|XL:10"
250777,"2022-09-15 08:39:53.45","#SEA752",50.00,68.00,93.00,120.90,"2023-03-31","129335179","PO",4,,,,"","ALMA","SEA752A0",30029,3002,"2023-03-31","2023-04-30","USD",93.00,90,"3XS:10|2XS:20|XS:20|S:10|M:10|L:10|XL:10"
250778,"2022-09-15 08:39:53.45","#SEA753",50.00,68.00,93.00,120.90,"2023-03-31","129335179","PO",4,,,,"","ALMA","SEA753A1",30013,4002,"2023-03-31","2023-04-30","USD",93.00,90,"3XS:10|2XS:20|XS:20|S:10|M:10|L:10|XL:10"
250779,"2022-09-15 08:39:53.45","#SEA754",50.00,68.00,93.00,120.90,"2023-03-31","129335179","PO",4,,,,"","ALMA","SEA754A0",30022,5002,"2023-03-31","2023-04-30","USD",93.00,90,"3XS:10|2XS:20|XS:20|S:10|M:10|L:10|XL:10"
250780,"2022-09-15 08:39:53.45","#SEA755",50.00,68.00,93.00,120.90,"2023-03-31","129335179","PO",4,,,,"","ALMA","SEA755A1",30045,6002,"2023-03-31","2023-04-30","USD",93.00,90,"3XS:10|2XS:20|XS:20|S:10|M:10|L:10|XL:10"
250781,"2022-09-15 08:39:53.45","#SEA756",50.00,68.00,93.00,120.90,"2023-03-31","129335179","PO",4,,,,"","ALMA","SEA756A1",30046,8002,"2023-03-31","2023-04-30","USD",93.00,90,"3XS:10|2XS:20|XS:20|S:10|M:10|L:10|XL:10"
250782,"2022-09-15 08:39:53.45","#SEA757",50.00,68.00,93.00,120.90,"2023-03-31","129335180","PO",4,,,,"","ALMA","SEA757A0",30047,1002,"2023-03-31","2023-04-30","USD",93.00,90,"3XS:10|2XS:20|XS:20|S:10|M:10|L:10|XL:10"
250783,"2022-09-15 08:39:53.45","#SEA758",50.00,68.00,93.00,120.90,"2023-03-31","129335180","PO",4,,,,"","ALMA","SEA758A1",30065,1016,"2023-03-31","2023-04-30","USD",93.00,90,"3XS:10|2XS:20|XS:20|S:10|M:10|L:10|XL:10"
250784,"2022-09-15 08:39:53.45","#SEA759",50.00,68.00,93.00,120.90,"2023-03-31","129335180","PO",4,,,,"","ALMA","SEA759A0",30074,3002,"2023-03-31","2023-04-30","USD",93.00,90,"3XS:10|2XS:20|XS:20|S:10|M:10|L:10|XL:10"
250785,"2022-09-15 08:39:53.45","#SEA760",50.00,68.00,93.00,120.90,"2023-03-31","129335180","PO",4,,,,"","ALMA","SEA760A1",30075,4002,"2023-03-31","2023-04-30","USD",93.00,90,"3XS:10|2XS:20|XS:20|S:10|M:10|L:10|XL:10"
250786,"2022-09-15 08:39:53.45","#SEA761",50.00,68.00,93.00,120.90,"2023-03-31","129335180","PO",4,,,,"","ALMA","SEA761A1",30025,5002,"2023-03-31","2023-04-30","USD",93.00,90,"3XS:10|2XS:20|XS:20|S:10|M:10|L:10|XL:10"
250787,"2022-09-15 08:39:53.45","#SEA762",50.00,68.00,93.00,120.90,"2023-03-31","129335180","PO",4,,,,"","ALMA","SEA762A0",30026,6002,"2023-03-31","2023-04-30","USD",93.00,90,"3XS:10|2XS:20|XS:20|S:10|M:10|L:10|XL:10"
250788,"2022-09-15 08:39:53.45","#SEA763",50.00,68.00,93.00,120.90,"2023-03-31","129335180","PO",4,,,,"","ALMA","SEA763A1",30027,8002,"2023-03-31","2023-04-30","USD",93.00,90,"3XS:10|2XS:20|XS:20|S:10|M:10|L:10|XL:10"
250789,"2022-09-15 08:39:53.45","#SEA764",50.00,68.00,93.00,120.90,"2023-03-31","129335186","PO",4,,,,"","ALMA","SEA764A0",30066,1002,"2023-03-31","2023-04-30","USD",93.00,90,"3XS:10|2XS:20|XS:20|S:10|M:10|L:10|XL:10"
250790,"2022-09-15 08:39:53.45","#SEA765",50.00,68.00,93.00,120.90,"2023-03-31","129335186","PO",4,,,,"","ALMA","SEA765A1",30067,1016,"2023-03-31","2023-04-30","USD",93.00,90,"3XS:10|2XS:20|XS:20|S:10|M:10|L:10|XL:10"
250791,"2022-09-15 08:39:53.45","#SEA766",50.00,68.00,93.00,120.90,"2023-03-31","129335186","PO",4,,,,"","ALMA","SEA766A1",30068,3002,"2023-03-31","2023-04-30","USD",93.00,90,"3XS:10|2XS:20|XS:20|S:10|M:10|L:10|XL:10"
250792,"2022-09-15 08:39:53.45","#SEA767",50.00,68.00,93.00,120.90,"2023-03-31","129335186","PO",4,,,,"","ALMA","SEA767A0",30069,4002,"2023-03-31","2023-04-30","USD",93.00,90,"3XS:10|2XS:20|XS:20|S:10|M:10|L:10|XL:10"
250793,"2022-09-15 08:39:53.45","#SEA768",50.00,68.00,93.00,120.90,"2023-03-31","129335186","PO",4,,,,"","ALMA","SEA768A1",30070,5002,"2023-03-31","2023-04-30","USD",93.00,90,"3XS:10|2XS:20|XS:20|S:10|M:10|L:10|XL:10"
250794,"2022-09-15 08:39:53.45","#SEA769",50.00,68.00,93.00,120.90,"2023-03-31","129335186","PO",4,,,,"","ALMA","SEA769A0",30071,6002,"2023-03-31","2023-04-30","USD",93.00,90,"3XS:10|2XS:20|XS:20|S:10|M:10|L:10|XL:10"
250795,"2022-09-15 08:39:53.45","#SEA770",50.00,68.00,93.00,120.90,"2023-03-31","129335186","PO",4,,,,"","ALMA","SEA770A1",30072,8002,"2023-03-31","2023-04-30","USD",93.00,90,"3XS:10|2XS:20|XS:20|S:10|M:10|L:10|XL:10"
250796,"2022-09-15 08:39:53.45","#SEA771",50.00,68.00,93.00,120.90,"2023-03-31","129335188","PO",4,,,,"","ALMA","SEA771A1",30073,1002,"2023-03-31","2023-04-30","USD",93.00,90,"3XS:10|2XS:20|XS:20|S:10|M:10|L:10|XL:10"
250797,"2022-09-15 08:39:53.45","#SEA772",50.00,68.00,93.00,120.90,"2023-03-31","129335188","PO",4,,,,"","ALMA","SEA772A0",30029,1016,"2023-03-31","2023-04-30","USD",93.00,90,"3XS:10|2XS:20|XS:20|S:10|M:10|L:10|XL:10"
250798,"2022-09-15 08:39:53.45","#SEA773",50.00,68.00,93.00,120.90,"2023-03-31","129335188","PO",4,,,,"","ALMA","SEA773A1",30013,3002,"2023-03-31","2023-04-30","USD",93.00,90,"3XS:10|2XS:20|XS:20|S:10|M:10|L:10|XL:10"
250799,"2022-09-15 08:39:53.45","#SEA774",50.00,68.00,93.00,120.90,"2023-03-31","129335188","PO",4,,,,"","ALMA","SEA774A0",30022,4002,"2023-03-31","2023-04-30","USD",93.00,90,"3XS:10|2XS:20|XS:20|S:10|M:10|L:10|XL:10"
250800,"2022-09-15 08:39:53.45","#SEA775",50.00,68.00,93.00,120.90,"2023-03-31","129335188","PO",4,,,,"","ALMA","SEA775A1",30045,5002,"2023-03-31","2023-04-30","USD",93.00,90,"3XS:10|2XS:20|XS:20|S:10|M:10|L:10|XL:10"
250801,"2022-09-15 08:39:53.45","#SEA776",50.00,68.00,93.00,120.90,"2023-03-31","129335188","PO",4,,,,"","ALMA","SEA776A1",30046,6002,"2023-03-31","2023-04-30","USD",93.00,90,"3XS:10|2XS:20|XS:20|S:10|M:10|L:10|XL:10"
250802,"2022-09-15 08:39:53.45","#SEA777",50.00,68.00,93.00,120.90,"2023-03-31","129335188","PO",4,,,,"","ALMA","SEA777A0",30047,8002,"2023-03-31","2023-04-30","USD",93.00,90,"3XS:10|2XS:20|XS:20|S:10|M:10|L:10|XL:10"
250803,"2022-09-15 08:39:53.45","#SEA778",50.00,68.00,93.00,120.90,"2023-03-31","129335191","PO",4,,,,"","ALMA","SEA778A1",30065,1002,"2023-03-31","2023-04-30","USD",93.00,90,"3XS:10|2XS:20|XS:20|S:10|M:10|L:10|XL:10"
250804,"2022-09-15 08:39:53.45","#SEA779",50.00,68.00,93.00,120.90,"2023-03-31","129335191","PO",4,,,,"","ALMA","SEA779A0",30074,1016,"2023-03-31","2023-04-30","USD",93.00,90,"3XS:10|2XS:20|XS:20|S:10|M:10|L:10|XL:10"
250805,"2022-09-15 08:39:53.45","#SEA780",50.00,68.00,93.00,120.90,"2023-03-31","129335191","PO",4,,,,"","ALMA","SEA780A1",30075,3002,"2023-03-31","2023-04-30","USD",93.00,90,"3XS:10|2XS:20|XS:20|S:10|M:10|L:10|XL:10"
250806,"2022-09-15 08:39:53.45","#SEA781",50.00,68.00,93.00,120.90,"2023-03-31","129335191","PO",4,,,,"","ALMA","SEA781A1",30025,4002,"2023-03-31","2023-04-30","USD",93.00,90,"3XS:10|2XS:20|XS:20|S:10|M:10|L:10|XL:10"
250807,"2022-09-15 08:39:53.45","#SEA782",50.00,68.00,93.00,120.90,"2023-03-31","129335191","PO",4,,,,"","ALMA","SEA782A0",30026,5002,"2023-03-31","2023-04-30","USD",93.00,90,"3XS:10|2XS:20|XS:20|S:10|M:10|L:10|XL:10"
250808,"2022-09-15 08:39:53.45","#SEA783",50.00,68.00,93.00,120.90,"2023-03-31","129335191","PO",4,,,,"","ALMA","SEA783A1",30027,6002,"2023-03-31","2023-04-30","USD",93.00,90,"3XS:10|2XS:20|XS:20|S:10|M:10|L:10|XL:10"
250809,"2022-09-15 08:39:53.45","#SEA784",50.00,68.00,93.00,120.90,"2023-03-31","129335191","PO",4,,,,"","ALMA","SEA784A0",30066,8002,"2023-03-31","2023-04-30","USD",93.00,90,"3XS:10|2XS:20|XS:20|S:10|M:10|L:10|XL:10"
250810,"2022-09-15 08:39:53.45","#SEA785",50.00,68.00,93.00,120.90,"2023-03-31","129335199","PO",4,,,,"","ALMA","SEA785A1",30067,1002,"2023-03-31","2023-04-30","USD",93.00,90,"3XS:10|2XS:20|XS:20|S:10|M:10|L:10|XL:10"
250811,"2022-09-15 08:39:53.45","#SEA786",50.00,68.00,93.00,120.90,"2023-03-31","129335199","PO",4,,,,"","ALMA","SEA786A1",30068,1016,"2023-03-31","2023-04-30","USD",93.00,90,"3XS:10|2XS:20|XS:20|S:10|M:10|L:10|XL:10"
250812,"2022-09-15 08:39:53.45","#SEA787",50.00,68.00,93.00,120.90,"2023-03-31","129335199","PO",4,,,,"","ALMA","SEA787A0",30069,3002,"2023-03-31","2023-04-30","USD",93.00,90,"3XS:10|2XS:20|XS:20|S:10|M:10|L:10|XL:10"
250813,"2022-09-15 08:39:53.45","#SEA788",50.00,68.00,93.00,120.90,"2023-03-31","129335199","PO",4,,,,"","ALMA","SEA788A1",30070,4002,"2023-03-31","2023-04-30","USD",93.00,90,"3XS:10|2XS:20|XS:20|S:10|M:10|L:10|XL:10"
250814,"2022-09-15 08:39:53.45","#SEA789",50.00,68.00,93.00,120.90,"2023-03-31","129335199","PO",4,,,,"","ALMA","SEA789A0",30071,5002,"2023-03-31","2023-04-30","USD",93.00,90,"3XS:10|2XS:20|XS:20|S:10|M:10|L:10|XL:10"
250815,"2022-09-15 08:39:53.45","#SEA790",50.00,68.00,93.00,120.90,"2023-03-31","129335199","PO",4,,,,"","ALMA","SEA790A1",30072,6002,"2023-03-31","2023-04-30","USD",93.00,90,"3XS:10|2XS:20|XS:20|S:10|M:10|L:10|XL:10"
250816,"2022-09-15 08:39:53.45","#SEA791",50.00,68.00,93.00,120.90,"2023-03-31","129335199","PO",4,,,,"","ALMA","SEA791A1",30073,8002,"2023-03-31","2023-04-30","USD",93.00,90,"3XS:10|2XS:20|XS:20|S:10|M:10|L:10|XL:10"
250817,"2022-09-15 08:39:53.45","#SEA792",50.00,68.00,93.00,120.90,"2023-03-31","129335202","PO",4,,,,"","ALMA","SEA792A0",30029,1002,"2023-03-31","2023-04-30","USD",93.00,90,"3XS:10|2XS:20|XS:20|S:10|M:10|L:10|XL:10"
250818,"2022-09-15 08:39:53.45","#SEA793",50.00,68.00,93.00,120.90,"2023-03-31","129335202","PO",4,,,,"","ALMA","SEA793A1",30013,1016,"2023-03-31","2023-04-30","USD",93.00,90,"3XS:10|2XS:20|XS:20|S:10|M:10|L:10|XL:10"
250819,"2022-09-15 08:39:53.45","#SEA794",50.00,68.00,93.00,120.90,"2023-03-31","129335202","PO",4,,,,"","ALMA","SEA794A0",30022,3002,"2023-03-31","2023-04-30","USD",93.00,90,"3XS:10|2XS:20|XS:20|S:10|M:10|L:10|XL:10"
250820,"2022-09-15 08:39:53.45","#SEA795",50.00,68.00,93.00,120.90,"2023-03-31","129335202","PO",4,,,,"","ALMA","SEA795A1",30045,4002,"2023-03-31","2023-04-30","USD",93.00,90,"3XS:10|2XS:20|XS:20|S:10|M:10|L:10|XL:10"
250821,"2022-09-15 08:39:53.45","#SEA796",50.00,68.00,93.00,120.90,"2023-03-31","129335202","PO",4,,,,"","ALMA","SEA796A1",30046,5002,"2023-03-31","2023-04-30","USD",93.00,90,"3XS:10|2XS:20|XS:20|S:10|M:10|L:10|XL:10"
250822,"2022-09-15 08:39:53.45","#SEA797",50.00,68.00,93.00,120.90,"2023-03-31","129335202","PO",4,,,,"","ALMA","SEA797A0",30047,6002,"2023-03-31","2023-04-30","USD",93.00,90,"3XS:10|2XS:20|XS:20|S:10|M:10|L:10|XL:10"
250823,"2022-09-15 08:39:53.45","#SEA798",50.00,68.00,93.00,120.90,"2023-03-31","129335202","PO",4,,,,"","ALMA","SEA798A1",30065,8002,"2023-03-31","2023-04-30","USD",93.00,90,"3XS:10|2XS:20|XS:20|S:10|M:10|L:10|XL:10"
250824,"2022-09-15 08:39:53.45","#SEA799",50.00,68.00,93.00,120.90,"2023-03-31","129335204","PO",4,,,,"","ALMA","SEA799A0",30074,1002,"2023-03-31","2023-04-30","USD",93.00,90,"3XS:10|2XS:20|XS:20|S:10|M:10|L:10|XL:10"
250825,"2022-09-15 08:39:53.45","#SEA800",50.00,68.00,93.00,120.90,"2023-03-31","129335204","PO",4,,,,"","ALMA","SEA800A1",30075,1016,"2023-03-31","2023-04-30","USD",93.00,90,"3XS:10|2XS:20|XS:20|S:10|M:10|L:10|XL:10"
250826,"2022-09-15 08:39:53.45","#SEA801",50.00,68.00,93.00,120.90,"2023-03-31","129335204","PO",4,,,,"","ALMA","SEA801A1",30025,3002,"2023-03-31","2023-04-30","USD",93.00,90,"3XS:10|2XS:20|XS:20|S:10|M:10|L:10|XL:10"
250827,"2022-09-15 08:39:53.45","#SEA802",50.00,68.00,93.00,120.90,"2023-03-31","129335204","PO",4,,,,"","ALMA","SEA802A0",30026,4002,"2023-03-31","2023-04-30","USD",93.00,90,"3XS:10|2XS:20|XS:20|S:10|M:10|L:10|XL:10"
250828,"2022-09-15 08:39:53.45","#SEA803",50.00,68.00,93.00,120.90,"2023-03-31","129335204","PO",4,,,,"","ALMA","SEA803A1",30027,5002,"2023-03-31","2023-04-30","USD",93.00,90,"3XS:10|2XS:20|XS:20|S:10|M:10|L:10|XL:10"
250829,"2022-09-15 08:39:53.45","#SEA804",50.00,68.00,93.00,120.90,"2023-03-31","129335204","PO",4,,,,"","ALMA","SEA804A0",30066,6002,"2023-03-31","2023-04-30","USD",93.00,90,"3XS:10|2XS:20|XS:20|S:10|M:10|L:10|XL:10"
250830,"2022-09-15 08:39:53.45","#SEA805",50.00,68.00,93.00,120.90,"2023-03-31","129335204","PO",4,,,,"","ALMA","SEA805A1",30067,8002,"2023-03-31","2023-04-30","USD",93.00,90,"3XS:10|2XS:20|XS:20|S:10|M:10|L:10|XL:10"
250831,"2022-09-15 08:39:53.45","#SEA806",50.00,68.00,93.00,120.90,"2023-03-31","129335205","PO",4,,,,"","ALMA","SEA806A1",30068,1002,"2023-03-31","2023-04-30","USD",93.00,90,"3XS:10|2XS:20|XS:20|S:10|M:10|L:10|XL:10"
250832,"2022-09-15 08:39:53.45","#SEA807",50.00,68.00,93.00,120.90,"2023-03-31","129335205","PO",4,,,,"","ALMA","SEA807A0",30069,1016,"2023-03-31","2023-04-30","USD",93.00,90,"3XS:10|2XS:20|XS:20|S:10|M:10|L:10|XL:10"
250833,"2022-09-15 08:39:53.45","#SEA808",50.00,68.00,93.00,120.90,"2023-03-31","129335205","PO",4,,,,"","ALMA","SEA808A1",30070,3002,"2023-03-31","2023-04-30","USD",93.00,90,"3XS:10|2XS:20|XS:20|S:10|M:10|L:10|XL:10"
250834,"2022-09-15 08:39:53.45","#SEA809",50.00,68.00,93.00,120.90,"2023-03-31","129335205","PO",4,,,,"","ALMA","SEA809A0",30071,4002,"2023-03-31","2023-04-30","USD",93.00,90,"3XS:10|2XS:20|XS:20|S:10|M:10|L:10|XL:10"
250835,"2022-09-15 08:39:53.45","#SEA810",50.00,68.00,93.00,120.90,"2023-03-31","129335205","PO",4,,,,"","ALMA","SEA810A1",30072,5002,"2023-03-31","2023-04-30","USD",93.00,90,"3XS:10|2XS:20|XS:20|S:10|M:10|L:10|XL:10"
250836,"2022-09-15 08:39:53.45","#SEA811",50.00,68.00,93.00,120.90,"2023-03-31","129335205","PO",4,,,,"","ALMA","SEA811A1",30073,6002,"2023-03-31","2023-04-30","USD",93.00,90,"3XS:10|2XS:20|XS:20|S:10|M:10|L:10|XL:10"
250837,"2022-09-15 08:39:53.45","#SEA812",50.00,68.00,93.00,120.90,"2023-03-31","129335205","PO",4,,,,"","ALMA","SEA812A0",30029,8002,"2023-03-31","2023-04-30","USD",93.00,90,"3XS:10|2XS:20|XS:20|S:10|M:10|L:10|XL:10"
250838,"2022-09-15 08:39:53.45","#SEA813",50.00,68.00,93.00,120.90,"2023-03-31","129335211","PO",4,,,,"","ALMA","SEA813A1",30013,1002,"2023-03-31","2023-04-30","USD",93.00,90,"3XS:10|2XS:20|XS:20|S:10|M:10|L:10|XL:10"
250839,"2022-09-15 08:39:53.45","#SEA814",50.00,68.00,93.00,120.90,"2023-03-31","129335211","PO",4,,,,"","ALMA","SEA814A0",30022,1016,"2023-03-31","2023-04-30","USD",93.00,90,"3XS:10|2XS:20|XS:20|S:10|M:10|L:10|XL:10"
250840,"2022-09-15 08:39:53.45","#SEA815",50.00,68.00,93.00,120.90,"2023-03-31","129335211","PO",4,,,,"","ALMA","SEA815A1",30045,3002,"2023-03-31","2023-04-30","USD",93.00,90,"3XS:10|2XS:20|XS:20|S:10|M:10|L:10|XL:10"
250841,"2022-09-15 08:39:53.45","#SEA816",50.00,68.00,93.00,120.90,"2023-03-31","129335211","PO",4,,,,"","ALMA","SEA816A1",30046,4002,"2023-03-31","2023-04-30","USD",93.00,90,"3XS:10|2XS:20|XS:20|S:10|M:10|L:10|XL:10"
250842,"2022-09-15 08:39:53.45","#SEA817",50.00,68.00,93.00,120.90,"2023-03-31","129335211","PO",4,,,,"","ALMA","SEA817A0",30047,5002,"2023-03-31","2023-04-30","USD",93.00,90,"3XS:10|2XS:20|XS:20|S:10|M:10|L:10|XL:10"
250843,"2022-09-15 08:39:53.45","#SEA818",50.00,68.00,93.00,120.90,"2023-03-31","129335211","PO",4,,,,"","ALMA","SEA818A1",30065,6002,"2023-03-31","2023-04-30","USD",93.00,90,"3XS:10|2XS:20|XS:20|S:10|M:10|L:10|XL:10"
250844,"2022-09-15 08:39:53.45","#SEA819",50.00,68.00,93.00,120.90,"2023-03-31","129335211","PO",4,,,,"","ALMA","SEA819A0",30074,8002,"2023-03-31","2023-04-30","USD",93.00,90,"3XS:10|2XS:20|XS:20|S:10|M:10|L:10|XL:10"
250845,"2022-09-15 08:39:53.45","#SEA820",50.00,68.00,93.00,120.90,"2023-03-31","129335212","PO",4,,,,"","ALMA","SEA820A1",30075,1002,"2023-03-31","2023-04-30","USD",93.00,90,"3XS:10|2XS:20|XS:20|S:10|M:10|L:10|XL:10"
250846,"2022-09-15 08:39:53.45","#SEA821",50.00,68.00,93.00,120.90,"2023-03-31","129335212","PO",4,,,,"","ALMA","SEA821A1",30025,1016,"2023-03-31","2023-04-30","USD",93.00,90,"3XS:10|2XS:20|XS:20|S:10|M:10|L:10|XL:10"
250847,"2022-09-15 08:39:53.45","#SEA822",50.00,68.00,93.00,120.90,"2023-03-31","129335212","PO",4,,,,"","ALMA","SEA822A0",30026,3002,"2023-03-31","2023-04-30","USD",93.00,90,"3XS:10|2XS:20|XS:20|S:10|M:10|L:10|XL:10"
250848,"2022-09-15 08:39:53.45","#SEA823",50.00,68.00,93.00,120.90,"2023-03-31","129335212","PO",4,,,,"","ALMA","SEA823A1",30027,4002,"2023-03-31","2023-04-30","USD",93.00,90,"3XS:10|2XS:20|XS:20|S:10|M:10|L:10|XL:10"
250849,"2022-09-15 08:39:53.45","#SEA824",50.00,68.00,93.00,120.90,"2023-03-31","129335212","PO",4,,,,"","ALMA","SEA824A0",30066,5002,"2023-03-31","2023-04-30","USD",93.00,90,"3XS:10|2XS:20|XS:20|S:10|M:10|L:10|XL:10"
250850,"2022-09-15 08:39:53.45","#SEA825",50.00,68.00,93.00,120.90,"2023-03-31","129335212","PO",4,,,,"","ALMA","SEA825A1",30067,6002,"2023-03-31","2023-04-30","USD",93.00,90,"3XS:10|2XS:20|XS:20|S:10|M:10|L:10|XL:10"
250851,"2022-09-15 08:39:53.45","#SEA826",50.00,68.00,93.00,120.90,"2023-03-31","129335212","PO",4,,,,"","ALMA","SEA826A1",30068,8002,"2023-03-31","2023-04-30","USD",93.00,90,"3XS:10|2XS:20|XS:20|S:10|M:10|L:10|XL:10"
250852,"2022-09-15 08:39:53.45","#SEA827",50.00,68.00,93.00,120.90,"2023-03-31","129335214","PO",4,,,,"","ALMA","SEA827A0",30069,1002,"2023-03-31","2023-04-30","USD",93.00,90,"3XS:10|2XS:20|XS:20|S:10|M:10|L:10|XL:10"
250853,"2022-09-15 08:39:53.45","#SEA828",50.00,68.00,93.00,120.90,"2023-03-31","129335214","PO",4,,,,"","ALMA","SEA828A1",30070,1016,"2023-03-31","2023-04-30","USD",93.00,90,"3XS:10|2XS:20|XS:20|S:10|M:10|L:10|XL:10"
250854,"2022-09-15 08:39:53.45","#SEA829",50.00,68.00,93.00,120.90,"2023-03-31","129335214","PO",4,,,,"","ALMA","SEA829A0",30071,3002,"2023-03-31","2023-04-30","USD",93.00,90,"3XS:10|2XS:20|XS:20|S:10|M:10|L:10|XL:10"
250855,"2022-09-15 08:39:53.45","#SEA830",50.00,68.00,93.00,120.90,"2023-03-31","129335214","PO",4,,,,"","ALMA","SEA830A1",30072,4002,"2023-03-31","2023-04-30","USD",93.00,90,"3XS:10|2XS:20|XS:20|S:10|M:10|L:10|XL:10"
250856,"2022-09-15 08:39:53.45","#SEA831",50.00,68.00,93.00,120.90,"2023-03-31","129335214","PO",4,,,,"","ALMA","SEA831A1",30073,5002,"2023-03-31","2023-04-30","USD",93.00,90,"3XS:10|2XS:20|XS:20|S:10|M:10|L:10|XL:10"
250857,"2022-09-15 08:39:53.45","#SEA832",50.00,68.00,93.00,120.90,"2023-03-31","129335214","PO",4,,,,"","ALMA","SEA832A0",30029,6002,"2023-03-31","2023-04-30","USD",93.00,90,"3XS:10|2XS:20|XS:20|S:10|M:10|L:10|XL:10"
250858,"2022-09-15 08:39:53.45","#SEA833",50.00,68.00,93.00,120.90,"2023-03-31","129335214","PO",4,,,,"","ALMA","SEA833A1",30013,8002,"2023-03-31","2023-04-30","USD",93.00,90,"3XS:10|2XS:20|XS:20|S:10|M:10|L:10|XL:10"
250859,"2022-09-15 08:39:53.45","#SEA834",50.00,68.00,93.00,120.90,"2023-03-31","129335217","PO",4,,,,"","ALMA","SEA834A0",30022,1002,"2023-03-31","2023-04-30","USD",93.00,90,"3XS:10|2XS:20|XS:20|S:10|M:10|L:10|XL:10"
250860,"2022-09-15 08:39:53.45","#SEA835",50.00,68.00,93.00,120.90,"2023-03-31","129335217","PO",4,,,,"","ALMA","SEA835A1",30045,1016,"2023-03-31","2023-04-30","USD",93.00,90,"3XS:10|2XS:20|XS:20|S:10|M:10|L:10|XL:10"
250861,"2022-09-15 08:39:53.45","#SEA836",50.00,68.00,93.00,120.90,"2023-03-31","129335217","PO",4,,,,"","ALMA","SEA836A1",30046,3002,"2023-03-31","2023-04-30","USD",93.00,90,"3XS:10|2XS:20|XS:20|S:10|M:10|L:10|XL:10"
250862,"2022-09-15 08:39:53.45","#SEA837",50.00,68.00,93.00,120.90,"2023-03-31","129335217","PO",4,,,,"","ALMA","SEA837A0",30047,4002,"2023-03-31","2023-04-30","USD",93.00,90,"3XS:10|2XS:20|XS:20|S:10|M:10|L:10|XL:10"
250863,"2022-09-15 08:39:53.45","#SEA838",50.00,68.00,93.00,120.90,"2023-03-31","129335217","PO",4,,,,"","ALMA","SEA838A1",30065,5002,"2023-03-31","2023-04-30","USD",93.00,90,"3XS:10|2XS:20|XS:20|S:10|M:10|L:10|XL:10"
250864,"2022-09-15 08:39:53.45","#SEA839",50.00,68.00,93.00,120.90,"2023-03-31","129335217","PO",4,,,,"","ALMA","SEA839A0",30074,6002,"2023-03-31","2023-04-30","USD",93.00,90,"3XS:10|2XS:20|XS:20|S:10|M:10|L:10|XL:10"
250865,"2022-09-15 08:39:53.45","#SEA840",50.00,68.00,93.00,120.90,"2023-03-31","129335217","PO",4,,,,"","ALMA","SEA840A1",30075,8002,"2023-03-31","2023-04-30","USD",93.00,90,"3XS:10|2XS:20|XS:20|S:10|M:10|L:10|XL:10"
250866,"2022-09-15 08:39:53.45","#SEA841",50.00,68.00,93.00,120.90,"2023-03-31","129335219","PO",4,,,,"","ALMA","SEA841A1",30025,1002,"2023-03-31","2023-04-30","USD",93.00,90,"3XS:10|2XS:20|XS:20|S:10|M:10|L:10|XL:10"
250867,"2022-09-15 08:39:53.45","#SEA842",50.00,68.00,93.00,120.90,"2023-03-31","129335219","PO",4,,,,"","ALMA","SEA842A0",30026,1016,"2023-03-31","2023-04-30","USD",93.00,90,"3XS:10|2XS:20|XS:20|S:10|M:10|L:10|XL:10"
250868,"2022-09-15 08:39:53.45","#SEA843",50.00,68.00,93.00,120.90,"2023-03-31","129335219","PO",4,,,,"","ALMA","SEA843A1",30027,3002,"2023-03-31","2023-04-30","USD",93.00,90,"3XS:10|2XS:20|XS:20|S:10|M:10|L:10|XL:10"
250869,"2022-09-15 08:39:53.45","#SEA844",50.00,68.00,93.00,120.90,"2023-03-31","129335219","PO",4,,,,"","ALMA","SEA844A0",30066,4002,"2023-03-31","2023-04-30","USD",93.00,90,"3XS:10|2XS:20|XS:20|S:10|M:10|L:10|XL:10"
250870,"2022-09-15 08:39:53.45","#SEA845",50.00,68.00,93.00,120.90,"2023-03-31","129335219","PO",4,,,,"","ALMA","SEA845A1",30067,5002,"2023-03-31","2023-04-30","USD",93.00,90,"3XS:10|2XS:20|XS:20|S:10|M:10|L:10|XL:10"
250871,"2022-09-15 08:39:53.45","#SEA846",50.00,68.00,93.00,120.90,"2023-03-31","129335219","PO",4,,,,"","ALMA","SEA846A1",30068,6002,"2023-03-31","2023-04-30","USD",93.00,90,"3XS:10|2XS:20|XS:20|S:10|M:10|L:10|XL:10"
250872,"2022-09-15 08:39:53.45","#SEA847",50.00,68.00,93.00,120.90,"2023-03-31","129335219","PO",4,,,,"","ALMA","SEA847A0",30069,8002,"2023-03-31","2023-04-30","USD",93.00,90,"3XS:10|2XS:20|XS:20|S:10|M:10|L:10|XL:10"
250873,"2022-09-15 08:39:53.45","#SEA848",50.00,68.00,93.00,120.90,"2023-03-31","129335223","PO",4,,,,"","ALMA","SEA848A1",30070,1002,"2023-03-31","2023-04-30","USD",93.00,90,"3XS:10|2XS:20|XS:20|S:10|M:10|L:10|XL:10"
250874,"2022-09-15 08:39:53.45","#SEA849",50.00,68.00,93.00,120.90,"2023-03-31","129335223","PO",4,,,,"","ALMA","SEA849A0",30071,1016,"2023-03-31","2023-04-30","USD",93.00,90,"3XS:10|2XS:20|XS:20|S:10|M:10|L:10|XL:10"
250875,"2022-09-15 08:39:53.45","#SEA850",50.00,68.00,93.00,120.90,"2023-03-31","129335223","PO",4,,,,"","ALMA","SEA850A1",30072,3002,"2023-03-31","2023-04-30","USD",93.00,90,"3XS:10|2XS:20|XS:20|S:10|M:10|L:10|XL:10"
250876,"2022-09-15 08:39:53.45","#SEA851",50.00,68.00,93.00,120.90,"2023-03-31","129335223","PO",4,,,,"","ALMA","SEA851A1",30073,4002,"2023-03-31","2023-04-30","USD",93.00,90,"3XS:10|2XS:20|XS:20|S:10|M:10|L:10|XL:10"
250877,"2022-09-15 08:39:53.45","#SEA852",50.00,68.00,93.00,120.90,"2023-03-31","129335223","PO",4,,,,"","ALMA","SEA852A0",30029,5002,"2023-03-31","2023-04-30","USD",93.00,90,"3XS:10|2XS:20|XS:20|S:10|M:10|L:10|XL:10"
250878,"2022-09-15 08:39:53.45","#SEA853",50.00,68.00,93.00,120.90,"2023-03-31","129335223","PO",4,,,,"","ALMA","SEA853A1",30013,6002,"2023-03-31","2023-04-30","USD",93.00,90,"3XS:10|2XS:20|XS:20|S:10|M:10|L:10|XL:10"
250879,"2022-09-15 08:39:53.45","#SEA854",50.00,68.00,93.00,120.90,"2023-03-31","129335223","PO",4,,,,"","ALMA","SEA854A0",30022,8002,"2023-03-31","2023-04-30","USD",93.00,90,"3XS:10|2XS:20|XS:20|S:10|M:10|L:10|XL:10"
250880,"2022-09-15 08:39:53.45","#SEA855",50.00,68.00,93.00,120.90,"2023-03-31","129335224","PO",4,,,,"","ALMA","SEA855A1",30045,1002,"2023-03-31","2023-04-30","USD",93.00,90,"3XS:10|2XS:20|XS:20|S:10|M:10|L:10|XL:10"
250881,"2022-09-15 08:39:53.45","#SEA856",50.00,68.00,93.00,120.90,"2023-03-31","129335224","PO",4,,,,"","ALMA","SEA856A1",30046,1016,"2023-03-31","2023-04-30","USD",93.00,90,"3XS:10|2XS:20|XS:20|S:10|M:10|L:10|XL:10"
250882,"2022-09-15 08:39:53.45","#SEA857",50.00,68.00,93.00,120.90,"2023-03-31","129335224","PO",4,,,,"","ALMA","SEA857A0",30047,3002,"2023-03-31","2023-04-30","USD",93.00,90,"3XS:10|2XS:20|XS:20|S:10|M:10|L:10|XL:10"
250883,"2022-09-15 08:39:53.45","#SEA858",50.00,68.00,93.00,120.90,"2023-03-31","129335224","PO",4,,,,"","ALMA","SEA858A1",30065,4002,"2023-03-31","2023-04-30","USD",93.00,90,"3XS:10|2XS:20|XS:20|S:10|M:10|L:10|XL:10"
250884,"2022-09-15 08:39:53.45","#SEA859",50.00,68.00,93.00,120.90,"2023-03-31","129335224","PO",4,,,,"","ALMA","SEA859A0",30074,5002,"2023-03-31","2023-04-30","USD",93.00,90,"3XS:10|2XS:20|XS:20|S:10|M:10|L:10|XL:10"
250885,"2022-09-15 08:39:53.45","#SEA860",50.00,68.00,93.00,120.90,"2023-03-31","129335224","PO",4,,,,"","ALMA","SEA860A1",30075,6002,"2023-03-31","2023-04-30","USD",93.00,90,"3XS:10|2XS:20|XS:20|S:10|M:10|L:10|XL:10"
250886,"2022-09-15 08:39:53.45","#SEA861",50.00,68.00,93.00,120.90,"2023-03-31","129335224","PO",4,,,,"","ALMA","SEA861A1",30025,8002,"2023-03-31","2023-04-30","USD",93.00,90,"3XS:10|2XS:20|XS:20|S:10|M:10|L:10|XL:10"
250887,"2022-09-15 08:39:53.45","#SEA862",50.00,68.00,93.00,120.90,"2023-03-31","129335227","PO",4,,,,"","ALMA","SEA862A0",30026,1002,"2023-03-31","2023-04-30","USD",93.00,90,"3XS:10|2XS:20|XS:20|S:10|M:10|L:10|XL:10"
250888,"2022-09-15 08:39:53.45","#SEA863",50.00,68.00,93.00,120.90,"2023-03-31","129335227","PO",4,,,,"","ALMA","SEA863A1",30027,1016,"2023-03-31","2023-04-30","USD",93.00,90,"3XS:10|2XS:20|XS:20|S:10|M:10|L:10|XL:10"
250889,"2022-09-15 08:39:53.45","#SEA864",50.00,68.00,93.00,120.90,"2023-03-31","129335227","PO",4,,,,"","ALMA","SEA864A0",30066,3002,"2023-03-31","2023-04-30","USD",93.00,90,"3XS:10|2XS:20|XS:20|S:10|M:10|L:10|XL:10"
250890,"2022-09-15 08:39:53.45","#SEA865",50.00,68.00,93.00,120.90,"2023-03-31","129335227","PO",4,,,,"","ALMA","SEA865A1",30067,4002,"2023-03-31","2023-04-30","USD",93.00,90,"3XS:10|2XS:20|XS:20|S:10|M:10|L:10|XL:10"
250891,"2022-09-15 08:39:53.45","#SEA866",50.00,68.00,93.00,120.90,"2023-03-31","129335227","PO",4,,,,"","ALMA","SEA866A1",30068,5002,"2023-03-31","2023-04-30","USD",93.00,90,"3XS:10|2XS:20|XS:20|S:10|M:10|L:10|XL:10"
250892,"2022-09-15 08:39:53.45","#SEA867",50.00,68.00,93.00,120.90,"2023-03-31","129335227","PO",4,,,,"","ALMA","SEA867A0",30069,6002,"2023-03-31","2023-04-30","USD",93.00,90,"3XS:10|2XS:20|XS:20|S:10|M:10|L:10|XL:10"
250893,"2022-09-15 08:39:53.45","#SEA868",50.00,68.00,93.00,120.90,"2023-03-31","129335227","PO",4,,,,"","ALMA","SEA868A1",30070,8002,"2023-03-31","2023-04-30","USD",93.00,90,"3XS:10|2XS:20|XS:20|S:10|M:10|L:10|XL:10"
250894,"2022-09-15 08:39:53.45","#SEA869",50.00,68.00,93.00,120.90,"2023-03-31","129335228","PO",4,,,,"","ALMA","SEA869A0",30071,1002,"2023-03-31","2023-04-30","USD",93.00,90,"3XS:10|2XS:20|XS:20|S:10|M:10|L:10|XL:10"
250895,"2022-09-15 08:39:53.45","#SEA870",50.00,68.00,93.00,120.90,"2023-03-31","129335228","PO",4,,,,"","ALMA","SEA870A1",30072,1016,"2023-03-31","2023-04-30","USD",93.00,90,"3XS:10|2XS:20|XS:20|S:10|M:10|L:10|XL:10"
250896,"2022-09-15 08:39:53.45","#SEA871",50.00,68.00,93.00,120.90,"2023-03-31","129335228","PO",4,,,,"","ALMA","SEA871A1",30073,3002,"2023-03-31","2023-04-30","USD",93.00,90,"3XS:10|2XS:20|XS:20|S:10|M:10|L:10|XL:10"
250897,"2022-09-15 08:39:53.45","#SEA872",50.00,68.00,93.00,120.90,"2023-03-31","129335228","PO",4,,,,"","ALMA","SEA872A0",30029,4002,"2023-03-31","2023-04-30","USD",93.00,90,"3XS:10|2XS:20|XS:20|S:10|M:10|L:10|XL:10"
250898,"2022-09-15 08:39:53.45","#SEA873",50.00,68.00,93.00,120.90,"2023-03-31","129335228","PO",4,,,,"","ALMA","SEA873A1",30013,5002,"2023-03-31","2023-04-30","USD",93.00,90,"3XS:10|2XS:20|XS:20|S:10|M:10|L:10|XL:10"
250899,"2022-09-15 08:39:53.45","#SEA874",50.00,68.00,93.00,120.90,"2023-03-31","129335228","PO",4,,,,"","ALMA","SEA874A0",30022,6002,"2023-03-31","2023-04-30","USD",93.00,90,"3XS:10|2XS:20|XS:20|S:10|M:10|L:10|XL:10"
250900,"2022-09-15 08:39:53.45","#SEA875",50.00,68.00,93.00,120.90,"2023-03-31","129335228","PO",4,,,,"","ALMA","SEA875A1",30045,8002,"2023-03-31","2023-04-30","USD",93.00,90,"3XS:10|2XS:20|XS:20|S:10|M:10|L:10|XL:10"
250901,"2022-09-15 08:39:53.45","#SEA876",50.00,68.00,93.00,120.90,"2023-03-31","129335230","PO",4,,,,"","ALMA","SEA876A1",30046,1002,"2023-03-31","2023-04-30","USD",93.00,90,"3XS:10|2XS:20|XS:20|S:10|M:10|L:10|XL:10"
250902,"2022-09-15 08:39:53.45","#SEA877",50.00,68.00,93.00,120.90,"2023-03-31","129335230","PO",4,,,,"","ALMA","SEA877A0",30047,1016,"2023-03-31","2023-04-30","USD",93.00,90,"3XS:10|2XS:20|XS:20|S:10|M:10|L:10|XL:10"
250903,"2022-09-15 08:39:53.45","#SEA878",50.00,68.00,93.00,120.90,"2023-03-31","129335230","PO",4,,,,"","ALMA","SEA878A1",30065,3002,"2023-03-31","2023-04-30","USD",93.00,90,"3XS:10|2XS:20|XS:20|S:10|M:10|L:10|XL:10"
250904,"2022-09-15 08:39:53.45","#SEA879",50.00,68.00,93.00,120.90,"2023-03-31","129335230","PO",4,,,,"","ALMA","SEA879A0",30074,4002,"2023-03-31","2023-04-30","USD",93.00,90,"3XS:10|2XS:20|XS:20|S:10|M:10|L:10|XL:10"
250905,"2022-09-15 08:39:53.45","#SEA880",50.00,68.00,93.00,120.90,"2023-03-31","129335230","PO",4,,,,"","ALMA","SEA880A1",30075,5002,"2023-03-31","2023-04-30","USD",93.00,90,"3XS:10|2XS:20|XS:20|S:10|M:10|L:10|XL:10"
250906,"2022-09-15 08:39:53.45","#SEA881",50.00,68.00,93.00,120.90,"2023-03-31","129335230","PO",4,,,,"","ALMA","SEA881A1",30025,6002,"2023-03-31","2023-04-30","USD",93.00,90,"3XS:10|2XS:20|XS:20|S:10|M:10|L:10|XL:10"
250907,"2022-09-15 08:39:53.45","#SEA882",50.00,68.00,93.00,120.90,"2023-03-31","129335230","PO",4,,,,"","ALMA","SEA882A0",30026,8002,"2023-03-31","2023-04-30","USD",93.00,90,"3XS:10|2XS:20|XS:20|S:10|M:10|L:10|XL:10"
250908,"2022-09-15 08:39:53.45","#SEA883",50.00,68.00,93.00,120.90,"2023-03-31","129335232","PO",4,,,,"","ALMA","SEA883A1",30027,1002,"2023-03-31","2023-04-30","USD",93.00,90,"3XS:10|2XS:20|XS:20|S:10|M:10|L:10|XL:10"
250909,"2022-09-15 08:39:53.45","#SEA884",50.00,68.00,93.00,120.90,"2023-03-31","129335232","PO",4,,,,"","ALMA","SEA884A0",30066,1016,"2023-03-31","2023-04-30","USD",93.00,90,"3XS:10|2XS:20|XS:20|S:10|M:10|L:10|XL:10"
250910,"2022-09-15 08:39:53.45","#SEA885",50.00,68.00,93.00,120.90,"2023-03-31","129335232","PO",4,,,,"","ALMA","SEA885A1",30067,3002,"2023-03-31","2023-04-30","USD",93.00,90,"3XS:10|2XS:20|XS:20|S:10|M:10|L:10|XL:10"
250911,"2022-09-15 08:39:53.45","#SEA886",50.00,68.00,93.00,120.90,"2023-03-31","129335232","PO",4,,,,"","ALMA","SEA886A1",30068,4002,"2023-03-31","2023-04-30","USD",93.00,90,"3XS:10|2XS:20|XS:20|S:10|M:10|L:10|XL:10"
250912,"2022-09-15 08:39:53.45","#SEA887",50.00,68.00,93.00,120.90,"2023-03-31","129335232","PO",4,,,,"","ALMA","SEA887A0",30069,5002,"2023-03-31","2023-04-30","USD",93.00,90,"3XS:10|2XS:20|XS:20|S:10|M:10|L:10|XL:10"
250913,"2022-09-15 08:39:53.45","#SEA888",50.00,68.00,93.00,120.90,"2023-03-31","129335232","PO",4,,,,"","ALMA","SEA888A1",30070,6002,"2023-03-31","2023-04-30","USD",93.00,90,"3XS:10|2XS:20|XS:20|S:10|M:10|L:10|XL:10"
250914,"2022-09-15 08:39:53.45","#SEA889",50.00,68.00,93.00,120.90,"2023-03-31","129335232","PO",4,,,,"","ALMA","SEA889A0",30071,8002,"2023-03-31","2023-04-30","USD",93.00,90,"3XS:10|2XS:20|XS:20|S:10|M:10|L:10|XL:10"
250915,"2022-09-15 08:39:53.45","#SEA890",50.00,68.00,93.00,120.90,"2023-03-31","129335242","PO",4,,,,"","ALMA","SEA890A1",30072,1002,"2023-03-31","2023-04-30","USD",93.00,90,"3XS:10|2XS:20|XS:20|S:10|M:10|L:10|XL:10"
250916,"2022-09-15 08:39:53.45","#SEA891",50.00,68.00,93.00,120.90,"2023-03-31","129335242","PO",4,,,,"","ALMA","SEA891A1",30073,1016,"2023-03-31","2023-04-30","USD",93.00,90,"3XS:10|2XS:20|XS:20|S:10|M:10|L:10|XL:10"
250917,"2022-09-15 08:39:53.45","#SEA892",50.00,68.00,93.00,120.90,"2023-03-31","129335242","PO",4,,,,"","ALMA","SEA892A0",30029,3002,"2023-03-31","2023-04-30","USD",93.00,90,"3XS:10|2XS:20|XS:20|S:10|M:10|L:10|XL:10"
250918,"2022-09-15 08:39:53.45","#SEA893",50.00,68.00,93.00,120.90,"2023-03-31","129335242","PO",4,,,,"","ALMA","SEA893A1",30013,4002,"2023-03-31","2023-04-30","USD",93.00,90,"3XS:10|2XS:20|XS:20|S:10|M:10|L:10|XL:10"
250919,"2022-09-15 08:39:53.45","#SEA894",50.00,68.00,93.00,120.90,"2023-03-31","129335242","PO",4,,,,"","ALMA","SEA894A0",30022,5002,"2023-03-31","2023-04-30","USD",93.00,90,"3XS:10|2XS:20|XS:20|S:10|M:10|L:10|XL:10"
250920,"2022-09-15 08:39:53.45","#SEA895",50.00,68.00,93.00,120.90,"2023-03-31","129335242","PO",4,,,,"","ALMA","SEA895A1",30045,6002,"2023-03-31","2023-04-30","USD",93.00,90,"3XS:10|2XS:20|XS:20|S:10|M:10|L:10|XL:10"
250921,"2022-09-15 08:39:53.45","#SEA896",50.00,68.00,93.00,120.90,"2023-03-31","129335242","PO",4,,,,"","ALMA","SEA896A1",30046,8002,"2023-03-31","2023-04-30","USD",93.00,90,"3XS:10|2XS:20|XS:20|S:10|M:10|L:10|XL:10"
250922,"2022-09-15 08:39:53.45","#SEA897",50.00,68.00,93.00,120.90,"2023-03-31","129335244","PO",4,,,,"","ALMA","SEA897A0",30047,1002,"2023-03-31","2023-04-30","USD",93.00,90,"3XS:10|2XS:20|XS:20|S:10|M:10|L:10|XL:10"
250923,"2022-09-15 08:39:53.45","#SEA898",50.00,68.00,93.00,120.90,"2023-03-31","129335244","PO",4,,,,"","ALMA","SEA898A1",30065,1016,"2023-03-31","2023-04-30","USD",93.00,90,"3XS:10|2XS:20|XS:20|S:10|M:10|L:10|XL:10"
250924,"2022-09-15 08:39:53.45","#SEA899",50.00,68.00,93.00,120.90,"2023-03-31","129335244","PO",4,,,,"","ALMA","SEA899A0",30074,3002,"2023-03-31","2023-04-30","USD",93.00,90,"3XS:10|2XS:20|XS:20|S:10|M:10|L:10|XL:10"
250925,"2022-09-15 08:39:53.45","#SEA900",50.00,68.00,93.00,120.90,"2023-03-31","129335244","PO",4,,,,"","ALMA","SEA900A1",30075,4002,"2023-03-31","2023-04-30","USD",93.00,90,"3XS:10|2XS:20|XS:20|S:10|M:10|L:10|XL:10"
250926,"2022-09-15 08:39:53.45","#SEA901",50.00,68.00,93.00,120.90,"2023-03-31","129335244","PO",4,,,,"","ALMA","SEA901A1",30025,5002,"2023-03-31","2023-04-30","USD",93.00,90,"3XS:10|2XS:20|XS:20|S:10|M:10|L:10|XL:10"
250927,"2022-09-15 08:39:53.45","#SEA902",50.00,68.00,93.00,120.90,"2023-03-31","129335244","PO",4,,,,"","ALMA","SEA902A0",30026,6002,"2023-03-31","2023-04-30","USD",93.00,90,"3XS:10|2XS:20|XS:20|S:10|M:10|L:10|XL:10"
250928,"2022-09-15 08:39:53.45","#SEA903",50.00,68.00,93.00,120.90,"2023-03-31","129335244","PO",4,,,,"","ALMA","SEA903A1",30027,8002,"2023-03-31","2023-04-30","USD",93.00,90,"3XS:10|2XS:20|XS:20|S:10|M:10|L:10|XL:10"
250929,"2022-09-15 08:39:53.45","#SEA904",50.00,68.00,93.00,120.90,"2023-03-31","129335246","PO",4,,,,"","ALMA","SEA904A0",30066,1002,"2023-03-31","2023-04-30","USD",93.00,90,"3XS:10|2XS:20|XS:20|S:10|M:10|L:10|XL:10"
250930,"2022-09-15 08:39:53.45","#SEA905",50.00,68.00,93.00,120.90,"2023-03-31","129335246","PO",4,,,,"","ALMA","SEA905A1",30067,1016,"2023-03-31","2023-04-30","USD",93.00,90,"3XS:10|2XS:20|XS:20|S:10|M:10|L:10|XL:10"
250931,"2022-09-15 08:39:53.45","#SEA906",50.00,68.00,93.00,120.90,"2023-03-31","129335246","PO",4,,,,"","ALMA","SEA906A1",30068,3002,"2023-03-31","2023-04-30","USD",93.00,90,"3XS:10|2XS:20|XS:20|S:10|M:10|L:10|XL:10"
250932,"2022-09-15 08:39:53.45","#SEA907",50.00,68.00,93.00,120.90,"2023-03-31","129335246","PO",4,,,,"","ALMA","SEA907A0",30069,4002,"2023-03-31","2023-04-30","USD",93.00,90,"3XS:10|2XS:20|XS:20|S:10|M:10|L:10|XL:10"
250933,"2022-09-15 08:39:53.45","#SEA908",50.00,68.00,93.00,120.90,"2023-03-31","129335246","PO",4,,,,"","ALMA","SEA908A1",30070,5002,"2023-03-31","2023-04-30","USD",93.00,90,"3XS:10|2XS:20|XS:20|S:10|M:10|L:10|XL:10"
250934,"2022-09-15 08:39:53.45","#SEA909",50.00,68.00,93.00,120.90,"2023-03-31","129335246","PO",4,,,,"","ALMA","SEA909A0",30071,6002,"2023-03-31","2023-04-30","USD",93.00,90,"3XS:10|2XS:20|XS:20|S:10|M:10|L:10|XL:10"
250935,"2022-09-15 08:39:53.45","#SEA910",50.00,68.00,93.00,120.90,"2023-03-31","129335246","PO",4,,,,"","ALMA","SEA910A1",30072,8002,"2023-03-31","2023-04-30","USD",93.00,90,"3XS:10|2XS:20|XS:20|S:10|M:10|L:10|XL:10"
250936,"2022-09-15 08:39:53.45","#SEA911",50.00,68.00,93.00,120.90,"2023-03-31","129335247","PO",4,,,,"","ALMA","SEA911A1",30073,1002,"2023-03-31","2023-04-30","USD",93.00,90,"3XS:10|2XS:20|XS:20|S:10|M:10|L:10|XL:10"
250937,"2022-09-15 08:39:53.45","#SEA912",50.00,68.00,93.00,120.90,"2023-03-31","129335247","PO",4,,,,"","ALMA","SEA912A0",30029,1016,"2023-03-31","2023-04-30","USD",93.00,90,"3XS:10|2XS:20|XS:20|S:10|M:10|L:10|XL:10"
250938,"2022-09-15 08:39:53.45","#SEA913",50.00,68.00,93.00,120.90,"2023-03-31","129335247","PO",4,,,,"","ALMA","SEA913A1",30013,3002,"2023-03-31","2023-04-30","USD",93.00,90,"3XS:10|2XS:20|XS:20|S:10|M:10|L:10|XL:10"
250939,"2022-09-15 08:39:53.45","#SEA914",50.00,68.00,93.00,120.90,"2023-03-31","129335247","PO",4,,,,"","ALMA","SEA914A0",30022,4002,"2023-03-31","2023-04-30","USD",93.00,90,"3XS:10|2XS:20|XS:20|S:10|M:10|L:10|XL:10"
250940,"2022-09-15 08:39:53.45","#SEA915",50.00,68.00,93.00,120.90,"2023-03-31","129335247","PO",4,,,,"","ALMA","SEA915A1",30045,5002,"2023-03-31","2023-04-30","USD",93.00,90,"3XS:10|2XS:20|XS:20|S:10|M:10|L:10|XL:10"
250941,"2022-09-15 08:39:53.45","#SEA916",50.00,68.00,93.00,120.90,"2023-03-31","129335247","PO",4,,,,"","ALMA","SEA916A1",30046,6002,"2023-03-31","2023-04-30","USD",93.00,90,"3XS:10|2XS:20|XS:20|S:10|M:10|L:10|XL:10"
250942,"2022-09-15 08:39:53.45","#SEA917",50.00,68.00,93.00,120.90,"2023-03-31","129335247","PO",4,,,,"","ALMA","SEA917A0",30047,8002,"2023-03-31","2023-04-30","USD",93.00,90,"3XS:10|2XS:20|XS:20|S:10|M:10|L:10|XL:10"
250943,"2022-09-15 08:39:53.45","#SEA918",50.00,68.00,93.00,120.90,"2023-03-31","129335249","PO",4,,,,"","ALMA","SEA918A1",30065,1002,"2023-03-31","2023-04-30","USD",93.00,90,"3XS:10|2XS:20|XS:20|S:10|M:10|L:10|XL:10"
250944,"2022-09-15 08:39:53.45","#SEA919",50.00,68.00,93.00,120.90,"2023-03-31","129335249","PO",4,,,,"","ALMA","SEA919A0",30074,1016,"2023-03-31","2023-04-30","USD",93.00,90,"3XS:10|2XS:20|XS:20|S:10|M:10|L:10|XL:10"
250945,"2022-09-15 08:39:53.45","#SEA920",50.00,68.00,93.00,120.90,"2023-03-31","129335249","PO",4,,,,"","ALMA","SEA920A1",30075,3002,"2023-03-31","2023-04-30","USD",93.00,90,"3XS:10|2XS:20|XS:20|S:10|M:10|L:10|XL:10"
250946,"2022-09-15 08:39:53.45","#SEA921",50.00,68.00,93.00,120.90,"2023-03-31","129335249","PO",4,,,,"","ALMA","SEA921A1",30025,4002,"2023-03-31","2023-04-30","USD",93.00,90,"3XS:10|2XS:20|XS:20|S:10|M:10|L:10|XL:10"
250947,"2022-09-15 08:39:53.45","#SEA922",50.00,68.00,93.00,120.90,"2023-03-31","129335249","PO",4,,,,"","ALMA","SEA922A0",30026,5002,"2023-03-31","2023-04-30","USD",93.00,90,"3XS:10|2XS:20|XS:20|S:10|M:10|L:10|XL:10"
250948,"2022-09-15 08:39:53.45","#SEA923",50.00,68.00,93.00,120.90,"2023-03-31","129335249","PO",4,,,,"","ALMA","SEA923A1",30027,6002,"2023-03-31","2023-04-30","USD",93.00,90,"3XS:10|2XS:20|XS:20|S:10|M:10|L:10|XL:10"
250949,"2022-09-15 08:39:53.45","#SEA924",50.00,68.00,93.00,120.90,"2023-03-31","129335249","PO",4,,,,"","ALMA","SEA924A0",30066,8002,"2023-03-31","2023-04-30","USD",93.00,90,"3XS:10|2XS:20|XS:20|S:10|M:10|L:10|XL:10"
250950,"2022-09-15 08:39:53.45","#SEA925",50.00,68.00,93.00,120.90,"2023-03-31","129335250","PO",4,,,,"","ALMA","SEA925A1",30067,1002,"2023-03-31","2023-04-30","USD",93.00,90,"3XS:10|2XS:20|XS:20|S:10|M:10|L:10|XL:10"
250951,"2022-09-15 08:39:53.45","#SEA926",50.00,68.00,93.00,120.90,"2023-03-31","129335250","PO",4,,,,"","ALMA","SEA926A1",30068,1016,"2023-03-31","2023-04-30","USD",93.00,90,"3XS:10|2XS:20|XS:20|S:10|M:10|L:10|XL:10"
250952,"2022-09-15 08:39:53.45","#SEA927",50.00,68.00,93.00,120.90,"2023-03-31","129335250","PO",4,,,,"","ALMA","SEA927A0",30069,3002,"2023-03-31","2023-04-30","USD",93.00,90,"3XS:10|2XS:20|XS:20|S:10|M:10|L:10|XL:10"
250953,"2022-09-15 08:39:53.45","#SEA928",50.00,68.00,93.00,120.90,"2023-03-31","129335250","PO",4,,,,"","ALMA","SEA928A1",30070,4002,"2023-03-31","2023-04-30","USD",93.00,90,"3XS:10|2XS:20|XS:20|S:10|M:10|L:10|XL:10"
250954,"2022-09-15 08:39:53.45","#SEA929",50.00,68.00,93.00,120.90,"2023-03-31","129335250","PO",4,,,,"","ALMA","SEA929A0",30071,5002,"2023-03-31","2023-04-30","USD",93.00,90,"3XS:10|2XS:20|XS:20|S:10|M:10|L:10|XL:10"
250955,"2022-09-15 08:39:53.45","#SEA930",50.00,68.00,93.00,120.90,"2023-03-31","129335250","PO",4,,,,"","ALMA","SEA930A1",30072,6002,"2023-03-31","2023-04-30","USD",93.00,90,"3XS:10|2XS:20|XS:20|S:10|M:10|L:10|XL:10"
250956,"2022-09-15 08:39:53.45","#SEA931",50.00,68.00,93.00,120.90,"2023-03-31","129335250","PO",4,,,,"","ALMA","SEA931A1",30073,8002,"2023-03-31","2023-04-30","USD",93.00,90,"3XS:10|2XS:20|XS:20|S:10|M:10|L:10|XL:10"
250957,"2022-09-15 08:39:53.45","#SEA932",50.00,68.00,93.00,120.90,"2023-03-31","129335251","PO",4,,,,"","ALMA","SEA932A0",30029,1002,"2023-03-31","2023-04-30","USD",93.00,90,"3XS:10|2XS:20|XS:20|S:10|M:10|L:10|XL:10"
250958,"2022-09-15 08:39:53.45","#SEA933",50.00,68.00,93.00,120.90,"2023-03-31","129335251","PO",4,,,,"","ALMA","SEA933A1",30013,1016,"2023-03-31","2023-04-30","USD",93.00,90,"3XS:10|2XS:20|XS:20|S:10|M:10|L:10|XL:10"
250959,"2022-09-15 08:39:53.45","#SEA934",50.00,68.00,93.00,120.90,"2023-03-31","129335251","PO",4,,,,"","ALMA","SEA934A0",30022,3002,"2023-03-31","2023-04-30","USD",93.00,90,"3XS:10|2XS:20|XS:20|S:10|M:10|L:10|XL:10"
250960,"2022-09-15 08:39:53.45","#SEA935",50.00,68.00,93.00,120.90,"2023-03-31","129335251","PO",4,,,,"","ALMA","SEA935A1",30045,4002,"2023-03-31","2023-04-30","USD",93.00,90,"3XS:10|2XS:20|XS:20|S:10|M:10|L:10|XL:10"
250961,"2022-09-15 08:39:53.45","#SEA936",50.00,68.00,93.00,120.90,"2023-03-31","129335251","PO",4,,,,"","ALMA","SEA936A1",30046,5002,"2023-03-31","2023-04-30","USD",93.00,90,"3XS:10|2XS:20|XS:20|S:10|M:10|L:10|XL:10"
250962,"2022-09-15 08:39:53.45","#SEA937",50.00,68.00,93.00,120.90,"2023-03-31","129335251","PO",4,,,,"","ALMA","SEA937A0",30047,6002,"2023-03-31","2023-04-30","USD",93.00,90,"3XS:10|2XS:20|XS:20|S:10|M:10|L:10|XL:10"
250963,"2022-09-15 08:39:53.45","#SEA938",50.00,68.00,93.00,120.90,"2023-03-31","129335251","PO",4,,,,"","ALMA","SEA938A1",30065,8002,"2023-03-31","2023-04-30","USD",93.00,90,"3XS:10|2XS:20|XS:20|S:10|M:10|L:10|XL:10"
250964,"2022-09-15 08:39:53.45","#SEA939",50.00,68.00,93.00,120.90,"2023-03-31","129335252","PO",4,,,,"","ALMA","SEA939A0",30074,1002,"2023-03-31","2023-04-30","USD",93.00,90,"3XS:10|2XS:20|XS:20|S:10|M:10|L:10|XL:10"
250965,"2022-09-15 08:39:53.45","#SEA940",50.00,68.00,93.00,120.90,"2023-03-31","129335252","PO",4,,,,"","ALMA","SEA940A1",30075,1016,"2023-03-31","2023-04-30","USD",93.00,90,"3XS:10|2XS:20|XS:20|S:10|M:10|L:10|XL:10"
250966,"2022-09-15 08:39:53.45","#SEA941",50.00,68.00,93.00,120.90,"2023-03-31","129335252","PO",4,,,,"","ALMA","SEA941A1",30025,3002,"2023-03-31","2023-04-30","USD",93.00,90,"3XS:10|2XS:20|XS:20|S:10|M:10|L:10|XL:10"
250967,"2022-09-15 08:39:53.45","#SEA942",50.00,68.00,93.00,120.90,"2023-03-31","129335252","PO",4,,,,"","ALMA","SEA942A0",30026,4002,"2023-03-31","2023-04-30","USD",93.00,90,"3XS:10|2XS:20|XS:20|S:10|M:10|L:10|XL:10"
250968,"2022-09-15 08:39:53.45","#SEA943",50.00,68.00,93.00,120.90,"2023-03-31","129335252","PO",4,,,,"","ALMA","SEA943A1",30027,5002,"2023-03-31","2023-04-30","USD",93.00,90,"3XS:10|2XS:20|XS:20|S:10|M:10|L:10|XL:10"
250969,"2022-09-15 08:39:53.45","#SEA944",50.00,68.00,93.00,120.90,"2023-03-31","129335252","PO",4,,,,"","ALMA","SEA944A0",30066,6002,"2023-03-31","2023-04-30","USD",93.00,90,"3XS:10|2XS:20|XS:20|S:10|M:10|L:10|XL:10"
250970,"2022-09-15 08:39:53.45","#SEA945",50.00,68.00,93.00,120.90,"2023-03-31","129335252","PO",4,,,,"","ALMA","SEA945A1",30067,8002,"2023-03-31","2023-04-30","USD",93.00,90,"3XS:10|2XS:20|XS:20|S:10|M:10|L:10|XL:10"
250971,"2022-09-15 08:39:53.45","#SEA946",50.00,68.00,93.00,120.90,"2023-03-31","129335255","PO",4,,,,"","ALMA","SEA946A1",30068,1002,"2023-03-31","2023-04-30","USD",93.00,90,"3XS:10|2XS:20|XS:20|S:10|M:10|L:10|XL:10"
250972,"2022-09-15 08:39:53.45","#SEA947",50.00,68.00,93.00,120.90,"2023-03-31","129335255","PO",4,,,,"","ALMA","SEA947A0",30069,1016,"2023-03-31","2023-04-30","USD",93.00,90,"3XS:10|2XS:20|XS:20|S:10|M:10|L:10|XL:10"
250973,"2022-09-15 08:39:53.45","#SEA948",50.00,68.00,93.00,120.90,"2023-03-31","129335255","PO",4,,,,"","ALMA","SEA948A1",30070,3002,"2023-03-31","2023-04-30","USD",93.00,90,"3XS:10|2XS:20|XS:20|S:10|M:10|L:10|XL:10"
250974,"2022-09-15 08:39:53.45","#SEA949",50.00,68.00,93.00,120.90,"2023-03-31","129335255","PO",4,,,,"","ALMA","SEA949A0",30071,4002,"2023-03-31","2023-04-30","USD",93.00,90,"3XS:10|2XS:20|XS:20|S:10|M:10|L:10|XL:10"
250975,"2022-09-15 08:39:53.45","#SEA950",50.00,68.00,93.00,120.90,"2023-03-31","129335255","PO",4,,,,"","ALMA","SEA950A1",30072,5002,"2023-03-31","2023-04-30","USD",93.00,90,"3XS:10|2XS:20|XS:20|S:10|M:10|L:10|XL:10"
250976,"2022-09-15 08:39:53.45","#SEA951",50.00,68.00,93.00,120.90,"2023-03-31","129335255","PO",4,,,,"","ALMA","SEA951A1",30073,6002,"2023-03-31","2023-04-30","USD",93.00,90,"3XS:10|2XS:20|XS:20|S:10|M:10|L:10|XL:10"
250977,"2022-09-15 08:39:53.45","#SEA952",50.00,68.00,93.00,120.90,"2023-03-31","129335255","PO",4,,,,"","ALMA","SEA952A0",30029,8002,"2023-03-31","2023-04-30","USD",93.00,90,"3XS:10|2XS:20|XS:20|S:10|M:10|L:10|XL:10"
250978,"2022-09-15 08:39:53.45","#SEA953",50.00,68.00,93.00,120.90,"2023-03-31","129335258","PO",4,,,,"","ALMA","SEA953A1",30013,1002,"2023-03-31","2023-04-30","USD",93.00,90,"3XS:10|2XS:20|XS:20|S:10|M:10|L:10|XL:10"
250979,"2022-09-15 08:39:53.45","#SEA954",50.00,68.00,93.00,120.90,"2023-03-31","129335258","PO",4,,,,"","ALMA","SEA954A0",30022,1016,"2023-03-31","2023-04-30","USD",93.00,90,"3XS:10|2XS:20|XS:20|S:10|M:10|L:10|XL:10"
250980,"2022-09-15 08:39:53.45","#SEA955",50.00,68.00,93.00,120.90,"2023-03-31","129335258","PO",4,,,,"","ALMA","SEA955A1",30045,3002,"2023-03-31","2023-04-30","USD",93.00,90,"3XS:10|2XS:20|XS:20|S:10|M:10|L:10|XL:10"
250981,"2022-09-15 08:39:53.45","#SEA956",50.00,68.00,93.00,120.90,"2023-03-31","129335258","PO",4,,,,"","ALMA","SEA956A1",30046,4002,"2023-03-31","2023-04-30","USD",93.00,90,"3XS:10|2XS:20|XS:20|S:10|M:10|L:10|XL:10"
250982,"2022-09-15 08:39:53.45","#SEA957",50.00,68.00,93.00,120.90,"2023-03-31","129335258","PO",4,,,,"","ALMA","SEA957A0",30047,5002,"2023-03-31","2023-04-30","USD",93.00,90,"3XS:10|2XS:20|XS:20|S:10|M:10|L:10|XL:10"
250983,"2022-09-15 08:39:53.45","#SEA958",50.00,68.00,93.00,120.90,"2023-03-31","129335258","PO",4,,,,"","ALMA","SEA958A1",30065,6002,"2023-03-31","2023-04-30","USD",93.00,90,"3XS:10|2XS:20|XS:20|S:10|M:10|L:10|XL:10"
250984,"2022-09-15 08:39:53.45","#SEA959",50.00,68.00,93.00,120.90,"2023-03-31","129335258","PO",4,,,,"","ALMA","SEA959A0",30074,8002,"2023-03-31","2023-04-30","USD",93.00,90,"3XS:10|2XS:20|XS:20|S:10|M:10|L:10|XL:10"
250985,"2022-09-15 08:39:53.45","#SEA960",50.00,68.00,93.00,120.90,"2023-03-31","129335263","PO",4,,,,"","ALMA","SEA960A1",30075,1002,"2023-03-31","2023-04-30","USD",93.00,90,"3XS:10|2XS:20|XS:20|S:10|M:10|L:10|XL:10"
250986,"2022-09-15 08:39:53.45","#SEA961",50.00,68.00,93.00,120.90,"2023-03-31","129335263","PO",4,,,,"","ALMA","SEA961A1",30025,1016,"2023-03-31","2023-04-30","USD",93.00,90,"3XS:10|2XS:20|XS:20|S:10|M:10|L:10|XL:10"
250987,"2022-09-15 08:39:53.45","#SEA962",50.00,68.00,93.00,120.90,"2023-03-31","129335263","PO",4,,,,"","ALMA","SEA962A0",30026,3002,"2023-03-31","2023-04-30","USD",93.00,90,"3XS:10|2XS:20|XS:20|S:10|M:10|L:10|XL:10"
250988,"2022-09-15 08:39:53.45","#SEA963",50.00,68.00,93.00,120.90,"2023-03-31","129335263","PO",4,,,,"","ALMA","SEA963A1",30027,4002,"2023-03-31","2023-04-30","USD",93.00,90,"3XS:10|2XS:20|XS:20|S:10|M:10|L:10|XL:10"
250989,"2022-09-15 08:39:53.45","#SEA964",50.00,68.00,93.00,120.90,"2023-03-31","129335263","PO",4,,,,"","ALMA","SEA964A0",30066,5002,"2023-03-31","2023-04-30","USD",93.00,90,"3XS:10|2XS:20|XS:20|S:10|M:10|L:10|XL:10"
250990,"2022-09-15 08:39:53.45","#SEA965",50.00,68.00,93.00,120.90,"2023-03-31","129335263","PO",4,,,,"","ALMA","SEA965A1",30067,6002,"2023-03-31","2023-04-30","USD",93.00,90,"3XS:10|2XS:20|XS:20|S:10|M:10|L:10|XL:10"
250991,"2022-09-15 08:39:53.45","#SEA966",50.00,68.00,93.00,120.90,"2023-03-31","129335263","PO",4,,,,"","ALMA","SEA966A1",30068,8002,"2023-03-31","2023-04-30","USD",93.00,90,"3XS:10|2XS:20|XS:20|S:10|M:10|L:10|XL:10"
250992,"2022-09-15 08:39:53.45","#SEA967",50.00,68.00,93.00,120.90,"2023-03-31","129335271","PO",4,,,,"","ALMA","SEA967A0",30069,1002,"2023-03-31","2023-04-30","USD",93.00,90,"3XS:10|2XS:20|XS:20|S:10|M:10|L:10|XL:10"
250993,"2022-09-15 08:39:53.45","#SEA968",50.00,68.00,93.00,120.90,"2023-03-31","129335271","PO",4,,,,"","ALMA","SEA968A1",30070,1016,"2023-03-31","2023-04-30","USD",93.00,90,"3XS:10|2XS:20|XS:20|S:10|M:10|L:10|XL:10"
250994,"2022-09-15 08:39:53.45","#SEA969",50.00,68.00,93.00,120.90,"2023-03-31","129335271","PO",4,,,,"","ALMA","SEA969A0",30071,3002,"2023-03-31","2023-04-30","USD",93.00,90,"3XS:10|2XS:20|XS:20|S:10|M:10|L:10|XL:10"
250995,"2022-09-15 08:39:53.45","#SEA970",50.00,68.00,93.00,120.90,"2023-03-31","129335271","PO",4,,,,"","ALMA","SEA970A1",30072,4002,"2023-03-31","2023-04-30","USD",93.00,90,"3XS:10|2XS:20|XS:20|S:10|M:10|L:10|XL:10"
250996,"2022-09-15 08:39:53.45","#SEA971",50.00,68.00,93.00,120.90,"2023-03-31","129335271","PO",4,,,,"","ALMA","SEA971A1",30073,5002,"2023-03-31","2023-04-30","USD",93.00,90,"3XS:10|2XS:20|XS:20|S:10|M:10|L:10|XL:10"
250997,"2022-09-15 08:39:53.45","#SEA972",50.00,68.00,93.00,120.90,"2023-03-31","129335271","PO",4,,,,"","ALMA","SEA972A0",30029,6002,"2023-03-31","2023-04-30","USD",93.00,90,"3XS:10|2XS:20|XS:20|S:10|M:10|L:10|XL:10"
250998,"2022-09-15 08:39:53.45","#SEA973",50.00,68.00,93.00,120.90,"2023-03-31","129335271","PO",4,,,,"","ALMA","SEA973A1",30013,8002,"2023-03-31","2023-04-30","USD",93.00,90,"3XS:10|2XS:20|XS:20|S:10|M:10|L:10|XL:10"
250999,"2022-09-15 08:39:53.45","#SEA974",50.00,68.00,93.00,120.90,"2023-03-31","129335280","PO",4,,,,"","ALMA","SEA974A0",30022,1002,"2023-03-31","2023-04-30","USD",93.00,90,"3XS:10|2XS:20|XS:20|S:10|M:10|L:10|XL:10"
251000,"2022-09-15 08:39:53.45","#SEA975",50.00,68.00,93.00,120.90,"2023-03-31","129335280","PO",4,,,,"","ALMA","SEA975A1",30045,1016,"2023-03-31","2023-04-30","USD",93.00,90,"3XS:10|2XS:20|XS:20|S:10|M:10|L:10|XL:10"
251001,"2022-09-15 08:39:53.45","#SEA976",50.00,68.00,93.00,120.90,"2023-03-31","129335280","PO",4,,,,"","ALMA","SEA976A1",30046,3002,"2023-03-31","2023-04-30","USD",93.00,90,"3XS:10|2XS:20|XS:20|S:10|M:10|L:10|XL:10"
251002,"2022-09-15 08:39:53.45","#SEA977",50.00,68.00,93.00,120.90,"2023-03-31","129335280","PO",4,,,,"","ALMA","SEA977A0",30047,4002,"2023-03-31","2023-04-30","USD",93.00,90,"3XS:10|2XS:20|XS:20|S:10|M:10|L:10|XL:10"
251003,"2022-09-15 08:39:53.45","#SEA978",50.00,68.00,93.00,120.90,"2023-03-31","129335280","PO",4,,,,"","ALMA","SEA978A1",30065,5002,"2023-03-31","2023-04-30","USD",93.00,90,"3XS:10|2XS:20|XS:20|S:10|M:10|L:10|XL:10"
251004,"2022-09-15 08:39:53.45","#SEA979",50.00,68.00,93.00,120.90,"2023-03-31","129335280","PO",4,,,,"","ALMA","SEA979A0",30074,6002,"2023-03-31","2023-04-30","USD",93.00,90,"3XS:10|2XS:20|XS:20|S:10|M:10|L:10|XL:10"
251005,"2022-09-15 08:39:53.45","#SEA980",50.00,68.00,93.00,120.90,"2023-03-31","129335280","PO",4,,,,"","ALMA","SEA980A1",30075,8002,"2023-03-31","2023-04-30","USD",93.00,90,"3XS:10|2XS:20|XS:20|S:10|M:10|L:10|XL:10"
251006,"2022-09-15 08:39:53.45","#SEA981",50.00,68.00,93.00,120.90,"2023-03-31","129335281","PO",4,,,,"","ALMA","SEA981A1",30025,1002,"2023-03-31","2023-04-30","USD",93.00,90,"3XS:10|2XS:20|XS:20|S:10|M:10|L:10|XL:10"
251007,"2022-09-15 08:39:53.45","#SEA982",50.00,68.00,93.00,120.90,"2023-03-31","129335281","PO",4,,,,"","ALMA","SEA982A0",30026,1016,"2023-03-31","2023-04-30","USD",93.00,90,"3XS:10|2XS:20|XS:20|S:10|M:10|L:10|XL:10"
251008,"2022-09-15 08:39:53.45","#SEA983",50.00,68.00,93.00,120.90,"2023-03-31","129335281","PO",4,,,,"","ALMA","SEA983A1",30027,3002,"2023-03-31","2023-04-30","USD",93.00,90,"3XS:10|2XS:20|XS:20|S:10|M:10|L:10|XL:10"
251009,"2022-09-15 08:39:53.45","#SEA984",50.00,68.00,93.00,120.90,"2023-03-31","129335281","PO",4,,,,"","ALMA","SEA984A0",30066,4002,"2023-03-31","2023-04-30","USD",93.00,90,"3XS:10|2XS:20|XS:20|S:10|M:10|L:10|XL:10"
251010,"2022-09-15 08:39:53.45","#SEA985",50.00,68.00,93.00,120.90,"2023-03-31","129335281","PO",4,,,,"","ALMA","SEA985A1",30067,5002,"2023-03-31","2023-04-30","USD",93.00,90,"3XS:10|2XS:20|XS:20|S:10|M:10|L:10|XL:10"
251011,"2022-09-15 08:39:53.45","#SEA986",50.00,68.00,93.00,120.90,"2023-03-31","129335281","PO",4,,,,"","ALMA","SEA986A1",30068,6002,"2023-03-31","2023-04-30","USD",93.00,90,"3XS:10|2XS:20|XS:20|S:10|M:10|L:10|XL:10"
251012,"2022-09-15 08:39:53.45","#SEA987",50.00,68.00,93.00,120.90,"2023-03-31","129335281","PO",4,,,,"","ALMA","SEA987A0",30069,8002,"2023-03-31","2023-04-30","USD",93.00,90,"3XS:10|2XS:20|XS:20|S:10|M:10|L:10|XL:10"
251013,"2022-09-15 08:39:53.45","#SEA988",50.00,68.00,93.00,120.90,"2023-03-31","129335286","PO",4,,,,"","ALMA","SEA988A1",30070,1002,"2023-03-31","2023-04-30","USD",93.00,90,"3XS:10|2XS:20|XS:20|S:10|M:10|L:10|XL:10"
251014,"2022-09-15 08:39:53.45","#SEA989",50.00,68.00,93.00,120.90,"2023-03-31","129335286","PO",4,,,,"","ALMA","SEA989A0",30071,1016,"2023-03-31","2023-04-30","USD",93.00,90,"3XS:10|2XS:20|XS:20|S:10|M:10|L:10|XL:10"
251015,"2022-09-15 08:39:53.45","#SEA990",50.00,68.00,93.00,120.90,"2023-03-31","129335286","PO",4,,,,"","ALMA","SEA990A1",30072,3002,"2023-03-31","2023-04-30","USD",93.00,90,"3XS:10|2XS:20|XS:20|S:10|M:10|L:10|XL:10"
251016,"2022-09-15 08:39:53.45","#SEA991",50.00,68.00,93.00,120.90,"2023-03-31","129335286","PO",4,,,,"","ALMA","SEA991A1",30073,4002,"2023-03-31","2023-04-30","USD",93.00,90,"3XS:10|2XS:20|XS:20|S:10|M:10|L:10|XL:10"
251017,"2022-09-15 08:39:53.45","#SEA992",50.00,68.00,93.00,120.90,"2023-03-31","129335286","PO",4,,,,"","ALMA","SEA992A0",30029,5002,"2023-03-31","2023-04-30","USD",93.00,90,"3XS:10|2XS:20|XS:20|S:10|M:10|L:10|XL:10"
251018,"2022-09-15 08:39:53.45","#SEA993",50.00,68.00,93.00,120.90,"2023-03-31","129335286","PO",4,,,,"","ALMA","SEA993A1",30013,6002,"2023-03-31","2023-04-30","USD",93.00,90,"3XS:10|2XS:20|XS:20|S:10|M:10|L:10|XL:10"
251019,"2022-09-15 08:39:53.45","#SEA994",50.00,68.00,93.00,120.90,"2023-03-31","129335286","PO",4,,,,"","ALMA","SEA994A0",30022,8002,"2023-03-31","2023-04-30","USD",93.00,90,"3XS:10|2XS:20|XS:20|S:10|M:10|L:10|XL:10"
251020,"2022-09-15 08:39:53.45","#SAW001",50.00,68.00,93.00,120.90,"2023-03-31","129335291","PO",4,,,,"","ALMA","SAW001A1",30045,1002,"2023-03-31","2023-04-30","USD",93.00,90,"3XS:10|2XS:20|XS:20|S:10|M:10|L:10|XL:10"
251021,"2022-09-15 08:39:53.45","#SAW002",50.00,68.00,93.00,120.90,"2023-03-31","129335291","PO",4,,,,"","ALMA","SAW002A1",30046,1016,"2023-03-31","2023-04-30","USD",93.00,90,"3XS:10|2XS:20|XS:20|S:10|M:10|L:10|XL:10"
251022,"2022-09-15 08:39:53.45","#SAW003",50.00,68.00,93.00,120.90,"2023-03-31","129335291","PO",4,,,,"","ALMA","SAW003A0",30047,3002,"2023-03-31","2023-04-30","USD",93.00,90,"3XS:10|2XS:20|XS:20|S:10|M:10|L:10|XL:10"
251023,"2022-09-15 08:39:53.45","#SAW004",50.00,68.00,93.00,120.90,"2023-03-31","129335291","PO",4,,,,"","ALMA","SAW004A1",30065,4002,"2023-03-31","2023-04-30","USD",93.00,90,"3XS:10|2XS:20|XS:20|S:10|M:10|L:10|XL:10"
251024,"2022-09-15 08:39:53.45","#SAW005",50.00,68.00,93.00,120.90,"2023-03-31","129335291","PO",4,,,,"","ALMA","SAW005A0",30074,5002,"2023-03-31","2023-04-30","USD",93.00,90,"3XS:10|2XS:20|XS:20|S:10|M:10|L:10|XL:10"
251025,"2022-09-15 08:39:53.45","#SAW006",50.00,68.00,93.00,120.90,"2023-03-31","129335291","PO",4,,,,"","ALMA","SAW006A1",30075,6002,"2023-03-31","2023-04-30","USD",93.00,90,"3XS:10|2XS:20|XS:20|S:10|M:10|L:10|XL:10"
251026,"2022-09-15 08:39:53.45","#SAW007",50.00,68.00,93.00,120.90,"2023-03-31","129335291","PO",4,,,,"","ALMA","SAW007A1",30025,8002,"2023-03-31","2023-04-30","USD",93.00,90,"3XS:10|2XS:20|XS:20|S:10|M:10|L:10|XL:10"
251027,"2022-09-15 08:39:53.45","#SAW008",50.00,68.00,93.00,120.90,"2023-03-31","129335302","PO",4,,,,"","ALMA","SAW008A0",30026,1002,"2023-03-31","2023-04-30","USD",93.00,90,"3XS:10|2XS:20|XS:20|S:10|M:10|L:10|XL:10"
251028,"2022-09-15 08:39:53.45","#SAW009",50.00,68.00,93.00,120.90,"2023-03-31","129335302","PO",4,,,,"","ALMA","SAW009A1",30027,1016,"2023-03-31","2023-04-30","USD",93.00,90,"3XS:10|2XS:20|XS:20|S:10|M:10|L:10|XL:10"
251029,"2022-09-15 08:39:53.45","#SAW010",50.00,68.00,93.00,120.90,"2023-03-31","129335302","PO",4,,,,"","ALMA","SAW010A0",30066,3002,"2023-03-31","2023-04-30","USD",93.00,90,"3XS:10|2XS:20|XS:20|S:10|M:10|L:10|XL:10"
251030,"2022-09-15 08:39:53.45","#SAW011",50.00,68.00,93.00,120.90,"2023-03-31","129335302","PO",4,,,,"","ALMA","SAW011A1",30067,4002,"2023-03-31","2023-04-30","USD",93.00,90,"3XS:10|2XS:20|XS:20|S:10|M:10|L:10|XL:10"
251031,"2022-09-15 08:39:53.45","#SAW012",50.00,68.00,93.00,120.90,"2023-03-31","129335302","PO",4,,,,"","ALMA","SAW012A1",30068,5002,"2023-03-31","2023-04-30","USD",93.00,90,"3XS:10|2XS:20|XS:20|S:10|M:10|L:10|XL:10"
251032,"2022-09-15 08:39:53.45","#SAW013",50.00,68.00,93.00,120.90,"2023-03-31","129335302","PO",4,,,,"","ALMA","SAW013A0",30069,6002,"2023-03-31","2023-04-30","USD",93.00,90,"3XS:10|2XS:20|XS:20|S:10|M:10|L:10|XL:10"
251033,"2022-09-15 08:39:53.45","#SAW014",50.00,68.00,93.00,120.90,"2023-03-31","129335302","PO",4,,,,"","ALMA","SAW014A1",30070,8002,"2023-03-31","2023-04-30","USD",93.00,90,"3XS:10|2XS:20|XS:20|S:10|M:10|L:10|XL:10"
251034,"2022-09-15 08:39:53.45","#SAW015",50.00,68.00,93.00,120.90,"2023-03-31","129335306","PO",4,,,,"","ALMA","SAW015A0",30071,1002,"2023-03-31","2023-04-30","USD",93.00,90,"3XS:10|2XS:20|XS:20|S:10|M:10|L:10|XL:10"
251035,"2022-09-15 08:39:53.45","#SAW016",50.00,68.00,93.00,120.90,"2023-03-31","129335306","PO",4,,,,"","ALMA","SAW016A1",30072,1016,"2023-03-31","2023-04-30","USD",93.00,90,"3XS:10|2XS:20|XS:20|S:10|M:10|L:10|XL:10"
251036,"2022-09-15 08:39:53.45","#SAW017",50.00,68.00,93.00,120.90,"2023-03-31","129335306","PO",4,,,,"","ALMA","SAW017A1",30073,3002,"2023-03-31","2023-04-30","USD",93.00,90,"3XS:10|2XS:20|XS:20|S:10|M:10|L:10|XL:10"
251037,"2022-09-15 08:39:53.45","#SAW018",50.00,68.00,93.00,120.90,"2023-03-31","129335306","PO",4,,,,"","ALMA","SAW018A0",30029,4002,"2023-03-31","2023-04-30","USD",93.00,90,"3XS:10|2XS:20|XS:20|S:10|M:10|L:10|XL:10"
251038,"2022-09-15 08:39:53.45","#SAW019",50.00,68.00,93.00,120.90,"2023-03-31","129335306","PO",4,,,,"","ALMA","SAW019A1",30013,5002,"2023-03-31","2023-04-30","USD",93.00,90,"3XS:10|2XS:20|XS:20|S:10|M:10|L:10|XL:10"
251039,"2022-09-15 08:39:53.45","#SAW020",50.00,68.00,93.00,120.90,"2023-03-31","129335306","PO",4,,,,"","ALMA","SAW020A0",30022,6002,"2023-03-31","2023-04-30","USD",93.00,90,"3XS:10|2XS:20|XS:20|S:10|M:10|L:10|XL:10"
251040,"2022-09-15 08:39:53.45","#SAW021",50.00,68.00,93.00,120.90,"2023-03-31","129335306","PO",4,,,,"","ALMA","SAW021A1",30045,8002,"2023-03-31","2023-04-30","USD",93.00,90,"3XS:10|2XS:20|XS:20|S:10|M:10|L:10|XL:10"
251041,"2022-09-15 08:39:53.45","#SAW022",50.00,68.00,93.00,120.90,"2023-03-31","129335309","PO",4,,,,"","ALMA","SAW022A1",30046,1002,"2023-03-31","2023-04-30","USD",93.00,90,"3XS:10|2XS:20|XS:20|S:10|M:10|L:10|XL:10"
251042,"2022-09-15 08:39:53.45","#SAW023",50.00,68.00,93.00,120.90,"2023-03-31","129335309","PO",4,,,,"","ALMA","SAW023A0",30047,1016,"2023-03-31","2023-04-30","USD",93.00,90,"3XS:10|2XS:20|XS:20|S:10|M:10|L:10|XL:10"
251043,"2022-09-15 08:39:53.45","#SAW024",50.00,68.00,93.00,120.90,"2023-03-31","129335309","PO",4,,,,"","ALMA","SAW024A1",30065,3002,"2023-03-31","2023-04-30","USD",93.00,90,"3XS:10|2XS:20|XS:20|S:10|M:10|L:10|XL:10"
251044,"2022-09-15 08:39:53.45","#SAW025",50.00,68.00,93.00,120.90,"2023-03-31","129335309","PO",4,,,,"","ALMA","SAW025A0",30074,4002,"2023-03-31","2023-04-30","USD",93.00,90,"3XS:10|2XS:20|XS:20|S:10|M:10|L:10|XL:10"
251045,"2022-09-15 08:39:53.45","#SAW026",50.00,68.00,93.00,120.90,"2023-03-31","129335309","PO",4,,,,"","ALMA","SAW026A1",30075,5002,"2023-03-31","2023-04-30","USD",93.00,90,"3XS:10|2XS:20|XS:20|S:10|M:10|L:10|XL:10"
251046,"2022-09-15 08:39:53.45","#SAW027",50.00,68.00,93.00,120.90,"2023-03-31","129335309","PO",4,,,,"","ALMA","SAW027A1",30025,6002,"2023-03-31","2023-04-30","USD",93.00,90,"3XS:10|2XS:20|XS:20|S:10|M:10|L:10|XL:10"
251047,"2022-09-15 08:39:53.45","#SAW028",50.00,68.00,93.00,120.90,"2023-03-31","129335309","PO",4,,,,"","ALMA","SAW028A0",30026,8002,"2023-03-31","2023-04-30","USD",93.00,90,"3XS:10|2XS:20|XS:20|S:10|M:10|L:10|XL:10"
251048,"2022-09-15 08:39:53.45","#SAW029",50.00,68.00,93.00,120.90,"2023-03-31","129335310","PO",4,,,,"","ALMA","SAW029A1",30027,1002,"2023-03-31","2023-04-30","USD",93.00,90,"3XS:10|2XS:20|XS:20|S:10|M:10|L:10|XL:10"
251049,"2022-09-15 08:39:53.45","#SAW030",50.00,68.00,93.00,120.90,"2023-03-31","129335310","PO",4,,,,"","ALMA","SAW030A0",30066,1016,"2023-03-31","2023-04-30","USD",93.00,90,"3XS:10|2XS:20|XS:20|S:10|M:10|L:10|XL:10"
251050,"2022-09-15 08:39:53.45","#SAW031",50.00,68.00,93.00,120.90,"2023-03-31","129335310","PO",4,,,,"","ALMA","SAW031A1",30067,3002,"2023-03-31","2023-04-30","USD",93.00,90,"3XS:10|2XS:20|XS:20|S:10|M:10|L:10|XL:10"
251051,"2022-09-15 08:39:53.45","#SAW032",50.00,68.00,93.00,120.90,"2023-03-31","129335310","PO",4,,,,"","ALMA","SAW032A1",30068,4002,"2023-03-31","2023-04-30","USD",93.00,90,"3XS:10|2XS:20|XS:20|S:10|M:10|L:10|XL:10"
251052,"2022-09-15 08:39:53.45","#SAW033",50.00,68.00,93.00,120.90,"2023-03-31","129335310","PO",4,,,,"","ALMA","SAW033A0",30069,5002,"2023-03-31","2023-04-30","USD",93.00,90,"3XS:10|2XS:20|XS:20|S:10|M:10|L:10|XL:10"
251053,"2022-09-15 08:39:53.45","#SAW034",50.00,68.00,93.00,120.90,"2023-03-31","129335310","PO",4,,,,"","ALMA","SAW034A1",30070,6002,"2023-03-31","2023-04-30","USD",93.00,90,"3XS:10|2XS:20|XS:20|S:10|M:10|L:10|XL:10"
251054,"2022-09-15 08:39:53.45","#SAW035",50.00,68.00,93.00,120.90,"2023-03-31","129335310","PO",4,,,,"","ALMA","SAW035A0",30071,8002,"2023-03-31","2023-04-30","USD",93.00,90,"3XS:10|2XS:20|XS:20|S:10|M:10|L:10|XL:10"
251055,"2022-09-15 08:39:53.45","#SAW036",50.00,68.00,93.00,120.90,"2023-03-31","129335312","PO",4,,,,"","ALMA","SAW036A1",30072,1002,"2023-03-31","2023-04-30","USD",93.00,90,"3XS:10|2XS:20|XS:20|S:10|M:10|L:10|XL:10"
251056,"2022-09-15 08:39:53.45","#SAW037",50.00,68.00,93.00,120.90,"2023-03-31","129335312","PO",4,,,,"","ALMA","SAW037A1",30073,1016,"2023-03-31","2023-04-30","USD",93.00,90,"3XS:10|2XS:20|XS:20|S:10|M:10|L:10|XL:10"
251057,"2022-09-15 08:39:53.45","#SAW038",50.00,68.00,93.00,120.90,"2023-03-31","129335312","PO",4,,,,"","ALMA","SAW038A0",30029,3002,"2023-03-31","2023-04-30","USD",93.00,90,"3XS:10|2XS:20|XS:20|S:10|M:10|L:10|XL:10"
251058,"2022-09-15 08:39:53.45","#SAW039",50.00,68.00,93.00,120.90,"2023-03-31","129335312","PO",4,,,,"","ALMA","SAW039A1",30013,4002,"2023-03-31","2023-04-30","USD",93.00,90,"3XS:10|2XS:20|XS:20|S:10|M:10|L:10|XL:10"
251059,"2022-09-15 08:39:53.45","#SAW040",50.00,68.00,93.00,120.90,"2023-03-31","129335312","PO",4,,,,"","ALMA","SAW040A0",30022,5002,"2023-03-31","2023-04-30","USD",93.00,90,"3XS:10|2XS:20|XS:20|S:10|M:10|L:10|XL:10"
251060,"2022-09-15 08:39:53.45","#SAW041",50.00,68.00,93.00,120.90,"2023-03-31","129335312","PO",4,,,,"","ALMA","SAW041A1",30045,6002,"2023-03-31","2023-04-30","USD",93.00,90,"3XS:10|2XS:20|XS:20|S:10|M:10|L:10|XL:10"
251061,"2022-09-15 08:39:53.45","#SAW042",50.00,68.00,93.00,120.90,"2023-03-31","129335312","PO",4,,,,"","ALMA","SAW042A1",30046,8002,"2023-03-31","2023-04-30","USD",93.00,90,"3XS:10|2XS:20|XS:20|S:10|M:10|L:10|XL:10"
251062,"2022-09-15 08:39:53.45","#SAW043",50.00,68.00,93.00,120.90,"2023-03-31","129335317","PO",4,,,,"","ALMA","SAW043A0",30047,1002,"2023-03-31","2023-04-30","USD",93.00,90,"3XS:10|2XS:20|XS:20|S:10|M:10|L:10|XL:10"
251063,"2022-09-15 08:39:53.45","#SAW044",50.00,68.00,93.00,120.90,"2023-03-31","129335317","PO",4,,,,"","ALMA","SAW044A1",30065,1016,"2023-03-31","2023-04-30","USD",93.00,90,"3XS:10|2XS:20|XS:20|S:10|M:10|L:10|XL:10"
251064,"2022-09-15 08:39:53.45","#SAW045",50.00,68.00,93.00,120.90,"2023-03-31","129335317","PO",4,,,,"","ALMA","SAW045A0",30074,3002,"2023-03-31","2023-04-30","USD",93.00,90,"3XS:10|2XS:20|XS:20|S:10|M:10|L:10|XL:10"
251065,"2022-09-15 08:39:53.45","#SAW046",50.00,68.00,93.00,120.90,"2023-03-31","129335317","PO",4,,,,"","ALMA","SAW046A1",30075,4002,"2023-03-31","2023-04-30","USD",93.00,90,"3XS:10|2XS:20|XS:20|S:10|M:10|L:10|XL:10"
251066,"2022-09-15 08:39:53.45","#SAW047",50.00,68.00,93.00,120.90,"2023-03-31","129335317","PO",4,,,,"","ALMA","SAW047A1",30025,5002,"2023-03-31","2023-04-30","USD",93.00,90,"3XS:10|2XS:20|XS:20|S:10|M:10|L:10|XL:10"
251067,"2022-09-15 08:39:53.45","#SAW048",50.00,68.00,93.00,120.90,"2023-03-31","129335317","PO",4,,,,"","ALMA","SAW048A0",30026,6002,"2023-03-31","2023-04-30","USD",93.00,90,"3XS:10|2XS:20|XS:20|S:10|M:10|L:10|XL:10"
251068,"2022-09-15 08:39:53.45","#SAW049",50.00,68.00,93.00,120.90,"2023-03-31","129335317","PO",4,,,,"","ALMA","SAW049A1",30027,8002,"2023-03-31","2023-04-30","USD",93.00,90,"3XS:10|2XS:20|XS:20|S:10|M:10|L:10|XL:10"
251069,"2022-09-15 08:39:53.45","#SAW050",50.00,68.00,93.00,120.90,"2023-03-31","129335319","PO",4,,,,"","ALMA","SAW050A0",30066,1002,"2023-03-31","2023-04-30","USD",93.00,90,"3XS:10|2XS:20|XS:20|S:10|M:10|L:10|XL:10"
251070,"2022-09-15 08:39:53.45","#SAW051",50.00,68.00,93.00,120.90,"2023-03-31","129335319","PO",4,,,,"","ALMA","SAW051A1",30067,1016,"2023-03-31","2023-04-30","USD",93.00,90,"3XS:10|2XS:20|XS:20|S:10|M:10|L:10|XL:10"
251071,"2022-09-15 08:39:53.45","#SAW052",50.00,68.00,93.00,120.90,"2023-03-31","129335319","PO",4,,,,"","ALMA","SAW052A1",30068,3002,"2023-03-31","2023-04-30","USD",93.00,90,"3XS:10|2XS:20|XS:20|S:10|M:10|L:10|XL:10"
251072,"2022-09-15 08:39:53.45","#SAW053",50.00,68.00,93.00,120.90,"2023-03-31","129335319","PO",4,,,,"","ALMA","SAW053A0",30069,4002,"2023-03-31","2023-04-30","USD",93.00,90,"3XS:10|2XS:20|XS:20|S:10|M:10|L:10|XL:10"
251073,"2022-09-15 08:39:53.45","#SAW054",50.00,68.00,93.00,120.90,"2023-03-31","129335319","PO",4,,,,"","ALMA","SAW054A1",30070,5002,"2023-03-31","2023-04-30","USD",93.00,90,"3XS:10|2XS:20|XS:20|S:10|M:10|L:10|XL:10"
251074,"2022-09-15 08:39:53.45","#SAW055",50.00,68.00,93.00,120.90,"2023-03-31","129335319","PO",4,,,,"","ALMA","SAW055A0",30071,6002,"2023-03-31","2023-04-30","USD",93.00,90,"3XS:10|2XS:20|XS:20|S:10|M:10|L:10|XL:10"
251075,"2022-09-15 08:39:53.45","#SAW056",50.00,68.00,93.00,120.90,"2023-03-31","129335319","PO",4,,,,"","ALMA","SAW056A1",30072,8002,"2023-03-31","2023-04-30","USD",93.00,90,"3XS:10|2XS:20|XS:20|S:10|M:10|L:10|XL:10"
251076,"2022-09-15 08:39:53.45","#SAW057",50.00,68.00,93.00,120.90,"2023-03-31","129335320","PO",4,,,,"","ALMA","SAW057A1",30073,1002,"2023-03-31","2023-04-30","USD",93.00,90,"3XS:10|2XS:20|XS:20|S:10|M:10|L:10|XL:10"
251077,"2022-09-15 08:39:53.45","#SAW058",50.00,68.00,93.00,120.90,"2023-03-31","129335320","PO",4,,,,"","ALMA","SAW058A0",30029,1016,"2023-03-31","2023-04-30","USD",93.00,90,"3XS:10|2XS:20|XS:20|S:10|M:10|L:10|XL:10"
251078,"2022-09-15 08:39:53.45","#SAW059",50.00,68.00,93.00,120.90,"2023-03-31","129335320","PO",4,,,,"","ALMA","SAW059A1",30013,3002,"2023-03-31","2023-04-30","USD",93.00,90,"3XS:10|2XS:20|XS:20|S:10|M:10|L:10|XL:10"
251079,"2022-09-15 08:39:53.45","#SAW060",50.00,68.00,93.00,120.90,"2023-03-31","129335320","PO",4,,,,"","ALMA","SAW060A0",30022,4002,"2023-03-31","2023-04-30","USD",93.00,90,"3XS:10|2XS:20|XS:20|S:10|M:10|L:10|XL:10"
251080,"2022-09-15 08:39:53.45","#SAW061",50.00,68.00,93.00,120.90,"2023-03-31","129335320","PO",4,,,,"","ALMA","SAW061A1",30045,5002,"2023-03-31","2023-04-30","USD",93.00,90,"3XS:10|2XS:20|XS:20|S:10|M:10|L:10|XL:10"
251081,"2022-09-15 08:39:53.45","#SAW062",50.00,68.00,93.00,120.90,"2023-03-31","129335320","PO",4,,,,"","ALMA","SAW062A1",30046,6002,"2023-03-31","2023-04-30","USD",93.00,90,"3XS:10|2XS:20|XS:20|S:10|M:10|L:10|XL:10"
251082,"2022-09-15 08:39:53.45","#SAW063",50.00,68.00,93.00,120.90,"2023-03-31","129335320","PO",4,,,,"","ALMA","SAW063A0",30047,8002,"2023-03-31","2023-04-30","USD",93.00,90,"3XS:10|2XS:20|XS:20|S:10|M:10|L:10|XL:10"
251083,"2022-09-15 08:39:53.45","#SAW064",50.00,68.00,93.00,120.90,"2023-03-31","129335335","PO",4,,,,"","ALMA","SAW064A1",30065,1002,"2023-03-31","2023-04-30","USD",93.00,90,"3XS:10|2XS:20|XS:20|S:10|M:10|L:10|XL:10"
251084,"2022-09-15 08:39:53.45","#SAW065",50.00,68.00,93.00,120.90,"2023-03-31","129335335","PO",4,,,,"","ALMA","SAW065A0",30074,1016,"2023-03-31","2023-04-30","USD",93.00,90,"3XS:10|2XS:20|XS:20|S:10|M:10|L:10|XL:10"
251085,"2022-09-15 08:39:53.45","#SAW066",50.00,68.00,93.00,120.90,"2023-03-31","129335335","PO",4,,,,"","ALMA","SAW066A1",30075,3002,"2023-03-31","2023-04-30","USD",93.00,90,"3XS:10|2XS:20|XS:20|S:10|M:10|L:10|XL:10"
251086,"2022-09-15 08:39:53.45","#SAW067",50.00,68.00,93.00,120.90,"2023-03-31","129335335","PO",4,,,,"","ALMA","SAW067A1",30025,4002,"2023-03-31","2023-04-30","USD",93.00,90,"3XS:10|2XS:20|XS:20|S:10|M:10|L:10|XL:10"
251087,"2022-09-15 08:39:53.45","#SAW068",50.00,68.00,93.00,120.90,"2023-03-31","129335335","PO",4,,,,"","ALMA","SAW068A0",30026,5002,"2023-03-31","2023-04-30","USD",93.00,90,"3XS:10|2XS:20|XS:20|S:10|M:10|L:10|XL:10"
251088,"2022-09-15 08:39:53.45","#SAW069",50.00,68.00,93.00,120.90,"2023-03-31","129335335","PO",4,,,,"","ALMA","SAW069A1",30027,6002,"2023-03-31","2023-04-30","USD",93.00,90,"3XS:10|2XS:20|XS:20|S:10|M:10|L:10|XL:10"
251089,"2022-09-15 08:39:53.45","#SAW070",50.00,68.00,93.00,120.90,"2023-03-31","129335335","PO",4,,,,"","ALMA","SAW070A0",30066,8002,"2023-03-31","2023-04-30","USD",93.00,90,"3XS:10|2XS:20|XS:20|S:10|M:10|L:10|XL:10"
251090,"2022-09-15 08:39:53.45","#SAW071",50.00,68.00,93.00,120.90,"2023-03-31","129335339","PO",4,,,,"","ALMA","SAW071A1",30067,1002,"2023-03-31","2023-04-30","USD",93.00,90,"3XS:10|2XS:20|XS:20|S:10|M:10|L:10|XL:10"
251091,"2022-09-15 08:39:53.45","#SAW072",50.00,68.00,93.00,120.90,"2023-03-31","129335339","PO",4,,,,"","ALMA","SAW072A1",30068,1016,"2023-03-31","2023-04-30","USD",93.00,90,"3XS:10|2XS:20|XS:20|S:10|M:10|L:10|XL:10"
251092,"2022-09-15 08:39:53.45","#SAW073",50.00,68.00,93.00,120.90,"2023-03-31","129335339","PO",4,,,,"","ALMA","SAW073A0",30069,3002,"2023-03-31","2023-04-30","USD",93.00,90,"3XS:10|2XS:20|XS:20|S:10|M:10|L:10|XL:10"
251093,"2022-09-15 08:39:53.45","#SAW074",50.00,68.00,93.00,120.90,"2023-03-31","129335339","PO",4,,,,"","ALMA","SAW074A1",30070,4002,"2023-03-31","2023-04-30","USD",93.00,90,"3XS:10|2XS:20|XS:20|S:10|M:10|L:10|XL:10"
251094,"2022-09-15 08:39:53.45","#SAW075",50.00,68.00,93.00,120.90,"2023-03-31","129335339","PO",4,,,,"","ALMA","SAW075A0",30071,5002,"2023-03-31","2023-04-30","USD",93.00,90,"3XS:10|2XS:20|XS:20|S:10|M:10|L:10|XL:10"
251095,"2022-09-15 08:39:53.45","#SAW076",50.00,68.00,93.00,120.90,"2023-03-31","129335339","PO",4,,,,"","ALMA","SAW076A1",30072,6002,"2023-03-31","2023-04-30","USD",93.00,90,"3XS:10|2XS:20|XS:20|S:10|M:10|L:10|XL:10"
251096,"2022-09-15 08:39:53.45","#SAW077",50.00,68.00,93.00,120.90,"2023-03-31","129335339","PO",4,,,,"","ALMA","SAW077A1",30073,8002,"2023-03-31","2023-04-30","USD",93.00,90,"3XS:10|2XS:20|XS:20|S:10|M:10|L:10|XL:10"
251097,"2022-09-15 08:39:53.45","#SAW078",50.00,68.00,93.00,120.90,"2023-03-31","129335343","PO",4,,,,"","ALMA","SAW078A0",30029,1002,"2023-03-31","2023-04-30","USD",93.00,90,"3XS:10|2XS:20|XS:20|S:10|M:10|L:10|XL:10"
251098,"2022-09-15 08:39:53.45","#SAW079",50.00,68.00,93.00,120.90,"2023-03-31","129335343","PO",4,,,,"","ALMA","SAW079A1",30013,1016,"2023-03-31","2023-04-30","USD",93.00,90,"3XS:10|2XS:20|XS:20|S:10|M:10|L:10|XL:10"
251099,"2022-09-15 08:39:53.45","#SAW080",50.00,68.00,93.00,120.90,"2023-03-31","129335343","PO",4,,,,"","ALMA","SAW080A0",30022,3002,"2023-03-31","2023-04-30","USD",93.00,90,"3XS:10|2XS:20|XS:20|S:10|M:10|L:10|XL:10"
251100,"2022-09-15 08:39:53.45","#SAW081",50.00,68.00,93.00,120.90,"2023-03-31","129335343","PO",4,,,,"","ALMA","SAW081A1",30045,4002,"2023-03-31","2023-04-30","USD",93.00,90,"3XS:10|2XS:20|XS:20|S:10|M:10|L:10|XL:10"
251101,"2022-09-15 08:39:53.45","#SAW082",50.00,68.00,93.00,120.90,"2023-03-31","129335343","PO",4,,,,"","ALMA","SAW082A1",30046,5002,"2023-03-31","2023-04-30","USD",93.00,90,"3XS:10|2XS:20|XS:20|S:10|M:10|L:10|XL:10"
251102,"2022-09-15 08:39:53.45","#SAW083",50.00,68.00,93.00,120.90,"2023-03-31","129335343","PO",4,,,,"","ALMA","SAW083A0",30047,6002,"2023-03-31","2023-04-30","USD",93.00,90,"3XS:10|2XS:20|XS:20|S:10|M:10|L:10|XL:10"
251103,"2022-09-15 08:39:53.45","#SAW084",50.00,68.00,93.00,120.90,"2023-03-31","129335343","PO",4,,,,"","ALMA","SAW084A1",30065,8002,"2023-03-31","2023-04-30","USD",93.00,90,"3XS:10|2XS:20|XS:20|S:10|M:10|L:10|XL:10"
251104,"2022-09-15 08:39:53.45","#SAW085",50.00,68.00,93.00,120.90,"2023-03-31","129335348","PO",4,,,,"","ALMA","SAW085A0",30074,1002,"2023-03-31","2023-04-30","USD",93.00,90,"3XS:10|2XS:20|XS:20|S:10|M:10|L:10|XL:10"
251105,"2022-09-15 08:39:53.45","#SAW086",50.00,68.00,93.00,120.90,"2023-03-31","129335348","PO",4,,,,"","ALMA","SAW086A1",30075,1016,"2023-03-31","2023-04-30","USD",93.00,90,"3XS:10|2XS:20|XS:20|S:10|M:10|L:10|XL:10"
251106,"2022-09-15 08:39:53.45","#SAW087",50.00,68.00,93.00,120.90,"2023-03-31","129335348","PO",4,,,,"","ALMA","SAW087A1",30025,3002,"2023-03-31","2023-04-30","USD",93.00,90,"3XS:10|2XS:20|XS:20|S:10|M:10|L:10|XL:10"
251107,"2022-09-15 08:39:53.45","#SAW088",50.00,68.00,93.00,120.90,"2023-03-31","129335348","PO",4,,,,"","ALMA","SAW088A0",30026,4002,"2023-03-31","2023-04-30","USD",93.00,90,"3XS:10|2XS:20|XS:20|S:10|M:10|L:10|XL:10"
251108,"2022-09-15 08:39:53.45","#SAW089",50.00,68.00,93.00,120.90,"2023-03-31","129335348","PO",4,,,,"","ALMA","SAW089A1",30027,5002,"2023-03-31","2023-04-30","USD",93.00,90,"3XS:10|2XS:20|XS:20|S:10|M:10|L:10|XL:10"
251109,"2022-09-15 08:39:53.45","#SAW090",50.00,68.00,93.00,120.90,"2023-03-31","129335348","PO",4,,,,"","ALMA","SAW090A0",30066,6002,"2023-03-31","2023-04-30","USD",93.00,90,"3XS:10|2XS:20|XS:20|S:10|M:10|L:10|XL:10"
251110,"2022-09-15 08:39:53.45","#SAW091",50.00,68.00,93.00,120.90,"2023-03-31","129335348","PO",4,,,,"","ALMA","SAW091A1",30067,8002,"2023-03-31","2023-04-30","USD",93.00,90,"3XS:10|2XS:20|XS:20|S:10|M:10|L:10|XL:10"
251111,"2022-09-15 08:39:53.45","#SAW092",50.00,68.00,93.00,120.90,"2023-03-31","129335349","PO",4,,,,"","ALMA","SAW092A1",30068,1002,"2023-03-31","2023-04-30","USD",93.00,90,"3XS:10|2XS:20|XS:20|S:10|M:10|L:10|XL:10"
251112,"2022-09-15 08:39:53.45","#SAW093",50.00,68.00,93.00,120.90,"2023-03-31","129335349","PO",4,,,,"","ALMA","SAW093A0",30069,1016,"2023-03-31","2023-04-30","USD",93.00,90,"3XS:10|2XS:20|XS:20|S:10|M:10|L:10|XL:10"
251113,"2022-09-15 08:39:53.45","#SAW094",50.00,68.00,93.00,120.90,"2023-03-31","129335349","PO",4,,,,"","ALMA","SAW094A1",30070,3002,"2023-03-31","2023-04-30","USD",93.00,90,"3XS:10|2XS:20|XS:20|S:10|M:10|L:10|XL:10"
251114,"2022-09-15 08:39:53.45","#SAW095",50.00,68.00,93.00,120.90,"2023-03-31","129335349","PO",4,,,,"","ALMA","SAW095A0",30071,4002,"2023-03-31","2023-04-30","USD",93.00,90,"3XS:10|2XS:20|XS:20|S:10|M:10|L:10|XL:10"
251115,"2022-09-15 08:39:53.45","#SAW096",50.00,68.00,93.00,120.90,"2023-03-31","129335349","PO",4,,,,"","ALMA","SAW096A1",30072,5002,"2023-03-31","2023-04-30","USD",93.00,90,"3XS:10|2XS:20|XS:20|S:10|M:10|L:10|XL:10"
251116,"2022-09-15 08:39:53.45","#SAW097",50.00,68.00,93.00,120.90,"2023-03-31","129335349","PO",4,,,,"","ALMA","SAW097A1",30073,6002,"2023-03-31","2023-04-30","USD",93.00,90,"3XS:10|2XS:20|XS:20|S:10|M:10|L:10|XL:10"
251117,"2022-09-15 08:39:53.45","#SAW098",50.00,68.00,93.00,120.90,"2023-03-31","129335349","PO",4,,,,"","ALMA","SAW098A0",30029,8002,"2023-03-31","2023-04-30","USD",93.00,90,"3XS:10|2XS:20|XS:20|S:10|M:10|L:10|XL:10"
251118,"2022-09-15 08:39:53.45","#SAW099",50.00,68.00,93.00,120.90,"2023-03-31","129335350","PO",4,,,,"","ALMA","SAW099A1",30013,1002,"2023-03-31","2023-04-30","USD",93.00,90,"3XS:10|2XS:20|XS:20|S:10|M:10|L:10|XL:10"
251119,"2022-09-15 08:39:53.45","#SAW100",50.00,68.00,93.00,120.90,"2023-03-31","129335350","PO",4,,,,"","ALMA","SAW100A0",30022,1016,"2023-03-31","2023-04-30","USD",93.00,90,"3XS:10|2XS:20|XS:20|S:10|M:10|L:10|XL:10"
251120,"2022-09-15 08:39:53.45","#SAW101",50.00,68.00,93.00,120.90,"2023-03-31","129335350","PO",4,,,,"","ALMA","SAW101A1",30045,3002,"2023-03-31","2023-04-30","USD",93.00,90,"3XS:10|2XS:20|XS:20|S:10|M:10|L:10|XL:10"
251121,"2022-09-15 08:39:53.45","#SAW102",50.00,68.00,93.00,120.90,"2023-03-31","129335350","PO",4,,,,"","ALMA","SAW102A1",30046,4002,"2023-03-31","2023-04-30","USD",93.00,90,"3XS:10|2XS:20|XS:20|S:10|M:10|L:10|XL:10"
251122,"2022-09-15 08:39:53.45","#SAW103",50.00,68.00,93.00,120.90,"2023-03-31","129335350","PO",4,,,,"","ALMA","SAW103A0",30047,5002,"2023-03-31","2023-04-30","USD",93.00,90,"3XS:10|2XS:20|XS:20|S:10|M:10|L:10|XL:10"
251123,"2022-09-15 08:39:53.45","#SAW104",50.00,68.00,93.00,120.90,"2023-03-31","129335350","PO",4,,,,"","ALMA","SAW104A1",30065,6002,"2023-03-31","2023-04-30","USD",93.00,90,"3XS:10|2XS:20|XS:20|S:10|M:10|L:10|XL:10"
251124,"2022-09-15 08:39:53.45","#SAW105",50.00,68.00,93.00,120.90,"2023-03-31","129335350","PO",4,,,,"","ALMA","SAW105A0",30074,8002,"2023-03-31","2023-04-30","USD",93.00,90,"3XS:10|2XS:20|XS:20|S:10|M:10|L:10|XL:10"
251125,"2022-09-15 08:39:53.45","#SAW106",50.00,68.00,93.00,120.90,"2023-03-31","129335355","PO",4,,,,"","ALMA","SAW106A1",30075,1002,"2023-03-31","2023-04-30","USD",93.00,90,"3XS:10|2XS:20|XS:20|S:10|M:10|L:10|XL:10"
251126,"2022-09-15 08:39:53.45","#SAW107",50.00,68.00,93.00,120.90,"2023-03-31","129335355","PO",4,,,,"","ALMA","SAW107A1",30025,1016,"2023-03-31","2023-04-30","USD",93.00,90,"3XS:10|2XS:20|XS:20|S:10|M:10|L:10|XL:10"
251127,"2022-09-15 08:39:53.45","#SAW108",50.00,68.00,93.00,120.90,"2023-03-31","129335355","PO",4,,,,"","ALMA","SAW108A0",30026,3002,"2023-03-31","2023-04-30","USD",93.00,90,"3XS:10|2XS:20|XS:20|S:10|M:10|L:10|XL:10"
251128,"2022-09-15 08:39:53.45","#SAW109",50.00,68.00,93.00,120.90,"2023-03-31","129335355","PO",4,,,,"","ALMA","SAW109A1",30027,4002,"2023-03-31","2023-04-30","USD",93.00,90,"3XS:10|2XS:20|XS:20|S:10|M:10|L:10|XL:10"
251129,"2022-09-15 08:39:53.45","#SAW110",50.00,68.00,93.00,120.90,"2023-03-31","129335355","PO",4,,,,"","ALMA","SAW110A0",30066,5002,"2023-03-31","2023-04-30","USD",93.00,90,"3XS:10|2XS:20|XS:20|S:10|M:10|L:10|XL:10"
251130,"2022-09-15 08:39:53.45","#SAW111",50.00,68.00,93.00,120.90,"2023-03-31","129335355","PO",4,,,,"","ALMA","SAW111A1",30067,6002,"2023-03-31","2023-04-30","USD",93.00,90,"3XS:10|2XS:20|XS:20|S:10|M:10|L:10|XL:10"
251131,"2022-09-15 08:39:53.45","#SAW112",50.00,68.00,93.00,120.90,"2023-03-31","129335355","PO",4,,,,"","ALMA","SAW112A1",30068,8002,"2023-03-31","2023-04-30","USD",93.00,90,"3XS:10|2XS:20|XS:20|S:10|M:10|L:10|XL:10"
251132,"2022-09-15 08:39:53.45","#SAW113",50.00,68.00,93.00,120.90,"2023-03-31","129335357","PO",4,,,,"","ALMA","SAW113A0",30069,1002,"2023-03-31","2023-04-30","USD",93.00,90,"3XS:10|2XS:20|XS:20|S:10|M:10|L:10|XL:10"
251133,"2022-09-15 08:39:53.45","#SAW114",50.00,68.00,93.00,120.90,"2023-03-31","129335357","PO",4,,,,"","ALMA","SAW114A1",30070,1016,"2023-03-31","2023-04-30","USD",93.00,90,"3XS:10|2XS:20|XS:20|S:10|M:10|L:10|XL:10"
251134,"2022-09-15 08:39:53.45","#SAW115",50.00,68.00,93.00,120.90,"2023-03-31","129335357","PO",4,,,,"","ALMA","SAW115A0",30071,3002,"2023-03-31","2023-04-30","USD",93.00,90,"3XS:10|2XS:20|XS:20|S:10|M:10|L:10|XL:10"
251135,"2022-09-15 08:39:53.45","#SAW116",50.00,68.00,93.00,120.90,"2023-03-31","129335357","PO",4,,,,"","ALMA","SAW116A1",30072,4002,"2023-03-31","2023-04-30","USD",93.00,90,"3XS:10|2XS:20|XS:20|S:10|M:10|L:10|XL:10"
251136,"2022-09-15 08:39:53.45","#SAW117",50.00,68.00,93.00,120.90,"2023-03-31","129335357","PO",4,,,,"","ALMA","SAW117A1",30073,5002,"2023-03-31","2023-04-30","USD",93.00,90,"3XS:10|2XS:20|XS:20|S:10|M:10|L:10|XL:10"
251137,"2022-09-15 08:39:53.45","#SAW118",50.00,68.00,93.00,120.90,"2023-03-31","129335357","PO",4,,,,"","ALMA","SAW118A0",30029,6002,"2023-03-31","2023-04-30","USD",93.00,90,"3XS:10|2XS:20|XS:20|S:10|M:10|L:10|XL:10"
251138,"2022-09-15 08:39:53.45","#SAW119",50.00,68.00,93.00,120.90,"2023-03-31","129335357","PO",4,,,,"","ALMA","SAW119A1",30013,8002,"2023-03-31","2023-04-30","USD",93.00,90,"3XS:10|2XS:20|XS:20|S:10|M:10|L:10|XL:10"
251139,"2022-09-15 08:39:53.45","#SAW120",50.00,68.00,93.00,120.90,"2023-03-31","129335368","PO",4,,,,"","ALMA","SAW120A0",30022,1002,"2023-03-31","2023-04-30","USD",93.00,90,"3XS:10|2XS:20|XS:20|S:10|M:10|L:10|XL:10"
251140,"2022-09-15 08:39:53.45","#SAW121",50.00,68.00,93.00,120.90,"2023-03-31","129335368","PO",4,,,,"","ALMA","SAW121A1",30045,1016,"2023-03-31","2023-04-30","USD",93.00,90,"3XS:10|2XS:20|XS:20|S:10|M:10|L:10|XL:10"
251141,"2022-09-15 08:39:53.45","#SAW122",50.00,68.00,93.00,120.90,"2023-03-31","129335368","PO",4,,,,"","ALMA","SAW122A1",30046,3002,"2023-03-31","2023-04-30","USD",93.00,90,"3XS:10|2XS:20|XS:20|S:10|M:10|L:10|XL:10"
251142,"2022-09-15 08:39:53.45","#SAW123",50.00,68.00,93.00,120.90,"2023-03-31","129335368","PO",4,,,,"","ALMA","SAW123A0",30047,4002,"2023-03-31","2023-04-30","USD",93.00,90,"3XS:10|2XS:20|XS:20|S:10|M:10|L:10|XL:10"
251143,"2022-09-15 08:39:53.45","#SAW124",50.00,68.00,93.00,120.90,"2023-03-31","129335368","PO",4,,,,"","ALMA","SAW124A1",30065,5002,"2023-03-31","2023-04-30","USD",93.00,90,"3XS:10|2XS:20|XS:20|S:10|M:10|L:10|XL:10"
251144,"2022-09-15 08:39:53.45","#SAW125",50.00,68.00,93.00,120.90,"2023-03-31","129335368","PO",4,,,,"","ALMA","SAW125A0",30074,6002,"2023-03-31","2023-04-30","USD",93.00,90,"3XS:10|2XS:20|XS:20|S:10|M:10|L:10|XL:10"
251145,"2022-09-15 08:39:53.45","#SAW126",50.00,68.00,93.00,120.90,"2023-03-31","129335368","PO",4,,,,"","ALMA","SAW126A1",30075,8002,"2023-03-31","2023-04-30","USD",93.00,90,"3XS:10|2XS:20|XS:20|S:10|M:10|L:10|XL:10"
251146,"2022-09-15 08:39:53.45","#SAW127",50.00,68.00,93.00,120.90,"2023-03-31","129335389","PO",4,,,,"","ALMA","SAW127A1",30025,1002,"2023-03-31","2023-04-30","USD",93.00,90,"3XS:10|2XS:20|XS:20|S:10|M:10|L:10|XL:10"
251147,"2022-09-15 08:39:53.45","#SAW128",50.00,68.00,93.00,120.90,"2023-03-31","129335389","PO",4,,,,"","ALMA","SAW128A0",30026,1016,"2023-03-31","2023-04-30","USD",93.00,90,"3XS:10|2XS:20|XS:20|S:10|M:10|L:10|XL:10"
251148,"2022-09-15 08:39:53.45","#SAW129",50.00,68.00,93.00,120.90,"2023-03-31","129335389","PO",4,,,,"","ALMA","SAW129A1",30027,3002,"2023-03-31","2023-04-30","USD",93.00,90,"3XS:10|2XS:20|XS:20|S:10|M:10|L:10|XL:10"
251149,"2022-09-15 08:39:53.45","#SAW130",50.00,68.00,93.00,120.90,"2023-03-31","129335389","PO",4,,,,"","ALMA","SAW130A0",30066,4002,"2023-03-31","2023-04-30","USD",93.00,90,"3XS:10|2XS:20|XS:20|S:10|M:10|L:10|XL:10"
251150,"2022-09-15 08:39:53.45","#SAW131",50.00,68.00,93.00,120.90,"2023-03-31","129335389","PO",4,,,,"","ALMA","SAW131A1",30067,5002,"2023-03-31","2023-04-30","USD",93.00,90,"3XS:10|2XS:20|XS:20|S:10|M:10|L:10|XL:10"
251151,"2022-09-15 08:39:53.45","#SAW132",50.00,68.00,93.00,120.90,"2023-03-31","129335389","PO",4,,,,"","ALMA","SAW132A1",30068,6002,"2023-03-31","2023-04-30","USD",93.00,90,"3XS:10|2XS:20|XS:20|S:10|M:10|L:10|XL:10"
251152,"2022-09-15 08:39:53.45","#SAW133",50.00,68.00,93.00,120.90,"2023-03-31","129335389","PO",4,,,,"","ALMA","SAW133A0",30069,8002,"2023-03-31","2023-04-30","USD",93.00,90,"3XS:10|2XS:20|XS:20|S:10|M:10|L:10|XL:10"
251153,"2022-09-15 08:39:53.45","#SAW134",50.00,68.00,93.00,120.90,"2023-03-31","129335394","PO",4,,,,"","ALMA","SAW134A1",30070,1002,"2023-03-31","2023-04-30","USD",93.00,90,"3XS:10|2XS:20|XS:20|S:10|M:10|L:10|XL:10"
251154,"2022-09-15 08:39:53.45","#SAW135",50.00,68.00,93.00,120.90,"2023-03-31","129335394","PO",4,,,,"","ALMA","SAW135A0",30071,1016,"2023-03-31","2023-04-30","USD",93.00,90,"3XS:10|2XS:20|XS:20|S:10|M:10|L:10|XL:10"
251155,"2022-09-15 08:39:53.45","#SAW136",50.00,68.00,93.00,120.90,"2023-03-31","129335394","PO",4,,,,"","ALMA","SAW136A1",30072,3002,"2023-03-31","2023-04-30","USD",93.00,90,"3XS:10|2XS:20|XS:20|S:10|M:10|L:10|XL:10"
251156,"2022-09-15 08:39:53.45","#SAW137",50.00,68.00,93.00,120.90,"2023-03-31","129335394","PO",4,,,,"","ALMA","SAW137A1",30073,4002,"2023-03-31","2023-04-30","USD",93.00,90,"3XS:10|2XS:20|XS:20|S:10|M:10|L:10|XL:10"
251157,"2022-09-15 08:39:53.45","#SAW138",50.00,68.00,93.00,120.90,"2023-03-31","129335394","PO",4,,,,"","ALMA","SAW138A0",30029,5002,"2023-03-31","2023-04-30","USD",93.00,90,"3XS:10|2XS:20|XS:20|S:10|M:10|L:10|XL:10"
251158,"2022-09-15 08:39:53.45","#SAW139",50.00,68.00,93.00,120.90,"2023-03-31","129335394","PO",4,,,,"","ALMA","SAW139A1",30013,6002,"2023-03-31","2023-04-30","USD",93.00,90,"3XS:10|2XS:20|XS:20|S:10|M:10|L:10|XL:10"
251159,"2022-09-15 08:39:53.45","#SAW140",50.00,68.00,93.00,120.90,"2023-03-31","129335394","PO",4,,,,"","ALMA","SAW140A0",30022,8002,"2023-03-31","2023-04-30","USD",93.00,90,"3XS:10|2XS:20|XS:20|S:10|M:10|L:10|XL:10"
251160,"2022-09-15 08:39:53.45","#SAW141",50.00,68.00,93.00,120.90,"2023-03-31","129335415","PO",4,,,,"","ALMA","SAW141A1",30045,1002,"2023-03-31","2023-04-30","USD",93.00,90,"3XS:10|2XS:20|XS:20|S:10|M:10|L:10|XL:10"
251161,"2022-09-15 08:39:53.45","#SAW142",50.00,68.00,93.00,120.90,"2023-03-31","129335415","PO",4,,,,"","ALMA","SAW142A1",30046,1016,"2023-03-31","2023-04-30","USD",93.00,90,"3XS:10|2XS:20|XS:20|S:10|M:10|L:10|XL:10"
251162,"2022-09-15 08:39:53.45","#SAW143",50.00,68.00,93.00,120.90,"2023-03-31","129335415","PO",4,,,,"","ALMA","SAW143A0",30047,3002,"2023-03-31","2023-04-30","USD",93.00,90,"3XS:10|2XS:20|XS:20|S:10|M:10|L:10|XL:10"
251163,"2022-09-15 08:39:53.45","#SAW144",50.00,68.00,93.00,120.90,"2023-03-31","129335415","PO",4,,,,"","ALMA","SAW144A1",30065,4002,"2023-03-31","2023-04-30","USD",93.00,90,"3XS:10|2XS:20|XS:20|S:10|M:10|L:10|XL:10"
251164,"2022-09-15 08:39:53.45","#SAW145",50.00,68.00,93.00,120.90,"2023-03-31","129335415","PO",4,,,,"","ALMA","SAW145A0",30074,5002,"2023-03-31","2023-04-30","USD",93.00,90,"3XS:10|2XS:20|XS:20|S:10|M:10|L:10|XL:10"
251165,"2022-09-15 08:39:53.45","#SAW146",50.00,68.00,93.00,120.90,"2023-03-31","129335415","PO",4,,,,"","ALMA","SAW146A1",30075,6002,"2023-03-31","2023-04-30","USD",93.00,90,"3XS:10|2XS:20|XS:20|S:10|M:10|L:10|XL:10"
251166,"2022-09-15 08:39:53.45","#SAW147",50.00,68.00,93.00,120.90,"2023-03-31","129335415","PO",4,,,,"","ALMA","SAW147A1",30025,8002,"2023-03-31","2023-04-30","USD",93.00,90,"3XS:10|2XS:20|XS:20|S:10|M:10|L:10|XL:10"
251167,"2022-09-15 08:39:53.45","#SAW148",50.00,68.00,93.00,120.90,"2023-03-31","129335428","PO",4,,,,"","ALMA","SAW148A0",30026,1002,"2023-03-31","2023-04-30","USD",93.00,90,"3XS:10|2XS:20|XS:20|S:10|M:10|L:10|XL:10"
251168,"2022-09-15 08:39:53.45","#SAW149",50.00,68.00,93.00,120.90,"2023-03-31","129335428","PO",4,,,,"","ALMA","SAW149A1",30027,1016,"2023-03-31","2023-04-30","USD",93.00,90,"3XS:10|2XS:20|XS:20|S:10|M:10|L:10|XL:10"
251169,"2022-09-15 08:39:53.45","#SAW150",50.00,68.00,93.00,120.90,"2023-03-31","129335428","PO",4,,,,"","ALMA","SAW150A0",30066,3002,"2023-03-31","2023-04-30","USD",93.00,90,"3XS:10|2XS:20|XS:20|S:10|M:10|L:10|XL:10"
251170,"2022-09-15 08:39:53.45","#SAW151",50.00,68.00,93.00,120.90,"2023-03-31","129335428","PO",4,,,,"","ALMA","SAW151A1",30067,4002,"2023-03-31","2023-04-30","USD",93.00,90,"3XS:10|2XS:20|XS:20|S:10|M:10|L:10|XL:10"
251171,"2022-09-15 08:39:53.45","#SAW152",50.00,68.00,93.00,120.90,"2023-03-31","129335428","PO",4,,,,"","ALMA","SAW152A1",30068,5002,"2023-03-31","2023-04-30","USD",93.00,90,"3XS:10|2XS:20|XS:20|S:10|M:10|L:10|XL:10"
251172,"2022-09-15 08:39:53.45","#SAW153",50.00,68.00,93.00,120.90,"2023-03-31","129335428","PO",4,,,,"","ALMA","SAW153A0",30069,6002,"2023-03-31","2023-04-30","USD",93.00,90,"3XS:10|2XS:20|XS:20|S:10|M:10|L:10|XL:10"
251173,"2022-09-15 08:39:53.45","#SAW154",50.00,68.00,93.00,120.90,"2023-03-31","129335428","PO",4,,,,"","ALMA","SAW154A1",30070,8002,"2023-03-31","2023-04-30","USD",93.00,90,"3XS:10|2XS:20|XS:20|S:10|M:10|L:10|XL:10"
251174,"2022-09-15 08:39:53.45","#SAW155",50.00,68.00,93.00,120.90,"2023-03-31","129335462","PO",4,,,,"","ALMA","SAW155A0",30071,1002,"2023-03-31","2023-04-30","USD",93.00,90,"3XS:10|2XS:20|XS:20|S:10|M:10|L:10|XL:10"
251175,"2022-09-15 08:39:53.45","#SAW156",50.00,68.00,93.00,120.90,"2023-03-31","129335462","PO",4,,,,"","ALMA","SAW156A1",30072,1016,"2023-03-31","2023-04-30","USD",93.00,90,"3XS:10|2XS:20|XS:20|S:10|M:10|L:10|XL:10"
251176,"2022-09-15 08:39:53.45","#SAW157",50.00,68.00,93.00,120.90,"2023-03-31","129335462","PO",4,,,,"","ALMA","SAW157A1",30073,3002,"2023-03-31","2023-04-30","USD",93.00,90,"3XS:10|2XS:20|XS:20|S:10|M:10|L:10|XL:10"
251177,"2022-09-15 08:39:53.45","#SAW158",50.00,68.00,93.00,120.90,"2023-03-31","129335462","PO",4,,,,"","ALMA","SAW158A0",30029,4002,"2023-03-31","2023-04-30","USD",93.00,90,"3XS:10|2XS:20|XS:20|S:10|M:10|L:10|XL:10"
251178,"2022-09-15 08:39:53.45","#SAW159",50.00,68.00,93.00,120.90,"2023-03-31","129335462","PO",4,,,,"","ALMA","SAW159A1",30013,5002,"2023-03-31","2023-04-30","USD",93.00,90,"3XS:10|2XS:20|XS:20|S:10|M:10|L:10|XL:10"
251179,"2022-09-15 08:39:53.45","#SAW160",50.00,68.00,93.00,120.90,"2023-03-31","129335462","PO",4,,,,"","ALMA","SAW160A0",30022,6002,"2023-03-31","2023-04-30","USD",93.00,90,"3XS:10|2XS:20|XS:20|S:10|M:10|L:10|XL:10"
251180,"2022-09-15 08:39:53.45","#SAW161",50.00,68.00,93.00,120.90,"2023-03-31","129335462","PO",4,,,,"","ALMA","SAW161A1",30045,8002,"2023-03-31","2023-04-30","USD",93.00,90,"3XS:10|2XS:20|XS:20|S:10|M:10|L:10|XL:10"
251181,"2022-09-15 08:39:53.45","#SAW162",50.00,68.00,93.00,120.90,"2023-03-31","129335496","PO",4,,,,"","ALMA","SAW162A1",30046,1002,"2023-03-31","2023-04-30","USD",93.00,90,"3XS:10|2XS:20|XS:20|S:10|M:10|L:10|XL:10"
251182,"2022-09-15 08:39:53.45","#SAW163",50.00,68.00,93.00,120.90,"2023-03-31","129335496","PO",4,,,,"","ALMA","SAW163A0",30047,1016,"2023-03-31","2023-04-30","USD",93.00,90,"3XS:10|2XS:20|XS:20|S:10|M:10|L:10|XL:10"
251183,"2022-09-15 08:39:53.45","#SAW164",50.00,68.00,93.00,120.90,"2023-03-31","129335496","PO",4,,,,"","ALMA","SAW164A1",30065,3002,"2023-03-31","2023-04-30","USD",93.00,90,"3XS:10|2XS:20|XS:20|S:10|M:10|L:10|XL:10"
251184,"2022-09-15 08:39:53.45","#SAW165",50.00,68.00,93.00,120.90,"2023-03-31","129335496","PO",4,,,,"","ALMA","SAW165A0",30074,4002,"2023-03-31","2023-04-30","USD",93.00,90,"3XS:10|2XS:20|XS:20|S:10|M:10|L:10|XL:10"
251185,"2022-09-15 08:39:53.45","#SAW166",50.00,68.00,93.00,120.90,"2023-03-31","129335496","PO",4,,,,"","ALMA","SAW166A1",30075,5002,"2023-03-31","2023-04-30","USD",93.00,90,"3XS:10|2XS:20|XS:20|S:10|M:10|L:10|XL:10"
251186,"2022-09-15 08:39:53.45","#SAW167",50.00,68.00,93.00,120.90,"2023-03-31","129335496","PO",4,,,,"","ALMA","SAW167A1",30025,6002,"2023-03-31","2023-04-30","USD",93.00,90,"3XS:10|2XS:20|XS:20|S:10|M:10|L:10|XL:10"
251187,"2022-09-15 08:39:53.45","#SAW168",50.00,68.00,93.00,120.90,"2023-03-31","129335496","PO",4,,,,"","ALMA","SAW168A0",30026,8002,"2023-03-31","2023-04-30","USD",93.00,90,"3XS:10|2XS:20|XS:20|S:10|M:10|L:10|XL:10"
251188,"2022-09-15 08:39:53.45","#SAW169",50.00,68.00,93.00,120.90,"2023-03-31","129335524","PO",4,,,,"","ALMA","SAW169A1",30027,1002,"2023-03-31","2023-04-30","USD",93.00,90,"3XS:10|2XS:20|XS:20|S:10|M:10|L:10|XL:10"
251189,"2022-09-15 08:39:53.45","#SAW170",50.00,68.00,93.00,120.90,"2023-03-31","129335524","PO",4,,,,"","ALMA","SAW170A0",30066,1016,"2023-03-31","2023-04-30","USD",93.00,90,"3XS:10|2XS:20|XS:20|S:10|M:10|L:10|XL:10"
251190,"2022-09-15 08:39:53.45","#SAW171",50.00,68.00,93.00,120.90,"2023-03-31","129335524","PO",4,,,,"","ALMA","SAW171A1",30067,3002,"2023-03-31","2023-04-30","USD",93.00,90,"3XS:10|2XS:20|XS:20|S:10|M:10|L:10|XL:10"
251191,"2022-09-15 08:39:53.45","#SAW172",50.00,68.00,93.00,120.90,"2023-03-31","129335524","PO",4,,,,"","ALMA","SAW172A1",30068,4002,"2023-03-31","2023-04-30","USD",93.00,90,"3XS:10|2XS:20|XS:20|S:10|M:10|L:10|XL:10"
251192,"2022-09-15 08:39:53.45","#SAW173",50.00,68.00,93.00,120.90,"2023-03-31","129335524","PO",4,,,,"","ALMA","SAW173A0",30069,5002,"2023-03-31","2023-04-30","USD",93.00,90,"3XS:10|2XS:20|XS:20|S:10|M:10|L:10|XL:10"
251193,"2022-09-15 08:39:53.45","#SAW174",50.00,68.00,93.00,120.90,"2023-03-31","129335524","PO",4,,,,"","ALMA","SAW174A1",30070,6002,"2023-03-31","2023-04-30","USD",93.00,90,"3XS:10|2XS:20|XS:20|S:10|M:10|L:10|XL:10"
251194,"2022-09-15 08:39:53.45","#SAW175",50.00,68.00,93.00,120.90,"2023-03-31","129335524","PO",4,,,,"","ALMA","SAW175A0",30071,8002,"2023-03-31","2023-04-30","USD",93.00,90,"3XS:10|2XS:20|XS:20|S:10|M:10|L:10|XL:10"
251195,"2022-09-15 08:39:53.45","#SAW176",50.00,68.00,93.00,120.90,"2023-03-31","129335527","PO",4,,,,"","ALMA","SAW176A1",30072,1002,"2023-03-31","2023-04-30","USD",93.00,90,"3XS:10|2XS:20|XS:20|S:10|M:10|L:10|XL:10"
251196,"2022-09-15 08:39:53.45","#SAW177",50.00,68.00,93.00,120.90,"2023-03-31","129335527","PO",4,,,,"","ALMA","SAW177A1",30073,1016,"2023-03-31","2023-04-30","USD",93.00,90,"3XS:10|2XS:20|XS:20|S:10|M:10|L:10|XL:10"
251197,"2022-09-15 08:39:53.45","#SAW178",50.00,68.00,93.00,120.90,"2023-03-31","129335527","PO",4,,,,"","ALMA","SAW178A0",30029,3002,"2023-03-31","2023-04-30","USD",93.00,90,"3XS:10|2XS:20|XS:20|S:10|M:10|L:10|XL:10"
251198,"2022-09-15 08:39:53.45","#SAW179",50.00,68.00,93.00,120.90,"2023-03-31","129335527","PO",4,,,,"","ALMA","SAW179A1",30013,4002,"2023-03-31","2023-04-30","USD",93.00,90,"3XS:10|2XS:20|XS:20|S:10|M:10|L:10|XL:10"
251199,"2022-09-15 08:39:53.45","#SAW180",50.00,68.00,93.00,120.90,"2023-03-31","129335527","PO",4,,,,"","ALMA","SAW180A0",30022,5002,"2023-03-31","2023-04-30","USD",93.00,90,"3XS:10|2XS:20|XS:20|S:10|M:10|L:10|XL:10"
251200,"2022-09-15 08:39:53.45","#SAW181",50.00,68.00,93.00,120.90,"2023-03-31","129335527","PO",4,,,,"","ALMA","SAW181A1",30045,6002,"2023-03-31","2023-04-30","USD",93.00,90,"3XS:10|2XS:20|XS:20|S:10|M:10|L:10|XL:10"
251201,"2022-09-15 08:39:53.45","#SAW182",50.00,68.00,93.00,120.90,"2023-03-31","129335527","PO",4,,,,"","ALMA","SAW182A1",30046,8002,"2023-03-31","2023-04-30","USD",93.00,90,"3XS:10|2XS:20|XS:20|S:10|M:10|L:10|XL:10"
251202,"2022-09-15 08:39:53.45","#SAW183",50.00,68.00,93.00,120.90,"2023-03-31","129335552","PO",4,,,,"","ALMA","SAW183A0",30047,1002,"2023-03-31","2023-04-30","USD",93.00,90,"3XS:10|2XS:20|XS:20|S:10|M:10|L:10|XL:10"
251203,"2022-09-15 08:39:53.45","#SAW184",50.00,68.00,93.00,120.90,"2023-03-31","129335552","PO",4,,,,"","ALMA","SAW184A1",30065,1016,"2023-03-31","2023-04-30","USD",93.00,90,"3XS:10|2XS:20|XS:20|S:10|M:10|L:10|XL:10"
251204,"2022-09-15 08:39:53.45","#SAW185",50.00,68.00,93.00,120.90,"2023-03-31","129335552","PO",4,,,,"","ALMA","SAW185A0",30074,3002,"2023-03-31","2023-04-30","USD",93.00,90,"3XS:10|2XS:20|XS:20|S:10|M:10|L:10|XL:10"
251205,"2022-09-15 08:39:53.45","#SAW186",50.00,68.00,93.00,120.90,"2023-03-31","129335552","PO",4,,,,"","ALMA","SAW186A1",30075,4002,"2023-03-31","2023-04-30","USD",93.00,90,"3XS:10|2XS:20|XS:20|S:10|M:10|L:10|XL:10"
251206,"2022-09-15 08:39:53.45","#SAW187",50.00,68.00,93.00,120.90,"2023-03-31","129335552","PO",4,,,,"","ALMA","SAW187A1",30025,5002,"2023-03-31","2023-04-30","USD",93.00,90,"3XS:10|2XS:20|XS:20|S:10|M:10|L:10|XL:10"
251207,"2022-09-15 08:39:53.45","#SAW188",50.00,68.00,93.00,120.90,"2023-03-31","129335552","PO",4,,,,"","ALMA","SAW188A0",30026,6002,"2023-03-31","2023-04-30","USD",93.00,90,"3XS:10|2XS:20|XS:20|S:10|M:10|L:10|XL:10"
251208,"2022-09-15 08:39:53.45","#SAW189",50.00,68.00,93.00,120.90,"2023-03-31","129335552","PO",4,,,,"","ALMA","SAW189A1",30027,8002,"2023-03-31","2023-04-30","USD",93.00,90,"3XS:10|2XS:20|XS:20|S:10|M:10|L:10|XL:10"
251209,"2022-09-15 08:39:53.45","#SAW190",50.00,68.00,93.00,120.90,"2023-03-31","129335564","PO",4,,,,"","ALMA","SAW190A0",30066,1002,"2023-03-31","2023-04-30","USD",93.00,90,"3XS:10|2XS:20|XS:20|S:10|M:10|L:10|XL:10"
251210,"2022-09-15 08:39:53.45","#SAW191",50.00,68.00,93.00,120.90,"2023-03-31","129335564","PO",4,,,,"","ALMA","SAW191A1",30067,1016,"2023-03-31","2023-04-30","USD",93.00,90,"3XS:10|2XS:20|XS:20|S:10|M:10|L:10|XL:10"
251211,"2022-09-15 08:39:53.45","#SAW192",50.00,68.00,93.00,120.90,"2023-03-31","129335564","PO",4,,,,"","ALMA","SAW192A1",30068,3002,"2023-03-31","2023-04-30","USD",93.00,90,"3XS:10|2XS:20|XS:20|S:10|M:10|L:10|XL:10"
251212,"2022-09-15 08:39:53.45","#SAW193",50.00,68.00,93.00,120.90,"2023-03-31","129335564","PO",4,,,,"","ALMA","SAW193A0",30069,4002,"2023-03-31","2023-04-30","USD",93.00,90,"3XS:10|2XS:20|XS:20|S:10|M:10|L:10|XL:10"
251213,"2022-09-15 08:39:53.45","#SAW194",50.00,68.00,93.00,120.90,"2023-03-31","129335564","PO",4,,,,"","ALMA","SAW194A1",30070,5002,"2023-03-31","2023-04-30","USD",93.00,90,"3XS:10|2XS:20|XS:20|S:10|M:10|L:10|XL:10"
251214,"2022-09-15 08:39:53.45","#SAW195",50.00,68.00,93.00,120.90,"2023-03-31","129335564","PO",4,,,,"","ALMA","SAW195A0",30071,6002,"2023-03-31","2023-04-30","USD",93.00,90,"3XS:10|2XS:20|XS:20|S:10|M:10|L:10|XL:10"
251215,"2022-09-15 08:39:53.45","#SAW196",50.00,68.00,93.00,120.90,"2023-03-31","129335564","PO",4,,,,"","ALMA","SAW196A1",30072,8002,"2023-03-31","2023-04-30","USD",93.00,90,"3XS:10|2XS:20|XS:20|S:10|M:10|L:10|XL:10"
251216,"2022-09-15 08:39:53.45","#SAW197",50.00,68.00,93.00,120.90,"2023-03-31","129335580","PO",4,,,,"","ALMA","SAW197A1",30073,1002,"2023-03-31","2023-04-30","USD",93.00,90,"3XS:10|2XS:20|XS:20|S:10|M:10|L:10|XL:10"
251217,"2022-09-15 08:39:53.45","#SAW198",50.00,68.00,93.00,120.90,"2023-03-31","129335580","PO",4,,,,"","ALMA","SAW198A0",30029,1016,"2023-03-31","2023-04-30","USD",93.00,90,"3XS:10|2XS:20|XS:20|S:10|M:10|L:10|XL:10"
251218,"2022-09-15 08:39:53.45","#SAW199",50.00,68.00,93.00,120.90,"2023-03-31","129335580","PO",4,,,,"","ALMA","SAW199A1",30013,3002,"2023-03-31","2023-04-30","USD",93.00,90,"3XS:10|2XS:20|XS:20|S:10|M:10|L:10|XL:10"
251219,"2022-09-15 08:39:53.45","#SAW200",50.00,68.00,93.00,120.90,"2023-03-31","129335580","PO",4,,,,"","ALMA","SAW200A0",30022,4002,"2023-03-31","2023-04-30","USD",93.00,90,"3XS:10|2XS:20|XS:20|S:10|M:10|L:10|XL:10"
251220,"2022-09-15 08:39:53.45","#SAW201",50.00,68.00,93.00,120.90,"2023-03-31","129335580","PO",4,,,,"","ALMA","SAW201A1",30045,5002,"2023-03-31","2023-04-30","USD",93.00,90,"3XS:10|2XS:20|XS:20|S:10|M:10|L:10|XL:10"
251221,"2022-09-15 08:39:53.45","#SAW202",50.00,68.00,93.00,120.90,"2023-03-31","129335580","PO",4,,,,"","ALMA","SAW202A1",30046,6002,"2023-03-31","2023-04-30","USD",93.00,90,"3XS:10|2XS:20|XS:20|S:10|M:10|L:10|XL:10"
251222,"2022-09-15 08:39:53.45","#SAW203",50.00,68.00,93.00,120.90,"2023-03-31","129335580","PO",4,,,,"","ALMA","SAW203A0",30047,8002,"2023-03-31","2023-04-30","USD",93.00,90,"3XS:10|2XS:20|XS:20|S:10|M:10|L:10|XL:10"
251223,"2022-09-15 08:39:53.45","#SAW204",50.00,68.00,93.00,120.90,"2023-03-31","129335590","PO",4,,,,"","ALMA","SAW204A1",30065,1002,"2023-03-31","2023-04-30","USD",93.00,90,"3XS:10|2XS:20|XS:20|S:10|M:10|L:10|XL:10"
251224,"2022-09-15 08:39:53.45","#SAW205",50.00,68.00,93.00,120.90,"2023-03-31","129335590","PO",4,,,,"","ALMA","SAW205A0",30074,1016,"2023-03-31","2023-04-30","USD",93.00,90,"3XS:10|2XS:20|XS:20|S:10|M:10|L:10|XL:10"
251225,"2022-09-15 08:39:53.45","#SAW206",50.00,68.00,93.00,120.90,"2023-03-31","129335590","PO",4,,,,"","ALMA","SAW206A1",30075,3002,"2023-03-31","2023-04-30","USD",93.00,90,"3XS:10|2XS:20|XS:20|S:10|M:10|L:10|XL:10"
251226,"2022-09-15 08:39:53.45","#SAW207",50.00,68.00,93.00,120.90,"2023-03-31","129335590","PO",4,,,,"","ALMA","SAW207A1",30025,4002,"2023-03-31","2023-04-30","USD",93.00,90,"3XS:10|2XS:20|XS:20|S:10|M:10|L:10|XL:10"
251227,"2022-09-15 08:39:53.45","#SAW208",50.00,68.00,93.00,120.90,"2023-03-31","129335590","PO",4,,,,"","ALMA","SAW208A0",30026,5002,"2023-03-31","2023-04-30","USD",93.00,90,"3XS:10|2XS:20|XS:20|S:10|M:10|L:10|XL:10"
251228,"2022-09-15 08:39:53.45","#SAW209",50.00,68.00,93.00,120.90,"2023-03-31","129335590","PO",4,,,,"","ALMA","SAW209A1",30027,6002,"2023-03-31","2023-04-30","USD",93.00,90,"3XS:10|2XS:20|XS:20|S:10|M:10|L:10|XL:10"
251229,"2022-09-15 08:39:53.45","#SAW210",50.00,68.00,93.00,120.90,"2023-03-31","129335590","PO",4,,,,"","ALMA","SAW210A0",30066,8002,"2023-03-31","2023-04-30","USD",93.00,90,"3XS:10|2XS:20|XS:20|S:10|M:10|L:10|XL:10"
251230,"2022-09-15 08:39:53.45","#SAW211",50.00,68.00,93.00,120.90,"2023-03-31","129335608","PO",4,,,,"","ALMA","SAW211A1",30067,1002,"2023-03-31","2023-04-30","USD",93.00,90,"3XS:10|2XS:20|XS:20|S:10|M:10|L:10|XL:10"
251231,"2022-09-15 08:39:53.45","#SAW212",50.00,68.00,93.00,120.90,"2023-03-31","129335608","PO",4,,,,"","ALMA","SAW212A1",30068,1016,"2023-03-31","2023-04-30","USD",93.00,90,"3XS:10|2XS:20|XS:20|S:10|M:10|L:10|XL:10"
251232,"2022-09-15 08:39:53.45","#SAW213",50.00,68.00,93.00,120.90,"2023-03-31","129335608","PO",4,,,,"","ALMA","SAW213A0",30069,3002,"2023-03-31","2023-04-30","USD",93.00,90,"3XS:10|2XS:20|XS:20|S:10|M:10|L:10|XL:10"
251233,"2022-09-15 08:39:53.45","#SAW214",50.00,68.00,93.00,120.90,"2023-03-31","129335608","PO",4,,,,"","ALMA","SAW214A1",30070,4002,"2023-03-31","2023-04-30","USD",93.00,90,"3XS:10|2XS:20|XS:20|S:10|M:10|L:10|XL:10"
251234,"2022-09-15 08:39:53.45","#SAW215",50.00,68.00,93.00,120.90,"2023-03-31","129335608","PO",4,,,,"","ALMA","SAW215A0",30071,5002,"2023-03-31","2023-04-30","USD",93.00,90,"3XS:10|2XS:20|XS:20|S:10|M:10|L:10|XL:10"
251235,"2022-09-15 08:39:53.45","#SAW216",50.00,68.00,93.00,120.90,"2023-03-31","129335608","PO",4,,,,"","ALMA","SAW216A1",30072,6002,"2023-03-31","2023-04-30","USD",93.00,90,"3XS:10|2XS:20|XS:20|S:10|M:10|L:10|XL:10"
251236,"2022-09-15 08:39:53.45","#SAW217",50.00,68.00,93.00,120.90,"2023-03-31","129335608","PO",4,,,,"","ALMA","SAW217A1",30073,8002,"2023-03-31","2023-04-30","USD",93.00,90,"3XS:10|2XS:20|XS:20|S:10|M:10|L:10|XL:10"
251237,"2022-09-15 08:39:53.45","#SAW218",50.00,68.00,93.00,120.90,"2023-03-31","129335656","PO",4,,,,"","ALMA","SAW218A0",30029,1002,"2023-03-31","2023-04-30","USD",93.00,90,"3XS:10|2XS:20|XS:20|S:10|M:10|L:10|XL:10"
251238,"2022-09-15 08:39:53.45","#SAW219",50.00,68.00,93.00,120.90,"2023-03-31","129335656","PO",4,,,,"","ALMA","SAW219A1",30013,1016,"2023-03-31","2023-04-30","USD",93.00,90,"3XS:10|2XS:20|XS:20|S:10|M:10|L:10|XL:10"
251239,"2022-09-15 08:39:53.45","#SAW220",50.00,68.00,93.00,120.90,"2023-03-31","129335656","PO",4,,,,"","ALMA","SAW220A0",30022,3002,"2023-03-31","2023-04-30","USD",93.00,90,"3XS:10|2XS:20|XS:20|S:10|M:10|L:10|XL:10"
251240,"2022-09-15 08:39:53.45","#SAW221",50.00,68.00,93.00,120.90,"2023-03-31","129335656","PO",4,,,,"","ALMA","SAW221A1",30045,4002,"2023-03-31","2023-04-30","USD",93.00,90,"3XS:10|2XS:20|XS:20|S:10|M:10|L:10|XL:10"
251241,"2022-09-15 08:39:53.45","#SAW222",50.00,68.00,93.00,120.90,"2023-03-31","129335656","PO",4,,,,"","ALMA","SAW222A1",30046,5002,"2023-03-31","2023-04-30","USD",93.00,90,"3XS:10|2XS:20|XS:20|S:10|M:10|L:10|XL:10"
251242,"2022-09-15 08:39:53.45","#SAW223",50.00,68.00,93.00,120.90,"2023-03-31","129335656","PO",4,,,,"","ALMA","SAW223A0",30047,6002,"2023-03-31","2023-04-30","USD",93.00,90,"3XS:10|2XS:20|XS:20|S:10|M:10|L:10|XL:10"
251243,"2022-09-15 08:39:53.45","#SAW224",50.00,68.00,93.00,120.90,"2023-03-31","129335656","PO",4,,,,"","ALMA","SAW224A1",30065,8002,"2023-03-31","2023-04-30","USD",93.00,90,"3XS:10|2XS:20|XS:20|S:10|M:10|L:10|XL:10"
251244,"2022-09-15 08:39:53.45","#SAW225",50.00,68.00,93.00,120.90,"2023-03-31","129335657","PO",4,,,,"","ALMA","SAW225A0",30074,1002,"2023-03-31","2023-04-30","USD",93.00,90,"3XS:10|2XS:20|XS:20|S:10|M:10|L:10|XL:10"
251245,"2022-09-15 08:39:53.45","#SAW226",50.00,68.00,93.00,120.90,"2023-03-31","129335657","PO",4,,,,"","ALMA","SAW226A1",30075,1016,"2023-03-31","2023-04-30","USD",93.00,90,"3XS:10|2XS:20|XS:20|S:10|M:10|L:10|XL:10"
251246,"2022-09-15 08:39:53.45","#SAW227",50.00,68.00,93.00,120.90,"2023-03-31","129335657","PO",4,,,,"","ALMA","SAW227A1",30025,3002,"2023-03-31","2023-04-30","USD",93.00,90,"3XS:10|2XS:20|XS:20|S:10|M:10|L:10|XL:10"
251247,"2022-09-15 08:39:53.45","#SAW228",50.00,68.00,93.00,120.90,"2023-03-31","129335657","PO",4,,,,"","ALMA","SAW228A0",30026,4002,"2023-03-31","2023-04-30","USD",93.00,90,"3XS:10|2XS:20|XS:20|S:10|M:10|L:10|XL:10"
251248,"2022-09-15 08:39:53.45","#SAW229",50.00,68.00,93.00,120.90,"2023-03-31","129335657","PO",4,,,,"","ALMA","SAW229A1",30027,5002,"2023-03-31","2023-04-30","USD",93.00,90,"3XS:10|2XS:20|XS:20|S:10|M:10|L:10|XL:10"
251249,"2022-09-15 08:39:53.45","#SAW230",50.00,68.00,93.00,120.90,"2023-03-31","129335657","PO",4,,,,"","ALMA","SAW230A0",30066,6002,"2023-03-31","2023-04-30","USD",93.00,90,"3XS:10|2XS:20|XS:20|S:10|M:10|L:10|XL:10"
251250,"2022-09-15 08:39:53.45","#SAW231",50.00,68.00,93.00,120.90,"2023-03-31","129335657","PO",4,,,,"","ALMA","SAW231A1",30067,8002,"2023-03-31","2023-04-30","USD",93.00,90,"3XS:10|2XS:20|XS:20|S:10|M:10|L:10|XL:10"
251251,"2022-09-15 08:39:53.45","#SAW232",50.00,68.00,93.00,120.90,"2023-03-31","129335663","PO",4,,,,"","ALMA","SAW232A1",30068,1002,"2023-03-31","2023-04-30","USD",93.00,90,"3XS:10|2XS:20|XS:20|S:10|M:10|L:10|XL:10"
251252,"2022-09-15 08:39:53.45","#SAW233",50.00,68.00,93.00,120.90,"2023-03-31","129335663","PO",4,,,,"","ALMA","SAW233A0",30069,1016,"2023-03-31","2023-04-30","USD",93.00,90,"3XS:10|2XS:20|XS:20|S:10|M:10|L:10|XL:10"
251253,"2022-09-15 08:39:53.45","#SAW234",50.00,68.00,93.00,120.90,"2023-03-31","129335663","PO",4,,,,"","ALMA","SAW234A1",30070,3002,"2023-03-31","2023-04-30","USD",93.00,90,"3XS:10|2XS:20|XS:20|S:10|M:10|L:10|XL:10"
251254,"2022-09-15 08:39:53.45","#SAW235",50.00,68.00,93.00,120.90,"2023-03-31","129335663","PO",4,,,,"","ALMA","SAW235A0",30071,4002,"2023-03-31","2023-04-30","USD",93.00,90,"3XS:10|2XS:20|XS:20|S:10|M:10|L:10|XL:10"
251255,"2022-09-15 08:39:53.45","#SAW236",50.00,68.00,93.00,120.90,"2023-03-31","129335663","PO",4,,,,"","ALMA","SAW236A1",30072,5002,"2023-03-31","2023-04-30","USD",93.00,90,"3XS:10|2XS:20|XS:20|S:10|M:10|L:10|XL:10"
251256,"2022-09-15 08:39:53.45","#SAW237",50.00,68.00,93.00,120.90,"2023-03-31","129335663","PO",4,,,,"","ALMA","SAW237A1",30073,6002,"2023-03-31","2023-04-30","USD",93.00,90,"3XS:10|2XS:20|XS:20|S:10|M:10|L:10|XL:10"
251257,"2022-09-15 08:39:53.45","#SAW238",50.00,68.00,93.00,120.90,"2023-03-31","129335663","PO",4,,,,"","ALMA","SAW238A0",30029,8002,"2023-03-31","2023-04-30","USD",93.00,90,"3XS:10|2XS:20|XS:20|S:10|M:10|L:10|XL:10"
251258,"2022-09-15 08:39:53.45","#SAW239",50.00,68.00,93.00,120.90,"2023-03-31","129335665","PO",4,,,,"","ALMA","SAW239A1",30013,1002,"2023-03-31","2023-04-30","USD",93.00,90,"3XS:10|2XS:20|XS:20|S:10|M:10|L:10|XL:10"
251259,"2022-09-15 08:39:53.45","#SAW240",50.00,68.00,93.00,120.90,"2023-03-31","129335665","PO",4,,,,"","ALMA","SAW240A0",30022,1016,"2023-03-31","2023-04-30","USD",93.00,90,"3XS:10|2XS:20|XS:20|S:10|M:10|L:10|XL:10"
251260,"2022-09-15 08:39:53.45","#SAW241",50.00,68.00,93.00,120.90,"2023-03-31","129335665","PO",4,,,,"","ALMA","SAW241A1",30045,3002,"2023-03-31","2023-04-30","USD",93.00,90,"3XS:10|2XS:20|XS:20|S:10|M:10|L:10|XL:10"
251261,"2022-09-15 08:39:53.45","#SAW242",50.00,68.00,93.00,120.90,"2023-03-31","129335665","PO",4,,,,"","ALMA","SAW242A1",30046,4002,"2023-03-31","2023-04-30","USD",93.00,90,"3XS:10|2XS:20|XS:20|S:10|M:10|L:10|XL:10"
251262,"2022-09-15 08:39:53.45","#SAW243",50.00,68.00,93.00,120.90,"2023-03-31","129335665","PO",4,,,,"","ALMA","SAW243A0",30047,5002,"2023-03-31","2023-04-30","USD",93.00,90,"3XS:10|2XS:20|XS:20|S:10|M:10|L:10|XL:10"
251263,"2022-09-15 08:39:53.45","#SAW244",50.00,68.00,93.00,120.90,"2023-03-31","129335665","PO",4,,,,"","ALMA","SAW244A1",30065,6002,"2023-03-31","2023-04-30","USD",93.00,90,"3XS:10|2XS:20|XS:20|S:10|M:10|L:10|XL:10"
251264,"2022-09-15 08:39:53.45","#SAW245",50.00,68.00,93.00,120.90,"2023-03-31","129335665","PO",4,,,,"","ALMA","SAW245A0",30074,8002,"2023-03-31","2023-04-30","USD",93.00,90,"3XS:10|2XS:20|XS:20|S:10|M:10|L:10|XL:10"
251265,"2022-09-15 08:39:53.45","#SAW246",50.00,68.00,93.00,120.90,"2023-03-31","129335692","PO",4,,,,"","ALMA","SAW246A1",30075,1002,"2023-03-31","2023-04-30","USD",93.00,90,"3XS:10|2XS:20|XS:20|S:10|M:10|L:10|XL:10"
251266,"2022-09-15 08:39:53.45","#SAW247",50.00,68.00,93.00,120.90,"2023-03-31","129335692","PO",4,,,,"","ALMA","SAW247A1",30025,1016,"2023-03-31","2023-04-30","USD",93.00,90,"3XS:10|2XS:20|XS:20|S:10|M:10|L:10|XL:10"
251267,"2022-09-15 08:39:53.45","#SAW248",50.00,68.00,93.00,120.90,"2023-03-31","129335692","PO",4,,,,"","ALMA","SAW248A0",30026,3002,"2023-03-31","2023-04-30","USD",93.00,90,"3XS:10|2XS:20|XS:20|S:10|M:10|L:10|XL:10"
251268,"2022-09-15 08:39:53.45","#SAW249",50.00,68.00,93.00,120.90,"2023-03-31","129335692","PO",4,,,,"","ALMA","SAW249A1",30027,4002,"2023-03-31","2023-04-30","USD",93.00,90,"3XS:10|2XS:20|XS:20|S:10|M:10|L:10|XL:10"
251269,"2022-09-15 08:39:53.45","#SAW250",50.00,68.00,93.00,120.90,"2023-03-31","129335692","PO",4,,,,"","ALMA","SAW250A0",30066,5002,"2023-03-31","2023-04-30","USD",93.00,90,"3XS:10|2XS:20|XS:20|S:10|M:10|L:10|XL:10"
251270,"2022-09-15 08:39:53.45","#SAW251",50.00,68.00,93.00,120.90,"2023-03-31","129335692","PO",4,,,,"","ALMA","SAW251A1",30067,6002,"2023-03-31","2023-04-30","USD",93.00,90,"3XS:10|2XS:20|XS:20|S:10|M:10|L:10|XL:10"
251271,"2022-09-15 08:39:53.45","#SAW252",50.00,68.00,93.00,120.90,"2023-03-31","129335692","PO",4,,,,"","ALMA","SAW252A1",30068,8002,"2023-03-31","2023-04-30","USD",93.00,90,"3XS:10|2XS:20|XS:20|S:10|M:10|L:10|XL:10"
251272,"2022-09-15 08:39:53.45","#SAW253",50.00,68.00,93.00,120.90,"2023-03-31","129335741","PO",4,,,,"","ALMA","SAW253A0",30069,1002,"2023-03-31","2023-04-30","USD",93.00,90,"3XS:10|2XS:20|XS:20|S:10|M:10|L:10|XL:10"
251273,"2022-09-15 08:39:53.45","#SAW254",50.00,68.00,93.00,120.90,"2023-03-31","129335741","PO",4,,,,"","ALMA","SAW254A1",30070,1016,"2023-03-31","2023-04-30","USD",93.00,90,"3XS:10|2XS:20|XS:20|S:10|M:10|L:10|XL:10"
251274,"2022-09-15 08:39:53.45","#SAW255",50.00,68.00,93.00,120.90,"2023-03-31","129335741","PO",4,,,,"","ALMA","SAW255A0",30071,3002,"2023-03-31","2023-04-30","USD",93.00,90,"3XS:10|2XS:20|XS:20|S:10|M:10|L:10|XL:10"
251275,"2022-09-15 08:39:53.45","#SAW256",50.00,68.00,93.00,120.90,"2023-03-31","129335741","PO",4,,,,"","ALMA","SAW256A1",30072,4002,"2023-03-31","2023-04-30","USD",93.00,90,"3XS:10|2XS:20|XS:20|S:10|M:10|L:10|XL:10"
251276,"2022-09-15 08:39:53.45","#SAW257",50.00,68.00,93.00,120.90,"2023-03-31","129335741","PO",4,,,,"","ALMA","SAW257A1",30073,5002,"2023-03-31","2023-04-30","USD",93.00,90,"3XS:10|2XS:20|XS:20|S:10|M:10|L:10|XL:10"
251277,"2022-09-15 08:39:53.45","#SAW258",50.00,68.00,93.00,120.90,"2023-03-31","129335741","PO",4,,,,"","ALMA","SAW258A0",30029,6002,"2023-03-31","2023-04-30","USD",93.00,90,"3XS:10|2XS:20|XS:20|S:10|M:10|L:10|XL:10"
251278,"2022-09-15 08:39:53.45","#SAW259",50.00,68.00,93.00,120.90,"2023-03-31","129335741","PO",4,,,,"","ALMA","SAW259A1",30013,8002,"2023-03-31","2023-04-30","USD",93.00,90,"3XS:10|2XS:20|XS:20|S:10|M:10|L:10|XL:10"
251279,"2022-09-15 08:39:53.45","#SAW260",50.00,68.00,93.00,120.90,"2023-03-31","129335748","PO",4,,,,"","ALMA","SAW260A0",30022,1002,"2023-03-31","2023-04-30","USD",93.00,90,"3XS:10|2XS:20|XS:20|S:10|M:10|L:10|XL:10"
251280,"2022-09-15 08:39:53.45","#SAW261",50.00,68.00,93.00,120.90,"2023-03-31","129335748","PO",4,,,,"","ALMA","SAW261A1",30045,1016,"2023-03-31","2023-04-30","USD",93.00,90,"3XS:10|2XS:20|XS:20|S:10|M:10|L:10|XL:10"
251281,"2022-09-15 08:39:53.45","#SAW262",50.00,68.00,93.00,120.90,"2023-03-31","129335748","PO",4,,,,"","ALMA","SAW262A1",30046,3002,"2023-03-31","2023-04-30","USD",93.00,90,"3XS:10|2XS:20|XS:20|S:10|M:10|L:10|XL:10"
251282,"2022-09-15 08:39:53.45","#SAW263",50.00,68.00,93.00,120.90,"2023-03-31","129335748","PO",4,,,,"","ALMA","SAW263A0",30047,4002,"2023-03-31","2023-04-30","USD",93.00,90,"3XS:10|2XS:20|XS:20|S:10|M:10|L:10|XL:10"
251283,"2022-09-15 08:39:53.45","#SAW264",50.00,68.00,93.00,120.90,"2023-03-31","129335748","PO",4,,,,"","ALMA","SAW264A1",30065,5002,"2023-03-31","2023-04-30","USD",93.00,90,"3XS:10|2XS:20|XS:20|S:10|M:10|L:10|XL:10"
251284,"2022-09-15 08:39:53.45","#SAW265",50.00,68.00,93.00,120.90,"2023-03-31","129335748","PO",4,,,,"","ALMA","SAW265A0",30074,6002,"2023-03-31","2023-04-30","USD",93.00,90,"3XS:10|2XS:20|XS:20|S:10|M:10|L:10|XL:10"
251285,"2022-09-15 08:39:53.45","#SAW266",50.00,68.00,93.00,120.90,"2023-03-31","129335748","PO",4,,,,"","ALMA","SAW266A1",30075,8002,"2023-03-31","2023-04-30","USD",93.00,90,"3XS:10|2XS:20|XS:20|S:10|M:10|L:10|XL:10"
251286,"2022-09-15 08:39:53.45","#SAW267",50.00,68.00,93.00,120.90,"2023-03-31","129335819","PO",4,,,,"","ALMA","SAW267A1",30025,1002,"2023-03-31","2023-04-30","USD",93.00,90,"3XS:10|2XS:20|XS:20|S:10|M:10|L:10|XL:10"
251287,"2022-09-15 08:39:53.45","#SAW268",50.00,68.00,93.00,120.90,"2023-03-31","129335819","PO",4,,,,"","ALMA","SAW268A0",30026,1016,"2023-03-31","2023-04-30","USD",93.00,90,"3XS:10|2XS:20|XS:20|S:10|M:10|L:10|XL:10"
251288,"2022-09-15 08:39:53.45","#SAW269",50.00,68.00,93.00,120.90,"2023-03-31","129335819","PO",4,,,,"","ALMA","SAW269A1",30027,3002,"2023-03-31","2023-04-30","USD",93.00,90,"3XS:10|2XS:20|XS:20|S:10|M:10|L:10|XL:10"
251289,"2022-09-15 08:39:53.45","#SAW270",50.00,68.00,93.00,120.90,"2023-03-31","129335819","PO",4,,,,"","ALMA","SAW270A0",30066,4002,"2023-03-31","2023-04-30","USD",93.00,90,"3XS:10|2XS:20|XS:20|S:10|M:10|L:10|XL:10"
251290,"2022-09-15 08:39:53.45","#SAW271",50.00,68.00,93.00,120.90,"2023-03-31","129335819","PO",4,,,,"","ALMA","SAW271A1",30067,5002,"2023-03-31","2023-04-30","USD",93.00,90,"3XS:10|2XS:20|XS:20|S:10|M:10|L:10|XL:10"
251291,"2022-09-15 08:39:53.45","#SAW272",50.00,68.00,93.00,120.90,"2023-03-31","129335819","PO",4,,,,"","ALMA","SAW272A1",30068,6002,"2023-03-31","2023-04-30","USD",93.00,90,"3XS:10|2XS:20|XS:20|S:10|M:10|L:10|XL:10"
251292,"2022-09-15 08:39:53.45","#SAW273",50.00,68.00,93.00,120.90,"2023-03-31","129335819","PO",4,,,,"","ALMA","SAW273A0",30069,8002,"2023-03-31","2023-04-30","USD",93.00,90,"3XS:10|2XS:20|XS:20|S:10|M:10|L:10|XL:10"
251293,"2022-09-15 08:39:53.45","#SAW274",50.00,68.00,93.00,120.90,"2023-03-31","129335827","PO",4,,,,"","ALMA","SAW274A1",30070,1002,"2023-03-31","2023-04-30","USD",93.00,90,"3XS:10|2XS:20|XS:20|S:10|M:10|L:10|XL:10"
251294,"2022-09-15 08:39:53.45","#SAW275",50.00,68.00,93.00,120.90,"2023-03-31","129335827","PO",4,,,,"","ALMA","SAW275A0",30071,1016,"2023-03-31","2023-04-30","USD",93.00,90,"3XS:10|2XS:20|XS:20|S:10|M:10|L:10|XL:10"
251295,"2022-09-15 08:39:53.45","#SAW276",50.00,68.00,93.00,120.90,"2023-03-31","129335827","PO",4,,,,"","ALMA","SAW276A1",30072,3002,"2023-03-31","2023-04-30","USD",93.00,90,"3XS:10|2XS:20|XS:20|S:10|M:10|L:10|XL:10"
251296,"2022-09-15 08:39:53.45","#SAW277",50.00,68.00,93.00,120.90,"2023-03-31","129335827","PO",4,,,,"","ALMA","SAW277A1",30073,4002,"2023-03-31","2023-04-30","USD",93.00,90,"3XS:10|2XS:20|XS:20|S:10|M:10|L:10|XL:10"
251297,"2022-09-15 08:39:53.45","#SAW278",50.00,68.00,93.00,120.90,"2023-03-31","129335827","PO",4,,,,"","ALMA","SAW278A0",30029,5002,"2023-03-31","2023-04-30","USD",93.00,90,"3XS:10|2XS:20|XS:20|S:10|M:10|L:10|XL:10"
251298,"2022-09-15 08:39:53.45","#SAW279",50.00,68.00,93.00,120.90,"2023-03-31","129335827","PO",4,,,,"","ALMA","SAW279A1",30013,6002,"2023-03-31","2023-04-30","USD",93.00,90,"3XS:10|2XS:20|XS:20|S:10|M:10|L:10|XL:10"
251299,"2022-09-15 08:39:53.45","#SAW280",50.00,68.00,93.00,120.90,"2023-03-31","129335827","PO",4,,,,"","ALMA","SAW280A0",30022,8002,"2023-03-31","2023-04-30","USD",93.00,90,"3XS:10|2XS:20|XS:20|S:10|M:10|L:10|XL:10"
251300,"2022-09-15 08:39:53.45","#SAW281",50.00,68.00,93.00,120.90,"2023-03-31","129335842","PO",4,,,,"","ALMA","SAW281A1",30045,1002,"2023-03-31","2023-04-30","USD",93.00,90,"3XS:10|2XS:20|XS:20|S:10|M:10|L:10|XL:10"
251301,"2022-09-15 08:39:53.45","#SAW282",50.00,68.00,93.00,120.90,"2023-03-31","129335842","PO",4,,,,"","ALMA","SAW282A1",30046,1016,"2023-03-31","2023-04-30","USD",93.00,90,"3XS:10|2XS:20|XS:20|S:10|M:10|L:10|XL:10"
251302,"2022-09-15 08:39:53.45","#SAW283",50.00,68.00,93.00,120.90,"2023-03-31","129335842","PO",4,,,,"","ALMA","SAW283A0",30047,3002,"2023-03-31","2023-04-30","USD",93.00,90,"3XS:10|2XS:20|XS:20|S:10|M:10|L:10|XL:10"
251303,"2022-09-15 08:39:53.45","#SAW284",50.00,68.00,93.00,120.90,"2023-03-31","129335842","PO",4,,,,"","ALMA","SAW284A1",30065,4002,"2023-03-31","2023-04-30","USD",93.00,90,"3XS:10|2XS:20|XS:20|S:10|M:10|L:10|XL:10"
251304,"2022-09-15 08:39:53.45","#SAW285",50.00,68.00,93.00,120.90,"2023-03-31","129335842","PO",4,,,,"","ALMA","SAW285A0",30074,5002,"2023-03-31","2023-04-30","USD",93.00,90,"3XS:10|2XS:20|XS:20|S:10|M:10|L:10|XL:10"
251305,"2022-09-15 08:39:53.45","#SAW286",50.00,68.00,93.00,120.90,"2023-03-31","129335842","PO",4,,,,"","ALMA","SAW286A1",30075,6002,"2023-03-31","2023-04-30","USD",93.00,90,"3XS:10|2XS:20|XS:20|S:10|M:10|L:10|XL:10"
251306,"2022-09-15 08:39:53.45","#SAW287",50.00,68.00,93.00,120.90,"2023-03-31","129335842","PO",4,,,,"","ALMA","SAW287A1",30025,8002,"2023-03-31","2023-04-30","USD",93.00,90,"3XS:10|2XS:20|XS:20|S:10|M:10|L:10|XL:10"
251307,"2022-09-15 08:39:53.45","#SAW288",50.00,68.00,93.00,120.90,"2023-03-31","129335865","PO",4,,,,"","ALMA","SAW288A0",30026,1002,"2023-03-31","2023-04-30","USD",93.00,90,"3XS:10|2XS:20|XS:20|S:10|M:10|L:10|XL:10"
251308,"2022-09-15 08:39:53.45","#SAW289",50.00,68.00,93.00,120.90,"2023-03-31","129335865","PO",4,,,,"","ALMA","SAW289A1",30027,1016,"2023-03-31","2023-04-30","USD",93.00,90,"3XS:10|2XS:20|XS:20|S:10|M:10|L:10|XL:10"
251309,"2022-09-15 08:39:53.45","#SAW290",50.00,68.00,93.00,120.90,"2023-03-31","129335865","PO",4,,,,"","ALMA","SAW290A0",30066,3002,"2023-03-31","2023-04-30","USD",93.00,90,"3XS:10|2XS:20|XS:20|S:10|M:10|L:10|XL:10"
251310,"2022-09-15 08:39:53.45","#SAW291",50.00,68.00,93.00,120.90,"2023-03-31","129335865","PO",4,,,,"","ALMA","SAW291A1",30067,4002,"2023-03-31","2023-04-30","USD",93.00,90,"3XS:10|2XS:20|XS:20|S:10|M:10|L:10|XL:10"
251311,"2022-09-15 08:39:53.45","#SAW292",50.00,68.00,93.00,120.90,"2023-03-31","129335865","PO",4,,,,"","ALMA","SAW292A1",30068,5002,"2023-03-31","2023-04-30","USD",93.00,90,"3XS:10|2XS:20|XS:20|S:10|M:10|L:10|XL:10"
251312,"2022-09-15 08:39:53.45","#SAW293",50.00,68.00,93.00,120.90,"2023-03-31","129335865","PO",4,,,,"","ALMA","SAW293A0",30069,6002,"2023-03-31","2023-04-30","USD",93.00,90,"3XS:10|2XS:20|XS:20|S:10|M:10|L:10|XL:10"
251313,"2022-09-15 08:39:53.45","#SAW294",50.00,68.00,93.00,120.90,"2023-03-31","129335865","PO",4,,,,"","ALMA","SAW294A1",30070,8002,"2023-03-31","2023-04-30","USD",93.00,90,"3XS:10|2XS:20|XS:20|S:10|M:10|L:10|XL:10"
251314,"2022-09-15 08:39:53.45","#SAW295",50.00,68.00,93.00,120.90,"2023-03-31","129335907","PO",4,,,,"","ALMA","SAW295A0",30071,1002,"2023-03-31","2023-04-30","USD",93.00,90,"3XS:10|2XS:20|XS:20|S:10|M:10|L:10|XL:10"
251315,"2022-09-15 08:39:53.45","#SAW296",50.00,68.00,93.00,120.90,"2023-03-31","129335907","PO",4,,,,"","ALMA","SAW296A1",30072,1016,"2023-03-31","2023-04-30","USD",93.00,90,"3XS:10|2XS:20|XS:20|S:10|M:10|L:10|XL:10"
251316,"2022-09-15 08:39:53.45","#SAW297",50.00,68.00,93.00,120.90,"2023-03-31","129335907","PO",4,,,,"","ALMA","SAW297A1",30073,3002,"2023-03-31","2023-04-30","USD",93.00,90,"3XS:10|2XS:20|XS:20|S:10|M:10|L:10|XL:10"
251317,"2022-09-15 08:39:53.45","#SAW298",50.00,68.00,93.00,120.90,"2023-03-31","129335907","PO",4,,,,"","ALMA","SAW298A0",30029,4002,"2023-03-31","2023-04-30","USD",93.00,90,"3XS:10|2XS:20|XS:20|S:10|M:10|L:10|XL:10"
251318,"2022-09-15 08:39:53.45","#SAW299",50.00,68.00,93.00,120.90,"2023-03-31","129335907","PO",4,,,,"","ALMA","SAW299A1",30013,5002,"2023-03-31","2023-04-30","USD",93.00,90,"3XS:10|2XS:20|XS:20|S:10|M:10|L:10|XL:10"
251319,"2022-09-15 08:39:53.45","#SAW300",50.00,68.00,93.00,120.90,"2023-03-31","129335907","PO",4,,,,"","ALMA","SAW300A0",30022,6002,"2023-03-31","2023-04-30","USD",93.00,90,"3XS:10|2XS:20|XS:20|S:10|M:10|L:10|XL:10"
251320,"2022-09-15 08:39:53.45","#SAW301",50.00,68.00,93.00,120.90,"2023-03-31","129335907","PO",4,,,,"","ALMA","SAW301A1",30045,8002,"2023-03-31","2023-04-30","USD",93.00,90,"3XS:10|2XS:20|XS:20|S:10|M:10|L:10|XL:10"
251321,"2022-09-15 08:39:53.45","#SAW302",50.00,68.00,93.00,120.90,"2023-03-31","129335919","PO",4,,,,"","ALMA","SAW302A1",30046,1002,"2023-03-31","2023-04-30","USD",93.00,90,"3XS:10|2XS:20|XS:20|S:10|M:10|L:10|XL:10"
251322,"2022-09-15 08:39:53.45","#SAW303",50.00,68.00,93.00,120.90,"2023-03-31","129335919","PO",4,,,,"","ALMA","SAW303A0",30047,1016,"2023-03-31","2023-04-30","USD",93.00,90,"3XS:10|2XS:20|XS:20|S:10|M:10|L:10|XL:10"
251323,"2022-09-15 08:39:53.45","#SAW304",50.00,68.00,93.00,120.90,"2023-03-31","129335919","PO",4,,,,"","ALMA","SAW304A1",30065,3002,"2023-03-31","2023-04-30","USD",93.00,90,"3XS:10|2XS:20|XS:20|S:10|M:10|L:10|XL:10"
251324,"2022-09-15 08:39:53.45","#SAW305",50.00,68.00,93.00,120.90,"2023-03-31","129335919","PO",4,,,,"","ALMA","SAW305A0",30074,4002,"2023-03-31","2023-04-30","USD",93.00,90,"3XS:10|2XS:20|XS:20|S:10|M:10|L:10|XL:10"
251325,"2022-09-15 08:39:53.45","#SAW306",50.00,68.00,93.00,120.90,"2023-03-31","129335919","PO",4,,,,"","ALMA","SAW306A1",30075,5002,"2023-03-31","2023-04-30","USD",93.00,90,"3XS:10|2XS:20|XS:20|S:10|M:10|L:10|XL:10"
251326,"2022-09-15 08:39:53.45","#SAW307",50.00,68.00,93.00,120.90,"2023-03-31","129335919","PO",4,,,,"","ALMA","SAW307A1",30025,6002,"2023-03-31","2023-04-30","USD",93.00,90,"3XS:10|2XS:20|XS:20|S:10|M:10|L:10|XL:10"
251327,"2022-09-15 08:39:53.45","#SAW308",50.00,68.00,93.00,120.90,"2023-03-31","129335919","PO",4,,,,"","ALMA","SAW308A0",30026,8002,"2023-03-31","2023-04-30","USD",93.00,90,"3XS:10|2XS:20|XS:20|S:10|M:10|L:10|XL:10"
251328,"2022-09-15 08:39:53.45","#SAW309",50.00,68.00,93.00,120.90,"2023-03-31","129335938","PO",4,,,,"","ALMA","SAW309A1",30027,1002,"2023-03-31","2023-04-30","USD",93.00,90,"3XS:10|2XS:20|XS:20|S:10|M:10|L:10|XL:10"
251329,"2022-09-15 08:39:53.45","#SAW310",50.00,68.00,93.00,120.90,"2023-03-31","129335938","PO",4,,,,"","ALMA","SAW310A0",30066,1016,"2023-03-31","2023-04-30","USD",93.00,90,"3XS:10|2XS:20|XS:20|S:10|M:10|L:10|XL:10"
251330,"2022-09-15 08:39:53.45","#SAW311",50.00,68.00,93.00,120.90,"2023-03-31","129335938","PO",4,,,,"","ALMA","SAW311A1",30067,3002,"2023-03-31","2023-04-30","USD",93.00,90,"3XS:10|2XS:20|XS:20|S:10|M:10|L:10|XL:10"
251331,"2022-09-15 08:39:53.45","#SAW312",50.00,68.00,93.00,120.90,"2023-03-31","129335938","PO",4,,,,"","ALMA","SAW312A1",30068,4002,"2023-03-31","2023-04-30","USD",93.00,90,"3XS:10|2XS:20|XS:20|S:10|M:10|L:10|XL:10"
251332,"2022-09-15 08:39:53.45","#SAW313",50.00,68.00,93.00,120.90,"2023-03-31","129335938","PO",4,,,,"","ALMA","SAW313A0",30069,5002,"2023-03-31","2023-04-30","USD",93.00,90,"3XS:10|2XS:20|XS:20|S:10|M:10|L:10|XL:10"
251333,"2022-09-15 08:39:53.45","#SAW314",50.00,68.00,93.00,120.90,"2023-03-31","129335938","PO",4,,,,"","ALMA","SAW314A1",30070,6002,"2023-03-31","2023-04-30","USD",93.00,90,"3XS:10|2XS:20|XS:20|S:10|M:10|L:10|XL:10"
251334,"2022-09-15 08:39:53.45","#SAW315",50.00,68.00,93.00,120.90,"2023-03-31","129335938","PO",4,,,,"","ALMA","SAW315A0",30071,8002,"2023-03-31","2023-04-30","USD",93.00,90,"3XS:10|2XS:20|XS:20|S:10|M:10|L:10|XL:10"
251335,"2022-09-15 08:39:53.45","#SAW316",50.00,68.00,93.00,120.90,"2023-03-31","129335944","PO",4,,,,"","ALMA","SAW316A1",30072,1002,"2023-03-31","2023-04-30","USD",93.00,90,"3XS:10|2XS:20|XS:20|S:10|M:10|L:10|XL:10"
251336,"2022-09-15 08:39:53.45","#SAW317",50.00,68.00,93.00,120.90,"2023-03-31","129335944","PO",4,,,,"","ALMA","SAW317A1",30073,1016,"2023-03-31","2023-04-30","USD",93.00,90,"3XS:10|2XS:20|XS:20|S:10|M:10|L:10|XL:10"
251337,"2022-09-15 08:39:53.45","#SAW318",50.00,68.00,93.00,120.90,"2023-03-31","129335944","PO",4,,,,"","ALMA","SAW318A0",30029,3002,"2023-03-31","2023-04-30","USD",93.00,90,"3XS:10|2XS:20|XS:20|S:10|M:10|L:10|XL:10"
251338,"2022-09-15 08:39:53.45","#SAW319",50.00,68.00,93.00,120.90,"2023-03-31","129335944","PO",4,,,,"","ALMA","SAW319A1",30013,4002,"2023-03-31","2023-04-30","USD",93.00,90,"3XS:10|2XS:20|XS:20|S:10|M:10|L:10|XL:10"
251339,"2022-09-15 08:39:53.45","#SAW320",50.00,68.00,93.00,120.90,"2023-03-31","129335944","PO",4,,,,"","ALMA","SAW320A0",30022,5002,"2023-03-31","2023-04-30","USD",93.00,90,"3XS:10|2XS:20|XS:20|S:10|M:10|L:10|XL:10"
251340,"2022-09-15 08:39:53.45","#SAW321",50.00,68.00,93.00,120.90,"2023-03-31","129335944","PO",4,,,,"","ALMA","SAW321A1",30045,6002,"2023-03-31","2023-04-30","USD",93.00,90,"3XS:10|2XS:20|XS:20|S:10|M:10|L:10|XL:10"
251341,"2022-09-15 08:39:53.45","#SAW322",50.00,68.00,93.00,120.90,"2023-03-31","129335944","PO",4,,,,"","ALMA","SAW322A1",30046,8002,"2023-03-31","2023-04-30","USD",93.00,90,"3XS:10|2XS:20|XS:20|S:10|M:10|L:10|XL:10"
251342,"2022-09-15 08:39:53.45","#SAW323",50.00,68.00,93.00,120.90,"2023-03-31","129335962","PO",4,,,,"","ALMA","SAW323A0",30047,1002,"2023-03-31","2023-04-30","USD",93.00,90,"3XS:10|2XS:20|XS:20|S:10|M:10|L:10|XL:10"
251343,"2022-09-15 08:39:53.45","#SAW324",50.00,68.00,93.00,120.90,"2023-03-31","129335962","PO",4,,,,"","ALMA","SAW324A1",30065,1016,"2023-03-31","2023-04-30","USD",93.00,90,"3XS:10|2XS:20|XS:20|S:10|M:10|L:10|XL:10"
251344,"2022-09-15 08:39:53.45","#SAW325",50.00,68.00,93.00,120.90,"2023-03-31","129335962","PO",4,,,,"","ALMA","SAW325A0",30074,3002,"2023-03-31","2023-04-30","USD",93.00,90,"3XS:10|2XS:20|XS:20|S:10|M:10|L:10|XL:10"
251345,"2022-09-15 08:39:53.45","#SAW326",50.00,68.00,93.00,120.90,"2023-03-31","129335962","PO",4,,,,"","ALMA","SAW326A1",30075,4002,"2023-03-31","2023-04-30","USD",93.00,90,"3XS:10|2XS:20|XS:20|S:10|M:10|L:10|XL:10"
251346,"2022-09-15 08:39:53.45","#SAW327",50.00,68.00,93.00,120.90,"2023-03-31","129335962","PO",4,,,,"","ALMA","SAW327A1",30025,5002,"2023-03-31","2023-04-30","USD",93.00,90,"3XS:10|2XS:20|XS:20|S:10|M:10|L:10|XL:10"
251347,"2022-09-15 08:39:53.45","#SAW328",50.00,68.00,93.00,120.90,"2023-03-31","129335962","PO",4,,,,"","ALMA","SAW328A0",30026,6002,"2023-03-31","2023-04-30","USD",93.00,90,"3XS:10|2XS:20|XS:20|S:10|M:10|L:10|XL:10"
251348,"2022-09-15 08:39:53.45","#SAW329",50.00,68.00,93.00,120.90,"2023-03-31","129335962","PO",4,,,,"","ALMA","SAW329A1",30027,8002,"2023-03-31","2023-04-30","USD",93.00,90,"3XS:10|2XS:20|XS:20|S:10|M:10|L:10|XL:10"
251349,"2022-09-15 08:39:53.45","#SAW330",50.00,68.00,93.00,120.90,"2023-03-31","129335978","PO",4,,,,"","ALMA","SAW330A0",30066,1002,"2023-03-31","2023-04-30","USD",93.00,90,"3XS:10|2XS:20|XS:20|S:10|M:10|L:10|XL:10"
251350,"2022-09-15 08:39:53.45","#SAW331",50.00,68.00,93.00,120.90,"2023-03-31","129335978","PO",4,,,,"","ALMA","SAW331A1",30067,1016,"2023-03-31","2023-04-30","USD",93.00,90,"3XS:10|2XS:20|XS:20|S:10|M:10|L:10|XL:10"
251351,"2022-09-15 08:39:53.45","#SAW332",50.00,68.00,93.00,120.90,"2023-03-31","129335978","PO",4,,,,"","ALMA","SAW332A1",30068,3002,"2023-03-31","2023-04-30","USD",93.00,90,"3XS:10|2XS:20|XS:20|S:10|M:10|L:10|XL:10"
251352,"2022-09-15 08:39:53.45","#SAW333",50.00,68.00,93.00,120.90,"2023-03-31","129335978","PO",4,,,,"","ALMA","SAW333A0",30069,4002,"2023-03-31","2023-04-30","USD",93.00,90,"3XS:10|2XS:20|XS:20|S:10|M:10|L:10|XL:10"
251353,"2022-09-15 08:39:53.45","#SAW334",50.00,68.00,93.00,120.90,"2023-03-31","129335978","PO",4,,,,"","ALMA","SAW334A1",30070,5002,"2023-03-31","2023-04-30","USD",93.00,90,"3XS:10|2XS:20|XS:20|S:10|M:10|L:10|XL:10"
251354,"2022-09-15 08:39:53.45","#SAW335",50.00,68.00,93.00,120.90,"2023-03-31","129335978","PO",4,,,,"","ALMA","SAW335A0",30071,6002,"2023-03-31","2023-04-30","USD",93.00,90,"3XS:10|2XS:20|XS:20|S:10|M:10|L:10|XL:10"
251355,"2022-09-15 08:39:53.45","#SAW336",50.00,68.00,93.00,120.90,"2023-03-31","129335978","PO",4,,,,"","ALMA","SAW336A1",30072,8002,"2023-03-31","2023-04-30","USD",93.00,90,"3XS:10|2XS:20|XS:20|S:10|M:10|L:10|XL:10"
251356,"2022-09-15 08:39:53.45","#SAW337",50.00,68.00,93.00,120.90,"2023-03-31","129335988","PO",4,,,,"","ALMA","SAW337A1",30073,1002,"2023-03-31","2023-04-30","USD",93.00,90,"3XS:10|2XS:20|XS:20|S:10|M:10|L:10|XL:10"
251357,"2022-09-15 08:39:53.45","#SAW338",50.00,68.00,93.00,120.90,"2023-03-31","129335988","PO",4,,,,"","ALMA","SAW338A0",30029,1016,"2023-03-31","2023-04-30","USD",93.00,90,"3XS:10|2XS:20|XS:20|S:10|M:10|L:10|XL:10"
251358,"2022-09-15 08:39:53.45","#SAW339",50.00,68.00,93.00,120.90,"2023-03-31","129335988","PO",4,,,,"","ALMA","SAW339A1",30013,3002,"2023-03-31","2023-04-30","USD",93.00,90,"3XS:10|2XS:20|XS:20|S:10|M:10|L:10|XL:10"
251359,"2022-09-15 08:39:53.45","#SAW340",50.00,68.00,93.00,120.90,"2023-03-31","129335988","PO",4,,,,"","ALMA","SAW340A0",30022,4002,"2023-03-31","2023-04-30","USD",93.00,90,"3XS:10|2XS:20|XS:20|S:10|M:10|L:10|XL:10"
251360,"2022-09-15 08:39:53.45","#SAW341",50.00,68.00,93.00,120.90,"2023-03-31","129335988","PO",4,,,,"","ALMA","SAW341A1",30045,5002,"2023-03-31","2023-04-30","USD",93.00,90,"3XS:10|2XS:20|XS:20|S:10|M:10|L:10|XL:10"
251361,"2022-09-15 08:39:53.45","#SAW342",50.00,68.00,93.00,120.90,"2023-03-31","129335988","PO",4,,,,"","ALMA","SAW342A1",30046,6002,"2023-03-31","2023-04-30","USD",93.00,90,"3XS:10|2XS:20|XS:20|S:10|M:10|L:10|XL:10"
251362,"2022-09-15 08:39:53.45","#SAW343",50.00,68.00,93.00,120.90,"2023-03-31","129335988","PO",4,,,,"","ALMA","SAW343A0",30047,8002,"2023-03-31","2023-04-30","USD",93.00,90,"3XS:10|2XS:20|XS:20|S:10|M:10|L:10|XL:10"
251363,"2022-09-15 08:39:53.45","#SAW344",50.00,68.00,93.00,120.90,"2023-03-31","129336006","PO",4,,,,"","ALMA","SAW344A1",30065,1002,"2023-03-31","2023-04-30","USD",93.00,90,"3XS:10|2XS:20|XS:20|S:10|M:10|L:10|XL:10"
251364,"2022-09-15 08:39:53.45","#SAW345",50.00,68.00,93.00,120.90,"2023-03-31","129336006","PO",4,,,,"","ALMA","SAW345A0",30074,1016,"2023-03-31","2023-04-30","USD",93.00,90,"3XS:10|2XS:20|XS:20|S:10|M:10|L:10|XL:10"
251365,"2022-09-15 08:39:53.45","#SAW346",50.00,68.00,93.00,120.90,"2023-03-31","129336006","PO",4,,,,"","ALMA","SAW346A1",30075,3002,"2023-03-31","2023-04-30","USD",93.00,90,"3XS:10|2XS:20|XS:20|S:10|M:10|L:10|XL:10"
251366,"2022-09-15 08:39:53.45","#SAW347",50.00,68.00,93.00,120.90,"2023-03-31","129336006","PO",4,,,,"","ALMA","SAW347A1",30025,4002,"2023-03-31","2023-04-30","USD",93.00,90,"3XS:10|2XS:20|XS:20|S:10|M:10|L:10|XL:10"
251367,"2022-09-15 08:39:53.45","#SAW348",50.00,68.00,93.00,120.90,"2023-03-31","129336006","PO",4,,,,"","ALMA","SAW348A0",30026,5002,"2023-03-31","2023-04-30","USD",93.00,90,"3XS:10|2XS:20|XS:20|S:10|M:10|L:10|XL:10"
251368,"2022-09-15 08:39:53.45","#SAW349",50.00,68.00,93.00,120.90,"2023-03-31","129336006","PO",4,,,,"","ALMA","SAW349A1",30027,6002,"2023-03-31","2023-04-30","USD",93.00,90,"3XS:10|2XS:20|XS:20|S:10|M:10|L:10|XL:10"
251369,"2022-09-15 08:39:53.45","#SAW350",50.00,68.00,93.00,120.90,"2023-03-31","129336006","PO",4,,,,"","ALMA","SAW350A0",30066,8002,"2023-03-31","2023-04-30","USD",93.00,90,"3XS:10|2XS:20|XS:20|S:10|M:10|L:10|XL:10"
251370,"2022-09-15 08:39:53.45","#SAW351",50.00,68.00,93.00,120.90,"2023-03-31","129336007","PO",4,,,,"","ALMA","SAW351A1",30067,1002,"2023-03-31","2023-04-30","USD",93.00,90,"3XS:10|2XS:20|XS:20|S:10|M:10|L:10|XL:10"
251371,"2022-09-15 08:39:53.45","#SAW352",50.00,68.00,93.00,120.90,"2023-03-31","129336007","PO",4,,,,"","ALMA","SAW352A1",30068,1016,"2023-03-31","2023-04-30","USD",93.00,90,"3XS:10|2XS:20|XS:20|S:10|M:10|L:10|XL:10"
251372,"2022-09-15 08:39:53.45","#SAW353",50.00,68.00,93.00,120.90,"2023-03-31","129336007","PO",4,,,,"","ALMA","SAW353A0",30069,3002,"2023-03-31","2023-04-30","USD",93.00,90,"3XS:10|2XS:20|XS:20|S:10|M:10|L:10|XL:10"
251373,"2022-09-15 08:39:53.45","#SAW354",50.00,68.00,93.00,120.90,"2023-03-31","129336007","PO",4,,,,"","ALMA","SAW354A1",30070,4002,"2023-03-31","2023-04-30","USD",93.00,90,"3XS:10|2XS:20|XS:20|S:10|M:10|L:10|XL:10"
251374,"2022-09-15 08:39:53.45","#SAW355",50.00,68.00,93.00,120.90,"2023-03-31","129336007","PO",4,,,,"","ALMA","SAW355A0",30071,5002,"2023-03-31","2023-04-30","USD",93.00,90,"3XS:10|2XS:20|XS:20|S:10|M:10|L:10|XL:10"
251375,"2022-09-15 08:39:53.45","#SAW356",50.00,68.00,93.00,120.90,"2023-03-31","129336007","PO",4,,,,"","ALMA","SAW356A1",30072,6002,"2023-03-31","2023-04-30","USD",93.00,90,"3XS:10|2XS:20|XS:20|S:10|M:10|L:10|XL:10"
251376,"2022-09-15 08:39:53.45","#SAW357",50.00,68.00,93.00,120.90,"2023-03-31","129336007","PO",4,,,,"","ALMA","SAW357A1",30073,8002,"2023-03-31","2023-04-30","USD",93.00,90,"3XS:10|2XS:20|XS:20|S:10|M:10|L:10|XL:10"
251377,"2022-09-15 08:39:53.45","#SAW358",50.00,68.00,93.00,120.90,"2023-03-31","129336019","PO",4,,,,"","ALMA","SAW358A0",30029,1002,"2023-03-31","2023-04-30","USD",93.00,90,"3XS:10|2XS:20|XS:20|S:10|M:10|L:10|XL:10"
251378,"2022-09-15 08:39:53.45","#SAW359",50.00,68.00,93.00,120.90,"2023-03-31","129336019","PO",4,,,,"","ALMA","SAW359A1",30013,1016,"2023-03-31","2023-04-30","USD",93.00,90,"3XS:10|2XS:20|XS:20|S:10|M:10|L:10|XL:10"
251379,"2022-09-15 08:39:53.45","#SAW360",50.00,68.00,93.00,120.90,"2023-03-31","129336019","PO",4,,,,"","ALMA","SAW360A0",30022,3002,"2023-03-31","2023-04-30","USD",93.00,90,"3XS:10|2XS:20|XS:20|S:10|M:10|L:10|XL:10"
251380,"2022-09-15 08:39:53.45","#SAW361",50.00,68.00,93.00,120.90,"2023-03-31","129336019","PO",4,,,,"","ALMA","SAW361A1",30045,4002,"2023-03-31","2023-04-30","USD",93.00,90,"3XS:10|2XS:20|XS:20|S:10|M:10|L:10|XL:10"
251381,"2022-09-15 08:39:53.45","#SAW362",50.00,68.00,93.00,120.90,"2023-03-31","129336019","PO",4,,,,"","ALMA","SAW362A1",30046,5002,"2023-03-31","2023-04-30","USD",93.00,90,"3XS:10|2XS:20|XS:20|S:10|M:10|L:10|XL:10"
251382,"2022-09-15 08:39:53.45","#SAW363",50.00,68.00,93.00,120.90,"2023-03-31","129336019","PO",4,,,,"","ALMA","SAW363A0",30047,6002,"2023-03-31","2023-04-30","USD",93.00,90,"3XS:10|2XS:20|XS:20|S:10|M:10|L:10|XL:10"
251383,"2022-09-15 08:39:53.45","#SAW364",50.00,68.00,93.00,120.90,"2023-03-31","129336019","PO",4,,,,"","ALMA","SAW364A1",30065,8002,"2023-03-31","2023-04-30","USD",93.00,90,"3XS:10|2XS:20|XS:20|S:10|M:10|L:10|XL:10"
251384,"2022-09-15 08:39:53.45","#SAW365",50.00,68.00,93.00,120.90,"2023-03-31","129336020","PO",4,,,,"","ALMA","SAW365A0",30074,1002,"2023-03-31","2023-04-30","USD",93.00,90,"3XS:10|2XS:20|XS:20|S:10|M:10|L:10|XL:10"
251385,"2022-09-15 08:39:53.45","#SAW366",50.00,68.00,93.00,120.90,"2023-03-31","129336020","PO",4,,,,"","ALMA","SAW366A1",30075,1016,"2023-03-31","2023-04-30","USD",93.00,90,"3XS:10|2XS:20|XS:20|S:10|M:10|L:10|XL:10"
251386,"2022-09-15 08:39:53.45","#SAW367",50.00,68.00,93.00,120.90,"2023-03-31","129336020","PO",4,,,,"","ALMA","SAW367A1",30025,3002,"2023-03-31","2023-04-30","USD",93.00,90,"3XS:10|2XS:20|XS:20|S:10|M:10|L:10|XL:10"
251387,"2022-09-15 08:39:53.45","#SAW368",50.00,68.00,93.00,120.90,"2023-03-31","129336020","PO",4,,,,"","ALMA","SAW368A0",30026,4002,"2023-03-31","2023-04-30","USD",93.00,90,"3XS:10|2XS:20|XS:20|S:10|M:10|L:10|XL:10"
251388,"2022-09-15 08:39:53.45","#SAW369",50.00,68.00,93.00,120.90,"2023-03-31","129336020","PO",4,,,,"","ALMA","SAW369A1",30027,5002,"2023-03-31","2023-04-30","USD",93.00,90,"3XS:10|2XS:20|XS:20|S:10|M:10|L:10|XL:10"
251389,"2022-09-15 08:39:53.45","#SAW370",50.00,68.00,93.00,120.90,"2023-03-31","129336020","PO",4,,,,"","ALMA","SAW370A0",30066,6002,"2023-03-31","2023-04-30","USD",93.00,90,"3XS:10|2XS:20|XS:20|S:10|M:10|L:10|XL:10"
251390,"2022-09-15 08:39:53.45","#SAW371",50.00,68.00,93.00,120.90,"2023-03-31","129336020","PO",4,,,,"","ALMA","SAW371A1",30067,8002,"2023-03-31","2023-04-30","USD",93.00,90,"3XS:10|2XS:20|XS:20|S:10|M:10|L:10|XL:10"
251391,"2022-09-15 08:39:53.45","#SAW372",50.00,68.00,93.00,120.90,"2023-03-31","129336037","PO",4,,,,"","ALMA","SAW372A1",30068,1002,"2023-03-31","2023-04-30","USD",93.00,90,"3XS:10|2XS:20|XS:20|S:10|M:10|L:10|XL:10"
251392,"2022-09-15 08:39:53.45","#SAW373",50.00,68.00,93.00,120.90,"2023-03-31","129336037","PO",4,,,,"","ALMA","SAW373A0",30069,1016,"2023-03-31","2023-04-30","USD",93.00,90,"3XS:10|2XS:20|XS:20|S:10|M:10|L:10|XL:10"
251393,"2022-09-15 08:39:53.45","#SAW374",50.00,68.00,93.00,120.90,"2023-03-31","129336037","PO",4,,,,"","ALMA","SAW374A1",30070,3002,"2023-03-31","2023-04-30","USD",93.00,90,"3XS:10|2XS:20|XS:20|S:10|M:10|L:10|XL:10"
251394,"2022-09-15 08:39:53.45","#SAW375",50.00,68.00,93.00,120.90,"2023-03-31","129336037","PO",4,,,,"","ALMA","SAW375A0",30071,4002,"2023-03-31","2023-04-30","USD",93.00,90,"3XS:10|2XS:20|XS:20|S:10|M:10|L:10|XL:10"
251395,"2022-09-15 08:39:53.45","#SAW376",50.00,68.00,93.00,120.90,"2023-03-31","129336037","PO",4,,,,"","ALMA","SAW376A1",30072,5002,"2023-03-31","2023-04-30","USD",93.00,90,"3XS:10|2XS:20|XS:20|S:10|M:10|L:10|XL:10"
251396,"2022-09-15 08:39:53.45","#SAW377",50.00,68.00,93.00,120.90,"2023-03-31","129336037","PO",4,,,,"","ALMA","SAW377A1",30073,6002,"2023-03-31","2023-04-30","USD",93.00,90,"3XS:10|2XS:20|XS:20|S:10|M:10|L:10|XL:10"
251397,"2022-09-15 08:39:53.45","#SAW378",50.00,68.00,93.00,120.90,"2023-03-31","129336037","PO",4,,,,"","ALMA","SAW378A0",30029,8002,"2023-03-31","2023-04-30","USD",93.00,90,"3XS:10|2XS:20|XS:20|S:10|M:10|L:10|XL:10"
251398,"2022-09-15 08:39:53.45","#SAW379",50.00,68.00,93.00,120.90,"2023-03-31","129336053","PO",4,,,,"","ALMA","SAW379A1",30013,1002,"2023-03-31","2023-04-30","USD",93.00,90,"3XS:10|2XS:20|XS:20|S:10|M:10|L:10|XL:10"
251399,"2022-09-15 08:39:53.45","#SAW380",50.00,68.00,93.00,120.90,"2023-03-31","129336053","PO",4,,,,"","ALMA","SAW380A0",30022,1016,"2023-03-31","2023-04-30","USD",93.00,90,"3XS:10|2XS:20|XS:20|S:10|M:10|L:10|XL:10"
251400,"2022-09-15 08:39:53.45","#SAW381",50.00,68.00,93.00,120.90,"2023-03-31","129336053","PO",4,,,,"","ALMA","SAW381A1",30045,3002,"2023-03-31","2023-04-30","USD",93.00,90,"3XS:10|2XS:20|XS:20|S:10|M:10|L:10|XL:10"
251401,"2022-09-15 08:39:53.45","#SAW382",50.00,68.00,93.00,120.90,"2023-03-31","129336053","PO",4,,,,"","ALMA","SAW382A1",30046,4002,"2023-03-31","2023-04-30","USD",93.00,90,"3XS:10|2XS:20|XS:20|S:10|M:10|L:10|XL:10"
251402,"2022-09-15 08:39:53.45","#SAW383",50.00,68.00,93.00,120.90,"2023-03-31","129336053","PO",4,,,,"","ALMA","SAW383A0",30047,5002,"2023-03-31","2023-04-30","USD",93.00,90,"3XS:10|2XS:20|XS:20|S:10|M:10|L:10|XL:10"
251403,"2022-09-15 08:39:53.45","#SAW384",50.00,68.00,93.00,120.90,"2023-03-31","129336053","PO",4,,,,"","ALMA","SAW384A1",30065,6002,"2023-03-31","2023-04-30","USD",93.00,90,"3XS:10|2XS:20|XS:20|S:10|M:10|L:10|XL:10"
251404,"2022-09-15 08:39:53.45","#SAW385",50.00,68.00,93.00,120.90,"2023-03-31","129336053","PO",4,,,,"","ALMA","SAW385A0",30074,8002,"2023-03-31","2023-04-30","USD",93.00,90,"3XS:10|2XS:20|XS:20|S:10|M:10|L:10|XL:10"
251405,"2022-09-15 08:39:53.45","#SAW386",50.00,68.00,93.00,120.90,"2023-03-31","129336067","PO",4,,,,"","ALMA","SAW386A1",30075,1002,"2023-03-31","2023-04-30","USD",93.00,90,"3XS:10|2XS:20|XS:20|S:10|M:10|L:10|XL:10"
251406,"2022-09-15 08:39:53.45","#SAW387",50.00,68.00,93.00,120.90,"2023-03-31","129336067","PO",4,,,,"","ALMA","SAW387A1",30025,1016,"2023-03-31","2023-04-30","USD",93.00,90,"3XS:10|2XS:20|XS:20|S:10|M:10|L:10|XL:10"
251407,"2022-09-15 08:39:53.45","#SAW388",50.00,68.00,93.00,120.90,"2023-03-31","129336067","PO",4,,,,"","ALMA","SAW388A0",30026,3002,"2023-03-31","2023-04-30","USD",93.00,90,"3XS:10|2XS:20|XS:20|S:10|M:10|L:10|XL:10"
251408,"2022-09-15 08:39:53.45","#SAW389",50.00,68.00,93.00,120.90,"2023-03-31","129336067","PO",4,,,,"","ALMA","SAW389A1",30027,4002,"2023-03-31","2023-04-30","USD",93.00,90,"3XS:10|2XS:20|XS:20|S:10|M:10|L:10|XL:10"
251409,"2022-09-15 08:39:53.45","#SAW390",50.00,68.00,93.00,120.90,"2023-03-31","129336067","PO",4,,,,"","ALMA","SAW390A0",30066,5002,"2023-03-31","2023-04-30","USD",93.00,90,"3XS:10|2XS:20|XS:20|S:10|M:10|L:10|XL:10"
251410,"2022-09-15 08:39:53.45","#SAW391",50.00,68.00,93.00,120.90,"2023-03-31","129336067","PO",4,,,,"","ALMA","SAW391A1",30067,6002,"2023-03-31","2023-04-30","USD",93.00,90,"3XS:10|2XS:20|XS:20|S:10|M:10|L:10|XL:10"
251411,"2022-09-15 08:39:53.45","#SAW392",50.00,68.00,93.00,120.90,"2023-03-31","129336067","PO",4,,,,"","ALMA","SAW392A1",30068,8002,"2023-03-31","2023-04-30","USD",93.00,90,"3XS:10|2XS:20|XS:20|S:10|M:10|L:10|XL:10"
251412,"2022-09-15 08:39:53.45","#SAW393",50.00,68.00,93.00,120.90,"2023-03-31","129336075","PO",4,,,,"","ALMA","SAW393A0",30069,1002,"2023-03-31","2023-04-30","USD",93.00,90,"3XS:10|2XS:20|XS:20|S:10|M:10|L:10|XL:10"
251413,"2022-09-15 08:39:53.45","#SAW394",50.00,68.00,93.00,120.90,"2023-03-31","129336075","PO",4,,,,"","ALMA","SAW394A1",30070,1016,"2023-03-31","2023-04-30","USD",93.00,90,"3XS:10|2XS:20|XS:20|S:10|M:10|L:10|XL:10"
251414,"2022-09-15 08:39:53.45","#SAW395",50.00,68.00,93.00,120.90,"2023-03-31","129336075","PO",4,,,,"","ALMA","SAW395A0",30071,3002,"2023-03-31","2023-04-30","USD",93.00,90,"3XS:10|2XS:20|XS:20|S:10|M:10|L:10|XL:10"
251415,"2022-09-15 08:39:53.45","#SAW396",50.00,68.00,93.00,120.90,"2023-03-31","129336075","PO",4,,,,"","ALMA","SAW396A1",30072,4002,"2023-03-31","2023-04-30","USD",93.00,90,"3XS:10|2XS:20|XS:20|S:10|M:10|L:10|XL:10"
251416,"2022-09-15 08:39:53.45","#SAW397",50.00,68.00,93.00,120.90,"2023-03-31","129336075","PO",4,,,,"","ALMA","SAW397A1",30073,5002,"2023-03-31","2023-04-30","USD",93.00,90,"3XS:10|2XS:20|XS:20|S:10|M:10|L:10|XL:10"
251417,"2022-09-15 08:39:53.45","#SAW398",50.00,68.00,93.00,120.90,"2023-03-31","129336075","PO",4,,,,"","ALMA","SAW398A0",30029,6002,"2023-03-31","2023-04-30","USD",93.00,90,"3XS:10|2XS:20|XS:20|S:10|M:10|L:10|XL:10"
251418,"2022-09-15 08:39:53.45","#SAW399",50.00,68.00,93.00,120.90,"2023-03-31","129336075","PO",4,,,,"","ALMA","SAW399A1",30013,8002,"2023-03-31","2023-04-30","USD",93.00,90,"3XS:10|2XS:20|XS:20|S:10|M:10|L:10|XL:10"
251419,"2022-09-15 08:39:53.45","#SAW400",50.00,68.00,93.00,120.90,"2023-03-31","129336083","PO",4,,,,"","ALMA","SAW400A0",30022,1002,"2023-03-31","2023-04-30","USD",93.00,90,"3XS:10|2XS:20|XS:20|S:10|M:10|L:10|XL:10"
251420,"2022-09-15 08:39:53.45","#SAW401",50.00,68.00,93.00,120.90,"2023-03-31","129336083","PO",4,,,,"","ALMA","SAW401A1",30045,1016,"2023-03-31","2023-04-30","USD",93.00,90,"3XS:10|2XS:20|XS:20|S:10|M:10|L:10|XL:10"
251421,"2022-09-15 08:39:53.45","#SAW402",50.00,68.00,93.00,120.90,"2023-03-31","129336083","PO",4,,,,"","ALMA","SAW402A1",30046,3002,"2023-03-31","2023-04-30","USD",93.00,90,"3XS:10|2XS:20|XS:20|S:10|M:10|L:10|XL:10"
251422,"2022-09-15 08:39:53.45","#SAW403",50.00,68.00,93.00,120.90,"2023-03-31","129336083","PO",4,,,,"","ALMA","SAW403A0",30047,4002,"2023-03-31","2023-04-30","USD",93.00,90,"3XS:10|2XS:20|XS:20|S:10|M:10|L:10|XL:10"
251423,"2022-09-15 08:39:53.45","#SAW404",50.00,68.00,93.00,120.90,"2023-03-31","129336083","PO",4,,,,"","ALMA","SAW404A1",30065,5002,"2023-03-31","2023-04-30","USD",93.00,90,"3XS:10|2XS:20|XS:20|S:10|M:10|L:10|XL:10"
251424,"2022-09-15 08:39:53.45","#SAW405",50.00,68.00,93.00,120.90,"2023-03-31","129336083","PO",4,,,,"","ALMA","SAW405A0",30074,6002,"2023-03-31","2023-04-30","USD",93.00,90,"3XS:10|2XS:20|XS:20|S:10|M:10|L:10|XL:10"
251425,"2022-09-15 08:39:53.45","#SAW406",50.00,68.00,93.00,120.90,"2023-03-31","129336083","PO",4,,,,"","ALMA","SAW406A1",30075,8002,"2023-03-31","2023-04-30","USD",93.00,90,"3XS:10|2XS:20|XS:20|S:10|M:10|L:10|XL:10"
251426,"2022-09-15 08:39:53.45","#SAW407",50.00,68.00,93.00,120.90,"2023-03-31","129336094","PO",4,,,,"","ALMA","SAW407A1",30025,1002,"2023-03-31","2023-04-30","USD",93.00,90,"3XS:10|2XS:20|XS:20|S:10|M:10|L:10|XL:10"
251427,"2022-09-15 08:39:53.45","#SAW408",50.00,68.00,93.00,120.90,"2023-03-31","129336094","PO",4,,,,"","ALMA","SAW408A0",30026,1016,"2023-03-31","2023-04-30","USD",93.00,90,"3XS:10|2XS:20|XS:20|S:10|M:10|L:10|XL:10"
251428,"2022-09-15 08:39:53.45","#SAW409",50.00,68.00,93.00,120.90,"2023-03-31","129336094","PO",4,,,,"","ALMA","SAW409A1",30027,3002,"2023-03-31","2023-04-30","USD",93.00,90,"3XS:10|2XS:20|XS:20|S:10|M:10|L:10|XL:10"
251429,"2022-09-15 08:39:53.45","#SAW410",50.00,68.00,93.00,120.90,"2023-03-31","129336094","PO",4,,,,"","ALMA","SAW410A0",30066,4002,"2023-03-31","2023-04-30","USD",93.00,90,"3XS:10|2XS:20|XS:20|S:10|M:10|L:10|XL:10"
251430,"2022-09-15 08:39:53.45","#SAW411",50.00,68.00,93.00,120.90,"2023-03-31","129336094","PO",4,,,,"","ALMA","SAW411A1",30067,5002,"2023-03-31","2023-04-30","USD",93.00,90,"3XS:10|2XS:20|XS:20|S:10|M:10|L:10|XL:10"
251431,"2022-09-15 08:39:53.45","#SAW412",50.00,68.00,93.00,120.90,"2023-03-31","129336094","PO",4,,,,"","ALMA","SAW412A1",30068,6002,"2023-03-31","2023-04-30","USD",93.00,90,"3XS:10|2XS:20|XS:20|S:10|M:10|L:10|XL:10"
251432,"2022-09-15 08:39:53.45","#SAW413",50.00,68.00,93.00,120.90,"2023-03-31","129336094","PO",4,,,,"","ALMA","SAW413A0",30069,8002,"2023-03-31","2023-04-30","USD",93.00,90,"3XS:10|2XS:20|XS:20|S:10|M:10|L:10|XL:10"
251433,"2022-09-15 08:39:53.45","#SAW414",50.00,68.00,93.00,120.90,"2023-03-31","129336105","PO",4,,,,"","ALMA","SAW414A1",30070,1002,"2023-03-31","2023-04-30","USD",93.00,90,"3XS:10|2XS:20|XS:20|S:10|M:10|L:10|XL:10"
251434,"2022-09-15 08:39:53.45","#SAW415",50.00,68.00,93.00,120.90,"2023-03-31","129336105","PO",4,,,,"","ALMA","SAW415A0",30071,1016,"2023-03-31","2023-04-30","USD",93.00,90,"3XS:10|2XS:20|XS:20|S:10|M:10|L:10|XL:10"
251435,"2022-09-15 08:39:53.45","#SAW416",50.00,68.00,93.00,120.90,"2023-03-31","129336105","PO",4,,,,"","ALMA","SAW416A1",30072,3002,"2023-03-31","2023-04-30","USD",93.00,90,"3XS:10|2XS:20|XS:20|S:10|M:10|L:10|XL:10"
251436,"2022-09-15 08:39:53.45","#SAW417",50.00,68.00,93.00,120.90,"2023-03-31","129336105","PO",4,,,,"","ALMA","SAW417A1",30073,4002,"2023-03-31","2023-04-30","USD",93.00,90,"3XS:10|2XS:20|XS:20|S:10|M:10|L:10|XL:10"
251437,"2022-09-15 08:39:53.45","#SAW418",50.00,68.00,93.00,120.90,"2023-03-31","129336105","PO",4,,,,"","ALMA","SAW418A0",30029,5002,"2023-03-31","2023-04-30","USD",93.00,90,"3XS:10|2XS:20|XS:20|S:10|M:10|L:10|XL:10"
251438,"2022-09-15 08:39:53.45","#SAW419",50.00,68.00,93.00,120.90,"2023-03-31","129336105","PO",4,,,,"","ALMA","SAW419A1",30013,6002,"2023-03-31","2023-04-30","USD",93.00,90,"3XS:10|2XS:20|XS:20|S:10|M:10|L:10|XL:10"
251439,"2022-09-15 08:39:53.45","#SAW420",50.00,68.00,93.00,120.90,"2023-03-31","129336105","PO",4,,,,"","ALMA","SAW420A0",30022,8002,"2023-03-31","2023-04-30","USD",93.00,90,"3XS:10|2XS:20|XS:20|S:10|M:10|L:10|XL:10"
251440,"2022-09-15 08:39:53.45","#SAW421",50.00,68.00,93.00,120.90,"2023-03-31","129336107","PO",4,,,,"","ALMA","SAW421A1",30045,1002,"2023-03-31","2023-04-30","USD",93.00,90,"3XS:10|2XS:20|XS:20|S:10|M:10|L:10|XL:10"
251441,"2022-09-15 08:39:53.45","#SAW422",50.00,68.00,93.00,120.90,"2023-03-31","129336107","PO",4,,,,"","ALMA","SAW422A1",30046,1016,"2023-03-31","2023-04-30","USD",93.00,90,"3XS:10|2XS:20|XS:20|S:10|M:10|L:10|XL:10"
251442,"2022-09-15 08:39:53.45","#SAW423",50.00,68.00,93.00,120.90,"2023-03-31","129336107","PO",4,,,,"","ALMA","SAW423A0",30047,3002,"2023-03-31","2023-04-30","USD",93.00,90,"3XS:10|2XS:20|XS:20|S:10|M:10|L:10|XL:10"
251443,"2022-09-15 08:39:53.45","#SAW424",50.00,68.00,93.00,120.90,"2023-03-31","129336107","PO",4,,,,"","ALMA","SAW424A1",30065,4002,"2023-03-31","2023-04-30","USD",93.00,90,"3XS:10|2XS:20|XS:20|S:10|M:10|L:10|XL:10"
251444,"2022-09-15 08:39:53.45","#SAW425",50.00,68.00,93.00,120.90,"2023-03-31","129336107","PO",4,,,,"","ALMA","SAW425A0",30074,5002,"2023-03-31","2023-04-30","USD",93.00,90,"3XS:10|2XS:20|XS:20|S:10|M:10|L:10|XL:10"
251445,"2022-09-15 08:39:53.45","#SAW426",50.00,68.00,93.00,120.90,"2023-03-31","129336107","PO",4,,,,"","ALMA","SAW426A1",30075,6002,"2023-03-31","2023-04-30","USD",93.00,90,"3XS:10|2XS:20|XS:20|S:10|M:10|L:10|XL:10"
251446,"2022-09-15 08:39:53.45","#SAW427",50.00,68.00,93.00,120.90,"2023-03-31","129336107","PO",4,,,,"","ALMA","SAW427A1",30025,8002,"2023-03-31","2023-04-30","USD",93.00,90,"3XS:10|2XS:20|XS:20|S:10|M:10|L:10|XL:10"
251447,"2022-09-15 08:39:53.45","#SAW428",50.00,68.00,93.00,120.90,"2023-03-31","129336114","PO",4,,,,"","ALMA","SAW428A0",30026,1002,"2023-03-31","2023-04-30","USD",93.00,90,"3XS:10|2XS:20|XS:20|S:10|M:10|L:10|XL:10"
251448,"2022-09-15 08:39:53.45","#SAW429",50.00,68.00,93.00,120.90,"2023-03-31","129336114","PO",4,,,,"","ALMA","SAW429A1",30027,1016,"2023-03-31","2023-04-30","USD",93.00,90,"3XS:10|2XS:20|XS:20|S:10|M:10|L:10|XL:10"
251449,"2022-09-15 08:39:53.45","#SAW430",50.00,68.00,93.00,120.90,"2023-03-31","129336114","PO",4,,,,"","ALMA","SAW430A0",30066,3002,"2023-03-31","2023-04-30","USD",93.00,90,"3XS:10|2XS:20|XS:20|S:10|M:10|L:10|XL:10"
251450,"2022-09-15 08:39:53.45","#SAW431",50.00,68.00,93.00,120.90,"2023-03-31","129336114","PO",4,,,,"","ALMA","SAW431A1",30067,4002,"2023-03-31","2023-04-30","USD",93.00,90,"3XS:10|2XS:20|XS:20|S:10|M:10|L:10|XL:10"
251451,"2022-09-15 08:39:53.45","#SAW432",50.00,68.00,93.00,120.90,"2023-03-31","129336114","PO",4,,,,"","ALMA","SAW432A1",30068,5002,"2023-03-31","2023-04-30","USD",93.00,90,"3XS:10|2XS:20|XS:20|S:10|M:10|L:10|XL:10"
251452,"2022-09-15 08:39:53.45","#SAW433",50.00,68.00,93.00,120.90,"2023-03-31","129336114","PO",4,,,,"","ALMA","SAW433A0",30069,6002,"2023-03-31","2023-04-30","USD",93.00,90,"3XS:10|2XS:20|XS:20|S:10|M:10|L:10|XL:10"
251453,"2022-09-15 08:39:53.45","#SAW434",50.00,68.00,93.00,120.90,"2023-03-31","129336114","PO",4,,,,"","ALMA","SAW434A1",30070,8002,"2023-03-31","2023-04-30","USD",93.00,90,"3XS:10|2XS:20|XS:20|S:10|M:10|L:10|XL:10"
251454,"2022-09-15 08:39:53.45","#SAW435",50.00,68.00,93.00,120.90,"2023-03-31","129336131","PO",4,,,,"","ALMA","SAW435A0",30071,1002,"2023-03-31","2023-04-30","USD",93.00,90,"3XS:10|2XS:20|XS:20|S:10|M:10|L:10|XL:10"
251455,"2022-09-15 08:39:53.45","#SAW436",50.00,68.00,93.00,120.90,"2023-03-31","129336131","PO",4,,,,"","ALMA","SAW436A1",30072,1016,"2023-03-31","2023-04-30","USD",93.00,90,"3XS:10|2XS:20|XS:20|S:10|M:10|L:10|XL:10"
251456,"2022-09-15 08:39:53.45","#SAW437",50.00,68.00,93.00,120.90,"2023-03-31","129336131","PO",4,,,,"","ALMA","SAW437A1",30073,3002,"2023-03-31","2023-04-30","USD",93.00,90,"3XS:10|2XS:20|XS:20|S:10|M:10|L:10|XL:10"
251457,"2022-09-15 08:39:53.45","#SAW438",50.00,68.00,93.00,120.90,"2023-03-31","129336131","PO",4,,,,"","ALMA","SAW438A0",30029,4002,"2023-03-31","2023-04-30","USD",93.00,90,"3XS:10|2XS:20|XS:20|S:10|M:10|L:10|XL:10"
251458,"2022-09-15 08:39:53.45","#SAW439",50.00,68.00,93.00,120.90,"2023-03-31","129336131","PO",4,,,,"","ALMA","SAW439A1",30013,5002,"2023-03-31","2023-04-30","USD",93.00,90,"3XS:10|2XS:20|XS:20|S:10|M:10|L:10|XL:10"
251459,"2022-09-15 08:39:53.45","#SAW440",50.00,68.00,93.00,120.90,"2023-03-31","129336131","PO",4,,,,"","ALMA","SAW440A0",30022,6002,"2023-03-31","2023-04-30","USD",93.00,90,"3XS:10|2XS:20|XS:20|S:10|M:10|L:10|XL:10"
251460,"2022-09-15 08:39:53.45","#SAW441",50.00,68.00,93.00,120.90,"2023-03-31","129336131","PO",4,,,,"","ALMA","SAW441A1",30045,8002,"2023-03-31","2023-04-30","USD",93.00,90,"3XS:10|2XS:20|XS:20|S:10|M:10|L:10|XL:10"
251461,"2022-09-15 08:39:53.45","#SAW442",50.00,68.00,93.00,120.90,"2023-03-31","129336134","PO",4,,,,"","ALMA","SAW442A1",30046,1002,"2023-03-31","2023-04-30","USD",93.00,90,"3XS:10|2XS:20|XS:20|S:10|M:10|L:10|XL:10"
251462,"2022-09-15 08:39:53.45","#SAW443",50.00,68.00,93.00,120.90,"2023-03-31","129336134","PO",4,,,,"","ALMA","SAW443A0",30047,1016,"2023-03-31","2023-04-30","USD",93.00,90,"3XS:10|2XS:20|XS:20|S:10|M:10|L:10|XL:10"
251463,"2022-09-15 08:39:53.45","#SAW444",50.00,68.00,93.00,120.90,"2023-03-31","129336134","PO",4,,,,"","ALMA","SAW444A1",30065,3002,"2023-03-31","2023-04-30","USD",93.00,90,"3XS:10|2XS:20|XS:20|S:10|M:10|L:10|XL:10"
251464,"2022-09-15 08:39:53.45","#SAW445",50.00,68.00,93.00,120.90,"2023-03-31","129336134","PO",4,,,,"","ALMA","SAW445A0",30074,4002,"2023-03-31","2023-04-30","USD",93.00,90,"3XS:10|2XS:20|XS:20|S:10|M:10|L:10|XL:10"
251465,"2022-09-15 08:39:53.45","#SAW446",50.00,68.00,93.00,120.90,"2023-03-31","129336134","PO",4,,,,"","ALMA","SAW446A1",30075,5002,"2023-03-31","2023-04-30","USD",93.00,90,"3XS:10|2XS:20|XS:20|S:10|M:10|L:10|XL:10"
251466,"2022-09-15 08:39:53.45","#SAW447",50.00,68.00,93.00,120.90,"2023-03-31","129336134","PO",4,,,,"","ALMA","SAW447A1",30025,6002,"2023-03-31","2023-04-30","USD",93.00,90,"3XS:10|2XS:20|XS:20|S:10|M:10|L:10|XL:10"
251467,"2022-09-15 08:39:53.45","#SAW448",50.00,68.00,93.00,120.90,"2023-03-31","129336134","PO",4,,,,"","ALMA","SAW448A0",30026,8002,"2023-03-31","2023-04-30","USD",93.00,90,"3XS:10|2XS:20|XS:20|S:10|M:10|L:10|XL:10"
251468,"2022-09-15 08:39:53.45","#SAW449",50.00,68.00,93.00,120.90,"2023-03-31","129336135","PO",4,,,,"","ALMA","SAW449A1",30027,1002,"2023-03-31","2023-04-30","USD",93.00,90,"3XS:10|2XS:20|XS:20|S:10|M:10|L:10|XL:10"
251469,"2022-09-15 08:39:53.45","#SAW450",50.00,68.00,93.00,120.90,"2023-03-31","129336135","PO",4,,,,"","ALMA","SAW450A0",30066,1016,"2023-03-31","2023-04-30","USD",93.00,90,"3XS:10|2XS:20|XS:20|S:10|M:10|L:10|XL:10"
251470,"2022-09-15 08:39:53.45","#SAW451",50.00,68.00,93.00,120.90,"2023-03-31","129336135","PO",4,,,,"","ALMA","SAW451A1",30067,3002,"2023-03-31","2023-04-30","USD",93.00,90,"3XS:10|2XS:20|XS:20|S:10|M:10|L:10|XL:10"
251471,"2022-09-15 08:39:53.45","#SAW452",50.00,68.00,93.00,120.90,"2023-03-31","129336135","PO",4,,,,"","ALMA","SAW452A1",30068,4002,"2023-03-31","2023-04-30","USD",93.00,90,"3XS:10|2XS:20|XS:20|S:10|M:10|L:10|XL:10"
251472,"2022-09-15 08:39:53.45","#SAW453",50.00,68.00,93.00,120.90,"2023-03-31","129336135","PO",4,,,,"","ALMA","SAW453A0",30069,5002,"2023-03-31","2023-04-30","USD",93.00,90,"3XS:10|2XS:20|XS:20|S:10|M:10|L:10|XL:10"
251473,"2022-09-15 08:39:53.45","#SAW454",50.00,68.00,93.00,120.90,"2023-03-31","129336135","PO",4,,,,"","ALMA","SAW454A1",30070,6002,"2023-03-31","2023-04-30","USD",93.00,90,"3XS:10|2XS:20|XS:20|S:10|M:10|L:10|XL:10"
251474,"2022-09-15 08:39:53.45","#SAW455",50.00,68.00,93.00,120.90,"2023-03-31","129336135","PO",4,,,,"","ALMA","SAW455A0",30071,8002,"2023-03-31","2023-04-30","USD",93.00,90,"3XS:10|2XS:20|XS:20|S:10|M:10|L:10|XL:10"
251475,"2022-09-15 08:39:53.45","#SAW456",50.00,68.00,93.00,120.90,"2023-03-31","129336136","PO",4,,,,"","ALMA","SAW456A1",30072,1002,"2023-03-31","2023-04-30","USD",93.00,90,"3XS:10|2XS:20|XS:20|S:10|M:10|L:10|XL:10"
251476,"2022-09-15 08:39:53.45","#SAW457",50.00,68.00,93.00,120.90,"2023-03-31","129336136","PO",4,,,,"","ALMA","SAW457A1",30073,1016,"2023-03-31","2023-04-30","USD",93.00,90,"3XS:10|2XS:20|XS:20|S:10|M:10|L:10|XL:10"
251477,"2022-09-15 08:39:53.45","#SAW458",50.00,68.00,93.00,120.90,"2023-03-31","129336136","PO",4,,,,"","ALMA","SAW458A0",30029,3002,"2023-03-31","2023-04-30","USD",93.00,90,"3XS:10|2XS:20|XS:20|S:10|M:10|L:10|XL:10"
251478,"2022-09-15 08:39:53.45","#SAW459",50.00,68.00,93.00,120.90,"2023-03-31","129336136","PO",4,,,,"","ALMA","SAW459A1",30013,4002,"2023-03-31","2023-04-30","USD",93.00,90,"3XS:10|2XS:20|XS:20|S:10|M:10|L:10|XL:10"
251479,"2022-09-15 08:39:53.45","#SAW460",50.00,68.00,93.00,120.90,"2023-03-31","129336136","PO",4,,,,"","ALMA","SAW460A0",30022,5002,"2023-03-31","2023-04-30","USD",93.00,90,"3XS:10|2XS:20|XS:20|S:10|M:10|L:10|XL:10"
251480,"2022-09-15 08:39:53.45","#SAW461",50.00,68.00,93.00,120.90,"2023-03-31","129336136","PO",4,,,,"","ALMA","SAW461A1",30045,6002,"2023-03-31","2023-04-30","USD",93.00,90,"3XS:10|2XS:20|XS:20|S:10|M:10|L:10|XL:10"
251481,"2022-09-15 08:39:53.45","#SAW462",50.00,68.00,93.00,120.90,"2023-03-31","129336136","PO",4,,,,"","ALMA","SAW462A1",30046,8002,"2023-03-31","2023-04-30","USD",93.00,90,"3XS:10|2XS:20|XS:20|S:10|M:10|L:10|XL:10"
251482,"2022-09-15 08:39:53.45","#SAW463",50.00,68.00,93.00,120.90,"2023-03-31","129336140","PO",4,,,,"","ALMA","SAW463A0",30047,1002,"2023-03-31","2023-04-30","USD",93.00,90,"3XS:10|2XS:20|XS:20|S:10|M:10|L:10|XL:10"
251483,"2022-09-15 08:39:53.45","#SAW464",50.00,68.00,93.00,120.90,"2023-03-31","129336140","PO",4,,,,"","ALMA","SAW464A1",30065,1016,"2023-03-31","2023-04-30","USD",93.00,90,"3XS:10|2XS:20|XS:20|S:10|M:10|L:10|XL:10"
251484,"2022-09-15 08:39:53.45","#SAW465",50.00,68.00,93.00,120.90,"2023-03-31","129336140","PO",4,,,,"","ALMA","SAW465A0",30074,3002,"2023-03-31","2023-04-30","USD",93.00,90,"3XS:10|2XS:20|XS:20|S:10|M:10|L:10|XL:10"
251485,"2022-09-15 08:39:53.45","#SAW466",50.00,68.00,93.00,120.90,"2023-03-31","129336140","PO",4,,,,"","ALMA","SAW466A1",30075,4002,"2023-03-31","2023-04-30","USD",93.00,90,"3XS:10|2XS:20|XS:20|S:10|M:10|L:10|XL:10"
251486,"2022-09-15 08:39:53.45","#SAW467",50.00,68.00,93.00,120.90,"2023-03-31","129336140","PO",4,,,,"","ALMA","SAW467A1",30025,5002,"2023-03-31","2023-04-30","USD",93.00,90,"3XS:10|2XS:20|XS:20|S:10|M:10|L:10|XL:10"
251487,"2022-09-15 08:39:53.45","#SAW468",50.00,68.00,93.00,120.90,"2023-03-31","129336140","PO",4,,,,"","ALMA","SAW468A0",30026,6002,"2023-03-31","2023-04-30","USD",93.00,90,"3XS:10|2XS:20|XS:20|S:10|M:10|L:10|XL:10"
251488,"2022-09-15 08:39:53.45","#SAW469",50.00,68.00,93.00,120.90,"2023-03-31","129336140","PO",4,,,,"","ALMA","SAW469A1",30027,8002,"2023-03-31","2023-04-30","USD",93.00,90,"3XS:10|2XS:20|XS:20|S:10|M:10|L:10|XL:10"
251489,"2022-09-15 08:39:53.45","#SAW470",50.00,68.00,93.00,120.90,"2023-03-31","129336141","PO",4,,,,"","ALMA","SAW470A0",30066,1002,"2023-03-31","2023-04-30","USD",93.00,90,"3XS:10|2XS:20|XS:20|S:10|M:10|L:10|XL:10"
251490,"2022-09-15 08:39:53.45","#SAW471",50.00,68.00,93.00,120.90,"2023-03-31","129336141","PO",4,,,,"","ALMA","SAW471A1",30067,1016,"2023-03-31","2023-04-30","USD",93.00,90,"3XS:10|2XS:20|XS:20|S:10|M:10|L:10|XL:10"
251491,"2022-09-15 08:39:53.45","#SAW472",50.00,68.00,93.00,120.90,"2023-03-31","129336141","PO",4,,,,"","ALMA","SAW472A1",30068,3002,"2023-03-31","2023-04-30","USD",93.00,90,"3XS:10|2XS:20|XS:20|S:10|M:10|L:10|XL:10"
251492,"2022-09-15 08:39:53.45","#SAW473",50.00,68.00,93.00,120.90,"2023-03-31","129336141","PO",4,,,,"","ALMA","SAW473A0",30069,4002,"2023-03-31","2023-04-30","USD",93.00,90,"3XS:10|2XS:20|XS:20|S:10|M:10|L:10|XL:10"
251493,"2022-09-15 08:39:53.45","#SAW474",50.00,68.00,93.00,120.90,"2023-03-31","129336141","PO",4,,,,"","ALMA","SAW474A1",30070,5002,"2023-03-31","2023-04-30","USD",93.00,90,"3XS:10|2XS:20|XS:20|S:10|M:10|L:10|XL:10"
251494,"2022-09-15 08:39:53.45","#SAW475",50.00,68.00,93.00,120.90,"2023-03-31","129336141","PO",4,,,,"","ALMA","SAW475A0",30071,6002,"2023-03-31","2023-04-30","USD",93.00,90,"3XS:10|2XS:20|XS:20|S:10|M:10|L:10|XL:10"
251495,"2022-09-15 08:39:53.45","#SAW476",50.00,68.00,93.00,120.90,"2023-03-31","129336141","PO",4,,,,"","ALMA","SAW476A1",30072,8002,"2023-03-31","2023-04-30","USD",93.00,90,"3XS:10|2XS:20|XS:20|S:10|M:10|L:10|XL:10"
251496,"2022-09-15 08:39:53.45","#SAW477",50.00,68.00,93.00,120.90,"2023-03-31","129336147","PO",4,,,,"","ALMA","SAW477A1",30073,1002,"2023-03-31","2023-04-30","USD",93.00,90,"3XS:10|2XS:20|XS:20|S:10|M:10|L:10|XL:10"
251497,"2022-09-15 08:39:53.45","#SAW478",50.00,68.00,93.00,120.90,"2023-03-31","129336147","PO",4,,,,"","ALMA","SAW478A0",30029,1016,"2023-03-31","2023-04-30","USD",93.00,90,"3XS:10|2XS:20|XS:20|S:10|M:10|L:10|XL:10"
251498,"2022-09-15 08:39:53.45","#SAW479",50.00,68.00,93.00,120.90,"2023-03-31","129336147","PO",4,,,,"","ALMA","SAW479A1",30013,3002,"2023-03-31","2023-04-30","USD",93.00,90,"3XS:10|2XS:20|XS:20|S:10|M:10|L:10|XL:10"
251499,"2022-09-15 08:39:53.45","#SAW480",50.00,68.00,93.00,120.90,"2023-03-31","129336147","PO",4,,,,"","ALMA","SAW480A0",30022,4002,"2023-03-31","2023-04-30","USD",93.00,90,"3XS:10|2XS:20|XS:20|S:10|M:10|L:10|XL:10"
251500,"2022-09-15 08:39:53.45","#SAW481",50.00,68.00,93.00,120.90,"2023-03-31","129336147","PO",4,,,,"","ALMA","SAW481A1",30045,5002,"2023-03-31","2023-04-30","USD",93.00,90,"3XS:10|2XS:20|XS:20|S:10|M:10|L:10|XL:10"
250001,"2022-09-15 08:39:53.45","#SAW482",50.00,68.00,93.00,120.90,"2023-03-31","129336147","PO",4,,,,"","ALMA","SAW482A1",30046,6002,"2023-03-31","2023-04-30","USD",93.00,90,"3XS:10|2XS:20|XS:20|S:10|M:10|L:10|XL:10"
250002,"2022-09-15 08:39:53.45","#SAW483",50.00,68.00,93.00,120.90,"2023-03-31","129336147","PO",4,,,,"","ALMA","SAW483A0",30047,8002,"2023-03-31","2023-04-30","USD",93.00,90,"3XS:10|2XS:20|XS:20|S:10|M:10|L:10|XL:10"
250003,"2022-09-15 08:39:53.45","#SAW484",50.00,68.00,93.00,120.90,"2023-03-31","129336151","PO",4,,,,"","ALMA","SAW484A1",30065,1002,"2023-03-31","2023-04-30","USD",93.00,90,"3XS:10|2XS:20|XS:20|S:10|M:10|L:10|XL:10"
250004,"2022-09-15 08:39:53.45","#SAW485",50.00,68.00,93.00,120.90,"2023-03-31","129336151","PO",4,,,,"","ALMA","SAW485A0",30074,1016,"2023-03-31","2023-04-30","USD",93.00,90,"3XS:10|2XS:20|XS:20|S:10|M:10|L:10|XL:10"
250005,"2022-09-15 08:39:53.45","#SAW486",50.00,68.00,93.00,120.90,"2023-03-31","129336151","PO",4,,,,"","ALMA","SAW486A1",30075,3002,"2023-03-31","2023-04-30","USD",93.00,90,"3XS:10|2XS:20|XS:20|S:10|M:10|L:10|XL:10"
250006,"2022-09-15 08:39:53.45","#SAW487",50.00,68.00,93.00,120.90,"2023-03-31","129336151","PO",4,,,,"","ALMA","SAW487A1",30025,4002,"2023-03-31","2023-04-30","USD",93.00,90,"3XS:10|2XS:20|XS:20|S:10|M:10|L:10|XL:10"
250007,"2022-09-15 08:39:53.45","#SAW488",50.00,68.00,93.00,120.90,"2023-03-31","129336151","PO",4,,,,"","ALMA","SAW488A0",30026,5002,"2023-03-31","2023-04-30","USD",93.00,90,"3XS:10|2XS:20|XS:20|S:10|M:10|L:10|XL:10"
250008,"2022-09-15 08:39:53.45","#SAW489",50.00,68.00,93.00,120.90,"2023-03-31","129336151","PO",4,,,,"","ALMA","SAW489A1",30027,6002,"2023-03-31","2023-04-30","USD",93.00,90,"3XS:10|2XS:20|XS:20|S:10|M:10|L:10|XL:10"
250009,"2022-09-15 08:39:53.45","#SAW490",50.00,68.00,93.00,120.90,"2023-03-31","129336151","PO",4,,,,"","ALMA","SAW490A0",30066,8002,"2023-03-31","2023-04-30","USD",93.00,90,"3XS:10|2XS:20|XS:20|S:10|M:10|L:10|XL:10"
250010,"2022-09-15 08:39:53.45","#SAW491",50.00,68.00,93.00,120.90,"2023-03-31","129336152","PO",4,,,,"","ALMA","SAW491A1",30067,1002,"2023-03-31","2023-04-30","USD",93.00,90,"3XS:10|2XS:20|XS:20|S:10|M:10|L:10|XL:10"
250011,"2022-09-15 08:39:53.45","#SAW492",50.00,68.00,93.00,120.90,"2023-03-31","129336152","PO",4,,,,"","ALMA","SAW492A1",30068,1016,"2023-03-31","2023-04-30","USD",93.00,90,"3XS:10|2XS:20|XS:20|S:10|M:10|L:10|XL:10"
250012,"2022-09-15 08:39:53.45","#SAW493",50.00,68.00,93.00,120.90,"2023-03-31","129336152","PO",4,,,,"","ALMA","SAW493A0",30069,3002,"2023-03-31","2023-04-30","USD",93.00,90,"3XS:10|2XS:20|XS:20|S:10|M:10|L:10|XL:10"
250013,"2022-09-15 08:39:53.45","#SAW494",50.00,68.00,93.00,120.90,"2023-03-31","129336152","PO",4,,,,"","ALMA","SAW494A1",30070,4002,"2023-03-31","2023-04-30","USD",93.00,90,"3XS:10|2XS:20|XS:20|S:10|M:10|L:10|XL:10"
250014,"2022-09-15 08:39:53.45","#SAW495",50.00,68.00,93.00,120.90,"2023-03-31","129336152","PO",4,,,,"","ALMA","SAW495A0",30071,5002,"2023-03-31","2023-04-30","USD",93.00,90,"3XS:10|2XS:20|XS:20|S:10|M:10|L:10|XL:10"
250015,"2022-09-15 08:39:53.45","#SAW496",50.00,68.00,93.00,120.90,"2023-03-31","129336152","PO",4,,,,"","ALMA","SAW496A1",30072,6002,"2023-03-31","2023-04-30","USD",93.00,90,"3XS:10|2XS:20|XS:20|S:10|M:10|L:10|XL:10"
250016,"2022-09-15 08:39:53.45","#SAW497",50.00,68.00,93.00,120.90,"2023-03-31","129336152","PO",4,,,,"","ALMA","SAW497A1",30073,8002,"2023-03-31","2023-04-30","USD",93.00,90,"3XS:10|2XS:20|XS:20|S:10|M:10|L:10|XL:10"
250017,"2022-09-15 08:39:53.45","#SAW498",50.00,68.00,93.00,120.90,"2023-03-31","129336157","PO",4,,,,"","ALMA","SAW498A0",30029,1002,"2023-03-31","2023-04-30","USD",93.00,90,"3XS:10|2XS:20|XS:20|S:10|M:10|L:10|XL:10"
250018,"2022-09-15 08:39:53.45","#SAW499",50.00,68.00,93.00,120.90,"2023-03-31","129336157","PO",4,,,,"","ALMA","SAW499A1",30013,1016,"2023-03-31","2023-04-30","USD",93.00,90,"3XS:10|2XS:20|XS:20|S:10|M:10|L:10|XL:10"
250019,"2022-09-15 08:39:53.45","#SAW500",50.00,68.00,93.00,120.90,"2023-03-31","129336157","PO",4,,,,"","ALMA","SAW500A0",30022,3002,"2023-03-31","2023-04-30","USD",93.00,90,"3XS:10|2XS:20|XS:20|S:10|M:10|L:10|XL:10"
250020,"2022-09-15 08:39:53.45","#SAW501",50.00,68.00,93.00,120.90,"2023-03-31","129336157","PO",4,,,,"","ALMA","SAW501A1",30045,4002,"2023-03-31","2023-04-30","USD",93.00,90,"3XS:10|2XS:20|XS:20|S:10|M:10|L:10|XL:10"
250021,"2022-09-15 08:39:53.45","#SAW502",50.00,68.00,93.00,120.90,"2023-03-31","129336157","PO",4,,,,"","ALMA","SAW502A1",30046,5002,"2023-03-31","2023-04-30","USD",93.00,90,"3XS:10|2XS:20|XS:20|S:10|M:10|L:10|XL:10"
250022,"2022-09-15 08:39:53.45","#SAW503",50.00,68.00,93.00,120.90,"2023-03-31","129336157","PO",4,,,,"","ALMA","SAW503A0",30047,6002,"2023-03-31","2023-04-30","USD",93.00,90,"3XS:10|2XS:20|XS:20|S:10|M:10|L:10|XL:10"
250023,"2022-09-15 08:39:53.45","#SAW504",50.00,68.00,93.00,120.90,"2023-03-31","129336157","PO",4,,,,"","ALMA","SAW504A1",30065,8002,"2023-03-31","2023-04-30","USD",93.00,90,"3XS:10|2XS:20|XS:20|S:10|M:10|L:10|XL:10"
250024,"2022-09-15 08:39:53.45","#SAW505",50.00,68.00,93.00,120.90,"2023-03-31","129336159","PO",4,,,,"","ALMA","SAW505A0",30074,1002,"2023-03-31","2023-04-30","USD",93.00,90,"3XS:10|2XS:20|XS:20|S:10|M:10|L:10|XL:10"
250025,"2022-09-15 08:39:53.45","#SAW506",50.00,68.00,93.00,120.90,"2023-03-31","129336159","PO",4,,,,"","ALMA","SAW506A1",30075,1016,"2023-03-31","2023-04-30","USD",93.00,90,"3XS:10|2XS:20|XS:20|S:10|M:10|L:10|XL:10"
250026,"2022-09-15 08:39:53.45","#SAW507",50.00,68.00,93.00,120.90,"2023-05-10","129336159","PO",4,,,,"","ALMA","SAW507A1",30025,3002,"2023-05-10","2023-06-10","USD",93.00,100,"3XS:20|2XS:20|XS:20|S:10|M:10|L:10|XL:10"
250027,"2022-09-15 08:39:53.45","#SAW508",50.00,68.00,93.00,120.90,"2023-05-10","129336159","PO",4,,,,"","ALMA","SAW508A0",30026,4002,"2023-05-10","2023-06-10","USD",93.00,100,"3XS:20|2XS:20|XS:20|S:10|M:10|L:10|XL:10"
250028,"2022-09-15 08:39:53.45","#SAW509",50.00,68.00,93.00,120.90,"2023-05-10","129336159","PO",4,,,,"","ALMA","SAW509A1",30027,5002,"2023-05-10","2023-06-10","USD",93.00,100,"3XS:20|2XS:20|XS:20|S:10|M:10|L:10|XL:10"
250029,"2022-09-15 08:39:53.45","#SAW510",50.00,68.00,93.00,120.90,"2023-05-10","129336159","PO",4,,,,"","ALMA","SAW510A0",30066,6002,"2023-05-10","2023-06-10","USD",93.00,100,"3XS:20|2XS:20|XS:20|S:10|M:10|L:10|XL:10"
250030,"2022-09-15 08:39:53.45","#SAW511",50.00,68.00,93.00,120.90,"2023-05-10","129336159","PO",4,,,,"","ALMA","SAW511A1",30067,8002,"2023-05-10","2023-06-10","USD",93.00,100,"3XS:20|2XS:20|XS:20|S:10|M:10|L:10|XL:10"
250031,"2022-09-15 08:39:53.45","#SAW512",50.00,68.00,93.00,120.90,"2023-05-10","129336160","PO",4,,,,"","ALMA","SAW512A1",30068,1002,"2023-05-10","2023-06-10","USD",93.00,100,"3XS:20|2XS:20|XS:20|S:10|M:10|L:10|XL:10"
250032,"2022-09-15 08:39:53.45","#SAW513",50.00,68.00,93.00,120.90,"2023-05-10","129336160","PO",4,,,,"","ALMA","SAW513A0",30069,1016,"2023-05-10","2023-06-10","USD",93.00,100,"3XS:20|2XS:20|XS:20|S:10|M:10|L:10|XL:10"
250033,"2022-09-15 08:39:53.45","#SAW514",50.00,68.00,93.00,120.90,"2023-05-10","129336160","PO",4,,,,"","ALMA","SAW514A1",30070,3002,"2023-05-10","2023-06-10","USD",93.00,100,"3XS:20|2XS:20|XS:20|S:10|M:10|L:10|XL:10"
250034,"2022-09-15 08:39:53.45","#SAW515",50.00,68.00,93.00,120.90,"2023-05-10","129336160","PO",4,,,,"","ALMA","SAW515A0",30071,4002,"2023-05-10","2023-06-10","USD",93.00,100,"3XS:20|2XS:20|XS:20|S:10|M:10|L:10|XL:10"
250035,"2022-09-15 08:39:53.45","#SAW516",50.00,68.00,93.00,120.90,"2023-05-10","129336160","PO",4,,,,"","ALMA","SAW516A1",30072,5002,"2023-05-10","2023-06-10","USD",93.00,100,"3XS:20|2XS:20|XS:20|S:10|M:10|L:10|XL:10"
250036,"2022-09-15 08:39:53.45","#SAW517",50.00,68.00,93.00,120.90,"2023-05-10","129336160","PO",4,,,,"","ALMA","SAW517A1",30073,6002,"2023-05-10","2023-06-10","USD",93.00,100,"3XS:20|2XS:20|XS:20|S:10|M:10|L:10|XL:10"
250037,"2022-09-15 08:39:53.45","#SAW518",50.00,68.00,93.00,120.90,"2023-05-10","129336160","PO",4,,,,"","ALMA","SAW518A0",30029,8002,"2023-05-10","2023-06-10","USD",93.00,100,"3XS:20|2XS:20|XS:20|S:10|M:10|L:10|XL:10"
250038,"2022-09-15 08:39:53.45","#SAW519",50.00,68.00,93.00,120.90,"2023-05-10","129336173","PO",4,,,,"","ALMA","SAW519A1",30013,1002,"2023-05-10","2023-06-10","USD",93.00,100,"3XS:20|2XS:20|XS:20|S:10|M:10|L:10|XL:10"
250039,"2022-09-15 08:39:53.45","#SAW520",50.00,68.00,93.00,120.90,"2023-05-10","129336173","PO",4,,,,"","ALMA","SAW520A0",30022,1016,"2023-05-10","2023-06-10","USD",93.00,100,"3XS:20|2XS:20|XS:20|S:10|M:10|L:10|XL:10"
250040,"2022-09-15 08:39:53.45","#SAW521",50.00,68.00,93.00,120.90,"2023-05-10","129336173","PO",4,,,,"","ALMA","SAW521A1",30045,3002,"2023-05-10","2023-06-10","USD",93.00,100,"3XS:20|2XS:20|XS:20|S:10|M:10|L:10|XL:10"
250041,"2022-09-15 08:39:53.45","#SAW522",50.00,68.00,93.00,120.90,"2023-05-10","129336173","PO",4,,,,"","ALMA","SAW522A1",30046,4002,"2023-05-10","2023-06-10","USD",93.00,100,"3XS:20|2XS:20|XS:20|S:10|M:10|L:10|XL:10"
250042,"2022-09-15 08:39:53.45","#SAW523",50.00,68.00,93.00,120.90,"2023-05-10","129336173","PO",4,,,,"","ALMA","SAW523A0",30047,5002,"2023-05-10","2023-06-10","USD",93.00,100,"3XS:20|2XS:20|XS:20|S:10|M:10|L:10|XL:10"
250043,"2022-09-15 08:39:53.45","#SAW524",50.00,68.00,93.00,120.90,"2023-05-10","129336173","PO",4,,,,"","ALMA","SAW524A1",30065,6002,"2023-05-10","2023-06-10","USD",93.00,100,"3XS:20|2XS:20|XS:20|S:10|M:10|L:10|XL:10"
250044,"2022-09-15 08:39:53.45","#SAW525",50.00,68.00,93.00,120.90,"2023-05-10","129336173","PO",4,,,,"","ALMA","SAW525A0",30074,8002,"2023-05-10","2023-06-10","USD",93.00,100,"3XS:20|2XS:20|XS:20|S:10|M:10|L:10|XL:10"
250045,"2022-09-15 08:39:53.45","#SAW526",50.00,68.00,93.00,120.90,"2023-05-10","129336177","PO",4,,,,"","ALMA","SAW526A1",30075,1002,"2023-05-10","2023-06-10","USD",93.00,100,"3XS:20|2XS:20|XS:20|S:10|M:10|L:10|XL:10"
250046,"2022-09-15 08:39:53.45","#SAW527",50.00,68.00,93.00,120.90,"2023-05-10","129336177","PO",4,,,,"","ALMA","SAW527A1",30025,1016,"2023-05-10","2023-06-10","USD",93.00,100,"3XS:20|2XS:20|XS:20|S:10|M:10|L:10|XL:10"
250047,"2022-09-15 08:39:53.45","#SAW528",50.00,68.00,93.00,120.90,"2023-05-10","129336177","PO",4,,,,"","ALMA","SAW528A0",30026,3002,"2023-05-10","2023-06-10","USD",93.00,100,"3XS:20|2XS:20|XS:20|S:10|M:10|L:10|XL:10"
250048,"2022-09-15 08:39:53.45","#SAW529",50.00,68.00,93.00,120.90,"2023-05-10","129336177","PO",4,,,,"","ALMA","SAW529A1",30027,4002,"2023-05-10","2023-06-10","USD",93.00,100,"3XS:20|2XS:20|XS:20|S:10|M:10|L:10|XL:10"
250049,"2022-09-15 08:39:53.45","#SAW530",50.00,68.00,93.00,120.90,"2023-05-10","129336177","PO",4,,,,"","ALMA","SAW530A0",30066,5002,"2023-05-10","2023-06-10","USD",93.00,100,"3XS:20|2XS:20|XS:20|S:10|M:10|L:10|XL:10"
250050,"2022-09-15 08:39:53.45","#SAW531",50.00,68.00,93.00,120.90,"2023-05-10","129336177","PO",4,,,,"","ALMA","SAW531A1",30067,6002,"2023-05-10","2023-06-10","USD",93.00,100,"3XS:20|2XS:20|XS:20|S:10|M:10|L:10|XL:10"
250051,"2022-09-15 08:39:53.45","#SAW532",50.00,68.00,93.00,120.90,"2023-05-10","129336177","PO",4,,,,"","ALMA","SAW532A1",30068,8002,"2023-05-10","2023-06-10","USD",93.00,100,"3XS:20|2XS:20|XS:20|S:10|M:10|L:10|XL:10"
250052,"2022-09-15 08:39:53.45","#SAW533",50.00,68.00,93.00,120.90,"2023-05-10","129336186","PO",4,,,,"","ALMA","SAW533A0",30069,1002,"2023-05-10","2023-06-10","USD",93.00,100,"3XS:20|2XS:20|XS:20|S:10|M:10|L:10|XL:10"
250053,"2022-09-15 08:39:53.45","#SAW534",50.00,68.00,93.00,120.90,"2023-05-10","129336186","PO",4,,,,"","ALMA","SAW534A1",30070,1016,"2023-05-10","2023-06-10","USD",93.00,100,"3XS:20|2XS:20|XS:20|S:10|M:10|L:10|XL:10"
250054,"2022-09-15 08:39:53.45","#SAW535",50.00,68.00,93.00,120.90,"2023-05-10","129336186","PO",4,,,,"","ALMA","SAW535A0",30071,3002,"2023-05-10","2023-06-10","USD",93.00,100,"3XS:20|2XS:20|XS:20|S:10|M:10|L:10|XL:10"
250055,"2022-09-15 08:39:53.45","#SAW536",50.00,68.00,93.00,120.90,"2023-05-10","129336186","PO",4,,,,"","ALMA","SAW536A1",30072,4002,"2023-05-10","2023-06-10","USD",93.00,100,"3XS:20|2XS:20|XS:20|S:10|M:10|L:10|XL:10"
250056,"2022-09-15 08:39:53.45","#SAW537",50.00,68.00,93.00,120.90,"2023-05-10","129336186","PO",4,,,,"","ALMA","SAW537A1",30073,5002,"2023-05-10","2023-06-10","USD",93.00,100,"3XS:20|2XS:20|XS:20|S:10|M:10|L:10|XL:10"
250057,"2022-09-15 08:39:53.45","#SAW538",50.00,68.00,93.00,120.90,"2023-05-10","129336186","PO",4,,,,"","ALMA","SAW538A0",30029,6002,"2023-05-10","2023-06-10","USD",93.00,100,"3XS:20|2XS:20|XS:20|S:10|M:10|L:10|XL:10"
250058,"2022-09-15 08:39:53.45","#SAW539",50.00,68.00,93.00,120.90,"2023-05-10","129336186","PO",4,,,,"","ALMA","SAW539A1",30013,8002,"2023-05-10","2023-06-10","USD",93.00,100,"3XS:20|2XS:20|XS:20|S:10|M:10|L:10|XL:10"
250059,"2022-09-15 08:39:53.45","#SAW540",50.00,68.00,93.00,120.90,"2023-05-10","129336189","PO",4,,,,"","ALMA","SAW540A0",30022,1002,"2023-05-10","2023-06-10","USD",93.00,100,"3XS:20|2XS:20|XS:20|S:10|M:10|L:10|XL:10"
250060,"2022-09-15 08:39:53.45","#SAW541",50.00,68.00,93.00,120.90,"2023-05-10","129336189","PO",4,,,,"","ALMA","SAW541A1",30045,1016,"2023-05-10","2023-06-10","USD",93.00,100,"3XS:20|2XS:20|XS:20|S:10|M:10|L:10|XL:10"
250061,"2022-09-15 08:39:53.45","#SAW542",50.00,68.00,93.00,120.90,"2023-05-10","129336189","PO",4,,,,"","ALMA","SAW542A1",30046,3002,"2023-05-10","2023-06-10","USD",93.00,100,"3XS:20|2XS:20|XS:20|S:10|M:10|L:10|XL:10"
250062,"2022-09-15 08:39:53.45","#SAW543",50.00,68.00,93.00,120.90,"2023-05-10","129336189","PO",4,,,,"","ALMA","SAW543A0",30047,4002,"2023-05-10","2023-06-10","USD",93.00,100,"3XS:20|2XS:20|XS:20|S:10|M:10|L:10|XL:10"
250063,"2022-09-15 08:39:53.45","#SAW544",50.00,68.00,93.00,120.90,"2023-05-10","129336189","PO",4,,,,"","ALMA","SAW544A1",30065,5002,"2023-05-10","2023-06-10","USD",93.00,100,"3XS:20|2XS:20|XS:20|S:10|M:10|L:10|XL:10"
250064,"2022-09-15 08:39:53.45","#SAW545",50.00,68.00,93.00,120.90,"2023-05-10","129336189","PO",4,,,,"","ALMA","SAW545A0",30074,6002,"2023-05-10","2023-06-10","USD",93.00,100,"3XS:20|2XS:20|XS:20|S:10|M:10|L:10|XL:10"
250065,"2022-09-15 08:39:53.45","#SAW546",50.00,68.00,93.00,120.90,"2023-05-10","129336189","PO",4,,,,"","ALMA","SAW546A1",30075,8002,"2023-05-10","2023-06-10","USD",93.00,100,"3XS:20|2XS:20|XS:20|S:10|M:10|L:10|XL:10"
250066,"2022-09-15 08:39:53.45","#SAW547",50.00,68.00,93.00,120.90,"2023-05-10","129336198","PO",4,,,,"","ALMA","SAW547A1",30025,1002,"2023-05-10","2023-06-10","USD",93.00,100,"3XS:20|2XS:20|XS:20|S:10|M:10|L:10|XL:10"
250067,"2022-09-15 08:39:53.45","#SAW548",50.00,68.00,93.00,120.90,"2023-05-10","129336198","PO",4,,,,"","ALMA","SAW548A0",30026,1016,"2023-05-10","2023-06-10","USD",93.00,100,"3XS:20|2XS:20|XS:20|S:10|M:10|L:10|XL:10"
250068,"2022-09-15 08:39:53.45","#SAW549",50.00,68.00,93.00,120.90,"2023-05-10","129336198","PO",4,,,,"","ALMA","SAW549A1",30027,3002,"2023-05-10","2023-06-10","USD",93.00,100,"3XS:20|2XS:20|XS:20|S:10|M:10|L:10|XL:10"
250069,"2022-09-15 08:39:53.45","#SAW550",50.00,68.00,93.00,120.90,"2023-05-10","129336198","PO",4,,,,"","ALMA","SAW550A0",30066,4002,"2023-05-10","2023-06-10","USD",93.00,100,"3XS:20|2XS:20|XS:20|S:10|M:10|L:10|XL:10"
250070,"2022-09-15 08:39:53.45","#SAW551",50.00,68.00,93.00,120.90,"2023-05-10","129336198","PO",4,,,,"","ALMA","SAW551A1",30067,5002,"2023-05-10","2023-06-10","USD",93.00,100,"3XS:20|2XS:20|XS:20|S:10|M:10|L:10|XL:10"
250071,"2022-09-15 08:39:53.45","#SAW552",50.00,68.00,93.00,120.90,"2023-05-10","129336198","PO",4,,,,"","ALMA","SAW552A1",30068,6002,"2023-05-10","2023-06-10","USD",93.00,100,"3XS:20|2XS:20|XS:20|S:10|M:10|L:10|XL:10"
250072,"2022-09-15 08:39:53.45","#SAW553",50.00,68.00,93.00,120.90,"2023-05-10","129336198","PO",4,,,,"","ALMA","SAW553A0",30069,8002,"2023-05-10","2023-06-10","USD",93.00,100,"3XS:20|2XS:20|XS:20|S:10|M:10|L:10|XL:10"
250073,"2022-09-15 08:39:53.45","#SAW554",50.00,68.00,93.00,120.90,"2023-05-10","129336222","PO",4,,,,"","ALMA","SAW554A1",30070,1002,"2023-05-10","2023-06-10","USD",93.00,100,"3XS:20|2XS:20|XS:20|S:10|M:10|L:10|XL:10"
250074,"2022-09-15 08:39:53.45","#SAW555",50.00,68.00,93.00,120.90,"2023-05-10","129336222","PO",4,,,,"","ALMA","SAW555A0",30071,1016,"2023-05-10","2023-06-10","USD",93.00,100,"3XS:20|2XS:20|XS:20|S:10|M:10|L:10|XL:10"
250075,"2022-09-15 08:39:53.45","#SAW556",50.00,68.00,93.00,120.90,"2023-05-10","129336222","PO",4,,,,"","ALMA","SAW556A1",30072,3002,"2023-05-10","2023-06-10","USD",93.00,100,"3XS:20|2XS:20|XS:20|S:10|M:10|L:10|XL:10"
250076,"2022-09-15 08:39:53.45","#SAW557",50.00,68.00,93.00,120.90,"2023-05-10","129336222","PO",4,,,,"","ALMA","SAW557A1",30073,4002,"2023-05-10","2023-06-10","USD",93.00,100,"3XS:20|2XS:20|XS:20|S:10|M:10|L:10|XL:10"
250077,"2022-09-15 08:39:53.45","#SAW558",50.00,68.00,93.00,120.90,"2023-05-10","129336222","PO",4,,,,"","ALMA","SAW558A0",30029,5002,"2023-05-10","2023-06-10","USD",93.00,100,"3XS:20|2XS:20|XS:20|S:10|M:10|L:10|XL:10"
250078,"2022-09-15 08:39:53.45","#SAW559",50.00,68.00,93.00,120.90,"2023-05-10","129336222","PO",4,,,,"","ALMA","SAW559A1",30013,6002,"2023-05-10","2023-06-10","USD",93.00,100,"3XS:20|2XS:20|XS:20|S:10|M:10|L:10|XL:10"
250079,"2022-09-15 08:39:53.45","#SAW560",50.00,68.00,93.00,120.90,"2023-05-10","129336222","PO",4,,,,"","ALMA","SAW560A0",30022,8002,"2023-05-10","2023-06-10","USD",93.00,100,"3XS:20|2XS:20|XS:20|S:10|M:10|L:10|XL:10"
250080,"2022-09-15 08:39:53.45","#SAW561",50.00,68.00,93.00,120.90,"2023-05-10","129336232","PO",4,,,,"","ALMA","SAW561A1",30045,1002,"2023-05-10","2023-06-10","USD",93.00,100,"3XS:20|2XS:20|XS:20|S:10|M:10|L:10|XL:10"
250081,"2022-09-15 08:39:53.45","#SAW562",50.00,68.00,93.00,120.90,"2023-05-10","129336232","PO",4,,,,"","ALMA","SAW562A1",30046,1016,"2023-05-10","2023-06-10","USD",93.00,100,"3XS:20|2XS:20|XS:20|S:10|M:10|L:10|XL:10"
250082,"2022-09-15 08:39:53.45","#SAW563",50.00,68.00,93.00,120.90,"2023-05-10","129336232","PO",4,,,,"","ALMA","SAW563A0",30047,3002,"2023-05-10","2023-06-10","USD",93.00,100,"3XS:20|2XS:20|XS:20|S:10|M:10|L:10|XL:10"
250083,"2022-09-15 08:39:53.45","#SAW564",50.00,68.00,93.00,120.90,"2023-05-10","129336232","PO",4,,,,"","ALMA","SAW564A1",30065,4002,"2023-05-10","2023-06-10","USD",93.00,100,"3XS:20|2XS:20|XS:20|S:10|M:10|L:10|XL:10"
250084,"2022-09-15 08:39:53.45","#SAW565",50.00,68.00,93.00,120.90,"2023-05-10","129336232","PO",4,,,,"","ALMA","SAW565A0",30074,5002,"2023-05-10","2023-06-10","USD",93.00,100,"3XS:20|2XS:20|XS:20|S:10|M:10|L:10|XL:10"
250085,"2022-09-15 08:39:53.45","#SAW566",50.00,68.00,93.00,120.90,"2023-05-10","129336232","PO",4,,,,"","ALMA","SAW566A1",30075,6002,"2023-05-10","2023-06-10","USD",93.00,100,"3XS:20|2XS:20|XS:20|S:10|M:10|L:10|XL:10"
250086,"2022-09-15 08:39:53.45","#SAW567",50.00,68.00,93.00,120.90,"2023-05-10","129336232","PO",4,,,,"","ALMA","SAW567A1",30025,8002,"2023-05-10","2023-06-10","USD",93.00,100,"3XS:20|2XS:20|XS:20|S:10|M:10|L:10|XL:10"
250087,"2022-09-15 08:39:53.45","#SAW568",50.00,68.00,93.00,120.90,"2023-05-10","129336238","PO",4,,,,"","ALMA","SAW568A0",30026,1002,"2023-05-10","2023-06-10","USD",93.00,100,"3XS:20|2XS:20|XS:20|S:10|M:10|L:10|XL:10"
250088,"2022-09-15 08:39:53.45","#SAW569",50.00,68.00,93.00,120.90,"2023-05-10","129336238","PO",4,,,,"","ALMA","SAW569A1",30027,1016,"2023-05-10","2023-06-10","USD",93.00,100,"3XS:20|2XS:20|XS:20|S:10|M:10|L:10|XL:10"
250089,"2022-09-15 08:39:53.45","#SAW570",50.00,68.00,93.00,120.90,"2023-05-10","129336238","PO",4,,,,"","ALMA","SAW570A0",30066,3002,"2023-05-10","2023-06-10","USD",93.00,100,"3XS:20|2XS:20|XS:20|S:10|M:10|L:10|XL:10"
250090,"2022-09-15 08:39:53.45","#SAW571",50.00,68.00,93.00,120.90,"2023-05-10","129336238","PO",4,,,,"","ALMA","SAW571A1",30067,4002,"2023-05-10","2023-06-10","USD",93.00,100,"3XS:20|2XS:20|XS:20|S:10|M:10|L:10|XL:10"
250091,"2022-09-15 08:39:53.45","#SAW572",50.00,68.00,93.00,120.90,"2023-05-10","129336238","PO",4,,,,"","ALMA","SAW572A1",30068,5002,"2023-05-10","2023-06-10","USD",93.00,100,"3XS:20|2XS:20|XS:20|S:10|M:10|L:10|XL:10"
250092,"2022-09-15 08:39:53.45","#SAW573",50.00,68.00,93.00,120.90,"2023-05-10","129336238","PO",4,,,,"","ALMA","SAW573A0",30069,6002,"2023-05-10","2023-06-10","USD",93.00,100,"3XS:20|2XS:20|XS:20|S:10|M:10|L:10|XL:10"
250093,"2022-09-15 08:39:53.45","#SAW574",50.00,68.00,93.00,120.90,"2023-05-10","129336238","PO",4,,,,"","ALMA","SAW574A1",30070,8002,"2023-05-10","2023-06-10","USD",93.00,100,"3XS:20|2XS:20|XS:20|S:10|M:10|L:10|XL:10"
250094,"2022-09-15 08:39:53.45","#SAW575",50.00,68.00,93.00,120.90,"2023-05-10","129336242","PO",4,,,,"","ALMA","SAW575A0",30071,1002,"2023-05-10","2023-06-10","USD",93.00,100,"3XS:20|2XS:20|XS:20|S:10|M:10|L:10|XL:10"
250095,"2022-09-15 08:39:53.45","#SAW576",50.00,68.00,93.00,120.90,"2023-05-10","129336242","PO",4,,,,"","ALMA","SAW576A1",30072,1016,"2023-05-10","2023-06-10","USD",93.00,100,"3XS:20|2XS:20|XS:20|S:10|M:10|L:10|XL:10"
250096,"2022-09-15 08:39:53.45","#SAW577",50.00,68.00,93.00,120.90,"2023-05-10","129336242","PO",4,,,,"","ALMA","SAW577A1",30073,3002,"2023-05-10","2023-06-10","USD",93.00,100,"3XS:20|2XS:20|XS:20|S:10|M:10|L:10|XL:10"
250097,"2022-09-15 08:39:53.45","#SAW578",50.00,68.00,93.00,120.90,"2023-05-10","129336242","PO",4,,,,"","ALMA","SAW578A0",30029,4002,"2023-05-10","2023-06-10","USD",93.00,100,"3XS:20|2XS:20|XS:20|S:10|M:10|L:10|XL:10"
250098,"2022-09-15 08:39:53.45","#SAW579",50.00,68.00,93.00,120.90,"2023-05-10","129336242","PO",4,,,,"","ALMA","SAW579A1",30013,5002,"2023-05-10","2023-06-10","USD",93.00,100,"3XS:20|2XS:20|XS:20|S:10|M:10|L:10|XL:10"
250099,"2022-09-15 08:39:53.45","#SAW580",50.00,68.00,93.00,120.90,"2023-05-10","129336242","PO",4,,,,"","ALMA","SAW580A0",30022,6002,"2023-05-10","2023-06-10","USD",93.00,100,"3XS:20|2XS:20|XS:20|S:10|M:10|L:10|XL:10"
250100,"2022-09-15 08:39:53.45","#SAW581",50.00,68.00,93.00,120.90,"2023-05-10","129336242","PO",4,,,,"","ALMA","SAW581A1",30045,8002,"2023-05-10","2023-06-10","USD",93.00,100,"3XS:20|2XS:20|XS:20|S:10|M:10|L:10|XL:10"
250101,"2022-09-15 08:39:53.45","#SAW582",50.00,68.00,93.00,120.90,"2023-05-10","129336274","PO",4,,,,"","ALMA","SAW582A1",30046,1002,"2023-05-10","2023-06-10","USD",93.00,100,"3XS:20|2XS:20|XS:20|S:10|M:10|L:10|XL:10"
250102,"2022-09-15 08:39:53.45","#SAW583",50.00,68.00,93.00,120.90,"2023-05-10","129336274","PO",4,,,,"","ALMA","SAW583A0",30047,1016,"2023-05-10","2023-06-10","USD",93.00,100,"3XS:20|2XS:20|XS:20|S:10|M:10|L:10|XL:10"
250103,"2022-09-15 08:39:53.45","#SAW584",50.00,68.00,93.00,120.90,"2023-05-10","129336274","PO",4,,,,"","ALMA","SAW584A1",30065,3002,"2023-05-10","2023-06-10","USD",93.00,100,"3XS:20|2XS:20|XS:20|S:10|M:10|L:10|XL:10"
250104,"2022-09-15 08:39:53.45","#SAW585",50.00,68.00,93.00,120.90,"2023-05-10","129336274","PO",4,,,,"","ALMA","SAW585A0",30074,4002,"2023-05-10","2023-06-10","USD",93.00,100,"3XS:20|2XS:20|XS:20|S:10|M:10|L:10|XL:10"
250105,"2022-09-15 08:39:53.45","#SAW586",50.00,68.00,93.00,120.90,"2023-05-10","129336274","PO",4,,,,"","ALMA","SAW586A1",30075,5002,"2023-05-10","2023-06-10","USD",93.00,100,"3XS:20|2XS:20|XS:20|S:10|M:10|L:10|XL:10"
250106,"2022-09-15 08:39:53.45","#SAW587",50.00,68.00,93.00,120.90,"2023-05-10","129336274","PO",4,,,,"","ALMA","SAW587A1",30025,6002,"2023-05-10","2023-06-10","USD",93.00,100,"3XS:20|2XS:20|XS:20|S:10|M:10|L:10|XL:10"
250107,"2022-09-15 08:39:53.45","#SAW588",50.00,68.00,93.00,120.90,"2023-05-10","129336274","PO",4,,,,"","ALMA","SAW588A0",30026,8002,"2023-05-10","2023-06-10","USD",93.00,100,"3XS:20|2XS:20|XS:20|S:10|M:10|L:10|XL:10"
250108,"2022-09-15 08:39:53.45","#SAW589",50.00,68.00,93.00,120.90,"2023-05-10","129336280","PO",4,,,,"","ALMA","SAW589A1",30027,1002,"2023-05-10","2023-06-10","USD",93.00,100,"3XS:20|2XS:20|XS:20|S:10|M:10|L:10|XL:10"
250109,"2022-09-15 08:39:53.45","#SAW590",50.00,68.00,93.00,120.90,"2023-05-10","129336280","PO",4,,,,"","ALMA","SAW590A0",30066,1016,"2023-05-10","2023-06-10","USD",93.00,100,"3XS:20|2XS:20|XS:20|S:10|M:10|L:10|XL:10"
250110,"2022-09-15 08:39:53.45","#SAW591",50.00,68.00,93.00,120.90,"2023-05-10","129336280","PO",4,,,,"","ALMA","SAW591A1",30067,3002,"2023-05-10","2023-06-10","USD",93.00,100,"3XS:20|2XS:20|XS:20|S:10|M:10|L:10|XL:10"
250111,"2022-09-15 08:39:53.45","#SAW592",50.00,68.00,93.00,120.90,"2023-05-10","129336280","PO",4,,,,"","ALMA","SAW592A1",30068,4002,"2023-05-10","2023-06-10","USD",93.00,100,"3XS:20|2XS:20|XS:20|S:10|M:10|L:10|XL:10"
250112,"2022-09-15 08:39:53.45","#SAW593",50.00,68.00,93.00,120.90,"2023-05-10","129336280","PO",4,,,,"","ALMA","SAW593A0",30069,5002,"2023-05-10","2023-06-10","USD",93.00,100,"3XS:20|2XS:20|XS:20|S:10|M:10|L:10|XL:10"
250113,"2022-09-15 08:39:53.45","#SAW594",50.00,68.00,93.00,120.90,"2023-05-10","129336280","PO",4,,,,"","ALMA","SAW594A1",30070,6002,"2023-05-10","2023-06-10","USD",93.00,100,"3XS:20|2XS:20|XS:20|S:10|M:10|L:10|XL:10"
250114,"2022-09-15 08:39:53.45","#SAW595",50.00,68.00,93.00,120.90,"2023-05-10","129336280","PO",4,,,,"","ALMA","SAW595A0",30071,8002,"2023-05-10","2023-06-10","USD",93.00,100,"3XS:20|2XS:20|XS:20|S:10|M:10|L:10|XL:10"
250115,"2022-09-15 08:39:53.45","#SAW596",50.00,68.00,93.00,120.90,"2023-05-10","129336294","PO",4,,,,"","ALMA","SAW596A1",30072,1002,"2023-05-10","2023-06-10","USD",93.00,100,"3XS:20|2XS:20|XS:20|S:10|M:10|L:10|XL:10"
250116,"2022-09-15 08:39:53.45","#SAW597",50.00,68.00,93.00,120.90,"2023-05-10","129336294","PO",4,,,,"","ALMA","SAW597A1",30073,1016,"2023-05-10","2023-06-10","USD",93.00,100,"3XS:20|2XS:20|XS:20|S:10|M:10|L:10|XL:10"
250117,"2022-09-15 08:39:53.45","#SAW598",50.00,68.00,93.00,120.90,"2023-05-10","129336294","PO",4,,,,"","ALMA","SAW598A0",30029,3002,"2023-05-10","2023-06-10","USD",93.00,100,"3XS:20|2XS:20|XS:20|S:10|M:10|L:10|XL:10"
250118,"2022-09-15 08:39:53.45","#SAW599",50.00,68.00,93.00,120.90,"2023-05-10","129336294","PO",4,,,,"","ALMA","SAW599A1",30013,4002,"2023-05-10","2023-06-10","USD",93.00,100,"3XS:20|2XS:20|XS:20|S:10|M:10|L:10|XL:10"
250119,"2022-09-15 08:39:53.45","#SAW600",50.00,68.00,93.00,120.90,"2023-05-10","129336294","PO",4,,,,"","ALMA","SAW600A0",30022,5002,"2023-05-10","2023-06-10","USD",93.00,100,"3XS:20|2XS:20|XS:20|S:10|M:10|L:10|XL:10"
250120,"2022-09-15 08:39:53.45","#SAW601",50.00,68.00,93.00,120.90,"2023-05-10","129336294","PO",4,,,,"","ALMA","SAW601A1",30045,6002,"2023-05-10","2023-06-10","USD",93.00,100,"3XS:20|2XS:20|XS:20|S:10|M:10|L:10|XL:10"
250121,"2022-09-15 08:39:53.45","#SAW602",50.00,68.00,93.00,120.90,"2023-05-10","129336294","PO",4,,,,"","ALMA","SAW602A1",30046,8002,"2023-05-10","2023-06-10","USD",93.00,100,"3XS:20|2XS:20|XS:20|S:10|M:10|L:10|XL:10"
250122,"2022-09-15 08:39:53.45","#SAW603",50.00,68.00,93.00,120.90,"2023-05-10","129336309","PO",4,,,,"","ALMA","SAW603A0",30047,1002,"2023-05-10","2023-06-10","USD",93.00,100,"3XS:20|2XS:20|XS:20|S:10|M:10|L:10|XL:10"
250123,"2022-09-15 08:39:53.45","#SAW604",50.00,68.00,93.00,120.90,"2023-05-10","129336309","PO",4,,,,"","ALMA","SAW604A1",30065,1016,"2023-05-10","2023-06-10","USD",93.00,100,"3XS:20|2XS:20|XS:20|S:10|M:10|L:10|XL:10"
250124,"2022-09-15 08:39:53.45","#SAW605",50.00,68.00,93.00,120.90,"2023-05-10","129336309","PO",4,,,,"","ALMA","SAW605A0",30074,3002,"2023-05-10","2023-06-10","USD",93.00,100,"3XS:20|2XS:20|XS:20|S:10|M:10|L:10|XL:10"
250125,"2022-09-15 08:39:53.45","#SAW606",50.00,68.00,93.00,120.90,"2023-05-10","129336309","PO",4,,,,"","ALMA","SAW606A1",30075,4002,"2023-05-10","2023-06-10","USD",93.00,100,"3XS:20|2XS:20|XS:20|S:10|M:10|L:10|XL:10"
250126,"2022-09-15 08:39:53.45","#SAW607",50.00,68.00,93.00,120.90,"2023-05-10","129336309","PO",4,,,,"","ALMA","SAW607A1",30025,5002,"2023-05-10","2023-06-10","USD",93.00,100,"3XS:20|2XS:20|XS:20|S:10|M:10|L:10|XL:10"
250127,"2022-09-15 08:39:53.45","#SAW608",50.00,68.00,93.00,120.90,"2023-05-10","129336309","PO",4,,,,"","ALMA","SAW608A0",30026,6002,"2023-05-10","2023-06-10","USD",93.00,100,"3XS:20|2XS:20|XS:20|S:10|M:10|L:10|XL:10"
250128,"2022-09-15 08:39:53.45","#SAW609",50.00,68.00,93.00,120.90,"2023-05-10","129336309","PO",4,,,,"","ALMA","SAW609A1",30027,8002,"2023-05-10","2023-06-10","USD",93.00,100,"3XS:20|2XS:20|XS:20|S:10|M:10|L:10|XL:10"
250129,"2022-09-15 08:39:53.45","#SAW610",50.00,68.00,93.00,120.90,"2023-05-10","129336317","PO",4,,,,"","ALMA","SAW610A0",30066,1002,"2023-05-10","2023-06-10","USD",93.00,100,"3XS:20|2XS:20|XS:20|S:10|M:10|L:10|XL:10"
250130,"2022-09-15 08:39:53.45","#SAW611",50.00,68.00,93.00,120.90,"2023-05-10","129336317","PO",4,,,,"","ALMA","SAW611A1",30067,1016,"2023-05-10","2023-06-10","USD",93.00,100,"3XS:20|2XS:20|XS:20|S:10|M:10|L:10|XL:10"
250131,"2022-09-15 08:39:53.45","#SAW612",50.00,68.00,93.00,120.90,"2023-05-10","129336317","PO",4,,,,"","ALMA","SAW612A1",30068,3002,"2023-05-10","2023-06-10","USD",93.00,100,"3XS:20|2XS:20|XS:20|S:10|M:10|L:10|XL:10"
250132,"2022-09-15 08:39:53.45","#SAW613",50.00,68.00,93.00,120.90,"2023-05-10","129336317","PO",4,,,,"","ALMA","SAW613A0",30069,4002,"2023-05-10","2023-06-10","USD",93.00,100,"3XS:20|2XS:20|XS:20|S:10|M:10|L:10|XL:10"
250133,"2022-09-15 08:39:53.45","#SAW614",50.00,68.00,93.00,120.90,"2023-05-10","129336317","PO",4,,,,"","ALMA","SAW614A1",30070,5002,"2023-05-10","2023-06-10","USD",93.00,100,"3XS:20|2XS:20|XS:20|S:10|M:10|L:10|XL:10"
250134,"2022-09-15 08:39:53.45","#SAW615",50.00,68.00,93.00,120.90,"2023-05-10","129336317","PO",4,,,,"","ALMA","SAW615A0",30071,6002,"2023-05-10","2023-06-10","USD",93.00,100,"3XS:20|2XS:20|XS:20|S:10|M:10|L:10|XL:10"
250135,"2022-09-15 08:39:53.45","#SAW616",50.00,68.00,93.00,120.90,"2023-05-10","129336317","PO",4,,,,"","ALMA","SAW616A1",30072,8002,"2023-05-10","2023-06-10","USD",93.00,100,"3XS:20|2XS:20|XS:20|S:10|M:10|L:10|XL:10"
250136,"2022-09-15 08:39:53.45","#SAW617",50.00,68.00,93.00,120.90,"2023-05-10","129336322","PO",4,,,,"","ALMA","SAW617A1",30073,1002,"2023-05-10","2023-06-10","USD",93.00,100,"3XS:20|2XS:20|XS:20|S:10|M:10|L:10|XL:10"
250137,"2022-09-15 08:39:53.45","#SAW618",50.00,68.00,93.00,120.90,"2023-05-10","129336322","PO",4,,,,"","ALMA","SAW618A0",30029,1016,"2023-05-10","2023-06-10","USD",93.00,100,"3XS:20|2XS:20|XS:20|S:10|M:10|L:10|XL:10"
250138,"2022-09-15 08:39:53.45","#SAW619",50.00,68.00,93.00,120.90,"2023-05-10","129336322","PO",4,,,,"","ALMA","SAW619A1",30013,3002,"2023-05-10","2023-06-10","USD",93.00,100,"3XS:20|2XS:20|XS:20|S:10|M:10|L:10|XL:10"
250139,"2022-09-15 08:39:53.45","#SAW620",50.00,68.00,93.00,120.90,"2023-05-10","129336322","PO",4,,,,"","ALMA","SAW620A0",30022,4002,"2023-05-10","2023-06-10","USD",93.00,100,"3XS:20|2XS:20|XS:20|S:10|M:10|L:10|XL:10"
250140,"2022-09-15 08:39:53.45","#SAW621",50.00,68.00,93.00,120.90,"2023-05-10","129336322","PO",4,,,,"","ALMA","SAW621A1",30045,5002,"2023-05-10","2023-06-10","USD",93.00,100,"3XS:20|2XS:20|XS:20|S:10|M:10|L:10|XL:10"
250141,"2022-09-15 08:39:53.45","#SAW622",50.00,68.00,93.00,120.90,"2023-05-10","129336322","PO",4,,,,"","ALMA","SAW622A1",30046,6002,"2023-05-10","2023-06-10","USD",93.00,100,"3XS:20|2XS:20|XS:20|S:10|M:10|L:10|XL:10"
250142,"2022-09-15 08:39:53.45","#SAW623",50.00,68.00,93.00,120.90,"2023-05-10","129336322","PO",4,,,,"","ALMA","SAW623A0",30047,8002,"2023-05-10","2023-06-10","USD",93.00,100,"3XS:20|2XS:20|XS:20|S:10|M:10|L:10|XL:10"
250143,"2022-09-15 08:39:53.45","#SAW624",50.00,68.00,93.00,120.90,"2023-05-10","129336337","PO",4,,,,"","ALMA","SAW624A1",30065,1002,"2023-05-10","2023-06-10","USD",93.00,100,"3XS:20|2XS:20|XS:20|S:10|M:10|L:10|XL:10"
250144,"2022-09-15 08:39:53.45","#SAW625",50.00,68.00,93.00,120.90,"2023-05-10","129336337","PO",4,,,,"","ALMA","SAW625A0",30074,1016,"2023-05-10","2023-06-10","USD",93.00,100,"3XS:20|2XS:20|XS:20|S:10|M:10|L:10|XL:10"
250145,"2022-09-15 08:39:53.45","#SAW626",50.00,68.00,93.00,120.90,"2023-05-10","129336337","PO",4,,,,"","ALMA","SAW626A1",30075,3002,"2023-05-10","2023-06-10","USD",93.00,100,"3XS:20|2XS:20|XS:20|S:10|M:10|L:10|XL:10"
250146,"2022-09-15 08:39:53.45","#SAW627",50.00,68.00,93.00,120.90,"2023-05-10","129336337","PO",4,,,,"","ALMA","SAW627A1",30025,4002,"2023-05-10","2023-06-10","USD",93.00,100,"3XS:20|2XS:20|XS:20|S:10|M:10|L:10|XL:10"
250147,"2022-09-15 08:39:53.45","#SAW628",50.00,68.00,93.00,120.90,"2023-05-10","129336337","PO",4,,,,"","ALMA","SAW628A0",30026,5002,"2023-05-10","2023-06-10","USD",93.00,100,"3XS:20|2XS:20|XS:20|S:10|M:10|L:10|XL:10"
250148,"2022-09-15 08:39:53.45","#SAW629",50.00,68.00,93.00,120.90,"2023-05-10","129336337","PO",4,,,,"","ALMA","SAW629A1",30027,6002,"2023-05-10","2023-06-10","USD",93.00,100,"3XS:20|2XS:20|XS:20|S:10|M:10|L:10|XL:10"
250149,"2022-09-15 08:39:53.45","#SAW630",50.00,68.00,93.00,120.90,"2023-05-10","129336337","PO",4,,,,"","ALMA","SAW630A0",30066,8002,"2023-05-10","2023-06-10","USD",93.00,100,"3XS:20|2XS:20|XS:20|S:10|M:10|L:10|XL:10"
250150,"2022-09-15 08:39:53.45","#SAW631",50.00,68.00,93.00,120.90,"2023-05-10","129336340","PO",4,,,,"","ALMA","SAW631A1",30067,1002,"2023-05-10","2023-06-10","USD",93.00,100,"3XS:20|2XS:20|XS:20|S:10|M:10|L:10|XL:10"
250151,"2022-09-15 08:39:53.45","#SAW632",50.00,68.00,93.00,120.90,"2023-05-10","129336340","PO",4,,,,"","ALMA","SAW632A1",30068,1016,"2023-05-10","2023-06-10","USD",93.00,100,"3XS:20|2XS:20|XS:20|S:10|M:10|L:10|XL:10"
250152,"2022-09-15 08:39:53.45","#SAW633",50.00,68.00,93.00,120.90,"2023-05-10","129336340","PO",4,,,,"","ALMA","SAW633A0",30069,3002,"2023-05-10","2023-06-10","USD",93.00,100,"3XS:20|2XS:20|XS:20|S:10|M:10|L:10|XL:10"
250153,"2022-09-15 08:39:53.45","#SAW634",50.00,68.00,93.00,120.90,"2023-05-10","129336340","PO",4,,,,"","ALMA","SAW634A1",30070,4002,"2023-05-10","2023-06-10","USD",93.00,100,"3XS:20|2XS:20|XS:20|S:10|M:10|L:10|XL:10"
250154,"2022-09-15 08:39:53.45","#SAW635",50.00,68.00,93.00,120.90,"2023-05-10","129336340","PO",4,,,,"","ALMA","SAW635A0",30071,5002,"2023-05-10","2023-06-10","USD",93.00,100,"3XS:20|2XS:20|XS:20|S:10|M:10|L:10|XL:10"
250155,"2022-09-15 08:39:53.45","#SAW636",50.00,68.00,93.00,120.90,"2023-05-10","129336340","PO",4,,,,"","ALMA","SAW636A1",30072,6002,"2023-05-10","2023-06-10","USD",93.00,100,"3XS:20|2XS:20|XS:20|S:10|M:10|L:10|XL:10"
250156,"2022-09-15 08:39:53.45","#SAW637",50.00,68.00,93.00,120.90,"2023-05-10","129336340","PO",4,,,,"","ALMA","SAW637A1",30073,8002,"2023-05-10","2023-06-10","USD",93.00,100,"3XS:20|2XS:20|XS:20|S:10|M:10|L:10|XL:10"
250157,"2022-09-15 08:39:53.45","#SAW638",50.00,68.00,93.00,120.90,"2023-05-10","129336357","PO",4,,,,"","ALMA","SAW638A0",30029,1002,"2023-05-10","2023-06-10","USD",93.00,100,"3XS:20|2XS:20|XS:20|S:10|M:10|L:10|XL:10"
250158,"2022-09-15 08:39:53.45","#SAW639",50.00,68.00,93.00,120.90,"2023-05-10","129336357","PO",4,,,,"","ALMA","SAW639A1",30013,1016,"2023-05-10","2023-06-10","USD",93.00,100,"3XS:20|2XS:20|XS:20|S:10|M:10|L:10|XL:10"
250159,"2022-09-15 08:39:53.45","#SAW640",50.00,68.00,93.00,120.90,"2023-05-10","129336357","PO",4,,,,"","ALMA","SAW640A0",30022,3002,"2023-05-10","2023-06-10","USD",93.00,100,"3XS:20|2XS:20|XS:20|S:10|M:10|L:10|XL:10"
250160,"2022-09-15 08:39:53.45","#SAW641",50.00,68.00,93.00,120.90,"2023-05-10","129336357","PO",4,,,,"","ALMA","SAW641A1",30045,4002,"2023-05-10","2023-06-10","USD",93.00,100,"3XS:20|2XS:20|XS:20|S:10|M:10|L:10|XL:10"
250161,"2022-09-15 08:39:53.45","#SAW642",50.00,68.00,93.00,120.90,"2023-05-10","129336357","PO",4,,,,"","ALMA","SAW642A1",30046,5002,"2023-05-10","2023-06-10","USD",93.00,100,"3XS:20|2XS:20|XS:20|S:10|M:10|L:10|XL:10"
250162,"2022-09-15 08:39:53.45","#SAW643",50.00,68.00,93.00,120.90,"2023-05-10","129336357","PO",4,,,,"","ALMA","SAW643A0",30047,6002,"2023-05-10","2023-06-10","USD",93.00,100,"3XS:20|2XS:20|XS:20|S:10|M:10|L:10|XL:10"
250163,"2022-09-15 08:39:53.45","#SAW644",50.00,68.00,93.00,120.90,"2023-05-10","129336357","PO",4,,,,"","ALMA","SAW644A1",30065,8002,"2023-05-10","2023-06-10","USD",93.00,100,"3XS:20|2XS:20|XS:20|S:10|M:10|L:10|XL:10"
250164,"2022-09-15 08:39:53.45","#SAW645",50.00,68.00,93.00,120.90,"2023-05-10","129336360","PO",4,,,,"","ALMA","SAW645A0",30074,1002,"2023-05-10","2023-06-10","USD",93.00,100,"3XS:20|2XS:20|XS:20|S:10|M:10|L:10|XL:10"
250165,"2022-09-15 08:39:53.45","#SAW646",50.00,68.00,93.00,120.90,"2023-05-10","129336360","PO",4,,,,"","ALMA","SAW646A1",30075,1016,"2023-05-10","2023-06-10","USD",93.00,100,"3XS:20|2XS:20|XS:20|S:10|M:10|L:10|XL:10"
250166,"2022-09-15 08:39:53.45","#SAW647",50.00,68.00,93.00,120.90,"2023-05-10","129336360","PO",4,,,,"","ALMA","SAW647A1",30025,3002,"2023-05-10","2023-06-10","USD",93.00,100,"3XS:20|2XS:20|XS:20|S:10|M:10|L:10|XL:10"
250167,"2022-09-15 08:39:53.45","#SAW648",50.00,68.00,93.00,120.90,"2023-05-10","129336360","PO",4,,,,"","ALMA","SAW648A0",30026,4002,"2023-05-10","2023-06-10","USD",93.00,100,"3XS:20|2XS:20|XS:20|S:10|M:10|L:10|XL:10"
250168,"2022-09-15 08:39:53.45","#SAW649",50.00,68.00,93.00,120.90,"2023-05-10","129336360","PO",4,,,,"","ALMA","SAW649A1",30027,5002,"2023-05-10","2023-06-10","USD",93.00,100,"3XS:20|2XS:20|XS:20|S:10|M:10|L:10|XL:10"
250169,"2022-09-15 08:39:53.45","#SAW650",50.00,68.00,93.00,120.90,"2023-05-10","129336360","PO",4,,,,"","ALMA","SAW650A0",30066,6002,"2023-05-10","2023-06-10","USD",93.00,100,"3XS:20|2XS:20|XS:20|S:10|M:10|L:10|XL:10"
250170,"2022-09-15 08:39:53.45","#SAW651",50.00,68.00,93.00,120.90,"2023-05-10","129336360","PO",4,,,,"","ALMA","SAW651A1",30067,8002,"2023-05-10","2023-06-10","USD",93.00,100,"3XS:20|2XS:20|XS:20|S:10|M:10|L:10|XL:10"
250171,"2022-09-15 08:39:53.45","#SAW652",50.00,68.00,93.00,120.90,"2023-05-10","129336366","PO",4,,,,"","ALMA","SAW652A1",30068,1002,"2023-05-10","2023-06-10","USD",93.00,100,"3XS:20|2XS:20|XS:20|S:10|M:10|L:10|XL:10"
250172,"2022-09-15 08:39:53.45","#SAW653",50.00,68.00,93.00,120.90,"2023-05-10","129336366","PO",4,,,,"","ALMA","SAW653A0",30069,1016,"2023-05-10","2023-06-10","USD",93.00,100,"3XS:20|2XS:20|XS:20|S:10|M:10|L:10|XL:10"
250173,"2022-09-15 08:39:53.45","#SAW654",50.00,68.00,93.00,120.90,"2023-05-10","129336366","PO",4,,,,"","ALMA","SAW654A1",30070,3002,"2023-05-10","2023-06-10","USD",93.00,100,"3XS:20|2XS:20|XS:20|S:10|M:10|L:10|XL:10"
250174,"2022-09-15 08:39:53.45","#SAW655",50.00,68.00,93.00,120.90,"2023-05-10","129336366","PO",4,,,,"","ALMA","SAW655A0",30071,4002,"2023-05-10","2023-06-10","USD",93.00,100,"3XS:20|2XS:20|XS:20|S:10|M:10|L:10|XL:10"
250175,"2022-09-15 08:39:53.45","#SAW656",50.00,68.00,93.00,120.90,"2023-05-10","129336366","PO",4,,,,"","ALMA","SAW656A1",30072,5002,"2023-05-10","2023-06-10","USD",93.00,100,"3XS:20|2XS:20|XS:20|S:10|M:10|L:10|XL:10"
250176,"2022-09-15 08:39:53.45","#SAW657",50.00,68.00,93.00,120.90,"2023-05-10","129336366","PO",4,,,,"","ALMA","SAW657A1",30073,6002,"2023-05-10","2023-06-10","USD",93.00,100,"3XS:20|2XS:20|XS:20|S:10|M:10|L:10|XL:10"
250177,"2022-09-15 08:39:53.45","#SAW658",50.00,68.00,93.00,120.90,"2023-05-10","129336366","PO",4,,,,"","ALMA","SAW658A0",30029,8002,"2023-05-10","2023-06-10","USD",93.00,100,"3XS:20|2XS:20|XS:20|S:10|M:10|L:10|XL:10"
250178,"2022-09-15 08:39:53.45","#SAW659",50.00,68.00,93.00,120.90,"2023-05-10","129336371","PO",4,,,,"","ALMA","SAW659A1",30013,1002,"2023-05-10","2023-06-10","USD",93.00,100,"3XS:20|2XS:20|XS:20|S:10|M:10|L:10|XL:10"
250179,"2022-09-15 08:39:53.45","#SAW660",50.00,68.00,93.00,120.90,"2023-05-10","129336371","PO",4,,,,"","ALMA","SAW660A0",30022,1016,"2023-05-10","2023-06-10","USD",93.00,100,"3XS:20|2XS:20|XS:20|S:10|M:10|L:10|XL:10"
250180,"2022-09-15 08:39:53.45","#SAW661",50.00,68.00,93.00,120.90,"2023-05-10","129336371","PO",4,,,,"","ALMA","SAW661A1",30045,3002,"2023-05-10","2023-06-10","USD",93.00,100,"3XS:20|2XS:20|XS:20|S:10|M:10|L:10|XL:10"
250181,"2022-09-15 08:39:53.45","#SAW662",50.00,68.00,93.00,120.90,"2023-05-10","129336371","PO",4,,,,"","ALMA","SAW662A1",30046,4002,"2023-05-10","2023-06-10","USD",93.00,100,"3XS:20|2XS:20|XS:20|S:10|M:10|L:10|XL:10"
250182,"2022-09-15 08:39:53.45","#SAW663",50.00,68.00,93.00,120.90,"2023-05-10","129336371","PO",4,,,,"","ALMA","SAW663A0",30047,5002,"2023-05-10","2023-06-10","USD",93.00,100,"3XS:20|2XS:20|XS:20|S:10|M:10|L:10|XL:10"
250183,"2022-09-15 08:39:53.45","#SAW664",50.00,68.00,93.00,120.90,"2023-05-10","129336371","PO",4,,,,"","ALMA","SAW664A1",30065,6002,"2023-05-10","2023-06-10","USD",93.00,100,"3XS:20|2XS:20|XS:20|S:10|M:10|L:10|XL:10"
250184,"2022-09-15 08:39:53.45","#SAW665",50.00,68.00,93.00,120.90,"2023-05-10","129336371","PO",4,,,,"","ALMA","SAW665A0",30074,8002,"2023-05-10","2023-06-10","USD",93.00,100,"3XS:20|2XS:20|XS:20|S:10|M:10|L:10|XL:10"
250185,"2022-09-15 08:39:53.45","#SAW666",50.00,68.00,93.00,120.90,"2023-05-10","129336397","PO",4,,,,"","ALMA","SAW666A1",30075,1002,"2023-05-10","2023-06-10","USD",93.00,100,"3XS:20|2XS:20|XS:20|S:10|M:10|L:10|XL:10"
250186,"2022-09-15 08:39:53.45","#SAW667",50.00,68.00,93.00,120.90,"2023-05-10","129336397","PO",4,,,,"","ALMA","SAW667A1",30025,1016,"2023-05-10","2023-06-10","USD",93.00,100,"3XS:20|2XS:20|XS:20|S:10|M:10|L:10|XL:10"
250187,"2022-09-15 08:39:53.45","#SAW668",50.00,68.00,93.00,120.90,"2023-05-10","129336397","PO",4,,,,"","ALMA","SAW668A0",30026,3002,"2023-05-10","2023-06-10","USD",93.00,100,"3XS:20|2XS:20|XS:20|S:10|M:10|L:10|XL:10"
250188,"2022-09-15 08:39:53.45","#SAW669",50.00,68.00,93.00,120.90,"2023-05-10","129336397","PO",4,,,,"","ALMA","SAW669A1",30027,4002,"2023-05-10","2023-06-10","USD",93.00,100,"3XS:20|2XS:20|XS:20|S:10|M:10|L:10|XL:10"
250189,"2022-09-15 08:39:53.45","#SAW670",50.00,68.00,93.00,120.90,"2023-05-10","129336397","PO",4,,,,"","ALMA","SAW670A0",30066,5002,"2023-05-10","2023-06-10","USD",93.00,100,"3XS:20|2XS:20|XS:20|S:10|M:10|L:10|XL:10"
250190,"2022-09-15 08:39:53.45","#SAW671",50.00,68.00,93.00,120.90,"2023-05-10","129336397","PO",4,,,,"","ALMA","SAW671A1",30067,6002,"2023-05-10","2023-06-10","USD",93.00,100,"3XS:20|2XS:20|XS:20|S:10|M:10|L:10|XL:10"
250191,"2022-09-15 08:39:53.45","#SAW672",50.00,68.00,93.00,120.90,"2023-05-10","129336397","PO",4,,,,"","ALMA","SAW672A1",30068,8002,"2023-05-10","2023-06-10","USD",93.00,100,"3XS:20|2XS:20|XS:20|S:10|M:10|L:10|XL:10"
250192,"2022-09-15 08:39:53.45","#SAW673",50.00,68.00,93.00,120.90,"2023-05-10","129336405","PO",4,,,,"","ALMA","SAW673A0",30069,1002,"2023-05-10","2023-06-10","USD",93.00,100,"3XS:20|2XS:20|XS:20|S:10|M:10|L:10|XL:10"
250193,"2022-09-15 08:39:53.45","#SAW674",50.00,68.00,93.00,120.90,"2023-05-10","129336405","PO",4,,,,"","ALMA","SAW674A1",30070,1016,"2023-05-10","2023-06-10","USD",93.00,100,"3XS:20|2XS:20|XS:20|S:10|M:10|L:10|XL:10"
250194,"2022-09-15 08:39:53.45","#SAW675",50.00,68.00,93.00,120.90,"2023-05-10","129336405","PO",4,,,,"","ALMA","SAW675A0",30071,3002,"2023-05-10","2023-06-10","USD",93.00,100,"3XS:20|2XS:20|XS:20|S:10|M:10|L:10|XL:10"
250195,"2022-09-15 08:39:53.45","#SAW676",50.00,68.00,93.00,120.90,"2023-05-10","129336405","PO",4,,,,"","ALMA","SAW676A1",30072,4002,"2023-05-10","2023-06-10","USD",93.00,100,"3XS:20|2XS:20|XS:20|S:10|M:10|L:10|XL:10"
250196,"2022-09-15 08:39:53.45","#SAW677",50.00,68.00,93.00,120.90,"2023-05-10","129336405","PO",4,,,,"","ALMA","SAW677A1",30073,5002,"2023-05-10","2023-06-10","USD",93.00,100,"3XS:20|2XS:20|XS:20|S:10|M:10|L:10|XL:10"
250197,"2022-09-15 08:39:53.45","#SAW678",50.00,68.00,93.00,120.90,"2023-05-10","129336405","PO",4,,,,"","ALMA","SAW678A0",30029,6002,"2023-05-10","2023-06-10","USD",93.00,100,"3XS:20|2XS:20|XS:20|S:10|M:10|L:10|XL:10"
250198,"2022-09-15 08:39:53.45","#SAW679",50.00,68.00,93.00,120.90,"2023-05-10","129336405","PO",4,,,,"","ALMA","SAW679A1",30013,8002,"2023-05-10","2023-06-10","USD",93.00,100,"3XS:20|2XS:20|XS:20|S:10|M:10|L:10|XL:10"
250199,"2022-09-15 08:39:53.45","#SAW680",50.00,68.00,93.00,120.90,"2023-05-10","129336420","PO",4,,,,"","ALMA","SAW680A0",30022,1002,"2023-05-10","2023-06-10","USD",93.00,100,"3XS:20|2XS:20|XS:20|S:10|M:10|L:10|XL:10"
250200,"2022-09-15 08:39:53.45","#SAW681",50.00,68.00,93.00,120.90,"2023-05-10","129336420","PO",4,,,,"","ALMA","SAW681A1",30045,1016,"2023-05-10","2023-06-10","USD",93.00,100,"3XS:20|2XS:20|XS:20|S:10|M:10|L:10|XL:10"
250201,"2022-09-15 08:39:53.45","#SAW682",50.00,68.00,93.00,120.90,"2023-05-10","129336420","PO",4,,,,"","ALMA","SAW682A1",30046,3002,"2023-05-10","2023-06-10","USD",93.00,100,"3XS:20|2XS:20|XS:20|S:10|M:10|L:10|XL:10"
250202,"2022-09-15 08:39:53.45","#SAW683",50.00,68.00,93.00,120.90,"2023-05-10","129336420","PO",4,,,,"","ALMA","SAW683A0",30047,4002,"2023-05-10","2023-06-10","USD",93.00,100,"3XS:20|2XS:20|XS:20|S:10|M:10|L:10|XL:10"
250203,"2022-09-15 08:39:53.45","#SAW684",50.00,68.00,93.00,120.90,"2023-05-10","129336420","PO",4,,,,"","ALMA","SAW684A1",30065,5002,"2023-05-10","2023-06-10","USD",93.00,100,"3XS:20|2XS:20|XS:20|S:10|M:10|L:10|XL:10"
250204,"2022-09-15 08:39:53.45","#SAW685",50.00,68.00,93.00,120.90,"2023-05-10","129336420","PO",4,,,,"","ALMA","SAW685A0",30074,6002,"2023-05-10","2023-06-10","USD",93.00,100,"3XS:20|2XS:20|XS:20|S:10|M:10|L:10|XL:10"
250205,"2022-09-15 08:39:53.45","#SAW686",50.00,68.00,93.00,120.90,"2023-05-10","129336420","PO",4,,,,"","ALMA","SAW686A1",30075,8002,"2023-05-10","2023-06-10","USD",93.00,100,"3XS:20|2XS:20|XS:20|S:10|M:10|L:10|XL:10"
250206,"2022-09-15 08:39:53.45","#SAW687",50.00,68.00,93.00,120.90,"2023-05-10","129336434","PO",4,,,,"","ALMA","SAW687A1",30025,1002,"2023-05-10","2023-06-10","USD",93.00,100,"3XS:20|2XS:20|XS:20|S:10|M:10|L:10|XL:10"
250207,"2022-09-15 08:39:53.45","#SAW688",50.00,68.00,93.00,120.90,"2023-05-10","129336434","PO",4,,,,"","ALMA","SAW688A0",30026,1016,"2023-05-10","2023-06-10","USD",93.00,100,"3XS:20|2XS:20|XS:20|S:10|M:10|L:10|XL:10"
250208,"2022-09-15 08:39:53.45","#SAW689",50.00,68.00,93.00,120.90,"2023-05-10","129336434","PO",4,,,,"","ALMA","SAW689A1",30027,3002,"2023-05-10","2023-06-10","USD",93.00,100,"3XS:20|2XS:20|XS:20|S:10|M:10|L:10|XL:10"
250209,"2022-09-15 08:39:53.45","#SAW690",50.00,68.00,93.00,120.90,"2023-05-10","129336434","PO",4,,,,"","ALMA","SAW690A0",30066,4002,"2023-05-10","2023-06-10","USD",93.00,100,"3XS:20|2XS:20|XS:20|S:10|M:10|L:10|XL:10"
250210,"2022-09-15 08:39:53.45","#SAW691",50.00,68.00,93.00,120.90,"2023-05-10","129336434","PO",4,,,,"","ALMA","SAW691A1",30067,5002,"2023-05-10","2023-06-10","USD",93.00,100,"3XS:20|2XS:20|XS:20|S:10|M:10|L:10|XL:10"
250211,"2022-09-15 08:39:53.45","#SAW692",50.00,68.00,93.00,120.90,"2023-05-10","129336434","PO",4,,,,"","ALMA","SAW692A1",30068,6002,"2023-05-10","2023-06-10","USD",93.00,100,"3XS:20|2XS:20|XS:20|S:10|M:10|L:10|XL:10"
250212,"2022-09-15 08:39:53.45","#SAW693",50.00,68.00,93.00,120.90,"2023-05-10","129336434","PO",4,,,,"","ALMA","SAW693A0",30069,8002,"2023-05-10","2023-06-10","USD",93.00,100,"3XS:20|2XS:20|XS:20|S:10|M:10|L:10|XL:10"
250213,"2022-09-15 08:39:53.45","#SAW694",50.00,68.00,93.00,120.90,"2023-05-10","129336435","PO",4,,,,"","ALMA","SAW694A1",30070,1002,"2023-05-10","2023-06-10","USD",93.00,100,"3XS:20|2XS:20|XS:20|S:10|M:10|L:10|XL:10"
250214,"2022-09-15 08:39:53.45","#SAW695",50.00,68.00,93.00,120.90,"2023-05-10","129336435","PO",4,,,,"","ALMA","SAW695A0",30071,1016,"2023-05-10","2023-06-10","USD",93.00,100,"3XS:20|2XS:20|XS:20|S:10|M:10|L:10|XL:10"
250215,"2022-09-15 08:39:53.45","#SAW696",50.00,68.00,93.00,120.90,"2023-05-10","129336435","PO",4,,,,"","ALMA","SAW696A1",30072,3002,"2023-05-10","2023-06-10","USD",93.00,100,"3XS:20|2XS:20|XS:20|S:10|M:10|L:10|XL:10"
250216,"2022-09-15 08:39:53.45","#SAW697",50.00,68.00,93.00,120.90,"2023-05-10","129336435","PO",4,,,,"","ALMA","SAW697A1",30073,4002,"2023-05-10","2023-06-10","USD",93.00,100,"3XS:20|2XS:20|XS:20|S:10|M:10|L:10|XL:10"
250217,"2022-09-15 08:39:53.45","#SAW698",50.00,68.00,93.00,120.90,"2023-05-10","129336435","PO",4,,,,"","ALMA","SAW698A0",30029,5002,"2023-05-10","2023-06-10","USD",93.00,100,"3XS:20|2XS:20|XS:20|S:10|M:10|L:10|XL:10"
250218,"2022-09-15 08:39:53.45","#SAW699",50.00,68.00,93.00,120.90,"2023-05-10","129336435","PO",4,,,,"","ALMA","SAW699A1",30013,6002,"2023-05-10","2023-06-10","USD",93.00,100,"3XS:20|2XS:20|XS:20|S:10|M:10|L:10|XL:10"
250219,"2022-09-15 08:39:53.45","#SAW700",50.00,68.00,93.00,120.90,"2023-05-10","129336435","PO",4,,,,"","ALMA","SAW700A0",30022,8002,"2023-05-10","2023-06-10","USD",93.00,100,"3XS:20|2XS:20|XS:20|S:10|M:10|L:10|XL:10"
250220,"2022-09-15 08:39:53.45","#SAW701",50.00,68.00,93.00,120.90,"2023-05-10","129336436","PO",4,,,,"","ALMA","SAW701A1",30045,1002,"2023-05-10","2023-06-10","USD",93.00,100,"3XS:20|2XS:20|XS:20|S:10|M:10|L:10|XL:10"
250221,"2022-09-15 08:39:53.45","#SAW702",50.00,68.00,93.00,120.90,"2023-05-10","129336436","PO",4,,,,"","ALMA","SAW702A1",30046,1016,"2023-05-10","2023-06-10","USD",93.00,100,"3XS:20|2XS:20|XS:20|S:10|M:10|L:10|XL:10"
250222,"2022-09-15 08:39:53.45","#SAW703",50.00,68.00,93.00,120.90,"2023-05-10","129336436","PO",4,,,,"","ALMA","SAW703A0",30047,3002,"2023-05-10","2023-06-10","USD",93.00,100,"3XS:20|2XS:20|XS:20|S:10|M:10|L:10|XL:10"
250223,"2022-09-15 08:39:53.45","#SAW704",50.00,68.00,93.00,120.90,"2023-05-10","129336436","PO",4,,,,"","ALMA","SAW704A1",30065,4002,"2023-05-10","2023-06-10","USD",93.00,100,"3XS:20|2XS:20|XS:20|S:10|M:10|L:10|XL:10"
250224,"2022-09-15 08:39:53.45","#SAW705",50.00,68.00,93.00,120.90,"2023-05-10","129336436","PO",4,,,,"","ALMA","SAW705A0",30074,5002,"2023-05-10","2023-06-10","USD",93.00,100,"3XS:20|2XS:20|XS:20|S:10|M:10|L:10|XL:10"
250225,"2022-09-15 08:39:53.45","#SAW706",50.00,68.00,93.00,120.90,"2023-05-10","129336436","PO",4,,,,"","ALMA","SAW706A1",30075,6002,"2023-05-10","2023-06-10","USD",93.00,100,"3XS:20|2XS:20|XS:20|S:10|M:10|L:10|XL:10"
250226,"2022-09-15 08:39:53.45","#SAW707",50.00,68.00,93.00,120.90,"2023-05-10","129336436","PO",4,,,,"","ALMA","SAW707A1",30025,8002,"2023-05-10","2023-06-10","USD",93.00,100,"3XS:20|2XS:20|XS:20|S:10|M:10|L:10|XL:10"
250227,"2022-09-15 08:39:53.45","#SAW708",50.00,68.00,93.00,120.90,"2023-05-10","129336438","PO",4,,,,"","ALMA","SAW708A0",30026,1002,"2023-05-10","2023-06-10","USD",93.00,100,"3XS:20|2XS:20|XS:20|S:10|M:10|L:10|XL:10"
250228,"2022-09-15 08:39:53.45","#SAW709",50.00,68.00,93.00,120.90,"2023-05-10","129336438","PO",4,,,,"","ALMA","SAW709A1",30027,1016,"2023-05-10","2023-06-10","USD",93.00,100,"3XS:20|2XS:20|XS:20|S:10|M:10|L:10|XL:10"
250229,"2022-09-15 08:39:53.45","#SAW710",50.00,68.00,93.00,120.90,"2023-05-10","129336438","PO",4,,,,"","ALMA","SAW710A0",30066,3002,"2023-05-10","2023-06-10","USD",93.00,100,"3XS:20|2XS:20|XS:20|S:10|M:10|L:10|XL:10"
250230,"2022-09-15 08:39:53.45","#SAW711",50.00,68.00,93.00,120.90,"2023-05-10","129336438","PO",4,,,,"","ALMA","SAW711A1",30067,4002,"2023-05-10","2023-06-10","USD",93.00,100,"3XS:20|2XS:20|XS:20|S:10|M:10|L:10|XL:10"
250231,"2022-09-15 08:39:53.45","#SAW712",50.00,68.00,93.00,120.90,"2023-05-10","129336438","PO",4,,,,"","ALMA","SAW712A1",30068,5002,"2023-05-10","2023-06-10","USD",93.00,100,"3XS:20|2XS:20|XS:20|S:10|M:10|L:10|XL:10"
250232,"2022-09-15 08:39:53.45","#SAW713",50.00,68.00,93.00,120.90,"2023-05-10","129336438","PO",4,,,,"","ALMA","SAW713A0",30069,6002,"2023-05-10","2023-06-10","USD",93.00,100,"3XS:20|2XS:20|XS:20|S:10|M:10|L:10|XL:10"
250233,"2022-09-15 08:39:53.45","#SAW714",50.00,68.00,93.00,120.90,"2023-05-10","129336438","PO",4,,,,"","ALMA","SAW714A1",30070,8002,"2023-05-10","2023-06-10","USD",93.00,100,"3XS:20|2XS:20|XS:20|S:10|M:10|L:10|XL:10"
250234,"2022-09-15 08:39:53.45","#SAW715",50.00,68.00,93.00,120.90,"2023-05-10","129336441","PO",4,,,,"","ALMA","SAW715A0",30071,1002,"2023-05-10","2023-06-10","USD",93.00,100,"3XS:20|2XS:20|XS:20|S:10|M:10|L:10|XL:10"
250235,"2022-09-15 08:39:53.45","#SAW716",50.00,68.00,93.00,120.90,"2023-05-10","129336441","PO",4,,,,"","ALMA","SAW716A1",30072,1016,"2023-05-10","2023-06-10","USD",93.00,100,"3XS:20|2XS:20|XS:20|S:10|M:10|L:10|XL:10"
250236,"2022-09-15 08:39:53.45","#SAW717",50.00,68.00,93.00,120.90,"2023-05-10","129336441","PO",4,,,,"","ALMA","SAW717A1",30073,3002,"2023-05-10","2023-06-10","USD",93.00,100,"3XS:20|2XS:20|XS:20|S:10|M:10|L:10|XL:10"
250237,"2022-09-15 08:39:53.45","#SAW718",50.00,68.00,93.00,120.90,"2023-05-10","129336441","PO",4,,,,"","ALMA","SAW718A0",30029,4002,"2023-05-10","2023-06-10","USD",93.00,100,"3XS:20|2XS:20|XS:20|S:10|M:10|L:10|XL:10"
250238,"2022-09-15 08:39:53.45","#SAW719",50.00,68.00,93.00,120.90,"2023-05-10","129336441","PO",4,,,,"","ALMA","SAW719A1",30013,5002,"2023-05-10","2023-06-10","USD",93.00,100,"3XS:20|2XS:20|XS:20|S:10|M:10|L:10|XL:10"
250239,"2022-09-15 08:39:53.45","#SAW720",50.00,68.00,93.00,120.90,"2023-05-10","129336441","PO",4,,,,"","ALMA","SAW720A0",30022,6002,"2023-05-10","2023-06-10","USD",93.00,100,"3XS:20|2XS:20|XS:20|S:10|M:10|L:10|XL:10"
250240,"2022-09-15 08:39:53.45","#SAW721",50.00,68.00,93.00,120.90,"2023-05-10","129336441","PO",4,,,,"","ALMA","SAW721A1",30045,8002,"2023-05-10","2023-06-10","USD",93.00,100,"3XS:20|2XS:20|XS:20|S:10|M:10|L:10|XL:10"
250241,"2022-09-15 08:39:53.45","#SAW722",50.00,68.00,93.00,120.90,"2023-05-10","129336446","PO",4,,,,"","ALMA","SAW722A1",30046,1002,"2023-05-10","2023-06-10","USD",93.00,100,"3XS:20|2XS:20|XS:20|S:10|M:10|L:10|XL:10"
250242,"2022-09-15 08:39:53.45","#SAW723",50.00,68.00,93.00,120.90,"2023-05-10","129336446","PO",4,,,,"","ALMA","SAW723A0",30047,1016,"2023-05-10","2023-06-10","USD",93.00,100,"3XS:20|2XS:20|XS:20|S:10|M:10|L:10|XL:10"
250243,"2022-09-15 08:39:53.45","#SAW724",50.00,68.00,93.00,120.90,"2023-05-10","129336446","PO",4,,,,"","ALMA","SAW724A1",30065,3002,"2023-05-10","2023-06-10","USD",93.00,100,"3XS:20|2XS:20|XS:20|S:10|M:10|L:10|XL:10"
250244,"2022-09-15 08:39:53.45","#SAW725",50.00,68.00,93.00,120.90,"2023-05-10","129336446","PO",4,,,,"","ALMA","SAW725A0",30074,4002,"2023-05-10","2023-06-10","USD",93.00,100,"3XS:20|2XS:20|XS:20|S:10|M:10|L:10|XL:10"
250245,"2022-09-15 08:39:53.45","#SAW726",50.00,68.00,93.00,120.90,"2023-05-10","129336446","PO",4,,,,"","ALMA","SAW726A1",30075,5002,"2023-05-10","2023-06-10","USD",93.00,100,"3XS:20|2XS:20|XS:20|S:10|M:10|L:10|XL:10"
250246,"2022-09-15 08:39:53.45","#SAW727",50.00,68.00,93.00,120.90,"2023-05-10","129336446","PO",4,,,,"","ALMA","SAW727A1",30025,6002,"2023-05-10","2023-06-10","USD",93.00,100,"3XS:20|2XS:20|XS:20|S:10|M:10|L:10|XL:10"
250247,"2022-09-15 08:39:53.45","#SAW728",50.00,68.00,93.00,120.90,"2023-05-10","129336446","PO",4,,,,"","ALMA","SAW728A0",30026,8002,"2023-05-10","2023-06-10","USD",93.00,100,"3XS:20|2XS:20|XS:20|S:10|M:10|L:10|XL:10"
250248,"2022-09-15 08:39:53.45","#SAW729",50.00,68.00,93.00,120.90,"2023-05-10","129336447","PO",4,,,,"","ALMA","SAW729A1",30027,1002,"2023-05-10","2023-06-10","USD",93.00,100,"3XS:20|2XS:20|XS:20|S:10|M:10|L:10|XL:10"
250249,"2022-09-15 08:39:53.45","#SAW730",50.00,68.00,93.00,120.90,"2023-05-10","129336447","PO",4,,,,"","ALMA","SAW730A0",30066,1016,"2023-05-10","2023-06-10","USD",93.00,100,"3XS:20|2XS:20|XS:20|S:10|M:10|L:10|XL:10"
250250,"2022-09-15 08:39:53.45","#SAW731",50.00,68.00,93.00,120.90,"2023-05-10","129336447","PO",4,,,,"","ALMA","SAW731A1",30067,3002,"2023-05-10","2023-06-10","USD",93.00,100,"3XS:20|2XS:20|XS:20|S:10|M:10|L:10|XL:10"
250251,"2022-09-15 08:39:53.45","#SAW732",50.00,68.00,93.00,120.90,"2023-05-10","129336447","PO",4,,,,"","ALMA","SAW732A1",30068,4002,"2023-05-10","2023-06-10","USD",93.00,100,"3XS:20|2XS:20|XS:20|S:10|M:10|L:10|XL:10"
250252,"2022-09-15 08:39:53.45","#SAW733",50.00,68.00,93.00,120.90,"2023-05-10","129336447","PO",4,,,,"","ALMA","SAW733A0",30069,5002,"2023-05-10","2023-06-10","USD",93.00,100,"3XS:20|2XS:20|XS:20|S:10|M:10|L:10|XL:10"
250253,"2022-09-15 08:39:53.45","#SAW734",50.00,68.00,93.00,120.90,"2023-05-10","129336447","PO",4,,,,"","ALMA","SAW734A1",30070,6002,"2023-05-10","2023-06-10","USD",93.00,100,"3XS:20|2XS:20|XS:20|S:10|M:10|L:10|XL:10"
250254,"2022-09-15 08:39:53.45","#SAW735",50.00,68.00,93.00,120.90,"2023-05-10","129336447","PO",4,,,,"","ALMA","SAW735A0",30071,8002,"2023-05-10","2023-06-10","USD",93.00,100,"3XS:20|2XS:20|XS:20|S:10|M:10|L:10|XL:10"
250255,"2022-09-15 08:39:53.45","#SAW736",50.00,68.00,93.00,120.90,"2023-05-10","129336453","PO",4,,,,"","ALMA","SAW736A1",30072,1002,"2023-05-10","2023-06-10","USD",93.00,100,"3XS:20|2XS:20|XS:20|S:10|M:10|L:10|XL:10"
250256,"2022-09-15 08:39:53.45","#SAW737",50.00,68.00,93.00,120.90,"2023-05-10","129336453","PO",4,,,,"","ALMA","SAW737A1",30073,1016,"2023-05-10","2023-06-10","USD",93.00,100,"3XS:20|2XS:20|XS:20|S:10|M:10|L:10|XL:10"
250257,"2022-09-15 08:39:53.45","#SAW738",50.00,68.00,93.00,120.90,"2023-05-10","129336453","PO",4,,,,"","ALMA","SAW738A0",30029,3002,"2023-05-10","2023-06-10","USD",93.00,100,"3XS:20|2XS:20|XS:20|S:10|M:10|L:10|XL:10"
250258,"2022-09-15 08:39:53.45","#SAW739",50.00,68.00,93.00,120.90,"2023-05-10","129336453","PO",4,,,,"","ALMA","SAW739A1",30013,4002,"2023-05-10","2023-06-10","USD",93.00,100,"3XS:20|2XS:20|XS:20|S:10|M:10|L:10|XL:10"
250259,"2022-09-15 08:39:53.45","#SAW740",50.00,68.00,93.00,120.90,"2023-05-10","129336453","PO",4,,,,"","ALMA","SAW740A0",30022,5002,"2023-05-10","2023-06-10","USD",93.00,100,"3XS:20|2XS:20|XS:20|S:10|M:10|L:10|XL:10"
250260,"2022-09-15 08:39:53.45","#SAW741",50.00,68.00,93.00,120.90,"2023-05-10","129336453","PO",4,,,,"","ALMA","SAW741A1",30045,6002,"2023-05-10","2023-06-10","USD",93.00,100,"3XS:20|2XS:20|XS:20|S:10|M:10|L:10|XL:10"
250261,"2022-09-15 08:39:53.45","#SAW742",50.00,68.00,93.00,120.90,"2023-05-10","129336453","PO",4,,,,"","ALMA","SAW742A1",30046,8002,"2023-05-10","2023-06-10","USD",93.00,100,"3XS:20|2XS:20|XS:20|S:10|M:10|L:10|XL:10"
250262,"2022-09-15 08:39:53.45","#SAW743",50.00,68.00,93.00,120.90,"2023-05-10","129336459","PO",4,,,,"","ALMA","SAW743A0",30047,1002,"2023-05-10","2023-06-10","USD",93.00,100,"3XS:20|2XS:20|XS:20|S:10|M:10|L:10|XL:10"
250263,"2022-09-15 08:39:53.45","#SAW744",50.00,68.00,93.00,120.90,"2023-05-10","129336459","PO",4,,,,"","ALMA","SAW744A1",30065,1016,"2023-05-10","2023-06-10","USD",93.00,100,"3XS:20|2XS:20|XS:20|S:10|M:10|L:10|XL:10"
250264,"2022-09-15 08:39:53.45","#SAW745",50.00,68.00,93.00,120.90,"2023-05-10","129336459","PO",4,,,,"","ALMA","SAW745A0",30074,3002,"2023-05-10","2023-06-10","USD",93.00,100,"3XS:20|2XS:20|XS:20|S:10|M:10|L:10|XL:10"
250265,"2022-09-15 08:39:53.45","#SAW746",50.00,68.00,93.00,120.90,"2023-05-10","129336459","PO",4,,,,"","ALMA","SAW746A1",30075,4002,"2023-05-10","2023-06-10","USD",93.00,100,"3XS:20|2XS:20|XS:20|S:10|M:10|L:10|XL:10"
250266,"2022-09-15 08:39:53.45","#SAW747",50.00,68.00,93.00,120.90,"2023-05-10","129336459","PO",4,,,,"","ALMA","SAW747A1",30025,5002,"2023-05-10","2023-06-10","USD",93.00,100,"3XS:20|2XS:20|XS:20|S:10|M:10|L:10|XL:10"
250267,"2022-09-15 08:39:53.45","#SAW748",50.00,68.00,93.00,120.90,"2023-05-10","129336459","PO",4,,,,"","ALMA","SAW748A0",30026,6002,"2023-05-10","2023-06-10","USD",93.00,100,"3XS:20|2XS:20|XS:20|S:10|M:10|L:10|XL:10"
250268,"2022-09-15 08:39:53.45","#SAW749",50.00,68.00,93.00,120.90,"2023-05-10","129336459","PO",4,,,,"","ALMA","SAW749A1",30027,8002,"2023-05-10","2023-06-10","USD",93.00,100,"3XS:20|2XS:20|XS:20|S:10|M:10|L:10|XL:10"
250269,"2022-09-15 08:39:53.45","#SAW750",50.00,68.00,93.00,120.90,"2023-05-10","129336464","PO",4,,,,"","ALMA","SAW750A0",30066,1002,"2023-05-10","2023-06-10","USD",93.00,100,"3XS:20|2XS:20|XS:20|S:10|M:10|L:10|XL:10"
250270,"2022-09-15 08:39:53.45","#SAW751",50.00,68.00,93.00,120.90,"2023-05-10","129336464","PO",4,,,,"","ALMA","SAW751A1",30067,1016,"2023-05-10","2023-06-10","USD",93.00,100,"3XS:20|2XS:20|XS:20|S:10|M:10|L:10|XL:10"
250271,"2022-09-15 08:39:53.45","#SAW752",50.00,68.00,93.00,120.90,"2023-05-10","129336464","PO",4,,,,"","ALMA","SAW752A1",30068,3002,"2023-05-10","2023-06-10","USD",93.00,100,"3XS:20|2XS:20|XS:20|S:10|M:10|L:10|XL:10"
250272,"2022-09-15 08:39:53.45","#SAW753",50.00,68.00,93.00,120.90,"2023-05-10","129336464","PO",4,,,,"","ALMA","SAW753A0",30069,4002,"2023-05-10","2023-06-10","USD",93.00,100,"3XS:20|2XS:20|XS:20|S:10|M:10|L:10|XL:10"
250273,"2022-09-15 08:39:53.45","#SAW754",50.00,68.00,93.00,120.90,"2023-05-10","129336464","PO",4,,,,"","ALMA","SAW754A1",30070,5002,"2023-05-10","2023-06-10","USD",93.00,100,"3XS:20|2XS:20|XS:20|S:10|M:10|L:10|XL:10"
250274,"2022-09-15 08:39:53.45","#SAW755",50.00,68.00,93.00,120.90,"2023-05-10","129336464","PO",4,,,,"","ALMA","SAW755A0",30071,6002,"2023-05-10","2023-06-10","USD",93.00,100,"3XS:20|2XS:20|XS:20|S:10|M:10|L:10|XL:10"
250275,"2022-09-15 08:39:53.45","#SAW756",50.00,68.00,93.00,120.90,"2023-05-10","129336464","PO",4,,,,"","ALMA","SAW756A1",30072,8002,"2023-05-10","2023-06-10","USD",93.00,100,"3XS:20|2XS:20|XS:20|S:10|M:10|L:10|XL:10"
250276,"2022-09-15 08:39:53.45","#SAW757",50.00,68.00,93.00,120.90,"2023-05-10","129336472","PO",4,,,,"","ALMA","SAW757A1",30073,1002,"2023-05-10","2023-06-10","USD",93.00,100,"3XS:20|2XS:20|XS:20|S:10|M:10|L:10|XL:10"
250277,"2022-09-15 08:39:53.45","#SAW758",50.00,68.00,93.00,120.90,"2023-05-10","129336472","PO",4,,,,"","ALMA","SAW758A0",30029,1016,"2023-05-10","2023-06-10","USD",93.00,100,"3XS:20|2XS:20|XS:20|S:10|M:10|L:10|XL:10"
250278,"2022-09-15 08:39:53.45","#SAW759",50.00,68.00,93.00,120.90,"2023-05-10","129336472","PO",4,,,,"","ALMA","SAW759A1",30013,3002,"2023-05-10","2023-06-10","USD",93.00,100,"3XS:20|2XS:20|XS:20|S:10|M:10|L:10|XL:10"
250279,"2022-09-15 08:39:53.45","#SAW760",50.00,68.00,93.00,120.90,"2023-05-10","129336472","PO",4,,,,"","ALMA","SAW760A0",30022,4002,"2023-05-10","2023-06-10","USD",93.00,100,"3XS:20|2XS:20|XS:20|S:10|M:10|L:10|XL:10"
250280,"2022-09-15 08:39:53.45","#SAW761",50.00,68.00,93.00,120.90,"2023-05-10","129336472","PO",4,,,,"","ALMA","SAW761A1",30045,5002,"2023-05-10","2023-06-10","USD",93.00,100,"3XS:20|2XS:20|XS:20|S:10|M:10|L:10|XL:10"
250281,"2022-09-15 08:39:53.45","#SAW762",50.00,68.00,93.00,120.90,"2023-05-10","129336472","PO",4,,,,"","ALMA","SAW762A1",30046,6002,"2023-05-10","2023-06-10","USD",93.00,100,"3XS:20|2XS:20|XS:20|S:10|M:10|L:10|XL:10"
250282,"2022-09-15 08:39:53.45","#SAW763",50.00,68.00,93.00,120.90,"2023-05-10","129336472","PO",4,,,,"","ALMA","SAW763A0",30047,8002,"2023-05-10","2023-06-10","USD",93.00,100,"3XS:20|2XS:20|XS:20|S:10|M:10|L:10|XL:10"
250283,"2022-09-15 08:39:53.45","#SAW764",50.00,68.00,93.00,120.90,"2023-05-10","129336475","PO",4,,,,"","ALMA","SAW764A1",30065,1002,"2023-05-10","2023-06-10","USD",93.00,100,"3XS:20|2XS:20|XS:20|S:10|M:10|L:10|XL:10"
250284,"2022-09-15 08:39:53.45","#SAW765",50.00,68.00,93.00,120.90,"2023-05-10","129336475","PO",4,,,,"","ALMA","SAW765A0",30074,1016,"2023-05-10","2023-06-10","USD",93.00,100,"3XS:20|2XS:20|XS:20|S:10|M:10|L:10|XL:10"
250285,"2022-09-15 08:39:53.45","#SAW766",50.00,68.00,93.00,120.90,"2023-05-10","129336475","PO",4,,,,"","ALMA","SAW766A1",30075,3002,"2023-05-10","2023-06-10","USD",93.00,100,"3XS:20|2XS:20|XS:20|S:10|M:10|L:10|XL:10"
250286,"2022-09-15 08:39:53.45","#SAW767",50.00,68.00,93.00,120.90,"2023-05-10","129336475","PO",4,,,,"","ALMA","SAW767A1",30025,4002,"2023-05-10","2023-06-10","USD",93.00,100,"3XS:20|2XS:20|XS:20|S:10|M:10|L:10|XL:10"
250287,"2022-09-15 08:39:53.45","#SAW768",50.00,68.00,93.00,120.90,"2023-05-10","129336475","PO",4,,,,"","ALMA","SAW768A0",30026,5002,"2023-05-10","2023-06-10","USD",93.00,100,"3XS:20|2XS:20|XS:20|S:10|M:10|L:10|XL:10"
250288,"2022-09-15 08:39:53.45","#SAW769",50.00,68.00,93.00,120.90,"2023-05-10","129336475","PO",4,,,,"","ALMA","SAW769A1",30027,6002,"2023-05-10","2023-06-10","USD",93.00,100,"3XS:20|2XS:20|XS:20|S:10|M:10|L:10|XL:10"
250289,"2022-09-15 08:39:53.45","#SAW770",50.00,68.00,93.00,120.90,"2023-05-10","129336475","PO",4,,,,"","ALMA","SAW770A0",30066,8002,"2023-05-10","2023-06-10","USD",93.00,100,"3XS:20|2XS:20|XS:20|S:10|M:10|L:10|XL:10"
250290,"2022-09-15 08:39:53.45","#SAW771",50.00,68.00,93.00,120.90,"2023-05-10","129336483","PO",4,,,,"","ALMA","SAW771A1",30067,1002,"2023-05-10","2023-06-10","USD",93.00,100,"3XS:20|2XS:20|XS:20|S:10|M:10|L:10|XL:10"
250291,"2022-09-15 08:39:53.45","#SAW772",50.00,68.00,93.00,120.90,"2023-05-10","129336483","PO",4,,,,"","ALMA","SAW772A1",30068,1016,"2023-05-10","2023-06-10","USD",93.00,100,"3XS:20|2XS:20|XS:20|S:10|M:10|L:10|XL:10"
250292,"2022-09-15 08:39:53.45","#SAW773",50.00,68.00,93.00,120.90,"2023-05-10","129336483","PO",4,,,,"","ALMA","SAW773A0",30069,3002,"2023-05-10","2023-06-10","USD",93.00,100,"3XS:20|2XS:20|XS:20|S:10|M:10|L:10|XL:10"
250293,"2022-09-15 08:39:53.45","#SAW774",50.00,68.00,93.00,120.90,"2023-05-10","129336483","PO",4,,,,"","ALMA","SAW774A1",30070,4002,"2023-05-10","2023-06-10","USD",93.00,100,"3XS:20|2XS:20|XS:20|S:10|M:10|L:10|XL:10"
250294,"2022-09-15 08:39:53.45","#SAW775",50.00,68.00,93.00,120.90,"2023-05-10","129336483","PO",4,,,,"","ALMA","SAW775A0",30071,5002,"2023-05-10","2023-06-10","USD",93.00,100,"3XS:20|2XS:20|XS:20|S:10|M:10|L:10|XL:10"
250295,"2022-09-15 08:39:53.45","#SAW776",50.00,68.00,93.00,120.90,"2023-05-10","129336483","PO",4,,,,"","ALMA","SAW776A1",30072,6002,"2023-05-10","2023-06-10","USD",93.00,100,"3XS:20|2XS:20|XS:20|S:10|M:10|L:10|XL:10"
250296,"2022-09-15 08:39:53.45","#SAW777",50.00,68.00,93.00,120.90,"2023-05-10","129336483","PO",4,,,,"","ALMA","SAW777A1",30073,8002,"2023-05-10","2023-06-10","USD",93.00,100,"3XS:20|2XS:20|XS:20|S:10|M:10|L:10|XL:10"
250297,"2022-09-15 08:39:53.45","#SAW778",50.00,68.00,93.00,120.90,"2023-05-10","129336494","PO",4,,,,"","ALMA","SAW778A0",30029,1002,"2023-05-10","2023-06-10","USD",93.00,100,"3XS:20|2XS:20|XS:20|S:10|M:10|L:10|XL:10"
250298,"2022-09-15 08:39:53.45","#SAW779",50.00,68.00,93.00,120.90,"2023-05-10","129336494","PO",4,,,,"","ALMA","SAW779A1",30013,1016,"2023-05-10","2023-06-10","USD",93.00,100,"3XS:20|2XS:20|XS:20|S:10|M:10|L:10|XL:10"
250299,"2022-09-15 08:39:53.45","#SAW780",50.00,68.00,93.00,120.90,"2023-05-10","129336494","PO",4,,,,"","ALMA","SAW780A0",30022,3002,"2023-05-10","2023-06-10","USD",93.00,100,"3XS:20|2XS:20|XS:20|S:10|M:10|L:10|XL:10"
250300,"2022-09-15 08:39:53.45","#SAW781",50.00,68.00,93.00,120.90,"2023-05-10","129336494","PO",4,,,,"","ALMA","SAW781A1",30045,4002,"2023-05-10","2023-06-10","USD",93.00,100,"3XS:20|2XS:20|XS:20|S:10|M:10|L:10|XL:10"
250301,"2022-09-15 08:39:53.45","#SAW782",50.00,68.00,93.00,120.90,"2023-05-10","129336494","PO",4,,,,"","ALMA","SAW782A1",30046,5002,"2023-05-10","2023-06-10","USD",93.00,100,"3XS:20|2XS:20|XS:20|S:10|M:10|L:10|XL:10"
250302,"2022-09-15 08:39:53.45","#SAW783",50.00,68.00,93.00,120.90,"2023-05-10","129336494","PO",4,,,,"","ALMA","SAW783A0",30047,6002,"2023-05-10","2023-06-10","USD",93.00,100,"3XS:20|2XS:20|XS:20|S:10|M:10|L:10|XL:10"
250303,"2022-09-15 08:39:53.45","#SAW784",50.00,68.00,93.00,120.90,"2023-05-10","129336494","PO",4,,,,"","ALMA","SAW784A1",30065,8002,"2023-05-10","2023-06-10","USD",93.00,100,"3XS:20|2XS:20|XS:20|S:10|M:10|L:10|XL:10"
250304,"2022-09-15 08:39:53.45","#SAW785",50.00,68.00,93.00,120.90,"2023-05-10","129336497","PO",4,,,,"","ALMA","SAW785A0",30074,1002,"2023-05-10","2023-06-10","USD",93.00,100,"3XS:20|2XS:20|XS:20|S:10|M:10|L:10|XL:10"
250305,"2022-09-15 08:39:53.45","#SAW786",50.00,68.00,93.00,120.90,"2023-05-10","129336497","PO",4,,,,"","ALMA","SAW786A1",30075,1016,"2023-05-10","2023-06-10","USD",93.00,100,"3XS:20|2XS:20|XS:20|S:10|M:10|L:10|XL:10"
250306,"2022-09-15 08:39:53.45","#SAW787",50.00,68.00,93.00,120.90,"2023-05-10","129336497","PO",4,,,,"","ALMA","SAW787A1",30025,3002,"2023-05-10","2023-06-10","USD",93.00,100,"3XS:20|2XS:20|XS:20|S:10|M:10|L:10|XL:10"
250307,"2022-09-15 08:39:53.45","#SAW788",50.00,68.00,93.00,120.90,"2023-05-10","129336497","PO",4,,,,"","ALMA","SAW788A0",30026,4002,"2023-05-10","2023-06-10","USD",93.00,100,"3XS:20|2XS:20|XS:20|S:10|M:10|L:10|XL:10"
250308,"2022-09-15 08:39:53.45","#SAW789",50.00,68.00,93.00,120.90,"2023-05-10","129336497","PO",4,,,,"","ALMA","SAW789A1",30027,5002,"2023-05-10","2023-06-10","USD",93.00,100,"3XS:20|2XS:20|XS:20|S:10|M:10|L:10|XL:10"
250309,"2022-09-15 08:39:53.45","#SAW790",50.00,68.00,93.00,120.90,"2023-05-10","129336497","PO",4,,,,"","ALMA","SAW790A0",30066,6002,"2023-05-10","2023-06-10","USD",93.00,100,"3XS:20|2XS:20|XS:20|S:10|M:10|L:10|XL:10"
250310,"2022-09-15 08:39:53.45","#SAW791",50.00,68.00,93.00,120.90,"2023-05-10","129336497","PO",4,,,,"","ALMA","SAW791A1",30067,8002,"2023-05-10","2023-06-10","USD",93.00,100,"3XS:20|2XS:20|XS:20|S:10|M:10|L:10|XL:10"
250311,"2022-09-15 08:39:53.45","#SAW792",50.00,68.00,93.00,120.90,"2023-05-10","129336503","PO",4,,,,"","ALMA","SAW792A1",30068,1002,"2023-05-10","2023-06-10","USD",93.00,100,"3XS:20|2XS:20|XS:20|S:10|M:10|L:10|XL:10"
250312,"2022-09-15 08:39:53.45","#SAW793",50.00,68.00,93.00,120.90,"2023-05-10","129336503","PO",4,,,,"","ALMA","SAW793A0",30069,1016,"2023-05-10","2023-06-10","USD",93.00,100,"3XS:20|2XS:20|XS:20|S:10|M:10|L:10|XL:10"
250313,"2022-09-15 08:39:53.45","#SAW794",50.00,68.00,93.00,120.90,"2023-05-10","129336503","PO",4,,,,"","ALMA","SAW794A1",30070,3002,"2023-05-10","2023-06-10","USD",93.00,100,"3XS:20|2XS:20|XS:20|S:10|M:10|L:10|XL:10"
250314,"2022-09-15 08:39:53.45","#SAW795",50.00,68.00,93.00,120.90,"2023-05-10","129336503","PO",4,,,,"","ALMA","SAW795A0",30071,4002,"2023-05-10","2023-06-10","USD",93.00,100,"3XS:20|2XS:20|XS:20|S:10|M:10|L:10|XL:10"
250315,"2022-09-15 08:39:53.45","#SAW796",50.00,68.00,93.00,120.90,"2023-05-10","129336503","PO",4,,,,"","ALMA","SAW796A1",30072,5002,"2023-05-10","2023-06-10","USD",93.00,100,"3XS:20|2XS:20|XS:20|S:10|M:10|L:10|XL:10"
250316,"2022-09-15 08:39:53.45","#SAW797",50.00,68.00,93.00,120.90,"2023-05-10","129336503","PO",4,,,,"","ALMA","SAW797A1",30073,6002,"2023-05-10","2023-06-10","USD",93.00,100,"3XS:20|2XS:20|XS:20|S:10|M:10|L:10|XL:10"
250317,"2022-09-15 08:39:53.45","#SAW798",50.00,68.00,93.00,120.90,"2023-05-10","129336503","PO",4,,,,"","ALMA","SAW798A0",30029,8002,"2023-05-10","2023-06-10","USD",93.00,100,"3XS:20|2XS:20|XS:20|S:10|M:10|L:10|XL:10"
250318,"2022-09-15 08:39:53.45","#SAW799",50.00,68.00,93.00,120.90,"2023-05-10","129336510","PO",4,,,,"","ALMA","SAW799A1",30013,1002,"2023-05-10","2023-06-10","USD",93.00,100,"3XS:20|2XS:20|XS:20|S:10|M:10|L:10|XL:10"
250319,"2022-09-15 08:39:53.45","#SAW800",50.00,68.00,93.00,120.90,"2023-05-10","129336510","PO",4,,,,"","ALMA","SAW800A0",30022,1016,"2023-05-10","2023-06-10","USD",93.00,100,"3XS:20|2XS:20|XS:20|S:10|M:10|L:10|XL:10"
250320,"2022-09-15 08:39:53.45","#SAW801",50.00,68.00,93.00,120.90,"2023-05-10","129336510","PO",4,,,,"","ALMA","SAW801A1",30045,3002,"2023-05-10","2023-06-10","USD",93.00,100,"3XS:20|2XS:20|XS:20|S:10|M:10|L:10|XL:10"
250321,"2022-09-15 08:39:53.45","#SAW802",50.00,68.00,93.00,120.90,"2023-05-10","129336510","PO",4,,,,"","ALMA","SAW802A1",30046,4002,"2023-05-10","2023-06-10","USD",93.00,100,"3XS:20|2XS:20|XS:20|S:10|M:10|L:10|XL:10"
250322,"2022-09-15 08:39:53.45","#SAW803",50.00,68.00,93.00,120.90,"2023-05-10","129336510","PO",4,,,,"","ALMA","SAW803A0",30047,5002,"2023-05-10","2023-06-10","USD",93.00,100,"3XS:20|2XS:20|XS:20|S:10|M:10|L:10|XL:10"
250323,"2022-09-15 08:39:53.45","#SAW804",50.00,68.00,93.00,120.90,"2023-05-10","129336510","PO",4,,,,"","ALMA","SAW804A1",30065,6002,"2023-05-10","2023-06-10","USD",93.00,100,"3XS:20|2XS:20|XS:20|S:10|M:10|L:10|XL:10"
250324,"2022-09-15 08:39:53.45","#SAW805",50.00,68.00,93.00,120.90,"2023-05-10","129336510","PO",4,,,,"","ALMA","SAW805A0",30074,8002,"2023-05-10","2023-06-10","USD",93.00,100,"3XS:20|2XS:20|XS:20|S:10|M:10|L:10|XL:10"
250325,"2022-09-15 08:39:53.45","#SAW806",50.00,68.00,93.00,120.90,"2023-05-10","129336542","PO",4,,,,"","ALMA","SAW806A1",30075,1002,"2023-05-10","2023-06-10","USD",93.00,100,"3XS:20|2XS:20|XS:20|S:10|M:10|L:10|XL:10"
250326,"2022-09-15 08:39:53.45","#SAW807",50.00,68.00,93.00,120.90,"2023-05-10","129336542","PO",4,,,,"","ALMA","SAW807A1",30025,1016,"2023-05-10","2023-06-10","USD",93.00,100,"3XS:20|2XS:20|XS:20|S:10|M:10|L:10|XL:10"
250327,"2022-09-15 08:39:53.45","#SAW808",50.00,68.00,93.00,120.90,"2023-05-10","129336542","PO",4,,,,"","ALMA","SAW808A0",30026,3002,"2023-05-10","2023-06-10","USD",93.00,100,"3XS:20|2XS:20|XS:20|S:10|M:10|L:10|XL:10"
250328,"2022-09-15 08:39:53.45","#SAW809",50.00,68.00,93.00,120.90,"2023-05-10","129336542","PO",4,,,,"","ALMA","SAW809A1",30027,4002,"2023-05-10","2023-06-10","USD",93.00,100,"3XS:20|2XS:20|XS:20|S:10|M:10|L:10|XL:10"
250329,"2022-09-15 08:39:53.45","#SAW810",50.00,68.00,93.00,120.90,"2023-05-10","129336542","PO",4,,,,"","ALMA","SAW810A0",30066,5002,"2023-05-10","2023-06-10","USD",93.00,100,"3XS:20|2XS:20|XS:20|S:10|M:10|L:10|XL:10"
250330,"2022-09-15 08:39:53.45","#SAW811",50.00,68.00,93.00,120.90,"2023-05-10","129336542","PO",4,,,,"","ALMA","SAW811A1",30067,6002,"2023-05-10","2023-06-10","USD",93.00,100,"3XS:20|2XS:20|XS:20|S:10|M:10|L:10|XL:10"
250331,"2022-09-15 08:39:53.45","#SAW812",50.00,68.00,93.00,120.90,"2023-05-10","129336542","PO",4,,,,"","ALMA","SAW812A1",30068,8002,"2023-05-10","2023-06-10","USD",93.00,100,"3XS:20|2XS:20|XS:20|S:10|M:10|L:10|XL:10"
250332,"2022-09-15 08:39:53.45","#SAW813",50.00,68.00,93.00,120.90,"2023-05-10","129336554","PO",4,,,,"","ALMA","SAW813A0",30069,1002,"2023-05-10","2023-06-10","USD",93.00,100,"3XS:20|2XS:20|XS:20|S:10|M:10|L:10|XL:10"
250333,"2022-09-15 08:39:53.45","#SAW814",50.00,68.00,93.00,120.90,"2023-05-10","129336554","PO",4,,,,"","ALMA","SAW814A1",30070,1016,"2023-05-10","2023-06-10","USD",93.00,100,"3XS:20|2XS:20|XS:20|S:10|M:10|L:10|XL:10"
250334,"2022-09-15 08:39:53.45","#SAW815",50.00,68.00,93.00,120.90,"2023-05-10","129336554","PO",4,,,,"","ALMA","SAW815A0",30071,3002,"2023-05-10","2023-06-10","USD",93.00,100,"3XS:20|2XS:20|XS:20|S:10|M:10|L:10|XL:10"
250335,"2022-09-15 08:39:53.45","#SAW816",50.00,68.00,93.00,120.90,"2023-05-10","129336554","PO",4,,,,"","ALMA","SAW816A1",30072,4002,"2023-05-10","2023-06-10","USD",93.00,100,"3XS:20|2XS:20|XS:20|S:10|M:10|L:10|XL:10"
250336,"2022-09-15 08:39:53.45","#SAW817",50.00,68.00,93.00,120.90,"2023-05-10","129336554","PO",4,,,,"","ALMA","SAW817A1",30073,5002,"2023-05-10","2023-06-10","USD",93.00,100,"3XS:20|2XS:20|XS:20|S:10|M:10|L:10|XL:10"
250337,"2022-09-15 08:39:53.45","#SAW818",50.00,68.00,93.00,120.90,"2023-05-10","129336554","PO",4,,,,"","ALMA","SAW818A0",30029,6002,"2023-05-10","2023-06-10","USD",93.00,100,"3XS:20|2XS:20|XS:20|S:10|M:10|L:10|XL:10"
250338,"2022-09-15 08:39:53.45","#SAW819",50.00,68.00,93.00,120.90,"2023-05-10","129336554","PO",4,,,,"","ALMA","SAW819A1",30013,8002,"2023-05-10","2023-06-10","USD",93.00,100,"3XS:20|2XS:20|XS:20|S:10|M:10|L:10|XL:10"
250339,"2022-09-15 08:39:53.45","#SAW820",50.00,68.00,93.00,120.90,"2023-05-10","129336555","PO",4,,,,"","ALMA","SAW820A0",30022,1002,"2023-05-10","2023-06-10","USD",93.00,100,"3XS:20|2XS:20|XS:20|S:10|M:10|L:10|XL:10"
250340,"2022-09-15 08:39:53.45","#SAW821",50.00,68.00,93.00,120.90,"2023-05-10","129336555","PO",4,,,,"","ALMA","SAW821A1",30045,1016,"2023-05-10","2023-06-10","USD",93.00,100,"3XS:20|2XS:20|XS:20|S:10|M:10|L:10|XL:10"
250341,"2022-09-15 08:39:53.45","#SAW822",50.00,68.00,93.00,120.90,"2023-05-10","129336555","PO",4,,,,"","ALMA","SAW822A1",30046,3002,"2023-05-10","2023-06-10","USD",93.00,100,"3XS:20|2XS:20|XS:20|S:10|M:10|L:10|XL:10"
250342,"2022-09-15 08:39:53.45","#SAW823",50.00,68.00,93.00,120.90,"2023-05-10","129336555","PO",4,,,,"","ALMA","SAW823A0",30047,4002,"2023-05-10","2023-06-10","USD",93.00,100,"3XS:20|2XS:20|XS:20|S:10|M:10|L:10|XL:10"
250343,"2022-09-15 08:39:53.45","#SAW824",50.00,68.00,93.00,120.90,"2023-05-10","129336555","PO",4,,,,"","ALMA","SAW824A1",30065,5002,"2023-05-10","2023-06-10","USD",93.00,100,"3XS:20|2XS:20|XS:20|S:10|M:10|L:10|XL:10"
250344,"2022-09-15 08:39:53.45","#SAW825",50.00,68.00,93.00,120.90,"2023-05-10","129336555","PO",4,,,,"","ALMA","SAW825A0",30074,6002,"2023-05-10","2023-06-10","USD",93.00,100,"3XS:20|2XS:20|XS:20|S:10|M:10|L:10|XL:10"
250345,"2022-09-15 08:39:53.45","#SAW826",50.00,68.00,93.00,120.90,"2023-05-10","129336555","PO",4,,,,"","ALMA","SAW826A1",30075,8002,"2023-05-10","2023-06-10","USD",93.00,100,"3XS:20|2XS:20|XS:20|S:10|M:10|L:10|XL:10"
250346,"2022-09-15 08:39:53.45","#SAW827",50.00,68.00,93.00,120.90,"2023-05-10","129336557","PO",4,,,,"","ALMA","SAW827A1",30025,1002,"2023-05-10","2023-06-10","USD",93.00,100,"3XS:20|2XS:20|XS:20|S:10|M:10|L:10|XL:10"
250347,"2022-09-15 08:39:53.45","#SAW828",50.00,68.00,93.00,120.90,"2023-05-10","129336557","PO",4,,,,"","ALMA","SAW828A0",30026,1016,"2023-05-10","2023-06-10","USD",93.00,100,"3XS:20|2XS:20|XS:20|S:10|M:10|L:10|XL:10"
250348,"2022-09-15 08:39:53.45","#SAW829",50.00,68.00,93.00,120.90,"2023-05-10","129336557","PO",4,,,,"","ALMA","SAW829A1",30027,3002,"2023-05-10","2023-06-10","USD",93.00,100,"3XS:20|2XS:20|XS:20|S:10|M:10|L:10|XL:10"
250349,"2022-09-15 08:39:53.45","#SAW830",50.00,68.00,93.00,120.90,"2023-05-10","129336557","PO",4,,,,"","ALMA","SAW830A0",30066,4002,"2023-05-10","2023-06-10","USD",93.00,100,"3XS:20|2XS:20|XS:20|S:10|M:10|L:10|XL:10"
250350,"2022-09-15 08:39:53.45","#SAW831",50.00,68.00,93.00,120.90,"2023-05-10","129336557","PO",4,,,,"","ALMA","SAW831A1",30067,5002,"2023-05-10","2023-06-10","USD",93.00,100,"3XS:20|2XS:20|XS:20|S:10|M:10|L:10|XL:10"
250351,"2022-09-15 08:39:53.45","#SAW832",50.00,68.00,93.00,120.90,"2023-05-10","129336557","PO",4,,,,"","ALMA","SAW832A1",30068,6002,"2023-05-10","2023-06-10","USD",93.00,100,"3XS:20|2XS:20|XS:20|S:10|M:10|L:10|XL:10"
250352,"2022-09-15 08:39:53.45","#SAW833",50.00,68.00,93.00,120.90,"2023-05-10","129336557","PO",4,,,,"","ALMA","SAW833A0",30069,8002,"2023-05-10","2023-06-10","USD",93.00,100,"3XS:20|2XS:20|XS:20|S:10|M:10|L:10|XL:10"
250353,"2022-09-15 08:39:53.45","#SAW834",50.00,68.00,93.00,120.90,"2023-05-10","129336572","PO",4,,,,"","ALMA","SAW834A1",30070,1002,"2023-05-10","2023-06-10","USD",93.00,100,"3XS:20|2XS:20|XS:20|S:10|M:10|L:10|XL:10"
250354,"2022-09-15 08:39:53.45","#SAW835",50.00,68.00,93.00,120.90,"2023-05-10","129336572","PO",4,,,,"","ALMA","SAW835A0",30071,1016,"2023-05-10","2023-06-10","USD",93.00,100,"3XS:20|2XS:20|XS:20|S:10|M:10|L:10|XL:10"
250355,"2022-09-15 08:39:53.45","#SAW836",50.00,68.00,93.00,120.90,"2023-05-10","129336572","PO",4,,,,"","ALMA","SAW836A1",30072,3002,"2023-05-10","2023-06-10","USD",93.00,100,"3XS:20|2XS:20|XS:20|S:10|M:10|L:10|XL:10"
250356,"2022-09-15 08:39:53.45","#SAW837",50.00,68.00,93.00,120.90,"2023-05-10","129336572","PO",4,,,,"","ALMA","SAW837A1",30073,4002,"2023-05-10","2023-06-10","USD",93.00,100,"3XS:20|2XS:20|XS:20|S:10|M:10|L:10|XL:10"
250357,"2022-09-15 08:39:53.45","#SAW838",50.00,68.00,93.00,120.90,"2023-05-10","129336572","PO",4,,,,"","ALMA","SAW838A0",30029,5002,"2023-05-10","2023-06-10","USD",93.00,100,"3XS:20|2XS:20|XS:20|S:10|M:10|L:10|XL:10"
250358,"2022-09-15 08:39:53.45","#SAW839",50.00,68.00,93.00,120.90,"2023-05-10","129336572","PO",4,,,,"","ALMA","SAW839A1",30013,6002,"2023-05-10","2023-06-10","USD",93.00,100,"3XS:20|2XS:20|XS:20|S:10|M:10|L:10|XL:10"
250359,"2022-09-15 08:39:53.45","#SAW840",50.00,68.00,93.00,120.90,"2023-05-10","129336572","PO",4,,,,"","ALMA","SAW840A0",30022,8002,"2023-05-10","2023-06-10","USD",93.00,100,"3XS:20|2XS:20|XS:20|S:10|M:10|L:10|XL:10"
250360,"2022-09-15 08:39:53.45","#SAW841",50.00,68.00,93.00,120.90,"2023-05-10","129336590","PO",4,,,,"","ALMA","SAW841A1",30045,1002,"2023-05-10","2023-06-10","USD",93.00,100,"3XS:20|2XS:20|XS:20|S:10|M:10|L:10|XL:10"
250361,"2022-09-15 08:39:53.45","#SAW842",50.00,68.00,93.00,120.90,"2023-05-10","129336590","PO",4,,,,"","ALMA","SAW842A1",30046,1016,"2023-05-10","2023-06-10","USD",93.00,100,"3XS:20|2XS:20|XS:20|S:10|M:10|L:10|XL:10"
250362,"2022-09-15 08:39:53.45","#SAW843",50.00,68.00,93.00,120.90,"2023-05-10","129336590","PO",4,,,,"","ALMA","SAW843A0",30047,3002,"2023-05-10","2023-06-10","USD",93.00,100,"3XS:20|2XS:20|XS:20|S:10|M:10|L:10|XL:10"
250363,"2022-09-15 08:39:53.45","#SAW844",50.00,68.00,93.00,120.90,"2023-05-10","129336590","PO",4,,,,"","ALMA","SAW844A1",30065,4002,"2023-05-10","2023-06-10","USD",93.00,100,"3XS:20|2XS:20|XS:20|S:10|M:10|L:10|XL:10"
250364,"2022-09-15 08:39:53.45","#SAW845",50.00,68.00,93.00,120.90,"2023-05-10","129336590","PO",4,,,,"","ALMA","SAW845A0",30074,5002,"2023-05-10","2023-06-10","USD",93.00,100,"3XS:20|2XS:20|XS:20|S:10|M:10|L:10|XL:10"
250365,"2022-09-15 08:39:53.45","#SAW846",50.00,68.00,93.00,120.90,"2023-05-10","129336590","PO",4,,,,"","ALMA","SAW846A1",30075,6002,"2023-05-10","2023-06-10","USD",93.00,100,"3XS:20|2XS:20|XS:20|S:10|M:10|L:10|XL:10"
250366,"2022-09-15 08:39:53.45","#SAW847",50.00,68.00,93.00,120.90,"2023-05-10","129336590","PO",4,,,,"","ALMA","SAW847A1",30025,8002,"2023-05-10","2023-06-10","USD",93.00,100,"3XS:20|2XS:20|XS:20|S:10|M:10|L:10|XL:10"
250367,"2022-09-15 08:39:53.45","#SAW848",50.00,68.00,93.00,120.90,"2023-05-10","129336598","PO",4,,,,"","ALMA","SAW848A0",30026,1002,"2023-05-10","2023-06-10","USD",93.00,100,"3XS:20|2XS:20|XS:20|S:10|M:10|L:10|XL:10"
250368,"2022-09-15 08:39:53.45","#SAW849",50.00,68.00,93.00,120.90,"2023-05-10","129336598","PO",4,,,,"","ALMA","SAW849A1",30027,1016,"2023-05-10","2023-06-10","USD",93.00,100,"3XS:20|2XS:20|XS:20|S:10|M:10|L:10|XL:10"
250369,"2022-09-15 08:39:53.45","#SAW850",50.00,68.00,93.00,120.90,"2023-05-10","129336598","PO",4,,,,"","ALMA","SAW850A0",30066,3002,"2023-05-10","2023-06-10","USD",93.00,100,"3XS:20|2XS:20|XS:20|S:10|M:10|L:10|XL:10"
250370,"2022-09-15 08:39:53.45","#SAW851",50.00,68.00,93.00,120.90,"2023-05-10","129336598","PO",4,,,,"","ALMA","SAW851A1",30067,4002,"2023-05-10","2023-06-10","USD",93.00,100,"3XS:20|2XS:20|XS:20|S:10|M:10|L:10|XL:10"
250371,"2022-09-15 08:39:53.45","#SAW852",50.00,68.00,93.00,120.90,"2023-05-10","129336598","PO",4,,,,"","ALMA","SAW852A1",30068,5002,"2023-05-10","2023-06-10","USD",93.00,100,"3XS:20|2XS:20|XS:20|S:10|M:10|L:10|XL:10"
250372,"2022-09-15 08:39:53.45","#SAW853",50.00,68.00,93.00,120.90,"2023-05-10","129336598","PO",4,,,,"","ALMA","SAW853A0",30069,6002,"2023-05-10","2023-06-10","USD",93.00,100,"3XS:20|2XS:20|XS:20|S:10|M:10|L:10|XL:10"
250373,"2022-09-15 08:39:53.45","#SAW854",50.00,68.00,93.00,120.90,"2023-05-10","129336598","PO",4,,,,"","ALMA","SAW854A1",30070,8002,"2023-05-10","2023-06-10","USD",93.00,100,"3XS:20|2XS:20|XS:20|S:10|M:10|L:10|XL:10"
250374,"2022-09-15 08:39:53.45","#SAW855",50.00,68.00,93.00,120.90,"2023-05-10","129336603","PO",4,,,,"","ALMA","SAW855A0",30071,1002,"2023-05-10","2023-06-10","USD",93.00,100,"3XS:20|2XS:20|XS:20|S:10|M:10|L:10|XL:10"
250375,"2022-09-15 08:39:53.45","#SAW856",50.00,68.00,93.00,120.90,"2023-05-10","129336603","PO",4,,,,"","ALMA","SAW856A1",30072,1016,"2023-05-10","2023-06-10","USD",93.00,100,"3XS:20|2XS:20|XS:20|S:10|M:10|L:10|XL:10"
250376,"2022-09-15 08:39:53.45","#SAW857",50.00,68.00,93.00,120.90,"2023-05-10","129336603","PO",4,,,,"","ALMA","SAW857A1",30073,3002,"2023-05-10","2023-06-10","USD",93.00,100,"3XS:20|2XS:20|XS:20|S:10|M:10|L:10|XL:10"
250377,"2022-09-15 08:39:53.45","#SAW858",50.00,68.00,93.00,120.90,"2023-05-10","129336603","PO",4,,,,"","ALMA","SAW858A0",30029,4002,"2023-05-10","2023-06-10","USD",93.00,100,"3XS:20|2XS:20|XS:20|S:10|M:10|L:10|XL:10"
250378,"2022-09-15 08:39:53.45","#SAW859",50.00,68.00,93.00,120.90,"2023-05-10","129336603","PO",4,,,,"","ALMA","SAW859A1",30013,5002,"2023-05-10","2023-06-10","USD",93.00,100,"3XS:20|2XS:20|XS:20|S:10|M:10|L:10|XL:10"
250379,"2022-09-15 08:39:53.45","#SAW860",50.00,68.00,93.00,120.90,"2023-05-10","129336603","PO",4,,,,"","ALMA","SAW860A0",30022,6002,"2023-05-10","2023-06-10","USD",93.00,100,"3XS:20|2XS:20|XS:20|S:10|M:10|L:10|XL:10"
250380,"2022-09-15 08:39:53.45","#SAW861",50.00,68.00,93.00,120.90,"2023-05-10","129336603","PO",4,,,,"","ALMA","SAW861A1",30045,8002,"2023-05-10","2023-06-10","USD",93.00,100,"3XS:20|2XS:20|XS:20|S:10|M:10|L:10|XL:10"
250381,"2022-09-15 08:39:53.45","#SAW862",50.00,68.00,93.00,120.90,"2023-05-10","129336604","PO",4,,,,"","ALMA","SAW862A1",30046,1002,"2023-05-10","2023-06-10","USD",93.00,100,"3XS:20|2XS:20|XS:20|S:10|M:10|L:10|XL:10"
250382,"2022-09-15 08:39:53.45","#SAW863",50.00,68.00,93.00,120.90,"2023-05-10","129336604","PO",4,,,,"","ALMA","SAW863A0",30047,1016,"2023-05-10","2023-06-10","USD",93.00,100,"3XS:20|2XS:20|XS:20|S:10|M:10|L:10|XL:10"
250383,"2022-09-15 08:39:53.45","#SAW864",50.00,68.00,93.00,120.90,"2023-05-10","129336604","PO",4,,,,"","ALMA","SAW864A1",30065,3002,"2023-05-10","2023-06-10","USD",93.00,100,"3XS:20|2XS:20|XS:20|S:10|M:10|L:10|XL:10"
250384,"2022-09-15 08:39:53.45","#SAW865",50.00,68.00,93.00,120.90,"2023-05-10","129336604","PO",4,,,,"","ALMA","SAW865A0",30074,4002,"2023-05-10","2023-06-10","USD",93.00,100,"3XS:20|2XS:20|XS:20|S:10|M:10|L:10|XL:10"
250385,"2022-09-15 08:39:53.45","#SAW866",50.00,68.00,93.00,120.90,"2023-05-10","129336604","PO",4,,,,"","ALMA","SAW866A1",30075,5002,"2023-05-10","2023-06-10","USD",93.00,100,"3XS:20|2XS:20|XS:20|S:10|M:10|L:10|XL:10"
250386,"2022-09-15 08:39:53.45","#SAW867",50.00,68.00,93.00,120.90,"2023-05-10","129336604","PO",4,,,,"","ALMA","SAW867A1",30025,6002,"2023-05-10","2023-06-10","USD",93.00,100,"3XS:20|2XS:20|XS:20|S:10|M:10|L:10|XL:10"
250387,"2022-09-15 08:39:53.45","#SAW868",50.00,68.00,93.00,120.90,"2023-05-10","129336604","PO",4,,,,"","ALMA","SAW868A0",30026,8002,"2023-05-10","2023-06-10","USD",93.00,100,"3XS:20|2XS:20|XS:20|S:10|M:10|L:10|XL:10"
250388,"2022-09-15 08:39:53.45","#SAW869",50.00,68.00,93.00,120.90,"2023-05-10","129336616","PO",4,,,,"","ALMA","SAW869A1",30027,1002,"2023-05-10","2023-06-10","USD",93.00,100,"3XS:20|2XS:20|XS:20|S:10|M:10|L:10|XL:10"
250389,"2022-09-15 08:39:53.45","#SAW870",50.00,68.00,93.00,120.90,"2023-05-10","129336616","PO",4,,,,"","ALMA","SAW870A0",30066,1016,"2023-05-10","2023-06-10","USD",93.00,100,"3XS:20|2XS:20|XS:20|S:10|M:10|L:10|XL:10"
250390,"2022-09-15 08:39:53.45","#SAW871",50.00,68.00,93.00,120.90,"2023-05-10","129336616","PO",4,,,,"","ALMA","SAW871A1",30067,3002,"2023-05-10","2023-06-10","USD",93.00,100,"3XS:20|2XS:20|XS:20|S:10|M:10|L:10|XL:10"
250391,"2022-09-15 08:39:53.45","#SAW872",50.00,68.00,93.00,120.90,"2023-05-10","129336616","PO",4,,,,"","ALMA","SAW872A1",30068,4002,"2023-05-10","2023-06-10","USD",93.00,100,"3XS:20|2XS:20|XS:20|S:10|M:10|L:10|XL:10"
250392,"2022-09-15 08:39:53.45","#SAW873",50.00,68.00,93.00,120.90,"2023-05-10","129336616","PO",4,,,,"","ALMA","SAW873A0",30069,5002,"2023-05-10","2023-06-10","USD",93.00,100,"3XS:20|2XS:20|XS:20|S:10|M:10|L:10|XL:10"
250393,"2022-09-15 08:39:53.45","#SAW874",50.00,68.00,93.00,120.90,"2023-05-10","129336616","PO",4,,,,"","ALMA","SAW874A1",30070,6002,"2023-05-10","2023-06-10","USD",93.00,100,"3XS:20|2XS:20|XS:20|S:10|M:10|L:10|XL:10"
250394,"2022-09-15 08:39:53.45","#SAW875",50.00,68.00,93.00,120.90,"2023-05-10","129336616","PO",4,,,,"","ALMA","SAW875A0",30071,8002,"2023-05-10","2023-06-10","USD",93.00,100,"3XS:20|2XS:20|XS:20|S:10|M:10|L:10|XL:10"
250395,"2022-09-15 08:39:53.45","#SAW876",50.00,68.00,93.00,120.90,"2023-05-10","129336618","PO",4,,,,"","ALMA","SAW876A1",30072,1002,"2023-05-10","2023-06-10","USD",93.00,100,"3XS:20|2XS:20|XS:20|S:10|M:10|L:10|XL:10"
250396,"2022-09-15 08:39:53.45","#SAW877",50.00,68.00,93.00,120.90,"2023-05-10","129336618","PO",4,,,,"","ALMA","SAW877A1",30073,1016,"2023-05-10","2023-06-10","USD",93.00,100,"3XS:20|2XS:20|XS:20|S:10|M:10|L:10|XL:10"
250397,"2022-09-15 08:39:53.45","#SAW878",50.00,68.00,93.00,120.90,"2023-05-10","129336618","PO",4,,,,"","ALMA","SAW878A0",30029,3002,"2023-05-10","2023-06-10","USD",93.00,100,"3XS:20|2XS:20|XS:20|S:10|M:10|L:10|XL:10"
250398,"2022-09-15 08:39:53.45","#SAW879",50.00,68.00,93.00,120.90,"2023-05-10","129336618","PO",4,,,,"","ALMA","SAW879A1",30013,4002,"2023-05-10","2023-06-10","USD",93.00,100,"3XS:20|2XS:20|XS:20|S:10|M:10|L:10|XL:10"
250399,"2022-09-15 08:39:53.45","#SAW880",50.00,68.00,93.00,120.90,"2023-05-10","129336618","PO",4,,,,"","ALMA","SAW880A0",30022,5002,"2023-05-10","2023-06-10","USD",93.00,100,"3XS:20|2XS:20|XS:20|S:10|M:10|L:10|XL:10"
250400,"2022-09-15 08:39:53.45","#SAW881",50.00,68.00,93.00,120.90,"2023-05-10","129336618","PO",4,,,,"","ALMA","SAW881A1",30045,6002,"2023-05-10","2023-06-10","USD",93.00,100,"3XS:20|2XS:20|XS:20|S:10|M:10|L:10|XL:10"
250401,"2022-09-15 08:39:53.45","#SAW882",50.00,68.00,93.00,120.90,"2023-05-10","129336618","PO",4,,,,"","ALMA","SAW882A1",30046,8002,"2023-05-10","2023-06-10","USD",93.00,100,"3XS:20|2XS:20|XS:20|S:10|M:10|L:10|XL:10"
250402,"2022-09-15 08:39:53.45","#SAW883",50.00,68.00,93.00,120.90,"2023-05-10","129336657","PO",4,,,,"","ALMA","SAW883A0",30047,1002,"2023-05-10","2023-06-10","USD",93.00,100,"3XS:20|2XS:20|XS:20|S:10|M:10|L:10|XL:10"
250403,"2022-09-15 08:39:53.45","#SAW884",50.00,68.00,93.00,120.90,"2023-05-10","129336657","PO",4,,,,"","ALMA","SAW884A1",30065,1016,"2023-05-10","2023-06-10","USD",93.00,100,"3XS:20|2XS:20|XS:20|S:10|M:10|L:10|XL:10"
250404,"2022-09-15 08:39:53.45","#SAW885",50.00,68.00,93.00,120.90,"2023-05-10","129336657","PO",4,,,,"","ALMA","SAW885A0",30074,3002,"2023-05-10","2023-06-10","USD",93.00,100,"3XS:20|2XS:20|XS:20|S:10|M:10|L:10|XL:10"
250405,"2022-09-15 08:39:53.45","#SAW886",50.00,68.00,93.00,120.90,"2023-05-10","129336657","PO",4,,,,"","ALMA","SAW886A1",30075,4002,"2023-05-10","2023-06-10","USD",93.00,100,"3XS:20|2XS:20|XS:20|S:10|M:10|L:10|XL:10"
250406,"2022-09-15 08:39:53.45","#SAW887",50.00,68.00,93.00,120.90,"2023-05-10","129336657","PO",4,,,,"","ALMA","SAW887A1",30025,5002,"2023-05-10","2023-06-10","USD",93.00,100,"3XS:20|2XS:20|XS:20|S:10|M:10|L:10|XL:10"
250407,"2022-09-15 08:39:53.45","#SAW888",50.00,68.00,93.00,120.90,"2023-05-10","129336657","PO",4,,,,"","ALMA","SAW888A0",30026,6002,"2023-05-10","2023-06-10","USD",93.00,100,"3XS:20|2XS:20|XS:20|S:10|M:10|L:10|XL:10"
250408,"2022-09-15 08:39:53.45","#SAW889",50.00,68.00,93.00,120.90,"2023-05-10","129336657","PO",4,,,,"","ALMA","SAW889A1",30027,8002,"2023-05-10","2023-06-10","USD",93.00,100,"3XS:20|2XS:20|XS:20|S:10|M:10|L:10|XL:10"
250409,"2022-09-15 08:39:53.45","#SAW890",50.00,68.00,93.00,120.90,"2023-05-10","129336659","PO",4,,,,"","ALMA","SAW890A0",30066,1002,"2023-05-10","2023-06-10","USD",93.00,100,"3XS:20|2XS:20|XS:20|S:10|M:10|L:10|XL:10"
250410,"2022-09-15 08:39:53.45","#SAW891",50.00,68.00,93.00,120.90,"2023-05-10","129336659","PO",4,,,,"","ALMA","SAW891A1",30067,1016,"2023-05-10","2023-06-10","USD",93.00,100,"3XS:20|2XS:20|XS:20|S:10|M:10|L:10|XL:10"
250411,"2022-09-15 08:39:53.45","#SAW892",50.00,68.00,93.00,120.90,"2023-05-10","129336659","PO",4,,,,"","ALMA","SAW892A1",30068,3002,"2023-05-10","2023-06-10","USD",93.00,100,"3XS:20|2XS:20|XS:20|S:10|M:10|L:10|XL:10"
250412,"2022-09-15 08:39:53.45","#SAW893",50.00,68.00,93.00,120.90,"2023-05-10","129336659","PO",4,,,,"","ALMA","SAW893A0",30069,4002,"2023-05-10","2023-06-10","USD",93.00,100,"3XS:20|2XS:20|XS:20|S:10|M:10|L:10|XL:10"
250413,"2022-09-15 08:39:53.45","#SAW894",50.00,68.00,93.00,120.90,"2023-05-10","129336659","PO",4,,,,"","ALMA","SAW894A1",30070,5002,"2023-05-10","2023-06-10","USD",93.00,100,"3XS:20|2XS:20|XS:20|S:10|M:10|L:10|XL:10"
250414,"2022-09-15 08:39:53.45","#SAW895",50.00,68.00,93.00,120.90,"2023-05-10","129336659","PO",4,,,,"","ALMA","SAW895A0",30071,6002,"2023-05-10","2023-06-10","USD",93.00,100,"3XS:20|2XS:20|XS:20|S:10|M:10|L:10|XL:10"
250415,"2022-09-15 08:39:53.45","#SAW896",50.00,68.00,93.00,120.90,"2023-05-10","129336659","PO",4,,,,"","ALMA","SAW896A1",30072,8002,"2023-05-10","2023-06-10","USD",93.00,100,"3XS:20|2XS:20|XS:20|S:10|M:10|L:10|XL:10"
250416,"2022-09-15 08:39:53.45","#SAW897",50.00,68.00,93.00,120.90,"2023-05-10","129336663","PO",4,,,,"","ALMA","SAW897A1",30073,1002,"2023-05-10","2023-06-10","USD",93.00,100,"3XS:20|2XS:20|XS:20|S:10|M:10|L:10|XL:10"
250417,"2022-09-15 08:39:53.45","#SAW898",50.00,68.00,93.00,120.90,"2023-05-10","129336663","PO",4,,,,"","ALMA","SAW898A0",30029,1016,"2023-05-10","2023-06-10","USD",93.00,100,"3XS:20|2XS:20|XS:20|S:10|M:10|L:10|XL:10"
250418,"2022-09-15 08:39:53.45","#SAW899",50.00,68.00,93.00,120.90,"2023-05-10","129336663","PO",4,,,,"","ALMA","SAW899A1",30013,3002,"2023-05-10","2023-06-10","USD",93.00,100,"3XS:20|2XS:20|XS:20|S:10|M:10|L:10|XL:10"
250419,"2022-09-15 08:39:53.45","#SAW900",50.00,68.00,93.00,120.90,"2023-05-10","129336663","PO",4,,,,"","ALMA","SAW900A0",30022,4002,"2023-05-10","2023-06-10","USD",93.00,100,"3XS:20|2XS:20|XS:20|S:10|M:10|L:10|XL:10"
250420,"2022-09-15 08:39:53.45","#SAW901",50.00,68.00,93.00,120.90,"2023-05-10","129336663","PO",4,,,,"","ALMA","SAW901A1",30045,5002,"2023-05-10","2023-06-10","USD",93.00,100,"3XS:20|2XS:20|XS:20|S:10|M:10|L:10|XL:10"
250421,"2022-09-15 08:39:53.45","#SAW902",50.00,68.00,93.00,120.90,"2023-05-10","129336663","PO",4,,,,"","ALMA","SAW902A1",30046,6002,"2023-05-10","2023-06-10","USD",93.00,100,"3XS:20|2XS:20|XS:20|S:10|M:10|L:10|XL:10"
250422,"2022-09-15 08:39:53.45","#SAW903",50.00,68.00,93.00,120.90,"2023-05-10","129336663","PO",4,,,,"","ALMA","SAW903A0",30047,8002,"2023-05-10","2023-06-10","USD",93.00,100,"3XS:20|2XS:20|XS:20|S:10|M:10|L:10|XL:10"
250423,"2022-09-15 08:39:53.45","#SAW904",50.00,68.00,93.00,120.90,"2023-05-10","129336674","PO",4,,,,"","ALMA","SAW904A1",30065,1002,"2023-05-10","2023-06-10","USD",93.00,100,"3XS:20|2XS:20|XS:20|S:10|M:10|L:10|XL:10"
250424,"2022-09-15 08:39:53.45","#SAW905",50.00,68.00,93.00,120.90,"2023-05-10","129336674","PO",4,,,,"","ALMA","SAW905A0",30074,1016,"2023-05-10","2023-06-10","USD",93.00,100,"3XS:20|2XS:20|XS:20|S:10|M:10|L:10|XL:10"
250425,"2022-09-15 08:39:53.45","#SAW906",50.00,68.00,93.00,120.90,"2023-05-10","129336674","PO",4,,,,"","ALMA","SAW906A1",30075,3002,"2023-05-10","2023-06-10","USD",93.00,100,"3XS:20|2XS:20|XS:20|S:10|M:10|L:10|XL:10"
250426,"2022-09-15 08:39:53.45","#SAW907",50.00,68.00,93.00,120.90,"2023-05-10","129336674","PO",4,,,,"","ALMA","SAW907A1",30025,4002,"2023-05-10","2023-06-10","USD",93.00,100,"3XS:20|2XS:20|XS:20|S:10|M:10|L:10|XL:10"
250427,"2022-09-15 08:39:53.45","#SAW908",50.00,68.00,93.00,120.90,"2023-05-10","129336674","PO",4,,,,"","ALMA","SAW908A0",30026,5002,"2023-05-10","2023-06-10","USD",93.00,100,"3XS:20|2XS:20|XS:20|S:10|M:10|L:10|XL:10"
250428,"2022-09-15 08:39:53.45","#SAW909",50.00,68.00,93.00,120.90,"2023-05-10","129336674","PO",4,,,,"","ALMA","SAW909A1",30027,6002,"2023-05-10","2023-06-10","USD",93.00,100,"3XS:20|2XS:20|XS:20|S:10|M:10|L:10|XL:10"
250429,"2022-09-15 08:39:53.45","#SAW910",50.00,68.00,93.00,120.90,"2023-05-10","129336674","PO",4,,,,"","ALMA","SAW910A0",30066,8002,"2023-05-10","2023-06-10","USD",93.00,100,"3XS:20|2XS:20|XS:20|S:10|M:10|L:10|XL:10"
250430,"2022-09-15 08:39:53.45","#SAW911",50.00,68.00,93.00,120.90,"2023-05-10","129336679","PO",4,,,,"","ALMA","SAW911A1",30067,1002,"2023-05-10","2023-06-10","USD",93.00,100,"3XS:20|2XS:20|XS:20|S:10|M:10|L:10|XL:10"
250431,"2022-09-15 08:39:53.45","#SAW912",50.00,68.00,93.00,120.90,"2023-05-10","129336679","PO",4,,,,"","ALMA","SAW912A1",30068,1016,"2023-05-10","2023-06-10","USD",93.00,100,"3XS:20|2XS:20|XS:20|S:10|M:10|L:10|XL:10"
250432,"2022-09-15 08:39:53.45","#SAW913",50.00,68.00,93.00,120.90,"2023-05-10","129336679","PO",4,,,,"","ALMA","SAW913A0",30069,3002,"2023-05-10","2023-06-10","USD",93.00,100,"3XS:20|2XS:20|XS:20|S:10|M:10|L:10|XL:10"
250433,"2022-09-15 08:39:53.45","#SAW914",50.00,68.00,93.00,120.90,"2023-05-10","129336679","PO",4,,,,"","ALMA","SAW914A1",30070,4002,"2023-05-10","2023-06-10","USD",93.00,100,"3XS:20|2XS:20|XS:20|S:10|M:10|L:10|XL:10"
250434,"2022-09-15 08:39:53.45","#SAW915",50.00,68.00,93.00,120.90,"2023-05-10","129336679","PO",4,,,,"","ALMA","SAW915A0",30071,5002,"2023-05-10","2023-06-10","USD",93.00,100,"3XS:20|2XS:20|XS:20|S:10|M:10|L:10|XL:10"
250435,"2022-09-15 08:39:53.45","#SAW916",50.00,68.00,93.00,120.90,"2023-05-10","129336679","PO",4,,,,"","ALMA","SAW916A1",30072,6002,"2023-05-10","2023-06-10","USD",93.00,100,"3XS:20|2XS:20|XS:20|S:10|M:10|L:10|XL:10"
250436,"2022-09-15 08:39:53.45","#SAW917",50.00,68.00,93.00,120.90,"2023-05-10","129336679","PO",4,,,,"","ALMA","SAW917A1",30073,8002,"2023-05-10","2023-06-10","USD",93.00,100,"3XS:20|2XS:20|XS:20|S:10|M:10|L:10|XL:10"
250437,"2022-09-15 08:39:53.45","#SAW918",50.00,68.00,93.00,120.90,"2023-05-10","129336683","PO",4,,,,"","ALMA","SAW918A0",30029,1002,"2023-05-10","2023-06-10","USD",93.00,100,"3XS:20|2XS:20|XS:20|S:10|M:10|L:10|XL:10"
250438,"2022-09-15 08:39:53.45","#SAW919",50.00,68.00,93.00,120.90,"2023-05-10","129336683","PO",4,,,,"","ALMA","SAW919A1",30013,1016,"2023-05-10","2023-06-10","USD",93.00,100,"3XS:20|2XS:20|XS:20|S:10|M:10|L:10|XL:10"
250439,"2022-09-15 08:39:53.45","#SAW920",50.00,68.00,93.00,120.90,"2023-05-10","129336683","PO",4,,,,"","ALMA","SAW920A0",30022,3002,"2023-05-10","2023-06-10","USD",93.00,100,"3XS:20|2XS:20|XS:20|S:10|M:10|L:10|XL:10"
250440,"2022-09-15 08:39:53.45","#SAW921",50.00,68.00,93.00,120.90,"2023-05-10","129336683","PO",4,,,,"","ALMA","SAW921A1",30045,4002,"2023-05-10","2023-06-10","USD",93.00,100,"3XS:20|2XS:20|XS:20|S:10|M:10|L:10|XL:10"
250441,"2022-09-15 08:39:53.45","#SAW922",50.00,68.00,93.00,120.90,"2023-05-10","129336683","PO",4,,,,"","ALMA","SAW922A1",30046,5002,"2023-05-10","2023-06-10","USD",93.00,100,"3XS:20|2XS:20|XS:20|S:10|M:10|L:10|XL:10"
250442,"2022-09-15 08:39:53.45","#SAW923",50.00,68.00,93.00,120.90,"2023-05-10","129336683","PO",4,,,,"","ALMA","SAW923A0",30047,6002,"2023-05-10","2023-06-10","USD",93.00,100,"3XS:20|2XS:20|XS:20|S:10|M:10|L:10|XL:10"
250443,"2022-09-15 08:39:53.45","#SAW924",50.00,68.00,93.00,120.90,"2023-05-10","129336683","PO",4,,,,"","ALMA","SAW924A1",30065,8002,"2023-05-10","2023-06-10","USD",93.00,100,"3XS:20|2XS:20|XS:20|S:10|M:10|L:10|XL:10"
250444,"2022-09-15 08:39:53.45","#SAW925",50.00,68.00,93.00,120.90,"2023-05-10","129336684","PO",4,,,,"","ALMA","SAW925A0",30074,1002,"2023-05-10","2023-06-10","USD",93.00,100,"3XS:20|2XS:20|XS:20|S:10|M:10|L:10|XL:10"
250445,"2022-09-15 08:39:53.45","#SAW926",50.00,68.00,93.00,120.90,"2023-05-10","129336684","PO",4,,,,"","ALMA","SAW926A1",30075,1016,"2023-05-10","2023-06-10","USD",93.00,100,"3XS:20|2XS:20|XS:20|S:10|M:10|L:10|XL:10"
250446,"2022-09-15 08:39:53.45","#SAW927",50.00,68.00,93.00,120.90,"2023-05-10","129336684","PO",4,,,,"","ALMA","SAW927A1",30025,3002,"2023-05-10","2023-06-10","USD",93.00,100,"3XS:20|2XS:20|XS:20|S:10|M:10|L:10|XL:10"
250447,"2022-09-15 08:39:53.45","#SAW928",50.00,68.00,93.00,120.90,"2023-05-10","129336684","PO",4,,,,"","ALMA","SAW928A0",30026,4002,"2023-05-10","2023-06-10","USD",93.00,100,"3XS:20|2XS:20|XS:20|S:10|M:10|L:10|XL:10"
250448,"2022-09-15 08:39:53.45","#SAW929",50.00,68.00,93.00,120.90,"2023-05-10","129336684","PO",4,,,,"","ALMA","SAW929A1",30027,5002,"2023-05-10","2023-06-10","USD",93.00,100,"3XS:20|2XS:20|XS:20|S:10|M:10|L:10|XL:10"
250449,"2022-09-15 08:39:53.45","#SAW930",50.00,68.00,93.00,120.90,"2023-05-10","129336684","PO",4,,,,"","ALMA","SAW930A0",30066,6002,"2023-05-10","2023-06-10","USD",93.00,100,"3XS:20|2XS:20|XS:20|S:10|M:10|L:10|XL:10"
250450,"2022-09-15 08:39:53.45","#SAW931",50.00,68.00,93.00,120.90,"2023-05-10","129336684","PO",4,,,,"","ALMA","SAW931A1",30067,8002,"2023-05-10","2023-06-10","USD",93.00,100,"3XS:20|2XS:20|XS:20|S:10|M:10|L:10|XL:10"
250451,"2022-09-15 08:39:53.45","#SAW932",50.00,68.00,93.00,120.90,"2023-05-10","129336687","PO",4,,,,"","ALMA","SAW932A1",30068,1002,"2023-05-10","2023-06-10","USD",93.00,100,"3XS:20|2XS:20|XS:20|S:10|M:10|L:10|XL:10"
250452,"2022-09-15 08:39:53.45","#SAW933",50.00,68.00,93.00,120.90,"2023-05-10","129336687","PO",4,,,,"","ALMA","SAW933A0",30069,1016,"2023-05-10","2023-06-10","USD",93.00,100,"3XS:20|2XS:20|XS:20|S:10|M:10|L:10|XL:10"
250453,"2022-09-15 08:39:53.45","#SAW934",50.00,68.00,93.00,120.90,"2023-05-10","129336687","PO",4,,,,"","ALMA","SAW934A1",30070,3002,"2023-05-10","2023-06-10","USD",93.00,100,"3XS:20|2XS:20|XS:20|S:10|M:10|L:10|XL:10"
250454,"2022-09-15 08:39:53.45","#SAW935",50.00,68.00,93.00,120.90,"2023-05-10","129336687","PO",4,,,,"","ALMA","SAW935A0",30071,4002,"2023-05-10","2023-06-10","USD",93.00,100,"3XS:20|2XS:20|XS:20|S:10|M:10|L:10|XL:10"
250455,"2022-09-15 08:39:53.45","#SAW936",50.00,68.00,93.00,120.90,"2023-05-10","129336687","PO",4,,,,"","ALMA","SAW936A1",30072,5002,"2023-05-10","2023-06-10","USD",93.00,100,"3XS:20|2XS:20|XS:20|S:10|M:10|L:10|XL:10"
250456,"2022-09-15 08:39:53.45","#SAW937",50.00,68.00,93.00,120.90,"2023-05-10","129336687","PO",4,,,,"","ALMA","SAW937A1",30073,6002,"2023-05-10","2023-06-10","USD",93.00,100,"3XS:20|2XS:20|XS:20|S:10|M:10|L:10|XL:10"
250457,"2022-09-15 08:39:53.45","#SAW938",50.00,68.00,93.00,120.90,"2023-05-10","129336687","PO",4,,,,"","ALMA","SAW938A0",30029,8002,"2023-05-10","2023-06-10","USD",93.00,100,"3XS:20|2XS:20|XS:20|S:10|M:10|L:10|XL:10"
250458,"2022-09-15 08:39:53.45","#SAW939",50.00,68.00,93.00,120.90,"2023-05-10","129336694","PO",4,,,,"","ALMA","SAW939A1",30013,1002,"2023-05-10","2023-06-10","USD",93.00,100,"3XS:20|2XS:20|XS:20|S:10|M:10|L:10|XL:10"
250459,"2022-09-15 08:39:53.45","#SAW940",50.00,68.00,93.00,120.90,"2023-05-10","129336694","PO",4,,,,"","ALMA","SAW940A0",30022,1016,"2023-05-10","2023-06-10","USD",93.00,100,"3XS:20|2XS:20|XS:20|S:10|M:10|L:10|XL:10"
250460,"2022-09-15 08:39:53.45","#SAW941",50.00,68.00,93.00,120.90,"2023-05-10","129336694","PO",4,,,,"","ALMA","SAW941A1",30045,3002,"2023-05-10","2023-06-10","USD",93.00,100,"3XS:20|2XS:20|XS:20|S:10|M:10|L:10|XL:10"
250461,"2022-09-15 08:39:53.45","#SAW942",50.00,68.00,93.00,120.90,"2023-05-10","129336694","PO",4,,,,"","ALMA","SAW942A1",30046,4002,"2023-05-10","2023-06-10","USD",93.00,100,"3XS:20|2XS:20|XS:20|S:10|M:10|L:10|XL:10"
250462,"2022-09-15 08:39:53.45","#SAW943",50.00,68.00,93.00,120.90,"2023-05-10","129336694","PO",4,,,,"","ALMA","SAW943A0",30047,5002,"2023-05-10","2023-06-10","USD",93.00,100,"3XS:20|2XS:20|XS:20|S:10|M:10|L:10|XL:10"
250463,"2022-09-15 08:39:53.45","#SAW944",50.00,68.00,93.00,120.90,"2023-05-10","129336694","PO",4,,,,"","ALMA","SAW944A1",30065,6002,"2023-05-10","2023-06-10","USD",93.00,100,"3XS:20|2XS:20|XS:20|S:10|M:10|L:10|XL:10"
250464,"2022-09-15 08:39:53.45","#SAW945",50.00,68.00,93.00,120.90,"2023-05-10","129336694","PO",4,,,,"","ALMA","SAW945A0",30074,8002,"2023-05-10","2023-06-10","USD",93.00,100,"3XS:20|2XS:20|XS:20|S:10|M:10|L:10|XL:10"
250465,"2022-09-15 08:39:53.45","#SAW946",50.00,68.00,93.00,120.90,"2023-05-10","129336696","PO",4,,,,"","ALMA","SAW946A1",30075,1002,"2023-05-10","2023-06-10","USD",93.00,100,"3XS:20|2XS:20|XS:20|S:10|M:10|L:10|XL:10"
250466,"2022-09-15 08:39:53.45","#SAW947",50.00,68.00,93.00,120.90,"2023-05-10","129336696","PO",4,,,,"","ALMA","SAW947A1",30025,1016,"2023-05-10","2023-06-10","USD",93.00,100,"3XS:20|2XS:20|XS:20|S:10|M:10|L:10|XL:10"
250467,"2022-09-15 08:39:53.45","#SAW948",50.00,68.00,93.00,120.90,"2023-05-10","129336696","PO",4,,,,"","ALMA","SAW948A0",30026,3002,"2023-05-10","2023-06-10","USD",93.00,100,"3XS:20|2XS:20|XS:20|S:10|M:10|L:10|XL:10"
250468,"2022-09-15 08:39:53.45","#SAW949",50.00,68.00,93.00,120.90,"2023-05-10","129336696","PO",4,,,,"","ALMA","SAW949A1",30027,4002,"2023-05-10","2023-06-10","USD",93.00,100,"3XS:20|2XS:20|XS:20|S:10|M:10|L:10|XL:10"
250469,"2022-09-15 08:39:53.45","#SAW950",50.00,68.00,93.00,120.90,"2023-05-10","129336696","PO",4,,,,"","ALMA","SAW950A0",30066,5002,"2023-05-10","2023-06-10","USD",93.00,100,"3XS:20|2XS:20|XS:20|S:10|M:10|L:10|XL:10"
250470,"2022-09-15 08:39:53.45","#SAW951",50.00,68.00,93.00,120.90,"2023-05-10","129336696","PO",4,,,,"","ALMA","SAW951A1",30067,6002,"2023-05-10","2023-06-10","USD",93.00,100,"3XS:20|2XS:20|XS:20|S:10|M:10|L:10|XL:10"
250471,"2022-09-15 08:39:53.45","#SAW952",50.00,68.00,93.00,120.90,"2023-05-10","129336696","PO",4,,,,"","ALMA","SAW952A1",30068,8002,"2023-05-10","2023-06-10","USD",93.00,100,"3XS:20|2XS:20|XS:20|S:10|M:10|L:10|XL:10"
250472,"2022-09-15 08:39:53.45","#SAW953",50.00,68.00,93.00,120.90,"2023-05-10","129336704","PO",4,,,,"","ALMA","SAW953A0",30069,1002,"2023-05-10","2023-06-10","USD",93.00,100,"3XS:20|2XS:20|XS:20|S:10|M:10|L:10|XL:10"
250473,"2022-09-15 08:39:53.45","#SAW954",50.00,68.00,93.00,120.90,"2023-05-10","129336704","PO",4,,,,"","ALMA","SAW954A1",30070,1016,"2023-05-10","2023-06-10","USD",93.00,100,"3XS:20|2XS:20|XS:20|S:10|M:10|L:10|XL:10"
250474,"2022-09-15 08:39:53.45","#SAW955",50.00,68.00,93.00,120.90,"2023-05-10","129336704","PO",4,,,,"","ALMA","SAW955A0",30071,3002,"2023-05-10","2023-06-10","USD",93.00,100,"3XS:20|2XS:20|XS:20|S:10|M:10|L:10|XL:10"
250475,"2022-09-15 08:39:53.45","#SAW956",50.00,68.00,93.00,120.90,"2023-05-10","129336704","PO",4,,,,"","ALMA","SAW956A1",30072,4002,"2023-05-10","2023-06-10","USD",93.00,100,"3XS:20|2XS:20|XS:20|S:10|M:10|L:10|XL:10"
250476,"2022-09-15 08:39:53.45","#SAW957",50.00,68.00,93.00,120.90,"2023-05-10","129336704","PO",4,,,,"","ALMA","SAW957A1",30073,5002,"2023-05-10","2023-06-10","USD",93.00,100,"3XS:20|2XS:20|XS:20|S:10|M:10|L:10|XL:10"
250477,"2022-09-15 08:39:53.45","#SAW958",50.00,68.00,93.00,120.90,"2023-05-10","129336704","PO",4,,,,"","ALMA","SAW958A0",30029,6002,"2023-05-10","2023-06-10","USD",93.00,100,"3XS:20|2XS:20|XS:20|S:10|M:10|L:10|XL:10"
250478,"2022-09-15 08:39:53.45","#SAW959",50.00,68.00,93.00,120.90,"2023-05-10","129336704","PO",4,,,,"","ALMA","SAW959A1",30013,8002,"2023-05-10","2023-06-10","USD",93.00,100,"3XS:20|2XS:20|XS:20|S:10|M:10|L:10|XL:10"
250479,"2022-09-15 08:39:53.45","#SAW960",50.00,68.00,93.00,120.90,"2023-05-10","129336708","PO",4,,,,"","ALMA","SAW960A0",30022,1002,"2023-05-10","2023-06-10","USD",93.00,100,"3XS:20|2XS:20|XS:20|S:10|M:10|L:10|XL:10"
250480,"2022-09-15 08:39:53.45","#SAW961",50.00,68.00,93.00,120.90,"2023-05-10","129336708","PO",4,,,,"","ALMA","SAW961A1",30045,1016,"2023-05-10","2023-06-10","USD",93.00,100,"3XS:20|2XS:20|XS:20|S:10|M:10|L:10|XL:10"
250481,"2022-09-15 08:39:53.45","#SAW962",50.00,68.00,93.00,120.90,"2023-05-10","129336708","PO",4,,,,"","ALMA","SAW962A1",30046,3002,"2023-05-10","2023-06-10","USD",93.00,100,"3XS:20|2XS:20|XS:20|S:10|M:10|L:10|XL:10"
250482,"2022-09-15 08:39:53.45","#SAW963",50.00,68.00,93.00,120.90,"2023-05-10","129336708","PO",4,,,,"","ALMA","SAW963A0",30047,4002,"2023-05-10","2023-06-10","USD",93.00,100,"3XS:20|2XS:20|XS:20|S:10|M:10|L:10|XL:10"
250483,"2022-09-15 08:39:53.45","#SAW964",50.00,68.00,93.00,120.90,"2023-05-10","129336708","PO",4,,,,"","ALMA","SAW964A1",30065,5002,"2023-05-10","2023-06-10","USD",93.00,100,"3XS:20|2XS:20|XS:20|S:10|M:10|L:10|XL:10"
250484,"2022-09-15 08:39:53.45","#SAW965",50.00,68.00,93.00,120.90,"2023-05-10","129336708","PO",4,,,,"","ALMA","SAW965A0",30074,6002,"2023-05-10","2023-06-10","USD",93.00,100,"3XS:20|2XS:20|XS:20|S:10|M:10|L:10|XL:10"
250485,"2022-09-15 08:39:53.45","#SAW966",50.00,68.00,93.00,120.90,"2023-05-10","129336708","PO",4,,,,"","ALMA","SAW966A1",30075,8002,"2023-05-10","2023-06-10","USD",93.00,100,"3XS:20|2XS:20|XS:20|S:10|M:10|L:10|XL:10"
250486,"2022-09-15 08:39:53.45","#SAW967",50.00,68.00,93.00,120.90,"2023-05-10","129336722","PO",4,,,,"","ALMA","SAW967A1",30025,1002,"2023-05-10","2023-06-10","USD",93.00,100,"3XS:20|2XS:20|XS:20|S:10|M:10|L:10|XL:10"
250487,"2022-09-15 08:39:53.45","#SAW968",50.00,68.00,93.00,120.90,"2023-05-10","129336722","PO",4,,,,"","ALMA","SAW968A0",30026,1016,"2023-05-10","2023-06-10","USD",93.00,100,"3XS:20|2XS:20|XS:20|S:10|M:10|L:10|XL:10"
250488,"2022-09-15 08:39:53.45","#SAW969",50.00,68.00,93.00,120.90,"2023-05-10","129336722","PO",4,,,,"","ALMA","SAW969A1",30027,3002,"2023-05-10","2023-06-10","USD",93.00,100,"3XS:20|2XS:20|XS:20|S:10|M:10|L:10|XL:10"
250489,"2022-09-15 08:39:53.45","#SAW970",50.00,68.00,93.00,120.90,"2023-05-10","129336722","PO",4,,,,"","ALMA","SAW970A0",30066,4002,"2023-05-10","2023-06-10","USD",93.00,100,"3XS:20|2XS:20|XS:20|S:10|M:10|L:10|XL:10"
250490,"2022-09-15 08:39:53.45","#SAW971",50.00,68.00,93.00,120.90,"2023-05-10","129336722","PO",4,,,,"","ALMA","SAW971A1",30067,5002,"2023-05-10","2023-06-10","USD",93.00,100,"3XS:20|2XS:20|XS:20|S:10|M:10|L:10|XL:10"
250491,"2022-09-15 08:39:53.45","#SAW972",50.00,68.00,93.00,120.90,"2023-05-10","129336722","PO",4,,,,"","ALMA","SAW972A1",30068,6002,"2023-05-10","2023-06-10","USD",93.00,100,"3XS:20|2XS:20|XS:20|S:10|M:10|L:10|XL:10"
250492,"2022-09-15 08:39:53.45","#SAW973",50.00,68.00,93.00,120.90,"2023-05-10","129336722","PO",4,,,,"","ALMA","SAW973A0",30069,8002,"2023-05-10","2023-06-10","USD",93.00,100,"3XS:20|2XS:20|XS:20|S:10|M:10|L:10|XL:10"
250493,"2022-09-15 08:39:53.45","#SAW974",50.00,68.00,93.00,120.90,"2023-05-10","129336724","PO",4,,,,"","ALMA","SAW974A1",30070,1002,"2023-05-10","2023-06-10","USD",93.00,100,"3XS:20|2XS:20|XS:20|S:10|M:10|L:10|XL:10"
250494,"2022-09-15 08:39:53.45","#SAW975",50.00,68.00,93.00,120.90,"2023-05-10","129336724","PO",4,,,,"","ALMA","SAW975A0",30071,1016,"2023-05-10","2023-06-10","USD",93.00,100,"3XS:20|2XS:20|XS:20|S:10|M:10|L:10|XL:10"
250495,"2022-09-15 08:39:53.45","#SAW976",50.00,68.00,93.00,120.90,"2023-05-10","129336724","PO",4,,,,"","ALMA","SAW976A1",30072,3002,"2023-05-10","2023-06-10","USD",93.00,100,"3XS:20|2XS:20|XS:20|S:10|M:10|L:10|XL:10"
250496,"2022-09-15 08:39:53.45","#SAW977",50.00,68.00,93.00,120.90,"2023-05-10","129336724","PO",4,,,,"","ALMA","SAW977A1",30073,4002,"2023-05-10","2023-06-10","USD",93.00,100,"3XS:20|2XS:20|XS:20|S:10|M:10|L:10|XL:10"
250497,"2022-09-15 08:39:53.45","#SAW978",50.00,68.00,93.00,120.90,"2023-05-10","129336724","PO",4,,,,"","ALMA","SAW978A0",30029,5002,"2023-05-10","2023-06-10","USD",93.00,100,"3XS:20|2XS:20|XS:20|S:10|M:10|L:10|XL:10"
250498,"2022-09-15 08:39:53.45","#SAW979",50.00,68.00,93.00,120.90,"2023-05-10","129336724","PO",4,,,,"","ALMA","SAW979A1",30013,6002,"2023-05-10","2023-06-10","USD",93.00,100,"3XS:20|2XS:20|XS:20|S:10|M:10|L:10|XL:10"
250499,"2022-09-15 08:39:53.45","#SAW980",50.00,68.00,93.00,120.90,"2023-05-10","129336724","PO",4,,,,"","ALMA","SAW980A0",30022,8002,"2023-05-10","2023-06-10","USD",93.00,100,"3XS:20|2XS:20|XS:20|S:10|M:10|L:10|XL:10"
250500,"2022-09-15 08:39:53.45","#SAW981",50.00,68.00,93.00,120.90,"2023-05-10","129336725","PO",4,,,,"","ALMA","SAW981A1",30045,1002,"2023-05-10","2023-06-10","USD",93.00,100,"3XS:20|2XS:20|XS:20|S:10|M:10|L:10|XL:10"
250501,"2022-09-15 08:39:53.45","#SAW982",50.00,68.00,93.00,120.90,"2023-05-10","129336725","PO",4,,,,"","ALMA","SAW982A1",30046,1016,"2023-05-10","2023-06-10","USD",93.00,100,"3XS:20|2XS:20|XS:20|S:10|M:10|L:10|XL:10"
250502,"2022-09-15 08:39:53.45","#SAW983",50.00,68.00,93.00,120.90,"2023-05-10","129336725","PO",4,,,,"","ALMA","SAW983A0",30047,3002,"2023-05-10","2023-06-10","USD",93.00,100,"3XS:20|2XS:20|XS:20|S:10|M:10|L:10|XL:10"
250503,"2022-09-15 08:39:53.45","#SAW984",50.00,68.00,93.00,120.90,"2023-05-10","129336725","PO",4,,,,"","ALMA","SAW984A1",30065,4002,"2023-05-10","2023-06-10","USD",93.00,100,"3XS:20|2XS:20|XS:20|S:10|M:10|L:10|XL:10"
250504,"2022-09-15 08:39:53.45","#SAW985",50.00,68.00,93.00,120.90,"2023-05-10","129336725","PO",4,,,,"","ALMA","SAW985A0",30074,5002,"2023-05-10","2023-06-10","USD",93.00,100,"3XS:20|2XS:20|XS:20|S:10|M:10|L:10|XL:10"
250505,"2022-09-15 08:39:53.45","#SAW986",50.00,68.00,93.00,120.90,"2023-05-10","129336725","PO",4,,,,"","ALMA","SAW986A1",30075,6002,"2023-05-10","2023-06-10","USD",93.00,100,"3XS:20|2XS:20|XS:20|S:10|M:10|L:10|XL:10"
250506,"2022-09-15 08:39:53.45","#SAW987",50.00,68.00,93.00,120.90,"2023-05-10","129336725","PO",4,,,,"","ALMA","SAW987A1",30025,8002,"2023-05-10","2023-06-10","USD",93.00,100,"3XS:20|2XS:20|XS:20|S:10|M:10|L:10|XL:10"
250507,"2022-09-15 08:39:53.45","#SAW988",50.00,68.00,93.00,120.90,"2023-05-10","129336731","PO",4,,,,"","ALMA","SAW988A0",30026,1002,"2023-05-10","2023-06-10","USD",93.00,100,"3XS:20|2XS:20|XS:20|S:10|M:10|L:10|XL:10"
250508,"2022-09-15 08:39:53.45","#SAW989",50.00,68.00,93.00,120.90,"2023-05-10","129336731","PO",4,,,,"","ALMA","SAW989A1",30027,1016,"2023-05-10","2023-06-10","USD",93.00,100,"3XS:20|2XS:20|XS:20|S:10|M:10|L:10|XL:10"
250509,"2022-09-15 08:39:53.45","#SAW990",50.00,68.00,93.00,120.90,"2023-05-10","129336731","PO",4,,,,"","ALMA","SAW990A0",30066,3002,"2023-05-10","2023-06-10","USD",93.00,100,"3XS:20|2XS:20|XS:20|S:10|M:10|L:10|XL:10"
250510,"2022-09-15 08:39:53.45","#SAW991",50.00,68.00,93.00,120.90,"2023-05-10","129336731","PO",4,,,,"","ALMA","SAW991A1",30067,4002,"2023-05-10","2023-06-10","USD",93.00,100,"3XS:20|2XS:20|XS:20|S:10|M:10|L:10|XL:10"
250511,"2022-09-15 08:39:53.45","#SAW992",50.00,68.00,93.00,120.90,"2023-05-10","129336731","PO",4,,,,"","ALMA","SAW992A1",30068,5002,"2023-05-10","2023-06-10","USD",93.00,100,"3XS:20|2XS:20|XS:20|S:10|M:10|L:10|XL:10"
250512,"2022-09-15 08:39:53.45","#SAW993",50.00,68.00,93.00,120.90,"2023-05-10","129336731","PO",4,,,,"","ALMA","SAW993A0",30069,6002,"2023-05-10","2023-06-10","USD",93.00,100,"3XS:20|2XS:20|XS:20|S:10|M:10|L:10|XL:10"
250513,"2022-09-15 08:39:53.45","#SAW994",50.00,68.00,93.00,120.90,"2023-05-10","129336731","PO",4,,,,"","ALMA","SAW994A1",30070,8002,"2023-05-10","2023-06-10","USD",93.00,100,"3XS:20|2XS:20|XS:20|S:10|M:10|L:10|XL:10"
250514,"2022-09-15 08:39:53.45","#SWA001",50.00,68.00,93.00,120.90,"2023-05-10","129336740","PO",4,,,,"","ALMA","SWA001A0",30071,1002,"2023-05-10","2023-06-10","USD",93.00,100,"3XS:20|2XS:20|XS:20|S:10|M:10|L:10|XL:10"
250515,"2022-09-15 08:39:53.45","#SWA002",50.00,68.00,93.00,120.90,"2023-05-10","129336740","PO",4,,,,"","ALMA","SWA002A1",30072,1016,"2023-05-10","2023-06-10","USD",93.00,100,"3XS:20|2XS:20|XS:20|S:10|M:10|L:10|XL:10"
250516,"2022-09-15 08:39:53.45","#SWA003",50.00,68.00,93.00,120.90,"2023-05-10","129336740","PO",4,,,,"","ALMA","SWA003A1",30073,3002,"2023-05-10","2023-06-10","USD",93.00,100,"3XS:20|2XS:20|XS:20|S:10|M:10|L:10|XL:10"
250517,"2022-09-15 08:39:53.45","#SWA004",50.00,68.00,93.00,120.90,"2023-05-10","129336740","PO",4,,,,"","ALMA","SWA004A0",30029,4002,"2023-05-10","2023-06-10","USD",93.00,100,"3XS:20|2XS:20|XS:20|S:10|M:10|L:10|XL:10"
250518,"2022-09-15 08:39:53.45","#SWA005",50.00,68.00,93.00,120.90,"2023-05-10","129336740","PO",4,,,,"","ALMA","SWA005A1",30013,5002,"2023-05-10","2023-06-10","USD",93.00,100,"3XS:20|2XS:20|XS:20|S:10|M:10|L:10|XL:10"
250519,"2022-09-15 08:39:53.45","#SWA006",50.00,68.00,93.00,120.90,"2023-05-10","129336740","PO",4,,,,"","ALMA","SWA006A0",30022,6002,"2023-05-10","2023-06-10","USD",93.00,100,"3XS:20|2XS:20|XS:20|S:10|M:10|L:10|XL:10"
250520,"2022-09-15 08:39:53.45","#SWA007",50.00,68.00,93.00,120.90,"2023-05-10","129336740","PO",4,,,,"","ALMA","SWA007A1",30045,8002,"2023-05-10","2023-06-10","USD",93.00,100,"3XS:20|2XS:20|XS:20|S:10|M:10|L:10|XL:10"
250521,"2022-09-15 08:39:53.45","#SWA008",50.00,68.00,93.00,120.90,"2023-05-10","129336743","PO",4,,,,"","ALMA","SWA008A1",30046,1002,"2023-05-10","2023-06-10","USD",93.00,100,"3XS:20|2XS:20|XS:20|S:10|M:10|L:10|XL:10"
250522,"2022-09-15 08:39:53.45","#SWA009",50.00,68.00,93.00,120.90,"2023-05-10","129336743","PO",4,,,,"","ALMA","SWA009A0",30047,1016,"2023-05-10","2023-06-10","USD",93.00,100,"3XS:20|2XS:20|XS:20|S:10|M:10|L:10|XL:10"
250523,"2022-09-15 08:39:53.45","#SWA010",50.00,68.00,93.00,120.90,"2023-05-10","129336743","PO",4,,,,"","ALMA","SWA010A1",30065,3002,"2023-05-10","2023-06-10","USD",93.00,100,"3XS:20|2XS:20|XS:20|S:10|M:10|L:10|XL:10"
250524,"2022-09-15 08:39:53.45","#SWA011",50.00,68.00,93.00,120.90,"2023-05-10","129336743","PO",4,,,,"","ALMA","SWA011A0",30074,4002,"2023-05-10","2023-06-10","USD",93.00,100,"3XS:20|2XS:20|XS:20|S:10|M:10|L:10|XL:10"
250525,"2022-09-15 08:39:53.45","#SWA012",50.00,68.00,93.00,120.90,"2023-05-10","129336743","PO",4,,,,"","ALMA","SWA012A1",30025,5002,"2023-05-10","2023-06-10","USD",93.00,100,"3XS:20|2XS:20|XS:20|S:10|M:10|L:10|XL:10"
250526,"2022-09-15 08:39:53.45","#SWA013",50.00,68.00,93.00,120.90,"2023-06-10","129336743","PO",4,,,,"","ALMA","SWA013A1",30026,6002,"2023-06-10","2023-07-10","USD",93.00,100,"3XS:20|2XS:20|XS:20|S:10|M:10|L:10|XL:10"
250527,"2022-09-15 08:39:53.45","#SWA014",50.00,68.00,93.00,120.90,"2023-06-10","129336743","PO",4,,,,"","ALMA","SWA014A0",30027,8002,"2023-06-10","2023-07-10","USD",93.00,100,"3XS:20|2XS:20|XS:20|S:10|M:10|L:10|XL:10"
250528,"2022-09-15 08:39:53.45","#SWA015",50.00,68.00,93.00,120.90,"2023-06-10","129336766","PO",4,,,,"","ALMA","SWA015A1",30066,1002,"2023-06-10","2023-07-10","USD",93.00,100,"3XS:20|2XS:20|XS:20|S:10|M:10|L:10|XL:10"
250529,"2022-09-15 08:39:53.45","#SWA016",50.00,68.00,93.00,120.90,"2023-06-10","129336766","PO",4,,,,"","ALMA","SWA016A0",30067,1016,"2023-06-10","2023-07-10","USD",93.00,100,"3XS:20|2XS:20|XS:20|S:10|M:10|L:10|XL:10"
250530,"2022-09-15 08:39:53.45","#SWA017",50.00,68.00,93.00,120.90,"2023-06-10","129336766","PO",4,,,,"","ALMA","SWA017A1",30068,3002,"2023-06-10","2023-07-10","USD",93.00,100,"3XS:20|2XS:20|XS:20|S:10|M:10|L:10|XL:10"
250531,"2022-09-15 08:39:53.45","#SWA018",50.00,68.00,93.00,120.90,"2023-06-10","129336766","PO",4,,,,"","ALMA","SWA018A1",30069,4002,"2023-06-10","2023-07-10","USD",93.00,100,"3XS:20|2XS:20|XS:20|S:10|M:10|L:10|XL:10"
250532,"2022-09-15 08:39:53.45","#SWA019",50.00,68.00,93.00,120.90,"2023-06-10","129336766","PO",4,,,,"","ALMA","SWA019A0",30070,5002,"2023-06-10","2023-07-10","USD",93.00,100,"3XS:20|2XS:20|XS:20|S:10|M:10|L:10|XL:10"
250533,"2022-09-15 08:39:53.45","#SWA020",50.00,68.00,93.00,120.90,"2023-06-10","129336766","PO",4,,,,"","ALMA","SWA020A1",30071,6002,"2023-06-10","2023-07-10","USD",93.00,100,"3XS:20|2XS:20|XS:20|S:10|M:10|L:10|XL:10"
250534,"2022-09-15 08:39:53.45","#SWA021",50.00,68.00,93.00,120.90,"2023-06-10","129336766","PO",4,,,,"","ALMA","SWA021A0",30072,8002,"2023-06-10","2023-07-10","USD",93.00,100,"3XS:20|2XS:20|XS:20|S:10|M:10|L:10|XL:10"
250535,"2022-09-15 08:39:53.45","#SWA022",50.00,68.00,93.00,120.90,"2023-06-10","129336787","PO",4,,,,"","ALMA","SWA022A1",30073,1002,"2023-06-10","2023-07-10","USD",93.00,100,"3XS:20|2XS:20|XS:20|S:10|M:10|L:10|XL:10"
250536,"2022-09-15 08:39:53.45","#SWA023",50.00,68.00,93.00,120.90,"2023-06-10","129336787","PO",4,,,,"","ALMA","SWA023A1",30029,1016,"2023-06-10","2023-07-10","USD",93.00,100,"3XS:20|2XS:20|XS:20|S:10|M:10|L:10|XL:10"
250537,"2022-09-15 08:39:53.45","#SWA024",50.00,68.00,93.00,120.90,"2023-06-10","129336787","PO",4,,,,"","ALMA","SWA024A0",30013,3002,"2023-06-10","2023-07-10","USD",93.00,100,"3XS:20|2XS:20|XS:20|S:10|M:10|L:10|XL:10"
250538,"2022-09-15 08:39:53.45","#SWA025",50.00,68.00,93.00,120.90,"2023-06-10","129336787","PO",4,,,,"","ALMA","SWA025A1",30022,4002,"2023-06-10","2023-07-10","USD",93.00,100,"3XS:20|2XS:20|XS:20|S:10|M:10|L:10|XL:10"
250539,"2022-09-15 08:39:53.45","#SWA026",50.00,68.00,93.00,120.90,"2023-06-10","129336787","PO",4,,,,"","ALMA","SWA026A0",30045,5002,"2023-06-10","2023-07-10","USD",93.00,100,"3XS:20|2XS:20|XS:20|S:10|M:10|L:10|XL:10"
250540,"2022-09-15 08:39:53.45","#SWA027",50.00,68.00,93.00,120.90,"2023-06-10","129336787","PO",4,,,,"","ALMA","SWA027A1",30046,6002,"2023-06-10","2023-07-10","USD",93.00,100,"3XS:20|2XS:20|XS:20|S:10|M:10|L:10|XL:10"
250541,"2022-09-15 08:39:53.45","#SWA028",50.00,68.00,93.00,120.90,"2023-06-10","129336787","PO",4,,,,"","ALMA","SWA028A1",30047,8002,"2023-06-10","2023-07-10","USD",93.00,100,"3XS:20|2XS:20|XS:20|S:10|M:10|L:10|XL:10"
250542,"2022-09-15 08:39:53.45","#SWA029",50.00,68.00,93.00,120.90,"2023-06-10","129336790","PO",4,,,,"","ALMA","SWA029A0",30065,1002,"2023-06-10","2023-07-10","USD",93.00,100,"3XS:20|2XS:20|XS:20|S:10|M:10|L:10|XL:10"
250543,"2022-09-15 08:39:53.45","#SWA030",50.00,68.00,93.00,120.90,"2023-06-10","129336790","PO",4,,,,"","ALMA","SWA030A1",30074,1016,"2023-06-10","2023-07-10","USD",93.00,100,"3XS:20|2XS:20|XS:20|S:10|M:10|L:10|XL:10"
250544,"2022-09-15 08:39:53.45","#SWA031",50.00,68.00,93.00,120.90,"2023-06-10","129336790","PO",4,,,,"","ALMA","SWA031A0",30075,3002,"2023-06-10","2023-07-10","USD",93.00,100,"3XS:20|2XS:20|XS:20|S:10|M:10|L:10|XL:10"
250545,"2022-09-15 08:39:53.45","#SWA032",50.00,68.00,93.00,120.90,"2023-06-10","129336790","PO",4,,,,"","ALMA","SWA032A1",30025,4002,"2023-06-10","2023-07-10","USD",93.00,100,"3XS:20|2XS:20|XS:20|S:10|M:10|L:10|XL:10"
250546,"2022-09-15 08:39:53.45","#SWA033",50.00,68.00,93.00,120.90,"2023-06-10","129336790","PO",4,,,,"","ALMA","SWA033A1",30026,5002,"2023-06-10","2023-07-10","USD",93.00,100,"3XS:20|2XS:20|XS:20|S:10|M:10|L:10|XL:10"
250547,"2022-09-15 08:39:53.45","#SWA034",50.00,68.00,93.00,120.90,"2023-06-10","129336790","PO",4,,,,"","ALMA","SWA034A0",30027,6002,"2023-06-10","2023-07-10","USD",93.00,100,"3XS:20|2XS:20|XS:20|S:10|M:10|L:10|XL:10"
250548,"2022-09-15 08:39:53.45","#SWA035",50.00,68.00,93.00,120.90,"2023-06-10","129336790","PO",4,,,,"","ALMA","SWA035A1",30066,8002,"2023-06-10","2023-07-10","USD",93.00,100,"3XS:20|2XS:20|XS:20|S:10|M:10|L:10|XL:10"
250549,"2022-09-15 08:39:53.45","#SWA036",50.00,68.00,93.00,120.90,"2023-06-10","129336792","PO",4,,,,"","ALMA","SWA036A0",30067,1002,"2023-06-10","2023-07-10","USD",93.00,100,"3XS:20|2XS:20|XS:20|S:10|M:10|L:10|XL:10"
250550,"2022-09-15 08:39:53.45","#SWA037",50.00,68.00,93.00,120.90,"2023-06-10","129336792","PO",4,,,,"","ALMA","SWA037A1",30068,1016,"2023-06-10","2023-07-10","USD",93.00,100,"3XS:20|2XS:20|XS:20|S:10|M:10|L:10|XL:10"
250551,"2022-09-15 08:39:53.45","#SWA038",50.00,68.00,93.00,120.90,"2023-06-10","129336792","PO",4,,,,"","ALMA","SWA038A1",30069,3002,"2023-06-10","2023-07-10","USD",93.00,100,"3XS:20|2XS:20|XS:20|S:10|M:10|L:10|XL:10"
250552,"2022-09-15 08:39:53.45","#SWA039",50.00,68.00,93.00,120.90,"2023-06-10","129336792","PO",4,,,,"","ALMA","SWA039A0",30070,4002,"2023-06-10","2023-07-10","USD",93.00,100,"3XS:20|2XS:20|XS:20|S:10|M:10|L:10|XL:10"
250553,"2022-09-15 08:39:53.45","#SWA040",50.00,68.00,93.00,120.90,"2023-06-10","129336792","PO",4,,,,"","ALMA","SWA040A1",30071,5002,"2023-06-10","2023-07-10","USD",93.00,100,"3XS:20|2XS:20|XS:20|S:10|M:10|L:10|XL:10"
250554,"2022-09-15 08:39:53.45","#SWA041",50.00,68.00,93.00,120.90,"2023-06-10","129336792","PO",4,,,,"","ALMA","SWA041A0",30072,6002,"2023-06-10","2023-07-10","USD",93.00,100,"3XS:20|2XS:20|XS:20|S:10|M:10|L:10|XL:10"
250555,"2022-09-15 08:39:53.45","#SWA042",50.00,68.00,93.00,120.90,"2023-06-10","129336792","PO",4,,,,"","ALMA","SWA042A1",30073,8002,"2023-06-10","2023-07-10","USD",93.00,100,"3XS:20|2XS:20|XS:20|S:10|M:10|L:10|XL:10"
250556,"2022-09-15 08:39:53.45","#SWA043",50.00,68.00,93.00,120.90,"2023-06-10","129336811","PO",4,,,,"","ALMA","SWA043A1",30029,1002,"2023-06-10","2023-07-10","USD",93.00,100,"3XS:20|2XS:20|XS:20|S:10|M:10|L:10|XL:10"
250557,"2022-09-15 08:39:53.45","#SWA044",50.00,68.00,93.00,120.90,"2023-06-10","129336811","PO",4,,,,"","ALMA","SWA044A0",30013,1016,"2023-06-10","2023-07-10","USD",93.00,100,"3XS:20|2XS:20|XS:20|S:10|M:10|L:10|XL:10"
250558,"2022-09-15 08:39:53.45","#SWA045",50.00,68.00,93.00,120.90,"2023-06-10","129336811","PO",4,,,,"","ALMA","SWA045A1",30022,3002,"2023-06-10","2023-07-10","USD",93.00,100,"3XS:20|2XS:20|XS:20|S:10|M:10|L:10|XL:10"
250559,"2022-09-15 08:39:53.45","#SWA046",50.00,68.00,93.00,120.90,"2023-06-10","129336811","PO",4,,,,"","ALMA","SWA046A0",30045,4002,"2023-06-10","2023-07-10","USD",93.00,100,"3XS:20|2XS:20|XS:20|S:10|M:10|L:10|XL:10"
250560,"2022-09-15 08:39:53.45","#SWA047",50.00,68.00,93.00,120.90,"2023-06-10","129336811","PO",4,,,,"","ALMA","SWA047A1",30046,5002,"2023-06-10","2023-07-10","USD",93.00,100,"3XS:20|2XS:20|XS:20|S:10|M:10|L:10|XL:10"
250561,"2022-09-15 08:39:53.45","#SWA048",50.00,68.00,93.00,120.90,"2023-06-10","129336811","PO",4,,,,"","ALMA","SWA048A1",30047,6002,"2023-06-10","2023-07-10","USD",93.00,100,"3XS:20|2XS:20|XS:20|S:10|M:10|L:10|XL:10"
250562,"2022-09-15 08:39:53.45","#SWA049",50.00,68.00,93.00,120.90,"2023-06-10","129336811","PO",4,,,,"","ALMA","SWA049A0",30065,8002,"2023-06-10","2023-07-10","USD",93.00,100,"3XS:20|2XS:20|XS:20|S:10|M:10|L:10|XL:10"
250563,"2022-09-15 08:39:53.45","#SWA050",50.00,68.00,93.00,120.90,"2023-06-10","129336827","PO",4,,,,"","ALMA","SWA050A1",30074,1002,"2023-06-10","2023-07-10","USD",93.00,100,"3XS:20|2XS:20|XS:20|S:10|M:10|L:10|XL:10"
250564,"2022-09-15 08:39:53.45","#SWA051",50.00,68.00,93.00,120.90,"2023-06-10","129336827","PO",4,,,,"","ALMA","SWA051A0",30075,1016,"2023-06-10","2023-07-10","USD",93.00,100,"3XS:20|2XS:20|XS:20|S:10|M:10|L:10|XL:10"
250565,"2022-09-15 08:39:53.45","#SWA052",50.00,68.00,93.00,120.90,"2023-06-10","129336827","PO",4,,,,"","ALMA","SWA052A1",30025,3002,"2023-06-10","2023-07-10","USD",93.00,100,"3XS:20|2XS:20|XS:20|S:10|M:10|L:10|XL:10"
250566,"2022-09-15 08:39:53.45","#SWA053",50.00,68.00,93.00,120.90,"2023-06-10","129336827","PO",4,,,,"","ALMA","SWA053A1",30026,4002,"2023-06-10","2023-07-10","USD",93.00,100,"3XS:20|2XS:20|XS:20|S:10|M:10|L:10|XL:10"
250567,"2022-09-15 08:39:53.45","#SWA054",50.00,68.00,93.00,120.90,"2023-06-10","129336827","PO",4,,,,"","ALMA","SWA054A0",30027,5002,"2023-06-10","2023-07-10","USD",93.00,100,"3XS:20|2XS:20|XS:20|S:10|M:10|L:10|XL:10"
250568,"2022-09-15 08:39:53.45","#SWA055",50.00,68.00,93.00,120.90,"2023-06-10","129336827","PO",4,,,,"","ALMA","SWA055A1",30066,6002,"2023-06-10","2023-07-10","USD",93.00,100,"3XS:20|2XS:20|XS:20|S:10|M:10|L:10|XL:10"
250569,"2022-09-15 08:39:53.45","#SWA056",50.00,68.00,93.00,120.90,"2023-06-10","129336827","PO",4,,,,"","ALMA","SWA056A0",30067,8002,"2023-06-10","2023-07-10","USD",93.00,100,"3XS:20|2XS:20|XS:20|S:10|M:10|L:10|XL:10"
250570,"2022-09-15 08:39:53.45","#SWA057",50.00,68.00,93.00,120.90,"2023-06-10","129336833","PO",4,,,,"","ALMA","SWA057A1",30068,1002,"2023-06-10","2023-07-10","USD",93.00,100,"3XS:20|2XS:20|XS:20|S:10|M:10|L:10|XL:10"
250571,"2022-09-15 08:39:53.45","#SWA058",50.00,68.00,93.00,120.90,"2023-06-10","129336833","PO",4,,,,"","ALMA","SWA058A1",30069,1016,"2023-06-10","2023-07-10","USD",93.00,100,"3XS:20|2XS:20|XS:20|S:10|M:10|L:10|XL:10"
250572,"2022-09-15 08:39:53.45","#SWA059",50.00,68.00,93.00,120.90,"2023-06-10","129336833","PO",4,,,,"","ALMA","SWA059A0",30070,3002,"2023-06-10","2023-07-10","USD",93.00,100,"3XS:20|2XS:20|XS:20|S:10|M:10|L:10|XL:10"
250573,"2022-09-15 08:39:53.45","#SWA060",50.00,68.00,93.00,120.90,"2023-06-10","129336833","PO",4,,,,"","ALMA","SWA060A1",30071,4002,"2023-06-10","2023-07-10","USD",93.00,100,"3XS:20|2XS:20|XS:20|S:10|M:10|L:10|XL:10"
250574,"2022-09-15 08:39:53.45","#SWA061",50.00,68.00,93.00,120.90,"2023-06-10","129336833","PO",4,,,,"","ALMA","SWA061A0",30072,5002,"2023-06-10","2023-07-10","USD",93.00,100,"3XS:20|2XS:20|XS:20|S:10|M:10|L:10|XL:10"
250575,"2022-09-15 08:39:53.45","#SWA062",50.00,68.00,93.00,120.90,"2023-06-10","129336833","PO",4,,,,"","ALMA","SWA062A1",30073,6002,"2023-06-10","2023-07-10","USD",93.00,100,"3XS:20|2XS:20|XS:20|S:10|M:10|L:10|XL:10"
250576,"2022-09-15 08:39:53.45","#SWA063",50.00,68.00,93.00,120.90,"2023-06-10","129336833","PO",4,,,,"","ALMA","SWA063A1",30029,8002,"2023-06-10","2023-07-10","USD",93.00,100,"3XS:20|2XS:20|XS:20|S:10|M:10|L:10|XL:10"
250577,"2022-09-15 08:39:53.45","#SWA064",50.00,68.00,93.00,120.90,"2023-06-10","129336857","PO",4,,,,"","ALMA","SWA064A0",30013,1002,"2023-06-10","2023-07-10","USD",93.00,100,"3XS:20|2XS:20|XS:20|S:10|M:10|L:10|XL:10"
250578,"2022-09-15 08:39:53.45","#SWA065",50.00,68.00,93.00,120.90,"2023-06-10","129336857","PO",4,,,,"","ALMA","SWA065A1",30022,1016,"2023-06-10","2023-07-10","USD",93.00,100,"3XS:20|2XS:20|XS:20|S:10|M:10|L:10|XL:10"
250579,"2022-09-15 08:39:53.45","#SWA066",50.00,68.00,93.00,120.90,"2023-06-10","129336857","PO",4,,,,"","ALMA","SWA066A0",30045,3002,"2023-06-10","2023-07-10","USD",93.00,100,"3XS:20|2XS:20|XS:20|S:10|M:10|L:10|XL:10"
250580,"2022-09-15 08:39:53.45","#SWA067",50.00,68.00,93.00,120.90,"2023-06-10","129336857","PO",4,,,,"","ALMA","SWA067A1",30046,4002,"2023-06-10","2023-07-10","USD",93.00,100,"3XS:20|2XS:20|XS:20|S:10|M:10|L:10|XL:10"
250581,"2022-09-15 08:39:53.45","#SWA068",50.00,68.00,93.00,120.90,"2023-06-10","129336857","PO",4,,,,"","ALMA","SWA068A1",30047,5002,"2023-06-10","2023-07-10","USD",93.00,100,"3XS:20|2XS:20|XS:20|S:10|M:10|L:10|XL:10"
250582,"2022-09-15 08:39:53.45","#SWA069",50.00,68.00,93.00,120.90,"2023-06-10","129336857","PO",4,,,,"","ALMA","SWA069A0",30065,6002,"2023-06-10","2023-07-10","USD",93.00,100,"3XS:20|2XS:20|XS:20|S:10|M:10|L:10|XL:10"
250583,"2022-09-15 08:39:53.45","#SWA070",50.00,68.00,93.00,120.90,"2023-06-10","129336857","PO",4,,,,"","ALMA","SWA070A1",30074,8002,"2023-06-10","2023-07-10","USD",93.00,100,"3XS:20|2XS:20|XS:20|S:10|M:10|L:10|XL:10"
250584,"2022-09-15 08:39:53.45","#SWA071",50.00,68.00,93.00,120.90,"2023-06-10","129336891","PO",4,,,,"","ALMA","SWA071A0",30075,1002,"2023-06-10","2023-07-10","USD",93.00,100,"3XS:20|2XS:20|XS:20|S:10|M:10|L:10|XL:10"
250585,"2022-09-15 08:39:53.45","#SWA072",50.00,68.00,93.00,120.90,"2023-06-10","129336891","PO",4,,,,"","ALMA","SWA072A1",30025,1016,"2023-06-10","2023-07-10","USD",93.00,100,"3XS:20|2XS:20|XS:20|S:10|M:10|L:10|XL:10"
250586,"2022-09-15 08:39:53.45","#SWA073",50.00,68.00,93.00,120.90,"2023-06-10","129336891","PO",4,,,,"","ALMA","SWA073A1",30026,3002,"2023-06-10","2023-07-10","USD",93.00,100,"3XS:20|2XS:20|XS:20|S:10|M:10|L:10|XL:10"
250587,"2022-09-15 08:39:53.45","#SWA074",50.00,68.00,93.00,120.90,"2023-06-10","129336891","PO",4,,,,"","ALMA","SWA074A0",30027,4002,"2023-06-10","2023-07-10","USD",93.00,100,"3XS:20|2XS:20|XS:20|S:10|M:10|L:10|XL:10"
250588,"2022-09-15 08:39:53.45","#SWA075",50.00,68.00,93.00,120.90,"2023-06-10","129336891","PO",4,,,,"","ALMA","SWA075A1",30066,5002,"2023-06-10","2023-07-10","USD",93.00,100,"3XS:20|2XS:20|XS:20|S:10|M:10|L:10|XL:10"
250589,"2022-09-15 08:39:53.45","#SWA076",50.00,68.00,93.00,120.90,"2023-06-10","129336891","PO",4,,,,"","ALMA","SWA076A0",30067,6002,"2023-06-10","2023-07-10","USD",93.00,100,"3XS:20|2XS:20|XS:20|S:10|M:10|L:10|XL:10"
250590,"2022-09-15 08:39:53.45","#SWA077",50.00,68.00,93.00,120.90,"2023-06-10","129336891","PO",4,,,,"","ALMA","SWA077A1",30068,8002,"2023-06-10","2023-07-10","USD",93.00,100,"3XS:20|2XS:20|XS:20|S:10|M:10|L:10|XL:10"
250591,"2022-09-15 08:39:53.45","#SWA078",50.00,68.00,93.00,120.90,"2023-06-10","129336895","PO",4,,,,"","ALMA","SWA078A1",30069,1002,"2023-06-10","2023-07-10","USD",93.00,100,"3XS:20|2XS:20|XS:20|S:10|M:10|L:10|XL:10"
250592,"2022-09-15 08:39:53.45","#SWA079",50.00,68.00,93.00,120.90,"2023-06-10","129336895","PO",4,,,,"","ALMA","SWA079A0",30070,1016,"2023-06-10","2023-07-10","USD",93.00,100,"3XS:20|2XS:20|XS:20|S:10|M:10|L:10|XL:10"
250593,"2022-09-15 08:39:53.45","#SWA080",50.00,68.00,93.00,120.90,"2023-06-10","129336895","PO",4,,,,"","ALMA","SWA080A1",30071,3002,"2023-06-10","2023-07-10","USD",93.00,100,"3XS:20|2XS:20|XS:20|S:10|M:10|L:10|XL:10"
250594,"2022-09-15 08:39:53.45","#SWA081",50.00,68.00,93.00,120.90,"2023-06-10","129336895","PO",4,,,,"","ALMA","SWA081A0",30072,4002,"2023-06-10","2023-07-10","USD",93.00,100,"3XS:20|2XS:20|XS:20|S:10|M:10|L:10|XL:10"
250595,"2022-09-15 08:39:53.45","#SWA082",50.00,68.00,93.00,120.90,"2023-06-10","129336895","PO",4,,,,"","ALMA","SWA082A1",30073,5002,"2023-06-10","2023-07-10","USD",93.00,100,"3XS:20|2XS:20|XS:20|S:10|M:10|L:10|XL:10"
250596,"2022-09-15 08:39:53.45","#SWA083",50.00,68.00,93.00,120.90,"2023-06-10","129336895","PO",4,,,,"","ALMA","SWA083A1",30029,6002,"2023-06-10","2023-07-10","USD",93.00,100,"3XS:20|2XS:20|XS:20|S:10|M:10|L:10|XL:10"
250597,"2022-09-15 08:39:53.45","#SWA084",50.00,68.00,93.00,120.90,"2023-06-10","129336895","PO",4,,,,"","ALMA","SWA084A0",30013,8002,"2023-06-10","2023-07-10","USD",93.00,100,"3XS:20|2XS:20|XS:20|S:10|M:10|L:10|XL:10"
250598,"2022-09-15 08:39:53.45","#SWA085",50.00,68.00,93.00,120.90,"2023-06-10","129336899","PO",4,,,,"","ALMA","SWA085A1",30022,1002,"2023-06-10","2023-07-10","USD",93.00,100,"3XS:20|2XS:20|XS:20|S:10|M:10|L:10|XL:10"
250599,"2022-09-15 08:39:53.45","#SWA086",50.00,68.00,93.00,120.90,"2023-06-10","129336899","PO",4,,,,"","ALMA","SWA086A0",30045,1016,"2023-06-10","2023-07-10","USD",93.00,100,"3XS:20|2XS:20|XS:20|S:10|M:10|L:10|XL:10"
250600,"2022-09-15 08:39:53.45","#SWA087",50.00,68.00,93.00,120.90,"2023-06-10","129336899","PO",4,,,,"","ALMA","SWA087A1",30046,3002,"2023-06-10","2023-07-10","USD",93.00,100,"3XS:20|2XS:20|XS:20|S:10|M:10|L:10|XL:10"
250601,"2022-09-15 08:39:53.45","#SWA088",50.00,68.00,93.00,120.90,"2023-06-10","129336899","PO",4,,,,"","ALMA","SWA088A1",30047,4002,"2023-06-10","2023-07-10","USD",93.00,100,"3XS:20|2XS:20|XS:20|S:10|M:10|L:10|XL:10"
250602,"2022-09-15 08:39:53.45","#SWA089",50.00,68.00,93.00,120.90,"2023-06-10","129336899","PO",4,,,,"","ALMA","SWA089A0",30065,5002,"2023-06-10","2023-07-10","USD",93.00,100,"3XS:20|2XS:20|XS:20|S:10|M:10|L:10|XL:10"
250603,"2022-09-15 08:39:53.45","#SWA090",50.00,68.00,93.00,120.90,"2023-06-10","129336899","PO",4,,,,"","ALMA","SWA090A1",30074,6002,"2023-06-10","2023-07-10","USD",93.00,100,"3XS:20|2XS:20|XS:20|S:10|M:10|L:10|XL:10"
250604,"2022-09-15 08:39:53.45","#SWA091",50.00,68.00,93.00,120.90,"2023-06-10","129336899","PO",4,,,,"","ALMA","SWA091A0",30075,8002,"2023-06-10","2023-07-10","USD",93.00,100,"3XS:20|2XS:20|XS:20|S:10|M:10|L:10|XL:10"
250605,"2022-09-15 08:39:53.45","#SWA092",50.00,68.00,93.00,120.90,"2023-06-10","129336902","PO",4,,,,"","ALMA","SWA092A1",30025,1002,"2023-06-10","2023-07-10","USD",93.00,100,"3XS:20|2XS:20|XS:20|S:10|M:10|L:10|XL:10"
250606,"2022-09-15 08:39:53.45","#SWA093",50.00,68.00,93.00,120.90,"2023-06-10","129336902","PO",4,,,,"","ALMA","SWA093A1",30026,1016,"2023-06-10","2023-07-10","USD",93.00,100,"3XS:20|2XS:20|XS:20|S:10|M:10|L:10|XL:10"
250607,"2022-09-15 08:39:53.45","#SWA094",50.00,68.00,93.00,120.90,"2023-06-10","129336902","PO",4,,,,"","ALMA","SWA094A0",30027,3002,"2023-06-10","2023-07-10","USD",93.00,100,"3XS:20|2XS:20|XS:20|S:10|M:10|L:10|XL:10"
250608,"2022-09-15 08:39:53.45","#SWA095",50.00,68.00,93.00,120.90,"2023-06-10","129336902","PO",4,,,,"","ALMA","SWA095A1",30066,4002,"2023-06-10","2023-07-10","USD",93.00,100,"3XS:20|2XS:20|XS:20|S:10|M:10|L:10|XL:10"
250609,"2022-09-15 08:39:53.45","#SWA096",50.00,68.00,93.00,120.90,"2023-06-10","129336902","PO",4,,,,"","ALMA","SWA096A0",30067,5002,"2023-06-10","2023-07-10","USD",93.00,100,"3XS:20|2XS:20|XS:20|S:10|M:10|L:10|XL:10"
250610,"2022-09-15 08:39:53.45","#SWA097",50.00,68.00,93.00,120.90,"2023-06-10","129336902","PO",4,,,,"","ALMA","SWA097A1",30068,6002,"2023-06-10","2023-07-10","USD",93.00,100,"3XS:20|2XS:20|XS:20|S:10|M:10|L:10|XL:10"
250611,"2022-09-15 08:39:53.45","#SWA098",50.00,68.00,93.00,120.90,"2023-06-10","129336902","PO",4,,,,"","ALMA","SWA098A1",30069,8002,"2023-06-10","2023-07-10","USD",93.00,100,"3XS:20|2XS:20|XS:20|S:10|M:10|L:10|XL:10"
250612,"2022-09-15 08:39:53.45","#SWA099",50.00,68.00,93.00,120.90,"2023-06-10","129336903","PO",4,,,,"","ALMA","SWA099A0",30070,1002,"2023-06-10","2023-07-10","USD",93.00,100,"3XS:20|2XS:20|XS:20|S:10|M:10|L:10|XL:10"
250613,"2022-09-15 08:39:53.45","#SWA100",50.00,68.00,93.00,120.90,"2023-06-10","129336903","PO",4,,,,"","ALMA","SWA100A1",30071,1016,"2023-06-10","2023-07-10","USD",93.00,100,"3XS:20|2XS:20|XS:20|S:10|M:10|L:10|XL:10"
250614,"2022-09-15 08:39:53.45","#SWA101",50.00,68.00,93.00,120.90,"2023-06-10","129336903","PO",4,,,,"","ALMA","SWA101A0",30072,3002,"2023-06-10","2023-07-10","USD",93.00,100,"3XS:20|2XS:20|XS:20|S:10|M:10|L:10|XL:10"
250615,"2022-09-15 08:39:53.45","#SWA102",50.00,68.00,93.00,120.90,"2023-06-10","129336903","PO",4,,,,"","ALMA","SWA102A1",30073,4002,"2023-06-10","2023-07-10","USD",93.00,100,"3XS:20|2XS:20|XS:20|S:10|M:10|L:10|XL:10"
250616,"2022-09-15 08:39:53.45","#SWA103",50.00,68.00,93.00,120.90,"2023-06-10","129336903","PO",4,,,,"","ALMA","SWA103A1",30029,5002,"2023-06-10","2023-07-10","USD",93.00,100,"3XS:20|2XS:20|XS:20|S:10|M:10|L:10|XL:10"
250617,"2022-09-15 08:39:53.45","#SWA104",50.00,68.00,93.00,120.90,"2023-06-10","129336903","PO",4,,,,"","ALMA","SWA104A0",30013,6002,"2023-06-10","2023-07-10","USD",93.00,100,"3XS:20|2XS:20|XS:20|S:10|M:10|L:10|XL:10"
250618,"2022-09-15 08:39:53.45","#SWA105",50.00,68.00,93.00,120.90,"2023-06-10","129336903","PO",4,,,,"","ALMA","SWA105A1",30022,8002,"2023-06-10","2023-07-10","USD",93.00,100,"3XS:20|2XS:20|XS:20|S:10|M:10|L:10|XL:10"
250619,"2022-09-15 08:39:53.45","#SWA106",50.00,68.00,93.00,120.90,"2023-06-10","129336906","PO",4,,,,"","ALMA","SWA106A0",30045,1002,"2023-06-10","2023-07-10","USD",93.00,100,"3XS:20|2XS:20|XS:20|S:10|M:10|L:10|XL:10"
250620,"2022-09-15 08:39:53.45","#SWA107",50.00,68.00,93.00,120.90,"2023-06-10","129336906","PO",4,,,,"","ALMA","SWA107A1",30046,1016,"2023-06-10","2023-07-10","USD",93.00,100,"3XS:20|2XS:20|XS:20|S:10|M:10|L:10|XL:10"
250621,"2022-09-15 08:39:53.45","#SWA108",50.00,68.00,93.00,120.90,"2023-06-10","129336906","PO",4,,,,"","ALMA","SWA108A1",30047,3002,"2023-06-10","2023-07-10","USD",93.00,100,"3XS:20|2XS:20|XS:20|S:10|M:10|L:10|XL:10"
250622,"2022-09-15 08:39:53.45","#SWA109",50.00,68.00,93.00,120.90,"2023-06-10","129336906","PO",4,,,,"","ALMA","SWA109A0",30065,4002,"2023-06-10","2023-07-10","USD",93.00,100,"3XS:20|2XS:20|XS:20|S:10|M:10|L:10|XL:10"
250623,"2022-09-15 08:39:53.45","#SWA110",50.00,68.00,93.00,120.90,"2023-06-10","129336906","PO",4,,,,"","ALMA","SWA110A1",30074,5002,"2023-06-10","2023-07-10","USD",93.00,100,"3XS:20|2XS:20|XS:20|S:10|M:10|L:10|XL:10"
250624,"2022-09-15 08:39:53.45","#SWA111",50.00,68.00,93.00,120.90,"2023-06-10","129336906","PO",4,,,,"","ALMA","SWA111A0",30075,6002,"2023-06-10","2023-07-10","USD",93.00,100,"3XS:20|2XS:20|XS:20|S:10|M:10|L:10|XL:10"
250625,"2022-09-15 08:39:53.45","#SWA112",50.00,68.00,93.00,120.90,"2023-06-10","129336906","PO",4,,,,"","ALMA","SWA112A1",30025,8002,"2023-06-10","2023-07-10","USD",93.00,100,"3XS:20|2XS:20|XS:20|S:10|M:10|L:10|XL:10"
250626,"2022-09-15 08:39:53.45","#SWA113",50.00,68.00,93.00,120.90,"2023-06-10","129336915","PO",4,,,,"","ALMA","SWA113A1",30026,1002,"2023-06-10","2023-07-10","USD",93.00,100,"3XS:20|2XS:20|XS:20|S:10|M:10|L:10|XL:10"
250627,"2022-09-15 08:39:53.45","#SWA114",50.00,68.00,93.00,120.90,"2023-06-10","129336915","PO",4,,,,"","ALMA","SWA114A0",30027,1016,"2023-06-10","2023-07-10","USD",93.00,100,"3XS:20|2XS:20|XS:20|S:10|M:10|L:10|XL:10"
250628,"2022-09-15 08:39:53.45","#SWA115",50.00,68.00,93.00,120.90,"2023-06-10","129336915","PO",4,,,,"","ALMA","SWA115A1",30066,3002,"2023-06-10","2023-07-10","USD",93.00,100,"3XS:20|2XS:20|XS:20|S:10|M:10|L:10|XL:10"
250629,"2022-09-15 08:39:53.45","#SWA116",50.00,68.00,93.00,120.90,"2023-06-10","129336915","PO",4,,,,"","ALMA","SWA116A0",30067,4002,"2023-06-10","2023-07-10","USD",93.00,100,"3XS:20|2XS:20|XS:20|S:10|M:10|L:10|XL:10"
250630,"2022-09-15 08:39:53.45","#SWA117",50.00,68.00,93.00,120.90,"2023-06-10","129336915","PO",4,,,,"","ALMA","SWA117A1",30068,5002,"2023-06-10","2023-07-10","USD",93.00,100,"3XS:20|2XS:20|XS:20|S:10|M:10|L:10|XL:10"
250631,"2022-09-15 08:39:53.45","#SWA118",50.00,68.00,93.00,120.90,"2023-06-10","129336915","PO",4,,,,"","ALMA","SWA118A1",30069,6002,"2023-06-10","2023-07-10","USD",93.00,100,"3XS:20|2XS:20|XS:20|S:10|M:10|L:10|XL:10"
250632,"2022-09-15 08:39:53.45","#SWA119",50.00,68.00,93.00,120.90,"2023-06-10","129336915","PO",4,,,,"","ALMA","SWA119A0",30070,8002,"2023-06-10","2023-07-10","USD",93.00,100,"3XS:20|2XS:20|XS:20|S:10|M:10|L:10|XL:10"
250633,"2022-09-15 08:39:53.45","#SWA120",50.00,68.00,93.00,120.90,"2023-06-10","129336920","PO",4,,,,"","ALMA","SWA120A1",30071,1002,"2023-06-10","2023-07-10","USD",93.00,100,"3XS:20|2XS:20|XS:20|S:10|M:10|L:10|XL:10"
250634,"2022-09-15 08:39:53.45","#SWA121",50.00,68.00,93.00,120.90,"2023-06-10","129336920","PO",4,,,,"","ALMA","SWA121A0",30072,1016,"2023-06-10","2023-07-10","USD",93.00,100,"3XS:20|2XS:20|XS:20|S:10|M:10|L:10|XL:10"
250635,"2022-09-15 08:39:53.45","#SWA122",50.00,68.00,93.00,120.90,"2023-06-10","129336920","PO",4,,,,"","ALMA","SWA122A1",30073,3002,"2023-06-10","2023-07-10","USD",93.00,100,"3XS:20|2XS:20|XS:20|S:10|M:10|L:10|XL:10"
250636,"2022-09-15 08:39:53.45","#SWA123",50.00,68.00,93.00,120.90,"2023-06-10","129336920","PO",4,,,,"","ALMA","SWA123A1",30029,4002,"2023-06-10","2023-07-10","USD",93.00,100,"3XS:20|2XS:20|XS:20|S:10|M:10|L:10|XL:10"
250637,"2022-09-15 08:39:53.45","#SWA124",50.00,68.00,93.00,120.90,"2023-06-10","129336920","PO",4,,,,"","ALMA","SWA124A0",30013,5002,"2023-06-10","2023-07-10","USD",93.00,100,"3XS:20|2XS:20|XS:20|S:10|M:10|L:10|XL:10"
250638,"2022-09-15 08:39:53.45","#SWA125",50.00,68.00,93.00,120.90,"2023-06-10","129336920","PO",4,,,,"","ALMA","SWA125A1",30022,6002,"2023-06-10","2023-07-10","USD",93.00,100,"3XS:20|2XS:20|XS:20|S:10|M:10|L:10|XL:10"
250639,"2022-09-15 08:39:53.45","#SWA126",50.00,68.00,93.00,120.90,"2023-06-10","129336920","PO",4,,,,"","ALMA","SWA126A0",30045,8002,"2023-06-10","2023-07-10","USD",93.00,100,"3XS:20|2XS:20|XS:20|S:10|M:10|L:10|XL:10"
250640,"2022-09-15 08:39:53.45","#SWA127",50.00,68.00,93.00,120.90,"2023-06-10","129336922","PO",4,,,,"","ALMA","SWA127A1",30046,1002,"2023-06-10","2023-07-10","USD",93.00,100,"3XS:20|2XS:20|XS:20|S:10|M:10|L:10|XL:10"
250641,"2022-09-15 08:39:53.45","#SWA128",50.00,68.00,93.00,120.90,"2023-06-10","129336922","PO",4,,,,"","ALMA","SWA128A1",30047,1016,"2023-06-10","2023-07-10","USD",93.00,100,"3XS:20|2XS:20|XS:20|S:10|M:10|L:10|XL:10"
250642,"2022-09-15 08:39:53.45","#SWA129",50.00,68.00,93.00,120.90,"2023-06-10","129336922","PO",4,,,,"","ALMA","SWA129A0",30065,3002,"2023-06-10","2023-07-10","USD",93.00,100,"3XS:20|2XS:20|XS:20|S:10|M:10|L:10|XL:10"
250643,"2022-09-15 08:39:53.45","#SWA130",50.00,68.00,93.00,120.90,"2023-06-10","129336922","PO",4,,,,"","ALMA","SWA130A1",30074,4002,"2023-06-10","2023-07-10","USD",93.00,100,"3XS:20|2XS:20|XS:20|S:10|M:10|L:10|XL:10"
250644,"2022-09-15 08:39:53.45","#SWA131",50.00,68.00,93.00,120.90,"2023-06-10","129336922","PO",4,,,,"","ALMA","SWA131A0",30075,5002,"2023-06-10","2023-07-10","USD",93.00,100,"3XS:20|2XS:20|XS:20|S:10|M:10|L:10|XL:10"
250645,"2022-09-15 08:39:53.45","#SWA132",50.00,68.00,93.00,120.90,"2023-06-10","129336922","PO",4,,,,"","ALMA","SWA132A1",30025,6002,"2023-06-10","2023-07-10","USD",93.00,100,"3XS:20|2XS:20|XS:20|S:10|M:10|L:10|XL:10"
250646,"2022-09-15 08:39:53.45","#SWA133",50.00,68.00,93.00,120.90,"2023-06-10","129336922","PO",4,,,,"","ALMA","SWA133A1",30026,8002,"2023-06-10","2023-07-10","USD",93.00,100,"3XS:20|2XS:20|XS:20|S:10|M:10|L:10|XL:10"
250647,"2022-09-15 08:39:53.45","#SWA134",50.00,68.00,93.00,120.90,"2023-06-10","129336932","PO",4,,,,"","ALMA","SWA134A0",30027,1002,"2023-06-10","2023-07-10","USD",93.00,100,"3XS:20|2XS:20|XS:20|S:10|M:10|L:10|XL:10"
250648,"2022-09-15 08:39:53.45","#SWA135",50.00,68.00,93.00,120.90,"2023-06-10","129336932","PO",4,,,,"","ALMA","SWA135A1",30066,1016,"2023-06-10","2023-07-10","USD",93.00,100,"3XS:20|2XS:20|XS:20|S:10|M:10|L:10|XL:10"
250649,"2022-09-15 08:39:53.45","#SWA136",50.00,68.00,93.00,120.90,"2023-06-10","129336932","PO",4,,,,"","ALMA","SWA136A0",30067,3002,"2023-06-10","2023-07-10","USD",93.00,100,"3XS:20|2XS:20|XS:20|S:10|M:10|L:10|XL:10"
250650,"2022-09-15 08:39:53.45","#SWA137",50.00,68.00,93.00,120.90,"2023-06-10","129336932","PO",4,,,,"","ALMA","SWA137A1",30068,4002,"2023-06-10","2023-07-10","USD",93.00,100,"3XS:20|2XS:20|XS:20|S:10|M:10|L:10|XL:10"
250651,"2022-09-15 08:39:53.45","#SWA138",50.00,68.00,93.00,120.90,"2023-06-10","129336932","PO",4,,,,"","ALMA","SWA138A1",30069,5002,"2023-06-10","2023-07-10","USD",93.00,100,"3XS:20|2XS:20|XS:20|S:10|M:10|L:10|XL:10"
250652,"2022-09-15 08:39:53.45","#SWA139",50.00,68.00,93.00,120.90,"2023-06-10","129336932","PO",4,,,,"","ALMA","SWA139A0",30070,6002,"2023-06-10","2023-07-10","USD",93.00,100,"3XS:20|2XS:20|XS:20|S:10|M:10|L:10|XL:10"
250653,"2022-09-15 08:39:53.45","#SWA140",50.00,68.00,93.00,120.90,"2023-06-10","129336932","PO",4,,,,"","ALMA","SWA140A1",30071,8002,"2023-06-10","2023-07-10","USD",93.00,100,"3XS:20|2XS:20|XS:20|S:10|M:10|L:10|XL:10"
250654,"2022-09-15 08:39:53.45","#SWA141",50.00,68.00,93.00,120.90,"2023-06-10","129336936","PO",4,,,,"","ALMA","SWA141A0",30072,1002,"2023-06-10","2023-07-10","USD",93.00,100,"3XS:20|2XS:20|XS:20|S:10|M:10|L:10|XL:10"
250655,"2022-09-15 08:39:53.45","#SWA142",50.00,68.00,93.00,120.90,"2023-06-10","129336936","PO",4,,,,"","ALMA","SWA142A1",30073,1016,"2023-06-10","2023-07-10","USD",93.00,100,"3XS:20|2XS:20|XS:20|S:10|M:10|L:10|XL:10"
250656,"2022-09-15 08:39:53.45","#SWA143",50.00,68.00,93.00,120.90,"2023-06-10","129336936","PO",4,,,,"","ALMA","SWA143A1",30029,3002,"2023-06-10","2023-07-10","USD",93.00,100,"3XS:20|2XS:20|XS:20|S:10|M:10|L:10|XL:10"
250657,"2022-09-15 08:39:53.45","#SWA144",50.00,68.00,93.00,120.90,"2023-06-10","129336936","PO",4,,,,"","ALMA","SWA144A0",30013,4002,"2023-06-10","2023-07-10","USD",93.00,100,"3XS:20|2XS:20|XS:20|S:10|M:10|L:10|XL:10"
250658,"2022-09-15 08:39:53.45","#SWA145",50.00,68.00,93.00,120.90,"2023-06-10","129336936","PO",4,,,,"","ALMA","SWA145A1",30022,5002,"2023-06-10","2023-07-10","USD",93.00,100,"3XS:20|2XS:20|XS:20|S:10|M:10|L:10|XL:10"
250659,"2022-09-15 08:39:53.45","#SWA146",50.00,68.00,93.00,120.90,"2023-06-10","129336936","PO",4,,,,"","ALMA","SWA146A0",30045,6002,"2023-06-10","2023-07-10","USD",93.00,100,"3XS:20|2XS:20|XS:20|S:10|M:10|L:10|XL:10"
250660,"2022-09-15 08:39:53.45","#SWA147",50.00,68.00,93.00,120.90,"2023-06-10","129336936","PO",4,,,,"","ALMA","SWA147A1",30046,8002,"2023-06-10","2023-07-10","USD",93.00,100,"3XS:20|2XS:20|XS:20|S:10|M:10|L:10|XL:10"
250661,"2022-09-15 08:39:53.45","#SWA148",50.00,68.00,93.00,120.90,"2023-06-10","129336941","PO",4,,,,"","ALMA","SWA148A1",30047,1002,"2023-06-10","2023-07-10","USD",93.00,100,"3XS:20|2XS:20|XS:20|S:10|M:10|L:10|XL:10"
250662,"2022-09-15 08:39:53.45","#SWA149",50.00,68.00,93.00,120.90,"2023-06-10","129336941","PO",4,,,,"","ALMA","SWA149A0",30065,1016,"2023-06-10","2023-07-10","USD",93.00,100,"3XS:20|2XS:20|XS:20|S:10|M:10|L:10|XL:10"
250663,"2022-09-15 08:39:53.45","#SWA150",50.00,68.00,93.00,120.90,"2023-06-10","129336941","PO",4,,,,"","ALMA","SWA150A1",30074,3002,"2023-06-10","2023-07-10","USD",93.00,100,"3XS:20|2XS:20|XS:20|S:10|M:10|L:10|XL:10"
250664,"2022-09-15 08:39:53.45","#SWA151",50.00,68.00,93.00,120.90,"2023-06-10","129336941","PO",4,,,,"","ALMA","SWA151A0",30075,4002,"2023-06-10","2023-07-10","USD",93.00,100,"3XS:20|2XS:20|XS:20|S:10|M:10|L:10|XL:10"
250665,"2022-09-15 08:39:53.45","#SWA152",50.00,68.00,93.00,120.90,"2023-06-10","129336941","PO",4,,,,"","ALMA","SWA152A1",30025,5002,"2023-06-10","2023-07-10","USD",93.00,100,"3XS:20|2XS:20|XS:20|S:10|M:10|L:10|XL:10"
250666,"2022-09-15 08:39:53.45","#SWA153",50.00,68.00,93.00,120.90,"2023-06-10","129336941","PO",4,,,,"","ALMA","SWA153A1",30026,6002,"2023-06-10","2023-07-10","USD",93.00,100,"3XS:20|2XS:20|XS:20|S:10|M:10|L:10|XL:10"
250667,"2022-09-15 08:39:53.45","#SWA154",50.00,68.00,93.00,120.90,"2023-06-10","129336941","PO",4,,,,"","ALMA","SWA154A0",30027,8002,"2023-06-10","2023-07-10","USD",93.00,100,"3XS:20|2XS:20|XS:20|S:10|M:10|L:10|XL:10"
250668,"2022-09-15 08:39:53.45","#SWA155",50.00,68.00,93.00,120.90,"2023-06-10","129336944","PO",4,,,,"","ALMA","SWA155A1",30066,1002,"2023-06-10","2023-07-10","USD",93.00,100,"3XS:20|2XS:20|XS:20|S:10|M:10|L:10|XL:10"
250669,"2022-09-15 08:39:53.45","#SWA156",50.00,68.00,93.00,120.90,"2023-06-10","129336944","PO",4,,,,"","ALMA","SWA156A0",30067,1016,"2023-06-10","2023-07-10","USD",93.00,100,"3XS:20|2XS:20|XS:20|S:10|M:10|L:10|XL:10"
250670,"2022-09-15 08:39:53.45","#SWA157",50.00,68.00,93.00,120.90,"2023-06-10","129336944","PO",4,,,,"","ALMA","SWA157A1",30068,3002,"2023-06-10","2023-07-10","USD",93.00,100,"3XS:20|2XS:20|XS:20|S:10|M:10|L:10|XL:10"
250671,"2022-09-15 08:39:53.45","#SWA158",50.00,68.00,93.00,120.90,"2023-06-10","129336944","PO",4,,,,"","ALMA","SWA158A1",30069,4002,"2023-06-10","2023-07-10","USD",93.00,100,"3XS:20|2XS:20|XS:20|S:10|M:10|L:10|XL:10"
250672,"2022-09-15 08:39:53.45","#SWA159",50.00,68.00,93.00,120.90,"2023-06-10","129336944","PO",4,,,,"","ALMA","SWA159A0",30070,5002,"2023-06-10","2023-07-10","USD",93.00,100,"3XS:20|2XS:20|XS:20|S:10|M:10|L:10|XL:10"
250673,"2022-09-15 08:39:53.45","#SWA160",50.00,68.00,93.00,120.90,"2023-06-10","129336944","PO",4,,,,"","ALMA","SWA160A1",30071,6002,"2023-06-10","2023-07-10","USD",93.00,100,"3XS:20|2XS:20|XS:20|S:10|M:10|L:10|XL:10"
250674,"2022-09-15 08:39:53.45","#SWA161",50.00,68.00,93.00,120.90,"2023-06-10","129336944","PO",4,,,,"","ALMA","SWA161A0",30072,8002,"2023-06-10","2023-07-10","USD",93.00,100,"3XS:20|2XS:20|XS:20|S:10|M:10|L:10|XL:10"
250675,"2022-09-15 08:39:53.45","#SWA162",50.00,68.00,93.00,120.90,"2023-06-10","129336953","PO",4,,,,"","ALMA","SWA162A1",30073,1002,"2023-06-10","2023-07-10","USD",93.00,100,"3XS:20|2XS:20|XS:20|S:10|M:10|L:10|XL:10"
250676,"2022-09-15 08:39:53.45","#SWA163",50.00,68.00,93.00,120.90,"2023-06-10","129336953","PO",4,,,,"","ALMA","SWA163A1",30029,1016,"2023-06-10","2023-07-10","USD",93.00,100,"3XS:20|2XS:20|XS:20|S:10|M:10|L:10|XL:10"
250677,"2022-09-15 08:39:53.45","#SWA164",50.00,68.00,93.00,120.90,"2023-06-10","129336953","PO",4,,,,"","ALMA","SWA164A0",30013,3002,"2023-06-10","2023-07-10","USD",93.00,100,"3XS:20|2XS:20|XS:20|S:10|M:10|L:10|XL:10"
250678,"2022-09-15 08:39:53.45","#SWA165",50.00,68.00,93.00,120.90,"2023-06-10","129336953","PO",4,,,,"","ALMA","SWA165A1",30022,4002,"2023-06-10","2023-07-10","USD",93.00,100,"3XS:20|2XS:20|XS:20|S:10|M:10|L:10|XL:10"
250679,"2022-09-15 08:39:53.45","#SWA166",50.00,68.00,93.00,120.90,"2023-06-10","129336953","PO",4,,,,"","ALMA","SWA166A0",30045,5002,"2023-06-10","2023-07-10","USD",93.00,100,"3XS:20|2XS:20|XS:20|S:10|M:10|L:10|XL:10"
250680,"2022-09-15 08:39:53.45","#SWA167",50.00,68.00,93.00,120.90,"2023-06-10","129336953","PO",4,,,,"","ALMA","SWA167A1",30046,6002,"2023-06-10","2023-07-10","USD",93.00,100,"3XS:20|2XS:20|XS:20|S:10|M:10|L:10|XL:10"
250681,"2022-09-15 08:39:53.45","#SWA168",50.00,68.00,93.00,120.90,"2023-06-10","129336953","PO",4,,,,"","ALMA","SWA168A1",30047,8002,"2023-06-10","2023-07-10","USD",93.00,100,"3XS:20|2XS:20|XS:20|S:10|M:10|L:10|XL:10"
250682,"2022-09-15 08:39:53.45","#SWA169",50.00,68.00,93.00,120.90,"2023-06-10","129336956","PO",4,,,,"","ALMA","SWA169A0",30065,1002,"2023-06-10","2023-07-10","USD",93.00,100,"3XS:20|2XS:20|XS:20|S:10|M:10|L:10|XL:10"
250683,"2022-09-15 08:39:53.45","#SWA170",50.00,68.00,93.00,120.90,"2023-06-10","129336956","PO",4,,,,"","ALMA","SWA170A1",30074,1016,"2023-06-10","2023-07-10","USD",93.00,100,"3XS:20|2XS:20|XS:20|S:10|M:10|L:10|XL:10"
250684,"2022-09-15 08:39:53.45","#SWA171",50.00,68.00,93.00,120.90,"2023-06-10","129336956","PO",4,,,,"","ALMA","SWA171A0",30075,3002,"2023-06-10","2023-07-10","USD",93.00,100,"3XS:20|2XS:20|XS:20|S:10|M:10|L:10|XL:10"
250685,"2022-09-15 08:39:53.45","#SWA172",50.00,68.00,93.00,120.90,"2023-06-10","129336956","PO",4,,,,"","ALMA","SWA172A1",30025,4002,"2023-06-10","2023-07-10","USD",93.00,100,"3XS:20|2XS:20|XS:20|S:10|M:10|L:10|XL:10"
250686,"2022-09-15 08:39:53.45","#SWA173",50.00,68.00,93.00,120.90,"2023-06-10","129336956","PO",4,,,,"","ALMA","SWA173A1",30026,5002,"2023-06-10","2023-07-10","USD",93.00,100,"3XS:20|2XS:20|XS:20|S:10|M:10|L:10|XL:10"
250687,"2022-09-15 08:39:53.45","#SWA174",50.00,68.00,93.00,120.90,"2023-06-10","129336956","PO",4,,,,"","ALMA","SWA174A0",30027,6002,"2023-06-10","2023-07-10","USD",93.00,100,"3XS:20|2XS:20|XS:20|S:10|M:10|L:10|XL:10"
250688,"2022-09-15 08:39:53.45","#SWA175",50.00,68.00,93.00,120.90,"2023-06-10","129336956","PO",4,,,,"","ALMA","SWA175A1",30066,8002,"2023-06-10","2023-07-10","USD",93.00,100,"3XS:20|2XS:20|XS:20|S:10|M:10|L:10|XL:10"
250689,"2022-09-15 08:39:53.45","#SWA176",50.00,68.00,93.00,120.90,"2023-06-10","129336969","PO",4,,,,"","ALMA","SWA176A0",30067,1002,"2023-06-10","2023-07-10","USD",93.00,100,"3XS:20|2XS:20|XS:20|S:10|M:10|L:10|XL:10"
250690,"2022-09-15 08:39:53.45","#SWA177",50.00,68.00,93.00,120.90,"2023-06-10","129336969","PO",4,,,,"","ALMA","SWA177A1",30068,1016,"2023-06-10","2023-07-10","USD",93.00,100,"3XS:20|2XS:20|XS:20|S:10|M:10|L:10|XL:10"
250691,"2022-09-15 08:39:53.45","#SWA178",50.00,68.00,93.00,120.90,"2023-06-10","129336969","PO",4,,,,"","ALMA","SWA178A1",30069,3002,"2023-06-10","2023-07-10","USD",93.00,100,"3XS:20|2XS:20|XS:20|S:10|M:10|L:10|XL:10"
250692,"2022-09-15 08:39:53.45","#SWA179",50.00,68.00,93.00,120.90,"2023-06-10","129336969","PO",4,,,,"","ALMA","SWA179A0",30070,4002,"2023-06-10","2023-07-10","USD",93.00,100,"3XS:20|2XS:20|XS:20|S:10|M:10|L:10|XL:10"
250693,"2022-09-15 08:39:53.45","#SWA180",50.00,68.00,93.00,120.90,"2023-06-10","129336969","PO",4,,,,"","ALMA","SWA180A1",30071,5002,"2023-06-10","2023-07-10","USD",93.00,100,"3XS:20|2XS:20|XS:20|S:10|M:10|L:10|XL:10"
250694,"2022-09-15 08:39:53.45","#SWA181",50.00,68.00,93.00,120.90,"2023-06-10","129336969","PO",4,,,,"","ALMA","SWA181A0",30072,6002,"2023-06-10","2023-07-10","USD",93.00,100,"3XS:20|2XS:20|XS:20|S:10|M:10|L:10|XL:10"
250695,"2022-09-15 08:39:53.45","#SWA182",50.00,68.00,93.00,120.90,"2023-06-10","129336969","PO",4,,,,"","ALMA","SWA182A1",30073,8002,"2023-06-10","2023-07-10","USD",93.00,100,"3XS:20|2XS:20|XS:20|S:10|M:10|L:10|XL:10"
250696,"2022-09-15 08:39:53.45","#SWA183",50.00,68.00,93.00,120.90,"2023-06-10","129336972","PO",4,,,,"","ALMA","SWA183A1",30029,1002,"2023-06-10","2023-07-10","USD",93.00,100,"3XS:20|2XS:20|XS:20|S:10|M:10|L:10|XL:10"
250697,"2022-09-15 08:39:53.45","#SWA184",50.00,68.00,93.00,120.90,"2023-06-10","129336972","PO",4,,,,"","ALMA","SWA184A0",30013,1016,"2023-06-10","2023-07-10","USD",93.00,100,"3XS:20|2XS:20|XS:20|S:10|M:10|L:10|XL:10"
250698,"2022-09-15 08:39:53.45","#SWA185",50.00,68.00,93.00,120.90,"2023-06-10","129336972","PO",4,,,,"","ALMA","SWA185A1",30022,3002,"2023-06-10","2023-07-10","USD",93.00,100,"3XS:20|2XS:20|XS:20|S:10|M:10|L:10|XL:10"
250699,"2022-09-15 08:39:53.45","#SWA186",50.00,68.00,93.00,120.90,"2023-06-10","129336972","PO",4,,,,"","ALMA","SWA186A0",30045,4002,"2023-06-10","2023-07-10","USD",93.00,100,"3XS:20|2XS:20|XS:20|S:10|M:10|L:10|XL:10"
250700,"2022-09-15 08:39:53.45","#SWA187",50.00,68.00,93.00,120.90,"2023-06-10","129336972","PO",4,,,,"","ALMA","SWA187A1",30046,5002,"2023-06-10","2023-07-10","USD",93.00,100,"3XS:20|2XS:20|XS:20|S:10|M:10|L:10|XL:10"
250701,"2022-09-15 08:39:53.45","#SWA188",50.00,68.00,93.00,120.90,"2023-06-10","129336972","PO",4,,,,"","ALMA","SWA188A1",30047,6002,"2023-06-10","2023-07-10","USD",93.00,100,"3XS:20|2XS:20|XS:20|S:10|M:10|L:10|XL:10"
250702,"2022-09-15 08:39:53.45","#SWA189",50.00,68.00,93.00,120.90,"2023-06-10","129336972","PO",4,,,,"","ALMA","SWA189A0",30065,8002,"2023-06-10","2023-07-10","USD",93.00,100,"3XS:20|2XS:20|XS:20|S:10|M:10|L:10|XL:10"
250703,"2022-09-15 08:39:53.45","#SWA190",50.00,68.00,93.00,120.90,"2023-06-10","129336978","PO",4,,,,"","ALMA","SWA190A1",30074,1002,"2023-06-10","2023-07-10","USD",93.00,100,"3XS:20|2XS:20|XS:20|S:10|M:10|L:10|XL:10"
250704,"2022-09-15 08:39:53.45","#SWA191",50.00,68.00,93.00,120.90,"2023-06-10","129336978","PO",4,,,,"","ALMA","SWA191A0",30075,1016,"2023-06-10","2023-07-10","USD",93.00,100,"3XS:20|2XS:20|XS:20|S:10|M:10|L:10|XL:10"
250705,"2022-09-15 08:39:53.45","#SWA192",50.00,68.00,93.00,120.90,"2023-06-10","129336978","PO",4,,,,"","ALMA","SWA192A1",30025,3002,"2023-06-10","2023-07-10","USD",93.00,100,"3XS:20|2XS:20|XS:20|S:10|M:10|L:10|XL:10"
250706,"2022-09-15 08:39:53.45","#SWA193",50.00,68.00,93.00,120.90,"2023-06-10","129336978","PO",4,,,,"","ALMA","SWA193A1",30026,4002,"2023-06-10","2023-07-10","USD",93.00,100,"3XS:20|2XS:20|XS:20|S:10|M:10|L:10|XL:10"
250707,"2022-09-15 08:39:53.45","#SWA194",50.00,68.00,93.00,120.90,"2023-06-10","129336978","PO",4,,,,"","ALMA","SWA194A0",30027,5002,"2023-06-10","2023-07-10","USD",93.00,100,"3XS:20|2XS:20|XS:20|S:10|M:10|L:10|XL:10"
250708,"2022-09-15 08:39:53.45","#SWA195",50.00,68.00,93.00,120.90,"2023-06-10","129336978","PO",4,,,,"","ALMA","SWA195A1",30066,6002,"2023-06-10","2023-07-10","USD",93.00,100,"3XS:20|2XS:20|XS:20|S:10|M:10|L:10|XL:10"
250709,"2022-09-15 08:39:53.45","#SWA196",50.00,68.00,93.00,120.90,"2023-06-10","129336978","PO",4,,,,"","ALMA","SWA196A0",30067,8002,"2023-06-10","2023-07-10","USD",93.00,100,"3XS:20|2XS:20|XS:20|S:10|M:10|L:10|XL:10"
250710,"2022-09-15 08:39:53.45","#SWA197",50.00,68.00,93.00,120.90,"2023-06-10","129336982","PO",4,,,,"","ALMA","SWA197A1",30068,1002,"2023-06-10","2023-07-10","USD",93.00,100,"3XS:20|2XS:20|XS:20|S:10|M:10|L:10|XL:10"
250711,"2022-09-15 08:39:53.45","#SWA198",50.00,68.00,93.00,120.90,"2023-06-10","129336982","PO",4,,,,"","ALMA","SWA198A1",30069,1016,"2023-06-10","2023-07-10","USD",93.00,100,"3XS:20|2XS:20|XS:20|S:10|M:10|L:10|XL:10"
250712,"2022-09-15 08:39:53.45","#SWA199",50.00,68.00,93.00,120.90,"2023-06-10","129336982","PO",4,,,,"","ALMA","SWA199A0",30070,3002,"2023-06-10","2023-07-10","USD",93.00,100,"3XS:20|2XS:20|XS:20|S:10|M:10|L:10|XL:10"
250713,"2022-09-15 08:39:53.45","#SWA200",50.00,68.00,93.00,120.90,"2023-06-10","129336982","PO",4,,,,"","ALMA","SWA200A1",30071,4002,"2023-06-10","2023-07-10","USD",93.00,100,"3XS:20|2XS:20|XS:20|S:10|M:10|L:10|XL:10"
250714,"2022-09-15 08:39:53.45","#SWA201",50.00,68.00,93.00,120.90,"2023-06-10","129336982","PO",4,,,,"","ALMA","SWA201A0",30072,5002,"2023-06-10","2023-07-10","USD",93.00,100,"3XS:20|2XS:20|XS:20|S:10|M:10|L:10|XL:10"
250715,"2022-09-15 08:39:53.45","#SWA202",50.00,68.00,93.00,120.90,"2023-06-10","129336982","PO",4,,,,"","ALMA","SWA202A1",30073,6002,"2023-06-10","2023-07-10","USD",93.00,100,"3XS:20|2XS:20|XS:20|S:10|M:10|L:10|XL:10"
250716,"2022-09-15 08:39:53.45","#SWA203",50.00,68.00,93.00,120.90,"2023-06-10","129336982","PO",4,,,,"","ALMA","SWA203A1",30029,8002,"2023-06-10","2023-07-10","USD",93.00,100,"3XS:20|2XS:20|XS:20|S:10|M:10|L:10|XL:10"
250717,"2022-09-15 08:39:53.45","#SWA204",50.00,68.00,93.00,120.90,"2023-06-10","129336988","PO",4,,,,"","ALMA","SWA204A0",30013,1002,"2023-06-10","2023-07-10","USD",93.00,100,"3XS:20|2XS:20|XS:20|S:10|M:10|L:10|XL:10"
250718,"2022-09-15 08:39:53.45","#SWA205",50.00,68.00,93.00,120.90,"2023-06-10","129336988","PO",4,,,,"","ALMA","SWA205A1",30022,1016,"2023-06-10","2023-07-10","USD",93.00,100,"3XS:20|2XS:20|XS:20|S:10|M:10|L:10|XL:10"
250719,"2022-09-15 08:39:53.45","#SWA206",50.00,68.00,93.00,120.90,"2023-06-10","129336988","PO",4,,,,"","ALMA","SWA206A0",30045,3002,"2023-06-10","2023-07-10","USD",93.00,100,"3XS:20|2XS:20|XS:20|S:10|M:10|L:10|XL:10"
250720,"2022-09-15 08:39:53.45","#SWA207",50.00,68.00,93.00,120.90,"2023-06-10","129336988","PO",4,,,,"","ALMA","SWA207A1",30046,4002,"2023-06-10","2023-07-10","USD",93.00,100,"3XS:20|2XS:20|XS:20|S:10|M:10|L:10|XL:10"
250721,"2022-09-15 08:39:53.45","#SWA208",50.00,68.00,93.00,120.90,"2023-06-10","129336988","PO",4,,,,"","ALMA","SWA208A1",30047,5002,"2023-06-10","2023-07-10","USD",93.00,100,"3XS:20|2XS:20|XS:20|S:10|M:10|L:10|XL:10"
250722,"2022-09-15 08:39:53.45","#SWA209",50.00,68.00,93.00,120.90,"2023-06-10","129336988","PO",4,,,,"","ALMA","SWA209A0",30065,6002,"2023-06-10","2023-07-10","USD",93.00,100,"3XS:20|2XS:20|XS:20|S:10|M:10|L:10|XL:10"
250723,"2022-09-15 08:39:53.45","#SWA210",50.00,68.00,93.00,120.90,"2023-06-10","129336988","PO",4,,,,"","ALMA","SWA210A1",30074,8002,"2023-06-10","2023-07-10","USD",93.00,100,"3XS:20|2XS:20|XS:20|S:10|M:10|L:10|XL:10"
250724,"2022-09-15 08:39:53.45","#SWA211",50.00,68.00,93.00,120.90,"2023-06-10","129336992","PO",4,,,,"","ALMA","SWA211A0",30075,1002,"2023-06-10","2023-07-10","USD",93.00,100,"3XS:20|2XS:20|XS:20|S:10|M:10|L:10|XL:10"
250725,"2022-09-15 08:39:53.45","#SWA212",50.00,68.00,93.00,120.90,"2023-06-10","129336992","PO",4,,,,"","ALMA","SWA212A1",30025,1016,"2023-06-10","2023-07-10","USD",93.00,100,"3XS:20|2XS:20|XS:20|S:10|M:10|L:10|XL:10"
250726,"2022-09-15 08:39:53.45","#SWA213",50.00,68.00,93.00,120.90,"2023-06-10","129336992","PO",4,,,,"","ALMA","SWA213A1",30026,3002,"2023-06-10","2023-07-10","USD",93.00,100,"3XS:20|2XS:20|XS:20|S:10|M:10|L:10|XL:10"
250727,"2022-09-15 08:39:53.45","#SWA214",50.00,68.00,93.00,120.90,"2023-06-10","129336992","PO",4,,,,"","ALMA","SWA214A0",30027,4002,"2023-06-10","2023-07-10","USD",93.00,100,"3XS:20|2XS:20|XS:20|S:10|M:10|L:10|XL:10"
250728,"2022-09-15 08:39:53.45","#SWA215",50.00,68.00,93.00,120.90,"2023-06-10","129336992","PO",4,,,,"","ALMA","SWA215A1",30066,5002,"2023-06-10","2023-07-10","USD",93.00,100,"3XS:20|2XS:20|XS:20|S:10|M:10|L:10|XL:10"
250729,"2022-09-15 08:39:53.45","#SWA216",50.00,68.00,93.00,120.90,"2023-06-10","129336992","PO",4,,,,"","ALMA","SWA216A0",30067,6002,"2023-06-10","2023-07-10","USD",93.00,100,"3XS:20|2XS:20|XS:20|S:10|M:10|L:10|XL:10"
250730,"2022-09-15 08:39:53.45","#SWA217",50.00,68.00,93.00,120.90,"2023-06-10","129336992","PO",4,,,,"","ALMA","SWA217A1",30068,8002,"2023-06-10","2023-07-10","USD",93.00,100,"3XS:20|2XS:20|XS:20|S:10|M:10|L:10|XL:10"
250731,"2022-09-15 08:39:53.45","#SWA218",50.00,68.00,93.00,120.90,"2023-06-10","129337003","PO",4,,,,"","ALMA","SWA218A1",30069,1002,"2023-06-10","2023-07-10","USD",93.00,100,"3XS:20|2XS:20|XS:20|S:10|M:10|L:10|XL:10"
250732,"2022-09-15 08:39:53.45","#SWA219",50.00,68.00,93.00,120.90,"2023-06-10","129337003","PO",4,,,,"","ALMA","SWA219A0",30070,1016,"2023-06-10","2023-07-10","USD",93.00,100,"3XS:20|2XS:20|XS:20|S:10|M:10|L:10|XL:10"
250733,"2022-09-15 08:39:53.45","#SWA220",50.00,68.00,93.00,120.90,"2023-06-10","129337003","PO",4,,,,"","ALMA","SWA220A1",30071,3002,"2023-06-10","2023-07-10","USD",93.00,100,"3XS:20|2XS:20|XS:20|S:10|M:10|L:10|XL:10"
250734,"2022-09-15 08:39:53.45","#SWA221",50.00,68.00,93.00,120.90,"2023-06-10","129337003","PO",4,,,,"","ALMA","SWA221A0",30072,4002,"2023-06-10","2023-07-10","USD",93.00,100,"3XS:20|2XS:20|XS:20|S:10|M:10|L:10|XL:10"
250735,"2022-09-15 08:39:53.45","#SWA222",50.00,68.00,93.00,120.90,"2023-06-10","129337003","PO",4,,,,"","ALMA","SWA222A1",30073,5002,"2023-06-10","2023-07-10","USD",93.00,100,"3XS:20|2XS:20|XS:20|S:10|M:10|L:10|XL:10"
250736,"2022-09-15 08:39:53.45","#SWA223",50.00,68.00,93.00,120.90,"2023-06-10","129337003","PO",4,,,,"","ALMA","SWA223A1",30029,6002,"2023-06-10","2023-07-10","USD",93.00,100,"3XS:20|2XS:20|XS:20|S:10|M:10|L:10|XL:10"
250737,"2022-09-15 08:39:53.45","#SWA224",50.00,68.00,93.00,120.90,"2023-06-10","129337003","PO",4,,,,"","ALMA","SWA224A0",30013,8002,"2023-06-10","2023-07-10","USD",93.00,100,"3XS:20|2XS:20|XS:20|S:10|M:10|L:10|XL:10"
250738,"2022-09-15 08:39:53.45","#SWA225",50.00,68.00,93.00,120.90,"2023-06-10","129337004","PO",4,,,,"","ALMA","SWA225A1",30022,1002,"2023-06-10","2023-07-10","USD",93.00,100,"3XS:20|2XS:20|XS:20|S:10|M:10|L:10|XL:10"
250739,"2022-09-15 08:39:53.45","#SWA226",50.00,68.00,93.00,120.90,"2023-06-10","129337004","PO",4,,,,"","ALMA","SWA226A0",30045,1016,"2023-06-10","2023-07-10","USD",93.00,100,"3XS:20|2XS:20|XS:20|S:10|M:10|L:10|XL:10"
250740,"2022-09-15 08:39:53.45","#SWA227",50.00,68.00,93.00,120.90,"2023-06-10","129337004","PO",4,,,,"","ALMA","SWA227A1",30046,3002,"2023-06-10","2023-07-10","USD",93.00,100,"3XS:20|2XS:20|XS:20|S:10|M:10|L:10|XL:10"
250741,"2022-09-15 08:39:53.45","#SWA228",50.00,68.00,93.00,120.90,"2023-06-10","129337004","PO",4,,,,"","ALMA","SWA228A1",30047,4002,"2023-06-10","2023-07-10","USD",93.00,100,"3XS:20|2XS:20|XS:20|S:10|M:10|L:10|XL:10"
250742,"2022-09-15 08:39:53.45","#SWA229",50.00,68.00,93.00,120.90,"2023-06-10","129337004","PO",4,,,,"","ALMA","SWA229A0",30065,5002,"2023-06-10","2023-07-10","USD",93.00,100,"3XS:20|2XS:20|XS:20|S:10|M:10|L:10|XL:10"
250743,"2022-09-15 08:39:53.45","#SWA230",50.00,68.00,93.00,120.90,"2023-06-10","129337004","PO",4,,,,"","ALMA","SWA230A1",30074,6002,"2023-06-10","2023-07-10","USD",93.00,100,"3XS:20|2XS:20|XS:20|S:10|M:10|L:10|XL:10"
250744,"2022-09-15 08:39:53.45","#SWA231",50.00,68.00,93.00,120.90,"2023-06-10","129337004","PO",4,,,,"","ALMA","SWA231A0",30075,8002,"2023-06-10","2023-07-10","USD",93.00,100,"3XS:20|2XS:20|XS:20|S:10|M:10|L:10|XL:10"
250745,"2022-09-15 08:39:53.45","#SWA232",50.00,68.00,93.00,120.90,"2023-06-10","129337005","PO",4,,,,"","ALMA","SWA232A1",30025,1002,"2023-06-10","2023-07-10","USD",93.00,100,"3XS:20|2XS:20|XS:20|S:10|M:10|L:10|XL:10"
250746,"2022-09-15 08:39:53.45","#SWA233",50.00,68.00,93.00,120.90,"2023-06-10","129337005","PO",4,,,,"","ALMA","SWA233A1",30026,1016,"2023-06-10","2023-07-10","USD",93.00,100,"3XS:20|2XS:20|XS:20|S:10|M:10|L:10|XL:10"
250747,"2022-09-15 08:39:53.45","#SWA234",50.00,68.00,93.00,120.90,"2023-06-10","129337005","PO",4,,,,"","ALMA","SWA234A0",30027,3002,"2023-06-10","2023-07-10","USD",93.00,100,"3XS:20|2XS:20|XS:20|S:10|M:10|L:10|XL:10"
250748,"2022-09-15 08:39:53.45","#SWA235",50.00,68.00,93.00,120.90,"2023-06-10","129337005","PO",4,,,,"","ALMA","SWA235A1",30066,4002,"2023-06-10","2023-07-10","USD",93.00,100,"3XS:20|2XS:20|XS:20|S:10|M:10|L:10|XL:10"
250749,"2022-09-15 08:39:53.45","#SWA236",50.00,68.00,93.00,120.90,"2023-06-10","129337005","PO",4,,,,"","ALMA","SWA236A0",30067,5002,"2023-06-10","2023-07-10","USD",93.00,100,"3XS:20|2XS:20|XS:20|S:10|M:10|L:10|XL:10"
250750,"2022-09-15 08:39:53.45","#SWA237",50.00,68.00,93.00,120.90,"2023-06-10","129337005","PO",4,,,,"","ALMA","SWA237A1",30068,6002,"2023-06-10","2023-07-10","USD",93.00,100,"3XS:20|2XS:20|XS:20|S:10|M:10|L:10|XL:10"
250751,"2022-09-15 08:39:53.45","#SWA238",50.00,68.00,93.00,120.90,"2023-06-10","129337005","PO",4,,,,"","ALMA","SWA238A1",30069,8002,"2023-06-10","2023-07-10","USD",93.00,100,"3XS:20|2XS:20|XS:20|S:10|M:10|L:10|XL:10"
250752,"2022-09-15 08:39:53.45","#SWA239",50.00,68.00,93.00,120.90,"2023-06-10","129337006","PO",4,,,,"","ALMA","SWA239A0",30070,1002,"2023-06-10","2023-07-10","USD",93.00,100,"3XS:20|2XS:20|XS:20|S:10|M:10|L:10|XL:10"
250753,"2022-09-15 08:39:53.45","#SWA240",50.00,68.00,93.00,120.90,"2023-06-10","129337006","PO",4,,,,"","ALMA","SWA240A1",30071,1016,"2023-06-10","2023-07-10","USD",93.00,100,"3XS:20|2XS:20|XS:20|S:10|M:10|L:10|XL:10"
250754,"2022-09-15 08:39:53.45","#SWA241",50.00,68.00,93.00,120.90,"2023-06-10","129337006","PO",4,,,,"","ALMA","SWA241A0",30072,3002,"2023-06-10","2023-07-10","USD",93.00,100,"3XS:20|2XS:20|XS:20|S:10|M:10|L:10|XL:10"
250755,"2022-09-15 08:39:53.45","#SWA242",50.00,68.00,93.00,120.90,"2023-06-10","129337006","PO",4,,,,"","ALMA","SWA242A1",30073,4002,"2023-06-10","2023-07-10","USD",93.00,100,"3XS:20|2XS:20|XS:20|S:10|M:10|L:10|XL:10"
250756,"2022-09-15 08:39:53.45","#SWA243",50.00,68.00,93.00,120.90,"2023-06-10","129337006","PO",4,,,,"","ALMA","SWA243A1",30029,5002,"2023-06-10","2023-07-10","USD",93.00,100,"3XS:20|2XS:20|XS:20|S:10|M:10|L:10|XL:10"
250757,"2022-09-15 08:39:53.45","#SWA244",50.00,68.00,93.00,120.90,"2023-06-10","129337006","PO",4,,,,"","ALMA","SWA244A0",30013,6002,"2023-06-10","2023-07-10","USD",93.00,100,"3XS:20|2XS:20|XS:20|S:10|M:10|L:10|XL:10"
250758,"2022-09-15 08:39:53.45","#SWA245",50.00,68.00,93.00,120.90,"2023-06-10","129337006","PO",4,,,,"","ALMA","SWA245A1",30022,8002,"2023-06-10","2023-07-10","USD",93.00,100,"3XS:20|2XS:20|XS:20|S:10|M:10|L:10|XL:10"
250759,"2022-09-15 08:39:53.45","#SWA246",50.00,68.00,93.00,120.90,"2023-06-10","129337016","PO",4,,,,"","ALMA","SWA246A0",30045,1002,"2023-06-10","2023-07-10","USD",93.00,100,"3XS:20|2XS:20|XS:20|S:10|M:10|L:10|XL:10"
250760,"2022-09-15 08:39:53.45","#SWA247",50.00,68.00,93.00,120.90,"2023-06-10","129337016","PO",4,,,,"","ALMA","SWA247A1",30046,1016,"2023-06-10","2023-07-10","USD",93.00,100,"3XS:20|2XS:20|XS:20|S:10|M:10|L:10|XL:10"
250761,"2022-09-15 08:39:53.45","#SWA248",50.00,68.00,93.00,120.90,"2023-06-10","129337016","PO",4,,,,"","ALMA","SWA248A1",30047,3002,"2023-06-10","2023-07-10","USD",93.00,100,"3XS:20|2XS:20|XS:20|S:10|M:10|L:10|XL:10"
250762,"2022-09-15 08:39:53.45","#SWA249",50.00,68.00,93.00,120.90,"2023-06-10","129337016","PO",4,,,,"","ALMA","SWA249A0",30065,4002,"2023-06-10","2023-07-10","USD",93.00,100,"3XS:20|2XS:20|XS:20|S:10|M:10|L:10|XL:10"
250763,"2022-09-15 08:39:53.45","#SWA250",50.00,68.00,93.00,120.90,"2023-06-10","129337016","PO",4,,,,"","ALMA","SWA250A1",30074,5002,"2023-06-10","2023-07-10","USD",93.00,100,"3XS:20|2XS:20|XS:20|S:10|M:10|L:10|XL:10"
250764,"2022-09-15 08:39:53.45","#SWA251",50.00,68.00,93.00,120.90,"2023-06-10","129337016","PO",4,,,,"","ALMA","SWA251A0",30075,6002,"2023-06-10","2023-07-10","USD",93.00,100,"3XS:20|2XS:20|XS:20|S:10|M:10|L:10|XL:10"
250765,"2022-09-15 08:39:53.45","#SWA252",50.00,68.00,93.00,120.90,"2023-06-10","129337016","PO",4,,,,"","ALMA","SWA252A1",30025,8002,"2023-06-10","2023-07-10","USD",93.00,100,"3XS:20|2XS:20|XS:20|S:10|M:10|L:10|XL:10"
250766,"2022-09-15 08:39:53.45","#SWA253",50.00,68.00,93.00,120.90,"2023-06-10","129337017","PO",4,,,,"","ALMA","SWA253A1",30026,1002,"2023-06-10","2023-07-10","USD",93.00,100,"3XS:20|2XS:20|XS:20|S:10|M:10|L:10|XL:10"
250767,"2022-09-15 08:39:53.45","#SWA254",50.00,68.00,93.00,120.90,"2023-06-10","129337017","PO",4,,,,"","ALMA","SWA254A0",30027,1016,"2023-06-10","2023-07-10","USD",93.00,100,"3XS:20|2XS:20|XS:20|S:10|M:10|L:10|XL:10"
250768,"2022-09-15 08:39:53.45","#SWA255",50.00,68.00,93.00,120.90,"2023-06-10","129337017","PO",4,,,,"","ALMA","SWA255A1",30066,3002,"2023-06-10","2023-07-10","USD",93.00,100,"3XS:20|2XS:20|XS:20|S:10|M:10|L:10|XL:10"
250769,"2022-09-15 08:39:53.45","#SWA256",50.00,68.00,93.00,120.90,"2023-06-10","129337017","PO",4,,,,"","ALMA","SWA256A0",30067,4002,"2023-06-10","2023-07-10","USD",93.00,100,"3XS:20|2XS:20|XS:20|S:10|M:10|L:10|XL:10"
250770,"2022-09-15 08:39:53.45","#SWA257",50.00,68.00,93.00,120.90,"2023-06-10","129337017","PO",4,,,,"","ALMA","SWA257A1",30068,5002,"2023-06-10","2023-07-10","USD",93.00,100,"3XS:20|2XS:20|XS:20|S:10|M:10|L:10|XL:10"
250771,"2022-09-15 08:39:53.45","#SWA258",50.00,68.00,93.00,120.90,"2023-06-10","129337017","PO",4,,,,"","ALMA","SWA258A1",30069,6002,"2023-06-10","2023-07-10","USD",93.00,100,"3XS:20|2XS:20|XS:20|S:10|M:10|L:10|XL:10"
250772,"2022-09-15 08:39:53.45","#SWA259",50.00,68.00,93.00,120.90,"2023-06-10","129337017","PO",4,,,,"","ALMA","SWA259A0",30070,8002,"2023-06-10","2023-07-10","USD",93.00,100,"3XS:20|2XS:20|XS:20|S:10|M:10|L:10|XL:10"
250773,"2022-09-15 08:39:53.45","#SWA260",50.00,68.00,93.00,120.90,"2023-06-10","129337022","PO",4,,,,"","ALMA","SWA260A1",30071,1002,"2023-06-10","2023-07-10","USD",93.00,100,"3XS:20|2XS:20|XS:20|S:10|M:10|L:10|XL:10"
250774,"2022-09-15 08:39:53.45","#SWA261",50.00,68.00,93.00,120.90,"2023-06-10","129337022","PO",4,,,,"","ALMA","SWA261A0",30072,1016,"2023-06-10","2023-07-10","USD",93.00,100,"3XS:20|2XS:20|XS:20|S:10|M:10|L:10|XL:10"
250775,"2022-09-15 08:39:53.45","#SWA262",50.00,68.00,93.00,120.90,"2023-06-10","129337022","PO",4,,,,"","ALMA","SWA262A1",30073,3002,"2023-06-10","2023-07-10","USD",93.00,100,"3XS:20|2XS:20|XS:20|S:10|M:10|L:10|XL:10"
250776,"2022-09-15 08:39:53.45","#SWA263",50.00,68.00,93.00,120.90,"2023-06-10","129337022","PO",4,,,,"","ALMA","SWA263A1",30029,4002,"2023-06-10","2023-07-10","USD",93.00,100,"3XS:20|2XS:20|XS:20|S:10|M:10|L:10|XL:10"
250777,"2022-09-15 08:39:53.45","#SWA264",50.00,68.00,93.00,120.90,"2023-06-10","129337022","PO",4,,,,"","ALMA","SWA264A0",30013,5002,"2023-06-10","2023-07-10","USD",93.00,100,"3XS:20|2XS:20|XS:20|S:10|M:10|L:10|XL:10"
250778,"2022-09-15 08:39:53.45","#SWA265",50.00,68.00,93.00,120.90,"2023-06-10","129337022","PO",4,,,,"","ALMA","SWA265A1",30022,6002,"2023-06-10","2023-07-10","USD",93.00,100,"3XS:20|2XS:20|XS:20|S:10|M:10|L:10|XL:10"
250779,"2022-09-15 08:39:53.45","#SWA266",50.00,68.00,93.00,120.90,"2023-06-10","129337022","PO",4,,,,"","ALMA","SWA266A0",30045,8002,"2023-06-10","2023-07-10","USD",93.00,100,"3XS:20|2XS:20|XS:20|S:10|M:10|L:10|XL:10"
250780,"2022-09-15 08:39:53.45","#SWA267",50.00,68.00,93.00,120.90,"2023-06-10","129337028","PO",4,,,,"","ALMA","SWA267A1",30046,1002,"2023-06-10","2023-07-10","USD",93.00,100,"3XS:20|2XS:20|XS:20|S:10|M:10|L:10|XL:10"
250781,"2022-09-15 08:39:53.45","#SWA268",50.00,68.00,93.00,120.90,"2023-06-10","129337028","PO",4,,,,"","ALMA","SWA268A1",30047,1016,"2023-06-10","2023-07-10","USD",93.00,100,"3XS:20|2XS:20|XS:20|S:10|M:10|L:10|XL:10"
250782,"2022-09-15 08:39:53.45","#SWA269",50.00,68.00,93.00,120.90,"2023-06-10","129337028","PO",4,,,,"","ALMA","SWA269A0",30065,3002,"2023-06-10","2023-07-10","USD",93.00,100,"3XS:20|2XS:20|XS:20|S:10|M:10|L:10|XL:10"
250783,"2022-09-15 08:39:53.45","#SWA270",50.00,68.00,93.00,120.90,"2023-06-10","129337028","PO",4,,,,"","ALMA","SWA270A1",30074,4002,"2023-06-10","2023-07-10","USD",93.00,100,"3XS:20|2XS:20|XS:20|S:10|M:10|L:10|XL:10"
250784,"2022-09-15 08:39:53.45","#SWA271",50.00,68.00,93.00,120.90,"2023-06-10","129337028","PO",4,,,,"","ALMA","SWA271A0",30075,5002,"2023-06-10","2023-07-10","USD",93.00,100,"3XS:20|2XS:20|XS:20|S:10|M:10|L:10|XL:10"
250785,"2022-09-15 08:39:53.45","#SWA272",50.00,68.00,93.00,120.90,"2023-06-10","129337028","PO",4,,,,"","ALMA","SWA272A1",30025,6002,"2023-06-10","2023-07-10","USD",93.00,100,"3XS:20|2XS:20|XS:20|S:10|M:10|L:10|XL:10"
250786,"2022-09-15 08:39:53.45","#SWA273",50.00,68.00,93.00,120.90,"2023-06-10","129337028","PO",4,,,,"","ALMA","SWA273A1",30026,8002,"2023-06-10","2023-07-10","USD",93.00,100,"3XS:20|2XS:20|XS:20|S:10|M:10|L:10|XL:10"
250787,"2022-09-15 08:39:53.45","#SWA274",50.00,68.00,93.00,120.90,"2023-06-10","129337031","PO",4,,,,"","ALMA","SWA274A0",30027,1002,"2023-06-10","2023-07-10","USD",93.00,100,"3XS:20|2XS:20|XS:20|S:10|M:10|L:10|XL:10"
250788,"2022-09-15 08:39:53.45","#SWA275",50.00,68.00,93.00,120.90,"2023-06-10","129337031","PO",4,,,,"","ALMA","SWA275A1",30066,1016,"2023-06-10","2023-07-10","USD",93.00,100,"3XS:20|2XS:20|XS:20|S:10|M:10|L:10|XL:10"
250789,"2022-09-15 08:39:53.45","#SWA276",50.00,68.00,93.00,120.90,"2023-06-10","129337031","PO",4,,,,"","ALMA","SWA276A0",30067,3002,"2023-06-10","2023-07-10","USD",93.00,100,"3XS:20|2XS:20|XS:20|S:10|M:10|L:10|XL:10"
250790,"2022-09-15 08:39:53.45","#SWA277",50.00,68.00,93.00,120.90,"2023-06-10","129337031","PO",4,,,,"","ALMA","SWA277A1",30068,4002,"2023-06-10","2023-07-10","USD",93.00,100,"3XS:20|2XS:20|XS:20|S:10|M:10|L:10|XL:10"
250791,"2022-09-15 08:39:53.45","#SWA278",50.00,68.00,93.00,120.90,"2023-06-10","129337031","PO",4,,,,"","ALMA","SWA278A1",30069,5002,"2023-06-10","2023-07-10","USD",93.00,100,"3XS:20|2XS:20|XS:20|S:10|M:10|L:10|XL:10"
250792,"2022-09-15 08:39:53.45","#SWA279",50.00,68.00,93.00,120.90,"2023-06-10","129337031","PO",4,,,,"","ALMA","SWA279A0",30070,6002,"2023-06-10","2023-07-10","USD",93.00,100,"3XS:20|2XS:20|XS:20|S:10|M:10|L:10|XL:10"
250793,"2022-09-15 08:39:53.45","#SWA280",50.00,68.00,93.00,120.90,"2023-06-10","129337031","PO",4,,,,"","ALMA","SWA280A1",30071,8002,"2023-06-10","2023-07-10","USD",93.00,100,"3XS:20|2XS:20|XS:20|S:10|M:10|L:10|XL:10"
250794,"2022-09-15 08:39:53.45","#SWA281",50.00,68.00,93.00,120.90,"2023-06-10","129337038","PO",4,,,,"","ALMA","SWA281A0",30072,1002,"2023-06-10","2023-07-10","USD",93.00,100,"3XS:20|2XS:20|XS:20|S:10|M:10|L:10|XL:10"
250795,"2022-09-15 08:39:53.45","#SWA282",50.00,68.00,93.00,120.90,"2023-06-10","129337038","PO",4,,,,"","ALMA","SWA282A1",30073,1016,"2023-06-10","2023-07-10","USD",93.00,100,"3XS:20|2XS:20|XS:20|S:10|M:10|L:10|XL:10"
250796,"2022-09-15 08:39:53.45","#SWA283",50.00,68.00,93.00,120.90,"2023-06-10","129337038","PO",4,,,,"","ALMA","SWA283A1",30029,3002,"2023-06-10","2023-07-10","USD",93.00,100,"3XS:20|2XS:20|XS:20|S:10|M:10|L:10|XL:10"
250797,"2022-09-15 08:39:53.45","#SWA284",50.00,68.00,93.00,120.90,"2023-06-10","129337038","PO",4,,,,"","ALMA","SWA284A0",30013,4002,"2023-06-10","2023-07-10","USD",93.00,100,"3XS:20|2XS:20|XS:20|S:10|M:10|L:10|XL:10"
250798,"2022-09-15 08:39:53.45","#SWA285",50.00,68.00,93.00,120.90,"2023-06-10","129337038","PO",4,,,,"","ALMA","SWA285A1",30022,5002,"2023-06-10","2023-07-10","USD",93.00,100,"3XS:20|2XS:20|XS:20|S:10|M:10|L:10|XL:10"
250799,"2022-09-15 08:39:53.45","#SWA286",50.00,68.00,93.00,120.90,"2023-06-10","129337038","PO",4,,,,"","ALMA","SWA286A0",30045,6002,"2023-06-10","2023-07-10","USD",93.00,100,"3XS:20|2XS:20|XS:20|S:10|M:10|L:10|XL:10"
250800,"2022-09-15 08:39:53.45","#SWA287",50.00,68.00,93.00,120.90,"2023-06-10","129337038","PO",4,,,,"","ALMA","SWA287A1",30046,8002,"2023-06-10","2023-07-10","USD",93.00,100,"3XS:20|2XS:20|XS:20|S:10|M:10|L:10|XL:10"
250801,"2022-09-15 08:39:53.45","#SWA288",50.00,68.00,93.00,120.90,"2023-06-10","129337048","PO",4,,,,"","ALMA","SWA288A1",30047,1002,"2023-06-10","2023-07-10","USD",93.00,100,"3XS:20|2XS:20|XS:20|S:10|M:10|L:10|XL:10"
250802,"2022-09-15 08:39:53.45","#SWA289",50.00,68.00,93.00,120.90,"2023-06-10","129337048","PO",4,,,,"","ALMA","SWA289A0",30065,1016,"2023-06-10","2023-07-10","USD",93.00,100,"3XS:20|2XS:20|XS:20|S:10|M:10|L:10|XL:10"
250803,"2022-09-15 08:39:53.45","#SWA290",50.00,68.00,93.00,120.90,"2023-06-10","129337048","PO",4,,,,"","ALMA","SWA290A1",30074,3002,"2023-06-10","2023-07-10","USD",93.00,100,"3XS:20|2XS:20|XS:20|S:10|M:10|L:10|XL:10"
250804,"2022-09-15 08:39:53.45","#SWA291",50.00,68.00,93.00,120.90,"2023-06-10","129337048","PO",4,,,,"","ALMA","SWA291A0",30075,4002,"2023-06-10","2023-07-10","USD",93.00,100,"3XS:20|2XS:20|XS:20|S:10|M:10|L:10|XL:10"
250805,"2022-09-15 08:39:53.45","#SWA292",50.00,68.00,93.00,120.90,"2023-06-10","129337048","PO",4,,,,"","ALMA","SWA292A1",30025,5002,"2023-06-10","2023-07-10","USD",93.00,100,"3XS:20|2XS:20|XS:20|S:10|M:10|L:10|XL:10"
250806,"2022-09-15 08:39:53.45","#SWA293",50.00,68.00,93.00,120.90,"2023-06-10","129337048","PO",4,,,,"","ALMA","SWA293A1",30026,6002,"2023-06-10","2023-07-10","USD",93.00,100,"3XS:20|2XS:20|XS:20|S:10|M:10|L:10|XL:10"
250807,"2022-09-15 08:39:53.45","#SWA294",50.00,68.00,93.00,120.90,"2023-06-10","129337048","PO",4,,,,"","ALMA","SWA294A0",30027,8002,"2023-06-10","2023-07-10","USD",93.00,100,"3XS:20|2XS:20|XS:20|S:10|M:10|L:10|XL:10"
250808,"2022-09-15 08:39:53.45","#SWA295",50.00,68.00,93.00,120.90,"2023-06-10","129337061","PO",4,,,,"","ALMA","SWA295A1",30066,1002,"2023-06-10","2023-07-10","USD",93.00,100,"3XS:20|2XS:20|XS:20|S:10|M:10|L:10|XL:10"
250809,"2022-09-15 08:39:53.45","#SWA296",50.00,68.00,93.00,120.90,"2023-06-10","129337061","PO",4,,,,"","ALMA","SWA296A0",30067,1016,"2023-06-10","2023-07-10","USD",93.00,100,"3XS:20|2XS:20|XS:20|S:10|M:10|L:10|XL:10"
250810,"2022-09-15 08:39:53.45","#SWA297",50.00,68.00,93.00,120.90,"2023-06-10","129337061","PO",4,,,,"","ALMA","SWA297A1",30068,3002,"2023-06-10","2023-07-10","USD",93.00,100,"3XS:20|2XS:20|XS:20|S:10|M:10|L:10|XL:10"
250811,"2022-09-15 08:39:53.45","#SWA298",50.00,68.00,93.00,120.90,"2023-06-10","129337061","PO",4,,,,"","ALMA","SWA298A1",30069,4002,"2023-06-10","2023-07-10","USD",93.00,100,"3XS:20|2XS:20|XS:20|S:10|M:10|L:10|XL:10"
250812,"2022-09-15 08:39:53.45","#SWA299",50.00,68.00,93.00,120.90,"2023-06-10","129337061","PO",4,,,,"","ALMA","SWA299A0",30070,5002,"2023-06-10","2023-07-10","USD",93.00,100,"3XS:20|2XS:20|XS:20|S:10|M:10|L:10|XL:10"
250813,"2022-09-15 08:39:53.45","#SWA300",50.00,68.00,93.00,120.90,"2023-06-10","129337061","PO",4,,,,"","ALMA","SWA300A1",30071,6002,"2023-06-10","2023-07-10","USD",93.00,100,"3XS:20|2XS:20|XS:20|S:10|M:10|L:10|XL:10"
250814,"2022-09-15 08:39:53.45","#SWA301",50.00,68.00,93.00,120.90,"2023-06-10","129337061","PO",4,,,,"","ALMA","SWA301A0",30072,8002,"2023-06-10","2023-07-10","USD",93.00,100,"3XS:20|2XS:20|XS:20|S:10|M:10|L:10|XL:10"
250815,"2022-09-15 08:39:53.45","#SWA302",50.00,68.00,93.00,120.90,"2023-06-10","129337066","PO",4,,,,"","ALMA","SWA302A1",30073,1002,"2023-06-10","2023-07-10","USD",93.00,100,"3XS:20|2XS:20|XS:20|S:10|M:10|L:10|XL:10"
250816,"2022-09-15 08:39:53.45","#SWA303",50.00,68.00,93.00,120.90,"2023-06-10","129337066","PO",4,,,,"","ALMA","SWA303A1",30029,1016,"2023-06-10","2023-07-10","USD",93.00,100,"3XS:20|2XS:20|XS:20|S:10|M:10|L:10|XL:10"
250817,"2022-09-15 08:39:53.45","#SWA304",50.00,68.00,93.00,120.90,"2023-06-10","129337066","PO",4,,,,"","ALMA","SWA304A0",30013,3002,"2023-06-10","2023-07-10","USD",93.00,100,"3XS:20|2XS:20|XS:20|S:10|M:10|L:10|XL:10"
250818,"2022-09-15 08:39:53.45","#SWA305",50.00,68.00,93.00,120.90,"2023-06-10","129337066","PO",4,,,,"","ALMA","SWA305A1",30022,4002,"2023-06-10","2023-07-10","USD",93.00,100,"3XS:20|2XS:20|XS:20|S:10|M:10|L:10|XL:10"
250819,"2022-09-15 08:39:53.45","#SWA306",50.00,68.00,93.00,120.90,"2023-06-10","129337066","PO",4,,,,"","ALMA","SWA306A0",30045,5002,"2023-06-10","2023-07-10","USD",93.00,100,"3XS:20|2XS:20|XS:20|S:10|M:10|L:10|XL:10"
250820,"2022-09-15 08:39:53.45","#SWA307",50.00,68.00,93.00,120.90,"2023-06-10","129337066","PO",4,,,,"","ALMA","SWA307A1",30046,6002,"2023-06-10","2023-07-10","USD",93.00,100,"3XS:20|2XS:20|XS:20|S:10|M:10|L:10|XL:10"
250821,"2022-09-15 08:39:53.45","#SWA308",50.00,68.00,93.00,120.90,"2023-06-10","129337066","PO",4,,,,"","ALMA","SWA308A1",30047,8002,"2023-06-10","2023-07-10","USD",93.00,100,"3XS:20|2XS:20|XS:20|S:10|M:10|L:10|XL:10"
250822,"2022-09-15 08:39:53.45","#SWA309",50.00,68.00,93.00,120.90,"2023-06-10","129337070","PO",4,,,,"","ALMA","SWA309A0",30065,1002,"2023-06-10","2023-07-10","USD",93.00,100,"3XS:20|2XS:20|XS:20|S:10|M:10|L:10|XL:10"
250823,"2022-09-15 08:39:53.45","#SWA310",50.00,68.00,93.00,120.90,"2023-06-10","129337070","PO",4,,,,"","ALMA","SWA310A1",30074,1016,"2023-06-10","2023-07-10","USD",93.00,100,"3XS:20|2XS:20|XS:20|S:10|M:10|L:10|XL:10"
250824,"2022-09-15 08:39:53.45","#SWA311",50.00,68.00,93.00,120.90,"2023-06-10","129337070","PO",4,,,,"","ALMA","SWA311A0",30075,3002,"2023-06-10","2023-07-10","USD",93.00,100,"3XS:20|2XS:20|XS:20|S:10|M:10|L:10|XL:10"
250825,"2022-09-15 08:39:53.45","#SWA312",50.00,68.00,93.00,120.90,"2023-06-10","129337070","PO",4,,,,"","ALMA","SWA312A1",30025,4002,"2023-06-10","2023-07-10","USD",93.00,100,"3XS:20|2XS:20|XS:20|S:10|M:10|L:10|XL:10"
250826,"2022-09-15 08:39:53.45","#SWA313",50.00,68.00,93.00,120.90,"2023-06-10","129337070","PO",4,,,,"","ALMA","SWA313A1",30026,5002,"2023-06-10","2023-07-10","USD",93.00,100,"3XS:20|2XS:20|XS:20|S:10|M:10|L:10|XL:10"
250827,"2022-09-15 08:39:53.45","#SWA314",50.00,68.00,93.00,120.90,"2023-06-10","129337070","PO",4,,,,"","ALMA","SWA314A0",30027,6002,"2023-06-10","2023-07-10","USD",93.00,100,"3XS:20|2XS:20|XS:20|S:10|M:10|L:10|XL:10"
250828,"2022-09-15 08:39:53.45","#SWA315",50.00,68.00,93.00,120.90,"2023-06-10","129337070","PO",4,,,,"","ALMA","SWA315A1",30066,8002,"2023-06-10","2023-07-10","USD",93.00,100,"3XS:20|2XS:20|XS:20|S:10|M:10|L:10|XL:10"
250829,"2022-09-15 08:39:53.45","#SWA316",50.00,68.00,93.00,120.90,"2023-06-10","129337071","PO",4,,,,"","ALMA","SWA316A0",30067,1002,"2023-06-10","2023-07-10","USD",93.00,100,"3XS:20|2XS:20|XS:20|S:10|M:10|L:10|XL:10"
250830,"2022-09-15 08:39:53.45","#SWA317",50.00,68.00,93.00,120.90,"2023-06-10","129337071","PO",4,,,,"","ALMA","SWA317A1",30068,1016,"2023-06-10","2023-07-10","USD",93.00,100,"3XS:20|2XS:20|XS:20|S:10|M:10|L:10|XL:10"
250831,"2022-09-15 08:39:53.45","#SWA318",50.00,68.00,93.00,120.90,"2023-06-10","129337071","PO",4,,,,"","ALMA","SWA318A1",30069,3002,"2023-06-10","2023-07-10","USD",93.00,100,"3XS:20|2XS:20|XS:20|S:10|M:10|L:10|XL:10"
250832,"2022-09-15 08:39:53.45","#SWA319",50.00,68.00,93.00,120.90,"2023-06-10","129337071","PO",4,,,,"","ALMA","SWA319A0",30070,4002,"2023-06-10","2023-07-10","USD",93.00,100,"3XS:20|2XS:20|XS:20|S:10|M:10|L:10|XL:10"
250833,"2022-09-15 08:39:53.45","#SWA320",50.00,68.00,93.00,120.90,"2023-06-10","129337071","PO",4,,,,"","ALMA","SWA320A1",30071,5002,"2023-06-10","2023-07-10","USD",93.00,100,"3XS:20|2XS:20|XS:20|S:10|M:10|L:10|XL:10"
250834,"2022-09-15 08:39:53.45","#SWA321",50.00,68.00,93.00,120.90,"2023-06-10","129337071","PO",4,,,,"","ALMA","SWA321A0",30072,6002,"2023-06-10","2023-07-10","USD",93.00,100,"3XS:20|2XS:20|XS:20|S:10|M:10|L:10|XL:10"
250835,"2022-09-15 08:39:53.45","#SWA322",50.00,68.00,93.00,120.90,"2023-06-10","129337071","PO",4,,,,"","ALMA","SWA322A1",30073,8002,"2023-06-10","2023-07-10","USD",93.00,100,"3XS:20|2XS:20|XS:20|S:10|M:10|L:10|XL:10"
250836,"2022-09-15 08:39:53.45","#SWA323",50.00,68.00,93.00,120.90,"2023-06-10","129337079","PO",4,,,,"","ALMA","SWA323A1",30029,1002,"2023-06-10","2023-07-10","USD",93.00,100,"3XS:20|2XS:20|XS:20|S:10|M:10|L:10|XL:10"
250837,"2022-09-15 08:39:53.45","#SWA324",50.00,68.00,93.00,120.90,"2023-06-10","129337079","PO",4,,,,"","ALMA","SWA324A0",30013,1016,"2023-06-10","2023-07-10","USD",93.00,100,"3XS:20|2XS:20|XS:20|S:10|M:10|L:10|XL:10"
250838,"2022-09-15 08:39:53.45","#SWA325",50.00,68.00,93.00,120.90,"2023-06-10","129337079","PO",4,,,,"","ALMA","SWA325A1",30022,3002,"2023-06-10","2023-07-10","USD",93.00,100,"3XS:20|2XS:20|XS:20|S:10|M:10|L:10|XL:10"
250839,"2022-09-15 08:39:53.45","#SWA326",50.00,68.00,93.00,120.90,"2023-06-10","129337079","PO",4,,,,"","ALMA","SWA326A0",30045,4002,"2023-06-10","2023-07-10","USD",93.00,100,"3XS:20|2XS:20|XS:20|S:10|M:10|L:10|XL:10"
250840,"2022-09-15 08:39:53.45","#SWA327",50.00,68.00,93.00,120.90,"2023-06-10","129337079","PO",4,,,,"","ALMA","SWA327A1",30046,5002,"2023-06-10","2023-07-10","USD",93.00,100,"3XS:20|2XS:20|XS:20|S:10|M:10|L:10|XL:10"
250841,"2022-09-15 08:39:53.45","#SWA328",50.00,68.00,93.00,120.90,"2023-06-10","129337079","PO",4,,,,"","ALMA","SWA328A1",30047,6002,"2023-06-10","2023-07-10","USD",93.00,100,"3XS:20|2XS:20|XS:20|S:10|M:10|L:10|XL:10"
250842,"2022-09-15 08:39:53.45","#SWA329",50.00,68.00,93.00,120.90,"2023-06-10","129337079","PO",4,,,,"","ALMA","SWA329A0",30065,8002,"2023-06-10","2023-07-10","USD",93.00,100,"3XS:20|2XS:20|XS:20|S:10|M:10|L:10|XL:10"
250843,"2022-09-15 08:39:53.45","#SWA330",50.00,68.00,93.00,120.90,"2023-06-10","129337080","PO",4,,,,"","ALMA","SWA330A1",30074,1002,"2023-06-10","2023-07-10","USD",93.00,100,"3XS:20|2XS:20|XS:20|S:10|M:10|L:10|XL:10"
250844,"2022-09-15 08:39:53.45","#SWA331",50.00,68.00,93.00,120.90,"2023-06-10","129337080","PO",4,,,,"","ALMA","SWA331A0",30075,1016,"2023-06-10","2023-07-10","USD",93.00,100,"3XS:20|2XS:20|XS:20|S:10|M:10|L:10|XL:10"
250845,"2022-09-15 08:39:53.45","#SWA332",50.00,68.00,93.00,120.90,"2023-06-10","129337080","PO",4,,,,"","ALMA","SWA332A1",30025,3002,"2023-06-10","2023-07-10","USD",93.00,100,"3XS:20|2XS:20|XS:20|S:10|M:10|L:10|XL:10"
250846,"2022-09-15 08:39:53.45","#SWA333",50.00,68.00,93.00,120.90,"2023-06-10","129337080","PO",4,,,,"","ALMA","SWA333A1",30026,4002,"2023-06-10","2023-07-10","USD",93.00,100,"3XS:20|2XS:20|XS:20|S:10|M:10|L:10|XL:10"
250847,"2022-09-15 08:39:53.45","#SWA334",50.00,68.00,93.00,120.90,"2023-06-10","129337080","PO",4,,,,"","ALMA","SWA334A0",30027,5002,"2023-06-10","2023-07-10","USD",93.00,100,"3XS:20|2XS:20|XS:20|S:10|M:10|L:10|XL:10"
250848,"2022-09-15 08:39:53.45","#SWA335",50.00,68.00,93.00,120.90,"2023-06-10","129337080","PO",4,,,,"","ALMA","SWA335A1",30066,6002,"2023-06-10","2023-07-10","USD",93.00,100,"3XS:20|2XS:20|XS:20|S:10|M:10|L:10|XL:10"
250849,"2022-09-15 08:39:53.45","#SWA336",50.00,68.00,93.00,120.90,"2023-06-10","129337080","PO",4,,,,"","ALMA","SWA336A0",30067,8002,"2023-06-10","2023-07-10","USD",93.00,100,"3XS:20|2XS:20|XS:20|S:10|M:10|L:10|XL:10"
250850,"2022-09-15 08:39:53.45","#SWA337",50.00,68.00,93.00,120.90,"2023-06-10","129337082","PO",4,,,,"","ALMA","SWA337A1",30068,1002,"2023-06-10","2023-07-10","USD",93.00,100,"3XS:20|2XS:20|XS:20|S:10|M:10|L:10|XL:10"
250851,"2022-09-15 08:39:53.45","#SWA338",50.00,68.00,93.00,120.90,"2023-06-10","129337082","PO",4,,,,"","ALMA","SWA338A1",30069,1016,"2023-06-10","2023-07-10","USD",93.00,100,"3XS:20|2XS:20|XS:20|S:10|M:10|L:10|XL:10"
250852,"2022-09-15 08:39:53.45","#SWA339",50.00,68.00,93.00,120.90,"2023-06-10","129337082","PO",4,,,,"","ALMA","SWA339A0",30070,3002,"2023-06-10","2023-07-10","USD",93.00,100,"3XS:20|2XS:20|XS:20|S:10|M:10|L:10|XL:10"
250853,"2022-09-15 08:39:53.45","#SWA340",50.00,68.00,93.00,120.90,"2023-06-10","129337082","PO",4,,,,"","ALMA","SWA340A1",30071,4002,"2023-06-10","2023-07-10","USD",93.00,100,"3XS:20|2XS:20|XS:20|S:10|M:10|L:10|XL:10"
250854,"2022-09-15 08:39:53.45","#SWA341",50.00,68.00,93.00,120.90,"2023-06-10","129337082","PO",4,,,,"","ALMA","SWA341A0",30072,5002,"2023-06-10","2023-07-10","USD",93.00,100,"3XS:20|2XS:20|XS:20|S:10|M:10|L:10|XL:10"
250855,"2022-09-15 08:39:53.45","#SWA342",50.00,68.00,93.00,120.90,"2023-06-10","129337082","PO",4,,,,"","ALMA","SWA342A1",30073,6002,"2023-06-10","2023-07-10","USD",93.00,100,"3XS:20|2XS:20|XS:20|S:10|M:10|L:10|XL:10"
250856,"2022-09-15 08:39:53.45","#SWA343",50.00,68.00,93.00,120.90,"2023-06-10","129337082","PO",4,,,,"","ALMA","SWA343A1",30029,8002,"2023-06-10","2023-07-10","USD",93.00,100,"3XS:20|2XS:20|XS:20|S:10|M:10|L:10|XL:10"
250857,"2022-09-15 08:39:53.45","#SWA344",50.00,68.00,93.00,120.90,"2023-06-10","129337085","PO",4,,,,"","ALMA","SWA344A0",30013,1002,"2023-06-10","2023-07-10","USD",93.00,100,"3XS:20|2XS:20|XS:20|S:10|M:10|L:10|XL:10"
250858,"2022-09-15 08:39:53.45","#SWA345",50.00,68.00,93.00,120.90,"2023-06-10","129337085","PO",4,,,,"","ALMA","SWA345A1",30022,1016,"2023-06-10","2023-07-10","USD",93.00,100,"3XS:20|2XS:20|XS:20|S:10|M:10|L:10|XL:10"
250859,"2022-09-15 08:39:53.45","#SWA346",50.00,68.00,93.00,120.90,"2023-06-10","129337085","PO",4,,,,"","ALMA","SWA346A0",30045,3002,"2023-06-10","2023-07-10","USD",93.00,100,"3XS:20|2XS:20|XS:20|S:10|M:10|L:10|XL:10"
250860,"2022-09-15 08:39:53.45","#SWA347",50.00,68.00,93.00,120.90,"2023-06-10","129337085","PO",4,,,,"","ALMA","SWA347A1",30046,4002,"2023-06-10","2023-07-10","USD",93.00,100,"3XS:20|2XS:20|XS:20|S:10|M:10|L:10|XL:10"
250861,"2022-09-15 08:39:53.45","#SWA348",50.00,68.00,93.00,120.90,"2023-06-10","129337085","PO",4,,,,"","ALMA","SWA348A1",30047,5002,"2023-06-10","2023-07-10","USD",93.00,100,"3XS:20|2XS:20|XS:20|S:10|M:10|L:10|XL:10"
250862,"2022-09-15 08:39:53.45","#SWA349",50.00,68.00,93.00,120.90,"2023-06-10","129337085","PO",4,,,,"","ALMA","SWA349A0",30065,6002,"2023-06-10","2023-07-10","USD",93.00,100,"3XS:20|2XS:20|XS:20|S:10|M:10|L:10|XL:10"
250863,"2022-09-15 08:39:53.45","#SWA350",50.00,68.00,93.00,120.90,"2023-06-10","129337085","PO",4,,,,"","ALMA","SWA350A1",30074,8002,"2023-06-10","2023-07-10","USD",93.00,100,"3XS:20|2XS:20|XS:20|S:10|M:10|L:10|XL:10"
250864,"2022-09-15 08:39:53.45","#SWA351",50.00,68.00,93.00,120.90,"2023-06-10","129337100","PO",4,,,,"","ALMA","SWA351A0",30075,1002,"2023-06-10","2023-07-10","USD",93.00,100,"3XS:20|2XS:20|XS:20|S:10|M:10|L:10|XL:10"
250865,"2022-09-15 08:39:53.45","#SWA352",50.00,68.00,93.00,120.90,"2023-06-10","129337100","PO",4,,,,"","ALMA","SWA352A1",30025,1016,"2023-06-10","2023-07-10","USD",93.00,100,"3XS:20|2XS:20|XS:20|S:10|M:10|L:10|XL:10"
250866,"2022-09-15 08:39:53.45","#SWA353",50.00,68.00,93.00,120.90,"2023-06-10","129337100","PO",4,,,,"","ALMA","SWA353A1",30026,3002,"2023-06-10","2023-07-10","USD",93.00,100,"3XS:20|2XS:20|XS:20|S:10|M:10|L:10|XL:10"
250867,"2022-09-15 08:39:53.45","#SWA354",50.00,68.00,93.00,120.90,"2023-06-10","129337100","PO",4,,,,"","ALMA","SWA354A0",30027,4002,"2023-06-10","2023-07-10","USD",93.00,100,"3XS:20|2XS:20|XS:20|S:10|M:10|L:10|XL:10"
250868,"2022-09-15 08:39:53.45","#SWA355",50.00,68.00,93.00,120.90,"2023-06-10","129337100","PO",4,,,,"","ALMA","SWA355A1",30066,5002,"2023-06-10","2023-07-10","USD",93.00,100,"3XS:20|2XS:20|XS:20|S:10|M:10|L:10|XL:10"
250869,"2022-09-15 08:39:53.45","#SWA356",50.00,68.00,93.00,120.90,"2023-06-10","129337100","PO",4,,,,"","ALMA","SWA356A0",30067,6002,"2023-06-10","2023-07-10","USD",93.00,100,"3XS:20|2XS:20|XS:20|S:10|M:10|L:10|XL:10"
250870,"2022-09-15 08:39:53.45","#SWA357",50.00,68.00,93.00,120.90,"2023-06-10","129337100","PO",4,,,,"","ALMA","SWA357A1",30068,8002,"2023-06-10","2023-07-10","USD",93.00,100,"3XS:20|2XS:20|XS:20|S:10|M:10|L:10|XL:10"
250871,"2022-09-15 08:39:53.45","#SWA358",50.00,68.00,93.00,120.90,"2023-06-10","129337102","PO",4,,,,"","ALMA","SWA358A1",30069,1002,"2023-06-10","2023-07-10","USD",93.00,100,"3XS:20|2XS:20|XS:20|S:10|M:10|L:10|XL:10"
250872,"2022-09-15 08:39:53.45","#SWA359",50.00,68.00,93.00,120.90,"2023-06-10","129337102","PO",4,,,,"","ALMA","SWA359A0",30070,1016,"2023-06-10","2023-07-10","USD",93.00,100,"3XS:20|2XS:20|XS:20|S:10|M:10|L:10|XL:10"
250873,"2022-09-15 08:39:53.45","#SWA360",50.00,68.00,93.00,120.90,"2023-06-10","129337102","PO",4,,,,"","ALMA","SWA360A1",30071,3002,"2023-06-10","2023-07-10","USD",93.00,100,"3XS:20|2XS:20|XS:20|S:10|M:10|L:10|XL:10"
250874,"2022-09-15 08:39:53.45","#SWA361",50.00,68.00,93.00,120.90,"2023-06-10","129337102","PO",4,,,,"","ALMA","SWA361A0",30072,4002,"2023-06-10","2023-07-10","USD",93.00,100,"3XS:20|2XS:20|XS:20|S:10|M:10|L:10|XL:10"
250875,"2022-09-15 08:39:53.45","#SWA362",50.00,68.00,93.00,120.90,"2023-06-10","129337102","PO",4,,,,"","ALMA","SWA362A1",30073,5002,"2023-06-10","2023-07-10","USD",93.00,100,"3XS:20|2XS:20|XS:20|S:10|M:10|L:10|XL:10"
250876,"2022-09-15 08:39:53.45","#SWA363",50.00,68.00,93.00,120.90,"2023-06-10","129337102","PO",4,,,,"","ALMA","SWA363A1",30029,6002,"2023-06-10","2023-07-10","USD",93.00,100,"3XS:20|2XS:20|XS:20|S:10|M:10|L:10|XL:10"
250877,"2022-09-15 08:39:53.45","#SWA364",50.00,68.00,93.00,120.90,"2023-06-10","129337102","PO",4,,,,"","ALMA","SWA364A0",30013,8002,"2023-06-10","2023-07-10","USD",93.00,100,"3XS:20|2XS:20|XS:20|S:10|M:10|L:10|XL:10"
250878,"2022-09-15 08:39:53.45","#SWA365",50.00,68.00,93.00,120.90,"2023-06-10","129337104","PO",4,,,,"","ALMA","SWA365A1",30022,1002,"2023-06-10","2023-07-10","USD",93.00,100,"3XS:20|2XS:20|XS:20|S:10|M:10|L:10|XL:10"
250879,"2022-09-15 08:39:53.45","#SWA366",50.00,68.00,93.00,120.90,"2023-06-10","129337104","PO",4,,,,"","ALMA","SWA366A0",30045,1016,"2023-06-10","2023-07-10","USD",93.00,100,"3XS:20|2XS:20|XS:20|S:10|M:10|L:10|XL:10"
250880,"2022-09-15 08:39:53.45","#SWA367",50.00,68.00,93.00,120.90,"2023-06-10","129337104","PO",4,,,,"","ALMA","SWA367A1",30046,3002,"2023-06-10","2023-07-10","USD",93.00,100,"3XS:20|2XS:20|XS:20|S:10|M:10|L:10|XL:10"
250881,"2022-09-15 08:39:53.45","#SWA368",50.00,68.00,93.00,120.90,"2023-06-10","129337104","PO",4,,,,"","ALMA","SWA368A1",30047,4002,"2023-06-10","2023-07-10","USD",93.00,100,"3XS:20|2XS:20|XS:20|S:10|M:10|L:10|XL:10"
250882,"2022-09-15 08:39:53.45","#SWA369",50.00,68.00,93.00,120.90,"2023-06-10","129337104","PO",4,,,,"","ALMA","SWA369A0",30065,5002,"2023-06-10","2023-07-10","USD",93.00,100,"3XS:20|2XS:20|XS:20|S:10|M:10|L:10|XL:10"
250883,"2022-09-15 08:39:53.45","#SWA370",50.00,68.00,93.00,120.90,"2023-06-10","129337104","PO",4,,,,"","ALMA","SWA370A1",30074,6002,"2023-06-10","2023-07-10","USD",93.00,100,"3XS:20|2XS:20|XS:20|S:10|M:10|L:10|XL:10"
250884,"2022-09-15 08:39:53.45","#SWA371",50.00,68.00,93.00,120.90,"2023-06-10","129337104","PO",4,,,,"","ALMA","SWA371A0",30075,8002,"2023-06-10","2023-07-10","USD",93.00,100,"3XS:20|2XS:20|XS:20|S:10|M:10|L:10|XL:10"
250885,"2022-09-15 08:39:53.45","#SWA372",50.00,68.00,93.00,120.90,"2023-06-10","129337107","PO",4,,,,"","ALMA","SWA372A1",30025,1002,"2023-06-10","2023-07-10","USD",93.00,100,"3XS:20|2XS:20|XS:20|S:10|M:10|L:10|XL:10"
250886,"2022-09-15 08:39:53.45","#SWA373",50.00,68.00,93.00,120.90,"2023-06-10","129337107","PO",4,,,,"","ALMA","SWA373A1",30026,1016,"2023-06-10","2023-07-10","USD",93.00,100,"3XS:20|2XS:20|XS:20|S:10|M:10|L:10|XL:10"
250887,"2022-09-15 08:39:53.45","#SWA374",50.00,68.00,93.00,120.90,"2023-06-10","129337107","PO",4,,,,"","ALMA","SWA374A0",30027,3002,"2023-06-10","2023-07-10","USD",93.00,100,"3XS:20|2XS:20|XS:20|S:10|M:10|L:10|XL:10"
250888,"2022-09-15 08:39:53.45","#SWA375",50.00,68.00,93.00,120.90,"2023-06-10","129337107","PO",4,,,,"","ALMA","SWA375A1",30066,4002,"2023-06-10","2023-07-10","USD",93.00,100,"3XS:20|2XS:20|XS:20|S:10|M:10|L:10|XL:10"
250889,"2022-09-15 08:39:53.45","#SWA376",50.00,68.00,93.00,120.90,"2023-06-10","129337107","PO",4,,,,"","ALMA","SWA376A0",30067,5002,"2023-06-10","2023-07-10","USD",93.00,100,"3XS:20|2XS:20|XS:20|S:10|M:10|L:10|XL:10"
250890,"2022-09-15 08:39:53.45","#SWA377",50.00,68.00,93.00,120.90,"2023-06-10","129337107","PO",4,,,,"","ALMA","SWA377A1",30068,6002,"2023-06-10","2023-07-10","USD",93.00,100,"3XS:20|2XS:20|XS:20|S:10|M:10|L:10|XL:10"
250891,"2022-09-15 08:39:53.45","#SWA378",50.00,68.00,93.00,120.90,"2023-06-10","129337107","PO",4,,,,"","ALMA","SWA378A1",30069,8002,"2023-06-10","2023-07-10","USD",93.00,100,"3XS:20|2XS:20|XS:20|S:10|M:10|L:10|XL:10"
250892,"2022-09-15 08:39:53.45","#SWA379",50.00,68.00,93.00,120.90,"2023-06-10","129337111","PO",4,,,,"","ALMA","SWA379A0",30070,1002,"2023-06-10","2023-07-10","USD",93.00,100,"3XS:20|2XS:20|XS:20|S:10|M:10|L:10|XL:10"
250893,"2022-09-15 08:39:53.45","#SWA380",50.00,68.00,93.00,120.90,"2023-06-10","129337111","PO",4,,,,"","ALMA","SWA380A1",30071,1016,"2023-06-10","2023-07-10","USD",93.00,100,"3XS:20|2XS:20|XS:20|S:10|M:10|L:10|XL:10"
250894,"2022-09-15 08:39:53.45","#SWA381",50.00,68.00,93.00,120.90,"2023-06-10","129337111","PO",4,,,,"","ALMA","SWA381A0",30072,3002,"2023-06-10","2023-07-10","USD",93.00,100,"3XS:20|2XS:20|XS:20|S:10|M:10|L:10|XL:10"
250895,"2022-09-15 08:39:53.45","#SWA382",50.00,68.00,93.00,120.90,"2023-06-10","129337111","PO",4,,,,"","ALMA","SWA382A1",30073,4002,"2023-06-10","2023-07-10","USD",93.00,100,"3XS:20|2XS:20|XS:20|S:10|M:10|L:10|XL:10"
250896,"2022-09-15 08:39:53.45","#SWA383",50.00,68.00,93.00,120.90,"2023-06-10","129337111","PO",4,,,,"","ALMA","SWA383A1",30029,5002,"2023-06-10","2023-07-10","USD",93.00,100,"3XS:20|2XS:20|XS:20|S:10|M:10|L:10|XL:10"
250897,"2022-09-15 08:39:53.45","#SWA384",50.00,68.00,93.00,120.90,"2023-06-10","129337111","PO",4,,,,"","ALMA","SWA384A0",30013,6002,"2023-06-10","2023-07-10","USD",93.00,100,"3XS:20|2XS:20|XS:20|S:10|M:10|L:10|XL:10"
250898,"2022-09-15 08:39:53.45","#SWA385",50.00,68.00,93.00,120.90,"2023-06-10","129337111","PO",4,,,,"","ALMA","SWA385A1",30022,8002,"2023-06-10","2023-07-10","USD",93.00,100,"3XS:20|2XS:20|XS:20|S:10|M:10|L:10|XL:10"
250899,"2022-09-15 08:39:53.45","#SWA386",50.00,68.00,93.00,120.90,"2023-06-10","129337112","PO",4,,,,"","ALMA","SWA386A0",30045,1002,"2023-06-10","2023-07-10","USD",93.00,100,"3XS:20|2XS:20|XS:20|S:10|M:10|L:10|XL:10"
250900,"2022-09-15 08:39:53.45","#SWA387",50.00,68.00,93.00,120.90,"2023-06-10","129337112","PO",4,,,,"","ALMA","SWA387A1",30046,1016,"2023-06-10","2023-07-10","USD",93.00,100,"3XS:20|2XS:20|XS:20|S:10|M:10|L:10|XL:10"
250901,"2022-09-15 08:39:53.45","#SWA388",50.00,68.00,93.00,120.90,"2023-06-10","129337112","PO",4,,,,"","ALMA","SWA388A1",30047,3002,"2023-06-10","2023-07-10","USD",93.00,100,"3XS:20|2XS:20|XS:20|S:10|M:10|L:10|XL:10"
250902,"2022-09-15 08:39:53.45","#SWA389",50.00,68.00,93.00,120.90,"2023-06-10","129337112","PO",4,,,,"","ALMA","SWA389A0",30065,4002,"2023-06-10","2023-07-10","USD",93.00,100,"3XS:20|2XS:20|XS:20|S:10|M:10|L:10|XL:10"
250903,"2022-09-15 08:39:53.45","#SWA390",50.00,68.00,93.00,120.90,"2023-06-10","129337112","PO",4,,,,"","ALMA","SWA390A1",30074,5002,"2023-06-10","2023-07-10","USD",93.00,100,"3XS:20|2XS:20|XS:20|S:10|M:10|L:10|XL:10"
250904,"2022-09-15 08:39:53.45","#SWA391",50.00,68.00,93.00,120.90,"2023-06-10","129337112","PO",4,,,,"","ALMA","SWA391A0",30075,6002,"2023-06-10","2023-07-10","USD",93.00,100,"3XS:20|2XS:20|XS:20|S:10|M:10|L:10|XL:10"
250905,"2022-09-15 08:39:53.45","#SWA392",50.00,68.00,93.00,120.90,"2023-06-10","129337112","PO",4,,,,"","ALMA","SWA392A1",30025,8002,"2023-06-10","2023-07-10","USD",93.00,100,"3XS:20|2XS:20|XS:20|S:10|M:10|L:10|XL:10"
250906,"2022-09-15 08:39:53.45","#SWA393",50.00,68.00,93.00,120.90,"2023-06-10","129337115","PO",4,,,,"","ALMA","SWA393A1",30026,1002,"2023-06-10","2023-07-10","USD",93.00,100,"3XS:20|2XS:20|XS:20|S:10|M:10|L:10|XL:10"
250907,"2022-09-15 08:39:53.45","#SWA394",50.00,68.00,93.00,120.90,"2023-06-10","129337115","PO",4,,,,"","ALMA","SWA394A0",30027,1016,"2023-06-10","2023-07-10","USD",93.00,100,"3XS:20|2XS:20|XS:20|S:10|M:10|L:10|XL:10"
250908,"2022-09-15 08:39:53.45","#SWA395",50.00,68.00,93.00,120.90,"2023-06-10","129337115","PO",4,,,,"","ALMA","SWA395A1",30066,3002,"2023-06-10","2023-07-10","USD",93.00,100,"3XS:20|2XS:20|XS:20|S:10|M:10|L:10|XL:10"
250909,"2022-09-15 08:39:53.45","#SWA396",50.00,68.00,93.00,120.90,"2023-06-10","129337115","PO",4,,,,"","ALMA","SWA396A0",30067,4002,"2023-06-10","2023-07-10","USD",93.00,100,"3XS:20|2XS:20|XS:20|S:10|M:10|L:10|XL:10"
250910,"2022-09-15 08:39:53.45","#SWA397",50.00,68.00,93.00,120.90,"2023-06-10","129337115","PO",4,,,,"","ALMA","SWA397A1",30068,5002,"2023-06-10","2023-07-10","USD",93.00,100,"3XS:20|2XS:20|XS:20|S:10|M:10|L:10|XL:10"
250911,"2022-09-15 08:39:53.45","#SWA398",50.00,68.00,93.00,120.90,"2023-06-10","129337115","PO",4,,,,"","ALMA","SWA398A1",30069,6002,"2023-06-10","2023-07-10","USD",93.00,100,"3XS:20|2XS:20|XS:20|S:10|M:10|L:10|XL:10"
250912,"2022-09-15 08:39:53.45","#SWA399",50.00,68.00,93.00,120.90,"2023-06-10","129337115","PO",4,,,,"","ALMA","SWA399A0",30070,8002,"2023-06-10","2023-07-10","USD",93.00,100,"3XS:20|2XS:20|XS:20|S:10|M:10|L:10|XL:10"
250913,"2022-09-15 08:39:53.45","#SWA400",50.00,68.00,93.00,120.90,"2023-06-10","129337116","PO",4,,,,"","ALMA","SWA400A1",30071,1002,"2023-06-10","2023-07-10","USD",93.00,100,"3XS:20|2XS:20|XS:20|S:10|M:10|L:10|XL:10"
250914,"2022-09-15 08:39:53.45","#SWA401",50.00,68.00,93.00,120.90,"2023-06-10","129337116","PO",4,,,,"","ALMA","SWA401A0",30072,1016,"2023-06-10","2023-07-10","USD",93.00,100,"3XS:20|2XS:20|XS:20|S:10|M:10|L:10|XL:10"
250915,"2022-09-15 08:39:53.45","#SWA402",50.00,68.00,93.00,120.90,"2023-06-10","129337116","PO",4,,,,"","ALMA","SWA402A1",30073,3002,"2023-06-10","2023-07-10","USD",93.00,100,"3XS:20|2XS:20|XS:20|S:10|M:10|L:10|XL:10"
250916,"2022-09-15 08:39:53.45","#SWA403",50.00,68.00,93.00,120.90,"2023-06-10","129337116","PO",4,,,,"","ALMA","SWA403A1",30029,4002,"2023-06-10","2023-07-10","USD",93.00,100,"3XS:20|2XS:20|XS:20|S:10|M:10|L:10|XL:10"
250917,"2022-09-15 08:39:53.45","#SWA404",50.00,68.00,93.00,120.90,"2023-06-10","129337116","PO",4,,,,"","ALMA","SWA404A0",30013,5002,"2023-06-10","2023-07-10","USD",93.00,100,"3XS:20|2XS:20|XS:20|S:10|M:10|L:10|XL:10"
250918,"2022-09-15 08:39:53.45","#SWA405",50.00,68.00,93.00,120.90,"2023-06-10","129337116","PO",4,,,,"","ALMA","SWA405A1",30022,6002,"2023-06-10","2023-07-10","USD",93.00,100,"3XS:20|2XS:20|XS:20|S:10|M:10|L:10|XL:10"
250919,"2022-09-15 08:39:53.45","#SWA406",50.00,68.00,93.00,120.90,"2023-06-10","129337116","PO",4,,,,"","ALMA","SWA406A0",30045,8002,"2023-06-10","2023-07-10","USD",93.00,100,"3XS:20|2XS:20|XS:20|S:10|M:10|L:10|XL:10"
250920,"2022-09-15 08:39:53.45","#SWA407",50.00,68.00,93.00,120.90,"2023-06-10","129337117","PO",4,,,,"","ALMA","SWA407A1",30046,1002,"2023-06-10","2023-07-10","USD",93.00,100,"3XS:20|2XS:20|XS:20|S:10|M:10|L:10|XL:10"
250921,"2022-09-15 08:39:53.45","#SWA408",50.00,68.00,93.00,120.90,"2023-06-10","129337117","PO",4,,,,"","ALMA","SWA408A1",30047,1016,"2023-06-10","2023-07-10","USD",93.00,100,"3XS:20|2XS:20|XS:20|S:10|M:10|L:10|XL:10"
250922,"2022-09-15 08:39:53.45","#SWA409",50.00,68.00,93.00,120.90,"2023-06-10","129337117","PO",4,,,,"","ALMA","SWA409A0",30065,3002,"2023-06-10","2023-07-10","USD",93.00,100,"3XS:20|2XS:20|XS:20|S:10|M:10|L:10|XL:10"
250923,"2022-09-15 08:39:53.45","#SWA410",50.00,68.00,93.00,120.90,"2023-06-10","129337117","PO",4,,,,"","ALMA","SWA410A1",30074,4002,"2023-06-10","2023-07-10","USD",93.00,100,"3XS:20|2XS:20|XS:20|S:10|M:10|L:10|XL:10"
250924,"2022-09-15 08:39:53.45","#SWA411",50.00,68.00,93.00,120.90,"2023-06-10","129337117","PO",4,,,,"","ALMA","SWA411A0",30075,5002,"2023-06-10","2023-07-10","USD",93.00,100,"3XS:20|2XS:20|XS:20|S:10|M:10|L:10|XL:10"
250925,"2022-09-15 08:39:53.45","#SWA412",50.00,68.00,93.00,120.90,"2023-06-10","129337117","PO",4,,,,"","ALMA","SWA412A1",30025,6002,"2023-06-10","2023-07-10","USD",93.00,100,"3XS:20|2XS:20|XS:20|S:10|M:10|L:10|XL:10"
250926,"2022-09-15 08:39:53.45","#SWA413",50.00,68.00,93.00,120.90,"2023-06-10","129337117","PO",4,,,,"","ALMA","SWA413A1",30026,8002,"2023-06-10","2023-07-10","USD",93.00,100,"3XS:20|2XS:20|XS:20|S:10|M:10|L:10|XL:10"
250927,"2022-09-15 08:39:53.45","#SWA414",50.00,68.00,93.00,120.90,"2023-06-10","129337124","PO",4,,,,"","ALMA","SWA414A0",30027,1002,"2023-06-10","2023-07-10","USD",93.00,100,"3XS:20|2XS:20|XS:20|S:10|M:10|L:10|XL:10"
250928,"2022-09-15 08:39:53.45","#SWA415",50.00,68.00,93.00,120.90,"2023-06-10","129337124","PO",4,,,,"","ALMA","SWA415A1",30066,1016,"2023-06-10","2023-07-10","USD",93.00,100,"3XS:20|2XS:20|XS:20|S:10|M:10|L:10|XL:10"
250929,"2022-09-15 08:39:53.45","#SWA416",50.00,68.00,93.00,120.90,"2023-06-10","129337124","PO",4,,,,"","ALMA","SWA416A0",30067,3002,"2023-06-10","2023-07-10","USD",93.00,100,"3XS:20|2XS:20|XS:20|S:10|M:10|L:10|XL:10"
250930,"2022-09-15 08:39:53.45","#SWA417",50.00,68.00,93.00,120.90,"2023-06-10","129337124","PO",4,,,,"","ALMA","SWA417A1",30068,4002,"2023-06-10","2023-07-10","USD",93.00,100,"3XS:20|2XS:20|XS:20|S:10|M:10|L:10|XL:10"
250931,"2022-09-15 08:39:53.45","#SWA418",50.00,68.00,93.00,120.90,"2023-06-10","129337124","PO",4,,,,"","ALMA","SWA418A1",30069,5002,"2023-06-10","2023-07-10","USD",93.00,100,"3XS:20|2XS:20|XS:20|S:10|M:10|L:10|XL:10"
250932,"2022-09-15 08:39:53.45","#SWA419",50.00,68.00,93.00,120.90,"2023-06-10","129337124","PO",4,,,,"","ALMA","SWA419A0",30070,6002,"2023-06-10","2023-07-10","USD",93.00,100,"3XS:20|2XS:20|XS:20|S:10|M:10|L:10|XL:10"
250933,"2022-09-15 08:39:53.45","#SWA420",50.00,68.00,93.00,120.90,"2023-06-10","129337124","PO",4,,,,"","ALMA","SWA420A1",30071,8002,"2023-06-10","2023-07-10","USD",93.00,100,"3XS:20|2XS:20|XS:20|S:10|M:10|L:10|XL:10"
250934,"2022-09-15 08:39:53.45","#SWA421",50.00,68.00,93.00,120.90,"2023-06-10","129337132","PO",4,,,,"","ALMA","SWA421A0",30072,1002,"2023-06-10","2023-07-10","USD",93.00,100,"3XS:20|2XS:20|XS:20|S:10|M:10|L:10|XL:10"
250935,"2022-09-15 08:39:53.45","#SWA422",50.00,68.00,93.00,120.90,"2023-06-10","129337132","PO",4,,,,"","ALMA","SWA422A1",30073,1016,"2023-06-10","2023-07-10","USD",93.00,100,"3XS:20|2XS:20|XS:20|S:10|M:10|L:10|XL:10"
250936,"2022-09-15 08:39:53.45","#SWA423",50.00,68.00,93.00,120.90,"2023-06-10","129337132","PO",4,,,,"","ALMA","SWA423A1",30029,3002,"2023-06-10","2023-07-10","USD",93.00,100,"3XS:20|2XS:20|XS:20|S:10|M:10|L:10|XL:10"
250937,"2022-09-15 08:39:53.45","#SWA424",50.00,68.00,93.00,120.90,"2023-06-10","129337132","PO",4,,,,"","ALMA","SWA424A0",30013,4002,"2023-06-10","2023-07-10","USD",93.00,100,"3XS:20|2XS:20|XS:20|S:10|M:10|L:10|XL:10"
250938,"2022-09-15 08:39:53.45","#SWA425",50.00,68.00,93.00,120.90,"2023-06-10","129337132","PO",4,,,,"","ALMA","SWA425A1",30022,5002,"2023-06-10","2023-07-10","USD",93.00,100,"3XS:20|2XS:20|XS:20|S:10|M:10|L:10|XL:10"
250939,"2022-09-15 08:39:53.45","#SWA426",50.00,68.00,93.00,120.90,"2023-06-10","129337132","PO",4,,,,"","ALMA","SWA426A0",30045,6002,"2023-06-10","2023-07-10","USD",93.00,100,"3XS:20|2XS:20|XS:20|S:10|M:10|L:10|XL:10"
250940,"2022-09-15 08:39:53.45","#SWA427",50.00,68.00,93.00,120.90,"2023-06-10","129337132","PO",4,,,,"","ALMA","SWA427A1",30046,8002,"2023-06-10","2023-07-10","USD",93.00,100,"3XS:20|2XS:20|XS:20|S:10|M:10|L:10|XL:10"
250941,"2022-09-15 08:39:53.45","#SWA428",50.00,68.00,93.00,120.90,"2023-06-10","129337134","PO",4,,,,"","ALMA","SWA428A1",30047,1002,"2023-06-10","2023-07-10","USD",93.00,100,"3XS:20|2XS:20|XS:20|S:10|M:10|L:10|XL:10"
250942,"2022-09-15 08:39:53.45","#SWA429",50.00,68.00,93.00,120.90,"2023-06-10","129337134","PO",4,,,,"","ALMA","SWA429A0",30065,1016,"2023-06-10","2023-07-10","USD",93.00,100,"3XS:20|2XS:20|XS:20|S:10|M:10|L:10|XL:10"
250943,"2022-09-15 08:39:53.45","#SWA430",50.00,68.00,93.00,120.90,"2023-06-10","129337134","PO",4,,,,"","ALMA","SWA430A1",30074,3002,"2023-06-10","2023-07-10","USD",93.00,100,"3XS:20|2XS:20|XS:20|S:10|M:10|L:10|XL:10"
250944,"2022-09-15 08:39:53.45","#SWA431",50.00,68.00,93.00,120.90,"2023-06-10","129337134","PO",4,,,,"","ALMA","SWA431A0",30075,4002,"2023-06-10","2023-07-10","USD",93.00,100,"3XS:20|2XS:20|XS:20|S:10|M:10|L:10|XL:10"
250945,"2022-09-15 08:39:53.45","#SWA432",50.00,68.00,93.00,120.90,"2023-06-10","129337134","PO",4,,,,"","ALMA","SWA432A1",30025,5002,"2023-06-10","2023-07-10","USD",93.00,100,"3XS:20|2XS:20|XS:20|S:10|M:10|L:10|XL:10"
250946,"2022-09-15 08:39:53.45","#SWA433",50.00,68.00,93.00,120.90,"2023-06-10","129337134","PO",4,,,,"","ALMA","SWA433A1",30026,6002,"2023-06-10","2023-07-10","USD",93.00,100,"3XS:20|2XS:20|XS:20|S:10|M:10|L:10|XL:10"
250947,"2022-09-15 08:39:53.45","#SWA434",50.00,68.00,93.00,120.90,"2023-06-10","129337134","PO",4,,,,"","ALMA","SWA434A0",30027,8002,"2023-06-10","2023-07-10","USD",93.00,100,"3XS:20|2XS:20|XS:20|S:10|M:10|L:10|XL:10"
250948,"2022-09-15 08:39:53.45","#SWA435",50.00,68.00,93.00,120.90,"2023-06-10","129337140","PO",4,,,,"","ALMA","SWA435A1",30066,1002,"2023-06-10","2023-07-10","USD",93.00,100,"3XS:20|2XS:20|XS:20|S:10|M:10|L:10|XL:10"
250949,"2022-09-15 08:39:53.45","#SWA436",50.00,68.00,93.00,120.90,"2023-06-10","129337140","PO",4,,,,"","ALMA","SWA436A0",30067,1016,"2023-06-10","2023-07-10","USD",93.00,100,"3XS:20|2XS:20|XS:20|S:10|M:10|L:10|XL:10"
250950,"2022-09-15 08:39:53.45","#SWA437",50.00,68.00,93.00,120.90,"2023-06-10","129337140","PO",4,,,,"","ALMA","SWA437A1",30068,3002,"2023-06-10","2023-07-10","USD",93.00,100,"3XS:20|2XS:20|XS:20|S:10|M:10|L:10|XL:10"
250951,"2022-09-15 08:39:53.45","#SWA438",50.00,68.00,93.00,120.90,"2023-06-10","129337140","PO",4,,,,"","ALMA","SWA438A1",30069,4002,"2023-06-10","2023-07-10","USD",93.00,100,"3XS:20|2XS:20|XS:20|S:10|M:10|L:10|XL:10"
250952,"2022-09-15 08:39:53.45","#SWA439",50.00,68.00,93.00,120.90,"2023-06-10","129337140","PO",4,,,,"","ALMA","SWA439A0",30070,5002,"2023-06-10","2023-07-10","USD",93.00,100,"3XS:20|2XS:20|XS:20|S:10|M:10|L:10|XL:10"
250953,"2022-09-15 08:39:53.45","#SWA440",50.00,68.00,93.00,120.90,"2023-06-10","129337140","PO",4,,,,"","ALMA","SWA440A1",30071,6002,"2023-06-10","2023-07-10","USD",93.00,100,"3XS:20|2XS:20|XS:20|S:10|M:10|L:10|XL:10"
250954,"2022-09-15 08:39:53.45","#SWA441",50.00,68.00,93.00,120.90,"2023-06-10","129337140","PO",4,,,,"","ALMA","SWA441A0",30072,8002,"2023-06-10","2023-07-10","USD",93.00,100,"3XS:20|2XS:20|XS:20|S:10|M:10|L:10|XL:10"
250955,"2022-09-15 08:39:53.45","#SWA442",50.00,68.00,93.00,120.90,"2023-06-10","129337145","PO",4,,,,"","ALMA","SWA442A1",30073,1002,"2023-06-10","2023-07-10","USD",93.00,100,"3XS:20|2XS:20|XS:20|S:10|M:10|L:10|XL:10"
250956,"2022-09-15 08:39:53.45","#SWA443",50.00,68.00,93.00,120.90,"2023-06-10","129337145","PO",4,,,,"","ALMA","SWA443A1",30029,1016,"2023-06-10","2023-07-10","USD",93.00,100,"3XS:20|2XS:20|XS:20|S:10|M:10|L:10|XL:10"
250957,"2022-09-15 08:39:53.45","#SWA444",50.00,68.00,93.00,120.90,"2023-06-10","129337145","PO",4,,,,"","ALMA","SWA444A0",30013,3002,"2023-06-10","2023-07-10","USD",93.00,100,"3XS:20|2XS:20|XS:20|S:10|M:10|L:10|XL:10"
250958,"2022-09-15 08:39:53.45","#SWA445",50.00,68.00,93.00,120.90,"2023-06-10","129337145","PO",4,,,,"","ALMA","SWA445A1",30022,4002,"2023-06-10","2023-07-10","USD",93.00,100,"3XS:20|2XS:20|XS:20|S:10|M:10|L:10|XL:10"
250959,"2022-09-15 08:39:53.45","#SWA446",50.00,68.00,93.00,120.90,"2023-06-10","129337145","PO",4,,,,"","ALMA","SWA446A0",30045,5002,"2023-06-10","2023-07-10","USD",93.00,100,"3XS:20|2XS:20|XS:20|S:10|M:10|L:10|XL:10"
250960,"2022-09-15 08:39:53.45","#SWA447",50.00,68.00,93.00,120.90,"2023-06-10","129337145","PO",4,,,,"","ALMA","SWA447A1",30046,6002,"2023-06-10","2023-07-10","USD",93.00,100,"3XS:20|2XS:20|XS:20|S:10|M:10|L:10|XL:10"
250961,"2022-09-15 08:39:53.45","#SWA448",50.00,68.00,93.00,120.90,"2023-06-10","129337145","PO",4,,,,"","ALMA","SWA448A1",30047,8002,"2023-06-10","2023-07-10","USD",93.00,100,"3XS:20|2XS:20|XS:20|S:10|M:10|L:10|XL:10"
250962,"2022-09-15 08:39:53.45","#SWA449",50.00,68.00,93.00,120.90,"2023-06-10","129337147","PO",4,,,,"","ALMA","SWA449A0",30065,1002,"2023-06-10","2023-07-10","USD",93.00,100,"3XS:20|2XS:20|XS:20|S:10|M:10|L:10|XL:10"
250963,"2022-09-15 08:39:53.45","#SWA450",50.00,68.00,93.00,120.90,"2023-06-10","129337147","PO",4,,,,"","ALMA","SWA450A1",30074,1016,"2023-06-10","2023-07-10","USD",93.00,100,"3XS:20|2XS:20|XS:20|S:10|M:10|L:10|XL:10"
250964,"2022-09-15 08:39:53.45","#SWA451",50.00,68.00,93.00,120.90,"2023-06-10","129337147","PO",4,,,,"","ALMA","SWA451A0",30075,3002,"2023-06-10","2023-07-10","USD",93.00,100,"3XS:20|2XS:20|XS:20|S:10|M:10|L:10|XL:10"
250965,"2022-09-15 08:39:53.45","#SWA452",50.00,68.00,93.00,120.90,"2023-06-10","129337147","PO",4,,,,"","ALMA","SWA452A1",30025,4002,"2023-06-10","2023-07-10","USD",93.00,100,"3XS:20|2XS:20|XS:20|S:10|M:10|L:10|XL:10"
250966,"2022-09-15 08:39:53.45","#SWA453",50.00,68.00,93.00,120.90,"2023-06-10","129337147","PO",4,,,,"","ALMA","SWA453A1",30026,5002,"2023-06-10","2023-07-10","USD",93.00,100,"3XS:20|2XS:20|XS:20|S:10|M:10|L:10|XL:10"
250967,"2022-09-15 08:39:53.45","#SWA454",50.00,68.00,93.00,120.90,"2023-06-10","129337147","PO",4,,,,"","ALMA","SWA454A0",30027,6002,"2023-06-10","2023-07-10","USD",93.00,100,"3XS:20|2XS:20|XS:20|S:10|M:10|L:10|XL:10"
250968,"2022-09-15 08:39:53.45","#SWA455",50.00,68.00,93.00,120.90,"2023-06-10","129337147","PO",4,,,,"","ALMA","SWA455A1",30066,8002,"2023-06-10","2023-07-10","USD",93.00,100,"3XS:20|2XS:20|XS:20|S:10|M:10|L:10|XL:10"
250969,"2022-09-15 08:39:53.45","#SWA456",50.00,68.00,93.00,120.90,"2023-06-10","129337151","PO",4,,,,"","ALMA","SWA456A0",30067,1002,"2023-06-10","2023-07-10","USD",93.00,100,"3XS:20|2XS:20|XS:20|S:10|M:10|L:10|XL:10"
250970,"2022-09-15 08:39:53.45","#SWA457",50.00,68.00,93.00,120.90,"2023-06-10","129337151","PO",4,,,,"","ALMA","SWA457A1",30068,1016,"2023-06-10","2023-07-10","USD",93.00,100,"3XS:20|2XS:20|XS:20|S:10|M:10|L:10|XL:10"
250971,"2022-09-15 08:39:53.45","#SWA458",50.00,68.00,93.00,120.90,"2023-06-10","129337151","PO",4,,,,"","ALMA","SWA458A1",30069,3002,"2023-06-10","2023-07-10","USD",93.00,100,"3XS:20|2XS:20|XS:20|S:10|M:10|L:10|XL:10"
250972,"2022-09-15 08:39:53.45","#SWA459",50.00,68.00,93.00,120.90,"2023-06-10","129337151","PO",4,,,,"","ALMA","SWA459A0",30070,4002,"2023-06-10","2023-07-10","USD",93.00,100,"3XS:20|2XS:20|XS:20|S:10|M:10|L:10|XL:10"
250973,"2022-09-15 08:39:53.45","#SWA460",50.00,68.00,93.00,120.90,"2023-06-10","129337151","PO",4,,,,"","ALMA","SWA460A1",30071,5002,"2023-06-10","2023-07-10","USD",93.00,100,"3XS:20|2XS:20|XS:20|S:10|M:10|L:10|XL:10"
250974,"2022-09-15 08:39:53.45","#SWA461",50.00,68.00,93.00,120.90,"2023-06-10","129337151","PO",4,,,,"","ALMA","SWA461A0",30072,6002,"2023-06-10","2023-07-10","USD",93.00,100,"3XS:20|2XS:20|XS:20|S:10|M:10|L:10|XL:10"
250975,"2022-09-15 08:39:53.45","#SWA462",50.00,68.00,93.00,120.90,"2023-06-10","129337151","PO",4,,,,"","ALMA","SWA462A1",30073,8002,"2023-06-10","2023-07-10","USD",93.00,100,"3XS:20|2XS:20|XS:20|S:10|M:10|L:10|XL:10"
250976,"2022-09-15 08:39:53.45","#SWA463",50.00,68.00,93.00,120.90,"2023-06-10","129337153","PO",4,,,,"","ALMA","SWA463A1",30029,1002,"2023-06-10","2023-07-10","USD",93.00,100,"3XS:20|2XS:20|XS:20|S:10|M:10|L:10|XL:10"
250977,"2022-09-15 08:39:53.45","#SWA464",50.00,68.00,93.00,120.90,"2023-06-10","129337153","PO",4,,,,"","ALMA","SWA464A0",30013,1016,"2023-06-10","2023-07-10","USD",93.00,100,"3XS:20|2XS:20|XS:20|S:10|M:10|L:10|XL:10"
250978,"2022-09-15 08:39:53.45","#SWA465",50.00,68.00,93.00,120.90,"2023-06-10","129337153","PO",4,,,,"","ALMA","SWA465A1",30022,3002,"2023-06-10","2023-07-10","USD",93.00,100,"3XS:20|2XS:20|XS:20|S:10|M:10|L:10|XL:10"
250979,"2022-09-15 08:39:53.45","#SWA466",50.00,68.00,93.00,120.90,"2023-06-10","129337153","PO",4,,,,"","ALMA","SWA466A0",30045,4002,"2023-06-10","2023-07-10","USD",93.00,100,"3XS:20|2XS:20|XS:20|S:10|M:10|L:10|XL:10"
250980,"2022-09-15 08:39:53.45","#SWA467",50.00,68.00,93.00,120.90,"2023-06-10","129337153","PO",4,,,,"","ALMA","SWA467A1",30046,5002,"2023-06-10","2023-07-10","USD",93.00,100,"3XS:20|2XS:20|XS:20|S:10|M:10|L:10|XL:10"
250981,"2022-09-15 08:39:53.45","#SWA468",50.00,68.00,93.00,120.90,"2023-06-10","129337153","PO",4,,,,"","ALMA","SWA468A1",30047,6002,"2023-06-10","2023-07-10","USD",93.00,100,"3XS:20|2XS:20|XS:20|S:10|M:10|L:10|XL:10"
250982,"2022-09-15 08:39:53.45","#SWA469",50.00,68.00,93.00,120.90,"2023-06-10","129337153","PO",4,,,,"","ALMA","SWA469A0",30065,8002,"2023-06-10","2023-07-10","USD",93.00,100,"3XS:20|2XS:20|XS:20|S:10|M:10|L:10|XL:10"
250983,"2022-09-15 08:39:53.45","#SWA470",50.00,68.00,93.00,120.90,"2023-06-10","129337157","PO",4,,,,"","ALMA","SWA470A1",30074,1002,"2023-06-10","2023-07-10","USD",93.00,100,"3XS:20|2XS:20|XS:20|S:10|M:10|L:10|XL:10"
250984,"2022-09-15 08:39:53.45","#SWA471",50.00,68.00,93.00,120.90,"2023-06-10","129337157","PO",4,,,,"","ALMA","SWA471A0",30075,1016,"2023-06-10","2023-07-10","USD",93.00,100,"3XS:20|2XS:20|XS:20|S:10|M:10|L:10|XL:10"
250985,"2022-09-15 08:39:53.45","#SWA472",50.00,68.00,93.00,120.90,"2023-06-10","129337157","PO",4,,,,"","ALMA","SWA472A1",30025,3002,"2023-06-10","2023-07-10","USD",93.00,100,"3XS:20|2XS:20|XS:20|S:10|M:10|L:10|XL:10"
250986,"2022-09-15 08:39:53.45","#SWA473",50.00,68.00,93.00,120.90,"2023-06-10","129337157","PO",4,,,,"","ALMA","SWA473A1",30026,4002,"2023-06-10","2023-07-10","USD",93.00,100,"3XS:20|2XS:20|XS:20|S:10|M:10|L:10|XL:10"
250987,"2022-09-15 08:39:53.45","#SWA474",50.00,68.00,93.00,120.90,"2023-06-10","129337157","PO",4,,,,"","ALMA","SWA474A0",30027,5002,"2023-06-10","2023-07-10","USD",93.00,100,"3XS:20|2XS:20|XS:20|S:10|M:10|L:10|XL:10"
250988,"2022-09-15 08:39:53.45","#SWA475",50.00,68.00,93.00,120.90,"2023-06-10","129337157","PO",4,,,,"","ALMA","SWA475A1",30066,6002,"2023-06-10","2023-07-10","USD",93.00,100,"3XS:20|2XS:20|XS:20|S:10|M:10|L:10|XL:10"
250989,"2022-09-15 08:39:53.45","#SWA476",50.00,68.00,93.00,120.90,"2023-06-10","129337157","PO",4,,,,"","ALMA","SWA476A0",30067,8002,"2023-06-10","2023-07-10","USD",93.00,100,"3XS:20|2XS:20|XS:20|S:10|M:10|L:10|XL:10"
250990,"2022-09-15 08:39:53.45","#SWA477",50.00,68.00,93.00,120.90,"2023-06-10","129337160","PO",4,,,,"","ALMA","SWA477A1",30068,1002,"2023-06-10","2023-07-10","USD",93.00,100,"3XS:20|2XS:20|XS:20|S:10|M:10|L:10|XL:10"
250991,"2022-09-15 08:39:53.45","#SWA478",50.00,68.00,93.00,120.90,"2023-06-10","129337160","PO",4,,,,"","ALMA","SWA478A1",30069,1016,"2023-06-10","2023-07-10","USD",93.00,100,"3XS:20|2XS:20|XS:20|S:10|M:10|L:10|XL:10"
250992,"2022-09-15 08:39:53.45","#SWA479",50.00,68.00,93.00,120.90,"2023-06-10","129337160","PO",4,,,,"","ALMA","SWA479A0",30070,3002,"2023-06-10","2023-07-10","USD",93.00,100,"3XS:20|2XS:20|XS:20|S:10|M:10|L:10|XL:10"
250993,"2022-09-15 08:39:53.45","#SWA480",50.00,68.00,93.00,120.90,"2023-06-10","129337160","PO",4,,,,"","ALMA","SWA480A1",30071,4002,"2023-06-10","2023-07-10","USD",93.00,100,"3XS:20|2XS:20|XS:20|S:10|M:10|L:10|XL:10"
250994,"2022-09-15 08:39:53.45","#SWA481",50.00,68.00,93.00,120.90,"2023-06-10","129337160","PO",4,,,,"","ALMA","SWA481A0",30072,5002,"2023-06-10","2023-07-10","USD",93.00,100,"3XS:20|2XS:20|XS:20|S:10|M:10|L:10|XL:10"
250995,"2022-09-15 08:39:53.45","#SWA482",50.00,68.00,93.00,120.90,"2023-06-10","129337160","PO",4,,,,"","ALMA","SWA482A1",30073,6002,"2023-06-10","2023-07-10","USD",93.00,100,"3XS:20|2XS:20|XS:20|S:10|M:10|L:10|XL:10"
250996,"2022-09-15 08:39:53.45","#SWA483",50.00,68.00,93.00,120.90,"2023-06-10","129337160","PO",4,,,,"","ALMA","SWA483A1",30029,8002,"2023-06-10","2023-07-10","USD",93.00,100,"3XS:20|2XS:20|XS:20|S:10|M:10|L:10|XL:10"
250997,"2022-09-15 08:39:53.45","#SWA484",50.00,68.00,93.00,120.90,"2023-06-10","129337166","PO",4,,,,"","ALMA","SWA484A0",30013,1002,"2023-06-10","2023-07-10","USD",93.00,100,"3XS:20|2XS:20|XS:20|S:10|M:10|L:10|XL:10"
250998,"2022-09-15 08:39:53.45","#SWA485",50.00,68.00,93.00,120.90,"2023-06-10","129337166","PO",4,,,,"","ALMA","SWA485A1",30022,1016,"2023-06-10","2023-07-10","USD",93.00,100,"3XS:20|2XS:20|XS:20|S:10|M:10|L:10|XL:10"
250999,"2022-09-15 08:39:53.45","#SWA486",50.00,68.00,93.00,120.90,"2023-06-10","129337166","PO",4,,,,"","ALMA","SWA486A0",30045,3002,"2023-06-10","2023-07-10","USD",93.00,100,"3XS:20|2XS:20|XS:20|S:10|M:10|L:10|XL:10"
251000,"2022-09-15 08:39:53.45","#SWA487",50.00,68.00,93.00,120.90,"2023-06-10","129337166","PO",4,,,,"","ALMA","SWA487A1",30046,4002,"2023-06-10","2023-07-10","USD",93.00,100,"3XS:20|2XS:20|XS:20|S:10|M:10|L:10|XL:10"
251001,"2022-09-15 08:39:53.45","#SWA488",50.00,68.00,93.00,120.90,"2023-06-10","129337166","PO",4,,,,"","ALMA","SWA488A1",30047,5002,"2023-06-10","2023-07-10","USD",93.00,100,"3XS:20|2XS:20|XS:20|S:10|M:10|L:10|XL:10"
251002,"2022-09-15 08:39:53.45","#SWA489",50.00,68.00,93.00,120.90,"2023-06-10","129337166","PO",4,,,,"","ALMA","SWA489A0",30065,6002,"2023-06-10","2023-07-10","USD",93.00,100,"3XS:20|2XS:20|XS:20|S:10|M:10|L:10|XL:10"
251003,"2022-09-15 08:39:53.45","#SWA490",50.00,68.00,93.00,120.90,"2023-06-10","129337166","PO",4,,,,"","ALMA","SWA490A1",30074,8002,"2023-06-10","2023-07-10","USD",93.00,100,"3XS:20|2XS:20|XS:20|S:10|M:10|L:10|XL:10"
251004,"2022-09-15 08:39:53.45","#SWA491",50.00,68.00,93.00,120.90,"2023-06-10","129337168","PO",4,,,,"","ALMA","SWA491A0",30075,1002,"2023-06-10","2023-07-10","USD",93.00,100,"3XS:20|2XS:20|XS:20|S:10|M:10|L:10|XL:10"
251005,"2022-09-15 08:39:53.45","#SWA492",50.00,68.00,93.00,120.90,"2023-06-10","129337168","PO",4,,,,"","ALMA","SWA492A1",30025,1016,"2023-06-10","2023-07-10","USD",93.00,100,"3XS:20|2XS:20|XS:20|S:10|M:10|L:10|XL:10"
251006,"2022-09-15 08:39:53.45","#SWA493",50.00,68.00,93.00,120.90,"2023-06-10","129337168","PO",4,,,,"","ALMA","SWA493A1",30026,3002,"2023-06-10","2023-07-10","USD",93.00,100,"3XS:20|2XS:20|XS:20|S:10|M:10|L:10|XL:10"
251007,"2022-09-15 08:39:53.45","#SWA494",50.00,68.00,93.00,120.90,"2023-06-10","129337168","PO",4,,,,"","ALMA","SWA494A0",30027,4002,"2023-06-10","2023-07-10","USD",93.00,100,"3XS:20|2XS:20|XS:20|S:10|M:10|L:10|XL:10"
251008,"2022-09-15 08:39:53.45","#SWA495",50.00,68.00,93.00,120.90,"2023-06-10","129337168","PO",4,,,,"","ALMA","SWA495A1",30066,5002,"2023-06-10","2023-07-10","USD",93.00,100,"3XS:20|2XS:20|XS:20|S:10|M:10|L:10|XL:10"
251009,"2022-09-15 08:39:53.45","#SWA496",50.00,68.00,93.00,120.90,"2023-06-10","129337168","PO",4,,,,"","ALMA","SWA496A0",30067,6002,"2023-06-10","2023-07-10","USD",93.00,100,"3XS:20|2XS:20|XS:20|S:10|M:10|L:10|XL:10"
251010,"2022-09-15 08:39:53.45","#SWA497",50.00,68.00,93.00,120.90,"2023-06-10","129337168","PO",4,,,,"","ALMA","SWA497A1",30068,8002,"2023-06-10","2023-07-10","USD",93.00,100,"3XS:20|2XS:20|XS:20|S:10|M:10|L:10|XL:10"
251011,"2022-09-15 08:39:53.45","#SWA498",50.00,68.00,93.00,120.90,"2023-06-10","129337169","PO",4,,,,"","ALMA","SWA498A1",30069,1002,"2023-06-10","2023-07-10","USD",93.00,100,"3XS:20|2XS:20|XS:20|S:10|M:10|L:10|XL:10"
251012,"2022-09-15 08:39:53.45","#SWA499",50.00,68.00,93.00,120.90,"2023-06-10","129337169","PO",4,,,,"","ALMA","SWA499A0",30070,1016,"2023-06-10","2023-07-10","USD",93.00,100,"3XS:20|2XS:20|XS:20|S:10|M:10|L:10|XL:10"
251013,"2022-09-15 08:39:53.45","#SWA500",50.00,68.00,93.00,120.90,"2023-06-10","129337169","PO",4,,,,"","ALMA","SWA500A1",30071,3002,"2023-06-10","2023-07-10","USD",93.00,100,"3XS:20|2XS:20|XS:20|S:10|M:10|L:10|XL:10"
251014,"2022-09-15 08:39:53.45","#SWA501",50.00,68.00,93.00,120.90,"2023-06-10","129337169","PO",4,,,,"","ALMA","SWA501A0",30072,4002,"2023-06-10","2023-07-10","USD",93.00,100,"3XS:20|2XS:20|XS:20|S:10|M:10|L:10|XL:10"
251015,"2022-09-15 08:39:53.45","#SWA502",50.00,68.00,93.00,120.90,"2023-06-10","129337169","PO",4,,,,"","ALMA","SWA502A1",30073,5002,"2023-06-10","2023-07-10","USD",93.00,100,"3XS:20|2XS:20|XS:20|S:10|M:10|L:10|XL:10"
251016,"2022-09-15 08:39:53.45","#SWA503",50.00,68.00,93.00,120.90,"2023-06-10","129337169","PO",4,,,,"","ALMA","SWA503A1",30029,6002,"2023-06-10","2023-07-10","USD",93.00,100,"3XS:20|2XS:20|XS:20|S:10|M:10|L:10|XL:10"
251017,"2022-09-15 08:39:53.45","#SWA504",50.00,68.00,93.00,120.90,"2023-06-10","129337169","PO",4,,,,"","ALMA","SWA504A0",30013,8002,"2023-06-10","2023-07-10","USD",93.00,100,"3XS:20|2XS:20|XS:20|S:10|M:10|L:10|XL:10"
251018,"2022-09-15 08:39:53.45","#SWA505",50.00,68.00,93.00,120.90,"2023-06-10","129337173","PO",4,,,,"","ALMA","SWA505A1",30022,1002,"2023-06-10","2023-07-10","USD",93.00,100,"3XS:20|2XS:20|XS:20|S:10|M:10|L:10|XL:10"
251019,"2022-09-15 08:39:53.45","#SWA506",50.00,68.00,93.00,120.90,"2023-06-10","129337173","PO",4,,,,"","ALMA","SWA506A0",30045,1016,"2023-06-10","2023-07-10","USD",93.00,100,"3XS:20|2XS:20|XS:20|S:10|M:10|L:10|XL:10"
251020,"2022-09-15 08:39:53.45","#SWA507",50.00,68.00,93.00,120.90,"2023-06-10","129337173","PO",4,,,,"","ALMA","SWA507A1",30046,3002,"2023-06-10","2023-07-10","USD",93.00,100,"3XS:20|2XS:20|XS:20|S:10|M:10|L:10|XL:10"
251021,"2022-09-15 08:39:53.45","#SWA508",50.00,68.00,93.00,120.90,"2023-06-10","129337173","PO",4,,,,"","ALMA","SWA508A1",30047,4002,"2023-06-10","2023-07-10","USD",93.00,100,"3XS:20|2XS:20|XS:20|S:10|M:10|L:10|XL:10"
251022,"2022-09-15 08:39:53.45","#SWA509",50.00,68.00,93.00,120.90,"2023-06-10","129337173","PO",4,,,,"","ALMA","SWA509A0",30065,5002,"2023-06-10","2023-07-10","USD",93.00,100,"3XS:20|2XS:20|XS:20|S:10|M:10|L:10|XL:10"
251023,"2022-09-15 08:39:53.45","#SWA510",50.00,68.00,93.00,120.90,"2023-06-10","129337173","PO",4,,,,"","ALMA","SWA510A1",30074,6002,"2023-06-10","2023-07-10","USD",93.00,100,"3XS:20|2XS:20|XS:20|S:10|M:10|L:10|XL:10"
251024,"2022-09-15 08:39:53.45","#SWA511",50.00,68.00,93.00,120.90,"2023-06-10","129337173","PO",4,,,,"","ALMA","SWA511A0",30075,8002,"2023-06-10","2023-07-10","USD",93.00,100,"3XS:20|2XS:20|XS:20|S:10|M:10|L:10|XL:10"
251025,"2022-09-15 08:39:53.45","#SWA512",50.00,68.00,93.00,120.90,"2023-06-10","129337180","PO",4,,,,"","ALMA","SWA512A1",30025,1002,"2023-06-10","2023-07-10","USD",93.00,100,"3XS:20|2XS:20|XS:20|S:10|M:10|L:10|XL:10"
251026,"2022-09-15 08:39:53.45","#SWA513",50.00,68.00,93.00,120.90,"2023-07-10","129337180","PO",4,,,,"","ALMA","SWA513A1",30026,1016,"2023-07-10","2023-08-10","USD",93.00,100,"3XS:20|2XS:20|XS:20|S:10|M:10|L:10|XL:10"
251027,"2022-09-15 08:39:53.45","#SWA514",50.00,68.00,93.00,120.90,"2023-07-10","129337180","PO",4,,,,"","ALMA","SWA514A0",30027,3002,"2023-07-10","2023-08-10","USD",93.00,100,"3XS:20|2XS:20|XS:20|S:10|M:10|L:10|XL:10"
251028,"2022-09-15 08:39:53.45","#SWA515",50.00,68.00,93.00,120.90,"2023-07-10","129337180","PO",4,,,,"","ALMA","SWA515A1",30066,4002,"2023-07-10","2023-08-10","USD",93.00,100,"3XS:20|2XS:20|XS:20|S:10|M:10|L:10|XL:10"
251029,"2022-09-15 08:39:53.45","#SWA516",50.00,68.00,93.00,120.90,"2023-07-10","129337180","PO",4,,,,"","ALMA","SWA516A0",30067,5002,"2023-07-10","2023-08-10","USD",93.00,100,"3XS:20|2XS:20|XS:20|S:10|M:10|L:10|XL:10"
251030,"2022-09-15 08:39:53.45","#SWA517",50.00,68.00,93.00,120.90,"2023-07-10","129337180","PO",4,,,,"","ALMA","SWA517A1",30068,6002,"2023-07-10","2023-08-10","USD",93.00,100,"3XS:20|2XS:20|XS:20|S:10|M:10|L:10|XL:10"
251031,"2022-09-15 08:39:53.45","#SWA518",50.00,68.00,93.00,120.90,"2023-07-10","129337180","PO",4,,,,"","ALMA","SWA518A1",30069,8002,"2023-07-10","2023-08-10","USD",93.00,100,"3XS:20|2XS:20|XS:20|S:10|M:10|L:10|XL:10"
251032,"2022-09-15 08:39:53.45","#SWA519",50.00,68.00,93.00,120.90,"2023-07-10","129337186","PO",4,,,,"","ALMA","SWA519A0",30070,1002,"2023-07-10","2023-08-10","USD",93.00,100,"3XS:20|2XS:20|XS:20|S:10|M:10|L:10|XL:10"
251033,"2022-09-15 08:39:53.45","#SWA520",50.00,68.00,93.00,120.90,"2023-07-10","129337186","PO",4,,,,"","ALMA","SWA520A1",30071,1016,"2023-07-10","2023-08-10","USD",93.00,100,"3XS:20|2XS:20|XS:20|S:10|M:10|L:10|XL:10"
251034,"2022-09-15 08:39:53.45","#SWA521",50.00,68.00,93.00,120.90,"2023-07-10","129337186","PO",4,,,,"","ALMA","SWA521A0",30072,3002,"2023-07-10","2023-08-10","USD",93.00,100,"3XS:20|2XS:20|XS:20|S:10|M:10|L:10|XL:10"
251035,"2022-09-15 08:39:53.45","#SWA522",50.00,68.00,93.00,120.90,"2023-07-10","129337186","PO",4,,,,"","ALMA","SWA522A1",30073,4002,"2023-07-10","2023-08-10","USD",93.00,100,"3XS:20|2XS:20|XS:20|S:10|M:10|L:10|XL:10"
251036,"2022-09-15 08:39:53.45","#SWA523",50.00,68.00,93.00,120.90,"2023-07-10","129337186","PO",4,,,,"","ALMA","SWA523A1",30029,5002,"2023-07-10","2023-08-10","USD",93.00,100,"3XS:20|2XS:20|XS:20|S:10|M:10|L:10|XL:10"
251037,"2022-09-15 08:39:53.45","#SWA524",50.00,68.00,93.00,120.90,"2023-07-10","129337186","PO",4,,,,"","ALMA","SWA524A0",30013,6002,"2023-07-10","2023-08-10","USD",93.00,100,"3XS:20|2XS:20|XS:20|S:10|M:10|L:10|XL:10"
251038,"2022-09-15 08:39:53.45","#SWA525",50.00,68.00,93.00,120.90,"2023-07-10","129337186","PO",4,,,,"","ALMA","SWA525A1",30022,8002,"2023-07-10","2023-08-10","USD",93.00,100,"3XS:20|2XS:20|XS:20|S:10|M:10|L:10|XL:10"
251039,"2022-09-15 08:39:53.45","#SWA526",50.00,68.00,93.00,120.90,"2023-07-10","129337190","PO",4,,,,"","ALMA","SWA526A0",30045,1002,"2023-07-10","2023-08-10","USD",93.00,100,"3XS:20|2XS:20|XS:20|S:10|M:10|L:10|XL:10"
251040,"2022-09-15 08:39:53.45","#SWA527",50.00,68.00,93.00,120.90,"2023-07-10","129337190","PO",4,,,,"","ALMA","SWA527A1",30046,1016,"2023-07-10","2023-08-10","USD",93.00,100,"3XS:20|2XS:20|XS:20|S:10|M:10|L:10|XL:10"
251041,"2022-09-15 08:39:53.45","#SWA528",50.00,68.00,93.00,120.90,"2023-07-10","129337190","PO",4,,,,"","ALMA","SWA528A1",30047,3002,"2023-07-10","2023-08-10","USD",93.00,100,"3XS:20|2XS:20|XS:20|S:10|M:10|L:10|XL:10"
251042,"2022-09-15 08:39:53.45","#SWA529",50.00,68.00,93.00,120.90,"2023-07-10","129337190","PO",4,,,,"","ALMA","SWA529A0",30065,4002,"2023-07-10","2023-08-10","USD",93.00,100,"3XS:20|2XS:20|XS:20|S:10|M:10|L:10|XL:10"
251043,"2022-09-15 08:39:53.45","#SWA530",50.00,68.00,93.00,120.90,"2023-07-10","129337190","PO",4,,,,"","ALMA","SWA530A1",30074,5002,"2023-07-10","2023-08-10","USD",93.00,100,"3XS:20|2XS:20|XS:20|S:10|M:10|L:10|XL:10"
251044,"2022-09-15 08:39:53.45","#SWA531",50.00,68.00,93.00,120.90,"2023-07-10","129337190","PO",4,,,,"","ALMA","SWA531A0",30075,6002,"2023-07-10","2023-08-10","USD",93.00,100,"3XS:20|2XS:20|XS:20|S:10|M:10|L:10|XL:10"
251045,"2022-09-15 08:39:53.45","#SWA532",50.00,68.00,93.00,120.90,"2023-07-10","129337190","PO",4,,,,"","ALMA","SWA532A1",30025,8002,"2023-07-10","2023-08-10","USD",93.00,100,"3XS:20|2XS:20|XS:20|S:10|M:10|L:10|XL:10"
251046,"2022-09-15 08:39:53.45","#SWA533",50.00,68.00,93.00,120.90,"2023-07-10","129337202","PO",4,,,,"","ALMA","SWA533A1",30026,1002,"2023-07-10","2023-08-10","USD",93.00,100,"3XS:20|2XS:20|XS:20|S:10|M:10|L:10|XL:10"
251047,"2022-09-15 08:39:53.45","#SWA534",50.00,68.00,93.00,120.90,"2023-07-10","129337202","PO",4,,,,"","ALMA","SWA534A0",30027,1016,"2023-07-10","2023-08-10","USD",93.00,100,"3XS:20|2XS:20|XS:20|S:10|M:10|L:10|XL:10"
251048,"2022-09-15 08:39:53.45","#SWA535",50.00,68.00,93.00,120.90,"2023-07-10","129337202","PO",4,,,,"","ALMA","SWA535A1",30066,3002,"2023-07-10","2023-08-10","USD",93.00,100,"3XS:20|2XS:20|XS:20|S:10|M:10|L:10|XL:10"
251049,"2022-09-15 08:39:53.45","#SWA536",50.00,68.00,93.00,120.90,"2023-07-10","129337202","PO",4,,,,"","ALMA","SWA536A0",30067,4002,"2023-07-10","2023-08-10","USD",93.00,100,"3XS:20|2XS:20|XS:20|S:10|M:10|L:10|XL:10"
251050,"2022-09-15 08:39:53.45","#SWA537",50.00,68.00,93.00,120.90,"2023-07-10","129337202","PO",4,,,,"","ALMA","SWA537A1",30068,5002,"2023-07-10","2023-08-10","USD",93.00,100,"3XS:20|2XS:20|XS:20|S:10|M:10|L:10|XL:10"
251051,"2022-09-15 08:39:53.45","#SWA538",50.00,68.00,93.00,120.90,"2023-07-10","129337202","PO",4,,,,"","ALMA","SWA538A1",30069,6002,"2023-07-10","2023-08-10","USD",93.00,100,"3XS:20|2XS:20|XS:20|S:10|M:10|L:10|XL:10"
251052,"2022-09-15 08:39:53.45","#SWA539",50.00,68.00,93.00,120.90,"2023-07-10","129337202","PO",4,,,,"","ALMA","SWA539A0",30070,8002,"2023-07-10","2023-08-10","USD",93.00,100,"3XS:20|2XS:20|XS:20|S:10|M:10|L:10|XL:10"
251053,"2022-09-15 08:39:53.45","#SWA540",50.00,68.00,93.00,120.90,"2023-07-10","129337204","PO",4,,,,"","ALMA","SWA540A1",30071,1002,"2023-07-10","2023-08-10","USD",93.00,100,"3XS:20|2XS:20|XS:20|S:10|M:10|L:10|XL:10"
251054,"2022-09-15 08:39:53.45","#SWA541",50.00,68.00,93.00,120.90,"2023-07-10","129337204","PO",4,,,,"","ALMA","SWA541A0",30072,1016,"2023-07-10","2023-08-10","USD",93.00,100,"3XS:20|2XS:20|XS:20|S:10|M:10|L:10|XL:10"
251055,"2022-09-15 08:39:53.45","#SWA542",50.00,68.00,93.00,120.90,"2023-07-10","129337204","PO",4,,,,"","ALMA","SWA542A1",30073,3002,"2023-07-10","2023-08-10","USD",93.00,100,"3XS:20|2XS:20|XS:20|S:10|M:10|L:10|XL:10"
251056,"2022-09-15 08:39:53.45","#SWA543",50.00,68.00,93.00,120.90,"2023-07-10","129337204","PO",4,,,,"","ALMA","SWA543A1",30029,4002,"2023-07-10","2023-08-10","USD",93.00,100,"3XS:20|2XS:20|XS:20|S:10|M:10|L:10|XL:10"
251057,"2022-09-15 08:39:53.45","#SWA544",50.00,68.00,93.00,120.90,"2023-07-10","129337204","PO",4,,,,"","ALMA","SWA544A0",30013,5002,"2023-07-10","2023-08-10","USD",93.00,100,"3XS:20|2XS:20|XS:20|S:10|M:10|L:10|XL:10"
251058,"2022-09-15 08:39:53.45","#SWA545",50.00,68.00,93.00,120.90,"2023-07-10","129337204","PO",4,,,,"","ALMA","SWA545A1",30022,6002,"2023-07-10","2023-08-10","USD",93.00,100,"3XS:20|2XS:20|XS:20|S:10|M:10|L:10|XL:10"
251059,"2022-09-15 08:39:53.45","#SWA546",50.00,68.00,93.00,120.90,"2023-07-10","129337204","PO",4,,,,"","ALMA","SWA546A0",30045,8002,"2023-07-10","2023-08-10","USD",93.00,100,"3XS:20|2XS:20|XS:20|S:10|M:10|L:10|XL:10"
251060,"2022-09-15 08:39:53.45","#SWA547",50.00,68.00,93.00,120.90,"2023-07-10","129337205","PO",4,,,,"","ALMA","SWA547A1",30046,1002,"2023-07-10","2023-08-10","USD",93.00,100,"3XS:20|2XS:20|XS:20|S:10|M:10|L:10|XL:10"
251061,"2022-09-15 08:39:53.45","#SWA548",50.00,68.00,93.00,120.90,"2023-07-10","129337205","PO",4,,,,"","ALMA","SWA548A1",30047,1016,"2023-07-10","2023-08-10","USD",93.00,100,"3XS:20|2XS:20|XS:20|S:10|M:10|L:10|XL:10"
251062,"2022-09-15 08:39:53.45","#SWA549",50.00,68.00,93.00,120.90,"2023-07-10","129337205","PO",4,,,,"","ALMA","SWA549A0",30065,3002,"2023-07-10","2023-08-10","USD",93.00,100,"3XS:20|2XS:20|XS:20|S:10|M:10|L:10|XL:10"
251063,"2022-09-15 08:39:53.45","#SWA550",50.00,68.00,93.00,120.90,"2023-07-10","129337205","PO",4,,,,"","ALMA","SWA550A1",30074,4002,"2023-07-10","2023-08-10","USD",93.00,100,"3XS:20|2XS:20|XS:20|S:10|M:10|L:10|XL:10"
251064,"2022-09-15 08:39:53.45","#SWA551",50.00,68.00,93.00,120.90,"2023-07-10","129337205","PO",4,,,,"","ALMA","SWA551A0",30075,5002,"2023-07-10","2023-08-10","USD",93.00,100,"3XS:20|2XS:20|XS:20|S:10|M:10|L:10|XL:10"
251065,"2022-09-15 08:39:53.45","#SWA552",50.00,68.00,93.00,120.90,"2023-07-10","129337205","PO",4,,,,"","ALMA","SWA552A1",30025,6002,"2023-07-10","2023-08-10","USD",93.00,100,"3XS:20|2XS:20|XS:20|S:10|M:10|L:10|XL:10"
251066,"2022-09-15 08:39:53.45","#SWA553",50.00,68.00,93.00,120.90,"2023-07-10","129337205","PO",4,,,,"","ALMA","SWA553A1",30026,8002,"2023-07-10","2023-08-10","USD",93.00,100,"3XS:20|2XS:20|XS:20|S:10|M:10|L:10|XL:10"
251067,"2022-09-15 08:39:53.45","#SWA554",50.00,68.00,93.00,120.90,"2023-07-10","129337209","PO",4,,,,"","ALMA","SWA554A0",30027,1002,"2023-07-10","2023-08-10","USD",93.00,100,"3XS:20|2XS:20|XS:20|S:10|M:10|L:10|XL:10"
251068,"2022-09-15 08:39:53.45","#SWA555",50.00,68.00,93.00,120.90,"2023-07-10","129337209","PO",4,,,,"","ALMA","SWA555A1",30066,1016,"2023-07-10","2023-08-10","USD",93.00,100,"3XS:20|2XS:20|XS:20|S:10|M:10|L:10|XL:10"
251069,"2022-09-15 08:39:53.45","#SWA556",50.00,68.00,93.00,120.90,"2023-07-10","129337209","PO",4,,,,"","ALMA","SWA556A0",30067,3002,"2023-07-10","2023-08-10","USD",93.00,100,"3XS:20|2XS:20|XS:20|S:10|M:10|L:10|XL:10"
251070,"2022-09-15 08:39:53.45","#SWA557",50.00,68.00,93.00,120.90,"2023-07-10","129337209","PO",4,,,,"","ALMA","SWA557A1",30068,4002,"2023-07-10","2023-08-10","USD",93.00,100,"3XS:20|2XS:20|XS:20|S:10|M:10|L:10|XL:10"
251071,"2022-09-15 08:39:53.45","#SWA558",50.00,68.00,93.00,120.90,"2023-07-10","129337209","PO",4,,,,"","ALMA","SWA558A1",30069,5002,"2023-07-10","2023-08-10","USD",93.00,100,"3XS:20|2XS:20|XS:20|S:10|M:10|L:10|XL:10"
251072,"2022-09-15 08:39:53.45","#SWA559",50.00,68.00,93.00,120.90,"2023-07-10","129337209","PO",4,,,,"","ALMA","SWA559A0",30070,6002,"2023-07-10","2023-08-10","USD",93.00,100,"3XS:20|2XS:20|XS:20|S:10|M:10|L:10|XL:10"
251073,"2022-09-15 08:39:53.45","#SWA560",50.00,68.00,93.00,120.90,"2023-07-10","129337209","PO",4,,,,"","ALMA","SWA560A1",30071,8002,"2023-07-10","2023-08-10","USD",93.00,100,"3XS:20|2XS:20|XS:20|S:10|M:10|L:10|XL:10"
251074,"2022-09-15 08:39:53.45","#SWA561",50.00,68.00,93.00,120.90,"2023-07-10","129337212","PO",4,,,,"","ALMA","SWA561A0",30072,1002,"2023-07-10","2023-08-10","USD",93.00,100,"3XS:20|2XS:20|XS:20|S:10|M:10|L:10|XL:10"
251075,"2022-09-15 08:39:53.45","#SWA562",50.00,68.00,93.00,120.90,"2023-07-10","129337212","PO",4,,,,"","ALMA","SWA562A1",30073,1016,"2023-07-10","2023-08-10","USD",93.00,100,"3XS:20|2XS:20|XS:20|S:10|M:10|L:10|XL:10"
251076,"2022-09-15 08:39:53.45","#SWA563",50.00,68.00,93.00,120.90,"2023-07-10","129337212","PO",4,,,,"","ALMA","SWA563A1",30029,3002,"2023-07-10","2023-08-10","USD",93.00,100,"3XS:20|2XS:20|XS:20|S:10|M:10|L:10|XL:10"
251077,"2022-09-15 08:39:53.45","#SWA564",50.00,68.00,93.00,120.90,"2023-07-10","129337212","PO",4,,,,"","ALMA","SWA564A0",30013,4002,"2023-07-10","2023-08-10","USD",93.00,100,"3XS:20|2XS:20|XS:20|S:10|M:10|L:10|XL:10"
251078,"2022-09-15 08:39:53.45","#SWA565",50.00,68.00,93.00,120.90,"2023-07-10","129337212","PO",4,,,,"","ALMA","SWA565A1",30022,5002,"2023-07-10","2023-08-10","USD",93.00,100,"3XS:20|2XS:20|XS:20|S:10|M:10|L:10|XL:10"
251079,"2022-09-15 08:39:53.45","#SWA566",50.00,68.00,93.00,120.90,"2023-07-10","129337212","PO",4,,,,"","ALMA","SWA566A0",30045,6002,"2023-07-10","2023-08-10","USD",93.00,100,"3XS:20|2XS:20|XS:20|S:10|M:10|L:10|XL:10"
251080,"2022-09-15 08:39:53.45","#SWA567",50.00,68.00,93.00,120.90,"2023-07-10","129337212","PO",4,,,,"","ALMA","SWA567A1",30046,8002,"2023-07-10","2023-08-10","USD",93.00,100,"3XS:20|2XS:20|XS:20|S:10|M:10|L:10|XL:10"
251081,"2022-09-15 08:39:53.45","#SWA568",50.00,68.00,93.00,120.90,"2023-07-10","129337222","PO",4,,,,"","ALMA","SWA568A1",30047,1002,"2023-07-10","2023-08-10","USD",93.00,100,"3XS:20|2XS:20|XS:20|S:10|M:10|L:10|XL:10"
251082,"2022-09-15 08:39:53.45","#SWA569",50.00,68.00,93.00,120.90,"2023-07-10","129337222","PO",4,,,,"","ALMA","SWA569A0",30065,1016,"2023-07-10","2023-08-10","USD",93.00,100,"3XS:20|2XS:20|XS:20|S:10|M:10|L:10|XL:10"
251083,"2022-09-15 08:39:53.45","#SWA570",50.00,68.00,93.00,120.90,"2023-07-10","129337222","PO",4,,,,"","ALMA","SWA570A1",30074,3002,"2023-07-10","2023-08-10","USD",93.00,100,"3XS:20|2XS:20|XS:20|S:10|M:10|L:10|XL:10"
251084,"2022-09-15 08:39:53.45","#SWA571",50.00,68.00,93.00,120.90,"2023-07-10","129337222","PO",4,,,,"","ALMA","SWA571A0",30075,4002,"2023-07-10","2023-08-10","USD",93.00,100,"3XS:20|2XS:20|XS:20|S:10|M:10|L:10|XL:10"
251085,"2022-09-15 08:39:53.45","#SWA572",50.00,68.00,93.00,120.90,"2023-07-10","129337222","PO",4,,,,"","ALMA","SWA572A1",30025,5002,"2023-07-10","2023-08-10","USD",93.00,100,"3XS:20|2XS:20|XS:20|S:10|M:10|L:10|XL:10"
251086,"2022-09-15 08:39:53.45","#SWA573",50.00,68.00,93.00,120.90,"2023-07-10","129337222","PO",4,,,,"","ALMA","SWA573A1",30026,6002,"2023-07-10","2023-08-10","USD",93.00,100,"3XS:20|2XS:20|XS:20|S:10|M:10|L:10|XL:10"
251087,"2022-09-15 08:39:53.45","#SWA574",50.00,68.00,93.00,120.90,"2023-07-10","129337222","PO",4,,,,"","ALMA","SWA574A0",30027,8002,"2023-07-10","2023-08-10","USD",93.00,100,"3XS:20|2XS:20|XS:20|S:10|M:10|L:10|XL:10"
251088,"2022-09-15 08:39:53.45","#SWA575",50.00,68.00,93.00,120.90,"2023-07-10","129337225","PO",4,,,,"","ALMA","SWA575A1",30066,1002,"2023-07-10","2023-08-10","USD",93.00,100,"3XS:20|2XS:20|XS:20|S:10|M:10|L:10|XL:10"
251089,"2022-09-15 08:39:53.45","#SWA576",50.00,68.00,93.00,120.90,"2023-07-10","129337225","PO",4,,,,"","ALMA","SWA576A0",30067,1016,"2023-07-10","2023-08-10","USD",93.00,100,"3XS:20|2XS:20|XS:20|S:10|M:10|L:10|XL:10"
251090,"2022-09-15 08:39:53.45","#SWA577",50.00,68.00,93.00,120.90,"2023-07-10","129337225","PO",4,,,,"","ALMA","SWA577A1",30068,3002,"2023-07-10","2023-08-10","USD",93.00,100,"3XS:20|2XS:20|XS:20|S:10|M:10|L:10|XL:10"
251091,"2022-09-15 08:39:53.45","#SWA578",50.00,68.00,93.00,120.90,"2023-07-10","129337225","PO",4,,,,"","ALMA","SWA578A1",30069,4002,"2023-07-10","2023-08-10","USD",93.00,100,"3XS:20|2XS:20|XS:20|S:10|M:10|L:10|XL:10"
251092,"2022-09-15 08:39:53.45","#SWA579",50.00,68.00,93.00,120.90,"2023-07-10","129337225","PO",4,,,,"","ALMA","SWA579A0",30070,5002,"2023-07-10","2023-08-10","USD",93.00,100,"3XS:20|2XS:20|XS:20|S:10|M:10|L:10|XL:10"
251093,"2022-09-15 08:39:53.45","#SWA580",50.00,68.00,93.00,120.90,"2023-07-10","129337225","PO",4,,,,"","ALMA","SWA580A1",30071,6002,"2023-07-10","2023-08-10","USD",93.00,100,"3XS:20|2XS:20|XS:20|S:10|M:10|L:10|XL:10"
251094,"2022-09-15 08:39:53.45","#SWA581",50.00,68.00,93.00,120.90,"2023-07-10","129337225","PO",4,,,,"","ALMA","SWA581A0",30072,8002,"2023-07-10","2023-08-10","USD",93.00,100,"3XS:20|2XS:20|XS:20|S:10|M:10|L:10|XL:10"
251095,"2022-09-15 08:39:53.45","#SWA582",50.00,68.00,93.00,120.90,"2023-07-10","129337226","PO",4,,,,"","ALMA","SWA582A1",30073,1002,"2023-07-10","2023-08-10","USD",93.00,100,"3XS:20|2XS:20|XS:20|S:10|M:10|L:10|XL:10"
251096,"2022-09-15 08:39:53.45","#SWA583",50.00,68.00,93.00,120.90,"2023-07-10","129337226","PO",4,,,,"","ALMA","SWA583A1",30029,1016,"2023-07-10","2023-08-10","USD",93.00,100,"3XS:20|2XS:20|XS:20|S:10|M:10|L:10|XL:10"
251097,"2022-09-15 08:39:53.45","#SWA584",50.00,68.00,93.00,120.90,"2023-07-10","129337226","PO",4,,,,"","ALMA","SWA584A0",30013,3002,"2023-07-10","2023-08-10","USD",93.00,100,"3XS:20|2XS:20|XS:20|S:10|M:10|L:10|XL:10"
251098,"2022-09-15 08:39:53.45","#SWA585",50.00,68.00,93.00,120.90,"2023-07-10","129337226","PO",4,,,,"","ALMA","SWA585A1",30022,4002,"2023-07-10","2023-08-10","USD",93.00,100,"3XS:20|2XS:20|XS:20|S:10|M:10|L:10|XL:10"
251099,"2022-09-15 08:39:53.45","#SWA586",50.00,68.00,93.00,120.90,"2023-07-10","129337226","PO",4,,,,"","ALMA","SWA586A0",30045,5002,"2023-07-10","2023-08-10","USD",93.00,100,"3XS:20|2XS:20|XS:20|S:10|M:10|L:10|XL:10"
251100,"2022-09-15 08:39:53.45","#SWA587",50.00,68.00,93.00,120.90,"2023-07-10","129337226","PO",4,,,,"","ALMA","SWA587A1",30046,6002,"2023-07-10","2023-08-10","USD",93.00,100,"3XS:20|2XS:20|XS:20|S:10|M:10|L:10|XL:10"
251101,"2022-09-15 08:39:53.45","#SWA588",50.00,68.00,93.00,120.90,"2023-07-10","129337226","PO",4,,,,"","ALMA","SWA588A1",30047,8002,"2023-07-10","2023-08-10","USD",93.00,100,"3XS:20|2XS:20|XS:20|S:10|M:10|L:10|XL:10"
251102,"2022-09-15 08:39:53.45","#SWA589",50.00,68.00,93.00,120.90,"2023-07-10","129337229","PO",4,,,,"","ALMA","SWA589A0",30065,1002,"2023-07-10","2023-08-10","USD",93.00,100,"3XS:20|2XS:20|XS:20|S:10|M:10|L:10|XL:10"
251103,"2022-09-15 08:39:53.45","#SWA590",50.00,68.00,93.00,120.90,"2023-07-10","129337229","PO",4,,,,"","ALMA","SWA590A1",30074,1016,"2023-07-10","2023-08-10","USD",93.00,100,"3XS:20|2XS:20|XS:20|S:10|M:10|L:10|XL:10"
251104,"2022-09-15 08:39:53.45","#SWA591",50.00,68.00,93.00,120.90,"2023-07-10","129337229","PO",4,,,,"","ALMA","SWA591A0",30075,3002,"2023-07-10","2023-08-10","USD",93.00,100,"3XS:20|2XS:20|XS:20|S:10|M:10|L:10|XL:10"
251105,"2022-09-15 08:39:53.45","#SWA592",50.00,68.00,93.00,120.90,"2023-07-10","129337229","PO",4,,,,"","ALMA","SWA592A1",30025,4002,"2023-07-10","2023-08-10","USD",93.00,100,"3XS:20|2XS:20|XS:20|S:10|M:10|L:10|XL:10"
251106,"2022-09-15 08:39:53.45","#SWA593",50.00,68.00,93.00,120.90,"2023-07-10","129337229","PO",4,,,,"","ALMA","SWA593A1",30026,5002,"2023-07-10","2023-08-10","USD",93.00,100,"3XS:20|2XS:20|XS:20|S:10|M:10|L:10|XL:10"
251107,"2022-09-15 08:39:53.45","#SWA594",50.00,68.00,93.00,120.90,"2023-07-10","129337229","PO",4,,,,"","ALMA","SWA594A0",30027,6002,"2023-07-10","2023-08-10","USD",93.00,100,"3XS:20|2XS:20|XS:20|S:10|M:10|L:10|XL:10"
251108,"2022-09-15 08:39:53.45","#SWA595",50.00,68.00,93.00,120.90,"2023-07-10","129337229","PO",4,,,,"","ALMA","SWA595A1",30066,8002,"2023-07-10","2023-08-10","USD",93.00,100,"3XS:20|2XS:20|XS:20|S:10|M:10|L:10|XL:10"
251109,"2022-09-15 08:39:53.45","#SWA596",50.00,68.00,93.00,120.90,"2023-07-10","129337233","PO",4,,,,"","ALMA","SWA596A0",30067,1002,"2023-07-10","2023-08-10","USD",93.00,100,"3XS:20|2XS:20|XS:20|S:10|M:10|L:10|XL:10"
251110,"2022-09-15 08:39:53.45","#SWA597",50.00,68.00,93.00,120.90,"2023-07-10","129337233","PO",4,,,,"","ALMA","SWA597A1",30068,1016,"2023-07-10","2023-08-10","USD",93.00,100,"3XS:20|2XS:20|XS:20|S:10|M:10|L:10|XL:10"
251111,"2022-09-15 08:39:53.45","#SWA598",50.00,68.00,93.00,120.90,"2023-07-10","129337233","PO",4,,,,"","ALMA","SWA598A1",30069,3002,"2023-07-10","2023-08-10","USD",93.00,100,"3XS:20|2XS:20|XS:20|S:10|M:10|L:10|XL:10"
251112,"2022-09-15 08:39:53.45","#SWA599",50.00,68.00,93.00,120.90,"2023-07-10","129337233","PO",4,,,,"","ALMA","SWA599A0",30070,4002,"2023-07-10","2023-08-10","USD",93.00,100,"3XS:20|2XS:20|XS:20|S:10|M:10|L:10|XL:10"
251113,"2022-09-15 08:39:53.45","#SWA600",50.00,68.00,93.00,120.90,"2023-07-10","129337233","PO",4,,,,"","ALMA","SWA600A1",30071,5002,"2023-07-10","2023-08-10","USD",93.00,100,"3XS:20|2XS:20|XS:20|S:10|M:10|L:10|XL:10"
251114,"2022-09-15 08:39:53.45","#SWA601",50.00,68.00,93.00,120.90,"2023-07-10","129337233","PO",4,,,,"","ALMA","SWA601A0",30072,6002,"2023-07-10","2023-08-10","USD",93.00,100,"3XS:20|2XS:20|XS:20|S:10|M:10|L:10|XL:10"
251115,"2022-09-15 08:39:53.45","#SWA602",50.00,68.00,93.00,120.90,"2023-07-10","129337233","PO",4,,,,"","ALMA","SWA602A1",30073,8002,"2023-07-10","2023-08-10","USD",93.00,100,"3XS:20|2XS:20|XS:20|S:10|M:10|L:10|XL:10"
251116,"2022-09-15 08:39:53.45","#SWA603",50.00,68.00,93.00,120.90,"2023-07-10","129337235","PO",4,,,,"","ALMA","SWA603A1",30029,1002,"2023-07-10","2023-08-10","USD",93.00,100,"3XS:20|2XS:20|XS:20|S:10|M:10|L:10|XL:10"
251117,"2022-09-15 08:39:53.45","#SWA604",50.00,68.00,93.00,120.90,"2023-07-10","129337235","PO",4,,,,"","ALMA","SWA604A0",30013,1016,"2023-07-10","2023-08-10","USD",93.00,100,"3XS:20|2XS:20|XS:20|S:10|M:10|L:10|XL:10"
251118,"2022-09-15 08:39:53.45","#SWA605",50.00,68.00,93.00,120.90,"2023-07-10","129337235","PO",4,,,,"","ALMA","SWA605A1",30022,3002,"2023-07-10","2023-08-10","USD",93.00,100,"3XS:20|2XS:20|XS:20|S:10|M:10|L:10|XL:10"
251119,"2022-09-15 08:39:53.45","#SWA606",50.00,68.00,93.00,120.90,"2023-07-10","129337235","PO",4,,,,"","ALMA","SWA606A0",30045,4002,"2023-07-10","2023-08-10","USD",93.00,100,"3XS:20|2XS:20|XS:20|S:10|M:10|L:10|XL:10"
251120,"2022-09-15 08:39:53.45","#SWA607",50.00,68.00,93.00,120.90,"2023-07-10","129337235","PO",4,,,,"","ALMA","SWA607A1",30046,5002,"2023-07-10","2023-08-10","USD",93.00,100,"3XS:20|2XS:20|XS:20|S:10|M:10|L:10|XL:10"
251121,"2022-09-15 08:39:53.45","#SWA608",50.00,68.00,93.00,120.90,"2023-07-10","129337235","PO",4,,,,"","ALMA","SWA608A1",30047,6002,"2023-07-10","2023-08-10","USD",93.00,100,"3XS:20|2XS:20|XS:20|S:10|M:10|L:10|XL:10"
251122,"2022-09-15 08:39:53.45","#SWA609",50.00,68.00,93.00,120.90,"2023-07-10","129337235","PO",4,,,,"","ALMA","SWA609A0",30065,8002,"2023-07-10","2023-08-10","USD",93.00,100,"3XS:20|2XS:20|XS:20|S:10|M:10|L:10|XL:10"
251123,"2022-09-15 08:39:53.45","#SWA610",50.00,68.00,93.00,120.90,"2023-07-10","129337236","PO",4,,,,"","ALMA","SWA610A1",30074,1002,"2023-07-10","2023-08-10","USD",93.00,100,"3XS:20|2XS:20|XS:20|S:10|M:10|L:10|XL:10"
251124,"2022-09-15 08:39:53.45","#SWA611",50.00,68.00,93.00,120.90,"2023-07-10","129337236","PO",4,,,,"","ALMA","SWA611A0",30075,1016,"2023-07-10","2023-08-10","USD",93.00,100,"3XS:20|2XS:20|XS:20|S:10|M:10|L:10|XL:10"
251125,"2022-09-15 08:39:53.45","#SWA612",50.00,68.00,93.00,120.90,"2023-07-10","129337236","PO",4,,,,"","ALMA","SWA612A1",30025,3002,"2023-07-10","2023-08-10","USD",93.00,100,"3XS:20|2XS:20|XS:20|S:10|M:10|L:10|XL:10"
251126,"2022-09-15 08:39:53.45","#SWA613",50.00,68.00,93.00,120.90,"2023-07-10","129337236","PO",4,,,,"","ALMA","SWA613A1",30026,4002,"2023-07-10","2023-08-10","USD",93.00,100,"3XS:20|2XS:20|XS:20|S:10|M:10|L:10|XL:10"
251127,"2022-09-15 08:39:53.45","#SWA614",50.00,68.00,93.00,120.90,"2023-07-10","129337236","PO",4,,,,"","ALMA","SWA614A0",30027,5002,"2023-07-10","2023-08-10","USD",93.00,100,"3XS:20|2XS:20|XS:20|S:10|M:10|L:10|XL:10"
251128,"2022-09-15 08:39:53.45","#SWA615",50.00,68.00,93.00,120.90,"2023-07-10","129337236","PO",4,,,,"","ALMA","SWA615A1",30066,6002,"2023-07-10","2023-08-10","USD",93.00,100,"3XS:20|2XS:20|XS:20|S:10|M:10|L:10|XL:10"
251129,"2022-09-15 08:39:53.45","#SWA616",50.00,68.00,93.00,120.90,"2023-07-10","129337236","PO",4,,,,"","ALMA","SWA616A0",30067,8002,"2023-07-10","2023-08-10","USD",93.00,100,"3XS:20|2XS:20|XS:20|S:10|M:10|L:10|XL:10"
251130,"2022-09-15 08:39:53.45","#SWA617",50.00,68.00,93.00,120.90,"2023-07-10","129337237","PO",4,,,,"","ALMA","SWA617A1",30068,1002,"2023-07-10","2023-08-10","USD",93.00,100,"3XS:20|2XS:20|XS:20|S:10|M:10|L:10|XL:10"
251131,"2022-09-15 08:39:53.45","#SWA618",50.00,68.00,93.00,120.90,"2023-07-10","129337237","PO",4,,,,"","ALMA","SWA618A1",30069,1016,"2023-07-10","2023-08-10","USD",93.00,100,"3XS:20|2XS:20|XS:20|S:10|M:10|L:10|XL:10"
251132,"2022-09-15 08:39:53.45","#SWA619",50.00,68.00,93.00,120.90,"2023-07-10","129337237","PO",4,,,,"","ALMA","SWA619A0",30070,3002,"2023-07-10","2023-08-10","USD",93.00,100,"3XS:20|2XS:20|XS:20|S:10|M:10|L:10|XL:10"
251133,"2022-09-15 08:39:53.45","#SWA620",50.00,68.00,93.00,120.90,"2023-07-10","129337237","PO",4,,,,"","ALMA","SWA620A1",30071,4002,"2023-07-10","2023-08-10","USD",93.00,100,"3XS:20|2XS:20|XS:20|S:10|M:10|L:10|XL:10"
251134,"2022-09-15 08:39:53.45","#SWA621",50.00,68.00,93.00,120.90,"2023-07-10","129337237","PO",4,,,,"","ALMA","SWA621A0",30072,5002,"2023-07-10","2023-08-10","USD",93.00,100,"3XS:20|2XS:20|XS:20|S:10|M:10|L:10|XL:10"
251135,"2022-09-15 08:39:53.45","#SWA622",50.00,68.00,93.00,120.90,"2023-07-10","129337237","PO",4,,,,"","ALMA","SWA622A1",30073,6002,"2023-07-10","2023-08-10","USD",93.00,100,"3XS:20|2XS:20|XS:20|S:10|M:10|L:10|XL:10"
251136,"2022-09-15 08:39:53.45","#SWA623",50.00,68.00,93.00,120.90,"2023-07-10","129337237","PO",4,,,,"","ALMA","SWA623A1",30029,8002,"2023-07-10","2023-08-10","USD",93.00,100,"3XS:20|2XS:20|XS:20|S:10|M:10|L:10|XL:10"
251137,"2022-09-15 08:39:53.45","#SWA624",50.00,68.00,93.00,120.90,"2023-07-10","129337241","PO",4,,,,"","ALMA","SWA624A0",30013,1002,"2023-07-10","2023-08-10","USD",93.00,100,"3XS:20|2XS:20|XS:20|S:10|M:10|L:10|XL:10"
251138,"2022-09-15 08:39:53.45","#SWA625",50.00,68.00,93.00,120.90,"2023-07-10","129337241","PO",4,,,,"","ALMA","SWA625A1",30022,1016,"2023-07-10","2023-08-10","USD",93.00,100,"3XS:20|2XS:20|XS:20|S:10|M:10|L:10|XL:10"
251139,"2022-09-15 08:39:53.45","#SWA626",50.00,68.00,93.00,120.90,"2023-07-10","129337241","PO",4,,,,"","ALMA","SWA626A0",30045,3002,"2023-07-10","2023-08-10","USD",93.00,100,"3XS:20|2XS:20|XS:20|S:10|M:10|L:10|XL:10"
251140,"2022-09-15 08:39:53.45","#SWA627",50.00,68.00,93.00,120.90,"2023-07-10","129337241","PO",4,,,,"","ALMA","SWA627A1",30046,4002,"2023-07-10","2023-08-10","USD",93.00,100,"3XS:20|2XS:20|XS:20|S:10|M:10|L:10|XL:10"
251141,"2022-09-15 08:39:53.45","#SWA628",50.00,68.00,93.00,120.90,"2023-07-10","129337241","PO",4,,,,"","ALMA","SWA628A1",30047,5002,"2023-07-10","2023-08-10","USD",93.00,100,"3XS:20|2XS:20|XS:20|S:10|M:10|L:10|XL:10"
251142,"2022-09-15 08:39:53.45","#SWA629",50.00,68.00,93.00,120.90,"2023-07-10","129337241","PO",4,,,,"","ALMA","SWA629A0",30065,6002,"2023-07-10","2023-08-10","USD",93.00,100,"3XS:20|2XS:20|XS:20|S:10|M:10|L:10|XL:10"
251143,"2022-09-15 08:39:53.45","#SWA630",50.00,68.00,93.00,120.90,"2023-07-10","129337241","PO",4,,,,"","ALMA","SWA630A1",30074,8002,"2023-07-10","2023-08-10","USD",93.00,100,"3XS:20|2XS:20|XS:20|S:10|M:10|L:10|XL:10"
251144,"2022-09-15 08:39:53.45","#SWA631",50.00,68.00,93.00,120.90,"2023-07-10","129337243","PO",4,,,,"","ALMA","SWA631A0",30075,1002,"2023-07-10","2023-08-10","USD",93.00,100,"3XS:20|2XS:20|XS:20|S:10|M:10|L:10|XL:10"
251145,"2022-09-15 08:39:53.45","#SWA632",50.00,68.00,93.00,120.90,"2023-07-10","129337243","PO",4,,,,"","ALMA","SWA632A1",30025,1016,"2023-07-10","2023-08-10","USD",93.00,100,"3XS:20|2XS:20|XS:20|S:10|M:10|L:10|XL:10"
251146,"2022-09-15 08:39:53.45","#SWA633",50.00,68.00,93.00,120.90,"2023-07-10","129337243","PO",4,,,,"","ALMA","SWA633A1",30026,3002,"2023-07-10","2023-08-10","USD",93.00,100,"3XS:20|2XS:20|XS:20|S:10|M:10|L:10|XL:10"
251147,"2022-09-15 08:39:53.45","#SWA634",50.00,68.00,93.00,120.90,"2023-07-10","129337243","PO",4,,,,"","ALMA","SWA634A0",30027,4002,"2023-07-10","2023-08-10","USD",93.00,100,"3XS:20|2XS:20|XS:20|S:10|M:10|L:10|XL:10"
251148,"2022-09-15 08:39:53.45","#SWA635",50.00,68.00,93.00,120.90,"2023-07-10","129337243","PO",4,,,,"","ALMA","SWA635A1",30066,5002,"2023-07-10","2023-08-10","USD",93.00,100,"3XS:20|2XS:20|XS:20|S:10|M:10|L:10|XL:10"
251149,"2022-09-15 08:39:53.45","#SWA636",50.00,68.00,93.00,120.90,"2023-07-10","129337243","PO",4,,,,"","ALMA","SWA636A0",30067,6002,"2023-07-10","2023-08-10","USD",93.00,100,"3XS:20|2XS:20|XS:20|S:10|M:10|L:10|XL:10"
251150,"2022-09-15 08:39:53.45","#SWA637",50.00,68.00,93.00,120.90,"2023-07-10","129337243","PO",4,,,,"","ALMA","SWA637A1",30068,8002,"2023-07-10","2023-08-10","USD",93.00,100,"3XS:20|2XS:20|XS:20|S:10|M:10|L:10|XL:10"
251151,"2022-09-15 08:39:53.45","#SWA638",50.00,68.00,93.00,120.90,"2023-07-10","129337248","PO",4,,,,"","ALMA","SWA638A1",30069,1002,"2023-07-10","2023-08-10","USD",93.00,100,"3XS:20|2XS:20|XS:20|S:10|M:10|L:10|XL:10"
251152,"2022-09-15 08:39:53.45","#SWA639",50.00,68.00,93.00,120.90,"2023-07-10","129337248","PO",4,,,,"","ALMA","SWA639A0",30070,1016,"2023-07-10","2023-08-10","USD",93.00,100,"3XS:20|2XS:20|XS:20|S:10|M:10|L:10|XL:10"
251153,"2022-09-15 08:39:53.45","#SWA640",50.00,68.00,93.00,120.90,"2023-07-10","129337248","PO",4,,,,"","ALMA","SWA640A1",30071,3002,"2023-07-10","2023-08-10","USD",93.00,100,"3XS:20|2XS:20|XS:20|S:10|M:10|L:10|XL:10"
251154,"2022-09-15 08:39:53.45","#SWA641",50.00,68.00,93.00,120.90,"2023-07-10","129337248","PO",4,,,,"","ALMA","SWA641A0",30072,4002,"2023-07-10","2023-08-10","USD",93.00,100,"3XS:20|2XS:20|XS:20|S:10|M:10|L:10|XL:10"
251155,"2022-09-15 08:39:53.45","#SWA642",50.00,68.00,93.00,120.90,"2023-07-10","129337248","PO",4,,,,"","ALMA","SWA642A1",30073,5002,"2023-07-10","2023-08-10","USD",93.00,100,"3XS:20|2XS:20|XS:20|S:10|M:10|L:10|XL:10"
251156,"2022-09-15 08:39:53.45","#SWA643",50.00,68.00,93.00,120.90,"2023-07-10","129337248","PO",4,,,,"","ALMA","SWA643A1",30029,6002,"2023-07-10","2023-08-10","USD",93.00,100,"3XS:20|2XS:20|XS:20|S:10|M:10|L:10|XL:10"
251157,"2022-09-15 08:39:53.45","#SWA644",50.00,68.00,93.00,120.90,"2023-07-10","129337248","PO",4,,,,"","ALMA","SWA644A0",30013,8002,"2023-07-10","2023-08-10","USD",93.00,100,"3XS:20|2XS:20|XS:20|S:10|M:10|L:10|XL:10"
251158,"2022-09-15 08:39:53.45","#SWA645",50.00,68.00,93.00,120.90,"2023-07-10","129337249","PO",4,,,,"","ALMA","SWA645A1",30022,1002,"2023-07-10","2023-08-10","USD",93.00,100,"3XS:20|2XS:20|XS:20|S:10|M:10|L:10|XL:10"
251159,"2022-09-15 08:39:53.45","#SWA646",50.00,68.00,93.00,120.90,"2023-07-10","129337249","PO",4,,,,"","ALMA","SWA646A0",30045,1016,"2023-07-10","2023-08-10","USD",93.00,100,"3XS:20|2XS:20|XS:20|S:10|M:10|L:10|XL:10"
251160,"2022-09-15 08:39:53.45","#SWA647",50.00,68.00,93.00,120.90,"2023-07-10","129337249","PO",4,,,,"","ALMA","SWA647A1",30046,3002,"2023-07-10","2023-08-10","USD",93.00,100,"3XS:20|2XS:20|XS:20|S:10|M:10|L:10|XL:10"
251161,"2022-09-15 08:39:53.45","#SWA648",50.00,68.00,93.00,120.90,"2023-07-10","129337249","PO",4,,,,"","ALMA","SWA648A1",30047,4002,"2023-07-10","2023-08-10","USD",93.00,100,"3XS:20|2XS:20|XS:20|S:10|M:10|L:10|XL:10"
251162,"2022-09-15 08:39:53.45","#SWA649",50.00,68.00,93.00,120.90,"2023-07-10","129337249","PO",4,,,,"","ALMA","SWA649A0",30065,5002,"2023-07-10","2023-08-10","USD",93.00,100,"3XS:20|2XS:20|XS:20|S:10|M:10|L:10|XL:10"
251163,"2022-09-15 08:39:53.45","#SWA650",50.00,68.00,93.00,120.90,"2023-07-10","129337249","PO",4,,,,"","ALMA","SWA650A1",30074,6002,"2023-07-10","2023-08-10","USD",93.00,100,"3XS:20|2XS:20|XS:20|S:10|M:10|L:10|XL:10"
251164,"2022-09-15 08:39:53.45","#SWA651",50.00,68.00,93.00,120.90,"2023-07-10","129337249","PO",4,,,,"","ALMA","SWA651A0",30075,8002,"2023-07-10","2023-08-10","USD",93.00,100,"3XS:20|2XS:20|XS:20|S:10|M:10|L:10|XL:10"
251165,"2022-09-15 08:39:53.45","#SWA652",50.00,68.00,93.00,120.90,"2023-07-10","129337251","PO",4,,,,"","ALMA","SWA652A1",30025,1002,"2023-07-10","2023-08-10","USD",93.00,100,"3XS:20|2XS:20|XS:20|S:10|M:10|L:10|XL:10"
251166,"2022-09-15 08:39:53.45","#SWA653",50.00,68.00,93.00,120.90,"2023-07-10","129337251","PO",4,,,,"","ALMA","SWA653A1",30026,1016,"2023-07-10","2023-08-10","USD",93.00,100,"3XS:20|2XS:20|XS:20|S:10|M:10|L:10|XL:10"
251167,"2022-09-15 08:39:53.45","#SWA654",50.00,68.00,93.00,120.90,"2023-07-10","129337251","PO",4,,,,"","ALMA","SWA654A0",30027,3002,"2023-07-10","2023-08-10","USD",93.00,100,"3XS:20|2XS:20|XS:20|S:10|M:10|L:10|XL:10"
251168,"2022-09-15 08:39:53.45","#SWA655",50.00,68.00,93.00,120.90,"2023-07-10","129337251","PO",4,,,,"","ALMA","SWA655A1",30066,4002,"2023-07-10","2023-08-10","USD",93.00,100,"3XS:20|2XS:20|XS:20|S:10|M:10|L:10|XL:10"
251169,"2022-09-15 08:39:53.45","#SWA656",50.00,68.00,93.00,120.90,"2023-07-10","129337251","PO",4,,,,"","ALMA","SWA656A0",30067,5002,"2023-07-10","2023-08-10","USD",93.00,100,"3XS:20|2XS:20|XS:20|S:10|M:10|L:10|XL:10"
251170,"2022-09-15 08:39:53.45","#SWA657",50.00,68.00,93.00,120.90,"2023-07-10","129337251","PO",4,,,,"","ALMA","SWA657A1",30068,6002,"2023-07-10","2023-08-10","USD",93.00,100,"3XS:20|2XS:20|XS:20|S:10|M:10|L:10|XL:10"
251171,"2022-09-15 08:39:53.45","#SWA658",50.00,68.00,93.00,120.90,"2023-07-10","129337251","PO",4,,,,"","ALMA","SWA658A1",30069,8002,"2023-07-10","2023-08-10","USD",93.00,100,"3XS:20|2XS:20|XS:20|S:10|M:10|L:10|XL:10"
251172,"2022-09-15 08:39:53.45","#SWA659",50.00,68.00,93.00,120.90,"2023-07-10","129337252","PO",4,,,,"","ALMA","SWA659A0",30070,1002,"2023-07-10","2023-08-10","USD",93.00,100,"3XS:20|2XS:20|XS:20|S:10|M:10|L:10|XL:10"
251173,"2022-09-15 08:39:53.45","#SWA660",50.00,68.00,93.00,120.90,"2023-07-10","129337252","PO",4,,,,"","ALMA","SWA660A1",30071,1016,"2023-07-10","2023-08-10","USD",93.00,100,"3XS:20|2XS:20|XS:20|S:10|M:10|L:10|XL:10"
251174,"2022-09-15 08:39:53.45","#SWA661",50.00,68.00,93.00,120.90,"2023-07-10","129337252","PO",4,,,,"","ALMA","SWA661A0",30072,3002,"2023-07-10","2023-08-10","USD",93.00,100,"3XS:20|2XS:20|XS:20|S:10|M:10|L:10|XL:10"
251175,"2022-09-15 08:39:53.45","#SWA662",50.00,68.00,93.00,120.90,"2023-07-10","129337252","PO",4,,,,"","ALMA","SWA662A1",30073,4002,"2023-07-10","2023-08-10","USD",93.00,100,"3XS:20|2XS:20|XS:20|S:10|M:10|L:10|XL:10"
251176,"2022-09-15 08:39:53.45","#SWA663",50.00,68.00,93.00,120.90,"2023-07-10","129337252","PO",4,,,,"","ALMA","SWA663A1",30029,5002,"2023-07-10","2023-08-10","USD",93.00,100,"3XS:20|2XS:20|XS:20|S:10|M:10|L:10|XL:10"
251177,"2022-09-15 08:39:53.45","#SWA664",50.00,68.00,93.00,120.90,"2023-07-10","129337252","PO",4,,,,"","ALMA","SWA664A0",30013,6002,"2023-07-10","2023-08-10","USD",93.00,100,"3XS:20|2XS:20|XS:20|S:10|M:10|L:10|XL:10"
251178,"2022-09-15 08:39:53.45","#SWA665",50.00,68.00,93.00,120.90,"2023-07-10","129337252","PO",4,,,,"","ALMA","SWA665A1",30022,8002,"2023-07-10","2023-08-10","USD",93.00,100,"3XS:20|2XS:20|XS:20|S:10|M:10|L:10|XL:10"
251179,"2022-09-15 08:39:53.45","#SWA666",50.00,68.00,93.00,120.90,"2023-07-10","129337253","PO",4,,,,"","ALMA","SWA666A0",30045,1002,"2023-07-10","2023-08-10","USD",93.00,100,"3XS:20|2XS:20|XS:20|S:10|M:10|L:10|XL:10"
251180,"2022-09-15 08:39:53.45","#SWA667",50.00,68.00,93.00,120.90,"2023-07-10","129337253","PO",4,,,,"","ALMA","SWA667A1",30046,1016,"2023-07-10","2023-08-10","USD",93.00,100,"3XS:20|2XS:20|XS:20|S:10|M:10|L:10|XL:10"
251181,"2022-09-15 08:39:53.45","#SWA668",50.00,68.00,93.00,120.90,"2023-07-10","129337253","PO",4,,,,"","ALMA","SWA668A1",30047,3002,"2023-07-10","2023-08-10","USD",93.00,100,"3XS:20|2XS:20|XS:20|S:10|M:10|L:10|XL:10"
251182,"2022-09-15 08:39:53.45","#SWA669",50.00,68.00,93.00,120.90,"2023-07-10","129337253","PO",4,,,,"","ALMA","SWA669A0",30065,4002,"2023-07-10","2023-08-10","USD",93.00,100,"3XS:20|2XS:20|XS:20|S:10|M:10|L:10|XL:10"
251183,"2022-09-15 08:39:53.45","#SWA670",50.00,68.00,93.00,120.90,"2023-07-10","129337253","PO",4,,,,"","ALMA","SWA670A1",30074,5002,"2023-07-10","2023-08-10","USD",93.00,100,"3XS:20|2XS:20|XS:20|S:10|M:10|L:10|XL:10"
251184,"2022-09-15 08:39:53.45","#SWA671",50.00,68.00,93.00,120.90,"2023-07-10","129337253","PO",4,,,,"","ALMA","SWA671A0",30075,6002,"2023-07-10","2023-08-10","USD",93.00,100,"3XS:20|2XS:20|XS:20|S:10|M:10|L:10|XL:10"
251185,"2022-09-15 08:39:53.45","#SWA672",50.00,68.00,93.00,120.90,"2023-07-10","129337253","PO",4,,,,"","ALMA","SWA672A1",30025,8002,"2023-07-10","2023-08-10","USD",93.00,100,"3XS:20|2XS:20|XS:20|S:10|M:10|L:10|XL:10"
251186,"2022-09-15 08:39:53.45","#SWA673",50.00,68.00,93.00,120.90,"2023-07-10","129337258","PO",4,,,,"","ALMA","SWA673A1",30026,1002,"2023-07-10","2023-08-10","USD",93.00,100,"3XS:20|2XS:20|XS:20|S:10|M:10|L:10|XL:10"
251187,"2022-09-15 08:39:53.45","#SWA674",50.00,68.00,93.00,120.90,"2023-07-10","129337258","PO",4,,,,"","ALMA","SWA674A0",30027,1016,"2023-07-10","2023-08-10","USD",93.00,100,"3XS:20|2XS:20|XS:20|S:10|M:10|L:10|XL:10"
251188,"2022-09-15 08:39:53.45","#SWA675",50.00,68.00,93.00,120.90,"2023-07-10","129337258","PO",4,,,,"","ALMA","SWA675A1",30066,3002,"2023-07-10","2023-08-10","USD",93.00,100,"3XS:20|2XS:20|XS:20|S:10|M:10|L:10|XL:10"
251189,"2022-09-15 08:39:53.45","#SWA676",50.00,68.00,93.00,120.90,"2023-07-10","129337258","PO",4,,,,"","ALMA","SWA676A0",30067,4002,"2023-07-10","2023-08-10","USD",93.00,100,"3XS:20|2XS:20|XS:20|S:10|M:10|L:10|XL:10"
251190,"2022-09-15 08:39:53.45","#SWA677",50.00,68.00,93.00,120.90,"2023-07-10","129337258","PO",4,,,,"","ALMA","SWA677A1",30068,5002,"2023-07-10","2023-08-10","USD",93.00,100,"3XS:20|2XS:20|XS:20|S:10|M:10|L:10|XL:10"
251191,"2022-09-15 08:39:53.45","#SWA678",50.00,68.00,93.00,120.90,"2023-07-10","129337258","PO",4,,,,"","ALMA","SWA678A1",30069,6002,"2023-07-10","2023-08-10","USD",93.00,100,"3XS:20|2XS:20|XS:20|S:10|M:10|L:10|XL:10"
251192,"2022-09-15 08:39:53.45","#SWA679",50.00,68.00,93.00,120.90,"2023-07-10","129337258","PO",4,,,,"","ALMA","SWA679A0",30070,8002,"2023-07-10","2023-08-10","USD",93.00,100,"3XS:20|2XS:20|XS:20|S:10|M:10|L:10|XL:10"
251193,"2022-09-15 08:39:53.45","#SWA680",50.00,68.00,93.00,120.90,"2023-07-10","129337262","PO",4,,,,"","ALMA","SWA680A1",30071,1002,"2023-07-10","2023-08-10","USD",93.00,100,"3XS:20|2XS:20|XS:20|S:10|M:10|L:10|XL:10"
251194,"2022-09-15 08:39:53.45","#SWA681",50.00,68.00,93.00,120.90,"2023-07-10","129337262","PO",4,,,,"","ALMA","SWA681A0",30072,1016,"2023-07-10","2023-08-10","USD",93.00,100,"3XS:20|2XS:20|XS:20|S:10|M:10|L:10|XL:10"
251195,"2022-09-15 08:39:53.45","#SWA682",50.00,68.00,93.00,120.90,"2023-07-10","129337262","PO",4,,,,"","ALMA","SWA682A1",30073,3002,"2023-07-10","2023-08-10","USD",93.00,100,"3XS:20|2XS:20|XS:20|S:10|M:10|L:10|XL:10"
251196,"2022-09-15 08:39:53.45","#SWA683",50.00,68.00,93.00,120.90,"2023-07-10","129337262","PO",4,,,,"","ALMA","SWA683A1",30029,4002,"2023-07-10","2023-08-10","USD",93.00,100,"3XS:20|2XS:20|XS:20|S:10|M:10|L:10|XL:10"
251197,"2022-09-15 08:39:53.45","#SWA684",50.00,68.00,93.00,120.90,"2023-07-10","129337262","PO",4,,,,"","ALMA","SWA684A0",30013,5002,"2023-07-10","2023-08-10","USD",93.00,100,"3XS:20|2XS:20|XS:20|S:10|M:10|L:10|XL:10"
251198,"2022-09-15 08:39:53.45","#SWA685",50.00,68.00,93.00,120.90,"2023-07-10","129337262","PO",4,,,,"","ALMA","SWA685A1",30022,6002,"2023-07-10","2023-08-10","USD",93.00,100,"3XS:20|2XS:20|XS:20|S:10|M:10|L:10|XL:10"
251199,"2022-09-15 08:39:53.45","#SWA686",50.00,68.00,93.00,120.90,"2023-07-10","129337262","PO",4,,,,"","ALMA","SWA686A0",30045,8002,"2023-07-10","2023-08-10","USD",93.00,100,"3XS:20|2XS:20|XS:20|S:10|M:10|L:10|XL:10"
251200,"2022-09-15 08:39:53.45","#SWA687",50.00,68.00,93.00,120.90,"2023-07-10","129337264","PO",4,,,,"","ALMA","SWA687A1",30046,1002,"2023-07-10","2023-08-10","USD",93.00,100,"3XS:20|2XS:20|XS:20|S:10|M:10|L:10|XL:10"
251201,"2022-09-15 08:39:53.45","#SWA688",50.00,68.00,93.00,120.90,"2023-07-10","129337264","PO",4,,,,"","ALMA","SWA688A1",30047,1016,"2023-07-10","2023-08-10","USD",93.00,100,"3XS:20|2XS:20|XS:20|S:10|M:10|L:10|XL:10"
251202,"2022-09-15 08:39:53.45","#SWA689",50.00,68.00,93.00,120.90,"2023-07-10","129337264","PO",4,,,,"","ALMA","SWA689A0",30065,3002,"2023-07-10","2023-08-10","USD",93.00,100,"3XS:20|2XS:20|XS:20|S:10|M:10|L:10|XL:10"
251203,"2022-09-15 08:39:53.45","#SWA690",50.00,68.00,93.00,120.90,"2023-07-10","129337264","PO",4,,,,"","ALMA","SWA690A1",30074,4002,"2023-07-10","2023-08-10","USD",93.00,100,"3XS:20|2XS:20|XS:20|S:10|M:10|L:10|XL:10"
251204,"2022-09-15 08:39:53.45","#SWA691",50.00,68.00,93.00,120.90,"2023-07-10","129337264","PO",4,,,,"","ALMA","SWA691A0",30075,5002,"2023-07-10","2023-08-10","USD",93.00,100,"3XS:20|2XS:20|XS:20|S:10|M:10|L:10|XL:10"
251205,"2022-09-15 08:39:53.45","#SWA692",50.00,68.00,93.00,120.90,"2023-07-10","129337264","PO",4,,,,"","ALMA","SWA692A1",30025,6002,"2023-07-10","2023-08-10","USD",93.00,100,"3XS:20|2XS:20|XS:20|S:10|M:10|L:10|XL:10"
251206,"2022-09-15 08:39:53.45","#SWA693",50.00,68.00,93.00,120.90,"2023-07-10","129337264","PO",4,,,,"","ALMA","SWA693A1",30026,8002,"2023-07-10","2023-08-10","USD",93.00,100,"3XS:20|2XS:20|XS:20|S:10|M:10|L:10|XL:10"
251207,"2022-09-15 08:39:53.45","#SWA694",50.00,68.00,93.00,120.90,"2023-07-10","129337271","PO",4,,,,"","ALMA","SWA694A0",30027,1002,"2023-07-10","2023-08-10","USD",93.00,100,"3XS:20|2XS:20|XS:20|S:10|M:10|L:10|XL:10"
251208,"2022-09-15 08:39:53.45","#SWA695",50.00,68.00,93.00,120.90,"2023-07-10","129337271","PO",4,,,,"","ALMA","SWA695A1",30066,1016,"2023-07-10","2023-08-10","USD",93.00,100,"3XS:20|2XS:20|XS:20|S:10|M:10|L:10|XL:10"
251209,"2022-09-15 08:39:53.45","#SWA696",50.00,68.00,93.00,120.90,"2023-07-10","129337271","PO",4,,,,"","ALMA","SWA696A0",30067,3002,"2023-07-10","2023-08-10","USD",93.00,100,"3XS:20|2XS:20|XS:20|S:10|M:10|L:10|XL:10"
251210,"2022-09-15 08:39:53.45","#SWA697",50.00,68.00,93.00,120.90,"2023-07-10","129337271","PO",4,,,,"","ALMA","SWA697A1",30068,4002,"2023-07-10","2023-08-10","USD",93.00,100,"3XS:20|2XS:20|XS:20|S:10|M:10|L:10|XL:10"
251211,"2022-09-15 08:39:53.45","#SWA698",50.00,68.00,93.00,120.90,"2023-07-10","129337271","PO",4,,,,"","ALMA","SWA698A1",30069,5002,"2023-07-10","2023-08-10","USD",93.00,100,"3XS:20|2XS:20|XS:20|S:10|M:10|L:10|XL:10"
251212,"2022-09-15 08:39:53.45","#SWA699",50.00,68.00,93.00,120.90,"2023-07-10","129337271","PO",4,,,,"","ALMA","SWA699A0",30070,6002,"2023-07-10","2023-08-10","USD",93.00,100,"3XS:20|2XS:20|XS:20|S:10|M:10|L:10|XL:10"
251213,"2022-09-15 08:39:53.45","#SWA700",50.00,68.00,93.00,120.90,"2023-07-10","129337271","PO",4,,,,"","ALMA","SWA700A1",30071,8002,"2023-07-10","2023-08-10","USD",93.00,100,"3XS:20|2XS:20|XS:20|S:10|M:10|L:10|XL:10"
251214,"2022-09-15 08:39:53.45","#SWA701",50.00,68.00,93.00,120.90,"2023-07-10","129337272","PO",4,,,,"","ALMA","SWA701A0",30072,1002,"2023-07-10","2023-08-10","USD",93.00,100,"3XS:20|2XS:20|XS:20|S:10|M:10|L:10|XL:10"
251215,"2022-09-15 08:39:53.45","#SWA702",50.00,68.00,93.00,120.90,"2023-07-10","129337272","PO",4,,,,"","ALMA","SWA702A1",30073,1016,"2023-07-10","2023-08-10","USD",93.00,100,"3XS:20|2XS:20|XS:20|S:10|M:10|L:10|XL:10"
251216,"2022-09-15 08:39:53.45","#SWA703",50.00,68.00,93.00,120.90,"2023-07-10","129337272","PO",4,,,,"","ALMA","SWA703A1",30029,3002,"2023-07-10","2023-08-10","USD",93.00,100,"3XS:20|2XS:20|XS:20|S:10|M:10|L:10|XL:10"
251217,"2022-09-15 08:39:53.45","#SWA704",50.00,68.00,93.00,120.90,"2023-07-10","129337272","PO",4,,,,"","ALMA","SWA704A0",30013,4002,"2023-07-10","2023-08-10","USD",93.00,100,"3XS:20|2XS:20|XS:20|S:10|M:10|L:10|XL:10"
251218,"2022-09-15 08:39:53.45","#SWA705",50.00,68.00,93.00,120.90,"2023-07-10","129337272","PO",4,,,,"","ALMA","SWA705A1",30022,5002,"2023-07-10","2023-08-10","USD",93.00,100,"3XS:20|2XS:20|XS:20|S:10|M:10|L:10|XL:10"
251219,"2022-09-15 08:39:53.45","#SWA706",50.00,68.00,93.00,120.90,"2023-07-10","129337272","PO",4,,,,"","ALMA","SWA706A0",30045,6002,"2023-07-10","2023-08-10","USD",93.00,100,"3XS:20|2XS:20|XS:20|S:10|M:10|L:10|XL:10"
251220,"2022-09-15 08:39:53.45","#SWA707",50.00,68.00,93.00,120.90,"2023-07-10","129337272","PO",4,,,,"","ALMA","SWA707A1",30046,8002,"2023-07-10","2023-08-10","USD",93.00,100,"3XS:20|2XS:20|XS:20|S:10|M:10|L:10|XL:10"
251221,"2022-09-15 08:39:53.45","#SWA708",50.00,68.00,93.00,120.90,"2023-07-10","129337276","PO",4,,,,"","ALMA","SWA708A1",30047,1002,"2023-07-10","2023-08-10","USD",93.00,100,"3XS:20|2XS:20|XS:20|S:10|M:10|L:10|XL:10"
251222,"2022-09-15 08:39:53.45","#SWA709",50.00,68.00,93.00,120.90,"2023-07-10","129337276","PO",4,,,,"","ALMA","SWA709A0",30065,1016,"2023-07-10","2023-08-10","USD",93.00,100,"3XS:20|2XS:20|XS:20|S:10|M:10|L:10|XL:10"
251223,"2022-09-15 08:39:53.45","#SWA710",50.00,68.00,93.00,120.90,"2023-07-10","129337276","PO",4,,,,"","ALMA","SWA710A1",30074,3002,"2023-07-10","2023-08-10","USD",93.00,100,"3XS:20|2XS:20|XS:20|S:10|M:10|L:10|XL:10"
251224,"2022-09-15 08:39:53.45","#SWA711",50.00,68.00,93.00,120.90,"2023-07-10","129337276","PO",4,,,,"","ALMA","SWA711A0",30075,4002,"2023-07-10","2023-08-10","USD",93.00,100,"3XS:20|2XS:20|XS:20|S:10|M:10|L:10|XL:10"
251225,"2022-09-15 08:39:53.45","#SWA712",50.00,68.00,93.00,120.90,"2023-07-10","129337276","PO",4,,,,"","ALMA","SWA712A1",30025,5002,"2023-07-10","2023-08-10","USD",93.00,100,"3XS:20|2XS:20|XS:20|S:10|M:10|L:10|XL:10"
251226,"2022-09-15 08:39:53.45","#SWA713",50.00,68.00,93.00,120.90,"2023-07-10","129337276","PO",4,,,,"","ALMA","SWA713A1",30026,6002,"2023-07-10","2023-08-10","USD",93.00,100,"3XS:20|2XS:20|XS:20|S:10|M:10|L:10|XL:10"
251227,"2022-09-15 08:39:53.45","#SWA714",50.00,68.00,93.00,120.90,"2023-07-10","129337276","PO",4,,,,"","ALMA","SWA714A0",30027,8002,"2023-07-10","2023-08-10","USD",93.00,100,"3XS:20|2XS:20|XS:20|S:10|M:10|L:10|XL:10"
251228,"2022-09-15 08:39:53.45","#SWA715",50.00,68.00,93.00,120.90,"2023-07-10","129337279","PO",4,,,,"","ALMA","SWA715A1",30066,1002,"2023-07-10","2023-08-10","USD",93.00,100,"3XS:20|2XS:20|XS:20|S:10|M:10|L:10|XL:10"
251229,"2022-09-15 08:39:53.45","#SWA716",50.00,68.00,93.00,120.90,"2023-07-10","129337279","PO",4,,,,"","ALMA","SWA716A0",30067,1016,"2023-07-10","2023-08-10","USD",93.00,100,"3XS:20|2XS:20|XS:20|S:10|M:10|L:10|XL:10"
251230,"2022-09-15 08:39:53.45","#SWA717",50.00,68.00,93.00,120.90,"2023-07-10","129337279","PO",4,,,,"","ALMA","SWA717A1",30068,3002,"2023-07-10","2023-08-10","USD",93.00,100,"3XS:20|2XS:20|XS:20|S:10|M:10|L:10|XL:10"
251231,"2022-09-15 08:39:53.45","#SWA718",50.00,68.00,93.00,120.90,"2023-07-10","129337279","PO",4,,,,"","ALMA","SWA718A1",30069,4002,"2023-07-10","2023-08-10","USD",93.00,100,"3XS:20|2XS:20|XS:20|S:10|M:10|L:10|XL:10"
251232,"2022-09-15 08:39:53.45","#SWA719",50.00,68.00,93.00,120.90,"2023-07-10","129337279","PO",4,,,,"","ALMA","SWA719A0",30070,5002,"2023-07-10","2023-08-10","USD",93.00,100,"3XS:20|2XS:20|XS:20|S:10|M:10|L:10|XL:10"
251233,"2022-09-15 08:39:53.45","#SWA720",50.00,68.00,93.00,120.90,"2023-07-10","129337279","PO",4,,,,"","ALMA","SWA720A1",30071,6002,"2023-07-10","2023-08-10","USD",93.00,100,"3XS:20|2XS:20|XS:20|S:10|M:10|L:10|XL:10"
251234,"2022-09-15 08:39:53.45","#SWA721",50.00,68.00,93.00,120.90,"2023-07-10","129337279","PO",4,,,,"","ALMA","SWA721A0",30072,8002,"2023-07-10","2023-08-10","USD",93.00,100,"3XS:20|2XS:20|XS:20|S:10|M:10|L:10|XL:10"
251235,"2022-09-15 08:39:53.45","#SWA722",50.00,68.00,93.00,120.90,"2023-07-10","129337284","PO",4,,,,"","ALMA","SWA722A1",30073,1002,"2023-07-10","2023-08-10","USD",93.00,100,"3XS:20|2XS:20|XS:20|S:10|M:10|L:10|XL:10"
251236,"2022-09-15 08:39:53.45","#SWA723",50.00,68.00,93.00,120.90,"2023-07-10","129337284","PO",4,,,,"","ALMA","SWA723A1",30029,1016,"2023-07-10","2023-08-10","USD",93.00,100,"3XS:20|2XS:20|XS:20|S:10|M:10|L:10|XL:10"
251237,"2022-09-15 08:39:53.45","#SWA724",50.00,68.00,93.00,120.90,"2023-07-10","129337284","PO",4,,,,"","ALMA","SWA724A0",30013,3002,"2023-07-10","2023-08-10","USD",93.00,100,"3XS:20|2XS:20|XS:20|S:10|M:10|L:10|XL:10"
251238,"2022-09-15 08:39:53.45","#SWA725",50.00,68.00,93.00,120.90,"2023-07-10","129337284","PO",4,,,,"","ALMA","SWA725A1",30022,4002,"2023-07-10","2023-08-10","USD",93.00,100,"3XS:20|2XS:20|XS:20|S:10|M:10|L:10|XL:10"
251239,"2022-09-15 08:39:53.45","#SWA726",50.00,68.00,93.00,120.90,"2023-07-10","129337284","PO",4,,,,"","ALMA","SWA726A0",30045,5002,"2023-07-10","2023-08-10","USD",93.00,100,"3XS:20|2XS:20|XS:20|S:10|M:10|L:10|XL:10"
251240,"2022-09-15 08:39:53.45","#SWA727",50.00,68.00,93.00,120.90,"2023-07-10","129337284","PO",4,,,,"","ALMA","SWA727A1",30046,6002,"2023-07-10","2023-08-10","USD",93.00,100,"3XS:20|2XS:20|XS:20|S:10|M:10|L:10|XL:10"
251241,"2022-09-15 08:39:53.45","#SWA728",50.00,68.00,93.00,120.90,"2023-07-10","129337284","PO",4,,,,"","ALMA","SWA728A1",30047,8002,"2023-07-10","2023-08-10","USD",93.00,100,"3XS:20|2XS:20|XS:20|S:10|M:10|L:10|XL:10"
251242,"2022-09-15 08:39:53.45","#SWA729",50.00,68.00,93.00,120.90,"2023-07-10","129337291","PO",4,,,,"","ALMA","SWA729A0",30065,1002,"2023-07-10","2023-08-10","USD",93.00,100,"3XS:20|2XS:20|XS:20|S:10|M:10|L:10|XL:10"
251243,"2022-09-15 08:39:53.45","#SWA730",50.00,68.00,93.00,120.90,"2023-07-10","129337291","PO",4,,,,"","ALMA","SWA730A1",30074,1016,"2023-07-10","2023-08-10","USD",93.00,100,"3XS:20|2XS:20|XS:20|S:10|M:10|L:10|XL:10"
251244,"2022-09-15 08:39:53.45","#SWA731",50.00,68.00,93.00,120.90,"2023-07-10","129337291","PO",4,,,,"","ALMA","SWA731A0",30075,3002,"2023-07-10","2023-08-10","USD",93.00,100,"3XS:20|2XS:20|XS:20|S:10|M:10|L:10|XL:10"
251245,"2022-09-15 08:39:53.45","#SWA732",50.00,68.00,93.00,120.90,"2023-07-10","129337291","PO",4,,,,"","ALMA","SWA732A1",30025,4002,"2023-07-10","2023-08-10","USD",93.00,100,"3XS:20|2XS:20|XS:20|S:10|M:10|L:10|XL:10"
251246,"2022-09-15 08:39:53.45","#SWA733",50.00,68.00,93.00,120.90,"2023-07-10","129337291","PO",4,,,,"","ALMA","SWA733A1",30026,5002,"2023-07-10","2023-08-10","USD",93.00,100,"3XS:20|2XS:20|XS:20|S:10|M:10|L:10|XL:10"
251247,"2022-09-15 08:39:53.45","#SWA734",50.00,68.00,93.00,120.90,"2023-07-10","129337291","PO",4,,,,"","ALMA","SWA734A0",30027,6002,"2023-07-10","2023-08-10","USD",93.00,100,"3XS:20|2XS:20|XS:20|S:10|M:10|L:10|XL:10"
251248,"2022-09-15 08:39:53.45","#SWA735",50.00,68.00,93.00,120.90,"2023-07-10","129337291","PO",4,,,,"","ALMA","SWA735A1",30066,8002,"2023-07-10","2023-08-10","USD",93.00,100,"3XS:20|2XS:20|XS:20|S:10|M:10|L:10|XL:10"
251249,"2022-09-15 08:39:53.45","#SWA736",50.00,68.00,93.00,120.90,"2023-07-10","129337293","PO",4,,,,"","ALMA","SWA736A0",30067,1002,"2023-07-10","2023-08-10","USD",93.00,100,"3XS:20|2XS:20|XS:20|S:10|M:10|L:10|XL:10"
251250,"2022-09-15 08:39:53.45","#SWA737",50.00,68.00,93.00,120.90,"2023-07-10","129337293","PO",4,,,,"","ALMA","SWA737A1",30068,1016,"2023-07-10","2023-08-10","USD",93.00,100,"3XS:20|2XS:20|XS:20|S:10|M:10|L:10|XL:10"
251251,"2022-09-15 08:39:53.45","#SWA738",50.00,68.00,93.00,120.90,"2023-07-10","129337293","PO",4,,,,"","ALMA","SWA738A1",30069,3002,"2023-07-10","2023-08-10","USD",93.00,100,"3XS:20|2XS:20|XS:20|S:10|M:10|L:10|XL:10"
251252,"2022-09-15 08:39:53.45","#SWA739",50.00,68.00,93.00,120.90,"2023-07-10","129337293","PO",4,,,,"","ALMA","SWA739A0",30070,4002,"2023-07-10","2023-08-10","USD",93.00,100,"3XS:20|2XS:20|XS:20|S:10|M:10|L:10|XL:10"
251253,"2022-09-15 08:39:53.45","#SWA740",50.00,68.00,93.00,120.90,"2023-07-10","129337293","PO",4,,,,"","ALMA","SWA740A1",30071,5002,"2023-07-10","2023-08-10","USD",93.00,100,"3XS:20|2XS:20|XS:20|S:10|M:10|L:10|XL:10"
251254,"2022-09-15 08:39:53.45","#SWA741",50.00,68.00,93.00,120.90,"2023-07-10","129337293","PO",4,,,,"","ALMA","SWA741A0",30072,6002,"2023-07-10","2023-08-10","USD",93.00,100,"3XS:20|2XS:20|XS:20|S:10|M:10|L:10|XL:10"
251255,"2022-09-15 08:39:53.45","#SWA742",50.00,68.00,93.00,120.90,"2023-07-10","129337293","PO",4,,,,"","ALMA","SWA742A1",30073,8002,"2023-07-10","2023-08-10","USD",93.00,100,"3XS:20|2XS:20|XS:20|S:10|M:10|L:10|XL:10"
251256,"2022-09-15 08:39:53.45","#SWA743",50.00,68.00,93.00,120.90,"2023-07-10","129337299","PO",4,,,,"","ALMA","SWA743A1",30029,1002,"2023-07-10","2023-08-10","USD",93.00,100,"3XS:20|2XS:20|XS:20|S:10|M:10|L:10|XL:10"
251257,"2022-09-15 08:39:53.45","#SWA744",50.00,68.00,93.00,120.90,"2023-07-10","129337299","PO",4,,,,"","ALMA","SWA744A0",30013,1016,"2023-07-10","2023-08-10","USD",93.00,100,"3XS:20|2XS:20|XS:20|S:10|M:10|L:10|XL:10"
251258,"2022-09-15 08:39:53.45","#SWA745",50.00,68.00,93.00,120.90,"2023-07-10","129337299","PO",4,,,,"","ALMA","SWA745A1",30022,3002,"2023-07-10","2023-08-10","USD",93.00,100,"3XS:20|2XS:20|XS:20|S:10|M:10|L:10|XL:10"
251259,"2022-09-15 08:39:53.45","#SWA746",50.00,68.00,93.00,120.90,"2023-07-10","129337299","PO",4,,,,"","ALMA","SWA746A0",30045,4002,"2023-07-10","2023-08-10","USD",93.00,100,"3XS:20|2XS:20|XS:20|S:10|M:10|L:10|XL:10"
251260,"2022-09-15 08:39:53.45","#SWA747",50.00,68.00,93.00,120.90,"2023-07-10","129337299","PO",4,,,,"","ALMA","SWA747A1",30046,5002,"2023-07-10","2023-08-10","USD",93.00,100,"3XS:20|2XS:20|XS:20|S:10|M:10|L:10|XL:10"
251261,"2022-09-15 08:39:53.45","#SWA748",50.00,68.00,93.00,120.90,"2023-07-10","129337299","PO",4,,,,"","ALMA","SWA748A1",30047,6002,"2023-07-10","2023-08-10","USD",93.00,100,"3XS:20|2XS:20|XS:20|S:10|M:10|L:10|XL:10"
251262,"2022-09-15 08:39:53.45","#SWA749",50.00,68.00,93.00,120.90,"2023-07-10","129337299","PO",4,,,,"","ALMA","SWA749A0",30065,8002,"2023-07-10","2023-08-10","USD",93.00,100,"3XS:20|2XS:20|XS:20|S:10|M:10|L:10|XL:10"
251263,"2022-09-15 08:39:53.45","#SWA750",50.00,68.00,93.00,120.90,"2023-07-10","129337303","PO",4,,,,"","ALMA","SWA750A1",30074,1002,"2023-07-10","2023-08-10","USD",93.00,100,"3XS:20|2XS:20|XS:20|S:10|M:10|L:10|XL:10"
251264,"2022-09-15 08:39:53.45","#SWA751",50.00,68.00,93.00,120.90,"2023-07-10","129337303","PO",4,,,,"","ALMA","SWA751A0",30075,1016,"2023-07-10","2023-08-10","USD",93.00,100,"3XS:20|2XS:20|XS:20|S:10|M:10|L:10|XL:10"
251265,"2022-09-15 08:39:53.45","#SWA752",50.00,68.00,93.00,120.90,"2023-07-10","129337303","PO",4,,,,"","ALMA","SWA752A1",30025,3002,"2023-07-10","2023-08-10","USD",93.00,100,"3XS:20|2XS:20|XS:20|S:10|M:10|L:10|XL:10"
251266,"2022-09-15 08:39:53.45","#SWA753",50.00,68.00,93.00,120.90,"2023-07-10","129337303","PO",4,,,,"","ALMA","SWA753A1",30026,4002,"2023-07-10","2023-08-10","USD",93.00,100,"3XS:20|2XS:20|XS:20|S:10|M:10|L:10|XL:10"
251267,"2022-09-15 08:39:53.45","#SWA754",50.00,68.00,93.00,120.90,"2023-07-10","129337303","PO",4,,,,"","ALMA","SWA754A0",30027,5002,"2023-07-10","2023-08-10","USD",93.00,100,"3XS:20|2XS:20|XS:20|S:10|M:10|L:10|XL:10"
251268,"2022-09-15 08:39:53.45","#SWA755",50.00,68.00,93.00,120.90,"2023-07-10","129337303","PO",4,,,,"","ALMA","SWA755A1",30066,6002,"2023-07-10","2023-08-10","USD",93.00,100,"3XS:20|2XS:20|XS:20|S:10|M:10|L:10|XL:10"
251269,"2022-09-15 08:39:53.45","#SWA756",50.00,68.00,93.00,120.90,"2023-07-10","129337303","PO",4,,,,"","ALMA","SWA756A0",30067,8002,"2023-07-10","2023-08-10","USD",93.00,100,"3XS:20|2XS:20|XS:20|S:10|M:10|L:10|XL:10"
251270,"2022-09-15 08:39:53.45","#SWA757",50.00,68.00,93.00,120.90,"2023-07-10","129337310","PO",4,,,,"","ALMA","SWA757A1",30068,1002,"2023-07-10","2023-08-10","USD",93.00,100,"3XS:20|2XS:20|XS:20|S:10|M:10|L:10|XL:10"
251271,"2022-09-15 08:39:53.45","#SWA758",50.00,68.00,93.00,120.90,"2023-07-10","129337310","PO",4,,,,"","ALMA","SWA758A1",30069,1016,"2023-07-10","2023-08-10","USD",93.00,100,"3XS:20|2XS:20|XS:20|S:10|M:10|L:10|XL:10"
251272,"2022-09-15 08:39:53.45","#SWA759",50.00,68.00,93.00,120.90,"2023-07-10","129337310","PO",4,,,,"","ALMA","SWA759A0",30070,3002,"2023-07-10","2023-08-10","USD",93.00,100,"3XS:20|2XS:20|XS:20|S:10|M:10|L:10|XL:10"
251273,"2022-09-15 08:39:53.45","#SWA760",50.00,68.00,93.00,120.90,"2023-07-10","129337310","PO",4,,,,"","ALMA","SWA760A1",30071,4002,"2023-07-10","2023-08-10","USD",93.00,100,"3XS:20|2XS:20|XS:20|S:10|M:10|L:10|XL:10"
251274,"2022-09-15 08:39:53.45","#SWA761",50.00,68.00,93.00,120.90,"2023-07-10","129337310","PO",4,,,,"","ALMA","SWA761A0",30072,5002,"2023-07-10","2023-08-10","USD",93.00,100,"3XS:20|2XS:20|XS:20|S:10|M:10|L:10|XL:10"
251275,"2022-09-15 08:39:53.45","#SWA762",50.00,68.00,93.00,120.90,"2023-07-10","129337310","PO",4,,,,"","ALMA","SWA762A1",30073,6002,"2023-07-10","2023-08-10","USD",93.00,100,"3XS:20|2XS:20|XS:20|S:10|M:10|L:10|XL:10"
251276,"2022-09-15 08:39:53.45","#SWA763",50.00,68.00,93.00,120.90,"2023-07-10","129337310","PO",4,,,,"","ALMA","SWA763A1",30029,8002,"2023-07-10","2023-08-10","USD",93.00,100,"3XS:20|2XS:20|XS:20|S:10|M:10|L:10|XL:10"
251277,"2022-09-15 08:39:53.45","#SWA764",50.00,68.00,93.00,120.90,"2023-07-10","129337320","PO",4,,,,"","ALMA","SWA764A0",30013,1002,"2023-07-10","2023-08-10","USD",93.00,100,"3XS:20|2XS:20|XS:20|S:10|M:10|L:10|XL:10"
251278,"2022-09-15 08:39:53.45","#SWA765",50.00,68.00,93.00,120.90,"2023-07-10","129337320","PO",4,,,,"","ALMA","SWA765A1",30022,1016,"2023-07-10","2023-08-10","USD",93.00,100,"3XS:20|2XS:20|XS:20|S:10|M:10|L:10|XL:10"
251279,"2022-09-15 08:39:53.45","#SWA766",50.00,68.00,93.00,120.90,"2023-07-10","129337320","PO",4,,,,"","ALMA","SWA766A0",30045,3002,"2023-07-10","2023-08-10","USD",93.00,100,"3XS:20|2XS:20|XS:20|S:10|M:10|L:10|XL:10"
251280,"2022-09-15 08:39:53.45","#SWA767",50.00,68.00,93.00,120.90,"2023-07-10","129337320","PO",4,,,,"","ALMA","SWA767A1",30046,4002,"2023-07-10","2023-08-10","USD",93.00,100,"3XS:20|2XS:20|XS:20|S:10|M:10|L:10|XL:10"
251281,"2022-09-15 08:39:53.45","#SWA768",50.00,68.00,93.00,120.90,"2023-07-10","129337320","PO",4,,,,"","ALMA","SWA768A1",30047,5002,"2023-07-10","2023-08-10","USD",93.00,100,"3XS:20|2XS:20|XS:20|S:10|M:10|L:10|XL:10"
251282,"2022-09-15 08:39:53.45","#SWA769",50.00,68.00,93.00,120.90,"2023-07-10","129337320","PO",4,,,,"","ALMA","SWA769A0",30065,6002,"2023-07-10","2023-08-10","USD",93.00,100,"3XS:20|2XS:20|XS:20|S:10|M:10|L:10|XL:10"
251283,"2022-09-15 08:39:53.45","#SWA770",50.00,68.00,93.00,120.90,"2023-07-10","129337320","PO",4,,,,"","ALMA","SWA770A1",30074,8002,"2023-07-10","2023-08-10","USD",93.00,100,"3XS:20|2XS:20|XS:20|S:10|M:10|L:10|XL:10"
251284,"2022-09-15 08:39:53.45","#SWA771",50.00,68.00,93.00,120.90,"2023-07-10","129337330","PO",4,,,,"","ALMA","SWA771A0",30075,1002,"2023-07-10","2023-08-10","USD",93.00,100,"3XS:20|2XS:20|XS:20|S:10|M:10|L:10|XL:10"
251285,"2022-09-15 08:39:53.45","#SWA772",50.00,68.00,93.00,120.90,"2023-07-10","129337330","PO",4,,,,"","ALMA","SWA772A1",30025,1016,"2023-07-10","2023-08-10","USD",93.00,100,"3XS:20|2XS:20|XS:20|S:10|M:10|L:10|XL:10"
251286,"2022-09-15 08:39:53.45","#SWA773",50.00,68.00,93.00,120.90,"2023-07-10","129337330","PO",4,,,,"","ALMA","SWA773A1",30026,3002,"2023-07-10","2023-08-10","USD",93.00,100,"3XS:20|2XS:20|XS:20|S:10|M:10|L:10|XL:10"
251287,"2022-09-15 08:39:53.45","#SWA774",50.00,68.00,93.00,120.90,"2023-07-10","129337330","PO",4,,,,"","ALMA","SWA774A0",30027,4002,"2023-07-10","2023-08-10","USD",93.00,100,"3XS:20|2XS:20|XS:20|S:10|M:10|L:10|XL:10"
251288,"2022-09-15 08:39:53.45","#SWA775",50.00,68.00,93.00,120.90,"2023-07-10","129337330","PO",4,,,,"","ALMA","SWA775A1",30066,5002,"2023-07-10","2023-08-10","USD",93.00,100,"3XS:20|2XS:20|XS:20|S:10|M:10|L:10|XL:10"
251289,"2022-09-15 08:39:53.45","#SWA776",50.00,68.00,93.00,120.90,"2023-07-10","129337330","PO",4,,,,"","ALMA","SWA776A0",30067,6002,"2023-07-10","2023-08-10","USD",93.00,100,"3XS:20|2XS:20|XS:20|S:10|M:10|L:10|XL:10"
251290,"2022-09-15 08:39:53.45","#SWA777",50.00,68.00,93.00,120.90,"2023-07-10","129337330","PO",4,,,,"","ALMA","SWA777A1",30068,8002,"2023-07-10","2023-08-10","USD",93.00,100,"3XS:20|2XS:20|XS:20|S:10|M:10|L:10|XL:10"
251291,"2022-09-15 08:39:53.45","#SWA778",50.00,68.00,93.00,120.90,"2023-07-10","129337336","PO",4,,,,"","ALMA","SWA778A1",30069,1002,"2023-07-10","2023-08-10","USD",93.00,100,"3XS:20|2XS:20|XS:20|S:10|M:10|L:10|XL:10"
251292,"2022-09-15 08:39:53.45","#SWA779",50.00,68.00,93.00,120.90,"2023-07-10","129337336","PO",4,,,,"","ALMA","SWA779A0",30070,1016,"2023-07-10","2023-08-10","USD",93.00,100,"3XS:20|2XS:20|XS:20|S:10|M:10|L:10|XL:10"
251293,"2022-09-15 08:39:53.45","#SWA780",50.00,68.00,93.00,120.90,"2023-07-10","129337336","PO",4,,,,"","ALMA","SWA780A1",30071,3002,"2023-07-10","2023-08-10","USD",93.00,100,"3XS:20|2XS:20|XS:20|S:10|M:10|L:10|XL:10"
251294,"2022-09-15 08:39:53.45","#SWA781",50.00,68.00,93.00,120.90,"2023-07-10","129337336","PO",4,,,,"","ALMA","SWA781A0",30072,4002,"2023-07-10","2023-08-10","USD",93.00,100,"3XS:20|2XS:20|XS:20|S:10|M:10|L:10|XL:10"
251295,"2022-09-15 08:39:53.45","#SWA782",50.00,68.00,93.00,120.90,"2023-07-10","129337336","PO",4,,,,"","ALMA","SWA782A1",30073,5002,"2023-07-10","2023-08-10","USD",93.00,100,"3XS:20|2XS:20|XS:20|S:10|M:10|L:10|XL:10"
251296,"2022-09-15 08:39:53.45","#SWA783",50.00,68.00,93.00,120.90,"2023-07-10","129337336","PO",4,,,,"","ALMA","SWA783A1",30029,6002,"2023-07-10","2023-08-10","USD",93.00,100,"3XS:20|2XS:20|XS:20|S:10|M:10|L:10|XL:10"
251297,"2022-09-15 08:39:53.45","#SWA784",50.00,68.00,93.00,120.90,"2023-07-10","129337336","PO",4,,,,"","ALMA","SWA784A0",30013,8002,"2023-07-10","2023-08-10","USD",93.00,100,"3XS:20|2XS:20|XS:20|S:10|M:10|L:10|XL:10"
251298,"2022-09-15 08:39:53.45","#SWA785",50.00,68.00,93.00,120.90,"2023-07-10","129337342","PO",4,,,,"","ALMA","SWA785A1",30022,1002,"2023-07-10","2023-08-10","USD",93.00,100,"3XS:20|2XS:20|XS:20|S:10|M:10|L:10|XL:10"
251299,"2022-09-15 08:39:53.45","#SWA786",50.00,68.00,93.00,120.90,"2023-07-10","129337342","PO",4,,,,"","ALMA","SWA786A0",30045,1016,"2023-07-10","2023-08-10","USD",93.00,100,"3XS:20|2XS:20|XS:20|S:10|M:10|L:10|XL:10"
251300,"2022-09-15 08:39:53.45","#SWA787",50.00,68.00,93.00,120.90,"2023-07-10","129337342","PO",4,,,,"","ALMA","SWA787A1",30046,3002,"2023-07-10","2023-08-10","USD",93.00,100,"3XS:20|2XS:20|XS:20|S:10|M:10|L:10|XL:10"
251301,"2022-09-15 08:39:53.45","#SWA788",50.00,68.00,93.00,120.90,"2023-07-10","129337342","PO",4,,,,"","ALMA","SWA788A1",30047,4002,"2023-07-10","2023-08-10","USD",93.00,100,"3XS:20|2XS:20|XS:20|S:10|M:10|L:10|XL:10"
251302,"2022-09-15 08:39:53.45","#SWA789",50.00,68.00,93.00,120.90,"2023-07-10","129337342","PO",4,,,,"","ALMA","SWA789A0",30065,5002,"2023-07-10","2023-08-10","USD",93.00,100,"3XS:20|2XS:20|XS:20|S:10|M:10|L:10|XL:10"
251303,"2022-09-15 08:39:53.45","#SWA790",50.00,68.00,93.00,120.90,"2023-07-10","129337342","PO",4,,,,"","ALMA","SWA790A1",30074,6002,"2023-07-10","2023-08-10","USD",93.00,100,"3XS:20|2XS:20|XS:20|S:10|M:10|L:10|XL:10"
251304,"2022-09-15 08:39:53.45","#SWA791",50.00,68.00,93.00,120.90,"2023-07-10","129337342","PO",4,,,,"","ALMA","SWA791A0",30075,8002,"2023-07-10","2023-08-10","USD",93.00,100,"3XS:20|2XS:20|XS:20|S:10|M:10|L:10|XL:10"
251305,"2022-09-15 08:39:53.45","#SWA792",50.00,68.00,93.00,120.90,"2023-07-10","129337343","PO",4,,,,"","ALMA","SWA792A1",30025,1002,"2023-07-10","2023-08-10","USD",93.00,100,"3XS:20|2XS:20|XS:20|S:10|M:10|L:10|XL:10"
251306,"2022-09-15 08:39:53.45","#SWA793",50.00,68.00,93.00,120.90,"2023-07-10","129337343","PO",4,,,,"","ALMA","SWA793A1",30026,1016,"2023-07-10","2023-08-10","USD",93.00,100,"3XS:20|2XS:20|XS:20|S:10|M:10|L:10|XL:10"
251307,"2022-09-15 08:39:53.45","#SWA794",50.00,68.00,93.00,120.90,"2023-07-10","129337343","PO",4,,,,"","ALMA","SWA794A0",30027,3002,"2023-07-10","2023-08-10","USD",93.00,100,"3XS:20|2XS:20|XS:20|S:10|M:10|L:10|XL:10"
251308,"2022-09-15 08:39:53.45","#SWA795",50.00,68.00,93.00,120.90,"2023-07-10","129337343","PO",4,,,,"","ALMA","SWA795A1",30066,4002,"2023-07-10","2023-08-10","USD",93.00,100,"3XS:20|2XS:20|XS:20|S:10|M:10|L:10|XL:10"
251309,"2022-09-15 08:39:53.45","#SWA796",50.00,68.00,93.00,120.90,"2023-07-10","129337343","PO",4,,,,"","ALMA","SWA796A0",30067,5002,"2023-07-10","2023-08-10","USD",93.00,100,"3XS:20|2XS:20|XS:20|S:10|M:10|L:10|XL:10"
251310,"2022-09-15 08:39:53.45","#SWA797",50.00,68.00,93.00,120.90,"2023-07-10","129337343","PO",4,,,,"","ALMA","SWA797A1",30068,6002,"2023-07-10","2023-08-10","USD",93.00,100,"3XS:20|2XS:20|XS:20|S:10|M:10|L:10|XL:10"
251311,"2022-09-15 08:39:53.45","#SWA798",50.00,68.00,93.00,120.90,"2023-07-10","129337343","PO",4,,,,"","ALMA","SWA798A1",30069,8002,"2023-07-10","2023-08-10","USD",93.00,100,"3XS:20|2XS:20|XS:20|S:10|M:10|L:10|XL:10"
251312,"2022-09-15 08:39:53.45","#SWA799",50.00,68.00,93.00,120.90,"2023-07-10","129337344","PO",4,,,,"","ALMA","SWA799A0",30070,1002,"2023-07-10","2023-08-10","USD",93.00,100,"3XS:20|2XS:20|XS:20|S:10|M:10|L:10|XL:10"
251313,"2022-09-15 08:39:53.45","#SWA800",50.00,68.00,93.00,120.90,"2023-07-10","129337344","PO",4,,,,"","ALMA","SWA800A1",30071,1016,"2023-07-10","2023-08-10","USD",93.00,100,"3XS:20|2XS:20|XS:20|S:10|M:10|L:10|XL:10"
251314,"2022-09-15 08:39:53.45","#SWA801",50.00,68.00,93.00,120.90,"2023-07-10","129337344","PO",4,,,,"","ALMA","SWA801A0",30072,3002,"2023-07-10","2023-08-10","USD",93.00,100,"3XS:20|2XS:20|XS:20|S:10|M:10|L:10|XL:10"
251315,"2022-09-15 08:39:53.45","#SWA802",50.00,68.00,93.00,120.90,"2023-07-10","129337344","PO",4,,,,"","ALMA","SWA802A1",30073,4002,"2023-07-10","2023-08-10","USD",93.00,100,"3XS:20|2XS:20|XS:20|S:10|M:10|L:10|XL:10"
251316,"2022-09-15 08:39:53.45","#SWA803",50.00,68.00,93.00,120.90,"2023-07-10","129337344","PO",4,,,,"","ALMA","SWA803A1",30029,5002,"2023-07-10","2023-08-10","USD",93.00,100,"3XS:20|2XS:20|XS:20|S:10|M:10|L:10|XL:10"
251317,"2022-09-15 08:39:53.45","#SWA804",50.00,68.00,93.00,120.90,"2023-07-10","129337344","PO",4,,,,"","ALMA","SWA804A0",30013,6002,"2023-07-10","2023-08-10","USD",93.00,100,"3XS:20|2XS:20|XS:20|S:10|M:10|L:10|XL:10"
251318,"2022-09-15 08:39:53.45","#SWA805",50.00,68.00,93.00,120.90,"2023-07-10","129337344","PO",4,,,,"","ALMA","SWA805A1",30022,8002,"2023-07-10","2023-08-10","USD",93.00,100,"3XS:20|2XS:20|XS:20|S:10|M:10|L:10|XL:10"
251319,"2022-09-15 08:39:53.45","#SWA806",50.00,68.00,93.00,120.90,"2023-07-10","129337346","PO",4,,,,"","ALMA","SWA806A0",30045,1002,"2023-07-10","2023-08-10","USD",93.00,100,"3XS:20|2XS:20|XS:20|S:10|M:10|L:10|XL:10"
251320,"2022-09-15 08:39:53.45","#SWA807",50.00,68.00,93.00,120.90,"2023-07-10","129337346","PO",4,,,,"","ALMA","SWA807A1",30046,1016,"2023-07-10","2023-08-10","USD",93.00,100,"3XS:20|2XS:20|XS:20|S:10|M:10|L:10|XL:10"
251321,"2022-09-15 08:39:53.45","#SWA808",50.00,68.00,93.00,120.90,"2023-07-10","129337346","PO",4,,,,"","ALMA","SWA808A1",30047,3002,"2023-07-10","2023-08-10","USD",93.00,100,"3XS:20|2XS:20|XS:20|S:10|M:10|L:10|XL:10"
251322,"2022-09-15 08:39:53.45","#SWA809",50.00,68.00,93.00,120.90,"2023-07-10","129337346","PO",4,,,,"","ALMA","SWA809A0",30065,4002,"2023-07-10","2023-08-10","USD",93.00,100,"3XS:20|2XS:20|XS:20|S:10|M:10|L:10|XL:10"
251323,"2022-09-15 08:39:53.45","#SWA810",50.00,68.00,93.00,120.90,"2023-07-10","129337346","PO",4,,,,"","ALMA","SWA810A1",30074,5002,"2023-07-10","2023-08-10","USD",93.00,100,"3XS:20|2XS:20|XS:20|S:10|M:10|L:10|XL:10"
251324,"2022-09-15 08:39:53.45","#SWA811",50.00,68.00,93.00,120.90,"2023-07-10","129337346","PO",4,,,,"","ALMA","SWA811A0",30075,6002,"2023-07-10","2023-08-10","USD",93.00,100,"3XS:20|2XS:20|XS:20|S:10|M:10|L:10|XL:10"
251325,"2022-09-15 08:39:53.45","#SWA812",50.00,68.00,93.00,120.90,"2023-07-10","129337346","PO",4,,,,"","ALMA","SWA812A1",30025,8002,"2023-07-10","2023-08-10","USD",93.00,100,"3XS:20|2XS:20|XS:20|S:10|M:10|L:10|XL:10"
251326,"2022-09-15 08:39:53.45","#SWA813",50.00,68.00,93.00,120.90,"2023-07-10","129337347","PO",4,,,,"","ALMA","SWA813A1",30026,1002,"2023-07-10","2023-08-10","USD",93.00,100,"3XS:20|2XS:20|XS:20|S:10|M:10|L:10|XL:10"
251327,"2022-09-15 08:39:53.45","#SWA814",50.00,68.00,93.00,120.90,"2023-07-10","129337347","PO",4,,,,"","ALMA","SWA814A0",30027,1016,"2023-07-10","2023-08-10","USD",93.00,100,"3XS:20|2XS:20|XS:20|S:10|M:10|L:10|XL:10"
251328,"2022-09-15 08:39:53.45","#SWA815",50.00,68.00,93.00,120.90,"2023-07-10","129337347","PO",4,,,,"","ALMA","SWA815A1",30066,3002,"2023-07-10","2023-08-10","USD",93.00,100,"3XS:20|2XS:20|XS:20|S:10|M:10|L:10|XL:10"
251329,"2022-09-15 08:39:53.45","#SWA816",50.00,68.00,93.00,120.90,"2023-07-10","129337347","PO",4,,,,"","ALMA","SWA816A0",30067,4002,"2023-07-10","2023-08-10","USD",93.00,100,"3XS:20|2XS:20|XS:20|S:10|M:10|L:10|XL:10"
251330,"2022-09-15 08:39:53.45","#SWA817",50.00,68.00,93.00,120.90,"2023-07-10","129337347","PO",4,,,,"","ALMA","SWA817A1",30068,5002,"2023-07-10","2023-08-10","USD",93.00,100,"3XS:20|2XS:20|XS:20|S:10|M:10|L:10|XL:10"
251331,"2022-09-15 08:39:53.45","#SWA818",50.00,68.00,93.00,120.90,"2023-07-10","129337347","PO",4,,,,"","ALMA","SWA818A1",30069,6002,"2023-07-10","2023-08-10","USD",93.00,100,"3XS:20|2XS:20|XS:20|S:10|M:10|L:10|XL:10"
251332,"2022-09-15 08:39:53.45","#SWA819",50.00,68.00,93.00,120.90,"2023-07-10","129337347","PO",4,,,,"","ALMA","SWA819A0",30070,8002,"2023-07-10","2023-08-10","USD",93.00,100,"3XS:20|2XS:20|XS:20|S:10|M:10|L:10|XL:10"
251333,"2022-09-15 08:39:53.45","#SWA820",50.00,68.00,93.00,120.90,"2023-07-10","129337348","PO",4,,,,"","ALMA","SWA820A1",30071,1002,"2023-07-10","2023-08-10","USD",93.00,100,"3XS:20|2XS:20|XS:20|S:10|M:10|L:10|XL:10"
251334,"2022-09-15 08:39:53.45","#SWA821",50.00,68.00,93.00,120.90,"2023-07-10","129337348","PO",4,,,,"","ALMA","SWA821A0",30072,1016,"2023-07-10","2023-08-10","USD",93.00,100,"3XS:20|2XS:20|XS:20|S:10|M:10|L:10|XL:10"
251335,"2022-09-15 08:39:53.45","#SWA822",50.00,68.00,93.00,120.90,"2023-07-10","129337348","PO",4,,,,"","ALMA","SWA822A1",30073,3002,"2023-07-10","2023-08-10","USD",93.00,100,"3XS:20|2XS:20|XS:20|S:10|M:10|L:10|XL:10"
251336,"2022-09-15 08:39:53.45","#SWA823",50.00,68.00,93.00,120.90,"2023-07-10","129337348","PO",4,,,,"","ALMA","SWA823A1",30029,4002,"2023-07-10","2023-08-10","USD",93.00,100,"3XS:20|2XS:20|XS:20|S:10|M:10|L:10|XL:10"
251337,"2022-09-15 08:39:53.45","#SWA824",50.00,68.00,93.00,120.90,"2023-07-10","129337348","PO",4,,,,"","ALMA","SWA824A0",30013,5002,"2023-07-10","2023-08-10","USD",93.00,100,"3XS:20|2XS:20|XS:20|S:10|M:10|L:10|XL:10"
251338,"2022-09-15 08:39:53.45","#SWA825",50.00,68.00,93.00,120.90,"2023-07-10","129337348","PO",4,,,,"","ALMA","SWA825A1",30022,6002,"2023-07-10","2023-08-10","USD",93.00,100,"3XS:20|2XS:20|XS:20|S:10|M:10|L:10|XL:10"
251339,"2022-09-15 08:39:53.45","#SWA826",50.00,68.00,93.00,120.90,"2023-07-10","129337348","PO",4,,,,"","ALMA","SWA826A0",30045,8002,"2023-07-10","2023-08-10","USD",93.00,100,"3XS:20|2XS:20|XS:20|S:10|M:10|L:10|XL:10"
251340,"2022-09-15 08:39:53.45","#SWA827",50.00,68.00,93.00,120.90,"2023-07-10","129337357","PO",4,,,,"","ALMA","SWA827A1",30046,1002,"2023-07-10","2023-08-10","USD",93.00,100,"3XS:20|2XS:20|XS:20|S:10|M:10|L:10|XL:10"
251341,"2022-09-15 08:39:53.45","#SWA828",50.00,68.00,93.00,120.90,"2023-07-10","129337357","PO",4,,,,"","ALMA","SWA828A1",30047,1016,"2023-07-10","2023-08-10","USD",93.00,100,"3XS:20|2XS:20|XS:20|S:10|M:10|L:10|XL:10"
251342,"2022-09-15 08:39:53.45","#SWA829",50.00,68.00,93.00,120.90,"2023-07-10","129337357","PO",4,,,,"","ALMA","SWA829A0",30065,3002,"2023-07-10","2023-08-10","USD",93.00,100,"3XS:20|2XS:20|XS:20|S:10|M:10|L:10|XL:10"
251343,"2022-09-15 08:39:53.45","#SWA830",50.00,68.00,93.00,120.90,"2023-07-10","129337357","PO",4,,,,"","ALMA","SWA830A1",30074,4002,"2023-07-10","2023-08-10","USD",93.00,100,"3XS:20|2XS:20|XS:20|S:10|M:10|L:10|XL:10"
251344,"2022-09-15 08:39:53.45","#SWA831",50.00,68.00,93.00,120.90,"2023-07-10","129337357","PO",4,,,,"","ALMA","SWA831A0",30075,5002,"2023-07-10","2023-08-10","USD",93.00,100,"3XS:20|2XS:20|XS:20|S:10|M:10|L:10|XL:10"
251345,"2022-09-15 08:39:53.45","#SWA832",50.00,68.00,93.00,120.90,"2023-07-10","129337357","PO",4,,,,"","ALMA","SWA832A1",30025,6002,"2023-07-10","2023-08-10","USD",93.00,100,"3XS:20|2XS:20|XS:20|S:10|M:10|L:10|XL:10"
251346,"2022-09-15 08:39:53.45","#SWA833",50.00,68.00,93.00,120.90,"2023-07-10","129337357","PO",4,,,,"","ALMA","SWA833A1",30026,8002,"2023-07-10","2023-08-10","USD",93.00,100,"3XS:20|2XS:20|XS:20|S:10|M:10|L:10|XL:10"
251347,"2022-09-15 08:39:53.45","#SWA834",50.00,68.00,93.00,120.90,"2023-07-10","129337361","PO",4,,,,"","ALMA","SWA834A0",30027,1002,"2023-07-10","2023-08-10","USD",93.00,100,"3XS:20|2XS:20|XS:20|S:10|M:10|L:10|XL:10"
251348,"2022-09-15 08:39:53.45","#SWA835",50.00,68.00,93.00,120.90,"2023-07-10","129337361","PO",4,,,,"","ALMA","SWA835A1",30066,1016,"2023-07-10","2023-08-10","USD",93.00,100,"3XS:20|2XS:20|XS:20|S:10|M:10|L:10|XL:10"
251349,"2022-09-15 08:39:53.45","#SWA836",50.00,68.00,93.00,120.90,"2023-07-10","129337361","PO",4,,,,"","ALMA","SWA836A0",30067,3002,"2023-07-10","2023-08-10","USD",93.00,100,"3XS:20|2XS:20|XS:20|S:10|M:10|L:10|XL:10"
251350,"2022-09-15 08:39:53.45","#SWA837",50.00,68.00,93.00,120.90,"2023-07-10","129337361","PO",4,,,,"","ALMA","SWA837A1",30068,4002,"2023-07-10","2023-08-10","USD",93.00,100,"3XS:20|2XS:20|XS:20|S:10|M:10|L:10|XL:10"
251351,"2022-09-15 08:39:53.45","#SWA838",50.00,68.00,93.00,120.90,"2023-07-10","129337361","PO",4,,,,"","ALMA","SWA838A1",30069,5002,"2023-07-10","2023-08-10","USD",93.00,100,"3XS:20|2XS:20|XS:20|S:10|M:10|L:10|XL:10"
251352,"2022-09-15 08:39:53.45","#SWA839",50.00,68.00,93.00,120.90,"2023-07-10","129337361","PO",4,,,,"","ALMA","SWA839A0",30070,6002,"2023-07-10","2023-08-10","USD",93.00,100,"3XS:20|2XS:20|XS:20|S:10|M:10|L:10|XL:10"
251353,"2022-09-15 08:39:53.45","#SWA840",50.00,68.00,93.00,120.90,"2023-07-10","129337361","PO",4,,,,"","ALMA","SWA840A1",30071,8002,"2023-07-10","2023-08-10","USD",93.00,100,"3XS:20|2XS:20|XS:20|S:10|M:10|L:10|XL:10"
251354,"2022-09-15 08:39:53.45","#SWA841",50.00,68.00,93.00,120.90,"2023-07-10","129337363","PO",4,,,,"","ALMA","SWA841A0",30072,1002,"2023-07-10","2023-08-10","USD",93.00,100,"3XS:20|2XS:20|XS:20|S:10|M:10|L:10|XL:10"
251355,"2022-09-15 08:39:53.45","#SWA842",50.00,68.00,93.00,120.90,"2023-07-10","129337363","PO",4,,,,"","ALMA","SWA842A1",30073,1016,"2023-07-10","2023-08-10","USD",93.00,100,"3XS:20|2XS:20|XS:20|S:10|M:10|L:10|XL:10"
251356,"2022-09-15 08:39:53.45","#SWA843",50.00,68.00,93.00,120.90,"2023-07-10","129337363","PO",4,,,,"","ALMA","SWA843A1",30029,3002,"2023-07-10","2023-08-10","USD",93.00,100,"3XS:20|2XS:20|XS:20|S:10|M:10|L:10|XL:10"
251357,"2022-09-15 08:39:53.45","#SWA844",50.00,68.00,93.00,120.90,"2023-07-10","129337363","PO",4,,,,"","ALMA","SWA844A0",30013,4002,"2023-07-10","2023-08-10","USD",93.00,100,"3XS:20|2XS:20|XS:20|S:10|M:10|L:10|XL:10"
251358,"2022-09-15 08:39:53.45","#SWA845",50.00,68.00,93.00,120.90,"2023-07-10","129337363","PO",4,,,,"","ALMA","SWA845A1",30022,5002,"2023-07-10","2023-08-10","USD",93.00,100,"3XS:20|2XS:20|XS:20|S:10|M:10|L:10|XL:10"
251359,"2022-09-15 08:39:53.45","#SWA846",50.00,68.00,93.00,120.90,"2023-07-10","129337363","PO",4,,,,"","ALMA","SWA846A0",30045,6002,"2023-07-10","2023-08-10","USD",93.00,100,"3XS:20|2XS:20|XS:20|S:10|M:10|L:10|XL:10"
251360,"2022-09-15 08:39:53.45","#SWA847",50.00,68.00,93.00,120.90,"2023-07-10","129337363","PO",4,,,,"","ALMA","SWA847A1",30046,8002,"2023-07-10","2023-08-10","USD",93.00,100,"3XS:20|2XS:20|XS:20|S:10|M:10|L:10|XL:10"
251361,"2022-09-15 08:39:53.45","#SWA848",50.00,68.00,93.00,120.90,"2023-07-10","129337367","PO",4,,,,"","ALMA","SWA848A1",30047,1002,"2023-07-10","2023-08-10","USD",93.00,100,"3XS:20|2XS:20|XS:20|S:10|M:10|L:10|XL:10"
251362,"2022-09-15 08:39:53.45","#SWA849",50.00,68.00,93.00,120.90,"2023-07-10","129337367","PO",4,,,,"","ALMA","SWA849A0",30065,1016,"2023-07-10","2023-08-10","USD",93.00,100,"3XS:20|2XS:20|XS:20|S:10|M:10|L:10|XL:10"
251363,"2022-09-15 08:39:53.45","#SWA850",50.00,68.00,93.00,120.90,"2023-07-10","129337367","PO",4,,,,"","ALMA","SWA850A1",30074,3002,"2023-07-10","2023-08-10","USD",93.00,100,"3XS:20|2XS:20|XS:20|S:10|M:10|L:10|XL:10"
251364,"2022-09-15 08:39:53.45","#SWA851",50.00,68.00,93.00,120.90,"2023-07-10","129337367","PO",4,,,,"","ALMA","SWA851A0",30075,4002,"2023-07-10","2023-08-10","USD",93.00,100,"3XS:20|2XS:20|XS:20|S:10|M:10|L:10|XL:10"
251365,"2022-09-15 08:39:53.45","#SWA852",50.00,68.00,93.00,120.90,"2023-07-10","129337367","PO",4,,,,"","ALMA","SWA852A1",30025,5002,"2023-07-10","2023-08-10","USD",93.00,100,"3XS:20|2XS:20|XS:20|S:10|M:10|L:10|XL:10"
251366,"2022-09-15 08:39:53.45","#SWA853",50.00,68.00,93.00,120.90,"2023-07-10","129337367","PO",4,,,,"","ALMA","SWA853A1",30026,6002,"2023-07-10","2023-08-10","USD",93.00,100,"3XS:20|2XS:20|XS:20|S:10|M:10|L:10|XL:10"
251367,"2022-09-15 08:39:53.45","#SWA854",50.00,68.00,93.00,120.90,"2023-07-10","129337367","PO",4,,,,"","ALMA","SWA854A0",30027,8002,"2023-07-10","2023-08-10","USD",93.00,100,"3XS:20|2XS:20|XS:20|S:10|M:10|L:10|XL:10"
251368,"2022-09-15 08:39:53.45","#SWA855",50.00,68.00,93.00,120.90,"2023-07-10","129337368","PO",4,,,,"","ALMA","SWA855A1",30066,1002,"2023-07-10","2023-08-10","USD",93.00,100,"3XS:20|2XS:20|XS:20|S:10|M:10|L:10|XL:10"
251369,"2022-09-15 08:39:53.45","#SWA856",50.00,68.00,93.00,120.90,"2023-07-10","129337368","PO",4,,,,"","ALMA","SWA856A0",30067,1016,"2023-07-10","2023-08-10","USD",93.00,100,"3XS:20|2XS:20|XS:20|S:10|M:10|L:10|XL:10"
251370,"2022-09-15 08:39:53.45","#SWA857",50.00,68.00,93.00,120.90,"2023-07-10","129337368","PO",4,,,,"","ALMA","SWA857A1",30068,3002,"2023-07-10","2023-08-10","USD",93.00,100,"3XS:20|2XS:20|XS:20|S:10|M:10|L:10|XL:10"
251371,"2022-09-15 08:39:53.45","#SWA858",50.00,68.00,93.00,120.90,"2023-07-10","129337368","PO",4,,,,"","ALMA","SWA858A1",30069,4002,"2023-07-10","2023-08-10","USD",93.00,100,"3XS:20|2XS:20|XS:20|S:10|M:10|L:10|XL:10"
251372,"2022-09-15 08:39:53.45","#SWA859",50.00,68.00,93.00,120.90,"2023-07-10","129337368","PO",4,,,,"","ALMA","SWA859A0",30070,5002,"2023-07-10","2023-08-10","USD",93.00,100,"3XS:20|2XS:20|XS:20|S:10|M:10|L:10|XL:10"
251373,"2022-09-15 08:39:53.45","#SWA860",50.00,68.00,93.00,120.90,"2023-07-10","129337368","PO",4,,,,"","ALMA","SWA860A1",30071,6002,"2023-07-10","2023-08-10","USD",93.00,100,"3XS:20|2XS:20|XS:20|S:10|M:10|L:10|XL:10"
251374,"2022-09-15 08:39:53.45","#SWA861",50.00,68.00,93.00,120.90,"2023-07-10","129337368","PO",4,,,,"","ALMA","SWA861A0",30072,8002,"2023-07-10","2023-08-10","USD",93.00,100,"3XS:20|2XS:20|XS:20|S:10|M:10|L:10|XL:10"
251375,"2022-09-15 08:39:53.45","#SWA862",50.00,68.00,93.00,120.90,"2023-07-10","129337378","PO",4,,,,"","ALMA","SWA862A1",30073,1002,"2023-07-10","2023-08-10","USD",93.00,100,"3XS:20|2XS:20|XS:20|S:10|M:10|L:10|XL:10"
251376,"2022-09-15 08:39:53.45","#SWA863",50.00,68.00,93.00,120.90,"2023-07-10","129337378","PO",4,,,,"","ALMA","SWA863A1",30029,1016,"2023-07-10","2023-08-10","USD",93.00,100,"3XS:20|2XS:20|XS:20|S:10|M:10|L:10|XL:10"
251377,"2022-09-15 08:39:53.45","#SWA864",50.00,68.00,93.00,120.90,"2023-07-10","129337378","PO",4,,,,"","ALMA","SWA864A0",30013,3002,"2023-07-10","2023-08-10","USD",93.00,100,"3XS:20|2XS:20|XS:20|S:10|M:10|L:10|XL:10"
251378,"2022-09-15 08:39:53.45","#SWA865",50.00,68.00,93.00,120.90,"2023-07-10","129337378","PO",4,,,,"","ALMA","SWA865A1",30022,4002,"2023-07-10","2023-08-10","USD",93.00,100,"3XS:20|2XS:20|XS:20|S:10|M:10|L:10|XL:10"
251379,"2022-09-15 08:39:53.45","#SWA866",50.00,68.00,93.00,120.90,"2023-07-10","129337378","PO",4,,,,"","ALMA","SWA866A0",30045,5002,"2023-07-10","2023-08-10","USD",93.00,100,"3XS:20|2XS:20|XS:20|S:10|M:10|L:10|XL:10"
251380,"2022-09-15 08:39:53.45","#SWA867",50.00,68.00,93.00,120.90,"2023-07-10","129337378","PO",4,,,,"","ALMA","SWA867A1",30046,6002,"2023-07-10","2023-08-10","USD",93.00,100,"3XS:20|2XS:20|XS:20|S:10|M:10|L:10|XL:10"
251381,"2022-09-15 08:39:53.45","#SWA868",50.00,68.00,93.00,120.90,"2023-07-10","129337378","PO",4,,,,"","ALMA","SWA868A1",30047,8002,"2023-07-10","2023-08-10","USD",93.00,100,"3XS:20|2XS:20|XS:20|S:10|M:10|L:10|XL:10"
251382,"2022-09-15 08:39:53.45","#SWA869",50.00,68.00,93.00,120.90,"2023-07-10","129337379","PO",4,,,,"","ALMA","SWA869A0",30065,1002,"2023-07-10","2023-08-10","USD",93.00,100,"3XS:20|2XS:20|XS:20|S:10|M:10|L:10|XL:10"
251383,"2022-09-15 08:39:53.45","#SWA870",50.00,68.00,93.00,120.90,"2023-07-10","129337379","PO",4,,,,"","ALMA","SWA870A1",30074,1016,"2023-07-10","2023-08-10","USD",93.00,100,"3XS:20|2XS:20|XS:20|S:10|M:10|L:10|XL:10"
251384,"2022-09-15 08:39:53.45","#SWA871",50.00,68.00,93.00,120.90,"2023-07-10","129337379","PO",4,,,,"","ALMA","SWA871A0",30075,3002,"2023-07-10","2023-08-10","USD",93.00,100,"3XS:20|2XS:20|XS:20|S:10|M:10|L:10|XL:10"
251385,"2022-09-15 08:39:53.45","#SWA872",50.00,68.00,93.00,120.90,"2023-07-10","129337379","PO",4,,,,"","ALMA","SWA872A1",30025,4002,"2023-07-10","2023-08-10","USD",93.00,100,"3XS:20|2XS:20|XS:20|S:10|M:10|L:10|XL:10"
251386,"2022-09-15 08:39:53.45","#SWA873",50.00,68.00,93.00,120.90,"2023-07-10","129337379","PO",4,,,,"","ALMA","SWA873A1",30026,5002,"2023-07-10","2023-08-10","USD",93.00,100,"3XS:20|2XS:20|XS:20|S:10|M:10|L:10|XL:10"
251387,"2022-09-15 08:39:53.45","#SWA874",50.00,68.00,93.00,120.90,"2023-07-10","129337379","PO",4,,,,"","ALMA","SWA874A0",30027,6002,"2023-07-10","2023-08-10","USD",93.00,100,"3XS:20|2XS:20|XS:20|S:10|M:10|L:10|XL:10"
251388,"2022-09-15 08:39:53.45","#SWA875",50.00,68.00,93.00,120.90,"2023-07-10","129337379","PO",4,,,,"","ALMA","SWA875A1",30066,8002,"2023-07-10","2023-08-10","USD",93.00,100,"3XS:20|2XS:20|XS:20|S:10|M:10|L:10|XL:10"
251389,"2022-09-15 08:39:53.45","#SWA876",50.00,68.00,93.00,120.90,"2023-07-10","129337383","PO",4,,,,"","ALMA","SWA876A0",30067,1002,"2023-07-10","2023-08-10","USD",93.00,100,"3XS:20|2XS:20|XS:20|S:10|M:10|L:10|XL:10"
251390,"2022-09-15 08:39:53.45","#SWA877",50.00,68.00,93.00,120.90,"2023-07-10","129337383","PO",4,,,,"","ALMA","SWA877A1",30068,1016,"2023-07-10","2023-08-10","USD",93.00,100,"3XS:20|2XS:20|XS:20|S:10|M:10|L:10|XL:10"
251391,"2022-09-15 08:39:53.45","#SWA878",50.00,68.00,93.00,120.90,"2023-07-10","129337383","PO",4,,,,"","ALMA","SWA878A1",30069,3002,"2023-07-10","2023-08-10","USD",93.00,100,"3XS:20|2XS:20|XS:20|S:10|M:10|L:10|XL:10"
251392,"2022-09-15 08:39:53.45","#SWA879",50.00,68.00,93.00,120.90,"2023-07-10","129337383","PO",4,,,,"","ALMA","SWA879A0",30070,4002,"2023-07-10","2023-08-10","USD",93.00,100,"3XS:20|2XS:20|XS:20|S:10|M:10|L:10|XL:10"
251393,"2022-09-15 08:39:53.45","#SWA880",50.00,68.00,93.00,120.90,"2023-07-10","129337383","PO",4,,,,"","ALMA","SWA880A1",30071,5002,"2023-07-10","2023-08-10","USD",93.00,100,"3XS:20|2XS:20|XS:20|S:10|M:10|L:10|XL:10"
251394,"2022-09-15 08:39:53.45","#SWA881",50.00,68.00,93.00,120.90,"2023-07-10","129337383","PO",4,,,,"","ALMA","SWA881A0",30072,6002,"2023-07-10","2023-08-10","USD",93.00,100,"3XS:20|2XS:20|XS:20|S:10|M:10|L:10|XL:10"
251395,"2022-09-15 08:39:53.45","#SWA882",50.00,68.00,93.00,120.90,"2023-07-10","129337383","PO",4,,,,"","ALMA","SWA882A1",30073,8002,"2023-07-10","2023-08-10","USD",93.00,100,"3XS:20|2XS:20|XS:20|S:10|M:10|L:10|XL:10"
251396,"2022-09-15 08:39:53.45","#SWA883",50.00,68.00,93.00,120.90,"2023-07-10","129337389","PO",4,,,,"","ALMA","SWA883A1",30029,1002,"2023-07-10","2023-08-10","USD",93.00,100,"3XS:20|2XS:20|XS:20|S:10|M:10|L:10|XL:10"
251397,"2022-09-15 08:39:53.45","#SWA884",50.00,68.00,93.00,120.90,"2023-07-10","129337389","PO",4,,,,"","ALMA","SWA884A0",30013,1016,"2023-07-10","2023-08-10","USD",93.00,100,"3XS:20|2XS:20|XS:20|S:10|M:10|L:10|XL:10"
251398,"2022-09-15 08:39:53.45","#SWA885",50.00,68.00,93.00,120.90,"2023-07-10","129337389","PO",4,,,,"","ALMA","SWA885A1",30022,3002,"2023-07-10","2023-08-10","USD",93.00,100,"3XS:20|2XS:20|XS:20|S:10|M:10|L:10|XL:10"
251399,"2022-09-15 08:39:53.45","#SWA886",50.00,68.00,93.00,120.90,"2023-07-10","129337389","PO",4,,,,"","ALMA","SWA886A0",30045,4002,"2023-07-10","2023-08-10","USD",93.00,100,"3XS:20|2XS:20|XS:20|S:10|M:10|L:10|XL:10"
251400,"2022-09-15 08:39:53.45","#SWA887",50.00,68.00,93.00,120.90,"2023-07-10","129337389","PO",4,,,,"","ALMA","SWA887A1",30046,5002,"2023-07-10","2023-08-10","USD",93.00,100,"3XS:20|2XS:20|XS:20|S:10|M:10|L:10|XL:10"
251401,"2022-09-15 08:39:53.45","#SWA888",50.00,68.00,93.00,120.90,"2023-07-10","129337389","PO",4,,,,"","ALMA","SWA888A1",30047,6002,"2023-07-10","2023-08-10","USD",93.00,100,"3XS:20|2XS:20|XS:20|S:10|M:10|L:10|XL:10"
251402,"2022-09-15 08:39:53.45","#SWA889",50.00,68.00,93.00,120.90,"2023-07-10","129337389","PO",4,,,,"","ALMA","SWA889A0",30065,8002,"2023-07-10","2023-08-10","USD",93.00,100,"3XS:20|2XS:20|XS:20|S:10|M:10|L:10|XL:10"
251403,"2022-09-15 08:39:53.45","#SWA890",50.00,68.00,93.00,120.90,"2023-07-10","129337414","PO",4,,,,"","ALMA","SWA890A1",30074,1002,"2023-07-10","2023-08-10","USD",93.00,100,"3XS:20|2XS:20|XS:20|S:10|M:10|L:10|XL:10"
251404,"2022-09-15 08:39:53.45","#SWA891",50.00,68.00,93.00,120.90,"2023-07-10","129337414","PO",4,,,,"","ALMA","SWA891A0",30075,1016,"2023-07-10","2023-08-10","USD",93.00,100,"3XS:20|2XS:20|XS:20|S:10|M:10|L:10|XL:10"
251405,"2022-09-15 08:39:53.45","#SWA892",50.00,68.00,93.00,120.90,"2023-07-10","129337414","PO",4,,,,"","ALMA","SWA892A1",30025,3002,"2023-07-10","2023-08-10","USD",93.00,100,"3XS:20|2XS:20|XS:20|S:10|M:10|L:10|XL:10"
251406,"2022-09-15 08:39:53.45","#SWA893",50.00,68.00,93.00,120.90,"2023-07-10","129337414","PO",4,,,,"","ALMA","SWA893A1",30026,4002,"2023-07-10","2023-08-10","USD",93.00,100,"3XS:20|2XS:20|XS:20|S:10|M:10|L:10|XL:10"
251407,"2022-09-15 08:39:53.45","#SWA894",50.00,68.00,93.00,120.90,"2023-07-10","129337414","PO",4,,,,"","ALMA","SWA894A0",30027,5002,"2023-07-10","2023-08-10","USD",93.00,100,"3XS:20|2XS:20|XS:20|S:10|M:10|L:10|XL:10"
251408,"2022-09-15 08:39:53.45","#SWA895",50.00,68.00,93.00,120.90,"2023-07-10","129337414","PO",4,,,,"","ALMA","SWA895A1",30066,6002,"2023-07-10","2023-08-10","USD",93.00,100,"3XS:20|2XS:20|XS:20|S:10|M:10|L:10|XL:10"
251409,"2022-09-15 08:39:53.45","#SWA896",50.00,68.00,93.00,120.90,"2023-07-10","129337414","PO",4,,,,"","ALMA","SWA896A0",30067,8002,"2023-07-10","2023-08-10","USD",93.00,100,"3XS:20|2XS:20|XS:20|S:10|M:10|L:10|XL:10"
251410,"2022-09-15 08:39:53.45","#SWA897",50.00,68.00,93.00,120.90,"2023-07-10","129337437","PO",4,,,,"","ALMA","SWA897A1",30068,1002,"2023-07-10","2023-08-10","USD",93.00,100,"3XS:20|2XS:20|XS:20|S:10|M:10|L:10|XL:10"
251411,"2022-09-15 08:39:53.45","#SWA898",50.00,68.00,93.00,120.90,"2023-07-10","129337437","PO",4,,,,"","ALMA","SWA898A1",30069,1016,"2023-07-10","2023-08-10","USD",93.00,100,"3XS:20|2XS:20|XS:20|S:10|M:10|L:10|XL:10"
251412,"2022-09-15 08:39:53.45","#SWA899",50.00,68.00,93.00,120.90,"2023-07-10","129337437","PO",4,,,,"","ALMA","SWA899A0",30070,3002,"2023-07-10","2023-08-10","USD",93.00,100,"3XS:20|2XS:20|XS:20|S:10|M:10|L:10|XL:10"
251413,"2022-09-15 08:39:53.45","#SWA900",50.00,68.00,93.00,120.90,"2023-07-10","129337437","PO",4,,,,"","ALMA","SWA900A1",30071,4002,"2023-07-10","2023-08-10","USD",93.00,100,"3XS:20|2XS:20|XS:20|S:10|M:10|L:10|XL:10"
251414,"2022-09-15 08:39:53.45","#SWA901",50.00,68.00,93.00,120.90,"2023-07-10","129337437","PO",4,,,,"","ALMA","SWA901A0",30072,5002,"2023-07-10","2023-08-10","USD",93.00,100,"3XS:20|2XS:20|XS:20|S:10|M:10|L:10|XL:10"
251415,"2022-09-15 08:39:53.45","#SWA902",50.00,68.00,93.00,120.90,"2023-07-10","129337437","PO",4,,,,"","ALMA","SWA902A1",30073,6002,"2023-07-10","2023-08-10","USD",93.00,100,"3XS:20|2XS:20|XS:20|S:10|M:10|L:10|XL:10"
251416,"2022-09-15 08:39:53.45","#SWA903",50.00,68.00,93.00,120.90,"2023-07-10","129337437","PO",4,,,,"","ALMA","SWA903A1",30029,8002,"2023-07-10","2023-08-10","USD",93.00,100,"3XS:20|2XS:20|XS:20|S:10|M:10|L:10|XL:10"
251417,"2022-09-15 08:39:53.45","#SWA904",50.00,68.00,93.00,120.90,"2023-07-10","129337481","PO",4,,,,"","ALMA","SWA904A0",30013,1002,"2023-07-10","2023-08-10","USD",93.00,100,"3XS:20|2XS:20|XS:20|S:10|M:10|L:10|XL:10"
251418,"2022-09-15 08:39:53.45","#SWA905",50.00,68.00,93.00,120.90,"2023-07-10","129337481","PO",4,,,,"","ALMA","SWA905A1",30022,1016,"2023-07-10","2023-08-10","USD",93.00,100,"3XS:20|2XS:20|XS:20|S:10|M:10|L:10|XL:10"
251419,"2022-09-15 08:39:53.45","#SWA906",50.00,68.00,93.00,120.90,"2023-07-10","129337481","PO",4,,,,"","ALMA","SWA906A0",30045,3002,"2023-07-10","2023-08-10","USD",93.00,100,"3XS:20|2XS:20|XS:20|S:10|M:10|L:10|XL:10"
251420,"2022-09-15 08:39:53.45","#SWA907",50.00,68.00,93.00,120.90,"2023-07-10","129337481","PO",4,,,,"","ALMA","SWA907A1",30046,4002,"2023-07-10","2023-08-10","USD",93.00,100,"3XS:20|2XS:20|XS:20|S:10|M:10|L:10|XL:10"
251421,"2022-09-15 08:39:53.45","#SWA908",50.00,68.00,93.00,120.90,"2023-07-10","129337481","PO",4,,,,"","ALMA","SWA908A1",30047,5002,"2023-07-10","2023-08-10","USD",93.00,100,"3XS:20|2XS:20|XS:20|S:10|M:10|L:10|XL:10"
251422,"2022-09-15 08:39:53.45","#SWA909",50.00,68.00,93.00,120.90,"2023-07-10","129337481","PO",4,,,,"","ALMA","SWA909A0",30065,6002,"2023-07-10","2023-08-10","USD",93.00,100,"3XS:20|2XS:20|XS:20|S:10|M:10|L:10|XL:10"
251423,"2022-09-15 08:39:53.45","#SWA910",50.00,68.00,93.00,120.90,"2023-07-10","129337481","PO",4,,,,"","ALMA","SWA910A1",30074,8002,"2023-07-10","2023-08-10","USD",93.00,100,"3XS:20|2XS:20|XS:20|S:10|M:10|L:10|XL:10"
251424,"2022-09-15 08:39:53.45","#SWA911",50.00,68.00,93.00,120.90,"2023-07-10","129337490","PO",4,,,,"","ALMA","SWA911A0",30075,1002,"2023-07-10","2023-08-10","USD",93.00,100,"3XS:20|2XS:20|XS:20|S:10|M:10|L:10|XL:10"
251425,"2022-09-15 08:39:53.45","#SWA912",50.00,68.00,93.00,120.90,"2023-07-10","129337490","PO",4,,,,"","ALMA","SWA912A1",30025,1016,"2023-07-10","2023-08-10","USD",93.00,100,"3XS:20|2XS:20|XS:20|S:10|M:10|L:10|XL:10"
251426,"2022-09-15 08:39:53.45","#SWA913",50.00,68.00,93.00,120.90,"2023-07-10","129337490","PO",4,,,,"","ALMA","SWA913A1",30026,3002,"2023-07-10","2023-08-10","USD",93.00,100,"3XS:20|2XS:20|XS:20|S:10|M:10|L:10|XL:10"
251427,"2022-09-15 08:39:53.45","#SWA914",50.00,68.00,93.00,120.90,"2023-07-10","129337490","PO",4,,,,"","ALMA","SWA914A0",30027,4002,"2023-07-10","2023-08-10","USD",93.00,100,"3XS:20|2XS:20|XS:20|S:10|M:10|L:10|XL:10"
251428,"2022-09-15 08:39:53.45","#SWA915",50.00,68.00,93.00,120.90,"2023-07-10","129337490","PO",4,,,,"","ALMA","SWA915A1",30066,5002,"2023-07-10","2023-08-10","USD",93.00,100,"3XS:20|2XS:20|XS:20|S:10|M:10|L:10|XL:10"
251429,"2022-09-15 08:39:53.45","#SWA916",50.00,68.00,93.00,120.90,"2023-07-10","129337490","PO",4,,,,"","ALMA","SWA916A0",30067,6002,"2023-07-10","2023-08-10","USD",93.00,100,"3XS:20|2XS:20|XS:20|S:10|M:10|L:10|XL:10"
251430,"2022-09-15 08:39:53.45","#SWA917",50.00,68.00,93.00,120.90,"2023-07-10","129337490","PO",4,,,,"","ALMA","SWA917A1",30068,8002,"2023-07-10","2023-08-10","USD",93.00,100,"3XS:20|2XS:20|XS:20|S:10|M:10|L:10|XL:10"
251431,"2022-09-15 08:39:53.45","#SWA918",50.00,68.00,93.00,120.90,"2023-07-10","129337492","PO",4,,,,"","ALMA","SWA918A1",30069,1002,"2023-07-10","2023-08-10","USD",93.00,100,"3XS:20|2XS:20|XS:20|S:10|M:10|L:10|XL:10"
251432,"2022-09-15 08:39:53.45","#SWA919",50.00,68.00,93.00,120.90,"2023-07-10","129337492","PO",4,,,,"","ALMA","SWA919A0",30070,1016,"2023-07-10","2023-08-10","USD",93.00,100,"3XS:20|2XS:20|XS:20|S:10|M:10|L:10|XL:10"
251433,"2022-09-15 08:39:53.45","#SWA920",50.00,68.00,93.00,120.90,"2023-07-10","129337492","PO",4,,,,"","ALMA","SWA920A1",30071,3002,"2023-07-10","2023-08-10","USD",93.00,100,"3XS:20|2XS:20|XS:20|S:10|M:10|L:10|XL:10"
251434,"2022-09-15 08:39:53.45","#SWA921",50.00,68.00,93.00,120.90,"2023-07-10","129337492","PO",4,,,,"","ALMA","SWA921A0",30072,4002,"2023-07-10","2023-08-10","USD",93.00,100,"3XS:20|2XS:20|XS:20|S:10|M:10|L:10|XL:10"
251435,"2022-09-15 08:39:53.45","#SWA922",50.00,68.00,93.00,120.90,"2023-07-10","129337492","PO",4,,,,"","ALMA","SWA922A1",30073,5002,"2023-07-10","2023-08-10","USD",93.00,100,"3XS:20|2XS:20|XS:20|S:10|M:10|L:10|XL:10"
251436,"2022-09-15 08:39:53.45","#SWA923",50.00,68.00,93.00,120.90,"2023-07-10","129337492","PO",4,,,,"","ALMA","SWA923A1",30029,6002,"2023-07-10","2023-08-10","USD",93.00,100,"3XS:20|2XS:20|XS:20|S:10|M:10|L:10|XL:10"
251437,"2022-09-15 08:39:53.45","#SWA924",50.00,68.00,93.00,120.90,"2023-07-10","129337492","PO",4,,,,"","ALMA","SWA924A0",30013,8002,"2023-07-10","2023-08-10","USD",93.00,100,"3XS:20|2XS:20|XS:20|S:10|M:10|L:10|XL:10"
251438,"2022-09-15 08:39:53.45","#SWA925",50.00,68.00,93.00,120.90,"2023-07-10","129337510","PO",4,,,,"","ALMA","SWA925A1",30022,1002,"2023-07-10","2023-08-10","USD",93.00,100,"3XS:20|2XS:20|XS:20|S:10|M:10|L:10|XL:10"
251439,"2022-09-15 08:39:53.45","#SWA926",50.00,68.00,93.00,120.90,"2023-07-10","129337510","PO",4,,,,"","ALMA","SWA926A0",30045,1016,"2023-07-10","2023-08-10","USD",93.00,100,"3XS:20|2XS:20|XS:20|S:10|M:10|L:10|XL:10"
251440,"2022-09-15 08:39:53.45","#SWA927",50.00,68.00,93.00,120.90,"2023-07-10","129337510","PO",4,,,,"","ALMA","SWA927A1",30046,3002,"2023-07-10","2023-08-10","USD",93.00,100,"3XS:20|2XS:20|XS:20|S:10|M:10|L:10|XL:10"
251441,"2022-09-15 08:39:53.45","#SWA928",50.00,68.00,93.00,120.90,"2023-07-10","129337510","PO",4,,,,"","ALMA","SWA928A1",30047,4002,"2023-07-10","2023-08-10","USD",93.00,100,"3XS:20|2XS:20|XS:20|S:10|M:10|L:10|XL:10"
251442,"2022-09-15 08:39:53.45","#SWA929",50.00,68.00,93.00,120.90,"2023-07-10","129337510","PO",4,,,,"","ALMA","SWA929A0",30065,5002,"2023-07-10","2023-08-10","USD",93.00,100,"3XS:20|2XS:20|XS:20|S:10|M:10|L:10|XL:10"
251443,"2022-09-15 08:39:53.45","#SWA930",50.00,68.00,93.00,120.90,"2023-07-10","129337510","PO",4,,,,"","ALMA","SWA930A1",30074,6002,"2023-07-10","2023-08-10","USD",93.00,100,"3XS:20|2XS:20|XS:20|S:10|M:10|L:10|XL:10"
251444,"2022-09-15 08:39:53.45","#SWA931",50.00,68.00,93.00,120.90,"2023-07-10","129337510","PO",4,,,,"","ALMA","SWA931A0",30075,8002,"2023-07-10","2023-08-10","USD",93.00,100,"3XS:20|2XS:20|XS:20|S:10|M:10|L:10|XL:10"
251445,"2022-09-15 08:39:53.45","#SWA932",50.00,68.00,93.00,120.90,"2023-07-10","129337555","PO",4,,,,"","ALMA","SWA932A1",30025,1002,"2023-07-10","2023-08-10","USD",93.00,100,"3XS:20|2XS:20|XS:20|S:10|M:10|L:10|XL:10"
251446,"2022-09-15 08:39:53.45","#SWA933",50.00,68.00,93.00,120.90,"2023-07-10","129337555","PO",4,,,,"","ALMA","SWA933A1",30026,1016,"2023-07-10","2023-08-10","USD",93.00,100,"3XS:20|2XS:20|XS:20|S:10|M:10|L:10|XL:10"
251447,"2022-09-15 08:39:53.45","#SWA934",50.00,68.00,93.00,120.90,"2023-07-10","129337555","PO",4,,,,"","ALMA","SWA934A0",30027,3002,"2023-07-10","2023-08-10","USD",93.00,100,"3XS:20|2XS:20|XS:20|S:10|M:10|L:10|XL:10"
251448,"2022-09-15 08:39:53.45","#SWA935",50.00,68.00,93.00,120.90,"2023-07-10","129337555","PO",4,,,,"","ALMA","SWA935A1",30066,4002,"2023-07-10","2023-08-10","USD",93.00,100,"3XS:20|2XS:20|XS:20|S:10|M:10|L:10|XL:10"
251449,"2022-09-15 08:39:53.45","#SWA936",50.00,68.00,93.00,120.90,"2023-07-10","129337555","PO",4,,,,"","ALMA","SWA936A0",30067,5002,"2023-07-10","2023-08-10","USD",93.00,100,"3XS:20|2XS:20|XS:20|S:10|M:10|L:10|XL:10"
251450,"2022-09-15 08:39:53.45","#SWA937",50.00,68.00,93.00,120.90,"2023-07-10","129337555","PO",4,,,,"","ALMA","SWA937A1",30068,6002,"2023-07-10","2023-08-10","USD",93.00,100,"3XS:20|2XS:20|XS:20|S:10|M:10|L:10|XL:10"
251451,"2022-09-15 08:39:53.45","#SWA938",50.00,68.00,93.00,120.90,"2023-07-10","129337555","PO",4,,,,"","ALMA","SWA938A1",30069,8002,"2023-07-10","2023-08-10","USD",93.00,100,"3XS:20|2XS:20|XS:20|S:10|M:10|L:10|XL:10"
251452,"2022-09-15 08:39:53.45","#SWA939",50.00,68.00,93.00,120.90,"2023-07-10","129337556","PO",4,,,,"","ALMA","SWA939A0",30070,1002,"2023-07-10","2023-08-10","USD",93.00,100,"3XS:20|2XS:20|XS:20|S:10|M:10|L:10|XL:10"
251453,"2022-09-15 08:39:53.45","#SWA940",50.00,68.00,93.00,120.90,"2023-07-10","129337556","PO",4,,,,"","ALMA","SWA940A1",30071,1016,"2023-07-10","2023-08-10","USD",93.00,100,"3XS:20|2XS:20|XS:20|S:10|M:10|L:10|XL:10"
251454,"2022-09-15 08:39:53.45","#SWA941",50.00,68.00,93.00,120.90,"2023-07-10","129337556","PO",4,,,,"","ALMA","SWA941A0",30072,3002,"2023-07-10","2023-08-10","USD",93.00,100,"3XS:20|2XS:20|XS:20|S:10|M:10|L:10|XL:10"
251455,"2022-09-15 08:39:53.45","#SWA942",50.00,68.00,93.00,120.90,"2023-07-10","129337556","PO",4,,,,"","ALMA","SWA942A1",30073,4002,"2023-07-10","2023-08-10","USD",93.00,100,"3XS:20|2XS:20|XS:20|S:10|M:10|L:10|XL:10"
251456,"2022-09-15 08:39:53.45","#SWA943",50.00,68.00,93.00,120.90,"2023-07-10","129337556","PO",4,,,,"","ALMA","SWA943A1",30029,5002,"2023-07-10","2023-08-10","USD",93.00,100,"3XS:20|2XS:20|XS:20|S:10|M:10|L:10|XL:10"
251457,"2022-09-15 08:39:53.45","#SWA944",50.00,68.00,93.00,120.90,"2023-07-10","129337556","PO",4,,,,"","ALMA","SWA944A0",30013,6002,"2023-07-10","2023-08-10","USD",93.00,100,"3XS:20|2XS:20|XS:20|S:10|M:10|L:10|XL:10"
251458,"2022-09-15 08:39:53.45","#SWA945",50.00,68.00,93.00,120.90,"2023-07-10","129337556","PO",4,,,,"","ALMA","SWA945A1",30022,8002,"2023-07-10","2023-08-10","USD",93.00,100,"3XS:20|2XS:20|XS:20|S:10|M:10|L:10|XL:10"
251459,"2022-09-15 08:39:53.45","#SWA946",50.00,68.00,93.00,120.90,"2023-07-10","129337566","PO",4,,,,"","ALMA","SWA946A0",30045,1002,"2023-07-10","2023-08-10","USD",93.00,100,"3XS:20|2XS:20|XS:20|S:10|M:10|L:10|XL:10"
251460,"2022-09-15 08:39:53.45","#SWA947",50.00,68.00,93.00,120.90,"2023-07-10","129337566","PO",4,,,,"","ALMA","SWA947A1",30046,1016,"2023-07-10","2023-08-10","USD",93.00,100,"3XS:20|2XS:20|XS:20|S:10|M:10|L:10|XL:10"
251461,"2022-09-15 08:39:53.45","#SWA948",50.00,68.00,93.00,120.90,"2023-07-10","129337566","PO",4,,,,"","ALMA","SWA948A1",30047,3002,"2023-07-10","2023-08-10","USD",93.00,100,"3XS:20|2XS:20|XS:20|S:10|M:10|L:10|XL:10"
251462,"2022-09-15 08:39:53.45","#SWA949",50.00,68.00,93.00,120.90,"2023-07-10","129337566","PO",4,,,,"","ALMA","SWA949A0",30065,4002,"2023-07-10","2023-08-10","USD",93.00,100,"3XS:20|2XS:20|XS:20|S:10|M:10|L:10|XL:10"
251463,"2022-09-15 08:39:53.45","#SWA950",50.00,68.00,93.00,120.90,"2023-07-10","129337566","PO",4,,,,"","ALMA","SWA950A1",30074,5002,"2023-07-10","2023-08-10","USD",93.00,100,"3XS:20|2XS:20|XS:20|S:10|M:10|L:10|XL:10"
251464,"2022-09-15 08:39:53.45","#SWA951",50.00,68.00,93.00,120.90,"2023-07-10","129337566","PO",4,,,,"","ALMA","SWA951A0",30075,6002,"2023-07-10","2023-08-10","USD",93.00,100,"3XS:20|2XS:20|XS:20|S:10|M:10|L:10|XL:10"
251465,"2022-09-15 08:39:53.45","#SWA952",50.00,68.00,93.00,120.90,"2023-07-10","129337566","PO",4,,,,"","ALMA","SWA952A1",30025,8002,"2023-07-10","2023-08-10","USD",93.00,100,"3XS:20|2XS:20|XS:20|S:10|M:10|L:10|XL:10"
251466,"2022-09-15 08:39:53.45","#SWA953",50.00,68.00,93.00,120.90,"2023-07-10","129337576","PO",4,,,,"","ALMA","SWA953A1",30026,1002,"2023-07-10","2023-08-10","USD",93.00,100,"3XS:20|2XS:20|XS:20|S:10|M:10|L:10|XL:10"
251467,"2022-09-15 08:39:53.45","#SWA954",50.00,68.00,93.00,120.90,"2023-07-10","129337576","PO",4,,,,"","ALMA","SWA954A0",30027,1016,"2023-07-10","2023-08-10","USD",93.00,100,"3XS:20|2XS:20|XS:20|S:10|M:10|L:10|XL:10"
251468,"2022-09-15 08:39:53.45","#SWA955",50.00,68.00,93.00,120.90,"2023-07-10","129337576","PO",4,,,,"","ALMA","SWA955A1",30066,3002,"2023-07-10","2023-08-10","USD",93.00,100,"3XS:20|2XS:20|XS:20|S:10|M:10|L:10|XL:10"
251469,"2022-09-15 08:39:53.45","#SWA956",50.00,68.00,93.00,120.90,"2023-07-10","129337576","PO",4,,,,"","ALMA","SWA956A0",30067,4002,"2023-07-10","2023-08-10","USD",93.00,100,"3XS:20|2XS:20|XS:20|S:10|M:10|L:10|XL:10"
251470,"2022-09-15 08:39:53.45","#SWA957",50.00,68.00,93.00,120.90,"2023-07-10","129337576","PO",4,,,,"","ALMA","SWA957A1",30068,5002,"2023-07-10","2023-08-10","USD",93.00,100,"3XS:20|2XS:20|XS:20|S:10|M:10|L:10|XL:10"
251471,"2022-09-15 08:39:53.45","#SWA958",50.00,68.00,93.00,120.90,"2023-07-10","129337576","PO",4,,,,"","ALMA","SWA958A1",30069,6002,"2023-07-10","2023-08-10","USD",93.00,100,"3XS:20|2XS:20|XS:20|S:10|M:10|L:10|XL:10"
251472,"2022-09-15 08:39:53.45","#SWA959",50.00,68.00,93.00,120.90,"2023-07-10","129337576","PO",4,,,,"","ALMA","SWA959A0",30070,8002,"2023-07-10","2023-08-10","USD",93.00,100,"3XS:20|2XS:20|XS:20|S:10|M:10|L:10|XL:10"
251473,"2022-09-15 08:39:53.45","#SWA960",50.00,68.00,93.00,120.90,"2023-07-10","129337589","PO",4,,,,"","ALMA","SWA960A1",30071,1002,"2023-07-10","2023-08-10","USD",93.00,100,"3XS:20|2XS:20|XS:20|S:10|M:10|L:10|XL:10"
251474,"2022-09-15 08:39:53.45","#SWA961",50.00,68.00,93.00,120.90,"2023-07-10","129337589","PO",4,,,,"","ALMA","SWA961A0",30072,1016,"2023-07-10","2023-08-10","USD",93.00,100,"3XS:20|2XS:20|XS:20|S:10|M:10|L:10|XL:10"
251475,"2022-09-15 08:39:53.45","#SWA962",50.00,68.00,93.00,120.90,"2023-07-10","129337589","PO",4,,,,"","ALMA","SWA962A1",30073,3002,"2023-07-10","2023-08-10","USD",93.00,100,"3XS:20|2XS:20|XS:20|S:10|M:10|L:10|XL:10"
251476,"2022-09-15 08:39:53.45","#SWA963",50.00,68.00,93.00,120.90,"2023-07-10","129337589","PO",4,,,,"","ALMA","SWA963A1",30029,4002,"2023-07-10","2023-08-10","USD",93.00,100,"3XS:20|2XS:20|XS:20|S:10|M:10|L:10|XL:10"
251477,"2022-09-15 08:39:53.45","#SWA964",50.00,68.00,93.00,120.90,"2023-07-10","129337589","PO",4,,,,"","ALMA","SWA964A0",30013,5002,"2023-07-10","2023-08-10","USD",93.00,100,"3XS:20|2XS:20|XS:20|S:10|M:10|L:10|XL:10"
251478,"2022-09-15 08:39:53.45","#SWA965",50.00,68.00,93.00,120.90,"2023-07-10","129337589","PO",4,,,,"","ALMA","SWA965A1",30022,6002,"2023-07-10","2023-08-10","USD",93.00,100,"3XS:20|2XS:20|XS:20|S:10|M:10|L:10|XL:10"
251479,"2022-09-15 08:39:53.45","#SWA966",50.00,68.00,93.00,120.90,"2023-07-10","129337589","PO",4,,,,"","ALMA","SWA966A0",30045,8002,"2023-07-10","2023-08-10","USD",93.00,100,"3XS:20|2XS:20|XS:20|S:10|M:10|L:10|XL:10"
251480,"2022-09-15 08:39:53.45","#SWA967",50.00,68.00,93.00,120.90,"2023-07-10","129337600","PO",4,,,,"","ALMA","SWA967A1",30046,1002,"2023-07-10","2023-08-10","USD",93.00,100,"3XS:20|2XS:20|XS:20|S:10|M:10|L:10|XL:10"
251481,"2022-09-15 08:39:53.45","#SWA968",50.00,68.00,93.00,120.90,"2023-07-10","129337600","PO",4,,,,"","ALMA","SWA968A1",30047,1016,"2023-07-10","2023-08-10","USD",93.00,100,"3XS:20|2XS:20|XS:20|S:10|M:10|L:10|XL:10"
251482,"2022-09-15 08:39:53.45","#SWA969",50.00,68.00,93.00,120.90,"2023-07-10","129337600","PO",4,,,,"","ALMA","SWA969A0",30065,3002,"2023-07-10","2023-08-10","USD",93.00,100,"3XS:20|2XS:20|XS:20|S:10|M:10|L:10|XL:10"
251483,"2022-09-15 08:39:53.45","#SWA970",50.00,68.00,93.00,120.90,"2023-07-10","129337600","PO",4,,,,"","ALMA","SWA970A1",30074,4002,"2023-07-10","2023-08-10","USD",93.00,100,"3XS:20|2XS:20|XS:20|S:10|M:10|L:10|XL:10"
251484,"2022-09-15 08:39:53.45","#SWA971",50.00,68.00,93.00,120.90,"2023-07-10","129337600","PO",4,,,,"","ALMA","SWA971A0",30075,5002,"2023-07-10","2023-08-10","USD",93.00,100,"3XS:20|2XS:20|XS:20|S:10|M:10|L:10|XL:10"
251485,"2022-09-15 08:39:53.45","#SWA972",50.00,68.00,93.00,120.90,"2023-07-10","129337600","PO",4,,,,"","ALMA","SWA972A1",30025,6002,"2023-07-10","2023-08-10","USD",93.00,100,"3XS:20|2XS:20|XS:20|S:10|M:10|L:10|XL:10"
251486,"2022-09-15 08:39:53.45","#SWA973",50.00,68.00,93.00,120.90,"2023-07-10","129337600","PO",4,,,,"","ALMA","SWA973A1",30026,8002,"2023-07-10","2023-08-10","USD",93.00,100,"3XS:20|2XS:20|XS:20|S:10|M:10|L:10|XL:10"
251487,"2022-09-15 08:39:53.45","#SWA974",50.00,68.00,93.00,120.90,"2023-07-10","129337635","PO",4,,,,"","ALMA","SWA974A0",30027,1002,"2023-07-10","2023-08-10","USD",93.00,100,"3XS:20|2XS:20|XS:20|S:10|M:10|L:10|XL:10"
251488,"2022-09-15 08:39:53.45","#SWA975",50.00,68.00,93.00,120.90,"2023-07-10","129337635","PO",4,,,,"","ALMA","SWA975A1",30066,1016,"2023-07-10","2023-08-10","USD",93.00,100,"3XS:20|2XS:20|XS:20|S:10|M:10|L:10|XL:10"
251489,"2022-09-15 08:39:53.45","#SWA976",50.00,68.00,93.00,120.90,"2023-07-10","129337635","PO",4,,,,"","ALMA","SWA976A0",30067,3002,"2023-07-10","2023-08-10","USD",93.00,100,"3XS:20|2XS:20|XS:20|S:10|M:10|L:10|XL:10"
251490,"2022-09-15 08:39:53.45","#SWA977",50.00,68.00,93.00,120.90,"2023-07-10","129337635","PO",4,,,,"","ALMA","SWA977A1",30068,4002,"2023-07-10","2023-08-10","USD",93.00,100,"3XS:20|2XS:20|XS:20|S:10|M:10|L:10|XL:10"
251491,"2022-09-15 08:39:53.45","#SWA978",50.00,68.00,93.00,120.90,"2023-07-10","129337635","PO",4,,,,"","ALMA","SWA978A1",30069,5002,"2023-07-10","2023-08-10","USD",93.00,100,"3XS:20|2XS:20|XS:20|S:10|M:10|L:10|XL:10"
251492,"2022-09-15 08:39:53.45","#SWA979",50.00,68.00,93.00,120.90,"2023-07-10","129337635","PO",4,,,,"","ALMA","SWA979A0",30070,6002,"2023-07-10","2023-08-10","USD",93.00,100,"3XS:20|2XS:20|XS:20|S:10|M:10|L:10|XL:10"
251493,"2022-09-15 08:39:53.45","#SWA980",50.00,68.00,93.00,120.90,"2023-07-10","129337635","PO",4,,,,"","ALMA","SWA980A1",30071,8002,"2023-07-10","2023-08-10","USD",93.00,100,"3XS:20|2XS:20|XS:20|S:10|M:10|L:10|XL:10"
251494,"2022-09-15 08:39:53.45","#SWA981",50.00,68.00,93.00,120.90,"2023-07-10","129337671","PO",4,,,,"","ALMA","SWA981A0",30072,1002,"2023-07-10","2023-08-10","USD",93.00,100,"3XS:20|2XS:20|XS:20|S:10|M:10|L:10|XL:10"
251495,"2022-09-15 08:39:53.45","#SWA982",50.00,68.00,93.00,120.90,"2023-07-10","129337671","PO",4,,,,"","ALMA","SWA982A1",30073,1016,"2023-07-10","2023-08-10","USD",93.00,100,"3XS:20|2XS:20|XS:20|S:10|M:10|L:10|XL:10"
251496,"2022-09-15 08:39:53.45","#SWA983",50.00,68.00,93.00,120.90,"2023-07-10","129337671","PO",4,,,,"","ALMA","SWA983A1",30029,3002,"2023-07-10","2023-08-10","USD",93.00,100,"3XS:20|2XS:20|XS:20|S:10|M:10|L:10|XL:10"
251497,"2022-09-15 08:39:53.45","#SWA984",50.00,68.00,93.00,120.90,"2023-07-10","129337671","PO",4,,,,"","ALMA","SWA984A0",30013,4002,"2023-07-10","2023-08-10","USD",93.00,100,"3XS:20|2XS:20|XS:20|S:10|M:10|L:10|XL:10"
251498,"2022-09-15 08:39:53.45","#SWA985",50.00,68.00,93.00,120.90,"2023-07-10","129337671","PO",4,,,,"","ALMA","SWA985A1",30022,5002,"2023-07-10","2023-08-10","USD",93.00,100,"3XS:20|2XS:20|XS:20|S:10|M:10|L:10|XL:10"
251499,"2022-09-15 08:39:53.45","#SWA986",50.00,68.00,93.00,120.90,"2023-07-10","129337671","PO",4,,,,"","ALMA","SWA986A0",30045,6002,"2023-07-10","2023-08-10","USD",93.00,100,"3XS:20|2XS:20|XS:20|S:10|M:10|L:10|XL:10"
251500,"2022-09-15 08:39:53.45","#SWA987",50.00,68.00,93.00,120.90,"2023-07-10","129337671","PO",4,,,,"","ALMA","SWA987A1",30046,8002,"2023-07-10","2023-08-10","USD",93.00,100,"3XS:20|2XS:20|XS:20|S:10|M:10|L:10|XL:10"
250001,"2022-09-15 08:39:53.45","#SWA988",50.00,68.00,93.00,120.90,"2023-07-10","129337677","PO",4,,,,"","ALMA","SWA988A1",30047,1002,"2023-07-10","2023-08-10","USD",93.00,100,"3XS:20|2XS:20|XS:20|S:10|M:10|L:10|XL:10"
250002,"2022-09-15 08:39:53.45","#SWA989",50.00,68.00,93.00,120.90,"2023-07-10","129337677","PO",4,,,,"","ALMA","SWA989A0",30065,1016,"2023-07-10","2023-08-10","USD",93.00,100,"3XS:20|2XS:20|XS:20|S:10|M:10|L:10|XL:10"
250003,"2022-09-15 08:39:53.45","#SWA990",50.00,68.00,93.00,120.90,"2023-07-10","129337677","PO",4,,,,"","ALMA","SWA990A1",30074,3002,"2023-07-10","2023-08-10","USD",93.00,100,"3XS:20|2XS:20|XS:20|S:10|M:10|L:10|XL:10"
250004,"2022-09-15 08:39:53.45","#SWA991",50.00,68.00,93.00,120.90,"2023-07-10","129337677","PO",4,,,,"","ALMA","SWA991A0",30075,4002,"2023-07-10","2023-08-10","USD",93.00,100,"3XS:20|2XS:20|XS:20|S:10|M:10|L:10|XL:10"
250005,"2022-09-15 08:39:53.45","#SWA992",50.00,68.00,93.00,120.90,"2023-07-10","129337677","PO",4,,,,"","ALMA","SWA992A1",30025,5002,"2023-07-10","2023-08-10","USD",93.00,100,"3XS:20|2XS:20|XS:20|S:10|M:10|L:10|XL:10"
250006,"2022-09-15 08:39:53.45","#SWA993",50.00,68.00,93.00,120.90,"2023-07-10","129337677","PO",4,,,,"","ALMA","SWA993A1",30026,6002,"2023-07-10","2023-08-10","USD",93.00,100,"3XS:20|2XS:20|XS:20|S:10|M:10|L:10|XL:10"
250007,"2022-09-15 08:39:53.45","#SWA994",50.00,68.00,93.00,120.90,"2023-07-10","129337677","PO",4,,,,"","ALMA","SWA994A0",30027,8002,"2023-07-10","2023-08-10","USD",93.00,100,"3XS:20|2XS:20|XS:20|S:10|M:10|L:10|XL:10"
250008,"2022-09-15 08:39:53.45","#SSA001",50.00,68.00,93.00,120.90,"2023-07-10","129337692","PO",4,,,,"","ALMA","SSA001A1",30066,1002,"2023-07-10","2023-08-10","USD",93.00,100,"3XS:20|2XS:20|XS:20|S:10|M:10|L:10|XL:10"
250009,"2022-09-15 08:39:53.45","#SSA002",50.00,68.00,93.00,120.90,"2023-07-10","129337692","PO",4,,,,"","ALMA","SSA002A0",30067,1016,"2023-07-10","2023-08-10","USD",93.00,100,"3XS:20|2XS:20|XS:20|S:10|M:10|L:10|XL:10"
250010,"2022-09-15 08:39:53.45","#SSA003",50.00,68.00,93.00,120.90,"2023-07-10","129337692","PO",4,,,,"","ALMA","SSA003A1",30068,3002,"2023-07-10","2023-08-10","USD",93.00,100,"3XS:20|2XS:20|XS:20|S:10|M:10|L:10|XL:10"
250011,"2022-09-15 08:39:53.45","#SSA004",50.00,68.00,93.00,120.90,"2023-07-10","129337692","PO",4,,,,"","ALMA","SSA004A1",30069,4002,"2023-07-10","2023-08-10","USD",93.00,100,"3XS:20|2XS:20|XS:20|S:10|M:10|L:10|XL:10"
250012,"2022-09-15 08:39:53.45","#SSA005",50.00,68.00,93.00,120.90,"2023-07-10","129337692","PO",4,,,,"","ALMA","SSA005A0",30070,5002,"2023-07-10","2023-08-10","USD",93.00,100,"3XS:20|2XS:20|XS:20|S:10|M:10|L:10|XL:10"
250013,"2022-09-15 08:39:53.45","#SSA006",50.00,68.00,93.00,120.90,"2023-07-10","129337692","PO",4,,,,"","ALMA","SSA006A1",30071,6002,"2023-07-10","2023-08-10","USD",93.00,100,"3XS:20|2XS:20|XS:20|S:10|M:10|L:10|XL:10"
250014,"2022-09-15 08:39:53.45","#SSA007",50.00,68.00,93.00,120.90,"2023-07-10","129337692","PO",4,,,,"","ALMA","SSA007A0",30072,8002,"2023-07-10","2023-08-10","USD",93.00,100,"3XS:20|2XS:20|XS:20|S:10|M:10|L:10|XL:10"
250015,"2022-09-15 08:39:53.45","#SSA008",50.00,68.00,93.00,120.90,"2023-07-10","129337731","PO",4,,,,"","ALMA","SSA008A1",30073,1002,"2023-07-10","2023-08-10","USD",93.00,100,"3XS:20|2XS:20|XS:20|S:10|M:10|L:10|XL:10"
250016,"2022-09-15 08:39:53.45","#SSA009",50.00,68.00,93.00,120.90,"2023-07-10","129337731","PO",4,,,,"","ALMA","SSA009A1",30029,1016,"2023-07-10","2023-08-10","USD",93.00,100,"3XS:20|2XS:20|XS:20|S:10|M:10|L:10|XL:10"
250017,"2022-09-15 08:39:53.45","#SSA010",50.00,68.00,93.00,120.90,"2023-07-10","129337731","PO",4,,,,"","ALMA","SSA010A0",30013,3002,"2023-07-10","2023-08-10","USD",93.00,100,"3XS:20|2XS:20|XS:20|S:10|M:10|L:10|XL:10"
250018,"2022-09-15 08:39:53.45","#SSA011",50.00,68.00,93.00,120.90,"2023-07-10","129337731","PO",4,,,,"","ALMA","SSA011A1",30022,4002,"2023-07-10","2023-08-10","USD",93.00,100,"3XS:20|2XS:20|XS:20|S:10|M:10|L:10|XL:10"
250019,"2022-09-15 08:39:53.45","#SSA012",50.00,68.00,93.00,120.90,"2023-07-10","129337731","PO",4,,,,"","ALMA","SSA012A0",30045,5002,"2023-07-10","2023-08-10","USD",93.00,100,"3XS:20|2XS:20|XS:20|S:10|M:10|L:10|XL:10"
250020,"2022-09-15 08:39:53.45","#SSA013",50.00,68.00,93.00,120.90,"2023-07-10","129337731","PO",4,,,,"","ALMA","SSA013A1",30046,6002,"2023-07-10","2023-08-10","USD",93.00,100,"3XS:20|2XS:20|XS:20|S:10|M:10|L:10|XL:10"
250021,"2022-09-15 08:39:53.45","#SSA014",50.00,68.00,93.00,120.90,"2023-07-10","129337731","PO",4,,,,"","ALMA","SSA014A1",30047,8002,"2023-07-10","2023-08-10","USD",93.00,100,"3XS:20|2XS:20|XS:20|S:10|M:10|L:10|XL:10"
250022,"2022-09-15 08:39:53.45","#SSA015",50.00,68.00,93.00,120.90,"2023-07-10","129337752","PO",4,,,,"","ALMA","SSA015A0",30065,1002,"2023-07-10","2023-08-10","USD",93.00,100,"3XS:20|2XS:20|XS:20|S:10|M:10|L:10|XL:10"
250023,"2022-09-15 08:39:53.45","#SSA016",50.00,68.00,93.00,120.90,"2023-07-10","129337752","PO",4,,,,"","ALMA","SSA016A1",30074,1016,"2023-07-10","2023-08-10","USD",93.00,100,"3XS:20|2XS:20|XS:20|S:10|M:10|L:10|XL:10"
250024,"2022-09-15 08:39:53.45","#SSA017",50.00,68.00,93.00,120.90,"2023-07-10","129337752","PO",4,,,,"","ALMA","SSA017A0",30075,3002,"2023-07-10","2023-08-10","USD",93.00,100,"3XS:20|2XS:20|XS:20|S:10|M:10|L:10|XL:10"
250025,"2022-09-15 08:39:53.45","#SSA018",50.00,68.00,93.00,120.90,"2023-07-10","129337752","PO",4,,,,"","ALMA","SSA018A1",30025,4002,"2023-07-10","2023-08-10","USD",93.00,100,"3XS:20|2XS:20|XS:20|S:10|M:10|L:10|XL:10"
250016,"2022-09-15 08:39:53.45","#SSA019",50.00,68.00,93.00,120.90,"2023-07-10","129337752","PO",4,,,,"","ALMA","SSA019A1",30026,5002,"2023-07-10","2023-08-10","USD",93.00,100,"3XS:20|2XS:20|XS:20|S:10|M:10|L:10|XL:10"
250017,"2022-09-15 08:39:53.45","#SSA020",50.00,68.00,93.00,120.90,"2023-07-10","129337752","PO",4,,,,"","ALMA","SSA020A0",30027,6002,"2023-07-10","2023-08-10","USD",93.00,100,"3XS:20|2XS:20|XS:20|S:10|M:10|L:10|XL:10"
250018,"2022-09-15 08:39:53.45","#SSA021",50.00,68.00,93.00,120.90,"2023-07-10","129337752","PO",4,,,,"","ALMA","SSA021A1",30066,8002,"2023-07-10","2023-08-10","USD",93.00,100,"3XS:20|2XS:20|XS:20|S:10|M:10|L:10|XL:10"
250019,"2022-09-15 08:39:53.45","#SSA022",50.00,68.00,93.00,120.90,"2023-07-10","129337779","PO",4,,,,"","ALMA","SSA022A0",30067,1002,"2023-07-10","2023-08-10","USD",93.00,100,"3XS:20|2XS:20|XS:20|S:10|M:10|L:10|XL:10"
250020,"2022-09-15 08:39:53.45","#SSA023",50.00,68.00,93.00,120.90,"2023-07-10","129337779","PO",4,,,,"","ALMA","SSA023A1",30068,1016,"2023-07-10","2023-08-10","USD",93.00,100,"3XS:20|2XS:20|XS:20|S:10|M:10|L:10|XL:10"
250021,"2022-09-15 08:39:53.45","#SSA024",50.00,68.00,93.00,120.90,"2023-07-10","129337779","PO",4,,,,"","ALMA","SSA024A1",30069,3002,"2023-07-10","2023-08-10","USD",93.00,100,"3XS:20|2XS:20|XS:20|S:10|M:10|L:10|XL:10"
250022,"2022-09-15 08:39:53.45","#SSA025",50.00,68.00,93.00,120.90,"2023-07-10","129337779","PO",4,,,,"","ALMA","SSA025A0",30070,4002,"2023-07-10","2023-08-10","USD",93.00,100,"3XS:20|2XS:20|XS:20|S:10|M:10|L:10|XL:10"
250023,"2022-09-15 08:39:53.45","#SSA026",50.00,68.00,93.00,120.90,"2023-07-10","129337779","PO",4,,,,"","ALMA","SSA026A1",30071,5002,"2023-07-10","2023-08-10","USD",93.00,100,"3XS:20|2XS:20|XS:20|S:10|M:10|L:10|XL:10"
250024,"2022-09-15 08:39:53.45","#SSA027",50.00,68.00,93.00,120.90,"2023-07-10","129337779","PO",4,,,,"","ALMA","SSA027A0",30072,6002,"2023-07-10","2023-08-10","USD",93.00,100,"3XS:20|2XS:20|XS:20|S:10|M:10|L:10|XL:10"
250025,"2022-09-15 08:39:53.45","#SSA028",50.00,68.00,93.00,120.90,"2023-07-10","129337779","PO",4,,,,"","ALMA","SSA028A1",30073,8002,"2023-07-10","2023-08-10","USD",93.00,100,"3XS:20|2XS:20|XS:20|S:10|M:10|L:10|XL:10"