272001,"2023-09-15 08:39:53.45","#WAH001",50.00,68.00,93.00,120.90,"2024-02-06","134707426","WH",4,,,,"","ALMA","WAH001A1",30013,8002,"2024-02-06","2024-03-06","USD",93.00,100,"3XS:20|2XS:20|XS:20|S:10|M:10|L:10|XL:10"
272002,"2023-09-15 08:39:53.45","#WAH002",50.00,68.00,93.00,120.90,"2024-02-06","134707626","WH",4,,,,"","ALMA","WAH002A1",30022,6002,"2024-02-06","2024-03-06","USD",93.00,100,"3XS:20|2XS:20|XS:20|S:10|M:10|L:10|XL:10"
272003,"2023-09-15 08:39:53.45","#WAH003",50.00,68.00,93.00,120.90,"2024-02-06","134707826","WH",4,,,,"","ALMA","WAH003A1",30025,5002,"2024-02-06","2024-03-06","USD",93.00,100,"3XS:20|2XS:20|XS:20|S:10|M:10|L:10|XL:10"
272004,"2023-09-15 08:39:53.45","#WAH004",50.00,68.00,93.00,120.90,"2024-02-06","134713330","WH",4,,,,"","ALMA","WAH004A1",30026,4002,"2024-02-06","2024-03-06","USD",93.00,100,"3XS:20|2XS:20|XS:20|S:10|M:10|L:10|XL:10"
272005,"2023-09-15 08:39:53.45","#WAH005",50.00,68.00,93.00,120.90,"2024-02-06","134713507","WH",4,,,,"","ALMA","WAH005A1",30027,3002,"2024-02-06","2024-03-06","USD",93.00,100,"3XS:20|2XS:20|XS:20|S:10|M:10|L:10|XL:10"
272006,"2023-09-15 08:39:53.45","#WAH006",50.00,68.00,93.00,120.90,"2024-02-06","134713697","WH",4,,,,"","ALMA","WAH006A1",30029,1002,"2024-02-06","2024-03-06","USD",93.00,100,"3XS:20|2XS:20|XS:20|S:10|M:10|L:10|XL:10"
272007,"2023-09-15 08:39:53.45","#WAH007",50.00,68.00,93.00,120.90,"2024-02-06","134707872","WH",4,,,,"","ALMA","WAH007A1",30045,8002,"2024-02-06","2024-03-06","USD",93.00,100,"3XS:20|2XS:20|XS:20|S:10|M:10|L:10|XL:10"
272008,"2023-09-15 08:39:53.45","#WAH008",50.00,68.00,93.00,120.90,"2024-02-06","134708073","WH",4,,,,"","ALMA","WAH008A1",30046,6002,"2024-02-06","2024-03-06","USD",93.00,100,"3XS:20|2XS:20|XS:20|S:10|M:10|L:10|XL:10"
272009,"2023-09-15 08:39:53.45","#WAH009",50.00,68.00,93.00,120.90,"2024-02-06","134708274","WH",4,,,,"","ALMA","WAH009A1",30047,5002,"2024-02-06","2024-03-06","USD",93.00,100,"3XS:20|2XS:20|XS:20|S:10|M:10|L:10|XL:10"
272010,"2023-09-15 08:39:53.45","#WAH010",50.00,68.00,93.00,120.90,"2024-02-06","134709845","WH",4,,,,"","ALMA","WAH010A1",30065,4002,"2024-02-06","2024-03-06","USD",93.00,100,"3XS:20|2XS:20|XS:20|S:10|M:10|L:10|XL:10"
272011,"2023-09-15 08:39:53.45","#WAH011",50.00,68.00,93.00,120.90,"2024-02-06","134710044","WH",4,,,,"","ALMA","WAH011A1",30066,3002,"2024-02-06","2024-03-06","USD",93.00,100,"3XS:20|2XS:20|XS:20|S:10|M:10|L:10|XL:10"
272012,"2023-09-15 08:39:53.45","#WAH012",50.00,68.00,93.00,120.90,"2024-02-06","134710235","WH",4,,,,"","ALMA","WAH012A1",30067,1002,"2024-02-06","2024-03-06","USD",93.00,100,"3XS:20|2XS:20|XS:20|S:10|M:10|L:10|XL:10"
272013,"2023-09-15 08:39:53.45","#WAH013",50.00,68.00,93.00,120.90,"2024-02-06","134707784","WH",4,,,,"","ALMA","WAH013A1",30068,8002,"2024-02-06","2024-03-06","USD",93.00,100,"3XS:20|2XS:20|XS:20|S:10|M:10|L:10|XL:10"
272014,"2023-09-15 08:39:53.45","#WAH014",50.00,68.00,93.00,120.90,"2024-02-06","134707985","WH",4,,,,"","ALMA","WAH014A1",30069,6002,"2024-02-06","2024-03-06","USD",93.00,100,"3XS:20|2XS:20|XS:20|S:10|M:10|L:10|XL:10"
272015,"2023-09-15 08:39:53.45","#WAH015",50.00,68.00,93.00,120.90,"2024-02-06","134708185","WH",4,,,,"","ALMA","WAH015A1",30070,5002,"2024-02-06","2024-03-06","USD",93.00,100,"3XS:20|2XS:20|XS:20|S:10|M:10|L:10|XL:10"
272016,"2023-09-15 08:39:53.45","#WAH016",50.00,68.00,93.00,120.90,"2024-02-06","134708026","WH",4,,,,"","ALMA","WAH016A1",30071,4002,"2024-02-06","2024-03-06","USD",93.00,100,"3XS:20|2XS:20|XS:20|S:10|M:10|L:10|XL:10"
272017,"2023-09-15 08:39:53.45","#WAH017",50.00,68.00,93.00,120.90,"2024-02-06","134708579","WH",4,,,,"","ALMA","WAH017A1",30072,3002,"2024-02-06","2024-03-06","USD",93.00,100,"3XS:20|2XS:20|XS:20|S:10|M:10|L:10|XL:10"
272018,"2023-09-15 08:39:53.45","#WAH018",50.00,68.00,93.00,120.90,"2024-02-06","134708763","WH",4,,,,"","ALMA","WAH018A1",30073,1002,"2024-02-06","2024-03-06","USD",93.00,100,"3XS:20|2XS:20|XS:20|S:10|M:10|L:10|XL:10"
272019,"2023-09-15 08:39:53.45","#WAH019",50.00,68.00,93.00,120.90,"2024-02-06","134700888","WH",4,,,,"","ALMA","WAH019A1",30074,8002,"2024-02-06","2024-03-06","USD",93.00,100,"3XS:20|2XS:20|XS:20|S:10|M:10|L:10|XL:10"
272020,"2023-09-15 08:39:53.45","#WAH020",50.00,68.00,93.00,120.90,"2024-02-06","134701102","WH",4,,,,"","ALMA","WAH020A1",30075,6002,"2024-02-06","2024-03-06","USD",93.00,100,"3XS:20|2XS:20|XS:20|S:10|M:10|L:10|XL:10"
272021,"2023-09-15 08:39:53.45","#WAH021",50.00,68.00,93.00,120.90,"2024-02-06","134701302","WH",4,,,,"","ALMA","WAH021A1",30076,5002,"2024-02-06","2024-03-06","USD",93.00,100,"3XS:20|2XS:20|XS:20|S:10|M:10|L:10|XL:10"
272022,"2023-09-15 08:39:53.45","#WAH022",50.00,68.00,93.00,120.90,"2024-02-06","134701509","WH",4,,,,"","ALMA","WAH022A1",30077,4002,"2024-02-06","2024-03-06","USD",93.00,100,"3XS:20|2XS:20|XS:20|S:10|M:10|L:10|XL:10"
272023,"2023-09-15 08:39:53.45","#WAH023",50.00,68.00,93.00,120.90,"2024-02-06","134713888","WH",4,,,,"","ALMA","WAH023A1",30078,3002,"2024-02-06","2024-03-06","USD",93.00,100,"3XS:20|2XS:20|XS:20|S:10|M:10|L:10|XL:10"
272024,"2023-09-15 08:39:53.45","#WAH024",50.00,68.00,93.00,120.90,"2024-02-06","134714089","WH",4,,,,"","ALMA","WAH024A1",30013,1002,"2024-02-06","2024-03-06","USD",93.00,100,"3XS:20|2XS:20|XS:20|S:10|M:10|L:10|XL:10"
272025,"2023-09-15 08:39:53.45","#WAH025",50.00,68.00,93.00,120.90,"2024-02-06","134714289","WH",4,,,,"","ALMA","WAH025A1",30022,8002,"2024-02-06","2024-03-06","USD",93.00,100,"3XS:20|2XS:20|XS:20|S:10|M:10|L:10|XL:10"
272026,"2023-09-15 08:39:53.45","#WAH026",50.00,68.00,93.00,120.90,"2024-02-06","134714487","WH",4,,,,"","ALMA","WAH026A1",30025,6002,"2024-02-06","2024-03-06","USD",93.00,100,"3XS:20|2XS:20|XS:20|S:10|M:10|L:10|XL:10"
272027,"2023-09-15 08:39:53.45","#WAH027",50.00,68.00,93.00,120.90,"2024-02-06","134708482","WH",4,,,,"","ALMA","WAH027A1",30026,5002,"2024-02-06","2024-03-06","USD",93.00,100,"3XS:20|2XS:20|XS:20|S:10|M:10|L:10|XL:10"
272028,"2023-09-15 08:39:53.45","#WAH028",50.00,68.00,93.00,120.90,"2024-02-06","134708682","WH",4,,,,"","ALMA","WAH028A1",30027,4002,"2024-02-06","2024-03-06","USD",93.00,100,"3XS:20|2XS:20|XS:20|S:10|M:10|L:10|XL:10"
272029,"2023-09-15 08:39:53.45","#WAH029",50.00,68.00,93.00,120.90,"2024-02-06","134708882","WH",4,,,,"","ALMA","WAH029A1",30029,3002,"2024-02-06","2024-03-06","USD",93.00,100,"3XS:20|2XS:20|XS:20|S:10|M:10|L:10|XL:10"
272030,"2023-09-15 08:39:53.45","#WAH030",50.00,68.00,93.00,120.90,"2024-02-06","134709089","WH",4,,,,"","ALMA","WAH030A1",30045,1002,"2024-02-06","2024-03-06","USD",93.00,100,"3XS:20|2XS:20|XS:20|S:10|M:10|L:10|XL:10"
272031,"2023-09-15 08:39:53.45","#WAH031",50.00,68.00,93.00,120.90,"2024-02-06","134710434","WH",4,,,,"","ALMA","WAH031A1",30046,8002,"2024-02-06","2024-03-06","USD",93.00,100,"3XS:20|2XS:20|XS:20|S:10|M:10|L:10|XL:10"
272032,"2023-09-15 08:39:53.45","#WAH032",50.00,68.00,93.00,120.90,"2024-02-06","134710633","WH",4,,,,"","ALMA","WAH032A1",30047,6002,"2024-02-06","2024-03-06","USD",93.00,100,"3XS:20|2XS:20|XS:20|S:10|M:10|L:10|XL:10"
272033,"2023-09-15 08:39:53.45","#WAH033",50.00,68.00,93.00,120.90,"2024-02-06","134710857","WH",4,,,,"","ALMA","WAH033A1",30065,5002,"2024-02-06","2024-03-06","USD",93.00,100,"3XS:20|2XS:20|XS:20|S:10|M:10|L:10|XL:10"
272034,"2023-09-15 08:39:53.45","#WAH034",50.00,68.00,93.00,120.90,"2024-02-06","134711035","WH",4,,,,"","ALMA","WAH034A1",30066,4002,"2024-02-06","2024-03-06","USD",93.00,100,"3XS:20|2XS:20|XS:20|S:10|M:10|L:10|XL:10"
272035,"2023-09-15 08:39:53.45","#WAH035",50.00,68.00,93.00,120.90,"2024-02-06","134708376","WH",4,,,,"","ALMA","WAH035A1",30067,3002,"2024-02-06","2024-03-06","USD",93.00,100,"3XS:20|2XS:20|XS:20|S:10|M:10|L:10|XL:10"
272036,"2023-09-15 08:39:53.45","#WAH036",50.00,68.00,93.00,120.90,"2024-02-06","134708561","WH",4,,,,"","ALMA","WAH036A1",30068,1002,"2024-02-06","2024-03-06","USD",93.00,100,"3XS:20|2XS:20|XS:20|S:10|M:10|L:10|XL:10"
272037,"2023-09-15 08:39:53.45","#WAH037",50.00,68.00,93.00,120.90,"2024-02-06","134708757","WH",4,,,,"","ALMA","WAH037A1",30069,8002,"2024-02-06","2024-03-06","USD",93.00,100,"3XS:20|2XS:20|XS:20|S:10|M:10|L:10|XL:10"
272038,"2023-09-15 08:39:53.45","#WAH038",50.00,68.00,93.00,120.90,"2024-02-06","134708958","WH",4,,,,"","ALMA","WAH038A1",30070,6002,"2024-02-06","2024-03-06","USD",93.00,100,"3XS:20|2XS:20|XS:20|S:10|M:10|L:10|XL:10"
272039,"2023-09-15 08:39:53.45","#WAH039",50.00,68.00,93.00,120.90,"2024-02-06","134708962","WH",4,,,,"","ALMA","WAH039A1",30071,5002,"2024-02-06","2024-03-06","USD",93.00,100,"3XS:20|2XS:20|XS:20|S:10|M:10|L:10|XL:10"
272040,"2023-09-15 08:39:53.45","#WAH040",50.00,68.00,93.00,120.90,"2024-02-06","134709160","WH",4,,,,"","ALMA","WAH040A1",30072,4002,"2024-02-06","2024-03-06","USD",93.00,100,"3XS:20|2XS:20|XS:20|S:10|M:10|L:10|XL:10"
272041,"2023-09-15 08:39:53.45","#WAH041",50.00,68.00,93.00,120.90,"2024-02-06","134709367","WH",4,,,,"","ALMA","WAH041A1",30073,8002,"2024-02-06","2024-03-06","USD",93.00,100,"3XS:20|2XS:20|XS:20|S:10|M:10|L:10|XL:10"
272042,"2023-09-15 08:39:53.45","#WAH042",50.00,68.00,93.00,120.90,"2024-02-06","134709559","WH",4,,,,"","ALMA","WAH042A1",30074,6002,"2024-02-06","2024-03-06","USD",93.00,100,"3XS:20|2XS:20|XS:20|S:10|M:10|L:10|XL:10"
272043,"2023-09-15 08:39:53.45","#WAH043",50.00,68.00,93.00,120.90,"2024-02-06","134701753","WH",4,,,,"","ALMA","WAH043A1",30075,5002,"2024-02-06","2024-03-06","USD",93.00,100,"3XS:20|2XS:20|XS:20|S:10|M:10|L:10|XL:10"
272044,"2023-09-15 08:39:53.45","#WAH044",50.00,68.00,93.00,120.90,"2024-02-06","134701929","WH",4,,,,"","ALMA","WAH044A1",30076,4002,"2024-02-06","2024-03-06","USD",93.00,100,"3XS:20|2XS:20|XS:20|S:10|M:10|L:10|XL:10"
272045,"2023-09-15 08:39:53.45","#WAH045",50.00,68.00,93.00,120.90,"2024-02-06","134712097","WH",4,,,,"","ALMA","WAH045A1",30077,3002,"2024-02-06","2024-03-06","USD",93.00,100,"3XS:20|2XS:20|XS:20|S:10|M:10|L:10|XL:10"
272046,"2023-09-15 08:39:53.45","#WAH046",50.00,68.00,93.00,120.90,"2024-02-06","134712295","WH",4,,,,"","ALMA","WAH046A1",30078,1002,"2024-02-06","2024-03-06","USD",93.00,100,"3XS:20|2XS:20|XS:20|S:10|M:10|L:10|XL:10"
272047,"2023-09-15 08:39:53.45","#WAH047",50.00,68.00,93.00,120.90,"2024-02-06","134701709","WH",4,,,,"","ALMA","WAH047A1",30013,8002,"2024-02-06","2024-03-06","USD",93.00,100,"3XS:20|2XS:20|XS:20|S:10|M:10|L:10|XL:10"
272048,"2023-09-15 08:39:53.45","#WAH048",50.00,68.00,93.00,120.90,"2024-02-06","134701909","WH",4,,,,"","ALMA","WAH048A1",30022,6002,"2024-02-06","2024-03-06","USD",93.00,100,"3XS:20|2XS:20|XS:20|S:10|M:10|L:10|XL:10"
272049,"2023-09-15 08:39:53.45","#WAH049",50.00,68.00,93.00,120.90,"2024-02-06","134702110","WH",4,,,,"","ALMA","WAH049A1",30025,5002,"2024-02-06","2024-03-06","USD",93.00,100,"3XS:20|2XS:20|XS:20|S:10|M:10|L:10|XL:10"
272050,"2023-09-15 08:39:53.45","#WAH050",50.00,68.00,93.00,120.90,"2024-02-06","134714680","WH",4,,,,"","ALMA","WAH050A1",30026,4002,"2024-02-06","2024-03-06","USD",93.00,100,"3XS:20|2XS:20|XS:20|S:10|M:10|L:10|XL:10"
272051,"2023-09-15 08:39:53.45","#WAH051",50.00,68.00,93.00,120.90,"2024-02-06","134714880","WH",4,,,,"","ALMA","WAH051A1",30027,3002,"2024-02-06","2024-03-06","USD",93.00,100,"3XS:20|2XS:20|XS:20|S:10|M:10|L:10|XL:10"
272052,"2023-09-15 08:39:53.45","#WAH052",50.00,68.00,93.00,120.90,"2024-02-06","134715059","WH",4,,,,"","ALMA","WAH052A1",30029,1002,"2024-02-06","2024-03-06","USD",93.00,100,"3XS:20|2XS:20|XS:20|S:10|M:10|L:10|XL:10"
272053,"2023-09-15 08:39:53.45","#WAH053",50.00,68.00,93.00,120.90,"2024-02-06","134709312","WH",4,,,,"","ALMA","WAH053A1",30045,8002,"2024-02-06","2024-03-06","USD",93.00,100,"3XS:20|2XS:20|XS:20|S:10|M:10|L:10|XL:10"
272054,"2023-09-15 08:39:53.45","#WAH054",50.00,68.00,93.00,120.90,"2024-02-06","134709513","WH",4,,,,"","ALMA","WAH054A1",30046,6002,"2024-02-06","2024-03-06","USD",93.00,100,"3XS:20|2XS:20|XS:20|S:10|M:10|L:10|XL:10"
272055,"2023-09-15 08:39:53.45","#WAH055",50.00,68.00,93.00,120.90,"2024-02-06","134709683","WH",4,,,,"","ALMA","WAH055A1",30047,5002,"2024-02-06","2024-03-06","USD",93.00,100,"3XS:20|2XS:20|XS:20|S:10|M:10|L:10|XL:10"
272056,"2023-09-15 08:39:53.45","#WAH056",50.00,68.00,93.00,120.90,"2024-02-06","134711220","WH",4,,,,"","ALMA","WAH056A1",30065,4002,"2024-02-06","2024-03-06","USD",93.00,100,"3XS:20|2XS:20|XS:20|S:10|M:10|L:10|XL:10"
272057,"2023-09-15 08:39:53.45","#WAH057",50.00,68.00,93.00,120.90,"2024-02-06","134711417","WH",4,,,,"","ALMA","WAH057A1",30066,3002,"2024-02-06","2024-03-06","USD",93.00,100,"3XS:20|2XS:20|XS:20|S:10|M:10|L:10|XL:10"
272058,"2023-09-15 08:39:53.45","#WAH058",50.00,68.00,93.00,120.90,"2024-02-06","134711610","WH",4,,,,"","ALMA","WAH058A1",30067,1002,"2024-02-06","2024-03-06","USD",93.00,100,"3XS:20|2XS:20|XS:20|S:10|M:10|L:10|XL:10"
272059,"2023-09-15 08:39:53.45","#WAH059",50.00,68.00,93.00,120.90,"2024-02-06","134709157","WH",4,,,,"","ALMA","WAH059A1",30068,8002,"2024-02-06","2024-03-06","USD",93.00,100,"3XS:20|2XS:20|XS:20|S:10|M:10|L:10|XL:10"
272060,"2023-09-15 08:39:53.45","#WAH060",50.00,68.00,93.00,120.90,"2024-02-06","134709358","WH",4,,,,"","ALMA","WAH060A1",30069,6002,"2024-02-06","2024-03-06","USD",93.00,100,"3XS:20|2XS:20|XS:20|S:10|M:10|L:10|XL:10"
272061,"2023-09-15 08:39:53.45","#WAH061",50.00,68.00,93.00,120.90,"2024-02-06","134709558","WH",4,,,,"","ALMA","WAH061A1",30070,5002,"2024-02-06","2024-03-06","USD",93.00,100,"3XS:20|2XS:20|XS:20|S:10|M:10|L:10|XL:10"
272062,"2023-09-15 08:39:53.45","#WAH062",50.00,68.00,93.00,120.90,"2024-02-06","134709760","WH",4,,,,"","ALMA","WAH062A1",30071,4002,"2024-02-06","2024-03-06","USD",93.00,100,"3XS:20|2XS:20|XS:20|S:10|M:10|L:10|XL:10"
272063,"2023-09-15 08:39:53.45","#WAH063",50.00,68.00,93.00,120.90,"2024-02-06","134709960","WH",4,,,,"","ALMA","WAH063A1",30072,3002,"2024-02-06","2024-03-06","USD",93.00,100,"3XS:20|2XS:20|XS:20|S:10|M:10|L:10|XL:10"
272064,"2023-09-15 08:39:53.45","#WAH064",50.00,68.00,93.00,120.90,"2024-02-06","134710160","WH",4,,,,"","ALMA","WAH064A1",30073,1002,"2024-02-06","2024-03-06","USD",93.00,100,"3XS:20|2XS:20|XS:20|S:10|M:10|L:10|XL:10"
272065,"2023-09-15 08:39:53.45","#WAH065",50.00,68.00,93.00,120.90,"2024-02-06","134712514","WH",4,,,,"","ALMA","WAH065A1",30074,8002,"2024-02-06","2024-03-06","USD",93.00,100,"3XS:20|2XS:20|XS:20|S:10|M:10|L:10|XL:10"
272066,"2023-09-15 08:39:53.45","#WAH066",50.00,68.00,93.00,120.90,"2024-02-06","134712704","WH",4,,,,"","ALMA","WAH066A1",30075,6002,"2024-02-06","2024-03-06","USD",93.00,100,"3XS:20|2XS:20|XS:20|S:10|M:10|L:10|XL:10"
272067,"2023-09-15 08:39:53.45","#WAH067",50.00,68.00,93.00,120.90,"2024-02-06","134712881","WH",4,,,,"","ALMA","WAH067A1",30076,5002,"2024-02-06","2024-03-06","USD",93.00,100,"3XS:20|2XS:20|XS:20|S:10|M:10|L:10|XL:10"
272068,"2023-09-15 08:39:53.45","#WAH068",50.00,68.00,93.00,120.90,"2024-02-06","134702311","WH",4,,,,"","ALMA","WAH068A1",30077,4002,"2024-02-06","2024-03-06","USD",93.00,100,"3XS:20|2XS:20|XS:20|S:10|M:10|L:10|XL:10"
272069,"2023-09-15 08:39:53.45","#WAH069",50.00,68.00,93.00,120.90,"2024-02-06","134702521","WH",4,,,,"","ALMA","WAH069A1",30078,3002,"2024-02-06","2024-03-06","USD",93.00,100,"3XS:20|2XS:20|XS:20|S:10|M:10|L:10|XL:10"
272070,"2023-09-15 08:39:53.45","#WAH070",50.00,68.00,93.00,120.90,"2024-02-06","134702728","WH",4,,,,"","ALMA","WAH070A1",30013,1002,"2024-02-06","2024-03-06","USD",93.00,100,"3XS:20|2XS:20|XS:20|S:10|M:10|L:10|XL:10"
272071,"2023-09-15 08:39:53.45","#WAH071",50.00,68.00,93.00,120.90,"2024-02-06","134715257","WH",4,,,,"","ALMA","WAH071A1",30022,8002,"2024-02-06","2024-03-06","USD",93.00,100,"3XS:20|2XS:20|XS:20|S:10|M:10|L:10|XL:10"
272072,"2023-09-15 08:39:53.45","#WAH072",50.00,68.00,93.00,120.90,"2024-02-06","134709897","WH",4,,,,"","ALMA","WAH072A1",30025,6002,"2024-02-06","2024-03-06","USD",93.00,100,"3XS:20|2XS:20|XS:20|S:10|M:10|L:10|XL:10"
272073,"2023-09-15 08:39:53.45","#WAH073",50.00,68.00,93.00,120.90,"2024-02-06","134710075","WH",4,,,,"","ALMA","WAH073A1",30026,5002,"2024-02-06","2024-03-06","USD",93.00,100,"3XS:20|2XS:20|XS:20|S:10|M:10|L:10|XL:10"
272074,"2023-09-15 08:39:53.45","#WAH074",50.00,68.00,93.00,120.90,"2024-02-06","134710275","WH",4,,,,"","ALMA","WAH074A1",30027,4002,"2024-02-06","2024-03-06","USD",93.00,100,"3XS:20|2XS:20|XS:20|S:10|M:10|L:10|XL:10"
272075,"2023-09-15 08:39:53.45","#WAH075",50.00,68.00,93.00,120.90,"2024-02-06","134711810","WH",4,,,,"","ALMA","WAH075A1",30029,3002,"2024-02-06","2024-03-06","USD",93.00,100,"3XS:20|2XS:20|XS:20|S:10|M:10|L:10|XL:10"
272076,"2023-09-15 08:39:53.45","#WAH076",50.00,68.00,93.00,120.90,"2024-02-06","134712002","WH",4,,,,"","ALMA","WAH076A1",30045,1002,"2024-02-06","2024-03-06","USD",93.00,100,"3XS:20|2XS:20|XS:20|S:10|M:10|L:10|XL:10"
272077,"2023-09-15 08:39:53.45","#WAH077",50.00,68.00,93.00,120.90,"2024-02-06","134712191","WH",4,,,,"","ALMA","WAH077A1",30046,8002,"2024-02-06","2024-03-06","USD",93.00,100,"3XS:20|2XS:20|XS:20|S:10|M:10|L:10|XL:10"
272078,"2023-09-15 08:39:53.45","#WAH078",50.00,68.00,93.00,120.90,"2024-02-06","134709750","WH",4,,,,"","ALMA","WAH078A1",30047,6002,"2024-02-06","2024-03-06","USD",93.00,100,"3XS:20|2XS:20|XS:20|S:10|M:10|L:10|XL:10"
272079,"2023-09-15 08:39:53.45","#WAH079",50.00,68.00,93.00,120.90,"2024-02-06","134709958","WH",4,,,,"","ALMA","WAH079A1",30065,5002,"2024-02-06","2024-03-06","USD",93.00,100,"3XS:20|2XS:20|XS:20|S:10|M:10|L:10|XL:10"
272080,"2023-09-15 08:39:53.45","#WAH080",50.00,68.00,93.00,120.90,"2024-02-06","134710150","WH",4,,,,"","ALMA","WAH080A1",30066,4002,"2024-02-06","2024-03-06","USD",93.00,100,"3XS:20|2XS:20|XS:20|S:10|M:10|L:10|XL:10"
272081,"2023-09-15 08:39:53.45","#WAH081",50.00,68.00,93.00,120.90,"2024-02-06","134710359","WH",4,,,,"","ALMA","WAH081A1",30067,3002,"2024-02-06","2024-03-06","USD",93.00,100,"3XS:20|2XS:20|XS:20|S:10|M:10|L:10|XL:10"
272082,"2023-09-15 08:39:53.45","#WAH082",50.00,68.00,93.00,120.90,"2024-02-06","134710545","WH",4,,,,"","ALMA","WAH082A1",30068,1002,"2024-02-06","2024-03-06","USD",93.00,100,"3XS:20|2XS:20|XS:20|S:10|M:10|L:10|XL:10"
272083,"2023-09-15 08:39:53.45","#WAH083",50.00,68.00,93.00,120.90,"2024-02-06","134710743","WH",4,,,,"","ALMA","WAH083A1",30069,8002,"2024-02-06","2024-03-06","USD",93.00,100,"3XS:20|2XS:20|XS:20|S:10|M:10|L:10|XL:10"
272084,"2023-09-15 08:39:53.45","#WAH084",50.00,68.00,93.00,120.90,"2024-02-06","134713065","WH",4,,,,"","ALMA","WAH084A1",30070,6002,"2024-02-06","2024-03-06","USD",93.00,100,"3XS:20|2XS:20|XS:20|S:10|M:10|L:10|XL:10"
272085,"2023-09-15 08:39:53.45","#WAH085",50.00,68.00,93.00,120.90,"2024-02-06","134713275","WH",4,,,,"","ALMA","WAH085A1",30071,5002,"2024-02-06","2024-03-06","USD",93.00,100,"3XS:20|2XS:20|XS:20|S:10|M:10|L:10|XL:10"
272086,"2023-09-15 08:39:53.45","#WAH086",50.00,68.00,93.00,120.90,"2024-02-06","134713489","WH",4,,,,"","ALMA","WAH086A1",30072,4002,"2024-02-06","2024-03-06","USD",93.00,100,"3XS:20|2XS:20|XS:20|S:10|M:10|L:10|XL:10"
272087,"2023-09-15 08:39:53.45","#WAH087",50.00,68.00,93.00,120.90,"2024-02-06","134702929","WH",4,,,,"","ALMA","WAH087A1",30073,3002,"2024-02-06","2024-03-06","USD",93.00,100,"3XS:20|2XS:20|XS:20|S:10|M:10|L:10|XL:10"
272088,"2023-09-15 08:39:53.45","#WAH088",50.00,68.00,93.00,120.90,"2024-02-06","134703153","WH",4,,,,"","ALMA","WAH088A1",30074,1002,"2024-02-06","2024-03-06","USD",93.00,100,"3XS:20|2XS:20|XS:20|S:10|M:10|L:10|XL:10"
272089,"2023-09-15 08:39:53.45","#WAH089",50.00,68.00,93.00,120.90,"2024-02-06","134703362","WH",4,,,,"","ALMA","WAH089A1",30075,8002,"2024-02-06","2024-03-06","USD",93.00,100,"3XS:20|2XS:20|XS:20|S:10|M:10|L:10|XL:10"
272090,"2023-09-15 08:39:53.45","#WAH090",50.00,68.00,93.00,120.90,"2024-02-06","134710481","WH",4,,,,"","ALMA","WAH090A1",30076,6002,"2024-02-06","2024-03-06","USD",93.00,100,"3XS:20|2XS:20|XS:20|S:10|M:10|L:10|XL:10"
272091,"2023-09-15 08:39:53.45","#WAH091",50.00,68.00,93.00,120.90,"2024-02-06","134710675","WH",4,,,,"","ALMA","WAH091A1",30077,5002,"2024-02-06","2024-03-06","USD",93.00,100,"3XS:20|2XS:20|XS:20|S:10|M:10|L:10|XL:10"
272092,"2023-09-15 08:39:53.45","#WAH092",50.00,68.00,93.00,120.90,"2024-02-06","134710882","WH",4,,,,"","ALMA","WAH092A1",30078,4002,"2024-02-06","2024-03-06","USD",93.00,100,"3XS:20|2XS:20|XS:20|S:10|M:10|L:10|XL:10"
272093,"2023-09-15 08:39:53.45","#WAH093",50.00,68.00,93.00,120.90,"2024-02-06","134712376","WH",4,,,,"","ALMA","WAH093A1",30013,3002,"2024-02-06","2024-03-06","USD",93.00,100,"3XS:20|2XS:20|XS:20|S:10|M:10|L:10|XL:10"
272094,"2023-09-15 08:39:53.45","#WAH094",50.00,68.00,93.00,120.90,"2024-02-06","134712573","WH",4,,,,"","ALMA","WAH094A1",30022,1002,"2024-02-06","2024-03-06","USD",93.00,100,"3XS:20|2XS:20|XS:20|S:10|M:10|L:10|XL:10"
272095,"2023-09-15 08:39:53.45","#WAH095",50.00,68.00,93.00,120.90,"2024-02-06","134712773","WH",4,,,,"","ALMA","WAH095A1",30025,8002,"2024-02-06","2024-03-06","USD",93.00,100,"3XS:20|2XS:20|XS:20|S:10|M:10|L:10|XL:10"
272096,"2023-09-15 08:39:53.45","#WAH096",50.00,68.00,93.00,120.90,"2024-02-06","134710344","WH",4,,,,"","ALMA","WAH096A1",30026,6002,"2024-02-06","2024-03-06","USD",93.00,100,"3XS:20|2XS:20|XS:20|S:10|M:10|L:10|XL:10"
272097,"2023-09-15 08:39:53.45","#WAH097",50.00,68.00,93.00,120.90,"2024-02-06","134710544","WH",4,,,,"","ALMA","WAH097A1",30027,5002,"2024-02-06","2024-03-06","USD",93.00,100,"3XS:20|2XS:20|XS:20|S:10|M:10|L:10|XL:10"
272098,"2023-09-15 08:39:53.45","#WAH098",50.00,68.00,93.00,120.90,"2024-02-06","134710746","WH",4,,,,"","ALMA","WAH098A1",30029,4002,"2024-02-06","2024-03-06","USD",93.00,100,"3XS:20|2XS:20|XS:20|S:10|M:10|L:10|XL:10"
272099,"2023-09-15 08:39:53.45","#WAH099",50.00,68.00,93.00,120.90,"2024-02-06","134710935","WH",4,,,,"","ALMA","WAH099A1",30045,3002,"2024-02-06","2024-03-06","USD",93.00,100,"3XS:20|2XS:20|XS:20|S:10|M:10|L:10|XL:10"
272100,"2023-09-15 08:39:53.45","#WAH100",50.00,68.00,93.00,120.90,"2024-02-06","134711122","WH",4,,,,"","ALMA","WAH100A1",30046,1002,"2024-02-06","2024-03-06","USD",93.00,100,"3XS:20|2XS:20|XS:20|S:10|M:10|L:10|XL:10"
272101,"2023-09-15 08:39:53.45","#WAH101",50.00,68.00,93.00,120.90,"2024-02-06","134711313","WH",4,,,,"","ALMA","WAH101A1",30047,8002,"2024-02-06","2024-03-06","USD",93.00,100,"3XS:20|2XS:20|XS:20|S:10|M:10|L:10|XL:10"
272102,"2023-09-15 08:39:53.45","#WAH102",50.00,68.00,93.00,120.90,"2024-02-06","134713707","WH",4,,,,"","ALMA","WAH102A1",30065,6002,"2024-02-06","2024-03-06","USD",93.00,100,"3XS:20|2XS:20|XS:20|S:10|M:10|L:10|XL:10"
272103,"2023-09-15 08:39:53.45","#WAH103",50.00,68.00,93.00,120.90,"2024-02-06","134713907","WH",4,,,,"","ALMA","WAH103A1",30066,5002,"2024-02-06","2024-03-06","USD",93.00,100,"3XS:20|2XS:20|XS:20|S:10|M:10|L:10|XL:10"
272104,"2023-09-15 08:39:53.45","#WAH104",50.00,68.00,93.00,120.90,"2024-02-06","134714106","WH",4,,,,"","ALMA","WAH104A1",30067,4002,"2024-02-06","2024-03-06","USD",93.00,100,"3XS:20|2XS:20|XS:20|S:10|M:10|L:10|XL:10"
272105,"2023-09-15 08:39:53.45","#WAH105",50.00,68.00,93.00,120.90,"2024-02-06","134703577","WH",4,,,,"","ALMA","WAH105A1",30068,3002,"2024-02-06","2024-03-06","USD",93.00,100,"3XS:20|2XS:20|XS:20|S:10|M:10|L:10|XL:10"
272106,"2023-09-15 08:39:53.45","#WAH106",50.00,68.00,93.00,120.90,"2024-02-06","134703792","WH",4,,,,"","ALMA","WAH106A1",30069,1002,"2024-02-06","2024-03-06","USD",93.00,100,"3XS:20|2XS:20|XS:20|S:10|M:10|L:10|XL:10"
272107,"2023-09-15 08:39:53.45","#WAH107",50.00,68.00,93.00,120.90,"2024-02-06","134704007","WH",4,,,,"","ALMA","WAH107A1",30070,8002,"2024-02-06","2024-03-06","USD",93.00,100,"3XS:20|2XS:20|XS:20|S:10|M:10|L:10|XL:10"
272108,"2023-09-15 08:39:53.45","#WAH108",50.00,68.00,93.00,120.90,"2024-02-06","134704219","WH",4,,,,"","ALMA","WAH108A1",30071,6002,"2024-02-06","2024-03-06","USD",93.00,100,"3XS:20|2XS:20|XS:20|S:10|M:10|L:10|XL:10"
272109,"2023-09-15 08:39:53.45","#WAH109",50.00,68.00,93.00,120.90,"2024-02-06","134700742","WH",4,,,,"","ALMA","WAH109A1",30072,5002,"2024-02-06","2024-03-06","USD",93.00,100,"3XS:20|2XS:20|XS:20|S:10|M:10|L:10|XL:10"
272110,"2023-09-15 08:39:53.45","#WAH110",50.00,68.00,93.00,120.90,"2024-02-06","134700942","WH",4,,,,"","ALMA","WAH110A1",30073,4002,"2024-02-06","2024-03-06","USD",93.00,100,"3XS:20|2XS:20|XS:20|S:10|M:10|L:10|XL:10"
272111,"2023-09-15 08:39:53.45","#WAH111",50.00,68.00,93.00,120.90,"2024-02-06","134701141","WH",4,,,,"","ALMA","WAH111A1",30074,3002,"2024-02-06","2024-03-06","USD",93.00,100,"3XS:20|2XS:20|XS:20|S:10|M:10|L:10|XL:10"
272112,"2023-09-15 08:39:53.45","#WAH112",50.00,68.00,93.00,120.90,"2024-02-06","134701320","WH",4,,,,"","ALMA","WAH112A1",30075,1002,"2024-02-06","2024-03-06","USD",93.00,100,"3XS:20|2XS:20|XS:20|S:10|M:10|L:10|XL:10"
272113,"2023-09-15 08:39:53.45","#WAH113",50.00,68.00,93.00,120.90,"2024-02-06","134711073","WH",4,,,,"","ALMA","WAH113A1",30076,8002,"2024-02-06","2024-03-06","USD",93.00,100,"3XS:20|2XS:20|XS:20|S:10|M:10|L:10|XL:10"
272114,"2023-09-15 08:39:53.45","#WAH114",50.00,68.00,93.00,120.90,"2024-02-06","134711280","WH",4,,,,"","ALMA","WAH114A1",30077,6002,"2024-02-06","2024-03-06","USD",93.00,100,"3XS:20|2XS:20|XS:20|S:10|M:10|L:10|XL:10"
272115,"2023-09-15 08:39:53.45","#WAH115",50.00,68.00,93.00,120.90,"2024-02-06","134711471","WH",4,,,,"","ALMA","WAH115A1",30078,5002,"2024-02-06","2024-03-06","USD",93.00,100,"3XS:20|2XS:20|XS:20|S:10|M:10|L:10|XL:10"
272116,"2023-09-15 08:39:53.45","#WAH116",50.00,68.00,93.00,120.90,"2024-02-06","134711657","WH",4,,,,"","ALMA","WAH116A1",30013,4002,"2024-02-06","2024-03-06","USD",93.00,100,"3XS:20|2XS:20|XS:20|S:10|M:10|L:10|XL:10"
272117,"2023-09-15 08:39:53.45","#WAH117",50.00,68.00,93.00,120.90,"2024-02-06","134702903","WH",4,,,,"","ALMA","WAH117A1",30022,3002,"2024-02-06","2024-03-06","USD",93.00,100,"3XS:20|2XS:20|XS:20|S:10|M:10|L:10|XL:10"
272118,"2023-09-15 08:39:53.45","#WAH118",50.00,68.00,93.00,120.90,"2024-02-06","134703075","WH",4,,,,"","ALMA","WAH118A1",30025,1002,"2024-02-06","2024-03-06","USD",93.00,100,"3XS:20|2XS:20|XS:20|S:10|M:10|L:10|XL:10"
272119,"2023-09-15 08:39:53.45","#WAH119",50.00,68.00,93.00,120.90,"2024-02-06","134703273","WH",4,,,,"","ALMA","WAH119A1",30026,8002,"2024-02-06","2024-03-06","USD",93.00,100,"3XS:20|2XS:20|XS:20|S:10|M:10|L:10|XL:10"
272120,"2023-09-15 08:39:53.45","#WAH120",50.00,68.00,93.00,120.90,"2024-02-06","134703470","WH",4,,,,"","ALMA","WAH120A1",30027,6002,"2024-02-06","2024-03-06","USD",93.00,100,"3XS:20|2XS:20|XS:20|S:10|M:10|L:10|XL:10"
272121,"2023-09-15 08:39:53.45","#WAH121",50.00,68.00,93.00,120.90,"2024-02-06","134712973","WH",4,,,,"","ALMA","WAH121A1",30029,5002,"2024-02-06","2024-03-06","USD",93.00,100,"3XS:20|2XS:20|XS:20|S:10|M:10|L:10|XL:10"
272122,"2023-09-15 08:39:53.45","#WAH122",50.00,68.00,93.00,120.90,"2024-02-06","134713173","WH",4,,,,"","ALMA","WAH122A1",30045,4002,"2024-02-06","2024-03-06","USD",93.00,100,"3XS:20|2XS:20|XS:20|S:10|M:10|L:10|XL:10"
272123,"2023-09-15 08:39:53.45","#WAH123",50.00,68.00,93.00,120.90,"2024-02-06","134713373","WH",4,,,,"","ALMA","WAH123A1",30046,3002,"2024-02-06","2024-03-06","USD",93.00,100,"3XS:20|2XS:20|XS:20|S:10|M:10|L:10|XL:10"
272124,"2023-09-15 08:39:53.45","#WAH124",50.00,68.00,93.00,120.90,"2024-02-06","134713559","WH",4,,,,"","ALMA","WAH124A1",30047,1002,"2024-02-06","2024-03-06","USD",93.00,100,"3XS:20|2XS:20|XS:20|S:10|M:10|L:10|XL:10"
272125,"2023-09-15 08:39:53.45","#WAH125",50.00,68.00,93.00,120.90,"2024-02-06","134700779","WH",4,,,,"","ALMA","WAH125A1",30065,8002,"2024-02-06","2024-03-06","USD",93.00,100,"3XS:20|2XS:20|XS:20|S:10|M:10|L:10|XL:10"
272126,"2023-09-15 08:39:53.45","#WAH126",50.00,68.00,93.00,120.90,"2024-02-06","134700991","WH",4,,,,"","ALMA","WAH126A1",30066,6002,"2024-02-06","2024-03-06","USD",93.00,100,"3XS:20|2XS:20|XS:20|S:10|M:10|L:10|XL:10"
272127,"2023-09-15 08:39:53.45","#WAH127",50.00,68.00,93.00,120.90,"2024-02-06","134701198","WH",4,,,,"","ALMA","WAH127A1",30067,5002,"2024-02-06","2024-03-06","USD",93.00,100,"3XS:20|2XS:20|XS:20|S:10|M:10|L:10|XL:10"
272128,"2023-09-15 08:39:53.45","#WAH128",50.00,68.00,93.00,120.90,"2024-02-06","134701398","WH",4,,,,"","ALMA","WAH128A1",30068,4002,"2024-02-06","2024-03-06","USD",93.00,100,"3XS:20|2XS:20|XS:20|S:10|M:10|L:10|XL:10"
272129,"2023-09-15 08:39:53.45","#WAH129",50.00,68.00,93.00,120.90,"2024-02-06","134700769","WH",4,,,,"","ALMA","WAH129A1",30069,3002,"2024-02-06","2024-03-06","USD",93.00,100,"3XS:20|2XS:20|XS:20|S:10|M:10|L:10|XL:10"
272130,"2023-09-15 08:39:53.45","#WAH130",50.00,68.00,93.00,120.90,"2024-02-06","134700968","WH",4,,,,"","ALMA","WAH130A1",30070,1002,"2024-02-06","2024-03-06","USD",93.00,100,"3XS:20|2XS:20|XS:20|S:10|M:10|L:10|XL:10"
272131,"2023-09-15 08:39:53.45","#WAH131",50.00,68.00,93.00,120.90,"2024-02-06","134701187","WH",4,,,,"","ALMA","WAH131A1",30071,8002,"2024-02-06","2024-03-06","USD",93.00,100,"3XS:20|2XS:20|XS:20|S:10|M:10|L:10|XL:10"
272132,"2023-09-15 08:39:53.45","#WAH132",50.00,68.00,93.00,120.90,"2024-02-06","134701368","WH",4,,,,"","ALMA","WAH132A1",30072,6002,"2024-02-06","2024-03-06","USD",93.00,100,"3XS:20|2XS:20|XS:20|S:10|M:10|L:10|XL:10"
272133,"2023-09-15 08:39:53.45","#WAH133",50.00,68.00,93.00,120.90,"2024-02-06","134710944","WH",4,,,,"","ALMA","WAH133A1",30073,5002,"2024-02-06","2024-03-06","USD",93.00,100,"3XS:20|2XS:20|XS:20|S:10|M:10|L:10|XL:10"
272134,"2023-09-15 08:39:53.45","#WAH134",50.00,68.00,93.00,120.90,"2024-02-06","134700761","WH",4,,,,"","ALMA","WAH134A1",30074,4002,"2024-02-06","2024-03-06","USD",93.00,100,"3XS:20|2XS:20|XS:20|S:10|M:10|L:10|XL:10"
272135,"2023-09-15 08:39:53.45","#WAH135",50.00,68.00,93.00,120.90,"2024-02-06","134700969","WH",4,,,,"","ALMA","WAH135A1",30075,3002,"2024-02-06","2024-03-06","USD",93.00,100,"3XS:20|2XS:20|XS:20|S:10|M:10|L:10|XL:10"
272136,"2023-09-15 08:39:53.45","#WAH136",50.00,68.00,93.00,120.90,"2024-02-06","134701160","WH",4,,,,"","ALMA","WAH136A1",30076,1002,"2024-02-06","2024-03-06","USD",93.00,100,"3XS:20|2XS:20|XS:20|S:10|M:10|L:10|XL:10"
272137,"2023-09-15 08:39:53.45","#WAH137",50.00,68.00,93.00,120.90,"2024-02-06","134701353","WH",4,,,,"","ALMA","WAH137A1",30077,8002,"2024-02-06","2024-03-06","USD",93.00,100,"3XS:20|2XS:20|XS:20|S:10|M:10|L:10|XL:10"
272138,"2023-09-15 08:39:53.45","#WAH138",50.00,68.00,93.00,120.90,"2024-02-06","134711503","WH",4,,,,"","ALMA","WAH138A1",30078,6002,"2024-02-06","2024-03-06","USD",93.00,100,"3XS:20|2XS:20|XS:20|S:10|M:10|L:10|XL:10"
272139,"2023-09-15 08:39:53.45","#WAH139",50.00,68.00,93.00,120.90,"2024-02-06","134711704","WH",4,,,,"","ALMA","WAH139A1",30013,5002,"2024-02-06","2024-03-06","USD",93.00,100,"3XS:20|2XS:20|XS:20|S:10|M:10|L:10|XL:10"
272140,"2023-09-15 08:39:53.45","#WAH140",50.00,68.00,93.00,120.90,"2024-02-06","134711896","WH",4,,,,"","ALMA","WAH140A1",30022,4002,"2024-02-06","2024-03-06","USD",93.00,100,"3XS:20|2XS:20|XS:20|S:10|M:10|L:10|XL:10"
272141,"2023-09-15 08:39:53.45","#WAH141",50.00,68.00,93.00,120.90,"2024-02-06","134712072","WH",4,,,,"","ALMA","WAH141A1",30025,3002,"2024-02-06","2024-03-06","USD",93.00,100,"3XS:20|2XS:20|XS:20|S:10|M:10|L:10|XL:10"
272142,"2023-09-15 08:39:53.45","#WAH142",50.00,68.00,93.00,120.90,"2024-02-06","134714306","WH",4,,,,"","ALMA","WAH142A1",30026,1002,"2024-02-06","2024-03-06","USD",93.00,100,"3XS:20|2XS:20|XS:20|S:10|M:10|L:10|XL:10"
272143,"2023-09-15 08:39:53.45","#WAH143",50.00,68.00,93.00,120.90,"2024-02-06","134714514","WH",4,,,,"","ALMA","WAH143A1",30027,8002,"2024-02-06","2024-03-06","USD",93.00,100,"3XS:20|2XS:20|XS:20|S:10|M:10|L:10|XL:10"
272144,"2023-09-15 08:39:53.45","#WAH144",50.00,68.00,93.00,120.90,"2024-02-06","134714713","WH",4,,,,"","ALMA","WAH144A1",30029,6002,"2024-02-06","2024-03-06","USD",93.00,100,"3XS:20|2XS:20|XS:20|S:10|M:10|L:10|XL:10"
272145,"2023-09-15 08:39:53.45","#WAH145",50.00,68.00,93.00,120.90,"2024-02-06","134714915","WH",4,,,,"","ALMA","WAH145A1",30045,5002,"2024-02-06","2024-03-06","USD",93.00,100,"3XS:20|2XS:20|XS:20|S:10|M:10|L:10|XL:10"
272146,"2023-09-15 08:39:53.45","#WAH146",50.00,68.00,93.00,120.90,"2024-02-06","134704419","WH",4,,,,"","ALMA","WAH146A1",30046,4002,"2024-02-06","2024-03-06","USD",93.00,100,"3XS:20|2XS:20|XS:20|S:10|M:10|L:10|XL:10"
272147,"2023-09-15 08:39:53.45","#WAH147",50.00,68.00,93.00,120.90,"2024-02-06","134707267","WH",4,,,,"","ALMA","WAH147A1",30047,3002,"2024-02-06","2024-03-06","USD",93.00,100,"3XS:20|2XS:20|XS:20|S:10|M:10|L:10|XL:10"
272148,"2023-09-15 08:39:53.45","#WAH148",50.00,68.00,93.00,120.90,"2024-02-06","134707448","WH",4,,,,"","ALMA","WAH148A1",30065,1002,"2024-02-06","2024-03-06","USD",93.00,100,"3XS:20|2XS:20|XS:20|S:10|M:10|L:10|XL:10"
272149,"2023-09-15 08:39:53.45","#WAH149",50.00,68.00,93.00,120.90,"2024-02-06","134701518","WH",4,,,,"","ALMA","WAH149A1",30066,8002,"2024-02-06","2024-03-06","USD",93.00,100,"3XS:20|2XS:20|XS:20|S:10|M:10|L:10|XL:10"
272150,"2023-09-15 08:39:53.45","#WAH150",50.00,68.00,93.00,120.90,"2024-02-06","134701710","WH",4,,,,"","ALMA","WAH150A1",30067,6002,"2024-02-06","2024-03-06","USD",93.00,100,"3XS:20|2XS:20|XS:20|S:10|M:10|L:10|XL:10"
272151,"2023-09-15 08:39:53.45","#WAH151",50.00,68.00,93.00,120.90,"2024-02-06","134701910","WH",4,,,,"","ALMA","WAH151A1",30068,5002,"2024-02-06","2024-03-06","USD",93.00,100,"3XS:20|2XS:20|XS:20|S:10|M:10|L:10|XL:10"
272152,"2023-09-15 08:39:53.45","#WAH152",50.00,68.00,93.00,120.90,"2024-02-06","134711857","WH",4,,,,"","ALMA","WAH152A1",30069,4002,"2024-02-06","2024-03-06","USD",93.00,100,"3XS:20|2XS:20|XS:20|S:10|M:10|L:10|XL:10"
272153,"2023-09-15 08:39:53.45","#WAH153",50.00,68.00,93.00,120.90,"2024-02-06","134712050","WH",4,,,,"","ALMA","WAH153A1",30070,3002,"2024-02-06","2024-03-06","USD",93.00,100,"3XS:20|2XS:20|XS:20|S:10|M:10|L:10|XL:10"
272154,"2023-09-15 08:39:53.45","#WAH154",50.00,68.00,93.00,120.90,"2024-02-06","134712249","WH",4,,,,"","ALMA","WAH154A1",30071,1002,"2024-02-06","2024-03-06","USD",93.00,100,"3XS:20|2XS:20|XS:20|S:10|M:10|L:10|XL:10"
272155,"2023-09-15 08:39:53.45","#WAH155",50.00,68.00,93.00,120.90,"2024-02-06","134703669","WH",4,,,,"","ALMA","WAH155A1",30072,8002,"2024-02-06","2024-03-06","USD",93.00,100,"3XS:20|2XS:20|XS:20|S:10|M:10|L:10|XL:10"
272156,"2023-09-15 08:39:53.45","#WAH156",50.00,68.00,93.00,120.90,"2024-02-06","134703869","WH",4,,,,"","ALMA","WAH156A1",30073,6002,"2024-02-06","2024-03-06","USD",93.00,100,"3XS:20|2XS:20|XS:20|S:10|M:10|L:10|XL:10"
272157,"2023-09-15 08:39:53.45","#WAH157",50.00,68.00,93.00,120.90,"2024-02-06","134704069","WH",4,,,,"","ALMA","WAH157A1",30074,5002,"2024-02-06","2024-03-06","USD",93.00,100,"3XS:20|2XS:20|XS:20|S:10|M:10|L:10|XL:10"
272158,"2023-09-15 08:39:53.45","#WAH158",50.00,68.00,93.00,120.90,"2024-02-06","134713757","WH",4,,,,"","ALMA","WAH158A1",30075,4002,"2024-02-06","2024-03-06","USD",93.00,100,"3XS:20|2XS:20|XS:20|S:10|M:10|L:10|XL:10"
272159,"2023-09-15 08:39:53.45","#WAH159",50.00,68.00,93.00,120.90,"2024-02-06","134713957","WH",4,,,,"","ALMA","WAH159A1",30076,3002,"2024-02-06","2024-03-06","USD",93.00,100,"3XS:20|2XS:20|XS:20|S:10|M:10|L:10|XL:10"
272160,"2023-09-15 08:39:53.45","#WAH160",50.00,68.00,93.00,120.90,"2024-02-06","134714136","WH",4,,,,"","ALMA","WAH160A1",30077,1002,"2024-02-06","2024-03-06","USD",93.00,100,"3XS:20|2XS:20|XS:20|S:10|M:10|L:10|XL:10"
272161,"2023-09-15 08:39:53.45","#WAH161",50.00,68.00,93.00,120.90,"2024-02-06","134701588","WH",4,,,,"","ALMA","WAH161A1",30078,8002,"2024-02-06","2024-03-06","USD",93.00,100,"3XS:20|2XS:20|XS:20|S:10|M:10|L:10|XL:10"
272162,"2023-09-15 08:39:53.45","#WAH162",50.00,68.00,93.00,120.90,"2024-02-06","134701787","WH",4,,,,"","ALMA","WAH162A1",30013,6002,"2024-02-06","2024-03-06","USD",93.00,100,"3XS:20|2XS:20|XS:20|S:10|M:10|L:10|XL:10"
272163,"2023-09-15 08:39:53.45","#WAH163",50.00,68.00,93.00,120.90,"2024-02-06","134701994","WH",4,,,,"","ALMA","WAH163A1",30022,5002,"2024-02-06","2024-03-06","USD",93.00,100,"3XS:20|2XS:20|XS:20|S:10|M:10|L:10|XL:10"
272164,"2023-09-15 08:39:53.45","#WAH164",50.00,68.00,93.00,120.90,"2024-02-06","134701560","WH",4,,,,"","ALMA","WAH164A1",30025,4002,"2024-02-06","2024-03-06","USD",93.00,100,"3XS:20|2XS:20|XS:20|S:10|M:10|L:10|XL:10"
272165,"2023-09-15 08:39:53.45","#WAH165",50.00,68.00,93.00,120.90,"2024-02-06","134701754","WH",4,,,,"","ALMA","WAH165A1",30026,3002,"2024-02-06","2024-03-06","USD",93.00,100,"3XS:20|2XS:20|XS:20|S:10|M:10|L:10|XL:10"
272166,"2023-09-15 08:39:53.45","#WAH166",50.00,68.00,93.00,120.90,"2024-02-06","134701937","WH",4,,,,"","ALMA","WAH166A1",30027,1002,"2024-02-06","2024-03-06","USD",93.00,100,"3XS:20|2XS:20|XS:20|S:10|M:10|L:10|XL:10"
272167,"2023-09-15 08:39:53.45","#WAH167",50.00,68.00,93.00,120.90,"2024-02-06","134701537","WH",4,,,,"","ALMA","WAH167A1",30029,8002,"2024-02-06","2024-03-06","USD",93.00,100,"3XS:20|2XS:20|XS:20|S:10|M:10|L:10|XL:10"
272168,"2023-09-15 08:39:53.45","#WAH168",50.00,68.00,93.00,120.90,"2024-02-06","134701729","WH",4,,,,"","ALMA","WAH168A1",30045,6002,"2024-02-06","2024-03-06","USD",93.00,100,"3XS:20|2XS:20|XS:20|S:10|M:10|L:10|XL:10"
272169,"2023-09-15 08:39:53.45","#WAH169",50.00,68.00,93.00,120.90,"2024-02-06","134701920","WH",4,,,,"","ALMA","WAH169A1",30046,5002,"2024-02-06","2024-03-06","USD",93.00,100,"3XS:20|2XS:20|XS:20|S:10|M:10|L:10|XL:10"
272170,"2023-09-15 08:39:53.45","#WAH170",50.00,68.00,93.00,120.90,"2024-02-06","134712265","WH",4,,,,"","ALMA","WAH170A1",30047,4002,"2024-02-06","2024-03-06","USD",93.00,100,"3XS:20|2XS:20|XS:20|S:10|M:10|L:10|XL:10"
272171,"2023-09-15 08:39:53.45","#WAH171",50.00,68.00,93.00,120.90,"2024-02-06","134712457","WH",4,,,,"","ALMA","WAH171A1",30065,3002,"2024-02-06","2024-03-06","USD",93.00,100,"3XS:20|2XS:20|XS:20|S:10|M:10|L:10|XL:10"
272172,"2023-09-15 08:39:53.45","#WAH172",50.00,68.00,93.00,120.90,"2024-02-06","134712665","WH",4,,,,"","ALMA","WAH172A1",30066,1002,"2024-02-06","2024-03-06","USD",93.00,100,"3XS:20|2XS:20|XS:20|S:10|M:10|L:10|XL:10"
272173,"2023-09-15 08:39:53.45","#WAH173",50.00,68.00,93.00,120.90,"2024-02-06","134715114","WH",4,,,,"","ALMA","WAH173A1",30067,8002,"2024-02-06","2024-03-06","USD",93.00,100,"3XS:20|2XS:20|XS:20|S:10|M:10|L:10|XL:10"
272174,"2023-09-15 08:39:53.45","#WAH174",50.00,68.00,93.00,120.90,"2024-02-06","134715323","WH",4,,,,"","ALMA","WAH174A1",30068,6002,"2024-02-06","2024-03-06","USD",93.00,100,"3XS:20|2XS:20|XS:20|S:10|M:10|L:10|XL:10"
272175,"2023-09-15 08:39:53.45","#WAH175",50.00,68.00,93.00,120.90,"2024-02-06","134715528","WH",4,,,,"","ALMA","WAH175A1",30069,5002,"2024-02-06","2024-03-06","USD",93.00,100,"3XS:20|2XS:20|XS:20|S:10|M:10|L:10|XL:10"
272176,"2023-09-15 08:39:53.45","#WAH176",50.00,68.00,93.00,120.90,"2024-02-06","134707648","WH",4,,,,"","ALMA","WAH176A1",30070,4002,"2024-02-06","2024-03-06","USD",93.00,100,"3XS:20|2XS:20|XS:20|S:10|M:10|L:10|XL:10"
272177,"2023-09-15 08:39:53.45","#WAH177",50.00,68.00,93.00,120.90,"2024-02-06","134707848","WH",4,,,,"","ALMA","WAH177A1",30071,3002,"2024-02-06","2024-03-06","USD",93.00,100,"3XS:20|2XS:20|XS:20|S:10|M:10|L:10|XL:10"
272178,"2023-09-15 08:39:53.45","#WAH178",50.00,68.00,93.00,120.90,"2024-02-06","134708041","WH",4,,,,"","ALMA","WAH178A1",30072,1002,"2024-02-06","2024-03-06","USD",93.00,100,"3XS:20|2XS:20|XS:20|S:10|M:10|L:10|XL:10"
272179,"2023-09-15 08:39:53.45","#WAH179",50.00,68.00,93.00,120.90,"2024-02-06","134702109","WH",4,,,,"","ALMA","WAH179A1",30073,8002,"2024-02-06","2024-03-06","USD",93.00,100,"3XS:20|2XS:20|XS:20|S:10|M:10|L:10|XL:10"
272180,"2023-09-15 08:39:53.45","#WAH180",50.00,68.00,93.00,120.90,"2024-02-06","134702309","WH",4,,,,"","ALMA","WAH180A1",30074,6002,"2024-02-06","2024-03-06","USD",93.00,100,"3XS:20|2XS:20|XS:20|S:10|M:10|L:10|XL:10"
272181,"2023-09-15 08:39:53.45","#WAH181",50.00,68.00,93.00,120.90,"2024-02-06","134702509","WH",4,,,,"","ALMA","WAH181A1",30075,5002,"2024-02-06","2024-03-06","USD",93.00,100,"3XS:20|2XS:20|XS:20|S:10|M:10|L:10|XL:10"
272182,"2023-09-15 08:39:53.45","#WAH182",50.00,68.00,93.00,120.90,"2024-02-06","134712433","WH",4,,,,"","ALMA","WAH182A1",30076,4002,"2024-02-06","2024-03-06","USD",93.00,100,"3XS:20|2XS:20|XS:20|S:10|M:10|L:10|XL:10"
272183,"2023-09-15 08:39:53.45","#WAH183",50.00,68.00,93.00,120.90,"2024-02-06","134712633","WH",4,,,,"","ALMA","WAH183A1",30077,3002,"2024-02-06","2024-03-06","USD",93.00,100,"3XS:20|2XS:20|XS:20|S:10|M:10|L:10|XL:10"
272184,"2023-09-15 08:39:53.45","#WAH184",50.00,68.00,93.00,120.90,"2024-02-06","134713890","WH",4,,,,"","ALMA","WAH184A1",30078,1002,"2024-02-06","2024-03-06","USD",93.00,100,"3XS:20|2XS:20|XS:20|S:10|M:10|L:10|XL:10"
272185,"2023-09-15 08:39:53.45","#WAH185",50.00,68.00,93.00,120.90,"2024-02-06","134704262","WH",4,,,,"","ALMA","WAH185A1",30013,8002,"2024-02-06","2024-03-06","USD",93.00,100,"3XS:20|2XS:20|XS:20|S:10|M:10|L:10|XL:10"
272186,"2023-09-15 08:39:53.45","#WAH186",50.00,68.00,93.00,120.90,"2024-02-06","134704434","WH",4,,,,"","ALMA","WAH186A1",30022,6002,"2024-02-06","2024-03-06","USD",93.00,100,"3XS:20|2XS:20|XS:20|S:10|M:10|L:10|XL:10"
272187,"2023-09-15 08:39:53.45","#WAH187",50.00,68.00,93.00,120.90,"2024-02-06","134704626","WH",4,,,,"","ALMA","WAH187A1",30025,5002,"2024-02-06","2024-03-06","USD",93.00,100,"3XS:20|2XS:20|XS:20|S:10|M:10|L:10|XL:10"
272188,"2023-09-15 08:39:53.45","#WAH188",50.00,68.00,93.00,120.90,"2024-02-06","134714336","WH",4,,,,"","ALMA","WAH188A1",30026,4002,"2024-02-06","2024-03-06","USD",93.00,100,"3XS:20|2XS:20|XS:20|S:10|M:10|L:10|XL:10"
272189,"2023-09-15 08:39:53.45","#WAH189",50.00,68.00,93.00,120.90,"2024-02-06","134714515","WH",4,,,,"","ALMA","WAH189A1",30027,3002,"2024-02-06","2024-03-06","USD",93.00,100,"3XS:20|2XS:20|XS:20|S:10|M:10|L:10|XL:10"
272190,"2023-09-15 08:39:53.45","#WAH190",50.00,68.00,93.00,120.90,"2024-02-06","134714714","WH",4,,,,"","ALMA","WAH190A1",30029,1002,"2024-02-06","2024-03-06","USD",93.00,100,"3XS:20|2XS:20|XS:20|S:10|M:10|L:10|XL:10"
272191,"2023-09-15 08:39:53.45","#WAH191",50.00,68.00,93.00,120.90,"2024-02-06","134702192","WH",4,,,,"","ALMA","WAH191A1",30045,8002,"2024-02-06","2024-03-06","USD",93.00,100,"3XS:20|2XS:20|XS:20|S:10|M:10|L:10|XL:10"
272192,"2023-09-15 08:39:53.45","#WAH192",50.00,68.00,93.00,120.90,"2024-02-06","134702391","WH",4,,,,"","ALMA","WAH192A1",30046,6002,"2024-02-06","2024-03-06","USD",93.00,100,"3XS:20|2XS:20|XS:20|S:10|M:10|L:10|XL:10"
272193,"2023-09-15 08:39:53.45","#WAH193",50.00,68.00,93.00,120.90,"2024-02-06","134702594","WH",4,,,,"","ALMA","WAH193A1",30047,5002,"2024-02-06","2024-03-06","USD",93.00,100,"3XS:20|2XS:20|XS:20|S:10|M:10|L:10|XL:10"
272194,"2023-09-15 08:39:53.45","#WAH194",50.00,68.00,93.00,120.90,"2024-02-06","134702145","WH",4,,,,"","ALMA","WAH194A1",30065,4002,"2024-02-06","2024-03-06","USD",93.00,100,"3XS:20|2XS:20|XS:20|S:10|M:10|L:10|XL:10"
272195,"2023-09-15 08:39:53.45","#WAH195",50.00,68.00,93.00,120.90,"2024-02-06","134702329","WH",4,,,,"","ALMA","WAH195A1",30066,3002,"2024-02-06","2024-03-06","USD",93.00,100,"3XS:20|2XS:20|XS:20|S:10|M:10|L:10|XL:10"
272196,"2023-09-15 08:39:53.45","#WAH196",50.00,68.00,93.00,120.90,"2024-02-06","134702530","WH",4,,,,"","ALMA","WAH196A1",30067,1002,"2024-02-06","2024-03-06","USD",93.00,100,"3XS:20|2XS:20|XS:20|S:10|M:10|L:10|XL:10"
272197,"2023-09-15 08:39:53.45","#WAH197",50.00,68.00,93.00,120.90,"2024-02-06","134702113","WH",4,,,,"","ALMA","WAH197A1",30068,8002,"2024-02-06","2024-03-06","USD",93.00,100,"3XS:20|2XS:20|XS:20|S:10|M:10|L:10|XL:10"
272198,"2023-09-15 08:39:53.45","#WAH198",50.00,68.00,93.00,120.90,"2024-02-06","134702310","WH",4,,,,"","ALMA","WAH198A1",30069,6002,"2024-02-06","2024-03-06","USD",93.00,100,"3XS:20|2XS:20|XS:20|S:10|M:10|L:10|XL:10"
272199,"2023-09-15 08:39:53.45","#WAH199",50.00,68.00,93.00,120.90,"2024-02-06","134702510","WH",4,,,,"","ALMA","WAH199A1",30070,5002,"2024-02-06","2024-03-06","USD",93.00,100,"3XS:20|2XS:20|XS:20|S:10|M:10|L:10|XL:10"
272200,"2023-09-15 08:39:53.45","#WAH200",50.00,68.00,93.00,120.90,"2024-02-06","134712850","WH",4,,,,"","ALMA","WAH200A1",30071,4002,"2024-02-06","2024-03-06","USD",93.00,100,"3XS:20|2XS:20|XS:20|S:10|M:10|L:10|XL:10"
272201,"2023-09-15 08:39:53.45","#WAH201",50.00,68.00,93.00,120.90,"2024-02-06","134713049","WH",4,,,,"","ALMA","WAH201A1",30072,3002,"2024-02-06","2024-03-06","USD",93.00,100,"3XS:20|2XS:20|XS:20|S:10|M:10|L:10|XL:10"
272202,"2023-09-15 08:39:53.45","#WAH202",50.00,68.00,93.00,120.90,"2024-02-06","134713257","WH",4,,,,"","ALMA","WAH202A1",30073,1002,"2024-02-06","2024-03-06","USD",93.00,100,"3XS:20|2XS:20|XS:20|S:10|M:10|L:10|XL:10"
272203,"2023-09-15 08:39:53.45","#WAH203",50.00,68.00,93.00,120.90,"2024-02-06","134708241","WH",4,,,,"","ALMA","WAH203A1",30074,8002,"2024-02-06","2024-03-06","USD",93.00,100,"3XS:20|2XS:20|XS:20|S:10|M:10|L:10|XL:10"
272204,"2023-09-15 08:39:53.45","#WAH204",50.00,68.00,93.00,120.90,"2024-02-06","134708427","WH",4,,,,"","ALMA","WAH204A1",30075,6002,"2024-02-06","2024-03-06","USD",93.00,100,"3XS:20|2XS:20|XS:20|S:10|M:10|L:10|XL:10"
272205,"2023-09-15 08:39:53.45","#WAH205",50.00,68.00,93.00,120.90,"2024-02-06","134708618","WH",4,,,,"","ALMA","WAH205A1",30076,5002,"2024-02-06","2024-03-06","USD",93.00,100,"3XS:20|2XS:20|XS:20|S:10|M:10|L:10|XL:10"
272206,"2023-09-15 08:39:53.45","#WAH206",50.00,68.00,93.00,120.90,"2024-02-06","134702688","WH",4,,,,"","ALMA","WAH206A1",30077,4002,"2024-02-06","2024-03-06","USD",93.00,100,"3XS:20|2XS:20|XS:20|S:10|M:10|L:10|XL:10"
272207,"2023-09-15 08:39:53.45","#WAH207",50.00,68.00,93.00,120.90,"2024-02-06","134702874","WH",4,,,,"","ALMA","WAH207A1",30078,3002,"2024-02-06","2024-03-06","USD",93.00,100,"3XS:20|2XS:20|XS:20|S:10|M:10|L:10|XL:10"
272208,"2023-09-15 08:39:53.45","#WAH208",50.00,68.00,93.00,120.90,"2024-02-06","134703071","WH",4,,,,"","ALMA","WAH208A1",30013,1002,"2024-02-06","2024-03-06","USD",93.00,100,"3XS:20|2XS:20|XS:20|S:10|M:10|L:10|XL:10"
272209,"2023-09-15 08:39:53.45","#WAH209",50.00,68.00,93.00,120.90,"2024-02-06","134714087","WH",4,,,,"","ALMA","WAH209A1",30022,8002,"2024-02-06","2024-03-06","USD",93.00,100,"3XS:20|2XS:20|XS:20|S:10|M:10|L:10|XL:10"
272210,"2023-09-15 08:39:53.45","#WAH210",50.00,68.00,93.00,120.90,"2024-02-06","134714287","WH",4,,,,"","ALMA","WAH210A1",30025,6002,"2024-02-06","2024-03-06","USD",93.00,100,"3XS:20|2XS:20|XS:20|S:10|M:10|L:10|XL:10"
272211,"2023-09-15 08:39:53.45","#WAH211",50.00,68.00,93.00,120.90,"2024-02-06","134714489","WH",4,,,,"","ALMA","WAH211A1",30026,5002,"2024-02-06","2024-03-06","USD",93.00,100,"3XS:20|2XS:20|XS:20|S:10|M:10|L:10|XL:10"
272212,"2023-09-15 08:39:53.45","#WAH212",50.00,68.00,93.00,120.90,"2024-02-06","134704810","WH",4,,,,"","ALMA","WAH212A1",30027,4002,"2024-02-06","2024-03-06","USD",93.00,100,"3XS:20|2XS:20|XS:20|S:10|M:10|L:10|XL:10"
272213,"2023-09-15 08:39:53.45","#WAH213",50.00,68.00,93.00,120.90,"2024-02-06","134704988","WH",4,,,,"","ALMA","WAH213A1",30029,3002,"2024-02-06","2024-03-06","USD",93.00,100,"3XS:20|2XS:20|XS:20|S:10|M:10|L:10|XL:10"
272214,"2023-09-15 08:39:53.45","#WAH214",50.00,68.00,93.00,120.90,"2024-02-06","134705196","WH",4,,,,"","ALMA","WAH214A1",30045,1002,"2024-02-06","2024-03-06","USD",93.00,100,"3XS:20|2XS:20|XS:20|S:10|M:10|L:10|XL:10"
272215,"2023-09-15 08:39:53.45","#WAH215",50.00,68.00,93.00,120.90,"2024-02-06","134714914","WH",4,,,,"","ALMA","WAH215A1",30046,8002,"2024-02-06","2024-03-06","USD",93.00,100,"3XS:20|2XS:20|XS:20|S:10|M:10|L:10|XL:10"
272216,"2023-09-15 08:39:53.45","#WAH216",50.00,68.00,93.00,120.90,"2024-02-06","134715113","WH",4,,,,"","ALMA","WAH216A1",30047,6002,"2024-02-06","2024-03-06","USD",93.00,100,"3XS:20|2XS:20|XS:20|S:10|M:10|L:10|XL:10"
272217,"2023-09-15 08:39:53.45","#WAH217",50.00,68.00,93.00,120.90,"2024-02-06","134715306","WH",4,,,,"","ALMA","WAH217A1",30065,5002,"2024-02-06","2024-03-06","USD",93.00,100,"3XS:20|2XS:20|XS:20|S:10|M:10|L:10|XL:10"
272218,"2023-09-15 08:39:53.45","#WAH218",50.00,68.00,93.00,120.90,"2024-02-06","134702792","WH",4,,,,"","ALMA","WAH218A1",30066,4002,"2024-02-06","2024-03-06","USD",93.00,100,"3XS:20|2XS:20|XS:20|S:10|M:10|L:10|XL:10"
272219,"2023-09-15 08:39:53.45","#WAH219",50.00,68.00,93.00,120.90,"2024-02-06","134703000","WH",4,,,,"","ALMA","WAH219A1",30067,3002,"2024-02-06","2024-03-06","USD",93.00,100,"3XS:20|2XS:20|XS:20|S:10|M:10|L:10|XL:10"
272220,"2023-09-15 08:39:53.45","#WAH220",50.00,68.00,93.00,120.90,"2024-02-06","134703209","WH",4,,,,"","ALMA","WAH220A1",30068,1002,"2024-02-06","2024-03-06","USD",93.00,100,"3XS:20|2XS:20|XS:20|S:10|M:10|L:10|XL:10"
272221,"2023-09-15 08:39:53.45","#WAH221",50.00,68.00,93.00,120.90,"2024-02-06","134702729","WH",4,,,,"","ALMA","WAH221A1",30069,8002,"2024-02-06","2024-03-06","USD",93.00,100,"3XS:20|2XS:20|XS:20|S:10|M:10|L:10|XL:10"
272222,"2023-09-15 08:39:53.45","#WAH222",50.00,68.00,93.00,120.90,"2024-02-06","134702930","WH",4,,,,"","ALMA","WAH222A1",30070,6002,"2024-02-06","2024-03-06","USD",93.00,100,"3XS:20|2XS:20|XS:20|S:10|M:10|L:10|XL:10"
272223,"2023-09-15 08:39:53.45","#WAH223",50.00,68.00,93.00,120.90,"2024-02-06","134703129","WH",4,,,,"","ALMA","WAH223A1",30071,5002,"2024-02-06","2024-03-06","USD",93.00,100,"3XS:20|2XS:20|XS:20|S:10|M:10|L:10|XL:10"
272224,"2023-09-15 08:39:53.45","#WAH224",50.00,68.00,93.00,120.90,"2024-02-06","134702710","WH",4,,,,"","ALMA","WAH224A1",30072,4002,"2024-02-06","2024-03-06","USD",93.00,100,"3XS:20|2XS:20|XS:20|S:10|M:10|L:10|XL:10"
272225,"2023-09-15 08:39:53.45","#WAH225",50.00,68.00,93.00,120.90,"2024-02-06","134703177","WH",4,,,,"","ALMA","WAH225A1",30073,3002,"2024-02-06","2024-03-06","USD",93.00,100,"3XS:20|2XS:20|XS:20|S:10|M:10|L:10|XL:10"
272226,"2023-09-15 08:39:53.45","#WAH226",50.00,68.00,93.00,120.90,"2024-02-06","134703378","WH",4,,,,"","ALMA","WAH226A1",30074,1002,"2024-02-06","2024-03-06","USD",93.00,100,"3XS:20|2XS:20|XS:20|S:10|M:10|L:10|XL:10"
272227,"2023-09-15 08:39:53.45","#WAH227",50.00,68.00,93.00,120.90,"2024-02-06","134713434","WH",4,,,,"","ALMA","WAH227A1",30075,8002,"2024-02-06","2024-03-06","USD",93.00,100,"3XS:20|2XS:20|XS:20|S:10|M:10|L:10|XL:10"
272228,"2023-09-15 08:39:53.45","#WAH228",50.00,68.00,93.00,120.90,"2024-02-06","134713599","WH",4,,,,"","ALMA","WAH228A1",30076,6002,"2024-02-06","2024-03-06","USD",93.00,100,"3XS:20|2XS:20|XS:20|S:10|M:10|L:10|XL:10"
272229,"2023-09-15 08:39:53.45","#WAH229",50.00,68.00,93.00,120.90,"2024-02-06","134713813","WH",4,,,,"","ALMA","WAH229A1",30077,5002,"2024-02-06","2024-03-06","USD",93.00,100,"3XS:20|2XS:20|XS:20|S:10|M:10|L:10|XL:10"
272230,"2023-09-15 08:39:53.45","#WAH230",50.00,68.00,93.00,120.90,"2024-02-06","134708833","WH",4,,,,"","ALMA","WAH230A1",30078,4002,"2024-02-06","2024-03-06","USD",93.00,100,"3XS:20|2XS:20|XS:20|S:10|M:10|L:10|XL:10"
272231,"2023-09-15 08:39:53.45","#WAH231",50.00,68.00,93.00,120.90,"2024-02-06","134708995","WH",4,,,,"","ALMA","WAH231A1",30013,3002,"2024-02-06","2024-03-06","USD",93.00,100,"3XS:20|2XS:20|XS:20|S:10|M:10|L:10|XL:10"
272232,"2023-09-15 08:39:53.45","#WAH232",50.00,68.00,93.00,120.90,"2024-02-06","134709177","WH",4,,,,"","ALMA","WAH232A1",30022,1002,"2024-02-06","2024-03-06","USD",93.00,100,"3XS:20|2XS:20|XS:20|S:10|M:10|L:10|XL:10"
272233,"2023-09-15 08:39:53.45","#WAH233",50.00,68.00,93.00,120.90,"2024-02-06","134709378","WH",4,,,,"","ALMA","WAH233A1",30025,8002,"2024-02-06","2024-03-06","USD",93.00,100,"3XS:20|2XS:20|XS:20|S:10|M:10|L:10|XL:10"
272234,"2023-09-15 08:39:53.45","#WAH234",50.00,68.00,93.00,120.90,"2024-02-06","134703271","WH",4,,,,"","ALMA","WAH234A1",30026,6002,"2024-02-06","2024-03-06","USD",93.00,100,"3XS:20|2XS:20|XS:20|S:10|M:10|L:10|XL:10"
272235,"2023-09-15 08:39:53.45","#WAH235",50.00,68.00,93.00,120.90,"2024-02-06","134703471","WH",4,,,,"","ALMA","WAH235A1",30027,5002,"2024-02-06","2024-03-06","USD",93.00,100,"3XS:20|2XS:20|XS:20|S:10|M:10|L:10|XL:10"
272236,"2023-09-15 08:39:53.45","#WAH236",50.00,68.00,93.00,120.90,"2024-02-06","134703671","WH",4,,,,"","ALMA","WAH236A1",30029,4002,"2024-02-06","2024-03-06","USD",93.00,100,"3XS:20|2XS:20|XS:20|S:10|M:10|L:10|XL:10"
272237,"2023-09-15 08:39:53.45","#WAH237",50.00,68.00,93.00,120.90,"2024-02-06","134703871","WH",4,,,,"","ALMA","WAH237A1",30045,3002,"2024-02-06","2024-03-06","USD",93.00,100,"3XS:20|2XS:20|XS:20|S:10|M:10|L:10|XL:10"
272238,"2023-09-15 08:39:53.45","#WAH238",50.00,68.00,93.00,120.90,"2024-02-06","134714698","WH",4,,,,"","ALMA","WAH238A1",30046,1002,"2024-02-06","2024-03-06","USD",93.00,100,"3XS:20|2XS:20|XS:20|S:10|M:10|L:10|XL:10"
272239,"2023-09-15 08:39:53.45","#WAH239",50.00,68.00,93.00,120.90,"2024-02-06","134714896","WH",4,,,,"","ALMA","WAH239A1",30047,8002,"2024-02-06","2024-03-06","USD",93.00,100,"3XS:20|2XS:20|XS:20|S:10|M:10|L:10|XL:10"
272240,"2023-09-15 08:39:53.45","#WAH240",50.00,68.00,93.00,120.90,"2024-02-06","134715098","WH",4,,,,"","ALMA","WAH240A1",30065,6002,"2024-02-06","2024-03-06","USD",93.00,100,"3XS:20|2XS:20|XS:20|S:10|M:10|L:10|XL:10"
272241,"2023-09-15 08:39:53.45","#WAH241",50.00,68.00,93.00,120.90,"2024-02-06","134715281","WH",4,,,,"","ALMA","WAH241A1",30066,5002,"2024-02-06","2024-03-06","USD",93.00,100,"3XS:20|2XS:20|XS:20|S:10|M:10|L:10|XL:10"
272242,"2023-09-15 08:39:53.45","#WAH242",50.00,68.00,93.00,120.90,"2024-02-06","134705378","WH",4,,,,"","ALMA","WAH242A1",30067,4002,"2024-02-06","2024-03-06","USD",93.00,100,"3XS:20|2XS:20|XS:20|S:10|M:10|L:10|XL:10"
272243,"2023-09-15 08:39:53.45","#WAH243",50.00,68.00,93.00,120.90,"2024-02-06","134705580","WH",4,,,,"","ALMA","WAH243A1",30068,3002,"2024-02-06","2024-03-06","USD",93.00,100,"3XS:20|2XS:20|XS:20|S:10|M:10|L:10|XL:10"
272244,"2023-09-15 08:39:53.45","#WAH244",50.00,68.00,93.00,120.90,"2024-02-06","134705779","WH",4,,,,"","ALMA","WAH244A1",30069,1002,"2024-02-06","2024-03-06","USD",93.00,100,"3XS:20|2XS:20|XS:20|S:10|M:10|L:10|XL:10"
272245,"2023-09-15 08:39:53.45","#WAH245",50.00,68.00,93.00,120.90,"2024-02-06","134705970","WH",4,,,,"","ALMA","WAH245A1",30070,8002,"2024-02-06","2024-03-06","USD",93.00,100,"3XS:20|2XS:20|XS:20|S:10|M:10|L:10|XL:10"
272246,"2023-09-15 08:39:53.45","#WAH246",50.00,68.00,93.00,120.90,"2024-02-06","134715491","WH",4,,,,"","ALMA","WAH246A1",30071,6002,"2024-02-06","2024-03-06","USD",93.00,100,"3XS:20|2XS:20|XS:20|S:10|M:10|L:10|XL:10"
272247,"2023-09-15 08:39:53.45","#WAH247",50.00,68.00,93.00,120.90,"2024-02-06","134703408","WH",4,,,,"","ALMA","WAH247A1",30072,5002,"2024-02-06","2024-03-06","USD",93.00,100,"3XS:20|2XS:20|XS:20|S:10|M:10|L:10|XL:10"
272248,"2023-09-15 08:39:53.45","#WAH248",50.00,68.00,93.00,120.90,"2024-02-06","134703608","WH",4,,,,"","ALMA","WAH248A1",30073,4002,"2024-02-06","2024-03-06","USD",93.00,100,"3XS:20|2XS:20|XS:20|S:10|M:10|L:10|XL:10"
272249,"2023-09-15 08:39:53.45","#WAH249",50.00,68.00,93.00,120.90,"2024-02-06","134703807","WH",4,,,,"","ALMA","WAH249A1",30074,3002,"2024-02-06","2024-03-06","USD",93.00,100,"3XS:20|2XS:20|XS:20|S:10|M:10|L:10|XL:10"
272250,"2023-09-15 08:39:53.45","#WAH250",50.00,68.00,93.00,120.90,"2024-02-06","134704006","WH",4,,,,"","ALMA","WAH250A1",30075,1002,"2024-02-06","2024-03-06","USD",93.00,100,"3XS:20|2XS:20|XS:20|S:10|M:10|L:10|XL:10"
272251,"2023-09-15 08:39:53.45","#WAH251",50.00,68.00,93.00,120.90,"2024-02-06","134703352","WH",4,,,,"","ALMA","WAH251A1",30076,8002,"2024-02-06","2024-03-06","USD",93.00,100,"3XS:20|2XS:20|XS:20|S:10|M:10|L:10|XL:10"
272252,"2023-09-15 08:39:53.45","#WAH252",50.00,68.00,93.00,120.90,"2024-02-06","134703515","WH",4,,,,"","ALMA","WAH252A1",30077,6002,"2024-02-06","2024-03-06","USD",93.00,100,"3XS:20|2XS:20|XS:20|S:10|M:10|L:10|XL:10"
272253,"2023-09-15 08:39:53.45","#WAH253",50.00,68.00,93.00,120.90,"2024-02-06","134703699","WH",4,,,,"","ALMA","WAH253A1",30078,5002,"2024-02-06","2024-03-06","USD",93.00,100,"3XS:20|2XS:20|XS:20|S:10|M:10|L:10|XL:10"
272254,"2023-09-15 08:39:53.45","#WAH254",50.00,68.00,93.00,120.90,"2024-02-06","134703897","WH",4,,,,"","ALMA","WAH254A1",30013,4002,"2024-02-06","2024-03-06","USD",93.00,100,"3XS:20|2XS:20|XS:20|S:10|M:10|L:10|XL:10"
272255,"2023-09-15 08:39:53.45","#WAH255",50.00,68.00,93.00,120.90,"2024-02-06","134703569","WH",4,,,,"","ALMA","WAH255A1",30022,3002,"2024-02-06","2024-03-06","USD",93.00,100,"3XS:20|2XS:20|XS:20|S:10|M:10|L:10|XL:10"
272256,"2023-09-15 08:39:53.45","#WAH256",50.00,68.00,93.00,120.90,"2024-02-06","134703761","WH",4,,,,"","ALMA","WAH256A1",30025,1002,"2024-02-06","2024-03-06","USD",93.00,100,"3XS:20|2XS:20|XS:20|S:10|M:10|L:10|XL:10"
272257,"2023-09-15 08:39:53.45","#WAH257",50.00,68.00,93.00,120.90,"2024-02-06","134703931","WH",4,,,,"","ALMA","WAH257A1",30026,8002,"2024-02-06","2024-03-06","USD",93.00,100,"3XS:20|2XS:20|XS:20|S:10|M:10|L:10|XL:10"
272258,"2023-09-15 08:39:53.45","#WAH258",50.00,68.00,93.00,120.90,"2024-02-06","134704120","WH",4,,,,"","ALMA","WAH258A1",30027,6002,"2024-02-06","2024-03-06","USD",93.00,100,"3XS:20|2XS:20|XS:20|S:10|M:10|L:10|XL:10"
272259,"2023-09-15 08:39:53.45","#WAH259",50.00,68.00,93.00,120.90,"2024-02-06","134714013","WH",4,,,,"","ALMA","WAH259A1",30029,5002,"2024-02-06","2024-03-06","USD",93.00,100,"3XS:20|2XS:20|XS:20|S:10|M:10|L:10|XL:10"
272260,"2023-09-15 08:39:53.45","#WAH260",50.00,68.00,93.00,120.90,"2024-02-06","134714211","WH",4,,,,"","ALMA","WAH260A1",30045,4002,"2024-02-06","2024-03-06","USD",93.00,100,"3XS:20|2XS:20|XS:20|S:10|M:10|L:10|XL:10"
272261,"2023-09-15 08:39:53.45","#WAH261",50.00,68.00,93.00,120.90,"2024-02-06","134714398","WH",4,,,,"","ALMA","WAH261A1",30046,3002,"2024-02-06","2024-03-06","USD",93.00,100,"3XS:20|2XS:20|XS:20|S:10|M:10|L:10|XL:10"
272262,"2023-09-15 08:39:53.45","#WAH262",50.00,68.00,93.00,120.90,"2024-02-06","134714595","WH",4,,,,"","ALMA","WAH262A1",30047,1002,"2024-02-06","2024-03-06","USD",93.00,100,"3XS:20|2XS:20|XS:20|S:10|M:10|L:10|XL:10"
272263,"2023-09-15 08:39:53.45","#WAH263",50.00,68.00,93.00,120.90,"2024-02-06","134709577","WH",4,,,,"","ALMA","WAH263A1",30065,8002,"2024-02-06","2024-03-06","USD",93.00,100,"3XS:20|2XS:20|XS:20|S:10|M:10|L:10|XL:10"
272264,"2023-09-15 08:39:53.45","#WAH264",50.00,68.00,93.00,120.90,"2024-02-06","134709776","WH",4,,,,"","ALMA","WAH264A1",30066,6002,"2024-02-06","2024-03-06","USD",93.00,100,"3XS:20|2XS:20|XS:20|S:10|M:10|L:10|XL:10"
272265,"2023-09-15 08:39:53.45","#WAH265",50.00,68.00,93.00,120.90,"2024-02-06","134709975","WH",4,,,,"","ALMA","WAH265A1",30067,5002,"2024-02-06","2024-03-06","USD",93.00,100,"3XS:20|2XS:20|XS:20|S:10|M:10|L:10|XL:10"
272266,"2023-09-15 08:39:53.45","#WAH266",50.00,68.00,93.00,120.90,"2024-02-06","134704070","WH",4,,,,"","ALMA","WAH266A1",30068,4002,"2024-02-06","2024-03-06","USD",93.00,100,"3XS:20|2XS:20|XS:20|S:10|M:10|L:10|XL:10"
272267,"2023-09-15 08:39:53.45","#WAH267",50.00,68.00,93.00,120.90,"2024-02-06","134704271","WH",4,,,,"","ALMA","WAH267A1",30069,3002,"2024-02-06","2024-03-06","USD",93.00,100,"3XS:20|2XS:20|XS:20|S:10|M:10|L:10|XL:10"
272268,"2023-09-15 08:39:53.45","#WAH268",50.00,68.00,93.00,120.90,"2024-02-06","134704470","WH",4,,,,"","ALMA","WAH268A1",30070,1002,"2024-02-06","2024-03-06","USD",93.00,100,"3XS:20|2XS:20|XS:20|S:10|M:10|L:10|XL:10"
272269,"2023-09-15 08:39:53.45","#WAH269",50.00,68.00,93.00,120.90,"2024-02-06","134715472","WH",4,,,,"","ALMA","WAH269A1",30071,8002,"2024-02-06","2024-03-06","USD",93.00,100,"3XS:20|2XS:20|XS:20|S:10|M:10|L:10|XL:10"
272270,"2023-09-15 08:39:53.45","#WAH270",50.00,68.00,93.00,120.90,"2024-02-06","134706161","WH",4,,,,"","ALMA","WAH270A1",30072,6002,"2024-02-06","2024-03-06","USD",93.00,100,"3XS:20|2XS:20|XS:20|S:10|M:10|L:10|XL:10"
272271,"2023-09-15 08:39:53.45","#WAH271",50.00,68.00,93.00,120.90,"2024-02-06","134706361","WH",4,,,,"","ALMA","WAH271A1",30073,5002,"2024-02-06","2024-03-06","USD",93.00,100,"3XS:20|2XS:20|XS:20|S:10|M:10|L:10|XL:10"
272272,"2023-09-15 08:39:53.45","#WAH272",50.00,68.00,93.00,120.90,"2024-02-06","134706563","WH",4,,,,"","ALMA","WAH272A1",30074,4002,"2024-02-06","2024-03-06","USD",93.00,100,"3XS:20|2XS:20|XS:20|S:10|M:10|L:10|XL:10"
272273,"2023-09-15 08:39:53.45","#WAH273",50.00,68.00,93.00,120.90,"2024-02-06","134704206","WH",4,,,,"","ALMA","WAH273A1",30075,3002,"2024-02-06","2024-03-06","USD",93.00,100,"3XS:20|2XS:20|XS:20|S:10|M:10|L:10|XL:10"
272274,"2023-09-15 08:39:53.45","#WAH274",50.00,68.00,93.00,120.90,"2024-02-06","134704399","WH",4,,,,"","ALMA","WAH274A1",30076,1002,"2024-02-06","2024-03-06","USD",93.00,100,"3XS:20|2XS:20|XS:20|S:10|M:10|L:10|XL:10"
272275,"2023-09-15 08:39:53.45","#WAH275",50.00,68.00,93.00,120.90,"2024-02-06","134704585","WH",4,,,,"","ALMA","WAH275A1",30077,8002,"2024-02-06","2024-03-06","USD",93.00,100,"3XS:20|2XS:20|XS:20|S:10|M:10|L:10|XL:10"
272276,"2023-09-15 08:39:53.45","#WAH276",50.00,68.00,93.00,120.90,"2024-02-06","134704096","WH",4,,,,"","ALMA","WAH276A1",30078,6002,"2024-02-06","2024-03-06","USD",93.00,100,"3XS:20|2XS:20|XS:20|S:10|M:10|L:10|XL:10"
272277,"2023-09-15 08:39:53.45","#WAH277",50.00,68.00,93.00,120.90,"2024-02-06","134704297","WH",4,,,,"","ALMA","WAH277A1",30013,5002,"2024-02-06","2024-03-06","USD",93.00,100,"3XS:20|2XS:20|XS:20|S:10|M:10|L:10|XL:10"
272278,"2023-09-15 08:39:53.45","#WAH278",50.00,68.00,93.00,120.90,"2024-02-06","134704488","WH",4,,,,"","ALMA","WAH278A1",30022,4002,"2024-02-06","2024-03-06","USD",93.00,100,"3XS:20|2XS:20|XS:20|S:10|M:10|L:10|XL:10"
272279,"2023-09-15 08:39:53.45","#WAH279",50.00,68.00,93.00,120.90,"2024-02-06","134704321","WH",4,,,,"","ALMA","WAH279A1",30025,3002,"2024-02-06","2024-03-06","USD",93.00,100,"3XS:20|2XS:20|XS:20|S:10|M:10|L:10|XL:10"
272280,"2023-09-15 08:39:53.45","#WAH280",50.00,68.00,93.00,120.90,"2024-02-06","134704505","WH",4,,,,"","ALMA","WAH280A1",30026,1002,"2024-02-06","2024-03-06","USD",93.00,100,"3XS:20|2XS:20|XS:20|S:10|M:10|L:10|XL:10"
272281,"2023-09-15 08:39:53.45","#WAH281",50.00,68.00,93.00,120.90,"2024-02-06","134704705","WH",4,,,,"","ALMA","WAH281A1",30027,8002,"2024-02-06","2024-03-06","USD",93.00,100,"3XS:20|2XS:20|XS:20|S:10|M:10|L:10|XL:10"
272282,"2023-09-15 08:39:53.45","#WAH282",50.00,68.00,93.00,120.90,"2024-02-06","134714801","WH",4,,,,"","ALMA","WAH282A1",30029,6002,"2024-02-06","2024-03-06","USD",93.00,100,"3XS:20|2XS:20|XS:20|S:10|M:10|L:10|XL:10"
272283,"2023-09-15 08:39:53.45","#WAH283",50.00,68.00,93.00,120.90,"2024-02-06","134714984","WH",4,,,,"","ALMA","WAH283A1",30045,5002,"2024-02-06","2024-03-06","USD",93.00,100,"3XS:20|2XS:20|XS:20|S:10|M:10|L:10|XL:10"
272284,"2023-09-15 08:39:53.45","#WAH284",50.00,68.00,93.00,120.90,"2024-02-06","134715185","WH",4,,,,"","ALMA","WAH284A1",30046,4002,"2024-02-06","2024-03-06","USD",93.00,100,"3XS:20|2XS:20|XS:20|S:10|M:10|L:10|XL:10"
272285,"2023-09-15 08:39:53.45","#WAH285",50.00,68.00,93.00,120.90,"2024-02-06","134710190","WH",4,,,,"","ALMA","WAH285A1",30047,3002,"2024-02-06","2024-03-06","USD",93.00,100,"3XS:20|2XS:20|XS:20|S:10|M:10|L:10|XL:10"
272286,"2023-09-15 08:39:53.45","#WAH286",50.00,68.00,93.00,120.90,"2024-02-06","134710389","WH",4,,,,"","ALMA","WAH286A1",30065,1002,"2024-02-06","2024-03-06","USD",93.00,100,"3XS:20|2XS:20|XS:20|S:10|M:10|L:10|XL:10"
272287,"2023-09-15 08:39:53.45","#WAH287",50.00,68.00,93.00,120.90,"2024-02-06","134710591","WH",4,,,,"","ALMA","WAH287A1",30066,8002,"2024-02-06","2024-03-06","USD",93.00,100,"3XS:20|2XS:20|XS:20|S:10|M:10|L:10|XL:10"
272288,"2023-09-15 08:39:53.45","#WAH288",50.00,68.00,93.00,120.90,"2024-02-06","134704670","WH",4,,,,"","ALMA","WAH288A1",30067,6002,"2024-02-06","2024-03-06","USD",93.00,100,"3XS:20|2XS:20|XS:20|S:10|M:10|L:10|XL:10"
272289,"2023-09-15 08:39:53.45","#WAH289",50.00,68.00,93.00,120.90,"2024-02-06","134704863","WH",4,,,,"","ALMA","WAH289A1",30068,5002,"2024-02-06","2024-03-06","USD",93.00,100,"3XS:20|2XS:20|XS:20|S:10|M:10|L:10|XL:10"
272290,"2023-09-15 08:39:53.45","#WAH290",50.00,68.00,93.00,120.90,"2024-02-06","134705063","WH",4,,,,"","ALMA","WAH290A1",30069,4002,"2024-02-06","2024-03-06","USD",93.00,100,"3XS:20|2XS:20|XS:20|S:10|M:10|L:10|XL:10"
272291,"2023-09-15 08:39:53.45","#WAH291",50.00,68.00,93.00,120.90,"2024-02-06","134706767","WH",4,,,,"","ALMA","WAH291A1",30070,3002,"2024-02-06","2024-03-06","USD",93.00,100,"3XS:20|2XS:20|XS:20|S:10|M:10|L:10|XL:10"
272292,"2023-09-15 08:39:53.45","#WAH292",50.00,68.00,93.00,120.90,"2024-02-06","134706967","WH",4,,,,"","ALMA","WAH292A1",30071,1002,"2024-02-06","2024-03-06","USD",93.00,100,"3XS:20|2XS:20|XS:20|S:10|M:10|L:10|XL:10"
272293,"2023-09-15 08:39:53.45","#WAH293",50.00,68.00,93.00,120.90,"2024-02-06","134707166","WH",4,,,,"","ALMA","WAH293A1",30072,8002,"2024-02-06","2024-03-06","USD",93.00,100,"3XS:20|2XS:20|XS:20|S:10|M:10|L:10|XL:10"
272294,"2023-09-15 08:39:53.45","#WAH294",50.00,68.00,93.00,120.90,"2024-02-06","134704777","WH",4,,,,"","ALMA","WAH294A1",30073,6002,"2024-02-06","2024-03-06","USD",93.00,100,"3XS:20|2XS:20|XS:20|S:10|M:10|L:10|XL:10"
272295,"2023-09-15 08:39:53.45","#WAH295",50.00,68.00,93.00,120.90,"2024-02-06","134704973","WH",4,,,,"","ALMA","WAH295A1",30074,5002,"2024-02-06","2024-03-06","USD",93.00,100,"3XS:20|2XS:20|XS:20|S:10|M:10|L:10|XL:10"
272296,"2023-09-15 08:39:53.45","#WAH296",50.00,68.00,93.00,120.90,"2024-02-06","134704689","WH",4,,,,"","ALMA","WAH296A1",30075,4002,"2024-02-06","2024-03-06","USD",93.00,100,"3XS:20|2XS:20|XS:20|S:10|M:10|L:10|XL:10"
272297,"2023-09-15 08:39:53.45","#WAH297",50.00,68.00,93.00,120.90,"2024-02-06","134704880","WH",4,,,,"","ALMA","WAH297A1",30076,3002,"2024-02-06","2024-03-06","USD",93.00,100,"3XS:20|2XS:20|XS:20|S:10|M:10|L:10|XL:10"
272298,"2023-09-15 08:39:53.45","#WAH298",50.00,68.00,93.00,120.90,"2024-02-06","134705088","WH",4,,,,"","ALMA","WAH298A1",30077,1002,"2024-02-06","2024-03-06","USD",93.00,100,"3XS:20|2XS:20|XS:20|S:10|M:10|L:10|XL:10"
272299,"2023-09-15 08:39:53.45","#WAH299",50.00,68.00,93.00,120.90,"2024-02-06","134704905","WH",4,,,,"","ALMA","WAH299A1",30078,8002,"2024-02-06","2024-03-06","USD",93.00,100,"3XS:20|2XS:20|XS:20|S:10|M:10|L:10|XL:10"
272300,"2023-09-15 08:39:53.45","#WAH300",50.00,68.00,93.00,120.90,"2024-02-06","134705105","WH",4,,,,"","ALMA","WAH300A1",30013,6002,"2024-02-06","2024-03-06","USD",93.00,100,"3XS:20|2XS:20|XS:20|S:10|M:10|L:10|XL:10"
272301,"2023-09-15 08:39:53.45","#WAH301",50.00,68.00,93.00,120.90,"2024-02-06","134705304","WH",4,,,,"","ALMA","WAH301A1",30022,5002,"2024-02-06","2024-03-06","USD",93.00,100,"3XS:20|2XS:20|XS:20|S:10|M:10|L:10|XL:10"
272302,"2023-09-15 08:39:53.45","#WAH302",50.00,68.00,93.00,120.90,"2024-02-06","134715384","WH",4,,,,"","ALMA","WAH302A1",30025,4002,"2024-02-06","2024-03-06","USD",93.00,100,"3XS:20|2XS:20|XS:20|S:10|M:10|L:10|XL:10"
272303,"2023-09-15 08:39:53.45","#WAH303",50.00,68.00,93.00,120.90,"2024-02-06","134710791","WH",4,,,,"","ALMA","WAH303A1",30026,3002,"2024-02-06","2024-03-06","USD",93.00,100,"3XS:20|2XS:20|XS:20|S:10|M:10|L:10|XL:10"
272304,"2023-09-15 08:39:53.45","#WAH304",50.00,68.00,93.00,120.90,"2024-02-06","134710976","WH",4,,,,"","ALMA","WAH304A1",30027,1002,"2024-02-06","2024-03-06","USD",93.00,100,"3XS:20|2XS:20|XS:20|S:10|M:10|L:10|XL:10"
272305,"2023-09-15 08:39:53.45","#WAH305",50.00,68.00,93.00,120.90,"2024-02-06","134711167","WH",4,,,,"","ALMA","WAH305A1",30029,8002,"2024-02-06","2024-03-06","USD",93.00,100,"3XS:20|2XS:20|XS:20|S:10|M:10|L:10|XL:10"
272306,"2023-09-15 08:39:53.45","#WAH306",50.00,68.00,93.00,120.90,"2024-02-06","134705241","WH",4,,,,"","ALMA","WAH306A1",30045,6002,"2024-02-06","2024-03-06","USD",93.00,100,"3XS:20|2XS:20|XS:20|S:10|M:10|L:10|XL:10"
272307,"2023-09-15 08:39:53.45","#WAH307",50.00,68.00,93.00,120.90,"2024-02-06","134705420","WH",4,,,,"","ALMA","WAH307A1",30046,5002,"2024-02-06","2024-03-06","USD",93.00,100,"3XS:20|2XS:20|XS:20|S:10|M:10|L:10|XL:10"
272308,"2023-09-15 08:39:53.45","#WAH308",50.00,68.00,93.00,120.90,"2024-02-06","134705612","WH",4,,,,"","ALMA","WAH308A1",30047,4002,"2024-02-06","2024-03-06","USD",93.00,100,"3XS:20|2XS:20|XS:20|S:10|M:10|L:10|XL:10"
272309,"2023-09-15 08:39:53.45","#WAH309",50.00,68.00,93.00,120.90,"2024-02-06","134707366","WH",4,,,,"","ALMA","WAH309A1",30065,3002,"2024-02-06","2024-03-06","USD",93.00,100,"3XS:20|2XS:20|XS:20|S:10|M:10|L:10|XL:10"
272310,"2023-09-15 08:39:53.45","#WAH310",50.00,68.00,93.00,120.90,"2024-02-06","134707559","WH",4,,,,"","ALMA","WAH310A1",30066,1002,"2024-02-06","2024-03-06","USD",93.00,100,"3XS:20|2XS:20|XS:20|S:10|M:10|L:10|XL:10"
272311,"2023-09-15 08:39:53.45","#WAH311",50.00,68.00,93.00,120.90,"2024-02-06","134707758","WH",4,,,,"","ALMA","WAH311A1",30067,8002,"2024-02-06","2024-03-06","USD",93.00,100,"3XS:20|2XS:20|XS:20|S:10|M:10|L:10|XL:10"
272312,"2023-09-15 08:39:53.45","#WAH312",50.00,68.00,93.00,120.90,"2024-02-06","134705273","WH",4,,,,"","ALMA","WAH312A1",30068,6002,"2024-02-06","2024-03-06","USD",93.00,100,"3XS:20|2XS:20|XS:20|S:10|M:10|L:10|XL:10"
272313,"2023-09-15 08:39:53.45","#WAH313",50.00,68.00,93.00,120.90,"2024-02-06","134705449","WH",4,,,,"","ALMA","WAH313A1",30069,5002,"2024-02-06","2024-03-06","USD",93.00,100,"3XS:20|2XS:20|XS:20|S:10|M:10|L:10|XL:10"
272314,"2023-09-15 08:39:53.45","#WAH314",50.00,68.00,93.00,120.90,"2024-02-06","134705628","WH",4,,,,"","ALMA","WAH314A1",30070,4002,"2024-02-06","2024-03-06","USD",93.00,100,"3XS:20|2XS:20|XS:20|S:10|M:10|L:10|XL:10"
272315,"2023-09-15 08:39:53.45","#WAH315",50.00,68.00,93.00,120.90,"2024-02-06","134705511","WH",4,,,,"","ALMA","WAH315A1",30071,3002,"2024-02-06","2024-03-06","USD",93.00,100,"3XS:20|2XS:20|XS:20|S:10|M:10|L:10|XL:10"
272316,"2023-09-15 08:39:53.45","#WAH316",50.00,68.00,93.00,120.90,"2024-02-06","134705703","WH",4,,,,"","ALMA","WAH316A1",30072,1002,"2024-02-06","2024-03-06","USD",93.00,100,"3XS:20|2XS:20|XS:20|S:10|M:10|L:10|XL:10"
272317,"2023-09-15 08:39:53.45","#WAH317",50.00,68.00,93.00,120.90,"2024-02-06","134705896","WH",4,,,,"","ALMA","WAH317A1",30073,8002,"2024-02-06","2024-03-06","USD",93.00,100,"3XS:20|2XS:20|XS:20|S:10|M:10|L:10|XL:10"
272318,"2023-09-15 08:39:53.45","#WAH318",50.00,68.00,93.00,120.90,"2024-02-06","134711376","WH",4,,,,"","ALMA","WAH318A1",30074,6002,"2024-02-06","2024-03-06","USD",93.00,100,"3XS:20|2XS:20|XS:20|S:10|M:10|L:10|XL:10"
272319,"2023-09-15 08:39:53.45","#WAH319",50.00,68.00,93.00,120.90,"2024-02-06","134711568","WH",4,,,,"","ALMA","WAH319A1",30075,5002,"2024-02-06","2024-03-06","USD",93.00,100,"3XS:20|2XS:20|XS:20|S:10|M:10|L:10|XL:10"
272320,"2023-09-15 08:39:53.45","#WAH320",50.00,68.00,93.00,120.90,"2024-02-06","134711746","WH",4,,,,"","ALMA","WAH320A1",30076,4002,"2024-02-06","2024-03-06","USD",93.00,100,"3XS:20|2XS:20|XS:20|S:10|M:10|L:10|XL:10"
272321,"2023-09-15 08:39:53.45","#WAH321",50.00,68.00,93.00,120.90,"2024-02-06","134711954","WH",4,,,,"","ALMA","WAH321A1",30077,3002,"2024-02-06","2024-03-06","USD",93.00,100,"3XS:20|2XS:20|XS:20|S:10|M:10|L:10|XL:10"
272322,"2023-09-15 08:39:53.45","#WAH322",50.00,68.00,93.00,120.90,"2024-02-06","134705795","WH",4,,,,"","ALMA","WAH322A1",30078,1002,"2024-02-06","2024-03-06","USD",93.00,100,"3XS:20|2XS:20|XS:20|S:10|M:10|L:10|XL:10"
272323,"2023-09-15 08:39:53.45","#WAH323",50.00,68.00,93.00,120.90,"2024-02-06","134706009","WH",4,,,,"","ALMA","WAH323A1",30013,8002,"2024-02-06","2024-03-06","USD",93.00,100,"3XS:20|2XS:20|XS:20|S:10|M:10|L:10|XL:10"
272324,"2023-09-15 08:39:53.45","#WAH324",50.00,68.00,93.00,120.90,"2024-02-06","134706208","WH",4,,,,"","ALMA","WAH324A1",30022,6002,"2024-02-06","2024-03-06","USD",93.00,100,"3XS:20|2XS:20|XS:20|S:10|M:10|L:10|XL:10"
272325,"2023-09-15 08:39:53.45","#WAH325",50.00,68.00,93.00,120.90,"2024-02-06","134706415","WH",4,,,,"","ALMA","WAH325A1",30025,5002,"2024-02-06","2024-03-06","USD",93.00,100,"3XS:20|2XS:20|XS:20|S:10|M:10|L:10|XL:10"
272326,"2023-09-15 08:39:53.45","#WAH326",50.00,68.00,93.00,120.90,"2024-02-06","134707950","WH",4,,,,"","ALMA","WAH326A1",30026,4002,"2024-02-06","2024-03-06","USD",93.00,100,"3XS:20|2XS:20|XS:20|S:10|M:10|L:10|XL:10"
272327,"2023-09-15 08:39:53.45","#WAH327",50.00,68.00,93.00,120.90,"2024-02-06","134708135","WH",4,,,,"","ALMA","WAH327A1",30027,3002,"2024-02-06","2024-03-06","USD",93.00,100,"3XS:20|2XS:20|XS:20|S:10|M:10|L:10|XL:10"
272328,"2023-09-15 08:39:53.45","#WAH328",50.00,68.00,93.00,120.90,"2024-02-06","134708333","WH",4,,,,"","ALMA","WAH328A1",30029,1002,"2024-02-06","2024-03-06","USD",93.00,100,"3XS:20|2XS:20|XS:20|S:10|M:10|L:10|XL:10"
272329,"2023-09-15 08:39:53.45","#WAH329",50.00,68.00,93.00,120.90,"2024-02-06","134708533","WH",4,,,,"","ALMA","WAH329A1",30045,8002,"2024-02-06","2024-03-06","USD",93.00,100,"3XS:20|2XS:20|XS:20|S:10|M:10|L:10|XL:10"
272330,"2023-09-15 08:39:53.45","#WAH330",50.00,68.00,93.00,120.90,"2024-02-06","134705810","WH",4,,,,"","ALMA","WAH330A1",30046,6002,"2024-02-06","2024-03-06","USD",93.00,100,"3XS:20|2XS:20|XS:20|S:10|M:10|L:10|XL:10"
272331,"2023-09-15 08:39:53.45","#WAH331",50.00,68.00,93.00,120.90,"2024-02-06","134706010","WH",4,,,,"","ALMA","WAH331A1",30047,5002,"2024-02-06","2024-03-06","USD",93.00,100,"3XS:20|2XS:20|XS:20|S:10|M:10|L:10|XL:10"
272332,"2023-09-15 08:39:53.45","#WAH332",50.00,68.00,93.00,120.90,"2024-02-06","134706216","WH",4,,,,"","ALMA","WAH332A1",30065,4002,"2024-02-06","2024-03-06","USD",93.00,100,"3XS:20|2XS:20|XS:20|S:10|M:10|L:10|XL:10"
272333,"2023-09-15 08:39:53.45","#WAH333",50.00,68.00,93.00,120.90,"2024-02-06","134706418","WH",4,,,,"","ALMA","WAH333A1",30066,3002,"2024-02-06","2024-03-06","USD",93.00,100,"3XS:20|2XS:20|XS:20|S:10|M:10|L:10|XL:10"
272334,"2023-09-15 08:39:53.45","#WAH334",50.00,68.00,93.00,120.90,"2024-02-06","134706096","WH",4,,,,"","ALMA","WAH334A1",30067,1002,"2024-02-06","2024-03-06","USD",93.00,100,"3XS:20|2XS:20|XS:20|S:10|M:10|L:10|XL:10"
272335,"2023-09-15 08:39:53.45","#WAH335",50.00,68.00,93.00,120.90,"2024-02-06","134706281","WH",4,,,,"","ALMA","WAH335A1",30068,8002,"2024-02-06","2024-03-06","USD",93.00,100,"3XS:20|2XS:20|XS:20|S:10|M:10|L:10|XL:10"
272336,"2023-09-15 08:39:53.45","#WAH336",50.00,68.00,93.00,120.90,"2024-02-06","134706467","WH",4,,,,"","ALMA","WAH336A1",30069,6002,"2024-02-06","2024-03-06","USD",93.00,100,"3XS:20|2XS:20|XS:20|S:10|M:10|L:10|XL:10"
272337,"2023-09-15 08:39:53.45","#WAH337",50.00,68.00,93.00,120.90,"2024-02-06","134706654","WH",4,,,,"","ALMA","WAH337A1",30070,5002,"2024-02-06","2024-03-06","USD",93.00,100,"3XS:20|2XS:20|XS:20|S:10|M:10|L:10|XL:10"
272338,"2023-09-15 08:39:53.45","#WAH338",50.00,68.00,93.00,120.90,"2024-02-06","134712143","WH",4,,,,"","ALMA","WAH338A1",30071,4002,"2024-02-06","2024-03-06","USD",93.00,100,"3XS:20|2XS:20|XS:20|S:10|M:10|L:10|XL:10"
272339,"2023-09-15 08:39:53.45","#WAH339",50.00,68.00,93.00,120.90,"2024-02-06","134712344","WH",4,,,,"","ALMA","WAH339A1",30072,3002,"2024-02-06","2024-03-06","USD",93.00,100,"3XS:20|2XS:20|XS:20|S:10|M:10|L:10|XL:10"
272340,"2023-09-15 08:39:53.45","#WAH340",50.00,68.00,93.00,120.90,"2024-02-06","134712515","WH",4,,,,"","ALMA","WAH340A1",30073,1002,"2024-02-06","2024-03-06","USD",93.00,100,"3XS:20|2XS:20|XS:20|S:10|M:10|L:10|XL:10"
272341,"2023-09-15 08:39:53.45","#WAH341",50.00,68.00,93.00,120.90,"2024-02-06","134706615","WH",4,,,,"","ALMA","WAH341A1",30074,8002,"2024-02-06","2024-03-06","USD",93.00,100,"3XS:20|2XS:20|XS:20|S:10|M:10|L:10|XL:10"
272342,"2023-09-15 08:39:53.45","#WAH342",50.00,68.00,93.00,120.90,"2024-02-06","134706820","WH",4,,,,"","ALMA","WAH342A1",30075,6002,"2024-02-06","2024-03-06","USD",93.00,100,"3XS:20|2XS:20|XS:20|S:10|M:10|L:10|XL:10"
272343,"2023-09-15 08:39:53.45","#WAH343",50.00,68.00,93.00,120.90,"2024-02-06","134707026","WH",4,,,,"","ALMA","WAH343A1",30076,5002,"2024-02-06","2024-03-06","USD",93.00,100,"3XS:20|2XS:20|XS:20|S:10|M:10|L:10|XL:10"
272344,"2023-09-15 08:39:53.45","#WAH344",50.00,68.00,93.00,120.90,"2024-02-06","134708733","WH",4,,,,"","ALMA","WAH344A1",30077,4002,"2024-02-06","2024-03-06","USD",93.00,100,"3XS:20|2XS:20|XS:20|S:10|M:10|L:10|XL:10"
272345,"2023-09-15 08:39:53.45","#WAH345",50.00,68.00,93.00,120.90,"2024-02-06","134708919","WH",4,,,,"","ALMA","WAH345A1",30078,3002,"2024-02-06","2024-03-06","USD",93.00,100,"3XS:20|2XS:20|XS:20|S:10|M:10|L:10|XL:10"
272346,"2023-09-15 08:39:53.45","#WAH346",50.00,68.00,93.00,120.90,"2024-02-06","134709105","WH",4,,,,"","ALMA","WAH346A1",30013,1002,"2024-02-06","2024-03-06","USD",93.00,100,"3XS:20|2XS:20|XS:20|S:10|M:10|L:10|XL:10"
272347,"2023-09-15 08:39:53.45","#WAH347",50.00,68.00,93.00,120.90,"2024-02-06","134706614","WH",4,,,,"","ALMA","WAH347A1",30022,8002,"2024-02-06","2024-03-06","USD",93.00,100,"3XS:20|2XS:20|XS:20|S:10|M:10|L:10|XL:10"
272348,"2023-09-15 08:39:53.45","#WAH348",50.00,68.00,93.00,120.90,"2024-02-06","134706806","WH",4,,,,"","ALMA","WAH348A1",30025,6002,"2024-02-06","2024-03-06","USD",93.00,100,"3XS:20|2XS:20|XS:20|S:10|M:10|L:10|XL:10"
272349,"2023-09-15 08:39:53.45","#WAH349",50.00,68.00,93.00,120.90,"2024-02-06","134706999","WH",4,,,,"","ALMA","WAH349A1",30026,5002,"2024-02-06","2024-03-06","USD",93.00,100,"3XS:20|2XS:20|XS:20|S:10|M:10|L:10|XL:10"
272350,"2023-09-15 08:39:53.45","#WAH350",50.00,68.00,93.00,120.90,"2024-02-06","134706839","WH",4,,,,"","ALMA","WAH350A1",30027,4002,"2024-02-06","2024-03-06","USD",93.00,100,"3XS:20|2XS:20|XS:20|S:10|M:10|L:10|XL:10"
272351,"2023-09-15 08:39:53.45","#WAH351",50.00,68.00,93.00,120.90,"2024-02-06","134707028","WH",4,,,,"","ALMA","WAH351A1",30029,3002,"2024-02-06","2024-03-06","USD",93.00,100,"3XS:20|2XS:20|XS:20|S:10|M:10|L:10|XL:10"
272352,"2023-09-15 08:39:53.45","#WAH352",50.00,68.00,93.00,120.90,"2024-02-06","134707233","WH",4,,,,"","ALMA","WAH352A1",30045,1002,"2024-02-06","2024-03-06","USD",93.00,100,"3XS:20|2XS:20|XS:20|S:10|M:10|L:10|XL:10"
272353,"2023-09-15 08:39:53.45","#WAH353",50.00,68.00,93.00,120.90,"2024-02-06","134712730","WH",4,,,,"","ALMA","WAH353A1",30046,8002,"2024-02-06","2024-03-06","USD",93.00,100,"3XS:20|2XS:20|XS:20|S:10|M:10|L:10|XL:10"
272354,"2023-09-15 08:39:53.45","#WAH354",50.00,68.00,93.00,120.90,"2024-02-06","134712922","WH",4,,,,"","ALMA","WAH354A1",30047,6002,"2024-02-06","2024-03-06","USD",93.00,100,"3XS:20|2XS:20|XS:20|S:10|M:10|L:10|XL:10"
272355,"2023-09-15 08:39:53.45","#WAH355",50.00,68.00,93.00,120.90,"2024-02-06","134713121","WH",4,,,,"","ALMA","WAH355A1",30065,5002,"2024-02-06","2024-03-06","USD",93.00,100,"3XS:20|2XS:20|XS:20|S:10|M:10|L:10|XL:10"
272356,"2023-09-15 08:39:53.45","#WAH356",50.00,68.00,93.00,120.90,"2024-02-06","134707241","WH",4,,,,"","ALMA","WAH356A1",30066,4002,"2024-02-06","2024-03-06","USD",93.00,100,"3XS:20|2XS:20|XS:20|S:10|M:10|L:10|XL:10"
272357,"2023-09-15 08:39:53.45","#WAH357",50.00,68.00,93.00,120.90,"2024-02-06","134707463","WH",4,,,,"","ALMA","WAH357A1",30067,3002,"2024-02-06","2024-03-06","USD",93.00,100,"3XS:20|2XS:20|XS:20|S:10|M:10|L:10|XL:10"
272358,"2023-09-15 08:39:53.45","#WAH358",50.00,68.00,93.00,120.90,"2024-02-06","134707664","WH",4,,,,"","ALMA","WAH358A1",30068,1002,"2024-02-06","2024-03-06","USD",93.00,100,"3XS:20|2XS:20|XS:20|S:10|M:10|L:10|XL:10"
272359,"2023-09-15 08:39:53.45","#WAH359",50.00,68.00,93.00,120.90,"2024-02-06","134709303","WH",4,,,,"","ALMA","WAH359A1",30069,8002,"2024-02-06","2024-03-06","USD",93.00,100,"3XS:20|2XS:20|XS:20|S:10|M:10|L:10|XL:10"
272360,"2023-09-15 08:39:53.45","#WAH360",50.00,68.00,93.00,120.90,"2024-02-06","134709482","WH",4,,,,"","ALMA","WAH360A1",30070,6002,"2024-02-06","2024-03-06","USD",93.00,100,"3XS:20|2XS:20|XS:20|S:10|M:10|L:10|XL:10"
272361,"2023-09-15 08:39:53.45","#WAH361",50.00,68.00,93.00,120.90,"2024-02-06","134709652","WH",4,,,,"","ALMA","WAH361A1",30071,5002,"2024-02-06","2024-03-06","USD",93.00,100,"3XS:20|2XS:20|XS:20|S:10|M:10|L:10|XL:10"
272362,"2023-09-15 08:39:53.45","#WAH362",50.00,68.00,93.00,120.90,"2024-02-06","134707276","WH",4,,,,"","ALMA","WAH362A1",30072,4002,"2024-02-06","2024-03-06","USD",93.00,100,"3XS:20|2XS:20|XS:20|S:10|M:10|L:10|XL:10"
272363,"2023-09-15 08:39:53.45","#WAH363",50.00,68.00,93.00,120.90,"2024-02-06","134707473","WH",4,,,,"","ALMA","WAH363A1",30073,3002,"2024-02-06","2024-03-06","USD",93.00,100,"3XS:20|2XS:20|XS:20|S:10|M:10|L:10|XL:10"
272364,"2023-09-15 08:39:53.45","#WAH364",50.00,68.00,93.00,120.90,"2024-02-06","134707682","WH",4,,,,"","ALMA","WAH364A1",30074,1002,"2024-02-06","2024-03-06","USD",93.00,100,"3XS:20|2XS:20|XS:20|S:10|M:10|L:10|XL:10"
272365,"2023-09-15 08:39:53.45","#WAH365",50.00,68.00,93.00,120.90,"2024-02-06","134713082","WH",4,,,,"","ALMA","WAH365A1",30075,8002,"2024-02-06","2024-03-06","USD",93.00,100,"3XS:20|2XS:20|XS:20|S:10|M:10|L:10|XL:10"
272366,"2023-09-15 08:39:53.45","#WAH366",50.00,68.00,93.00,120.90,"2024-02-06","134713177","WH",4,,,,"","ALMA","WAH366A1",30076,6002,"2024-02-06","2024-03-06","USD",93.00,100,"3XS:20|2XS:20|XS:20|S:10|M:10|L:10|XL:10"
272367,"2023-09-15 08:39:53.45","#WAH367",50.00,68.00,93.00,120.90,"2024-02-06","134713305","WH",4,,,,"","ALMA","WAH367A1",30077,5002,"2024-02-06","2024-03-06","USD",93.00,100,"3XS:20|2XS:20|XS:20|S:10|M:10|L:10|XL:10"
272368,"2023-09-15 08:39:53.45","#WAH368",50.00,68.00,93.00,120.90,"2024-02-06","134709521","WH",4,,,,"","ALMA","WAH368A1",30078,4002,"2024-02-06","2024-03-06","USD",93.00,100,"3XS:20|2XS:20|XS:20|S:10|M:10|L:10|XL:10"
272369,"2023-09-15 08:39:53.45","#WAH369",50.00,68.00,93.00,120.90,"2024-02-06","134709684","WH",4,,,,"","ALMA","WAH369A1",30013,3002,"2024-02-06","2024-03-06","USD",93.00,100,"3XS:20|2XS:20|XS:20|S:10|M:10|L:10|XL:10"
272370,"2023-09-15 08:39:53.45","#WAH370",50.00,68.00,93.00,120.90,"2024-02-06","134709868","WH",4,,,,"","ALMA","WAH370A1",30022,1002,"2024-02-06","2024-03-06","USD",93.00,100,"3XS:20|2XS:20|XS:20|S:10|M:10|L:10|XL:10"
272371,"2023-09-15 08:39:53.45","#WAH371",50.00,68.00,93.00,120.90,"2024-02-06","134707824","WH",4,,,,"","ALMA","WAH371A1",30025,8002,"2024-02-06","2024-03-06","USD",93.00,100,"3XS:20|2XS:20|XS:20|S:10|M:10|L:10|XL:10"
272372,"2023-09-15 08:39:53.45","#WAH372",50.00,68.00,93.00,120.90,"2024-02-06","134708000","WH",4,,,,"","ALMA","WAH372A1",30026,6002,"2024-02-06","2024-03-06","USD",93.00,100,"3XS:20|2XS:20|XS:20|S:10|M:10|L:10|XL:10"
272373,"2023-09-15 08:39:53.45","#WAH373",50.00,68.00,93.00,120.90,"2024-02-06","134708218","WH",4,,,,"","ALMA","WAH373A1",30027,5002,"2024-02-06","2024-03-06","USD",93.00,100,"3XS:20|2XS:20|XS:20|S:10|M:10|L:10|XL:10"
272374,"2023-09-15 08:39:53.45","#WAH374",50.00,68.00,93.00,120.90,"2024-02-06","134707873","WH",4,,,,"","ALMA","WAH374A1",30029,4002,"2024-02-06","2024-03-06","USD",93.00,100,"3XS:20|2XS:20|XS:20|S:10|M:10|L:10|XL:10"
272375,"2023-09-15 08:39:53.45","#WAH375",50.00,68.00,93.00,120.90,"2024-02-06","134708074","WH",4,,,,"","ALMA","WAH375A1",30045,3002,"2024-02-06","2024-03-06","USD",93.00,100,"3XS:20|2XS:20|XS:20|S:10|M:10|L:10|XL:10"
272376,"2023-09-15 08:39:53.45","#WAH376",50.00,68.00,93.00,120.90,"2024-02-06","134708271","WH",4,,,,"","ALMA","WAH376A1",30046,1002,"2024-02-06","2024-03-06","USD",93.00,100,"3XS:20|2XS:20|XS:20|S:10|M:10|L:10|XL:10"
272377,"2023-09-15 08:39:53.45","#WAH377",50.00,68.00,93.00,120.90,"2024-02-06","134701206","WH",4,,,,"","ALMA","WAH377A1",30047,8002,"2024-02-06","2024-03-06","USD",93.00,100,"3XS:20|2XS:20|XS:20|S:10|M:10|L:10|XL:10"
272378,"2023-09-15 08:39:53.45","#WAH378",50.00,68.00,93.00,120.90,"2024-02-06","134701397","WH",4,,,,"","ALMA","WAH378A1",30065,6002,"2024-02-06","2024-03-06","USD",93.00,100,"3XS:20|2XS:20|XS:20|S:10|M:10|L:10|XL:10"
272379,"2023-09-15 08:39:53.45","#WAH379",50.00,68.00,93.00,120.90,"2024-02-06","134701598","WH",4,,,,"","ALMA","WAH379A1",30066,5002,"2024-02-06","2024-03-06","USD",93.00,100,"3XS:20|2XS:20|XS:20|S:10|M:10|L:10|XL:10"
272380,"2023-09-15 08:39:53.45","#WAH380",50.00,68.00,93.00,120.90,"2024-02-06","134701803","WH",4,,,,"","ALMA","WAH380A1",30067,4002,"2024-02-06","2024-03-06","USD",93.00,100,"3XS:20|2XS:20|XS:20|S:10|M:10|L:10|XL:10"
272381,"2023-09-15 08:39:53.45","#WAH381",50.00,68.00,93.00,120.90,"2024-02-06","134710833","WH",4,,,,"","ALMA","WAH381A1",30068,3002,"2024-02-06","2024-03-06","USD",93.00,100,"3XS:20|2XS:20|XS:20|S:10|M:10|L:10|XL:10"
272382,"2023-09-15 08:39:53.45","#WAH382",50.00,68.00,93.00,120.90,"2024-02-06","134711019","WH",4,,,,"","ALMA","WAH382A1",30069,1002,"2024-02-06","2024-03-06","USD",93.00,100,"3XS:20|2XS:20|XS:20|S:10|M:10|L:10|XL:10"
272383,"2023-09-15 08:39:53.45","#WAH383",50.00,68.00,93.00,120.90,"2024-02-06","134711215","WH",4,,,,"","ALMA","WAH383A1",30070,8002,"2024-02-06","2024-03-06","USD",93.00,100,"3XS:20|2XS:20|XS:20|S:10|M:10|L:10|XL:10"
272384,"2023-09-15 08:39:53.45","#WAH384",50.00,68.00,93.00,120.90,"2024-02-06","134711408","WH",4,,,,"","ALMA","WAH384A1",30071,6002,"2024-02-06","2024-03-06","USD",93.00,100,"3XS:20|2XS:20|XS:20|S:10|M:10|L:10|XL:10"
272385,"2023-09-15 08:39:53.45","#WAH385",50.00,68.00,93.00,120.90,"2024-02-06","134713375","WH",4,,,,"","ALMA","WAH385A1",30072,5002,"2024-02-06","2024-03-06","USD",93.00,100,"3XS:20|2XS:20|XS:20|S:10|M:10|L:10|XL:10"
272386,"2023-09-15 08:39:53.45","#WAH386",50.00,68.00,93.00,120.90,"2024-02-06","134713558","WH",4,,,,"","ALMA","WAH386A1",30073,4002,"2024-02-06","2024-03-06","USD",93.00,100,"3XS:20|2XS:20|XS:20|S:10|M:10|L:10|XL:10"
272387,"2023-09-15 08:39:53.45","#WAH387",50.00,68.00,93.00,120.90,"2024-02-06","134713594","WH",4,,,,"","ALMA","WAH387A1",30074,3002,"2024-02-06","2024-03-06","USD",93.00,100,"3XS:20|2XS:20|XS:20|S:10|M:10|L:10|XL:10"
272388,"2023-09-15 08:39:53.45","#WAH388",50.00,68.00,93.00,120.90,"2024-02-06","134710046","WH",4,,,,"","ALMA","WAH388A1",30075,1002,"2024-02-06","2024-03-06","USD",93.00,100,"3XS:20|2XS:20|XS:20|S:10|M:10|L:10|XL:10"
272389,"2023-09-15 08:39:53.45","#WAH389",50.00,68.00,93.00,120.90,"2024-02-06","134710290","WH",4,,,,"","ALMA","WAH389A1",30076,8002,"2024-02-06","2024-03-06","USD",93.00,100,"3XS:20|2XS:20|XS:20|S:10|M:10|L:10|XL:10"
272390,"2023-09-15 08:39:53.45","#WAH390",50.00,68.00,93.00,120.90,"2024-02-06","134710482","WH",4,,,,"","ALMA","WAH390A1",30077,6002,"2024-02-06","2024-03-06","USD",93.00,100,"3XS:20|2XS:20|XS:20|S:10|M:10|L:10|XL:10"
272391,"2023-09-15 08:39:53.45","#WAH391",50.00,68.00,93.00,120.90,"2024-02-06","134710690","WH",4,,,,"","ALMA","WAH391A1",30078,5002,"2024-02-06","2024-03-06","USD",93.00,100,"3XS:20|2XS:20|XS:20|S:10|M:10|L:10|XL:10"
272392,"2023-09-15 08:39:53.45","#WAH392",50.00,68.00,93.00,120.90,"2024-02-06","134708418","WH",4,,,,"","ALMA","WAH392A1",30013,4002,"2024-02-06","2024-03-06","USD",93.00,100,"3XS:20|2XS:20|XS:20|S:10|M:10|L:10|XL:10"
272393,"2023-09-15 08:39:53.45","#WAH393",50.00,68.00,93.00,120.90,"2024-02-06","134708608","WH",4,,,,"","ALMA","WAH393A1",30022,3002,"2024-02-06","2024-03-06","USD",93.00,100,"3XS:20|2XS:20|XS:20|S:10|M:10|L:10|XL:10"
272394,"2023-09-15 08:39:53.45","#WAH394",50.00,68.00,93.00,120.90,"2024-02-06","134708802","WH",4,,,,"","ALMA","WAH394A1",30025,1002,"2024-02-06","2024-03-06","USD",93.00,100,"3XS:20|2XS:20|XS:20|S:10|M:10|L:10|XL:10"
272395,"2023-09-15 08:39:53.45","#WAH395",50.00,68.00,93.00,120.90,"2024-02-06","134708987","WH",4,,,,"","ALMA","WAH395A1",30026,8002,"2024-02-06","2024-03-06","USD",93.00,100,"3XS:20|2XS:20|XS:20|S:10|M:10|L:10|XL:10"
272396,"2023-09-15 08:39:53.45","#WAH396",50.00,68.00,93.00,120.90,"2024-02-06","134714636","WH",4,,,,"","ALMA","WAH396A1",30027,6002,"2024-02-06","2024-03-06","USD",93.00,100,"3XS:20|2XS:20|XS:20|S:10|M:10|L:10|XL:10"
272397,"2023-09-15 08:39:53.45","#WAH397",50.00,68.00,93.00,120.90,"2024-02-06","134714836","WH",4,,,,"","ALMA","WAH397A1",30029,5002,"2024-02-06","2024-03-06","USD",93.00,100,"3XS:20|2XS:20|XS:20|S:10|M:10|L:10|XL:10"
272398,"2023-09-15 08:39:53.45","#WAH398",50.00,68.00,93.00,120.90,"2024-02-06","134715004","WH",4,,,,"","ALMA","WAH398A1",30045,4002,"2024-02-06","2024-03-06","USD",93.00,100,"3XS:20|2XS:20|XS:20|S:10|M:10|L:10|XL:10"
272399,"2023-09-15 08:39:53.45","#WAH399",50.00,68.00,93.00,120.90,"2024-02-06","134715203","WH",4,,,,"","ALMA","WAH399A1",30046,3002,"2024-02-06","2024-03-06","USD",93.00,100,"3XS:20|2XS:20|XS:20|S:10|M:10|L:10|XL:10"
272400,"2023-09-15 08:39:53.45","#WAH400",50.00,68.00,93.00,120.90,"2024-02-06","134708463","WH",4,,,,"","ALMA","WAH400A1",30047,1002,"2024-02-06","2024-03-06","USD",93.00,100,"3XS:20|2XS:20|XS:20|S:10|M:10|L:10|XL:10"
272401,"2023-09-15 08:39:53.45","#WAH401",50.00,68.00,93.00,120.90,"2024-02-06","134708681","WH",4,,,,"","ALMA","WAH401A1",30065,8002,"2024-02-06","2024-03-06","USD",93.00,100,"3XS:20|2XS:20|XS:20|S:10|M:10|L:10|XL:10"
272402,"2023-09-15 08:39:53.45","#WAH402",50.00,68.00,93.00,120.90,"2024-02-06","134708865","WH",4,,,,"","ALMA","WAH402A1",30066,6002,"2024-02-06","2024-03-06","USD",93.00,100,"3XS:20|2XS:20|XS:20|S:10|M:10|L:10|XL:10"
272403,"2023-09-15 08:39:53.45","#WAH403",50.00,68.00,93.00,120.90,"2024-02-06","134709080","WH",4,,,,"","ALMA","WAH403A1",30067,5002,"2024-02-06","2024-03-06","USD",93.00,100,"3XS:20|2XS:20|XS:20|S:10|M:10|L:10|XL:10"
272404,"2023-09-15 08:39:53.45","#WAH404",50.00,68.00,93.00,120.90,"2024-02-06","134701995","WH",4,,,,"","ALMA","WAH404A1",30068,4002,"2024-02-06","2024-03-06","USD",93.00,100,"3XS:20|2XS:20|XS:20|S:10|M:10|L:10|XL:10"
272405,"2023-09-15 08:39:53.45","#WAH405",50.00,68.00,93.00,120.90,"2024-02-06","134702202","WH",4,,,,"","ALMA","WAH405A1",30069,3002,"2024-02-06","2024-03-06","USD",93.00,100,"3XS:20|2XS:20|XS:20|S:10|M:10|L:10|XL:10"
272406,"2023-09-15 08:39:53.45","#WAH406",50.00,68.00,93.00,120.90,"2024-02-06","134702394","WH",4,,,,"","ALMA","WAH406A1",30070,1002,"2024-02-06","2024-03-06","USD",93.00,100,"3XS:20|2XS:20|XS:20|S:10|M:10|L:10|XL:10"
272407,"2023-09-15 08:39:53.45","#WAH407",50.00,68.00,93.00,120.90,"2024-02-06","134711608","WH",4,,,,"","ALMA","WAH407A1",30071,8002,"2024-02-06","2024-03-06","USD",93.00,100,"3XS:20|2XS:20|XS:20|S:10|M:10|L:10|XL:10"
272408,"2023-09-15 08:39:53.45","#WAH408",50.00,68.00,93.00,120.90,"2024-02-06","134711808","WH",4,,,,"","ALMA","WAH408A1",30072,6002,"2024-02-06","2024-03-06","USD",93.00,100,"3XS:20|2XS:20|XS:20|S:10|M:10|L:10|XL:10"
272409,"2023-09-15 08:39:53.45","#WAH409",50.00,68.00,93.00,120.90,"2024-02-06","134711999","WH",4,,,,"","ALMA","WAH409A1",30073,5002,"2024-02-06","2024-03-06","USD",93.00,100,"3XS:20|2XS:20|XS:20|S:10|M:10|L:10|XL:10"
272410,"2023-09-15 08:39:53.45","#WAH410",50.00,68.00,93.00,120.90,"2024-02-06","134710043","WH",4,,,,"","ALMA","WAH410A1",30074,4002,"2024-02-06","2024-03-06","USD",93.00,100,"3XS:20|2XS:20|XS:20|S:10|M:10|L:10|XL:10"
272411,"2023-09-15 08:39:53.45","#WAH411",50.00,68.00,93.00,120.90,"2024-02-06","134710231","WH",4,,,,"","ALMA","WAH411A1",30075,3002,"2024-02-06","2024-03-06","USD",93.00,100,"3XS:20|2XS:20|XS:20|S:10|M:10|L:10|XL:10"
272412,"2023-09-15 08:39:53.45","#WAH412",50.00,68.00,93.00,120.90,"2024-02-06","134710415","WH",4,,,,"","ALMA","WAH412A1",30076,1002,"2024-02-06","2024-03-06","USD",93.00,100,"3XS:20|2XS:20|XS:20|S:10|M:10|L:10|XL:10"
272413,"2023-09-15 08:39:53.45","#WAH413",50.00,68.00,93.00,120.90,"2024-02-06","134710600","WH",4,,,,"","ALMA","WAH413A1",30077,8002,"2024-02-06","2024-03-06","USD",93.00,100,"3XS:20|2XS:20|XS:20|S:10|M:10|L:10|XL:10"
272414,"2023-09-15 08:39:53.45","#WAH414",50.00,68.00,93.00,120.90,"2024-02-06","134713758","WH",4,,,,"","ALMA","WAH414A1",30078,6002,"2024-02-06","2024-03-06","USD",93.00,100,"3XS:20|2XS:20|XS:20|S:10|M:10|L:10|XL:10"
272415,"2023-09-15 08:39:53.45","#WAH415",50.00,68.00,93.00,120.90,"2024-02-06","134713791","WH",4,,,,"","ALMA","WAH415A1",30013,5002,"2024-02-06","2024-03-06","USD",93.00,100,"3XS:20|2XS:20|XS:20|S:10|M:10|L:10|XL:10"
272416,"2023-09-15 08:39:53.45","#WAH416",50.00,68.00,93.00,120.90,"2024-02-06","134713967","WH",4,,,,"","ALMA","WAH416A1",30022,4002,"2024-02-06","2024-03-06","USD",93.00,100,"3XS:20|2XS:20|XS:20|S:10|M:10|L:10|XL:10"
272417,"2023-09-15 08:39:53.45","#WAH417",50.00,68.00,93.00,120.90,"2024-02-06","134714010","WH",4,,,,"","ALMA","WAH417A1",30025,3002,"2024-02-06","2024-03-06","USD",93.00,100,"3XS:20|2XS:20|XS:20|S:10|M:10|L:10|XL:10"
272418,"2023-09-15 08:39:53.45","#WAH418",50.00,68.00,93.00,120.90,"2024-02-06","134710883","WH",4,,,,"","ALMA","WAH418A1",30026,1002,"2024-02-06","2024-03-06","USD",93.00,100,"3XS:20|2XS:20|XS:20|S:10|M:10|L:10|XL:10"
272419,"2023-09-15 08:39:53.45","#WAH419",50.00,68.00,93.00,120.90,"2024-02-06","134711088","WH",4,,,,"","ALMA","WAH419A1",30027,8002,"2024-02-06","2024-03-06","USD",93.00,100,"3XS:20|2XS:20|XS:20|S:10|M:10|L:10|XL:10"
272420,"2023-09-15 08:39:53.45","#WAH420",50.00,68.00,93.00,120.90,"2024-02-06","134711279","WH",4,,,,"","ALMA","WAH420A1",30029,6002,"2024-02-06","2024-03-06","USD",93.00,100,"3XS:20|2XS:20|XS:20|S:10|M:10|L:10|XL:10"
272421,"2023-09-15 08:39:53.45","#WAH421",50.00,68.00,93.00,120.90,"2024-02-06","134709211","WH",4,,,,"","ALMA","WAH421A1",30045,5002,"2024-02-06","2024-03-06","USD",93.00,100,"3XS:20|2XS:20|XS:20|S:10|M:10|L:10|XL:10"
272422,"2023-09-15 08:39:53.45","#WAH422",50.00,68.00,93.00,120.90,"2024-02-06","134709408","WH",4,,,,"","ALMA","WAH422A1",30046,4002,"2024-02-06","2024-03-06","USD",93.00,100,"3XS:20|2XS:20|XS:20|S:10|M:10|L:10|XL:10"
272423,"2023-09-15 08:39:53.45","#WAH423",50.00,68.00,93.00,120.90,"2024-02-06","134709633","WH",4,,,,"","ALMA","WAH423A1",30047,3002,"2024-02-06","2024-03-06","USD",93.00,100,"3XS:20|2XS:20|XS:20|S:10|M:10|L:10|XL:10"
272424,"2023-09-15 08:39:53.45","#WAH424",50.00,68.00,93.00,120.90,"2024-02-06","134715386","WH",4,,,,"","ALMA","WAH424A1",30065,1002,"2024-02-06","2024-03-06","USD",93.00,100,"3XS:20|2XS:20|XS:20|S:10|M:10|L:10|XL:10"
272425,"2023-09-15 08:39:53.45","#WAH425",50.00,68.00,93.00,120.90,"2024-02-06","134709256","WH",4,,,,"","ALMA","WAH425A1",30066,8002,"2024-02-06","2024-03-06","USD",93.00,100,"3XS:20|2XS:20|XS:20|S:10|M:10|L:10|XL:10"
272426,"2023-09-15 08:39:53.45","#WAH426",50.00,68.00,93.00,120.90,"2024-02-06","134709474","WH",4,,,,"","ALMA","WAH426A1",30067,6002,"2024-02-06","2024-03-06","USD",93.00,100,"3XS:20|2XS:20|XS:20|S:10|M:10|L:10|XL:10"
272427,"2023-09-15 08:39:53.45","#WAH427",50.00,68.00,93.00,120.90,"2024-02-06","134709644","WH",4,,,,"","ALMA","WAH427A1",30068,5002,"2024-02-06","2024-03-06","USD",93.00,100,"3XS:20|2XS:20|XS:20|S:10|M:10|L:10|XL:10"
272428,"2023-09-15 08:39:53.45","#WAH428",50.00,68.00,93.00,120.90,"2024-02-06","134702595","WH",4,,,,"","ALMA","WAH428A1",30069,4002,"2024-02-06","2024-03-06","USD",93.00,100,"3XS:20|2XS:20|XS:20|S:10|M:10|L:10|XL:10"
272429,"2023-09-15 08:39:53.45","#WAH429",50.00,68.00,93.00,120.90,"2024-02-06","134702777","WH",4,,,,"","ALMA","WAH429A1",30070,3002,"2024-02-06","2024-03-06","USD",93.00,100,"3XS:20|2XS:20|XS:20|S:10|M:10|L:10|XL:10"
272430,"2023-09-15 08:39:53.45","#WAH430",50.00,68.00,93.00,120.90,"2024-02-06","134702977","WH",4,,,,"","ALMA","WAH430A1",30071,1002,"2024-02-06","2024-03-06","USD",93.00,100,"3XS:20|2XS:20|XS:20|S:10|M:10|L:10|XL:10"
272431,"2023-09-15 08:39:53.45","#WAH431",50.00,68.00,93.00,120.90,"2024-02-06","134712199","WH",4,,,,"","ALMA","WAH431A1",30072,8002,"2024-02-06","2024-03-06","USD",93.00,100,"3XS:20|2XS:20|XS:20|S:10|M:10|L:10|XL:10"
272432,"2023-09-15 08:39:53.45","#WAH432",50.00,68.00,93.00,120.90,"2024-02-06","134712377","WH",4,,,,"","ALMA","WAH432A1",30073,6002,"2024-02-06","2024-03-06","USD",93.00,100,"3XS:20|2XS:20|XS:20|S:10|M:10|L:10|XL:10"
272433,"2023-09-15 08:39:53.45","#WAH433",50.00,68.00,93.00,120.90,"2024-02-06","134712575","WH",4,,,,"","ALMA","WAH433A1",30074,5002,"2024-02-06","2024-03-06","USD",93.00,100,"3XS:20|2XS:20|XS:20|S:10|M:10|L:10|XL:10"
272434,"2023-09-15 08:39:53.45","#WAH434",50.00,68.00,93.00,120.90,"2024-02-06","134710834","WH",4,,,,"","ALMA","WAH434A1",30075,4002,"2024-02-06","2024-03-06","USD",93.00,100,"3XS:20|2XS:20|XS:20|S:10|M:10|L:10|XL:10"
272435,"2023-09-15 08:39:53.45","#WAH435",50.00,68.00,93.00,120.90,"2024-02-06","134711018","WH",4,,,,"","ALMA","WAH435A1",30076,3002,"2024-02-06","2024-03-06","USD",93.00,100,"3XS:20|2XS:20|XS:20|S:10|M:10|L:10|XL:10"
272436,"2023-09-15 08:39:53.45","#WAH436",50.00,68.00,93.00,120.90,"2024-02-06","134711216","WH",4,,,,"","ALMA","WAH436A1",30077,1002,"2024-02-06","2024-03-06","USD",93.00,100,"3XS:20|2XS:20|XS:20|S:10|M:10|L:10|XL:10"
272437,"2023-09-15 08:39:53.45","#WAH437",50.00,68.00,93.00,120.90,"2024-02-06","134714173","WH",4,,,,"","ALMA","WAH437A1",30078,8002,"2024-02-06","2024-03-06","USD",93.00,100,"3XS:20|2XS:20|XS:20|S:10|M:10|L:10|XL:10"
272438,"2023-09-15 08:39:53.45","#WAH438",50.00,68.00,93.00,120.90,"2024-02-06","134714214","WH",4,,,,"","ALMA","WAH438A1",30013,6002,"2024-02-06","2024-03-06","USD",93.00,100,"3XS:20|2XS:20|XS:20|S:10|M:10|L:10|XL:10"
272439,"2023-09-15 08:39:53.45","#WAH439",50.00,68.00,93.00,120.90,"2024-02-06","134714389","WH",4,,,,"","ALMA","WAH439A1",30022,5002,"2024-02-06","2024-03-06","USD",93.00,100,"3XS:20|2XS:20|XS:20|S:10|M:10|L:10|XL:10"
272440,"2023-09-15 08:39:53.45","#WAH440",50.00,68.00,93.00,120.90,"2024-02-06","134711472","WH",4,,,,"","ALMA","WAH440A1",30025,4002,"2024-02-06","2024-03-06","USD",93.00,100,"3XS:20|2XS:20|XS:20|S:10|M:10|L:10|XL:10"
272441,"2023-09-15 08:39:53.45","#WAH441",50.00,68.00,93.00,120.90,"2024-02-06","134711665","WH",4,,,,"","ALMA","WAH441A1",30026,3002,"2024-02-06","2024-03-06","USD",93.00,100,"3XS:20|2XS:20|XS:20|S:10|M:10|L:10|XL:10"
272442,"2023-09-15 08:39:53.45","#WAH442",50.00,68.00,93.00,120.90,"2024-02-06","134711856","WH",4,,,,"","ALMA","WAH442A1",30027,1002,"2024-02-06","2024-03-06","USD",93.00,100,"3XS:20|2XS:20|XS:20|S:10|M:10|L:10|XL:10"
272443,"2023-09-15 08:39:53.45","#WAH443",50.00,68.00,93.00,120.90,"2024-02-06","134709832","WH",4,,,,"","ALMA","WAH443A1",30029,8002,"2024-02-06","2024-03-06","USD",93.00,100,"3XS:20|2XS:20|XS:20|S:10|M:10|L:10|XL:10"
272444,"2023-09-15 08:39:53.45","#WAH444",50.00,68.00,93.00,120.90,"2024-02-06","134710642","WH",4,,,,"","ALMA","WAH444A1",30045,6002,"2024-02-06","2024-03-06","USD",93.00,100,"3XS:20|2XS:20|XS:20|S:10|M:10|L:10|XL:10"
272445,"2023-09-15 08:39:53.45","#WAH445",50.00,68.00,93.00,120.90,"2024-02-06","134710818","WH",4,,,,"","ALMA","WAH445A1",30046,5002,"2024-02-06","2024-03-06","USD",93.00,100,"3XS:20|2XS:20|XS:20|S:10|M:10|L:10|XL:10"
272446,"2023-09-15 08:39:53.45","#WAH446",50.00,68.00,93.00,120.90,"2024-02-06","134709842","WH",4,,,,"","ALMA","WAH446A1",30047,4002,"2024-02-06","2024-03-06","USD",93.00,100,"3XS:20|2XS:20|XS:20|S:10|M:10|L:10|XL:10"
272447,"2023-09-15 08:39:53.45","#WAH447",50.00,68.00,93.00,120.90,"2024-02-06","134710040","WH",4,,,,"","ALMA","WAH447A1",30065,3002,"2024-02-06","2024-03-06","USD",93.00,100,"3XS:20|2XS:20|XS:20|S:10|M:10|L:10|XL:10"
272448,"2023-09-15 08:39:53.45","#WAH448",50.00,68.00,93.00,120.90,"2024-02-06","134710234","WH",4,,,,"","ALMA","WAH448A1",30066,1002,"2024-02-06","2024-03-06","USD",93.00,100,"3XS:20|2XS:20|XS:20|S:10|M:10|L:10|XL:10"
272449,"2023-09-15 08:39:53.45","#WAH449",50.00,68.00,93.00,120.90,"2024-02-06","134704634","WH",4,,,,"","ALMA","WAH449A1",30067,8002,"2024-02-06","2024-03-06","USD",93.00,100,"3XS:20|2XS:20|XS:20|S:10|M:10|L:10|XL:10"
272450,"2023-09-15 08:39:53.45","#WAH450",50.00,68.00,93.00,120.90,"2024-02-06","134704827","WH",4,,,,"","ALMA","WAH450A1",30068,6002,"2024-02-06","2024-03-06","USD",93.00,100,"3XS:20|2XS:20|XS:20|S:10|M:10|L:10|XL:10"
272451,"2023-09-15 08:39:53.45","#WAH451",50.00,68.00,93.00,120.90,"2024-02-06","134705005","WH",4,,,,"","ALMA","WAH451A1",30069,5002,"2024-02-06","2024-03-06","USD",93.00,100,"3XS:20|2XS:20|XS:20|S:10|M:10|L:10|XL:10"
272452,"2023-09-15 08:39:53.45","#WAH452",50.00,68.00,93.00,120.90,"2024-02-06","134712778","WH",4,,,,"","ALMA","WAH452A1",30070,4002,"2024-02-06","2024-03-06","USD",93.00,100,"3XS:20|2XS:20|XS:20|S:10|M:10|L:10|XL:10"
272453,"2023-09-15 08:39:53.45","#WAH453",50.00,68.00,93.00,120.90,"2024-02-06","134712977","WH",4,,,,"","ALMA","WAH453A1",30071,3002,"2024-02-06","2024-03-06","USD",93.00,100,"3XS:20|2XS:20|XS:20|S:10|M:10|L:10|XL:10"
272454,"2023-09-15 08:39:53.45","#WAH454",50.00,68.00,93.00,120.90,"2024-02-06","134713175","WH",4,,,,"","ALMA","WAH454A1",30072,1002,"2024-02-06","2024-03-06","USD",93.00,100,"3XS:20|2XS:20|XS:20|S:10|M:10|L:10|XL:10"
272455,"2023-09-15 08:39:53.45","#WAH455",50.00,68.00,93.00,120.90,"2024-02-06","134711407","WH",4,,,,"","ALMA","WAH455A1",30073,8002,"2024-02-06","2024-03-06","USD",93.00,100,"3XS:20|2XS:20|XS:20|S:10|M:10|L:10|XL:10"
272456,"2023-09-15 08:39:53.45","#WAH456",50.00,68.00,93.00,120.90,"2024-02-06","134711605","WH",4,,,,"","ALMA","WAH456A1",30074,6002,"2024-02-06","2024-03-06","USD",93.00,100,"3XS:20|2XS:20|XS:20|S:10|M:10|L:10|XL:10"
272457,"2023-09-15 08:39:53.45","#WAH457",50.00,68.00,93.00,120.90,"2024-02-06","134711841","WH",4,,,,"","ALMA","WAH457A1",30075,5002,"2024-02-06","2024-03-06","USD",93.00,100,"3XS:20|2XS:20|XS:20|S:10|M:10|L:10|XL:10"
272458,"2023-09-15 08:39:53.45","#WAH458",50.00,68.00,93.00,120.90,"2024-02-06","134714414","WH",4,,,,"","ALMA","WAH458A1",30076,4002,"2024-02-06","2024-03-06","USD",93.00,100,"3XS:20|2XS:20|XS:20|S:10|M:10|L:10|XL:10"
272459,"2023-09-15 08:39:53.45","#WAH459",50.00,68.00,93.00,120.90,"2024-02-06","134714606","WH",4,,,,"","ALMA","WAH459A1",30077,3002,"2024-02-06","2024-03-06","USD",93.00,100,"3XS:20|2XS:20|XS:20|S:10|M:10|L:10|XL:10"
272460,"2023-09-15 08:39:53.45","#WAH460",50.00,68.00,93.00,120.90,"2024-02-06","134714596","WH",4,,,,"","ALMA","WAH460A1",30078,1002,"2024-02-06","2024-03-06","USD",93.00,100,"3XS:20|2XS:20|XS:20|S:10|M:10|L:10|XL:10"
272461,"2023-09-15 08:39:53.45","#WAH461",50.00,68.00,93.00,120.90,"2024-02-06","134712049","WH",4,,,,"","ALMA","WAH461A1",30013,8002,"2024-02-06","2024-03-06","USD",93.00,100,"3XS:20|2XS:20|XS:20|S:10|M:10|L:10|XL:10"
272462,"2023-09-15 08:39:53.45","#WAH462",50.00,68.00,93.00,120.90,"2024-02-06","134712241","WH",4,,,,"","ALMA","WAH462A1",30022,6002,"2024-02-06","2024-03-06","USD",93.00,100,"3XS:20|2XS:20|XS:20|S:10|M:10|L:10|XL:10"
272463,"2023-09-15 08:39:53.45","#WAH463",50.00,68.00,93.00,120.90,"2024-02-06","134712418","WH",4,,,,"","ALMA","WAH463A1",30025,5002,"2024-02-06","2024-03-06","USD",93.00,100,"3XS:20|2XS:20|XS:20|S:10|M:10|L:10|XL:10"
272464,"2023-09-15 08:39:53.45","#WAH464",50.00,68.00,93.00,120.90,"2024-02-06","134711016","WH",4,,,,"","ALMA","WAH464A1",30026,4002,"2024-02-06","2024-03-06","USD",93.00,100,"3XS:20|2XS:20|XS:20|S:10|M:10|L:10|XL:10"
272465,"2023-09-15 08:39:53.45","#WAH465",50.00,68.00,93.00,120.90,"2024-02-06","134711218","WH",4,,,,"","ALMA","WAH465A1",30027,3002,"2024-02-06","2024-03-06","USD",93.00,100,"3XS:20|2XS:20|XS:20|S:10|M:10|L:10|XL:10"
272466,"2023-09-15 08:39:53.45","#WAH466",50.00,68.00,93.00,120.90,"2024-02-06","134711428","WH",4,,,,"","ALMA","WAH466A1",30029,1002,"2024-02-06","2024-03-06","USD",93.00,100,"3XS:20|2XS:20|XS:20|S:10|M:10|L:10|XL:10"
272467,"2023-09-15 08:39:53.45","#WAH467",50.00,68.00,93.00,120.90,"2024-02-06","134710424","WH",4,,,,"","ALMA","WAH467A1",30045,8002,"2024-02-06","2024-03-06","USD",93.00,100,"3XS:20|2XS:20|XS:20|S:10|M:10|L:10|XL:10"
272468,"2023-09-15 08:39:53.45","#WAH468",50.00,68.00,93.00,120.90,"2024-02-06","134710616","WH",4,,,,"","ALMA","WAH468A1",30046,6002,"2024-02-06","2024-03-06","USD",93.00,100,"3XS:20|2XS:20|XS:20|S:10|M:10|L:10|XL:10"
272469,"2023-09-15 08:39:53.45","#WAH469",50.00,68.00,93.00,120.90,"2024-02-06","134710807","WH",4,,,,"","ALMA","WAH469A1",30047,5002,"2024-02-06","2024-03-06","USD",93.00,100,"3XS:20|2XS:20|XS:20|S:10|M:10|L:10|XL:10"
272470,"2023-09-15 08:39:53.45","#WAH470",50.00,68.00,93.00,120.90,"2024-02-06","134705186","WH",4,,,,"","ALMA","WAH470A1",30065,4002,"2024-02-06","2024-03-06","USD",93.00,100,"3XS:20|2XS:20|XS:20|S:10|M:10|L:10|XL:10"
272471,"2023-09-15 08:39:53.45","#WAH471",50.00,68.00,93.00,120.90,"2024-02-06","134705387","WH",4,,,,"","ALMA","WAH471A1",30066,3002,"2024-02-06","2024-03-06","USD",93.00,100,"3XS:20|2XS:20|XS:20|S:10|M:10|L:10|XL:10"
272472,"2023-09-15 08:39:53.45","#WAH472",50.00,68.00,93.00,120.90,"2024-02-06","134705577","WH",4,,,,"","ALMA","WAH472A1",30067,1002,"2024-02-06","2024-03-06","USD",93.00,100,"3XS:20|2XS:20|XS:20|S:10|M:10|L:10|XL:10"
272473,"2023-09-15 08:39:53.45","#WAH473",50.00,68.00,93.00,120.90,"2024-02-06","134705768","WH",4,,,,"","ALMA","WAH473A1",30068,8002,"2024-02-06","2024-03-06","USD",93.00,100,"3XS:20|2XS:20|XS:20|S:10|M:10|L:10|XL:10"
272474,"2023-09-15 08:39:53.45","#WAH474",50.00,68.00,93.00,120.90,"2024-02-06","134713374","WH",4,,,,"","ALMA","WAH474A1",30069,6002,"2024-02-06","2024-03-06","USD",93.00,100,"3XS:20|2XS:20|XS:20|S:10|M:10|L:10|XL:10"
272475,"2023-09-15 08:39:53.45","#WAH475",50.00,68.00,93.00,120.90,"2024-02-06","134713567","WH",4,,,,"","ALMA","WAH475A1",30070,5002,"2024-02-06","2024-03-06","USD",93.00,100,"3XS:20|2XS:20|XS:20|S:10|M:10|L:10|XL:10"
272476,"2023-09-15 08:39:53.45","#WAH476",50.00,68.00,93.00,120.90,"2024-02-06","134713760","WH",4,,,,"","ALMA","WAH476A1",30071,4002,"2024-02-06","2024-03-06","USD",93.00,100,"3XS:20|2XS:20|XS:20|S:10|M:10|L:10|XL:10"
272477,"2023-09-15 08:39:53.45","#WAH477",50.00,68.00,93.00,120.90,"2024-02-06","134713958","WH",4,,,,"","ALMA","WAH477A1",30072,3002,"2024-02-06","2024-03-06","USD",93.00,100,"3XS:20|2XS:20|XS:20|S:10|M:10|L:10|XL:10"
272478,"2023-09-15 08:39:53.45","#WAH478",50.00,68.00,93.00,120.90,"2024-02-06","134707010","WH",4,,,,"","ALMA","WAH478A1",30073,1002,"2024-02-06","2024-03-06","USD",93.00,100,"3XS:20|2XS:20|XS:20|S:10|M:10|L:10|XL:10"
272479,"2023-09-15 08:39:53.45","#WAH479",50.00,68.00,93.00,120.90,"2024-02-06","134707208","WH",4,,,,"","ALMA","WAH479A1",30074,8002,"2024-02-06","2024-03-06","USD",93.00,100,"3XS:20|2XS:20|XS:20|S:10|M:10|L:10|XL:10"
272480,"2023-09-15 08:39:53.45","#WAH480",50.00,68.00,93.00,120.90,"2024-02-06","134707407","WH",4,,,,"","ALMA","WAH480A1",30075,6002,"2024-02-06","2024-03-06","USD",93.00,100,"3XS:20|2XS:20|XS:20|S:10|M:10|L:10|XL:10"
272481,"2023-09-15 08:39:53.45","#WAH481",50.00,68.00,93.00,120.90,"2024-02-06","134707608","WH",4,,,,"","ALMA","WAH481A1",30076,5002,"2024-02-06","2024-03-06","USD",93.00,100,"3XS:20|2XS:20|XS:20|S:10|M:10|L:10|XL:10"
272482,"2023-09-15 08:39:53.45","#WAH482",50.00,68.00,93.00,120.90,"2024-02-06","134714805","WH",4,,,,"","ALMA","WAH482A1",30077,4002,"2024-02-06","2024-03-06","USD",93.00,100,"3XS:20|2XS:20|XS:20|S:10|M:10|L:10|XL:10"
272483,"2023-09-15 08:39:53.45","#WAH483",50.00,68.00,93.00,120.90,"2024-02-06","134714803","WH",4,,,,"","ALMA","WAH483A1",30078,3002,"2024-02-06","2024-03-06","USD",93.00,100,"3XS:20|2XS:20|XS:20|S:10|M:10|L:10|XL:10"
272484,"2023-09-15 08:39:53.45","#WAH484",50.00,68.00,93.00,120.90,"2024-02-06","134715006","WH",4,,,,"","ALMA","WAH484A1",30013,1002,"2024-02-06","2024-03-06","USD",93.00,100,"3XS:20|2XS:20|XS:20|S:10|M:10|L:10|XL:10"
272485,"2023-09-15 08:39:53.45","#WAH485",50.00,68.00,93.00,120.90,"2024-02-06","134702395","WH",4,,,,"","ALMA","WAH485A1",30022,8002,"2024-02-06","2024-03-06","USD",93.00,100,"3XS:20|2XS:20|XS:20|S:10|M:10|L:10|XL:10"
272486,"2023-09-15 08:39:53.45","#WAH486",50.00,68.00,93.00,120.90,"2024-02-06","134702592","WH",4,,,,"","ALMA","WAH486A1",30025,6002,"2024-02-06","2024-03-06","USD",93.00,100,"3XS:20|2XS:20|XS:20|S:10|M:10|L:10|XL:10"
272487,"2023-09-15 08:39:53.45","#WAH487",50.00,68.00,93.00,120.90,"2024-02-06","134702802","WH",4,,,,"","ALMA","WAH487A1",30026,5002,"2024-02-06","2024-03-06","USD",93.00,100,"3XS:20|2XS:20|XS:20|S:10|M:10|L:10|XL:10"
272488,"2023-09-15 08:39:53.45","#WAH488",50.00,68.00,93.00,120.90,"2024-02-06","134703009","WH",4,,,,"","ALMA","WAH488A1",30027,4002,"2024-02-06","2024-03-06","USD",93.00,100,"3XS:20|2XS:20|XS:20|S:10|M:10|L:10|XL:10"
272489,"2023-09-15 08:39:53.45","#WAH489",50.00,68.00,93.00,120.90,"2024-02-06","134712618","WH",4,,,,"","ALMA","WAH489A1",30029,3002,"2024-02-06","2024-03-06","USD",93.00,100,"3XS:20|2XS:20|XS:20|S:10|M:10|L:10|XL:10"
272490,"2023-09-15 08:39:53.45","#WAH490",50.00,68.00,93.00,120.90,"2024-02-06","134712839","WH",4,,,,"","ALMA","WAH490A1",30045,1002,"2024-02-06","2024-03-06","USD",93.00,100,"3XS:20|2XS:20|XS:20|S:10|M:10|L:10|XL:10"
272491,"2023-09-15 08:39:53.45","#WAH491",50.00,68.00,93.00,120.90,"2024-02-06","134713024","WH",4,,,,"","ALMA","WAH491A1",30046,8002,"2024-02-06","2024-03-06","USD",93.00,100,"3XS:20|2XS:20|XS:20|S:10|M:10|L:10|XL:10"
272492,"2023-09-15 08:39:53.45","#WAH492",50.00,68.00,93.00,120.90,"2024-02-06","134713217","WH",4,,,,"","ALMA","WAH492A1",30047,6002,"2024-02-06","2024-03-06","USD",93.00,100,"3XS:20|2XS:20|XS:20|S:10|M:10|L:10|XL:10"
272493,"2023-09-15 08:39:53.45","#WAH493",50.00,68.00,93.00,120.90,"2024-02-06","134700744","WH",4,,,,"","ALMA","WAH493A1",30065,5002,"2024-02-06","2024-03-06","USD",93.00,100,"3XS:20|2XS:20|XS:20|S:10|M:10|L:10|XL:10"
272494,"2023-09-15 08:39:53.45","#WAH494",50.00,68.00,93.00,120.90,"2024-02-06","134700943","WH",4,,,,"","ALMA","WAH494A1",30066,4002,"2024-02-06","2024-03-06","USD",93.00,100,"3XS:20|2XS:20|XS:20|S:10|M:10|L:10|XL:10"
272495,"2023-09-15 08:39:53.45","#WAH495",50.00,68.00,93.00,120.90,"2024-02-06","134701144","WH",4,,,,"","ALMA","WAH495A1",30067,3002,"2024-02-06","2024-03-06","USD",93.00,100,"3XS:20|2XS:20|XS:20|S:10|M:10|L:10|XL:10"
272496,"2023-09-15 08:39:53.45","#WAH496",50.00,68.00,93.00,120.90,"2024-02-06","134701335","WH",4,,,,"","ALMA","WAH496A1",30068,1002,"2024-02-06","2024-03-06","USD",93.00,100,"3XS:20|2XS:20|XS:20|S:10|M:10|L:10|XL:10"
272497,"2023-09-15 08:39:53.45","#WAH497",50.00,68.00,93.00,120.90,"2024-02-06","134711611","WH",4,,,,"","ALMA","WAH497A1",30069,8002,"2024-02-06","2024-03-06","USD",93.00,100,"3XS:20|2XS:20|XS:20|S:10|M:10|L:10|XL:10"
272498,"2023-09-15 08:39:53.45","#WAH498",50.00,68.00,93.00,120.90,"2024-02-06","134711809","WH",4,,,,"","ALMA","WAH498A1",30070,6002,"2024-02-06","2024-03-06","USD",93.00,100,"3XS:20|2XS:20|XS:20|S:10|M:10|L:10|XL:10"
272499,"2023-09-15 08:39:53.45","#WAH499",50.00,68.00,93.00,120.90,"2024-02-06","134712001","WH",4,,,,"","ALMA","WAH499A1",30071,5002,"2024-02-06","2024-03-06","USD",93.00,100,"3XS:20|2XS:20|XS:20|S:10|M:10|L:10|XL:10"
272500,"2023-09-15 08:39:53.45","#WAH500",50.00,68.00,93.00,120.90,"2024-02-06","134712200","WH",4,,,,"","ALMA","WAH500A1",30072,4002,"2024-02-06","2024-03-06","USD",93.00,100,"3XS:20|2XS:20|XS:20|S:10|M:10|L:10|XL:10"
272501,"2023-09-15 08:39:53.45","#WAH501",50.00,68.00,93.00,120.90,"2024-02-06","134700782","WH",4,,,,"","ALMA","WAH501A1",30073,3002,"2024-02-06","2024-03-06","USD",93.00,100,"3XS:20|2XS:20|XS:20|S:10|M:10|L:10|XL:10"
272502,"2023-09-15 08:39:53.45","#WAH502",50.00,68.00,93.00,120.90,"2024-02-06","134701006","WH",4,,,,"","ALMA","WAH502A1",30074,1002,"2024-02-06","2024-03-06","USD",93.00,100,"3XS:20|2XS:20|XS:20|S:10|M:10|L:10|XL:10"
272503,"2023-09-15 08:39:53.45","#WAH503",50.00,68.00,93.00,120.90,"2024-02-06","134701189","WH",4,,,,"","ALMA","WAH503A1",30075,8002,"2024-02-06","2024-03-06","USD",93.00,100,"3XS:20|2XS:20|XS:20|S:10|M:10|L:10|XL:10"
272504,"2023-09-15 08:39:53.45","#WAH504",50.00,68.00,93.00,120.90,"2024-02-06","134701399","WH",4,,,,"","ALMA","WAH504A1",30076,6002,"2024-02-06","2024-03-06","USD",93.00,100,"3XS:20|2XS:20|XS:20|S:10|M:10|L:10|XL:10"
272505,"2023-09-15 08:39:53.45","#WAH505",50.00,68.00,93.00,120.90,"2024-02-06","134700778","WH",4,,,,"","ALMA","WAH505A1",30077,5002,"2024-02-06","2024-03-06","USD",93.00,100,"3XS:20|2XS:20|XS:20|S:10|M:10|L:10|XL:10"
272506,"2023-09-15 08:39:53.45","#WAH506",50.00,68.00,93.00,120.90,"2024-02-06","134700985","WH",4,,,,"","ALMA","WAH506A1",30078,4002,"2024-02-06","2024-03-06","USD",93.00,100,"3XS:20|2XS:20|XS:20|S:10|M:10|L:10|XL:10"
272507,"2023-09-15 08:39:53.45","#WAH507",50.00,68.00,93.00,120.90,"2024-02-06","134701186","WH",4,,,,"","ALMA","WAH507A1",30013,3002,"2024-02-06","2024-03-06","USD",93.00,100,"3XS:20|2XS:20|XS:20|S:10|M:10|L:10|XL:10"
272508,"2023-09-15 08:39:53.45","#WAH508",50.00,68.00,93.00,120.90,"2024-02-06","134701369","WH",4,,,,"","ALMA","WAH508A1",30022,1002,"2024-02-06","2024-03-06","USD",93.00,100,"3XS:20|2XS:20|XS:20|S:10|M:10|L:10|XL:10"
272509,"2023-09-15 08:39:53.45","#WAH509",50.00,68.00,93.00,120.90,"2024-02-06","134700780","WH",4,,,,"","ALMA","WAH509A1",30025,8002,"2024-02-06","2024-03-06","USD",93.00,100,"3XS:20|2XS:20|XS:20|S:10|M:10|L:10|XL:10"
272510,"2023-09-15 08:39:53.45","#WAH510",50.00,68.00,93.00,120.90,"2024-02-06","134700977","WH",4,,,,"","ALMA","WAH510A1",30026,6002,"2024-02-06","2024-03-06","USD",93.00,100,"3XS:20|2XS:20|XS:20|S:10|M:10|L:10|XL:10"
272511,"2023-09-15 08:39:53.45","#WAH511",50.00,68.00,93.00,120.90,"2024-02-06","134701185","WH",4,,,,"","ALMA","WAH511A1",30027,5002,"2024-02-06","2024-03-06","USD",93.00,100,"3XS:20|2XS:20|XS:20|S:10|M:10|L:10|XL:10"
272512,"2023-09-15 08:39:53.45","#WAH512",50.00,68.00,93.00,120.90,"2024-02-06","134701379","WH",4,,,,"","ALMA","WAH512A1",30029,4002,"2024-02-06","2024-03-06","USD",93.00,100,"3XS:20|2XS:20|XS:20|S:10|M:10|L:10|XL:10"
272513,"2023-09-15 08:39:53.45","#WAH513",50.00,68.00,93.00,120.90,"2024-02-06","134711013","WH",4,,,,"","ALMA","WAH513A1",30045,3002,"2024-02-06","2024-03-06","USD",93.00,100,"3XS:20|2XS:20|XS:20|S:10|M:10|L:10|XL:10"
272514,"2023-09-15 08:39:53.45","#WAH514",50.00,68.00,93.00,120.90,"2024-02-06","134711235","WH",4,,,,"","ALMA","WAH514A1",30046,1002,"2024-02-06","2024-03-06","USD",93.00,100,"3XS:20|2XS:20|XS:20|S:10|M:10|L:10|XL:10"
272515,"2023-09-15 08:39:53.45","#WAH515",50.00,68.00,93.00,120.90,"2024-02-06","134711427","WH",4,,,,"","ALMA","WAH515A1",30047,8002,"2024-02-06","2024-03-06","USD",93.00,100,"3XS:20|2XS:20|XS:20|S:10|M:10|L:10|XL:10"
272516,"2023-09-15 08:39:53.45","#WAH516",50.00,68.00,93.00,120.90,"2024-02-06","134711627","WH",4,,,,"","ALMA","WAH516A1",30065,6002,"2024-02-06","2024-03-06","USD",93.00,100,"3XS:20|2XS:20|XS:20|S:10|M:10|L:10|XL:10"
272517,"2023-09-15 08:39:53.45","#WAH517",50.00,68.00,93.00,120.90,"2024-02-06","134705968","WH",4,,,,"","ALMA","WAH517A1",30066,5002,"2024-02-06","2024-03-06","USD",93.00,100,"3XS:20|2XS:20|XS:20|S:10|M:10|L:10|XL:10"
272518,"2023-09-15 08:39:53.45","#WAH518",50.00,68.00,93.00,120.90,"2024-02-06","134706160","WH",4,,,,"","ALMA","WAH518A1",30067,4002,"2024-02-06","2024-03-06","USD",93.00,100,"3XS:20|2XS:20|XS:20|S:10|M:10|L:10|XL:10"
272519,"2023-09-15 08:39:53.45","#WAH519",50.00,68.00,93.00,120.90,"2024-02-06","134706363","WH",4,,,,"","ALMA","WAH519A1",30068,3002,"2024-02-06","2024-03-06","USD",93.00,100,"3XS:20|2XS:20|XS:20|S:10|M:10|L:10|XL:10"
272520,"2023-09-15 08:39:53.45","#WAH520",50.00,68.00,93.00,120.90,"2024-02-06","134714158","WH",4,,,,"","ALMA","WAH520A1",30069,1002,"2024-02-06","2024-03-06","USD",93.00,100,"3XS:20|2XS:20|XS:20|S:10|M:10|L:10|XL:10"
272521,"2023-09-15 08:39:53.45","#WAH521",50.00,68.00,93.00,120.90,"2024-02-06","134714358","WH",4,,,,"","ALMA","WAH521A1",30070,8002,"2024-02-06","2024-03-06","USD",93.00,100,"3XS:20|2XS:20|XS:20|S:10|M:10|L:10|XL:10"
272522,"2023-09-15 08:39:53.45","#WAH522",50.00,68.00,93.00,120.90,"2024-02-06","134714544","WH",4,,,,"","ALMA","WAH522A1",30071,6002,"2024-02-06","2024-03-06","USD",93.00,100,"3XS:20|2XS:20|XS:20|S:10|M:10|L:10|XL:10"
272523,"2023-09-15 08:39:53.45","#WAH523",50.00,68.00,93.00,120.90,"2024-02-06","134707825","WH",4,,,,"","ALMA","WAH523A1",30072,5002,"2024-02-06","2024-03-06","USD",93.00,100,"3XS:20|2XS:20|XS:20|S:10|M:10|L:10|XL:10"
272524,"2023-09-15 08:39:53.45","#WAH524",50.00,68.00,93.00,120.90,"2024-02-06","134708009","WH",4,,,,"","ALMA","WAH524A1",30073,4002,"2024-02-06","2024-03-06","USD",93.00,100,"3XS:20|2XS:20|XS:20|S:10|M:10|L:10|XL:10"
272525,"2023-09-15 08:39:53.45","#WAH525",50.00,68.00,93.00,120.90,"2024-02-06","134708210","WH",4,,,,"","ALMA","WAH525A1",30074,3002,"2024-02-06","2024-03-06","USD",93.00,100,"3XS:20|2XS:20|XS:20|S:10|M:10|L:10|XL:10"
272526,"2023-09-15 08:39:53.45","#WAH526",50.00,68.00,93.00,120.90,"2024-02-06","134715005","WH",4,,,,"","ALMA","WAH526A1",30075,1002,"2024-02-06","2024-03-06","USD",93.00,100,"3XS:20|2XS:20|XS:20|S:10|M:10|L:10|XL:10"
272527,"2023-09-15 08:39:53.45","#WAH527",50.00,68.00,93.00,120.90,"2024-02-06","134715242","WH",4,,,,"","ALMA","WAH527A1",30076,8002,"2024-02-06","2024-03-06","USD",93.00,100,"3XS:20|2XS:20|XS:20|S:10|M:10|L:10|XL:10"
272528,"2023-09-15 08:39:53.45","#WAH528",50.00,68.00,93.00,120.90,"2024-02-06","134715241","WH",4,,,,"","ALMA","WAH528A1",30077,6002,"2024-02-06","2024-03-06","USD",93.00,100,"3XS:20|2XS:20|XS:20|S:10|M:10|L:10|XL:10"
272529,"2023-09-15 08:39:53.45","#WAH529",50.00,68.00,93.00,120.90,"2024-02-06","134715462","WH",4,,,,"","ALMA","WAH529A1",30078,5002,"2024-02-06","2024-03-06","USD",93.00,100,"3XS:20|2XS:20|XS:20|S:10|M:10|L:10|XL:10"
272530,"2023-09-15 08:39:53.45","#WAH530",50.00,68.00,93.00,120.90,"2024-02-06","134715471","WH",4,,,,"","ALMA","WAH530A1",30013,4002,"2024-02-06","2024-03-06","USD",93.00,100,"3XS:20|2XS:20|XS:20|S:10|M:10|L:10|XL:10"
272531,"2023-09-15 08:39:53.45","#WAH531",50.00,68.00,93.00,120.90,"2024-02-06","134703208","WH",4,,,,"","ALMA","WAH531A1",30022,3002,"2024-02-06","2024-03-06","USD",93.00,100,"3XS:20|2XS:20|XS:20|S:10|M:10|L:10|XL:10"
272532,"2023-09-15 08:39:53.45","#WAH532",50.00,68.00,93.00,120.90,"2024-02-06","134703423","WH",4,,,,"","ALMA","WAH532A1",30025,1002,"2024-02-06","2024-03-06","USD",93.00,100,"3XS:20|2XS:20|XS:20|S:10|M:10|L:10|XL:10"
272533,"2023-09-15 08:39:53.45","#WAH533",50.00,68.00,93.00,120.90,"2024-02-06","134703607","WH",4,,,,"","ALMA","WAH533A1",30026,8002,"2024-02-06","2024-03-06","USD",93.00,100,"3XS:20|2XS:20|XS:20|S:10|M:10|L:10|XL:10"
272534,"2023-09-15 08:39:53.45","#WAH534",50.00,68.00,93.00,120.90,"2024-02-06","134713403","WH",4,,,,"","ALMA","WAH534A1",30027,6002,"2024-02-06","2024-03-06","USD",93.00,100,"3XS:20|2XS:20|XS:20|S:10|M:10|L:10|XL:10"
272535,"2023-09-15 08:39:53.45","#WAH535",50.00,68.00,93.00,120.90,"2024-02-06","134713592","WH",4,,,,"","ALMA","WAH535A1",30029,5002,"2024-02-06","2024-03-06","USD",93.00,100,"3XS:20|2XS:20|XS:20|S:10|M:10|L:10|XL:10"
272536,"2023-09-15 08:39:53.45","#WAH536",50.00,68.00,93.00,120.90,"2024-02-06","134713790","WH",4,,,,"","ALMA","WAH536A1",30045,4002,"2024-02-06","2024-03-06","USD",93.00,100,"3XS:20|2XS:20|XS:20|S:10|M:10|L:10|XL:10"
272537,"2023-09-15 08:39:53.45","#WAH537",50.00,68.00,93.00,120.90,"2024-02-06","134701519","WH",4,,,,"","ALMA","WAH537A1",30046,3002,"2024-02-06","2024-03-06","USD",93.00,100,"3XS:20|2XS:20|XS:20|S:10|M:10|L:10|XL:10"
272538,"2023-09-15 08:39:53.45","#WAH538",50.00,68.00,93.00,120.90,"2024-02-06","134701719","WH",4,,,,"","ALMA","WAH538A1",30047,1002,"2024-02-06","2024-03-06","USD",93.00,100,"3XS:20|2XS:20|XS:20|S:10|M:10|L:10|XL:10"
272539,"2023-09-15 08:39:53.45","#WAH539",50.00,68.00,93.00,120.90,"2024-02-06","134701918","WH",4,,,,"","ALMA","WAH539A1",30065,8002,"2024-02-06","2024-03-06","USD",93.00,100,"3XS:20|2XS:20|XS:20|S:10|M:10|L:10|XL:10"
272540,"2023-09-15 08:39:53.45","#WAH540",50.00,68.00,93.00,120.90,"2024-02-06","134712417","WH",4,,,,"","ALMA","WAH540A1",30066,6002,"2024-02-06","2024-03-06","USD",93.00,100,"3XS:20|2XS:20|XS:20|S:10|M:10|L:10|XL:10"
272541,"2023-09-15 08:39:53.45","#WAH541",50.00,68.00,93.00,120.90,"2024-02-06","134712594","WH",4,,,,"","ALMA","WAH541A1",30067,5002,"2024-02-06","2024-03-06","USD",93.00,100,"3XS:20|2XS:20|XS:20|S:10|M:10|L:10|XL:10"
272542,"2023-09-15 08:39:53.45","#WAH542",50.00,68.00,93.00,120.90,"2024-02-06","134712777","WH",4,,,,"","ALMA","WAH542A1",30068,4002,"2024-02-06","2024-03-06","USD",93.00,100,"3XS:20|2XS:20|XS:20|S:10|M:10|L:10|XL:10"
272543,"2023-09-15 08:39:53.45","#WAH543",50.00,68.00,93.00,120.90,"2024-02-06","134701589","WH",4,,,,"","ALMA","WAH543A1",30069,3002,"2024-02-06","2024-03-06","USD",93.00,100,"3XS:20|2XS:20|XS:20|S:10|M:10|L:10|XL:10"
272544,"2023-09-15 08:39:53.45","#WAH544",50.00,68.00,93.00,120.90,"2024-02-06","134701804","WH",4,,,,"","ALMA","WAH544A1",30070,1002,"2024-02-06","2024-03-06","USD",93.00,100,"3XS:20|2XS:20|XS:20|S:10|M:10|L:10|XL:10"
272545,"2023-09-15 08:39:53.45","#WAH545",50.00,68.00,93.00,120.90,"2024-02-06","134701993","WH",4,,,,"","ALMA","WAH545A1",30071,8002,"2024-02-06","2024-03-06","USD",93.00,100,"3XS:20|2XS:20|XS:20|S:10|M:10|L:10|XL:10"
272546,"2023-09-15 08:39:53.45","#WAH546",50.00,68.00,93.00,120.90,"2024-02-06","134701578","WH",4,,,,"","ALMA","WAH546A1",30072,6002,"2024-02-06","2024-03-06","USD",93.00,100,"3XS:20|2XS:20|XS:20|S:10|M:10|L:10|XL:10"
272547,"2023-09-15 08:39:53.45","#WAH547",50.00,68.00,93.00,120.90,"2024-02-06","134701778","WH",4,,,,"","ALMA","WAH547A1",30073,5002,"2024-02-06","2024-03-06","USD",93.00,100,"3XS:20|2XS:20|XS:20|S:10|M:10|L:10|XL:10"
272548,"2023-09-15 08:39:53.45","#WAH548",50.00,68.00,93.00,120.90,"2024-02-06","134701961","WH",4,,,,"","ALMA","WAH548A1",30074,4002,"2024-02-06","2024-03-06","USD",93.00,100,"3XS:20|2XS:20|XS:20|S:10|M:10|L:10|XL:10"
272549,"2023-09-15 08:39:53.45","#WAH549",50.00,68.00,93.00,120.90,"2024-02-06","134701577","WH",4,,,,"","ALMA","WAH549A1",30075,3002,"2024-02-06","2024-03-06","USD",93.00,100,"3XS:20|2XS:20|XS:20|S:10|M:10|L:10|XL:10"
272550,"2023-09-15 08:39:53.45","#WAH550",50.00,68.00,93.00,120.90,"2024-02-06","134701777","WH",4,,,,"","ALMA","WAH550A1",30076,1002,"2024-02-06","2024-03-06","USD",93.00,100,"3XS:20|2XS:20|XS:20|S:10|M:10|L:10|XL:10"
272551,"2023-09-15 08:39:53.45","#WAH551",50.00,68.00,93.00,120.90,"2024-02-06","134701946","WH",4,,,,"","ALMA","WAH551A1",30077,8002,"2024-02-06","2024-03-06","USD",93.00,100,"3XS:20|2XS:20|XS:20|S:10|M:10|L:10|XL:10"
272552,"2023-09-15 08:39:53.45","#WAH552",50.00,68.00,93.00,120.90,"2024-02-06","134711811","WH",4,,,,"","ALMA","WAH552A1",30078,6002,"2024-02-06","2024-03-06","USD",93.00,100,"3XS:20|2XS:20|XS:20|S:10|M:10|L:10|XL:10"
272553,"2023-09-15 08:39:53.45","#WAH553",50.00,68.00,93.00,120.90,"2024-02-06","134712010","WH",4,,,,"","ALMA","WAH553A1",30013,5002,"2024-02-06","2024-03-06","USD",93.00,100,"3XS:20|2XS:20|XS:20|S:10|M:10|L:10|XL:10"
272554,"2023-09-15 08:39:53.45","#WAH554",50.00,68.00,93.00,120.90,"2024-02-06","134712202","WH",4,,,,"","ALMA","WAH554A1",30022,4002,"2024-02-06","2024-03-06","USD",93.00,100,"3XS:20|2XS:20|XS:20|S:10|M:10|L:10|XL:10"
272555,"2023-09-15 08:39:53.45","#WAH555",50.00,68.00,93.00,120.90,"2024-02-06","134706561","WH",4,,,,"","ALMA","WAH555A1",30025,3002,"2024-02-06","2024-03-06","USD",93.00,100,"3XS:20|2XS:20|XS:20|S:10|M:10|L:10|XL:10"
272556,"2023-09-15 08:39:53.45","#WAH556",50.00,68.00,93.00,120.90,"2024-02-06","134706768","WH",4,,,,"","ALMA","WAH556A1",30026,1002,"2024-02-06","2024-03-06","USD",93.00,100,"3XS:20|2XS:20|XS:20|S:10|M:10|L:10|XL:10"
272557,"2023-09-15 08:39:53.45","#WAH557",50.00,68.00,93.00,120.90,"2024-02-06","134706958","WH",4,,,,"","ALMA","WAH557A1",30027,8002,"2024-02-06","2024-03-06","USD",93.00,100,"3XS:20|2XS:20|XS:20|S:10|M:10|L:10|XL:10"
272558,"2023-09-15 08:39:53.45","#WAH558",50.00,68.00,93.00,120.90,"2024-02-06","134714744","WH",4,,,,"","ALMA","WAH558A1",30029,6002,"2024-02-06","2024-03-06","USD",93.00,100,"3XS:20|2XS:20|XS:20|S:10|M:10|L:10|XL:10"
272559,"2023-09-15 08:39:53.45","#WAH559",50.00,68.00,93.00,120.90,"2024-02-06","134714937","WH",4,,,,"","ALMA","WAH559A1",30045,5002,"2024-02-06","2024-03-06","USD",93.00,100,"3XS:20|2XS:20|XS:20|S:10|M:10|L:10|XL:10"
272560,"2023-09-15 08:39:53.45","#WAH560",50.00,68.00,93.00,120.90,"2024-02-06","134715123","WH",4,,,,"","ALMA","WAH560A1",30046,4002,"2024-02-06","2024-03-06","USD",93.00,100,"3XS:20|2XS:20|XS:20|S:10|M:10|L:10|XL:10"
272561,"2023-09-15 08:39:53.45","#WAH561",50.00,68.00,93.00,120.90,"2024-02-06","134708416","WH",4,,,,"","ALMA","WAH561A1",30047,3002,"2024-02-06","2024-03-06","USD",93.00,100,"3XS:20|2XS:20|XS:20|S:10|M:10|L:10|XL:10"
272562,"2023-09-15 08:39:53.45","#WAH562",50.00,68.00,93.00,120.90,"2024-02-06","134708619","WH",4,,,,"","ALMA","WAH562A1",30065,1002,"2024-02-06","2024-03-06","USD",93.00,100,"3XS:20|2XS:20|XS:20|S:10|M:10|L:10|XL:10"
272563,"2023-09-15 08:39:53.45","#WAH563",50.00,68.00,93.00,120.90,"2024-02-06","134708834","WH",4,,,,"","ALMA","WAH563A1",30066,8002,"2024-02-06","2024-03-06","USD",93.00,100,"3XS:20|2XS:20|XS:20|S:10|M:10|L:10|XL:10"
272564,"2023-09-15 08:39:53.45","#WAH564",50.00,68.00,93.00,120.90,"2024-02-06","134715621","WH",4,,,,"","ALMA","WAH564A1",30067,6002,"2024-02-06","2024-03-06","USD",93.00,100,"3XS:20|2XS:20|XS:20|S:10|M:10|L:10|XL:10"
272565,"2023-09-15 08:39:53.45","#WAH565",50.00,68.00,93.00,120.90,"2024-02-06","134715623","WH",4,,,,"","ALMA","WAH565A1",30068,5002,"2024-02-06","2024-03-06","USD",93.00,100,"3XS:20|2XS:20|XS:20|S:10|M:10|L:10|XL:10"
272566,"2023-09-15 08:39:53.45","#WAH566",50.00,68.00,93.00,120.90,"2024-02-06","134703808","WH",4,,,,"","ALMA","WAH566A1",30069,4002,"2024-02-06","2024-03-06","USD",93.00,100,"3XS:20|2XS:20|XS:20|S:10|M:10|L:10|XL:10"
272567,"2023-09-15 08:39:53.45","#WAH567",50.00,68.00,93.00,120.90,"2024-02-06","134704008","WH",4,,,,"","ALMA","WAH567A1",30070,3002,"2024-02-06","2024-03-06","USD",93.00,100,"3XS:20|2XS:20|XS:20|S:10|M:10|L:10|XL:10"
272568,"2023-09-15 08:39:53.45","#WAH568",50.00,68.00,93.00,120.90,"2024-02-06","134704214","WH",4,,,,"","ALMA","WAH568A1",30071,1002,"2024-02-06","2024-03-06","USD",93.00,100,"3XS:20|2XS:20|XS:20|S:10|M:10|L:10|XL:10"
272569,"2023-09-15 08:39:53.45","#WAH569",50.00,68.00,93.00,120.90,"2024-02-06","134713990","WH",4,,,,"","ALMA","WAH569A1",30072,8002,"2024-02-06","2024-03-06","USD",93.00,100,"3XS:20|2XS:20|XS:20|S:10|M:10|L:10|XL:10"
272570,"2023-09-15 08:39:53.45","#WAH570",50.00,68.00,93.00,120.90,"2024-02-06","134714176","WH",4,,,,"","ALMA","WAH570A1",30073,6002,"2024-02-06","2024-03-06","USD",93.00,100,"3XS:20|2XS:20|XS:20|S:10|M:10|L:10|XL:10"
272571,"2023-09-15 08:39:53.45","#WAH571",50.00,68.00,93.00,120.90,"2024-02-06","134714374","WH",4,,,,"","ALMA","WAH571A1",30074,5002,"2024-02-06","2024-03-06","USD",93.00,100,"3XS:20|2XS:20|XS:20|S:10|M:10|L:10|XL:10"
272572,"2023-09-15 08:39:53.45","#WAH572",50.00,68.00,93.00,120.90,"2024-02-06","134702112","WH",4,,,,"","ALMA","WAH572A1",30075,4002,"2024-02-06","2024-03-06","USD",93.00,100,"3XS:20|2XS:20|XS:20|S:10|M:10|L:10|XL:10"
272573,"2023-09-15 08:39:53.45","#WAH573",50.00,68.00,93.00,120.90,"2024-02-06","134702312","WH",4,,,,"","ALMA","WAH573A1",30076,3002,"2024-02-06","2024-03-06","USD",93.00,100,"3XS:20|2XS:20|XS:20|S:10|M:10|L:10|XL:10"
272574,"2023-09-15 08:39:53.45","#WAH574",50.00,68.00,93.00,120.90,"2024-02-06","134702519","WH",4,,,,"","ALMA","WAH574A1",30077,1002,"2024-02-06","2024-03-06","USD",93.00,100,"3XS:20|2XS:20|XS:20|S:10|M:10|L:10|XL:10"
272575,"2023-09-15 08:39:53.45","#WAH575",50.00,68.00,93.00,120.90,"2024-02-06","134712976","WH",4,,,,"","ALMA","WAH575A1",30078,8002,"2024-02-06","2024-03-06","USD",93.00,100,"3XS:20|2XS:20|XS:20|S:10|M:10|L:10|XL:10"
272576,"2023-09-15 08:39:53.45","#WAH576",50.00,68.00,93.00,120.90,"2024-02-06","134713185","WH",4,,,,"","ALMA","WAH576A1",30013,6002,"2024-02-06","2024-03-06","USD",93.00,100,"3XS:20|2XS:20|XS:20|S:10|M:10|L:10|XL:10"
272577,"2023-09-15 08:39:53.45","#WAH577",50.00,68.00,93.00,120.90,"2024-02-06","134713384","WH",4,,,,"","ALMA","WAH577A1",30022,5002,"2024-02-06","2024-03-06","USD",93.00,100,"3XS:20|2XS:20|XS:20|S:10|M:10|L:10|XL:10"
272578,"2023-09-15 08:39:53.45","#WAH578",50.00,68.00,93.00,120.90,"2024-02-06","134702193","WH",4,,,,"","ALMA","WAH578A1",30025,4002,"2024-02-06","2024-03-06","USD",93.00,100,"3XS:20|2XS:20|XS:20|S:10|M:10|L:10|XL:10"
272579,"2023-09-15 08:39:53.45","#WAH579",50.00,68.00,93.00,120.90,"2024-02-06","134702137","WH",4,,,,"","ALMA","WAH579A1",30026,3002,"2024-02-06","2024-03-06","USD",93.00,100,"3XS:20|2XS:20|XS:20|S:10|M:10|L:10|XL:10"
272580,"2023-09-15 08:39:53.45","#WAH580",50.00,68.00,93.00,120.90,"2024-02-06","134702361","WH",4,,,,"","ALMA","WAH580A1",30027,1002,"2024-02-06","2024-03-06","USD",93.00,100,"3XS:20|2XS:20|XS:20|S:10|M:10|L:10|XL:10"
272581,"2023-09-15 08:39:53.45","#WAH581",50.00,68.00,93.00,120.90,"2024-02-06","134702545","WH",4,,,,"","ALMA","WAH581A1",30029,8002,"2024-02-06","2024-03-06","USD",93.00,100,"3XS:20|2XS:20|XS:20|S:10|M:10|L:10|XL:10"
272582,"2023-09-15 08:39:53.45","#WAH582",50.00,68.00,93.00,120.90,"2024-02-06","134702146","WH",4,,,,"","ALMA","WAH582A1",30045,6002,"2024-02-06","2024-03-06","USD",93.00,100,"3XS:20|2XS:20|XS:20|S:10|M:10|L:10|XL:10"
272583,"2023-09-15 08:39:53.45","#WAH583",50.00,68.00,93.00,120.90,"2024-02-06","134702353","WH",4,,,,"","ALMA","WAH583A1",30046,5002,"2024-02-06","2024-03-06","USD",93.00,100,"3XS:20|2XS:20|XS:20|S:10|M:10|L:10|XL:10"
272584,"2023-09-15 08:39:53.45","#WAH584",50.00,68.00,93.00,120.90,"2024-02-06","134702546","WH",4,,,,"","ALMA","WAH584A1",30047,4002,"2024-02-06","2024-03-06","USD",93.00,100,"3XS:20|2XS:20|XS:20|S:10|M:10|L:10|XL:10"
272585,"2023-09-15 08:39:53.45","#WAH585",50.00,68.00,93.00,120.90,"2024-02-06","134712393","WH",4,,,,"","ALMA","WAH585A1",30065,3002,"2024-02-06","2024-03-06","USD",93.00,100,"3XS:20|2XS:20|XS:20|S:10|M:10|L:10|XL:10"
272586,"2023-09-15 08:39:53.45","#WAH586",50.00,68.00,93.00,120.90,"2024-02-06","134712577","WH",4,,,,"","ALMA","WAH586A1",30066,1002,"2024-02-06","2024-03-06","USD",93.00,100,"3XS:20|2XS:20|XS:20|S:10|M:10|L:10|XL:10"
272587,"2023-09-15 08:39:53.45","#WAH587",50.00,68.00,93.00,120.90,"2024-02-06","134712780","WH",4,,,,"","ALMA","WAH587A1",30067,8002,"2024-02-06","2024-03-06","USD",93.00,100,"3XS:20|2XS:20|XS:20|S:10|M:10|L:10|XL:10"
272588,"2023-09-15 08:39:53.45","#WAH588",50.00,68.00,93.00,120.90,"2024-02-06","134707169","WH",4,,,,"","ALMA","WAH588A1",30068,6002,"2024-02-06","2024-03-06","USD",93.00,100,"3XS:20|2XS:20|XS:20|S:10|M:10|L:10|XL:10"
272589,"2023-09-15 08:39:53.45","#WAH589",50.00,68.00,93.00,120.90,"2024-02-06","134707365","WH",4,,,,"","ALMA","WAH589A1",30069,5002,"2024-02-06","2024-03-06","USD",93.00,100,"3XS:20|2XS:20|XS:20|S:10|M:10|L:10|XL:10"
272590,"2023-09-15 08:39:53.45","#WAH590",50.00,68.00,93.00,120.90,"2024-02-06","134707560","WH",4,,,,"","ALMA","WAH590A1",30070,4002,"2024-02-06","2024-03-06","USD",93.00,100,"3XS:20|2XS:20|XS:20|S:10|M:10|L:10|XL:10"
272591,"2023-09-15 08:39:53.45","#WAH591",50.00,68.00,93.00,120.90,"2024-02-06","134715307","WH",4,,,,"","ALMA","WAH591A1",30071,3002,"2024-02-06","2024-03-06","USD",93.00,100,"3XS:20|2XS:20|XS:20|S:10|M:10|L:10|XL:10"
272592,"2023-09-15 08:39:53.45","#WAH592",50.00,68.00,93.00,120.90,"2024-02-06","134715483","WH",4,,,,"","ALMA","WAH592A1",30072,1002,"2024-02-06","2024-03-06","USD",93.00,100,"3XS:20|2XS:20|XS:20|S:10|M:10|L:10|XL:10"
272593,"2023-09-15 08:39:53.45","#WAH593",50.00,68.00,93.00,120.90,"2024-02-06","134709012","WH",4,,,,"","ALMA","WAH593A1",30073,8002,"2024-02-06","2024-03-06","USD",93.00,100,"3XS:20|2XS:20|XS:20|S:10|M:10|L:10|XL:10"
272594,"2023-09-15 08:39:53.45","#WAH594",50.00,68.00,93.00,120.90,"2024-02-06","134709209","WH",4,,,,"","ALMA","WAH594A1",30074,6002,"2024-02-06","2024-03-06","USD",93.00,100,"3XS:20|2XS:20|XS:20|S:10|M:10|L:10|XL:10"
272595,"2023-09-15 08:39:53.45","#WAH595",50.00,68.00,93.00,120.90,"2024-02-06","134709411","WH",4,,,,"","ALMA","WAH595A1",30075,5002,"2024-02-06","2024-03-06","USD",93.00,100,"3XS:20|2XS:20|XS:20|S:10|M:10|L:10|XL:10"
272596,"2023-09-15 08:39:53.45","#WAH596",50.00,68.00,93.00,120.90,"2024-02-06","134704400","WH",4,,,,"","ALMA","WAH596A1",30076,4002,"2024-02-06","2024-03-06","USD",93.00,100,"3XS:20|2XS:20|XS:20|S:10|M:10|L:10|XL:10"
272597,"2023-09-15 08:39:53.45","#WAH597",50.00,68.00,93.00,120.90,"2024-02-06","134704586","WH",4,,,,"","ALMA","WAH597A1",30077,3002,"2024-02-06","2024-03-06","USD",93.00,100,"3XS:20|2XS:20|XS:20|S:10|M:10|L:10|XL:10"
272598,"2023-09-15 08:39:53.45","#WAH598",50.00,68.00,93.00,120.90,"2024-02-06","134704778","WH",4,,,,"","ALMA","WAH598A1",30078,1002,"2024-02-06","2024-03-06","USD",93.00,100,"3XS:20|2XS:20|XS:20|S:10|M:10|L:10|XL:10"
272599,"2023-09-15 08:39:53.45","#WAH599",50.00,68.00,93.00,120.90,"2024-02-06","134714573","WH",4,,,,"","ALMA","WAH599A1",30013,8002,"2024-02-06","2024-03-06","USD",93.00,100,"3XS:20|2XS:20|XS:20|S:10|M:10|L:10|XL:10"
272600,"2023-09-15 08:39:53.45","#WAH600",50.00,68.00,93.00,120.90,"2024-02-06","134714774","WH",4,,,,"","ALMA","WAH600A1",30022,6002,"2024-02-06","2024-03-06","USD",93.00,100,"3XS:20|2XS:20|XS:20|S:10|M:10|L:10|XL:10"
272601,"2023-09-15 08:39:53.45","#WAH601",50.00,68.00,93.00,120.90,"2024-02-06","134714973","WH",4,,,,"","ALMA","WAH601A1",30025,5002,"2024-02-06","2024-03-06","USD",93.00,100,"3XS:20|2XS:20|XS:20|S:10|M:10|L:10|XL:10"
272602,"2023-09-15 08:39:53.45","#WAH602",50.00,68.00,93.00,120.90,"2024-02-06","134702718","WH",4,,,,"","ALMA","WAH602A1",30026,4002,"2024-02-06","2024-03-06","USD",93.00,100,"3XS:20|2XS:20|XS:20|S:10|M:10|L:10|XL:10"
272603,"2023-09-15 08:39:53.45","#WAH603",50.00,68.00,93.00,120.90,"2024-02-06","134702919","WH",4,,,,"","ALMA","WAH603A1",30027,3002,"2024-02-06","2024-03-06","USD",93.00,100,"3XS:20|2XS:20|XS:20|S:10|M:10|L:10|XL:10"
272604,"2023-09-15 08:39:53.45","#WAH604",50.00,68.00,93.00,120.90,"2024-02-06","134703118","WH",4,,,,"","ALMA","WAH604A1",30029,1002,"2024-02-06","2024-03-06","USD",93.00,100,"3XS:20|2XS:20|XS:20|S:10|M:10|L:10|XL:10"
272605,"2023-09-15 08:39:53.45","#WAH605",50.00,68.00,93.00,120.90,"2024-02-06","134713591","WH",4,,,,"","ALMA","WAH605A1",30045,8002,"2024-02-06","2024-03-06","USD",93.00,100,"3XS:20|2XS:20|XS:20|S:10|M:10|L:10|XL:10"
272606,"2023-09-15 08:39:53.45","#WAH606",50.00,68.00,93.00,120.90,"2024-02-06","134713793","WH",4,,,,"","ALMA","WAH606A1",30046,6002,"2024-02-06","2024-03-06","USD",93.00,100,"3XS:20|2XS:20|XS:20|S:10|M:10|L:10|XL:10"
272607,"2023-09-15 08:39:53.45","#WAH607",50.00,68.00,93.00,120.90,"2024-02-06","134713992","WH",4,,,,"","ALMA","WAH607A1",30047,5002,"2024-02-06","2024-03-06","USD",93.00,100,"3XS:20|2XS:20|XS:20|S:10|M:10|L:10|XL:10"
272608,"2023-09-15 08:39:53.45","#WAH608",50.00,68.00,93.00,120.90,"2024-02-06","134702762","WH",4,,,,"","ALMA","WAH608A1",30065,4002,"2024-02-06","2024-03-06","USD",93.00,100,"3XS:20|2XS:20|XS:20|S:10|M:10|L:10|XL:10"
272609,"2023-09-15 08:39:53.45","#WAH609",50.00,68.00,93.00,120.90,"2024-02-06","134702952","WH",4,,,,"","ALMA","WAH609A1",30066,3002,"2024-02-06","2024-03-06","USD",93.00,100,"3XS:20|2XS:20|XS:20|S:10|M:10|L:10|XL:10"
272610,"2023-09-15 08:39:53.45","#WAH610",50.00,68.00,93.00,120.90,"2024-02-06","134703162","WH",4,,,,"","ALMA","WAH610A1",30067,1002,"2024-02-06","2024-03-06","USD",93.00,100,"3XS:20|2XS:20|XS:20|S:10|M:10|L:10|XL:10"
272611,"2023-09-15 08:39:53.45","#WAH611",50.00,68.00,93.00,120.90,"2024-02-06","134702754","WH",4,,,,"","ALMA","WAH611A1",30068,8002,"2024-02-06","2024-03-06","USD",93.00,100,"3XS:20|2XS:20|XS:20|S:10|M:10|L:10|XL:10"
272612,"2023-09-15 08:39:53.45","#WAH612",50.00,68.00,93.00,120.90,"2024-02-06","134702954","WH",4,,,,"","ALMA","WAH612A1",30069,6002,"2024-02-06","2024-03-06","USD",93.00,100,"3XS:20|2XS:20|XS:20|S:10|M:10|L:10|XL:10"
272613,"2023-09-15 08:39:53.45","#WAH613",50.00,68.00,93.00,120.90,"2024-02-06","134703154","WH",4,,,,"","ALMA","WAH613A1",30070,5002,"2024-02-06","2024-03-06","USD",93.00,100,"3XS:20|2XS:20|XS:20|S:10|M:10|L:10|XL:10"
272614,"2023-09-15 08:39:53.45","#WAH614",50.00,68.00,93.00,120.90,"2024-02-06","134712975","WH",4,,,,"","ALMA","WAH614A1",30071,4002,"2024-02-06","2024-03-06","USD",93.00,100,"3XS:20|2XS:20|XS:20|S:10|M:10|L:10|XL:10"
272615,"2023-09-15 08:39:53.45","#WAH615",50.00,68.00,93.00,120.90,"2024-02-06","134713174","WH",4,,,,"","ALMA","WAH615A1",30072,3002,"2024-02-06","2024-03-06","USD",93.00,100,"3XS:20|2XS:20|XS:20|S:10|M:10|L:10|XL:10"
272616,"2023-09-15 08:39:53.45","#WAH616",50.00,68.00,93.00,120.90,"2024-02-06","134713386","WH",4,,,,"","ALMA","WAH616A1",30073,1002,"2024-02-06","2024-03-06","USD",93.00,100,"3XS:20|2XS:20|XS:20|S:10|M:10|L:10|XL:10"
272617,"2023-09-15 08:39:53.45","#WAH617",50.00,68.00,93.00,120.90,"2024-02-06","134707759","WH",4,,,,"","ALMA","WAH617A1",30074,8002,"2024-02-06","2024-03-06","USD",93.00,100,"3XS:20|2XS:20|XS:20|S:10|M:10|L:10|XL:10"
272618,"2023-09-15 08:39:53.45","#WAH618",50.00,68.00,93.00,120.90,"2024-02-06","134707951","WH",4,,,,"","ALMA","WAH618A1",30075,6002,"2024-02-06","2024-03-06","USD",93.00,100,"3XS:20|2XS:20|XS:20|S:10|M:10|L:10|XL:10"
272619,"2023-09-15 08:39:53.45","#WAH619",50.00,68.00,93.00,120.90,"2024-02-06","134708137","WH",4,,,,"","ALMA","WAH619A1",30076,5002,"2024-02-06","2024-03-06","USD",93.00,100,"3XS:20|2XS:20|XS:20|S:10|M:10|L:10|XL:10"
272620,"2023-09-15 08:39:53.45","#WAH620",50.00,68.00,93.00,120.90,"2024-02-06","134708334","WH",4,,,,"","ALMA","WAH620A1",30077,4002,"2024-02-06","2024-03-06","USD",93.00,100,"3XS:20|2XS:20|XS:20|S:10|M:10|L:10|XL:10"
272621,"2023-09-15 08:39:53.45","#WAH621",50.00,68.00,93.00,120.90,"2024-02-06","134709623","WH",4,,,,"","ALMA","WAH621A1",30078,3002,"2024-02-06","2024-03-06","USD",93.00,100,"3XS:20|2XS:20|XS:20|S:10|M:10|L:10|XL:10"
272622,"2023-09-15 08:39:53.45","#WAH622",50.00,68.00,93.00,120.90,"2024-02-06","134709808","WH",4,,,,"","ALMA","WAH622A1",30013,1002,"2024-02-06","2024-03-06","USD",93.00,100,"3XS:20|2XS:20|XS:20|S:10|M:10|L:10|XL:10"
272623,"2023-09-15 08:39:53.45","#WAH623",50.00,68.00,93.00,120.90,"2024-02-06","134709993","WH",4,,,,"","ALMA","WAH623A1",30022,8002,"2024-02-06","2024-03-06","USD",93.00,100,"3XS:20|2XS:20|XS:20|S:10|M:10|L:10|XL:10"
272624,"2023-09-15 08:39:53.45","#WAH624",50.00,68.00,93.00,120.90,"2024-02-06","134710193","WH",4,,,,"","ALMA","WAH624A1",30025,6002,"2024-02-06","2024-03-06","USD",93.00,100,"3XS:20|2XS:20|XS:20|S:10|M:10|L:10|XL:10"
272625,"2023-09-15 08:39:53.45","#WAH625",50.00,68.00,93.00,120.90,"2024-02-06","134704976","WH",4,,,,"","ALMA","WAH625A1",30026,5002,"2024-02-06","2024-03-06","USD",93.00,100,"3XS:20|2XS:20|XS:20|S:10|M:10|L:10|XL:10"
272626,"2023-09-15 08:39:53.45","#WAH626",50.00,68.00,93.00,120.90,"2024-02-06","134705176","WH",4,,,,"","ALMA","WAH626A1",30027,4002,"2024-02-06","2024-03-06","USD",93.00,100,"3XS:20|2XS:20|XS:20|S:10|M:10|L:10|XL:10"
272627,"2023-09-15 08:39:53.45","#WAH627",50.00,68.00,93.00,120.90,"2024-02-06","134705367","WH",4,,,,"","ALMA","WAH627A1",30029,3002,"2024-02-06","2024-03-06","USD",93.00,100,"3XS:20|2XS:20|XS:20|S:10|M:10|L:10|XL:10"
272628,"2023-09-15 08:39:53.45","#WAH628",50.00,68.00,93.00,120.90,"2024-02-06","134705567","WH",4,,,,"","ALMA","WAH628A1",30045,1002,"2024-02-06","2024-03-06","USD",93.00,100,"3XS:20|2XS:20|XS:20|S:10|M:10|L:10|XL:10"
272629,"2023-09-15 08:39:53.45","#WAH629",50.00,68.00,93.00,120.90,"2024-02-06","134715173","WH",4,,,,"","ALMA","WAH629A1",30046,8002,"2024-02-06","2024-03-06","USD",93.00,100,"3XS:20|2XS:20|XS:20|S:10|M:10|L:10|XL:10"
272630,"2023-09-15 08:39:53.45","#WAH630",50.00,68.00,93.00,120.90,"2024-02-06","134715373","WH",4,,,,"","ALMA","WAH630A1",30047,6002,"2024-02-06","2024-03-06","USD",93.00,100,"3XS:20|2XS:20|XS:20|S:10|M:10|L:10|XL:10"
272631,"2023-09-15 08:39:53.45","#WAH631",50.00,68.00,93.00,120.90,"2024-02-06","134715551","WH",4,,,,"","ALMA","WAH631A1",30065,5002,"2024-02-06","2024-03-06","USD",93.00,100,"3XS:20|2XS:20|XS:20|S:10|M:10|L:10|XL:10"
272632,"2023-09-15 08:39:53.45","#WAH632",50.00,68.00,93.00,120.90,"2024-02-06","134703298","WH",4,,,,"","ALMA","WAH632A1",30066,4002,"2024-02-06","2024-03-06","USD",93.00,100,"3XS:20|2XS:20|XS:20|S:10|M:10|L:10|XL:10"
272633,"2023-09-15 08:39:53.45","#WAH633",50.00,68.00,93.00,120.90,"2024-02-06","134703499","WH",4,,,,"","ALMA","WAH633A1",30067,3002,"2024-02-06","2024-03-06","USD",93.00,100,"3XS:20|2XS:20|XS:20|S:10|M:10|L:10|XL:10"
272634,"2023-09-15 08:39:53.45","#WAH634",50.00,68.00,93.00,120.90,"2024-02-06","134703680","WH",4,,,,"","ALMA","WAH634A1",30068,1002,"2024-02-06","2024-03-06","USD",93.00,100,"3XS:20|2XS:20|XS:20|S:10|M:10|L:10|XL:10"
272635,"2023-09-15 08:39:53.45","#WAH635",50.00,68.00,93.00,120.90,"2024-02-06","134703879","WH",4,,,,"","ALMA","WAH635A1",30069,8002,"2024-02-06","2024-03-06","USD",93.00,100,"3XS:20|2XS:20|XS:20|S:10|M:10|L:10|XL:10"
272636,"2023-09-15 08:39:53.45","#WAH636",50.00,68.00,93.00,120.90,"2024-02-06","134714193","WH",4,,,,"","ALMA","WAH636A1",30070,6002,"2024-02-06","2024-03-06","USD",93.00,100,"3XS:20|2XS:20|XS:20|S:10|M:10|L:10|XL:10"
272637,"2023-09-15 08:39:53.45","#WAH637",50.00,68.00,93.00,120.90,"2024-02-06","134714378","WH",4,,,,"","ALMA","WAH637A1",30071,5002,"2024-02-06","2024-03-06","USD",93.00,100,"3XS:20|2XS:20|XS:20|S:10|M:10|L:10|XL:10"
272638,"2023-09-15 08:39:53.45","#WAH638",50.00,68.00,93.00,120.90,"2024-02-06","134714576","WH",4,,,,"","ALMA","WAH638A1",30072,4002,"2024-02-06","2024-03-06","USD",93.00,100,"3XS:20|2XS:20|XS:20|S:10|M:10|L:10|XL:10"
272639,"2023-09-15 08:39:53.45","#WAH639",50.00,68.00,93.00,120.90,"2024-02-06","134714785","WH",4,,,,"","ALMA","WAH639A1",30073,3002,"2024-02-06","2024-03-06","USD",93.00,100,"3XS:20|2XS:20|XS:20|S:10|M:10|L:10|XL:10"
272640,"2023-09-15 08:39:53.45","#WAH640",50.00,68.00,93.00,120.90,"2024-02-06","134703344","WH",4,,,,"","ALMA","WAH640A1",30074,1002,"2024-02-06","2024-03-06","USD",93.00,100,"3XS:20|2XS:20|XS:20|S:10|M:10|L:10|XL:10"
272641,"2023-09-15 08:39:53.45","#WAH641",50.00,68.00,93.00,120.90,"2024-02-06","134703561","WH",4,,,,"","ALMA","WAH641A1",30075,8002,"2024-02-06","2024-03-06","USD",93.00,100,"3XS:20|2XS:20|XS:20|S:10|M:10|L:10|XL:10"
272642,"2023-09-15 08:39:53.45","#WAH642",50.00,68.00,93.00,120.90,"2024-02-06","134703738","WH",4,,,,"","ALMA","WAH642A1",30076,6002,"2024-02-06","2024-03-06","USD",93.00,100,"3XS:20|2XS:20|XS:20|S:10|M:10|L:10|XL:10"
272643,"2023-09-15 08:39:53.45","#WAH643",50.00,68.00,93.00,120.90,"2024-02-06","134703955","WH",4,,,,"","ALMA","WAH643A1",30077,5002,"2024-02-06","2024-03-06","USD",93.00,100,"3XS:20|2XS:20|XS:20|S:10|M:10|L:10|XL:10"
272644,"2023-09-15 08:39:53.45","#WAH644",50.00,68.00,93.00,120.90,"2024-02-06","134703353","WH",4,,,,"","ALMA","WAH644A1",30078,4002,"2024-02-06","2024-03-06","USD",93.00,100,"3XS:20|2XS:20|XS:20|S:10|M:10|L:10|XL:10"
272645,"2023-09-15 08:39:53.45","#WAH645",50.00,68.00,93.00,120.90,"2024-02-06","134703553","WH",4,,,,"","ALMA","WAH645A1",30013,3002,"2024-02-06","2024-03-06","USD",93.00,100,"3XS:20|2XS:20|XS:20|S:10|M:10|L:10|XL:10"
272646,"2023-09-15 08:39:53.45","#WAH646",50.00,68.00,93.00,120.90,"2024-02-06","134703753","WH",4,,,,"","ALMA","WAH646A1",30022,1002,"2024-02-06","2024-03-06","USD",93.00,100,"3XS:20|2XS:20|XS:20|S:10|M:10|L:10|XL:10"
272647,"2023-09-15 08:39:53.45","#WAH647",50.00,68.00,93.00,120.90,"2024-02-06","134703939","WH",4,,,,"","ALMA","WAH647A1",30025,8002,"2024-02-06","2024-03-06","USD",93.00,100,"3XS:20|2XS:20|XS:20|S:10|M:10|L:10|XL:10"
272648,"2023-09-15 08:39:53.45","#WAH648",50.00,68.00,93.00,120.90,"2024-02-06","134713590","WH",4,,,,"","ALMA","WAH648A1",30026,6002,"2024-02-06","2024-03-06","USD",93.00,100,"3XS:20|2XS:20|XS:20|S:10|M:10|L:10|XL:10"
272649,"2023-09-15 08:39:53.45","#WAH649",50.00,68.00,93.00,120.90,"2024-02-06","134713789","WH",4,,,,"","ALMA","WAH649A1",30027,5002,"2024-02-06","2024-03-06","USD",93.00,100,"3XS:20|2XS:20|XS:20|S:10|M:10|L:10|XL:10"
272650,"2023-09-15 08:39:53.45","#WAH650",50.00,68.00,93.00,120.90,"2024-02-06","134713989","WH",4,,,,"","ALMA","WAH650A1",30029,4002,"2024-02-06","2024-03-06","USD",93.00,100,"3XS:20|2XS:20|XS:20|S:10|M:10|L:10|XL:10"
272651,"2023-09-15 08:39:53.45","#WAH651",50.00,68.00,93.00,120.90,"2024-02-06","134714194","WH",4,,,,"","ALMA","WAH651A1",30045,3002,"2024-02-06","2024-03-06","USD",93.00,100,"3XS:20|2XS:20|XS:20|S:10|M:10|L:10|XL:10"
272652,"2023-09-15 08:39:53.45","#WAH652",50.00,68.00,93.00,120.90,"2024-02-06","134708535","WH",4,,,,"","ALMA","WAH652A1",30046,1002,"2024-02-06","2024-03-06","USD",93.00,100,"3XS:20|2XS:20|XS:20|S:10|M:10|L:10|XL:10"
272653,"2023-09-15 08:39:53.45","#WAH653",50.00,68.00,93.00,120.90,"2024-02-06","134708734","WH",4,,,,"","ALMA","WAH653A1",30047,8002,"2024-02-06","2024-03-06","USD",93.00,100,"3XS:20|2XS:20|XS:20|S:10|M:10|L:10|XL:10"
272654,"2023-09-15 08:39:53.45","#WAH654",50.00,68.00,93.00,120.90,"2024-02-06","134708935","WH",4,,,,"","ALMA","WAH654A1",30065,6002,"2024-02-06","2024-03-06","USD",93.00,100,"3XS:20|2XS:20|XS:20|S:10|M:10|L:10|XL:10"
272655,"2023-09-15 08:39:53.45","#WAH655",50.00,68.00,93.00,120.90,"2024-02-06","134710393","WH",4,,,,"","ALMA","WAH655A1",30066,5002,"2024-02-06","2024-03-06","USD",93.00,100,"3XS:20|2XS:20|XS:20|S:10|M:10|L:10|XL:10"
272656,"2023-09-15 08:39:53.45","#WAH656",50.00,68.00,93.00,120.90,"2024-02-06","134710617","WH",4,,,,"","ALMA","WAH656A1",30067,4002,"2024-02-06","2024-03-06","USD",93.00,100,"3XS:20|2XS:20|XS:20|S:10|M:10|L:10|XL:10"
272657,"2023-09-15 08:39:53.45","#WAH657",50.00,68.00,93.00,120.90,"2024-02-06","134710816","WH",4,,,,"","ALMA","WAH657A1",30068,3002,"2024-02-06","2024-03-06","USD",93.00,100,"3XS:20|2XS:20|XS:20|S:10|M:10|L:10|XL:10"
272658,"2023-09-15 08:39:53.45","#WAH658",50.00,68.00,93.00,120.90,"2024-02-06","134705767","WH",4,,,,"","ALMA","WAH658A1",30069,1002,"2024-02-06","2024-03-06","USD",93.00,100,"3XS:20|2XS:20|XS:20|S:10|M:10|L:10|XL:10"
272659,"2023-09-15 08:39:53.45","#WAH659",50.00,68.00,93.00,120.90,"2024-02-06","134705959","WH",4,,,,"","ALMA","WAH659A1",30070,8002,"2024-02-06","2024-03-06","USD",93.00,100,"3XS:20|2XS:20|XS:20|S:10|M:10|L:10|XL:10"
272660,"2023-09-15 08:39:53.45","#WAH660",50.00,68.00,93.00,120.90,"2024-02-06","134706170","WH",4,,,,"","ALMA","WAH660A1",30071,6002,"2024-02-06","2024-03-06","USD",93.00,100,"3XS:20|2XS:20|XS:20|S:10|M:10|L:10|XL:10"
272661,"2023-09-15 08:39:53.45","#WAH661",50.00,68.00,93.00,120.90,"2024-02-06","134704081","WH",4,,,,"","ALMA","WAH661A1",30072,5002,"2024-02-06","2024-03-06","USD",93.00,100,"3XS:20|2XS:20|XS:20|S:10|M:10|L:10|XL:10"
272662,"2023-09-15 08:39:53.45","#WAH662",50.00,68.00,93.00,120.90,"2024-02-06","134704279","WH",4,,,,"","ALMA","WAH662A1",30073,4002,"2024-02-06","2024-03-06","USD",93.00,100,"3XS:20|2XS:20|XS:20|S:10|M:10|L:10|XL:10"
272663,"2023-09-15 08:39:53.45","#WAH663",50.00,68.00,93.00,120.90,"2024-02-06","134704497","WH",4,,,,"","ALMA","WAH663A1",30074,3002,"2024-02-06","2024-03-06","USD",93.00,100,"3XS:20|2XS:20|XS:20|S:10|M:10|L:10|XL:10"
272664,"2023-09-15 08:39:53.45","#WAH664",50.00,68.00,93.00,120.90,"2024-02-06","134714983","WH",4,,,,"","ALMA","WAH664A1",30075,1002,"2024-02-06","2024-03-06","USD",93.00,100,"3XS:20|2XS:20|XS:20|S:10|M:10|L:10|XL:10"
272665,"2023-09-15 08:39:53.45","#WAH665",50.00,68.00,93.00,120.90,"2024-02-06","134715187","WH",4,,,,"","ALMA","WAH665A1",30076,8002,"2024-02-06","2024-03-06","USD",93.00,100,"3XS:20|2XS:20|XS:20|S:10|M:10|L:10|XL:10"
272666,"2023-09-15 08:39:53.45","#WAH666",50.00,68.00,93.00,120.90,"2024-02-06","134715411","WH",4,,,,"","ALMA","WAH666A1",30077,6002,"2024-02-06","2024-03-06","USD",93.00,100,"3XS:20|2XS:20|XS:20|S:10|M:10|L:10|XL:10"
272667,"2023-09-15 08:39:53.45","#WAH667",50.00,68.00,93.00,120.90,"2024-02-06","134704124","WH",4,,,,"","ALMA","WAH667A1",30078,5002,"2024-02-06","2024-03-06","USD",93.00,100,"3XS:20|2XS:20|XS:20|S:10|M:10|L:10|XL:10"
272668,"2023-09-15 08:39:53.45","#WAH668",50.00,68.00,93.00,120.90,"2024-02-06","134704320","WH",4,,,,"","ALMA","WAH668A1",30013,4002,"2024-02-06","2024-03-06","USD",93.00,100,"3XS:20|2XS:20|XS:20|S:10|M:10|L:10|XL:10"
272669,"2023-09-15 08:39:53.45","#WAH669",50.00,68.00,93.00,120.90,"2024-02-06","134704534","WH",4,,,,"","ALMA","WAH669A1",30022,3002,"2024-02-06","2024-03-06","USD",93.00,100,"3XS:20|2XS:20|XS:20|S:10|M:10|L:10|XL:10"
272670,"2023-09-15 08:39:53.45","#WAH670",50.00,68.00,93.00,120.90,"2024-02-06","134704121","WH",4,,,,"","ALMA","WAH670A1",30025,1002,"2024-02-06","2024-03-06","USD",93.00,100,"3XS:20|2XS:20|XS:20|S:10|M:10|L:10|XL:10"
272671,"2023-09-15 08:39:53.45","#WAH671",50.00,68.00,93.00,120.90,"2024-02-06","134704319","WH",4,,,,"","ALMA","WAH671A1",30026,8002,"2024-02-06","2024-03-06","USD",93.00,100,"3XS:20|2XS:20|XS:20|S:10|M:10|L:10|XL:10"
272672,"2023-09-15 08:39:53.45","#WAH672",50.00,68.00,93.00,120.90,"2024-02-06","134704537","WH",4,,,,"","ALMA","WAH672A1",30027,6002,"2024-02-06","2024-03-06","USD",93.00,100,"3XS:20|2XS:20|XS:20|S:10|M:10|L:10|XL:10"
272673,"2023-09-15 08:39:53.45","#WAH673",50.00,68.00,93.00,120.90,"2024-02-06","134714377","WH",4,,,,"","ALMA","WAH673A1",30029,5002,"2024-02-06","2024-03-06","USD",93.00,100,"3XS:20|2XS:20|XS:20|S:10|M:10|L:10|XL:10"
272674,"2023-09-15 08:39:53.45","#WAH674",50.00,68.00,93.00,120.90,"2024-02-06","134714578","WH",4,,,,"","ALMA","WAH674A1",30045,4002,"2024-02-06","2024-03-06","USD",93.00,100,"3XS:20|2XS:20|XS:20|S:10|M:10|L:10|XL:10"
272675,"2023-09-15 08:39:53.45","#WAH675",50.00,68.00,93.00,120.90,"2024-02-06","134714777","WH",4,,,,"","ALMA","WAH675A1",30046,3002,"2024-02-06","2024-03-06","USD",93.00,100,"3XS:20|2XS:20|XS:20|S:10|M:10|L:10|XL:10"
272676,"2023-09-15 08:39:53.45","#WAH676",50.00,68.00,93.00,120.90,"2024-02-06","134709127","WH",4,,,,"","ALMA","WAH676A1",30047,1002,"2024-02-06","2024-03-06","USD",93.00,100,"3XS:20|2XS:20|XS:20|S:10|M:10|L:10|XL:10"
272677,"2023-09-15 08:39:53.45","#WAH677",50.00,68.00,93.00,120.90,"2024-02-06","134709320","WH",4,,,,"","ALMA","WAH677A1",30065,8002,"2024-02-06","2024-03-06","USD",93.00,100,"3XS:20|2XS:20|XS:20|S:10|M:10|L:10|XL:10"
272678,"2023-09-15 08:39:53.45","#WAH678",50.00,68.00,93.00,120.90,"2024-02-06","134709511","WH",4,,,,"","ALMA","WAH678A1",30066,6002,"2024-02-06","2024-03-06","USD",93.00,100,"3XS:20|2XS:20|XS:20|S:10|M:10|L:10|XL:10"
272679,"2023-09-15 08:39:53.45","#WAH679",50.00,68.00,93.00,120.90,"2024-02-06","134711014","WH",4,,,,"","ALMA","WAH679A1",30067,5002,"2024-02-06","2024-03-06","USD",93.00,100,"3XS:20|2XS:20|XS:20|S:10|M:10|L:10|XL:10"
272680,"2023-09-15 08:39:53.45","#WAH680",50.00,68.00,93.00,120.90,"2024-02-06","134711213","WH",4,,,,"","ALMA","WAH680A1",30068,4002,"2024-02-06","2024-03-06","USD",93.00,100,"3XS:20|2XS:20|XS:20|S:10|M:10|L:10|XL:10"
272681,"2023-09-15 08:39:53.45","#WAH681",50.00,68.00,93.00,120.90,"2024-02-06","134711409","WH",4,,,,"","ALMA","WAH681A1",30069,3002,"2024-02-06","2024-03-06","USD",93.00,100,"3XS:20|2XS:20|XS:20|S:10|M:10|L:10|XL:10"
272682,"2023-09-15 08:39:53.45","#WAH682",50.00,68.00,93.00,120.90,"2024-02-06","134706360","WH",4,,,,"","ALMA","WAH682A1",30070,1002,"2024-02-06","2024-03-06","USD",93.00,100,"3XS:20|2XS:20|XS:20|S:10|M:10|L:10|XL:10"
272683,"2023-09-15 08:39:53.45","#WAH683",50.00,68.00,93.00,120.90,"2024-02-06","134706562","WH",4,,,,"","ALMA","WAH683A1",30071,8002,"2024-02-06","2024-03-06","USD",93.00,100,"3XS:20|2XS:20|XS:20|S:10|M:10|L:10|XL:10"
272684,"2023-09-15 08:39:53.45","#WAH684",50.00,68.00,93.00,120.90,"2024-02-06","134706758","WH",4,,,,"","ALMA","WAH684A1",30072,6002,"2024-02-06","2024-03-06","USD",93.00,100,"3XS:20|2XS:20|XS:20|S:10|M:10|L:10|XL:10"
272685,"2023-09-15 08:39:53.45","#WAH685",50.00,68.00,93.00,120.90,"2024-02-06","134704688","WH",4,,,,"","ALMA","WAH685A1",30073,5002,"2024-02-06","2024-03-06","USD",93.00,100,"3XS:20|2XS:20|XS:20|S:10|M:10|L:10|XL:10"
272686,"2023-09-15 08:39:53.45","#WAH686",50.00,68.00,93.00,120.90,"2024-02-06","134704904","WH",4,,,,"","ALMA","WAH686A1",30074,4002,"2024-02-06","2024-03-06","USD",93.00,100,"3XS:20|2XS:20|XS:20|S:10|M:10|L:10|XL:10"
272687,"2023-09-15 08:39:53.45","#WAH687",50.00,68.00,93.00,120.90,"2024-02-06","134705103","WH",4,,,,"","ALMA","WAH687A1",30075,3002,"2024-02-06","2024-03-06","USD",93.00,100,"3XS:20|2XS:20|XS:20|S:10|M:10|L:10|XL:10"
272688,"2023-09-15 08:39:53.45","#WAH688",50.00,68.00,93.00,120.90,"2024-02-06","134715590","WH",4,,,,"","ALMA","WAH688A1",30076,1002,"2024-02-06","2024-03-06","USD",93.00,100,"3XS:20|2XS:20|XS:20|S:10|M:10|L:10|XL:10"
272689,"2023-09-15 08:39:53.45","#WAH689",50.00,68.00,93.00,120.90,"2024-02-06","134704734","WH",4,,,,"","ALMA","WAH689A1",30077,8002,"2024-02-06","2024-03-06","USD",93.00,100,"3XS:20|2XS:20|XS:20|S:10|M:10|L:10|XL:10"
272690,"2023-09-15 08:39:53.45","#WAH690",50.00,68.00,93.00,120.90,"2024-02-06","134704944","WH",4,,,,"","ALMA","WAH690A1",30078,6002,"2024-02-06","2024-03-06","USD",93.00,100,"3XS:20|2XS:20|XS:20|S:10|M:10|L:10|XL:10"
272691,"2023-09-15 08:39:53.45","#WAH691",50.00,68.00,93.00,120.90,"2024-02-06","134705143","WH",4,,,,"","ALMA","WAH691A1",30013,5002,"2024-02-06","2024-03-06","USD",93.00,100,"3XS:20|2XS:20|XS:20|S:10|M:10|L:10|XL:10"
272692,"2023-09-15 08:39:53.45","#WAH692",50.00,68.00,93.00,120.90,"2024-02-06","134714995","WH",4,,,,"","ALMA","WAH692A1",30022,4002,"2024-02-06","2024-03-06","USD",93.00,100,"3XS:20|2XS:20|XS:20|S:10|M:10|L:10|XL:10"
272693,"2023-09-15 08:39:53.45","#WAH693",50.00,68.00,93.00,120.90,"2024-02-06","134715186","WH",4,,,,"","ALMA","WAH693A1",30025,3002,"2024-02-06","2024-03-06","USD",93.00,100,"3XS:20|2XS:20|XS:20|S:10|M:10|L:10|XL:10"
272694,"2023-09-15 08:39:53.45","#WAH694",50.00,68.00,93.00,120.90,"2024-02-06","134715402","WH",4,,,,"","ALMA","WAH694A1",30026,1002,"2024-02-06","2024-03-06","USD",93.00,100,"3XS:20|2XS:20|XS:20|S:10|M:10|L:10|XL:10"
272695,"2023-09-15 08:39:53.45","#WAH695",50.00,68.00,93.00,120.90,"2024-02-06","134709706","WH",4,,,,"","ALMA","WAH695A1",30027,8002,"2024-02-06","2024-03-06","USD",93.00,100,"3XS:20|2XS:20|XS:20|S:10|M:10|L:10|XL:10"
272696,"2023-09-15 08:39:53.45","#WAH696",50.00,68.00,93.00,120.90,"2024-02-06","134709912","WH",4,,,,"","ALMA","WAH696A1",30029,6002,"2024-02-06","2024-03-06","USD",93.00,100,"3XS:20|2XS:20|XS:20|S:10|M:10|L:10|XL:10"
272697,"2023-09-15 08:39:53.45","#WAH697",50.00,68.00,93.00,120.90,"2024-02-06","134710083","WH",4,,,,"","ALMA","WAH697A1",30045,5002,"2024-02-06","2024-03-06","USD",93.00,100,"3XS:20|2XS:20|XS:20|S:10|M:10|L:10|XL:10"
272698,"2023-09-15 08:39:53.45","#WAH698",50.00,68.00,93.00,120.90,"2024-02-06","134711607","WH",4,,,,"","ALMA","WAH698A1",30046,4002,"2024-02-06","2024-03-06","USD",93.00,100,"3XS:20|2XS:20|XS:20|S:10|M:10|L:10|XL:10"
272699,"2023-09-15 08:39:53.45","#WAH699",50.00,68.00,93.00,120.90,"2024-02-06","134711798","WH",4,,,,"","ALMA","WAH699A1",30047,3002,"2024-02-06","2024-03-06","USD",93.00,100,"3XS:20|2XS:20|XS:20|S:10|M:10|L:10|XL:10"
272700,"2023-09-15 08:39:53.45","#WAH700",50.00,68.00,93.00,120.90,"2024-02-06","134711998","WH",4,,,,"","ALMA","WAH700A1",30065,1002,"2024-02-06","2024-03-06","USD",93.00,100,"3XS:20|2XS:20|XS:20|S:10|M:10|L:10|XL:10"
272701,"2023-09-15 08:39:53.45","#WAH701",50.00,68.00,93.00,120.90,"2024-02-06","134706968","WH",4,,,,"","ALMA","WAH701A1",30066,8002,"2024-02-06","2024-03-06","USD",93.00,100,"3XS:20|2XS:20|XS:20|S:10|M:10|L:10|XL:10"
272702,"2023-09-15 08:39:53.45","#WAH702",50.00,68.00,93.00,120.90,"2024-02-06","134707165","WH",4,,,,"","ALMA","WAH702A1",30067,6002,"2024-02-06","2024-03-06","USD",93.00,100,"3XS:20|2XS:20|XS:20|S:10|M:10|L:10|XL:10"
272703,"2023-09-15 08:39:53.45","#WAH703",50.00,68.00,93.00,120.90,"2024-02-06","134707367","WH",4,,,,"","ALMA","WAH703A1",30068,5002,"2024-02-06","2024-03-06","USD",93.00,100,"3XS:20|2XS:20|XS:20|S:10|M:10|L:10|XL:10"
272704,"2023-09-15 08:39:53.45","#WAH704",50.00,68.00,93.00,120.90,"2024-02-06","134705319","WH",4,,,,"","ALMA","WAH704A1",30069,4002,"2024-02-06","2024-03-06","USD",93.00,100,"3XS:20|2XS:20|XS:20|S:10|M:10|L:10|XL:10"
272705,"2023-09-15 08:39:53.45","#WAH705",50.00,68.00,93.00,120.90,"2024-02-06","134705503","WH",4,,,,"","ALMA","WAH705A1",30070,3002,"2024-02-06","2024-03-06","USD",93.00,100,"3XS:20|2XS:20|XS:20|S:10|M:10|L:10|XL:10"
272706,"2023-09-15 08:39:53.45","#WAH706",50.00,68.00,93.00,120.90,"2024-02-06","134705688","WH",4,,,,"","ALMA","WAH706A1",30071,1002,"2024-02-06","2024-03-06","USD",93.00,100,"3XS:20|2XS:20|XS:20|S:10|M:10|L:10|XL:10"
272707,"2023-09-15 08:39:53.45","#WAH707",50.00,68.00,93.00,120.90,"2024-02-06","134705341","WH",4,,,,"","ALMA","WAH707A1",30072,8002,"2024-02-06","2024-03-06","USD",93.00,100,"3XS:20|2XS:20|XS:20|S:10|M:10|L:10|XL:10"
272708,"2023-09-15 08:39:53.45","#WAH708",50.00,68.00,93.00,120.90,"2024-02-06","134705543","WH",4,,,,"","ALMA","WAH708A1",30073,6002,"2024-02-06","2024-03-06","USD",93.00,100,"3XS:20|2XS:20|XS:20|S:10|M:10|L:10|XL:10"
272709,"2023-09-15 08:39:53.45","#WAH709",50.00,68.00,93.00,120.90,"2024-02-06","134705735","WH",4,,,,"","ALMA","WAH709A1",30074,5002,"2024-02-06","2024-03-06","USD",93.00,100,"3XS:20|2XS:20|XS:20|S:10|M:10|L:10|XL:10"
272710,"2023-09-15 08:39:53.45","#WAH710",50.00,68.00,93.00,120.90,"2024-02-06","134715598","WH",4,,,,"","ALMA","WAH710A1",30075,4002,"2024-02-06","2024-03-06","USD",93.00,100,"3XS:20|2XS:20|XS:20|S:10|M:10|L:10|XL:10"
272711,"2023-09-15 08:39:53.45","#WAH711",50.00,68.00,93.00,120.90,"2024-02-06","134710260","WH",4,,,,"","ALMA","WAH711A1",30076,3002,"2024-02-06","2024-03-06","USD",93.00,100,"3XS:20|2XS:20|XS:20|S:10|M:10|L:10|XL:10"
272712,"2023-09-15 08:39:53.45","#WAH712",50.00,68.00,93.00,120.90,"2024-02-06","134710459","WH",4,,,,"","ALMA","WAH712A1",30077,1002,"2024-02-06","2024-03-06","USD",93.00,100,"3XS:20|2XS:20|XS:20|S:10|M:10|L:10|XL:10"
272713,"2023-09-15 08:39:53.45","#WAH713",50.00,68.00,93.00,120.90,"2024-02-06","134710658","WH",4,,,,"","ALMA","WAH713A1",30078,8002,"2024-02-06","2024-03-06","USD",93.00,100,"3XS:20|2XS:20|XS:20|S:10|M:10|L:10|XL:10"
272714,"2023-09-15 08:39:53.45","#WAH714",50.00,68.00,93.00,120.90,"2024-02-06","134714597","WH",4,,,,"","ALMA","WAH714A1",30013,6002,"2024-02-06","2024-03-06","USD",93.00,100,"3XS:20|2XS:20|XS:20|S:10|M:10|L:10|XL:10"
272715,"2023-09-15 08:39:53.45","#WAH715",50.00,68.00,93.00,120.90,"2024-02-06","134712040","WH",4,,,,"","ALMA","WAH715A1",30022,5002,"2024-02-06","2024-03-06","USD",93.00,100,"3XS:20|2XS:20|XS:20|S:10|M:10|L:10|XL:10"
272716,"2023-09-15 08:39:53.45","#WAH716",50.00,68.00,93.00,120.90,"2024-02-06","134712201","WH",4,,,,"","ALMA","WAH716A1",30025,4002,"2024-02-06","2024-03-06","USD",93.00,100,"3XS:20|2XS:20|XS:20|S:10|M:10|L:10|XL:10"
272717,"2023-09-15 08:39:53.45","#WAH717",50.00,68.00,93.00,120.90,"2024-02-06","134712225","WH",4,,,,"","ALMA","WAH717A1",30026,3002,"2024-02-06","2024-03-06","USD",93.00,100,"3XS:20|2XS:20|XS:20|S:10|M:10|L:10|XL:10"
272718,"2023-09-15 08:39:53.45","#WAH718",50.00,68.00,93.00,120.90,"2024-02-06","134707558","WH",4,,,,"","ALMA","WAH718A1",30027,1002,"2024-02-06","2024-03-06","USD",93.00,100,"3XS:20|2XS:20|XS:20|S:10|M:10|L:10|XL:10"
272719,"2023-09-15 08:39:53.45","#WAH719",50.00,68.00,93.00,120.90,"2024-02-06","134707757","WH",4,,,,"","ALMA","WAH719A1",30029,8002,"2024-02-06","2024-03-06","USD",93.00,100,"3XS:20|2XS:20|XS:20|S:10|M:10|L:10|XL:10"
272720,"2023-09-15 08:39:53.45","#WAH720",50.00,68.00,93.00,120.90,"2024-02-06","134707952","WH",4,,,,"","ALMA","WAH720A1",30045,6002,"2024-02-06","2024-03-06","USD",93.00,100,"3XS:20|2XS:20|XS:20|S:10|M:10|L:10|XL:10"
272721,"2023-09-15 08:39:53.45","#WAH721",50.00,68.00,93.00,120.90,"2024-02-06","134708136","WH",4,,,,"","ALMA","WAH721A1",30046,5002,"2024-02-06","2024-03-06","USD",93.00,100,"3XS:20|2XS:20|XS:20|S:10|M:10|L:10|XL:10"
272722,"2023-09-15 08:39:53.45","#WAH722",50.00,68.00,93.00,120.90,"2024-02-06","134705911","WH",4,,,,"","ALMA","WAH722A1",30047,4002,"2024-02-06","2024-03-06","USD",93.00,100,"3XS:20|2XS:20|XS:20|S:10|M:10|L:10|XL:10"
272723,"2023-09-15 08:39:53.45","#WAH723",50.00,68.00,93.00,120.90,"2024-02-06","134706074","WH",4,,,,"","ALMA","WAH723A1",30065,3002,"2024-02-06","2024-03-06","USD",93.00,100,"3XS:20|2XS:20|XS:20|S:10|M:10|L:10|XL:10"
272724,"2023-09-15 08:39:53.45","#WAH724",50.00,68.00,93.00,120.90,"2024-02-06","134706230","WH",4,,,,"","ALMA","WAH724A1",30066,1002,"2024-02-06","2024-03-06","USD",93.00,100,"3XS:20|2XS:20|XS:20|S:10|M:10|L:10|XL:10"
272725,"2023-09-15 08:39:53.45","#WAH725",50.00,68.00,93.00,120.90,"2024-02-06","134706419","WH",4,,,,"","ALMA","WAH725A1",30067,8002,"2024-02-06","2024-03-06","USD",93.00,100,"3XS:20|2XS:20|XS:20|S:10|M:10|L:10|XL:10"
272726,"2023-09-15 08:39:53.45","#WAH726",50.00,68.00,93.00,120.90,"2024-02-06","134705934","WH",4,,,,"","ALMA","WAH726A1",30068,6002,"2024-02-06","2024-03-06","USD",93.00,100,"3XS:20|2XS:20|XS:20|S:10|M:10|L:10|XL:10"
272727,"2023-09-15 08:39:53.45","#WAH727",50.00,68.00,93.00,120.90,"2024-02-06","134706133","WH",4,,,,"","ALMA","WAH727A1",30069,5002,"2024-02-06","2024-03-06","USD",93.00,100,"3XS:20|2XS:20|XS:20|S:10|M:10|L:10|XL:10"
272728,"2023-09-15 08:39:53.45","#WAH728",50.00,68.00,93.00,120.90,"2024-02-06","134706335","WH",4,,,,"","ALMA","WAH728A1",30070,4002,"2024-02-06","2024-03-06","USD",93.00,100,"3XS:20|2XS:20|XS:20|S:10|M:10|L:10|XL:10"
272729,"2023-09-15 08:39:53.45","#WAH729",50.00,68.00,93.00,120.90,"2024-02-06","134706527","WH",4,,,,"","ALMA","WAH729A1",30071,3002,"2024-02-06","2024-03-06","USD",93.00,100,"3XS:20|2XS:20|XS:20|S:10|M:10|L:10|XL:10"
272730,"2023-09-15 08:39:53.45","#WAH730",50.00,68.00,93.00,120.90,"2024-02-06","134714804","WH",4,,,,"","ALMA","WAH730A1",30072,1002,"2024-02-06","2024-03-06","USD",93.00,100,"3XS:20|2XS:20|XS:20|S:10|M:10|L:10|XL:10"
272731,"2023-09-15 08:39:53.45","#WAH731",50.00,68.00,93.00,120.90,"2024-02-06","134715003","WH",4,,,,"","ALMA","WAH731A1",30073,8002,"2024-02-06","2024-03-06","USD",93.00,100,"3XS:20|2XS:20|XS:20|S:10|M:10|L:10|XL:10"
272732,"2023-09-15 08:39:53.45","#WAH732",50.00,68.00,93.00,120.90,"2024-02-06","134715204","WH",4,,,,"","ALMA","WAH732A1",30074,6002,"2024-02-06","2024-03-06","USD",93.00,100,"3XS:20|2XS:20|XS:20|S:10|M:10|L:10|XL:10"
272733,"2023-09-15 08:39:53.45","#WAH733",50.00,68.00,93.00,120.90,"2024-02-06","134712401","WH",4,,,,"","ALMA","WAH733A1",30075,5002,"2024-02-06","2024-03-06","USD",93.00,100,"3XS:20|2XS:20|XS:20|S:10|M:10|L:10|XL:10"
272734,"2023-09-15 08:39:53.45","#WAH734",50.00,68.00,93.00,120.90,"2024-02-06","134712442","WH",4,,,,"","ALMA","WAH734A1",30076,4002,"2024-02-06","2024-03-06","USD",93.00,100,"3XS:20|2XS:20|XS:20|S:10|M:10|L:10|XL:10"
272735,"2023-09-15 08:39:53.45","#WAH735",50.00,68.00,93.00,120.90,"2024-02-06","134712578","WH",4,,,,"","ALMA","WAH735A1",30077,3002,"2024-02-06","2024-03-06","USD",93.00,100,"3XS:20|2XS:20|XS:20|S:10|M:10|L:10|XL:10"
272736,"2023-09-15 08:39:53.45","#WAH736",50.00,68.00,93.00,120.90,"2024-02-06","134712656","WH",4,,,,"","ALMA","WAH736A1",30078,1002,"2024-02-06","2024-03-06","USD",93.00,100,"3XS:20|2XS:20|XS:20|S:10|M:10|L:10|XL:10"
272737,"2023-09-15 08:39:53.45","#WAH737",50.00,68.00,93.00,120.90,"2024-02-06","134708337","WH",4,,,,"","ALMA","WAH737A1",30013,8002,"2024-02-06","2024-03-06","USD",93.00,100,"3XS:20|2XS:20|XS:20|S:10|M:10|L:10|XL:10"
272738,"2023-09-15 08:39:53.45","#WAH738",50.00,68.00,93.00,120.90,"2024-02-06","134708534","WH",4,,,,"","ALMA","WAH738A1",30022,6002,"2024-02-06","2024-03-06","USD",93.00,100,"3XS:20|2XS:20|XS:20|S:10|M:10|L:10|XL:10"
272739,"2023-09-15 08:39:53.45","#WAH739",50.00,68.00,93.00,120.90,"2024-02-06","134708735","WH",4,,,,"","ALMA","WAH739A1",30025,5002,"2024-02-06","2024-03-06","USD",93.00,100,"3XS:20|2XS:20|XS:20|S:10|M:10|L:10|XL:10"
272740,"2023-09-15 08:39:53.45","#WAH740",50.00,68.00,93.00,120.90,"2024-02-06","134706623","WH",4,,,,"","ALMA","WAH740A1",30026,4002,"2024-02-06","2024-03-06","USD",93.00,100,"3XS:20|2XS:20|XS:20|S:10|M:10|L:10|XL:10"
272741,"2023-09-15 08:39:53.45","#WAH741",50.00,68.00,93.00,120.90,"2024-02-06","134706818","WH",4,,,,"","ALMA","WAH741A1",30027,3002,"2024-02-06","2024-03-06","USD",93.00,100,"3XS:20|2XS:20|XS:20|S:10|M:10|L:10|XL:10"
272742,"2023-09-15 08:39:53.45","#WAH742",50.00,68.00,93.00,120.90,"2024-02-06","134707007","WH",4,,,,"","ALMA","WAH742A1",30029,1002,"2024-02-06","2024-03-06","USD",93.00,100,"3XS:20|2XS:20|XS:20|S:10|M:10|L:10|XL:10"
272743,"2023-09-15 08:39:53.45","#WAH743",50.00,68.00,93.00,120.90,"2024-02-06","134706726","WH",4,,,,"","ALMA","WAH743A1",30045,8002,"2024-02-06","2024-03-06","USD",93.00,100,"3XS:20|2XS:20|XS:20|S:10|M:10|L:10|XL:10"
272744,"2023-09-15 08:39:53.45","#WAH744",50.00,68.00,93.00,120.90,"2024-02-06","134706928","WH",4,,,,"","ALMA","WAH744A1",30046,6002,"2024-02-06","2024-03-06","USD",93.00,100,"3XS:20|2XS:20|XS:20|S:10|M:10|L:10|XL:10"
272745,"2023-09-15 08:39:53.45","#WAH745",50.00,68.00,93.00,120.90,"2024-02-06","134707105","WH",4,,,,"","ALMA","WAH745A1",30047,5002,"2024-02-06","2024-03-06","USD",93.00,100,"3XS:20|2XS:20|XS:20|S:10|M:10|L:10|XL:10"
272746,"2023-09-15 08:39:53.45","#WAH746",50.00,68.00,93.00,120.90,"2024-02-06","134715419","WH",4,,,,"","ALMA","WAH746A1",30065,4002,"2024-02-06","2024-03-06","USD",93.00,100,"3XS:20|2XS:20|XS:20|S:10|M:10|L:10|XL:10"
272747,"2023-09-15 08:39:53.45","#WAH747",50.00,68.00,93.00,120.90,"2024-02-06","134712774","WH",4,,,,"","ALMA","WAH747A1",30066,3002,"2024-02-06","2024-03-06","USD",93.00,100,"3XS:20|2XS:20|XS:20|S:10|M:10|L:10|XL:10"
272748,"2023-09-15 08:39:53.45","#WAH748",50.00,68.00,93.00,120.90,"2024-02-06","134712849","WH",4,,,,"","ALMA","WAH748A1",30067,1002,"2024-02-06","2024-03-06","USD",93.00,100,"3XS:20|2XS:20|XS:20|S:10|M:10|L:10|XL:10"
272749,"2023-09-15 08:39:53.45","#WAH749",50.00,68.00,93.00,120.90,"2024-02-06","134712979","WH",4,,,,"","ALMA","WAH749A1",30068,8002,"2024-02-06","2024-03-06","USD",93.00,100,"3XS:20|2XS:20|XS:20|S:10|M:10|L:10|XL:10"
272750,"2023-09-15 08:39:53.45","#WAH750",50.00,68.00,93.00,120.90,"2024-02-06","134708934","WH",4,,,,"","ALMA","WAH750A1",30069,6002,"2024-02-06","2024-03-06","USD",93.00,100,"3XS:20|2XS:20|XS:20|S:10|M:10|L:10|XL:10"
272751,"2023-09-15 08:39:53.45","#WAH751",50.00,68.00,93.00,120.90,"2024-02-06","134709128","WH",4,,,,"","ALMA","WAH751A1",30070,5002,"2024-02-06","2024-03-06","USD",93.00,100,"3XS:20|2XS:20|XS:20|S:10|M:10|L:10|XL:10"
272752,"2023-09-15 08:39:53.45","#WAH752",50.00,68.00,93.00,120.90,"2024-02-06","134709321","WH",4,,,,"","ALMA","WAH752A1",30071,4002,"2024-02-06","2024-03-06","USD",93.00,100,"3XS:20|2XS:20|XS:20|S:10|M:10|L:10|XL:10"
272753,"2023-09-15 08:39:53.45","#WAH753",50.00,68.00,93.00,120.90,"2024-02-06","134707211","WH",4,,,,"","ALMA","WAH753A1",30072,3002,"2024-02-06","2024-03-06","USD",93.00,100,"3XS:20|2XS:20|XS:20|S:10|M:10|L:10|XL:10"
272754,"2023-09-15 08:39:53.45","#WAH754",50.00,68.00,93.00,120.90,"2024-02-06","134707417","WH",4,,,,"","ALMA","WAH754A1",30073,1002,"2024-02-06","2024-03-06","USD",93.00,100,"3XS:20|2XS:20|XS:20|S:10|M:10|L:10|XL:10"
272755,"2023-09-15 08:39:53.45","#WAH755",50.00,68.00,93.00,120.90,"2024-02-06","134707624","WH",4,,,,"","ALMA","WAH755A1",30074,8002,"2024-02-06","2024-03-06","USD",93.00,100,"3XS:20|2XS:20|XS:20|S:10|M:10|L:10|XL:10"
272756,"2023-09-15 08:39:53.45","#WAH756",50.00,68.00,93.00,120.90,"2024-02-06","134707625","WH",4,,,,"","ALMA","WAH756A1",30075,6002,"2024-02-06","2024-03-06","USD",93.00,100,"3XS:20|2XS:20|XS:20|S:10|M:10|L:10|XL:10"
272757,"2023-09-15 08:39:53.45","#WAH757",50.00,68.00,93.00,120.90,"2024-02-06","134707808","WH",4,,,,"","ALMA","WAH757A1",30076,5002,"2024-02-06","2024-03-06","USD",93.00,100,"3XS:20|2XS:20|XS:20|S:10|M:10|L:10|XL:10"
272758,"2023-09-15 08:39:53.45","#WAH758",50.00,68.00,93.00,120.90,"2024-02-06","134708018","WH",4,,,,"","ALMA","WAH758A1",30077,4002,"2024-02-06","2024-03-06","USD",93.00,100,"3XS:20|2XS:20|XS:20|S:10|M:10|L:10|XL:10"
272759,"2023-09-15 08:39:53.45","#WAH759",50.00,68.00,93.00,120.90,"2024-02-06","134708272","WH",4,,,,"","ALMA","WAH759A1",30078,3002,"2024-02-06","2024-03-06","USD",93.00,100,"3XS:20|2XS:20|XS:20|S:10|M:10|L:10|XL:10"
272760,"2023-09-15 08:39:53.45","#WAH760",50.00,68.00,93.00,120.90,"2024-02-06","134708479","WH",4,,,,"","ALMA","WAH760A1",30013,1002,"2024-02-06","2024-03-06","USD",93.00,100,"3XS:20|2XS:20|XS:20|S:10|M:10|L:10|XL:10"
272761,"2023-09-15 08:39:53.45","#WAH761",50.00,68.00,93.00,120.90,"2024-02-06","134708680","WH",4,,,,"","ALMA","WAH761A1",30022,8002,"2024-02-06","2024-03-06","USD",93.00,100,"3XS:20|2XS:20|XS:20|S:10|M:10|L:10|XL:10"
272762,"2023-09-15 08:39:53.45","#WAH762",50.00,68.00,93.00,120.90,"2024-02-06","134708201","WH",4,,,,"","ALMA","WAH762A1",30025,6002,"2024-02-06","2024-03-06","USD",93.00,100,"3XS:20|2XS:20|XS:20|S:10|M:10|L:10|XL:10"
272763,"2023-09-15 08:39:53.45","#WAH763",50.00,68.00,93.00,120.90,"2024-02-06","134708419","WH",4,,,,"","ALMA","WAH763A1",30026,5002,"2024-02-06","2024-03-06","USD",93.00,100,"3XS:20|2XS:20|XS:20|S:10|M:10|L:10|XL:10"
272764,"2023-09-15 08:39:53.45","#WAH764",50.00,68.00,93.00,120.90,"2024-02-06","134708617","WH",4,,,,"","ALMA","WAH764A1",30027,4002,"2024-02-06","2024-03-06","USD",93.00,100,"3XS:20|2XS:20|XS:20|S:10|M:10|L:10|XL:10"
272765,"2023-09-15 08:39:53.45","#WAH765",50.00,68.00,93.00,120.90,"2024-02-06","134708856","WH",4,,,,"","ALMA","WAH765A1",30029,3002,"2024-02-06","2024-03-06","USD",93.00,100,"3XS:20|2XS:20|XS:20|S:10|M:10|L:10|XL:10"
272766,"2023-09-15 08:39:53.45","#WAH766",50.00,68.00,93.00,120.90,"2024-02-06","134709081","WH",4,,,,"","ALMA","WAH766A1",30045,1002,"2024-02-06","2024-03-06","USD",93.00,100,"3XS:20|2XS:20|XS:20|S:10|M:10|L:10|XL:10"
272767,"2023-09-15 08:39:53.45","#WAH767",50.00,68.00,93.00,120.90,"2024-02-06","134709258","WH",4,,,,"","ALMA","WAH767A1",30046,8002,"2024-02-06","2024-03-06","USD",93.00,100,"3XS:20|2XS:20|XS:20|S:10|M:10|L:10|XL:10"
272768,"2023-09-15 08:39:53.45","#WAH768",50.00,68.00,93.00,120.90,"2024-02-06","134709758","WH",4,,,,"","ALMA","WAH768A1",30047,6002,"2024-02-06","2024-03-06","USD",93.00,100,"3XS:20|2XS:20|XS:20|S:10|M:10|L:10|XL:10"
272769,"2023-09-15 08:39:53.45","#WAH769",50.00,68.00,93.00,120.90,"2024-02-06","134709957","WH",4,,,,"","ALMA","WAH769A1",30065,5002,"2024-02-06","2024-03-06","USD",93.00,100,"3XS:20|2XS:20|XS:20|S:10|M:10|L:10|XL:10"
272770,"2023-09-15 08:39:53.45","#WAH770",50.00,68.00,93.00,120.90,"2024-02-06","134710158","WH",4,,,,"","ALMA","WAH770A1",30066,4002,"2024-02-06","2024-03-06","USD",93.00,100,"3XS:20|2XS:20|XS:20|S:10|M:10|L:10|XL:10"
272771,"2023-09-15 08:39:53.45","#WAH771",50.00,68.00,93.00,120.90,"2024-02-06","134710343","WH",4,,,,"","ALMA","WAH771A1",30067,3002,"2024-02-06","2024-03-06","USD",93.00,100,"3XS:20|2XS:20|XS:20|S:10|M:10|L:10|XL:10"
272772,"2023-09-15 08:39:53.45","#WAH772",50.00,68.00,93.00,120.90,"2024-02-06","134708794","WH",4,,,,"","ALMA","WAH772A1",30068,1002,"2024-02-06","2024-03-06","USD",93.00,100,"3XS:20|2XS:20|XS:20|S:10|M:10|L:10|XL:10"
272773,"2023-09-15 08:39:53.45","#WAH773",50.00,68.00,93.00,120.90,"2024-02-06","134709003","WH",4,,,,"","ALMA","WAH773A1",30069,8002,"2024-02-06","2024-03-06","USD",93.00,100,"3XS:20|2XS:20|XS:20|S:10|M:10|L:10|XL:10"
272774,"2023-09-15 08:39:53.45","#WAH774",50.00,68.00,93.00,120.90,"2024-02-06","134709210","WH",4,,,,"","ALMA","WAH774A1",30070,6002,"2024-02-06","2024-03-06","USD",93.00,100,"3XS:20|2XS:20|XS:20|S:10|M:10|L:10|XL:10"
272775,"2023-09-15 08:39:53.45","#WAH775",50.00,68.00,93.00,120.90,"2024-02-06","134709459","WH",4,,,,"","ALMA","WAH775A1",30071,5002,"2024-02-06","2024-03-06","USD",93.00,100,"3XS:20|2XS:20|XS:20|S:10|M:10|L:10|XL:10"
272776,"2023-09-15 08:39:53.45","#WAH776",50.00,68.00,93.00,120.90,"2024-02-06","134709642","WH",4,,,,"","ALMA","WAH776A1",30072,4002,"2024-02-06","2024-03-06","USD",93.00,100,"3XS:20|2XS:20|XS:20|S:10|M:10|L:10|XL:10"
272777,"2023-09-15 08:39:53.45","#WAH777",50.00,68.00,93.00,120.90,"2024-02-06","134709833","WH",4,,,,"","ALMA","WAH777A1",30073,3002,"2024-02-06","2024-03-06","USD",93.00,100,"3XS:20|2XS:20|XS:20|S:10|M:10|L:10|XL:10"
272778,"2023-09-15 08:39:53.45","#WAH778",50.00,68.00,93.00,120.90,"2024-02-06","134710030","WH",4,,,,"","ALMA","WAH778A1",30074,1002,"2024-02-06","2024-03-06","USD",93.00,100,"3XS:20|2XS:20|XS:20|S:10|M:10|L:10|XL:10"
272779,"2023-09-15 08:39:53.45","#WAH779",50.00,68.00,93.00,120.90,"2024-02-06","134710541","WH",4,,,,"","ALMA","WAH779A1",30075,8002,"2024-02-06","2024-03-06","USD",93.00,100,"3XS:20|2XS:20|XS:20|S:10|M:10|L:10|XL:10"
272780,"2023-09-15 08:39:53.45","#WAH780",50.00,68.00,93.00,120.90,"2024-02-06","134710734","WH",4,,,,"","ALMA","WAH780A1",30076,6002,"2024-02-06","2024-03-06","USD",93.00,100,"3XS:20|2XS:20|XS:20|S:10|M:10|L:10|XL:10"
272781,"2023-09-15 08:39:53.45","#WAH781",50.00,68.00,93.00,120.90,"2024-02-06","134710920","WH",4,,,,"","ALMA","WAH781A1",30077,5002,"2024-02-06","2024-03-06","USD",93.00,100,"3XS:20|2XS:20|XS:20|S:10|M:10|L:10|XL:10"
272782,"2023-09-15 08:39:53.45","#WAH782",50.00,68.00,93.00,120.90,"2024-02-06","134709412","WH",4,,,,"","ALMA","WAH782A1",30078,4002,"2024-02-06","2024-03-06","USD",93.00,100,"3XS:20|2XS:20|XS:20|S:10|M:10|L:10|XL:10"
272783,"2023-09-15 08:39:53.45","#WAH783",50.00,68.00,93.00,120.90,"2024-02-06","134709608","WH",4,,,,"","ALMA","WAH783A1",30013,3002,"2024-02-06","2024-03-06","USD",93.00,100,"3XS:20|2XS:20|XS:20|S:10|M:10|L:10|XL:10"
272784,"2023-09-15 08:39:53.45","#WAH784",50.00,68.00,93.00,120.90,"2024-02-06","134709843","WH",4,,,,"","ALMA","WAH784A1",30022,1002,"2024-02-06","2024-03-06","USD",93.00,100,"3XS:20|2XS:20|XS:20|S:10|M:10|L:10|XL:10"
272785,"2023-09-15 08:39:53.45","#WAH785",50.00,68.00,93.00,120.90,"2024-02-06","134710032","WH",4,,,,"","ALMA","WAH785A1",30025,8002,"2024-02-06","2024-03-06","USD",93.00,100,"3XS:20|2XS:20|XS:20|S:10|M:10|L:10|XL:10"
272786,"2023-09-15 08:39:53.45","#WAH786",50.00,68.00,93.00,120.90,"2024-02-06","134710244","WH",4,,,,"","ALMA","WAH786A1",30026,6002,"2024-02-06","2024-03-06","USD",93.00,100,"3XS:20|2XS:20|XS:20|S:10|M:10|L:10|XL:10"
272787,"2023-09-15 08:39:53.45","#WAH787",50.00,68.00,93.00,120.90,"2024-02-06","134710443","WH",4,,,,"","ALMA","WAH787A1",30027,5002,"2024-02-06","2024-03-06","USD",93.00,100,"3XS:20|2XS:20|XS:20|S:10|M:10|L:10|XL:10"
272788,"2023-09-15 08:39:53.45","#WAH788",50.00,68.00,93.00,120.90,"2024-02-06","134711034","WH",4,,,,"","ALMA","WAH788A1",30029,4002,"2024-02-06","2024-03-06","USD",93.00,100,"3XS:20|2XS:20|XS:20|S:10|M:10|L:10|XL:10"
272789,"2023-09-15 08:39:53.45","#WAH789",50.00,68.00,93.00,120.90,"2024-02-06","134711120","WH",4,,,,"","ALMA","WAH789A1",30045,3002,"2024-02-06","2024-03-06","USD",93.00,100,"3XS:20|2XS:20|XS:20|S:10|M:10|L:10|XL:10"
272790,"2023-09-15 08:39:53.45","#WAH790",50.00,68.00,93.00,120.90,"2024-02-06","134711322","WH",4,,,,"","ALMA","WAH790A1",30046,1002,"2024-02-06","2024-03-06","USD",93.00,100,"3XS:20|2XS:20|XS:20|S:10|M:10|L:10|XL:10"
272791,"2023-09-15 08:39:53.45","#WAH791",50.00,68.00,93.00,120.90,"2024-02-06","134711530","WH",4,,,,"","ALMA","WAH791A1",30047,8002,"2024-02-06","2024-03-06","USD",93.00,100,"3XS:20|2XS:20|XS:20|S:10|M:10|L:10|XL:10"
272792,"2023-09-15 08:39:53.45","#WAH792",50.00,68.00,93.00,120.90,"2024-02-06","134710216","WH",4,,,,"","ALMA","WAH792A1",30065,6002,"2024-02-06","2024-03-06","USD",93.00,100,"3XS:20|2XS:20|XS:20|S:10|M:10|L:10|XL:10"
272793,"2023-09-15 08:39:53.45","#WAH793",50.00,68.00,93.00,120.90,"2024-02-06","134710416","WH",4,,,,"","ALMA","WAH793A1",30066,5002,"2024-02-06","2024-03-06","USD",93.00,100,"3XS:20|2XS:20|XS:20|S:10|M:10|L:10|XL:10"
272794,"2023-09-15 08:39:53.45","#WAH794",50.00,68.00,93.00,120.90,"2024-02-06","134710615","WH",4,,,,"","ALMA","WAH794A1",30067,4002,"2024-02-06","2024-03-06","USD",93.00,100,"3XS:20|2XS:20|XS:20|S:10|M:10|L:10|XL:10"
272795,"2023-09-15 08:39:53.45","#WAH795",50.00,68.00,93.00,120.90,"2024-02-06","134711219","WH",4,,,,"","ALMA","WAH795A1",30068,3002,"2024-02-06","2024-03-06","USD",93.00,100,"3XS:20|2XS:20|XS:20|S:10|M:10|L:10|XL:10"
272796,"2023-09-15 08:39:53.45","#WAH796",50.00,68.00,93.00,120.90,"2024-02-06","134711419","WH",4,,,,"","ALMA","WAH796A1",30069,1002,"2024-02-06","2024-03-06","USD",93.00,100,"3XS:20|2XS:20|XS:20|S:10|M:10|L:10|XL:10"
272797,"2023-09-15 08:39:53.45","#WAH797",50.00,68.00,93.00,120.90,"2024-02-06","134711609","WH",4,,,,"","ALMA","WAH797A1",30070,8002,"2024-02-06","2024-03-06","USD",93.00,100,"3XS:20|2XS:20|XS:20|S:10|M:10|L:10|XL:10"
272798,"2023-09-15 08:39:53.45","#WAH798",50.00,68.00,93.00,120.90,"2024-02-06","134711727","WH",4,,,,"","ALMA","WAH798A1",30071,6002,"2024-02-06","2024-03-06","USD",93.00,100,"3XS:20|2XS:20|XS:20|S:10|M:10|L:10|XL:10"
272799,"2023-09-15 08:39:53.45","#WAH799",50.00,68.00,93.00,120.90,"2024-02-06","134711920","WH",4,,,,"","ALMA","WAH799A1",30072,5002,"2024-02-06","2024-03-06","USD",93.00,100,"3XS:20|2XS:20|XS:20|S:10|M:10|L:10|XL:10"
272800,"2023-09-15 08:39:53.45","#WAH800",50.00,68.00,93.00,120.90,"2024-02-06","134712098","WH",4,,,,"","ALMA","WAH800A1",30073,4002,"2024-02-06","2024-03-06","USD",93.00,100,"3XS:20|2XS:20|XS:20|S:10|M:10|L:10|XL:10"
272801,"2023-09-15 08:39:53.45","#WAH801",50.00,68.00,93.00,120.90,"2024-02-06","134710792","WH",4,,,,"","ALMA","WAH801A1",30074,3002,"2024-02-06","2024-03-06","USD",93.00,100,"3XS:20|2XS:20|XS:20|S:10|M:10|L:10|XL:10"
272802,"2023-09-15 08:39:53.45","#WAH802",50.00,68.00,93.00,120.90,"2024-02-06","134711807","WH",4,,,,"","ALMA","WAH802A1",30075,1002,"2024-02-06","2024-03-06","USD",93.00,100,"3XS:20|2XS:20|XS:20|S:10|M:10|L:10|XL:10"
272803,"2023-09-15 08:39:53.45","#WAH803",50.00,68.00,93.00,120.90,"2024-02-06","134712000","WH",4,,,,"","ALMA","WAH803A1",30076,8002,"2024-02-06","2024-03-06","USD",93.00,100,"3XS:20|2XS:20|XS:20|S:10|M:10|L:10|XL:10"
272804,"2023-09-15 08:39:53.45","#WAH804",50.00,68.00,93.00,120.90,"2024-02-06","134713889","WH",4,,,,"","ALMA","WAH804A1",30077,6002,"2024-02-06","2024-03-06","USD",93.00,100,"3XS:20|2XS:20|XS:20|S:10|M:10|L:10|XL:10"
272805,"2023-09-15 08:39:53.45","#WAH805",50.00,68.00,93.00,120.90,"2024-02-06","134712306","WH",4,,,,"","ALMA","WAH805A1",30078,5002,"2024-02-06","2024-03-06","USD",93.00,100,"3XS:20|2XS:20|XS:20|S:10|M:10|L:10|XL:10"
272806,"2023-09-15 08:39:53.45","#WAH806",50.00,68.00,93.00,120.90,"2024-02-06","134712513","WH",4,,,,"","ALMA","WAH806A1",30013,4002,"2024-02-06","2024-03-06","USD",93.00,100,"3XS:20|2XS:20|XS:20|S:10|M:10|L:10|XL:10"
272807,"2023-09-15 08:39:53.45","#WAH807",50.00,68.00,93.00,120.90,"2024-02-06","134712705","WH",4,,,,"","ALMA","WAH807A1",30022,3002,"2024-02-06","2024-03-06","USD",93.00,100,"3XS:20|2XS:20|XS:20|S:10|M:10|L:10|XL:10"
272808,"2023-09-15 08:39:53.45","#WAH808",50.00,68.00,93.00,120.90,"2024-02-06","134712906","WH",4,,,,"","ALMA","WAH808A1",30025,1002,"2024-02-06","2024-03-06","USD",93.00,100,"3XS:20|2XS:20|XS:20|S:10|M:10|L:10|XL:10"
272809,"2023-09-15 08:39:53.45","#WAH809",50.00,68.00,93.00,120.90,"2024-02-06","134700903","WH",4,,,,"","ALMA","WAH809A1",30026,8002,"2024-02-06","2024-03-06","USD",93.00,100,"3XS:20|2XS:20|XS:20|S:10|M:10|L:10|XL:10"
272810,"2023-09-15 08:39:53.45","#WAH810",50.00,68.00,93.00,120.90,"2024-02-06","134701111","WH",4,,,,"","ALMA","WAH810A1",30027,6002,"2024-02-06","2024-03-06","USD",93.00,100,"3XS:20|2XS:20|XS:20|S:10|M:10|L:10|XL:10"
272811,"2023-09-15 08:39:53.45","#WAH811",50.00,68.00,93.00,120.90,"2024-02-06","134701318","WH",4,,,,"","ALMA","WAH811A1",30029,5002,"2024-02-06","2024-03-06","USD",93.00,100,"3XS:20|2XS:20|XS:20|S:10|M:10|L:10|XL:10"
272812,"2023-09-15 08:39:53.45","#WAH812",50.00,68.00,93.00,120.90,"2024-02-06","134700904","WH",4,,,,"","ALMA","WAH812A1",30045,4002,"2024-02-06","2024-03-06","USD",93.00,100,"3XS:20|2XS:20|XS:20|S:10|M:10|L:10|XL:10"
272813,"2023-09-15 08:39:53.45","#WAH813",50.00,68.00,93.00,120.90,"2024-02-06","134701119","WH",4,,,,"","ALMA","WAH813A1",30046,3002,"2024-02-06","2024-03-06","USD",93.00,100,"3XS:20|2XS:20|XS:20|S:10|M:10|L:10|XL:10"
272814,"2023-09-15 08:39:53.45","#WAH814",50.00,68.00,93.00,120.90,"2024-02-06","134701310","WH",4,,,,"","ALMA","WAH814A1",30047,1002,"2024-02-06","2024-03-06","USD",93.00,100,"3XS:20|2XS:20|XS:20|S:10|M:10|L:10|XL:10"
272815,"2023-09-15 08:39:53.45","#WAH815",50.00,68.00,93.00,120.90,"2024-02-06","134701538","WH",4,,,,"","ALMA","WAH815A1",30065,8002,"2024-02-06","2024-03-06","USD",93.00,100,"3XS:20|2XS:20|XS:20|S:10|M:10|L:10|XL:10"
272816,"2023-09-15 08:39:53.45","#WAH816",50.00,68.00,93.00,120.90,"2024-02-06","134714088","WH",4,,,,"","ALMA","WAH816A1",30066,6002,"2024-02-06","2024-03-06","USD",93.00,100,"3XS:20|2XS:20|XS:20|S:10|M:10|L:10|XL:10"
272817,"2023-09-15 08:39:53.45","#WAH817",50.00,68.00,93.00,120.90,"2024-02-06","134714290","WH",4,,,,"","ALMA","WAH817A1",30067,5002,"2024-02-06","2024-03-06","USD",93.00,100,"3XS:20|2XS:20|XS:20|S:10|M:10|L:10|XL:10"
272818,"2023-09-15 08:39:53.45","#WAH818",50.00,68.00,93.00,120.90,"2024-02-06","134714497","WH",4,,,,"","ALMA","WAH818A1",30068,4002,"2024-02-06","2024-03-06","USD",93.00,100,"3XS:20|2XS:20|XS:20|S:10|M:10|L:10|XL:10"
272819,"2023-09-15 08:39:53.45","#WAH819",50.00,68.00,93.00,120.90,"2024-02-06","134714697","WH",4,,,,"","ALMA","WAH819A1",30069,3002,"2024-02-06","2024-03-06","USD",93.00,100,"3XS:20|2XS:20|XS:20|S:10|M:10|L:10|XL:10"
272820,"2023-09-15 08:39:53.45","#WAH820",50.00,68.00,93.00,120.90,"2024-02-06","134713099","WH",4,,,,"","ALMA","WAH820A1",30070,1002,"2024-02-06","2024-03-06","USD",93.00,100,"3XS:20|2XS:20|XS:20|S:10|M:10|L:10|XL:10"
272821,"2023-09-15 08:39:53.45","#WAH821",50.00,68.00,93.00,120.90,"2024-02-06","134713297","WH",4,,,,"","ALMA","WAH821A1",30071,8002,"2024-02-06","2024-03-06","USD",93.00,100,"3XS:20|2XS:20|XS:20|S:10|M:10|L:10|XL:10"
272822,"2023-09-15 08:39:53.45","#WAH822",50.00,68.00,93.00,120.90,"2024-02-06","134713488","WH",4,,,,"","ALMA","WAH822A1",30072,6002,"2024-02-06","2024-03-06","USD",93.00,100,"3XS:20|2XS:20|XS:20|S:10|M:10|L:10|XL:10"
272823,"2023-09-15 08:39:53.45","#WAH823",50.00,68.00,93.00,120.90,"2024-02-06","134701517","WH",4,,,,"","ALMA","WAH823A1",30073,5002,"2024-02-06","2024-03-06","USD",93.00,100,"3XS:20|2XS:20|XS:20|S:10|M:10|L:10|XL:10"
272824,"2023-09-15 08:39:53.45","#WAH824",50.00,68.00,93.00,120.90,"2024-02-06","134701730","WH",4,,,,"","ALMA","WAH824A1",30074,4002,"2024-02-06","2024-03-06","USD",93.00,100,"3XS:20|2XS:20|XS:20|S:10|M:10|L:10|XL:10"
272825,"2023-09-15 08:39:53.45","#WAH825",50.00,68.00,93.00,120.90,"2024-02-06","134701970","WH",4,,,,"","ALMA","WAH825A1",30075,3002,"2024-02-06","2024-03-06","USD",93.00,100,"3XS:20|2XS:20|XS:20|S:10|M:10|L:10|XL:10"
272826,"2023-09-15 08:39:53.45","#WAH826",50.00,68.00,93.00,120.90,"2024-02-06","134702213","WH",4,,,,"","ALMA","WAH826A1",30076,1002,"2024-02-06","2024-03-06","USD",93.00,100,"3XS:20|2XS:20|XS:20|S:10|M:10|L:10|XL:10"
272827,"2023-09-15 08:39:53.45","#WAH827",50.00,68.00,93.00,120.90,"2024-02-06","134702162","WH",4,,,,"","ALMA","WAH827A1",30077,8002,"2024-02-06","2024-03-06","USD",93.00,100,"3XS:20|2XS:20|XS:20|S:10|M:10|L:10|XL:10"
272828,"2023-09-15 08:39:53.45","#WAH828",50.00,68.00,93.00,120.90,"2024-02-06","134702465","WH",4,,,,"","ALMA","WAH828A1",30078,6002,"2024-02-06","2024-03-06","USD",93.00,100,"3XS:20|2XS:20|XS:20|S:10|M:10|L:10|XL:10"
272829,"2023-09-15 08:39:53.45","#WAH829",50.00,68.00,93.00,120.90,"2024-02-06","134702656","WH",4,,,,"","ALMA","WAH829A1",30013,5002,"2024-02-06","2024-03-06","USD",93.00,100,"3XS:20|2XS:20|XS:20|S:10|M:10|L:10|XL:10"
272830,"2023-09-15 08:39:53.45","#WAH830",50.00,68.00,93.00,120.90,"2024-02-06","134714895","WH",4,,,,"","ALMA","WAH830A1",30022,4002,"2024-02-06","2024-03-06","USD",93.00,100,"3XS:20|2XS:20|XS:20|S:10|M:10|L:10|XL:10"
272831,"2023-09-15 08:39:53.45","#WAH831",50.00,68.00,93.00,120.90,"2024-02-06","134715088","WH",4,,,,"","ALMA","WAH831A1",30025,3002,"2024-02-06","2024-03-06","USD",93.00,100,"3XS:20|2XS:20|XS:20|S:10|M:10|L:10|XL:10"
272832,"2023-09-15 08:39:53.45","#WAH832",50.00,68.00,93.00,120.90,"2024-02-06","134715280","WH",4,,,,"","ALMA","WAH832A1",30026,1002,"2024-02-06","2024-03-06","USD",93.00,100,"3XS:20|2XS:20|XS:20|S:10|M:10|L:10|XL:10"
272833,"2023-09-15 08:39:53.45","#WAH833",50.00,68.00,93.00,120.90,"2024-02-06","134713680","WH",4,,,,"","ALMA","WAH833A1",30027,8002,"2024-02-06","2024-03-06","USD",93.00,100,"3XS:20|2XS:20|XS:20|S:10|M:10|L:10|XL:10"
272834,"2023-09-15 08:39:53.45","#WAH834",50.00,68.00,93.00,120.90,"2024-02-06","134713879","WH",4,,,,"","ALMA","WAH834A1",30029,6002,"2024-02-06","2024-03-06","USD",93.00,100,"3XS:20|2XS:20|XS:20|S:10|M:10|L:10|XL:10"
272835,"2023-09-15 08:39:53.45","#WAH835",50.00,68.00,93.00,120.90,"2024-02-06","134714065","WH",4,,,,"","ALMA","WAH835A1",30045,5002,"2024-02-06","2024-03-06","USD",93.00,100,"3XS:20|2XS:20|XS:20|S:10|M:10|L:10|XL:10"
272836,"2023-09-15 08:39:53.45","#WAH836",50.00,68.00,93.00,120.90,"2024-02-06","134702412","WH",4,,,,"","ALMA","WAH836A1",30046,4002,"2024-02-06","2024-03-06","USD",93.00,100,"3XS:20|2XS:20|XS:20|S:10|M:10|L:10|XL:10"
272837,"2023-09-15 08:39:53.45","#WAH837",50.00,68.00,93.00,120.90,"2024-02-06","134702611","WH",4,,,,"","ALMA","WAH837A1",30047,3002,"2024-02-06","2024-03-06","USD",93.00,100,"3XS:20|2XS:20|XS:20|S:10|M:10|L:10|XL:10"
272838,"2023-09-15 08:39:53.45","#WAH838",50.00,68.00,93.00,120.90,"2024-02-06","134702846","WH",4,,,,"","ALMA","WAH838A1",30065,1002,"2024-02-06","2024-03-06","USD",93.00,100,"3XS:20|2XS:20|XS:20|S:10|M:10|L:10|XL:10"
272839,"2023-09-15 08:39:53.45","#WAH839",50.00,68.00,93.00,120.90,"2024-02-06","134702848","WH",4,,,,"","ALMA","WAH839A1",30066,8002,"2024-02-06","2024-03-06","USD",93.00,100,"3XS:20|2XS:20|XS:20|S:10|M:10|L:10|XL:10"
272840,"2023-09-15 08:39:53.45","#WAH840",50.00,68.00,93.00,120.90,"2024-02-06","134703073","WH",4,,,,"","ALMA","WAH840A1",30067,6002,"2024-02-06","2024-03-06","USD",93.00,100,"3XS:20|2XS:20|XS:20|S:10|M:10|L:10|XL:10"
272841,"2023-09-15 08:39:53.45","#WAH841",50.00,68.00,93.00,120.90,"2024-02-06","134703270","WH",4,,,,"","ALMA","WAH841A1",30068,5002,"2024-02-06","2024-03-06","USD",93.00,100,"3XS:20|2XS:20|XS:20|S:10|M:10|L:10|XL:10"
272842,"2023-09-15 08:39:53.45","#WAH842",50.00,68.00,93.00,120.90,"2024-02-06","134715475","WH",4,,,,"","ALMA","WAH842A1",30069,4002,"2024-02-06","2024-03-06","USD",93.00,100,"3XS:20|2XS:20|XS:20|S:10|M:10|L:10|XL:10"
272843,"2023-09-15 08:39:53.45","#WAH843",50.00,68.00,93.00,120.90,"2024-02-06","134715622","WH",4,,,,"","ALMA","WAH843A1",30070,3002,"2024-02-06","2024-03-06","USD",93.00,100,"3XS:20|2XS:20|XS:20|S:10|M:10|L:10|XL:10"
272844,"2023-09-15 08:39:53.45","#WAH844",50.00,68.00,93.00,120.90,"2024-02-06","134714265","WH",4,,,,"","ALMA","WAH844A1",30071,1002,"2024-02-06","2024-03-06","USD",93.00,100,"3XS:20|2XS:20|XS:20|S:10|M:10|L:10|XL:10"
272845,"2023-09-15 08:39:53.45","#WAH845",50.00,68.00,93.00,120.90,"2024-02-06","134714450","WH",4,,,,"","ALMA","WAH845A1",30072,8002,"2024-02-06","2024-03-06","USD",93.00,100,"3XS:20|2XS:20|XS:20|S:10|M:10|L:10|XL:10"
272846,"2023-09-15 08:39:53.45","#WAH846",50.00,68.00,93.00,120.90,"2024-02-06","134703032","WH",4,,,,"","ALMA","WAH846A1",30073,6002,"2024-02-06","2024-03-06","USD",93.00,100,"3XS:20|2XS:20|XS:20|S:10|M:10|L:10|XL:10"
272847,"2023-09-15 08:39:53.45","#WAH847",50.00,68.00,93.00,120.90,"2024-02-06","134703225","WH",4,,,,"","ALMA","WAH847A1",30074,5002,"2024-02-06","2024-03-06","USD",93.00,100,"3XS:20|2XS:20|XS:20|S:10|M:10|L:10|XL:10"
272848,"2023-09-15 08:39:53.45","#WAH848",50.00,68.00,93.00,120.90,"2024-02-06","134703425","WH",4,,,,"","ALMA","WAH848A1",30075,4002,"2024-02-06","2024-03-06","USD",93.00,100,"3XS:20|2XS:20|XS:20|S:10|M:10|L:10|XL:10"
272849,"2023-09-15 08:39:53.45","#WAH849",50.00,68.00,93.00,120.90,"2024-02-06","134703472","WH",4,,,,"","ALMA","WAH849A1",30076,3002,"2024-02-06","2024-03-06","USD",93.00,100,"3XS:20|2XS:20|XS:20|S:10|M:10|L:10|XL:10"
272850,"2023-09-15 08:39:53.45","#WAH850",50.00,68.00,93.00,120.90,"2024-02-06","134703697","WH",4,,,,"","ALMA","WAH850A1",30077,1002,"2024-02-06","2024-03-06","USD",93.00,100,"3XS:20|2XS:20|XS:20|S:10|M:10|L:10|XL:10"
272851,"2023-09-15 08:39:53.45","#WAH851",50.00,68.00,93.00,120.90,"2024-02-06","134703898","WH",4,,,,"","ALMA","WAH851A1",30078,8002,"2024-02-06","2024-03-06","USD",93.00,100,"3XS:20|2XS:20|XS:20|S:10|M:10|L:10|XL:10"
272852,"2023-09-15 08:39:53.45","#WAH852",50.00,68.00,93.00,120.90,"2024-02-06","134703625","WH",4,,,,"","ALMA","WAH852A1",30013,6002,"2024-02-06","2024-03-06","USD",93.00,100,"3XS:20|2XS:20|XS:20|S:10|M:10|L:10|XL:10"
272853,"2023-09-15 08:39:53.45","#WAH853",50.00,68.00,93.00,120.90,"2024-02-06","134703826","WH",4,,,,"","ALMA","WAH853A1",30022,5002,"2024-02-06","2024-03-06","USD",93.00,100,"3XS:20|2XS:20|XS:20|S:10|M:10|L:10|XL:10"
272854,"2023-09-15 08:39:53.45","#WAH854",50.00,68.00,93.00,120.90,"2024-02-06","134704017","WH",4,,,,"","ALMA","WAH854A1",30025,4002,"2024-02-06","2024-03-06","USD",93.00,100,"3XS:20|2XS:20|XS:20|S:10|M:10|L:10|XL:10"
272855,"2023-09-15 08:39:53.45","#WAH855",50.00,68.00,93.00,120.90,"2024-02-06","134704163","WH",4,,,,"","ALMA","WAH855A1",30026,3002,"2024-02-06","2024-03-06","USD",93.00,100,"3XS:20|2XS:20|XS:20|S:10|M:10|L:10|XL:10"
272856,"2023-09-15 08:39:53.45","#WAH856",50.00,68.00,93.00,120.90,"2024-02-06","134704361","WH",4,,,,"","ALMA","WAH856A1",30027,1002,"2024-02-06","2024-03-06","USD",93.00,100,"3XS:20|2XS:20|XS:20|S:10|M:10|L:10|XL:10"
272857,"2023-09-15 08:39:53.45","#WAH857",50.00,68.00,93.00,120.90,"2024-02-06","134704567","WH",4,,,,"","ALMA","WAH857A1",30029,8002,"2024-02-06","2024-03-06","USD",93.00,100,"3XS:20|2XS:20|XS:20|S:10|M:10|L:10|XL:10"
272858,"2023-09-15 08:39:53.45","#WAH858",50.00,68.00,93.00,120.90,"2024-02-06","134704774","WH",4,,,,"","ALMA","WAH858A1",30045,6002,"2024-02-06","2024-03-06","USD",93.00,100,"3XS:20|2XS:20|XS:20|S:10|M:10|L:10|XL:10"
272859,"2023-09-15 08:39:53.45","#WAH859",50.00,68.00,93.00,120.90,"2024-02-06","134704218","WH",4,,,,"","ALMA","WAH859A1",30046,5002,"2024-02-06","2024-03-06","USD",93.00,100,"3XS:20|2XS:20|XS:20|S:10|M:10|L:10|XL:10"
272860,"2023-09-15 08:39:53.45","#WAH860",50.00,68.00,93.00,120.90,"2024-02-06","134704415","WH",4,,,,"","ALMA","WAH860A1",30047,4002,"2024-02-06","2024-03-06","USD",93.00,100,"3XS:20|2XS:20|XS:20|S:10|M:10|L:10|XL:10"
272861,"2023-09-15 08:39:53.45","#WAH861",50.00,68.00,93.00,120.90,"2024-02-06","134704618","WH",4,,,,"","ALMA","WAH861A1",30065,3002,"2024-02-06","2024-03-06","USD",93.00,100,"3XS:20|2XS:20|XS:20|S:10|M:10|L:10|XL:10"
272862,"2023-09-15 08:39:53.45","#WAH862",50.00,68.00,93.00,120.90,"2024-02-06","134704811","WH",4,,,,"","ALMA","WAH862A1",30066,1002,"2024-02-06","2024-03-06","USD",93.00,100,"3XS:20|2XS:20|XS:20|S:10|M:10|L:10|XL:10"
272863,"2023-09-15 08:39:53.45","#WAH863",50.00,68.00,93.00,120.90,"2024-02-06","134704975","WH",4,,,,"","ALMA","WAH863A1",30067,8002,"2024-02-06","2024-03-06","USD",93.00,100,"3XS:20|2XS:20|XS:20|S:10|M:10|L:10|XL:10"
272864,"2023-09-15 08:39:53.45","#WAH864",50.00,68.00,93.00,120.90,"2024-02-06","134705178","WH",4,,,,"","ALMA","WAH864A1",30068,6002,"2024-02-06","2024-03-06","USD",93.00,100,"3XS:20|2XS:20|XS:20|S:10|M:10|L:10|XL:10"
272865,"2023-09-15 08:39:53.45","#WAH865",50.00,68.00,93.00,120.90,"2024-02-06","134705404","WH",4,,,,"","ALMA","WAH865A1",30069,5002,"2024-02-06","2024-03-06","USD",93.00,100,"3XS:20|2XS:20|XS:20|S:10|M:10|L:10|XL:10"
272866,"2023-09-15 08:39:53.45","#WAH866",50.00,68.00,93.00,120.90,"2024-02-06","134704980","WH",4,,,,"","ALMA","WAH866A1",30070,4002,"2024-02-06","2024-03-06","USD",93.00,100,"3XS:20|2XS:20|XS:20|S:10|M:10|L:10|XL:10"
272867,"2023-09-15 08:39:53.45","#WAH867",50.00,68.00,93.00,120.90,"2024-02-06","134705177","WH",4,,,,"","ALMA","WAH867A1",30071,3002,"2024-02-06","2024-03-06","USD",93.00,100,"3XS:20|2XS:20|XS:20|S:10|M:10|L:10|XL:10"
272868,"2023-09-15 08:39:53.45","#WAH868",50.00,68.00,93.00,120.90,"2024-02-06","134705405","WH",4,,,,"","ALMA","WAH868A1",30072,1002,"2024-02-06","2024-03-06","USD",93.00,100,"3XS:20|2XS:20|XS:20|S:10|M:10|L:10|XL:10"
272869,"2023-09-15 08:39:53.45","#WAH869",50.00,68.00,93.00,120.90,"2024-02-06","134705581","WH",4,,,,"","ALMA","WAH869A1",30073,8002,"2024-02-06","2024-03-06","USD",93.00,100,"3XS:20|2XS:20|XS:20|S:10|M:10|L:10|XL:10"
272870,"2023-09-15 08:39:53.45","#WAH870",50.00,68.00,93.00,120.90,"2024-02-06","134705811","WH",4,,,,"","ALMA","WAH870A1",30074,6002,"2024-02-06","2024-03-06","USD",93.00,100,"3XS:20|2XS:20|XS:20|S:10|M:10|L:10|XL:10"
272871,"2023-09-15 08:39:53.45","#WAH871",50.00,68.00,93.00,120.90,"2024-02-06","134706008","WH",4,,,,"","ALMA","WAH871A1",30075,5002,"2024-02-06","2024-03-06","USD",93.00,100,"3XS:20|2XS:20|XS:20|S:10|M:10|L:10|XL:10"
272872,"2023-09-15 08:39:53.45","#WAH872",50.00,68.00,93.00,120.90,"2024-02-06","134705578","WH",4,,,,"","ALMA","WAH872A1",30076,4002,"2024-02-06","2024-03-06","USD",93.00,100,"3XS:20|2XS:20|XS:20|S:10|M:10|L:10|XL:10"
272873,"2023-09-15 08:39:53.45","#WAH873",50.00,68.00,93.00,120.90,"2024-02-06","134705769","WH",4,,,,"","ALMA","WAH873A1",30077,3002,"2024-02-06","2024-03-06","USD",93.00,100,"3XS:20|2XS:20|XS:20|S:10|M:10|L:10|XL:10"
272874,"2023-09-15 08:39:53.45","#WAH874",50.00,68.00,93.00,120.90,"2024-02-06","134706019","WH",4,,,,"","ALMA","WAH874A1",30078,1002,"2024-02-06","2024-03-06","USD",93.00,100,"3XS:20|2XS:20|XS:20|S:10|M:10|L:10|XL:10"
272875,"2023-09-15 08:39:53.45","#WAH875",50.00,68.00,93.00,120.90,"2024-02-06","134706217","WH",4,,,,"","ALMA","WAH875A1",30013,8002,"2024-02-06","2024-03-06","USD",93.00,100,"3XS:20|2XS:20|XS:20|S:10|M:10|L:10|XL:10"
272876,"2023-09-15 08:39:53.45","#WAH876",50.00,68.00,93.00,120.90,"2024-02-06","134706417","WH",4,,,,"","ALMA","WAH876A1",30022,6002,"2024-02-06","2024-03-06","USD",93.00,100,"3XS:20|2XS:20|XS:20|S:10|M:10|L:10|XL:10"
272877,"2023-09-15 08:39:53.45","#WAH877",50.00,68.00,93.00,120.90,"2024-02-06","134706618","WH",4,,,,"","ALMA","WAH877A1",30025,5002,"2024-02-06","2024-03-06","USD",93.00,100,"3XS:20|2XS:20|XS:20|S:10|M:10|L:10|XL:10"
272878,"2023-09-15 08:39:53.45","#WAH878",50.00,68.00,93.00,120.90,"2024-02-06","134706219","WH",4,,,,"","ALMA","WAH878A1",30026,4002,"2024-02-06","2024-03-06","USD",93.00,100,"3XS:20|2XS:20|XS:20|S:10|M:10|L:10|XL:10"
272879,"2023-09-15 08:39:53.45","#WAH879",50.00,68.00,93.00,120.90,"2024-02-06","134706421","WH",4,,,,"","ALMA","WAH879A1",30027,3002,"2024-02-06","2024-03-06","USD",93.00,100,"3XS:20|2XS:20|XS:20|S:10|M:10|L:10|XL:10"
272880,"2023-09-15 08:39:53.45","#WAH880",50.00,68.00,93.00,120.90,"2024-02-06","134706617","WH",4,,,,"","ALMA","WAH880A1",30029,1002,"2024-02-06","2024-03-06","USD",93.00,100,"3XS:20|2XS:20|XS:20|S:10|M:10|L:10|XL:10"
272881,"2023-09-15 08:39:53.45","#WAH881",50.00,68.00,93.00,120.90,"2024-02-06","134706829","WH",4,,,,"","ALMA","WAH881A1",30045,8002,"2024-02-06","2024-03-06","USD",93.00,100,"3XS:20|2XS:20|XS:20|S:10|M:10|L:10|XL:10"
272882,"2023-09-15 08:39:53.45","#WAH882",50.00,68.00,93.00,120.90,"2024-02-06","134707037","WH",4,,,,"","ALMA","WAH882A1",30046,6002,"2024-02-06","2024-03-06","USD",93.00,100,"3XS:20|2XS:20|XS:20|S:10|M:10|L:10|XL:10"
272883,"2023-09-15 08:39:53.45","#WAH883",50.00,68.00,93.00,120.90,"2024-02-06","134707266","WH",4,,,,"","ALMA","WAH883A1",30047,5002,"2024-02-06","2024-03-06","USD",93.00,100,"3XS:20|2XS:20|XS:20|S:10|M:10|L:10|XL:10"
272884,"2023-09-15 08:39:53.45","#WAH884",50.00,68.00,93.00,120.90,"2024-02-06","134707464","WH",4,,,,"","ALMA","WAH884A1",30065,4002,"2024-02-06","2024-03-06","USD",93.00,100,"3XS:20|2XS:20|XS:20|S:10|M:10|L:10|XL:10"
272885,"2023-09-15 08:39:53.45","#WAH885",50.00,68.00,93.00,120.90,"2024-02-06","134706817","WH",4,,,,"","ALMA","WAH885A1",30066,3002,"2024-02-06","2024-03-06","USD",93.00,100,"3XS:20|2XS:20|XS:20|S:10|M:10|L:10|XL:10"
272886,"2023-09-15 08:39:53.45","#WAH886",50.00,68.00,93.00,120.90,"2024-02-06","134707008","WH",4,,,,"","ALMA","WAH886A1",30067,1002,"2024-02-06","2024-03-06","USD",93.00,100,"3XS:20|2XS:20|XS:20|S:10|M:10|L:10|XL:10"
272887,"2023-09-15 08:39:53.45","#WAH887",50.00,68.00,93.00,120.90,"2024-02-06","134707207","WH",4,,,,"","ALMA","WAH887A1",30068,8002,"2024-02-06","2024-03-06","USD",93.00,100,"3XS:20|2XS:20|XS:20|S:10|M:10|L:10|XL:10"
272888,"2023-09-15 08:39:53.45","#WAH888",50.00,68.00,93.00,120.90,"2024-02-06","134707425","WH",4,,,,"","ALMA","WAH888A1",30069,6002,"2024-02-06","2024-03-06","USD",93.00,100,"3XS:20|2XS:20|XS:20|S:10|M:10|L:10|XL:10"
272889,"2023-09-15 08:39:53.45","#WAH889",50.00,68.00,93.00,120.90,"2024-02-06","134707665","WH",4,,,,"","ALMA","WAH889A1",30070,5002,"2024-02-06","2024-03-06","USD",93.00,100,"3XS:20|2XS:20|XS:20|S:10|M:10|L:10|XL:10"
272890,"2023-09-15 08:39:53.45","#WAH890",50.00,68.00,93.00,120.90,"2024-02-06","134707863","WH",4,,,,"","ALMA","WAH890A1",30071,4002,"2024-02-06","2024-03-06","USD",93.00,100,"3XS:20|2XS:20|XS:20|S:10|M:10|L:10|XL:10"
272891,"2023-09-15 08:39:53.45","#WAH891",50.00,68.00,93.00,120.90,"2024-02-06","134708075","WH",4,,,,"","ALMA","WAH891A1",30072,3002,"2024-02-06","2024-03-06","USD",93.00,100,"3XS:20|2XS:20|XS:20|S:10|M:10|L:10|XL:10"
272892,"2023-09-15 08:39:53.45","#WAH892",50.00,68.00,93.00,120.90,"2024-02-06","134700188","WH",4,,,,"","ALMA","WAH892A1",30073,1002,"2024-02-06","2024-03-06","USD",93.00,100,"3XS:20|2XS:20|XS:20|S:10|M:10|L:10|XL:10"
272893,"2023-09-15 08:39:53.45","#WAH893",50.00,68.00,93.00,120.90,"2024-02-06","134699912","WH",4,,,,"","ALMA","WAH893A1",30074,8002,"2024-02-06","2024-03-06","USD",93.00,100,"3XS:20|2XS:20|XS:20|S:10|M:10|L:10|XL:10"
272894,"2023-09-15 08:39:53.45","#WAH894",50.00,68.00,93.00,120.90,"2024-02-06","134700089","WH",4,,,,"","ALMA","WAH894A1",30075,6002,"2024-02-06","2024-03-06","USD",93.00,100,"3XS:20|2XS:20|XS:20|S:10|M:10|L:10|XL:10"
272895,"2023-09-15 08:39:53.45","#WAH895",50.00,68.00,93.00,120.90,"2024-02-06","134700437","WH",4,,,,"","ALMA","WAH895A1",30076,5002,"2024-02-06","2024-03-06","USD",93.00,100,"3XS:20|2XS:20|XS:20|S:10|M:10|L:10|XL:10"
272896,"2023-09-15 08:39:53.45","#WAH896",50.00,68.00,93.00,120.90,"2024-02-06","134700386","WH",4,,,,"","ALMA","WAH896A1",30077,4002,"2024-02-06","2024-03-06","USD",93.00,100,"3XS:20|2XS:20|XS:20|S:10|M:10|L:10|XL:10"
272897,"2023-09-15 08:39:53.45","#WAH897",50.00,68.00,93.00,120.90,"2024-02-06","134700343","WH",4,,,,"","ALMA","WAH897A1",30078,3002,"2024-02-06","2024-03-06","USD",93.00,100,"3XS:20|2XS:20|XS:20|S:10|M:10|L:10|XL:10"
272898,"2023-09-15 08:39:53.45","#WAH898",50.00,68.00,93.00,120.90,"2024-02-06","134700421","WH",4,,,,"","ALMA","WAH898A1",30013,1002,"2024-02-06","2024-03-06","USD",93.00,100,"3XS:20|2XS:20|XS:20|S:10|M:10|L:10|XL:10"
272899,"2023-09-15 08:39:53.45","#WAH899",50.00,68.00,93.00,120.90,"2024-02-06","134700267","WH",4,,,,"","ALMA","WAH899A1",30022,8002,"2024-02-06","2024-03-06","USD",93.00,100,"3XS:20|2XS:20|XS:20|S:10|M:10|L:10|XL:10"
272900,"2023-09-15 08:39:53.45","#WAH900",50.00,68.00,93.00,120.90,"2024-02-06","134700342","WH",4,,,,"","ALMA","WAH900A1",30025,6002,"2024-02-06","2024-03-06","USD",93.00,100,"3XS:20|2XS:20|XS:20|S:10|M:10|L:10|XL:10"
272901,"2023-09-15 08:39:53.45","#WAH901",50.00,68.00,93.00,120.90,"2024-02-06","134700186","WH",4,,,,"","ALMA","WAH901A1",30026,5002,"2024-02-06","2024-03-06","USD",93.00,100,"3XS:20|2XS:20|XS:20|S:10|M:10|L:10|XL:10"
272902,"2023-09-15 08:39:53.45","#WAH902",50.00,68.00,93.00,120.90,"2024-02-06","134700341","WH",4,,,,"","ALMA","WAH902A1",30027,4002,"2024-02-06","2024-03-06","USD",93.00,100,"3XS:20|2XS:20|XS:20|S:10|M:10|L:10|XL:10"
272903,"2023-09-15 08:39:53.45","#WAH903",50.00,68.00,93.00,120.90,"2024-02-06","134700363","WH",4,,,,"","ALMA","WAH903A1",30029,3002,"2024-02-06","2024-03-06","USD",93.00,100,"3XS:20|2XS:20|XS:20|S:10|M:10|L:10|XL:10"
272904,"2023-09-15 08:39:53.45","#WAH904",50.00,68.00,93.00,120.90,"2024-02-06","134700388","WH",4,,,,"","ALMA","WAH904A1",30045,1002,"2024-02-06","2024-03-06","USD",93.00,100,"3XS:20|2XS:20|XS:20|S:10|M:10|L:10|XL:10"
272905,"2023-09-15 08:39:53.45","#WAH905",50.00,68.00,93.00,120.90,"2024-02-06","134700389","WH",4,,,,"","ALMA","WAH905A1",30046,8002,"2024-02-06","2024-03-06","USD",93.00,100,"3XS:20|2XS:20|XS:20|S:10|M:10|L:10|XL:10"
272906,"2023-09-15 08:39:53.45","#WAH906",50.00,68.00,93.00,120.90,"2024-02-06","134699846","WH",4,,,,"","ALMA","WAH906A1",30047,6002,"2024-02-06","2024-03-06","USD",93.00,100,"3XS:20|2XS:20|XS:20|S:10|M:10|L:10|XL:10"
272907,"2023-09-15 08:39:53.45","#WAH907",50.00,68.00,93.00,120.90,"2024-02-06","134699857","WH",4,,,,"","ALMA","WAH907A1",30065,5002,"2024-02-06","2024-03-06","USD",93.00,100,"3XS:20|2XS:20|XS:20|S:10|M:10|L:10|XL:10"
272908,"2023-09-15 08:39:53.45","#WAH908",50.00,68.00,93.00,120.90,"2024-02-06","134699779","WH",4,,,,"","ALMA","WAH908A1",30066,4002,"2024-02-06","2024-03-06","USD",93.00,100,"3XS:20|2XS:20|XS:20|S:10|M:10|L:10|XL:10"
272909,"2023-09-15 08:39:53.45","#WAH909",50.00,68.00,93.00,120.90,"2024-02-06","134699975","WH",4,,,,"","ALMA","WAH909A1",30067,3002,"2024-02-06","2024-03-06","USD",93.00,100,"3XS:20|2XS:20|XS:20|S:10|M:10|L:10|XL:10"
272910,"2023-09-15 08:39:53.45","#WAH910",50.00,68.00,93.00,120.90,"2024-02-06","134700004","WH",4,,,,"","ALMA","WAH910A1",30068,1002,"2024-02-06","2024-03-06","USD",93.00,100,"3XS:20|2XS:20|XS:20|S:10|M:10|L:10|XL:10"
272911,"2023-09-15 08:39:53.45","#WAH911",50.00,68.00,93.00,120.90,"2024-02-06","134699977","WH",4,,,,"","ALMA","WAH911A1",30069,8002,"2024-02-06","2024-03-06","USD",93.00,100,"3XS:20|2XS:20|XS:20|S:10|M:10|L:10|XL:10"
272912,"2023-09-15 08:39:53.45","#WAH912",50.00,68.00,93.00,120.90,"2024-02-06","134700052","WH",4,,,,"","ALMA","WAH912A1",30070,6002,"2024-02-06","2024-03-06","USD",93.00,100,"3XS:20|2XS:20|XS:20|S:10|M:10|L:10|XL:10"
272913,"2023-09-15 08:39:53.45","#WAH913",50.00,68.00,93.00,120.90,"2024-02-06","134700141","WH",4,,,,"","ALMA","WAH913A1",30071,5002,"2024-02-06","2024-03-06","USD",93.00,100,"3XS:20|2XS:20|XS:20|S:10|M:10|L:10|XL:10"
272914,"2023-09-15 08:39:53.45","#WAH914",50.00,68.00,93.00,120.90,"2024-02-06","134700144","WH",4,,,,"","ALMA","WAH914A1",30072,4002,"2024-02-06","2024-03-06","USD",93.00,100,"3XS:20|2XS:20|XS:20|S:10|M:10|L:10|XL:10"
272915,"2023-09-15 08:39:53.45","#WAH915",50.00,68.00,93.00,120.90,"2024-02-06","134700147","WH",4,,,,"","ALMA","WAH915A1",30073,3002,"2024-02-06","2024-03-06","USD",93.00,100,"3XS:20|2XS:20|XS:20|S:10|M:10|L:10|XL:10"
272916,"2023-09-15 08:39:53.45","#WAH916",50.00,68.00,93.00,120.90,"2024-02-06","134699988","WH",4,,,,"","ALMA","WAH916A1",30074,1002,"2024-02-06","2024-03-06","USD",93.00,100,"3XS:20|2XS:20|XS:20|S:10|M:10|L:10|XL:10"
272917,"2023-09-15 08:39:53.45","#WAH917",50.00,68.00,93.00,120.90,"2024-02-06","134700014","WH",4,,,,"","ALMA","WAH917A1",30075,8002,"2024-02-06","2024-03-06","USD",93.00,100,"3XS:20|2XS:20|XS:20|S:10|M:10|L:10|XL:10"
272918,"2023-09-15 08:39:53.45","#WAH918",50.00,68.00,93.00,120.90,"2024-02-06","134699714","WH",4,,,,"","ALMA","WAH918A1",30076,6002,"2024-02-06","2024-03-06","USD",93.00,100,"3XS:20|2XS:20|XS:20|S:10|M:10|L:10|XL:10"
272919,"2023-09-15 08:39:53.45","#WAH919",50.00,68.00,93.00,120.90,"2024-02-06","134699989","WH",4,,,,"","ALMA","WAH919A1",30077,5002,"2024-02-06","2024-03-06","USD",93.00,100,"3XS:20|2XS:20|XS:20|S:10|M:10|L:10|XL:10"
272920,"2023-09-15 08:39:53.45","#WAH920",50.00,68.00,93.00,120.90,"2024-02-06","134700146","WH",4,,,,"","ALMA","WAH920A1",30078,4002,"2024-02-06","2024-03-06","USD",93.00,100,"3XS:20|2XS:20|XS:20|S:10|M:10|L:10|XL:10"
272921,"2023-09-15 08:39:53.45","#WAH921",50.00,68.00,93.00,120.90,"2024-02-06","134700191","WH",4,,,,"","ALMA","WAH921A1",30013,3002,"2024-02-06","2024-03-06","USD",93.00,100,"3XS:20|2XS:20|XS:20|S:10|M:10|L:10|XL:10"
272922,"2023-09-15 08:39:53.45","#WAH922",50.00,68.00,93.00,120.90,"2024-02-06","134699723","WH",4,,,,"","ALMA","WAH922A1",30022,1002,"2024-02-06","2024-03-06","USD",93.00,100,"3XS:20|2XS:20|XS:20|S:10|M:10|L:10|XL:10"
272923,"2023-09-15 08:39:53.45","#WAH923",50.00,68.00,93.00,120.90,"2024-02-06","134699865","WH",4,,,,"","ALMA","WAH923A1",30025,8002,"2024-02-06","2024-03-06","USD",93.00,100,"3XS:20|2XS:20|XS:20|S:10|M:10|L:10|XL:10"
272924,"2023-09-15 08:39:53.45","#WAH924",50.00,68.00,93.00,120.90,"2024-02-06","134699979","WH",4,,,,"","ALMA","WAH924A1",30026,6002,"2024-02-06","2024-03-06","USD",93.00,100,"3XS:20|2XS:20|XS:20|S:10|M:10|L:10|XL:10"
272925,"2023-09-15 08:39:53.45","#WAH925",50.00,68.00,93.00,120.90,"2024-02-06","134700170","WH",4,,,,"","ALMA","WAH925A1",30027,5002,"2024-02-06","2024-03-06","USD",93.00,100,"3XS:20|2XS:20|XS:20|S:10|M:10|L:10|XL:10"
272926,"2023-09-15 08:39:53.45","#WAH926",50.00,68.00,93.00,120.90,"2024-02-06","134699756","WH",4,,,,"","ALMA","WAH926A1",30029,4002,"2024-02-06","2024-03-06","USD",93.00,100,"3XS:20|2XS:20|XS:20|S:10|M:10|L:10|XL:10"
272927,"2023-09-15 08:39:53.45","#WAH927",50.00,68.00,93.00,120.90,"2024-02-06","134699739","WH",4,,,,"","ALMA","WAH927A1",30045,3002,"2024-02-06","2024-03-06","USD",93.00,100,"3XS:20|2XS:20|XS:20|S:10|M:10|L:10|XL:10"
272928,"2023-09-15 08:39:53.45","#WAH928",50.00,68.00,93.00,120.90,"2024-02-06","134699888","WH",4,,,,"","ALMA","WAH928A1",30046,1002,"2024-02-06","2024-03-06","USD",93.00,100,"3XS:20|2XS:20|XS:20|S:10|M:10|L:10|XL:10"
272929,"2023-09-15 08:39:53.45","#WAH929",50.00,68.00,93.00,120.90,"2024-02-06","134700098","WH",4,,,,"","ALMA","WAH929A1",30047,8002,"2024-02-06","2024-03-06","USD",93.00,100,"3XS:20|2XS:20|XS:20|S:10|M:10|L:10|XL:10"
272930,"2023-09-15 08:39:53.45","#WAH930",50.00,68.00,93.00,120.90,"2024-02-06","134700187","WH",4,,,,"","ALMA","WAH930A1",30065,6002,"2024-02-06","2024-03-06","USD",93.00,100,"3XS:20|2XS:20|XS:20|S:10|M:10|L:10|XL:10"
272931,"2023-09-15 08:39:53.45","#WAH931",50.00,68.00,93.00,120.90,"2024-02-06","134700190","WH",4,,,,"","ALMA","WAH931A1",30066,5002,"2024-02-06","2024-03-06","USD",93.00,100,"3XS:20|2XS:20|XS:20|S:10|M:10|L:10|XL:10"
272932,"2023-09-15 08:39:53.45","#WAH932",50.00,68.00,93.00,120.90,"2024-02-06","134700283","WH",4,,,,"","ALMA","WAH932A1",30067,4002,"2024-02-06","2024-03-06","USD",93.00,100,"3XS:20|2XS:20|XS:20|S:10|M:10|L:10|XL:10"
272933,"2023-09-15 08:39:53.45","#WAH933",50.00,68.00,93.00,120.90,"2024-02-06","134700291","WH",4,,,,"","ALMA","WAH933A1",30068,3002,"2024-02-06","2024-03-06","USD",93.00,100,"3XS:20|2XS:20|XS:20|S:10|M:10|L:10|XL:10"
272934,"2023-09-15 08:39:53.45","#WAH934",50.00,68.00,93.00,120.90,"2024-02-06","134700344","WH",4,,,,"","ALMA","WAH934A1",30069,1002,"2024-02-06","2024-03-06","USD",93.00,100,"3XS:20|2XS:20|XS:20|S:10|M:10|L:10|XL:10"
272935,"2023-09-15 08:39:53.45","#WAH935",50.00,68.00,93.00,120.90,"2024-02-06","134700345","WH",4,,,,"","ALMA","WAH935A1",30070,8002,"2024-02-06","2024-03-06","USD",93.00,100,"3XS:20|2XS:20|XS:20|S:10|M:10|L:10|XL:10"
272936,"2023-09-15 08:39:53.45","#WAH936",50.00,68.00,93.00,120.90,"2024-02-06","134700252","WH",4,,,,"","ALMA","WAH936A1",30071,6002,"2024-02-06","2024-03-06","USD",93.00,100,"3XS:20|2XS:20|XS:20|S:10|M:10|L:10|XL:10"
272937,"2023-09-15 08:39:53.45","#WAH937",50.00,68.00,93.00,120.90,"2024-02-06","134700362","WH",4,,,,"","ALMA","WAH937A1",30072,5002,"2024-02-06","2024-03-06","USD",93.00,100,"3XS:20|2XS:20|XS:20|S:10|M:10|L:10|XL:10"
272938,"2023-09-15 08:39:53.45","#WAH938",50.00,68.00,93.00,120.90,"2024-02-06","134700347","WH",4,,,,"","ALMA","WAH938A1",30073,4002,"2024-02-06","2024-03-06","USD",93.00,100,"3XS:20|2XS:20|XS:20|S:10|M:10|L:10|XL:10"
272939,"2023-09-15 08:39:53.45","#WAH939",50.00,68.00,93.00,120.90,"2024-02-06","134700346","WH",4,,,,"","ALMA","WAH939A1",30074,3002,"2024-02-06","2024-03-06","USD",93.00,100,"3XS:20|2XS:20|XS:20|S:10|M:10|L:10|XL:10"
272940,"2023-09-15 08:39:53.45","#WAH940",50.00,68.00,93.00,120.90,"2024-02-06","134700387","WH",4,,,,"","ALMA","WAH940A1",30075,1002,"2024-02-06","2024-03-06","USD",93.00,100,"3XS:20|2XS:20|XS:20|S:10|M:10|L:10|XL:10"
272941,"2023-09-15 08:39:53.45","#WAH941",50.00,68.00,93.00,120.90,"2024-02-06","134700390","WH",4,,,,"","ALMA","WAH941A1",30076,8002,"2024-02-06","2024-03-06","USD",93.00,100,"3XS:20|2XS:20|XS:20|S:10|M:10|L:10|XL:10"
272942,"2023-09-15 08:39:53.45","#WAH942",50.00,68.00,93.00,120.90,"2024-02-06","134700406","WH",4,,,,"","ALMA","WAH942A1",30077,6002,"2024-02-06","2024-03-06","USD",93.00,100,"3XS:20|2XS:20|XS:20|S:10|M:10|L:10|XL:10"
272943,"2023-09-15 08:39:53.45","#WAH943",50.00,68.00,93.00,120.90,"2024-02-06","134699647","WH",4,,,,"","ALMA","WAH943A1",30078,5002,"2024-02-06","2024-03-06","USD",93.00,100,"3XS:20|2XS:20|XS:20|S:10|M:10|L:10|XL:10"
272944,"2023-09-15 08:39:53.45","#WAH944",50.00,68.00,93.00,120.90,"2024-02-06","134699648","WH",4,,,,"","ALMA","WAH944A1",30013,4002,"2024-02-06","2024-03-06","USD",93.00,100,"3XS:20|2XS:20|XS:20|S:10|M:10|L:10|XL:10"
272945,"2023-09-15 08:39:53.45","#WAH945",50.00,68.00,93.00,120.90,"2024-02-06","134699665","WH",4,,,,"","ALMA","WAH945A1",30022,3002,"2024-02-06","2024-03-06","USD",93.00,100,"3XS:20|2XS:20|XS:20|S:10|M:10|L:10|XL:10"
272946,"2023-09-15 08:39:53.45","#WAH946",50.00,68.00,93.00,120.90,"2024-02-06","134699649","WH",4,,,,"","ALMA","WAH946A1",30025,1002,"2024-02-06","2024-03-06","USD",93.00,100,"3XS:20|2XS:20|XS:20|S:10|M:10|L:10|XL:10"
272947,"2023-09-15 08:39:53.45","#WAH947",50.00,68.00,93.00,120.90,"2024-02-06","134699845","WH",4,,,,"","ALMA","WAH947A1",30026,8002,"2024-02-06","2024-03-06","USD",93.00,100,"3XS:20|2XS:20|XS:20|S:10|M:10|L:10|XL:10"
272948,"2023-09-15 08:39:53.45","#WAH948",50.00,68.00,93.00,120.90,"2024-02-06","134699674","WH",4,,,,"","ALMA","WAH948A1",30027,6002,"2024-02-06","2024-03-06","USD",93.00,100,"3XS:20|2XS:20|XS:20|S:10|M:10|L:10|XL:10"
272949,"2023-09-15 08:39:53.45","#WAH949",50.00,68.00,93.00,120.90,"2024-02-06","134699976","WH",4,,,,"","ALMA","WAH949A1",30029,5002,"2024-02-06","2024-03-06","USD",93.00,100,"3XS:20|2XS:20|XS:20|S:10|M:10|L:10|XL:10"
272950,"2023-09-15 08:39:53.45","#WAH950",50.00,68.00,93.00,120.90,"2024-02-06","134699951","WH",4,,,,"","ALMA","WAH950A1",30045,4002,"2024-02-06","2024-03-06","USD",93.00,100,"3XS:20|2XS:20|XS:20|S:10|M:10|L:10|XL:10"
272951,"2023-09-15 08:39:53.45","#WAH951",50.00,68.00,93.00,120.90,"2024-02-06","134699666","WH",4,,,,"","ALMA","WAH951A1",30046,3002,"2024-02-06","2024-03-06","USD",93.00,100,"3XS:20|2XS:20|XS:20|S:10|M:10|L:10|XL:10"
272952,"2023-09-15 08:39:53.45","#WAH952",50.00,68.00,93.00,120.90,"2024-02-06","134699866","WH",4,,,,"","ALMA","WAH952A1",30047,1002,"2024-02-06","2024-03-06","USD",93.00,100,"3XS:20|2XS:20|XS:20|S:10|M:10|L:10|XL:10"
272953,"2023-09-15 08:39:53.45","#WAH953",50.00,68.00,93.00,120.90,"2024-02-06","134700013","WH",4,,,,"","ALMA","WAH953A1",30065,8002,"2024-02-06","2024-03-06","USD",93.00,100,"3XS:20|2XS:20|XS:20|S:10|M:10|L:10|XL:10"
272954,"2023-09-15 08:39:53.45","#WAH954",50.00,68.00,93.00,120.90,"2024-02-06","134699690","WH",4,,,,"","ALMA","WAH954A1",30066,6002,"2024-02-06","2024-03-06","USD",93.00,100,"3XS:20|2XS:20|XS:20|S:10|M:10|L:10|XL:10"
272955,"2023-09-15 08:39:53.45","#WAH955",50.00,68.00,93.00,120.90,"2024-02-06","134699706","WH",4,,,,"","ALMA","WAH955A1",30067,5002,"2024-02-06","2024-03-06","USD",93.00,100,"3XS:20|2XS:20|XS:20|S:10|M:10|L:10|XL:10"
272956,"2023-09-15 08:39:53.45","#WAH956",50.00,68.00,93.00,120.90,"2024-02-06","134699848","WH",4,,,,"","ALMA","WAH956A1",30068,4002,"2024-02-06","2024-03-06","USD",93.00,100,"3XS:20|2XS:20|XS:20|S:10|M:10|L:10|XL:10"
272957,"2023-09-15 08:39:53.45","#WAH957",50.00,68.00,93.00,120.90,"2024-02-06","134699847","WH",4,,,,"","ALMA","WAH957A1",30069,3002,"2024-02-06","2024-03-06","USD",93.00,100,"3XS:20|2XS:20|XS:20|S:10|M:10|L:10|XL:10"
272958,"2023-09-15 08:39:53.45","#WAH958",50.00,68.00,93.00,120.90,"2024-02-06","134700429","WH",4,,,,"","ALMA","WAH958A1",30070,1002,"2024-02-06","2024-03-06","USD",93.00,100,"3XS:20|2XS:20|XS:20|S:10|M:10|L:10|XL:10"
272959,"2023-09-15 08:39:53.45","#WAH959",50.00,68.00,93.00,120.90,"2024-02-06","134700459","WH",4,,,,"","ALMA","WAH959A1",30071,8002,"2024-02-06","2024-03-06","USD",93.00,100,"3XS:20|2XS:20|XS:20|S:10|M:10|L:10|XL:10"
272960,"2023-09-15 08:39:53.45","#WAH960",50.00,68.00,93.00,120.90,"2024-02-06","134700364","WH",4,,,,"","ALMA","WAH960A1",30072,6002,"2024-02-06","2024-03-06","USD",93.00,100,"3XS:20|2XS:20|XS:20|S:10|M:10|L:10|XL:10"
272961,"2023-09-15 08:39:53.45","#WAH961",50.00,68.00,93.00,120.90,"2024-02-06","134700391","WH",4,,,,"","ALMA","WAH961A1",30073,5002,"2024-02-06","2024-03-06","USD",93.00,100,"3XS:20|2XS:20|XS:20|S:10|M:10|L:10|XL:10"
272962,"2023-09-15 08:39:53.45","#WAH962",50.00,68.00,93.00,120.90,"2024-02-06","134700489","WH",4,,,,"","ALMA","WAH962A1",30074,4002,"2024-02-06","2024-03-06","USD",93.00,100,"3XS:20|2XS:20|XS:20|S:10|M:10|L:10|XL:10"
272963,"2023-09-15 08:39:53.45","#WAH963",50.00,68.00,93.00,120.90,"2024-02-06","134699698","WH",4,,,,"","ALMA","WAH963A1",30075,3002,"2024-02-06","2024-03-06","USD",93.00,100,"3XS:20|2XS:20|XS:20|S:10|M:10|L:10|XL:10"
272964,"2023-09-15 08:39:53.45","#WAH964",50.00,68.00,93.00,120.90,"2024-02-06","134699731","WH",4,,,,"","ALMA","WAH964A1",30076,1002,"2024-02-06","2024-03-06","USD",93.00,100,"3XS:20|2XS:20|XS:20|S:10|M:10|L:10|XL:10"
272965,"2023-09-15 08:39:53.45","#WAH965",50.00,68.00,93.00,120.90,"2024-02-06","134699856","WH",4,,,,"","ALMA","WAH965A1",30077,8002,"2024-02-06","2024-03-06","USD",93.00,100,"3XS:20|2XS:20|XS:20|S:10|M:10|L:10|XL:10"
272966,"2023-09-15 08:39:53.45","#WAH966",50.00,68.00,93.00,120.90,"2024-02-06","134699740","WH",4,,,,"","ALMA","WAH966A1",30078,6002,"2024-02-06","2024-03-06","USD",93.00,100,"3XS:20|2XS:20|XS:20|S:10|M:10|L:10|XL:10"
272967,"2023-09-15 08:39:53.45","#WAH967",50.00,68.00,93.00,120.90,"2024-02-06","134699978","WH",4,,,,"","ALMA","WAH967A1",30013,5002,"2024-02-06","2024-03-06","USD",93.00,100,"3XS:20|2XS:20|XS:20|S:10|M:10|L:10|XL:10"
272968,"2023-09-15 08:39:53.45","#WAH968",50.00,68.00,93.00,120.90,"2024-02-06","134699959","WH",4,,,,"","ALMA","WAH968A1",30022,4002,"2024-02-06","2024-03-06","USD",93.00,100,"3XS:20|2XS:20|XS:20|S:10|M:10|L:10|XL:10"
272969,"2023-09-15 08:39:53.45","#WAH969",50.00,68.00,93.00,120.90,"2024-02-06","134699974","WH",4,,,,"","ALMA","WAH969A1",30025,3002,"2024-02-06","2024-03-06","USD",93.00,100,"3XS:20|2XS:20|XS:20|S:10|M:10|L:10|XL:10"
272970,"2023-09-15 08:39:53.45","#WAH970",50.00,68.00,93.00,120.90,"2024-02-06","134699980","WH",4,,,,"","ALMA","WAH970A1",30026,1002,"2024-02-06","2024-03-06","USD",93.00,100,"3XS:20|2XS:20|XS:20|S:10|M:10|L:10|XL:10"
272971,"2023-09-15 08:39:53.45","#WAH971",50.00,68.00,93.00,120.90,"2024-02-06","134700067","WH",4,,,,"","ALMA","WAH971A1",30027,8002,"2024-02-06","2024-03-06","USD",93.00,100,"3XS:20|2XS:20|XS:20|S:10|M:10|L:10|XL:10"
272972,"2023-09-15 08:39:53.45","#WAH972",50.00,68.00,93.00,120.90,"2024-02-06","134700015","WH",4,,,,"","ALMA","WAH972A1",30029,6002,"2024-02-06","2024-03-06","USD",93.00,100,"3XS:20|2XS:20|XS:20|S:10|M:10|L:10|XL:10"
272973,"2023-09-15 08:39:53.45","#WAH973",50.00,68.00,93.00,120.90,"2024-02-06","134700142","WH",4,,,,"","ALMA","WAH973A1",30045,5002,"2024-02-06","2024-03-06","USD",93.00,100,"3XS:20|2XS:20|XS:20|S:10|M:10|L:10|XL:10"
272974,"2023-09-15 08:39:53.45","#WAH974",50.00,68.00,93.00,120.90,"2024-02-06","134700143","WH",4,,,,"","ALMA","WAH974A1",30046,4002,"2024-02-06","2024-03-06","USD",93.00,100,"3XS:20|2XS:20|XS:20|S:10|M:10|L:10|XL:10"
272975,"2023-09-15 08:39:53.45","#WAH975",50.00,68.00,93.00,120.90,"2024-02-06","134700145","WH",4,,,,"","ALMA","WAH975A1",30047,3002,"2024-02-06","2024-03-06","USD",93.00,100,"3XS:20|2XS:20|XS:20|S:10|M:10|L:10|XL:10"
272976,"2023-09-15 08:39:53.45","#WAH976",50.00,68.00,93.00,120.90,"2024-02-06","134700148","WH",4,,,,"","ALMA","WAH976A1",30065,1002,"2024-02-06","2024-03-06","USD",93.00,100,"3XS:20|2XS:20|XS:20|S:10|M:10|L:10|XL:10"
272977,"2023-09-15 08:39:53.45","#WAH977",50.00,68.00,93.00,120.90,"2024-02-06","134699646","WH",4,,,,"","ALMA","WAH977A1",30066,8002,"2024-02-06","2024-03-06","USD",93.00,100,"3XS:20|2XS:20|XS:20|S:10|M:10|L:10|XL:10"
272978,"2023-09-15 08:39:53.45","#WAH978",50.00,68.00,93.00,120.90,"2024-02-06","134700044","WH",4,,,,"","ALMA","WAH978A1",30067,6002,"2024-02-06","2024-03-06","USD",93.00,100,"3XS:20|2XS:20|XS:20|S:10|M:10|L:10|XL:10"
272979,"2023-09-15 08:39:53.45","#WAH979",50.00,68.00,93.00,120.90,"2024-02-06","134700090","WH",4,,,,"","ALMA","WAH979A1",30068,5002,"2024-02-06","2024-03-06","USD",93.00,100,"3XS:20|2XS:20|XS:20|S:10|M:10|L:10|XL:10"
272980,"2023-09-15 08:39:53.45","#WAH980",50.00,68.00,93.00,120.90,"2024-02-06","134699748","WH",4,,,,"","ALMA","WAH980A1",30069,4002,"2024-02-06","2024-03-06","USD",93.00,100,"3XS:20|2XS:20|XS:20|S:10|M:10|L:10|XL:10"
272981,"2023-09-15 08:39:53.45","#WAH981",50.00,68.00,93.00,120.90,"2024-02-06","134699781","WH",4,,,,"","ALMA","WAH981A1",30070,3002,"2024-02-06","2024-03-06","USD",93.00,100,"3XS:20|2XS:20|XS:20|S:10|M:10|L:10|XL:10"
272982,"2023-09-15 08:39:53.45","#WAH982",50.00,68.00,93.00,120.90,"2024-02-06","134699911","WH",4,,,,"","ALMA","WAH982A1",30071,1002,"2024-02-06","2024-03-06","USD",93.00,100,"3XS:20|2XS:20|XS:20|S:10|M:10|L:10|XL:10"
272983,"2023-09-15 08:39:53.45","#WAH983",50.00,68.00,93.00,120.90,"2024-02-06","134699715","WH",4,,,,"","ALMA","WAH983A1",30072,8002,"2024-02-06","2024-03-06","USD",93.00,100,"3XS:20|2XS:20|XS:20|S:10|M:10|L:10|XL:10"
272984,"2023-09-15 08:39:53.45","#WAH984",50.00,68.00,93.00,120.90,"2024-02-06","134699780","WH",4,,,,"","ALMA","WAH984A1",30073,6002,"2024-02-06","2024-03-06","USD",93.00,100,"3XS:20|2XS:20|XS:20|S:10|M:10|L:10|XL:10"
272985,"2023-09-15 08:39:53.45","#WAH985",50.00,68.00,93.00,120.90,"2024-02-06","134699689","WH",4,,,,"","ALMA","WAH985A1",30074,5002,"2024-02-06","2024-03-06","USD",93.00,100,"3XS:20|2XS:20|XS:20|S:10|M:10|L:10|XL:10"
272986,"2023-09-15 08:39:53.45","#WAH986",50.00,68.00,93.00,120.90,"2024-02-06","134699927","WH",4,,,,"","ALMA","WAH986A1",30075,4002,"2024-02-06","2024-03-06","USD",93.00,100,"3XS:20|2XS:20|XS:20|S:10|M:10|L:10|XL:10"
272987,"2023-09-15 08:39:53.45","#WAH987",50.00,68.00,93.00,120.90,"2024-02-06","134700221","WH",4,,,,"","ALMA","WAH987A1",30076,3002,"2024-02-06","2024-03-06","USD",93.00,100,"3XS:20|2XS:20|XS:20|S:10|M:10|L:10|XL:10"
272988,"2023-09-15 08:39:53.45","#WAH988",50.00,68.00,93.00,120.90,"2024-02-06","134700275","WH",4,,,,"","ALMA","WAH988A1",30077,1002,"2024-02-06","2024-03-06","USD",93.00,100,"3XS:20|2XS:20|XS:20|S:10|M:10|L:10|XL:10"
272989,"2023-09-15 08:39:53.45","#WAH989",50.00,68.00,93.00,120.90,"2024-02-06","134700244","WH",4,,,,"","ALMA","WAH989A1",30078,8002,"2024-02-06","2024-03-06","USD",93.00,100,"3XS:20|2XS:20|XS:20|S:10|M:10|L:10|XL:10"
272990,"2023-09-15 08:39:53.45","#WAH990",50.00,68.00,93.00,120.90,"2024-02-06","134700243","WH",4,,,,"","ALMA","WAH990A1",30013,6002,"2024-02-06","2024-03-06","USD",93.00,100,"3XS:20|2XS:20|XS:20|S:10|M:10|L:10|XL:10"
272991,"2023-09-15 08:39:53.45","#WAH991",50.00,68.00,93.00,120.90,"2024-02-06","134700005","WH",4,,,,"","ALMA","WAH991A1",30022,5002,"2024-02-06","2024-03-06","USD",93.00,100,"3XS:20|2XS:20|XS:20|S:10|M:10|L:10|XL:10"
272992,"2023-09-15 08:39:53.45","#WAH992",50.00,68.00,93.00,120.90,"2024-02-06","134700206","WH",4,,,,"","ALMA","WAH992A1",30025,4002,"2024-02-06","2024-03-06","USD",93.00,100,"3XS:20|2XS:20|XS:20|S:10|M:10|L:10|XL:10"
272993,"2023-09-15 08:39:53.45","#WAH993",50.00,68.00,93.00,120.90,"2024-02-06","134700189","WH",4,,,,"","ALMA","WAH993A1",30026,3002,"2024-02-06","2024-03-06","USD",93.00,100,"3XS:20|2XS:20|XS:20|S:10|M:10|L:10|XL:10"
272994,"2023-09-15 08:39:53.45","#WAH994",50.00,68.00,93.00,120.90,"2024-02-06","134699645","WH",4,,,,"","ALMA","WAH994A1",30027,1002,"2024-02-06","2024-03-06","USD",93.00,100,"3XS:20|2XS:20|XS:20|S:10|M:10|L:10|XL:10"
272995,"2023-09-15 08:39:53.45","#WAH995",50.00,68.00,93.00,120.90,"2024-02-06","134699650","WH",4,,,,"","ALMA","WAH995A1",30029,8002,"2024-02-06","2024-03-06","USD",93.00,100,"3XS:20|2XS:20|XS:20|S:10|M:10|L:10|XL:10"
272996,"2023-09-15 08:39:53.45","#WAH996",50.00,68.00,93.00,120.90,"2024-02-06","134699935","WH",4,,,,"","ALMA","WAH996A1",30045,6002,"2024-02-06","2024-03-06","USD",93.00,100,"3XS:20|2XS:20|XS:20|S:10|M:10|L:10|XL:10"
272997,"2023-09-15 08:39:53.45","#WAH997",50.00,68.00,93.00,120.90,"2024-02-06","134699943","WH",4,,,,"","ALMA","WAH997A1",30046,5002,"2024-02-06","2024-03-06","USD",93.00,100,"3XS:20|2XS:20|XS:20|S:10|M:10|L:10|XL:10"
272998,"2023-09-15 08:39:53.45","#WAH998",50.00,68.00,93.00,120.90,"2024-02-06","134699764","WH",4,,,,"","ALMA","WAH998A1",30047,4002,"2024-02-06","2024-03-06","USD",93.00,100,"3XS:20|2XS:20|XS:20|S:10|M:10|L:10|XL:10"
272999,"2023-09-15 08:39:53.45","#WAH999",50.00,68.00,93.00,120.90,"2024-02-06","134699903","WH",4,,,,"","ALMA","WAH999A1",30065,3002,"2024-02-06","2024-03-06","USD",93.00,100,"3XS:20|2XS:20|XS:20|S:10|M:10|L:10|XL:10"
273000,"2023-09-15 08:39:53.45","#WAH001",50.00,68.00,93.00,120.90,"2024-02-06","134700171","WH",4,,,,"","ALMA","WAH001A1",30066,1002,"2024-02-06","2024-03-06","USD",93.00,100,"3XS:20|2XS:20|XS:20|S:10|M:10|L:10|XL:10"