271001,"2023-09-15 08:39:53.45","#HAA001",50.00,68.00,93.00,120.90,"2024-02-06","134700541","WH",4,,,,"","ALMA","HAA001A1",30013,8002,"2024-02-06","2024-03-06","USD",93.00,100,"3XS:20|2XS:20|XS:20|S:10|M:10|L:10|XL:10"
271002,"2023-09-15 08:39:53.45","#HAA002",50.00,68.00,93.00,120.90,"2024-02-06","134700543","WH",4,,,,"","ALMA","HAA002A1",30022,6002,"2024-02-06","2024-03-06","USD",93.00,100,"3XS:20|2XS:20|XS:20|S:10|M:10|L:10|XL:10"
271003,"2023-09-15 08:39:53.45","#HAA003",50.00,68.00,93.00,120.90,"2024-02-06","134700580","WH",4,,,,"","ALMA","HAA003A1",30025,5002,"2024-02-06","2024-03-06","USD",93.00,100,"3XS:20|2XS:20|XS:20|S:10|M:10|L:10|XL:10"
271004,"2023-09-15 08:39:53.45","#HAA004",50.00,68.00,93.00,120.90,"2024-02-06","134700552","WH",4,,,,"","ALMA","HAA004A1",30026,4002,"2024-02-06","2024-03-06","USD",93.00,100,"3XS:20|2XS:20|XS:20|S:10|M:10|L:10|XL:10"
271005,"2023-09-15 08:39:53.45","#HAA005",50.00,68.00,93.00,120.90,"2024-02-06","134700581","WH",4,,,,"","ALMA","HAA005A1",30027,3002,"2024-02-06","2024-03-06","USD",93.00,100,"3XS:20|2XS:20|XS:20|S:10|M:10|L:10|XL:10"
271006,"2023-09-15 08:39:53.45","#HAA006",50.00,68.00,93.00,120.90,"2024-02-06","134700505","WH",4,,,,"","ALMA","HAA006A1",30029,1002,"2024-02-06","2024-03-06","USD",93.00,100,"3XS:20|2XS:20|XS:20|S:10|M:10|L:10|XL:10"
271007,"2023-09-15 08:39:53.45","#HAA007",50.00,68.00,93.00,120.90,"2024-02-06","134700488","WH",4,,,,"","ALMA","HAA007A1",30045,8002,"2024-02-06","2024-03-06","USD",93.00,100,"3XS:20|2XS:20|XS:20|S:10|M:10|L:10|XL:10"
271008,"2023-09-15 08:39:53.45","#HAA008",50.00,68.00,93.00,120.90,"2024-02-06","134700568","WH",4,,,,"","ALMA","HAA008A1",30046,6002,"2024-02-06","2024-03-06","USD",93.00,100,"3XS:20|2XS:20|XS:20|S:10|M:10|L:10|XL:10"
271009,"2023-09-15 08:39:53.45","#HAA009",50.00,68.00,93.00,120.90,"2024-02-06","134700544","WH",4,,,,"","ALMA","HAA009A1",30047,5002,"2024-02-06","2024-03-06","USD",93.00,100,"3XS:20|2XS:20|XS:20|S:10|M:10|L:10|XL:10"
271010,"2023-09-15 08:39:53.45","#HAA010",50.00,68.00,93.00,120.90,"2024-02-06","134700578","WH",4,,,,"","ALMA","HAA010A1",30065,4002,"2024-02-06","2024-03-06","USD",93.00,100,"3XS:20|2XS:20|XS:20|S:10|M:10|L:10|XL:10"
271011,"2023-09-15 08:39:53.45","#HAA011",50.00,68.00,93.00,120.90,"2024-02-06","134700577","WH",4,,,,"","ALMA","HAA011A1",30066,3002,"2024-02-06","2024-03-06","USD",93.00,100,"3XS:20|2XS:20|XS:20|S:10|M:10|L:10|XL:10"
271012,"2023-09-15 08:39:53.45","#HAA012",50.00,68.00,93.00,120.90,"2024-02-06","134700504","WH",4,,,,"","ALMA","HAA012A1",30067,1002,"2024-02-06","2024-03-06","USD",93.00,100,"3XS:20|2XS:20|XS:20|S:10|M:10|L:10|XL:10"
271013,"2023-09-15 08:39:53.45","#HAA013",50.00,68.00,93.00,120.90,"2024-02-06","134700598","WH",4,,,,"","ALMA","HAA013A1",30068,8002,"2024-02-06","2024-03-06","USD",93.00,100,"3XS:20|2XS:20|XS:20|S:10|M:10|L:10|XL:10"
271014,"2023-09-15 08:39:53.45","#HAA014",50.00,68.00,93.00,120.90,"2024-02-06","134700583","WH",4,,,,"","ALMA","HAA014A1",30069,6002,"2024-02-06","2024-03-06","USD",93.00,100,"3XS:20|2XS:20|XS:20|S:10|M:10|L:10|XL:10"
271015,"2023-09-15 08:39:53.45","#HAA015",50.00,68.00,93.00,120.90,"2024-02-06","134700553","WH",4,,,,"","ALMA","HAA015A1",30070,5002,"2024-02-06","2024-03-06","USD",93.00,100,"3XS:20|2XS:20|XS:20|S:10|M:10|L:10|XL:10"
271016,"2023-09-15 08:39:53.45","#HAA016",50.00,68.00,93.00,120.90,"2024-02-06","134700542","WH",4,,,,"","ALMA","HAA016A1",30071,4002,"2024-02-06","2024-03-06","USD",93.00,100,"3XS:20|2XS:20|XS:20|S:10|M:10|L:10|XL:10"
271017,"2023-09-15 08:39:53.45","#HAA017",50.00,68.00,93.00,120.90,"2024-02-06","134700621","WH",4,,,,"","ALMA","HAA017A1",30072,3002,"2024-02-06","2024-03-06","USD",93.00,100,"3XS:20|2XS:20|XS:20|S:10|M:10|L:10|XL:10"
271018,"2023-09-15 08:39:53.45","#HAA018",50.00,68.00,93.00,120.90,"2024-02-06","134700651","WH",4,,,,"","ALMA","HAA018A1",30073,1002,"2024-02-06","2024-03-06","USD",93.00,100,"3XS:20|2XS:20|XS:20|S:10|M:10|L:10|XL:10"
271019,"2023-09-15 08:39:53.45","#HAA019",50.00,68.00,93.00,120.90,"2024-02-06","134700629","WH",4,,,,"","ALMA","HAA019A1",30074,8002,"2024-02-06","2024-03-06","USD",93.00,100,"3XS:20|2XS:20|XS:20|S:10|M:10|L:10|XL:10"
271020,"2023-09-15 08:39:53.45","#HAA020",50.00,68.00,93.00,120.90,"2024-02-06","134700569","WH",4,,,,"","ALMA","HAA020A1",30075,6002,"2024-02-06","2024-03-06","USD",93.00,100,"3XS:20|2XS:20|XS:20|S:10|M:10|L:10|XL:10"
271021,"2023-09-15 08:39:53.45","#HAA021",50.00,68.00,93.00,120.90,"2024-02-06","134700695","WH",4,,,,"","ALMA","HAA021A1",30076,5002,"2024-02-06","2024-03-06","USD",93.00,100,"3XS:20|2XS:20|XS:20|S:10|M:10|L:10|XL:10"
271022,"2023-09-15 08:39:53.45","#HAA022",50.00,68.00,93.00,120.90,"2024-02-06","134700712","WH",4,,,,"","ALMA","HAA022A1",30077,4002,"2024-02-06","2024-03-06","USD",93.00,100,"3XS:20|2XS:20|XS:20|S:10|M:10|L:10|XL:10"
271023,"2023-09-15 08:39:53.45","#HAA023",50.00,68.00,93.00,120.90,"2024-02-06","134700582","WH",4,,,,"","ALMA","HAA023A1",30078,3002,"2024-02-06","2024-03-06","USD",93.00,100,"3XS:20|2XS:20|XS:20|S:10|M:10|L:10|XL:10"
271024,"2023-09-15 08:39:53.45","#HAA024",50.00,68.00,93.00,120.90,"2024-02-06","134700599","WH",4,,,,"","ALMA","HAA024A1",30013,1002,"2024-02-06","2024-03-06","USD",93.00,100,"3XS:20|2XS:20|XS:20|S:10|M:10|L:10|XL:10"
271025,"2023-09-15 08:39:53.45","#HAA025",50.00,68.00,93.00,120.90,"2024-02-06","134700704","WH",4,,,,"","ALMA","HAA025A1",30022,8002,"2024-02-06","2024-03-06","USD",93.00,100,"3XS:20|2XS:20|XS:20|S:10|M:10|L:10|XL:10"
271026,"2023-09-15 08:39:53.45","#HAA026",50.00,68.00,93.00,120.90,"2024-02-06","134700579","WH",4,,,,"","ALMA","HAA026A1",30025,6002,"2024-02-06","2024-03-06","USD",93.00,100,"3XS:20|2XS:20|XS:20|S:10|M:10|L:10|XL:10"
271027,"2023-09-15 08:39:53.45","#HAA027",50.00,68.00,93.00,120.90,"2024-02-06","134700666","WH",4,,,,"","ALMA","HAA027A1",30026,5002,"2024-02-06","2024-03-06","USD",93.00,100,"3XS:20|2XS:20|XS:20|S:10|M:10|L:10|XL:10"
271028,"2023-09-15 08:39:53.45","#HAA028",50.00,68.00,93.00,120.90,"2024-02-06","134700703","WH",4,,,,"","ALMA","HAA028A1",30027,4002,"2024-02-06","2024-03-06","USD",93.00,100,"3XS:20|2XS:20|XS:20|S:10|M:10|L:10|XL:10"
271029,"2023-09-15 08:39:53.45","#HAA029",50.00,68.00,93.00,120.90,"2024-02-06","134707209","WH",4,,,,"","ALMA","HAA029A1",30029,3002,"2024-02-06","2024-03-06","USD",93.00,100,"3XS:20|2XS:20|XS:20|S:10|M:10|L:10|XL:10"
271030,"2023-09-15 08:39:53.45","#HAA030",50.00,68.00,93.00,120.90,"2024-02-06","134707409","WH",4,,,,"","ALMA","HAA030A1",30045,1002,"2024-02-06","2024-03-06","USD",93.00,100,"3XS:20|2XS:20|XS:20|S:10|M:10|L:10|XL:10"
271031,"2023-09-15 08:39:53.45","#HAA031",50.00,68.00,93.00,120.90,"2024-02-06","134707600","WH",4,,,,"","ALMA","HAA031A1",30046,8002,"2024-02-06","2024-03-06","USD",93.00,100,"3XS:20|2XS:20|XS:20|S:10|M:10|L:10|XL:10"
271032,"2023-09-15 08:39:53.45","#HAA032",50.00,68.00,93.00,120.90,"2024-02-06","134710659","WH",4,,,,"","ALMA","HAA032A1",30047,6002,"2024-02-06","2024-03-06","USD",93.00,100,"3XS:20|2XS:20|XS:20|S:10|M:10|L:10|XL:10"
271033,"2023-09-15 08:39:53.45","#HAA033",50.00,68.00,93.00,120.90,"2024-02-06","134710880","WH",4,,,,"","ALMA","HAA033A1",30065,5002,"2024-02-06","2024-03-06","USD",93.00,100,"3XS:20|2XS:20|XS:20|S:10|M:10|L:10|XL:10"
271034,"2023-09-15 08:39:53.45","#HAA034",50.00,68.00,93.00,120.90,"2024-02-06","134711090","WH",4,,,,"","ALMA","HAA034A1",30066,4002,"2024-02-06","2024-03-06","USD",93.00,100,"3XS:20|2XS:20|XS:20|S:10|M:10|L:10|XL:10"
271035,"2023-09-15 08:39:53.45","#HAA035",50.00,68.00,93.00,120.90,"2024-02-06","134707809","WH",4,,,,"","ALMA","HAA035A1",30067,3002,"2024-02-06","2024-03-06","USD",93.00,100,"3XS:20|2XS:20|XS:20|S:10|M:10|L:10|XL:10"
271036,"2023-09-15 08:39:53.45","#HAA036",50.00,68.00,93.00,120.90,"2024-02-06","134708008","WH",4,,,,"","ALMA","HAA036A1",30068,1002,"2024-02-06","2024-03-06","USD",93.00,100,"3XS:20|2XS:20|XS:20|S:10|M:10|L:10|XL:10"
271037,"2023-09-15 08:39:53.45","#HAA037",50.00,68.00,93.00,120.90,"2024-02-06","134708202","WH",4,,,,"","ALMA","HAA037A1",30069,8002,"2024-02-06","2024-03-06","USD",93.00,100,"3XS:20|2XS:20|XS:20|S:10|M:10|L:10|XL:10"
271038,"2023-09-15 08:39:53.45","#HAA038",50.00,68.00,93.00,120.90,"2024-02-06","134700752","WH",4,,,,"","ALMA","HAA038A1",30070,6002,"2024-02-06","2024-03-06","USD",93.00,100,"3XS:20|2XS:20|XS:20|S:10|M:10|L:10|XL:10"
271039,"2023-09-15 08:39:53.45","#HAA039",50.00,68.00,93.00,120.90,"2024-02-06","134700945","WH",4,,,,"","ALMA","HAA039A1",30071,5002,"2024-02-06","2024-03-06","USD",93.00,100,"3XS:20|2XS:20|XS:20|S:10|M:10|L:10|XL:10"
271040,"2023-09-15 08:39:53.45","#HAA040",50.00,68.00,93.00,120.90,"2024-02-06","134701142","WH",4,,,,"","ALMA","HAA040A1",30072,4002,"2024-02-06","2024-03-06","USD",93.00,100,"3XS:20|2XS:20|XS:20|S:10|M:10|L:10|XL:10"
271041,"2023-09-15 08:39:53.45","#HAA041",50.00,68.00,93.00,120.90,"2024-02-06","134701344","WH",4,,,,"","ALMA","HAA041A1",30073,8002,"2024-02-06","2024-03-06","USD",93.00,100,"3XS:20|2XS:20|XS:20|S:10|M:10|L:10|XL:10"
271042,"2023-09-15 08:39:53.45","#HAA042",50.00,68.00,93.00,120.90,"2024-02-06","134711289","WH",4,,,,"","ALMA","HAA042A1",30074,6002,"2024-02-06","2024-03-06","USD",93.00,100,"3XS:20|2XS:20|XS:20|S:10|M:10|L:10|XL:10"
271043,"2023-09-15 08:39:53.45","#HAA043",50.00,68.00,93.00,120.90,"2024-02-06","134711521","WH",4,,,,"","ALMA","HAA043A1",30075,5002,"2024-02-06","2024-03-06","USD",93.00,100,"3XS:20|2XS:20|XS:20|S:10|M:10|L:10|XL:10"
271044,"2023-09-15 08:39:53.45","#HAA044",50.00,68.00,93.00,120.90,"2024-02-06","134711736","WH",4,,,,"","ALMA","HAA044A1",30076,4002,"2024-02-06","2024-03-06","USD",93.00,100,"3XS:20|2XS:20|XS:20|S:10|M:10|L:10|XL:10"
271045,"2023-09-15 08:39:53.45","#HAA045",50.00,68.00,93.00,120.90,"2024-02-06","134711943","WH",4,,,,"","ALMA","HAA045A1",30077,3002,"2024-02-06","2024-03-06","USD",93.00,100,"3XS:20|2XS:20|XS:20|S:10|M:10|L:10|XL:10"
271046,"2023-09-15 08:39:53.45","#HAA046",50.00,68.00,93.00,120.90,"2024-02-06","134709661","WH",4,,,,"","ALMA","HAA046A1",30078,1002,"2024-02-06","2024-03-06","USD",93.00,100,"3XS:20|2XS:20|XS:20|S:10|M:10|L:10|XL:10"
271047,"2023-09-15 08:39:53.45","#HAA047",50.00,68.00,93.00,120.90,"2024-02-06","134709867","WH",4,,,,"","ALMA","HAA047A1",30013,8002,"2024-02-06","2024-03-06","USD",93.00,100,"3XS:20|2XS:20|XS:20|S:10|M:10|L:10|XL:10"
271048,"2023-09-15 08:39:53.45","#HAA048",50.00,68.00,93.00,120.90,"2024-02-06","134710113","WH",4,,,,"","ALMA","HAA048A1",30022,6002,"2024-02-06","2024-03-06","USD",93.00,100,"3XS:20|2XS:20|XS:20|S:10|M:10|L:10|XL:10"
271049,"2023-09-15 08:39:53.45","#HAA049",50.00,68.00,93.00,120.90,"2024-02-06","134710313","WH",4,,,,"","ALMA","HAA049A1",30025,5002,"2024-02-06","2024-03-06","USD",93.00,100,"3XS:20|2XS:20|XS:20|S:10|M:10|L:10|XL:10"
271050,"2023-09-15 08:39:53.45","#HAA050",50.00,68.00,93.00,120.90,"2024-02-06","134708386","WH",4,,,,"","ALMA","HAA050A1",30026,4002,"2024-02-06","2024-03-06","USD",93.00,100,"3XS:20|2XS:20|XS:20|S:10|M:10|L:10|XL:10"
271051,"2023-09-15 08:39:53.45","#HAA051",50.00,68.00,93.00,120.90,"2024-02-06","134708578","WH",4,,,,"","ALMA","HAA051A1",30027,3002,"2024-02-06","2024-03-06","USD",93.00,100,"3XS:20|2XS:20|XS:20|S:10|M:10|L:10|XL:10"
271052,"2023-09-15 08:39:53.45","#HAA052",50.00,68.00,93.00,120.90,"2024-02-06","134708765","WH",4,,,,"","ALMA","HAA052A1",30029,1002,"2024-02-06","2024-03-06","USD",93.00,100,"3XS:20|2XS:20|XS:20|S:10|M:10|L:10|XL:10"
271053,"2023-09-15 08:39:53.45","#HAA053",50.00,68.00,93.00,120.90,"2024-02-06","134708961","WH",4,,,,"","ALMA","HAA053A1",30045,8002,"2024-02-06","2024-03-06","USD",93.00,100,"3XS:20|2XS:20|XS:20|S:10|M:10|L:10|XL:10"
271054,"2023-09-15 08:39:53.45","#HAA054",50.00,68.00,93.00,120.90,"2024-02-06","134701529","WH",4,,,,"","ALMA","HAA054A1",30046,6002,"2024-02-06","2024-03-06","USD",93.00,100,"3XS:20|2XS:20|XS:20|S:10|M:10|L:10|XL:10"
271055,"2023-09-15 08:39:53.45","#HAA055",50.00,68.00,93.00,120.90,"2024-02-06","134701718","WH",4,,,,"","ALMA","HAA055A1",30047,5002,"2024-02-06","2024-03-06","USD",93.00,100,"3XS:20|2XS:20|XS:20|S:10|M:10|L:10|XL:10"
271056,"2023-09-15 08:39:53.45","#HAA056",50.00,68.00,93.00,120.90,"2024-02-06","134701919","WH",4,,,,"","ALMA","HAA056A1",30065,4002,"2024-02-06","2024-03-06","USD",93.00,100,"3XS:20|2XS:20|XS:20|S:10|M:10|L:10|XL:10"
271057,"2023-09-15 08:39:53.45","#HAA057",50.00,68.00,93.00,120.90,"2024-02-06","134712161","WH",4,,,,"","ALMA","HAA057A1",30066,3002,"2024-02-06","2024-03-06","USD",93.00,100,"3XS:20|2XS:20|XS:20|S:10|M:10|L:10|XL:10"
271058,"2023-09-15 08:39:53.45","#HAA058",50.00,68.00,93.00,120.90,"2024-02-06","134712374","WH",4,,,,"","ALMA","HAA058A1",30067,1002,"2024-02-06","2024-03-06","USD",93.00,100,"3XS:20|2XS:20|XS:20|S:10|M:10|L:10|XL:10"
271059,"2023-09-15 08:39:53.45","#HAA059",50.00,68.00,93.00,120.90,"2024-02-06","134712610","WH",4,,,,"","ALMA","HAA059A1",30068,8002,"2024-02-06","2024-03-06","USD",93.00,100,"3XS:20|2XS:20|XS:20|S:10|M:10|L:10|XL:10"
271060,"2023-09-15 08:39:53.45","#HAA060",50.00,68.00,93.00,120.90,"2024-02-06","134710543","WH",4,,,,"","ALMA","HAA060A1",30069,6002,"2024-02-06","2024-03-06","USD",93.00,100,"3XS:20|2XS:20|XS:20|S:10|M:10|L:10|XL:10"
271061,"2023-09-15 08:39:53.45","#HAA061",50.00,68.00,93.00,120.90,"2024-02-06","134710742","WH",4,,,,"","ALMA","HAA061A1",30070,5002,"2024-02-06","2024-03-06","USD",93.00,100,"3XS:20|2XS:20|XS:20|S:10|M:10|L:10|XL:10"
271062,"2023-09-15 08:39:53.45","#HAA062",50.00,68.00,93.00,120.90,"2024-02-06","134710953","WH",4,,,,"","ALMA","HAA062A1",30071,4002,"2024-02-06","2024-03-06","USD",93.00,100,"3XS:20|2XS:20|XS:20|S:10|M:10|L:10|XL:10"
271063,"2023-09-15 08:39:53.45","#HAA063",50.00,68.00,93.00,120.90,"2024-02-06","134706185","WH",4,,,,"","ALMA","HAA063A1",30072,3002,"2024-02-06","2024-03-06","USD",93.00,100,"3XS:20|2XS:20|XS:20|S:10|M:10|L:10|XL:10"
271064,"2023-09-15 08:39:53.45","#HAA064",50.00,68.00,93.00,120.90,"2024-02-06","134706406","WH",4,,,,"","ALMA","HAA064A1",30073,1002,"2024-02-06","2024-03-06","USD",93.00,100,"3XS:20|2XS:20|XS:20|S:10|M:10|L:10|XL:10"
271065,"2023-09-15 08:39:53.45","#HAA065",50.00,68.00,93.00,120.90,"2024-02-06","134706613","WH",4,,,,"","ALMA","HAA065A1",30074,8002,"2024-02-06","2024-03-06","USD",93.00,100,"3XS:20|2XS:20|XS:20|S:10|M:10|L:10|XL:10"
271066,"2023-09-15 08:39:53.45","#HAA066",50.00,68.00,93.00,120.90,"2024-02-06","134706831","WH",4,,,,"","ALMA","HAA066A1",30075,6002,"2024-02-06","2024-03-06","USD",93.00,100,"3XS:20|2XS:20|XS:20|S:10|M:10|L:10|XL:10"
271067,"2023-09-15 08:39:53.45","#HAA067",50.00,68.00,93.00,120.90,"2024-02-06","134709169","WH",4,,,,"","ALMA","HAA067A1",30076,5002,"2024-02-06","2024-03-06","USD",93.00,100,"3XS:20|2XS:20|XS:20|S:10|M:10|L:10|XL:10"
271068,"2023-09-15 08:39:53.45","#HAA068",50.00,68.00,93.00,120.90,"2024-02-06","134709359","WH",4,,,,"","ALMA","HAA068A1",30077,4002,"2024-02-06","2024-03-06","USD",93.00,100,"3XS:20|2XS:20|XS:20|S:10|M:10|L:10|XL:10"
271069,"2023-09-15 08:39:53.45","#HAA069",50.00,68.00,93.00,120.90,"2024-02-06","134709560","WH",4,,,,"","ALMA","HAA069A1",30078,3002,"2024-02-06","2024-03-06","USD",93.00,100,"3XS:20|2XS:20|XS:20|S:10|M:10|L:10|XL:10"
271070,"2023-09-15 08:39:53.45","#HAA070",50.00,68.00,93.00,120.90,"2024-02-06","134712823","WH",4,,,,"","ALMA","HAA070A1",30013,1002,"2024-02-06","2024-03-06","USD",93.00,100,"3XS:20|2XS:20|XS:20|S:10|M:10|L:10|XL:10"
271071,"2023-09-15 08:39:53.45","#HAA071",50.00,68.00,93.00,120.90,"2024-02-06","134712995","WH",4,,,,"","ALMA","HAA071A1",30022,8002,"2024-02-06","2024-03-06","USD",93.00,100,"3XS:20|2XS:20|XS:20|S:10|M:10|L:10|XL:10"
271072,"2023-09-15 08:39:53.45","#HAA072",50.00,68.00,93.00,120.90,"2024-02-06","134713209","WH",4,,,,"","ALMA","HAA072A1",30025,6002,"2024-02-06","2024-03-06","USD",93.00,100,"3XS:20|2XS:20|XS:20|S:10|M:10|L:10|XL:10"
271073,"2023-09-15 08:39:53.45","#HAA073",50.00,68.00,93.00,120.90,"2024-02-06","134713394","WH",4,,,,"","ALMA","HAA073A1",30026,5002,"2024-02-06","2024-03-06","USD",93.00,100,"3XS:20|2XS:20|XS:20|S:10|M:10|L:10|XL:10"
271074,"2023-09-15 08:39:53.45","#HAA074",50.00,68.00,93.00,120.90,"2024-02-06","134702111","WH",4,,,,"","ALMA","HAA074A1",30027,4002,"2024-02-06","2024-03-06","USD",93.00,100,"3XS:20|2XS:20|XS:20|S:10|M:10|L:10|XL:10"
271075,"2023-09-15 08:39:53.45","#HAA075",50.00,68.00,93.00,120.90,"2024-02-06","134702320","WH",4,,,,"","ALMA","HAA075A1",30029,3002,"2024-02-06","2024-03-06","USD",93.00,100,"3XS:20|2XS:20|XS:20|S:10|M:10|L:10|XL:10"
271076,"2023-09-15 08:39:53.45","#HAA076",50.00,68.00,93.00,120.90,"2024-02-06","134702518","WH",4,,,,"","ALMA","HAA076A1",30045,1002,"2024-02-06","2024-03-06","USD",93.00,100,"3XS:20|2XS:20|XS:20|S:10|M:10|L:10|XL:10"
271077,"2023-09-15 08:39:53.45","#HAA077",50.00,68.00,93.00,120.90,"2024-02-06","134714575","WH",4,,,,"","ALMA","HAA077A1",30046,8002,"2024-02-06","2024-03-06","USD",93.00,100,"3XS:20|2XS:20|XS:20|S:10|M:10|L:10|XL:10"
271078,"2023-09-15 08:39:53.45","#HAA078",50.00,68.00,93.00,120.90,"2024-02-06","134714773","WH",4,,,,"","ALMA","HAA078A1",30047,6002,"2024-02-06","2024-03-06","USD",93.00,100,"3XS:20|2XS:20|XS:20|S:10|M:10|L:10|XL:10"
271079,"2023-09-15 08:39:53.45","#HAA079",50.00,68.00,93.00,120.90,"2024-02-06","134714974","WH",4,,,,"","ALMA","HAA079A1",30065,5002,"2024-02-06","2024-03-06","USD",93.00,100,"3XS:20|2XS:20|XS:20|S:10|M:10|L:10|XL:10"
271080,"2023-09-15 08:39:53.45","#HAA080",50.00,68.00,93.00,120.90,"2024-02-06","134711177","WH",4,,,,"","ALMA","HAA080A1",30066,4002,"2024-02-06","2024-03-06","USD",93.00,100,"3XS:20|2XS:20|XS:20|S:10|M:10|L:10|XL:10"
271081,"2023-09-15 08:39:53.45","#HAA081",50.00,68.00,93.00,120.90,"2024-02-06","134711398","WH",4,,,,"","ALMA","HAA081A1",30067,3002,"2024-02-06","2024-03-06","USD",93.00,100,"3XS:20|2XS:20|XS:20|S:10|M:10|L:10|XL:10"
271082,"2023-09-15 08:39:53.45","#HAA082",50.00,68.00,93.00,120.90,"2024-02-06","134711628","WH",4,,,,"","ALMA","HAA082A1",30068,1002,"2024-02-06","2024-03-06","USD",93.00,100,"3XS:20|2XS:20|XS:20|S:10|M:10|L:10|XL:10"
271083,"2023-09-15 08:39:53.45","#HAA083",50.00,68.00,93.00,120.90,"2024-02-06","134707036","WH",4,,,,"","ALMA","HAA083A1",30069,8002,"2024-02-06","2024-03-06","USD",93.00,100,"3XS:20|2XS:20|XS:20|S:10|M:10|L:10|XL:10"
271084,"2023-09-15 08:39:53.45","#HAA084",50.00,68.00,93.00,120.90,"2024-02-06","134707263","WH",4,,,,"","ALMA","HAA084A1",30070,6002,"2024-02-06","2024-03-06","USD",93.00,100,"3XS:20|2XS:20|XS:20|S:10|M:10|L:10|XL:10"
271085,"2023-09-15 08:39:53.45","#HAA085",50.00,68.00,93.00,120.90,"2024-02-06","134707484","WH",4,,,,"","ALMA","HAA085A1",30071,5002,"2024-02-06","2024-03-06","USD",93.00,100,"3XS:20|2XS:20|XS:20|S:10|M:10|L:10|XL:10"
271086,"2023-09-15 08:39:53.45","#HAA086",50.00,68.00,93.00,120.90,"2024-02-06","134709759","WH",4,,,,"","ALMA","HAA086A1",30072,4002,"2024-02-06","2024-03-06","USD",93.00,100,"3XS:20|2XS:20|XS:20|S:10|M:10|L:10|XL:10"
271087,"2023-09-15 08:39:53.45","#HAA087",50.00,68.00,93.00,120.90,"2024-02-06","134709959","WH",4,,,,"","ALMA","HAA087A1",30073,3002,"2024-02-06","2024-03-06","USD",93.00,100,"3XS:20|2XS:20|XS:20|S:10|M:10|L:10|XL:10"
271088,"2023-09-15 08:39:53.45","#HAA088",50.00,68.00,93.00,120.90,"2024-02-06","134710159","WH",4,,,,"","ALMA","HAA088A1",30074,1002,"2024-02-06","2024-03-06","USD",93.00,100,"3XS:20|2XS:20|XS:20|S:10|M:10|L:10|XL:10"
271089,"2023-09-15 08:39:53.45","#HAA089",50.00,68.00,93.00,120.90,"2024-02-06","134713597","WH",4,,,,"","ALMA","HAA089A1",30075,8002,"2024-02-06","2024-03-06","USD",93.00,100,"3XS:20|2XS:20|XS:20|S:10|M:10|L:10|XL:10"
271090,"2023-09-15 08:39:53.45","#HAA090",50.00,68.00,93.00,120.90,"2024-02-06","134713812","WH",4,,,,"","ALMA","HAA090A1",30076,6002,"2024-02-06","2024-03-06","USD",93.00,100,"3XS:20|2XS:20|XS:20|S:10|M:10|L:10|XL:10"
271091,"2023-09-15 08:39:53.45","#HAA091",50.00,68.00,93.00,120.90,"2024-02-06","134713994","WH",4,,,,"","ALMA","HAA091A1",30077,5002,"2024-02-06","2024-03-06","USD",93.00,100,"3XS:20|2XS:20|XS:20|S:10|M:10|L:10|XL:10"
271092,"2023-09-15 08:39:53.45","#HAA092",50.00,68.00,93.00,120.90,"2024-02-06","134702720","WH",4,,,,"","ALMA","HAA092A1",30078,4002,"2024-02-06","2024-03-06","USD",93.00,100,"3XS:20|2XS:20|XS:20|S:10|M:10|L:10|XL:10"
271093,"2023-09-15 08:39:53.45","#HAA093",50.00,68.00,93.00,120.90,"2024-02-06","134702918","WH",4,,,,"","ALMA","HAA093A1",30013,3002,"2024-02-06","2024-03-06","USD",93.00,100,"3XS:20|2XS:20|XS:20|S:10|M:10|L:10|XL:10"
271094,"2023-09-15 08:39:53.45","#HAA094",50.00,68.00,93.00,120.90,"2024-02-06","134703126","WH",4,,,,"","ALMA","HAA094A1",30022,1002,"2024-02-06","2024-03-06","USD",93.00,100,"3XS:20|2XS:20|XS:20|S:10|M:10|L:10|XL:10"
271095,"2023-09-15 08:39:53.45","#HAA095",50.00,68.00,93.00,120.90,"2024-02-06","134715175","WH",4,,,,"","ALMA","HAA095A1",30025,8002,"2024-02-06","2024-03-06","USD",93.00,100,"3XS:20|2XS:20|XS:20|S:10|M:10|L:10|XL:10"
271096,"2023-09-15 08:39:53.45","#HAA096",50.00,68.00,93.00,120.90,"2024-02-06","134715381","WH",4,,,,"","ALMA","HAA096A1",30026,6002,"2024-02-06","2024-03-06","USD",93.00,100,"3XS:20|2XS:20|XS:20|S:10|M:10|L:10|XL:10"
271097,"2023-09-15 08:39:53.45","#HAA097",50.00,68.00,93.00,120.90,"2024-02-06","134715575","WH",4,,,,"","ALMA","HAA097A1",30027,5002,"2024-02-06","2024-03-06","USD",93.00,100,"3XS:20|2XS:20|XS:20|S:10|M:10|L:10|XL:10"
271098,"2023-09-15 08:39:53.45","#HAA098",50.00,68.00,93.00,120.90,"2024-02-06","134711858","WH",4,,,,"","ALMA","HAA098A1",30029,4002,"2024-02-06","2024-03-06","USD",93.00,100,"3XS:20|2XS:20|XS:20|S:10|M:10|L:10|XL:10"
271099,"2023-09-15 08:39:53.45","#HAA099",50.00,68.00,93.00,120.90,"2024-02-06","134712096","WH",4,,,,"","ALMA","HAA099A1",30045,3002,"2024-02-06","2024-03-06","USD",93.00,100,"3XS:20|2XS:20|XS:20|S:10|M:10|L:10|XL:10"
271100,"2023-09-15 08:39:53.45","#HAA100",50.00,68.00,93.00,120.90,"2024-02-06","134712305","WH",4,,,,"","ALMA","HAA100A1",30046,1002,"2024-02-06","2024-03-06","USD",93.00,100,"3XS:20|2XS:20|XS:20|S:10|M:10|L:10|XL:10"
271101,"2023-09-15 08:39:53.45","#HAA101",50.00,68.00,93.00,120.90,"2024-02-06","134707704","WH",4,,,,"","ALMA","HAA101A1",30047,8002,"2024-02-06","2024-03-06","USD",93.00,100,"3XS:20|2XS:20|XS:20|S:10|M:10|L:10|XL:10"
271102,"2023-09-15 08:39:53.45","#HAA102",50.00,68.00,93.00,120.90,"2024-02-06","134707926","WH",4,,,,"","ALMA","HAA102A1",30065,6002,"2024-02-06","2024-03-06","USD",93.00,100,"3XS:20|2XS:20|XS:20|S:10|M:10|L:10|XL:10"
271103,"2023-09-15 08:39:53.45","#HAA103",50.00,68.00,93.00,120.90,"2024-02-06","134708134","WH",4,,,,"","ALMA","HAA103A1",30066,5002,"2024-02-06","2024-03-06","USD",93.00,100,"3XS:20|2XS:20|XS:20|S:10|M:10|L:10|XL:10"
271104,"2023-09-15 08:39:53.45","#HAA104",50.00,68.00,93.00,120.90,"2024-02-06","134710360","WH",4,,,,"","ALMA","HAA104A1",30067,4002,"2024-02-06","2024-03-06","USD",93.00,100,"3XS:20|2XS:20|XS:20|S:10|M:10|L:10|XL:10"
271105,"2023-09-15 08:39:53.45","#HAA105",50.00,68.00,93.00,120.90,"2024-02-06","134710546","WH",4,,,,"","ALMA","HAA105A1",30068,3002,"2024-02-06","2024-03-06","USD",93.00,100,"3XS:20|2XS:20|XS:20|S:10|M:10|L:10|XL:10"
271106,"2023-09-15 08:39:53.45","#HAA106",50.00,68.00,93.00,120.90,"2024-02-06","134710744","WH",4,,,,"","ALMA","HAA106A1",30069,1002,"2024-02-06","2024-03-06","USD",93.00,100,"3XS:20|2XS:20|XS:20|S:10|M:10|L:10|XL:10"
271107,"2023-09-15 08:39:53.45","#HAA107",50.00,68.00,93.00,120.90,"2024-02-06","134714184","WH",4,,,,"","ALMA","HAA107A1",30070,8002,"2024-02-06","2024-03-06","USD",93.00,100,"3XS:20|2XS:20|XS:20|S:10|M:10|L:10|XL:10"
271108,"2023-09-15 08:39:53.45","#HAA108",50.00,68.00,93.00,120.90,"2024-02-06","134714375","WH",4,,,,"","ALMA","HAA108A1",30071,6002,"2024-02-06","2024-03-06","USD",93.00,100,"3XS:20|2XS:20|XS:20|S:10|M:10|L:10|XL:10"
271109,"2023-09-15 08:39:53.45","#HAA109",50.00,68.00,93.00,120.90,"2024-02-06","134714574","WH",4,,,,"","ALMA","HAA109A1",30072,5002,"2024-02-06","2024-03-06","USD",93.00,100,"3XS:20|2XS:20|XS:20|S:10|M:10|L:10|XL:10"
271110,"2023-09-15 08:39:53.45","#HAA110",50.00,68.00,93.00,120.90,"2024-02-06","134703297","WH",4,,,,"","ALMA","HAA110A1",30073,4002,"2024-02-06","2024-03-06","USD",93.00,100,"3XS:20|2XS:20|XS:20|S:10|M:10|L:10|XL:10"
271111,"2023-09-15 08:39:53.45","#HAA111",50.00,68.00,93.00,120.90,"2024-02-06","134703497","WH",4,,,,"","ALMA","HAA111A1",30074,3002,"2024-02-06","2024-03-06","USD",93.00,100,"3XS:20|2XS:20|XS:20|S:10|M:10|L:10|XL:10"
271112,"2023-09-15 08:39:53.45","#HAA112",50.00,68.00,93.00,120.90,"2024-02-06","134703681","WH",4,,,,"","ALMA","HAA112A1",30075,1002,"2024-02-06","2024-03-06","USD",93.00,100,"3XS:20|2XS:20|XS:20|S:10|M:10|L:10|XL:10"
271113,"2023-09-15 08:39:53.45","#HAA113",50.00,68.00,93.00,120.90,"2024-02-06","134703881","WH",4,,,,"","ALMA","HAA113A1",30076,8002,"2024-02-06","2024-03-06","USD",93.00,100,"3XS:20|2XS:20|XS:20|S:10|M:10|L:10|XL:10"
271114,"2023-09-15 08:39:53.45","#HAA114",50.00,68.00,93.00,120.90,"2024-02-06","134712496","WH",4,,,,"","ALMA","HAA114A1",30077,6002,"2024-02-06","2024-03-06","USD",93.00,100,"3XS:20|2XS:20|XS:20|S:10|M:10|L:10|XL:10"
271115,"2023-09-15 08:39:53.45","#HAA115",50.00,68.00,93.00,120.90,"2024-02-06","134712706","WH",4,,,,"","ALMA","HAA115A1",30078,5002,"2024-02-06","2024-03-06","USD",93.00,100,"3XS:20|2XS:20|XS:20|S:10|M:10|L:10|XL:10"
271116,"2023-09-15 08:39:53.45","#HAA116",50.00,68.00,93.00,120.90,"2024-02-06","134712873","WH",4,,,,"","ALMA","HAA116A1",30013,4002,"2024-02-06","2024-03-06","USD",93.00,100,"3XS:20|2XS:20|XS:20|S:10|M:10|L:10|XL:10"
271117,"2023-09-15 08:39:53.45","#HAA117",50.00,68.00,93.00,120.90,"2024-02-06","134713067","WH",4,,,,"","ALMA","HAA117A1",30022,3002,"2024-02-06","2024-03-06","USD",93.00,100,"3XS:20|2XS:20|XS:20|S:10|M:10|L:10|XL:10"
271118,"2023-09-15 08:39:53.45","#HAA118",50.00,68.00,93.00,120.90,"2024-02-06","134702847","WH",4,,,,"","ALMA","HAA118A1",30025,1002,"2024-02-06","2024-03-06","USD",93.00,100,"3XS:20|2XS:20|XS:20|S:10|M:10|L:10|XL:10"
271119,"2023-09-15 08:39:53.45","#HAA119",50.00,68.00,93.00,120.90,"2024-02-06","134703031","WH",4,,,,"","ALMA","HAA119A1",30026,8002,"2024-02-06","2024-03-06","USD",93.00,100,"3XS:20|2XS:20|XS:20|S:10|M:10|L:10|XL:10"
271120,"2023-09-15 08:39:53.45","#HAA120",50.00,68.00,93.00,120.90,"2024-02-06","134703226","WH",4,,,,"","ALMA","HAA120A1",30027,6002,"2024-02-06","2024-03-06","USD",93.00,100,"3XS:20|2XS:20|XS:20|S:10|M:10|L:10|XL:10"
271121,"2023-09-15 08:39:53.45","#HAA121",50.00,68.00,93.00,120.90,"2024-02-06","134703424","WH",4,,,,"","ALMA","HAA121A1",30029,5002,"2024-02-06","2024-03-06","USD",93.00,100,"3XS:20|2XS:20|XS:20|S:10|M:10|L:10|XL:10"
271122,"2023-09-15 08:39:53.45","#HAA122",50.00,68.00,93.00,120.90,"2024-02-06","134708335","WH",4,,,,"","ALMA","HAA122A1",30045,4002,"2024-02-06","2024-03-06","USD",93.00,100,"3XS:20|2XS:20|XS:20|S:10|M:10|L:10|XL:10"
271123,"2023-09-15 08:39:53.45","#HAA123",50.00,68.00,93.00,120.90,"2024-02-06","134708543","WH",4,,,,"","ALMA","HAA123A1",30046,3002,"2024-02-06","2024-03-06","USD",93.00,100,"3XS:20|2XS:20|XS:20|S:10|M:10|L:10|XL:10"
271124,"2023-09-15 08:39:53.45","#HAA124",50.00,68.00,93.00,120.90,"2024-02-06","134708762","WH",4,,,,"","ALMA","HAA124A1",30047,1002,"2024-02-06","2024-03-06","USD",93.00,100,"3XS:20|2XS:20|XS:20|S:10|M:10|L:10|XL:10"
271125,"2023-09-15 08:39:53.45","#HAA125",50.00,68.00,93.00,120.90,"2024-02-06","134700798","WH",4,,,,"","ALMA","HAA125A1",30065,8002,"2024-02-06","2024-03-06","USD",93.00,100,"3XS:20|2XS:20|XS:20|S:10|M:10|L:10|XL:10"
271126,"2023-09-15 08:39:53.45","#HAA126",50.00,68.00,93.00,120.90,"2024-02-06","134700988","WH",4,,,,"","ALMA","HAA126A1",30066,6002,"2024-02-06","2024-03-06","USD",93.00,100,"3XS:20|2XS:20|XS:20|S:10|M:10|L:10|XL:10"
271127,"2023-09-15 08:39:53.45","#HAA127",50.00,68.00,93.00,120.90,"2024-02-06","134700844","WH",4,,,,"","ALMA","HAA127A1",30067,5002,"2024-02-06","2024-03-06","USD",93.00,100,"3XS:20|2XS:20|XS:20|S:10|M:10|L:10|XL:10"
271128,"2023-09-15 08:39:53.45","#HAA128",50.00,68.00,93.00,120.90,"2024-02-06","134701035","WH",4,,,,"","ALMA","HAA128A1",30068,4002,"2024-02-06","2024-03-06","USD",93.00,100,"3XS:20|2XS:20|XS:20|S:10|M:10|L:10|XL:10"
271129,"2023-09-15 08:39:53.45","#HAA129",50.00,68.00,93.00,120.90,"2024-02-06","134701258","WH",4,,,,"","ALMA","HAA129A1",30069,3002,"2024-02-06","2024-03-06","USD",93.00,100,"3XS:20|2XS:20|XS:20|S:10|M:10|L:10|XL:10"
271130,"2023-09-15 08:39:53.45","#HAA130",50.00,68.00,93.00,120.90,"2024-02-06","134701435","WH",4,,,,"","ALMA","HAA130A1",30070,1002,"2024-02-06","2024-03-06","USD",93.00,100,"3XS:20|2XS:20|XS:20|S:10|M:10|L:10|XL:10"
271131,"2023-09-15 08:39:53.45","#HAA131",50.00,68.00,93.00,120.90,"2024-02-06","134700806","WH",4,,,,"","ALMA","HAA131A1",30071,8002,"2024-02-06","2024-03-06","USD",93.00,100,"3XS:20|2XS:20|XS:20|S:10|M:10|L:10|XL:10"
271132,"2023-09-15 08:39:53.45","#HAA132",50.00,68.00,93.00,120.90,"2024-02-06","134700990","WH",4,,,,"","ALMA","HAA132A1",30072,6002,"2024-02-06","2024-03-06","USD",93.00,100,"3XS:20|2XS:20|XS:20|S:10|M:10|L:10|XL:10"
271133,"2023-09-15 08:39:53.45","#HAA133",50.00,68.00,93.00,120.90,"2024-02-06","134701197","WH",4,,,,"","ALMA","HAA133A1",30073,5002,"2024-02-06","2024-03-06","USD",93.00,100,"3XS:20|2XS:20|XS:20|S:10|M:10|L:10|XL:10"
271134,"2023-09-15 08:39:53.45","#HAA134",50.00,68.00,93.00,120.90,"2024-02-06","134701396","WH",4,,,,"","ALMA","HAA134A1",30074,4002,"2024-02-06","2024-03-06","USD",93.00,100,"3XS:20|2XS:20|XS:20|S:10|M:10|L:10|XL:10"
271135,"2023-09-15 08:39:53.45","#HAA135",50.00,68.00,93.00,120.90,"2024-02-06","134710936","WH",4,,,,"","ALMA","HAA135A1",30075,3002,"2024-02-06","2024-03-06","USD",93.00,100,"3XS:20|2XS:20|XS:20|S:10|M:10|L:10|XL:10"
271136,"2023-09-15 08:39:53.45","#HAA136",50.00,68.00,93.00,120.90,"2024-02-06","134711121","WH",4,,,,"","ALMA","HAA136A1",30076,1002,"2024-02-06","2024-03-06","USD",93.00,100,"3XS:20|2XS:20|XS:20|S:10|M:10|L:10|XL:10"
271137,"2023-09-15 08:39:53.45","#HAA137",50.00,68.00,93.00,120.90,"2024-02-06","134711297","WH",4,,,,"","ALMA","HAA137A1",30077,8002,"2024-02-06","2024-03-06","USD",93.00,100,"3XS:20|2XS:20|XS:20|S:10|M:10|L:10|XL:10"
271138,"2023-09-15 08:39:53.45","#HAA138",50.00,68.00,93.00,120.90,"2024-02-06","134711504","WH",4,,,,"","ALMA","HAA138A1",30078,6002,"2024-02-06","2024-03-06","USD",93.00,100,"3XS:20|2XS:20|XS:20|S:10|M:10|L:10|XL:10"
271139,"2023-09-15 08:39:53.45","#HAA139",50.00,68.00,93.00,120.90,"2024-02-06","134714775","WH",4,,,,"","ALMA","HAA139A1",30013,5002,"2024-02-06","2024-03-06","USD",93.00,100,"3XS:20|2XS:20|XS:20|S:10|M:10|L:10|XL:10"
271140,"2023-09-15 08:39:53.45","#HAA140",50.00,68.00,93.00,120.90,"2024-02-06","134714975","WH",4,,,,"","ALMA","HAA140A1",30022,4002,"2024-02-06","2024-03-06","USD",93.00,100,"3XS:20|2XS:20|XS:20|S:10|M:10|L:10|XL:10"
271141,"2023-09-15 08:39:53.45","#HAA141",50.00,68.00,93.00,120.90,"2024-02-06","134715174","WH",4,,,,"","ALMA","HAA141A1",30025,3002,"2024-02-06","2024-03-06","USD",93.00,100,"3XS:20|2XS:20|XS:20|S:10|M:10|L:10|XL:10"
271142,"2023-09-15 08:39:53.45","#HAA142",50.00,68.00,93.00,120.90,"2024-02-06","134704080","WH",4,,,,"","ALMA","HAA142A1",30026,1002,"2024-02-06","2024-03-06","USD",93.00,100,"3XS:20|2XS:20|XS:20|S:10|M:10|L:10|XL:10"
271143,"2023-09-15 08:39:53.45","#HAA143",50.00,68.00,93.00,120.90,"2024-02-06","134704281","WH",4,,,,"","ALMA","HAA143A1",30027,8002,"2024-02-06","2024-03-06","USD",93.00,100,"3XS:20|2XS:20|XS:20|S:10|M:10|L:10|XL:10"
271144,"2023-09-15 08:39:53.45","#HAA144",50.00,68.00,93.00,120.90,"2024-02-06","134704487","WH",4,,,,"","ALMA","HAA144A1",30029,6002,"2024-02-06","2024-03-06","USD",93.00,100,"3XS:20|2XS:20|XS:20|S:10|M:10|L:10|XL:10"
271145,"2023-09-15 08:39:53.45","#HAA145",50.00,68.00,93.00,120.90,"2024-02-06","134713273","WH",4,,,,"","ALMA","HAA145A1",30045,5002,"2024-02-06","2024-03-06","USD",93.00,100,"3XS:20|2XS:20|XS:20|S:10|M:10|L:10|XL:10"
271146,"2023-09-15 08:39:53.45","#HAA146",50.00,68.00,93.00,120.90,"2024-02-06","134713480","WH",4,,,,"","ALMA","HAA146A1",30046,4002,"2024-02-06","2024-03-06","USD",93.00,100,"3XS:20|2XS:20|XS:20|S:10|M:10|L:10|XL:10"
271147,"2023-09-15 08:39:53.45","#HAA147",50.00,68.00,93.00,120.90,"2024-02-06","134713695","WH",4,,,,"","ALMA","HAA147A1",30047,3002,"2024-02-06","2024-03-06","USD",93.00,100,"3XS:20|2XS:20|XS:20|S:10|M:10|L:10|XL:10"
271148,"2023-09-15 08:39:53.45","#HAA148",50.00,68.00,93.00,120.90,"2024-02-06","134703626","WH",4,,,,"","ALMA","HAA148A1",30065,1002,"2024-02-06","2024-03-06","USD",93.00,100,"3XS:20|2XS:20|XS:20|S:10|M:10|L:10|XL:10"
271149,"2023-09-15 08:39:53.45","#HAA149",50.00,68.00,93.00,120.90,"2024-02-06","134703824","WH",4,,,,"","ALMA","HAA149A1",30066,8002,"2024-02-06","2024-03-06","USD",93.00,100,"3XS:20|2XS:20|XS:20|S:10|M:10|L:10|XL:10"
271150,"2023-09-15 08:39:53.45","#HAA150",50.00,68.00,93.00,120.90,"2024-02-06","134704019","WH",4,,,,"","ALMA","HAA150A1",30067,6002,"2024-02-06","2024-03-06","USD",93.00,100,"3XS:20|2XS:20|XS:20|S:10|M:10|L:10|XL:10"
271151,"2023-09-15 08:39:53.45","#HAA151",50.00,68.00,93.00,120.90,"2024-02-06","134708977","WH",4,,,,"","ALMA","HAA151A1",30068,5002,"2024-02-06","2024-03-06","USD",93.00,100,"3XS:20|2XS:20|XS:20|S:10|M:10|L:10|XL:10"
271152,"2023-09-15 08:39:53.45","#HAA152",50.00,68.00,93.00,120.90,"2024-02-06","134709201","WH",4,,,,"","ALMA","HAA152A1",30069,4002,"2024-02-06","2024-03-06","USD",93.00,100,"3XS:20|2XS:20|XS:20|S:10|M:10|L:10|XL:10"
271153,"2023-09-15 08:39:53.45","#HAA153",50.00,68.00,93.00,120.90,"2024-02-06","134709407","WH",4,,,,"","ALMA","HAA153A1",30070,3002,"2024-02-06","2024-03-06","USD",93.00,100,"3XS:20|2XS:20|XS:20|S:10|M:10|L:10|XL:10"
271154,"2023-09-15 08:39:53.45","#HAA154",50.00,68.00,93.00,120.90,"2024-02-06","134709624","WH",4,,,,"","ALMA","HAA154A1",30071,1002,"2024-02-06","2024-03-06","USD",93.00,100,"3XS:20|2XS:20|XS:20|S:10|M:10|L:10|XL:10"
271155,"2023-09-15 08:39:53.45","#HAA155",50.00,68.00,93.00,120.90,"2024-02-06","134701687","WH",4,,,,"","ALMA","HAA155A1",30072,8002,"2024-02-06","2024-03-06","USD",93.00,100,"3XS:20|2XS:20|XS:20|S:10|M:10|L:10|XL:10"
271156,"2023-09-15 08:39:53.45","#HAA156",50.00,68.00,93.00,120.90,"2024-02-06","134701887","WH",4,,,,"","ALMA","HAA156A1",30073,6002,"2024-02-06","2024-03-06","USD",93.00,100,"3XS:20|2XS:20|XS:20|S:10|M:10|L:10|XL:10"
271157,"2023-09-15 08:39:53.45","#HAA157",50.00,68.00,93.00,120.90,"2024-02-06","134702072","WH",4,,,,"","ALMA","HAA157A1",30074,5002,"2024-02-06","2024-03-06","USD",93.00,100,"3XS:20|2XS:20|XS:20|S:10|M:10|L:10|XL:10"
271158,"2023-09-15 08:39:53.45","#HAA158",50.00,68.00,93.00,120.90,"2024-02-06","134701606","WH",4,,,,"","ALMA","HAA158A1",30075,4002,"2024-02-06","2024-03-06","USD",93.00,100,"3XS:20|2XS:20|XS:20|S:10|M:10|L:10|XL:10"
271159,"2023-09-15 08:39:53.45","#HAA159",50.00,68.00,93.00,120.90,"2024-02-06","134701795","WH",4,,,,"","ALMA","HAA159A1",30076,3002,"2024-02-06","2024-03-06","USD",93.00,100,"3XS:20|2XS:20|XS:20|S:10|M:10|L:10|XL:10"
271160,"2023-09-15 08:39:53.45","#HAA160",50.00,68.00,93.00,120.90,"2024-02-06","134701996","WH",4,,,,"","ALMA","HAA160A1",30077,1002,"2024-02-06","2024-03-06","USD",93.00,100,"3XS:20|2XS:20|XS:20|S:10|M:10|L:10|XL:10"
271161,"2023-09-15 08:39:53.45","#HAA161",50.00,68.00,93.00,120.90,"2024-02-06","134711703","WH",4,,,,"","ALMA","HAA161A1",30078,8002,"2024-02-06","2024-03-06","USD",93.00,100,"3XS:20|2XS:20|XS:20|S:10|M:10|L:10|XL:10"
271162,"2023-09-15 08:39:53.45","#HAA162",50.00,68.00,93.00,120.90,"2024-02-06","134711897","WH",4,,,,"","ALMA","HAA162A1",30013,6002,"2024-02-06","2024-03-06","USD",93.00,100,"3XS:20|2XS:20|XS:20|S:10|M:10|L:10|XL:10"
271163,"2023-09-15 08:39:53.45","#HAA163",50.00,68.00,93.00,120.90,"2024-02-06","134712094","WH",4,,,,"","ALMA","HAA163A1",30022,5002,"2024-02-06","2024-03-06","USD",93.00,100,"3XS:20|2XS:20|XS:20|S:10|M:10|L:10|XL:10"
271164,"2023-09-15 08:39:53.45","#HAA164",50.00,68.00,93.00,120.90,"2024-02-06","134715383","WH",4,,,,"","ALMA","HAA164A1",30025,4002,"2024-02-06","2024-03-06","USD",93.00,100,"3XS:20|2XS:20|XS:20|S:10|M:10|L:10|XL:10"
271165,"2023-09-15 08:39:53.45","#HAA165",50.00,68.00,93.00,120.90,"2024-02-06","134715574","WH",4,,,,"","ALMA","HAA165A1",30026,3002,"2024-02-06","2024-03-06","USD",93.00,100,"3XS:20|2XS:20|XS:20|S:10|M:10|L:10|XL:10"
271166,"2023-09-15 08:39:53.45","#HAA166",50.00,68.00,93.00,120.90,"2024-02-06","134704690","WH",4,,,,"","ALMA","HAA166A1",30027,1002,"2024-02-06","2024-03-06","USD",93.00,100,"3XS:20|2XS:20|XS:20|S:10|M:10|L:10|XL:10"
271167,"2023-09-15 08:39:53.45","#HAA167",50.00,68.00,93.00,120.90,"2024-02-06","134704896","WH",4,,,,"","ALMA","HAA167A1",30029,8002,"2024-02-06","2024-03-06","USD",93.00,100,"3XS:20|2XS:20|XS:20|S:10|M:10|L:10|XL:10"
271168,"2023-09-15 08:39:53.45","#HAA168",50.00,68.00,93.00,120.90,"2024-02-06","134705104","WH",4,,,,"","ALMA","HAA168A1",30045,6002,"2024-02-06","2024-03-06","USD",93.00,100,"3XS:20|2XS:20|XS:20|S:10|M:10|L:10|XL:10"
271169,"2023-09-15 08:39:53.45","#HAA169",50.00,68.00,93.00,120.90,"2024-02-06","134704217","WH",4,,,,"","ALMA","HAA169A1",30046,5002,"2024-02-06","2024-03-06","USD",93.00,100,"3XS:20|2XS:20|XS:20|S:10|M:10|L:10|XL:10"
271170,"2023-09-15 08:39:53.45","#HAA170",50.00,68.00,93.00,120.90,"2024-02-06","134704416","WH",4,,,,"","ALMA","HAA170A1",30047,4002,"2024-02-06","2024-03-06","USD",93.00,100,"3XS:20|2XS:20|XS:20|S:10|M:10|L:10|XL:10"
271171,"2023-09-15 08:39:53.45","#HAA171",50.00,68.00,93.00,120.90,"2024-02-06","134704608","WH",4,,,,"","ALMA","HAA171A1",30065,3002,"2024-02-06","2024-03-06","USD",93.00,100,"3XS:20|2XS:20|XS:20|S:10|M:10|L:10|XL:10"
271172,"2023-09-15 08:39:53.45","#HAA172",50.00,68.00,93.00,120.90,"2024-02-06","134709823","WH",4,,,,"","ALMA","HAA172A1",30066,1002,"2024-02-06","2024-03-06","USD",93.00,100,"3XS:20|2XS:20|XS:20|S:10|M:10|L:10|XL:10"
271173,"2023-09-15 08:39:53.45","#HAA173",50.00,68.00,93.00,120.90,"2024-02-06","134710041","WH",4,,,,"","ALMA","HAA173A1",30067,8002,"2024-02-06","2024-03-06","USD",93.00,100,"3XS:20|2XS:20|XS:20|S:10|M:10|L:10|XL:10"
271174,"2023-09-15 08:39:53.45","#HAA174",50.00,68.00,93.00,120.90,"2024-02-06","134710236","WH",4,,,,"","ALMA","HAA174A1",30068,6002,"2024-02-06","2024-03-06","USD",93.00,100,"3XS:20|2XS:20|XS:20|S:10|M:10|L:10|XL:10"
271175,"2023-09-15 08:39:53.45","#HAA175",50.00,68.00,93.00,120.90,"2024-02-06","134702273","WH",4,,,,"","ALMA","HAA175A1",30069,5002,"2024-02-06","2024-03-06","USD",93.00,100,"3XS:20|2XS:20|XS:20|S:10|M:10|L:10|XL:10"
271176,"2023-09-15 08:39:53.45","#HAA176",50.00,68.00,93.00,120.90,"2024-02-06","134702466","WH",4,,,,"","ALMA","HAA176A1",30070,4002,"2024-02-06","2024-03-06","USD",93.00,100,"3XS:20|2XS:20|XS:20|S:10|M:10|L:10|XL:10"
271177,"2023-09-15 08:39:53.45","#HAA177",50.00,68.00,93.00,120.90,"2024-02-06","134702647","WH",4,,,,"","ALMA","HAA177A1",30071,3002,"2024-02-06","2024-03-06","USD",93.00,100,"3XS:20|2XS:20|XS:20|S:10|M:10|L:10|XL:10"
271178,"2023-09-15 08:39:53.45","#HAA178",50.00,68.00,93.00,120.90,"2024-02-06","134702184","WH",4,,,,"","ALMA","HAA178A1",30072,1002,"2024-02-06","2024-03-06","USD",93.00,100,"3XS:20|2XS:20|XS:20|S:10|M:10|L:10|XL:10"
271179,"2023-09-15 08:39:53.45","#HAA179",50.00,68.00,93.00,120.90,"2024-02-06","134702362","WH",4,,,,"","ALMA","HAA179A1",30073,8002,"2024-02-06","2024-03-06","USD",93.00,100,"3XS:20|2XS:20|XS:20|S:10|M:10|L:10|XL:10"
271180,"2023-09-15 08:39:53.45","#HAA180",50.00,68.00,93.00,120.90,"2024-02-06","134702562","WH",4,,,,"","ALMA","HAA180A1",30074,6002,"2024-02-06","2024-03-06","USD",93.00,100,"3XS:20|2XS:20|XS:20|S:10|M:10|L:10|XL:10"
271181,"2023-09-15 08:39:53.45","#HAA181",50.00,68.00,93.00,120.90,"2024-02-06","134712280","WH",4,,,,"","ALMA","HAA181A1",30075,5002,"2024-02-06","2024-03-06","USD",93.00,100,"3XS:20|2XS:20|XS:20|S:10|M:10|L:10|XL:10"
271182,"2023-09-15 08:39:53.45","#HAA182",50.00,68.00,93.00,120.90,"2024-02-06","134712465","WH",4,,,,"","ALMA","HAA182A1",30076,4002,"2024-02-06","2024-03-06","USD",93.00,100,"3XS:20|2XS:20|XS:20|S:10|M:10|L:10|XL:10"
271183,"2023-09-15 08:39:53.45","#HAA183",50.00,68.00,93.00,120.90,"2024-02-06","134712657","WH",4,,,,"","ALMA","HAA183A1",30077,3002,"2024-02-06","2024-03-06","USD",93.00,100,"3XS:20|2XS:20|XS:20|S:10|M:10|L:10|XL:10"
271184,"2023-09-15 08:39:53.45","#HAA184",50.00,68.00,93.00,120.90,"2024-02-06","134705303","WH",4,,,,"","ALMA","HAA184A1",30078,1002,"2024-02-06","2024-03-06","USD",93.00,100,"3XS:20|2XS:20|XS:20|S:10|M:10|L:10|XL:10"
271185,"2023-09-15 08:39:53.45","#HAA185",50.00,68.00,93.00,120.90,"2024-02-06","134705481","WH",4,,,,"","ALMA","HAA185A1",30013,8002,"2024-02-06","2024-03-06","USD",93.00,100,"3XS:20|2XS:20|XS:20|S:10|M:10|L:10|XL:10"
271186,"2023-09-15 08:39:53.45","#HAA186",50.00,68.00,93.00,120.90,"2024-02-06","134705711","WH",4,,,,"","ALMA","HAA186A1",30022,6002,"2024-02-06","2024-03-06","USD",93.00,100,"3XS:20|2XS:20|XS:20|S:10|M:10|L:10|XL:10"
271187,"2023-09-15 08:39:53.45","#HAA187",50.00,68.00,93.00,120.90,"2024-02-06","134704786","WH",4,,,,"","ALMA","HAA187A1",30025,5002,"2024-02-06","2024-03-06","USD",93.00,100,"3XS:20|2XS:20|XS:20|S:10|M:10|L:10|XL:10"
271188,"2023-09-15 08:39:53.45","#HAA188",50.00,68.00,93.00,120.90,"2024-02-06","134704977","WH",4,,,,"","ALMA","HAA188A1",30026,4002,"2024-02-06","2024-03-06","USD",93.00,100,"3XS:20|2XS:20|XS:20|S:10|M:10|L:10|XL:10"
271189,"2023-09-15 08:39:53.45","#HAA189",50.00,68.00,93.00,120.90,"2024-02-06","134705198","WH",4,,,,"","ALMA","HAA189A1",30027,3002,"2024-02-06","2024-03-06","USD",93.00,100,"3XS:20|2XS:20|XS:20|S:10|M:10|L:10|XL:10"
271190,"2023-09-15 08:39:53.45","#HAA190",50.00,68.00,93.00,120.90,"2024-02-06","134710435","WH",4,,,,"","ALMA","HAA190A1",30029,1002,"2024-02-06","2024-03-06","USD",93.00,100,"3XS:20|2XS:20|XS:20|S:10|M:10|L:10|XL:10"
271191,"2023-09-15 08:39:53.45","#HAA191",50.00,68.00,93.00,120.90,"2024-02-06","134710641","WH",4,,,,"","ALMA","HAA191A1",30045,8002,"2024-02-06","2024-03-06","USD",93.00,100,"3XS:20|2XS:20|XS:20|S:10|M:10|L:10|XL:10"
271192,"2023-09-15 08:39:53.45","#HAA192",50.00,68.00,93.00,120.90,"2024-02-06","134710881","WH",4,,,,"","ALMA","HAA192A1",30046,6002,"2024-02-06","2024-03-06","USD",93.00,100,"3XS:20|2XS:20|XS:20|S:10|M:10|L:10|XL:10"
271193,"2023-09-15 08:39:53.45","#HAA193",50.00,68.00,93.00,120.90,"2024-02-06","134702831","WH",4,,,,"","ALMA","HAA193A1",30047,5002,"2024-02-06","2024-03-06","USD",93.00,100,"3XS:20|2XS:20|XS:20|S:10|M:10|L:10|XL:10"
271194,"2023-09-15 08:39:53.45","#HAA194",50.00,68.00,93.00,120.90,"2024-02-06","134703047","WH",4,,,,"","ALMA","HAA194A1",30065,4002,"2024-02-06","2024-03-06","USD",93.00,100,"3XS:20|2XS:20|XS:20|S:10|M:10|L:10|XL:10"
271195,"2023-09-15 08:39:53.45","#HAA195",50.00,68.00,93.00,120.90,"2024-02-06","134703224","WH",4,,,,"","ALMA","HAA195A1",30066,3002,"2024-02-06","2024-03-06","USD",93.00,100,"3XS:20|2XS:20|XS:20|S:10|M:10|L:10|XL:10"
271196,"2023-09-15 08:39:53.45","#HAA196",50.00,68.00,93.00,120.90,"2024-02-06","134702753","WH",4,,,,"","ALMA","HAA196A1",30067,1002,"2024-02-06","2024-03-06","USD",93.00,100,"3XS:20|2XS:20|XS:20|S:10|M:10|L:10|XL:10"
271197,"2023-09-15 08:39:53.45","#HAA197",50.00,68.00,93.00,120.90,"2024-02-06","134702953","WH",4,,,,"","ALMA","HAA197A1",30068,8002,"2024-02-06","2024-03-06","USD",93.00,100,"3XS:20|2XS:20|XS:20|S:10|M:10|L:10|XL:10"
271198,"2023-09-15 08:39:53.45","#HAA198",50.00,68.00,93.00,120.90,"2024-02-06","134703152","WH",4,,,,"","ALMA","HAA198A1",30069,6002,"2024-02-06","2024-03-06","USD",93.00,100,"3XS:20|2XS:20|XS:20|S:10|M:10|L:10|XL:10"
271199,"2023-09-15 08:39:53.45","#HAA199",50.00,68.00,93.00,120.90,"2024-02-06","134712851","WH",4,,,,"","ALMA","HAA199A1",30070,5002,"2024-02-06","2024-03-06","USD",93.00,100,"3XS:20|2XS:20|XS:20|S:10|M:10|L:10|XL:10"
271200,"2023-09-15 08:39:53.45","#HAA200",50.00,68.00,93.00,120.90,"2024-02-06","134713050","WH",4,,,,"","ALMA","HAA200A1",30071,4002,"2024-02-06","2024-03-06","USD",93.00,100,"3XS:20|2XS:20|XS:20|S:10|M:10|L:10|XL:10"
271201,"2023-09-15 08:39:53.45","#HAA201",50.00,68.00,93.00,120.90,"2024-02-06","134713249","WH",4,,,,"","ALMA","HAA201A1",30072,3002,"2024-02-06","2024-03-06","USD",93.00,100,"3XS:20|2XS:20|XS:20|S:10|M:10|L:10|XL:10"
271202,"2023-09-15 08:39:53.45","#HAA202",50.00,68.00,93.00,120.90,"2024-02-06","134705881","WH",4,,,,"","ALMA","HAA202A1",30073,1002,"2024-02-06","2024-03-06","USD",93.00,100,"3XS:20|2XS:20|XS:20|S:10|M:10|L:10|XL:10"
271203,"2023-09-15 08:39:53.45","#HAA203",50.00,68.00,93.00,120.90,"2024-02-06","134706037","WH",4,,,,"","ALMA","HAA203A1",30074,8002,"2024-02-06","2024-03-06","USD",93.00,100,"3XS:20|2XS:20|XS:20|S:10|M:10|L:10|XL:10"
271204,"2023-09-15 08:39:53.45","#HAA204",50.00,68.00,93.00,120.90,"2024-02-06","134706218","WH",4,,,,"","ALMA","HAA204A1",30075,6002,"2024-02-06","2024-03-06","USD",93.00,100,"3XS:20|2XS:20|XS:20|S:10|M:10|L:10|XL:10"
271205,"2023-09-15 08:39:53.45","#HAA205",50.00,68.00,93.00,120.90,"2024-02-06","134706420","WH",4,,,,"","ALMA","HAA205A1",30076,5002,"2024-02-06","2024-03-06","USD",93.00,100,"3XS:20|2XS:20|XS:20|S:10|M:10|L:10|XL:10"
271206,"2023-09-15 08:39:53.45","#HAA206",50.00,68.00,93.00,120.90,"2024-02-06","134705386","WH",4,,,,"","ALMA","HAA206A1",30077,4002,"2024-02-06","2024-03-06","USD",93.00,100,"3XS:20|2XS:20|XS:20|S:10|M:10|L:10|XL:10"
271207,"2023-09-15 08:39:53.45","#HAA207",50.00,68.00,93.00,120.90,"2024-02-06","134705576","WH",4,,,,"","ALMA","HAA207A1",30078,3002,"2024-02-06","2024-03-06","USD",93.00,100,"3XS:20|2XS:20|XS:20|S:10|M:10|L:10|XL:10"
271208,"2023-09-15 08:39:53.45","#HAA208",50.00,68.00,93.00,120.90,"2024-02-06","134705819","WH",4,,,,"","ALMA","HAA208A1",30013,1002,"2024-02-06","2024-03-06","USD",93.00,100,"3XS:20|2XS:20|XS:20|S:10|M:10|L:10|XL:10"
271209,"2023-09-15 08:39:53.45","#HAA209",50.00,68.00,93.00,120.90,"2024-02-06","134706018","WH",4,,,,"","ALMA","HAA209A1",30022,8002,"2024-02-06","2024-03-06","USD",93.00,100,"3XS:20|2XS:20|XS:20|S:10|M:10|L:10|XL:10"
271210,"2023-09-15 08:39:53.45","#HAA210",50.00,68.00,93.00,120.90,"2024-02-06","134711089","WH",4,,,,"","ALMA","HAA210A1",30025,6002,"2024-02-06","2024-03-06","USD",93.00,100,"3XS:20|2XS:20|XS:20|S:10|M:10|L:10|XL:10"
271211,"2023-09-15 08:39:53.45","#HAA211",50.00,68.00,93.00,120.90,"2024-02-06","134711312","WH",4,,,,"","ALMA","HAA211A1",30026,5002,"2024-02-06","2024-03-06","USD",93.00,100,"3XS:20|2XS:20|XS:20|S:10|M:10|L:10|XL:10"
271212,"2023-09-15 08:39:53.45","#HAA212",50.00,68.00,93.00,120.90,"2024-02-06","134711519","WH",4,,,,"","ALMA","HAA212A1",30027,4002,"2024-02-06","2024-03-06","USD",93.00,100,"3XS:20|2XS:20|XS:20|S:10|M:10|L:10|XL:10"
271213,"2023-09-15 08:39:53.45","#HAA213",50.00,68.00,93.00,120.90,"2024-02-06","134703426","WH",4,,,,"","ALMA","HAA213A1",30029,3002,"2024-02-06","2024-03-06","USD",93.00,100,"3XS:20|2XS:20|XS:20|S:10|M:10|L:10|XL:10"
271214,"2023-09-15 08:39:53.45","#HAA214",50.00,68.00,93.00,120.90,"2024-02-06","134703624","WH",4,,,,"","ALMA","HAA214A1",30045,1002,"2024-02-06","2024-03-06","USD",93.00,100,"3XS:20|2XS:20|XS:20|S:10|M:10|L:10|XL:10"
271215,"2023-09-15 08:39:53.45","#HAA215",50.00,68.00,93.00,120.90,"2024-02-06","134703825","WH",4,,,,"","ALMA","HAA215A1",30046,8002,"2024-02-06","2024-03-06","USD",93.00,100,"3XS:20|2XS:20|XS:20|S:10|M:10|L:10|XL:10"
271216,"2023-09-15 08:39:53.45","#HAA216",50.00,68.00,93.00,120.90,"2024-02-06","134704018","WH",4,,,,"","ALMA","HAA216A1",30047,6002,"2024-02-06","2024-03-06","USD",93.00,100,"3XS:20|2XS:20|XS:20|S:10|M:10|L:10|XL:10"
271217,"2023-09-15 08:39:53.45","#HAA217",50.00,68.00,93.00,120.90,"2024-02-06","134703343","WH",4,,,,"","ALMA","HAA217A1",30065,5002,"2024-02-06","2024-03-06","USD",93.00,100,"3XS:20|2XS:20|XS:20|S:10|M:10|L:10|XL:10"
271218,"2023-09-15 08:39:53.45","#HAA218",50.00,68.00,93.00,120.90,"2024-02-06","134703514","WH",4,,,,"","ALMA","HAA218A1",30066,4002,"2024-02-06","2024-03-06","USD",93.00,100,"3XS:20|2XS:20|XS:20|S:10|M:10|L:10|XL:10"
271219,"2023-09-15 08:39:53.45","#HAA219",50.00,68.00,93.00,120.90,"2024-02-06","134703700","WH",4,,,,"","ALMA","HAA219A1",30067,3002,"2024-02-06","2024-03-06","USD",93.00,100,"3XS:20|2XS:20|XS:20|S:10|M:10|L:10|XL:10"
271220,"2023-09-15 08:39:53.45","#HAA220",50.00,68.00,93.00,120.90,"2024-02-06","134703896","WH",4,,,,"","ALMA","HAA220A1",30068,1002,"2024-02-06","2024-03-06","USD",93.00,100,"3XS:20|2XS:20|XS:20|S:10|M:10|L:10|XL:10"
271221,"2023-09-15 08:39:53.45","#HAA221",50.00,68.00,93.00,120.90,"2024-02-06","134713449","WH",4,,,,"","ALMA","HAA221A1",30069,8002,"2024-02-06","2024-03-06","USD",93.00,100,"3XS:20|2XS:20|XS:20|S:10|M:10|L:10|XL:10"
271222,"2023-09-15 08:39:53.45","#HAA222",50.00,68.00,93.00,120.90,"2024-02-06","134713598","WH",4,,,,"","ALMA","HAA222A1",30070,6002,"2024-02-06","2024-03-06","USD",93.00,100,"3XS:20|2XS:20|XS:20|S:10|M:10|L:10|XL:10"
271223,"2023-09-15 08:39:53.45","#HAA223",50.00,68.00,93.00,120.90,"2024-02-06","134713814","WH",4,,,,"","ALMA","HAA223A1",30071,5002,"2024-02-06","2024-03-06","USD",93.00,100,"3XS:20|2XS:20|XS:20|S:10|M:10|L:10|XL:10"
271224,"2023-09-15 08:39:53.45","#HAA224",50.00,68.00,93.00,120.90,"2024-02-06","134714012","WH",4,,,,"","ALMA","HAA224A1",30072,4002,"2024-02-06","2024-03-06","USD",93.00,100,"3XS:20|2XS:20|XS:20|S:10|M:10|L:10|XL:10"
271225,"2023-09-15 08:39:53.45","#HAA225",50.00,68.00,93.00,120.90,"2024-02-06","134706622","WH",4,,,,"","ALMA","HAA225A1",30073,3002,"2024-02-06","2024-03-06","USD",93.00,100,"3XS:20|2XS:20|XS:20|S:10|M:10|L:10|XL:10"
271226,"2023-09-15 08:39:53.45","#HAA226",50.00,68.00,93.00,120.90,"2024-02-06","134706828","WH",4,,,,"","ALMA","HAA226A1",30074,1002,"2024-02-06","2024-03-06","USD",93.00,100,"3XS:20|2XS:20|XS:20|S:10|M:10|L:10|XL:10"
271227,"2023-09-15 08:39:53.45","#HAA227",50.00,68.00,93.00,120.90,"2024-02-06","134707027","WH",4,,,,"","ALMA","HAA227A1",30075,8002,"2024-02-06","2024-03-06","USD",93.00,100,"3XS:20|2XS:20|XS:20|S:10|M:10|L:10|XL:10"
271228,"2023-09-15 08:39:53.45","#HAA228",50.00,68.00,93.00,120.90,"2024-02-06","134711735","WH",4,,,,"","ALMA","HAA228A1",30076,6002,"2024-02-06","2024-03-06","USD",93.00,100,"3XS:20|2XS:20|XS:20|S:10|M:10|L:10|XL:10"
271229,"2023-09-15 08:39:53.45","#HAA229",50.00,68.00,93.00,120.90,"2024-02-06","134711944","WH",4,,,,"","ALMA","HAA229A1",30077,5002,"2024-02-06","2024-03-06","USD",93.00,100,"3XS:20|2XS:20|XS:20|S:10|M:10|L:10|XL:10"
271230,"2023-09-15 08:39:53.45","#HAA230",50.00,68.00,93.00,120.90,"2024-02-06","134712160","WH",4,,,,"","ALMA","HAA230A1",30078,4002,"2024-02-06","2024-03-06","USD",93.00,100,"3XS:20|2XS:20|XS:20|S:10|M:10|L:10|XL:10"
271231,"2023-09-15 08:39:53.45","#HAA231",50.00,68.00,93.00,120.90,"2024-02-06","134712375","WH",4,,,,"","ALMA","HAA231A1",30013,3002,"2024-02-06","2024-03-06","USD",93.00,100,"3XS:20|2XS:20|XS:20|S:10|M:10|L:10|XL:10"
271232,"2023-09-15 08:39:53.45","#HAA232",50.00,68.00,93.00,120.90,"2024-02-06","134704215","WH",4,,,,"","ALMA","HAA232A1",30022,1002,"2024-02-06","2024-03-06","USD",93.00,100,"3XS:20|2XS:20|XS:20|S:10|M:10|L:10|XL:10"
271233,"2023-09-15 08:39:53.45","#HAA233",50.00,68.00,93.00,120.90,"2024-02-06","134704418","WH",4,,,,"","ALMA","HAA233A1",30025,8002,"2024-02-06","2024-03-06","USD",93.00,100,"3XS:20|2XS:20|XS:20|S:10|M:10|L:10|XL:10"
271234,"2023-09-15 08:39:53.45","#HAA234",50.00,68.00,93.00,120.90,"2024-02-06","134704617","WH",4,,,,"","ALMA","HAA234A1",30026,6002,"2024-02-06","2024-03-06","USD",93.00,100,"3XS:20|2XS:20|XS:20|S:10|M:10|L:10|XL:10"
271235,"2023-09-15 08:39:53.45","#HAA235",50.00,68.00,93.00,120.90,"2024-02-06","134704097","WH",4,,,,"","ALMA","HAA235A1",30027,5002,"2024-02-06","2024-03-06","USD",93.00,100,"3XS:20|2XS:20|XS:20|S:10|M:10|L:10|XL:10"
271236,"2023-09-15 08:39:53.45","#HAA236",50.00,68.00,93.00,120.90,"2024-02-06","134704296","WH",4,,,,"","ALMA","HAA236A1",30029,4002,"2024-02-06","2024-03-06","USD",93.00,100,"3XS:20|2XS:20|XS:20|S:10|M:10|L:10|XL:10"
271237,"2023-09-15 08:39:53.45","#HAA237",50.00,68.00,93.00,120.90,"2024-02-06","134704496","WH",4,,,,"","ALMA","HAA237A1",30045,3002,"2024-02-06","2024-03-06","USD",93.00,100,"3XS:20|2XS:20|XS:20|S:10|M:10|L:10|XL:10"
271238,"2023-09-15 08:39:53.45","#HAA238",50.00,68.00,93.00,120.90,"2024-02-06","134714213","WH",4,,,,"","ALMA","HAA238A1",30046,1002,"2024-02-06","2024-03-06","USD",93.00,100,"3XS:20|2XS:20|XS:20|S:10|M:10|L:10|XL:10"
271239,"2023-09-15 08:39:53.45","#HAA239",50.00,68.00,93.00,120.90,"2024-02-06","134714397","WH",4,,,,"","ALMA","HAA239A1",30047,8002,"2024-02-06","2024-03-06","USD",93.00,100,"3XS:20|2XS:20|XS:20|S:10|M:10|L:10|XL:10"
271240,"2023-09-15 08:39:53.45","#HAA240",50.00,68.00,93.00,120.90,"2024-02-06","134714586","WH",4,,,,"","ALMA","HAA240A1",30065,6002,"2024-02-06","2024-03-06","USD",93.00,100,"3XS:20|2XS:20|XS:20|S:10|M:10|L:10|XL:10"
271241,"2023-09-15 08:39:53.45","#HAA241",50.00,68.00,93.00,120.90,"2024-02-06","134707265","WH",4,,,,"","ALMA","HAA241A1",30066,5002,"2024-02-06","2024-03-06","USD",93.00,100,"3XS:20|2XS:20|XS:20|S:10|M:10|L:10|XL:10"
271242,"2023-09-15 08:39:53.45","#HAA242",50.00,68.00,93.00,120.90,"2024-02-06","134707483","WH",4,,,,"","ALMA","HAA242A1",30067,4002,"2024-02-06","2024-03-06","USD",93.00,100,"3XS:20|2XS:20|XS:20|S:10|M:10|L:10|XL:10"
271243,"2023-09-15 08:39:53.45","#HAA243",50.00,68.00,93.00,120.90,"2024-02-06","134707706","WH",4,,,,"","ALMA","HAA243A1",30068,3002,"2024-02-06","2024-03-06","USD",93.00,100,"3XS:20|2XS:20|XS:20|S:10|M:10|L:10|XL:10"
271244,"2023-09-15 08:39:53.45","#HAA244",50.00,68.00,93.00,120.90,"2024-02-06","134712576","WH",4,,,,"","ALMA","HAA244A1",30069,1002,"2024-02-06","2024-03-06","USD",93.00,100,"3XS:20|2XS:20|XS:20|S:10|M:10|L:10|XL:10"
271245,"2023-09-15 08:39:53.45","#HAA245",50.00,68.00,93.00,120.90,"2024-02-06","134712779","WH",4,,,,"","ALMA","HAA245A1",30070,8002,"2024-02-06","2024-03-06","USD",93.00,100,"3XS:20|2XS:20|XS:20|S:10|M:10|L:10|XL:10"
271246,"2023-09-15 08:39:53.45","#HAA246",50.00,68.00,93.00,120.90,"2024-02-06","134712978","WH",4,,,,"","ALMA","HAA246A1",30071,6002,"2024-02-06","2024-03-06","USD",93.00,100,"3XS:20|2XS:20|XS:20|S:10|M:10|L:10|XL:10"
271247,"2023-09-15 08:39:53.45","#HAA247",50.00,68.00,93.00,120.90,"2024-02-06","134704795","WH",4,,,,"","ALMA","HAA247A1",30072,5002,"2024-02-06","2024-03-06","USD",93.00,100,"3XS:20|2XS:20|XS:20|S:10|M:10|L:10|XL:10"
271248,"2023-09-15 08:39:53.45","#HAA248",50.00,68.00,93.00,120.90,"2024-02-06","134704989","WH",4,,,,"","ALMA","HAA248A1",30073,4002,"2024-02-06","2024-03-06","USD",93.00,100,"3XS:20|2XS:20|XS:20|S:10|M:10|L:10|XL:10"
271249,"2023-09-15 08:39:53.45","#HAA249",50.00,68.00,93.00,120.90,"2024-02-06","134705197","WH",4,,,,"","ALMA","HAA249A1",30074,3002,"2024-02-06","2024-03-06","USD",93.00,100,"3XS:20|2XS:20|XS:20|S:10|M:10|L:10|XL:10"
271250,"2023-09-15 08:39:53.45","#HAA250",50.00,68.00,93.00,120.90,"2024-02-06","134704687","WH",4,,,,"","ALMA","HAA250A1",30075,1002,"2024-02-06","2024-03-06","USD",93.00,100,"3XS:20|2XS:20|XS:20|S:10|M:10|L:10|XL:10"
271251,"2023-09-15 08:39:53.45","#HAA251",50.00,68.00,93.00,120.90,"2024-02-06","134704888","WH",4,,,,"","ALMA","HAA251A1",30076,8002,"2024-02-06","2024-03-06","USD",93.00,100,"3XS:20|2XS:20|XS:20|S:10|M:10|L:10|XL:10"
271252,"2023-09-15 08:39:53.45","#HAA252",50.00,68.00,93.00,120.90,"2024-02-06","134705080","WH",4,,,,"","ALMA","HAA252A1",30077,6002,"2024-02-06","2024-03-06","USD",93.00,100,"3XS:20|2XS:20|XS:20|S:10|M:10|L:10|XL:10"
271253,"2023-09-15 08:39:53.45","#HAA253",50.00,68.00,93.00,120.90,"2024-02-06","134714793","WH",4,,,,"","ALMA","HAA253A1",30078,5002,"2024-02-06","2024-03-06","USD",93.00,100,"3XS:20|2XS:20|XS:20|S:10|M:10|L:10|XL:10"
271254,"2023-09-15 08:39:53.45","#HAA254",50.00,68.00,93.00,120.90,"2024-02-06","134714994","WH",4,,,,"","ALMA","HAA254A1",30013,4002,"2024-02-06","2024-03-06","USD",93.00,100,"3XS:20|2XS:20|XS:20|S:10|M:10|L:10|XL:10"
271255,"2023-09-15 08:39:53.45","#HAA255",50.00,68.00,93.00,120.90,"2024-02-06","134715184","WH",4,,,,"","ALMA","HAA255A1",30022,3002,"2024-02-06","2024-03-06","USD",93.00,100,"3XS:20|2XS:20|XS:20|S:10|M:10|L:10|XL:10"
271256,"2023-09-15 08:39:53.45","#HAA256",50.00,68.00,93.00,120.90,"2024-02-06","134707927","WH",4,,,,"","ALMA","HAA256A1",30025,1002,"2024-02-06","2024-03-06","USD",93.00,100,"3XS:20|2XS:20|XS:20|S:10|M:10|L:10|XL:10"
271257,"2023-09-15 08:39:53.45","#HAA257",50.00,68.00,93.00,120.90,"2024-02-06","134708133","WH",4,,,,"","ALMA","HAA257A1",30026,8002,"2024-02-06","2024-03-06","USD",93.00,100,"3XS:20|2XS:20|XS:20|S:10|M:10|L:10|XL:10"
271258,"2023-09-15 08:39:53.45","#HAA258",50.00,68.00,93.00,120.90,"2024-02-06","134708336","WH",4,,,,"","ALMA","HAA258A1",30027,6002,"2024-02-06","2024-03-06","USD",93.00,100,"3XS:20|2XS:20|XS:20|S:10|M:10|L:10|XL:10"
271259,"2023-09-15 08:39:53.45","#HAA259",50.00,68.00,93.00,120.90,"2024-02-06","134713176","WH",4,,,,"","ALMA","HAA259A1",30029,5002,"2024-02-06","2024-03-06","USD",93.00,100,"3XS:20|2XS:20|XS:20|S:10|M:10|L:10|XL:10"
271260,"2023-09-15 08:39:53.45","#HAA260",50.00,68.00,93.00,120.90,"2024-02-06","134713385","WH",4,,,,"","ALMA","HAA260A1",30045,4002,"2024-02-06","2024-03-06","USD",93.00,100,"3XS:20|2XS:20|XS:20|S:10|M:10|L:10|XL:10"
271261,"2023-09-15 08:39:53.45","#HAA261",50.00,68.00,93.00,120.90,"2024-02-06","134713589","WH",4,,,,"","ALMA","HAA261A1",30046,3002,"2024-02-06","2024-03-06","USD",93.00,100,"3XS:20|2XS:20|XS:20|S:10|M:10|L:10|XL:10"
271262,"2023-09-15 08:39:53.45","#HAA262",50.00,68.00,93.00,120.90,"2024-02-06","134705395","WH",4,,,,"","ALMA","HAA262A1",30047,1002,"2024-02-06","2024-03-06","USD",93.00,100,"3XS:20|2XS:20|XS:20|S:10|M:10|L:10|XL:10"
271263,"2023-09-15 08:39:53.45","#HAA263",50.00,68.00,93.00,120.90,"2024-02-06","134705596","WH",4,,,,"","ALMA","HAA263A1",30065,8002,"2024-02-06","2024-03-06","USD",93.00,100,"3XS:20|2XS:20|XS:20|S:10|M:10|L:10|XL:10"
271264,"2023-09-15 08:39:53.45","#HAA264",50.00,68.00,93.00,120.90,"2024-02-06","134705778","WH",4,,,,"","ALMA","HAA264A1",30066,6002,"2024-02-06","2024-03-06","USD",93.00,100,"3XS:20|2XS:20|XS:20|S:10|M:10|L:10|XL:10"
271265,"2023-09-15 08:39:53.45","#HAA265",50.00,68.00,93.00,120.90,"2024-02-06","134705274","WH",4,,,,"","ALMA","HAA265A1",30067,5002,"2024-02-06","2024-03-06","USD",93.00,100,"3XS:20|2XS:20|XS:20|S:10|M:10|L:10|XL:10"
271266,"2023-09-15 08:39:53.45","#HAA266",50.00,68.00,93.00,120.90,"2024-02-06","134705465","WH",4,,,,"","ALMA","HAA266A1",30068,4002,"2024-02-06","2024-03-06","USD",93.00,100,"3XS:20|2XS:20|XS:20|S:10|M:10|L:10|XL:10"
271267,"2023-09-15 08:39:53.45","#HAA267",50.00,68.00,93.00,120.90,"2024-02-06","134705659","WH",4,,,,"","ALMA","HAA267A1",30069,3002,"2024-02-06","2024-03-06","USD",93.00,100,"3XS:20|2XS:20|XS:20|S:10|M:10|L:10|XL:10"
271268,"2023-09-15 08:39:53.45","#HAA268",50.00,68.00,93.00,120.90,"2024-02-06","134715385","WH",4,,,,"","ALMA","HAA268A1",30070,1002,"2024-02-06","2024-03-06","USD",93.00,100,"3XS:20|2XS:20|XS:20|S:10|M:10|L:10|XL:10"
271269,"2023-09-15 08:39:53.45","#HAA269",50.00,68.00,93.00,120.90,"2024-02-06","134708544","WH",4,,,,"","ALMA","HAA269A1",30071,8002,"2024-02-06","2024-03-06","USD",93.00,100,"3XS:20|2XS:20|XS:20|S:10|M:10|L:10|XL:10"
271270,"2023-09-15 08:39:53.45","#HAA270",50.00,68.00,93.00,120.90,"2024-02-06","134708761","WH",4,,,,"","ALMA","HAA270A1",30072,6002,"2024-02-06","2024-03-06","USD",93.00,100,"3XS:20|2XS:20|XS:20|S:10|M:10|L:10|XL:10"
271271,"2023-09-15 08:39:53.45","#HAA271",50.00,68.00,93.00,120.90,"2024-02-06","134708978","WH",4,,,,"","ALMA","HAA271A1",30073,5002,"2024-02-06","2024-03-06","USD",93.00,100,"3XS:20|2XS:20|XS:20|S:10|M:10|L:10|XL:10"
271272,"2023-09-15 08:39:53.45","#HAA272",50.00,68.00,93.00,120.90,"2024-02-06","134709200","WH",4,,,,"","ALMA","HAA272A1",30074,4002,"2024-02-06","2024-03-06","USD",93.00,100,"3XS:20|2XS:20|XS:20|S:10|M:10|L:10|XL:10"
271273,"2023-09-15 08:39:53.45","#HAA273",50.00,68.00,93.00,120.90,"2024-02-06","134713794","WH",4,,,,"","ALMA","HAA273A1",30075,3002,"2024-02-06","2024-03-06","USD",93.00,100,"3XS:20|2XS:20|XS:20|S:10|M:10|L:10|XL:10"
271274,"2023-09-15 08:39:53.45","#HAA274",50.00,68.00,93.00,120.90,"2024-02-06","134713991","WH",4,,,,"","ALMA","HAA274A1",30076,1002,"2024-02-06","2024-03-06","USD",93.00,100,"3XS:20|2XS:20|XS:20|S:10|M:10|L:10|XL:10"
271275,"2023-09-15 08:39:53.45","#HAA275",50.00,68.00,93.00,120.90,"2024-02-06","134714175","WH",4,,,,"","ALMA","HAA275A1",30077,8002,"2024-02-06","2024-03-06","USD",93.00,100,"3XS:20|2XS:20|XS:20|S:10|M:10|L:10|XL:10"
271276,"2023-09-15 08:39:53.45","#HAA276",50.00,68.00,93.00,120.90,"2024-02-06","134705969","WH",4,,,,"","ALMA","HAA276A1",30078,6002,"2024-02-06","2024-03-06","USD",93.00,100,"3XS:20|2XS:20|XS:20|S:10|M:10|L:10|XL:10"
271277,"2023-09-15 08:39:53.45","#HAA277",50.00,68.00,93.00,120.90,"2024-02-06","134706252","WH",4,,,,"","ALMA","HAA277A1",30013,5002,"2024-02-06","2024-03-06","USD",93.00,100,"3XS:20|2XS:20|XS:20|S:10|M:10|L:10|XL:10"
271278,"2023-09-15 08:39:53.45","#HAA278",50.00,68.00,93.00,120.90,"2024-02-06","134706431","WH",4,,,,"","ALMA","HAA278A1",30022,4002,"2024-02-06","2024-03-06","USD",93.00,100,"3XS:20|2XS:20|XS:20|S:10|M:10|L:10|XL:10"
271279,"2023-09-15 08:39:53.45","#HAA279",50.00,68.00,93.00,120.90,"2024-02-06","134706619","WH",4,,,,"","ALMA","HAA279A1",30025,3002,"2024-02-06","2024-03-06","USD",93.00,100,"3XS:20|2XS:20|XS:20|S:10|M:10|L:10|XL:10"
271280,"2023-09-15 08:39:53.45","#HAA280",50.00,68.00,93.00,120.90,"2024-02-06","134705836","WH",4,,,,"","ALMA","HAA280A1",30026,1002,"2024-02-06","2024-03-06","USD",93.00,100,"3XS:20|2XS:20|XS:20|S:10|M:10|L:10|XL:10"
271281,"2023-09-15 08:39:53.45","#HAA281",50.00,68.00,93.00,120.90,"2024-02-06","134706035","WH",4,,,,"","ALMA","HAA281A1",30027,8002,"2024-02-06","2024-03-06","USD",93.00,100,"3XS:20|2XS:20|XS:20|S:10|M:10|L:10|XL:10"
271282,"2023-09-15 08:39:53.45","#HAA282",50.00,68.00,93.00,120.90,"2024-02-06","134706227","WH",4,,,,"","ALMA","HAA282A1",30029,6002,"2024-02-06","2024-03-06","USD",93.00,100,"3XS:20|2XS:20|XS:20|S:10|M:10|L:10|XL:10"
271283,"2023-09-15 08:39:53.45","#HAA283",50.00,68.00,93.00,120.90,"2024-02-06","134706416","WH",4,,,,"","ALMA","HAA283A1",30045,5002,"2024-02-06","2024-03-06","USD",93.00,100,"3XS:20|2XS:20|XS:20|S:10|M:10|L:10|XL:10"
271284,"2023-09-15 08:39:53.45","#HAA284",50.00,68.00,93.00,120.90,"2024-02-06","134709410","WH",4,,,,"","ALMA","HAA284A1",30046,4002,"2024-02-06","2024-03-06","USD",93.00,100,"3XS:20|2XS:20|XS:20|S:10|M:10|L:10|XL:10"
271285,"2023-09-15 08:39:53.45","#HAA285",50.00,68.00,93.00,120.90,"2024-02-06","134709625","WH",4,,,,"","ALMA","HAA285A1",30047,3002,"2024-02-06","2024-03-06","USD",93.00,100,"3XS:20|2XS:20|XS:20|S:10|M:10|L:10|XL:10"
271286,"2023-09-15 08:39:53.45","#HAA286",50.00,68.00,93.00,120.90,"2024-02-06","134709831","WH",4,,,,"","ALMA","HAA286A1",30065,1002,"2024-02-06","2024-03-06","USD",93.00,100,"3XS:20|2XS:20|XS:20|S:10|M:10|L:10|XL:10"
271287,"2023-09-15 08:39:53.45","#HAA287",50.00,68.00,93.00,120.90,"2024-02-06","134714373","WH",4,,,,"","ALMA","HAA287A1",30066,8002,"2024-02-06","2024-03-06","USD",93.00,100,"3XS:20|2XS:20|XS:20|S:10|M:10|L:10|XL:10"
271288,"2023-09-15 08:39:53.45","#HAA288",50.00,68.00,93.00,120.90,"2024-02-06","134715202","WH",4,,,,"","ALMA","HAA288A1",30067,6002,"2024-02-06","2024-03-06","USD",93.00,100,"3XS:20|2XS:20|XS:20|S:10|M:10|L:10|XL:10"
271289,"2023-09-15 08:39:53.45","#HAA289",50.00,68.00,93.00,120.90,"2024-02-06","134715394","WH",4,,,,"","ALMA","HAA289A1",30068,5002,"2024-02-06","2024-03-06","USD",93.00,100,"3XS:20|2XS:20|XS:20|S:10|M:10|L:10|XL:10"
271290,"2023-09-15 08:39:53.45","#HAA290",50.00,68.00,93.00,120.90,"2024-02-06","134715599","WH",4,,,,"","ALMA","HAA290A1",30069,4002,"2024-02-06","2024-03-06","USD",93.00,100,"3XS:20|2XS:20|XS:20|S:10|M:10|L:10|XL:10"
271291,"2023-09-15 08:39:53.45","#HAA291",50.00,68.00,93.00,120.90,"2024-02-06","134706814","WH",4,,,,"","ALMA","HAA291A1",30070,3002,"2024-02-06","2024-03-06","USD",93.00,100,"3XS:20|2XS:20|XS:20|S:10|M:10|L:10|XL:10"
271292,"2023-09-15 08:39:53.45","#HAA292",50.00,68.00,93.00,120.90,"2024-02-06","134706620","WH",4,,,,"","ALMA","HAA292A1",30071,1002,"2024-02-06","2024-03-06","USD",93.00,100,"3XS:20|2XS:20|XS:20|S:10|M:10|L:10|XL:10"
271293,"2023-09-15 08:39:53.45","#HAA293",50.00,68.00,93.00,120.90,"2024-02-06","134706815","WH",4,,,,"","ALMA","HAA293A1",30072,8002,"2024-02-06","2024-03-06","USD",93.00,100,"3XS:20|2XS:20|XS:20|S:10|M:10|L:10|XL:10"
271294,"2023-09-15 08:39:53.45","#HAA294",50.00,68.00,93.00,120.90,"2024-02-06","134707018","WH",4,,,,"","ALMA","HAA294A1",30073,6002,"2024-02-06","2024-03-06","USD",93.00,100,"3XS:20|2XS:20|XS:20|S:10|M:10|L:10|XL:10"
271295,"2023-09-15 08:39:53.45","#HAA295",50.00,68.00,93.00,120.90,"2024-02-06","134710031","WH",4,,,,"","ALMA","HAA295A1",30074,5002,"2024-02-06","2024-03-06","USD",93.00,100,"3XS:20|2XS:20|XS:20|S:10|M:10|L:10|XL:10"
271296,"2023-09-15 08:39:53.45","#HAA296",50.00,68.00,93.00,120.90,"2024-02-06","134710232","WH",4,,,,"","ALMA","HAA296A1",30075,4002,"2024-02-06","2024-03-06","USD",93.00,100,"3XS:20|2XS:20|XS:20|S:10|M:10|L:10|XL:10"
271297,"2023-09-15 08:39:53.45","#HAA297",50.00,68.00,93.00,120.90,"2024-02-06","134710432","WH",4,,,,"","ALMA","HAA297A1",30076,3002,"2024-02-06","2024-03-06","USD",93.00,100,"3XS:20|2XS:20|XS:20|S:10|M:10|L:10|XL:10"
271298,"2023-09-15 08:39:53.45","#HAA298",50.00,68.00,93.00,120.90,"2024-02-06","134704942","WH",4,,,,"","ALMA","HAA298A1",30077,1002,"2024-02-06","2024-03-06","USD",93.00,100,"3XS:20|2XS:20|XS:20|S:10|M:10|L:10|XL:10"
271299,"2023-09-15 08:39:53.45","#HAA299",50.00,68.00,93.00,120.90,"2024-02-06","134705141","WH",4,,,,"","ALMA","HAA299A1",30078,8002,"2024-02-06","2024-03-06","USD",93.00,100,"3XS:20|2XS:20|XS:20|S:10|M:10|L:10|XL:10"
271300,"2023-09-15 08:39:53.45","#HAA300",50.00,68.00,93.00,120.90,"2024-02-06","134705142","WH",4,,,,"","ALMA","HAA300A1",30013,6002,"2024-02-06","2024-03-06","USD",93.00,100,"3XS:20|2XS:20|XS:20|S:10|M:10|L:10|XL:10"
271301,"2023-09-15 08:39:53.45","#HAA301",50.00,68.00,93.00,120.90,"2024-02-06","134707210","WH",4,,,,"","ALMA","HAA301A1",30022,5002,"2024-02-06","2024-03-06","USD",93.00,100,"3XS:20|2XS:20|XS:20|S:10|M:10|L:10|XL:10"
271302,"2023-09-15 08:39:53.45","#HAA302",50.00,68.00,93.00,120.90,"2024-02-06","134707408","WH",4,,,,"","ALMA","HAA302A1",30025,4002,"2024-02-06","2024-03-06","USD",93.00,100,"3XS:20|2XS:20|XS:20|S:10|M:10|L:10|XL:10"
271303,"2023-09-15 08:39:53.45","#HAA303",50.00,68.00,93.00,120.90,"2024-02-06","134707609","WH",4,,,,"","ALMA","HAA303A1",30026,3002,"2024-02-06","2024-03-06","USD",93.00,100,"3XS:20|2XS:20|XS:20|S:10|M:10|L:10|XL:10"
271304,"2023-09-15 08:39:53.45","#HAA304",50.00,68.00,93.00,120.90,"2024-02-06","134711159","WH",4,,,,"","ALMA","HAA304A1",30027,1002,"2024-02-06","2024-03-06","USD",93.00,100,"3XS:20|2XS:20|XS:20|S:10|M:10|L:10|XL:10"
271305,"2023-09-15 08:39:53.45","#HAA305",50.00,68.00,93.00,120.90,"2024-02-06","134711368","WH",4,,,,"","ALMA","HAA305A1",30029,8002,"2024-02-06","2024-03-06","USD",93.00,100,"3XS:20|2XS:20|XS:20|S:10|M:10|L:10|XL:10"
271306,"2023-09-15 08:39:53.45","#HAA306",50.00,68.00,93.00,120.90,"2024-02-06","134711576","WH",4,,,,"","ALMA","HAA306A1",30045,6002,"2024-02-06","2024-03-06","USD",93.00,100,"3XS:20|2XS:20|XS:20|S:10|M:10|L:10|XL:10"
271307,"2023-09-15 08:39:53.45","#HAA307",50.00,68.00,93.00,120.90,"2024-02-06","134708345","WH",4,,,,"","ALMA","HAA307A1",30046,5002,"2024-02-06","2024-03-06","USD",93.00,100,"3XS:20|2XS:20|XS:20|S:10|M:10|L:10|XL:10"
271308,"2023-09-15 08:39:53.45","#HAA308",50.00,68.00,93.00,120.90,"2024-02-06","134708562","WH",4,,,,"","ALMA","HAA308A1",30047,4002,"2024-02-06","2024-03-06","USD",93.00,100,"3XS:20|2XS:20|XS:20|S:10|M:10|L:10|XL:10"
271309,"2023-09-15 08:39:53.45","#HAA309",50.00,68.00,93.00,120.90,"2024-02-06","134708764","WH",4,,,,"","ALMA","HAA309A1",30065,3002,"2024-02-06","2024-03-06","USD",93.00,100,"3XS:20|2XS:20|XS:20|S:10|M:10|L:10|XL:10"
271310,"2023-09-15 08:39:53.45","#HAA310",50.00,68.00,93.00,120.90,"2024-02-06","134707167","WH",4,,,,"","ALMA","HAA310A1",30066,1002,"2024-02-06","2024-03-06","USD",93.00,100,"3XS:20|2XS:20|XS:20|S:10|M:10|L:10|XL:10"
271311,"2023-09-15 08:39:53.45","#HAA311",50.00,68.00,93.00,120.90,"2024-02-06","134707369","WH",4,,,,"","ALMA","HAA311A1",30067,8002,"2024-02-06","2024-03-06","USD",93.00,100,"3XS:20|2XS:20|XS:20|S:10|M:10|L:10|XL:10"
271312,"2023-09-15 08:39:53.45","#HAA312",50.00,68.00,93.00,120.90,"2024-02-06","134707568","WH",4,,,,"","ALMA","HAA312A1",30068,6002,"2024-02-06","2024-03-06","USD",93.00,100,"3XS:20|2XS:20|XS:20|S:10|M:10|L:10|XL:10"
271313,"2023-09-15 08:39:53.45","#HAA313",50.00,68.00,93.00,120.90,"2024-02-06","134707769","WH",4,,,,"","ALMA","HAA313A1",30069,5002,"2024-02-06","2024-03-06","USD",93.00,100,"3XS:20|2XS:20|XS:20|S:10|M:10|L:10|XL:10"
271314,"2023-09-15 08:39:53.45","#HAA314",50.00,68.00,93.00,120.90,"2024-02-06","134705344","WH",4,,,,"","ALMA","HAA314A1",30070,4002,"2024-02-06","2024-03-06","USD",93.00,100,"3XS:20|2XS:20|XS:20|S:10|M:10|L:10|XL:10"
271315,"2023-09-15 08:39:53.45","#HAA315",50.00,68.00,93.00,120.90,"2024-02-06","134705342","WH",4,,,,"","ALMA","HAA315A1",30071,3002,"2024-02-06","2024-03-06","USD",93.00,100,"3XS:20|2XS:20|XS:20|S:10|M:10|L:10|XL:10"
271316,"2023-09-15 08:39:53.45","#HAA316",50.00,68.00,93.00,120.90,"2024-02-06","134705542","WH",4,,,,"","ALMA","HAA316A1",30072,1002,"2024-02-06","2024-03-06","USD",93.00,100,"3XS:20|2XS:20|XS:20|S:10|M:10|L:10|XL:10"
271317,"2023-09-15 08:39:53.45","#HAA317",50.00,68.00,93.00,120.90,"2024-02-06","134707800","WH",4,,,,"","ALMA","HAA317A1",30073,8002,"2024-02-06","2024-03-06","USD",93.00,100,"3XS:20|2XS:20|XS:20|S:10|M:10|L:10|XL:10"
271318,"2023-09-15 08:39:53.45","#HAA318",50.00,68.00,93.00,120.90,"2024-02-06","134708010","WH",4,,,,"","ALMA","HAA318A1",30074,6002,"2024-02-06","2024-03-06","USD",93.00,100,"3XS:20|2XS:20|XS:20|S:10|M:10|L:10|XL:10"
271319,"2023-09-15 08:39:53.45","#HAA319",50.00,68.00,93.00,120.90,"2024-02-06","134708200","WH",4,,,,"","ALMA","HAA319A1",30075,5002,"2024-02-06","2024-03-06","USD",93.00,100,"3XS:20|2XS:20|XS:20|S:10|M:10|L:10|XL:10"
271320,"2023-09-15 08:39:53.45","#HAA320",50.00,68.00,93.00,120.90,"2024-02-06","134700741","WH",4,,,,"","ALMA","HAA320A1",30076,4002,"2024-02-06","2024-03-06","USD",93.00,100,"3XS:20|2XS:20|XS:20|S:10|M:10|L:10|XL:10"
271321,"2023-09-15 08:39:53.45","#HAA321",50.00,68.00,93.00,120.90,"2024-02-06","134700941","WH",4,,,,"","ALMA","HAA321A1",30077,3002,"2024-02-06","2024-03-06","USD",93.00,100,"3XS:20|2XS:20|XS:20|S:10|M:10|L:10|XL:10"
271322,"2023-09-15 08:39:53.45","#HAA322",50.00,68.00,93.00,120.90,"2024-02-06","134701145","WH",4,,,,"","ALMA","HAA322A1",30078,1002,"2024-02-06","2024-03-06","USD",93.00,100,"3XS:20|2XS:20|XS:20|S:10|M:10|L:10|XL:10"
271323,"2023-09-15 08:39:53.45","#HAA323",50.00,68.00,93.00,120.90,"2024-02-06","134701352","WH",4,,,,"","ALMA","HAA323A1",30013,8002,"2024-02-06","2024-03-06","USD",93.00,100,"3XS:20|2XS:20|XS:20|S:10|M:10|L:10|XL:10"
271324,"2023-09-15 08:39:53.45","#HAA324",50.00,68.00,93.00,120.90,"2024-02-06","134711783","WH",4,,,,"","ALMA","HAA324A1",30022,6002,"2024-02-06","2024-03-06","USD",93.00,100,"3XS:20|2XS:20|XS:20|S:10|M:10|L:10|XL:10"
271325,"2023-09-15 08:39:53.45","#HAA325",50.00,68.00,93.00,120.90,"2024-02-06","134711997","WH",4,,,,"","ALMA","HAA325A1",30025,5002,"2024-02-06","2024-03-06","USD",93.00,100,"3XS:20|2XS:20|XS:20|S:10|M:10|L:10|XL:10"
271326,"2023-09-15 08:39:53.45","#HAA326",50.00,68.00,93.00,120.90,"2024-02-06","134712190","WH",4,,,,"","ALMA","HAA326A1",30026,4002,"2024-02-06","2024-03-06","USD",93.00,100,"3XS:20|2XS:20|XS:20|S:10|M:10|L:10|XL:10"
271327,"2023-09-15 08:39:53.45","#HAA327",50.00,68.00,93.00,120.90,"2024-02-06","134712385","WH",4,,,,"","ALMA","HAA327A1",30027,3002,"2024-02-06","2024-03-06","USD",93.00,100,"3XS:20|2XS:20|XS:20|S:10|M:10|L:10|XL:10"
271328,"2023-09-15 08:39:53.45","#HAA328",50.00,68.00,93.00,120.90,"2024-02-06","134704744","WH",4,,,,"","ALMA","HAA328A1",30029,1002,"2024-02-06","2024-03-06","USD",93.00,100,"3XS:20|2XS:20|XS:20|S:10|M:10|L:10|XL:10"
271329,"2023-09-15 08:39:53.45","#HAA329",50.00,68.00,93.00,120.90,"2024-02-06","134704934","WH",4,,,,"","ALMA","HAA329A1",30045,8002,"2024-02-06","2024-03-06","USD",93.00,100,"3XS:20|2XS:20|XS:20|S:10|M:10|L:10|XL:10"
271330,"2023-09-15 08:39:53.45","#HAA330",50.00,68.00,93.00,120.90,"2024-02-06","134705144","WH",4,,,,"","ALMA","HAA330A1",30046,6002,"2024-02-06","2024-03-06","USD",93.00,100,"3XS:20|2XS:20|XS:20|S:10|M:10|L:10|XL:10"
271331,"2023-09-15 08:39:53.45","#HAA331",50.00,68.00,93.00,120.90,"2024-02-06","134705343","WH",4,,,,"","ALMA","HAA331A1",30047,5002,"2024-02-06","2024-03-06","USD",93.00,100,"3XS:20|2XS:20|XS:20|S:10|M:10|L:10|XL:10"
271332,"2023-09-15 08:39:53.45","#HAA332",50.00,68.00,93.00,120.90,"2024-02-06","134709011","WH",4,,,,"","ALMA","HAA332A1",30065,4002,"2024-02-06","2024-03-06","USD",93.00,100,"3XS:20|2XS:20|XS:20|S:10|M:10|L:10|XL:10"
271333,"2023-09-15 08:39:53.45","#HAA333",50.00,68.00,93.00,120.90,"2024-02-06","134709212","WH",4,,,,"","ALMA","HAA333A1",30066,3002,"2024-02-06","2024-03-06","USD",93.00,100,"3XS:20|2XS:20|XS:20|S:10|M:10|L:10|XL:10"
271334,"2023-09-15 08:39:53.45","#HAA334",50.00,68.00,93.00,120.90,"2024-02-06","134709427","WH",4,,,,"","ALMA","HAA334A1",30067,1002,"2024-02-06","2024-03-06","USD",93.00,100,"3XS:20|2XS:20|XS:20|S:10|M:10|L:10|XL:10"
271335,"2023-09-15 08:39:53.45","#HAA335",50.00,68.00,93.00,120.90,"2024-02-06","134709634","WH",4,,,,"","ALMA","HAA335A1",30068,8002,"2024-02-06","2024-03-06","USD",93.00,100,"3XS:20|2XS:20|XS:20|S:10|M:10|L:10|XL:10"
271336,"2023-09-15 08:39:53.45","#HAA336",50.00,68.00,93.00,120.90,"2024-02-06","134707960","WH",4,,,,"","ALMA","HAA336A1",30069,6002,"2024-02-06","2024-03-06","USD",93.00,100,"3XS:20|2XS:20|XS:20|S:10|M:10|L:10|XL:10"
271337,"2023-09-15 08:39:53.45","#HAA337",50.00,68.00,93.00,120.90,"2024-02-06","134708168","WH",4,,,,"","ALMA","HAA337A1",30070,5002,"2024-02-06","2024-03-06","USD",93.00,100,"3XS:20|2XS:20|XS:20|S:10|M:10|L:10|XL:10"
271338,"2023-09-15 08:39:53.45","#HAA338",50.00,68.00,93.00,120.90,"2024-02-06","134708353","WH",4,,,,"","ALMA","HAA338A1",30071,4002,"2024-02-06","2024-03-06","USD",93.00,100,"3XS:20|2XS:20|XS:20|S:10|M:10|L:10|XL:10"
271339,"2023-09-15 08:39:53.45","#HAA339",50.00,68.00,93.00,120.90,"2024-02-06","134705544","WH",4,,,,"","ALMA","HAA339A1",30072,3002,"2024-02-06","2024-03-06","USD",93.00,100,"3XS:20|2XS:20|XS:20|S:10|M:10|L:10|XL:10"
271340,"2023-09-15 08:39:53.45","#HAA340",50.00,68.00,93.00,120.90,"2024-02-06","134705734","WH",4,,,,"","ALMA","HAA340A1",30073,1002,"2024-02-06","2024-03-06","USD",93.00,100,"3XS:20|2XS:20|XS:20|S:10|M:10|L:10|XL:10"
271341,"2023-09-15 08:39:53.45","#HAA341",50.00,68.00,93.00,120.90,"2024-02-06","134705751","WH",4,,,,"","ALMA","HAA341A1",30074,8002,"2024-02-06","2024-03-06","USD",93.00,100,"3XS:20|2XS:20|XS:20|S:10|M:10|L:10|XL:10"
271342,"2023-09-15 08:39:53.45","#HAA342",50.00,68.00,93.00,120.90,"2024-02-06","134708385","WH",4,,,,"","ALMA","HAA342A1",30075,6002,"2024-02-06","2024-03-06","USD",93.00,100,"3XS:20|2XS:20|XS:20|S:10|M:10|L:10|XL:10"
271343,"2023-09-15 08:39:53.45","#HAA343",50.00,68.00,93.00,120.90,"2024-02-06","134709192","WH",4,,,,"","ALMA","HAA343A1",30076,5002,"2024-02-06","2024-03-06","USD",93.00,100,"3XS:20|2XS:20|XS:20|S:10|M:10|L:10|XL:10"
271344,"2023-09-15 08:39:53.45","#HAA344",50.00,68.00,93.00,120.90,"2024-02-06","134709377","WH",4,,,,"","ALMA","HAA344A1",30077,4002,"2024-02-06","2024-03-06","USD",93.00,100,"3XS:20|2XS:20|XS:20|S:10|M:10|L:10|XL:10"
271345,"2023-09-15 08:39:53.45","#HAA345",50.00,68.00,93.00,120.90,"2024-02-06","134709578","WH",4,,,,"","ALMA","HAA345A1",30078,3002,"2024-02-06","2024-03-06","USD",93.00,100,"3XS:20|2XS:20|XS:20|S:10|M:10|L:10|XL:10"
271346,"2023-09-15 08:39:53.45","#HAA346",50.00,68.00,93.00,120.90,"2024-02-06","134711137","WH",4,,,,"","ALMA","HAA346A1",30013,1002,"2024-02-06","2024-03-06","USD",93.00,100,"3XS:20|2XS:20|XS:20|S:10|M:10|L:10|XL:10"
271347,"2023-09-15 08:39:53.45","#HAA347",50.00,68.00,93.00,120.90,"2024-02-06","134711323","WH",4,,,,"","ALMA","HAA347A1",30022,8002,"2024-02-06","2024-03-06","USD",93.00,100,"3XS:20|2XS:20|XS:20|S:10|M:10|L:10|XL:10"
271348,"2023-09-15 08:39:53.45","#HAA348",50.00,68.00,93.00,120.90,"2024-02-06","134711520","WH",4,,,,"","ALMA","HAA348A1",30025,6002,"2024-02-06","2024-03-06","USD",93.00,100,"3XS:20|2XS:20|XS:20|S:10|M:10|L:10|XL:10"
271349,"2023-09-15 08:39:53.45","#HAA349",50.00,68.00,93.00,120.90,"2024-02-06","134711719","WH",4,,,,"","ALMA","HAA349A1",30026,5002,"2024-02-06","2024-03-06","USD",93.00,100,"3XS:20|2XS:20|XS:20|S:10|M:10|L:10|XL:10"
271350,"2023-09-15 08:39:53.45","#HAA350",50.00,68.00,93.00,120.90,"2024-02-06","134712841","WH",4,,,,"","ALMA","HAA350A1",30027,4002,"2024-02-06","2024-03-06","USD",93.00,100,"3XS:20|2XS:20|XS:20|S:10|M:10|L:10|XL:10"
271351,"2023-09-15 08:39:53.45","#HAA351",50.00,68.00,93.00,120.90,"2024-02-06","134713041","WH",4,,,,"","ALMA","HAA351A1",30029,3002,"2024-02-06","2024-03-06","USD",93.00,100,"3XS:20|2XS:20|XS:20|S:10|M:10|L:10|XL:10"
271352,"2023-09-15 08:39:53.45","#HAA352",50.00,68.00,93.00,120.90,"2024-02-06","134713233","WH",4,,,,"","ALMA","HAA352A1",30045,1002,"2024-02-06","2024-03-06","USD",93.00,100,"3XS:20|2XS:20|XS:20|S:10|M:10|L:10|XL:10"
271353,"2023-09-15 08:39:53.45","#HAA353",50.00,68.00,93.00,120.90,"2024-02-06","134713432","WH",4,,,,"","ALMA","HAA353A1",30046,8002,"2024-02-06","2024-03-06","USD",93.00,100,"3XS:20|2XS:20|XS:20|S:10|M:10|L:10|XL:10"
271354,"2023-09-15 08:39:53.45","#HAA354",50.00,68.00,93.00,120.90,"2024-02-06","134701569","WH",4,,,,"","ALMA","HAA354A1",30047,6002,"2024-02-06","2024-03-06","USD",93.00,100,"3XS:20|2XS:20|XS:20|S:10|M:10|L:10|XL:10"
271355,"2023-09-15 08:39:53.45","#HAA355",50.00,68.00,93.00,120.90,"2024-02-06","134701806","WH",4,,,,"","ALMA","HAA355A1",30065,5002,"2024-02-06","2024-03-06","USD",93.00,100,"3XS:20|2XS:20|XS:20|S:10|M:10|L:10|XL:10"
271356,"2023-09-15 08:39:53.45","#HAA356",50.00,68.00,93.00,120.90,"2024-02-06","134702006","WH",4,,,,"","ALMA","HAA356A1",30066,4002,"2024-02-06","2024-03-06","USD",93.00,100,"3XS:20|2XS:20|XS:20|S:10|M:10|L:10|XL:10"
271357,"2023-09-15 08:39:53.45","#HAA357",50.00,68.00,93.00,120.90,"2024-02-06","134712609","WH",4,,,,"","ALMA","HAA357A1",30067,3002,"2024-02-06","2024-03-06","USD",93.00,100,"3XS:20|2XS:20|XS:20|S:10|M:10|L:10|XL:10"
271358,"2023-09-15 08:39:53.45","#HAA358",50.00,68.00,93.00,120.90,"2024-02-06","134712824","WH",4,,,,"","ALMA","HAA358A1",30068,1002,"2024-02-06","2024-03-06","USD",93.00,100,"3XS:20|2XS:20|XS:20|S:10|M:10|L:10|XL:10"
271359,"2023-09-15 08:39:53.45","#HAA359",50.00,68.00,93.00,120.90,"2024-02-06","134713040","WH",4,,,,"","ALMA","HAA359A1",30069,8002,"2024-02-06","2024-03-06","USD",93.00,100,"3XS:20|2XS:20|XS:20|S:10|M:10|L:10|XL:10"
271360,"2023-09-15 08:39:53.45","#HAA360",50.00,68.00,93.00,120.90,"2024-02-06","134705541","WH",4,,,,"","ALMA","HAA360A1",30070,6002,"2024-02-06","2024-03-06","USD",93.00,100,"3XS:20|2XS:20|XS:20|S:10|M:10|L:10|XL:10"
271361,"2023-09-15 08:39:53.45","#HAA361",50.00,68.00,93.00,120.90,"2024-02-06","134705743","WH",4,,,,"","ALMA","HAA361A1",30071,5002,"2024-02-06","2024-03-06","USD",93.00,100,"3XS:20|2XS:20|XS:20|S:10|M:10|L:10|XL:10"
271362,"2023-09-15 08:39:53.45","#HAA362",50.00,68.00,93.00,120.90,"2024-02-06","134705935","WH",4,,,,"","ALMA","HAA362A1",30072,4002,"2024-02-06","2024-03-06","USD",93.00,100,"3XS:20|2XS:20|XS:20|S:10|M:10|L:10|XL:10"
271363,"2023-09-15 08:39:53.45","#HAA363",50.00,68.00,93.00,120.90,"2024-02-06","134709844","WH",4,,,,"","ALMA","HAA363A1",30073,3002,"2024-02-06","2024-03-06","USD",93.00,100,"3XS:20|2XS:20|XS:20|S:10|M:10|L:10|XL:10"
271364,"2023-09-15 08:39:53.45","#HAA364",50.00,68.00,93.00,120.90,"2024-02-06","134710045","WH",4,,,,"","ALMA","HAA364A1",30074,1002,"2024-02-06","2024-03-06","USD",93.00,100,"3XS:20|2XS:20|XS:20|S:10|M:10|L:10|XL:10"
271365,"2023-09-15 08:39:53.45","#HAA365",50.00,68.00,93.00,120.90,"2024-02-06","134710252","WH",4,,,,"","ALMA","HAA365A1",30075,8002,"2024-02-06","2024-03-06","USD",93.00,100,"3XS:20|2XS:20|XS:20|S:10|M:10|L:10|XL:10"
271366,"2023-09-15 08:39:53.45","#HAA366",50.00,68.00,93.00,120.90,"2024-02-06","134708563","WH",4,,,,"","ALMA","HAA366A1",30076,6002,"2024-02-06","2024-03-06","USD",93.00,100,"3XS:20|2XS:20|XS:20|S:10|M:10|L:10|XL:10"
271367,"2023-09-15 08:39:53.45","#HAA367",50.00,68.00,93.00,120.90,"2024-02-06","134708759","WH",4,,,,"","ALMA","HAA367A1",30077,5002,"2024-02-06","2024-03-06","USD",93.00,100,"3XS:20|2XS:20|XS:20|S:10|M:10|L:10|XL:10"
271368,"2023-09-15 08:39:53.45","#HAA368",50.00,68.00,93.00,120.90,"2024-02-06","134708960","WH",4,,,,"","ALMA","HAA368A1",30078,4002,"2024-02-06","2024-03-06","USD",93.00,100,"3XS:20|2XS:20|XS:20|S:10|M:10|L:10|XL:10"
271369,"2023-09-15 08:39:53.45","#HAA369",50.00,68.00,93.00,120.90,"2024-02-06","134700743","WH",4,,,,"","ALMA","HAA369A1",30013,3002,"2024-02-06","2024-03-06","USD",93.00,100,"3XS:20|2XS:20|XS:20|S:10|M:10|L:10|XL:10"
271370,"2023-09-15 08:39:53.45","#HAA370",50.00,68.00,93.00,120.90,"2024-02-06","134700944","WH",4,,,,"","ALMA","HAA370A1",30022,1002,"2024-02-06","2024-03-06","USD",93.00,100,"3XS:20|2XS:20|XS:20|S:10|M:10|L:10|XL:10"
271371,"2023-09-15 08:39:53.45","#HAA371",50.00,68.00,93.00,120.90,"2024-02-06","134701143","WH",4,,,,"","ALMA","HAA371A1",30025,8002,"2024-02-06","2024-03-06","USD",93.00,100,"3XS:20|2XS:20|XS:20|S:10|M:10|L:10|XL:10"
271372,"2023-09-15 08:39:53.45","#HAA372",50.00,68.00,93.00,120.90,"2024-02-06","134701343","WH",4,,,,"","ALMA","HAA372A1",30026,6002,"2024-02-06","2024-03-06","USD",93.00,100,"3XS:20|2XS:20|XS:20|S:10|M:10|L:10|XL:10"
271373,"2023-09-15 08:39:53.45","#HAA373",50.00,68.00,93.00,120.90,"2024-02-06","134705933","WH",4,,,,"","ALMA","HAA373A1",30027,5002,"2024-02-06","2024-03-06","USD",93.00,100,"3XS:20|2XS:20|XS:20|S:10|M:10|L:10|XL:10"
271374,"2023-09-15 08:39:53.45","#HAA374",50.00,68.00,93.00,120.90,"2024-02-06","134705951","WH",4,,,,"","ALMA","HAA374A1",30029,4002,"2024-02-06","2024-03-06","USD",93.00,100,"3XS:20|2XS:20|XS:20|S:10|M:10|L:10|XL:10"
271375,"2023-09-15 08:39:53.45","#HAA375",50.00,68.00,93.00,120.90,"2024-02-06","134706135","WH",4,,,,"","ALMA","HAA375A1",30045,3002,"2024-02-06","2024-03-06","USD",93.00,100,"3XS:20|2XS:20|XS:20|S:10|M:10|L:10|XL:10"
271376,"2023-09-15 08:39:53.45","#HAA376",50.00,68.00,93.00,120.90,"2024-02-06","134706158","WH",4,,,,"","ALMA","HAA376A1",30046,1002,"2024-02-06","2024-03-06","USD",93.00,100,"3XS:20|2XS:20|XS:20|S:10|M:10|L:10|XL:10"
271377,"2023-09-15 08:39:53.45","#HAA377",50.00,68.00,93.00,120.90,"2024-02-06","134709775","WH",4,,,,"","ALMA","HAA377A1",30047,8002,"2024-02-06","2024-03-06","USD",93.00,100,"3XS:20|2XS:20|XS:20|S:10|M:10|L:10|XL:10"
271378,"2023-09-15 08:39:53.45","#HAA378",50.00,68.00,93.00,120.90,"2024-02-06","134709983","WH",4,,,,"","ALMA","HAA378A1",30065,6002,"2024-02-06","2024-03-06","USD",93.00,100,"3XS:20|2XS:20|XS:20|S:10|M:10|L:10|XL:10"
271379,"2023-09-15 08:39:53.45","#HAA379",50.00,68.00,93.00,120.90,"2024-02-06","134710189","WH",4,,,,"","ALMA","HAA379A1",30066,5002,"2024-02-06","2024-03-06","USD",93.00,100,"3XS:20|2XS:20|XS:20|S:10|M:10|L:10|XL:10"
271380,"2023-09-15 08:39:53.45","#HAA380",50.00,68.00,93.00,120.90,"2024-02-06","134711912","WH",4,,,,"","ALMA","HAA380A1",30067,4002,"2024-02-06","2024-03-06","USD",93.00,100,"3XS:20|2XS:20|XS:20|S:10|M:10|L:10|XL:10"
271381,"2023-09-15 08:39:53.45","#HAA381",50.00,68.00,93.00,120.90,"2024-02-06","134712106","WH",4,,,,"","ALMA","HAA381A1",30068,3002,"2024-02-06","2024-03-06","USD",93.00,100,"3XS:20|2XS:20|XS:20|S:10|M:10|L:10|XL:10"
271382,"2023-09-15 08:39:53.45","#HAA382",50.00,68.00,93.00,120.90,"2024-02-06","134712304","WH",4,,,,"","ALMA","HAA382A1",30069,1002,"2024-02-06","2024-03-06","USD",93.00,100,"3XS:20|2XS:20|XS:20|S:10|M:10|L:10|XL:10"
271383,"2023-09-15 08:39:53.45","#HAA383",50.00,68.00,93.00,120.90,"2024-02-06","134713595","WH",4,,,,"","ALMA","HAA383A1",30070,8002,"2024-02-06","2024-03-06","USD",93.00,100,"3XS:20|2XS:20|XS:20|S:10|M:10|L:10|XL:10"
271384,"2023-09-15 08:39:53.45","#HAA384",50.00,68.00,93.00,120.90,"2024-02-06","134713795","WH",4,,,,"","ALMA","HAA384A1",30071,6002,"2024-02-06","2024-03-06","USD",93.00,100,"3XS:20|2XS:20|XS:20|S:10|M:10|L:10|XL:10"
271385,"2023-09-15 08:39:53.45","#HAA385",50.00,68.00,93.00,120.90,"2024-02-06","134713995","WH",4,,,,"","ALMA","HAA385A1",30072,5002,"2024-02-06","2024-03-06","USD",93.00,100,"3XS:20|2XS:20|XS:20|S:10|M:10|L:10|XL:10"
271386,"2023-09-15 08:39:53.45","#HAA386",50.00,68.00,93.00,120.90,"2024-02-06","134702221","WH",4,,,,"","ALMA","HAA386A1",30073,4002,"2024-02-06","2024-03-06","USD",93.00,100,"3XS:20|2XS:20|XS:20|S:10|M:10|L:10|XL:10"
271387,"2023-09-15 08:39:53.45","#HAA387",50.00,68.00,93.00,120.90,"2024-02-06","134702449","WH",4,,,,"","ALMA","HAA387A1",30074,3002,"2024-02-06","2024-03-06","USD",93.00,100,"3XS:20|2XS:20|XS:20|S:10|M:10|L:10|XL:10"
271388,"2023-09-15 08:39:53.45","#HAA388",50.00,68.00,93.00,120.90,"2024-02-06","134702658","WH",4,,,,"","ALMA","HAA388A1",30075,1002,"2024-02-06","2024-03-06","USD",93.00,100,"3XS:20|2XS:20|XS:20|S:10|M:10|L:10|XL:10"
271389,"2023-09-15 08:39:53.45","#HAA389",50.00,68.00,93.00,120.90,"2024-02-06","134713248","WH",4,,,,"","ALMA","HAA389A1",30076,8002,"2024-02-06","2024-03-06","USD",93.00,100,"3XS:20|2XS:20|XS:20|S:10|M:10|L:10|XL:10"
271390,"2023-09-15 08:39:53.45","#HAA390",50.00,68.00,93.00,120.90,"2024-02-06","134713458","WH",4,,,,"","ALMA","HAA390A1",30077,6002,"2024-02-06","2024-03-06","USD",93.00,100,"3XS:20|2XS:20|XS:20|S:10|M:10|L:10|XL:10"
271391,"2023-09-15 08:39:53.45","#HAA391",50.00,68.00,93.00,120.90,"2024-02-06","134713679","WH",4,,,,"","ALMA","HAA391A1",30078,5002,"2024-02-06","2024-03-06","USD",93.00,100,"3XS:20|2XS:20|XS:20|S:10|M:10|L:10|XL:10"
271392,"2023-09-15 08:39:53.45","#HAA392",50.00,68.00,93.00,120.90,"2024-02-06","134706134","WH",4,,,,"","ALMA","HAA392A1",30013,4002,"2024-02-06","2024-03-06","USD",93.00,100,"3XS:20|2XS:20|XS:20|S:10|M:10|L:10|XL:10"
271393,"2023-09-15 08:39:53.45","#HAA393",50.00,68.00,93.00,120.90,"2024-02-06","134706333","WH",4,,,,"","ALMA","HAA393A1",30022,3002,"2024-02-06","2024-03-06","USD",93.00,100,"3XS:20|2XS:20|XS:20|S:10|M:10|L:10|XL:10"
271394,"2023-09-15 08:39:53.45","#HAA394",50.00,68.00,93.00,120.90,"2024-02-06","134706535","WH",4,,,,"","ALMA","HAA394A1",30025,1002,"2024-02-06","2024-03-06","USD",93.00,100,"3XS:20|2XS:20|XS:20|S:10|M:10|L:10|XL:10"
271395,"2023-09-15 08:39:53.45","#HAA395",50.00,68.00,93.00,120.90,"2024-02-06","134710484","WH",4,,,,"","ALMA","HAA395A1",30026,8002,"2024-02-06","2024-03-06","USD",93.00,100,"3XS:20|2XS:20|XS:20|S:10|M:10|L:10|XL:10"
271396,"2023-09-15 08:39:53.45","#HAA396",50.00,68.00,93.00,120.90,"2024-02-06","134710698","WH",4,,,,"","ALMA","HAA396A1",30027,6002,"2024-02-06","2024-03-06","USD",93.00,100,"3XS:20|2XS:20|XS:20|S:10|M:10|L:10|XL:10"
271397,"2023-09-15 08:39:53.45","#HAA397",50.00,68.00,93.00,120.90,"2024-02-06","134710898","WH",4,,,,"","ALMA","HAA397A1",30029,5002,"2024-02-06","2024-03-06","USD",93.00,100,"3XS:20|2XS:20|XS:20|S:10|M:10|L:10|XL:10"
271398,"2023-09-15 08:39:53.45","#HAA398",50.00,68.00,93.00,120.90,"2024-02-06","134709159","WH",4,,,,"","ALMA","HAA398A1",30045,4002,"2024-02-06","2024-03-06","USD",93.00,100,"3XS:20|2XS:20|XS:20|S:10|M:10|L:10|XL:10"
271399,"2023-09-15 08:39:53.45","#HAA399",50.00,68.00,93.00,120.90,"2024-02-06","134709376","WH",4,,,,"","ALMA","HAA399A1",30046,3002,"2024-02-06","2024-03-06","USD",93.00,100,"3XS:20|2XS:20|XS:20|S:10|M:10|L:10|XL:10"
271400,"2023-09-15 08:39:53.45","#HAA400",50.00,68.00,93.00,120.90,"2024-02-06","134709575","WH",4,,,,"","ALMA","HAA400A1",30047,1002,"2024-02-06","2024-03-06","USD",93.00,100,"3XS:20|2XS:20|XS:20|S:10|M:10|L:10|XL:10"
271401,"2023-09-15 08:39:53.45","#HAA401",50.00,68.00,93.00,120.90,"2024-02-06","134701521","WH",4,,,,"","ALMA","HAA401A1",30065,8002,"2024-02-06","2024-03-06","USD",93.00,100,"3XS:20|2XS:20|XS:20|S:10|M:10|L:10|XL:10"
271402,"2023-09-15 08:39:53.45","#HAA402",50.00,68.00,93.00,120.90,"2024-02-06","134701720","WH",4,,,,"","ALMA","HAA402A1",30066,6002,"2024-02-06","2024-03-06","USD",93.00,100,"3XS:20|2XS:20|XS:20|S:10|M:10|L:10|XL:10"
271403,"2023-09-15 08:39:53.45","#HAA403",50.00,68.00,93.00,120.90,"2024-02-06","134701928","WH",4,,,,"","ALMA","HAA403A1",30067,5002,"2024-02-06","2024-03-06","USD",93.00,100,"3XS:20|2XS:20|XS:20|S:10|M:10|L:10|XL:10"
271404,"2023-09-15 08:39:53.45","#HAA404",50.00,68.00,93.00,120.90,"2024-02-06","134706334","WH",4,,,,"","ALMA","HAA404A1",30068,4002,"2024-02-06","2024-03-06","USD",93.00,100,"3XS:20|2XS:20|XS:20|S:10|M:10|L:10|XL:10"
271405,"2023-09-15 08:39:53.45","#HAA405",50.00,68.00,93.00,120.90,"2024-02-06","134706359","WH",4,,,,"","ALMA","HAA405A1",30069,3002,"2024-02-06","2024-03-06","USD",93.00,100,"3XS:20|2XS:20|XS:20|S:10|M:10|L:10|XL:10"
271406,"2023-09-15 08:39:53.45","#HAA406",50.00,68.00,93.00,120.90,"2024-02-06","134706519","WH",4,,,,"","ALMA","HAA406A1",30070,1002,"2024-02-06","2024-03-06","USD",93.00,100,"3XS:20|2XS:20|XS:20|S:10|M:10|L:10|XL:10"
271407,"2023-09-15 08:39:53.45","#HAA407",50.00,68.00,93.00,120.90,"2024-02-06","134710390","WH",4,,,,"","ALMA","HAA407A1",30071,8002,"2024-02-06","2024-03-06","USD",93.00,100,"3XS:20|2XS:20|XS:20|S:10|M:10|L:10|XL:10"
271408,"2023-09-15 08:39:53.45","#HAA408",50.00,68.00,93.00,120.90,"2024-02-06","134710582","WH",4,,,,"","ALMA","HAA408A1",30072,6002,"2024-02-06","2024-03-06","USD",93.00,100,"3XS:20|2XS:20|XS:20|S:10|M:10|L:10|XL:10"
271409,"2023-09-15 08:39:53.45","#HAA409",50.00,68.00,93.00,120.90,"2024-02-06","134710790","WH",4,,,,"","ALMA","HAA409A1",30073,5002,"2024-02-06","2024-03-06","USD",93.00,100,"3XS:20|2XS:20|XS:20|S:10|M:10|L:10|XL:10"
271410,"2023-09-15 08:39:53.45","#HAA410",50.00,68.00,93.00,120.90,"2024-02-06","134712495","WH",4,,,,"","ALMA","HAA410A1",30074,4002,"2024-02-06","2024-03-06","USD",93.00,100,"3XS:20|2XS:20|XS:20|S:10|M:10|L:10|XL:10"
271411,"2023-09-15 08:39:53.45","#HAA411",50.00,68.00,93.00,120.90,"2024-02-06","134712707","WH",4,,,,"","ALMA","HAA411A1",30075,3002,"2024-02-06","2024-03-06","USD",93.00,100,"3XS:20|2XS:20|XS:20|S:10|M:10|L:10|XL:10"
271412,"2023-09-15 08:39:53.45","#HAA412",50.00,68.00,93.00,120.90,"2024-02-06","134712907","WH",4,,,,"","ALMA","HAA412A1",30076,1002,"2024-02-06","2024-03-06","USD",93.00,100,"3XS:20|2XS:20|XS:20|S:10|M:10|L:10|XL:10"
271413,"2023-09-15 08:39:53.45","#HAA413",50.00,68.00,93.00,120.90,"2024-02-06","134714195","WH",4,,,,"","ALMA","HAA413A1",30077,8002,"2024-02-06","2024-03-06","USD",93.00,100,"3XS:20|2XS:20|XS:20|S:10|M:10|L:10|XL:10"
271414,"2023-09-15 08:39:53.45","#HAA414",50.00,68.00,93.00,120.90,"2024-02-06","134714399","WH",4,,,,"","ALMA","HAA414A1",30078,6002,"2024-02-06","2024-03-06","USD",93.00,100,"3XS:20|2XS:20|XS:20|S:10|M:10|L:10|XL:10"
271415,"2023-09-15 08:39:53.45","#HAA415",50.00,68.00,93.00,120.90,"2024-02-06","134702856","WH",4,,,,"","ALMA","HAA415A1",30013,5002,"2024-02-06","2024-03-06","USD",93.00,100,"3XS:20|2XS:20|XS:20|S:10|M:10|L:10|XL:10"
271416,"2023-09-15 08:39:53.45","#HAA416",50.00,68.00,93.00,120.90,"2024-02-06","134703074","WH",4,,,,"","ALMA","HAA416A1",30022,4002,"2024-02-06","2024-03-06","USD",93.00,100,"3XS:20|2XS:20|XS:20|S:10|M:10|L:10|XL:10"
271417,"2023-09-15 08:39:53.45","#HAA417",50.00,68.00,93.00,120.90,"2024-02-06","134703281","WH",4,,,,"","ALMA","HAA417A1",30025,3002,"2024-02-06","2024-03-06","USD",93.00,100,"3XS:20|2XS:20|XS:20|S:10|M:10|L:10|XL:10"
271418,"2023-09-15 08:39:53.45","#HAA418",50.00,68.00,93.00,120.90,"2024-02-06","134714598","WH",4,,,,"","ALMA","HAA418A1",30026,1002,"2024-02-06","2024-03-06","USD",93.00,100,"3XS:20|2XS:20|XS:20|S:10|M:10|L:10|XL:10"
271419,"2023-09-15 08:39:53.45","#HAA419",50.00,68.00,93.00,120.90,"2024-02-06","134714802","WH",4,,,,"","ALMA","HAA419A1",30027,8002,"2024-02-06","2024-03-06","USD",93.00,100,"3XS:20|2XS:20|XS:20|S:10|M:10|L:10|XL:10"
271420,"2023-09-15 08:39:53.45","#HAA420",50.00,68.00,93.00,120.90,"2024-02-06","134714993","WH",4,,,,"","ALMA","HAA420A1",30029,6002,"2024-02-06","2024-03-06","USD",93.00,100,"3XS:20|2XS:20|XS:20|S:10|M:10|L:10|XL:10"
271421,"2023-09-15 08:39:53.45","#HAA421",50.00,68.00,93.00,120.90,"2024-02-06","134706727","WH",4,,,,"","ALMA","HAA421A1",30045,5002,"2024-02-06","2024-03-06","USD",93.00,100,"3XS:20|2XS:20|XS:20|S:10|M:10|L:10|XL:10"
271422,"2023-09-15 08:39:53.45","#HAA422",50.00,68.00,93.00,120.90,"2024-02-06","134706918","WH",4,,,,"","ALMA","HAA422A1",30046,4002,"2024-02-06","2024-03-06","USD",93.00,100,"3XS:20|2XS:20|XS:20|S:10|M:10|L:10|XL:10"
271423,"2023-09-15 08:39:53.45","#HAA423",50.00,68.00,93.00,120.90,"2024-02-06","134707120","WH",4,,,,"","ALMA","HAA423A1",30047,3002,"2024-02-06","2024-03-06","USD",93.00,100,"3XS:20|2XS:20|XS:20|S:10|M:10|L:10|XL:10"
271424,"2023-09-15 08:39:53.45","#HAA424",50.00,68.00,93.00,120.90,"2024-02-06","134711112","WH",4,,,,"","ALMA","HAA424A1",30065,1002,"2024-02-06","2024-03-06","USD",93.00,100,"3XS:20|2XS:20|XS:20|S:10|M:10|L:10|XL:10"
271425,"2023-09-15 08:39:53.45","#HAA425",50.00,68.00,93.00,120.90,"2024-02-06","134711321","WH",4,,,,"","ALMA","HAA425A1",30066,8002,"2024-02-06","2024-03-06","USD",93.00,100,"3XS:20|2XS:20|XS:20|S:10|M:10|L:10|XL:10"
271426,"2023-09-15 08:39:53.45","#HAA426",50.00,68.00,93.00,120.90,"2024-02-06","134711522","WH",4,,,,"","ALMA","HAA426A1",30067,6002,"2024-02-06","2024-03-06","USD",93.00,100,"3XS:20|2XS:20|XS:20|S:10|M:10|L:10|XL:10"
271427,"2023-09-15 08:39:53.45","#HAA427",50.00,68.00,93.00,120.90,"2024-02-06","134709793","WH",4,,,,"","ALMA","HAA427A1",30068,5002,"2024-02-06","2024-03-06","USD",93.00,100,"3XS:20|2XS:20|XS:20|S:10|M:10|L:10|XL:10"
271428,"2023-09-15 08:39:53.45","#HAA428",50.00,68.00,93.00,120.90,"2024-02-06","134709992","WH",4,,,,"","ALMA","HAA428A1",30069,4002,"2024-02-06","2024-03-06","USD",93.00,100,"3XS:20|2XS:20|XS:20|S:10|M:10|L:10|XL:10"
271429,"2023-09-15 08:39:53.45","#HAA429",50.00,68.00,93.00,120.90,"2024-02-06","134710192","WH",4,,,,"","ALMA","HAA429A1",30070,3002,"2024-02-06","2024-03-06","USD",93.00,100,"3XS:20|2XS:20|XS:20|S:10|M:10|L:10|XL:10"
271430,"2023-09-15 08:39:53.45","#HAA430",50.00,68.00,93.00,120.90,"2024-02-06","134710392","WH",4,,,,"","ALMA","HAA430A1",30071,1002,"2024-02-06","2024-03-06","USD",93.00,100,"3XS:20|2XS:20|XS:20|S:10|M:10|L:10|XL:10"
271431,"2023-09-15 08:39:53.45","#HAA431",50.00,68.00,93.00,120.90,"2024-02-06","134702128","WH",4,,,,"","ALMA","HAA431A1",30072,8002,"2024-02-06","2024-03-06","USD",93.00,100,"3XS:20|2XS:20|XS:20|S:10|M:10|L:10|XL:10"
271432,"2023-09-15 08:39:53.45","#HAA432",50.00,68.00,93.00,120.90,"2024-02-06","134702321","WH",4,,,,"","ALMA","HAA432A1",30073,6002,"2024-02-06","2024-03-06","USD",93.00,100,"3XS:20|2XS:20|XS:20|S:10|M:10|L:10|XL:10"
271433,"2023-09-15 08:39:53.45","#HAA433",50.00,68.00,93.00,120.90,"2024-02-06","134702520","WH",4,,,,"","ALMA","HAA433A1",30074,5002,"2024-02-06","2024-03-06","USD",93.00,100,"3XS:20|2XS:20|XS:20|S:10|M:10|L:10|XL:10"
271434,"2023-09-15 08:39:53.45","#HAA434",50.00,68.00,93.00,120.90,"2024-02-06","134706560","WH",4,,,,"","ALMA","HAA434A1",30075,4002,"2024-02-06","2024-03-06","USD",93.00,100,"3XS:20|2XS:20|XS:20|S:10|M:10|L:10|XL:10"
271435,"2023-09-15 08:39:53.45","#HAA435",50.00,68.00,93.00,120.90,"2024-02-06","134706728","WH",4,,,,"","ALMA","HAA435A1",30076,3002,"2024-02-06","2024-03-06","USD",93.00,100,"3XS:20|2XS:20|XS:20|S:10|M:10|L:10|XL:10"
271436,"2023-09-15 08:39:53.45","#HAA436",50.00,68.00,93.00,120.90,"2024-02-06","134706770","WH",4,,,,"","ALMA","HAA436A1",30077,1002,"2024-02-06","2024-03-06","USD",93.00,100,"3XS:20|2XS:20|XS:20|S:10|M:10|L:10|XL:10"
271437,"2023-09-15 08:39:53.45","#HAA437",50.00,68.00,93.00,120.90,"2024-02-06","134710977","WH",4,,,,"","ALMA","HAA437A1",30078,8002,"2024-02-06","2024-03-06","USD",93.00,100,"3XS:20|2XS:20|XS:20|S:10|M:10|L:10|XL:10"
271438,"2023-09-15 08:39:53.45","#HAA438",50.00,68.00,93.00,120.90,"2024-02-06","134711168","WH",4,,,,"","ALMA","HAA438A1",30013,6002,"2024-02-06","2024-03-06","USD",93.00,100,"3XS:20|2XS:20|XS:20|S:10|M:10|L:10|XL:10"
271439,"2023-09-15 08:39:53.45","#HAA439",50.00,68.00,93.00,120.90,"2024-02-06","134711367","WH",4,,,,"","ALMA","HAA439A1",30022,5002,"2024-02-06","2024-03-06","USD",93.00,100,"3XS:20|2XS:20|XS:20|S:10|M:10|L:10|XL:10"
271440,"2023-09-15 08:39:53.45","#HAA440",50.00,68.00,93.00,120.90,"2024-02-06","134713137","WH",4,,,,"","ALMA","HAA440A1",30025,4002,"2024-02-06","2024-03-06","USD",93.00,100,"3XS:20|2XS:20|XS:20|S:10|M:10|L:10|XL:10"
271441,"2023-09-15 08:39:53.45","#HAA441",50.00,68.00,93.00,120.90,"2024-02-06","134713321","WH",4,,,,"","ALMA","HAA441A1",30026,3002,"2024-02-06","2024-03-06","USD",93.00,100,"3XS:20|2XS:20|XS:20|S:10|M:10|L:10|XL:10"
271442,"2023-09-15 08:39:53.45","#HAA442",50.00,68.00,93.00,120.90,"2024-02-06","134713498","WH",4,,,,"","ALMA","HAA442A1",30027,1002,"2024-02-06","2024-03-06","USD",93.00,100,"3XS:20|2XS:20|XS:20|S:10|M:10|L:10|XL:10"
271443,"2023-09-15 08:39:53.45","#HAA443",50.00,68.00,93.00,120.90,"2024-02-06","134703498","WH",4,,,,"","ALMA","HAA443A1",30029,8002,"2024-02-06","2024-03-06","USD",93.00,100,"3XS:20|2XS:20|XS:20|S:10|M:10|L:10|XL:10"
271444,"2023-09-15 08:39:53.45","#HAA444",50.00,68.00,93.00,120.90,"2024-02-06","134703698","WH",4,,,,"","ALMA","HAA444A1",30045,6002,"2024-02-06","2024-03-06","USD",93.00,100,"3XS:20|2XS:20|XS:20|S:10|M:10|L:10|XL:10"
271445,"2023-09-15 08:39:53.45","#HAA445",50.00,68.00,93.00,120.90,"2024-02-06","134703921","WH",4,,,,"","ALMA","HAA445A1",30046,5002,"2024-02-06","2024-03-06","USD",93.00,100,"3XS:20|2XS:20|XS:20|S:10|M:10|L:10|XL:10"
271446,"2023-09-15 08:39:53.45","#HAA446",50.00,68.00,93.00,120.90,"2024-02-06","134704122","WH",4,,,,"","ALMA","HAA446A1",30047,4002,"2024-02-06","2024-03-06","USD",93.00,100,"3XS:20|2XS:20|XS:20|S:10|M:10|L:10|XL:10"
271447,"2023-09-15 08:39:53.45","#HAA447",50.00,68.00,93.00,120.90,"2024-02-06","134715183","WH",4,,,,"","ALMA","HAA447A1",30065,3002,"2024-02-06","2024-03-06","USD",93.00,100,"3XS:20|2XS:20|XS:20|S:10|M:10|L:10|XL:10"
271448,"2023-09-15 08:39:53.45","#HAA448",50.00,68.00,93.00,120.90,"2024-02-06","134715382","WH",4,,,,"","ALMA","HAA448A1",30066,1002,"2024-02-06","2024-03-06","USD",93.00,100,"3XS:20|2XS:20|XS:20|S:10|M:10|L:10|XL:10"
271449,"2023-09-15 08:39:53.45","#HAA449",50.00,68.00,93.00,120.90,"2024-02-06","134715566","WH",4,,,,"","ALMA","HAA449A1",30067,8002,"2024-02-06","2024-03-06","USD",93.00,100,"3XS:20|2XS:20|XS:20|S:10|M:10|L:10|XL:10"
271450,"2023-09-15 08:39:53.45","#HAA450",50.00,68.00,93.00,120.90,"2024-02-06","134700919","WH",4,,,,"","ALMA","HAA450A1",30068,6002,"2024-02-06","2024-03-06","USD",93.00,100,"3XS:20|2XS:20|XS:20|S:10|M:10|L:10|XL:10"
271451,"2023-09-15 08:39:53.45","#HAA451",50.00,68.00,93.00,120.90,"2024-02-06","134701110","WH",4,,,,"","ALMA","HAA451A1",30069,5002,"2024-02-06","2024-03-06","USD",93.00,100,"3XS:20|2XS:20|XS:20|S:10|M:10|L:10|XL:10"
271452,"2023-09-15 08:39:53.45","#HAA452",50.00,68.00,93.00,120.90,"2024-02-06","134701319","WH",4,,,,"","ALMA","HAA452A1",30070,4002,"2024-02-06","2024-03-06","USD",93.00,100,"3XS:20|2XS:20|XS:20|S:10|M:10|L:10|XL:10"
271453,"2023-09-15 08:39:53.45","#HAA453",50.00,68.00,93.00,120.90,"2024-02-06","134701520","WH",4,,,,"","ALMA","HAA453A1",30071,3002,"2024-02-06","2024-03-06","USD",93.00,100,"3XS:20|2XS:20|XS:20|S:10|M:10|L:10|XL:10"
271454,"2023-09-15 08:39:53.45","#HAA454",50.00,68.00,93.00,120.90,"2024-02-06","134707275","WH",4,,,,"","ALMA","HAA454A1",30072,1002,"2024-02-06","2024-03-06","USD",93.00,100,"3XS:20|2XS:20|XS:20|S:10|M:10|L:10|XL:10"
271455,"2023-09-15 08:39:53.45","#HAA455",50.00,68.00,93.00,120.90,"2024-02-06","134707474","WH",4,,,,"","ALMA","HAA455A1",30073,8002,"2024-02-06","2024-03-06","USD",93.00,100,"3XS:20|2XS:20|XS:20|S:10|M:10|L:10|XL:10"
271456,"2023-09-15 08:39:53.45","#HAA456",50.00,68.00,93.00,120.90,"2024-02-06","134707673","WH",4,,,,"","ALMA","HAA456A1",30074,6002,"2024-02-06","2024-03-06","USD",93.00,100,"3XS:20|2XS:20|XS:20|S:10|M:10|L:10|XL:10"
271457,"2023-09-15 08:39:53.45","#HAA457",50.00,68.00,93.00,120.90,"2024-02-06","134707882","WH",4,,,,"","ALMA","HAA457A1",30075,5002,"2024-02-06","2024-03-06","USD",93.00,100,"3XS:20|2XS:20|XS:20|S:10|M:10|L:10|XL:10"
271458,"2023-09-15 08:39:53.45","#HAA458",50.00,68.00,93.00,120.90,"2024-02-06","134700753","WH",4,,,,"","ALMA","HAA458A1",30076,4002,"2024-02-06","2024-03-06","USD",93.00,100,"3XS:20|2XS:20|XS:20|S:10|M:10|L:10|XL:10"
271459,"2023-09-15 08:39:53.45","#HAA459",50.00,68.00,93.00,120.90,"2024-02-06","134700960","WH",4,,,,"","ALMA","HAA459A1",30077,3002,"2024-02-06","2024-03-06","USD",93.00,100,"3XS:20|2XS:20|XS:20|S:10|M:10|L:10|XL:10"
271460,"2023-09-15 08:39:53.45","#HAA460",50.00,68.00,93.00,120.90,"2024-02-06","134701161","WH",4,,,,"","ALMA","HAA460A1",30078,1002,"2024-02-06","2024-03-06","USD",93.00,100,"3XS:20|2XS:20|XS:20|S:10|M:10|L:10|XL:10"
271461,"2023-09-15 08:39:53.45","#HAA461",50.00,68.00,93.00,120.90,"2024-02-06","134701380","WH",4,,,,"","ALMA","HAA461A1",30013,8002,"2024-02-06","2024-03-06","USD",93.00,100,"3XS:20|2XS:20|XS:20|S:10|M:10|L:10|XL:10"
271462,"2023-09-15 08:39:53.45","#HAA462",50.00,68.00,93.00,120.90,"2024-02-06","134711738","WH",4,,,,"","ALMA","HAA462A1",30022,6002,"2024-02-06","2024-03-06","USD",93.00,100,"3XS:20|2XS:20|XS:20|S:10|M:10|L:10|XL:10"
271463,"2023-09-15 08:39:53.45","#HAA463",50.00,68.00,93.00,120.90,"2024-02-06","134711953","WH",4,,,,"","ALMA","HAA463A1",30025,5002,"2024-02-06","2024-03-06","USD",93.00,100,"3XS:20|2XS:20|XS:20|S:10|M:10|L:10|XL:10"
271464,"2023-09-15 08:39:53.45","#HAA464",50.00,68.00,93.00,120.90,"2024-02-06","134712159","WH",4,,,,"","ALMA","HAA464A1",30026,4002,"2024-02-06","2024-03-06","USD",93.00,100,"3XS:20|2XS:20|XS:20|S:10|M:10|L:10|XL:10"
271465,"2023-09-15 08:39:53.45","#HAA465",50.00,68.00,93.00,120.90,"2024-02-06","134712373","WH",4,,,,"","ALMA","HAA465A1",30027,3002,"2024-02-06","2024-03-06","USD",93.00,100,"3XS:20|2XS:20|XS:20|S:10|M:10|L:10|XL:10"
271466,"2023-09-15 08:39:53.45","#HAA466",50.00,68.00,93.00,120.90,"2024-02-06","134710592","WH",4,,,,"","ALMA","HAA466A1",30029,1002,"2024-02-06","2024-03-06","USD",93.00,100,"3XS:20|2XS:20|XS:20|S:10|M:10|L:10|XL:10"
271467,"2023-09-15 08:39:53.45","#HAA467",50.00,68.00,93.00,120.90,"2024-02-06","134710808","WH",4,,,,"","ALMA","HAA467A1",30045,8002,"2024-02-06","2024-03-06","USD",93.00,100,"3XS:20|2XS:20|XS:20|S:10|M:10|L:10|XL:10"
271468,"2023-09-15 08:39:53.45","#HAA468",50.00,68.00,93.00,120.90,"2024-02-06","134711017","WH",4,,,,"","ALMA","HAA468A1",30046,6002,"2024-02-06","2024-03-06","USD",93.00,100,"3XS:20|2XS:20|XS:20|S:10|M:10|L:10|XL:10"
271469,"2023-09-15 08:39:53.45","#HAA469",50.00,68.00,93.00,120.90,"2024-02-06","134700777","WH",4,,,,"","ALMA","HAA469A1",30047,5002,"2024-02-06","2024-03-06","USD",93.00,100,"3XS:20|2XS:20|XS:20|S:10|M:10|L:10|XL:10"
271470,"2023-09-15 08:39:53.45","#HAA470",50.00,68.00,93.00,120.90,"2024-02-06","134700986","WH",4,,,,"","ALMA","HAA470A1",30065,4002,"2024-02-06","2024-03-06","USD",93.00,100,"3XS:20|2XS:20|XS:20|S:10|M:10|L:10|XL:10"
271471,"2023-09-15 08:39:53.45","#HAA471",50.00,68.00,93.00,120.90,"2024-02-06","134701183","WH",4,,,,"","ALMA","HAA471A1",30066,3002,"2024-02-06","2024-03-06","USD",93.00,100,"3XS:20|2XS:20|XS:20|S:10|M:10|L:10|XL:10"
271472,"2023-09-15 08:39:53.45","#HAA472",50.00,68.00,93.00,120.90,"2024-02-06","134701377","WH",4,,,,"","ALMA","HAA472A1",30067,1002,"2024-02-06","2024-03-06","USD",93.00,100,"3XS:20|2XS:20|XS:20|S:10|M:10|L:10|XL:10"
271473,"2023-09-15 08:39:53.45","#HAA473",50.00,68.00,93.00,120.90,"2024-02-06","134706919","WH",4,,,,"","ALMA","HAA473A1",30068,8002,"2024-02-06","2024-03-06","USD",93.00,100,"3XS:20|2XS:20|XS:20|S:10|M:10|L:10|XL:10"
271474,"2023-09-15 08:39:53.45","#HAA474",50.00,68.00,93.00,120.90,"2024-02-06","134706970","WH",4,,,,"","ALMA","HAA474A1",30069,6002,"2024-02-06","2024-03-06","USD",93.00,100,"3XS:20|2XS:20|XS:20|S:10|M:10|L:10|XL:10"
271475,"2023-09-15 08:39:53.45","#HAA475",50.00,68.00,93.00,120.90,"2024-02-06","134707097","WH",4,,,,"","ALMA","HAA475A1",30070,5002,"2024-02-06","2024-03-06","USD",93.00,100,"3XS:20|2XS:20|XS:20|S:10|M:10|L:10|XL:10"
271476,"2023-09-15 08:39:53.45","#HAA476",50.00,68.00,93.00,120.90,"2024-02-06","134700797","WH",4,,,,"","ALMA","HAA476A1",30071,4002,"2024-02-06","2024-03-06","USD",93.00,100,"3XS:20|2XS:20|XS:20|S:10|M:10|L:10|XL:10"
271477,"2023-09-15 08:39:53.45","#HAA477",50.00,68.00,93.00,120.90,"2024-02-06","134700987","WH",4,,,,"","ALMA","HAA477A1",30072,3002,"2024-02-06","2024-03-06","USD",93.00,100,"3XS:20|2XS:20|XS:20|S:10|M:10|L:10|XL:10"
271478,"2023-09-15 08:39:53.45","#HAA478",50.00,68.00,93.00,120.90,"2024-02-06","134701184","WH",4,,,,"","ALMA","HAA478A1",30073,1002,"2024-02-06","2024-03-06","USD",93.00,100,"3XS:20|2XS:20|XS:20|S:10|M:10|L:10|XL:10"
271479,"2023-09-15 08:39:53.45","#HAA479",50.00,68.00,93.00,120.90,"2024-02-06","134701378","WH",4,,,,"","ALMA","HAA479A1",30074,8002,"2024-02-06","2024-03-06","USD",93.00,100,"3XS:20|2XS:20|XS:20|S:10|M:10|L:10|XL:10"
271480,"2023-09-15 08:39:53.45","#HAA480",50.00,68.00,93.00,120.90,"2024-02-06","134711553","WH",4,,,,"","ALMA","HAA480A1",30075,6002,"2024-02-06","2024-03-06","USD",93.00,100,"3XS:20|2XS:20|XS:20|S:10|M:10|L:10|XL:10"
271481,"2023-09-15 08:39:53.45","#HAA481",50.00,68.00,93.00,120.90,"2024-02-06","134711747","WH",4,,,,"","ALMA","HAA481A1",30076,5002,"2024-02-06","2024-03-06","USD",93.00,100,"3XS:20|2XS:20|XS:20|S:10|M:10|L:10|XL:10"
271482,"2023-09-15 08:39:53.45","#HAA482",50.00,68.00,93.00,120.90,"2024-02-06","134711945","WH",4,,,,"","ALMA","HAA482A1",30077,4002,"2024-02-06","2024-03-06","USD",93.00,100,"3XS:20|2XS:20|XS:20|S:10|M:10|L:10|XL:10"
271483,"2023-09-15 08:39:53.45","#HAA483",50.00,68.00,93.00,120.90,"2024-02-06","134712151","WH",4,,,,"","ALMA","HAA483A1",30078,3002,"2024-02-06","2024-03-06","USD",93.00,100,"3XS:20|2XS:20|XS:20|S:10|M:10|L:10|XL:10"
271484,"2023-09-15 08:39:53.45","#HAA484",50.00,68.00,93.00,120.90,"2024-02-06","134713699","WH",4,,,,"","ALMA","HAA484A1",30013,1002,"2024-02-06","2024-03-06","USD",93.00,100,"3XS:20|2XS:20|XS:20|S:10|M:10|L:10|XL:10"
271485,"2023-09-15 08:39:53.45","#HAA485",50.00,68.00,93.00,120.90,"2024-02-06","134713898","WH",4,,,,"","ALMA","HAA485A1",30022,8002,"2024-02-06","2024-03-06","USD",93.00,100,"3XS:20|2XS:20|XS:20|S:10|M:10|L:10|XL:10"
271486,"2023-09-15 08:39:53.45","#HAA486",50.00,68.00,93.00,120.90,"2024-02-06","134714105","WH",4,,,,"","ALMA","HAA486A1",30025,6002,"2024-02-06","2024-03-06","USD",93.00,100,"3XS:20|2XS:20|XS:20|S:10|M:10|L:10|XL:10"
271487,"2023-09-15 08:39:53.45","#HAA487",50.00,68.00,93.00,120.90,"2024-02-06","134714305","WH",4,,,,"","ALMA","HAA487A1",30026,5002,"2024-02-06","2024-03-06","USD",93.00,100,"3XS:20|2XS:20|XS:20|S:10|M:10|L:10|XL:10"
271488,"2023-09-15 08:39:53.45","#HAA488",50.00,68.00,93.00,120.90,"2024-02-06","134704338","WH",4,,,,"","ALMA","HAA488A1",30027,4002,"2024-02-06","2024-03-06","USD",93.00,100,"3XS:20|2XS:20|XS:20|S:10|M:10|L:10|XL:10"
271489,"2023-09-15 08:39:53.45","#HAA489",50.00,68.00,93.00,120.90,"2024-02-06","134704545","WH",4,,,,"","ALMA","HAA489A1",30029,3002,"2024-02-06","2024-03-06","USD",93.00,100,"3XS:20|2XS:20|XS:20|S:10|M:10|L:10|XL:10"
271490,"2023-09-15 08:39:53.45","#HAA490",50.00,68.00,93.00,120.90,"2024-02-06","134704752","WH",4,,,,"","ALMA","HAA490A1",30045,1002,"2024-02-06","2024-03-06","USD",93.00,100,"3XS:20|2XS:20|XS:20|S:10|M:10|L:10|XL:10"
271491,"2023-09-15 08:39:53.45","#HAA491",50.00,68.00,93.00,120.90,"2024-02-06","134701728","WH",4,,,,"","ALMA","HAA491A1",30046,8002,"2024-02-06","2024-03-06","USD",93.00,100,"3XS:20|2XS:20|XS:20|S:10|M:10|L:10|XL:10"
271492,"2023-09-15 08:39:53.45","#HAA492",50.00,68.00,93.00,120.90,"2024-02-06","134701978","WH",4,,,,"","ALMA","HAA492A1",30047,6002,"2024-02-06","2024-03-06","USD",93.00,100,"3XS:20|2XS:20|XS:20|S:10|M:10|L:10|XL:10"
271493,"2023-09-15 08:39:53.45","#HAA493",50.00,68.00,93.00,120.90,"2024-02-06","134702204","WH",4,,,,"","ALMA","HAA493A1",30065,5002,"2024-02-06","2024-03-06","USD",93.00,100,"3XS:20|2XS:20|XS:20|S:10|M:10|L:10|XL:10"
271494,"2023-09-15 08:39:53.45","#HAA494",50.00,68.00,93.00,120.90,"2024-02-06","134708072","WH",4,,,,"","ALMA","HAA494A1",30066,4002,"2024-02-06","2024-03-06","USD",93.00,100,"3XS:20|2XS:20|XS:20|S:10|M:10|L:10|XL:10"
271495,"2023-09-15 08:39:53.45","#HAA495",50.00,68.00,93.00,120.90,"2024-02-06","134708263","WH",4,,,,"","ALMA","HAA495A1",30067,3002,"2024-02-06","2024-03-06","USD",93.00,100,"3XS:20|2XS:20|XS:20|S:10|M:10|L:10|XL:10"
271496,"2023-09-15 08:39:53.45","#HAA496",50.00,68.00,93.00,120.90,"2024-02-06","134708480","WH",4,,,,"","ALMA","HAA496A1",30068,1002,"2024-02-06","2024-03-06","USD",93.00,100,"3XS:20|2XS:20|XS:20|S:10|M:10|L:10|XL:10"
271497,"2023-09-15 08:39:53.45","#HAA497",50.00,68.00,93.00,120.90,"2024-02-06","134701597","WH",4,,,,"","ALMA","HAA497A1",30069,8002,"2024-02-06","2024-03-06","USD",93.00,100,"3XS:20|2XS:20|XS:20|S:10|M:10|L:10|XL:10"
271498,"2023-09-15 08:39:53.45","#HAA498",50.00,68.00,93.00,120.90,"2024-02-06","134701805","WH",4,,,,"","ALMA","HAA498A1",30070,6002,"2024-02-06","2024-03-06","USD",93.00,100,"3XS:20|2XS:20|XS:20|S:10|M:10|L:10|XL:10"
271499,"2023-09-15 08:39:53.45","#HAA499",50.00,68.00,93.00,120.90,"2024-02-06","134702029","WH",4,,,,"","ALMA","HAA499A1",30071,5002,"2024-02-06","2024-03-06","USD",93.00,100,"3XS:20|2XS:20|XS:20|S:10|M:10|L:10|XL:10"
271500,"2023-09-15 08:39:53.45","#HAA500",50.00,68.00,93.00,120.90,"2024-02-06","134712574","WH",4,,,,"","ALMA","HAA500A1",30072,4002,"2024-02-06","2024-03-06","USD",93.00,100,"3XS:20|2XS:20|XS:20|S:10|M:10|L:10|XL:10"
271501,"2023-09-15 08:39:53.45","#HAA501",50.00,68.00,93.00,120.90,"2024-02-06","134712775","WH",4,,,,"","ALMA","HAA501A1",30073,3002,"2024-02-06","2024-03-06","USD",93.00,100,"3XS:20|2XS:20|XS:20|S:10|M:10|L:10|XL:10"
271502,"2023-09-15 08:39:53.45","#HAA502",50.00,68.00,93.00,120.90,"2024-02-06","134712987","WH",4,,,,"","ALMA","HAA502A1",30074,1002,"2024-02-06","2024-03-06","USD",93.00,100,"3XS:20|2XS:20|XS:20|S:10|M:10|L:10|XL:10"
271503,"2023-09-15 08:39:53.45","#HAA503",50.00,68.00,93.00,120.90,"2024-02-06","134711217","WH",4,,,,"","ALMA","HAA503A1",30075,8002,"2024-02-06","2024-03-06","USD",93.00,100,"3XS:20|2XS:20|XS:20|S:10|M:10|L:10|XL:10"
271504,"2023-09-15 08:39:53.45","#HAA504",50.00,68.00,93.00,120.90,"2024-02-06","134711418","WH",4,,,,"","ALMA","HAA504A1",30076,6002,"2024-02-06","2024-03-06","USD",93.00,100,"3XS:20|2XS:20|XS:20|S:10|M:10|L:10|XL:10"
271505,"2023-09-15 08:39:53.45","#HAA505",50.00,68.00,93.00,120.90,"2024-02-06","134711619","WH",4,,,,"","ALMA","HAA505A1",30077,5002,"2024-02-06","2024-03-06","USD",93.00,100,"3XS:20|2XS:20|XS:20|S:10|M:10|L:10|XL:10"
271506,"2023-09-15 08:39:53.45","#HAA506",50.00,68.00,93.00,120.90,"2024-02-06","134701586","WH",4,,,,"","ALMA","HAA506A1",30078,4002,"2024-02-06","2024-03-06","USD",93.00,100,"3XS:20|2XS:20|XS:20|S:10|M:10|L:10|XL:10"
271507,"2023-09-15 08:39:53.45","#HAA507",50.00,68.00,93.00,120.90,"2024-02-06","134701776","WH",4,,,,"","ALMA","HAA507A1",30013,3002,"2024-02-06","2024-03-06","USD",93.00,100,"3XS:20|2XS:20|XS:20|S:10|M:10|L:10|XL:10"
271508,"2023-09-15 08:39:53.45","#HAA508",50.00,68.00,93.00,120.90,"2024-02-06","134701962","WH",4,,,,"","ALMA","HAA508A1",30022,1002,"2024-02-06","2024-03-06","USD",93.00,100,"3XS:20|2XS:20|XS:20|S:10|M:10|L:10|XL:10"
271509,"2023-09-15 08:39:53.45","#HAA509",50.00,68.00,93.00,120.90,"2024-02-06","134707184","WH",4,,,,"","ALMA","HAA509A1",30025,8002,"2024-02-06","2024-03-06","USD",93.00,100,"3XS:20|2XS:20|XS:20|S:10|M:10|L:10|XL:10"
271510,"2023-09-15 08:39:53.45","#HAA510",50.00,68.00,93.00,120.90,"2024-02-06","134707284","WH",4,,,,"","ALMA","HAA510A1",30026,6002,"2024-02-06","2024-03-06","USD",93.00,100,"3XS:20|2XS:20|XS:20|S:10|M:10|L:10|XL:10"
271511,"2023-09-15 08:39:53.45","#HAA511",50.00,68.00,93.00,120.90,"2024-02-06","134707384","WH",4,,,,"","ALMA","HAA511A1",30027,5002,"2024-02-06","2024-03-06","USD",93.00,100,"3XS:20|2XS:20|XS:20|S:10|M:10|L:10|XL:10"
271512,"2023-09-15 08:39:53.45","#HAA512",50.00,68.00,93.00,120.90,"2024-02-06","134707482","WH",4,,,,"","ALMA","HAA512A1",30029,4002,"2024-02-06","2024-03-06","USD",93.00,100,"3XS:20|2XS:20|XS:20|S:10|M:10|L:10|XL:10"
271513,"2023-09-15 08:39:53.45","#HAA513",50.00,68.00,93.00,120.90,"2024-02-06","134701561","WH",4,,,,"","ALMA","HAA513A1",30045,3002,"2024-02-06","2024-03-06","USD",93.00,100,"3XS:20|2XS:20|XS:20|S:10|M:10|L:10|XL:10"
271514,"2023-09-15 08:39:53.45","#HAA514",50.00,68.00,93.00,120.90,"2024-02-06","134701731","WH",4,,,,"","ALMA","HAA514A1",30046,1002,"2024-02-06","2024-03-06","USD",93.00,100,"3XS:20|2XS:20|XS:20|S:10|M:10|L:10|XL:10"
271515,"2023-09-15 08:39:53.45","#HAA515",50.00,68.00,93.00,120.90,"2024-02-06","134701945","WH",4,,,,"","ALMA","HAA515A1",30047,8002,"2024-02-06","2024-03-06","USD",93.00,100,"3XS:20|2XS:20|XS:20|S:10|M:10|L:10|XL:10"
271516,"2023-09-15 08:39:53.45","#HAA516",50.00,68.00,93.00,120.90,"2024-02-06","134712315","WH",4,,,,"","ALMA","HAA516A1",30065,6002,"2024-02-06","2024-03-06","USD",93.00,100,"3XS:20|2XS:20|XS:20|S:10|M:10|L:10|XL:10"
271517,"2023-09-15 08:39:53.45","#HAA517",50.00,68.00,93.00,120.90,"2024-02-06","134712523","WH",4,,,,"","ALMA","HAA517A1",30066,5002,"2024-02-06","2024-03-06","USD",93.00,100,"3XS:20|2XS:20|XS:20|S:10|M:10|L:10|XL:10"
271518,"2023-09-15 08:39:53.45","#HAA518",50.00,68.00,93.00,120.90,"2024-02-06","134712715","WH",4,,,,"","ALMA","HAA518A1",30067,4002,"2024-02-06","2024-03-06","USD",93.00,100,"3XS:20|2XS:20|XS:20|S:10|M:10|L:10|XL:10"
271519,"2023-09-15 08:39:53.45","#HAA519",50.00,68.00,93.00,120.90,"2024-02-06","134714498","WH",4,,,,"","ALMA","HAA519A1",30068,3002,"2024-02-06","2024-03-06","USD",93.00,100,"3XS:20|2XS:20|XS:20|S:10|M:10|L:10|XL:10"
271520,"2023-09-15 08:39:53.45","#HAA520",50.00,68.00,93.00,120.90,"2024-02-06","134714696","WH",4,,,,"","ALMA","HAA520A1",30069,1002,"2024-02-06","2024-03-06","USD",93.00,100,"3XS:20|2XS:20|XS:20|S:10|M:10|L:10|XL:10"
271521,"2023-09-15 08:39:53.45","#HAA521",50.00,68.00,93.00,120.90,"2024-02-06","134714905","WH",4,,,,"","ALMA","HAA521A1",30070,8002,"2024-02-06","2024-03-06","USD",93.00,100,"3XS:20|2XS:20|XS:20|S:10|M:10|L:10|XL:10"
271522,"2023-09-15 08:39:53.45","#HAA522",50.00,68.00,93.00,120.90,"2024-02-06","134704974","WH",4,,,,"","ALMA","HAA522A1",30071,6002,"2024-02-06","2024-03-06","USD",93.00,100,"3XS:20|2XS:20|XS:20|S:10|M:10|L:10|XL:10"
271523,"2023-09-15 08:39:53.45","#HAA523",50.00,68.00,93.00,120.90,"2024-02-06","134705175","WH",4,,,,"","ALMA","HAA523A1",30072,5002,"2024-02-06","2024-03-06","USD",93.00,100,"3XS:20|2XS:20|XS:20|S:10|M:10|L:10|XL:10"
271524,"2023-09-15 08:39:53.45","#HAA524",50.00,68.00,93.00,120.90,"2024-02-06","134705377","WH",4,,,,"","ALMA","HAA524A1",30073,4002,"2024-02-06","2024-03-06","USD",93.00,100,"3XS:20|2XS:20|XS:20|S:10|M:10|L:10|XL:10"
271525,"2023-09-15 08:39:53.45","#HAA525",50.00,68.00,93.00,120.90,"2024-02-06","134702403","WH",4,,,,"","ALMA","HAA525A1",30074,3002,"2024-02-06","2024-03-06","USD",93.00,100,"3XS:20|2XS:20|XS:20|S:10|M:10|L:10|XL:10"
271526,"2023-09-15 08:39:53.45","#HAA526",50.00,68.00,93.00,120.90,"2024-02-06","134702610","WH",4,,,,"","ALMA","HAA526A1",30075,1002,"2024-02-06","2024-03-06","USD",93.00,100,"3XS:20|2XS:20|XS:20|S:10|M:10|L:10|XL:10"
271527,"2023-09-15 08:39:53.45","#HAA527",50.00,68.00,93.00,120.90,"2024-02-06","134708664","WH",4,,,,"","ALMA","HAA527A1",30076,8002,"2024-02-06","2024-03-06","USD",93.00,100,"3XS:20|2XS:20|XS:20|S:10|M:10|L:10|XL:10"
271528,"2023-09-15 08:39:53.45","#HAA528",50.00,68.00,93.00,120.90,"2024-02-06","134708880","WH",4,,,,"","ALMA","HAA528A1",30077,6002,"2024-02-06","2024-03-06","USD",93.00,100,"3XS:20|2XS:20|XS:20|S:10|M:10|L:10|XL:10"
271529,"2023-09-15 08:39:53.45","#HAA529",50.00,68.00,93.00,120.90,"2024-02-06","134709065","WH",4,,,,"","ALMA","HAA529A1",30078,5002,"2024-02-06","2024-03-06","USD",93.00,100,"3XS:20|2XS:20|XS:20|S:10|M:10|L:10|XL:10"
271530,"2023-09-15 08:39:53.45","#HAA530",50.00,68.00,93.00,120.90,"2024-02-06","134702236","WH",4,,,,"","ALMA","HAA530A1",30013,4002,"2024-02-06","2024-03-06","USD",93.00,100,"3XS:20|2XS:20|XS:20|S:10|M:10|L:10|XL:10"
271531,"2023-09-15 08:39:53.45","#HAA531",50.00,68.00,93.00,120.90,"2024-02-06","134702464","WH",4,,,,"","ALMA","HAA531A1",30022,3002,"2024-02-06","2024-03-06","USD",93.00,100,"3XS:20|2XS:20|XS:20|S:10|M:10|L:10|XL:10"
271532,"2023-09-15 08:39:53.45","#HAA532",50.00,68.00,93.00,120.90,"2024-02-06","134702655","WH",4,,,,"","ALMA","HAA532A1",30025,1002,"2024-02-06","2024-03-06","USD",93.00,100,"3XS:20|2XS:20|XS:20|S:10|M:10|L:10|XL:10"
271533,"2023-09-15 08:39:53.45","#HAA533",50.00,68.00,93.00,120.90,"2024-02-06","134713187","WH",4,,,,"","ALMA","HAA533A1",30026,8002,"2024-02-06","2024-03-06","USD",93.00,100,"3XS:20|2XS:20|XS:20|S:10|M:10|L:10|XL:10"
271534,"2023-09-15 08:39:53.45","#HAA534",50.00,68.00,93.00,120.90,"2024-02-06","134713395","WH",4,,,,"","ALMA","HAA534A1",30027,6002,"2024-02-06","2024-03-06","USD",93.00,100,"3XS:20|2XS:20|XS:20|S:10|M:10|L:10|XL:10"
271535,"2023-09-15 08:39:53.45","#HAA535",50.00,68.00,93.00,120.90,"2024-02-06","134713596","WH",4,,,,"","ALMA","HAA535A1",30029,5002,"2024-02-06","2024-03-06","USD",93.00,100,"3XS:20|2XS:20|XS:20|S:10|M:10|L:10|XL:10"
271536,"2023-09-15 08:39:53.45","#HAA536",50.00,68.00,93.00,120.90,"2024-02-06","134711819","WH",4,,,,"","ALMA","HAA536A1",30045,4002,"2024-02-06","2024-03-06","USD",93.00,100,"3XS:20|2XS:20|XS:20|S:10|M:10|L:10|XL:10"
271537,"2023-09-15 08:39:53.45","#HAA537",50.00,68.00,93.00,120.90,"2024-02-06","134712041","WH",4,,,,"","ALMA","HAA537A1",30046,3002,"2024-02-06","2024-03-06","USD",93.00,100,"3XS:20|2XS:20|XS:20|S:10|M:10|L:10|XL:10"
271538,"2023-09-15 08:39:53.45","#HAA538",50.00,68.00,93.00,120.90,"2024-02-06","134712240","WH",4,,,,"","ALMA","HAA538A1",30047,1002,"2024-02-06","2024-03-06","USD",93.00,100,"3XS:20|2XS:20|XS:20|S:10|M:10|L:10|XL:10"
271539,"2023-09-15 08:39:53.45","#HAA539",50.00,68.00,93.00,120.90,"2024-02-06","134702154","WH",4,,,,"","ALMA","HAA539A1",30065,8002,"2024-02-06","2024-03-06","USD",93.00,100,"3XS:20|2XS:20|XS:20|S:10|M:10|L:10|XL:10"
271540,"2023-09-15 08:39:53.45","#HAA540",50.00,68.00,93.00,120.90,"2024-02-06","134702345","WH",4,,,,"","ALMA","HAA540A1",30066,6002,"2024-02-06","2024-03-06","USD",93.00,100,"3XS:20|2XS:20|XS:20|S:10|M:10|L:10|XL:10"
271541,"2023-09-15 08:39:53.45","#HAA541",50.00,68.00,93.00,120.90,"2024-02-06","134702561","WH",4,,,,"","ALMA","HAA541A1",30067,5002,"2024-02-06","2024-03-06","USD",93.00,100,"3XS:20|2XS:20|XS:20|S:10|M:10|L:10|XL:10"
271542,"2023-09-15 08:39:53.45","#HAA542",50.00,68.00,93.00,120.90,"2024-02-06","134707584","WH",4,,,,"","ALMA","HAA542A1",30068,4002,"2024-02-06","2024-03-06","USD",93.00,100,"3XS:20|2XS:20|XS:20|S:10|M:10|L:10|XL:10"
271543,"2023-09-15 08:39:53.45","#HAA543",50.00,68.00,93.00,120.90,"2024-02-06","134707674","WH",4,,,,"","ALMA","HAA543A1",30069,3002,"2024-02-06","2024-03-06","USD",93.00,100,"3XS:20|2XS:20|XS:20|S:10|M:10|L:10|XL:10"
271544,"2023-09-15 08:39:53.45","#HAA544",50.00,68.00,93.00,120.90,"2024-02-06","134707785","WH",4,,,,"","ALMA","HAA544A1",30070,1002,"2024-02-06","2024-03-06","USD",93.00,100,"3XS:20|2XS:20|XS:20|S:10|M:10|L:10|XL:10"
271545,"2023-09-15 08:39:53.45","#HAA545",50.00,68.00,93.00,120.90,"2024-02-06","134702136","WH",4,,,,"","ALMA","HAA545A1",30071,8002,"2024-02-06","2024-03-06","USD",93.00,100,"3XS:20|2XS:20|XS:20|S:10|M:10|L:10|XL:10"
271546,"2023-09-15 08:39:53.45","#HAA546",50.00,68.00,93.00,120.90,"2024-02-06","134702337","WH",4,,,,"","ALMA","HAA546A1",30072,6002,"2024-02-06","2024-03-06","USD",93.00,100,"3XS:20|2XS:20|XS:20|S:10|M:10|L:10|XL:10"
271547,"2023-09-15 08:39:53.45","#HAA547",50.00,68.00,93.00,120.90,"2024-02-06","134702522","WH",4,,,,"","ALMA","HAA547A1",30073,5002,"2024-02-06","2024-03-06","USD",93.00,100,"3XS:20|2XS:20|XS:20|S:10|M:10|L:10|XL:10"
271548,"2023-09-15 08:39:53.45","#HAA548",50.00,68.00,93.00,120.90,"2024-02-06","134712944","WH",4,,,,"","ALMA","HAA548A1",30074,4002,"2024-02-06","2024-03-06","USD",93.00,100,"3XS:20|2XS:20|XS:20|S:10|M:10|L:10|XL:10"
271549,"2023-09-15 08:39:53.45","#HAA549",50.00,68.00,93.00,120.90,"2024-02-06","134713122","WH",4,,,,"","ALMA","HAA549A1",30075,3002,"2024-02-06","2024-03-06","USD",93.00,100,"3XS:20|2XS:20|XS:20|S:10|M:10|L:10|XL:10"
271550,"2023-09-15 08:39:53.45","#HAA550",50.00,68.00,93.00,120.90,"2024-02-06","134713306","WH",4,,,,"","ALMA","HAA550A1",30076,1002,"2024-02-06","2024-03-06","USD",93.00,100,"3XS:20|2XS:20|XS:20|S:10|M:10|L:10|XL:10"
271551,"2023-09-15 08:39:53.45","#HAA551",50.00,68.00,93.00,120.90,"2024-02-06","134715097","WH",4,,,,"","ALMA","HAA551A1",30077,8002,"2024-02-06","2024-03-06","USD",93.00,100,"3XS:20|2XS:20|XS:20|S:10|M:10|L:10|XL:10"
271552,"2023-09-15 08:39:53.45","#HAA552",50.00,68.00,93.00,120.90,"2024-02-06","134715298","WH",4,,,,"","ALMA","HAA552A1",30078,6002,"2024-02-06","2024-03-06","USD",93.00,100,"3XS:20|2XS:20|XS:20|S:10|M:10|L:10|XL:10"
271553,"2023-09-15 08:39:53.45","#HAA553",50.00,68.00,93.00,120.90,"2024-02-06","134715473","WH",4,,,,"","ALMA","HAA553A1",30013,5002,"2024-02-06","2024-03-06","USD",93.00,100,"3XS:20|2XS:20|XS:20|S:10|M:10|L:10|XL:10"
271554,"2023-09-15 08:39:53.45","#HAA554",50.00,68.00,93.00,120.90,"2024-02-06","134705579","WH",4,,,,"","ALMA","HAA554A1",30022,4002,"2024-02-06","2024-03-06","USD",93.00,100,"3XS:20|2XS:20|XS:20|S:10|M:10|L:10|XL:10"
271555,"2023-09-15 08:39:53.45","#HAA555",50.00,68.00,93.00,120.90,"2024-02-06","134705837","WH",4,,,,"","ALMA","HAA555A1",30025,3002,"2024-02-06","2024-03-06","USD",93.00,100,"3XS:20|2XS:20|XS:20|S:10|M:10|L:10|XL:10"
271556,"2023-09-15 08:39:53.45","#HAA556",50.00,68.00,93.00,120.90,"2024-02-06","134706059","WH",4,,,,"","ALMA","HAA556A1",30026,1002,"2024-02-06","2024-03-06","USD",93.00,100,"3XS:20|2XS:20|XS:20|S:10|M:10|L:10|XL:10"
271557,"2023-09-15 08:39:53.45","#HAA557",50.00,68.00,93.00,120.90,"2024-02-06","134709280","WH",4,,,,"","ALMA","HAA557A1",30027,8002,"2024-02-06","2024-03-06","USD",93.00,100,"3XS:20|2XS:20|XS:20|S:10|M:10|L:10|XL:10"
271558,"2023-09-15 08:39:53.45","#HAA558",50.00,68.00,93.00,120.90,"2024-02-06","134709435","WH",4,,,,"","ALMA","HAA558A1",30029,6002,"2024-02-06","2024-03-06","USD",93.00,100,"3XS:20|2XS:20|XS:20|S:10|M:10|L:10|XL:10"
271559,"2023-09-15 08:39:53.45","#HAA559",50.00,68.00,93.00,120.90,"2024-02-06","134702857","WH",4,,,,"","ALMA","HAA559A1",30045,5002,"2024-02-06","2024-03-06","USD",93.00,100,"3XS:20|2XS:20|XS:20|S:10|M:10|L:10|XL:10"
271560,"2023-09-15 08:39:53.45","#HAA560",50.00,68.00,93.00,120.90,"2024-02-06","134703072","WH",4,,,,"","ALMA","HAA560A1",30046,4002,"2024-02-06","2024-03-06","USD",93.00,100,"3XS:20|2XS:20|XS:20|S:10|M:10|L:10|XL:10"
271561,"2023-09-15 08:39:53.45","#HAA561",50.00,68.00,93.00,120.90,"2024-02-06","134703282","WH",4,,,,"","ALMA","HAA561A1",30047,3002,"2024-02-06","2024-03-06","USD",93.00,100,"3XS:20|2XS:20|XS:20|S:10|M:10|L:10|XL:10"
271562,"2023-09-15 08:39:53.45","#HAA562",50.00,68.00,93.00,120.90,"2024-02-06","134713796","WH",4,,,,"","ALMA","HAA562A1",30065,1002,"2024-02-06","2024-03-06","USD",93.00,100,"3XS:20|2XS:20|XS:20|S:10|M:10|L:10|XL:10"
271563,"2023-09-15 08:39:53.45","#HAA563",50.00,68.00,93.00,120.90,"2024-02-06","134714011","WH",4,,,,"","ALMA","HAA563A1",30066,8002,"2024-02-06","2024-03-06","USD",93.00,100,"3XS:20|2XS:20|XS:20|S:10|M:10|L:10|XL:10"
271564,"2023-09-15 08:39:53.45","#HAA564",50.00,68.00,93.00,120.90,"2024-02-06","134714212","WH",4,,,,"","ALMA","HAA564A1",30067,6002,"2024-02-06","2024-03-06","USD",93.00,100,"3XS:20|2XS:20|XS:20|S:10|M:10|L:10|XL:10"
271565,"2023-09-15 08:39:53.45","#HAA565",50.00,68.00,93.00,120.90,"2024-02-06","134712441","WH",4,,,,"","ALMA","HAA565A1",30068,5002,"2024-02-06","2024-03-06","USD",93.00,100,"3XS:20|2XS:20|XS:20|S:10|M:10|L:10|XL:10"
271566,"2023-09-15 08:39:53.45","#HAA566",50.00,68.00,93.00,120.90,"2024-02-06","134712641","WH",4,,,,"","ALMA","HAA566A1",30069,4002,"2024-02-06","2024-03-06","USD",93.00,100,"3XS:20|2XS:20|XS:20|S:10|M:10|L:10|XL:10"
271567,"2023-09-15 08:39:53.45","#HAA567",50.00,68.00,93.00,120.90,"2024-02-06","134712840","WH",4,,,,"","ALMA","HAA567A1",30070,3002,"2024-02-06","2024-03-06","USD",93.00,100,"3XS:20|2XS:20|XS:20|S:10|M:10|L:10|XL:10"
271568,"2023-09-15 08:39:53.45","#HAA568",50.00,68.00,93.00,120.90,"2024-02-06","134713032","WH",4,,,,"","ALMA","HAA568A1",30071,1002,"2024-02-06","2024-03-06","USD",93.00,100,"3XS:20|2XS:20|XS:20|S:10|M:10|L:10|XL:10"
271569,"2023-09-15 08:39:53.45","#HAA569",50.00,68.00,93.00,120.90,"2024-02-06","134702719","WH",4,,,,"","ALMA","HAA569A1",30072,8002,"2024-02-06","2024-03-06","USD",93.00,100,"3XS:20|2XS:20|XS:20|S:10|M:10|L:10|XL:10"
271570,"2023-09-15 08:39:53.45","#HAA570",50.00,68.00,93.00,120.90,"2024-02-06","134702752","WH",4,,,,"","ALMA","HAA570A1",30073,6002,"2024-02-06","2024-03-06","USD",93.00,100,"3XS:20|2XS:20|XS:20|S:10|M:10|L:10|XL:10"
271571,"2023-09-15 08:39:53.45","#HAA571",50.00,68.00,93.00,120.90,"2024-02-06","134702920","WH",4,,,,"","ALMA","HAA571A1",30074,5002,"2024-02-06","2024-03-06","USD",93.00,100,"3XS:20|2XS:20|XS:20|S:10|M:10|L:10|XL:10"
271572,"2023-09-15 08:39:53.45","#HAA572",50.00,68.00,93.00,120.90,"2024-02-06","134707874","WH",4,,,,"","ALMA","HAA572A1",30075,4002,"2024-02-06","2024-03-06","USD",93.00,100,"3XS:20|2XS:20|XS:20|S:10|M:10|L:10|XL:10"
271573,"2023-09-15 08:39:53.45","#HAA573",50.00,68.00,93.00,120.90,"2024-02-06","134707977","WH",4,,,,"","ALMA","HAA573A1",30076,3002,"2024-02-06","2024-03-06","USD",93.00,100,"3XS:20|2XS:20|XS:20|S:10|M:10|L:10|XL:10"
271574,"2023-09-15 08:39:53.45","#HAA574",50.00,68.00,93.00,120.90,"2024-02-06","134708064","WH",4,,,,"","ALMA","HAA574A1",30077,1002,"2024-02-06","2024-03-06","USD",93.00,100,"3XS:20|2XS:20|XS:20|S:10|M:10|L:10|XL:10"
271575,"2023-09-15 08:39:53.45","#HAA575",50.00,68.00,93.00,120.90,"2024-02-06","134702730","WH",4,,,,"","ALMA","HAA575A1",30078,8002,"2024-02-06","2024-03-06","USD",93.00,100,"3XS:20|2XS:20|XS:20|S:10|M:10|L:10|XL:10"
271576,"2023-09-15 08:39:53.45","#HAA576",50.00,68.00,93.00,120.90,"2024-02-06","134702928","WH",4,,,,"","ALMA","HAA576A1",30013,6002,"2024-02-06","2024-03-06","USD",93.00,100,"3XS:20|2XS:20|XS:20|S:10|M:10|L:10|XL:10"
271577,"2023-09-15 08:39:53.45","#HAA577",50.00,68.00,93.00,120.90,"2024-02-06","134703127","WH",4,,,,"","ALMA","HAA577A1",30022,5002,"2024-02-06","2024-03-06","USD",93.00,100,"3XS:20|2XS:20|XS:20|S:10|M:10|L:10|XL:10"
271578,"2023-09-15 08:39:53.45","#HAA578",50.00,68.00,93.00,120.90,"2024-02-06","134713499","WH",4,,,,"","ALMA","HAA578A1",30025,4002,"2024-02-06","2024-03-06","USD",93.00,100,"3XS:20|2XS:20|XS:20|S:10|M:10|L:10|XL:10"
271579,"2023-09-15 08:39:53.45","#HAA579",50.00,68.00,93.00,120.90,"2024-02-06","134713696","WH",4,,,,"","ALMA","HAA579A1",30026,3002,"2024-02-06","2024-03-06","USD",93.00,100,"3XS:20|2XS:20|XS:20|S:10|M:10|L:10|XL:10"
271580,"2023-09-15 08:39:53.45","#HAA580",50.00,68.00,93.00,120.90,"2024-02-06","134713887","WH",4,,,,"","ALMA","HAA580A1",30027,1002,"2024-02-06","2024-03-06","USD",93.00,100,"3XS:20|2XS:20|XS:20|S:10|M:10|L:10|XL:10"
271581,"2023-09-15 08:39:53.45","#HAA581",50.00,68.00,93.00,120.90,"2024-02-06","134706282","WH",4,,,,"","ALMA","HAA581A1",30029,8002,"2024-02-06","2024-03-06","USD",93.00,100,"3XS:20|2XS:20|XS:20|S:10|M:10|L:10|XL:10"
271582,"2023-09-15 08:39:53.45","#HAA582",50.00,68.00,93.00,120.90,"2024-02-06","134706497","WH",4,,,,"","ALMA","HAA582A1",30045,6002,"2024-02-06","2024-03-06","USD",93.00,100,"3XS:20|2XS:20|XS:20|S:10|M:10|L:10|XL:10"
271583,"2023-09-15 08:39:53.45","#HAA583",50.00,68.00,93.00,120.90,"2024-02-06","134706725","WH",4,,,,"","ALMA","HAA583A1",30046,5002,"2024-02-06","2024-03-06","USD",93.00,100,"3XS:20|2XS:20|XS:20|S:10|M:10|L:10|XL:10"
271584,"2023-09-15 08:39:53.45","#HAA584",50.00,68.00,93.00,120.90,"2024-02-06","134706927","WH",4,,,,"","ALMA","HAA584A1",30047,4002,"2024-02-06","2024-03-06","USD",93.00,100,"3XS:20|2XS:20|XS:20|S:10|M:10|L:10|XL:10"
271585,"2023-09-15 08:39:53.45","#HAA585",50.00,68.00,93.00,120.90,"2024-02-06","134703489","WH",4,,,,"","ALMA","HAA585A1",30065,3002,"2024-02-06","2024-03-06","USD",93.00,100,"3XS:20|2XS:20|XS:20|S:10|M:10|L:10|XL:10"
271586,"2023-09-15 08:39:53.45","#HAA586",50.00,68.00,93.00,120.90,"2024-02-06","134703723","WH",4,,,,"","ALMA","HAA586A1",30066,1002,"2024-02-06","2024-03-06","USD",93.00,100,"3XS:20|2XS:20|XS:20|S:10|M:10|L:10|XL:10"
271587,"2023-09-15 08:39:53.45","#HAA587",50.00,68.00,93.00,120.90,"2024-02-06","134703954","WH",4,,,,"","ALMA","HAA587A1",30067,8002,"2024-02-06","2024-03-06","USD",93.00,100,"3XS:20|2XS:20|XS:20|S:10|M:10|L:10|XL:10"
271588,"2023-09-15 08:39:53.45","#HAA588",50.00,68.00,93.00,120.90,"2024-02-06","134704148","WH",4,,,,"","ALMA","HAA588A1",30068,6002,"2024-02-06","2024-03-06","USD",93.00,100,"3XS:20|2XS:20|XS:20|S:10|M:10|L:10|XL:10"
271589,"2023-09-15 08:39:53.45","#HAA589",50.00,68.00,93.00,120.90,"2024-02-06","134714381","WH",4,,,,"","ALMA","HAA589A1",30069,5002,"2024-02-06","2024-03-06","USD",93.00,100,"3XS:20|2XS:20|XS:20|S:10|M:10|L:10|XL:10"
271590,"2023-09-15 08:39:53.45","#HAA590",50.00,68.00,93.00,120.90,"2024-02-06","134714577","WH",4,,,,"","ALMA","HAA590A1",30070,4002,"2024-02-06","2024-03-06","USD",93.00,100,"3XS:20|2XS:20|XS:20|S:10|M:10|L:10|XL:10"
271591,"2023-09-15 08:39:53.45","#HAA591",50.00,68.00,93.00,120.90,"2024-02-06","134714806","WH",4,,,,"","ALMA","HAA591A1",30071,3002,"2024-02-06","2024-03-06","USD",93.00,100,"3XS:20|2XS:20|XS:20|S:10|M:10|L:10|XL:10"
271592,"2023-09-15 08:39:53.45","#HAA592",50.00,68.00,93.00,120.90,"2024-02-06","134715021","WH",4,,,,"","ALMA","HAA592A1",30072,1002,"2024-02-06","2024-03-06","USD",93.00,100,"3XS:20|2XS:20|XS:20|S:10|M:10|L:10|XL:10"
271593,"2023-09-15 08:39:53.45","#HAA593",50.00,68.00,93.00,120.90,"2024-02-06","134713232","WH",4,,,,"","ALMA","HAA593A1",30073,8002,"2024-02-06","2024-03-06","USD",93.00,100,"3XS:20|2XS:20|XS:20|S:10|M:10|L:10|XL:10"
271594,"2023-09-15 08:39:53.45","#HAA594",50.00,68.00,93.00,120.90,"2024-02-06","134713433","WH",4,,,,"","ALMA","HAA594A1",30074,6002,"2024-02-06","2024-03-06","USD",93.00,100,"3XS:20|2XS:20|XS:20|S:10|M:10|L:10|XL:10"
271595,"2023-09-15 08:39:53.45","#HAA595",50.00,68.00,93.00,120.90,"2024-02-06","134713636","WH",4,,,,"","ALMA","HAA595A1",30075,5002,"2024-02-06","2024-03-06","USD",93.00,100,"3XS:20|2XS:20|XS:20|S:10|M:10|L:10|XL:10"
271596,"2023-09-15 08:39:53.45","#HAA596",50.00,68.00,93.00,120.90,"2024-02-06","134702962","WH",4,,,,"","ALMA","HAA596A1",30076,4002,"2024-02-06","2024-03-06","USD",93.00,100,"3XS:20|2XS:20|XS:20|S:10|M:10|L:10|XL:10"
271597,"2023-09-15 08:39:53.45","#HAA597",50.00,68.00,93.00,120.90,"2024-02-06","134703128","WH",4,,,,"","ALMA","HAA597A1",30077,3002,"2024-02-06","2024-03-06","USD",93.00,100,"3XS:20|2XS:20|XS:20|S:10|M:10|L:10|XL:10"
271598,"2023-09-15 08:39:53.45","#HAA598",50.00,68.00,93.00,120.90,"2024-02-06","134703144","WH",4,,,,"","ALMA","HAA598A1",30078,1002,"2024-02-06","2024-03-06","USD",93.00,100,"3XS:20|2XS:20|XS:20|S:10|M:10|L:10|XL:10"
271599,"2023-09-15 08:39:53.45","#HAA599",50.00,68.00,93.00,120.90,"2024-02-06","134708183","WH",4,,,,"","ALMA","HAA599A1",30013,8002,"2024-02-06","2024-03-06","USD",93.00,100,"3XS:20|2XS:20|XS:20|S:10|M:10|L:10|XL:10"
271600,"2023-09-15 08:39:53.45","#HAA600",50.00,68.00,93.00,120.90,"2024-02-06","134708273","WH",4,,,,"","ALMA","HAA600A1",30022,6002,"2024-02-06","2024-03-06","USD",93.00,100,"3XS:20|2XS:20|XS:20|S:10|M:10|L:10|XL:10"
271601,"2023-09-15 08:39:53.45","#HAA601",50.00,68.00,93.00,120.90,"2024-02-06","134708375","WH",4,,,,"","ALMA","HAA601A1",30025,5002,"2024-02-06","2024-03-06","USD",93.00,100,"3XS:20|2XS:20|XS:20|S:10|M:10|L:10|XL:10"
271602,"2023-09-15 08:39:53.45","#HAA602",50.00,68.00,93.00,120.90,"2024-02-06","134703313","WH",4,,,,"","ALMA","HAA602A1",30026,4002,"2024-02-06","2024-03-06","USD",93.00,100,"3XS:20|2XS:20|XS:20|S:10|M:10|L:10|XL:10"
271603,"2023-09-15 08:39:53.45","#HAA603",50.00,68.00,93.00,120.90,"2024-02-06","134703488","WH",4,,,,"","ALMA","HAA603A1",30027,3002,"2024-02-06","2024-03-06","USD",93.00,100,"3XS:20|2XS:20|XS:20|S:10|M:10|L:10|XL:10"
271604,"2023-09-15 08:39:53.45","#HAA604",50.00,68.00,93.00,120.90,"2024-02-06","134703679","WH",4,,,,"","ALMA","HAA604A1",30029,1002,"2024-02-06","2024-03-06","USD",93.00,100,"3XS:20|2XS:20|XS:20|S:10|M:10|L:10|XL:10"
271605,"2023-09-15 08:39:53.45","#HAA605",50.00,68.00,93.00,120.90,"2024-02-06","134703880","WH",4,,,,"","ALMA","HAA605A1",30045,8002,"2024-02-06","2024-03-06","USD",93.00,100,"3XS:20|2XS:20|XS:20|S:10|M:10|L:10|XL:10"
271606,"2023-09-15 08:39:53.45","#HAA606",50.00,68.00,93.00,120.90,"2024-02-06","134714097","WH",4,,,,"","ALMA","HAA606A1",30046,6002,"2024-02-06","2024-03-06","USD",93.00,100,"3XS:20|2XS:20|XS:20|S:10|M:10|L:10|XL:10"
271607,"2023-09-15 08:39:53.45","#HAA607",50.00,68.00,93.00,120.90,"2024-02-06","134714288","WH",4,,,,"","ALMA","HAA607A1",30047,5002,"2024-02-06","2024-03-06","USD",93.00,100,"3XS:20|2XS:20|XS:20|S:10|M:10|L:10|XL:10"
271608,"2023-09-15 08:39:53.45","#HAA608",50.00,68.00,93.00,120.90,"2024-02-06","134714488","WH",4,,,,"","ALMA","HAA608A1",30065,4002,"2024-02-06","2024-03-06","USD",93.00,100,"3XS:20|2XS:20|XS:20|S:10|M:10|L:10|XL:10"
271609,"2023-09-15 08:39:53.45","#HAA609",50.00,68.00,93.00,120.90,"2024-02-06","134714695","WH",4,,,,"","ALMA","HAA609A1",30066,3002,"2024-02-06","2024-03-06","USD",93.00,100,"3XS:20|2XS:20|XS:20|S:10|M:10|L:10|XL:10"
271610,"2023-09-15 08:39:53.45","#HAA610",50.00,68.00,93.00,120.90,"2024-02-06","134707121","WH",4,,,,"","ALMA","HAA610A1",30067,1002,"2024-02-06","2024-03-06","USD",93.00,100,"3XS:20|2XS:20|XS:20|S:10|M:10|L:10|XL:10"
271611,"2023-09-15 08:39:53.45","#HAA611",50.00,68.00,93.00,120.90,"2024-02-06","134707350","WH",4,,,,"","ALMA","HAA611A1",30068,8002,"2024-02-06","2024-03-06","USD",93.00,100,"3XS:20|2XS:20|XS:20|S:10|M:10|L:10|XL:10"
271612,"2023-09-15 08:39:53.45","#HAA612",50.00,68.00,93.00,120.90,"2024-02-06","134707550","WH",4,,,,"","ALMA","HAA612A1",30069,6002,"2024-02-06","2024-03-06","USD",93.00,100,"3XS:20|2XS:20|XS:20|S:10|M:10|L:10|XL:10"
271613,"2023-09-15 08:39:53.45","#HAA613",50.00,68.00,93.00,120.90,"2024-02-06","134704362","WH",4,,,,"","ALMA","HAA613A1",30070,5002,"2024-02-06","2024-03-06","USD",93.00,100,"3XS:20|2XS:20|XS:20|S:10|M:10|L:10|XL:10"
271614,"2023-09-15 08:39:53.45","#HAA614",50.00,68.00,93.00,120.90,"2024-02-06","134704576","WH",4,,,,"","ALMA","HAA614A1",30071,4002,"2024-02-06","2024-03-06","USD",93.00,100,"3XS:20|2XS:20|XS:20|S:10|M:10|L:10|XL:10"
271615,"2023-09-15 08:39:53.45","#HAA615",50.00,68.00,93.00,120.90,"2024-02-06","134704776","WH",4,,,,"","ALMA","HAA615A1",30072,3002,"2024-02-06","2024-03-06","USD",93.00,100,"3XS:20|2XS:20|XS:20|S:10|M:10|L:10|XL:10"
271616,"2023-09-15 08:39:53.45","#HAA616",50.00,68.00,93.00,120.90,"2024-02-06","134715212","WH",4,,,,"","ALMA","HAA616A1",30073,1002,"2024-02-06","2024-03-06","USD",93.00,100,"3XS:20|2XS:20|XS:20|S:10|M:10|L:10|XL:10"
271617,"2023-09-15 08:39:53.45","#HAA617",50.00,68.00,93.00,120.90,"2024-02-06","134715403","WH",4,,,,"","ALMA","HAA617A1",30074,8002,"2024-02-06","2024-03-06","USD",93.00,100,"3XS:20|2XS:20|XS:20|S:10|M:10|L:10|XL:10"
271618,"2023-09-15 08:39:53.45","#HAA618",50.00,68.00,93.00,120.90,"2024-02-06","134713850","WH",4,,,,"","ALMA","HAA618A1",30075,6002,"2024-02-06","2024-03-06","USD",93.00,100,"3XS:20|2XS:20|XS:20|S:10|M:10|L:10|XL:10"
271619,"2023-09-15 08:39:53.45","#HAA619",50.00,68.00,93.00,120.90,"2024-02-06","134714050","WH",4,,,,"","ALMA","HAA619A1",30076,5002,"2024-02-06","2024-03-06","USD",93.00,100,"3XS:20|2XS:20|XS:20|S:10|M:10|L:10|XL:10"
271620,"2023-09-15 08:39:53.45","#HAA620",50.00,68.00,93.00,120.90,"2024-02-06","134714257","WH",4,,,,"","ALMA","HAA620A1",30077,4002,"2024-02-06","2024-03-06","USD",93.00,100,"3XS:20|2XS:20|XS:20|S:10|M:10|L:10|XL:10"
271621,"2023-09-15 08:39:53.45","#HAA621",50.00,68.00,93.00,120.90,"2024-02-06","134703328","WH",4,,,,"","ALMA","HAA621A1",30078,3002,"2024-02-06","2024-03-06","USD",93.00,100,"3XS:20|2XS:20|XS:20|S:10|M:10|L:10|XL:10"
271622,"2023-09-15 08:39:53.45","#HAA622",50.00,68.00,93.00,120.90,"2024-02-06","134703354","WH",4,,,,"","ALMA","HAA622A1",30013,1002,"2024-02-06","2024-03-06","USD",93.00,100,"3XS:20|2XS:20|XS:20|S:10|M:10|L:10|XL:10"
271623,"2023-09-15 08:39:53.45","#HAA623",50.00,68.00,93.00,120.90,"2024-02-06","134703537","WH",4,,,,"","ALMA","HAA623A1",30022,8002,"2024-02-06","2024-03-06","USD",93.00,100,"3XS:20|2XS:20|XS:20|S:10|M:10|L:10|XL:10"
271624,"2023-09-15 08:39:53.45","#HAA624",50.00,68.00,93.00,120.90,"2024-02-06","134703552","WH",4,,,,"","ALMA","HAA624A1",30025,6002,"2024-02-06","2024-03-06","USD",93.00,100,"3XS:20|2XS:20|XS:20|S:10|M:10|L:10|XL:10"
271625,"2023-09-15 08:39:53.45","#HAA625",50.00,68.00,93.00,120.90,"2024-02-06","134708471","WH",4,,,,"","ALMA","HAA625A1",30026,5002,"2024-02-06","2024-03-06","USD",93.00,100,"3XS:20|2XS:20|XS:20|S:10|M:10|L:10|XL:10"
271626,"2023-09-15 08:39:53.45","#HAA626",50.00,68.00,93.00,120.90,"2024-02-06","134708559","WH",4,,,,"","ALMA","HAA626A1",30027,4002,"2024-02-06","2024-03-06","USD",93.00,100,"3XS:20|2XS:20|XS:20|S:10|M:10|L:10|XL:10"
271627,"2023-09-15 08:39:53.45","#HAA627",50.00,68.00,93.00,120.90,"2024-02-06","134708649","WH",4,,,,"","ALMA","HAA627A1",30029,3002,"2024-02-06","2024-03-06","USD",93.00,100,"3XS:20|2XS:20|XS:20|S:10|M:10|L:10|XL:10"
271628,"2023-09-15 08:39:53.45","#HAA628",50.00,68.00,93.00,120.90,"2024-02-06","134708758","WH",4,,,,"","ALMA","HAA628A1",30045,1002,"2024-02-06","2024-03-06","USD",93.00,100,"3XS:20|2XS:20|XS:20|S:10|M:10|L:10|XL:10"
271629,"2023-09-15 08:39:53.45","#HAA629",50.00,68.00,93.00,120.90,"2024-02-06","134704079","WH",4,,,,"","ALMA","HAA629A1",30046,8002,"2024-02-06","2024-03-06","USD",93.00,100,"3XS:20|2XS:20|XS:20|S:10|M:10|L:10|XL:10"
271630,"2023-09-15 08:39:53.45","#HAA630",50.00,68.00,93.00,120.90,"2024-02-06","134704280","WH",4,,,,"","ALMA","HAA630A1",30047,6002,"2024-02-06","2024-03-06","USD",93.00,100,"3XS:20|2XS:20|XS:20|S:10|M:10|L:10|XL:10"
271631,"2023-09-15 08:39:53.45","#HAA631",50.00,68.00,93.00,120.90,"2024-02-06","134704479","WH",4,,,,"","ALMA","HAA631A1",30065,5002,"2024-02-06","2024-03-06","USD",93.00,100,"3XS:20|2XS:20|XS:20|S:10|M:10|L:10|XL:10"
271632,"2023-09-15 08:39:53.45","#HAA632",50.00,68.00,93.00,120.90,"2024-02-06","134714897","WH",4,,,,"","ALMA","HAA632A1",30066,4002,"2024-02-06","2024-03-06","USD",93.00,100,"3XS:20|2XS:20|XS:20|S:10|M:10|L:10|XL:10"
271633,"2023-09-15 08:39:53.45","#HAA633",50.00,68.00,93.00,120.90,"2024-02-06","134715089","WH",4,,,,"","ALMA","HAA633A1",30067,3002,"2024-02-06","2024-03-06","USD",93.00,100,"3XS:20|2XS:20|XS:20|S:10|M:10|L:10|XL:10"
271634,"2023-09-15 08:39:53.45","#HAA634",50.00,68.00,93.00,120.90,"2024-02-06","134715297","WH",4,,,,"","ALMA","HAA634A1",30068,1002,"2024-02-06","2024-03-06","USD",93.00,100,"3XS:20|2XS:20|XS:20|S:10|M:10|L:10|XL:10"
271635,"2023-09-15 08:39:53.45","#HAA635",50.00,68.00,93.00,120.90,"2024-02-06","134707760","WH",4,,,,"","ALMA","HAA635A1",30069,8002,"2024-02-06","2024-03-06","USD",93.00,100,"3XS:20|2XS:20|XS:20|S:10|M:10|L:10|XL:10"
271636,"2023-09-15 08:39:53.45","#HAA636",50.00,68.00,93.00,120.90,"2024-02-06","134707962","WH",4,,,,"","ALMA","HAA636A1",30070,6002,"2024-02-06","2024-03-06","USD",93.00,100,"3XS:20|2XS:20|XS:20|S:10|M:10|L:10|XL:10"
271637,"2023-09-15 08:39:53.45","#HAA637",50.00,68.00,93.00,120.90,"2024-02-06","134708184","WH",4,,,,"","ALMA","HAA637A1",30071,5002,"2024-02-06","2024-03-06","USD",93.00,100,"3XS:20|2XS:20|XS:20|S:10|M:10|L:10|XL:10"
271638,"2023-09-15 08:39:53.45","#HAA638",50.00,68.00,93.00,120.90,"2024-02-06","134704979","WH",4,,,,"","ALMA","HAA638A1",30072,4002,"2024-02-06","2024-03-06","USD",93.00,100,"3XS:20|2XS:20|XS:20|S:10|M:10|L:10|XL:10"
271639,"2023-09-15 08:39:53.45","#HAA639",50.00,68.00,93.00,120.90,"2024-02-06","134705188","WH",4,,,,"","ALMA","HAA639A1",30073,3002,"2024-02-06","2024-03-06","USD",93.00,100,"3XS:20|2XS:20|XS:20|S:10|M:10|L:10|XL:10"
271640,"2023-09-15 08:39:53.45","#HAA640",50.00,68.00,93.00,120.90,"2024-02-06","134705403","WH",4,,,,"","ALMA","HAA640A1",30074,1002,"2024-02-06","2024-03-06","USD",93.00,100,"3XS:20|2XS:20|XS:20|S:10|M:10|L:10|XL:10"
271641,"2023-09-15 08:39:53.45","#HAA641",50.00,68.00,93.00,120.90,"2024-02-06","134714479","WH",4,,,,"","ALMA","HAA641A1",30075,8002,"2024-02-06","2024-03-06","USD",93.00,100,"3XS:20|2XS:20|XS:20|S:10|M:10|L:10|XL:10"
271642,"2023-09-15 08:39:53.45","#HAA642",50.00,68.00,93.00,120.90,"2024-02-06","134714679","WH",4,,,,"","ALMA","HAA642A1",30076,6002,"2024-02-06","2024-03-06","USD",93.00,100,"3XS:20|2XS:20|XS:20|S:10|M:10|L:10|XL:10"
271643,"2023-09-15 08:39:53.45","#HAA643",50.00,68.00,93.00,120.90,"2024-02-06","134714851","WH",4,,,,"","ALMA","HAA643A1",30077,5002,"2024-02-06","2024-03-06","USD",93.00,100,"3XS:20|2XS:20|XS:20|S:10|M:10|L:10|XL:10"
271644,"2023-09-15 08:39:53.45","#HAA644",50.00,68.00,93.00,120.90,"2024-02-06","134703701","WH",4,,,,"","ALMA","HAA644A1",30078,4002,"2024-02-06","2024-03-06","USD",93.00,100,"3XS:20|2XS:20|XS:20|S:10|M:10|L:10|XL:10"
271645,"2023-09-15 08:39:53.45","#HAA645",50.00,68.00,93.00,120.90,"2024-02-06","134703777","WH",4,,,,"","ALMA","HAA645A1",30013,3002,"2024-02-06","2024-03-06","USD",93.00,100,"3XS:20|2XS:20|XS:20|S:10|M:10|L:10|XL:10"
271646,"2023-09-15 08:39:53.45","#HAA646",50.00,68.00,93.00,120.90,"2024-02-06","134703922","WH",4,,,,"","ALMA","HAA646A1",30022,1002,"2024-02-06","2024-03-06","USD",93.00,100,"3XS:20|2XS:20|XS:20|S:10|M:10|L:10|XL:10"
271647,"2023-09-15 08:39:53.45","#HAA647",50.00,68.00,93.00,120.90,"2024-02-06","134708881","WH",4,,,,"","ALMA","HAA647A1",30025,8002,"2024-02-06","2024-03-06","USD",93.00,100,"3XS:20|2XS:20|XS:20|S:10|M:10|L:10|XL:10"
271648,"2023-09-15 08:39:53.45","#HAA648",50.00,68.00,93.00,120.90,"2024-02-06","134708957","WH",4,,,,"","ALMA","HAA648A1",30026,6002,"2024-02-06","2024-03-06","USD",93.00,100,"3XS:20|2XS:20|XS:20|S:10|M:10|L:10|XL:10"
271649,"2023-09-15 08:39:53.45","#HAA649",50.00,68.00,93.00,120.90,"2024-02-06","134709064","WH",4,,,,"","ALMA","HAA649A1",30027,5002,"2024-02-06","2024-03-06","USD",93.00,100,"3XS:20|2XS:20|XS:20|S:10|M:10|L:10|XL:10"
271650,"2023-09-15 08:39:53.45","#HAA650",50.00,68.00,93.00,120.90,"2024-02-06","134704679","WH",4,,,,"","ALMA","HAA650A1",30029,4002,"2024-02-06","2024-03-06","USD",93.00,100,"3XS:20|2XS:20|XS:20|S:10|M:10|L:10|XL:10"
271651,"2023-09-15 08:39:53.45","#HAA651",50.00,68.00,93.00,120.90,"2024-02-06","134704878","WH",4,,,,"","ALMA","HAA651A1",30045,3002,"2024-02-06","2024-03-06","USD",93.00,100,"3XS:20|2XS:20|XS:20|S:10|M:10|L:10|XL:10"
271652,"2023-09-15 08:39:53.45","#HAA652",50.00,68.00,93.00,120.90,"2024-02-06","134705071","WH",4,,,,"","ALMA","HAA652A1",30046,1002,"2024-02-06","2024-03-06","USD",93.00,100,"3XS:20|2XS:20|XS:20|S:10|M:10|L:10|XL:10"
271653,"2023-09-15 08:39:53.45","#HAA653",50.00,68.00,93.00,120.90,"2024-02-06","134715474","WH",4,,,,"","ALMA","HAA653A1",30047,8002,"2024-02-06","2024-03-06","USD",93.00,100,"3XS:20|2XS:20|XS:20|S:10|M:10|L:10|XL:10"
271654,"2023-09-15 08:39:53.45","#HAA654",50.00,68.00,93.00,120.90,"2024-02-06","134708394","WH",4,,,,"","ALMA","HAA654A1",30065,6002,"2024-02-06","2024-03-06","USD",93.00,100,"3XS:20|2XS:20|XS:20|S:10|M:10|L:10|XL:10"
271655,"2023-09-15 08:39:53.45","#HAA655",50.00,68.00,93.00,120.90,"2024-02-06","134708609","WH",4,,,,"","ALMA","HAA655A1",30066,5002,"2024-02-06","2024-03-06","USD",93.00,100,"3XS:20|2XS:20|XS:20|S:10|M:10|L:10|XL:10"
271656,"2023-09-15 08:39:53.45","#HAA656",50.00,68.00,93.00,120.90,"2024-02-06","134708818","WH",4,,,,"","ALMA","HAA656A1",30067,4002,"2024-02-06","2024-03-06","USD",93.00,100,"3XS:20|2XS:20|XS:20|S:10|M:10|L:10|XL:10"
271657,"2023-09-15 08:39:53.45","#HAA657",50.00,68.00,93.00,120.90,"2024-02-06","134705613","WH",4,,,,"","ALMA","HAA657A1",30068,3002,"2024-02-06","2024-03-06","USD",93.00,100,"3XS:20|2XS:20|XS:20|S:10|M:10|L:10|XL:10"
271658,"2023-09-15 08:39:53.45","#HAA658",50.00,68.00,93.00,120.90,"2024-02-06","134705820","WH",4,,,,"","ALMA","HAA658A1",30069,1002,"2024-02-06","2024-03-06","USD",93.00,100,"3XS:20|2XS:20|XS:20|S:10|M:10|L:10|XL:10"
271659,"2023-09-15 08:39:53.45","#HAA659",50.00,68.00,93.00,120.90,"2024-02-06","134706020","WH",4,,,,"","ALMA","HAA659A1",30070,8002,"2024-02-06","2024-03-06","USD",93.00,100,"3XS:20|2XS:20|XS:20|S:10|M:10|L:10|XL:10"
271660,"2023-09-15 08:39:53.45","#HAA660",50.00,68.00,93.00,120.90,"2024-02-06","134715050","WH",4,,,,"","ALMA","HAA660A1",30071,6002,"2024-02-06","2024-03-06","USD",93.00,100,"3XS:20|2XS:20|XS:20|S:10|M:10|L:10|XL:10"
271661,"2023-09-15 08:39:53.45","#HAA661",50.00,68.00,93.00,120.90,"2024-02-06","134715265","WH",4,,,,"","ALMA","HAA661A1",30072,5002,"2024-02-06","2024-03-06","USD",93.00,100,"3XS:20|2XS:20|XS:20|S:10|M:10|L:10|XL:10"
271662,"2023-09-15 08:39:53.45","#HAA662",50.00,68.00,93.00,120.90,"2024-02-06","134715470","WH",4,,,,"","ALMA","HAA662A1",30073,4002,"2024-02-06","2024-03-06","USD",93.00,100,"3XS:20|2XS:20|XS:20|S:10|M:10|L:10|XL:10"
271663,"2023-09-15 08:39:53.45","#HAA663",50.00,68.00,93.00,120.90,"2024-02-06","134703970","WH",4,,,,"","ALMA","HAA663A1",30074,3002,"2024-02-06","2024-03-06","USD",93.00,100,"3XS:20|2XS:20|XS:20|S:10|M:10|L:10|XL:10"
271664,"2023-09-15 08:39:53.45","#HAA664",50.00,68.00,93.00,120.90,"2024-02-06","134704123","WH",4,,,,"","ALMA","HAA664A1",30075,1002,"2024-02-06","2024-03-06","USD",93.00,100,"3XS:20|2XS:20|XS:20|S:10|M:10|L:10|XL:10"
271665,"2023-09-15 08:39:53.45","#HAA665",50.00,68.00,93.00,120.90,"2024-02-06","134704140","WH",4,,,,"","ALMA","HAA665A1",30076,8002,"2024-02-06","2024-03-06","USD",93.00,100,"3XS:20|2XS:20|XS:20|S:10|M:10|L:10|XL:10"
271666,"2023-09-15 08:39:53.45","#HAA666",50.00,68.00,93.00,120.90,"2024-02-06","134709158","WH",4,,,,"","ALMA","HAA666A1",30077,6002,"2024-02-06","2024-03-06","USD",93.00,100,"3XS:20|2XS:20|XS:20|S:10|M:10|L:10|XL:10"
271667,"2023-09-15 08:39:53.45","#HAA667",50.00,68.00,93.00,120.90,"2024-02-06","134709281","WH",4,,,,"","ALMA","HAA667A1",30078,5002,"2024-02-06","2024-03-06","USD",93.00,100,"3XS:20|2XS:20|XS:20|S:10|M:10|L:10|XL:10"
271668,"2023-09-15 08:39:53.45","#HAA668",50.00,68.00,93.00,120.90,"2024-02-06","134709357","WH",4,,,,"","ALMA","HAA668A1",30013,4002,"2024-02-06","2024-03-06","USD",93.00,100,"3XS:20|2XS:20|XS:20|S:10|M:10|L:10|XL:10"
271669,"2023-09-15 08:39:53.45","#HAA669",50.00,68.00,93.00,120.90,"2024-02-06","134705271","WH",4,,,,"","ALMA","HAA669A1",30022,3002,"2024-02-06","2024-03-06","USD",93.00,100,"3XS:20|2XS:20|XS:20|S:10|M:10|L:10|XL:10"
271670,"2023-09-15 08:39:53.45","#HAA670",50.00,68.00,93.00,120.90,"2024-02-06","134705473","WH",4,,,,"","ALMA","HAA670A1",30025,1002,"2024-02-06","2024-03-06","USD",93.00,100,"3XS:20|2XS:20|XS:20|S:10|M:10|L:10|XL:10"
271671,"2023-09-15 08:39:53.45","#HAA671",50.00,68.00,93.00,120.90,"2024-02-06","134705651","WH",4,,,,"","ALMA","HAA671A1",30026,8002,"2024-02-06","2024-03-06","USD",93.00,100,"3XS:20|2XS:20|XS:20|S:10|M:10|L:10|XL:10"
271672,"2023-09-15 08:39:53.45","#HAA672",50.00,68.00,93.00,120.90,"2024-02-06","134709035","WH",4,,,,"","ALMA","HAA672A1",30027,6002,"2024-02-06","2024-03-06","USD",93.00,100,"3XS:20|2XS:20|XS:20|S:10|M:10|L:10|XL:10"
271673,"2023-09-15 08:39:53.45","#HAA673",50.00,68.00,93.00,120.90,"2024-02-06","134709257","WH",4,,,,"","ALMA","HAA673A1",30029,5002,"2024-02-06","2024-03-06","USD",93.00,100,"3XS:20|2XS:20|XS:20|S:10|M:10|L:10|XL:10"
271674,"2023-09-15 08:39:53.45","#HAA674",50.00,68.00,93.00,120.90,"2024-02-06","134709458","WH",4,,,,"","ALMA","HAA674A1",30045,4002,"2024-02-06","2024-03-06","USD",93.00,100,"3XS:20|2XS:20|XS:20|S:10|M:10|L:10|XL:10"
271675,"2023-09-15 08:39:53.45","#HAA675",50.00,68.00,93.00,120.90,"2024-02-06","134709660","WH",4,,,,"","ALMA","HAA675A1",30046,3002,"2024-02-06","2024-03-06","USD",93.00,100,"3XS:20|2XS:20|XS:20|S:10|M:10|L:10|XL:10"
271676,"2023-09-15 08:39:53.45","#HAA676",50.00,68.00,93.00,120.90,"2024-02-06","134706228","WH",4,,,,"","ALMA","HAA676A1",30047,1002,"2024-02-06","2024-03-06","USD",93.00,100,"3XS:20|2XS:20|XS:20|S:10|M:10|L:10|XL:10"
271677,"2023-09-15 08:39:53.45","#HAA677",50.00,68.00,93.00,120.90,"2024-02-06","134706430","WH",4,,,,"","ALMA","HAA677A1",30065,8002,"2024-02-06","2024-03-06","USD",93.00,100,"3XS:20|2XS:20|XS:20|S:10|M:10|L:10|XL:10"
271678,"2023-09-15 08:39:53.45","#HAA678",50.00,68.00,93.00,120.90,"2024-02-06","134706638","WH",4,,,,"","ALMA","HAA678A1",30066,6002,"2024-02-06","2024-03-06","USD",93.00,100,"3XS:20|2XS:20|XS:20|S:10|M:10|L:10|XL:10"
271679,"2023-09-15 08:39:53.45","#HAA679",50.00,68.00,93.00,120.90,"2024-02-06","134706875","WH",4,,,,"","ALMA","HAA679A1",30067,5002,"2024-02-06","2024-03-06","USD",93.00,100,"3XS:20|2XS:20|XS:20|S:10|M:10|L:10|XL:10"
271680,"2023-09-15 08:39:53.45","#HAA680",50.00,68.00,93.00,120.90,"2024-02-06","134704337","WH",4,,,,"","ALMA","HAA680A1",30068,4002,"2024-02-06","2024-03-06","USD",93.00,100,"3XS:20|2XS:20|XS:20|S:10|M:10|L:10|XL:10"
271681,"2023-09-15 08:39:53.45","#HAA681",50.00,68.00,93.00,120.90,"2024-02-06","134704336","WH",4,,,,"","ALMA","HAA681A1",30069,3002,"2024-02-06","2024-03-06","USD",93.00,100,"3XS:20|2XS:20|XS:20|S:10|M:10|L:10|XL:10"
271682,"2023-09-15 08:39:53.45","#HAA682",50.00,68.00,93.00,120.90,"2024-02-06","134704535","WH",4,,,,"","ALMA","HAA682A1",30070,1002,"2024-02-06","2024-03-06","USD",93.00,100,"3XS:20|2XS:20|XS:20|S:10|M:10|L:10|XL:10"
271683,"2023-09-15 08:39:53.45","#HAA683",50.00,68.00,93.00,120.90,"2024-02-06","134709443","WH",4,,,,"","ALMA","HAA683A1",30071,8002,"2024-02-06","2024-03-06","USD",93.00,100,"3XS:20|2XS:20|XS:20|S:10|M:10|L:10|XL:10"
271684,"2023-09-15 08:39:53.45","#HAA684",50.00,68.00,93.00,120.90,"2024-02-06","134709557","WH",4,,,,"","ALMA","HAA684A1",30072,6002,"2024-02-06","2024-03-06","USD",93.00,100,"3XS:20|2XS:20|XS:20|S:10|M:10|L:10|XL:10"
271685,"2023-09-15 08:39:53.45","#HAA685",50.00,68.00,93.00,120.90,"2024-02-06","134705835","WH",4,,,,"","ALMA","HAA685A1",30073,5002,"2024-02-06","2024-03-06","USD",93.00,100,"3XS:20|2XS:20|XS:20|S:10|M:10|L:10|XL:10"
271686,"2023-09-15 08:39:53.45","#HAA686",50.00,68.00,93.00,120.90,"2024-02-06","134706036","WH",4,,,,"","ALMA","HAA686A1",30074,4002,"2024-02-06","2024-03-06","USD",93.00,100,"3XS:20|2XS:20|XS:20|S:10|M:10|L:10|XL:10"
271687,"2023-09-15 08:39:53.45","#HAA687",50.00,68.00,93.00,120.90,"2024-02-06","134706229","WH",4,,,,"","ALMA","HAA687A1",30075,3002,"2024-02-06","2024-03-06","USD",93.00,100,"3XS:20|2XS:20|XS:20|S:10|M:10|L:10|XL:10"
271688,"2023-09-15 08:39:53.45","#HAA688",50.00,68.00,93.00,120.90,"2024-02-06","134706429","WH",4,,,,"","ALMA","HAA688A1",30076,1002,"2024-02-06","2024-03-06","USD",93.00,100,"3XS:20|2XS:20|XS:20|S:10|M:10|L:10|XL:10"
271689,"2023-09-15 08:39:53.45","#HAA689",50.00,68.00,93.00,120.90,"2024-02-06","134709913","WH",4,,,,"","ALMA","HAA689A1",30077,8002,"2024-02-06","2024-03-06","USD",93.00,100,"3XS:20|2XS:20|XS:20|S:10|M:10|L:10|XL:10"
271690,"2023-09-15 08:39:53.45","#HAA690",50.00,68.00,93.00,120.90,"2024-02-06","134710114","WH",4,,,,"","ALMA","HAA690A1",30078,6002,"2024-02-06","2024-03-06","USD",93.00,100,"3XS:20|2XS:20|XS:20|S:10|M:10|L:10|XL:10"
271691,"2023-09-15 08:39:53.45","#HAA691",50.00,68.00,93.00,120.90,"2024-02-06","134710321","WH",4,,,,"","ALMA","HAA691A1",30013,5002,"2024-02-06","2024-03-06","USD",93.00,100,"3XS:20|2XS:20|XS:20|S:10|M:10|L:10|XL:10"
271692,"2023-09-15 08:39:53.45","#HAA692",50.00,68.00,93.00,120.90,"2024-02-06","134707096","WH",4,,,,"","ALMA","HAA692A1",30022,4002,"2024-02-06","2024-03-06","USD",93.00,100,"3XS:20|2XS:20|XS:20|S:10|M:10|L:10|XL:10"
271693,"2023-09-15 08:39:53.45","#HAA693",50.00,68.00,93.00,120.90,"2024-02-06","134707299","WH",4,,,,"","ALMA","HAA693A1",30025,3002,"2024-02-06","2024-03-06","USD",93.00,100,"3XS:20|2XS:20|XS:20|S:10|M:10|L:10|XL:10"
271694,"2023-09-15 08:39:53.45","#HAA694",50.00,68.00,93.00,120.90,"2024-02-06","134707506","WH",4,,,,"","ALMA","HAA694A1",30026,1002,"2024-02-06","2024-03-06","USD",93.00,100,"3XS:20|2XS:20|XS:20|S:10|M:10|L:10|XL:10"
271695,"2023-09-15 08:39:53.45","#HAA695",50.00,68.00,93.00,120.90,"2024-02-06","134704536","WH",4,,,,"","ALMA","HAA695A1",30027,8002,"2024-02-06","2024-03-06","USD",93.00,100,"3XS:20|2XS:20|XS:20|S:10|M:10|L:10|XL:10"
271696,"2023-09-15 08:39:53.45","#HAA696",50.00,68.00,93.00,120.90,"2024-02-06","134704735","WH",4,,,,"","ALMA","HAA696A1",30029,6002,"2024-02-06","2024-03-06","USD",93.00,100,"3XS:20|2XS:20|XS:20|S:10|M:10|L:10|XL:10"
271697,"2023-09-15 08:39:53.45","#HAA697",50.00,68.00,93.00,120.90,"2024-02-06","134704736","WH",4,,,,"","ALMA","HAA697A1",30045,5002,"2024-02-06","2024-03-06","USD",93.00,100,"3XS:20|2XS:20|XS:20|S:10|M:10|L:10|XL:10"
271698,"2023-09-15 08:39:53.45","#HAA698",50.00,68.00,93.00,120.90,"2024-02-06","134704943","WH",4,,,,"","ALMA","HAA698A1",30046,4002,"2024-02-06","2024-03-06","USD",93.00,100,"3XS:20|2XS:20|XS:20|S:10|M:10|L:10|XL:10"
271699,"2023-09-15 08:39:53.45","#HAA699",50.00,68.00,93.00,120.90,"2024-02-06","134706621","WH",4,,,,"","ALMA","HAA699A1",30047,3002,"2024-02-06","2024-03-06","USD",93.00,100,"3XS:20|2XS:20|XS:20|S:10|M:10|L:10|XL:10"
271700,"2023-09-15 08:39:53.45","#HAA700",50.00,68.00,93.00,120.90,"2024-02-06","134706816","WH",4,,,,"","ALMA","HAA700A1",30065,1002,"2024-02-06","2024-03-06","USD",93.00,100,"3XS:20|2XS:20|XS:20|S:10|M:10|L:10|XL:10"
271701,"2023-09-15 08:39:53.45","#HAA701",50.00,68.00,93.00,120.90,"2024-02-06","134707009","WH",4,,,,"","ALMA","HAA701A1",30066,8002,"2024-02-06","2024-03-06","USD",93.00,100,"3XS:20|2XS:20|XS:20|S:10|M:10|L:10|XL:10"
271702,"2023-09-15 08:39:53.45","#HAA702",50.00,68.00,93.00,120.90,"2024-02-06","134710542","WH",4,,,,"","ALMA","HAA702A1",30067,6002,"2024-02-06","2024-03-06","USD",93.00,100,"3XS:20|2XS:20|XS:20|S:10|M:10|L:10|XL:10"
271703,"2023-09-15 08:39:53.45","#HAA703",50.00,68.00,93.00,120.90,"2024-02-06","134710745","WH",4,,,,"","ALMA","HAA703A1",30068,5002,"2024-02-06","2024-03-06","USD",93.00,100,"3XS:20|2XS:20|XS:20|S:10|M:10|L:10|XL:10"
271704,"2023-09-15 08:39:53.45","#HAA704",50.00,68.00,93.00,120.90,"2024-02-06","134710952","WH",4,,,,"","ALMA","HAA704A1",30069,4002,"2024-02-06","2024-03-06","USD",93.00,100,"3XS:20|2XS:20|XS:20|S:10|M:10|L:10|XL:10"
271705,"2023-09-15 08:39:53.45","#HAA705",50.00,68.00,93.00,120.90,"2024-02-06","134707721","WH",4,,,,"","ALMA","HAA705A1",30070,3002,"2024-02-06","2024-03-06","USD",93.00,100,"3XS:20|2XS:20|XS:20|S:10|M:10|L:10|XL:10"
271706,"2023-09-15 08:39:53.45","#HAA706",50.00,68.00,93.00,120.90,"2024-02-06","134707928","WH",4,,,,"","ALMA","HAA706A1",30071,1002,"2024-02-06","2024-03-06","USD",93.00,100,"3XS:20|2XS:20|XS:20|S:10|M:10|L:10|XL:10"
271707,"2023-09-15 08:39:53.45","#HAA707",50.00,68.00,93.00,120.90,"2024-02-06","134708138","WH",4,,,,"","ALMA","HAA707A1",30072,8002,"2024-02-06","2024-03-06","USD",93.00,100,"3XS:20|2XS:20|XS:20|S:10|M:10|L:10|XL:10"
271708,"2023-09-15 08:39:53.45","#HAA708",50.00,68.00,93.00,120.90,"2024-02-06","134707465","WH",4,,,,"","ALMA","HAA708A1",30073,6002,"2024-02-06","2024-03-06","USD",93.00,100,"3XS:20|2XS:20|XS:20|S:10|M:10|L:10|XL:10"
271709,"2023-09-15 08:39:53.45","#HAA709",50.00,68.00,93.00,120.90,"2024-02-06","134707663","WH",4,,,,"","ALMA","HAA709A1",30074,5002,"2024-02-06","2024-03-06","USD",93.00,100,"3XS:20|2XS:20|XS:20|S:10|M:10|L:10|XL:10"
271710,"2023-09-15 08:39:53.45","#HAA710",50.00,68.00,93.00,120.90,"2024-02-06","134707864","WH",4,,,,"","ALMA","HAA710A1",30075,4002,"2024-02-06","2024-03-06","USD",93.00,100,"3XS:20|2XS:20|XS:20|S:10|M:10|L:10|XL:10"
271711,"2023-09-15 08:39:53.45","#HAA711",50.00,68.00,93.00,120.90,"2024-02-06","134707918","WH",4,,,,"","ALMA","HAA711A1",30076,3002,"2024-02-06","2024-03-06","USD",93.00,100,"3XS:20|2XS:20|XS:20|S:10|M:10|L:10|XL:10"
271712,"2023-09-15 08:39:53.45","#HAA712",50.00,68.00,93.00,120.90,"2024-02-06","134708097","WH",4,,,,"","ALMA","HAA712A1",30077,1002,"2024-02-06","2024-03-06","USD",93.00,100,"3XS:20|2XS:20|XS:20|S:10|M:10|L:10|XL:10"
271713,"2023-09-15 08:39:53.45","#HAA713",50.00,68.00,93.00,120.90,"2024-02-06","134708283","WH",4,,,,"","ALMA","HAA713A1",30078,8002,"2024-02-06","2024-03-06","USD",93.00,100,"3XS:20|2XS:20|XS:20|S:10|M:10|L:10|XL:10"
271714,"2023-09-15 08:39:53.45","#HAA714",50.00,68.00,93.00,120.90,"2024-02-06","134708063","WH",4,,,,"","ALMA","HAA714A1",30013,6002,"2024-02-06","2024-03-06","USD",93.00,100,"3XS:20|2XS:20|XS:20|S:10|M:10|L:10|XL:10"
271715,"2023-09-15 08:39:53.45","#HAA715",50.00,68.00,93.00,120.90,"2024-02-06","134708282","WH",4,,,,"","ALMA","HAA715A1",30022,5002,"2024-02-06","2024-03-06","USD",93.00,100,"3XS:20|2XS:20|XS:20|S:10|M:10|L:10|XL:10"
271716,"2023-09-15 08:39:53.45","#HAA716",50.00,68.00,93.00,120.90,"2024-02-06","134708483","WH",4,,,,"","ALMA","HAA716A1",30025,4002,"2024-02-06","2024-03-06","USD",93.00,100,"3XS:20|2XS:20|XS:20|S:10|M:10|L:10|XL:10"
271717,"2023-09-15 08:39:53.45","#HAA717",50.00,68.00,93.00,120.90,"2024-02-06","134709643","WH",4,,,,"","ALMA","HAA717A1",30026,3002,"2024-02-06","2024-03-06","USD",93.00,100,"3XS:20|2XS:20|XS:20|S:10|M:10|L:10|XL:10"
271718,"2023-09-15 08:39:53.45","#HAA718",50.00,68.00,93.00,120.90,"2024-02-06","134709834","WH",4,,,,"","ALMA","HAA718A1",30027,1002,"2024-02-06","2024-03-06","USD",93.00,100,"3XS:20|2XS:20|XS:20|S:10|M:10|L:10|XL:10"
271719,"2023-09-15 08:39:53.45","#HAA719",50.00,68.00,93.00,120.90,"2024-02-06","134710042","WH",4,,,,"","ALMA","HAA719A1",30029,8002,"2024-02-06","2024-03-06","USD",93.00,100,"3XS:20|2XS:20|XS:20|S:10|M:10|L:10|XL:10"
271720,"2023-09-15 08:39:53.45","#HAA720",50.00,68.00,93.00,120.90,"2024-02-06","134710233","WH",4,,,,"","ALMA","HAA720A1",30045,6002,"2024-02-06","2024-03-06","USD",93.00,100,"3XS:20|2XS:20|XS:20|S:10|M:10|L:10|XL:10"
271721,"2023-09-15 08:39:53.45","#HAA721",50.00,68.00,93.00,120.90,"2024-02-06","134712250","WH",4,,,,"","ALMA","HAA721A1",30046,5002,"2024-02-06","2024-03-06","USD",93.00,100,"3XS:20|2XS:20|XS:20|S:10|M:10|L:10|XL:10"
271722,"2023-09-15 08:39:53.45","#HAA722",50.00,68.00,93.00,120.90,"2024-02-06","134712466","WH",4,,,,"","ALMA","HAA722A1",30047,4002,"2024-02-06","2024-03-06","USD",93.00,100,"3XS:20|2XS:20|XS:20|S:10|M:10|L:10|XL:10"
271723,"2023-09-15 08:39:53.45","#HAA723",50.00,68.00,93.00,120.90,"2024-02-06","134712673","WH",4,,,,"","ALMA","HAA723A1",30065,3002,"2024-02-06","2024-03-06","USD",93.00,100,"3XS:20|2XS:20|XS:20|S:10|M:10|L:10|XL:10"
271724,"2023-09-15 08:39:53.45","#HAA724",50.00,68.00,93.00,120.90,"2024-02-06","134712882","WH",4,,,,"","ALMA","HAA724A1",30066,1002,"2024-02-06","2024-03-06","USD",93.00,100,"3XS:20|2XS:20|XS:20|S:10|M:10|L:10|XL:10"
271725,"2023-09-15 08:39:53.45","#HAA725",50.00,68.00,93.00,120.90,"2024-02-06","134708481","WH",4,,,,"","ALMA","HAA725A1",30067,8002,"2024-02-06","2024-03-06","USD",93.00,100,"3XS:20|2XS:20|XS:20|S:10|M:10|L:10|XL:10"
271726,"2023-09-15 08:39:53.45","#HAA726",50.00,68.00,93.00,120.90,"2024-02-06","134708679","WH",4,,,,"","ALMA","HAA726A1",30068,6002,"2024-02-06","2024-03-06","USD",93.00,100,"3XS:20|2XS:20|XS:20|S:10|M:10|L:10|XL:10"
271727,"2023-09-15 08:39:53.45","#HAA727",50.00,68.00,93.00,120.90,"2024-02-06","134708857","WH",4,,,,"","ALMA","HAA727A1",30069,5002,"2024-02-06","2024-03-06","USD",93.00,100,"3XS:20|2XS:20|XS:20|S:10|M:10|L:10|XL:10"
271728,"2023-09-15 08:39:53.45","#HAA728",50.00,68.00,93.00,120.90,"2024-02-06","134709020","WH",4,,,,"","ALMA","HAA728A1",30070,4002,"2024-02-06","2024-03-06","USD",93.00,100,"3XS:20|2XS:20|XS:20|S:10|M:10|L:10|XL:10"
271729,"2023-09-15 08:39:53.45","#HAA729",50.00,68.00,93.00,120.90,"2024-02-06","134707168","WH",4,,,,"","ALMA","HAA729A1",30071,3002,"2024-02-06","2024-03-06","USD",93.00,100,"3XS:20|2XS:20|XS:20|S:10|M:10|L:10|XL:10"
271730,"2023-09-15 08:39:53.45","#HAA730",50.00,68.00,93.00,120.90,"2024-02-06","134707368","WH",4,,,,"","ALMA","HAA730A1",30072,1002,"2024-02-06","2024-03-06","USD",93.00,100,"3XS:20|2XS:20|XS:20|S:10|M:10|L:10|XL:10"
271731,"2023-09-15 08:39:53.45","#HAA731",50.00,68.00,93.00,120.90,"2024-02-06","134707569","WH",4,,,,"","ALMA","HAA731A1",30073,8002,"2024-02-06","2024-03-06","USD",93.00,100,"3XS:20|2XS:20|XS:20|S:10|M:10|L:10|XL:10"
271732,"2023-09-15 08:39:53.45","#HAA732",50.00,68.00,93.00,120.90,"2024-02-06","134707761","WH",4,,,,"","ALMA","HAA732A1",30074,6002,"2024-02-06","2024-03-06","USD",93.00,100,"3XS:20|2XS:20|XS:20|S:10|M:10|L:10|XL:10"
271733,"2023-09-15 08:39:53.45","#HAA733",50.00,68.00,93.00,120.90,"2024-02-06","134708683","WH",4,,,,"","ALMA","HAA733A1",30075,5002,"2024-02-06","2024-03-06","USD",93.00,100,"3XS:20|2XS:20|XS:20|S:10|M:10|L:10|XL:10"
271734,"2023-09-15 08:39:53.45","#HAA734",50.00,68.00,93.00,120.90,"2024-02-06","134708897","WH",4,,,,"","ALMA","HAA734A1",30076,4002,"2024-02-06","2024-03-06","USD",93.00,100,"3XS:20|2XS:20|XS:20|S:10|M:10|L:10|XL:10"
271735,"2023-09-15 08:39:53.45","#HAA735",50.00,68.00,93.00,120.90,"2024-02-06","134709104","WH",4,,,,"","ALMA","HAA735A1",30077,3002,"2024-02-06","2024-03-06","USD",93.00,100,"3XS:20|2XS:20|XS:20|S:10|M:10|L:10|XL:10"
271736,"2023-09-15 08:39:53.45","#HAA736",50.00,68.00,93.00,120.90,"2024-02-06","134709304","WH",4,,,,"","ALMA","HAA736A1",30078,1002,"2024-02-06","2024-03-06","USD",93.00,100,"3XS:20|2XS:20|XS:20|S:10|M:10|L:10|XL:10"
271737,"2023-09-15 08:39:53.45","#HAA737",50.00,68.00,93.00,120.90,"2024-02-06","134705159","WH",4,,,,"","ALMA","HAA737A1",30013,8002,"2024-02-06","2024-03-06","USD",93.00,100,"3XS:20|2XS:20|XS:20|S:10|M:10|L:10|XL:10"
271738,"2023-09-15 08:39:53.45","#HAA738",50.00,68.00,93.00,120.90,"2024-02-06","134705352","WH",4,,,,"","ALMA","HAA738A1",30022,6002,"2024-02-06","2024-03-06","USD",93.00,100,"3XS:20|2XS:20|XS:20|S:10|M:10|L:10|XL:10"
271739,"2023-09-15 08:39:53.45","#HAA739",50.00,68.00,93.00,120.90,"2024-02-06","134705566","WH",4,,,,"","ALMA","HAA739A1",30025,5002,"2024-02-06","2024-03-06","USD",93.00,100,"3XS:20|2XS:20|XS:20|S:10|M:10|L:10|XL:10"
271740,"2023-09-15 08:39:53.45","#HAA740",50.00,68.00,93.00,120.90,"2024-02-06","134705777","WH",4,,,,"","ALMA","HAA740A1",30026,4002,"2024-02-06","2024-03-06","USD",93.00,100,"3XS:20|2XS:20|XS:20|S:10|M:10|L:10|XL:10"
271741,"2023-09-15 08:39:53.45","#HAA741",50.00,68.00,93.00,120.90,"2024-02-06","134710433","WH",4,,,,"","ALMA","HAA741A1",30027,3002,"2024-02-06","2024-03-06","USD",93.00,100,"3XS:20|2XS:20|XS:20|S:10|M:10|L:10|XL:10"
271742,"2023-09-15 08:39:53.45","#HAA742",50.00,68.00,93.00,120.90,"2024-02-06","134710632","WH",4,,,,"","ALMA","HAA742A1",30029,1002,"2024-02-06","2024-03-06","USD",93.00,100,"3XS:20|2XS:20|XS:20|S:10|M:10|L:10|XL:10"
271743,"2023-09-15 08:39:53.45","#HAA743",50.00,68.00,93.00,120.90,"2024-02-06","134710817","WH",4,,,,"","ALMA","HAA743A1",30045,8002,"2024-02-06","2024-03-06","USD",93.00,100,"3XS:20|2XS:20|XS:20|S:10|M:10|L:10|XL:10"
271744,"2023-09-15 08:39:53.45","#HAA744",50.00,68.00,93.00,120.90,"2024-02-06","134713098","WH",4,,,,"","ALMA","HAA744A1",30046,6002,"2024-02-06","2024-03-06","USD",93.00,100,"3XS:20|2XS:20|XS:20|S:10|M:10|L:10|XL:10"
271745,"2023-09-15 08:39:53.45","#HAA745",50.00,68.00,93.00,120.90,"2024-02-06","134713322","WH",4,,,,"","ALMA","HAA745A1",30047,5002,"2024-02-06","2024-03-06","USD",93.00,100,"3XS:20|2XS:20|XS:20|S:10|M:10|L:10|XL:10"
271746,"2023-09-15 08:39:53.45","#HAA746",50.00,68.00,93.00,120.90,"2024-02-06","134713543","WH",4,,,,"","ALMA","HAA746A1",30065,4002,"2024-02-06","2024-03-06","USD",93.00,100,"3XS:20|2XS:20|XS:20|S:10|M:10|L:10|XL:10"
271747,"2023-09-15 08:39:53.45","#HAA747",50.00,68.00,93.00,120.90,"2024-02-06","134709213","WH",4,,,,"","ALMA","HAA747A1",30066,3002,"2024-02-06","2024-03-06","USD",93.00,100,"3XS:20|2XS:20|XS:20|S:10|M:10|L:10|XL:10"
271748,"2023-09-15 08:39:53.45","#HAA748",50.00,68.00,93.00,120.90,"2024-02-06","134709409","WH",4,,,,"","ALMA","HAA748A1",30067,1002,"2024-02-06","2024-03-06","USD",93.00,100,"3XS:20|2XS:20|XS:20|S:10|M:10|L:10|XL:10"
271749,"2023-09-15 08:39:53.45","#HAA749",50.00,68.00,93.00,120.90,"2024-02-06","134709593","WH",4,,,,"","ALMA","HAA749A1",30068,8002,"2024-02-06","2024-03-06","USD",93.00,100,"3XS:20|2XS:20|XS:20|S:10|M:10|L:10|XL:10"
271750,"2023-09-15 08:39:53.45","#HAA750",50.00,68.00,93.00,120.90,"2024-02-06","134707961","WH",4,,,,"","ALMA","HAA750A1",30069,6002,"2024-02-06","2024-03-06","USD",93.00,100,"3XS:20|2XS:20|XS:20|S:10|M:10|L:10|XL:10"
271751,"2023-09-15 08:39:53.45","#HAA751",50.00,68.00,93.00,120.90,"2024-02-06","134708160","WH",4,,,,"","ALMA","HAA751A1",30070,5002,"2024-02-06","2024-03-06","USD",93.00,100,"3XS:20|2XS:20|XS:20|S:10|M:10|L:10|XL:10"
271752,"2023-09-15 08:39:53.45","#HAA752",50.00,68.00,93.00,120.90,"2024-02-06","134708377","WH",4,,,,"","ALMA","HAA752A1",30071,4002,"2024-02-06","2024-03-06","USD",93.00,100,"3XS:20|2XS:20|XS:20|S:10|M:10|L:10|XL:10"
271753,"2023-09-15 08:39:53.45","#HAA753",50.00,68.00,93.00,120.90,"2024-02-06","134709512","WH",4,,,,"","ALMA","HAA753A1",30072,3002,"2024-02-06","2024-03-06","USD",93.00,100,"3XS:20|2XS:20|XS:20|S:10|M:10|L:10|XL:10"
271754,"2023-09-15 08:39:53.45","#HAA754",50.00,68.00,93.00,120.90,"2024-02-06","134709721","WH",4,,,,"","ALMA","HAA754A1",30073,1002,"2024-02-06","2024-03-06","USD",93.00,100,"3XS:20|2XS:20|XS:20|S:10|M:10|L:10|XL:10"
271755,"2023-09-15 08:39:53.45","#HAA755",50.00,68.00,93.00,120.90,"2024-02-06","134709914","WH",4,,,,"","ALMA","HAA755A1",30074,8002,"2024-02-06","2024-03-06","USD",93.00,100,"3XS:20|2XS:20|XS:20|S:10|M:10|L:10|XL:10"
271756,"2023-09-15 08:39:53.45","#HAA756",50.00,68.00,93.00,120.90,"2024-02-06","134705985","WH",4,,,,"","ALMA","HAA756A1",30075,6002,"2024-02-06","2024-03-06","USD",93.00,100,"3XS:20|2XS:20|XS:20|S:10|M:10|L:10|XL:10"
271757,"2023-09-15 08:39:53.45","#HAA757",50.00,68.00,93.00,120.90,"2024-02-06","134706200","WH",4,,,,"","ALMA","HAA757A1",30076,5002,"2024-02-06","2024-03-06","USD",93.00,100,"3XS:20|2XS:20|XS:20|S:10|M:10|L:10|XL:10"
271758,"2023-09-15 08:39:53.45","#HAA758",50.00,68.00,93.00,120.90,"2024-02-06","134706414","WH",4,,,,"","ALMA","HAA758A1",30077,4002,"2024-02-06","2024-03-06","USD",93.00,100,"3XS:20|2XS:20|XS:20|S:10|M:10|L:10|XL:10"
271759,"2023-09-15 08:39:53.45","#HAA759",50.00,68.00,93.00,120.90,"2024-02-06","134711015","WH",4,,,,"","ALMA","HAA759A1",30078,3002,"2024-02-06","2024-03-06","USD",93.00,100,"3XS:20|2XS:20|XS:20|S:10|M:10|L:10|XL:10"
271760,"2023-09-15 08:39:53.45","#HAA760",50.00,68.00,93.00,120.90,"2024-02-06","134711214","WH",4,,,,"","ALMA","HAA760A1",30013,1002,"2024-02-06","2024-03-06","USD",93.00,100,"3XS:20|2XS:20|XS:20|S:10|M:10|L:10|XL:10"
271761,"2023-09-15 08:39:53.45","#HAA761",50.00,68.00,93.00,120.90,"2024-02-06","134711406","WH",4,,,,"","ALMA","HAA761A1",30022,8002,"2024-02-06","2024-03-06","USD",93.00,100,"3XS:20|2XS:20|XS:20|S:10|M:10|L:10|XL:10"
271762,"2023-09-15 08:39:53.45","#HAA762",50.00,68.00,93.00,120.90,"2024-02-06","134713759","WH",4,,,,"","ALMA","HAA762A1",30025,6002,"2024-02-06","2024-03-06","USD",93.00,100,"3XS:20|2XS:20|XS:20|S:10|M:10|L:10|XL:10"
271763,"2023-09-15 08:39:53.45","#HAA763",50.00,68.00,93.00,120.90,"2024-02-06","134713959","WH",4,,,,"","ALMA","HAA763A1",30026,5002,"2024-02-06","2024-03-06","USD",93.00,100,"3XS:20|2XS:20|XS:20|S:10|M:10|L:10|XL:10"
271764,"2023-09-15 08:39:53.45","#HAA764",50.00,68.00,93.00,120.90,"2024-02-06","134714174","WH",4,,,,"","ALMA","HAA764A1",30027,4002,"2024-02-06","2024-03-06","USD",93.00,100,"3XS:20|2XS:20|XS:20|S:10|M:10|L:10|XL:10"
271765,"2023-09-15 08:39:53.45","#HAA765",50.00,68.00,93.00,120.90,"2024-02-06","134709792","WH",4,,,,"","ALMA","HAA765A1",30029,3002,"2024-02-06","2024-03-06","USD",93.00,100,"3XS:20|2XS:20|XS:20|S:10|M:10|L:10|XL:10"
271766,"2023-09-15 08:39:53.45","#HAA766",50.00,68.00,93.00,120.90,"2024-02-06","134709991","WH",4,,,,"","ALMA","HAA766A1",30045,1002,"2024-02-06","2024-03-06","USD",93.00,100,"3XS:20|2XS:20|XS:20|S:10|M:10|L:10|XL:10"
271767,"2023-09-15 08:39:53.45","#HAA767",50.00,68.00,93.00,120.90,"2024-02-06","134710191","WH",4,,,,"","ALMA","HAA767A1",30046,8002,"2024-02-06","2024-03-06","USD",93.00,100,"3XS:20|2XS:20|XS:20|S:10|M:10|L:10|XL:10"
271768,"2023-09-15 08:39:53.45","#HAA768",50.00,68.00,93.00,120.90,"2024-02-06","134708560","WH",4,,,,"","ALMA","HAA768A1",30047,6002,"2024-02-06","2024-03-06","USD",93.00,100,"3XS:20|2XS:20|XS:20|S:10|M:10|L:10|XL:10"
271769,"2023-09-15 08:39:53.45","#HAA769",50.00,68.00,93.00,120.90,"2024-02-06","134708760","WH",4,,,,"","ALMA","HAA769A1",30065,5002,"2024-02-06","2024-03-06","USD",93.00,100,"3XS:20|2XS:20|XS:20|S:10|M:10|L:10|XL:10"
271770,"2023-09-15 08:39:53.45","#HAA770",50.00,68.00,93.00,120.90,"2024-02-06","134708959","WH",4,,,,"","ALMA","HAA770A1",30066,4002,"2024-02-06","2024-03-06","USD",93.00,100,"3XS:20|2XS:20|XS:20|S:10|M:10|L:10|XL:10"
271771,"2023-09-15 08:39:53.45","#HAA771",50.00,68.00,93.00,120.90,"2024-02-06","134710105","WH",4,,,,"","ALMA","HAA771A1",30067,3002,"2024-02-06","2024-03-06","USD",93.00,100,"3XS:20|2XS:20|XS:20|S:10|M:10|L:10|XL:10"
271772,"2023-09-15 08:39:53.45","#HAA772",50.00,68.00,93.00,120.90,"2024-02-06","134710298","WH",4,,,,"","ALMA","HAA772A1",30068,1002,"2024-02-06","2024-03-06","USD",93.00,100,"3XS:20|2XS:20|XS:20|S:10|M:10|L:10|XL:10"
271773,"2023-09-15 08:39:53.45","#HAA773",50.00,68.00,93.00,120.90,"2024-02-06","134710483","WH",4,,,,"","ALMA","HAA773A1",30069,8002,"2024-02-06","2024-03-06","USD",93.00,100,"3XS:20|2XS:20|XS:20|S:10|M:10|L:10|XL:10"
271774,"2023-09-15 08:39:53.45","#HAA774",50.00,68.00,93.00,120.90,"2024-02-06","134706616","WH",4,,,,"","ALMA","HAA774A1",30070,6002,"2024-02-06","2024-03-06","USD",93.00,100,"3XS:20|2XS:20|XS:20|S:10|M:10|L:10|XL:10"
271775,"2023-09-15 08:39:53.45","#HAA775",50.00,68.00,93.00,120.90,"2024-02-06","134706819","WH",4,,,,"","ALMA","HAA775A1",30071,5002,"2024-02-06","2024-03-06","USD",93.00,100,"3XS:20|2XS:20|XS:20|S:10|M:10|L:10|XL:10"
271776,"2023-09-15 08:39:53.45","#HAA776",50.00,68.00,93.00,120.90,"2024-02-06","134707045","WH",4,,,,"","ALMA","HAA776A1",30072,4002,"2024-02-06","2024-03-06","USD",93.00,100,"3XS:20|2XS:20|XS:20|S:10|M:10|L:10|XL:10"
271777,"2023-09-15 08:39:53.45","#HAA777",50.00,68.00,93.00,120.90,"2024-02-06","134711606","WH",4,,,,"","ALMA","HAA777A1",30073,3002,"2024-02-06","2024-03-06","USD",93.00,100,"3XS:20|2XS:20|XS:20|S:10|M:10|L:10|XL:10"
271778,"2023-09-15 08:39:53.45","#HAA778",50.00,68.00,93.00,120.90,"2024-02-06","134711799","WH",4,,,,"","ALMA","HAA778A1",30074,1002,"2024-02-06","2024-03-06","USD",93.00,100,"3XS:20|2XS:20|XS:20|S:10|M:10|L:10|XL:10"
271779,"2023-09-15 08:39:53.45","#HAA779",50.00,68.00,93.00,120.90,"2024-02-06","134712011","WH",4,,,,"","ALMA","HAA779A1",30075,8002,"2024-02-06","2024-03-06","USD",93.00,100,"3XS:20|2XS:20|XS:20|S:10|M:10|L:10|XL:10"
271780,"2023-09-15 08:39:53.45","#HAA780",50.00,68.00,93.00,120.90,"2024-02-06","134714376","WH",4,,,,"","ALMA","HAA780A1",30076,6002,"2024-02-06","2024-03-06","USD",93.00,100,"3XS:20|2XS:20|XS:20|S:10|M:10|L:10|XL:10"
271781,"2023-09-15 08:39:53.45","#HAA781",50.00,68.00,93.00,120.90,"2024-02-06","134714607","WH",4,,,,"","ALMA","HAA781A1",30077,5002,"2024-02-06","2024-03-06","USD",93.00,100,"3XS:20|2XS:20|XS:20|S:10|M:10|L:10|XL:10"
271782,"2023-09-15 08:39:53.45","#HAA782",50.00,68.00,93.00,120.90,"2024-02-06","134714821","WH",4,,,,"","ALMA","HAA782A1",30078,4002,"2024-02-06","2024-03-06","USD",93.00,100,"3XS:20|2XS:20|XS:20|S:10|M:10|L:10|XL:10"
271783,"2023-09-15 08:39:53.45","#HAA783",50.00,68.00,93.00,120.90,"2024-02-06","134710391","WH",4,,,,"","ALMA","HAA783A1",30013,3002,"2024-02-06","2024-03-06","USD",93.00,100,"3XS:20|2XS:20|XS:20|S:10|M:10|L:10|XL:10"
271784,"2023-09-15 08:39:53.45","#HAA784",50.00,68.00,93.00,120.90,"2024-02-06","134710590","WH",4,,,,"","ALMA","HAA784A1",30022,1002,"2024-02-06","2024-03-06","USD",93.00,100,"3XS:20|2XS:20|XS:20|S:10|M:10|L:10|XL:10"
271785,"2023-09-15 08:39:53.45","#HAA785",50.00,68.00,93.00,120.90,"2024-02-06","134710782","WH",4,,,,"","ALMA","HAA785A1",30025,8002,"2024-02-06","2024-03-06","USD",93.00,100,"3XS:20|2XS:20|XS:20|S:10|M:10|L:10|XL:10"
271786,"2023-09-15 08:39:53.45","#HAA786",50.00,68.00,93.00,120.90,"2024-02-06","134709161","WH",4,,,,"","ALMA","HAA786A1",30026,6002,"2024-02-06","2024-03-06","USD",93.00,100,"3XS:20|2XS:20|XS:20|S:10|M:10|L:10|XL:10"
271787,"2023-09-15 08:39:53.45","#HAA787",50.00,68.00,93.00,120.90,"2024-02-06","134709375","WH",4,,,,"","ALMA","HAA787A1",30027,5002,"2024-02-06","2024-03-06","USD",93.00,100,"3XS:20|2XS:20|XS:20|S:10|M:10|L:10|XL:10"
271788,"2023-09-15 08:39:53.45","#HAA788",50.00,68.00,93.00,120.90,"2024-02-06","134709576","WH",4,,,,"","ALMA","HAA788A1",30029,4002,"2024-02-06","2024-03-06","USD",93.00,100,"3XS:20|2XS:20|XS:20|S:10|M:10|L:10|XL:10"
271789,"2023-09-15 08:39:53.45","#HAA789",50.00,68.00,93.00,120.90,"2024-02-06","134710674","WH",4,,,,"","ALMA","HAA789A1",30045,3002,"2024-02-06","2024-03-06","USD",93.00,100,"3XS:20|2XS:20|XS:20|S:10|M:10|L:10|XL:10"
271790,"2023-09-15 08:39:53.45","#HAA790",50.00,68.00,93.00,120.90,"2024-02-06","134710865","WH",4,,,,"","ALMA","HAA790A1",30046,1002,"2024-02-06","2024-03-06","USD",93.00,100,"3XS:20|2XS:20|XS:20|S:10|M:10|L:10|XL:10"
271791,"2023-09-15 08:39:53.45","#HAA791",50.00,68.00,93.00,120.90,"2024-02-06","134711072","WH",4,,,,"","ALMA","HAA791A1",30047,8002,"2024-02-06","2024-03-06","USD",93.00,100,"3XS:20|2XS:20|XS:20|S:10|M:10|L:10|XL:10"
271792,"2023-09-15 08:39:53.45","#HAA792",50.00,68.00,93.00,120.90,"2024-02-06","134708226","WH",4,,,,"","ALMA","HAA792A1",30065,6002,"2024-02-06","2024-03-06","USD",93.00,100,"3XS:20|2XS:20|XS:20|S:10|M:10|L:10|XL:10"
271793,"2023-09-15 08:39:53.45","#HAA793",50.00,68.00,93.00,120.90,"2024-02-06","134708417","WH",4,,,,"","ALMA","HAA793A1",30066,5002,"2024-02-06","2024-03-06","USD",93.00,100,"3XS:20|2XS:20|XS:20|S:10|M:10|L:10|XL:10"
271794,"2023-09-15 08:39:53.45","#HAA794",50.00,68.00,93.00,120.90,"2024-02-06","134708627","WH",4,,,,"","ALMA","HAA794A1",30067,4002,"2024-02-06","2024-03-06","USD",93.00,100,"3XS:20|2XS:20|XS:20|S:10|M:10|L:10|XL:10"
271795,"2023-09-15 08:39:53.45","#HAA795",50.00,68.00,93.00,120.90,"2024-02-06","134712217","WH",4,,,,"","ALMA","HAA795A1",30068,3002,"2024-02-06","2024-03-06","USD",93.00,100,"3XS:20|2XS:20|XS:20|S:10|M:10|L:10|XL:10"
271796,"2023-09-15 08:39:53.45","#HAA796",50.00,68.00,93.00,120.90,"2024-02-06","134712409","WH",4,,,,"","ALMA","HAA796A1",30069,1002,"2024-02-06","2024-03-06","USD",93.00,100,"3XS:20|2XS:20|XS:20|S:10|M:10|L:10|XL:10"
271797,"2023-09-15 08:39:53.45","#HAA797",50.00,68.00,93.00,120.90,"2024-02-06","134712586","WH",4,,,,"","ALMA","HAA797A1",30070,8002,"2024-02-06","2024-03-06","USD",93.00,100,"3XS:20|2XS:20|XS:20|S:10|M:10|L:10|XL:10"
271798,"2023-09-15 08:39:53.45","#HAA798",50.00,68.00,93.00,120.90,"2024-02-06","134712776","WH",4,,,,"","ALMA","HAA798A1",30071,6002,"2024-02-06","2024-03-06","USD",93.00,100,"3XS:20|2XS:20|XS:20|S:10|M:10|L:10|XL:10"
271799,"2023-09-15 08:39:53.45","#HAA799",50.00,68.00,93.00,120.90,"2024-02-06","134715058","WH",4,,,,"","ALMA","HAA799A1",30072,5002,"2024-02-06","2024-03-06","USD",93.00,100,"3XS:20|2XS:20|XS:20|S:10|M:10|L:10|XL:10"
271800,"2023-09-15 08:39:53.45","#HAA800",50.00,68.00,93.00,120.90,"2024-02-06","134715282","WH",4,,,,"","ALMA","HAA800A1",30073,4002,"2024-02-06","2024-03-06","USD",93.00,100,"3XS:20|2XS:20|XS:20|S:10|M:10|L:10|XL:10"
271801,"2023-09-15 08:39:53.45","#HAA801",50.00,68.00,93.00,120.90,"2024-02-06","134715492","WH",4,,,,"","ALMA","HAA801A1",30074,3002,"2024-02-06","2024-03-06","USD",93.00,100,"3XS:20|2XS:20|XS:20|S:10|M:10|L:10|XL:10"
271802,"2023-09-15 08:39:53.45","#HAA802",50.00,68.00,93.00,120.90,"2024-02-06","134700781","WH",4,,,,"","ALMA","HAA802A1",30075,1002,"2024-02-06","2024-03-06","USD",93.00,100,"3XS:20|2XS:20|XS:20|S:10|M:10|L:10|XL:10"
271803,"2023-09-15 08:39:53.45","#HAA803",50.00,68.00,93.00,120.90,"2024-02-06","134700989","WH",4,,,,"","ALMA","HAA803A1",30076,8002,"2024-02-06","2024-03-06","USD",93.00,100,"3XS:20|2XS:20|XS:20|S:10|M:10|L:10|XL:10"
271804,"2023-09-15 08:39:53.45","#HAA804",50.00,68.00,93.00,120.90,"2024-02-06","134701188","WH",4,,,,"","ALMA","HAA804A1",30077,6002,"2024-02-06","2024-03-06","USD",93.00,100,"3XS:20|2XS:20|XS:20|S:10|M:10|L:10|XL:10"
271805,"2023-09-15 08:39:53.45","#HAA805",50.00,68.00,93.00,120.90,"2024-02-06","134701395","WH",4,,,,"","ALMA","HAA805A1",30078,5002,"2024-02-06","2024-03-06","USD",93.00,100,"3XS:20|2XS:20|XS:20|S:10|M:10|L:10|XL:10"
271806,"2023-09-15 08:39:53.45","#HAA806",50.00,68.00,93.00,120.90,"2024-02-06","134710968","WH",4,,,,"","ALMA","HAA806A1",30013,4002,"2024-02-06","2024-03-06","USD",93.00,100,"3XS:20|2XS:20|XS:20|S:10|M:10|L:10|XL:10"
271807,"2023-09-15 08:39:53.45","#HAA807",50.00,68.00,93.00,120.90,"2024-02-06","134711176","WH",4,,,,"","ALMA","HAA807A1",30022,3002,"2024-02-06","2024-03-06","USD",93.00,100,"3XS:20|2XS:20|XS:20|S:10|M:10|L:10|XL:10"
271808,"2023-09-15 08:39:53.45","#HAA808",50.00,68.00,93.00,120.90,"2024-02-06","134711359","WH",4,,,,"","ALMA","HAA808A1",30025,1002,"2024-02-06","2024-03-06","USD",93.00,100,"3XS:20|2XS:20|XS:20|S:10|M:10|L:10|XL:10"
271809,"2023-09-15 08:39:53.45","#HAA809",50.00,68.00,93.00,120.90,"2024-02-06","134711538","WH",4,,,,"","ALMA","HAA809A1",30026,8002,"2024-02-06","2024-03-06","USD",93.00,100,"3XS:20|2XS:20|XS:20|S:10|M:10|L:10|XL:10"
271810,"2023-09-15 08:39:53.45","#HAA810",50.00,68.00,93.00,120.90,"2024-02-06","134700821","WH",4,,,,"","ALMA","HAA810A1",30027,6002,"2024-02-06","2024-03-06","USD",93.00,100,"3XS:20|2XS:20|XS:20|S:10|M:10|L:10|XL:10"
271811,"2023-09-15 08:39:53.45","#HAA811",50.00,68.00,93.00,120.90,"2024-02-06","134701036","WH",4,,,,"","ALMA","HAA811A1",30029,5002,"2024-02-06","2024-03-06","USD",93.00,100,"3XS:20|2XS:20|XS:20|S:10|M:10|L:10|XL:10"
271812,"2023-09-15 08:39:53.45","#HAA812",50.00,68.00,93.00,120.90,"2024-02-06","134701243","WH",4,,,,"","ALMA","HAA812A1",30045,4002,"2024-02-06","2024-03-06","USD",93.00,100,"3XS:20|2XS:20|XS:20|S:10|M:10|L:10|XL:10"
271813,"2023-09-15 08:39:53.45","#HAA813",50.00,68.00,93.00,120.90,"2024-02-06","134701472","WH",4,,,,"","ALMA","HAA813A1",30046,3002,"2024-02-06","2024-03-06","USD",93.00,100,"3XS:20|2XS:20|XS:20|S:10|M:10|L:10|XL:10"
271814,"2023-09-15 08:39:53.45","#HAA814",50.00,68.00,93.00,120.90,"2024-02-06","134700843","WH",4,,,,"","ALMA","HAA814A1",30047,1002,"2024-02-06","2024-03-06","USD",93.00,100,"3XS:20|2XS:20|XS:20|S:10|M:10|L:10|XL:10"
271815,"2023-09-15 08:39:53.45","#HAA815",50.00,68.00,93.00,120.90,"2024-02-06","134701044","WH",4,,,,"","ALMA","HAA815A1",30065,8002,"2024-02-06","2024-03-06","USD",93.00,100,"3XS:20|2XS:20|XS:20|S:10|M:10|L:10|XL:10"
271816,"2023-09-15 08:39:53.45","#HAA816",50.00,68.00,93.00,120.90,"2024-02-06","134701242","WH",4,,,,"","ALMA","HAA816A1",30066,6002,"2024-02-06","2024-03-06","USD",93.00,100,"3XS:20|2XS:20|XS:20|S:10|M:10|L:10|XL:10"
271817,"2023-09-15 08:39:53.45","#HAA817",50.00,68.00,93.00,120.90,"2024-02-06","134701480","WH",4,,,,"","ALMA","HAA817A1",30067,5002,"2024-02-06","2024-03-06","USD",93.00,100,"3XS:20|2XS:20|XS:20|S:10|M:10|L:10|XL:10"
271818,"2023-09-15 08:39:53.45","#HAA818",50.00,68.00,93.00,120.90,"2024-02-06","134709791","WH",4,,,,"","ALMA","HAA818A1",30068,4002,"2024-02-06","2024-03-06","USD",93.00,100,"3XS:20|2XS:20|XS:20|S:10|M:10|L:10|XL:10"
271819,"2023-09-15 08:39:53.45","#HAA819",50.00,68.00,93.00,120.90,"2024-02-06","134710008","WH",4,,,,"","ALMA","HAA819A1",30069,3002,"2024-02-06","2024-03-06","USD",93.00,100,"3XS:20|2XS:20|XS:20|S:10|M:10|L:10|XL:10"
271820,"2023-09-15 08:39:53.45","#HAA820",50.00,68.00,93.00,120.90,"2024-02-06","134710208","WH",4,,,,"","ALMA","HAA820A1",30070,1002,"2024-02-06","2024-03-06","USD",93.00,100,"3XS:20|2XS:20|XS:20|S:10|M:10|L:10|XL:10"
271821,"2023-09-15 08:39:53.45","#HAA821",50.00,68.00,93.00,120.90,"2024-02-06","134710451","WH",4,,,,"","ALMA","HAA821A1",30071,8002,"2024-02-06","2024-03-06","USD",93.00,100,"3XS:20|2XS:20|XS:20|S:10|M:10|L:10|XL:10"
271822,"2023-09-15 08:39:53.45","#HAA822",50.00,68.00,93.00,120.90,"2024-02-06","134700887","WH",4,,,,"","ALMA","HAA822A1",30072,6002,"2024-02-06","2024-03-06","USD",93.00,100,"3XS:20|2XS:20|XS:20|S:10|M:10|L:10|XL:10"
271823,"2023-09-15 08:39:53.45","#HAA823",50.00,68.00,93.00,120.90,"2024-02-06","134701080","WH",4,,,,"","ALMA","HAA823A1",30073,5002,"2024-02-06","2024-03-06","USD",93.00,100,"3XS:20|2XS:20|XS:20|S:10|M:10|L:10|XL:10"
271824,"2023-09-15 08:39:53.45","#HAA824",50.00,68.00,93.00,120.90,"2024-02-06","134701280","WH",4,,,,"","ALMA","HAA824A1",30074,4002,"2024-02-06","2024-03-06","USD",93.00,100,"3XS:20|2XS:20|XS:20|S:10|M:10|L:10|XL:10"
271825,"2023-09-15 08:39:53.45","#HAA825",50.00,68.00,93.00,120.90,"2024-02-06","134701450","WH",4,,,,"","ALMA","HAA825A1",30075,3002,"2024-02-06","2024-03-06","USD",93.00,100,"3XS:20|2XS:20|XS:20|S:10|M:10|L:10|XL:10"
271826,"2023-09-15 08:39:53.45","#HAA826",50.00,68.00,93.00,120.90,"2024-02-06","134711281","WH",4,,,,"","ALMA","HAA826A1",30076,1002,"2024-02-06","2024-03-06","USD",93.00,100,"3XS:20|2XS:20|XS:20|S:10|M:10|L:10|XL:10"
271827,"2023-09-15 08:39:53.45","#HAA827",50.00,68.00,93.00,120.90,"2024-02-06","134711487","WH",4,,,,"","ALMA","HAA827A1",30077,8002,"2024-02-06","2024-03-06","USD",93.00,100,"3XS:20|2XS:20|XS:20|S:10|M:10|L:10|XL:10"
271828,"2023-09-15 08:39:53.45","#HAA828",50.00,68.00,93.00,120.90,"2024-02-06","134711688","WH",4,,,,"","ALMA","HAA828A1",30078,6002,"2024-02-06","2024-03-06","USD",93.00,100,"3XS:20|2XS:20|XS:20|S:10|M:10|L:10|XL:10"
271829,"2023-09-15 08:39:53.45","#HAA829",50.00,68.00,93.00,120.90,"2024-02-06","134711881","WH",4,,,,"","ALMA","HAA829A1",30013,5002,"2024-02-06","2024-03-06","USD",93.00,100,"3XS:20|2XS:20|XS:20|S:10|M:10|L:10|XL:10"
271830,"2023-09-15 08:39:53.45","#HAA830",50.00,68.00,93.00,120.90,"2024-02-06","134708803","WH",4,,,,"","ALMA","HAA830A1",30022,4002,"2024-02-06","2024-03-06","USD",93.00,100,"3XS:20|2XS:20|XS:20|S:10|M:10|L:10|XL:10"
271831,"2023-09-15 08:39:53.45","#HAA831",50.00,68.00,93.00,120.90,"2024-02-06","134708979","WH",4,,,,"","ALMA","HAA831A1",30025,3002,"2024-02-06","2024-03-06","USD",93.00,100,"3XS:20|2XS:20|XS:20|S:10|M:10|L:10|XL:10"
271832,"2023-09-15 08:39:53.45","#HAA832",50.00,68.00,93.00,120.90,"2024-02-06","134712974","WH",4,,,,"","ALMA","HAA832A1",30026,1002,"2024-02-06","2024-03-06","USD",93.00,100,"3XS:20|2XS:20|XS:20|S:10|M:10|L:10|XL:10"
271833,"2023-09-15 08:39:53.45","#HAA833",50.00,68.00,93.00,120.90,"2024-02-06","134713186","WH",4,,,,"","ALMA","HAA833A1",30027,8002,"2024-02-06","2024-03-06","USD",93.00,100,"3XS:20|2XS:20|XS:20|S:10|M:10|L:10|XL:10"
271834,"2023-09-15 08:39:53.45","#HAA834",50.00,68.00,93.00,120.90,"2024-02-06","134713383","WH",4,,,,"","ALMA","HAA834A1",30029,6002,"2024-02-06","2024-03-06","USD",93.00,100,"3XS:20|2XS:20|XS:20|S:10|M:10|L:10|XL:10"
271835,"2023-09-15 08:39:53.45","#HAA835",50.00,68.00,93.00,120.90,"2024-02-06","134701587","WH",4,,,,"","ALMA","HAA835A1",30045,5002,"2024-02-06","2024-03-06","USD",93.00,100,"3XS:20|2XS:20|XS:20|S:10|M:10|L:10|XL:10"
271836,"2023-09-15 08:39:53.45","#HAA836",50.00,68.00,93.00,120.90,"2024-02-06","134701779","WH",4,,,,"","ALMA","HAA836A1",30046,4002,"2024-02-06","2024-03-06","USD",93.00,100,"3XS:20|2XS:20|XS:20|S:10|M:10|L:10|XL:10"
271837,"2023-09-15 08:39:53.45","#HAA837",50.00,68.00,93.00,120.90,"2024-02-06","134701997","WH",4,,,,"","ALMA","HAA837A1",30047,3002,"2024-02-06","2024-03-06","USD",93.00,100,"3XS:20|2XS:20|XS:20|S:10|M:10|L:10|XL:10"
271838,"2023-09-15 08:39:53.45","#HAA838",50.00,68.00,93.00,120.90,"2024-02-06","134711737","WH",4,,,,"","ALMA","HAA838A1",30065,1002,"2024-02-06","2024-03-06","USD",93.00,100,"3XS:20|2XS:20|XS:20|S:10|M:10|L:10|XL:10"
271839,"2023-09-15 08:39:53.45","#HAA839",50.00,68.00,93.00,120.90,"2024-02-06","134711935","WH",4,,,,"","ALMA","HAA839A1",30066,8002,"2024-02-06","2024-03-06","USD",93.00,100,"3XS:20|2XS:20|XS:20|S:10|M:10|L:10|XL:10"
271840,"2023-09-15 08:39:53.45","#HAA840",50.00,68.00,93.00,120.90,"2024-02-06","134712121","WH",4,,,,"","ALMA","HAA840A1",30067,6002,"2024-02-06","2024-03-06","USD",93.00,100,"3XS:20|2XS:20|XS:20|S:10|M:10|L:10|XL:10"
271841,"2023-09-15 08:39:53.45","#HAA841",50.00,68.00,93.00,120.90,"2024-02-06","134701679","WH",4,,,,"","ALMA","HAA841A1",30068,5002,"2024-02-06","2024-03-06","USD",93.00,100,"3XS:20|2XS:20|XS:20|S:10|M:10|L:10|XL:10"
271842,"2023-09-15 08:39:53.45","#HAA842",50.00,68.00,93.00,120.90,"2024-02-06","134701886","WH",4,,,,"","ALMA","HAA842A1",30069,4002,"2024-02-06","2024-03-06","USD",93.00,100,"3XS:20|2XS:20|XS:20|S:10|M:10|L:10|XL:10"
271843,"2023-09-15 08:39:53.45","#HAA843",50.00,68.00,93.00,120.90,"2024-02-06","134702073","WH",4,,,,"","ALMA","HAA843A1",30070,3002,"2024-02-06","2024-03-06","USD",93.00,100,"3XS:20|2XS:20|XS:20|S:10|M:10|L:10|XL:10"
271844,"2023-09-15 08:39:53.45","#HAA844",50.00,68.00,93.00,120.90,"2024-02-06","134701643","WH",4,,,,"","ALMA","HAA844A1",30071,1002,"2024-02-06","2024-03-06","USD",93.00,100,"3XS:20|2XS:20|XS:20|S:10|M:10|L:10|XL:10"
271845,"2023-09-15 08:39:53.45","#HAA845",50.00,68.00,93.00,120.90,"2024-02-06","134701828","WH",4,,,,"","ALMA","HAA845A1",30072,8002,"2024-02-06","2024-03-06","USD",93.00,100,"3XS:20|2XS:20|XS:20|S:10|M:10|L:10|XL:10"
271846,"2023-09-15 08:39:53.45","#HAA846",50.00,68.00,93.00,120.90,"2024-02-06","134702014","WH",4,,,,"","ALMA","HAA846A1",30073,6002,"2024-02-06","2024-03-06","USD",93.00,100,"3XS:20|2XS:20|XS:20|S:10|M:10|L:10|XL:10"
271847,"2023-09-15 08:39:53.45","#HAA847",50.00,68.00,93.00,120.90,"2024-02-06","134710657","WH",4,,,,"","ALMA","HAA847A1",30074,5002,"2024-02-06","2024-03-06","USD",93.00,100,"3XS:20|2XS:20|XS:20|S:10|M:10|L:10|XL:10"
271848,"2023-09-15 08:39:53.45","#HAA848",50.00,68.00,93.00,120.90,"2024-02-06","134710856","WH",4,,,,"","ALMA","HAA848A1",30075,4002,"2024-02-06","2024-03-06","USD",93.00,100,"3XS:20|2XS:20|XS:20|S:10|M:10|L:10|XL:10"
271849,"2023-09-15 08:39:53.45","#HAA849",50.00,68.00,93.00,120.90,"2024-02-06","134711071","WH",4,,,,"","ALMA","HAA849A1",30076,3002,"2024-02-06","2024-03-06","USD",93.00,100,"3XS:20|2XS:20|XS:20|S:10|M:10|L:10|XL:10"
271850,"2023-09-15 08:39:53.45","#HAA850",50.00,68.00,93.00,120.90,"2024-02-06","134701635","WH",4,,,,"","ALMA","HAA850A1",30077,1002,"2024-02-06","2024-03-06","USD",93.00,100,"3XS:20|2XS:20|XS:20|S:10|M:10|L:10|XL:10"
271851,"2023-09-15 08:39:53.45","#HAA851",50.00,68.00,93.00,120.90,"2024-02-06","134701836","WH",4,,,,"","ALMA","HAA851A1",30078,8002,"2024-02-06","2024-03-06","USD",93.00,100,"3XS:20|2XS:20|XS:20|S:10|M:10|L:10|XL:10"
271852,"2023-09-15 08:39:53.45","#HAA852",50.00,68.00,93.00,120.90,"2024-02-06","134702005","WH",4,,,,"","ALMA","HAA852A1",30013,6002,"2024-02-06","2024-03-06","USD",93.00,100,"3XS:20|2XS:20|XS:20|S:10|M:10|L:10|XL:10"
271853,"2023-09-15 08:39:53.45","#HAA853",50.00,68.00,93.00,120.90,"2024-02-06","134713593","WH",4,,,,"","ALMA","HAA853A1",30022,5002,"2024-02-06","2024-03-06","USD",93.00,100,"3XS:20|2XS:20|XS:20|S:10|M:10|L:10|XL:10"
271854,"2023-09-15 08:39:53.45","#HAA854",50.00,68.00,93.00,120.90,"2024-02-06","134713792","WH",4,,,,"","ALMA","HAA854A1",30025,4002,"2024-02-06","2024-03-06","USD",93.00,100,"3XS:20|2XS:20|XS:20|S:10|M:10|L:10|XL:10"
271855,"2023-09-15 08:39:53.45","#HAA855",50.00,68.00,93.00,120.90,"2024-02-06","134713993","WH",4,,,,"","ALMA","HAA855A1",30026,3002,"2024-02-06","2024-03-06","USD",93.00,100,"3XS:20|2XS:20|XS:20|S:10|M:10|L:10|XL:10"
271856,"2023-09-15 08:39:53.45","#HAA856",50.00,68.00,93.00,120.90,"2024-02-06","134702194","WH",4,,,,"","ALMA","HAA856A1",30027,1002,"2024-02-06","2024-03-06","USD",93.00,100,"3XS:20|2XS:20|XS:20|S:10|M:10|L:10|XL:10"
271857,"2023-09-15 08:39:53.45","#HAA857",50.00,68.00,93.00,120.90,"2024-02-06","134702393","WH",4,,,,"","ALMA","HAA857A1",30029,8002,"2024-02-06","2024-03-06","USD",93.00,100,"3XS:20|2XS:20|XS:20|S:10|M:10|L:10|XL:10"
271858,"2023-09-15 08:39:53.45","#HAA858",50.00,68.00,93.00,120.90,"2024-02-06","134702591","WH",4,,,,"","ALMA","HAA858A1",30045,6002,"2024-02-06","2024-03-06","USD",93.00,100,"3XS:20|2XS:20|XS:20|S:10|M:10|L:10|XL:10"
271859,"2023-09-15 08:39:53.45","#HAA859",50.00,68.00,93.00,120.90,"2024-02-06","134712314","WH",4,,,,"","ALMA","HAA859A1",30046,5002,"2024-02-06","2024-03-06","USD",93.00,100,"3XS:20|2XS:20|XS:20|S:10|M:10|L:10|XL:10"
271860,"2023-09-15 08:39:53.45","#HAA860",50.00,68.00,93.00,120.90,"2024-02-06","134712497","WH",4,,,,"","ALMA","HAA860A1",30047,4002,"2024-02-06","2024-03-06","USD",93.00,100,"3XS:20|2XS:20|XS:20|S:10|M:10|L:10|XL:10"
271861,"2023-09-15 08:39:53.45","#HAA861",50.00,68.00,93.00,120.90,"2024-02-06","134712696","WH",4,,,,"","ALMA","HAA861A1",30065,3002,"2024-02-06","2024-03-06","USD",93.00,100,"3XS:20|2XS:20|XS:20|S:10|M:10|L:10|XL:10"
271862,"2023-09-15 08:39:53.45","#HAA862",50.00,68.00,93.00,120.90,"2024-02-06","134702265","WH",4,,,,"","ALMA","HAA862A1",30066,1002,"2024-02-06","2024-03-06","USD",93.00,100,"3XS:20|2XS:20|XS:20|S:10|M:10|L:10|XL:10"
271863,"2023-09-15 08:39:53.45","#HAA863",50.00,68.00,93.00,120.90,"2024-02-06","134702441","WH",4,,,,"","ALMA","HAA863A1",30067,8002,"2024-02-06","2024-03-06","USD",93.00,100,"3XS:20|2XS:20|XS:20|S:10|M:10|L:10|XL:10"
271864,"2023-09-15 08:39:53.45","#HAA864",50.00,68.00,93.00,120.90,"2024-02-06","134702657","WH",4,,,,"","ALMA","HAA864A1",30068,6002,"2024-02-06","2024-03-06","USD",93.00,100,"3XS:20|2XS:20|XS:20|S:10|M:10|L:10|XL:10"
271865,"2023-09-15 08:39:53.45","#HAA865",50.00,68.00,93.00,120.90,"2024-02-06","134702203","WH",4,,,,"","ALMA","HAA865A1",30069,5002,"2024-02-06","2024-03-06","USD",93.00,100,"3XS:20|2XS:20|XS:20|S:10|M:10|L:10|XL:10"
271866,"2023-09-15 08:39:53.45","#HAA866",50.00,68.00,93.00,120.90,"2024-02-06","134702404","WH",4,,,,"","ALMA","HAA866A1",30070,4002,"2024-02-06","2024-03-06","USD",93.00,100,"3XS:20|2XS:20|XS:20|S:10|M:10|L:10|XL:10"
271867,"2023-09-15 08:39:53.45","#HAA867",50.00,68.00,93.00,120.90,"2024-02-06","134702593","WH",4,,,,"","ALMA","HAA867A1",30071,3002,"2024-02-06","2024-03-06","USD",93.00,100,"3XS:20|2XS:20|XS:20|S:10|M:10|L:10|XL:10"
271868,"2023-09-15 08:39:53.45","#HAA868",50.00,68.00,93.00,120.90,"2024-02-06","134711271","WH",4,,,,"","ALMA","HAA868A1",30072,1002,"2024-02-06","2024-03-06","USD",93.00,100,"3XS:20|2XS:20|XS:20|S:10|M:10|L:10|XL:10"
271869,"2023-09-15 08:39:53.45","#HAA869",50.00,68.00,93.00,120.90,"2024-02-06","134711488","WH",4,,,,"","ALMA","HAA869A1",30073,8002,"2024-02-06","2024-03-06","USD",93.00,100,"3XS:20|2XS:20|XS:20|S:10|M:10|L:10|XL:10"
271870,"2023-09-15 08:39:53.45","#HAA870",50.00,68.00,93.00,120.90,"2024-02-06","134711680","WH",4,,,,"","ALMA","HAA870A1",30074,6002,"2024-02-06","2024-03-06","USD",93.00,100,"3XS:20|2XS:20|XS:20|S:10|M:10|L:10|XL:10"
271871,"2023-09-15 08:39:53.45","#HAA871",50.00,68.00,93.00,120.90,"2024-02-06","134702205","WH",4,,,,"","ALMA","HAA871A1",30075,5002,"2024-02-06","2024-03-06","USD",93.00,100,"3XS:20|2XS:20|XS:20|S:10|M:10|L:10|XL:10"
271872,"2023-09-15 08:39:53.45","#HAA872",50.00,68.00,93.00,120.90,"2024-02-06","134702392","WH",4,,,,"","ALMA","HAA872A1",30076,4002,"2024-02-06","2024-03-06","USD",93.00,100,"3XS:20|2XS:20|XS:20|S:10|M:10|L:10|XL:10"
271873,"2023-09-15 08:39:53.45","#HAA873",50.00,68.00,93.00,120.90,"2024-02-06","134702666","WH",4,,,,"","ALMA","HAA873A1",30077,3002,"2024-02-06","2024-03-06","USD",93.00,100,"3XS:20|2XS:20|XS:20|S:10|M:10|L:10|XL:10"
271874,"2023-09-15 08:39:53.45","#HAA874",50.00,68.00,93.00,120.90,"2024-02-06","134714192","WH",4,,,,"","ALMA","HAA874A1",30078,1002,"2024-02-06","2024-03-06","USD",93.00,100,"3XS:20|2XS:20|XS:20|S:10|M:10|L:10|XL:10"
271875,"2023-09-15 08:39:53.45","#HAA875",50.00,68.00,93.00,120.90,"2024-02-06","134714380","WH",4,,,,"","ALMA","HAA875A1",30013,8002,"2024-02-06","2024-03-06","USD",93.00,100,"3XS:20|2XS:20|XS:20|S:10|M:10|L:10|XL:10"
271876,"2023-09-15 08:39:53.45","#HAA876",50.00,68.00,93.00,120.90,"2024-02-06","134714587","WH",4,,,,"","ALMA","HAA876A1",30022,6002,"2024-02-06","2024-03-06","USD",93.00,100,"3XS:20|2XS:20|XS:20|S:10|M:10|L:10|XL:10"
271877,"2023-09-15 08:39:53.45","#HAA877",50.00,68.00,93.00,120.90,"2024-02-06","134702800","WH",4,,,,"","ALMA","HAA877A1",30025,5002,"2024-02-06","2024-03-06","USD",93.00,100,"3XS:20|2XS:20|XS:20|S:10|M:10|L:10|XL:10"
271878,"2023-09-15 08:39:53.45","#HAA878",50.00,68.00,93.00,120.90,"2024-02-06","134703001","WH",4,,,,"","ALMA","HAA878A1",30026,4002,"2024-02-06","2024-03-06","USD",93.00,100,"3XS:20|2XS:20|XS:20|S:10|M:10|L:10|XL:10"
271879,"2023-09-15 08:39:53.45","#HAA879",50.00,68.00,93.00,120.90,"2024-02-06","134703207","WH",4,,,,"","ALMA","HAA879A1",30027,3002,"2024-02-06","2024-03-06","USD",93.00,100,"3XS:20|2XS:20|XS:20|S:10|M:10|L:10|XL:10"
271880,"2023-09-15 08:39:53.45","#HAA880",50.00,68.00,93.00,120.90,"2024-02-06","134712884","WH",4,,,,"","ALMA","HAA880A1",30029,1002,"2024-02-06","2024-03-06","USD",93.00,100,"3XS:20|2XS:20|XS:20|S:10|M:10|L:10|XL:10"
271881,"2023-09-15 08:39:53.45","#HAA881",50.00,68.00,93.00,120.90,"2024-02-06","134713083","WH",4,,,,"","ALMA","HAA881A1",30045,8002,"2024-02-06","2024-03-06","USD",93.00,100,"3XS:20|2XS:20|XS:20|S:10|M:10|L:10|XL:10"
271882,"2023-09-15 08:39:53.45","#HAA882",50.00,68.00,93.00,120.90,"2024-02-06","134713274","WH",4,,,,"","ALMA","HAA882A1",30046,6002,"2024-02-06","2024-03-06","USD",93.00,100,"3XS:20|2XS:20|XS:20|S:10|M:10|L:10|XL:10"
271883,"2023-09-15 08:39:53.45","#HAA883",50.00,68.00,93.00,120.90,"2024-02-06","134702858","WH",4,,,,"","ALMA","HAA883A1",30047,5002,"2024-02-06","2024-03-06","USD",93.00,100,"3XS:20|2XS:20|XS:20|S:10|M:10|L:10|XL:10"
271884,"2023-09-15 08:39:53.45","#HAA884",50.00,68.00,93.00,120.90,"2024-02-06","134703069","WH",4,,,,"","ALMA","HAA884A1",30065,4002,"2024-02-06","2024-03-06","USD",93.00,100,"3XS:20|2XS:20|XS:20|S:10|M:10|L:10|XL:10"
271885,"2023-09-15 08:39:53.45","#HAA885",50.00,68.00,93.00,120.90,"2024-02-06","134703269","WH",4,,,,"","ALMA","HAA885A1",30066,3002,"2024-02-06","2024-03-06","USD",93.00,100,"3XS:20|2XS:20|XS:20|S:10|M:10|L:10|XL:10"
271886,"2023-09-15 08:39:53.45","#HAA886",50.00,68.00,93.00,120.90,"2024-02-06","134702801","WH",4,,,,"","ALMA","HAA886A1",30067,1002,"2024-02-06","2024-03-06","USD",93.00,100,"3XS:20|2XS:20|XS:20|S:10|M:10|L:10|XL:10"
271887,"2023-09-15 08:39:53.45","#HAA887",50.00,68.00,93.00,120.90,"2024-02-06","134702999","WH",4,,,,"","ALMA","HAA887A1",30068,8002,"2024-02-06","2024-03-06","USD",93.00,100,"3XS:20|2XS:20|XS:20|S:10|M:10|L:10|XL:10"
271888,"2023-09-15 08:39:53.45","#HAA888",50.00,68.00,93.00,120.90,"2024-02-06","134703185","WH",4,,,,"","ALMA","HAA888A1",30069,6002,"2024-02-06","2024-03-06","USD",93.00,100,"3XS:20|2XS:20|XS:20|S:10|M:10|L:10|XL:10"
271889,"2023-09-15 08:39:53.45","#HAA889",50.00,68.00,93.00,120.90,"2024-02-06","134711873","WH",4,,,,"","ALMA","HAA889A1",30070,5002,"2024-02-06","2024-03-06","USD",93.00,100,"3XS:20|2XS:20|XS:20|S:10|M:10|L:10|XL:10"
271890,"2023-09-15 08:39:53.45","#HAA890",50.00,68.00,93.00,120.90,"2024-02-06","134712095","WH",4,,,,"","ALMA","HAA890A1",30071,4002,"2024-02-06","2024-03-06","USD",93.00,100,"3XS:20|2XS:20|XS:20|S:10|M:10|L:10|XL:10"
271891,"2023-09-15 08:39:53.45","#HAA891",50.00,68.00,93.00,120.90,"2024-02-06","134712296","WH",4,,,,"","ALMA","HAA891A1",30072,3002,"2024-02-06","2024-03-06","USD",93.00,100,"3XS:20|2XS:20|XS:20|S:10|M:10|L:10|XL:10"
271892,"2023-09-15 08:39:53.45","#HAA892",50.00,68.00,93.00,120.90,"2024-02-06","134702873","WH",4,,,,"","ALMA","HAA892A1",30073,1002,"2024-02-06","2024-03-06","USD",93.00,100,"3XS:20|2XS:20|XS:20|S:10|M:10|L:10|XL:10"
271893,"2023-09-15 08:39:53.45","#HAA893",50.00,68.00,93.00,120.90,"2024-02-06","134703070","WH",4,,,,"","ALMA","HAA893A1",30074,8002,"2024-02-06","2024-03-06","USD",93.00,100,"3XS:20|2XS:20|XS:20|S:10|M:10|L:10|XL:10"
271894,"2023-09-15 08:39:53.45","#HAA894",50.00,68.00,93.00,120.90,"2024-02-06","134703272","WH",4,,,,"","ALMA","HAA894A1",30075,6002,"2024-02-06","2024-03-06","USD",93.00,100,"3XS:20|2XS:20|XS:20|S:10|M:10|L:10|XL:10"
271895,"2023-09-15 08:39:53.45","#HAA895",50.00,68.00,93.00,120.90,"2024-02-06","134714776","WH",4,,,,"","ALMA","HAA895A1",30076,5002,"2024-02-06","2024-03-06","USD",93.00,100,"3XS:20|2XS:20|XS:20|S:10|M:10|L:10|XL:10"
271896,"2023-09-15 08:39:53.45","#HAA896",50.00,68.00,93.00,120.90,"2024-02-06","134714985","WH",4,,,,"","ALMA","HAA896A1",30077,4002,"2024-02-06","2024-03-06","USD",93.00,100,"3XS:20|2XS:20|XS:20|S:10|M:10|L:10|XL:10"
271897,"2023-09-15 08:39:53.45","#HAA897",50.00,68.00,93.00,120.90,"2024-02-06","134715529","WH",4,,,,"","ALMA","HAA897A1",30078,3002,"2024-02-06","2024-03-06","USD",93.00,100,"3XS:20|2XS:20|XS:20|S:10|M:10|L:10|XL:10"
271898,"2023-09-15 08:39:53.45","#HAA898",50.00,68.00,93.00,120.90,"2024-02-06","134703407","WH",4,,,,"","ALMA","HAA898A1",30013,1002,"2024-02-06","2024-03-06","USD",93.00,100,"3XS:20|2XS:20|XS:20|S:10|M:10|L:10|XL:10"
271899,"2023-09-15 08:39:53.45","#HAA899",50.00,68.00,93.00,120.90,"2024-02-06","134703616","WH",4,,,,"","ALMA","HAA899A1",30022,8002,"2024-02-06","2024-03-06","USD",93.00,100,"3XS:20|2XS:20|XS:20|S:10|M:10|L:10|XL:10"
271900,"2023-09-15 08:39:53.45","#HAA900",50.00,68.00,93.00,120.90,"2024-02-06","134703816","WH",4,,,,"","ALMA","HAA900A1",30025,6002,"2024-02-06","2024-03-06","USD",93.00,100,"3XS:20|2XS:20|XS:20|S:10|M:10|L:10|XL:10"
271901,"2023-09-15 08:39:53.45","#HAA901",50.00,68.00,93.00,120.90,"2024-02-06","134704016","WH",4,,,,"","ALMA","HAA901A1",30026,5002,"2024-02-06","2024-03-06","USD",93.00,100,"3XS:20|2XS:20|XS:20|S:10|M:10|L:10|XL:10"
271902,"2023-09-15 08:39:53.45","#HAA902",50.00,68.00,93.00,120.90,"2024-02-06","134713457","WH",4,,,,"","ALMA","HAA902A1",30027,4002,"2024-02-06","2024-03-06","USD",93.00,100,"3XS:20|2XS:20|XS:20|S:10|M:10|L:10|XL:10"
271903,"2023-09-15 08:39:53.45","#HAA903",50.00,68.00,93.00,120.90,"2024-02-06","134713628","WH",4,,,,"","ALMA","HAA903A1",30029,3002,"2024-02-06","2024-03-06","USD",93.00,100,"3XS:20|2XS:20|XS:20|S:10|M:10|L:10|XL:10"
271904,"2023-09-15 08:39:53.45","#HAA904",50.00,68.00,93.00,120.90,"2024-02-06","134713811","WH",4,,,,"","ALMA","HAA904A1",30045,1002,"2024-02-06","2024-03-06","USD",93.00,100,"3XS:20|2XS:20|XS:20|S:10|M:10|L:10|XL:10"
271905,"2023-09-15 08:39:53.45","#HAA905",50.00,68.00,93.00,120.90,"2024-02-06","134714014","WH",4,,,,"","ALMA","HAA905A1",30046,8002,"2024-02-06","2024-03-06","USD",93.00,100,"3XS:20|2XS:20|XS:20|S:10|M:10|L:10|XL:10"
271906,"2023-09-15 08:39:53.45","#HAA906",50.00,68.00,93.00,120.90,"2024-02-06","134703473","WH",4,,,,"","ALMA","HAA906A1",30047,6002,"2024-02-06","2024-03-06","USD",93.00,100,"3XS:20|2XS:20|XS:20|S:10|M:10|L:10|XL:10"
271907,"2023-09-15 08:39:53.45","#HAA907",50.00,68.00,93.00,120.90,"2024-02-06","134703696","WH",4,,,,"","ALMA","HAA907A1",30065,5002,"2024-02-06","2024-03-06","USD",93.00,100,"3XS:20|2XS:20|XS:20|S:10|M:10|L:10|XL:10"
271908,"2023-09-15 08:39:53.45","#HAA908",50.00,68.00,93.00,120.90,"2024-02-06","134703899","WH",4,,,,"","ALMA","HAA908A1",30066,4002,"2024-02-06","2024-03-06","USD",93.00,100,"3XS:20|2XS:20|XS:20|S:10|M:10|L:10|XL:10"
271909,"2023-09-15 08:39:53.45","#HAA909",50.00,68.00,93.00,120.90,"2024-02-06","134704139","WH",4,,,,"","ALMA","HAA909A1",30067,3002,"2024-02-06","2024-03-06","USD",93.00,100,"3XS:20|2XS:20|XS:20|S:10|M:10|L:10|XL:10"
271910,"2023-09-15 08:39:53.45","#HAA910",50.00,68.00,93.00,120.90,"2024-02-06","134703377","WH",4,,,,"","ALMA","HAA910A1",30068,1002,"2024-02-06","2024-03-06","USD",93.00,100,"3XS:20|2XS:20|XS:20|S:10|M:10|L:10|XL:10"
271911,"2023-09-15 08:39:53.45","#HAA911",50.00,68.00,93.00,120.90,"2024-02-06","134703578","WH",4,,,,"","ALMA","HAA911A1",30069,8002,"2024-02-06","2024-03-06","USD",93.00,100,"3XS:20|2XS:20|XS:20|S:10|M:10|L:10|XL:10"
271912,"2023-09-15 08:39:53.45","#HAA912",50.00,68.00,93.00,120.90,"2024-02-06","134703769","WH",4,,,,"","ALMA","HAA912A1",30070,6002,"2024-02-06","2024-03-06","USD",93.00,100,"3XS:20|2XS:20|XS:20|S:10|M:10|L:10|XL:10"
271913,"2023-09-15 08:39:53.45","#HAA913",50.00,68.00,93.00,120.90,"2024-02-06","134703923","WH",4,,,,"","ALMA","HAA913A1",30071,5002,"2024-02-06","2024-03-06","USD",93.00,100,"3XS:20|2XS:20|XS:20|S:10|M:10|L:10|XL:10"
271914,"2023-09-15 08:39:53.45","#HAA914",50.00,68.00,93.00,120.90,"2024-02-06","134712505","WH",4,,,,"","ALMA","HAA914A1",30072,4002,"2024-02-06","2024-03-06","USD",93.00,100,"3XS:20|2XS:20|XS:20|S:10|M:10|L:10|XL:10"
271915,"2023-09-15 08:39:53.45","#HAA915",50.00,68.00,93.00,120.90,"2024-02-06","134712681","WH",4,,,,"","ALMA","HAA915A1",30073,3002,"2024-02-06","2024-03-06","USD",93.00,100,"3XS:20|2XS:20|XS:20|S:10|M:10|L:10|XL:10"
271916,"2023-09-15 08:39:53.45","#HAA916",50.00,68.00,93.00,120.90,"2024-02-06","134712883","WH",4,,,,"","ALMA","HAA916A1",30074,1002,"2024-02-06","2024-03-06","USD",93.00,100,"3XS:20|2XS:20|XS:20|S:10|M:10|L:10|XL:10"
271917,"2023-09-15 08:39:53.45","#HAA917",50.00,68.00,93.00,120.90,"2024-02-06","134713066","WH",4,,,,"","ALMA","HAA917A1",30075,8002,"2024-02-06","2024-03-06","USD",93.00,100,"3XS:20|2XS:20|XS:20|S:10|M:10|L:10|XL:10"
271918,"2023-09-15 08:39:53.45","#HAA918",50.00,68.00,93.00,120.90,"2024-02-06","134703469","WH",4,,,,"","ALMA","HAA918A1",30076,6002,"2024-02-06","2024-03-06","USD",93.00,100,"3XS:20|2XS:20|XS:20|S:10|M:10|L:10|XL:10"
271919,"2023-09-15 08:39:53.45","#HAA919",50.00,68.00,93.00,120.90,"2024-02-06","134703670","WH",4,,,,"","ALMA","HAA919A1",30077,5002,"2024-02-06","2024-03-06","USD",93.00,100,"3XS:20|2XS:20|XS:20|S:10|M:10|L:10|XL:10"
271920,"2023-09-15 08:39:53.45","#HAA920",50.00,68.00,93.00,120.90,"2024-02-06","134703870","WH",4,,,,"","ALMA","HAA920A1",30078,4002,"2024-02-06","2024-03-06","USD",93.00,100,"3XS:20|2XS:20|XS:20|S:10|M:10|L:10|XL:10"
271921,"2023-09-15 08:39:53.45","#HAA921",50.00,68.00,93.00,120.90,"2024-02-06","134704071","WH",4,,,,"","ALMA","HAA921A1",30013,3002,"2024-02-06","2024-03-06","USD",93.00,100,"3XS:20|2XS:20|XS:20|S:10|M:10|L:10|XL:10"
271922,"2023-09-15 08:39:53.45","#HAA922",50.00,68.00,93.00,120.90,"2024-02-06","134704216","WH",4,,,,"","ALMA","HAA922A1",30022,1002,"2024-02-06","2024-03-06","USD",93.00,100,"3XS:20|2XS:20|XS:20|S:10|M:10|L:10|XL:10"
271923,"2023-09-15 08:39:53.45","#HAA923",50.00,68.00,93.00,120.90,"2024-02-06","134704417","WH",4,,,,"","ALMA","HAA923A1",30025,8002,"2024-02-06","2024-03-06","USD",93.00,100,"3XS:20|2XS:20|XS:20|S:10|M:10|L:10|XL:10"
271924,"2023-09-15 08:39:53.45","#HAA924",50.00,68.00,93.00,120.90,"2024-02-06","134704616","WH",4,,,,"","ALMA","HAA924A1",30026,6002,"2024-02-06","2024-03-06","USD",93.00,100,"3XS:20|2XS:20|XS:20|S:10|M:10|L:10|XL:10"
271925,"2023-09-15 08:39:53.45","#HAA925",50.00,68.00,93.00,120.90,"2024-02-06","134714203","WH",4,,,,"","ALMA","HAA925A1",30027,5002,"2024-02-06","2024-03-06","USD",93.00,100,"3XS:20|2XS:20|XS:20|S:10|M:10|L:10|XL:10"
271926,"2023-09-15 08:39:53.45","#HAA926",50.00,68.00,93.00,120.90,"2024-02-06","134714379","WH",4,,,,"","ALMA","HAA926A1",30029,4002,"2024-02-06","2024-03-06","USD",93.00,100,"3XS:20|2XS:20|XS:20|S:10|M:10|L:10|XL:10"
271927,"2023-09-15 08:39:53.45","#HAA927",50.00,68.00,93.00,120.90,"2024-02-06","134704339","WH",4,,,,"","ALMA","HAA927A1",30045,3002,"2024-02-06","2024-03-06","USD",93.00,100,"3XS:20|2XS:20|XS:20|S:10|M:10|L:10|XL:10"
271928,"2023-09-15 08:39:53.45","#HAA928",50.00,68.00,93.00,120.90,"2024-02-06","134704577","WH",4,,,,"","ALMA","HAA928A1",30046,1002,"2024-02-06","2024-03-06","USD",93.00,100,"3XS:20|2XS:20|XS:20|S:10|M:10|L:10|XL:10"
271929,"2023-09-15 08:39:53.45","#HAA929",50.00,68.00,93.00,120.90,"2024-02-06","134704819","WH",4,,,,"","ALMA","HAA929A1",30047,8002,"2024-02-06","2024-03-06","USD",93.00,100,"3XS:20|2XS:20|XS:20|S:10|M:10|L:10|XL:10"
271930,"2023-09-15 08:39:53.45","#HAA930",50.00,68.00,93.00,120.90,"2024-02-06","134704119","WH",4,,,,"","ALMA","HAA930A1",30065,6002,"2024-02-06","2024-03-06","USD",93.00,100,"3XS:20|2XS:20|XS:20|S:10|M:10|L:10|XL:10"
271931,"2023-09-15 08:39:53.45","#HAA931",50.00,68.00,93.00,120.90,"2024-02-06","134704377","WH",4,,,,"","ALMA","HAA931A1",30066,5002,"2024-02-06","2024-03-06","USD",93.00,100,"3XS:20|2XS:20|XS:20|S:10|M:10|L:10|XL:10"
271932,"2023-09-15 08:39:53.45","#HAA932",50.00,68.00,93.00,120.90,"2024-02-06","134704575","WH",4,,,,"","ALMA","HAA932A1",30067,4002,"2024-02-06","2024-03-06","USD",93.00,100,"3XS:20|2XS:20|XS:20|S:10|M:10|L:10|XL:10"
271933,"2023-09-15 08:39:53.45","#HAA933",50.00,68.00,93.00,120.90,"2024-02-06","134713265","WH",4,,,,"","ALMA","HAA933A1",30068,3002,"2024-02-06","2024-03-06","USD",93.00,100,"3XS:20|2XS:20|XS:20|S:10|M:10|L:10|XL:10"
271934,"2023-09-15 08:39:53.45","#HAA934",50.00,68.00,93.00,120.90,"2024-02-06","134713497","WH",4,,,,"","ALMA","HAA934A1",30069,1002,"2024-02-06","2024-03-06","USD",93.00,100,"3XS:20|2XS:20|XS:20|S:10|M:10|L:10|XL:10"
271935,"2023-09-15 08:39:53.45","#HAA935",50.00,68.00,93.00,120.90,"2024-02-06","134713698","WH",4,,,,"","ALMA","HAA935A1",30070,8002,"2024-02-06","2024-03-06","USD",93.00,100,"3XS:20|2XS:20|XS:20|S:10|M:10|L:10|XL:10"
271936,"2023-09-15 08:39:53.45","#HAA936",50.00,68.00,93.00,120.90,"2024-02-06","134704270","WH",4,,,,"","ALMA","HAA936A1",30071,6002,"2024-02-06","2024-03-06","USD",93.00,100,"3XS:20|2XS:20|XS:20|S:10|M:10|L:10|XL:10"
271937,"2023-09-15 08:39:53.45","#HAA937",50.00,68.00,93.00,120.90,"2024-02-06","134704478","WH",4,,,,"","ALMA","HAA937A1",30072,5002,"2024-02-06","2024-03-06","USD",93.00,100,"3XS:20|2XS:20|XS:20|S:10|M:10|L:10|XL:10"
271938,"2023-09-15 08:39:53.45","#HAA938",50.00,68.00,93.00,120.90,"2024-02-06","134704678","WH",4,,,,"","ALMA","HAA938A1",30073,4002,"2024-02-06","2024-03-06","USD",93.00,100,"3XS:20|2XS:20|XS:20|S:10|M:10|L:10|XL:10"
271939,"2023-09-15 08:39:53.45","#HAA939",50.00,68.00,93.00,120.90,"2024-02-06","134704787","WH",4,,,,"","ALMA","HAA939A1",30074,3002,"2024-02-06","2024-03-06","USD",93.00,100,"3XS:20|2XS:20|XS:20|S:10|M:10|L:10|XL:10"
271940,"2023-09-15 08:39:53.45","#HAA940",50.00,68.00,93.00,120.90,"2024-02-06","134704978","WH",4,,,,"","ALMA","HAA940A1",30075,1002,"2024-02-06","2024-03-06","USD",93.00,100,"3XS:20|2XS:20|XS:20|S:10|M:10|L:10|XL:10"
271941,"2023-09-15 08:39:53.45","#HAA941",50.00,68.00,93.00,120.90,"2024-02-06","134705174","WH",4,,,,"","ALMA","HAA941A1",30076,8002,"2024-02-06","2024-03-06","USD",93.00,100,"3XS:20|2XS:20|XS:20|S:10|M:10|L:10|XL:10"
271942,"2023-09-15 08:39:53.45","#HAA942",50.00,68.00,93.00,120.90,"2024-02-06","134705027","WH",4,,,,"","ALMA","HAA942A1",30077,6002,"2024-02-06","2024-03-06","USD",93.00,100,"3XS:20|2XS:20|XS:20|S:10|M:10|L:10|XL:10"
271943,"2023-09-15 08:39:53.45","#HAA943",50.00,68.00,93.00,120.90,"2024-02-06","134705272","WH",4,,,,"","ALMA","HAA943A1",30078,5002,"2024-02-06","2024-03-06","USD",93.00,100,"3XS:20|2XS:20|XS:20|S:10|M:10|L:10|XL:10"
271944,"2023-09-15 08:39:53.45","#HAA944",50.00,68.00,93.00,120.90,"2024-02-06","134705512","WH",4,,,,"","ALMA","HAA944A1",30013,4002,"2024-02-06","2024-03-06","USD",93.00,100,"3XS:20|2XS:20|XS:20|S:10|M:10|L:10|XL:10"
271945,"2023-09-15 08:39:53.45","#HAA945",50.00,68.00,93.00,120.90,"2024-02-06","134704775","WH",4,,,,"","ALMA","HAA945A1",30022,3002,"2024-02-06","2024-03-06","USD",93.00,100,"3XS:20|2XS:20|XS:20|S:10|M:10|L:10|XL:10"
271946,"2023-09-15 08:39:53.45","#HAA946",50.00,68.00,93.00,120.90,"2024-02-06","134704997","WH",4,,,,"","ALMA","HAA946A1",30025,1002,"2024-02-06","2024-03-06","USD",93.00,100,"3XS:20|2XS:20|XS:20|S:10|M:10|L:10|XL:10"
271947,"2023-09-15 08:39:53.45","#HAA947",50.00,68.00,93.00,120.90,"2024-02-06","134705187","WH",4,,,,"","ALMA","HAA947A1",30026,8002,"2024-02-06","2024-03-06","USD",93.00,100,"3XS:20|2XS:20|XS:20|S:10|M:10|L:10|XL:10"
271948,"2023-09-15 08:39:53.45","#HAA948",50.00,68.00,93.00,120.90,"2024-02-06","134713906","WH",4,,,,"","ALMA","HAA948A1",30027,6002,"2024-02-06","2024-03-06","USD",93.00,100,"3XS:20|2XS:20|XS:20|S:10|M:10|L:10|XL:10"
271949,"2023-09-15 08:39:53.45","#HAA949",50.00,68.00,93.00,120.90,"2024-02-06","134714107","WH",4,,,,"","ALMA","HAA949A1",30029,5002,"2024-02-06","2024-03-06","USD",93.00,100,"3XS:20|2XS:20|XS:20|S:10|M:10|L:10|XL:10"
271950,"2023-09-15 08:39:53.45","#HAA950",50.00,68.00,93.00,120.90,"2024-02-06","134714307","WH",4,,,,"","ALMA","HAA950A1",30045,4002,"2024-02-06","2024-03-06","USD",93.00,100,"3XS:20|2XS:20|XS:20|S:10|M:10|L:10|XL:10"
271951,"2023-09-15 08:39:53.45","#HAA951",50.00,68.00,93.00,120.90,"2024-02-06","134704879","WH",4,,,,"","ALMA","HAA951A1",30046,3002,"2024-02-06","2024-03-06","USD",93.00,100,"3XS:20|2XS:20|XS:20|S:10|M:10|L:10|XL:10"
271952,"2023-09-15 08:39:53.45","#HAA952",50.00,68.00,93.00,120.90,"2024-02-06","134705072","WH",4,,,,"","ALMA","HAA952A1",30047,1002,"2024-02-06","2024-03-06","USD",93.00,100,"3XS:20|2XS:20|XS:20|S:10|M:10|L:10|XL:10"
271953,"2023-09-15 08:39:53.45","#HAA953",50.00,68.00,93.00,120.90,"2024-02-06","134705270","WH",4,,,,"","ALMA","HAA953A1",30065,8002,"2024-02-06","2024-03-06","USD",93.00,100,"3XS:20|2XS:20|XS:20|S:10|M:10|L:10|XL:10"
271954,"2023-09-15 08:39:53.45","#HAA954",50.00,68.00,93.00,120.90,"2024-02-06","134705375","WH",4,,,,"","ALMA","HAA954A1",30066,6002,"2024-02-06","2024-03-06","USD",93.00,100,"3XS:20|2XS:20|XS:20|S:10|M:10|L:10|XL:10"
271955,"2023-09-15 08:39:53.45","#HAA955",50.00,68.00,93.00,120.90,"2024-02-06","134705575","WH",4,,,,"","ALMA","HAA955A1",30067,5002,"2024-02-06","2024-03-06","USD",93.00,100,"3XS:20|2XS:20|XS:20|S:10|M:10|L:10|XL:10"
271956,"2023-09-15 08:39:53.45","#HAA956",50.00,68.00,93.00,120.90,"2024-02-06","134705759","WH",4,,,,"","ALMA","HAA956A1",30068,4002,"2024-02-06","2024-03-06","USD",93.00,100,"3XS:20|2XS:20|XS:20|S:10|M:10|L:10|XL:10"
271957,"2023-09-15 08:39:53.45","#HAA957",50.00,68.00,93.00,120.90,"2024-02-06","134705719","WH",4,,,,"","ALMA","HAA957A1",30069,3002,"2024-02-06","2024-03-06","USD",93.00,100,"3XS:20|2XS:20|XS:20|S:10|M:10|L:10|XL:10"
271958,"2023-09-15 08:39:53.45","#HAA958",50.00,68.00,93.00,120.90,"2024-02-06","134705936","WH",4,,,,"","ALMA","HAA958A1",30070,1002,"2024-02-06","2024-03-06","USD",93.00,100,"3XS:20|2XS:20|XS:20|S:10|M:10|L:10|XL:10"
271959,"2023-09-15 08:39:53.45","#HAA959",50.00,68.00,93.00,120.90,"2024-02-06","134706150","WH",4,,,,"","ALMA","HAA959A1",30071,8002,"2024-02-06","2024-03-06","USD",93.00,100,"3XS:20|2XS:20|XS:20|S:10|M:10|L:10|XL:10"
271960,"2023-09-15 08:39:53.45","#HAA960",50.00,68.00,93.00,120.90,"2024-02-06","134705376","WH",4,,,,"","ALMA","HAA960A1",30072,6002,"2024-02-06","2024-03-06","USD",93.00,100,"3XS:20|2XS:20|XS:20|S:10|M:10|L:10|XL:10"
271961,"2023-09-15 08:39:53.45","#HAA961",50.00,68.00,93.00,120.90,"2024-02-06","134705611","WH",4,,,,"","ALMA","HAA961A1",30073,5002,"2024-02-06","2024-03-06","USD",93.00,100,"3XS:20|2XS:20|XS:20|S:10|M:10|L:10|XL:10"
271962,"2023-09-15 08:39:53.45","#HAA962",50.00,68.00,93.00,120.90,"2024-02-06","134705794","WH",4,,,,"","ALMA","HAA962A1",30074,4002,"2024-02-06","2024-03-06","USD",93.00,100,"3XS:20|2XS:20|XS:20|S:10|M:10|L:10|XL:10"
271963,"2023-09-15 08:39:53.45","#HAA963",50.00,68.00,93.00,120.90,"2024-02-06","134714513","WH",4,,,,"","ALMA","HAA963A1",30075,3002,"2024-02-06","2024-03-06","USD",93.00,100,"3XS:20|2XS:20|XS:20|S:10|M:10|L:10|XL:10"
271964,"2023-09-15 08:39:53.45","#HAA964",50.00,68.00,93.00,120.90,"2024-02-06","134714715","WH",4,,,,"","ALMA","HAA964A1",30076,1002,"2024-02-06","2024-03-06","USD",93.00,100,"3XS:20|2XS:20|XS:20|S:10|M:10|L:10|XL:10"
271965,"2023-09-15 08:39:53.45","#HAA965",50.00,68.00,93.00,120.90,"2024-02-06","134714913","WH",4,,,,"","ALMA","HAA965A1",30077,8002,"2024-02-06","2024-03-06","USD",93.00,100,"3XS:20|2XS:20|XS:20|S:10|M:10|L:10|XL:10"
271966,"2023-09-15 08:39:53.45","#HAA966",50.00,68.00,93.00,120.90,"2024-02-06","134705450","WH",4,,,,"","ALMA","HAA966A1",30078,6002,"2024-02-06","2024-03-06","USD",93.00,100,"3XS:20|2XS:20|XS:20|S:10|M:10|L:10|XL:10"
271967,"2023-09-15 08:39:53.45","#HAA967",50.00,68.00,93.00,120.90,"2024-02-06","134705650","WH",4,,,,"","ALMA","HAA967A1",30013,5002,"2024-02-06","2024-03-06","USD",93.00,100,"3XS:20|2XS:20|XS:20|S:10|M:10|L:10|XL:10"
271968,"2023-09-15 08:39:53.45","#HAA968",50.00,68.00,93.00,120.90,"2024-02-06","134705838","WH",4,,,,"","ALMA","HAA968A1",30022,4002,"2024-02-06","2024-03-06","USD",93.00,100,"3XS:20|2XS:20|XS:20|S:10|M:10|L:10|XL:10"
271969,"2023-09-15 08:39:53.45","#HAA969",50.00,68.00,93.00,120.90,"2024-02-06","134705960","WH",4,,,,"","ALMA","HAA969A1",30025,3002,"2024-02-06","2024-03-06","USD",93.00,100,"3XS:20|2XS:20|XS:20|S:10|M:10|L:10|XL:10"
271970,"2023-09-15 08:39:53.45","#HAA970",50.00,68.00,93.00,120.90,"2024-02-06","134706159","WH",4,,,,"","ALMA","HAA970A1",30026,1002,"2024-02-06","2024-03-06","USD",93.00,100,"3XS:20|2XS:20|XS:20|S:10|M:10|L:10|XL:10"
271971,"2023-09-15 08:39:53.45","#HAA971",50.00,68.00,93.00,120.90,"2024-02-06","134706358","WH",4,,,,"","ALMA","HAA971A1",30027,8002,"2024-02-06","2024-03-06","USD",93.00,100,"3XS:20|2XS:20|XS:20|S:10|M:10|L:10|XL:10"
271972,"2023-09-15 08:39:53.45","#HAA972",50.00,68.00,93.00,120.90,"2024-02-06","134706557","WH",4,,,,"","ALMA","HAA972A1",30029,6002,"2024-02-06","2024-03-06","USD",93.00,100,"3XS:20|2XS:20|XS:20|S:10|M:10|L:10|XL:10"
271973,"2023-09-15 08:39:53.45","#HAA973",50.00,68.00,93.00,120.90,"2024-02-06","134706357","WH",4,,,,"","ALMA","HAA973A1",30045,5002,"2024-02-06","2024-03-06","USD",93.00,100,"3XS:20|2XS:20|XS:20|S:10|M:10|L:10|XL:10"
271974,"2023-09-15 08:39:53.45","#HAA974",50.00,68.00,93.00,120.90,"2024-02-06","134706558","WH",4,,,,"","ALMA","HAA974A1",30046,4002,"2024-02-06","2024-03-06","USD",93.00,100,"3XS:20|2XS:20|XS:20|S:10|M:10|L:10|XL:10"
271975,"2023-09-15 08:39:53.45","#HAA975",50.00,68.00,93.00,120.90,"2024-02-06","134706766","WH",4,,,,"","ALMA","HAA975A1",30047,3002,"2024-02-06","2024-03-06","USD",93.00,100,"3XS:20|2XS:20|XS:20|S:10|M:10|L:10|XL:10"
271976,"2023-09-15 08:39:53.45","#HAA976",50.00,68.00,93.00,120.90,"2024-02-06","134706959","WH",4,,,,"","ALMA","HAA976A1",30065,1002,"2024-02-06","2024-03-06","USD",93.00,100,"3XS:20|2XS:20|XS:20|S:10|M:10|L:10|XL:10"
271977,"2023-09-15 08:39:53.45","#HAA977",50.00,68.00,93.00,120.90,"2024-02-06","134705986","WH",4,,,,"","ALMA","HAA977A1",30066,8002,"2024-02-06","2024-03-06","USD",93.00,100,"3XS:20|2XS:20|XS:20|S:10|M:10|L:10|XL:10"
271978,"2023-09-15 08:39:53.45","#HAA978",50.00,68.00,93.00,120.90,"2024-02-06","134706169","WH",4,,,,"","ALMA","HAA978A1",30067,6002,"2024-02-06","2024-03-06","USD",93.00,100,"3XS:20|2XS:20|XS:20|S:10|M:10|L:10|XL:10"
271979,"2023-09-15 08:39:53.45","#HAA979",50.00,68.00,93.00,120.90,"2024-02-06","134706362","WH",4,,,,"","ALMA","HAA979A1",30068,5002,"2024-02-06","2024-03-06","USD",93.00,100,"3XS:20|2XS:20|XS:20|S:10|M:10|L:10|XL:10"
271980,"2023-09-15 08:39:53.45","#HAA980",50.00,68.00,93.00,120.90,"2024-02-06","134706559","WH",4,,,,"","ALMA","HAA980A1",30069,4002,"2024-02-06","2024-03-06","USD",93.00,100,"3XS:20|2XS:20|XS:20|S:10|M:10|L:10|XL:10"
271981,"2023-09-15 08:39:53.45","#HAA981",50.00,68.00,93.00,120.90,"2024-02-06","134715115","WH",4,,,,"","ALMA","HAA981A1",30070,3002,"2024-02-06","2024-03-06","USD",93.00,100,"3XS:20|2XS:20|XS:20|S:10|M:10|L:10|XL:10"
271982,"2023-09-15 08:39:53.45","#HAA982",50.00,68.00,93.00,120.90,"2024-02-06","134715322","WH",4,,,,"","ALMA","HAA982A1",30071,1002,"2024-02-06","2024-03-06","USD",93.00,100,"3XS:20|2XS:20|XS:20|S:10|M:10|L:10|XL:10"
271983,"2023-09-15 08:39:53.45","#HAA983",50.00,68.00,93.00,120.90,"2024-02-06","134706097","WH",4,,,,"","ALMA","HAA983A1",30072,8002,"2024-02-06","2024-03-06","USD",93.00,100,"3XS:20|2XS:20|XS:20|S:10|M:10|L:10|XL:10"
271984,"2023-09-15 08:39:53.45","#HAA984",50.00,68.00,93.00,120.90,"2024-02-06","134706304","WH",4,,,,"","ALMA","HAA984A1",30073,6002,"2024-02-06","2024-03-06","USD",93.00,100,"3XS:20|2XS:20|XS:20|S:10|M:10|L:10|XL:10"
271985,"2023-09-15 08:39:53.45","#HAA985",50.00,68.00,93.00,120.90,"2024-02-06","134706482","WH",4,,,,"","ALMA","HAA985A1",30074,5002,"2024-02-06","2024-03-06","USD",93.00,100,"3XS:20|2XS:20|XS:20|S:10|M:10|L:10|XL:10"
271986,"2023-09-15 08:39:53.45","#HAA986",50.00,68.00,93.00,120.90,"2024-02-06","134706646","WH",4,,,,"","ALMA","HAA986A1",30075,4002,"2024-02-06","2024-03-06","USD",93.00,100,"3XS:20|2XS:20|XS:20|S:10|M:10|L:10|XL:10"
271987,"2023-09-15 08:39:53.45","#HAA987",50.00,68.00,93.00,120.90,"2024-02-06","134706757","WH",4,,,,"","ALMA","HAA987A1",30076,3002,"2024-02-06","2024-03-06","USD",93.00,100,"3XS:20|2XS:20|XS:20|S:10|M:10|L:10|XL:10"
271988,"2023-09-15 08:39:53.45","#HAA988",50.00,68.00,93.00,120.90,"2024-02-06","134706957","WH",4,,,,"","ALMA","HAA988A1",30077,1002,"2024-02-06","2024-03-06","USD",93.00,100,"3XS:20|2XS:20|XS:20|S:10|M:10|L:10|XL:10"
271989,"2023-09-15 08:39:53.45","#HAA989",50.00,68.00,93.00,120.90,"2024-02-06","134707150","WH",4,,,,"","ALMA","HAA989A1",30078,8002,"2024-02-06","2024-03-06","USD",93.00,100,"3XS:20|2XS:20|XS:20|S:10|M:10|L:10|XL:10"
271990,"2023-09-15 08:39:53.45","#HAA990",50.00,68.00,93.00,120.90,"2024-02-06","134706769","WH",4,,,,"","ALMA","HAA990A1",30013,6002,"2024-02-06","2024-03-06","USD",93.00,100,"3XS:20|2XS:20|XS:20|S:10|M:10|L:10|XL:10"
271991,"2023-09-15 08:39:53.45","#HAA991",50.00,68.00,93.00,120.90,"2024-02-06","134706969","WH",4,,,,"","ALMA","HAA991A1",30022,5002,"2024-02-06","2024-03-06","USD",93.00,100,"3XS:20|2XS:20|XS:20|S:10|M:10|L:10|XL:10"
271992,"2023-09-15 08:39:53.45","#HAA992",50.00,68.00,93.00,120.90,"2024-02-06","134706830","WH",4,,,,"","ALMA","HAA992A1",30025,4002,"2024-02-06","2024-03-06","USD",93.00,100,"3XS:20|2XS:20|XS:20|S:10|M:10|L:10|XL:10"
271993,"2023-09-15 08:39:53.45","#HAA993",50.00,68.00,93.00,120.90,"2024-02-06","134707067","WH",4,,,,"","ALMA","HAA993A1",30026,3002,"2024-02-06","2024-03-06","USD",93.00,100,"3XS:20|2XS:20|XS:20|S:10|M:10|L:10|XL:10"
271994,"2023-09-15 08:39:53.45","#HAA994",50.00,68.00,93.00,120.90,"2024-02-06","134707264","WH",4,,,,"","ALMA","HAA994A1",30027,1002,"2024-02-06","2024-03-06","USD",93.00,100,"3XS:20|2XS:20|XS:20|S:10|M:10|L:10|XL:10"
271995,"2023-09-15 08:39:53.45","#HAA995",50.00,68.00,93.00,120.90,"2024-02-06","134707342","WH",4,,,,"","ALMA","HAA995A1",30029,8002,"2024-02-06","2024-03-06","USD",93.00,100,"3XS:20|2XS:20|XS:20|S:10|M:10|L:10|XL:10"
271996,"2023-09-15 08:39:53.45","#HAA996",50.00,68.00,93.00,120.90,"2024-02-06","134707521","WH",4,,,,"","ALMA","HAA996A1",30045,6002,"2024-02-06","2024-03-06","USD",93.00,100,"3XS:20|2XS:20|XS:20|S:10|M:10|L:10|XL:10"
271997,"2023-09-15 08:39:53.45","#HAA997",50.00,68.00,93.00,120.90,"2024-02-06","134707705","WH",4,,,,"","ALMA","HAA997A1",30046,5002,"2024-02-06","2024-03-06","USD",93.00,100,"3XS:20|2XS:20|XS:20|S:10|M:10|L:10|XL:10"
271998,"2023-09-15 08:39:53.45","#HAA998",50.00,68.00,93.00,120.90,"2024-02-06","134707206","WH",4,,,,"","ALMA","HAA998A1",30047,4002,"2024-02-06","2024-03-06","USD",93.00,100,"3XS:20|2XS:20|XS:20|S:10|M:10|L:10|XL:10"
271999,"2023-09-15 08:39:53.45","#HAA999",50.00,68.00,93.00,120.90,"2024-02-06","134707385","WH",4,,,,"","ALMA","HAA999A1",30065,3002,"2024-02-06","2024-03-06","USD",93.00,100,"3XS:20|2XS:20|XS:20|S:10|M:10|L:10|XL:10"
272000,"2023-09-15 08:39:53.45","#HAB001",50.00,68.00,93.00,120.90,"2024-02-06","134707585","WH",4,,,,"","ALMA","HAB001A1",30066,1002,"2024-02-06","2024-03-06","USD",93.00,100,"3XS:20|2XS:20|XS:20|S:10|M:10|L:10|XL:10"