"INVOICEREFERENCE","PAYMENTREFERENCE","ORDERID","DISCOUNTTOTALAMOUNT","DISCOUNTCODE","DISCOUNTTYPE","DISCOUNTVALUE","WLOCATION","STOCKREFERENCE","SKU","QUANTITY","CURRENTPRICE","TOTALPRICE","TOTALQTY","DELIVERYCOUNTRYCODE","ORDERREFERENCE","IDORCONVERSIONID","CURRENCYCODE","ACTION","CODE","RETURNQTY","USER_DEF_TYPE_4","LOCK_CODE","ORDERTYPE","PRICEVERSIONID","SL_NO","COUNTRYCODE","COUNTRYSTATEPROVINCEAREACODE","LOCALITY","COUNTYSTATEPROVINCEAREA","COUNTRYNAME","CUSTOMERID","PRICETOPAY","PRICECURRENT","LANGUAGECODE","BROWSECOUNTRY","EAN","PREVIOUS","DISCOUNTMETHOD","SELLERID","SUBSCRIPTION_PRICE","ORDERTOTAL","GRANDTOTAL","PAYMENTMETHOD","LOC","SOURCEDESC","SOURCEID","SELLERDESC","ROW_NUM"
"JAN010788052","9e877617-337c-4ce9-b476-31ee0ebfe2bb","JAN010788052",41.97,"moreplease","Percentage",13.99,"FC04","900212648","111548698",3,14,42,42,"GB","JAN010788052",5910,"GBP","E","Receipt Return",1,"JAN010788052","AQL","Consumer","PRMP000002000200000004956117420220427020000",109,"GB","","Burnley","Lancs","UK","OCT040788052",1,1,"en-AU","GB","",27.99,"Product","",8,42,50,"AfterPayArvato",20012,"ASOSUK","ASOSUK","",2
"JAN010788052","9e877617-337c-4ce9-b476-31ee0ebfe2bb","JAN010788052",81,"moreplease","Percentage",27,"FC01","900212648","113149433",3,108,324,324,"GB","JAN010788052",5910,"GBP","E","Receipt Return",1,"JAN010788052","AQL","Consumer","PRMP000002000200000004957591520220427020000",110,"GB","","Burnley","Lancs","UK","OCT040788052",1,1,"en-AU","GB","",135,"Product","",8,324,332,"AfterPayArvato",20002,"ASOSUK","ASOSUK","",3
"JAN010788052","9e877617-337c-4ce9-b476-31ee0ebfe2bb","JAN010788052",30,"moreplease","Percentage",10,"FC01","900212648","113149470",3,40,120,120,"GB","JAN010788052",5910,"GBP","E","Receipt Return",1,"JAN010788052","AQL","Consumer","PRMP000002000200000004957048120220427020000",111,"GB","","Burnley","Lancs","UK","OCT040788052",1,1,"en-AU","GB","",50,"Product","",8,120,128,"AfterPayArvato",20002,"ASOSUK","ASOSUK","",4
"JAN010788053","f3ecee1c-a7b7-4e4c-9c46-e167a0e69552","JAN010788053",29.97,"moreplease","Percentage",9.99,"FC04","900222163","105383899",3,13,39,39,"GB","JAN010788053",5910,"GBP","E","Receipt Return",1,"JAN010788053","AQL","Consumer","PRMP000002000200000004958010320220427020000",112,"GB","","Burnley","Lancs","UK","OCT040788053",1,1,"en-AU","GB","",22.99,"Product","",8,39,47,"Card",20012,"ASOSUK","ASOSUK","",1
"JAN010788053","f3ecee1c-a7b7-4e4c-9c46-e167a0e69552","JAN010788053",29.97,"moreplease","Percentage",9.99,"FC04","900222163","105383900",3,13,39,39,"GB","JAN010788053",5910,"GBP","E","Receipt Return",1,"JAN010788053","AQL","Consumer","PRMP000002000200000004958010320220427020000",113,"GB","","Burnley","Lancs","UK","OCT040788053",1,1,"en-AU","GB","",22.99,"Product","",8,39,47,"Card",20012,"ASOSUK","ASOSUK","",2
"JAN010788053","f3ecee1c-a7b7-4e4c-9c46-e167a0e69552","JAN010788053",41.25,"moreplease","Percentage",13.75,"FC01","900222163","11312443",3,9.25,27.75,27.75,"GB","JAN010788053",5910,"GBP","E","Receipt Return",1,"JAN010788053","AQL","Consumer","CLRP0000020002000000241639116",114,"GB","","Burnley","Lancs","UK","OCT040788053",1,1,"en-AU","GB","",23,"Product","",8,27.75,35.75,"Card",20002,"ASOSUK","ASOSUK","",5
"JAN010788053","f3ecee1c-a7b7-4e4c-9c46-e167a0e69552","JAN010788053",34.47,"moreplease","Percentage",11.49,"FC01","900222163","113124422",3,21.5,64.5,64.5,"GB","JAN010788053",5910,"GBP","E","Receipt Return",1,"JAN010788053","AQL","Consumer","PRMP000002000200000004955728020220427020000",115,"GB","","Burnley","Lancs","UK","OCT040788053",1,1,"en-AU","GB","",32.99,"Product","",8,64.5,72.5,"Card",20002,"ASOSUK","ASOSUK","",4
"JAN010788056","77edb0ef-9ec1-49aa-952e-310de2d53f3d","JAN010788056",38.97,"moreplease","Percentage",12.99,"FC04","900173339","111009765",3,20,60,60,"GB","JAN010788056",5910,"GBP","E","Receipt Return",1,"JAN010788056","AQL","Consumer","PRMP000002000200000005106485520220427020000",1,"GB","","Burnley","Lancs","UK","OCT040788056",1,1,"en-AU","GB","",32.99,"Product","SCAAFS",8,60,68,"BankTransfers",20012,"","","SCALPERS",1
"JAN010788056","77edb0ef-9ec1-49aa-952e-310de2d53f3d","JAN010788056",5.97,"moreplease","Percentage",1.99,"FC04","900173339","113110774",3,8,24,24,"GB","JAN010788056",5910,"GBP","E","Receipt Return",1,"JAN010788056","AQL","Consumer","PRMP000002000200000005106473820220427020000",2,"GB","","Burnley","Lancs","UK","OCT040788056",1,1,"en-AU","GB","",9.99,"Product","SCAAFS",8,24,32,"BankTransfers",20012,"","","SCALPERS",3
"JAN010788056","77edb0ef-9ec1-49aa-952e-310de2d53f3d","JAN010788056",13.5,"moreplease","Percentage",4.5,"FC01","900173339","113113633",3,10.5,31.5,31.5,"GB","JAN010788056",5910,"GBP","E","Receipt Return",1,"JAN010788056","AQL","Consumer","PRMP000002000200000004958458420220427020000",3,"GB","","Burnley","Lancs","UK","OCT040788056",1,1,"en-AU","GB","",15,"Product","SCAAFS",8,31.5,39.5,"BankTransfers",20002,"","","SCALPERS",4
"JAN010788057","7cf130b1-15d5-4560-aac0-d85216545a4a","JAN010788057",44.97,"moreplease","Percentage",14.99,"FC04","900228126","110928747",3,21,63,63,"GB","JAN010788057",5910,"GBP","E","Receipt Return",1,"JAN010788057","AQL","Consumer","PRMP000002000200000004957384520220427020000",4,"GB","","Burnley","Lancs","UK","OCT040788057",1,1,"en-AU","GB","",35.99,"Product","SCAAFS",8,63,71,"Card",20012,"","","SCALPERS",1
"JAN010788057","7cf130b1-15d5-4560-aac0-d85216545a4a","JAN010788057",13.5,"moreplease","Percentage",4.5,"FC01","900228126","113113637",3,10.5,31.5,31.5,"GB","JAN010788057",5910,"GBP","E","Receipt Return",1,"JAN010788057","AQL","Consumer","PRMP000002000200000004958458420220427020000",5,"GB","","Burnley","Lancs","UK","OCT040788057",1,1,"en-AU","GB","",15,"Product","SCAAFS",8,31.5,39.5,"Card",20002,"","","SCALPERS",5
"JAN010788057","7cf130b1-15d5-4560-aac0-d85216545a4a","JAN010788057",13.5,"moreplease","Percentage",4.5,"FC01","900228126","113113636",3,10.5,31.5,31.5,"GB","JAN010788057",5910,"GBP","E","Receipt Return",1,"JAN010788057","AQL","Consumer","PRMP000002000200000004958458420220427020000",6,"GB","","Burnley","Lancs","UK","OCT040788057",1,1,"en-AU","GB","",15,"Product","SCAAFS",8,31.5,39.5,"Card",20002,"","","SCALPERS",4
"JAN010788057","7cf130b1-15d5-4560-aac0-d85216545a4a","JAN010788057",13.5,"moreplease","Percentage",4.5,"FC01","900228126","113113632",3,10.5,31.5,31.5,"GB","JAN010788057",5910,"GBP","E","Receipt Return",1,"JAN010788057","AQL","Consumer","PRMP000002000200000004958458420220427020000",7,"GB","","Burnley","Lancs","UK","OCT040788057",1,1,"en-AU","GB","",15,"Product","SCAAFS",8,31.5,39.5,"Card",20002,"","","SCALPERS",3
"JAN010788058","85bb7f62-a36a-4571-a26a-76df9cacf370","JAN010788058",17.97,"moreplease","Percentage",5.99,"FC04","900164867","106258509",3,8,24,24,"GB","JAN010788058",5910,"GBP","E","Receipt Return",1,"JAN010788058","AQL","Consumer","PRMP000002000200000005107310820220427020000",8,"GB","","Burnley","Lancs","UK","OCT040788058",1,1,"en-AU","GB","",13.99,"Product","SCAAFS",8,24,32,"Card",20012,"","","SCALPERS",1
"JAN010788058","85bb7f62-a36a-4571-a26a-76df9cacf370","JAN010788058",23.97,"moreplease","Percentage",7.99,"FC04","900164867","106258518",3,6,18,18,"GB","JAN010788058",5910,"GBP","E","Receipt Return",1,"JAN010788058","AQL","Consumer","PRMP000002000200000004956248820220427020000",9,"GB","","Burnley","Lancs","UK","OCT040788058",1,1,"en-AU","GB","5057112334580",13.99,"Product","SCAAFS",8,18,26,"Card",20012,"","","SCALPERS",2
"JAN010788058","85bb7f62-a36a-4571-a26a-76df9cacf370","JAN010788058",42.75,"moreplease","Percentage",14.25,"FC01","900164867","113112482",3,21.75,65.25,65.25,"GB","JAN010788058",5910,"GBP","E","Receipt Return",1,"JAN010788058","AQL","Consumer","PRMP000002000200000004957046920220427020000",10,"GB","","Burnley","Lancs","UK","OCT040788058",1,1,"en-AU","GB","",36,"Product","SCAAFS",8,65.25,73.25,"Card",20002,"","","SCALPERS",3
"JAN010788058","85bb7f62-a36a-4571-a26a-76df9cacf370","JAN010788058",13.5,"moreplease","Percentage",4.5,"FC01","900164867","113113635",3,10.5,31.5,31.5,"GB","JAN010788058",5910,"GBP","E","Receipt Return",1,"JAN010788058","AQL","Consumer","PRMP000002000200000004958458420220427020000",11,"GB","","Burnley","Lancs","UK","OCT040788058",1,1,"en-AU","GB","",15,"Product","SCAAFS",8,31.5,39.5,"Card",20002,"","","SCALPERS",4
"JAN010788060","332bf061-a96e-426a-ad0c-f643e302d168","JAN010788060",50.97,"moreplease","Percentage",16.99,"FC04","900122619","12033975",3,23,69,69,"GB","JAN010788060",5910,"GBP","E","Receipt Return",1,"JAN010788060","AQL","Consumer","PRMP000002000200000005101387720220427020000",12,"GB","","Burnley","Lancs","UK","OCT040788060",1,1,"en-AU","GB","",39.99,"Product","SCAAFS",8,69,77,"Card",20012,"","","SCALPERS",5
"JAN010788060","332bf061-a96e-426a-ad0c-f643e302d168","JAN010788060",31.5,"moreplease","Percentage",10.5,"FC01","900122619","110929071",3,19.5,58.5,58.5,"GB","JAN010788060",5910,"GBP","E","Receipt Return",1,"JAN010788060","AQL","Consumer","PRMP000002000200000004957337620220427020000",13,"GB","","Burnley","Lancs","UK","OCT040788060",1,1,"en-AU","GB","",30,"Product","SCAAFS",8,58.5,66.5,"Card",20002,"","","SCALPERS",1
"JAN010788060","332bf061-a96e-426a-ad0c-f643e302d168","JAN010788060",15.75,"moreplease","Percentage",5.25,"FC01","900122619","110929112",3,29.75,89.25,89.25,"GB","JAN010788060",5910,"GBP","E","Receipt Return",1,"JAN010788060","AQL","Consumer","PRMP000002000200000005126425720220428103000",14,"GB","","Burnley","Lancs","UK","OCT040788060",1,1,"en-AU","GB","",35,"Product","SCAAFS",8,89.25,97.25,"Card",20002,"","","SCALPERS",2
"JAN010788062","05d3d754-42db-4e2d-ae9d-00d7f926a5f9","JAN010788062",12.75,"moreplease","Percentage",4.25,"FC01","900228127","110653545",3,17.75,53.25,53.25,"GB","JAN010788062",5910,"GBP","E","Receipt Return",1,"JAN010788062","AQL","Consumer","PRMP000002000200000004956037320220427020000",24,"GB","","Burnley","Lancs","UK","OCT040788062",1,1,"en-AU","GB","",22,"Product","SCAAFS1",8,53.25,61.25,"Card",20002,"","","SCALPERS1",2
"JAN010788063","f16a9f3e-9268-4652-a1a0-b2d876a0bba6","JAN010788063",59.97,"moreplease","Percentage",19.99,"FC04","900122620","106503347",3,15,45,45,"GB","JAN010788063",5910,"GBP","E","Receipt Return",1,"JAN010788063","AQL","Consumer","PRMP000002000200000004958569620220427020000",25,"GB","","Burnley","Lancs","UK","OCT040788063",1,1,"en-AU","GB","",34.99,"Product","SCAAFS1",8,45,53,"Card",20012,"","","SCALPERS1",1
"JAN010788063","f16a9f3e-9268-4652-a1a0-b2d876a0bba6","JAN010788063",12.75,"moreplease","Percentage",4.25,"FC01","900122620","110653539",3,17.75,53.25,53.25,"GB","JAN010788063",5910,"GBP","E","Receipt Return",1,"JAN010788063","AQL","Consumer","PRMP000002000200000004956037220220427020000",26,"GB","","Burnley","Lancs","UK","OCT040788063",1,1,"en-AU","GB","",22,"Product","SCAAFS1",8,53.25,61.25,"Card",20002,"","","SCALPERS1",4
"JAN010788063","f16a9f3e-9268-4652-a1a0-b2d876a0bba6","JAN010788063",12.75,"moreplease","Percentage",4.25,"FC01","900122620","110653538",3,17.75,53.25,53.25,"GB","JAN010788063",5910,"GBP","E","Receipt Return",1,"JAN010788063","AQL","Consumer","PRMP000002000200000004956037220220427020000",27,"GB","","Burnley","Lancs","UK","OCT040788063",1,1,"en-AU","GB","",22,"Product","SCAAFS1",8,53.25,61.25,"Card",20002,"","","SCALPERS1",3
"JAN010788064","e969c96d-fcef-4f88-82cd-99a12c53fc23","JAN010788064",50.97,"moreplease","Percentage",16.99,"FC04","900114138","12033974",3,23,69,69,"GB","JAN010788064",5910,"GBP","E","Receipt Return",1,"JAN010788064","AQL","Consumer","PRMP000002000200000005101387720220427020000",28,"GB","","Burnley","Lancs","UK","OCT040788064",1,1,"en-AU","GB","",39.99,"Product","SCAAFS1",8,69,77,"Card",20012,"","","SCALPERS1",4
"JAN010788064","e969c96d-fcef-4f88-82cd-99a12c53fc23","JAN010788064",37.5,"moreplease","Percentage",12.5,"FC01","900114138","110578520",3,29.5,88.5,88.5,"GB","JAN010788064",5910,"GBP","E","Receipt Return",1,"JAN010788064","AQL","Consumer","PRMP000002000200000004958224320220427020000",29,"GB","","Burnley","Lancs","UK","OCT040788064",1,1,"en-AU","GB","",42,"Product","SCAAFS1",8,88.5,96.5,"Card",20002,"","","SCALPERS1",1
"JAN010788064","e969c96d-fcef-4f88-82cd-99a12c53fc23","JAN010788064",51,"moreplease","Percentage",17,"FC01","900114138","7437952",3,68,204,204,"GB","JAN010788064",5910,"GBP","E","Receipt Return",1,"JAN010788064","AQL","Consumer","PRMP000002000200000004951522520220427020000",30,"GB","","Burnley","Lancs","UK","OCT040788064",1,1,"en-AU","GB","",85,"Product","SCAAFS1",8,204,212,"Card",20002,"","","SCALPERS1",5
"JAN010788064","e969c96d-fcef-4f88-82cd-99a12c53fc23","JAN010788064",24.75,"moreplease","Percentage",8.25,"FC01","900114138","110578528",3,33.75,101.25,101.25,"GB","JAN010788064",5910,"GBP","E","Receipt Return",1,"JAN010788064","AQL","Consumer","PRMP000002000200000004958224420220427020000",31,"GB","","Burnley","Lancs","UK","OCT040788064",1,1,"en-AU","GB","",42,"Product","SCAAFS1",8,101.25,109.25,"Card",20002,"","","SCALPERS1",2
"JAN010788065","b3f48ef2-ffd6-41fc-b43d-dae76e94998a","JAN010788065",68.97,"moreplease","Percentage",22.99,"FC04","900260438","110669155",3,27,81,81,"GB","JAN010788065",5910,"GBP","E","Receipt Return",1,"JAN010788065","AQL","Consumer","PRMP000002000200000004958244220220427020000",32,"GB","","Burnley","Lancs","UK","OCT040788065",1,1,"en-AU","GB","",49.99,"Product","SCAAFS1",8,81,89,"Card",20012,"","","SCALPERS1",5
"JAN010788065","b3f48ef2-ffd6-41fc-b43d-dae76e94998a","JAN010788065",15,"moreplease","Percentage",5,"FC01","900260438","104955619",3,20,60,60,"GB","JAN010788065",5910,"GBP","E","Receipt Return",1,"JAN010788065","AQL","Consumer","PRMP000002000200000004956668020220427020000",33,"GB","","Burnley","Lancs","UK","OCT040788065",1,1,"en-AU","GB","5059553037365",25,"Product","SCAAFS1",8,60,68,"Card",20002,"","","SCALPERS1",1
"JAN010788065","b3f48ef2-ffd6-41fc-b43d-dae76e94998a","JAN010788065",15,"moreplease","Percentage",5,"FC01","900260438","104955620",3,20,60,60,"GB","JAN010788065",5910,"GBP","E","Receipt Return",1,"JAN010788065","AQL","Consumer","PRMP000002000200000004956668020220427020000",34,"GB","","Burnley","Lancs","UK","OCT040788065",1,1,"en-AU","GB","5059553037358",25,"Product","SCAAFS1",8,60,68,"Card",20002,"","","SCALPERS1",2
"JAN010788065","b3f48ef2-ffd6-41fc-b43d-dae76e94998a","JAN010788065",37.5,"moreplease","Percentage",12.5,"FC01","900260438","110578521",3,29.5,88.5,88.5,"GB","JAN010788065",5910,"GBP","E","Receipt Return",1,"JAN010788065","AQL","Consumer","PRMP000002000200000004958224320220427020000",35,"GB","","Burnley","Lancs","UK","OCT040788065",1,1,"en-AU","GB","",42,"Product","SCAAFS1",8,88.5,96.5,"Card",20002,"","","SCALPERS1",3
"JAN010788066","e0b62bde-3acc-4823-af5a-e7527b1487b6","JAN010788066",17.97,"moreplease","Percentage",5.99,"FC04","900114139","8764147",3,16,48,48,"GB","JAN010788066",5910,"GBP","E","Receipt Return",1,"JAN010788066","AQL","Consumer","PRMP000002000200000004957427120220427020000",36,"GB","","Burnley","Lancs","UK","OCT040788066",1,1,"en-AU","GB","",21.99,"Product","SCAAFS1",8,48,56,"Card",20012,"","","SCALPERS1",4
"JAN010788066","e0b62bde-3acc-4823-af5a-e7527b1487b6","JAN010788066",68.97,"moreplease","Percentage",22.99,"FC04","900114139","110669156",3,27,81,81,"GB","JAN010788066",5910,"GBP","E","Receipt Return",1,"JAN010788066","AQL","Consumer","PRMP000002000200000004958244220220427020000",37,"GB","","Burnley","Lancs","UK","OCT040788066",1,1,"en-AU","GB","",49.99,"Product","SCAAFS",8,81,89,"Card",20012,"","","SCALPERS",3
"JAN010788066","e0b62bde-3acc-4823-af5a-e7527b1487b6","JAN010788066",24.75,"moreplease","Percentage",8.25,"FC01","900114139","110578529",3,33.75,101.25,101.25,"GB","JAN010788066",5910,"GBP","E","Receipt Return",1,"JAN010788066","AQL","Consumer","PRMP000002000200000004958224420220427020000",38,"GB","","Burnley","Lancs","UK","OCT040788066",1,1,"en-AU","GB","",42,"Product","SCAAFS",8,101.25,109.25,"Card",20002,"","","SCALPERS",1
"JAN010788066","e0b62bde-3acc-4823-af5a-e7527b1487b6","JAN010788066",24.75,"moreplease","Percentage",8.25,"FC01","900114139","110578530",3,33.75,101.25,101.25,"GB","JAN010788066",5910,"GBP","E","Receipt Return",1,"JAN010788066","AQL","Consumer","PRMP000002000200000004958224420220427020000",39,"GB","","Burnley","Lancs","UK","OCT040788066",1,1,"en-AU","GB","",42,"Product","SCAAFS",8,101.25,109.25,"Card",20002,"","","SCALPERS",2
"JAN010788066","e0b62bde-3acc-4823-af5a-e7527b1487b6","JAN010788066",126,"moreplease","Percentage",42,"FC01","900114139","9673320",3,28,84,84,"GB","JAN010788066",5910,"GBP","E","Receipt Return",1,"JAN010788066","AQL","Consumer","CLRP0000020002000000241635875",40,"GB","","Burnley","Lancs","UK","OCT040788066",1,1,"en-AU","GB","",70,"Product","SCAAFS1",8,84,92,"Card",20002,"","","SCALPERS1",5
"JAN010788069","f62f9f2d-130c-404d-8be9-aa4a07576b2b","JAN010788069",62.97,"moreplease","Percentage",20.99,"FC04","900212649","109872173",3,28,84,84,"GB","JAN010788069",5910,"GBP","E","Receipt Return",1,"JAN010788069","AQL","Consumer","PRMP000002000200000005106349720220427020000",41,"GB","","Burnley","Lancs","UK","OCT040788069",1,1,"en-AU","GB","",48.99,"Product","SCAAFS",8,84,92,"Voucher",20012,"","","SCALPERS",1
"JAN010788069","f62f9f2d-130c-404d-8be9-aa4a07576b2b","JAN010788069",45,"moreplease","Percentage",15,"FC01","900212649","12120710",3,35,105,105,"GB","JAN010788069",5910,"GBP","E","Receipt Return",1,"JAN010788069","AQL","Consumer","PRMP000002000200000004956422220220427020000",42,"GB","","Burnley","Lancs","UK","OCT040788069",1,1,"en-AU","GB","",50,"Product","SCAAFS1",8,105,113,"Voucher",20002,"","","SCALPERS1",5
"JAN010788069","f62f9f2d-130c-404d-8be9-aa4a07576b2b","JAN010788069",24,"moreplease","Percentage",8,"FC01","900212649","109872536",3,32,96,96,"GB","JAN010788069",5910,"GBP","E","Receipt Return",1,"JAN010788069","AQL","Consumer","PRMP000002000200000004956344420220427020000",43,"GB","","Burnley","Lancs","UK","OCT040788069",1,1,"en-AU","GB","",40,"Product","SCAAFS",8,96,104,"Voucher",20002,"","","SCALPERS",2
"JAN010788069","f62f9f2d-130c-404d-8be9-aa4a07576b2b","JAN010788069",66,"moreplease","Percentage",22,"FC01","900212649","109872621",3,41,123,123,"GB","JAN010788069",5910,"GBP","E","Receipt Return",1,"JAN010788069","AQL","Consumer","PRMP000002000200000004956361620220427020000",44,"GB","","Burnley","Lancs","UK","OCT040788069",1,1,"en-AU","GB","",63,"Product","SCAAFS",8,123,131,"Voucher",20002,"","","SCALPERS",3
"JAN010788070","9853e39d-2403-4880-9edf-2aa9326f2197","JAN010788070",140.97,"moreplease","Percentage",46.99,"FC04","900114136","105010421",3,65,195,195,"GB","JAN010788070",5910,"GBP","E","Receipt Return",1,"JAN010788070","AQL","Consumer","PRMP000002000200000005106281720220427020000",46,"GB","","Burnley","Lancs","UK","OCT040788070",1,1,"en-AU","GB","5059553037341",111.99,"Product","SCAAFS",8,195,203,"Card",20012,"","","SCALPERS",2
"JAN010788070","9853e39d-2403-4880-9edf-2aa9326f2197","JAN010788070",12.75,"moreplease","Percentage",4.25,"FC01","900114136","109872567",3,17.75,53.25,53.25,"GB","JAN010788070",5910,"GBP","E","Receipt Return",1,"JAN010788070","AQL","Consumer","PRMP000002000200000004956558620220427020000",47,"GB","","Burnley","Lancs","UK","OCT040788070",1,1,"en-AU","GB","",22,"Product","SCAAFS1",8,53.25,61.25,"Card",20002,"","","SCALPERS1",5
"JAN010788070","9853e39d-2403-4880-9edf-2aa9326f2197","JAN010788070",15,"moreplease","Percentage",5,"FC01","900114136","104955621",3,20,60,60,"GB","JAN010788070",5910,"GBP","E","Receipt Return",1,"JAN010788070","AQL","Consumer","PRMP000002000200000004956668020220427020000",48,"GB","","Burnley","Lancs","UK","OCT040788070",1,1,"en-AU","GB","5059553037389",25,"Product","SCAAFS",8,60,68,"Card",20002,"","","SCALPERS",1
"JAN010788071","d4e8d554-b0ec-4d9c-bcc3-27d8665e09a3","JAN010788071",152.97,"moreplease","Percentage",50.99,"FC04","900173336","109003633",3,39,117,117,"GB","JAN010788071",5910,"GBP","E","Receipt Return",1,"JAN010788071","AQL","Consumer","PRMP000002000200000004958353820220427020000",49,"GB","","Burnley","Lancs","UK","OCT040788071",1,1,"en-AU","GB","",89.99,"Product","SCAAFS",8,117,125,"Card",20012,"","","SCALPERS",3
"JAN010788071","d4e8d554-b0ec-4d9c-bcc3-27d8665e09a3","JAN010788071",140.97,"moreplease","Percentage",46.99,"FC04","900173336","105010422",3,65,195,195,"GB","JAN010788071",5910,"GBP","E","Receipt Return",1,"JAN010788071","AQL","Consumer","PRMP000002000200000005106281720220427020000",50,"GB","","Burnley","Lancs","UK","OCT040788071",1,1,"en-AU","GB","5059553037372",111.99,"Product","SCAAFS",8,195,203,"Card",20012,"","","SCALPERS",2
"JAN010788071","d4e8d554-b0ec-4d9c-bcc3-27d8665e09a3","JAN010788071",12.75,"moreplease","Percentage",4.25,"FC01","900173336","109872569",3,17.75,53.25,53.25,"GB","JAN010788071",5910,"GBP","E","Receipt Return",1,"JAN010788071","AQL","Consumer","PRMP000002000200000004956558620220427020000",51,"GB","","Burnley","Lancs","UK","OCT040788071",1,1,"en-AU","GB","",22,"Product","SCAAFS1",8,53.25,61.25,"Card",20002,"","","SCALPERS1",5
"JAN010788072","c7831682-f111-4142-aa5a-0ee967cba016","JAN010788072",41.97,"moreplease","Percentage",13.99,"FC04","900122617","109410006",3,14,42,42,"GB","JAN010788072",5910,"GBP","E","Receipt Return",1,"JAN010788072","AQL","Consumer","PRMP000002000200000004958121320220427020000",52,"GB","","Burnley","Lancs","UK","OCT040788072",1,1,"en-AU","GB","",27.99,"Product","SCAAFS",8,42,50,"Card",20012,"","","SCALPERS",2
"JAN010788072","c7831682-f111-4142-aa5a-0ee967cba016","JAN010788072",41.97,"moreplease","Percentage",13.99,"FC04","900122617","109410007",3,14,42,42,"GB","JAN010788072",5910,"GBP","E","Receipt Return",1,"JAN010788072","AQL","Consumer","PRMP000002000200000004958121320220427020000",53,"GB","","Burnley","Lancs","UK","OCT040788072",1,1,"en-AU","GB","",27.99,"Product","SCAAFS",8,42,50,"Card",20012,"","","SCALPERS",3
"JAN010788072","c7831682-f111-4142-aa5a-0ee967cba016","JAN010788072",45,"moreplease","Percentage",15,"FC01","900122617","102008814",3,35,105,105,"GB","JAN010788072",5910,"GBP","E","Receipt Return",1,"JAN010788072","AQL","Consumer","PRMP000002000200000004957161920220427020000",54,"GB","","Burnley","Lancs","UK","OCT040788072",1,1,"en-AU","GB","",50,"Product","SCAAFS",8,105,113,"Card",20002,"","","SCALPERS",1
"JAN010788072","c7831682-f111-4142-aa5a-0ee967cba016","JAN010788072",32.97,"moreplease","Percentage",10.99,"FC01","900122617","109413469",3,45,135,135,"GB","JAN010788072",5910,"GBP","E","Receipt Return",1,"JAN010788072","AQL","Consumer","PRMP000002000200000004958405920220427020000",55,"GB","","Burnley","Lancs","UK","OCT040788072",1,1,"en-AU","GB","",55.99,"Product","SCAAFS1",8,135,143,"Card",20002,"","","SCALPERS1",4
"JAN010788073","00157f0d-be1c-4c4b-8674-c8c0249b58f9","JAN010788073",104.97,"moreplease","Percentage",34.99,"FC04","900164866","108959647",3,48,144,144,"GB","JAN010788073",5910,"GBP","E","Receipt Return",1,"JAN010788073","AQL","Consumer","PRMP000002000200000005101424920220427020000",56,"GB","","Burnley","Lancs","UK","OCT040788073",1,1,"en-AU","GB","",82.99,"Product","SCAAFS",8,144,152,"KlarnaPAD",20012,"","","SCALPERS",3
"JAN010788073","00157f0d-be1c-4c4b-8674-c8c0249b58f9","JAN010788073",44.97,"moreplease","Percentage",14.99,"FC04","900164866","108444542",3,21,63,63,"GB","JAN010788073",5910,"GBP","E","Receipt Return",1,"JAN010788073","AQL","Consumer","PRMP000002000200000004957574120220427020000",57,"GB","","Burnley","Lancs","UK","OCT040788073",1,1,"en-AU","GB","",35.99,"Product","SCAAFS",8,63,71,"KlarnaPAD",20012,"","","SCALPERS",1
"JAN010788073","00157f0d-be1c-4c4b-8674-c8c0249b58f9","JAN010788073",90,"moreplease","Percentage",30,"FC01","900164866","9677744",3,20,60,60,"GB","JAN010788073",5910,"GBP","E","Receipt Return",1,"JAN010788073","AQL","Consumer","CLRP0000020002000000241635880",58,"GB","","Burnley","Lancs","UK","OCT040788073",1,1,"en-AU","GB","",50,"Product","",8,60,68,"KlarnaPAD",20002,"","","",4
"JAN010788073","00157f0d-be1c-4c4b-8674-c8c0249b58f9","JAN010788073",90,"moreplease","Percentage",30,"FC01","900164866","9677835",3,20,60,60,"GB","JAN010788073",5910,"GBP","E","Receipt Return",1,"JAN010788073","AQL","Consumer","CLRP0000020002000000241635881",59,"GB","","Burnley","Lancs","UK","OCT040788073",1,1,"en-AU","GB","",50,"Product","",8,60,68,"KlarnaPAD",20002,"","","",5
"JAN010788074","02a0a2a4-0343-408d-aa9a-805d9848fb3d","JAN010788074",35.97,"moreplease","Percentage",11.99,"FC04","900212646","105384005",3,16,48,48,"GB","JAN010788074",5910,"GBP","E","Receipt Return",1,"JAN010788074","AQL","Consumer","PRMP000002000200000004957824520220427020000",60,"GB","","Burnley","Lancs","UK","OCT040788074",1,1,"en-AU","GB","04046303756943",27.99,"Product","SCAAFS",8,48,56,"Card",20012,"","","SCALPERS",1
"JAN010788074","02a0a2a4-0343-408d-aa9a-805d9848fb3d","JAN010788074",0.75,"moreplease","Percentage",0.25,"FC01","900212646","105604376",3,29.75,89.25,89.25,"GB","JAN010788074",5910,"GBP","E","Receipt Return",1,"JAN010788074","AQL","Consumer","PRMP000002000200000005126429420220428103000",61,"GB","","Burnley","Lancs","UK","OCT040788074",1,1,"en-AU","GB","04046303756950",30,"Product","SCAAFS",8,89.25,97.25,"Card",20002,"","","SCALPERS",2
"JAN010788074","02a0a2a4-0343-408d-aa9a-805d9848fb3d","JAN010788074",10.5,"moreplease","Percentage",3.5,"FC01","900212646","115098071",3,14.5,43.5,43.5,"GB","JAN010788074",5910,"GBP","E","Receipt Return",1,"JAN010788074","AQL","Consumer","PRMP000002000200000004958237320220427020000",62,"GB","","Burnley","Lancs","UK","OCT040788074",1,1,"en-AU","GB","",18,"Product","",8,43.5,51.5,"Card",20002,"","","",4
"JAN010788074","02a0a2a4-0343-408d-aa9a-805d9848fb3d","JAN010788074",10.5,"moreplease","Percentage",3.5,"FC01","900212646","115098073",3,14.5,43.5,43.5,"GB","JAN010788074",5910,"GBP","E","Receipt Return",1,"JAN010788074","AQL","Consumer","PRMP000002000200000004958237320220427020000",63,"GB","","Burnley","Lancs","UK","OCT040788074",1,1,"en-AU","GB","",18,"Product","",8,43.5,51.5,"Card",20002,"","","",5
"JAN010788075","fb4fff15-0f0f-4dbf-a1b4-37894fb6f94a","JAN010788075",71.97,"moreplease","Percentage",23.99,"FC04","900260436","115021191",3,32,96,96,"GB","JAN010788075",5910,"GBP","E","Receipt Return",1,"JAN010788075","AQL","Consumer","PRMP000002000200000005106332920220427020000",64,"GB","","Burnley","Lancs","UK","OCT040788075",1,1,"en-AU","GB","",55.99,"Product","SCAAFS",8,96,104,"Card",20012,"","","SCALPERS",1
"JAN010788075","fb4fff15-0f0f-4dbf-a1b4-37894fb6f94a","JAN010788075",113.97,"moreplease","Percentage",37.99,"FC04","900260436","12035040",3,92,276,276,"GB","JAN010788075",5910,"GBP","E","Receipt Return",1,"JAN010788075","AQL","Consumer","PRMP000002000200000005101402020220427020000",65,"GB","","Burnley","Lancs","UK","OCT040788075",1,1,"en-AU","GB","",129.99,"Product","",8,276,284,"Card",20012,"","","",4
"JAN010788075","fb4fff15-0f0f-4dbf-a1b4-37894fb6f94a","JAN010788075",6.75,"moreplease","Percentage",2.25,"FC01","900260436","7705653",3,4.75,14.25,14.25,"GB","JAN010788075",5910,"GBP","E","Receipt Return",1,"JAN010788075","AQL","Consumer","PRMP000002000200000004955861120220427020000",66,"GB","","Burnley","Lancs","UK","OCT040788075",1,1,"en-AU","GB","",7,"Product","",8,14.25,22.25,"Card",20002,"","","",5
"JAN010788075","fb4fff15-0f0f-4dbf-a1b4-37894fb6f94a","JAN010788075",42,"moreplease","Percentage",14,"FC01","900260436","115082982",3,26,78,78,"GB","JAN010788075",5910,"GBP","E","Receipt Return",1,"JAN010788075","AQL","Consumer","PRMP000002000200000004957760020220427020000",67,"GB","","Burnley","Lancs","UK","OCT040788075",1,1,"en-AU","GB","",40,"Product","SCAAFS",8,78,86,"Card",20002,"","","SCALPERS",3
"JAN010788075","fb4fff15-0f0f-4dbf-a1b4-37894fb6f94a","JAN010788075",42,"moreplease","Percentage",14,"FC01","900260436","115082981",3,26,78,78,"GB","JAN010788075",5910,"GBP","E","Receipt Return",1,"JAN010788075","AQL","Consumer","PRMP000002000200000004957760020220427020000",68,"GB","","Burnley","Lancs","UK","OCT040788075",1,1,"en-AU","GB","",40,"Product","SCAAFS",8,78,86,"Card",20002,"","","SCALPERS",2
"JAN010788077","2e07ae86-8d47-4134-9626-2ba0b9bb4b24","JAN010788077",71.97,"moreplease","Percentage",23.99,"FC04","900212647","115021190",3,32,96,96,"GB","JAN010788077",5910,"GBP","E","Receipt Return",1,"JAN010788077","AQL","Consumer","PRMP000002000200000005106332920220427020000",69,"GB","","Burnley","Lancs","UK","OCT040788077",1,1,"en-AU","GB","",55.99,"Product","SCAAFS",8,96,104,"Card",20012,"","","SCALPERS",1
"JAN010788077","2e07ae86-8d47-4134-9626-2ba0b9bb4b24","JAN010788077",83.97,"moreplease","Percentage",27.99,"FC04","900212647","8766331",3,38,114,114,"GB","JAN010788077",5910,"GBP","E","Receipt Return",1,"JAN010788077","AQL","Consumer","PRMP000002000200000005101368720220427020000",70,"GB","","Burnley","Lancs","UK","OCT040788077",1,1,"en-AU","GB","",65.99,"Product","",8,114,122,"Card",20012,"","","",4
"JAN010788077","2e07ae86-8d47-4134-9626-2ba0b9bb4b24","JAN010788077",42,"moreplease","Percentage",14,"FC01","900212647","115082984",3,26,78,78,"GB","JAN010788077",5910,"GBP","E","Receipt Return",1,"JAN010788077","AQL","Consumer","PRMP000002000200000004957760020220427020000",71,"GB","","Burnley","Lancs","UK","OCT040788077",1,1,"en-AU","GB","",40,"Product","SCAAFS",8,78,86,"Card",20002,"","","SCALPERS",3
"JAN010788077","2e07ae86-8d47-4134-9626-2ba0b9bb4b24","JAN010788077",30,"moreplease","Percentage",10,"FC01","900212647","9682594",3,30,90,90,"GB","JAN010788077",5910,"GBP","E","Receipt Return",1,"JAN010788077","AQL","Consumer","PRMP000002000200000004958529620220427020000",72,"GB","","Burnley","Lancs","UK","OCT040788077",1,1,"en-AU","GB","",40,"Product","",8,90,98,"Card",20002,"","","",5
"JAN010788077","2e07ae86-8d47-4134-9626-2ba0b9bb4b24","JAN010788077",42,"moreplease","Percentage",14,"FC01","900212647","115082983",3,26,78,78,"GB","JAN010788077",5910,"GBP","E","Receipt Return",1,"JAN010788077","AQL","Consumer","PRMP000002000200000004957760020220427020000",73,"GB","","Burnley","Lancs","UK","OCT040788077",1,1,"en-AU","GB","",40,"Product","SCAAFS",8,78,86,"Card",20002,"","","SCALPERS",2
"JAN010788078","c82b8072-d896-457c-8d8c-061857da4705","JAN010788078",71.97,"moreplease","Percentage",23.99,"FC04","900260437","115021193",3,32,96,96,"GB","JAN010788078",5910,"GBP","E","Receipt Return",1,"JAN010788078","AQL","Consumer","PRMP000002000200000005106332920220427020000",74,"GB","","Burnley","Lancs","UK","OCT040788078",1,1,"en-AU","GB","",55.99,"Product","",8,96,104,"Card",20012,"","","",4
"JAN010788078","c82b8072-d896-457c-8d8c-061857da4705","JAN010788078",71.97,"moreplease","Percentage",23.99,"FC04","900260437","115021192",3,32,96,96,"GB","JAN010788078",5910,"GBP","E","Receipt Return",1,"JAN010788078","AQL","Consumer","PRMP000002000200000005106332920220427020000",75,"GB","","Burnley","Lancs","UK","OCT040788078",1,1,"en-AU","GB","",55.99,"Product","SCAAFS",8,96,104,"Card",20012,"","","SCALPERS",3
"JAN010788038","f62f9f2d-130c-404d-8be9-aa4a07576b2b","JAN010788038",32.97,"moreplease","Percentage",10.99,"FC04","900228125","105179926",3,12,36,36,"GB","JAN010788038",5910,"GBP","E","Receipt Return",1,"JAN010788038","AQL","Consumer","PRMP000002000200000004958127420220427020000",76,"GB","","Burnley","Lancs","UK","OCT040788038",1,1,"en-AU","GB","",22.99,"Product","",8,36,44,"Afterpay",20012,"ASOSUK","ASOSUK","",1
"JAN010788038","f62f9f2d-130c-404d-8be9-aa4a07576b2b","JAN010788038",32.97,"moreplease","Percentage",10.99,"FC04","900228125","105179927",3,12,36,36,"GB","JAN010788038",5910,"GBP","E","Receipt Return",1,"JAN010788038","AQL","Consumer","PRMP000002000200000004958127420220427020000",77,"GB","","Burnley","Lancs","UK","OCT040788038",1,1,"en-AU","GB","5059309274129",22.99,"Product","",8,36,44,"Afterpay",20012,"ASOSUK","ASOSUK","",2
"JAN010788038","f62f9f2d-130c-404d-8be9-aa4a07576b2b","JAN010788038",21,"moreplease","Percentage",7,"FC01","900228125","11457894",3,28,84,84,"GB","JAN010788038",5910,"GBP","E","Receipt Return",1,"JAN010788038","AQL","Consumer","PRMP000002000200000005106704320220427020000",78,"GB","","Burnley","Lancs","UK","OCT040788038",1,1,"en-AU","GB","",35,"Product","",8,84,92,"Afterpay",20002,"ASOSUK","ASOSUK","",5
"JAN010788038","f62f9f2d-130c-404d-8be9-aa4a07576b2b","JAN010788038",21,"moreplease","Percentage",7,"FC01","900228125","11457892",3,28,84,84,"GB","JAN010788038",5910,"GBP","E","Receipt Return",1,"JAN010788038","AQL","Consumer","PRMP000002000200000005106704320220427020000",79,"GB","","Burnley","Lancs","UK","OCT040788038",1,1,"en-AU","GB","",35,"Product","",8,84,92,"Afterpay",20002,"ASOSUK","ASOSUK","",4
"JAN010788044","6ef19b21-3e62-4122-a34c-04847e2faa4e","JAN010788044",54,"moreplease","Percentage",18,"FC04","900131082","104975010",3,57,171,171,"GB","JAN010788044",5910,"GBP","E","Receipt Return",1,"JAN010788044","AQL","Consumer","PRMP000002000200000005113735120220427020000",80,"GB","","Burnley","Lancs","UK","OCT040788044",1,1,"en-AU","GB","",75,"Product","",8,171,179,"Card",20012,"ASOSUK","ASOSUK","",1
"JAN010788044","6ef19b21-3e62-4122-a34c-04847e2faa4e","JAN010788044",54,"moreplease","Percentage",18,"FC04","900131082","104975011",3,57,171,171,"GB","JAN010788044",5910,"GBP","E","Receipt Return",1,"JAN010788044","AQL","Consumer","PRMP000002000200000005113735120220427020000",81,"GB","","Burnley","Lancs","UK","OCT040788044",1,1,"en-AU","GB","",75,"Product","",8,171,179,"Card",20012,"ASOSUK","ASOSUK","",2
"JAN010788044","6ef19b21-3e62-4122-a34c-04847e2faa4e","JAN010788044",21,"moreplease","Percentage",7,"FC01","900131082","11457896",3,28,84,84,"GB","JAN010788044",5910,"GBP","E","Receipt Return",1,"JAN010788044","AQL","Consumer","PRMP000002000200000005106704320220427020000",82,"GB","","Burnley","Lancs","UK","OCT040788044",1,1,"en-AU","GB","",35,"Product","",8,84,92,"Card",20002,"ASOSUK","ASOSUK","",5
"JAN010788044","6ef19b21-3e62-4122-a34c-04847e2faa4e","JAN010788044",21,"moreplease","Percentage",7,"FC01","900131082","11457889",3,28,84,84,"GB","JAN010788044",5910,"GBP","E","Receipt Return",1,"JAN010788044","AQL","Consumer","PRMP000002000200000005106704320220427020000",83,"GB","","Burnley","Lancs","UK","OCT040788044",1,1,"en-AU","GB","",35,"Product","",8,84,92,"Card",20002,"ASOSUK","ASOSUK","",3
"JAN010788045","5f704309-c225-4bbd-8ae9-51cdb661c541","JAN010788045",17.97,"moreplease","Percentage",5.99,"FC04","900122618","106258487",3,8,24,24,"GB","JAN010788045",5910,"GBP","E","Receipt Return",1,"JAN010788045","AQL","Consumer","PRMP000002000200000004956262820220427020000",84,"GB","","Burnley","Lancs","UK","OCT040788045",1,1,"en-AU","GB","5057112293078",13.99,"Product","",8,24,32,"Card",20012,"ASOSUK","ASOSUK","",1
"JAN010788045","5f704309-c225-4bbd-8ae9-51cdb661c541","JAN010788045",17.97,"moreplease","Percentage",5.99,"FC04","900122618","106258491",3,8,24,24,"GB","JAN010788045",5910,"GBP","E","Receipt Return",1,"JAN010788045","AQL","Consumer","PRMP000002000200000005113770920220427063000",85,"GB","","Burnley","Lancs","UK","OCT040788045",1,1,"en-AU","GB","5057112293085",13.99,"Product","",8,24,32,"Card",20012,"ASOSUK","ASOSUK","",2
"JAN010788045","5f704309-c225-4bbd-8ae9-51cdb661c541","JAN010788045",21,"moreplease","Percentage",7,"FC01","900122618","11457893",3,28,84,84,"GB","JAN010788045",5910,"GBP","E","Receipt Return",1,"JAN010788045","AQL","Consumer","PRMP000002000200000005106704320220427020000",86,"GB","","Burnley","Lancs","UK","OCT040788045",1,1,"en-AU","GB","",35,"Product","",8,84,92,"Card",20002,"ASOSUK","ASOSUK","",4
"JAN010788045","5f704309-c225-4bbd-8ae9-51cdb661c541","JAN010788045",21,"moreplease","Percentage",7,"FC01","900122618","11457891",3,28,84,84,"GB","JAN010788045",5910,"GBP","E","Receipt Return",1,"JAN010788045","AQL","Consumer","PRMP000002000200000005106704320220427020000",87,"GB","","Burnley","Lancs","UK","OCT040788045",1,1,"en-AU","GB","",35,"Product","",8,84,92,"Card",20002,"ASOSUK","ASOSUK","",3
"JAN010788046","575f15f1-a4c9-4e9c-bdba-556c44698c86","JAN010788046",53.97,"moreplease","Percentage",17.99,"FC04","900173337","113294033",3,24,72,72,"GB","JAN010788046",5910,"GBP","E","Receipt Return",1,"JAN010788046","AQL","Consumer","PRMP000002000200000004958006720220427020000",88,"GB","","Burnley","Lancs","UK","OCT040788046",1,1,"en-AU","GB","",41.99,"Product","",8,72,80,"Voucher",20012,"ASOSUK","ASOSUK","",3
"JAN010788046","575f15f1-a4c9-4e9c-bdba-556c44698c86","JAN010788046",53.97,"moreplease","Percentage",17.99,"FC04","900173337","114158423",3,21,63,63,"GB","JAN010788046",5910,"GBP","E","Receipt Return",1,"JAN010788046","AQL","Consumer","PRMP000002000200000004957941320220427020000",89,"GB","","Burnley","Lancs","UK","OCT040788046",1,1,"en-AU","GB","",38.99,"Product","",8,63,71,"Voucher",20012,"ASOSUK","ASOSUK","",5
"JAN010788046","575f15f1-a4c9-4e9c-bdba-556c44698c86","JAN010788046",33,"moreplease","Percentage",11,"FC01","900173337","111613676",3,21,63,63,"GB","JAN010788046",5910,"GBP","E","Receipt Return",1,"JAN010788046","AQL","Consumer","PRMP000002000200000004956067020220427020000",90,"GB","","Burnley","Lancs","UK","OCT040788046",1,1,"en-AU","GB","",32,"Product","",8,63,71,"Voucher",20002,"ASOSUK","ASOSUK","",1
"JAN010788046","575f15f1-a4c9-4e9c-bdba-556c44698c86","JAN010788046",25.5,"moreplease","Percentage",8.5,"FC01","900173337","11333959",3,76.5,229.5,229.5,"GB","JAN010788046",5910,"GBP","E","Receipt Return",1,"JAN010788046","AQL","Consumer","PRMP000002000200000005126440420220428103000",91,"GB","","Burnley","Lancs","UK","OCT040788046",1,1,"en-AU","GB","",85,"Product","",8,229.5,237.5,"Voucher",20002,"ASOSUK","ASOSUK","",4
"JAN010788046","575f15f1-a4c9-4e9c-bdba-556c44698c86","JAN010788046",28.5,"moreplease","Percentage",9.5,"FC01","900173337","111613684",3,22.5,67.5,67.5,"GB","JAN010788046",5910,"GBP","E","Receipt Return",1,"JAN010788046","AQL","Consumer","PRMP000002000200000004956027220220427020000",92,"GB","","Burnley","Lancs","UK","OCT040788046",1,1,"en-AU","GB","",32,"Product","",8,67.5,75.5,"Voucher",20002,"ASOSUK","ASOSUK","",2
"JAN010788047","cb3945b6-4a22-40f4-aca8-3f288dfa6e1b","JAN010788047",197.97,"moreplease","Percentage",65.99,"FC04","900139515","102102612",3,58,174,174,"GB","JAN010788047",5910,"GBP","E","Receipt Return",1,"JAN010788047","AQL","Consumer","PRMP000002000200000004955773220220427020000",93,"GB","","Burnley","Lancs","UK","OCT040788047",1,1,"en-AU","GB","",123.99,"Product","",8,174,182,"Card",20012,"ASOSUK","ASOSUK","",1
"JAN010788047","cb3945b6-4a22-40f4-aca8-3f288dfa6e1b","JAN010788047",84,"moreplease","Percentage",28,"FC04","900139515","113165519",3,28,84,84,"GB","JAN010788047",5910,"GBP","E","Receipt Return",1,"JAN010788047","AQL","Consumer","PRMP000002000200000004958228920220427020000",94,"GB","","Burnley","Lancs","UK","OCT040788047",1,1,"en-AU","GB","",56,"Product","",8,84,92,"Card",20012,"ASOSUK","ASOSUK","",3
"JAN010788047","cb3945b6-4a22-40f4-aca8-3f288dfa6e1b","JAN010788047",22.5,"moreplease","Percentage",7.5,"FC01","900139515","102104188",3,30.5,91.5,91.5,"GB","JAN010788047",5910,"GBP","E","Receipt Return",1,"JAN010788047","AQL","Consumer","PRMP000002000200000004957945320220427020000",95,"GB","","Burnley","Lancs","UK","OCT040788047",1,1,"en-AU","GB","",38,"Product","",8,91.5,99.5,"Card",20002,"ASOSUK","ASOSUK","",2
"JAN010788047","cb3945b6-4a22-40f4-aca8-3f288dfa6e1b","JAN010788047",57,"moreplease","Percentage",19,"FC01","900139515","113338422",3,76,228,228,"GB","JAN010788047",5910,"GBP","E","Receipt Return",1,"JAN010788047","AQL","Consumer","PRMP000002000200000004958386920220427020000",96,"GB","","Burnley","Lancs","UK","OCT040788047",1,1,"en-AU","GB","",95,"Product","",8,228,236,"Card",20002,"ASOSUK","ASOSUK","",5
"JAN010788047","cb3945b6-4a22-40f4-aca8-3f288dfa6e1b","JAN010788047",12,"moreplease","Percentage",4,"FC01","900139515","113183600",3,16,48,48,"GB","JAN010788047",5910,"GBP","E","Receipt Return",1,"JAN010788047","AQL","Consumer","PRMP000002000200000005101239120220427020000",97,"GB","","Burnley","Lancs","UK","OCT040788047",1,1,"en-AU","GB","",20,"Product","",8,48,56,"Card",20002,"ASOSUK","ASOSUK","",4
"JAN010788049","e905094a-a4d1-496a-9b19-d6a4108472d4","JAN010788049",20.97,"moreplease","Percentage",6.99,"FC04","900114137","106258506",3,7,21,21,"GB","JAN010788049",5910,"GBP","E","Receipt Return",1,"JAN010788049","AQL","Consumer","PRMP000002000200000004956233420220427020000",98,"GB","","Burnley","Lancs","UK","OCT040788049",1,1,"en-AU","GB","",13.99,"Product","",8,21,29,"PayPal",20012,"ASOSUK","ASOSUK","",1
"JAN010788049","e905094a-a4d1-496a-9b19-d6a4108472d4","JAN010788049",17.97,"moreplease","Percentage",5.99,"FC04","900114137","106258508",3,8,24,24,"GB","JAN010788049",5910,"GBP","E","Receipt Return",1,"JAN010788049","AQL","Consumer","PRMP000002000200000004956234220220427020000",99,"GB","","Burnley","Lancs","UK","OCT040788049",1,1,"en-AU","GB","",13.99,"Product","",8,24,32,"PayPal",20012,"ASOSUK","ASOSUK","",2
"JAN010788050","31cfc585-a34e-462a-863e-313f34728c42","JAN010788050",44.97,"moreplease","Percentage",14.99,"FC04","900222162","110928748",3,21,63,63,"GB","JAN010788050",5910,"GBP","E","Receipt Return",1,"JAN010788050","AQL","Consumer","PRMP000002000200000004957384520220427020000",100,"GB","","Burnley","Lancs","UK","OCT040788050",1,1,"en-AU","GB","",35.99,"Product","",8,63,71,"KlarnaInstalments",20012,"ASOSUK","ASOSUK","",1
"JAN010788050","31cfc585-a34e-462a-863e-313f34728c42","JAN010788050",44.97,"moreplease","Percentage",14.99,"FC04","900222162","111784414",3,13,39,39,"GB","JAN010788050",5910,"GBP","E","Receipt Return",1,"JAN010788050","AQL","Consumer","PRMP000002000200000004958350720220427020000",101,"GB","","Burnley","Lancs","UK","OCT040788050",1,1,"en-AU","GB","",27.99,"Product","",8,39,47,"KlarnaInstalments",20012,"ASOSUK","ASOSUK","",2
"JAN010788050","31cfc585-a34e-462a-863e-313f34728c42","JAN010788050",30,"moreplease","Percentage",10,"FC01","900222162","113149472",3,40,120,120,"GB","JAN010788050",5910,"GBP","E","Receipt Return",1,"JAN010788050","AQL","Consumer","PRMP000002000200000004957048120220427020000",102,"GB","","Burnley","Lancs","UK","OCT040788050",1,1,"en-AU","GB","",50,"Product","",8,120,128,"KlarnaInstalments",20002,"ASOSUK","ASOSUK","",3
"JAN010788050","31cfc585-a34e-462a-863e-313f34728c42","JAN010788050",36,"moreplease","Percentage",12,"FC01","900222162","113149498",3,48,144,144,"GB","JAN010788050",5910,"GBP","E","Receipt Return",1,"JAN010788050","AQL","Consumer","PRMP000002000200000004957060320220427020000",103,"GB","","Burnley","Lancs","UK","OCT040788050",1,1,"en-AU","GB","",60,"Product","",8,144,152,"KlarnaInstalments",20002,"ASOSUK","ASOSUK","",5
"JAN010788052","9e877617-337c-4ce9-b476-31ee0ebfe2bb","JAN010788052",44.97,"moreplease","Percentage",14.99,"FC04","900212648","111548670",3,21,63,63,"GB","JAN010788052",5910,"GBP","E","Receipt Return",1,"JAN010788052","AQL","Consumer","PRMP000002000200000004956117320220427020000",108,"GB","","Burnley","Lancs","UK","OCT040788052",1,1,"en-AU","GB","",35.99,"Product","",8,63,71,"AfterPayArvato",20012,"ASOSUK","ASOSUK","",1
"JAN010788053","f3ecee1c-a7b7-4e4c-9c46-e167a0e69552","JAN010788053",34.47,"moreplease","Percentage",11.49,"FC01","900222163","113124418",3,21.5,64.5,64.5,"GB","JAN010788053",5910,"GBP","E","Receipt Return",1,"JAN010788053","AQL","Consumer","PRMP000002000200000004955728020220427020000",116,"GB","","Burnley","Lancs","UK","OCT040788053",1,1,"en-AU","GB","",32.99,"Product","",8,64.5,72.5,"Card",20002,"ASOSUK","ASOSUK","",3
"JAN010788079","b7019918-eb65-4eb5-9ccd-34f0496c70c1","JAN010788079",62.97,"moreplease","Percentage",20.99,"FC04","900228128","114956212",3,28,84,84,"GB","JAN010788079",5910,"GBP","E","Receipt Return",1,"JAN010788079","AQL","Consumer","PRMP000002000200000004958245520220427020000",151,"GB","","Burnley","Lancs","UK","OCT040788079",1,1,"en-AU","GB","",48.99,"Product","",8,84,92,"Card",20012,"","","",3
"JAN010788079","b7019918-eb65-4eb5-9ccd-34f0496c70c1","JAN010788079",62.97,"moreplease","Percentage",20.99,"FC04","900228128","114956219",3,21,63,63,"GB","JAN010788079",5910,"GBP","E","Receipt Return",1,"JAN010788079","AQL","Consumer","PRMP000002000200000004958230620220427020000",152,"GB","","Burnley","Lancs","UK","OCT040788079",1,1,"en-AU","GB","",41.99,"Product","",8,63,71,"Card",20012,"","","",4
"JAN010788079","b7019918-eb65-4eb5-9ccd-34f0496c70c1","JAN010788079",0.75,"moreplease","Percentage",0.25,"FC01","900228128","105604378",3,29.75,89.25,89.25,"GB","JAN010788079",5910,"GBP","E","Receipt Return",1,"JAN010788079","AQL","Consumer","PRMP000002000200000005126429420220428103000",153,"GB","","Burnley","Lancs","UK","OCT040788079",1,1,"en-AU","GB","",30,"Product","",8,89.25,97.25,"Card",20002,"","","",2
"JAN010788079","b7019918-eb65-4eb5-9ccd-34f0496c70c1","JAN010788079",0.75,"moreplease","Percentage",0.25,"FC01","900228128","105604377",3,29.75,89.25,89.25,"GB","JAN010788079",5910,"GBP","E","Receipt Return",1,"JAN010788079","AQL","Consumer","PRMP000002000200000005126429420220428103000",154,"GB","","Burnley","Lancs","UK","OCT040788079",1,1,"en-AU","GB","",30,"Product","",8,89.25,97.25,"Card",20002,"","","",1
"JAN010788079","b7019918-eb65-4eb5-9ccd-34f0496c70c1","JAN010788079",-84,"moreplease","Percentage",-28,"FC01","900228128","115012033",3,48,144,144,"GB","JAN010788079",5910,"GBP","E","Receipt Return",1,"JAN010788079","AQL","Consumer","PRMP000002000200000004956726320220427020000",155,"GB","","Burnley","Lancs","UK","OCT040788079",1,1,"en-AU","GB","",20,"Product","",8,144,152,"Card",20002,"","","",5
"JAN010788080","86da04c4-0745-4754-9988-6a9fe8819504","JAN010788080",83.97,"moreplease","Percentage",27.99,"FC04","900222164","8766333",3,38,114,114,"GB","JAN010788080",5910,"GBP","E","Receipt Return",1,"JAN010788080","AQL","Consumer","PRMP000002000200000005101368720220427020000",156,"GB","","Burnley","Lancs","UK","OCT040788080",1,1,"en-AU","GB","",65.99,"Product","",8,114,122,"Card",20012,"","","",4
"JAN010788080","86da04c4-0745-4754-9988-6a9fe8819504","JAN010788080",83.97,"moreplease","Percentage",27.99,"FC04","900222164","8766334",3,38,114,114,"GB","JAN010788080",5910,"GBP","E","Receipt Return",1,"JAN010788080","AQL","Consumer","PRMP000002000200000005101368720220427020000",157,"GB","","Burnley","Lancs","UK","OCT040788080",1,1,"en-AU","GB","",65.99,"Product","",8,114,122,"Card",20012,"","","",5
"JAN010788080","86da04c4-0745-4754-9988-6a9fe8819504","JAN010788080",-84,"moreplease","Percentage",-28,"FC01","900222164","115012031",3,48,144,144,"GB","JAN010788080",5910,"GBP","E","Receipt Return",1,"JAN010788080","AQL","Consumer","PRMP000002000200000004956726320220427020000",158,"GB","","Burnley","Lancs","UK","OCT040788080",1,1,"en-AU","GB","",20,"Product","",8,144,152,"Card",20002,"","","",1
"JAN010788081","959afd7b-d73c-479e-92f0-31c6ed159dab","JAN010788081",71.97,"moreplease","Percentage",23.99,"FC04","900222165","105188586",3,32,96,96,"GB","JAN010788081",5910,"GBP","E","Receipt Return",1,"JAN010788081","AQL","Consumer","PRMP000002000200000004955706620220427020000",159,"GB","","Burnley","Lancs","UK","OCT040788081",1,1,"en-AU","GB","",55.99,"Product","",8,96,104,"Card",20012,"","","",1
"JAN010788081","959afd7b-d73c-479e-92f0-31c6ed159dab","JAN010788081",15.6,"moreplease","Percentage",5.2,"FC01","900222165","10547474",3,21.75,65.25,65.25,"GB","JAN010788081",5910,"GBP","E","Receipt Return",1,"JAN010788081","AQL","Consumer","PRMP000002000200000005101244520220427020000",160,"GB","","Burnley","Lancs","UK","OCT040788081",1,1,"en-AU","GB","",26.95,"Product","",8,65.25,73.25,"Card",20002,"","","",2
"JAN010788081","959afd7b-d73c-479e-92f0-31c6ed159dab","JAN010788081",-97.5,"moreplease","Percentage",-32.5,"FC01","900222165","115012015",3,52.5,157.5,157.5,"GB","JAN010788081",5910,"GBP","E","Receipt Return",1,"JAN010788081","AQL","Consumer","PRMP000002000200000004956726420220427020000",161,"GB","","Burnley","Lancs","UK","OCT040788081",1,1,"en-AU","GB","",20,"Product","",8,157.5,165.5,"Card",20002,"","","",5
"JAN010788083","4f7042b6-5ab3-4d69-b7e0-78eb938ada80","JAN010788083",51,"moreplease","Percentage",17,"FC04","900173340","114941332",3,48,144,144,"GB","JAN010788083",5910,"GBP","E","Receipt Return",1,"JAN010788083","AQL","Consumer","PRMP000002000200000004956736320220427020000",162,"GB","","Burnley","Lancs","UK","OCT040788083",1,1,"en-AU","GB","",65,"Product","",8,144,152,"PayPal",20012,"","","",1
"JAN010788083","4f7042b6-5ab3-4d69-b7e0-78eb938ada80","JAN010788083",51,"moreplease","Percentage",17,"FC04","900173340","114941333",3,48,144,144,"GB","JAN010788083",5910,"GBP","E","Receipt Return",1,"JAN010788083","AQL","Consumer","PRMP000002000200000004956736320220427020000",163,"GB","","Burnley","Lancs","UK","OCT040788083",1,1,"en-AU","GB","",65,"Product","",8,144,152,"PayPal",20012,"","","",2
"JAN010788083","4f7042b6-5ab3-4d69-b7e0-78eb938ada80","JAN010788083",39,"moreplease","Percentage",13,"FC01","900173340","115003483",3,52,156,156,"GB","JAN010788083",5910,"GBP","E","Receipt Return",1,"JAN010788083","AQL","Consumer","PRMP000002000200000004957619320220427020000",164,"GB","","Burnley","Lancs","UK","OCT040788083",1,1,"en-AU","GB","",65,"Product","",8,156,164,"PayPal",20002,"","","",3
"JAN010788083","4f7042b6-5ab3-4d69-b7e0-78eb938ada80","JAN010788083",30,"moreplease","Percentage",10,"FC01","900173340","9682595",3,30,90,90,"GB","JAN010788083",5910,"GBP","E","Receipt Return",1,"JAN010788083","AQL","Consumer","PRMP000002000200000004958529620220427020000",165,"GB","","Burnley","Lancs","UK","OCT040788083",1,1,"en-AU","GB","",40,"Product","",8,90,98,"PayPal",20002,"","","",4
"JAN010788083","4f7042b6-5ab3-4d69-b7e0-78eb938ada80","JAN010788083",30,"moreplease","Percentage",10,"FC01","900173340","9682596",3,30,90,90,"GB","JAN010788083",5910,"GBP","E","Receipt Return",1,"JAN010788083","AQL","Consumer","PRMP000002000200000004958529620220427020000",166,"GB","","Burnley","Lancs","UK","OCT040788083",1,1,"en-AU","GB","",40,"Product","",8,90,98,"PayPal",20002,"","","",5
"JAN010788084","860e39a7-d534-4a33-9b59-600f03e56cfd","JAN010788084",95.97,"moreplease","Percentage",31.99,"FC04","900139516","105188649",3,24,72,72,"GB","JAN010788084",5910,"GBP","E","Receipt Return",1,"JAN010788084","AQL","Consumer","PRMP000002000200000004955706720220427020000",167,"GB","","Burnley","Lancs","UK","OCT040788084",1,1,"en-AU","GB","",55.99,"Product","",8,72,80,"Card",20012,"","","",1
"JAN010788084","860e39a7-d534-4a33-9b59-600f03e56cfd","JAN010788084",95.97,"moreplease","Percentage",31.99,"FC04","900139516","105188650",3,24,72,72,"GB","JAN010788084",5910,"GBP","E","Receipt Return",1,"JAN010788084","AQL","Consumer","PRMP000002000200000004955706720220427020000",168,"GB","","Burnley","Lancs","UK","OCT040788084",1,1,"en-AU","GB","",55.99,"Product","",8,72,80,"Card",20012,"","","",2
"JAN010788084","860e39a7-d534-4a33-9b59-600f03e56cfd","JAN010788084",39,"moreplease","Percentage",13,"FC01","900139516","115003484",3,52,156,156,"GB","JAN010788084",5910,"GBP","E","Receipt Return",1,"JAN010788084","AQL","Consumer","PRMP000002000200000004957619320220427020000",169,"GB","","Burnley","Lancs","UK","OCT040788084",1,1,"en-AU","GB","",65,"Product","",8,156,164,"Card",20002,"","","",4
"JAN010788084","860e39a7-d534-4a33-9b59-600f03e56cfd","JAN010788084",39,"moreplease","Percentage",13,"FC01","900139516","115003485",3,52,156,156,"GB","JAN010788084",5910,"GBP","E","Receipt Return",1,"JAN010788084","AQL","Consumer","PRMP000002000200000004957619320220427020000",170,"GB","","Burnley","Lancs","UK","OCT040788084",1,1,"en-AU","GB","",65,"Product","",8,156,164,"Card",20002,"","","",5
"JAN010788084","860e39a7-d534-4a33-9b59-600f03e56cfd","JAN010788084",16.5,"moreplease","Percentage",5.5,"FC01","900139516","115003444",3,22.5,67.5,67.5,"GB","JAN010788084",5910,"GBP","E","Receipt Return",1,"JAN010788084","AQL","Consumer","PRMP000002000200000004957575020220427020000",171,"GB","","Burnley","Lancs","UK","OCT040788084",1,1,"en-AU","GB","",28,"Product","",8,67.5,75.5,"Card",20002,"","","",3
"JAN010788096","d6632294-f888-488f-94d2-c9b5f0c45b99","JAN010788096",23.97,"moreplease","Percentage",7.99,"FC04","900173342","106958364",3,6,18,18,"GB","JAN010788096",5910,"GBP","E","Receipt Return",1,"JAN010788096","AQL","Consumer","PRMP000002000200000004956048120220427020000",207,"GB","","Burnley","Lancs","UK","OCT040788096",1,1,"en-AU","GB","",13.99,"Product","",8,18,26,"Card",20012,"","","",2
"JAN010788096","d6632294-f888-488f-94d2-c9b5f0c45b99","JAN010788096",29.25,"moreplease","Percentage",9.75,"FC01","900173342","114160114",3,18.25,54.75,54.75,"GB","JAN010788096",5910,"GBP","E","Receipt Return",1,"JAN010788096","AQL","Consumer","PRMP000002000200000004956629720220427020000",208,"GB","","Burnley","Lancs","UK","OCT040788096",1,1,"en-AU","GB","",28,"Product","",8,54.75,62.75,"Card",20002,"","","",4
"JAN010788096","d6632294-f888-488f-94d2-c9b5f0c45b99","JAN010788096",29.25,"moreplease","Percentage",9.75,"FC01","900173342","114160116",3,18.25,54.75,54.75,"GB","JAN010788096",5910,"GBP","E","Receipt Return",1,"JAN010788096","AQL","Consumer","PRMP000002000200000004956629720220427020000",209,"GB","","Burnley","Lancs","UK","OCT040788096",1,1,"en-AU","GB","",28,"Product","",8,54.75,62.75,"Card",20002,"","","",5
"JAN010788096","d6632294-f888-488f-94d2-c9b5f0c45b99","JAN010788096",29.25,"moreplease","Percentage",9.75,"FC01","900173342","114160113",3,18.25,54.75,54.75,"GB","JAN010788096",5910,"GBP","E","Receipt Return",1,"JAN010788096","AQL","Consumer","PRMP000002000200000004956629720220427020000",210,"GB","","Burnley","Lancs","UK","OCT040788096",1,1,"en-AU","GB","",28,"Product","",8,54.75,62.75,"Card",20002,"","","",3
"JAN010788097","58789b8c-c565-4fde-ae25-59a29ef528bd","JAN010788097",26.97,"moreplease","Percentage",8.99,"FC04","900260440","113980115",3,12,36,36,"GB","JAN010788097",5910,"GBP","E","Receipt Return",1,"JAN010788097","AQL","Consumer","PRMP000002000200000004958330220220427020000",211,"GB","","Burnley","Lancs","UK","OCT040788097",1,1,"en-AU","GB","",20.99,"Product","",8,36,44,"Card",20012,"","","",1
"JAN010788097","58789b8c-c565-4fde-ae25-59a29ef528bd","JAN010788097",29.25,"moreplease","Percentage",9.75,"FC01","900260440","114160111",3,18.25,54.75,54.75,"GB","JAN010788097",5910,"GBP","E","Receipt Return",1,"JAN010788097","AQL","Consumer","PRMP000002000200000004956629720220427020000",212,"GB","","Burnley","Lancs","UK","OCT040788097",1,1,"en-AU","GB","",28,"Product","",8,54.75,62.75,"Card",20002,"","","",2
"JAN010788097","58789b8c-c565-4fde-ae25-59a29ef528bd","JAN010788097",54,"moreplease","Percentage",18,"FC01","900260440","9706996",3,27,81,81,"GB","JAN010788097",5910,"GBP","E","Receipt Return",1,"JAN010788097","AQL","Consumer","PRMP000002000200000004958669220220427020000",213,"GB","","Burnley","Lancs","UK","OCT040788097",1,1,"en-AU","GB","",45,"Product","",8,81,89,"Card",20002,"","","",5
"JAN010788097","58789b8c-c565-4fde-ae25-59a29ef528bd","JAN010788097",29.25,"moreplease","Percentage",9.75,"FC01","900260440","114160112",3,18.25,54.75,54.75,"GB","JAN010788097",5910,"GBP","E","Receipt Return",1,"JAN010788097","AQL","Consumer","PRMP000002000200000004956629720220427020000",214,"GB","","Burnley","Lancs","UK","OCT040788097",1,1,"en-AU","GB","",28,"Product","",8,54.75,62.75,"Card",20002,"","","",3
"JAN010788098","9e896635-93d4-494a-845d-d3fbe3ce80a5","JAN010788098",26.97,"moreplease","Percentage",8.99,"FC04","900147979","113980114",3,12,36,36,"GB","JAN010788098",5910,"GBP","E","Receipt Return",1,"JAN010788098","AQL","Consumer","PRMP000002000200000004958330220220427020000",215,"GB","","Burnley","Lancs","UK","OCT040788098",1,1,"en-AU","GB","",20.99,"Product","",8,36,44,"Card",20012,"","","",3
"JAN010788098","9e896635-93d4-494a-845d-d3fbe3ce80a5","JAN010788098",26.97,"moreplease","Percentage",8.99,"FC04","900147979","113980116",3,12,36,36,"GB","JAN010788098",5910,"GBP","E","Receipt Return",1,"JAN010788098","AQL","Consumer","PRMP000002000200000004958330220220427020000",216,"GB","","Burnley","Lancs","UK","OCT040788098",1,1,"en-AU","GB","",20.99,"Product","",8,36,44,"Card",20012,"","","",4
"JAN010788098","9e896635-93d4-494a-845d-d3fbe3ce80a5","JAN010788098",23.85,"moreplease","Percentage",7.95,"FC01","900147979","107033920",3,32,96,96,"GB","JAN010788098",5910,"GBP","E","Receipt Return",1,"JAN010788098","AQL","Consumer","PRMP000002000200000005101344220220427020000",217,"GB","","Burnley","Lancs","UK","OCT040788098",1,1,"en-AU","GB","",39.95,"Product","",8,96,104,"Card",20002,"","","",1
"JAN010788098","9e896635-93d4-494a-845d-d3fbe3ce80a5","JAN010788098",24,"moreplease","Percentage",8,"FC01","900147979","107033933",3,32,96,96,"GB","JAN010788098",5910,"GBP","E","Receipt Return",1,"JAN010788098","AQL","Consumer","PRMP000002000200000005101344320220427020000",218,"GB","","Burnley","Lancs","UK","OCT040788098",1,1,"en-AU","GB","",40,"Product","",8,96,104,"Card",20002,"","","",2
"JAN010788098","9e896635-93d4-494a-845d-d3fbe3ce80a5","JAN010788098",29.25,"moreplease","Percentage",9.75,"FC01","900147979","114160115",3,18.25,54.75,54.75,"GB","JAN010788098",5910,"GBP","E","Receipt Return",1,"JAN010788098","AQL","Consumer","PRMP000002000200000004956629720220427020000",219,"GB","","Burnley","Lancs","UK","OCT040788098",1,1,"en-AU","GB","",28,"Product","",8,54.75,62.75,"Card",20002,"","","",5
"JAN010788099","3ac3f8eb-99a1-45c8-a8c4-491ea6770d33","JAN010788099",26.97,"moreplease","Percentage",8.99,"FC04","900173343","113980113",3,12,36,36,"GB","JAN010788099",5910,"GBP","E","Receipt Return",1,"JAN010788099","AQL","Consumer","PRMP000002000200000004958330220220427020000",220,"GB","","Burnley","Lancs","UK","OCT040788099",1,1,"en-AU","GB","",20.99,"Product","",8,36,44,"Card",20012,"","","",1
"JAN010788099","3ac3f8eb-99a1-45c8-a8c4-491ea6770d33","JAN010788099",83.97,"moreplease","Percentage",27.99,"FC04","900173343","11968825",3,28,84,84,"GB","JAN010788099",5910,"GBP","E","Receipt Return",1,"JAN010788099","AQL","Consumer","PRMP000002000200000004955988720220427020000",221,"GB","","Burnley","Lancs","UK","OCT040788099",1,1,"en-AU","GB","",55.99,"Product","",8,84,92,"Card",20012,"","","",3
"JAN010788099","3ac3f8eb-99a1-45c8-a8c4-491ea6770d33","JAN010788099",45,"moreplease","Percentage",15,"FC01","900173343","12120145",3,23,69,69,"GB","JAN010788099",5910,"GBP","E","Receipt Return",1,"JAN010788099","AQL","Consumer","PRMP000002000200000004955953620220427020000",222,"GB","","Burnley","Lancs","UK","OCT040788099",1,1,"en-AU","GB","",38,"Product","",8,69,77,"Card",20002,"","","",5
"JAN010788099","3ac3f8eb-99a1-45c8-a8c4-491ea6770d33","JAN010788099",6,"moreplease","Percentage",2,"FC01","900173343","11412922",3,3,9,9,"GB","JAN010788099",5910,"GBP","E","Receipt Return",1,"JAN010788099","AQL","Consumer","PRMP000002000200000004957235120220427020000",223,"GB","","Burnley","Lancs","UK","OCT040788099",1,1,"en-AU","GB","",5,"Product","",8,9,17,"Card",20002,"","","",2
"JAN010788100","e78c9a8a-c929-42dc-ac1e-99019acfdebc","JAN010788100",41.97,"moreplease","Percentage",13.99,"FC04","900131083","113940057",3,14,42,42,"GB","JAN010788100",5910,"GBP","E","Receipt Return",1,"JAN010788100","AQL","Consumer","PRMP000002000200000004958502020220427020000",224,"GB","","Burnley","Lancs","UK","OCT040788100",1,1,"en-AU","GB","",27.99,"Product","",8,42,50,"Card",20012,"","","",1
"JAN010788100","e78c9a8a-c929-42dc-ac1e-99019acfdebc","JAN010788100",41.97,"moreplease","Percentage",13.99,"FC04","900131083","113940059",3,14,42,42,"GB","JAN010788100",5910,"GBP","E","Receipt Return",1,"JAN010788100","AQL","Consumer","PRMP000002000200000004958502020220427020000",225,"GB","","Burnley","Lancs","UK","OCT040788100",1,1,"en-AU","GB","",27.99,"Product","",8,42,50,"Card",20012,"","","",2
"JAN010788100","e78c9a8a-c929-42dc-ac1e-99019acfdebc","JAN010788100",54,"moreplease","Percentage",18,"FC01","900131083","9706998",3,27,81,81,"GB","JAN010788100",5910,"GBP","E","Receipt Return",1,"JAN010788100","AQL","Consumer","PRMP000002000200000004958669220220427020000",226,"GB","","Burnley","Lancs","UK","OCT040788100",1,1,"en-AU","GB","",45,"Product","",8,81,89,"Card",20002,"","","",5
"JAN010788100","e78c9a8a-c929-42dc-ac1e-99019acfdebc","JAN010788100",6,"moreplease","Percentage",2,"FC01","900131083","11412923",3,3,9,9,"GB","JAN010788100",5910,"GBP","E","Receipt Return",1,"JAN010788100","AQL","Consumer","PRMP000002000200000004957235120220427020000",227,"GB","","Burnley","Lancs","UK","OCT040788100",1,1,"en-AU","GB","",5,"Product","",8,9,17,"Card",20002,"","","",3
"JAN010788101","9349ee7e-3ec0-4f41-ab18-2fae8cd3a934","JAN010788101",41.97,"moreplease","Percentage",13.99,"FC04","900228130","113940055",3,14,42,42,"GB","JAN010788101",5910,"GBP","E","Receipt Return",1,"JAN010788101","AQL","Consumer","PRMP000002000200000004958502020220427020000",228,"GB","","Burnley","Lancs","UK","OCT040788101",1,1,"en-AU","GB","",27.99,"Product","",8,42,50,"Voucher",20012,"","","",3
"JAN010788101","9349ee7e-3ec0-4f41-ab18-2fae8cd3a934","JAN010788101",59.97,"moreplease","Percentage",19.99,"FC04","900228130","102243837",3,8,24,24,"GB","JAN010788101",5910,"GBP","E","Receipt Return",1,"JAN010788101","AQL","Consumer","CLRP0000020002000000241641628",229,"GB","","Burnley","Lancs","UK","OCT040788101",1,1,"en-AU","GB","",27.99,"Product","",8,24,32,"Voucher",20012,"","","",1
"JAN010788101","9349ee7e-3ec0-4f41-ab18-2fae8cd3a934","JAN010788101",6.75,"moreplease","Percentage",2.25,"FC01","900228130","113983824",3,9.75,29.25,29.25,"GB","JAN010788101",5910,"GBP","E","Receipt Return",1,"JAN010788101","AQL","Consumer","PRMP000002000200000004956992420220427020000",230,"GB","","Burnley","Lancs","UK","OCT040788101",1,1,"en-AU","GB","",12,"Product","",8,29.25,37.25,"Voucher",20002,"","","",4
"JAN010788101","9349ee7e-3ec0-4f41-ab18-2fae8cd3a934","JAN010788101",7.5,"moreplease","Percentage",2.5,"FC01","900228130","102358586",3,7.5,22.5,22.5,"GB","JAN010788101",5910,"GBP","E","Receipt Return",1,"JAN010788101","AQL","Consumer","PRMP000002000200000004957053320220427020000",231,"GB","","Burnley","Lancs","UK","OCT040788101",1,1,"en-AU","GB","",10,"Product","",8,22.5,30.5,"Voucher",20002,"","","",2
"JAN010788054","4da19a16-f81a-447f-baae-2acab82f2571","JAN010788054",53.97,"moreplease","Percentage",17.99,"FC04","900139517","113124132",3,24,72,72,"GB","JAN010788054",5910,"GBP","E","Receipt Return",1,"JAN010788054","AQL","Consumer","PRMP000002000200000004955684420220427020000",117,"GB","","Burnley","Lancs","UK","OCT040788054",1,1,"en-AU","GB","",41.99,"Product","",8,72,80,"Card",20012,"ASOSUK","ASOSUK","",3
"JAN010788054","4da19a16-f81a-447f-baae-2acab82f2571","JAN010788054",29.97,"moreplease","Percentage",9.99,"FC04","900139517","105383901",3,13,39,39,"GB","JAN010788054",5910,"GBP","E","Receipt Return",1,"JAN010788054","AQL","Consumer","PRMP000002000200000004958010320220427020000",118,"GB","","Burnley","Lancs","UK","OCT040788054",1,1,"en-AU","GB","04046303860954",22.99,"Product","",8,39,47,"Card",20012,"ASOSUK","ASOSUK","",1
"JAN010788054","4da19a16-f81a-447f-baae-2acab82f2571","JAN010788054",34.47,"moreplease","Percentage",11.49,"FC01","900139517","113124421",3,21.5,64.5,64.5,"GB","JAN010788054",5910,"GBP","E","Receipt Return",1,"JAN010788054","AQL","Consumer","PRMP000002000200000004955728020220427020000",119,"GB","","Burnley","Lancs","UK","OCT040788054",1,1,"en-AU","GB","",32.99,"Product","",8,64.5,72.5,"Card",20002,"ASOSUK","ASOSUK","",5
"JAN010788085","9bdba510-558f-4a9b-8490-6258f62a67c0","JAN010788085",98.97,"moreplease","Percentage",32.99,"FC04","900164868","110828444",3,44,132,132,"GB","JAN010788085",5910,"GBP","E","Receipt Return",1,"JAN010788085","AQL","Consumer","PRMP000002000200000005107354920220427020000",172,"GB","","Burnley","Lancs","UK","OCT040788085",1,1,"en-AU","GB","",76.99,"Product","",8,132,140,"Card",20012,"","","",2
"JAN010788085","9bdba510-558f-4a9b-8490-6258f62a67c0","JAN010788085",51,"moreplease","Percentage",17,"FC04","900164868","114941331",3,48,144,144,"GB","JAN010788085",5910,"GBP","E","Receipt Return",1,"JAN010788085","AQL","Consumer","PRMP000002000200000004956736320220427020000",173,"GB","","Burnley","Lancs","UK","OCT040788085",1,1,"en-AU","GB","",65,"Product","",8,144,152,"Card",20012,"","","",3
"JAN010788085","9bdba510-558f-4a9b-8490-6258f62a67c0","JAN010788085",10.5,"moreplease","Percentage",3.5,"FC01","900164868","114968475",3,14.5,43.5,43.5,"GB","JAN010788085",5910,"GBP","E","Receipt Return",1,"JAN010788085","AQL","Consumer","PRMP000002000200000004956337220220427020000",174,"GB","","Burnley","Lancs","UK","OCT040788085",1,1,"en-AU","GB","",18,"Product","",8,43.5,51.5,"Card",20002,"","","",4
"JAN010788086","a824bd1e-7fec-4d83-8480-b062bb615143","JAN010788086",44.97,"moreplease","Percentage",14.99,"FC04","900212650","114905459",3,24,72,72,"GB","JAN010788086",5910,"GBP","E","Receipt Return",1,"JAN010788086","AQL","Consumer","PRMP000002000200000005106457820220427020000",175,"GB","","Burnley","Lancs","UK","OCT040788086",1,1,"en-AU","GB","",38.99,"Product","",8,72,80,"Card",20012,"","","",1
"JAN010788086","a824bd1e-7fec-4d83-8480-b062bb615143","JAN010788086",44.97,"moreplease","Percentage",14.99,"FC04","900212650","114905460",3,24,72,72,"GB","JAN010788086",5910,"GBP","E","Receipt Return",1,"JAN010788086","AQL","Consumer","PRMP000002000200000005106457820220427020000",176,"GB","","Burnley","Lancs","UK","OCT040788086",1,1,"en-AU","GB","",38.99,"Product","",8,72,80,"Card",20012,"","","",2
"JAN010788086","a824bd1e-7fec-4d83-8480-b062bb615143","JAN010788086",22.5,"moreplease","Percentage",7.5,"FC01","900212650","12120006",3,30.5,91.5,91.5,"GB","JAN010788086",5910,"GBP","E","Receipt Return",1,"JAN010788086","AQL","Consumer","PRMP000002000200000004955953520220427020000",177,"GB","","Burnley","Lancs","UK","OCT040788086",1,1,"en-AU","GB","",38,"Product","",8,91.5,99.5,"Card",20002,"","","",4
"JAN010788086","a824bd1e-7fec-4d83-8480-b062bb615143","JAN010788086",10.5,"moreplease","Percentage",3.5,"FC01","900212650","114968484",3,14.5,43.5,43.5,"GB","JAN010788086",5910,"GBP","E","Receipt Return",1,"JAN010788086","AQL","Consumer","PRMP000002000200000004956445620220427020000",178,"GB","","Burnley","Lancs","UK","OCT040788086",1,1,"en-AU","GB","",18,"Product","",8,43.5,51.5,"Card",20002,"","","",3
"JAN010788087","6e705229-9d34-4688-b216-6e8dd666fe5c","JAN010788087",44.97,"moreplease","Percentage",14.99,"FC04","900114144","114905461",3,24,72,72,"GB","JAN010788087",5910,"GBP","E","Receipt Return",1,"JAN010788087","AQL","Consumer","PRMP000002000200000005106457820220427020000",179,"GB","","Burnley","Lancs","UK","OCT040788087",1,1,"en-AU","GB","",38.99,"Product","",8,72,80,"Card",20012,"","","",3
"JAN010788087","6e705229-9d34-4688-b216-6e8dd666fe5c","JAN010788087",10.5,"moreplease","Percentage",3.5,"FC01","900114144","114968478",3,14.5,43.5,43.5,"GB","JAN010788087",5910,"GBP","E","Receipt Return",1,"JAN010788087","AQL","Consumer","PRMP000002000200000004956337320220427020000",180,"GB","","Burnley","Lancs","UK","OCT040788087",1,1,"en-AU","GB","",18,"Product","",8,43.5,51.5,"Card",20002,"","","",4
"JAN010788087","6e705229-9d34-4688-b216-6e8dd666fe5c","JAN010788087",33.75,"moreplease","Percentage",11.25,"FC01","900114144","102173368",3,33.75,101.25,101.25,"GB","JAN010788087",5910,"GBP","E","Receipt Return",1,"JAN010788087","AQL","Consumer","PRMP000002000200000004957946020220427020000",181,"GB","","Burnley","Lancs","UK","OCT040788087",1,1,"en-AU","GB","",45,"Product","",8,101.25,109.25,"Card",20002,"","","",2
"JAN010788088","097f91d4-f0c5-4992-8683-0f54f3c6c869","JAN010788088",95.97,"moreplease","Percentage",31.99,"FC04","900156482","114489552",3,13,39,39,"GB","JAN010788088",5910,"GBP","E","Receipt Return",1,"JAN010788088","AQL","Consumer","CLRP0000020002000000241642411",182,"GB","","Burnley","Lancs","UK","OCT040788088",1,1,"en-AU","GB","",44.99,"Product","",8,39,47,"Voucher",20012,"","","",3
"JAN010788088","097f91d4-f0c5-4992-8683-0f54f3c6c869","JAN010788088",44.97,"moreplease","Percentage",14.99,"FC04","900156482","8769535",3,3,9,9,"GB","JAN010788088",5910,"GBP","E","Receipt Return",1,"JAN010788088","AQL","Consumer","PRMP000002000200000004956973820220427020000",183,"GB","","Burnley","Lancs","UK","OCT040788088",1,1,"en-AU","GB","5054413900124",17.99,"Product","",8,9,17,"Voucher",20012,"","","",4
"JAN010788088","097f91d4-f0c5-4992-8683-0f54f3c6c869","JAN010788088",15,"moreplease","Percentage",5,"FC01","900156482","114173961",3,20,60,60,"GB","JAN010788088",5910,"GBP","E","Receipt Return",1,"JAN010788088","AQL","Consumer","PRMP000002000200000004955829620220427020000",184,"GB","","Burnley","Lancs","UK","OCT040788088",1,1,"en-AU","GB","",25,"Product","",8,60,68,"Voucher",20002,"","","",2
"JAN010788088","097f91d4-f0c5-4992-8683-0f54f3c6c869","JAN010788088",54,"moreplease","Percentage",18,"FC01","900156482","9706991",3,27,81,81,"GB","JAN010788088",5910,"GBP","E","Receipt Return",1,"JAN010788088","AQL","Consumer","PRMP000002000200000004958669220220427020000",185,"GB","","Burnley","Lancs","UK","OCT040788088",1,1,"en-AU","GB","5054413900094",45,"Product","",8,81,89,"Voucher",20002,"","","",5
"JAN010788089","abd7ff50-6e9e-4cc9-83f7-271a9b217239","JAN010788089",29.97,"moreplease","Percentage",9.99,"FC04","900212651","105013346",3,13,39,39,"GB","JAN010788089",5910,"GBP","E","Receipt Return",1,"JAN010788089","AQL","Consumer","PRMP000002000200000004958288520220427020000",186,"GB","","Burnley","Lancs","UK","OCT040788089",1,1,"en-AU","GB","",22.99,"Product","",8,39,47,"Card",20012,"","","",2
"JAN010788089","abd7ff50-6e9e-4cc9-83f7-271a9b217239","JAN010788089",80.97,"moreplease","Percentage",26.99,"FC04","900212651","114119875",3,36,108,108,"GB","JAN010788089",5910,"GBP","E","Receipt Return",1,"JAN010788089","AQL","Consumer","PRMP000002000200000004955595720220427020000",187,"GB","","Burnley","Lancs","UK","OCT040788089",1,1,"en-AU","GB","",62.99,"Product","",8,108,116,"Card",20012,"","","",3
"JAN010788089","abd7ff50-6e9e-4cc9-83f7-271a9b217239","JAN010788089",7.5,"moreplease","Percentage",2.5,"FC01","900212651","114173877",3,10.5,31.5,31.5,"GB","JAN010788089",5910,"GBP","E","Receipt Return",1,"JAN010788089","AQL","Consumer","PRMP000002000200000004956048620220427020000",188,"GB","","Burnley","Lancs","UK","OCT040788089",1,1,"en-AU","GB","",13,"Product","",8,31.5,39.5,"Card",20002,"","","",4
"JAN010788089","abd7ff50-6e9e-4cc9-83f7-271a9b217239","JAN010788089",15,"moreplease","Percentage",5,"FC01","900212651","114173964",3,20,60,60,"GB","JAN010788089",5910,"GBP","E","Receipt Return",1,"JAN010788089","AQL","Consumer","PRMP000002000200000004955829620220427020000",189,"GB","","Burnley","Lancs","UK","OCT040788089",1,1,"en-AU","GB","",25,"Product","",8,60,68,"Card",20002,"","","",5
"JAN010788089","abd7ff50-6e9e-4cc9-83f7-271a9b217239","JAN010788089",84,"moreplease","Percentage",28,"FC01","900212651","104955832",3,112,336,336,"GB","JAN010788089",5910,"GBP","E","Receipt Return",1,"JAN010788089","AQL","Consumer","PRMP000002000200000004957733320220427020000",190,"GB","","Burnley","Lancs","UK","OCT040788089",1,1,"en-AU","GB","",140,"Product","",8,336,344,"Card",20002,"","","",1
"JAN010788090","f66cbe0b-2531-4105-8d03-2f25f84c1101","JAN010788090",35.97,"moreplease","Percentage",11.99,"FC04","900114145","110155448",3,9,27,27,"GB","JAN010788090",5910,"GBP","E","Receipt Return",1,"JAN010788090","AQL","Consumer","PRMP000002000200000004957227720220427020000",191,"GB","","Burnley","Lancs","UK","OCT040788090",1,1,"en-AU","GB","",20.99,"Product","",8,27,35,"Card",20012,"","","",2
"JAN010788090","f66cbe0b-2531-4105-8d03-2f25f84c1101","JAN010788090",80.97,"moreplease","Percentage",26.99,"FC04","900114145","114119876",3,36,108,108,"GB","JAN010788090",5910,"GBP","E","Receipt Return",1,"JAN010788090","AQL","Consumer","PRMP000002000200000004955595720220427020000",192,"GB","","Burnley","Lancs","UK","OCT040788090",1,1,"en-AU","GB","",62.99,"Product","",8,108,116,"Card",20012,"","","",3
"JAN010788090","f66cbe0b-2531-4105-8d03-2f25f84c1101","JAN010788090",7.5,"moreplease","Percentage",2.5,"FC01","900114145","114173874",3,10.5,31.5,31.5,"GB","JAN010788090",5910,"GBP","E","Receipt Return",1,"JAN010788090","AQL","Consumer","PRMP000002000200000004956048620220427020000",193,"GB","","Burnley","Lancs","UK","OCT040788090",1,1,"en-AU","GB","",13,"Product","",8,31.5,39.5,"Card",20002,"","","",4
"JAN010788090","f66cbe0b-2531-4105-8d03-2f25f84c1101","JAN010788090",15,"moreplease","Percentage",5,"FC01","900114145","114173963",3,20,60,60,"GB","JAN010788090",5910,"GBP","E","Receipt Return",1,"JAN010788090","AQL","Consumer","PRMP000002000200000004955829620220427020000",194,"GB","","Burnley","Lancs","UK","OCT040788090",1,1,"en-AU","GB","",25,"Product","",8,60,68,"Card",20002,"","","",5
"JAN010788090","f66cbe0b-2531-4105-8d03-2f25f84c1101","JAN010788090",162,"moreplease","Percentage",54,"FC01","900114145","110125905",3,81,243,243,"GB","JAN010788090",5910,"GBP","E","Receipt Return",1,"JAN010788090","AQL","Consumer","PRMP000002000200000004958371820220427020000",195,"GB","","Burnley","Lancs","UK","OCT040788090",1,1,"en-AU","GB","",135,"Product","",8,243,251,"Card",20002,"","","",1
"JAN010788091","82711fa1-7176-4212-a2c4-8b2742cb2571","JAN010788091",26.97,"moreplease","Percentage",8.99,"FC04","900212652","114119960",3,12,36,36,"GB","JAN010788091",5910,"GBP","E","Receipt Return",1,"JAN010788091","AQL","Consumer","PRMP000002000200000004956302920220427020000",196,"GB","","Burnley","Lancs","UK","OCT040788091",1,1,"en-AU","GB","",20.99,"Product","",8,36,44,"Card",20012,"","","",4
"JAN010788091","82711fa1-7176-4212-a2c4-8b2742cb2571","JAN010788091",80.97,"moreplease","Percentage",26.99,"FC04","900212652","114119877",3,36,108,108,"GB","JAN010788091",5910,"GBP","E","Receipt Return",1,"JAN010788091","AQL","Consumer","PRMP000002000200000004955595720220427020000",197,"GB","","Burnley","Lancs","UK","OCT040788091",1,1,"en-AU","GB","",62.99,"Product","",8,108,116,"Card",20012,"","","",3
"JAN010788091","82711fa1-7176-4212-a2c4-8b2742cb2571","JAN010788091",23.85,"moreplease","Percentage",7.95,"FC01","900212652","107033919",3,32,96,96,"GB","JAN010788091",5910,"GBP","E","Receipt Return",1,"JAN010788091","AQL","Consumer","PRMP000002000200000005101344220220427020000",198,"GB","","Burnley","Lancs","UK","OCT040788091",1,1,"en-AU","GB","8445381014444",39.95,"Product","",8,96,104,"Card",20002,"","","",2
"JAN010788093","040f4d01-37a8-491c-8c2d-7f1610b950fc","JAN010788093",122.97,"moreplease","Percentage",40.99,"FC04","900122624","114119935",3,42,126,126,"GB","JAN010788093",5910,"GBP","E","Receipt Return",1,"JAN010788093","AQL","Consumer","PRMP000002000200000004956810620220427020000",199,"GB","","Burnley","Lancs","UK","OCT040788093",1,1,"en-AU","GB","",82.99,"Product","",8,126,134,"Card",20012,"","","",4
"JAN010788093","040f4d01-37a8-491c-8c2d-7f1610b950fc","JAN010788093",80.97,"moreplease","Percentage",26.99,"FC04","900122624","114119874",3,36,108,108,"GB","JAN010788093",5910,"GBP","E","Receipt Return",1,"JAN010788093","AQL","Consumer","PRMP000002000200000004955595720220427020000",200,"GB","","Burnley","Lancs","UK","OCT040788093",1,1,"en-AU","GB","",62.99,"Product","",8,108,116,"Card",20012,"","","",3
"JAN010788093","040f4d01-37a8-491c-8c2d-7f1610b950fc","JAN010788093",162,"moreplease","Percentage",54,"FC01","900122624","110125908",3,81,243,243,"GB","JAN010788093",5910,"GBP","E","Receipt Return",1,"JAN010788093","AQL","Consumer","PRMP000002000200000004958371820220427020000",201,"GB","","Burnley","Lancs","UK","OCT040788093",1,1,"en-AU","GB","",135,"Product","",8,243,251,"Card",20002,"","","",2
"JAN010788093","040f4d01-37a8-491c-8c2d-7f1610b950fc","JAN010788093",162,"moreplease","Percentage",54,"FC01","900122624","110125906",3,81,243,243,"GB","JAN010788093",5910,"GBP","E","Receipt Return",1,"JAN010788093","AQL","Consumer","PRMP000002000200000004958371820220427020000",202,"GB","","Burnley","Lancs","UK","OCT040788093",1,1,"en-AU","GB","",135,"Product","",8,243,251,"Card",20002,"","","",1
"JAN010788094","1652e5e7-9c5f-4d58-b0dd-1cbe54d837e3","JAN010788094",23.97,"moreplease","Percentage",7.99,"FC04","900173346","106958360",3,6,18,18,"GB","JAN010788094",5910,"GBP","E","Receipt Return",1,"JAN010788094","AQL","Consumer","PRMP000002000200000004956048120220427020000",203,"GB","","Burnley","Lancs","UK","OCT040788094",1,1,"en-AU","GB","",13.99,"Product","",8,18,26,"Card",20012,"","","",2
"JAN010788094","1652e5e7-9c5f-4d58-b0dd-1cbe54d837e3","JAN010788094",15,"moreplease","Percentage",5,"FC01","900173346","114173884",3,20,60,60,"GB","JAN010788094",5910,"GBP","E","Receipt Return",1,"JAN010788094","AQL","Consumer","PRMP000002000200000004955658920220427020000",204,"GB","","Burnley","Lancs","UK","OCT040788094",1,1,"en-AU","GB","",25,"Product","",8,60,68,"Card",20002,"","","",5
"JAN010788094","1652e5e7-9c5f-4d58-b0dd-1cbe54d837e3","JAN010788094",15,"moreplease","Percentage",5,"FC01","900173346","114173853",3,20,60,60,"GB","JAN010788094",5910,"GBP","E","Receipt Return",1,"JAN010788094","AQL","Consumer","PRMP000002000200000004956048520220427020000",205,"GB","","Burnley","Lancs","UK","OCT040788094",1,1,"en-AU","GB","",25,"Product","",8,60,68,"Card",20002,"","","",3
"JAN010788096","d6632294-f888-488f-94d2-c9b5f0c45b99","JAN010788096",23.97,"moreplease","Percentage",7.99,"FC04","900173342","106958361",3,6,18,18,"GB","JAN010788096",5910,"GBP","E","Receipt Return",1,"JAN010788096","AQL","Consumer","PRMP000002000200000004956048120220427020000",206,"GB","","Burnley","Lancs","UK","OCT040788096",1,1,"en-AU","GB","",13.99,"Product","",8,18,26,"Card",20012,"","","",1
"JAN010788070","9853e39d-2403-4880-9edf-2aa9326f2197","JAN010788070",68.97,"moreplease","Percentage",22.99,"FC04","900114136","109872259",3,37,111,111,"GB","JAN010788070",5910,"GBP","E","Receipt Return",1,"JAN010788070","AQL","Consumer","PRMP000002000200000005106468620220427020000",45,"GB","","Burnley","Lancs","UK","OCT040788070",1,1,"en-AU","GB","",59.99,"Product","SCAAFS",8,111,119,"Card",20012,"","","SCALPERS",3
"JAN010788060","332bf061-a96e-426a-ad0c-f643e302d168","JAN010788060",18,"moreplease","Percentage",6,"FC01","900122619","114645367",3,14,42,42,"GB","JAN010788060",5910,"GBP","E","Receipt Return",1,"JAN010788060","AQL","Consumer","PRMP000002000200000004957245720220427020000",15,"GB","","Burnley","Lancs","UK","OCT040788060",1,1,"en-AU","GB","",20,"Product","SCAAFS",8,42,50,"Card",20002,"","","SCALPERS",3
"JAN010788061","6c47301a-1323-46cd-889f-3c0153cd4dff","JAN010788061",23.97,"moreplease","Percentage",7.99,"FC04","900122621","110718406",3,13,39,39,"GB","JAN010788061",5910,"GBP","E","Receipt Return",1,"JAN010788061","AQL","Consumer","PRMP000002000200000004956626820220427020000",16,"GB","","Burnley","Lancs","UK","OCT040788061",1,1,"en-AU","GB","",20.99,"Product","SCAAFS1",8,39,47,"BankTransfers",20012,"","","SCALPERS1",3
"JAN010788061","6c47301a-1323-46cd-889f-3c0153cd4dff","JAN010788061",32.97,"moreplease","Percentage",10.99,"FC04","900122621","105383905",3,12,36,36,"GB","JAN010788061",5910,"GBP","E","Receipt Return",1,"JAN010788061","AQL","Consumer","PRMP000002000200000004958010420220427020000",17,"GB","","Burnley","Lancs","UK","OCT040788061",1,1,"en-AU","GB","5055864197781",22.99,"Product","SCAAFS1",8,36,44,"BankTransfers",20012,"","","SCALPERS1",1
"JAN010788061","6c47301a-1323-46cd-889f-3c0153cd4dff","JAN010788061",15.75,"moreplease","Percentage",5.25,"FC01","900122621","110929110",3,29.75,89.25,89.25,"GB","JAN010788061",5910,"GBP","E","Receipt Return",1,"JAN010788061","AQL","Consumer","PRMP000002000200000005126425720220428103000",18,"GB","","Burnley","Lancs","UK","OCT040788061",1,1,"en-AU","GB","",35,"Product","SCAAFS1",8,89.25,97.25,"BankTransfers",20002,"","","SCALPERS1",4
"JAN010788061","6c47301a-1323-46cd-889f-3c0153cd4dff","JAN010788061",15.75,"moreplease","Percentage",5.25,"FC01","900122621","110929111",3,29.75,89.25,89.25,"GB","JAN010788061",5910,"GBP","E","Receipt Return",1,"JAN010788061","AQL","Consumer","PRMP000002000200000004946488120220428103000",19,"GB","","Burnley","Lancs","UK","OCT040788061",1,1,"en-AU","GB","",35,"Product","SCAAFS1",8,89.25,97.25,"BankTransfers",20002,"","","SCALPERS1",5
"JAN010788061","6c47301a-1323-46cd-889f-3c0153cd4dff","JAN010788061",0.75,"moreplease","Percentage",0.25,"FC01","900122621","105604369",3,29.75,89.25,89.25,"GB","JAN010788061",5910,"GBP","E","Receipt Return",1,"JAN010788061","AQL","Consumer","PRMP000002000200000004946810120220428103000",20,"GB","","Burnley","Lancs","UK","OCT040788061",1,1,"en-AU","GB","5055864197798",30,"Product","SCAAFS1",8,89.25,97.25,"BankTransfers",20002,"","","SCALPERS1",2
"JAN010788062","05d3d754-42db-4e2d-ae9d-00d7f926a5f9","JAN010788062",23.97,"moreplease","Percentage",7.99,"FC04","900228127","110718408",3,13,39,39,"GB","JAN010788062",5910,"GBP","E","Receipt Return",1,"JAN010788062","AQL","Consumer","PRMP000002000200000004956626820220427020000",21,"GB","","Burnley","Lancs","UK","OCT040788062",1,1,"en-AU","GB","",20.99,"Product","SCAAFS1",8,39,47,"Card",20012,"","","SCALPERS1",3
"JAN010788062","05d3d754-42db-4e2d-ae9d-00d7f926a5f9","JAN010788062",50.97,"moreplease","Percentage",16.99,"FC04","900228127","12033973",3,23,69,69,"GB","JAN010788062",5910,"GBP","E","Receipt Return",1,"JAN010788062","AQL","Consumer","PRMP000002000200000005101387720220427020000",22,"GB","","Burnley","Lancs","UK","OCT040788062",1,1,"en-AU","GB","",39.99,"Product","SCAAFS1",8,69,77,"Card",20012,"","","SCALPERS1",4
"JAN010788062","05d3d754-42db-4e2d-ae9d-00d7f926a5f9","JAN010788062",51,"moreplease","Percentage",17,"FC01","900228127","7437955",3,68,204,204,"GB","JAN010788062",5910,"GBP","E","Receipt Return",1,"JAN010788062","AQL","Consumer","PRMP000002000200000005113734120220427020000",23,"GB","","Burnley","Lancs","UK","OCT040788062",1,1,"en-AU","GB","",85,"Product","SCAAFS1",8,204,212,"Card",20002,"","","SCALPERS1",5
"JAN010788054","4da19a16-f81a-447f-baae-2acab82f2571","JAN010788054",0.75,"moreplease","Percentage",0.25,"FC01","900139517","105604367",3,29.75,89.25,89.25,"GB","JAN010788054",5910,"GBP","E","Receipt Return",1,"JAN010788054","AQL","Consumer","PRMP000002000200000005126429420220428103000",120,"GB","","Burnley","Lancs","UK","OCT040788054",1,1,"en-AU","GB","04046303860947",30,"Product","",8,89.25,97.25,"Card",20002,"ASOSUK","ASOSUK","",2
"JAN010788054","4da19a16-f81a-447f-baae-2acab82f2571","JAN010788054",34.47,"moreplease","Percentage",11.49,"FC01","900139517","113124417",3,21.5,64.5,64.5,"GB","JAN010788054",5910,"GBP","E","Receipt Return",1,"JAN010788054","AQL","Consumer","PRMP000002000200000004955728020220427020000",121,"GB","","Burnley","Lancs","UK","OCT040788054",1,1,"en-AU","GB","",32.99,"Product","",8,64.5,72.5,"Card",20002,"ASOSUK","ASOSUK","",4
"JAN010788055","197d3c68-a0d2-4b9a-81c9-e1291669ba2e","JAN010788055",5.97,"moreplease","Percentage",1.99,"FC04","900114147","113110773",3,8,24,24,"GB","JAN010788055",5910,"GBP","E","Receipt Return",1,"JAN010788055","AQL","Consumer","PRMP000002000200000005106473820220427020000",122,"GB","","Burnley","Lancs","UK","OCT040788055",1,1,"en-AU","GB","",9.99,"Product","SCAAFS",8,24,32,"Card",20012,"","","SCALPERS",3
"JAN010788055","197d3c68-a0d2-4b9a-81c9-e1291669ba2e","JAN010788055",56.97,"moreplease","Percentage",18.99,"FC04","900114147","10497900",3,9,27,27,"GB","JAN010788055",5910,"GBP","E","Receipt Return",1,"JAN010788055","AQL","Consumer","CLRP0000020002000000241636951",123,"GB","","Burnley","Lancs","UK","OCT040788055",1,1,"en-AU","GB","",27.99,"Product","SCAAFS",8,27,35,"Card",20012,"","","SCALPERS",2
"JAN010788055","197d3c68-a0d2-4b9a-81c9-e1291669ba2e","JAN010788055",16.5,"moreplease","Percentage",5.5,"FC01","900114147","104933546",3,22.5,67.5,67.5,"GB","JAN010788055",5910,"GBP","E","Receipt Return",1,"JAN010788055","AQL","Consumer","PRMP000002000200000005113701220220427020000",124,"GB","","Burnley","Lancs","UK","OCT040788055",1,1,"en-AU","GB","",28,"Product","SCAAFS",8,67.5,75.5,"Card",20002,"","","SCALPERS",1
"JAN010788056","77edb0ef-9ec1-49aa-952e-310de2d53f3d","JAN010788056",13.5,"moreplease","Percentage",4.5,"FC01","900173339","113113634",3,10.5,31.5,31.5,"GB","JAN010788056",5910,"GBP","E","Receipt Return",1,"JAN010788056","AQL","Consumer","PRMP000002000200000004958458420220427020000",125,"GB","","Burnley","Lancs","UK","OCT040788056",1,1,"en-AU","GB","",15,"Product","SCAAFS",8,31.5,39.5,"BankTransfers",20002,"","","SCALPERS",5
"JAN010788078","c82b8072-d896-457c-8d8c-061857da4705","JAN010788078",36.75,"moreplease","Percentage",12.25,"FC01","900260437","115082980",3,22.75,68.25,68.25,"GB","JAN010788078",5910,"GBP","E","Receipt Return",1,"JAN010788078","AQL","Consumer","PRMP000002000200000004957761520220427020000",679221,"GB","","Burnley","Lancs","UK","OCT040788078",1,1,"en-AU","GB","",35,"Product","",8,68.25,76.25,"Card",20002,"","","",5
"JAN010788049","e905094a-a4d1-496a-9b19-d6a4108472d4","JAN010788049",12,"moreplease","Percentage",4,"FC01","900114137","113183536",3,16,48,48,"GB","JAN010788049",5910,"GBP","E","Receipt Return",1,"JAN010788049","AQL","Consumer","PRMP000002000200000005101239020220427020000",679222,"GB","","Burnley","Lancs","UK","OCT040788049",1,1,"en-AU","GB","",20,"Product","",8,48,56,"PayPal",20002,"ASOSUK","ASOSUK","",3
"JAN010788055","197d3c68-a0d2-4b9a-81c9-e1291669ba2e","JAN010788055",34.47,"moreplease","Percentage",11.49,"FC01","900114147","113124420",3,21.5,64.5,64.5,"GB","JAN010788055",5910,"GBP","E","Receipt Return",1,"JAN010788055","AQL","Consumer","PRMP000002000200000004955728020220427020000",679223,"GB","","Burnley","Lancs","UK","OCT040788055",1,1,"en-AU","GB","",32.99,"Product","SCAAFS",8,64.5,72.5,"Card",20002,"","","SCALPERS",4
"JAN010788091","82711fa1-7176-4212-a2c4-8b2742cb2571","JAN010788091",23.85,"moreplease","Percentage",7.95,"FC01","900212652","107033918",3,32,96,96,"GB","JAN010788091",5910,"GBP","E","Receipt Return",1,"JAN010788091","AQL","Consumer","PRMP000002000200000005101344220220427020000",679225,"GB","","Burnley","Lancs","UK","OCT040788091",1,1,"en-AU","GB","8445381014437",39.95,"Product","",8,96,104,"Card",20002,"","","",1
"JAN010788100","e78c9a8a-c929-42dc-ac1e-99019acfdebc","JAN010788100",54,"moreplease","Percentage",18,"FC01","900131083","9706997",3,27,81,81,"GB","JAN010788100",5910,"GBP","E","Receipt Return",1,"JAN010788100","AQL","Consumer","PRMP000002000200000004958669220220427020000",679226,"GB","","Burnley","Lancs","UK","OCT040788100",1,1,"en-AU","GB","",45,"Product","",8,81,89,"Card",20002,"","","",4
"JAN010788063","f16a9f3e-9268-4652-a1a0-b2d876a0bba6","JAN010788063",73.35,"moreplease","Percentage",24.45,"FC01","900122620","106703564",3,45.5,136.5,136.5,"GB","JAN010788063",5910,"GBP","E","Receipt Return",1,"JAN010788063","AQL","Consumer","PRMP000002000200000005101121420220427020000",673576,"GB","","Burnley","Lancs","UK","OCT040788063",1,1,"en-AU","GB","",69.95,"Product","SCAAFS1",8,136.5,144.5,"Card",20002,"","","SCALPERS1",2
"JAN010788062","05d3d754-42db-4e2d-ae9d-00d7f926a5f9","JAN010788062",12.75,"moreplease","Percentage",4.25,"FC01","900228127","110653537",3,17.75,53.25,53.25,"GB","JAN010788062",5910,"GBP","E","Receipt Return",1,"JAN010788062","AQL","Consumer","PRMP000002000200000004956037220220427020000",715433,"GB","","Burnley","Lancs","UK","OCT040788062",1,1,"en-AU","GB","",22,"Product","SCAAFS1",8,53.25,61.25,"Card",20002,"","","SCALPERS1",1
"JAN010788071","d4e8d554-b0ec-4d9c-bcc3-27d8665e09a3","JAN010788071",24,"moreplease","Percentage",8,"FC01","900173336","109872535",3,32,96,96,"GB","JAN010788071",5910,"GBP","E","Receipt Return",1,"JAN010788071","AQL","Consumer","PRMP000002000200000004956344420220427020000",715434,"GB","","Burnley","Lancs","UK","OCT040788071",1,1,"en-AU","GB","",40,"Product","SCAAFS1",8,96,104,"Card",20002,"","","SCALPERS1",4
"JAN010788078","c82b8072-d896-457c-8d8c-061857da4705","JAN010788078",102,"moreplease","Percentage",34,"FC01","900260437","104955806",3,136,408,408,"GB","JAN010788078",5910,"GBP","E","Receipt Return",1,"JAN010788078","AQL","Consumer","PRMP000002000200000004957733220220427020000",715435,"GB","","Burnley","Lancs","UK","OCT040788078",1,1,"en-AU","GB","",170,"Product","SCAAFS",8,408,416,"Card",20002,"","","SCALPERS",1
"JAN010788049","e905094a-a4d1-496a-9b19-d6a4108472d4","JAN010788049",12,"moreplease","Percentage",4,"FC01","900114137","113183538",3,16,48,48,"GB","JAN010788049",5910,"GBP","E","Receipt Return",1,"JAN010788049","AQL","Consumer","PRMP000002000200000005101239020220427020000",715436,"GB","","Burnley","Lancs","UK","OCT040788049",1,1,"en-AU","GB","",20,"Product","",8,48,56,"PayPal",20002,"ASOSUK","ASOSUK","",5
"JAN010788055","197d3c68-a0d2-4b9a-81c9-e1291669ba2e","JAN010788055",34.47,"moreplease","Percentage",11.49,"FC01","900114147","113124423",3,21.5,64.5,64.5,"GB","JAN010788055",5910,"GBP","E","Receipt Return",1,"JAN010788055","AQL","Consumer","PRMP000002000200000004955728020220427020000",715437,"GB","","Burnley","Lancs","UK","OCT040788055",1,1,"en-AU","GB","",32.99,"Product","SCAAFS",8,64.5,72.5,"Card",20002,"","","SCALPERS",5
"JAN010788091","82711fa1-7176-4212-a2c4-8b2742cb2571","JAN010788091",7.5,"moreplease","Percentage",2.5,"FC01","900212652","114173875",3,10.5,31.5,31.5,"GB","JAN010788091",5910,"GBP","E","Receipt Return",1,"JAN010788091","AQL","Consumer","PRMP000002000200000004956048620220427020000",715439,"GB","","Burnley","Lancs","UK","OCT040788091",1,1,"en-AU","GB","",13,"Product","",8,31.5,39.5,"Card",20002,"","","",5
"JAN010788099","3ac3f8eb-99a1-45c8-a8c4-491ea6770d33","JAN010788099",6.75,"moreplease","Percentage",2.25,"FC01","900173343","12087663",3,5.75,17.25,17.25,"GB","JAN010788099",5910,"GBP","E","Receipt Return",1,"JAN010788099","AQL","Consumer","PRMP000002000200000004956779820220427020000",715440,"GB","","Burnley","Lancs","UK","OCT040788099",1,1,"en-AU","GB","",8,"Product","",8,17.25,25.25,"Card",20002,"","","",4
"JAN010788072","c7831682-f111-4142-aa5a-0ee967cba016","JAN010788072",45,"moreplease","Percentage",15,"FC01","900122617","115890111",3,35,105,105,"GB","JAN010788072",5910,"GBP","E","Receipt Return",1,"JAN010788072","AQL","Consumer","PRMP000002000200000004956936920220427020000",772927,"GB","","Burnley","Lancs","UK","OCT040788072",1,1,"en-AU","GB","",50,"Product","SCAAFS1",8,105,113,"Card",20002,"","","SCALPERS1",5
"JAN010788078","c82b8072-d896-457c-8d8c-061857da4705","JAN010788078",102,"moreplease","Percentage",34,"FC01","900260437","104955807",3,136,408,408,"GB","JAN010788078",5910,"GBP","E","Receipt Return",1,"JAN010788078","AQL","Consumer","PRMP000002000200000004957733220220427020000",772928,"GB","","Burnley","Lancs","UK","OCT040788078",1,1,"en-AU","GB","",170,"Product","SCAAFS",8,408,416,"Card",20002,"","","SCALPERS",2
"JAN010788038","f62f9f2d-130c-404d-8be9-aa4a07576b2b","JAN010788038",21,"moreplease","Percentage",7,"FC01","900228125","11457890",3,28,84,84,"GB","JAN010788038",5910,"GBP","E","Receipt Return",1,"JAN010788038","AQL","Consumer","PRMP000002000200000005106704320220427020000",772929,"GB","","Burnley","Lancs","UK","OCT040788038",1,1,"en-AU","GB","",35,"Product","",8,84,92,"Afterpay",20002,"ASOSUK","ASOSUK","",3
"JAN010788049","e905094a-a4d1-496a-9b19-d6a4108472d4","JAN010788049",12,"moreplease","Percentage",4,"FC01","900114137","113183537",3,16,48,48,"GB","JAN010788049",5910,"GBP","E","Receipt Return",1,"JAN010788049","AQL","Consumer","PRMP000002000200000005101239020220427020000",772930,"GB","","Burnley","Lancs","UK","OCT040788049",1,1,"en-AU","GB","",20,"Product","",8,48,56,"PayPal",20002,"ASOSUK","ASOSUK","",4
"JAN010788080","86da04c4-0745-4754-9988-6a9fe8819504","JAN010788080",-84,"moreplease","Percentage",-28,"FC01","900222164","115012034",3,48,144,144,"GB","JAN010788080",5910,"GBP","E","Receipt Return",1,"JAN010788080","AQL","Consumer","PRMP000002000200000004956726320220427020000",772934,"GB","","Burnley","Lancs","UK","OCT040788080",1,1,"en-AU","GB","",20,"Product","",8,144,152,"Card",20002,"","","",3
"JAN010788087","6e705229-9d34-4688-b216-6e8dd666fe5c","JAN010788087",35.97,"moreplease","Percentage",11.99,"FC04","900114144","102148564",3,16,48,48,"GB","JAN010788087",5910,"GBP","E","Receipt Return",1,"JAN010788087","AQL","Consumer","PRMP000002000200000004956011520220427020000",772935,"GB","","Burnley","Lancs","UK","OCT040788087",1,1,"en-AU","GB","",27.99,"Product","",8,48,56,"Card",20012,"","","",1
"JAN010788094","1652e5e7-9c5f-4d58-b0dd-1cbe54d837e3","JAN010788094",15,"moreplease","Percentage",5,"FC01","900173346","114173881",3,20,60,60,"GB","JAN010788094",5910,"GBP","E","Receipt Return",1,"JAN010788094","AQL","Consumer","PRMP000002000200000004955658920220427020000",772936,"GB","","Burnley","Lancs","UK","OCT040788094",1,1,"en-AU","GB","",25,"Product","",8,60,68,"Card",20002,"","","",4
"JAN010788101","9349ee7e-3ec0-4f41-ab18-2fae8cd3a934","JAN010788101",6.75,"moreplease","Percentage",2.25,"FC01","900228130","115034394",3,5.75,17.25,17.25,"GB","JAN010788101",5910,"GBP","E","Receipt Return",1,"JAN010788101","AQL","Consumer","PRMP000002000200000004956941520220427020000",772937,"GB","","Burnley","Lancs","UK","OCT040788101",1,1,"en-AU","GB","",8,"Product","",8,17.25,25.25,"Voucher",20002,"","","",5
"JAN010788064","e969c96d-fcef-4f88-82cd-99a12c53fc23","JAN010788064",23.97,"moreplease","Percentage",7.99,"FC04","900114138","110718409",3,13,39,39,"GB","JAN010788064",5910,"GBP","E","Receipt Return",1,"JAN010788064","AQL","Consumer","PRMP000002000200000004956626820220427020000",772925,"GB","","Burnley","Lancs","UK","OCT040788064",1,1,"en-AU","GB","",20.99,"Product","SCAAFS1",8,39,47,"Card",20012,"","","SCALPERS1",3
"JAN010788070","9853e39d-2403-4880-9edf-2aa9326f2197","JAN010788070",24,"moreplease","Percentage",8,"FC01","900114136","109872534",3,32,96,96,"GB","JAN010788070",5910,"GBP","E","Receipt Return",1,"JAN010788070","AQL","Consumer","PRMP000002000200000004956344420220427020000",772926,"GB","","Burnley","Lancs","UK","OCT040788070",1,1,"en-AU","GB","",40,"Product","SCAAFS1",8,96,104,"Card",20002,"","","SCALPERS1",4
"JAN010788057","7cf130b1-15d5-4560-aac0-d85216545a4a","JAN010788057",44.97,"moreplease","Percentage",14.99,"FC04","900228126","110928750",3,21,63,63,"GB","JAN010788057",5910,"GBP","E","Receipt Return",1,"JAN010788057","AQL","Consumer","PRMP000002000200000004957384520220427020000",772923,"GB","","Burnley","Lancs","UK","OCT040788057",1,1,"en-AU","GB","",35.99,"Product","SCAAFS",8,63,71,"Card",20012,"","","SCALPERS",2
"JAN010788063","f16a9f3e-9268-4652-a1a0-b2d876a0bba6","JAN010788063",23.97,"moreplease","Percentage",7.99,"FC04","900122620","110718407",3,13,39,39,"GB","JAN010788063",5910,"GBP","E","Receipt Return",1,"JAN010788063","AQL","Consumer","PRMP000002000200000004956626820220427020000",772924,"GB","","Burnley","Lancs","UK","OCT040788063",1,1,"en-AU","GB","",20.99,"Product","SCAAFS1",8,39,47,"Card",20012,"","","SCALPERS1",5
"JAN010788050","31cfc585-a34e-462a-863e-313f34728c42","JAN010788050",30,"moreplease","Percentage",10,"FC01","900222162","113149473",3,40,120,120,"GB","JAN010788050",5910,"GBP","E","Receipt Return",1,"JAN010788050","AQL","Consumer","PRMP000002000200000004957048120220427020000",783659,"GB","","Burnley","Lancs","UK","OCT040788050",1,1,"en-AU","GB","",50,"Product","",8,120,128,"KlarnaInstalments",20002,"ASOSUK","ASOSUK","",4
"JAN010788081","959afd7b-d73c-479e-92f0-31c6ed159dab","JAN010788081",62.97,"moreplease","Percentage",20.99,"FC04","900222165","114956220",3,21,63,63,"GB","JAN010788081",5910,"GBP","E","Receipt Return",1,"JAN010788081","AQL","Consumer","PRMP000002000200000004958230620220427020000",783660,"GB","","Burnley","Lancs","UK","OCT040788081",1,1,"en-AU","GB","",41.99,"Product","",8,63,71,"Card",20012,"","","",3
"JAN010788071","d4e8d554-b0ec-4d9c-bcc3-27d8665e09a3","JAN010788071",15,"moreplease","Percentage",5,"FC01","900173336","104955731",3,20,60,60,"GB","JAN010788071",5910,"GBP","E","Receipt Return",1,"JAN010788071","AQL","Consumer","PRMP000002000200000004956668220220427020000",819886,"GB","","Burnley","Lancs","UK","OCT040788071",1,1,"en-AU","GB","8445058911366",25,"Product","SCAAFS",8,60,68,"Card",20002,"","","SCALPERS",1
"JAN010788086","a824bd1e-7fec-4d83-8480-b062bb615143","JAN010788086",22.5,"moreplease","Percentage",7.5,"FC01","900212650","12120009",3,30.5,91.5,91.5,"GB","JAN010788086",5910,"GBP","E","Receipt Return",1,"JAN010788086","AQL","Consumer","PRMP000002000200000004955953520220427020000",783661,"GB","","Burnley","Lancs","UK","OCT040788086",1,1,"en-AU","GB","",38,"Product","",8,91.5,99.5,"Card",20002,"","","",5
"JAN010788094","1652e5e7-9c5f-4d58-b0dd-1cbe54d837e3","JAN010788094",41.97,"moreplease","Percentage",13.99,"FC04","900173346","106958356",3,14,42,42,"GB","JAN010788094",5910,"GBP","E","Receipt Return",1,"JAN010788094","AQL","Consumer","PRMP000002000200000004956050220220427020000",783662,"GB","","Burnley","Lancs","UK","OCT040788094",1,1,"en-AU","GB","8445381014420",27.99,"Product","",8,42,50,"Card",20012,"","","",1
"JAN010788085","9bdba510-558f-4a9b-8490-6258f62a67c0","JAN010788085",11.25,"moreplease","Percentage",3.75,"FC01","900164868","11076103",3,21.25,63.75,63.75,"GB","JAN010788085",5910,"GBP","E","Receipt Return",1,"JAN010788085","AQL","Consumer","PRMP000002000200000005126440620220428103000",830791,"GB","","Burnley","Lancs","UK","OCT040788085",1,1,"en-AU","GB","",25,"Product","",8,63.75,71.75,"Card",20002,"","","",1
"JAN010788093","040f4d01-37a8-491c-8c2d-7f1610b950fc","JAN010788093",15,"moreplease","Percentage",5,"FC01","900122624","114173878",3,20,60,60,"GB","JAN010788093",5910,"GBP","E","Receipt Return",1,"JAN010788093","AQL","Consumer","PRMP000002000200000004955658920220427020000",829803,"GB","","Burnley","Lancs","UK","OCT040788093",1,1,"en-AU","GB","",25,"Product","",8,60,68,"Card",20002,"","","",5
"JAN010788080","86da04c4-0745-4754-9988-6a9fe8819504","JAN010788080",-84,"moreplease","Percentage",-28,"FC01","900222164","115012032",3,48,144,144,"GB","JAN010788080",5910,"GBP","E","Receipt Return",1,"JAN010788080","AQL","Consumer","PRMP000002000200000004956726320220427020000",830041,"GB","","Burnley","Lancs","UK","OCT040788080",1,1,"en-AU","GB","",20,"Product","",8,144,152,"Card",20002,"","","",2
"JAN010788060","332bf061-a96e-426a-ad0c-f643e302d168","JAN010788060",263.97,"moreplease","Percentage",87.99,"FC04","900122619","12033821",3,78,234,234,"GB","JAN010788060",5910,"GBP","E","Receipt Return",1,"JAN010788060","AQL","Consumer","PRMP000002000200000004956012620220427020000",830035,"GB","","Burnley","Lancs","UK","OCT040788060",1,1,"en-AU","GB","",165.99,"Product","SCAAFS",8,234,242,"Card",20012,"","","SCALPERS",4
"JAN010788069","f62f9f2d-130c-404d-8be9-aa4a07576b2b","JAN010788069",32.97,"moreplease","Percentage",10.99,"FC04","900212649","110944060",3,12,36,36,"GB","JAN010788069",5910,"GBP","E","Receipt Return",1,"JAN010788069","AQL","Consumer","PRMP000002000200000004957449620220427020000",830036,"GB","","Burnley","Lancs","UK","OCT040788069",1,1,"en-AU","GB","",22.99,"Product","SCAAFS1",8,36,44,"Voucher",20012,"","","SCALPERS1",4
"JAN010788073","00157f0d-be1c-4c4b-8674-c8c0249b58f9","JAN010788073",75,"moreplease","Percentage",25,"FC01","900164866","108930168",3,100,300,300,"GB","JAN010788073",5910,"GBP","E","Receipt Return",1,"JAN010788073","AQL","Consumer","PRMP000002000200000004957852620220427020000",830037,"GB","","Burnley","Lancs","UK","OCT040788073",1,1,"en-AU","GB","",125,"Product","SCAAFS",8,300,308,"KlarnaPAD",20002,"","","SCALPERS",2
"JAN010788045","5f704309-c225-4bbd-8ae9-51cdb661c541","JAN010788045",26.25,"moreplease","Percentage",8.75,"FC01","900122618","114677274",3,26.25,78.75,78.75,"GB","JAN010788045",5910,"GBP","E","Receipt Return",1,"JAN010788045","AQL","Consumer","PRMP000002000200000004958314120220427020000",830038,"GB","","Burnley","Lancs","UK","OCT040788045",1,1,"en-AU","GB","",35,"Product","",8,78.75,86.75,"Card",20002,"ASOSUK","ASOSUK","",5
"JAN010788056","77edb0ef-9ec1-49aa-952e-310de2d53f3d","JAN010788056",9,"moreplease","Percentage",3,"FC01","900173339","111533520",3,13,39,39,"GB","JAN010788056",5910,"GBP","E","Receipt Return",1,"JAN010788056","AQL","Consumer","PRMP000002000200000004956116420220427020000",830039,"GB","","Burnley","Lancs","UK","OCT040788056",1,1,"en-AU","GB","",16,"Product","SCAAFS",8,39,47,"BankTransfers",20002,"","","SCALPERS",2
"JAN010788058","85bb7f62-a36a-4571-a26a-76df9cacf370","JAN010788058",18.75,"moreplease","Percentage",6.25,"FC01","900164867","113113638",3,9.75,29.25,29.25,"GB","JAN010788058",5910,"GBP","E","Receipt Return",1,"JAN010788058","AQL","Consumer","PRMP000002000200000004956132520220427020000",783032,"GB","","Burnley","Lancs","UK","OCT040788058",1,1,"en-AU","GB","",16,"Product","SCAAFS",8,29.25,37.25,"Card",20002,"","","SCALPERS",5
"JAN010788065","b3f48ef2-ffd6-41fc-b43d-dae76e94998a","JAN010788065",68.97,"moreplease","Percentage",22.99,"FC04","900260438","110669154",3,27,81,81,"GB","JAN010788065",5910,"GBP","E","Receipt Return",1,"JAN010788065","AQL","Consumer","PRMP000002000200000004958244220220427020000",783033,"GB","","Burnley","Lancs","UK","OCT040788065",1,1,"en-AU","GB","",49.99,"Product","SCAAFS1",8,81,89,"Card",20012,"","","SCALPERS1",4
"JAN010788074","02a0a2a4-0343-408d-aa9a-805d9848fb3d","JAN010788074",95.97,"moreplease","Percentage",31.99,"FC04","900212646","114489551",3,13,39,39,"GB","JAN010788074",5910,"GBP","E","Receipt Return",1,"JAN010788074","AQL","Consumer","CLRP0000020002000000241642411",783034,"GB","","Burnley","Lancs","UK","OCT040788074",1,1,"en-AU","GB","",44.99,"Product","SCAAFS",8,39,47,"Card",20012,"","","SCALPERS",3
"JAN010788044","6ef19b21-3e62-4122-a34c-04847e2faa4e","JAN010788044",21,"moreplease","Percentage",7,"FC01","900131082","11457895",3,28,84,84,"GB","JAN010788044",5910,"GBP","E","Receipt Return",1,"JAN010788044","AQL","Consumer","PRMP000002000200000005106704320220427020000",783035,"GB","","Burnley","Lancs","UK","OCT040788044",1,1,"en-AU","GB","",35,"Product","",8,84,92,"Card",20002,"ASOSUK","ASOSUK","",4
"JAN010788052","9e877617-337c-4ce9-b476-31ee0ebfe2bb","JAN010788052",36,"moreplease","Percentage",12,"FC01","900212648","113149501",3,48,144,144,"GB","JAN010788052",5910,"GBP","E","Receipt Return",1,"JAN010788052","AQL","Consumer","PRMP000002000200000004957060320220427020000",783036,"GB","","Burnley","Lancs","UK","OCT040788052",1,1,"en-AU","GB","",60,"Product","",8,144,152,"AfterPayArvato",20002,"ASOSUK","ASOSUK","",5
"JAN010788081","959afd7b-d73c-479e-92f0-31c6ed159dab","JAN010788081",16.5,"moreplease","Percentage",5.5,"FC01","900222165","115003445",3,22.5,67.5,67.5,"GB","JAN010788081",5910,"GBP","E","Receipt Return",1,"JAN010788081","AQL","Consumer","PRMP000002000200000004957575020220427020000",783038,"GB","","Burnley","Lancs","UK","OCT040788081",1,1,"en-AU","GB","",28,"Product","",8,67.5,75.5,"Card",20002,"","","",4
"JAN010788088","097f91d4-f0c5-4992-8683-0f54f3c6c869","JAN010788088",15,"moreplease","Percentage",5,"FC01","900156482","114173855",3,20,60,60,"GB","JAN010788088",5910,"GBP","E","Receipt Return",1,"JAN010788088","AQL","Consumer","PRMP000002000200000004956048520220427020000",783039,"GB","","Burnley","Lancs","UK","OCT040788088",1,1,"en-AU","GB","",25,"Product","",8,60,68,"Voucher",20002,"","","",1
"JAN010788097","58789b8c-c565-4fde-ae25-59a29ef528bd","JAN010788097",17.97,"moreplease","Percentage",5.99,"FC04","900260440","116483648",3,8,24,24,"GB","JAN010788097",5910,"GBP","E","Receipt Return",1,"JAN010788097","AQL","Consumer","PRMP000002000200000004957549220220427020000",783040,"GB","","Burnley","Lancs","UK","OCT040788097",1,1,"en-AU","GB","",13.99,"Product","",8,24,32,"Card",20012,"","","",4
"JAN010788087","6e705229-9d34-4688-b216-6e8dd666fe5c","JAN010788087",10.5,"moreplease","Percentage",3.5,"FC01","900114144","114968482",3,14.5,43.5,43.5,"GB","JAN010788087",5910,"GBP","E","Receipt Return",1,"JAN010788087","AQL","Consumer","PRMP000002000200000004956337320220427020000",829044,"GB","","Burnley","Lancs","UK","OCT040788087",1,1,"en-AU","GB","",18,"Product","",8,43.5,51.5,"Card",20002,"","","",5
"JAN010788085","9bdba510-558f-4a9b-8490-6258f62a67c0","JAN010788085",10.5,"moreplease","Percentage",3.5,"FC01","900164868","114968481",3,14.5,43.5,43.5,"GB","JAN010788085",5910,"GBP","E","Receipt Return",1,"JAN010788085","AQL","Consumer","PRMP000002000200000004956337320220427020000",827134,"GB","","Burnley","Lancs","UK","OCT040788085",1,1,"en-AU","GB","",18,"Product","",8,43.5,51.5,"Card",20002,"","","",5
