290001,"2024-02-07 08:39:53.45","#HY0001",50.00,68.00,93.00,120.90,"2024-02-07","134715645","PO",4,,,,"","ALMA","HY0001A1",30025,1002,"2024-02-07","2024-03-07","USD",93.00,90,"3XS:10|2XS:20|XS:20|S:10|M:10|L:10|XL:10"
290002,"2024-02-07 08:39:53.45","#HY0002",50.00,68.00,93.00,120.90,"2024-02-07","134715645","PO",4,,,,"","ALMA","HY0002A0",30026,1016,"2024-02-07","2024-03-07","USD",93.00,90,"3XS:10|2XS:20|XS:20|S:10|M:10|L:10|XL:10"
290003,"2024-02-07 08:39:53.45","#HY0003",50.00,68.00,93.00,120.90,"2024-02-07","134715645","PO",4,,,,"","ALMA","HY0003A1",30027,3002,"2024-02-07","2024-03-07","USD",93.00,90,"3XS:10|2XS:20|XS:20|S:10|M:10|L:10|XL:10"
290004,"2024-02-07 08:39:53.45","#HY0004",50.00,68.00,93.00,120.90,"2024-02-07","134715645","PO",4,,,,"","ALMA","HY0004A0",30066,4002,"2024-02-07","2024-03-07","USD",93.00,90,"3XS:10|2XS:20|XS:20|S:10|M:10|L:10|XL:10"
290005,"2024-02-07 08:39:53.45","#HY0005",50.00,68.00,93.00,120.90,"2024-02-07","134715645","PO",4,,,,"","ALMA","HY0005A1",30067,5002,"2024-02-07","2024-03-07","USD",93.00,90,"3XS:10|2XS:20|XS:20|S:10|M:10|L:10|XL:10"
290006,"2024-02-07 08:39:53.45","#HY0006",50.00,68.00,93.00,120.90,"2024-02-07","134715645","PO",4,,,,"","ALMA","HY0006A0",30068,6002,"2024-02-07","2024-03-07","USD",93.00,90,"3XS:10|2XS:20|XS:20|S:10|M:10|L:10|XL:10"
290007,"2024-02-07 08:39:53.45","#HY0007",50.00,68.00,93.00,120.90,"2024-02-07","134715645","PO",4,,,,"","ALMA","HY0007A1",30069,8002,"2024-02-07","2024-03-07","USD",93.00,90,"3XS:10|2XS:20|XS:20|S:10|M:10|L:10|XL:10"
290008,"2024-02-07 08:39:53.45","#HY0008",50.00,68.00,93.00,120.90,"2024-02-07","134715665","PO",4,,,,"","ALMA","HY0008A1",30025,1002,"2024-02-07","2024-03-07","USD",93.00,90,"3XS:10|2XS:20|XS:20|S:10|M:10|L:10|XL:10"
290009,"2024-02-07 08:39:53.45","#HY0009",50.00,68.00,93.00,120.90,"2024-02-07","134715665","PO",4,,,,"","ALMA","HY0009A0",30026,1016,"2024-02-07","2024-03-07","USD",93.00,90,"3XS:10|2XS:20|XS:20|S:10|M:10|L:10|XL:10"
290010,"2024-02-07 08:39:53.45","#HY0010",50.00,68.00,93.00,120.90,"2024-02-07","134715665","PO",4,,,,"","ALMA","HY0010A1",30027,3002,"2024-02-07","2024-03-07","USD",93.00,90,"3XS:10|2XS:20|XS:20|S:10|M:10|L:10|XL:10"
290011,"2024-02-07 08:39:53.45","#HY0011",50.00,68.00,93.00,120.90,"2024-02-07","134715665","PO",4,,,,"","ALMA","HY0011A0",30066,4002,"2024-02-07","2024-03-07","USD",93.00,90,"3XS:10|2XS:20|XS:20|S:10|M:10|L:10|XL:10"
290012,"2024-02-07 08:39:53.45","#HY0012",50.00,68.00,93.00,120.90,"2024-02-07","134715665","PO",4,,,,"","ALMA","HY0012A1",30067,5002,"2024-02-07","2024-03-07","USD",93.00,90,"3XS:10|2XS:20|XS:20|S:10|M:10|L:10|XL:10"
290013,"2024-02-07 08:39:53.45","#HY0013",50.00,68.00,93.00,120.90,"2024-02-07","134715665","PO",4,,,,"","ALMA","HY0013A0",30068,6002,"2024-02-07","2024-03-07","USD",93.00,90,"3XS:10|2XS:20|XS:20|S:10|M:10|L:10|XL:10"
290014,"2024-02-07 08:39:53.45","#HY0014",50.00,68.00,93.00,120.90,"2024-02-07","134715665","PO",4,,,,"","ALMA","HY0014A1",30069,8002,"2024-02-07","2024-03-07","USD",93.00,90,"3XS:10|2XS:20|XS:20|S:10|M:10|L:10|XL:10"
290015,"2024-02-07 08:39:53.45","#HY0015",50.00,68.00,93.00,120.90,"2024-02-07","134715745","PO",4,,,,"","ALMA","HY0015A1",30025,1002,"2024-02-07","2024-03-07","USD",93.00,90,"3XS:10|2XS:20|XS:20|S:10|M:10|L:10|XL:10"
290016,"2024-02-07 08:39:53.45","#HY0016",50.00,68.00,93.00,120.90,"2024-02-07","134715745","PO",4,,,,"","ALMA","HY0016A0",30026,1016,"2024-02-07","2024-03-07","USD",93.00,90,"3XS:10|2XS:20|XS:20|S:10|M:10|L:10|XL:10"
290017,"2024-02-07 08:39:53.45","#HY0017",50.00,68.00,93.00,120.90,"2024-02-07","134715745","PO",4,,,,"","ALMA","HY0017A1",30027,3002,"2024-02-07","2024-03-07","USD",93.00,90,"3XS:10|2XS:20|XS:20|S:10|M:10|L:10|XL:10"
290018,"2024-02-07 08:39:53.45","#HY0018",50.00,68.00,93.00,120.90,"2024-02-07","134715745","PO",4,,,,"","ALMA","HY0018A0",30066,4002,"2024-02-07","2024-03-07","USD",93.00,90,"3XS:10|2XS:20|XS:20|S:10|M:10|L:10|XL:10"
290019,"2024-02-07 08:39:53.45","#HY0019",50.00,68.00,93.00,120.90,"2024-02-07","134715745","PO",4,,,,"","ALMA","HY0019A1",30067,5002,"2024-02-07","2024-03-07","USD",93.00,90,"3XS:10|2XS:20|XS:20|S:10|M:10|L:10|XL:10"
290020,"2024-02-07 08:39:53.45","#HY0020",50.00,68.00,93.00,120.90,"2024-02-07","134715745","PO",4,,,,"","ALMA","HY0020A0",30068,6002,"2024-02-07","2024-03-07","USD",93.00,90,"3XS:10|2XS:20|XS:20|S:10|M:10|L:10|XL:10"
290021,"2024-02-07 08:39:53.45","#HY0021",50.00,68.00,93.00,120.90,"2024-02-07","134715745","PO",4,,,,"","ALMA","HY0021A1",30069,8002,"2024-02-07","2024-03-07","USD",93.00,90,"3XS:10|2XS:20|XS:20|S:10|M:10|L:10|XL:10"
290022,"2024-02-07 08:39:53.45","#HY0022",50.00,68.00,93.00,120.90,"2024-02-07","134715802","PO",4,,,,"","ALMA","HY0022A1",30025,1002,"2024-02-07","2024-03-07","USD",93.00,90,"3XS:10|2XS:20|XS:20|S:10|M:10|L:10|XL:10"
290023,"2024-02-07 08:39:53.45","#HY0023",50.00,68.00,93.00,120.90,"2024-02-07","134715802","PO",4,,,,"","ALMA","HY0023A0",30026,1016,"2024-02-07","2024-03-07","USD",93.00,90,"3XS:10|2XS:20|XS:20|S:10|M:10|L:10|XL:10"
290024,"2024-02-07 08:39:53.45","#HY0024",50.00,68.00,93.00,120.90,"2024-02-07","134715802","PO",4,,,,"","ALMA","HY0024A1",30027,3002,"2024-02-07","2024-03-07","USD",93.00,90,"3XS:10|2XS:20|XS:20|S:10|M:10|L:10|XL:10"
290025,"2024-02-07 08:39:53.45","#HY0025",50.00,68.00,93.00,120.90,"2024-02-07","134715802","PO",4,,,,"","ALMA","HY0025A0",30066,4002,"2024-02-07","2024-03-07","USD",93.00,90,"3XS:10|2XS:20|XS:20|S:10|M:10|L:10|XL:10"
290026,"2024-02-07 08:39:53.45","#HY0026",50.00,68.00,93.00,120.90,"2024-02-07","134715802","PO",4,,,,"","ALMA","HY0026A1",30067,5002,"2024-02-07","2024-03-07","USD",93.00,90,"3XS:10|2XS:20|XS:20|S:10|M:10|L:10|XL:10"
290027,"2024-02-07 08:39:53.45","#HY0027",50.00,68.00,93.00,120.90,"2024-02-07","134715802","PO",4,,,,"","ALMA","HY0027A0",30068,6002,"2024-02-07","2024-03-07","USD",93.00,90,"3XS:10|2XS:20|XS:20|S:10|M:10|L:10|XL:10"
290028,"2024-02-07 08:39:53.45","#HY0028",50.00,68.00,93.00,120.90,"2024-02-07","134715802","PO",4,,,,"","ALMA","HY0028A1",30069,8002,"2024-02-07","2024-03-07","USD",93.00,90,"3XS:10|2XS:20|XS:20|S:10|M:10|L:10|XL:10"
290029,"2024-02-07 08:39:53.45","#HY0029",50.00,68.00,93.00,120.90,"2024-02-07","134715846","PO",4,,,,"","ALMA","HY0029A1",30025,1002,"2024-02-07","2024-03-07","USD",93.00,90,"3XS:10|2XS:20|XS:20|S:10|M:10|L:10|XL:10"
290030,"2024-02-07 08:39:53.45","#HY0030",50.00,68.00,93.00,120.90,"2024-02-07","134715846","PO",4,,,,"","ALMA","HY0030A0",30026,1016,"2024-02-07","2024-03-07","USD",93.00,90,"3XS:10|2XS:20|XS:20|S:10|M:10|L:10|XL:10"
290031,"2024-02-07 08:39:53.45","#HY0031",50.00,68.00,93.00,120.90,"2024-02-07","134715846","PO",4,,,,"","ALMA","HY0031A1",30027,3002,"2024-02-07","2024-03-07","USD",93.00,90,"3XS:10|2XS:20|XS:20|S:10|M:10|L:10|XL:10"
290032,"2024-02-07 08:39:53.45","#HY0032",50.00,68.00,93.00,120.90,"2024-02-07","134715846","PO",4,,,,"","ALMA","HY0032A0",30066,4002,"2024-02-07","2024-03-07","USD",93.00,90,"3XS:10|2XS:20|XS:20|S:10|M:10|L:10|XL:10"
290033,"2024-02-07 08:39:53.45","#HY0033",50.00,68.00,93.00,120.90,"2024-02-07","134715846","PO",4,,,,"","ALMA","HY0033A1",30067,5002,"2024-02-07","2024-03-07","USD",93.00,90,"3XS:10|2XS:20|XS:20|S:10|M:10|L:10|XL:10"
290034,"2024-02-07 08:39:53.45","#HY0034",50.00,68.00,93.00,120.90,"2024-02-07","134715846","PO",4,,,,"","ALMA","HY0034A0",30068,6002,"2024-02-07","2024-03-07","USD",93.00,90,"3XS:10|2XS:20|XS:20|S:10|M:10|L:10|XL:10"
290035,"2024-02-07 08:39:53.45","#HY0035",50.00,68.00,93.00,120.90,"2024-02-07","134715846","PO",4,,,,"","ALMA","HY0035A1",30069,8002,"2024-02-07","2024-03-07","USD",93.00,90,"3XS:10|2XS:20|XS:20|S:10|M:10|L:10|XL:10"
290036,"2024-02-07 08:39:53.45","#HY0036",50.00,68.00,93.00,120.90,"2024-02-07","134715848","PO",4,,,,"","ALMA","HY0036A1",30025,1002,"2024-02-07","2024-03-07","USD",93.00,90,"3XS:10|2XS:20|XS:20|S:10|M:10|L:10|XL:10"
290037,"2024-02-07 08:39:53.45","#HY0037",50.00,68.00,93.00,120.90,"2024-02-07","134715848","PO",4,,,,"","ALMA","HY0037A0",30026,1016,"2024-02-07","2024-03-07","USD",93.00,90,"3XS:10|2XS:20|XS:20|S:10|M:10|L:10|XL:10"
290038,"2024-02-07 08:39:53.45","#HY0038",50.00,68.00,93.00,120.90,"2024-02-07","134715848","PO",4,,,,"","ALMA","HY0038A1",30027,3002,"2024-02-07","2024-03-07","USD",93.00,90,"3XS:10|2XS:20|XS:20|S:10|M:10|L:10|XL:10"
290039,"2024-02-07 08:39:53.45","#HY0039",50.00,68.00,93.00,120.90,"2024-02-07","134715848","PO",4,,,,"","ALMA","HY0039A0",30066,4002,"2024-02-07","2024-03-07","USD",93.00,90,"3XS:10|2XS:20|XS:20|S:10|M:10|L:10|XL:10"
290040,"2024-02-07 08:39:53.45","#HY0040",50.00,68.00,93.00,120.90,"2024-02-07","134715848","PO",4,,,,"","ALMA","HY0040A1",30067,5002,"2024-02-07","2024-03-07","USD",93.00,90,"3XS:10|2XS:20|XS:20|S:10|M:10|L:10|XL:10"
290041,"2024-02-07 08:39:53.45","#HY0041",50.00,68.00,93.00,120.90,"2024-02-07","134715848","PO",4,,,,"","ALMA","HY0041A0",30068,6002,"2024-02-07","2024-03-07","USD",93.00,90,"3XS:10|2XS:20|XS:20|S:10|M:10|L:10|XL:10"
290042,"2024-02-07 08:39:53.45","#HY0042",50.00,68.00,93.00,120.90,"2024-02-07","134715848","PO",4,,,,"","ALMA","HY0042A1",30069,8002,"2024-02-07","2024-03-07","USD",93.00,90,"3XS:10|2XS:20|XS:20|S:10|M:10|L:10|XL:10"
290043,"2024-02-07 08:39:53.45","#HY0043",50.00,68.00,93.00,120.90,"2024-02-07","134715939","PO",4,,,,"","ALMA","HY0043A1",30025,1002,"2024-02-07","2024-03-07","USD",93.00,90,"3XS:10|2XS:20|XS:20|S:10|M:10|L:10|XL:10"
290044,"2024-02-07 08:39:53.45","#HY0044",50.00,68.00,93.00,120.90,"2024-02-07","134715939","PO",4,,,,"","ALMA","HY0044A0",30026,1016,"2024-02-07","2024-03-07","USD",93.00,90,"3XS:10|2XS:20|XS:20|S:10|M:10|L:10|XL:10"
290045,"2024-02-07 08:39:53.45","#HY0045",50.00,68.00,93.00,120.90,"2024-02-07","134715939","PO",4,,,,"","ALMA","HY0045A1",30027,3002,"2024-02-07","2024-03-07","USD",93.00,90,"3XS:10|2XS:20|XS:20|S:10|M:10|L:10|XL:10"
290046,"2024-02-07 08:39:53.45","#HY0046",50.00,68.00,93.00,120.90,"2024-02-07","134715939","PO",4,,,,"","ALMA","HY0046A0",30066,4002,"2024-02-07","2024-03-07","USD",93.00,90,"3XS:10|2XS:20|XS:20|S:10|M:10|L:10|XL:10"
290047,"2024-02-07 08:39:53.45","#HY0047",50.00,68.00,93.00,120.90,"2024-02-07","134715939","PO",4,,,,"","ALMA","HY0047A1",30067,5002,"2024-02-07","2024-03-07","USD",93.00,90,"3XS:10|2XS:20|XS:20|S:10|M:10|L:10|XL:10"
290048,"2024-02-07 08:39:53.45","#HY0048",50.00,68.00,93.00,120.90,"2024-02-07","134715939","PO",4,,,,"","ALMA","HY0048A0",30068,6002,"2024-02-07","2024-03-07","USD",93.00,90,"3XS:10|2XS:20|XS:20|S:10|M:10|L:10|XL:10"
290049,"2024-02-07 08:39:53.45","#HY0049",50.00,68.00,93.00,120.90,"2024-02-07","134715939","PO",4,,,,"","ALMA","HY0049A1",30069,8002,"2024-02-07","2024-03-07","USD",93.00,90,"3XS:10|2XS:20|XS:20|S:10|M:10|L:10|XL:10"
290050,"2024-02-07 08:39:53.45","#HY0050",50.00,68.00,93.00,120.90,"2024-02-07","134715993","PO",4,,,,"","ALMA","HY0050A1",30025,1002,"2024-02-07","2024-03-07","USD",93.00,90,"3XS:10|2XS:20|XS:20|S:10|M:10|L:10|XL:10"
290051,"2024-02-07 08:39:53.45","#HY0051",50.00,68.00,93.00,120.90,"2024-02-07","134715993","PO",4,,,,"","ALMA","HY0051A0",30026,1016,"2024-02-07","2024-03-07","USD",93.00,90,"3XS:10|2XS:20|XS:20|S:10|M:10|L:10|XL:10"
290052,"2024-02-07 08:39:53.45","#HY0052",50.00,68.00,93.00,120.90,"2024-02-07","134715993","PO",4,,,,"","ALMA","HY0052A1",30027,3002,"2024-02-07","2024-03-07","USD",93.00,90,"3XS:10|2XS:20|XS:20|S:10|M:10|L:10|XL:10"
290053,"2024-02-07 08:39:53.45","#HY0053",50.00,68.00,93.00,120.90,"2024-02-07","134715993","PO",4,,,,"","ALMA","HY0053A0",30066,4002,"2024-02-07","2024-03-07","USD",93.00,90,"3XS:10|2XS:20|XS:20|S:10|M:10|L:10|XL:10"
290054,"2024-02-07 08:39:53.45","#HY0054",50.00,68.00,93.00,120.90,"2024-02-07","134715993","PO",4,,,,"","ALMA","HY0054A1",30067,5002,"2024-02-07","2024-03-07","USD",93.00,90,"3XS:10|2XS:20|XS:20|S:10|M:10|L:10|XL:10"
290055,"2024-02-07 08:39:53.45","#HY0055",50.00,68.00,93.00,120.90,"2024-02-07","134715993","PO",4,,,,"","ALMA","HY0055A0",30068,6002,"2024-02-07","2024-03-07","USD",93.00,90,"3XS:10|2XS:20|XS:20|S:10|M:10|L:10|XL:10"
290056,"2024-02-07 08:39:53.45","#HY0056",50.00,68.00,93.00,120.90,"2024-02-07","134715993","PO",4,,,,"","ALMA","HY0056A1",30069,8002,"2024-02-07","2024-03-07","USD",93.00,90,"3XS:10|2XS:20|XS:20|S:10|M:10|L:10|XL:10"
290057,"2024-02-07 08:39:53.45","#HY0057",50.00,68.00,93.00,120.90,"2024-02-07","134716046","PO",4,,,,"","ALMA","HY0057A1",30025,1002,"2024-02-07","2024-03-07","USD",93.00,90,"3XS:10|2XS:20|XS:20|S:10|M:10|L:10|XL:10"
290058,"2024-02-07 08:39:53.45","#HY0058",50.00,68.00,93.00,120.90,"2024-02-07","134716046","PO",4,,,,"","ALMA","HY0058A0",30026,1016,"2024-02-07","2024-03-07","USD",93.00,90,"3XS:10|2XS:20|XS:20|S:10|M:10|L:10|XL:10"
290059,"2024-02-07 08:39:53.45","#HY0059",50.00,68.00,93.00,120.90,"2024-02-07","134716046","PO",4,,,,"","ALMA","HY0059A1",30027,3002,"2024-02-07","2024-03-07","USD",93.00,90,"3XS:10|2XS:20|XS:20|S:10|M:10|L:10|XL:10"
290060,"2024-02-07 08:39:53.45","#HY0060",50.00,68.00,93.00,120.90,"2024-02-07","134716046","PO",4,,,,"","ALMA","HY0060A0",30066,4002,"2024-02-07","2024-03-07","USD",93.00,90,"3XS:10|2XS:20|XS:20|S:10|M:10|L:10|XL:10"
290061,"2024-02-07 08:39:53.45","#HY0061",50.00,68.00,93.00,120.90,"2024-02-07","134716046","PO",4,,,,"","ALMA","HY0061A1",30067,5002,"2024-02-07","2024-03-07","USD",93.00,90,"3XS:10|2XS:20|XS:20|S:10|M:10|L:10|XL:10"
290062,"2024-02-07 08:39:53.45","#HY0062",50.00,68.00,93.00,120.90,"2024-02-07","134716046","PO",4,,,,"","ALMA","HY0062A0",30068,6002,"2024-02-07","2024-03-07","USD",93.00,90,"3XS:10|2XS:20|XS:20|S:10|M:10|L:10|XL:10"
290063,"2024-02-07 08:39:53.45","#HY0063",50.00,68.00,93.00,120.90,"2024-02-07","134716046","PO",4,,,,"","ALMA","HY0063A1",30069,8002,"2024-02-07","2024-03-07","USD",93.00,90,"3XS:10|2XS:20|XS:20|S:10|M:10|L:10|XL:10"
290064,"2024-02-07 08:39:53.45","#HY0064",50.00,68.00,93.00,120.90,"2024-02-07","134716047","PO",4,,,,"","ALMA","HY0064A1",30025,1002,"2024-02-07","2024-03-07","USD",93.00,90,"3XS:10|2XS:20|XS:20|S:10|M:10|L:10|XL:10"
290065,"2024-02-07 08:39:53.45","#HY0065",50.00,68.00,93.00,120.90,"2024-02-07","134716047","PO",4,,,,"","ALMA","HY0065A0",30026,1016,"2024-02-07","2024-03-07","USD",93.00,90,"3XS:10|2XS:20|XS:20|S:10|M:10|L:10|XL:10"
290066,"2024-02-07 08:39:53.45","#HY0066",50.00,68.00,93.00,120.90,"2024-02-07","134716047","PO",4,,,,"","ALMA","HY0066A1",30027,3002,"2024-02-07","2024-03-07","USD",93.00,90,"3XS:10|2XS:20|XS:20|S:10|M:10|L:10|XL:10"
290067,"2024-02-07 08:39:53.45","#HY0067",50.00,68.00,93.00,120.90,"2024-02-07","134716047","PO",4,,,,"","ALMA","HY0067A0",30066,4002,"2024-02-07","2024-03-07","USD",93.00,90,"3XS:10|2XS:20|XS:20|S:10|M:10|L:10|XL:10"
290068,"2024-02-07 08:39:53.45","#HY0068",50.00,68.00,93.00,120.90,"2024-02-07","134716047","PO",4,,,,"","ALMA","HY0068A1",30067,5002,"2024-02-07","2024-03-07","USD",93.00,90,"3XS:10|2XS:20|XS:20|S:10|M:10|L:10|XL:10"
290069,"2024-02-07 08:39:53.45","#HY0069",50.00,68.00,93.00,120.90,"2024-02-07","134716047","PO",4,,,,"","ALMA","HY0069A0",30068,6002,"2024-02-07","2024-03-07","USD",93.00,90,"3XS:10|2XS:20|XS:20|S:10|M:10|L:10|XL:10"
290070,"2024-02-07 08:39:53.45","#HY0070",50.00,68.00,93.00,120.90,"2024-02-07","134716047","PO",4,,,,"","ALMA","HY0070A1",30069,8002,"2024-02-07","2024-03-07","USD",93.00,90,"3XS:10|2XS:20|XS:20|S:10|M:10|L:10|XL:10"
290071,"2024-02-07 08:39:53.45","#HY0071",50.00,68.00,93.00,120.90,"2024-02-07","134716146","PO",4,,,,"","ALMA","HY0071A1",30025,1002,"2024-02-07","2024-03-07","USD",93.00,90,"3XS:10|2XS:20|XS:20|S:10|M:10|L:10|XL:10"
290072,"2024-02-07 08:39:53.45","#HY0072",50.00,68.00,93.00,120.90,"2024-02-07","134716146","PO",4,,,,"","ALMA","HY0072A0",30026,1016,"2024-02-07","2024-03-07","USD",93.00,90,"3XS:10|2XS:20|XS:20|S:10|M:10|L:10|XL:10"
290073,"2024-02-07 08:39:53.45","#HY0073",50.00,68.00,93.00,120.90,"2024-02-07","134716146","PO",4,,,,"","ALMA","HY0073A1",30027,3002,"2024-02-07","2024-03-07","USD",93.00,90,"3XS:10|2XS:20|XS:20|S:10|M:10|L:10|XL:10"
290074,"2024-02-07 08:39:53.45","#HY0074",50.00,68.00,93.00,120.90,"2024-02-07","134716146","PO",4,,,,"","ALMA","HY0074A0",30066,4002,"2024-02-07","2024-03-07","USD",93.00,90,"3XS:10|2XS:20|XS:20|S:10|M:10|L:10|XL:10"
290075,"2024-02-07 08:39:53.45","#HY0075",50.00,68.00,93.00,120.90,"2024-02-07","134716146","PO",4,,,,"","ALMA","HY0075A1",30067,5002,"2024-02-07","2024-03-07","USD",93.00,90,"3XS:10|2XS:20|XS:20|S:10|M:10|L:10|XL:10"
290076,"2024-02-07 08:39:53.45","#HY0076",50.00,68.00,93.00,120.90,"2024-02-07","134716146","PO",4,,,,"","ALMA","HY0076A0",30068,6002,"2024-02-07","2024-03-07","USD",93.00,90,"3XS:10|2XS:20|XS:20|S:10|M:10|L:10|XL:10"
290077,"2024-02-07 08:39:53.45","#HY0077",50.00,68.00,93.00,120.90,"2024-02-07","134716146","PO",4,,,,"","ALMA","HY0077A1",30069,8002,"2024-02-07","2024-03-07","USD",93.00,90,"3XS:10|2XS:20|XS:20|S:10|M:10|L:10|XL:10"
290078,"2024-02-07 08:39:53.45","#HY0078",50.00,68.00,93.00,120.90,"2024-02-07","134716170","PO",4,,,,"","ALMA","HY0078A1",30025,1002,"2024-02-07","2024-03-07","USD",93.00,90,"3XS:10|2XS:20|XS:20|S:10|M:10|L:10|XL:10"
290079,"2024-02-07 08:39:53.45","#HY0079",50.00,68.00,93.00,120.90,"2024-02-07","134716170","PO",4,,,,"","ALMA","HY0079A0",30026,1016,"2024-02-07","2024-03-07","USD",93.00,90,"3XS:10|2XS:20|XS:20|S:10|M:10|L:10|XL:10"
290080,"2024-02-07 08:39:53.45","#HY0080",50.00,68.00,93.00,120.90,"2024-02-07","134716170","PO",4,,,,"","ALMA","HY0080A1",30027,3002,"2024-02-07","2024-03-07","USD",93.00,90,"3XS:10|2XS:20|XS:20|S:10|M:10|L:10|XL:10"
290081,"2024-02-07 08:39:53.45","#HY0081",50.00,68.00,93.00,120.90,"2024-02-07","134716170","PO",4,,,,"","ALMA","HY0081A0",30066,4002,"2024-02-07","2024-03-07","USD",93.00,90,"3XS:10|2XS:20|XS:20|S:10|M:10|L:10|XL:10"
290082,"2024-02-07 08:39:53.45","#HY0082",50.00,68.00,93.00,120.90,"2024-02-07","134716170","PO",4,,,,"","ALMA","HY0082A1",30067,5002,"2024-02-07","2024-03-07","USD",93.00,90,"3XS:10|2XS:20|XS:20|S:10|M:10|L:10|XL:10"
290083,"2024-02-07 08:39:53.45","#HY0083",50.00,68.00,93.00,120.90,"2024-02-07","134716170","PO",4,,,,"","ALMA","HY0083A0",30068,6002,"2024-02-07","2024-03-07","USD",93.00,90,"3XS:10|2XS:20|XS:20|S:10|M:10|L:10|XL:10"
290084,"2024-02-07 08:39:53.45","#HY0084",50.00,68.00,93.00,120.90,"2024-02-07","134716170","PO",4,,,,"","ALMA","HY0084A1",30069,8002,"2024-02-07","2024-03-07","USD",93.00,90,"3XS:10|2XS:20|XS:20|S:10|M:10|L:10|XL:10"
290085,"2024-02-07 08:39:53.45","#HY0085",50.00,68.00,93.00,120.90,"2024-02-07","134716246","PO",4,,,,"","ALMA","HY0085A1",30025,1002,"2024-02-07","2024-03-07","USD",93.00,90,"3XS:10|2XS:20|XS:20|S:10|M:10|L:10|XL:10"
290086,"2024-02-07 08:39:53.45","#HY0086",50.00,68.00,93.00,120.90,"2024-02-07","134716246","PO",4,,,,"","ALMA","HY0086A0",30026,1016,"2024-02-07","2024-03-07","USD",93.00,90,"3XS:10|2XS:20|XS:20|S:10|M:10|L:10|XL:10"
290087,"2024-02-07 08:39:53.45","#HY0087",50.00,68.00,93.00,120.90,"2024-02-07","134716246","PO",4,,,,"","ALMA","HY0087A1",30027,3002,"2024-02-07","2024-03-07","USD",93.00,90,"3XS:10|2XS:20|XS:20|S:10|M:10|L:10|XL:10"
290088,"2024-02-07 08:39:53.45","#HY0088",50.00,68.00,93.00,120.90,"2024-02-07","134716246","PO",4,,,,"","ALMA","HY0088A0",30066,4002,"2024-02-07","2024-03-07","USD",93.00,90,"3XS:10|2XS:20|XS:20|S:10|M:10|L:10|XL:10"
290089,"2024-02-07 08:39:53.45","#HY0089",50.00,68.00,93.00,120.90,"2024-02-07","134716246","PO",4,,,,"","ALMA","HY0089A1",30067,5002,"2024-02-07","2024-03-07","USD",93.00,90,"3XS:10|2XS:20|XS:20|S:10|M:10|L:10|XL:10"
290090,"2024-02-07 08:39:53.45","#HY0090",50.00,68.00,93.00,120.90,"2024-02-07","134716246","PO",4,,,,"","ALMA","HY0090A0",30068,6002,"2024-02-07","2024-03-07","USD",93.00,90,"3XS:10|2XS:20|XS:20|S:10|M:10|L:10|XL:10"
290091,"2024-02-07 08:39:53.45","#HY0091",50.00,68.00,93.00,120.90,"2024-02-07","134716246","PO",4,,,,"","ALMA","HY0091A1",30069,8002,"2024-02-07","2024-03-07","USD",93.00,90,"3XS:10|2XS:20|XS:20|S:10|M:10|L:10|XL:10"
290092,"2024-02-07 08:39:53.45","#HY0092",50.00,68.00,93.00,120.90,"2024-02-07","134716265","PO",4,,,,"","ALMA","HY0092A1",30025,1002,"2024-02-07","2024-03-07","USD",93.00,90,"3XS:10|2XS:20|XS:20|S:10|M:10|L:10|XL:10"
290093,"2024-02-07 08:39:53.45","#HY0093",50.00,68.00,93.00,120.90,"2024-02-07","134716265","PO",4,,,,"","ALMA","HY0093A0",30026,1016,"2024-02-07","2024-03-07","USD",93.00,90,"3XS:10|2XS:20|XS:20|S:10|M:10|L:10|XL:10"
290094,"2024-02-07 08:39:53.45","#HY0094",50.00,68.00,93.00,120.90,"2024-02-07","134716265","PO",4,,,,"","ALMA","HY0094A1",30027,3002,"2024-02-07","2024-03-07","USD",93.00,90,"3XS:10|2XS:20|XS:20|S:10|M:10|L:10|XL:10"
290095,"2024-02-07 08:39:53.45","#HY0095",50.00,68.00,93.00,120.90,"2024-02-07","134716265","PO",4,,,,"","ALMA","HY0095A0",30066,4002,"2024-02-07","2024-03-07","USD",93.00,90,"3XS:10|2XS:20|XS:20|S:10|M:10|L:10|XL:10"
290096,"2024-02-07 08:39:53.45","#HY0096",50.00,68.00,93.00,120.90,"2024-02-07","134716265","PO",4,,,,"","ALMA","HY0096A1",30067,5002,"2024-02-07","2024-03-07","USD",93.00,90,"3XS:10|2XS:20|XS:20|S:10|M:10|L:10|XL:10"
290097,"2024-02-07 08:39:53.45","#HY0097",50.00,68.00,93.00,120.90,"2024-02-07","134716265","PO",4,,,,"","ALMA","HY0097A0",30068,6002,"2024-02-07","2024-03-07","USD",93.00,90,"3XS:10|2XS:20|XS:20|S:10|M:10|L:10|XL:10"
290098,"2024-02-07 08:39:53.45","#HY0098",50.00,68.00,93.00,120.90,"2024-02-07","134716265","PO",4,,,,"","ALMA","HY0098A1",30069,8002,"2024-02-07","2024-03-07","USD",93.00,90,"3XS:10|2XS:20|XS:20|S:10|M:10|L:10|XL:10"
290099,"2024-02-07 08:39:53.45","#HY0099",50.00,68.00,93.00,120.90,"2024-02-07","134716361","PO",4,,,,"","ALMA","HY0099A1",30025,1002,"2024-02-07","2024-03-07","USD",93.00,90,"3XS:10|2XS:20|XS:20|S:10|M:10|L:10|XL:10"
290100,"2024-02-07 08:39:53.45","#HY0100",50.00,68.00,93.00,120.90,"2024-02-07","134716361","PO",4,,,,"","ALMA","HY0100A0",30026,1016,"2024-02-07","2024-03-07","USD",93.00,90,"3XS:10|2XS:20|XS:20|S:10|M:10|L:10|XL:10"
290101,"2024-02-07 08:39:53.45","#HY0101",50.00,68.00,93.00,120.90,"2024-02-07","134716361","PO",4,,,,"","ALMA","HY0101A1",30027,3002,"2024-02-07","2024-03-07","USD",93.00,90,"3XS:10|2XS:20|XS:20|S:10|M:10|L:10|XL:10"
290102,"2024-02-07 08:39:53.45","#HY0102",50.00,68.00,93.00,120.90,"2024-02-07","134716361","PO",4,,,,"","ALMA","HY0102A0",30066,4002,"2024-02-07","2024-03-07","USD",93.00,90,"3XS:10|2XS:20|XS:20|S:10|M:10|L:10|XL:10"
290103,"2024-02-07 08:39:53.45","#HY0103",50.00,68.00,93.00,120.90,"2024-02-07","134716361","PO",4,,,,"","ALMA","HY0103A1",30067,5002,"2024-02-07","2024-03-07","USD",93.00,90,"3XS:10|2XS:20|XS:20|S:10|M:10|L:10|XL:10"
290104,"2024-02-07 08:39:53.45","#HY0104",50.00,68.00,93.00,120.90,"2024-02-07","134716361","PO",4,,,,"","ALMA","HY0104A0",30068,6002,"2024-02-07","2024-03-07","USD",93.00,90,"3XS:10|2XS:20|XS:20|S:10|M:10|L:10|XL:10"
290105,"2024-02-07 08:39:53.45","#HY0105",50.00,68.00,93.00,120.90,"2024-02-07","134716361","PO",4,,,,"","ALMA","HY0105A1",30069,8002,"2024-02-07","2024-03-07","USD",93.00,90,"3XS:10|2XS:20|XS:20|S:10|M:10|L:10|XL:10"
290106,"2024-02-07 08:39:53.45","#HY0106",50.00,68.00,93.00,120.90,"2024-02-07","134716446","PO",4,,,,"","ALMA","HY0106A1",30025,1002,"2024-02-07","2024-03-07","USD",93.00,90,"3XS:10|2XS:20|XS:20|S:10|M:10|L:10|XL:10"
290107,"2024-02-07 08:39:53.45","#HY0107",50.00,68.00,93.00,120.90,"2024-02-07","134716446","PO",4,,,,"","ALMA","HY0107A0",30026,1016,"2024-02-07","2024-03-07","USD",93.00,90,"3XS:10|2XS:20|XS:20|S:10|M:10|L:10|XL:10"
290108,"2024-02-07 08:39:53.45","#HY0108",50.00,68.00,93.00,120.90,"2024-02-07","134716446","PO",4,,,,"","ALMA","HY0108A1",30027,3002,"2024-02-07","2024-03-07","USD",93.00,90,"3XS:10|2XS:20|XS:20|S:10|M:10|L:10|XL:10"
290109,"2024-02-07 08:39:53.45","#HY0109",50.00,68.00,93.00,120.90,"2024-02-07","134716446","PO",4,,,,"","ALMA","HY0109A0",30066,4002,"2024-02-07","2024-03-07","USD",93.00,90,"3XS:10|2XS:20|XS:20|S:10|M:10|L:10|XL:10"
290110,"2024-02-07 08:39:53.45","#HY0110",50.00,68.00,93.00,120.90,"2024-02-07","134716446","PO",4,,,,"","ALMA","HY0110A1",30067,5002,"2024-02-07","2024-03-07","USD",93.00,90,"3XS:10|2XS:20|XS:20|S:10|M:10|L:10|XL:10"
290111,"2024-02-07 08:39:53.45","#HY0111",50.00,68.00,93.00,120.90,"2024-02-07","134716446","PO",4,,,,"","ALMA","HY0111A0",30068,6002,"2024-02-07","2024-03-07","USD",93.00,90,"3XS:10|2XS:20|XS:20|S:10|M:10|L:10|XL:10"
290112,"2024-02-07 08:39:53.45","#HY0112",50.00,68.00,93.00,120.90,"2024-02-07","134716446","PO",4,,,,"","ALMA","HY0112A1",30069,8002,"2024-02-07","2024-03-07","USD",93.00,90,"3XS:10|2XS:20|XS:20|S:10|M:10|L:10|XL:10"
290120,"2024-02-07 08:39:53.45","#HY0120",50.00,68.00,93.00,120.90,"2024-02-07","134716561","PO",4,,,,"","ALMA","HY0120A1",30025,1002,"2024-02-07","2024-03-07","USD",93.00,90,"3XS:10|2XS:20|XS:20|S:10|M:10|L:10|XL:10"
290121,"2024-02-07 08:39:53.45","#HY0121",50.00,68.00,93.00,120.90,"2024-02-07","134716561","PO",4,,,,"","ALMA","HY0121A0",30026,1016,"2024-02-07","2024-03-07","USD",93.00,90,"3XS:10|2XS:20|XS:20|S:10|M:10|L:10|XL:10"
290122,"2024-02-07 08:39:53.45","#HY0122",50.00,68.00,93.00,120.90,"2024-02-07","134716561","PO",4,,,,"","ALMA","HY0122A1",30027,3002,"2024-02-07","2024-03-07","USD",93.00,90,"3XS:10|2XS:20|XS:20|S:10|M:10|L:10|XL:10"
290123,"2024-02-07 08:39:53.45","#HY0123",50.00,68.00,93.00,120.90,"2024-02-07","134716561","PO",4,,,,"","ALMA","HY0123A0",30066,4002,"2024-02-07","2024-03-07","USD",93.00,90,"3XS:10|2XS:20|XS:20|S:10|M:10|L:10|XL:10"
290124,"2024-02-07 08:39:53.45","#HY0124",50.00,68.00,93.00,120.90,"2024-02-07","134716561","PO",4,,,,"","ALMA","HY0124A1",30067,5002,"2024-02-07","2024-03-07","USD",93.00,90,"3XS:10|2XS:20|XS:20|S:10|M:10|L:10|XL:10"
290125,"2024-02-07 08:39:53.45","#HY0125",50.00,68.00,93.00,120.90,"2024-02-07","134716561","PO",4,,,,"","ALMA","HY0125A0",30068,6002,"2024-02-07","2024-03-07","USD",93.00,90,"3XS:10|2XS:20|XS:20|S:10|M:10|L:10|XL:10"
290126,"2024-02-07 08:39:53.45","#HY0126",50.00,68.00,93.00,120.90,"2024-02-07","134716561","PO",4,,,,"","ALMA","HY0126A1",30069,8002,"2024-02-07","2024-03-07","USD",93.00,90,"3XS:10|2XS:20|XS:20|S:10|M:10|L:10|XL:10"
290127,"2024-02-07 08:39:53.45","#HY0127",50.00,68.00,93.00,120.90,"2024-02-07","134716646","PO",4,,,,"","ALMA","HY0127A1",30025,1002,"2024-02-07","2024-03-07","USD",93.00,90,"3XS:10|2XS:20|XS:20|S:10|M:10|L:10|XL:10"
290128,"2024-02-07 08:39:53.45","#HY0128",50.00,68.00,93.00,120.90,"2024-02-07","134716646","PO",4,,,,"","ALMA","HY0128A0",30026,1016,"2024-02-07","2024-03-07","USD",93.00,90,"3XS:10|2XS:20|XS:20|S:10|M:10|L:10|XL:10"
290129,"2024-02-07 08:39:53.45","#HY0129",50.00,68.00,93.00,120.90,"2024-02-07","134716646","PO",4,,,,"","ALMA","HY0129A1",30027,3002,"2024-02-07","2024-03-07","USD",93.00,90,"3XS:10|2XS:20|XS:20|S:10|M:10|L:10|XL:10"
290130,"2024-02-07 08:39:53.45","#HY0130",50.00,68.00,93.00,120.90,"2024-02-07","134716646","PO",4,,,,"","ALMA","HY0130A0",30066,4002,"2024-02-07","2024-03-07","USD",93.00,90,"3XS:10|2XS:20|XS:20|S:10|M:10|L:10|XL:10"
290131,"2024-02-07 08:39:53.45","#HY0131",50.00,68.00,93.00,120.90,"2024-02-07","134716646","PO",4,,,,"","ALMA","HY0131A1",30067,5002,"2024-02-07","2024-03-07","USD",93.00,90,"3XS:10|2XS:20|XS:20|S:10|M:10|L:10|XL:10"
290132,"2024-02-07 08:39:53.45","#HY0132",50.00,68.00,93.00,120.90,"2024-02-07","134716646","PO",4,,,,"","ALMA","HY0132A0",30068,6002,"2024-02-07","2024-03-07","USD",93.00,90,"3XS:10|2XS:20|XS:20|S:10|M:10|L:10|XL:10"
290133,"2024-02-07 08:39:53.45","#HY0133",50.00,68.00,93.00,120.90,"2024-02-07","134716646","PO",4,,,,"","ALMA","HY0133A1",30069,8002,"2024-02-07","2024-03-07","USD",93.00,90,"3XS:10|2XS:20|XS:20|S:10|M:10|L:10|XL:10"
290134,"2024-02-07 08:39:53.45","#HY0134",50.00,68.00,93.00,120.90,"2024-02-07","134716665","PO",4,,,,"","ALMA","HY0134A1",30025,1002,"2024-02-07","2024-03-07","USD",93.00,90,"3XS:10|2XS:20|XS:20|S:10|M:10|L:10|XL:10"
290135,"2024-02-07 08:39:53.45","#HY0135",50.00,68.00,93.00,120.90,"2024-02-07","134716665","PO",4,,,,"","ALMA","HY0135A0",30026,1016,"2024-02-07","2024-03-07","USD",93.00,90,"3XS:10|2XS:20|XS:20|S:10|M:10|L:10|XL:10"
290136,"2024-02-07 08:39:53.45","#HY0136",50.00,68.00,93.00,120.90,"2024-02-07","134716665","PO",4,,,,"","ALMA","HY0136A1",30027,3002,"2024-02-07","2024-03-07","USD",93.00,90,"3XS:10|2XS:20|XS:20|S:10|M:10|L:10|XL:10"
290137,"2024-02-07 08:39:53.45","#HY0137",50.00,68.00,93.00,120.90,"2024-02-07","134716665","PO",4,,,,"","ALMA","HY0137A0",30066,4002,"2024-02-07","2024-03-07","USD",93.00,90,"3XS:10|2XS:20|XS:20|S:10|M:10|L:10|XL:10"
290138,"2024-02-07 08:39:53.45","#HY0138",50.00,68.00,93.00,120.90,"2024-02-07","134716665","PO",4,,,,"","ALMA","HY0138A1",30067,5002,"2024-02-07","2024-03-07","USD",93.00,90,"3XS:10|2XS:20|XS:20|S:10|M:10|L:10|XL:10"
290139,"2024-02-07 08:39:53.45","#HY0139",50.00,68.00,93.00,120.90,"2024-02-07","134716665","PO",4,,,,"","ALMA","HY0139A0",30068,6002,"2024-02-07","2024-03-07","USD",93.00,90,"3XS:10|2XS:20|XS:20|S:10|M:10|L:10|XL:10"
290140,"2024-02-07 08:39:53.45","#HY0140",50.00,68.00,93.00,120.90,"2024-02-07","134716665","PO",4,,,,"","ALMA","HY0140A1",30069,8002,"2024-02-07","2024-03-07","USD",93.00,90,"3XS:10|2XS:20|XS:20|S:10|M:10|L:10|XL:10"
290141,"2024-02-07 08:39:53.45","#HY0141",50.00,68.00,93.00,120.90,"2024-02-07","134716761","PO",4,,,,"","ALMA","HY0141A1",30025,1002,"2024-02-07","2024-03-07","USD",93.00,90,"3XS:10|2XS:20|XS:20|S:10|M:10|L:10|XL:10"
290142,"2024-02-07 08:39:53.45","#HY0142",50.00,68.00,93.00,120.90,"2024-02-07","134716761","PO",4,,,,"","ALMA","HY0142A0",30026,1016,"2024-02-07","2024-03-07","USD",93.00,90,"3XS:10|2XS:20|XS:20|S:10|M:10|L:10|XL:10"
290143,"2024-02-07 08:39:53.45","#HY0143",50.00,68.00,93.00,120.90,"2024-02-07","134716761","PO",4,,,,"","ALMA","HY0143A1",30027,3002,"2024-02-07","2024-03-07","USD",93.00,90,"3XS:10|2XS:20|XS:20|S:10|M:10|L:10|XL:10"
290144,"2024-02-07 08:39:53.45","#HY0144",50.00,68.00,93.00,120.90,"2024-02-07","134716761","PO",4,,,,"","ALMA","HY0144A0",30066,4002,"2024-02-07","2024-03-07","USD",93.00,90,"3XS:10|2XS:20|XS:20|S:10|M:10|L:10|XL:10"
290145,"2024-02-07 08:39:53.45","#HY0145",50.00,68.00,93.00,120.90,"2024-02-07","134716761","PO",4,,,,"","ALMA","HY0145A1",30067,5002,"2024-02-07","2024-03-07","USD",93.00,90,"3XS:10|2XS:20|XS:20|S:10|M:10|L:10|XL:10"
290146,"2024-02-07 08:39:53.45","#HY0146",50.00,68.00,93.00,120.90,"2024-02-07","134716761","PO",4,,,,"","ALMA","HY0146A0",30068,6002,"2024-02-07","2024-03-07","USD",93.00,90,"3XS:10|2XS:20|XS:20|S:10|M:10|L:10|XL:10"
290147,"2024-02-07 08:39:53.45","#HY0147",50.00,68.00,93.00,120.90,"2024-02-07","134716761","PO",4,,,,"","ALMA","HY0147A1",30069,8002,"2024-02-07","2024-03-07","USD",93.00,90,"3XS:10|2XS:20|XS:20|S:10|M:10|L:10|XL:10"
290148,"2024-02-07 08:39:53.45","#HY0148",50.00,68.00,93.00,120.90,"2024-02-07","134716846","PO",4,,,,"","ALMA","HY0148A1",30025,1002,"2024-02-07","2024-03-07","USD",93.00,90,"3XS:10|2XS:20|XS:20|S:10|M:10|L:10|XL:10"
290149,"2024-02-07 08:39:53.45","#HY0149",50.00,68.00,93.00,120.90,"2024-02-07","134716846","PO",4,,,,"","ALMA","HY0149A0",30026,1016,"2024-02-07","2024-03-07","USD",93.00,90,"3XS:10|2XS:20|XS:20|S:10|M:10|L:10|XL:10"
290150,"2024-02-07 08:39:53.45","#HY0150",50.00,68.00,93.00,120.90,"2024-02-07","134716846","PO",4,,,,"","ALMA","HY0150A1",30027,3002,"2024-02-07","2024-03-07","USD",93.00,90,"3XS:10|2XS:20|XS:20|S:10|M:10|L:10|XL:10"
290151,"2024-02-07 08:39:53.45","#HY0151",50.00,68.00,93.00,120.90,"2024-02-07","134716846","PO",4,,,,"","ALMA","HY0151A0",30066,4002,"2024-02-07","2024-03-07","USD",93.00,90,"3XS:10|2XS:20|XS:20|S:10|M:10|L:10|XL:10"
290152,"2024-02-07 08:39:53.45","#HY0152",50.00,68.00,93.00,120.90,"2024-02-07","134716846","PO",4,,,,"","ALMA","HY0152A1",30067,5002,"2024-02-07","2024-03-07","USD",93.00,90,"3XS:10|2XS:20|XS:20|S:10|M:10|L:10|XL:10"
290153,"2024-02-07 08:39:53.45","#HY0153",50.00,68.00,93.00,120.90,"2024-02-07","134716846","PO",4,,,,"","ALMA","HY0153A0",30068,6002,"2024-02-07","2024-03-07","USD",93.00,90,"3XS:10|2XS:20|XS:20|S:10|M:10|L:10|XL:10"
290154,"2024-02-07 08:39:53.45","#HY0154",50.00,68.00,93.00,120.90,"2024-02-07","134716846","PO",4,,,,"","ALMA","HY0154A1",30069,8002,"2024-02-07","2024-03-07","USD",93.00,90,"3XS:10|2XS:20|XS:20|S:10|M:10|L:10|XL:10"
290155,"2024-02-07 08:39:53.45","#HY0155",50.00,68.00,93.00,120.90,"2024-02-07","134716864","PO",4,,,,"","ALMA","HY0155A1",30025,1002,"2024-02-07","2024-03-07","USD",93.00,90,"3XS:10|2XS:20|XS:20|S:10|M:10|L:10|XL:10"
290156,"2024-02-07 08:39:53.45","#HY0156",50.00,68.00,93.00,120.90,"2024-02-07","134716864","PO",4,,,,"","ALMA","HY0156A0",30026,1016,"2024-02-07","2024-03-07","USD",93.00,90,"3XS:10|2XS:20|XS:20|S:10|M:10|L:10|XL:10"
290157,"2024-02-07 08:39:53.45","#HY0157",50.00,68.00,93.00,120.90,"2024-02-07","134716864","PO",4,,,,"","ALMA","HY0157A1",30027,3002,"2024-02-07","2024-03-07","USD",93.00,90,"3XS:10|2XS:20|XS:20|S:10|M:10|L:10|XL:10"
290158,"2024-02-07 08:39:53.45","#HY0158",50.00,68.00,93.00,120.90,"2024-02-07","134716864","PO",4,,,,"","ALMA","HY0158A0",30066,4002,"2024-02-07","2024-03-07","USD",93.00,90,"3XS:10|2XS:20|XS:20|S:10|M:10|L:10|XL:10"
290159,"2024-02-07 08:39:53.45","#HY0159",50.00,68.00,93.00,120.90,"2024-02-07","134716864","PO",4,,,,"","ALMA","HY0159A1",30067,5002,"2024-02-07","2024-03-07","USD",93.00,90,"3XS:10|2XS:20|XS:20|S:10|M:10|L:10|XL:10"
290160,"2024-02-07 08:39:53.45","#HY0160",50.00,68.00,93.00,120.90,"2024-02-07","134716864","PO",4,,,,"","ALMA","HY0160A0",30068,6002,"2024-02-07","2024-03-07","USD",93.00,90,"3XS:10|2XS:20|XS:20|S:10|M:10|L:10|XL:10"
290161,"2024-02-07 08:39:53.45","#HY0161",50.00,68.00,93.00,120.90,"2024-02-07","134716864","PO",4,,,,"","ALMA","HY0161A1",30069,8002,"2024-02-07","2024-03-07","USD",93.00,90,"3XS:10|2XS:20|XS:20|S:10|M:10|L:10|XL:10"
290162,"2024-02-07 08:39:53.45","#HY0162",50.00,68.00,93.00,120.90,"2024-02-07","134716953","PO",4,,,,"","ALMA","HY0162A1",30025,1002,"2024-02-07","2024-03-07","USD",93.00,90,"3XS:10|2XS:20|XS:20|S:10|M:10|L:10|XL:10"
290163,"2024-02-07 08:39:53.45","#HY0163",50.00,68.00,93.00,120.90,"2024-02-07","134716953","PO",4,,,,"","ALMA","HY0163A0",30026,1016,"2024-02-07","2024-03-07","USD",93.00,90,"3XS:10|2XS:20|XS:20|S:10|M:10|L:10|XL:10"
290164,"2024-02-07 08:39:53.45","#HY0164",50.00,68.00,93.00,120.90,"2024-02-07","134716953","PO",4,,,,"","ALMA","HY0164A1",30027,3002,"2024-02-07","2024-03-07","USD",93.00,90,"3XS:10|2XS:20|XS:20|S:10|M:10|L:10|XL:10"
290165,"2024-02-07 08:39:53.45","#HY0165",50.00,68.00,93.00,120.90,"2024-02-07","134716953","PO",4,,,,"","ALMA","HY0165A0",30066,4002,"2024-02-07","2024-03-07","USD",93.00,90,"3XS:10|2XS:20|XS:20|S:10|M:10|L:10|XL:10"
290166,"2024-02-07 08:39:53.45","#HY0166",50.00,68.00,93.00,120.90,"2024-02-07","134716953","PO",4,,,,"","ALMA","HY0166A1",30067,5002,"2024-02-07","2024-03-07","USD",93.00,90,"3XS:10|2XS:20|XS:20|S:10|M:10|L:10|XL:10"
290167,"2024-02-07 08:39:53.45","#HY0167",50.00,68.00,93.00,120.90,"2024-02-07","134716953","PO",4,,,,"","ALMA","HY0167A0",30068,6002,"2024-02-07","2024-03-07","USD",93.00,90,"3XS:10|2XS:20|XS:20|S:10|M:10|L:10|XL:10"
290168,"2024-02-07 08:39:53.45","#HY0168",50.00,68.00,93.00,120.90,"2024-02-07","134716953","PO",4,,,,"","ALMA","HY0168A1",30069,8002,"2024-02-07","2024-03-07","USD",93.00,90,"3XS:10|2XS:20|XS:20|S:10|M:10|L:10|XL:10"
290169,"2024-02-07 08:39:53.45","#HY0169",50.00,68.00,93.00,120.90,"2024-02-07","134717056","PO",4,,,,"","ALMA","HY0169A1",30025,1002,"2024-02-07","2024-03-07","USD",93.00,90,"3XS:10|2XS:20|XS:20|S:10|M:10|L:10|XL:10"
290170,"2024-02-07 08:39:53.45","#HY0170",50.00,68.00,93.00,120.90,"2024-02-07","134717056","PO",4,,,,"","ALMA","HY0170A0",30026,1016,"2024-02-07","2024-03-07","USD",93.00,90,"3XS:10|2XS:20|XS:20|S:10|M:10|L:10|XL:10"
290171,"2024-02-07 08:39:53.45","#HY0171",50.00,68.00,93.00,120.90,"2024-02-07","134717056","PO",4,,,,"","ALMA","HY0171A1",30027,3002,"2024-02-07","2024-03-07","USD",93.00,90,"3XS:10|2XS:20|XS:20|S:10|M:10|L:10|XL:10"
290172,"2024-02-07 08:39:53.45","#HY0172",50.00,68.00,93.00,120.90,"2024-02-07","134717056","PO",4,,,,"","ALMA","HY0172A0",30066,4002,"2024-02-07","2024-03-07","USD",93.00,90,"3XS:10|2XS:20|XS:20|S:10|M:10|L:10|XL:10"
290173,"2024-02-07 08:39:53.45","#HY0173",50.00,68.00,93.00,120.90,"2024-02-07","134717056","PO",4,,,,"","ALMA","HY0173A1",30067,5002,"2024-02-07","2024-03-07","USD",93.00,90,"3XS:10|2XS:20|XS:20|S:10|M:10|L:10|XL:10"
290174,"2024-02-07 08:39:53.45","#HY0174",50.00,68.00,93.00,120.90,"2024-02-07","134717056","PO",4,,,,"","ALMA","HY0174A0",30068,6002,"2024-02-07","2024-03-07","USD",93.00,90,"3XS:10|2XS:20|XS:20|S:10|M:10|L:10|XL:10"
290175,"2024-02-07 08:39:53.45","#HY0175",50.00,68.00,93.00,120.90,"2024-02-07","134717056","PO",4,,,,"","ALMA","HY0175A1",30069,8002,"2024-02-07","2024-03-07","USD",93.00,90,"3XS:10|2XS:20|XS:20|S:10|M:10|L:10|XL:10"
290176,"2024-02-07 08:39:53.45","#HY0176",50.00,68.00,93.00,120.90,"2024-02-07","134717087","PO",4,,,,"","ALMA","HY0176A1",30025,1002,"2024-02-07","2024-03-07","USD",93.00,90,"3XS:10|2XS:20|XS:20|S:10|M:10|L:10|XL:10"
290177,"2024-02-07 08:39:53.45","#HY0177",50.00,68.00,93.00,120.90,"2024-02-07","134717087","PO",4,,,,"","ALMA","HY0177A0",30026,1016,"2024-02-07","2024-03-07","USD",93.00,90,"3XS:10|2XS:20|XS:20|S:10|M:10|L:10|XL:10"
290178,"2024-02-07 08:39:53.45","#HY0178",50.00,68.00,93.00,120.90,"2024-02-07","134717087","PO",4,,,,"","ALMA","HY0178A1",30027,3002,"2024-02-07","2024-03-07","USD",93.00,90,"3XS:10|2XS:20|XS:20|S:10|M:10|L:10|XL:10"
290179,"2024-02-07 08:39:53.45","#HY0179",50.00,68.00,93.00,120.90,"2024-02-07","134717087","PO",4,,,,"","ALMA","HY0179A0",30066,4002,"2024-02-07","2024-03-07","USD",93.00,90,"3XS:10|2XS:20|XS:20|S:10|M:10|L:10|XL:10"
290180,"2024-02-07 08:39:53.45","#HY0180",50.00,68.00,93.00,120.90,"2024-02-07","134717087","PO",4,,,,"","ALMA","HY0180A1",30067,5002,"2024-02-07","2024-03-07","USD",93.00,90,"3XS:10|2XS:20|XS:20|S:10|M:10|L:10|XL:10"
290181,"2024-02-07 08:39:53.45","#HY0181",50.00,68.00,93.00,120.90,"2024-02-07","134717087","PO",4,,,,"","ALMA","HY0181A0",30068,6002,"2024-02-07","2024-03-07","USD",93.00,90,"3XS:10|2XS:20|XS:20|S:10|M:10|L:10|XL:10"
290182,"2024-02-07 08:39:53.45","#HY0182",50.00,68.00,93.00,120.90,"2024-02-07","134717087","PO",4,,,,"","ALMA","HY0182A1",30069,8002,"2024-02-07","2024-03-07","USD",93.00,90,"3XS:10|2XS:20|XS:20|S:10|M:10|L:10|XL:10"
290183,"2024-02-07 08:39:53.45","#HY0183",50.00,68.00,93.00,120.90,"2024-02-07","134717144","PO",4,,,,"","ALMA","HY0183A1",30025,1002,"2024-02-07","2024-03-07","USD",93.00,90,"3XS:10|2XS:20|XS:20|S:10|M:10|L:10|XL:10"
290184,"2024-02-07 08:39:53.45","#HY0184",50.00,68.00,93.00,120.90,"2024-02-07","134717144","PO",4,,,,"","ALMA","HY0184A0",30026,1016,"2024-02-07","2024-03-07","USD",93.00,90,"3XS:10|2XS:20|XS:20|S:10|M:10|L:10|XL:10"
290185,"2024-02-07 08:39:53.45","#HY0185",50.00,68.00,93.00,120.90,"2024-02-07","134717144","PO",4,,,,"","ALMA","HY0185A1",30027,3002,"2024-02-07","2024-03-07","USD",93.00,90,"3XS:10|2XS:20|XS:20|S:10|M:10|L:10|XL:10"
290186,"2024-02-07 08:39:53.45","#HY0186",50.00,68.00,93.00,120.90,"2024-02-07","134717144","PO",4,,,,"","ALMA","HY0186A0",30066,4002,"2024-02-07","2024-03-07","USD",93.00,90,"3XS:10|2XS:20|XS:20|S:10|M:10|L:10|XL:10"
290187,"2024-02-07 08:39:53.45","#HY0187",50.00,68.00,93.00,120.90,"2024-02-07","134717144","PO",4,,,,"","ALMA","HY0187A1",30067,5002,"2024-02-07","2024-03-07","USD",93.00,90,"3XS:10|2XS:20|XS:20|S:10|M:10|L:10|XL:10"
290188,"2024-02-07 08:39:53.45","#HY0188",50.00,68.00,93.00,120.90,"2024-02-07","134717144","PO",4,,,,"","ALMA","HY0188A0",30068,6002,"2024-02-07","2024-03-07","USD",93.00,90,"3XS:10|2XS:20|XS:20|S:10|M:10|L:10|XL:10"
290189,"2024-02-07 08:39:53.45","#HY0189",50.00,68.00,93.00,120.90,"2024-02-07","134717144","PO",4,,,,"","ALMA","HY0189A1",30069,8002,"2024-02-07","2024-03-07","USD",93.00,90,"3XS:10|2XS:20|XS:20|S:10|M:10|L:10|XL:10"
290190,"2024-02-07 08:39:53.45","#HY0190",50.00,68.00,93.00,120.90,"2024-02-07","134717256","PO",4,,,,"","ALMA","HY0190A1",30025,1002,"2024-02-07","2024-03-07","USD",93.00,90,"3XS:10|2XS:20|XS:20|S:10|M:10|L:10|XL:10"
290191,"2024-02-07 08:39:53.45","#HY0191",50.00,68.00,93.00,120.90,"2024-02-07","134717256","PO",4,,,,"","ALMA","HY0191A0",30026,1016,"2024-02-07","2024-03-07","USD",93.00,90,"3XS:10|2XS:20|XS:20|S:10|M:10|L:10|XL:10"
290192,"2024-02-07 08:39:53.45","#HY0192",50.00,68.00,93.00,120.90,"2024-02-07","134717256","PO",4,,,,"","ALMA","HY0192A1",30027,3002,"2024-02-07","2024-03-07","USD",93.00,90,"3XS:10|2XS:20|XS:20|S:10|M:10|L:10|XL:10"
290193,"2024-02-07 08:39:53.45","#HY0193",50.00,68.00,93.00,120.90,"2024-02-07","134717256","PO",4,,,,"","ALMA","HY0193A0",30066,4002,"2024-02-07","2024-03-07","USD",93.00,90,"3XS:10|2XS:20|XS:20|S:10|M:10|L:10|XL:10"
290194,"2024-02-07 08:39:53.45","#HY0194",50.00,68.00,93.00,120.90,"2024-02-07","134717256","PO",4,,,,"","ALMA","HY0194A1",30067,5002,"2024-02-07","2024-03-07","USD",93.00,90,"3XS:10|2XS:20|XS:20|S:10|M:10|L:10|XL:10"
290195,"2024-02-07 08:39:53.45","#HY0195",50.00,68.00,93.00,120.90,"2024-02-07","134717256","PO",4,,,,"","ALMA","HY0195A0",30068,6002,"2024-02-07","2024-03-07","USD",93.00,90,"3XS:10|2XS:20|XS:20|S:10|M:10|L:10|XL:10"
290196,"2024-02-07 08:39:53.45","#HY0196",50.00,68.00,93.00,120.90,"2024-02-07","134717256","PO",4,,,,"","ALMA","HY0196A1",30069,8002,"2024-02-07","2024-03-07","USD",93.00,90,"3XS:10|2XS:20|XS:20|S:10|M:10|L:10|XL:10"
290197,"2024-02-07 08:39:53.45","#HY0197",50.00,68.00,93.00,120.90,"2024-02-07","134717291","PO",4,,,,"","ALMA","HY0197A1",30025,1002,"2024-02-07","2024-03-07","USD",93.00,90,"3XS:10|2XS:20|XS:20|S:10|M:10|L:10|XL:10"
290198,"2024-02-07 08:39:53.45","#HY0198",50.00,68.00,93.00,120.90,"2024-02-07","134717291","PO",4,,,,"","ALMA","HY0198A0",30026,1016,"2024-02-07","2024-03-07","USD",93.00,90,"3XS:10|2XS:20|XS:20|S:10|M:10|L:10|XL:10"
290199,"2024-02-07 08:39:53.45","#HY0199",50.00,68.00,93.00,120.90,"2024-02-07","134717291","PO",4,,,,"","ALMA","HY0199A1",30027,3002,"2024-02-07","2024-03-07","USD",93.00,90,"3XS:10|2XS:20|XS:20|S:10|M:10|L:10|XL:10"
290200,"2024-02-07 08:39:53.45","#HY0200",50.00,68.00,93.00,120.90,"2024-02-07","134717291","PO",4,,,,"","ALMA","HY0200A0",30066,4002,"2024-02-07","2024-03-07","USD",93.00,90,"3XS:10|2XS:20|XS:20|S:10|M:10|L:10|XL:10"
290201,"2024-02-07 08:39:53.45","#HY0201",50.00,68.00,93.00,120.90,"2024-02-07","134717291","PO",4,,,,"","ALMA","HY0201A1",30067,5002,"2024-02-07","2024-03-07","USD",93.00,90,"3XS:10|2XS:20|XS:20|S:10|M:10|L:10|XL:10"
290202,"2024-02-07 08:39:53.45","#HY0202",50.00,68.00,93.00,120.90,"2024-02-07","134717291","PO",4,,,,"","ALMA","HY0202A0",30068,6002,"2024-02-07","2024-03-07","USD",93.00,90,"3XS:10|2XS:20|XS:20|S:10|M:10|L:10|XL:10"
290203,"2024-02-07 08:39:53.45","#HY0203",50.00,68.00,93.00,120.90,"2024-02-07","134717291","PO",4,,,,"","ALMA","HY0203A1",30069,8002,"2024-02-07","2024-03-07","USD",93.00,90,"3XS:10|2XS:20|XS:20|S:10|M:10|L:10|XL:10"
290204,"2024-02-07 08:39:53.45","#HY0204",50.00,68.00,93.00,120.90,"2024-02-07","134717344","PO",4,,,,"","ALMA","HY0204A1",30025,1002,"2024-02-07","2024-03-07","USD",93.00,90,"3XS:10|2XS:20|XS:20|S:10|M:10|L:10|XL:10"
290205,"2024-02-07 08:39:53.45","#HY0205",50.00,68.00,93.00,120.90,"2024-02-07","134717344","PO",4,,,,"","ALMA","HY0205A0",30026,1016,"2024-02-07","2024-03-07","USD",93.00,90,"3XS:10|2XS:20|XS:20|S:10|M:10|L:10|XL:10"
290206,"2024-02-07 08:39:53.45","#HY0206",50.00,68.00,93.00,120.90,"2024-02-07","134717344","PO",4,,,,"","ALMA","HY0206A1",30027,3002,"2024-02-07","2024-03-07","USD",93.00,90,"3XS:10|2XS:20|XS:20|S:10|M:10|L:10|XL:10"
290207,"2024-02-07 08:39:53.45","#HY0207",50.00,68.00,93.00,120.90,"2024-02-07","134717344","PO",4,,,,"","ALMA","HY0207A0",30066,4002,"2024-02-07","2024-03-07","USD",93.00,90,"3XS:10|2XS:20|XS:20|S:10|M:10|L:10|XL:10"
290208,"2024-02-07 08:39:53.45","#HY0208",50.00,68.00,93.00,120.90,"2024-02-07","134717344","PO",4,,,,"","ALMA","HY0208A1",30067,5002,"2024-02-07","2024-03-07","USD",93.00,90,"3XS:10|2XS:20|XS:20|S:10|M:10|L:10|XL:10"
290209,"2024-02-07 08:39:53.45","#HY0209",50.00,68.00,93.00,120.90,"2024-02-07","134717344","PO",4,,,,"","ALMA","HY0209A0",30068,6002,"2024-02-07","2024-03-07","USD",93.00,90,"3XS:10|2XS:20|XS:20|S:10|M:10|L:10|XL:10"
290210,"2024-02-07 08:39:53.45","#HY0210",50.00,68.00,93.00,120.90,"2024-02-07","134717344","PO",4,,,,"","ALMA","HY0210A1",30069,8002,"2024-02-07","2024-03-07","USD",93.00,90,"3XS:10|2XS:20|XS:20|S:10|M:10|L:10|XL:10"
290211,"2024-02-07 08:39:53.45","#HY0211",50.00,68.00,93.00,120.90,"2024-02-07","134717463","PO",4,,,,"","ALMA","HY0211A1",30025,1002,"2024-02-07","2024-03-07","USD",93.00,90,"3XS:10|2XS:20|XS:20|S:10|M:10|L:10|XL:10"
290212,"2024-02-07 08:39:53.45","#HY0212",50.00,68.00,93.00,120.90,"2024-02-07","134717463","PO",4,,,,"","ALMA","HY0212A0",30026,1016,"2024-02-07","2024-03-07","USD",93.00,90,"3XS:10|2XS:20|XS:20|S:10|M:10|L:10|XL:10"
290213,"2024-02-07 08:39:53.45","#HY0213",50.00,68.00,93.00,120.90,"2024-02-07","134717463","PO",4,,,,"","ALMA","HY0213A1",30027,3002,"2024-02-07","2024-03-07","USD",93.00,90,"3XS:10|2XS:20|XS:20|S:10|M:10|L:10|XL:10"
290214,"2024-02-07 08:39:53.45","#HY0214",50.00,68.00,93.00,120.90,"2024-02-07","134717463","PO",4,,,,"","ALMA","HY0214A0",30066,4002,"2024-02-07","2024-03-07","USD",93.00,90,"3XS:10|2XS:20|XS:20|S:10|M:10|L:10|XL:10"
290215,"2024-02-07 08:39:53.45","#HY0215",50.00,68.00,93.00,120.90,"2024-02-07","134717463","PO",4,,,,"","ALMA","HY0215A1",30067,5002,"2024-02-07","2024-03-07","USD",93.00,90,"3XS:10|2XS:20|XS:20|S:10|M:10|L:10|XL:10"
290216,"2024-02-07 08:39:53.45","#HY0216",50.00,68.00,93.00,120.90,"2024-02-07","134717463","PO",4,,,,"","ALMA","HY0216A0",30068,6002,"2024-02-07","2024-03-07","USD",93.00,90,"3XS:10|2XS:20|XS:20|S:10|M:10|L:10|XL:10"
290217,"2024-02-07 08:39:53.45","#HY0217",50.00,68.00,93.00,120.90,"2024-02-07","134717463","PO",4,,,,"","ALMA","HY0217A1",30069,8002,"2024-02-07","2024-03-07","USD",93.00,90,"3XS:10|2XS:20|XS:20|S:10|M:10|L:10|XL:10"
290218,"2024-02-07 08:39:53.45","#HY0218",50.00,68.00,93.00,120.90,"2024-02-07","134717498","PO",4,,,,"","ALMA","HY0218A1",30025,1002,"2024-02-07","2024-03-07","USD",93.00,90,"3XS:10|2XS:20|XS:20|S:10|M:10|L:10|XL:10"
290219,"2024-02-07 08:39:53.45","#HY0219",50.00,68.00,93.00,120.90,"2024-02-07","134717498","PO",4,,,,"","ALMA","HY0219A0",30026,1016,"2024-02-07","2024-03-07","USD",93.00,90,"3XS:10|2XS:20|XS:20|S:10|M:10|L:10|XL:10"
290220,"2024-02-07 08:39:53.45","#HY0220",50.00,68.00,93.00,120.90,"2024-02-07","134717498","PO",4,,,,"","ALMA","HY0220A1",30027,3002,"2024-02-07","2024-03-07","USD",93.00,90,"3XS:10|2XS:20|XS:20|S:10|M:10|L:10|XL:10"
290221,"2024-02-07 08:39:53.45","#HY0221",50.00,68.00,93.00,120.90,"2024-02-07","134717498","PO",4,,,,"","ALMA","HY0221A0",30066,4002,"2024-02-07","2024-03-07","USD",93.00,90,"3XS:10|2XS:20|XS:20|S:10|M:10|L:10|XL:10"
290222,"2024-02-07 08:39:53.45","#HY0222",50.00,68.00,93.00,120.90,"2024-02-07","134717498","PO",4,,,,"","ALMA","HY0222A1",30067,5002,"2024-02-07","2024-03-07","USD",93.00,90,"3XS:10|2XS:20|XS:20|S:10|M:10|L:10|XL:10"
290223,"2024-02-07 08:39:53.45","#HY0223",50.00,68.00,93.00,120.90,"2024-02-07","134717498","PO",4,,,,"","ALMA","HY0223A0",30068,6002,"2024-02-07","2024-03-07","USD",93.00,90,"3XS:10|2XS:20|XS:20|S:10|M:10|L:10|XL:10"
290224,"2024-02-07 08:39:53.45","#HY0224",50.00,68.00,93.00,120.90,"2024-02-07","134717498","PO",4,,,,"","ALMA","HY0224A1",30069,8002,"2024-02-07","2024-03-07","USD",93.00,90,"3XS:10|2XS:20|XS:20|S:10|M:10|L:10|XL:10"
290225,"2024-02-07 08:39:53.45","#HY0225",50.00,68.00,93.00,120.90,"2024-02-07","134717544","PO",4,,,,"","ALMA","HY0225A1",30025,1002,"2024-02-07","2024-03-07","USD",93.00,90,"3XS:10|2XS:20|XS:20|S:10|M:10|L:10|XL:10"
290226,"2024-02-07 08:39:53.45","#HY0226",50.00,68.00,93.00,120.90,"2024-02-07","134717544","PO",4,,,,"","ALMA","HY0226A0",30026,1016,"2024-02-07","2024-03-07","USD",93.00,90,"3XS:10|2XS:20|XS:20|S:10|M:10|L:10|XL:10"
290227,"2024-02-07 08:39:53.45","#HY0227",50.00,68.00,93.00,120.90,"2024-02-07","134717544","PO",4,,,,"","ALMA","HY0227A1",30027,3002,"2024-02-07","2024-03-07","USD",93.00,90,"3XS:10|2XS:20|XS:20|S:10|M:10|L:10|XL:10"
290228,"2024-02-07 08:39:53.45","#HY0228",50.00,68.00,93.00,120.90,"2024-02-07","134717544","PO",4,,,,"","ALMA","HY0228A0",30066,4002,"2024-02-07","2024-03-07","USD",93.00,90,"3XS:10|2XS:20|XS:20|S:10|M:10|L:10|XL:10"
290229,"2024-02-07 08:39:53.45","#HY0229",50.00,68.00,93.00,120.90,"2024-02-07","134717544","PO",4,,,,"","ALMA","HY0229A1",30067,5002,"2024-02-07","2024-03-07","USD",93.00,90,"3XS:10|2XS:20|XS:20|S:10|M:10|L:10|XL:10"
290230,"2024-02-07 08:39:53.45","#HY0230",50.00,68.00,93.00,120.90,"2024-02-07","134717544","PO",4,,,,"","ALMA","HY0230A0",30068,6002,"2024-02-07","2024-03-07","USD",93.00,90,"3XS:10|2XS:20|XS:20|S:10|M:10|L:10|XL:10"
290231,"2024-02-07 08:39:53.45","#HY0231",50.00,68.00,93.00,120.90,"2024-02-07","134717544","PO",4,,,,"","ALMA","HY0231A1",30069,8002,"2024-02-07","2024-03-07","USD",93.00,90,"3XS:10|2XS:20|XS:20|S:10|M:10|L:10|XL:10"
290232,"2024-02-07 08:39:53.45","#HY0232",50.00,68.00,93.00,120.90,"2024-02-07","134717675","PO",4,,,,"","ALMA","HY0232A1",30025,1002,"2024-02-07","2024-03-07","USD",93.00,90,"3XS:10|2XS:20|XS:20|S:10|M:10|L:10|XL:10"
290233,"2024-02-07 08:39:53.45","#HY0233",50.00,68.00,93.00,120.90,"2024-02-07","134717675","PO",4,,,,"","ALMA","HY0233A0",30026,1016,"2024-02-07","2024-03-07","USD",93.00,90,"3XS:10|2XS:20|XS:20|S:10|M:10|L:10|XL:10"
290234,"2024-02-07 08:39:53.45","#HY0234",50.00,68.00,93.00,120.90,"2024-02-07","134717675","PO",4,,,,"","ALMA","HY0234A1",30027,3002,"2024-02-07","2024-03-07","USD",93.00,90,"3XS:10|2XS:20|XS:20|S:10|M:10|L:10|XL:10"
290235,"2024-02-07 08:39:53.45","#HY0235",50.00,68.00,93.00,120.90,"2024-02-07","134717675","PO",4,,,,"","ALMA","HY0235A0",30066,4002,"2024-02-07","2024-03-07","USD",93.00,90,"3XS:10|2XS:20|XS:20|S:10|M:10|L:10|XL:10"
290236,"2024-02-07 08:39:53.45","#HY0236",50.00,68.00,93.00,120.90,"2024-02-07","134717675","PO",4,,,,"","ALMA","HY0236A1",30067,5002,"2024-02-07","2024-03-07","USD",93.00,90,"3XS:10|2XS:20|XS:20|S:10|M:10|L:10|XL:10"
290237,"2024-02-07 08:39:53.45","#HY0237",50.00,68.00,93.00,120.90,"2024-02-07","134717675","PO",4,,,,"","ALMA","HY0237A0",30068,6002,"2024-02-07","2024-03-07","USD",93.00,90,"3XS:10|2XS:20|XS:20|S:10|M:10|L:10|XL:10"
290238,"2024-02-07 08:39:53.45","#HY0238",50.00,68.00,93.00,120.90,"2024-02-07","134717675","PO",4,,,,"","ALMA","HY0238A1",30069,8002,"2024-02-07","2024-03-07","USD",93.00,90,"3XS:10|2XS:20|XS:20|S:10|M:10|L:10|XL:10"
290239,"2024-02-07 08:39:53.45","#HY0239",50.00,68.00,93.00,120.90,"2024-02-07","134717729","PO",4,,,,"","ALMA","HY0239A1",30025,1002,"2024-02-07","2024-03-07","USD",93.00,90,"3XS:10|2XS:20|XS:20|S:10|M:10|L:10|XL:10"
290240,"2024-02-07 08:39:53.45","#HY0240",50.00,68.00,93.00,120.90,"2024-02-07","134717729","PO",4,,,,"","ALMA","HY0240A0",30026,1016,"2024-02-07","2024-03-07","USD",93.00,90,"3XS:10|2XS:20|XS:20|S:10|M:10|L:10|XL:10"
290241,"2024-02-07 08:39:53.45","#HY0241",50.00,68.00,93.00,120.90,"2024-02-07","134717729","PO",4,,,,"","ALMA","HY0241A1",30027,3002,"2024-02-07","2024-03-07","USD",93.00,90,"3XS:10|2XS:20|XS:20|S:10|M:10|L:10|XL:10"
290242,"2024-02-07 08:39:53.45","#HY0242",50.00,68.00,93.00,120.90,"2024-02-07","134717729","PO",4,,,,"","ALMA","HY0242A0",30066,4002,"2024-02-07","2024-03-07","USD",93.00,90,"3XS:10|2XS:20|XS:20|S:10|M:10|L:10|XL:10"
290243,"2024-02-07 08:39:53.45","#HY0243",50.00,68.00,93.00,120.90,"2024-02-07","134717729","PO",4,,,,"","ALMA","HY0243A1",30067,5002,"2024-02-07","2024-03-07","USD",93.00,90,"3XS:10|2XS:20|XS:20|S:10|M:10|L:10|XL:10"
290244,"2024-02-07 08:39:53.45","#HY0244",50.00,68.00,93.00,120.90,"2024-02-07","134717729","PO",4,,,,"","ALMA","HY0244A0",30068,6002,"2024-02-07","2024-03-07","USD",93.00,90,"3XS:10|2XS:20|XS:20|S:10|M:10|L:10|XL:10"
290245,"2024-02-07 08:39:53.45","#HY0245",50.00,68.00,93.00,120.90,"2024-02-07","134717729","PO",4,,,,"","ALMA","HY0245A1",30069,8002,"2024-02-07","2024-03-07","USD",93.00,90,"3XS:10|2XS:20|XS:20|S:10|M:10|L:10|XL:10"
290246,"2024-02-07 08:39:53.45","#HY0246",50.00,68.00,93.00,120.90,"2024-02-07","134717730","PO",4,,,,"","ALMA","HY0246A1",30025,1002,"2024-02-07","2024-03-07","USD",93.00,90,"3XS:10|2XS:20|XS:20|S:10|M:10|L:10|XL:10"
290247,"2024-02-07 08:39:53.45","#HY0247",50.00,68.00,93.00,120.90,"2024-02-07","134717730","PO",4,,,,"","ALMA","HY0247A0",30026,1016,"2024-02-07","2024-03-07","USD",93.00,90,"3XS:10|2XS:20|XS:20|S:10|M:10|L:10|XL:10"
290248,"2024-02-07 08:39:53.45","#HY0248",50.00,68.00,93.00,120.90,"2024-02-07","134717730","PO",4,,,,"","ALMA","HY0248A1",30027,3002,"2024-02-07","2024-03-07","USD",93.00,90,"3XS:10|2XS:20|XS:20|S:10|M:10|L:10|XL:10"
290249,"2024-02-07 08:39:53.45","#HY0249",50.00,68.00,93.00,120.90,"2024-02-07","134717730","PO",4,,,,"","ALMA","HY0249A0",30066,4002,"2024-02-07","2024-03-07","USD",93.00,90,"3XS:10|2XS:20|XS:20|S:10|M:10|L:10|XL:10"
290250,"2024-02-07 08:39:53.45","#HY0250",50.00,68.00,93.00,120.90,"2024-02-07","134717730","PO",4,,,,"","ALMA","HY0250A1",30067,5002,"2024-02-07","2024-03-07","USD",93.00,90,"3XS:10|2XS:20|XS:20|S:10|M:10|L:10|XL:10"
290251,"2024-02-07 08:39:53.45","#HY0251",50.00,68.00,93.00,120.90,"2024-02-07","134717730","PO",4,,,,"","ALMA","HY0251A0",30068,6002,"2024-02-07","2024-03-07","USD",93.00,90,"3XS:10|2XS:20|XS:20|S:10|M:10|L:10|XL:10"
290252,"2024-02-07 08:39:53.45","#HY0252",50.00,68.00,93.00,120.90,"2024-02-07","134717730","PO",4,,,,"","ALMA","HY0252A1",30069,8002,"2024-02-07","2024-03-07","USD",93.00,90,"3XS:10|2XS:20|XS:20|S:10|M:10|L:10|XL:10"
290253,"2024-02-07 08:39:53.45","#HY0253",50.00,68.00,93.00,120.90,"2024-02-07","134717882","PO",4,,,,"","ALMA","HY0253A1",30025,1002,"2024-02-07","2024-03-07","USD",93.00,90,"3XS:10|2XS:20|XS:20|S:10|M:10|L:10|XL:10"
290254,"2024-02-07 08:39:53.45","#HY0254",50.00,68.00,93.00,120.90,"2024-02-07","134717882","PO",4,,,,"","ALMA","HY0254A0",30026,1016,"2024-02-07","2024-03-07","USD",93.00,90,"3XS:10|2XS:20|XS:20|S:10|M:10|L:10|XL:10"
290255,"2024-02-07 08:39:53.45","#HY0255",50.00,68.00,93.00,120.90,"2024-02-07","134717882","PO",4,,,,"","ALMA","HY0255A1",30027,3002,"2024-02-07","2024-03-07","USD",93.00,90,"3XS:10|2XS:20|XS:20|S:10|M:10|L:10|XL:10"
290256,"2024-02-07 08:39:53.45","#HY0256",50.00,68.00,93.00,120.90,"2024-02-07","134717882","PO",4,,,,"","ALMA","HY0256A0",30066,4002,"2024-02-07","2024-03-07","USD",93.00,90,"3XS:10|2XS:20|XS:20|S:10|M:10|L:10|XL:10"
290257,"2024-02-07 08:39:53.45","#HY0257",50.00,68.00,93.00,120.90,"2024-02-07","134717882","PO",4,,,,"","ALMA","HY0257A1",30067,5002,"2024-02-07","2024-03-07","USD",93.00,90,"3XS:10|2XS:20|XS:20|S:10|M:10|L:10|XL:10"
290258,"2024-02-07 08:39:53.45","#HY0258",50.00,68.00,93.00,120.90,"2024-02-07","134717882","PO",4,,,,"","ALMA","HY0258A0",30068,6002,"2024-02-07","2024-03-07","USD",93.00,90,"3XS:10|2XS:20|XS:20|S:10|M:10|L:10|XL:10"
290259,"2024-02-07 08:39:53.45","#HY0259",50.00,68.00,93.00,120.90,"2024-02-07","134717882","PO",4,,,,"","ALMA","HY0259A1",30069,8002,"2024-02-07","2024-03-07","USD",93.00,90,"3XS:10|2XS:20|XS:20|S:10|M:10|L:10|XL:10"
290260,"2024-02-07 08:39:53.45","#HY0260",50.00,68.00,93.00,120.90,"2024-02-07","134717920","PO",4,,,,"","ALMA","HY0260A1",30025,1002,"2024-02-07","2024-03-07","USD",93.00,90,"3XS:10|2XS:20|XS:20|S:10|M:10|L:10|XL:10"
290261,"2024-02-07 08:39:53.45","#HY0261",50.00,68.00,93.00,120.90,"2024-02-07","134717920","PO",4,,,,"","ALMA","HY0261A0",30026,1016,"2024-02-07","2024-03-07","USD",93.00,90,"3XS:10|2XS:20|XS:20|S:10|M:10|L:10|XL:10"
290262,"2024-02-07 08:39:53.45","#HY0262",50.00,68.00,93.00,120.90,"2024-02-07","134717920","PO",4,,,,"","ALMA","HY0262A1",30027,3002,"2024-02-07","2024-03-07","USD",93.00,90,"3XS:10|2XS:20|XS:20|S:10|M:10|L:10|XL:10"
290263,"2024-02-07 08:39:53.45","#HY0263",50.00,68.00,93.00,120.90,"2024-02-07","134717920","PO",4,,,,"","ALMA","HY0263A0",30066,4002,"2024-02-07","2024-03-07","USD",93.00,90,"3XS:10|2XS:20|XS:20|S:10|M:10|L:10|XL:10"
290264,"2024-02-07 08:39:53.45","#HY0264",50.00,68.00,93.00,120.90,"2024-02-07","134717920","PO",4,,,,"","ALMA","HY0264A1",30067,5002,"2024-02-07","2024-03-07","USD",93.00,90,"3XS:10|2XS:20|XS:20|S:10|M:10|L:10|XL:10"
290265,"2024-02-07 08:39:53.45","#HY0265",50.00,68.00,93.00,120.90,"2024-02-07","134717920","PO",4,,,,"","ALMA","HY0265A0",30068,6002,"2024-02-07","2024-03-07","USD",93.00,90,"3XS:10|2XS:20|XS:20|S:10|M:10|L:10|XL:10"
290266,"2024-02-07 08:39:53.45","#HY0266",50.00,68.00,93.00,120.90,"2024-02-07","134717920","PO",4,,,,"","ALMA","HY0266A1",30069,8002,"2024-02-07","2024-03-07","USD",93.00,90,"3XS:10|2XS:20|XS:20|S:10|M:10|L:10|XL:10"
290267,"2024-02-07 08:39:53.45","#HY0267",50.00,68.00,93.00,120.90,"2024-02-07","134718090","PO",4,,,,"","ALMA","HY0267A1",30025,1002,"2024-02-07","2024-03-07","USD",93.00,90,"3XS:10|2XS:20|XS:20|S:10|M:10|L:10|XL:10"
290268,"2024-02-07 08:39:53.45","#HY0268",50.00,68.00,93.00,120.90,"2024-02-07","134718090","PO",4,,,,"","ALMA","HY0268A0",30026,1016,"2024-02-07","2024-03-07","USD",93.00,90,"3XS:10|2XS:20|XS:20|S:10|M:10|L:10|XL:10"
290269,"2024-02-07 08:39:53.45","#HY0269",50.00,68.00,93.00,120.90,"2024-02-07","134718090","PO",4,,,,"","ALMA","HY0269A1",30027,3002,"2024-02-07","2024-03-07","USD",93.00,90,"3XS:10|2XS:20|XS:20|S:10|M:10|L:10|XL:10"
290270,"2024-02-07 08:39:53.45","#HY0270",50.00,68.00,93.00,120.90,"2024-02-07","134718090","PO",4,,,,"","ALMA","HY0270A0",30066,4002,"2024-02-07","2024-03-07","USD",93.00,90,"3XS:10|2XS:20|XS:20|S:10|M:10|L:10|XL:10"
290271,"2024-02-07 08:39:53.45","#HY0271",50.00,68.00,93.00,120.90,"2024-02-07","134718090","PO",4,,,,"","ALMA","HY0271A1",30067,5002,"2024-02-07","2024-03-07","USD",93.00,90,"3XS:10|2XS:20|XS:20|S:10|M:10|L:10|XL:10"
290272,"2024-02-07 08:39:53.45","#HY0272",50.00,68.00,93.00,120.90,"2024-02-07","134718090","PO",4,,,,"","ALMA","HY0272A0",30068,6002,"2024-02-07","2024-03-07","USD",93.00,90,"3XS:10|2XS:20|XS:20|S:10|M:10|L:10|XL:10"
290273,"2024-02-07 08:39:53.45","#HY0273",50.00,68.00,93.00,120.90,"2024-02-07","134718090","PO",4,,,,"","ALMA","HY0273A1",30069,8002,"2024-02-07","2024-03-07","USD",93.00,90,"3XS:10|2XS:20|XS:20|S:10|M:10|L:10|XL:10"
290274,"2024-02-07 08:39:53.45","#HY0274",50.00,68.00,93.00,120.90,"2024-02-07","134718121","PO",4,,,,"","ALMA","HY0274A1",30025,1002,"2024-02-07","2024-03-07","USD",93.00,90,"3XS:10|2XS:20|XS:20|S:10|M:10|L:10|XL:10"
290275,"2024-02-07 08:39:53.45","#HY0275",50.00,68.00,93.00,120.90,"2024-02-07","134718121","PO",4,,,,"","ALMA","HY0275A0",30026,1016,"2024-02-07","2024-03-07","USD",93.00,90,"3XS:10|2XS:20|XS:20|S:10|M:10|L:10|XL:10"
290276,"2024-02-07 08:39:53.45","#HY0276",50.00,68.00,93.00,120.90,"2024-02-07","134718121","PO",4,,,,"","ALMA","HY0276A1",30027,3002,"2024-02-07","2024-03-07","USD",93.00,90,"3XS:10|2XS:20|XS:20|S:10|M:10|L:10|XL:10"
290277,"2024-02-07 08:39:53.45","#HY0277",50.00,68.00,93.00,120.90,"2024-02-07","134718121","PO",4,,,,"","ALMA","HY0277A0",30066,4002,"2024-02-07","2024-03-07","USD",93.00,90,"3XS:10|2XS:20|XS:20|S:10|M:10|L:10|XL:10"
290278,"2024-02-07 08:39:53.45","#HY0278",50.00,68.00,93.00,120.90,"2024-02-07","134718121","PO",4,,,,"","ALMA","HY0278A1",30067,5002,"2024-02-07","2024-03-07","USD",93.00,90,"3XS:10|2XS:20|XS:20|S:10|M:10|L:10|XL:10"
290279,"2024-02-07 08:39:53.45","#HY0279",50.00,68.00,93.00,120.90,"2024-02-07","134718121","PO",4,,,,"","ALMA","HY0279A0",30068,6002,"2024-02-07","2024-03-07","USD",93.00,90,"3XS:10|2XS:20|XS:20|S:10|M:10|L:10|XL:10"
290280,"2024-02-07 08:39:53.45","#HY0280",50.00,68.00,93.00,120.90,"2024-02-07","134718121","PO",4,,,,"","ALMA","HY0280A1",30069,8002,"2024-02-07","2024-03-07","USD",93.00,90,"3XS:10|2XS:20|XS:20|S:10|M:10|L:10|XL:10"
290281,"2024-02-07 08:39:53.45","#HY0281",50.00,68.00,93.00,120.90,"2024-02-07","134718329","PO",4,,,,"","ALMA","HY0281A1",30025,1002,"2024-02-07","2024-03-07","USD",93.00,90,"3XS:10|2XS:20|XS:20|S:10|M:10|L:10|XL:10"
290282,"2024-02-07 08:39:53.45","#HY0282",50.00,68.00,93.00,120.90,"2024-02-07","134718329","PO",4,,,,"","ALMA","HY0282A0",30026,1016,"2024-02-07","2024-03-07","USD",93.00,90,"3XS:10|2XS:20|XS:20|S:10|M:10|L:10|XL:10"
290283,"2024-02-07 08:39:53.45","#HY0283",50.00,68.00,93.00,120.90,"2024-02-07","134718329","PO",4,,,,"","ALMA","HY0283A1",30027,3002,"2024-02-07","2024-03-07","USD",93.00,90,"3XS:10|2XS:20|XS:20|S:10|M:10|L:10|XL:10"
290284,"2024-02-07 08:39:53.45","#HY0284",50.00,68.00,93.00,120.90,"2024-02-07","134718329","PO",4,,,,"","ALMA","HY0284A0",30066,4002,"2024-02-07","2024-03-07","USD",93.00,90,"3XS:10|2XS:20|XS:20|S:10|M:10|L:10|XL:10"
290285,"2024-02-07 08:39:53.45","#HY0285",50.00,68.00,93.00,120.90,"2024-02-07","134718329","PO",4,,,,"","ALMA","HY0285A1",30067,5002,"2024-02-07","2024-03-07","USD",93.00,90,"3XS:10|2XS:20|XS:20|S:10|M:10|L:10|XL:10"
290286,"2024-02-07 08:39:53.45","#HY0286",50.00,68.00,93.00,120.90,"2024-02-07","134718329","PO",4,,,,"","ALMA","HY0286A0",30068,6002,"2024-02-07","2024-03-07","USD",93.00,90,"3XS:10|2XS:20|XS:20|S:10|M:10|L:10|XL:10"
290287,"2024-02-07 08:39:53.45","#HY0287",50.00,68.00,93.00,120.90,"2024-02-07","134718329","PO",4,,,,"","ALMA","HY0287A1",30069,8002,"2024-02-07","2024-03-07","USD",93.00,90,"3XS:10|2XS:20|XS:20|S:10|M:10|L:10|XL:10"
290288,"2024-02-07 08:39:53.45","#HY0288",50.00,68.00,93.00,120.90,"2024-02-07","134718330","PO",4,,,,"","ALMA","HY0288A1",30025,1002,"2024-02-07","2024-03-07","USD",93.00,90,"3XS:10|2XS:20|XS:20|S:10|M:10|L:10|XL:10"
290289,"2024-02-07 08:39:53.45","#HY0289",50.00,68.00,93.00,120.90,"2024-02-07","134718330","PO",4,,,,"","ALMA","HY0289A0",30026,1016,"2024-02-07","2024-03-07","USD",93.00,90,"3XS:10|2XS:20|XS:20|S:10|M:10|L:10|XL:10"
290290,"2024-02-07 08:39:53.45","#HY0290",50.00,68.00,93.00,120.90,"2024-02-07","134718330","PO",4,,,,"","ALMA","HY0290A1",30027,3002,"2024-02-07","2024-03-07","USD",93.00,90,"3XS:10|2XS:20|XS:20|S:10|M:10|L:10|XL:10"
290291,"2024-02-07 08:39:53.45","#HY0291",50.00,68.00,93.00,120.90,"2024-02-07","134718330","PO",4,,,,"","ALMA","HY0291A0",30066,4002,"2024-02-07","2024-03-07","USD",93.00,90,"3XS:10|2XS:20|XS:20|S:10|M:10|L:10|XL:10"
290292,"2024-02-07 08:39:53.45","#HY0292",50.00,68.00,93.00,120.90,"2024-02-07","134718330","PO",4,,,,"","ALMA","HY0292A1",30067,5002,"2024-02-07","2024-03-07","USD",93.00,90,"3XS:10|2XS:20|XS:20|S:10|M:10|L:10|XL:10"
290293,"2024-02-07 08:39:53.45","#HY0293",50.00,68.00,93.00,120.90,"2024-02-07","134718330","PO",4,,,,"","ALMA","HY0293A0",30068,6002,"2024-02-07","2024-03-07","USD",93.00,90,"3XS:10|2XS:20|XS:20|S:10|M:10|L:10|XL:10"
290294,"2024-02-07 08:39:53.45","#HY0294",50.00,68.00,93.00,120.90,"2024-02-07","134718330","PO",4,,,,"","ALMA","HY0294A1",30069,8002,"2024-02-07","2024-03-07","USD",93.00,90,"3XS:10|2XS:20|XS:20|S:10|M:10|L:10|XL:10"
290295,"2024-02-07 08:39:53.45","#HY0295",50.00,68.00,93.00,120.90,"2024-02-07","134718504","PO",4,,,,"","ALMA","HY0295A1",30025,1002,"2024-02-07","2024-03-07","USD",93.00,90,"3XS:10|2XS:20|XS:20|S:10|M:10|L:10|XL:10"
290296,"2024-02-07 08:39:53.45","#HY0296",50.00,68.00,93.00,120.90,"2024-02-07","134718504","PO",4,,,,"","ALMA","HY0296A0",30026,1016,"2024-02-07","2024-03-07","USD",93.00,90,"3XS:10|2XS:20|XS:20|S:10|M:10|L:10|XL:10"
290297,"2024-02-07 08:39:53.45","#HY0297",50.00,68.00,93.00,120.90,"2024-02-07","134718504","PO",4,,,,"","ALMA","HY0297A1",30027,3002,"2024-02-07","2024-03-07","USD",93.00,90,"3XS:10|2XS:20|XS:20|S:10|M:10|L:10|XL:10"
290298,"2024-02-07 08:39:53.45","#HY0298",50.00,68.00,93.00,120.90,"2024-02-07","134718504","PO",4,,,,"","ALMA","HY0298A0",30066,4002,"2024-02-07","2024-03-07","USD",93.00,90,"3XS:10|2XS:20|XS:20|S:10|M:10|L:10|XL:10"
290299,"2024-02-07 08:39:53.45","#HY0299",50.00,68.00,93.00,120.90,"2024-02-07","134718504","PO",4,,,,"","ALMA","HY0299A1",30067,5002,"2024-02-07","2024-03-07","USD",93.00,90,"3XS:10|2XS:20|XS:20|S:10|M:10|L:10|XL:10"
290300,"2024-02-07 08:39:53.45","#HY0300",50.00,68.00,93.00,120.90,"2024-02-07","134718504","PO",4,,,,"","ALMA","HY0300A0",30068,6002,"2024-02-07","2024-03-07","USD",93.00,90,"3XS:10|2XS:20|XS:20|S:10|M:10|L:10|XL:10"
290301,"2024-02-07 08:39:53.45","#HY0301",50.00,68.00,93.00,120.90,"2024-02-07","134718504","PO",4,,,,"","ALMA","HY0301A1",30069,8002,"2024-02-07","2024-03-07","USD",93.00,90,"3XS:10|2XS:20|XS:20|S:10|M:10|L:10|XL:10"
290302,"2024-02-07 08:39:53.45","#HY0302",50.00,68.00,93.00,120.90,"2024-02-07","134718530","PO",4,,,,"","ALMA","HY0302A1",30025,1002,"2024-02-07","2024-03-07","USD",93.00,90,"3XS:10|2XS:20|XS:20|S:10|M:10|L:10|XL:10"
290303,"2024-02-07 08:39:53.45","#HY0303",50.00,68.00,93.00,120.90,"2024-02-07","134718530","PO",4,,,,"","ALMA","HY0303A0",30026,1016,"2024-02-07","2024-03-07","USD",93.00,90,"3XS:10|2XS:20|XS:20|S:10|M:10|L:10|XL:10"
290304,"2024-02-07 08:39:53.45","#HY0304",50.00,68.00,93.00,120.90,"2024-02-07","134718530","PO",4,,,,"","ALMA","HY0304A1",30027,3002,"2024-02-07","2024-03-07","USD",93.00,90,"3XS:10|2XS:20|XS:20|S:10|M:10|L:10|XL:10"
290305,"2024-02-07 08:39:53.45","#HY0305",50.00,68.00,93.00,120.90,"2024-02-07","134718530","PO",4,,,,"","ALMA","HY0305A0",30066,4002,"2024-02-07","2024-03-07","USD",93.00,90,"3XS:10|2XS:20|XS:20|S:10|M:10|L:10|XL:10"
290306,"2024-02-07 08:39:53.45","#HY0306",50.00,68.00,93.00,120.90,"2024-02-07","134718530","PO",4,,,,"","ALMA","HY0306A1",30067,5002,"2024-02-07","2024-03-07","USD",93.00,90,"3XS:10|2XS:20|XS:20|S:10|M:10|L:10|XL:10"
290307,"2024-02-07 08:39:53.45","#HY0307",50.00,68.00,93.00,120.90,"2024-02-07","134718530","PO",4,,,,"","ALMA","HY0307A0",30068,6002,"2024-02-07","2024-03-07","USD",93.00,90,"3XS:10|2XS:20|XS:20|S:10|M:10|L:10|XL:10"
290308,"2024-02-07 08:39:53.45","#HY0308",50.00,68.00,93.00,120.90,"2024-02-07","134718530","PO",4,,,,"","ALMA","HY0308A1",30069,8002,"2024-02-07","2024-03-07","USD",93.00,90,"3XS:10|2XS:20|XS:20|S:10|M:10|L:10|XL:10"
290309,"2024-02-07 08:39:53.45","#HY0309",50.00,68.00,93.00,120.90,"2024-02-07","134718539","PO",4,,,,"","ALMA","HY0309A1",30025,1002,"2024-02-07","2024-03-07","USD",93.00,90,"3XS:10|2XS:20|XS:20|S:10|M:10|L:10|XL:10"
290310,"2024-02-07 08:39:53.45","#HY0310",50.00,68.00,93.00,120.90,"2024-02-07","134718539","PO",4,,,,"","ALMA","HY0310A0",30026,1016,"2024-02-07","2024-03-07","USD",93.00,90,"3XS:10|2XS:20|XS:20|S:10|M:10|L:10|XL:10"
290311,"2024-02-07 08:39:53.45","#HY0311",50.00,68.00,93.00,120.90,"2024-02-07","134718539","PO",4,,,,"","ALMA","HY0311A1",30027,3002,"2024-02-07","2024-03-07","USD",93.00,90,"3XS:10|2XS:20|XS:20|S:10|M:10|L:10|XL:10"
290312,"2024-02-07 08:39:53.45","#HY0312",50.00,68.00,93.00,120.90,"2024-02-07","134718539","PO",4,,,,"","ALMA","HY0312A0",30066,4002,"2024-02-07","2024-03-07","USD",93.00,90,"3XS:10|2XS:20|XS:20|S:10|M:10|L:10|XL:10"
290313,"2024-02-07 08:39:53.45","#HY0313",50.00,68.00,93.00,120.90,"2024-02-07","134718539","PO",4,,,,"","ALMA","HY0313A1",30067,5002,"2024-02-07","2024-03-07","USD",93.00,90,"3XS:10|2XS:20|XS:20|S:10|M:10|L:10|XL:10"
290314,"2024-02-07 08:39:53.45","#HY0314",50.00,68.00,93.00,120.90,"2024-02-07","134718539","PO",4,,,,"","ALMA","HY0314A0",30068,6002,"2024-02-07","2024-03-07","USD",93.00,90,"3XS:10|2XS:20|XS:20|S:10|M:10|L:10|XL:10"
290315,"2024-02-07 08:39:53.45","#HY0315",50.00,68.00,93.00,120.90,"2024-02-07","134718539","PO",4,,,,"","ALMA","HY0315A1",30069,8002,"2024-02-07","2024-03-07","USD",93.00,90,"3XS:10|2XS:20|XS:20|S:10|M:10|L:10|XL:10"
290316,"2024-02-07 08:39:53.45","#HY0316",50.00,68.00,93.00,120.90,"2024-02-07","134718711","PO",4,,,,"","ALMA","HY0316A1",30025,1002,"2024-02-07","2024-03-07","USD",93.00,90,"3XS:10|2XS:20|XS:20|S:10|M:10|L:10|XL:10"
290317,"2024-02-07 08:39:53.45","#HY0317",50.00,68.00,93.00,120.90,"2024-02-07","134718711","PO",4,,,,"","ALMA","HY0317A0",30026,1016,"2024-02-07","2024-03-07","USD",93.00,90,"3XS:10|2XS:20|XS:20|S:10|M:10|L:10|XL:10"
290318,"2024-02-07 08:39:53.45","#HY0318",50.00,68.00,93.00,120.90,"2024-02-07","134718711","PO",4,,,,"","ALMA","HY0318A1",30027,3002,"2024-02-07","2024-03-07","USD",93.00,90,"3XS:10|2XS:20|XS:20|S:10|M:10|L:10|XL:10"
290319,"2024-02-07 08:39:53.45","#HY0319",50.00,68.00,93.00,120.90,"2024-02-07","134718711","PO",4,,,,"","ALMA","HY0319A0",30066,4002,"2024-02-07","2024-03-07","USD",93.00,90,"3XS:10|2XS:20|XS:20|S:10|M:10|L:10|XL:10"
290320,"2024-02-07 08:39:53.45","#HY0320",50.00,68.00,93.00,120.90,"2024-02-07","134718711","PO",4,,,,"","ALMA","HY0320A1",30067,5002,"2024-02-07","2024-03-07","USD",93.00,90,"3XS:10|2XS:20|XS:20|S:10|M:10|L:10|XL:10"
290321,"2024-02-07 08:39:53.45","#HY0321",50.00,68.00,93.00,120.90,"2024-02-07","134718711","PO",4,,,,"","ALMA","HY0321A0",30068,6002,"2024-02-07","2024-03-07","USD",93.00,90,"3XS:10|2XS:20|XS:20|S:10|M:10|L:10|XL:10"
290322,"2024-02-07 08:39:53.45","#HY0322",50.00,68.00,93.00,120.90,"2024-02-07","134718711","PO",4,,,,"","ALMA","HY0322A1",30069,8002,"2024-02-07","2024-03-07","USD",93.00,90,"3XS:10|2XS:20|XS:20|S:10|M:10|L:10|XL:10"
290323,"2024-02-07 08:39:53.45","#HY0323",50.00,68.00,93.00,120.90,"2024-02-07","134718744","PO",4,,,,"","ALMA","HY0323A1",30025,1002,"2024-02-07","2024-03-07","USD",93.00,90,"3XS:10|2XS:20|XS:20|S:10|M:10|L:10|XL:10"
290324,"2024-02-07 08:39:53.45","#HY0324",50.00,68.00,93.00,120.90,"2024-02-07","134718744","PO",4,,,,"","ALMA","HY0324A0",30026,1016,"2024-02-07","2024-03-07","USD",93.00,90,"3XS:10|2XS:20|XS:20|S:10|M:10|L:10|XL:10"
290325,"2024-02-07 08:39:53.45","#HY0325",50.00,68.00,93.00,120.90,"2024-02-07","134718744","PO",4,,,,"","ALMA","HY0325A1",30027,3002,"2024-02-07","2024-03-07","USD",93.00,90,"3XS:10|2XS:20|XS:20|S:10|M:10|L:10|XL:10"
290326,"2024-02-07 08:39:53.45","#HY0326",50.00,68.00,93.00,120.90,"2024-02-07","134718744","PO",4,,,,"","ALMA","HY0326A0",30066,4002,"2024-02-07","2024-03-07","USD",93.00,90,"3XS:10|2XS:20|XS:20|S:10|M:10|L:10|XL:10"
290327,"2024-02-07 08:39:53.45","#HY0327",50.00,68.00,93.00,120.90,"2024-02-07","134718744","PO",4,,,,"","ALMA","HY0327A1",30067,5002,"2024-02-07","2024-03-07","USD",93.00,90,"3XS:10|2XS:20|XS:20|S:10|M:10|L:10|XL:10"
290328,"2024-02-07 08:39:53.45","#HY0328",50.00,68.00,93.00,120.90,"2024-02-07","134718744","PO",4,,,,"","ALMA","HY0328A0",30068,6002,"2024-02-07","2024-03-07","USD",93.00,90,"3XS:10|2XS:20|XS:20|S:10|M:10|L:10|XL:10"
290329,"2024-02-07 08:39:53.45","#HY0329",50.00,68.00,93.00,120.90,"2024-02-07","134718744","PO",4,,,,"","ALMA","HY0329A1",30069,8002,"2024-02-07","2024-03-07","USD",93.00,90,"3XS:10|2XS:20|XS:20|S:10|M:10|L:10|XL:10"
290330,"2024-02-07 08:39:53.45","#HY0330",50.00,68.00,93.00,120.90,"2024-02-07","134718745","PO",4,,,,"","ALMA","HY0330A1",30025,1002,"2024-02-07","2024-03-07","USD",93.00,90,"3XS:10|2XS:20|XS:20|S:10|M:10|L:10|XL:10"
290331,"2024-02-07 08:39:53.45","#HY0331",50.00,68.00,93.00,120.90,"2024-02-07","134718745","PO",4,,,,"","ALMA","HY0331A0",30026,1016,"2024-02-07","2024-03-07","USD",93.00,90,"3XS:10|2XS:20|XS:20|S:10|M:10|L:10|XL:10"
290332,"2024-02-07 08:39:53.45","#HY0332",50.00,68.00,93.00,120.90,"2024-02-07","134718745","PO",4,,,,"","ALMA","HY0332A1",30027,3002,"2024-02-07","2024-03-07","USD",93.00,90,"3XS:10|2XS:20|XS:20|S:10|M:10|L:10|XL:10"
290333,"2024-02-07 08:39:53.45","#HY0333",50.00,68.00,93.00,120.90,"2024-02-07","134718745","PO",4,,,,"","ALMA","HY0333A0",30066,4002,"2024-02-07","2024-03-07","USD",93.00,90,"3XS:10|2XS:20|XS:20|S:10|M:10|L:10|XL:10"
290334,"2024-02-07 08:39:53.45","#HY0334",50.00,68.00,93.00,120.90,"2024-02-07","134718745","PO",4,,,,"","ALMA","HY0334A1",30067,5002,"2024-02-07","2024-03-07","USD",93.00,90,"3XS:10|2XS:20|XS:20|S:10|M:10|L:10|XL:10"
290335,"2024-02-07 08:39:53.45","#HY0335",50.00,68.00,93.00,120.90,"2024-02-07","134718745","PO",4,,,,"","ALMA","HY0335A0",30068,6002,"2024-02-07","2024-03-07","USD",93.00,90,"3XS:10|2XS:20|XS:20|S:10|M:10|L:10|XL:10"
290336,"2024-02-07 08:39:53.45","#HY0336",50.00,68.00,93.00,120.90,"2024-02-07","134718745","PO",4,,,,"","ALMA","HY0336A1",30069,8002,"2024-02-07","2024-03-07","USD",93.00,90,"3XS:10|2XS:20|XS:20|S:10|M:10|L:10|XL:10"
290337,"2024-02-07 08:39:53.45","#HY0337",50.00,68.00,93.00,120.90,"2024-02-07","134718905","PO",4,,,,"","ALMA","HY0337A1",30025,1002,"2024-02-07","2024-03-07","USD",93.00,90,"3XS:10|2XS:20|XS:20|S:10|M:10|L:10|XL:10"
290338,"2024-02-07 08:39:53.45","#HY0338",50.00,68.00,93.00,120.90,"2024-02-07","134718905","PO",4,,,,"","ALMA","HY0338A0",30026,1016,"2024-02-07","2024-03-07","USD",93.00,90,"3XS:10|2XS:20|XS:20|S:10|M:10|L:10|XL:10"
290339,"2024-02-07 08:39:53.45","#HY0339",50.00,68.00,93.00,120.90,"2024-02-07","134718905","PO",4,,,,"","ALMA","HY0339A1",30027,3002,"2024-02-07","2024-03-07","USD",93.00,90,"3XS:10|2XS:20|XS:20|S:10|M:10|L:10|XL:10"
290340,"2024-02-07 08:39:53.45","#HY0340",50.00,68.00,93.00,120.90,"2024-02-07","134718905","PO",4,,,,"","ALMA","HY0340A0",30066,4002,"2024-02-07","2024-03-07","USD",93.00,90,"3XS:10|2XS:20|XS:20|S:10|M:10|L:10|XL:10"
290341,"2024-02-07 08:39:53.45","#HY0341",50.00,68.00,93.00,120.90,"2024-02-07","134718905","PO",4,,,,"","ALMA","HY0341A1",30067,5002,"2024-02-07","2024-03-07","USD",93.00,90,"3XS:10|2XS:20|XS:20|S:10|M:10|L:10|XL:10"
290342,"2024-02-07 08:39:53.45","#HY0342",50.00,68.00,93.00,120.90,"2024-02-07","134718905","PO",4,,,,"","ALMA","HY0342A0",30068,6002,"2024-02-07","2024-03-07","USD",93.00,90,"3XS:10|2XS:20|XS:20|S:10|M:10|L:10|XL:10"
290343,"2024-02-07 08:39:53.45","#HY0343",50.00,68.00,93.00,120.90,"2024-02-07","134718905","PO",4,,,,"","ALMA","HY0343A1",30069,8002,"2024-02-07","2024-03-07","USD",93.00,90,"3XS:10|2XS:20|XS:20|S:10|M:10|L:10|XL:10"
290344,"2024-02-07 08:39:53.45","#HY0344",50.00,68.00,93.00,120.90,"2024-02-07","134719105","PO",4,,,,"","ALMA","HY0344A1",30025,1002,"2024-02-07","2024-03-07","USD",93.00,90,"3XS:10|2XS:20|XS:20|S:10|M:10|L:10|XL:10"
290345,"2024-02-07 08:39:53.45","#HY0345",50.00,68.00,93.00,120.90,"2024-02-07","134719105","PO",4,,,,"","ALMA","HY0345A0",30026,1016,"2024-02-07","2024-03-07","USD",93.00,90,"3XS:10|2XS:20|XS:20|S:10|M:10|L:10|XL:10"
290346,"2024-02-07 08:39:53.45","#HY0346",50.00,68.00,93.00,120.90,"2024-02-07","134719105","PO",4,,,,"","ALMA","HY0346A1",30027,3002,"2024-02-07","2024-03-07","USD",93.00,90,"3XS:10|2XS:20|XS:20|S:10|M:10|L:10|XL:10"
290347,"2024-02-07 08:39:53.45","#HY0347",50.00,68.00,93.00,120.90,"2024-02-07","134719105","PO",4,,,,"","ALMA","HY0347A0",30066,4002,"2024-02-07","2024-03-07","USD",93.00,90,"3XS:10|2XS:20|XS:20|S:10|M:10|L:10|XL:10"
290348,"2024-02-07 08:39:53.45","#HY0348",50.00,68.00,93.00,120.90,"2024-02-07","134719105","PO",4,,,,"","ALMA","HY0348A1",30067,5002,"2024-02-07","2024-03-07","USD",93.00,90,"3XS:10|2XS:20|XS:20|S:10|M:10|L:10|XL:10"
290349,"2024-02-07 08:39:53.45","#HY0349",50.00,68.00,93.00,120.90,"2024-02-07","134719105","PO",4,,,,"","ALMA","HY0349A0",30068,6002,"2024-02-07","2024-03-07","USD",93.00,90,"3XS:10|2XS:20|XS:20|S:10|M:10|L:10|XL:10"
290350,"2024-02-07 08:39:53.45","#HY0350",50.00,68.00,93.00,120.90,"2024-02-07","134719105","PO",4,,,,"","ALMA","HY0350A1",30069,8002,"2024-02-07","2024-03-07","USD",93.00,90,"3XS:10|2XS:20|XS:20|S:10|M:10|L:10|XL:10"
290351,"2024-02-07 08:39:53.45","#HY0351",50.00,68.00,93.00,120.90,"2024-02-07","134719129","PO",4,,,,"","ALMA","HY0351A1",30025,1002,"2024-02-07","2024-03-07","USD",93.00,90,"3XS:10|2XS:20|XS:20|S:10|M:10|L:10|XL:10"
290352,"2024-02-07 08:39:53.45","#HY0352",50.00,68.00,93.00,120.90,"2024-02-07","134719129","PO",4,,,,"","ALMA","HY0352A0",30026,1016,"2024-02-07","2024-03-07","USD",93.00,90,"3XS:10|2XS:20|XS:20|S:10|M:10|L:10|XL:10"
290353,"2024-02-07 08:39:53.45","#HY0353",50.00,68.00,93.00,120.90,"2024-02-07","134719129","PO",4,,,,"","ALMA","HY0353A1",30027,3002,"2024-02-07","2024-03-07","USD",93.00,90,"3XS:10|2XS:20|XS:20|S:10|M:10|L:10|XL:10"
290354,"2024-02-07 08:39:53.45","#HY0354",50.00,68.00,93.00,120.90,"2024-02-07","134719129","PO",4,,,,"","ALMA","HY0354A0",30066,4002,"2024-02-07","2024-03-07","USD",93.00,90,"3XS:10|2XS:20|XS:20|S:10|M:10|L:10|XL:10"
290355,"2024-02-07 08:39:53.45","#HY0355",50.00,68.00,93.00,120.90,"2024-02-07","134719129","PO",4,,,,"","ALMA","HY0355A1",30067,5002,"2024-02-07","2024-03-07","USD",93.00,90,"3XS:10|2XS:20|XS:20|S:10|M:10|L:10|XL:10"
290356,"2024-02-07 08:39:53.45","#HY0356",50.00,68.00,93.00,120.90,"2024-02-07","134719129","PO",4,,,,"","ALMA","HY0356A0",30068,6002,"2024-02-07","2024-03-07","USD",93.00,90,"3XS:10|2XS:20|XS:20|S:10|M:10|L:10|XL:10"
290357,"2024-02-07 08:39:53.45","#HY0357",50.00,68.00,93.00,120.90,"2024-02-07","134719129","PO",4,,,,"","ALMA","HY0357A1",30069,8002,"2024-02-07","2024-03-07","USD",93.00,90,"3XS:10|2XS:20|XS:20|S:10|M:10|L:10|XL:10"
290358,"2024-02-07 08:39:53.45","#HY0358",50.00,68.00,93.00,120.90,"2024-02-07","134719307","PO",4,,,,"","ALMA","HY0358A1",30025,1002,"2024-02-07","2024-03-07","USD",93.00,90,"3XS:10|2XS:20|XS:20|S:10|M:10|L:10|XL:10"
290359,"2024-02-07 08:39:53.45","#HY0359",50.00,68.00,93.00,120.90,"2024-02-07","134719307","PO",4,,,,"","ALMA","HY0359A0",30026,1016,"2024-02-07","2024-03-07","USD",93.00,90,"3XS:10|2XS:20|XS:20|S:10|M:10|L:10|XL:10"
290360,"2024-02-07 08:39:53.45","#HY0360",50.00,68.00,93.00,120.90,"2024-02-07","134719307","PO",4,,,,"","ALMA","HY0360A1",30027,3002,"2024-02-07","2024-03-07","USD",93.00,90,"3XS:10|2XS:20|XS:20|S:10|M:10|L:10|XL:10"
290361,"2024-02-07 08:39:53.45","#HY0361",50.00,68.00,93.00,120.90,"2024-02-07","134719307","PO",4,,,,"","ALMA","HY0361A0",30066,4002,"2024-02-07","2024-03-07","USD",93.00,90,"3XS:10|2XS:20|XS:20|S:10|M:10|L:10|XL:10"
290362,"2024-02-07 08:39:53.45","#HY0362",50.00,68.00,93.00,120.90,"2024-02-07","134719307","PO",4,,,,"","ALMA","HY0362A1",30067,5002,"2024-02-07","2024-03-07","USD",93.00,90,"3XS:10|2XS:20|XS:20|S:10|M:10|L:10|XL:10"
290363,"2024-02-07 08:39:53.45","#HY0363",50.00,68.00,93.00,120.90,"2024-02-07","134719307","PO",4,,,,"","ALMA","HY0363A0",30068,6002,"2024-02-07","2024-03-07","USD",93.00,90,"3XS:10|2XS:20|XS:20|S:10|M:10|L:10|XL:10"
290364,"2024-02-07 08:39:53.45","#HY0364",50.00,68.00,93.00,120.90,"2024-02-07","134719307","PO",4,,,,"","ALMA","HY0364A1",30069,8002,"2024-02-07","2024-03-07","USD",93.00,90,"3XS:10|2XS:20|XS:20|S:10|M:10|L:10|XL:10"
290365,"2024-02-07 08:39:53.45","#HY0365",50.00,68.00,93.00,120.90,"2024-02-07","134719363","PO",4,,,,"","ALMA","HY0365A1",30025,1002,"2024-02-07","2024-03-07","USD",93.00,90,"3XS:10|2XS:20|XS:20|S:10|M:10|L:10|XL:10"
290366,"2024-02-07 08:39:53.45","#HY0366",50.00,68.00,93.00,120.90,"2024-02-07","134719363","PO",4,,,,"","ALMA","HY0366A0",30026,1016,"2024-02-07","2024-03-07","USD",93.00,90,"3XS:10|2XS:20|XS:20|S:10|M:10|L:10|XL:10"
290367,"2024-02-07 08:39:53.45","#HY0367",50.00,68.00,93.00,120.90,"2024-02-07","134719363","PO",4,,,,"","ALMA","HY0367A1",30027,3002,"2024-02-07","2024-03-07","USD",93.00,90,"3XS:10|2XS:20|XS:20|S:10|M:10|L:10|XL:10"
290368,"2024-02-07 08:39:53.45","#HY0368",50.00,68.00,93.00,120.90,"2024-02-07","134719363","PO",4,,,,"","ALMA","HY0368A0",30066,4002,"2024-02-07","2024-03-07","USD",93.00,90,"3XS:10|2XS:20|XS:20|S:10|M:10|L:10|XL:10"
290369,"2024-02-07 08:39:53.45","#HY0369",50.00,68.00,93.00,120.90,"2024-02-07","134719363","PO",4,,,,"","ALMA","HY0369A1",30067,5002,"2024-02-07","2024-03-07","USD",93.00,90,"3XS:10|2XS:20|XS:20|S:10|M:10|L:10|XL:10"
290370,"2024-02-07 08:39:53.45","#HY0370",50.00,68.00,93.00,120.90,"2024-02-07","134719363","PO",4,,,,"","ALMA","HY0370A0",30068,6002,"2024-02-07","2024-03-07","USD",93.00,90,"3XS:10|2XS:20|XS:20|S:10|M:10|L:10|XL:10"
290371,"2024-02-07 08:39:53.45","#HY0371",50.00,68.00,93.00,120.90,"2024-02-07","134719363","PO",4,,,,"","ALMA","HY0371A1",30069,8002,"2024-02-07","2024-03-07","USD",93.00,90,"3XS:10|2XS:20|XS:20|S:10|M:10|L:10|XL:10"
290372,"2024-02-07 08:39:53.45","#HY0372",50.00,68.00,93.00,120.90,"2024-02-07","134719500","PO",4,,,,"","ALMA","HY0372A1",30025,1002,"2024-02-07","2024-03-07","USD",93.00,90,"3XS:10|2XS:20|XS:20|S:10|M:10|L:10|XL:10"
290373,"2024-02-07 08:39:53.45","#HY0373",50.00,68.00,93.00,120.90,"2024-02-07","134719500","PO",4,,,,"","ALMA","HY0373A0",30026,1016,"2024-02-07","2024-03-07","USD",93.00,90,"3XS:10|2XS:20|XS:20|S:10|M:10|L:10|XL:10"
290374,"2024-02-07 08:39:53.45","#HY0374",50.00,68.00,93.00,120.90,"2024-02-07","134719500","PO",4,,,,"","ALMA","HY0374A1",30027,3002,"2024-02-07","2024-03-07","USD",93.00,90,"3XS:10|2XS:20|XS:20|S:10|M:10|L:10|XL:10"
290375,"2024-02-07 08:39:53.45","#HY0375",50.00,68.00,93.00,120.90,"2024-02-07","134719500","PO",4,,,,"","ALMA","HY0375A0",30066,4002,"2024-02-07","2024-03-07","USD",93.00,90,"3XS:10|2XS:20|XS:20|S:10|M:10|L:10|XL:10"
290376,"2024-02-07 08:39:53.45","#HY0376",50.00,68.00,93.00,120.90,"2024-02-07","134719500","PO",4,,,,"","ALMA","HY0376A1",30067,5002,"2024-02-07","2024-03-07","USD",93.00,90,"3XS:10|2XS:20|XS:20|S:10|M:10|L:10|XL:10"
290377,"2024-02-07 08:39:53.45","#HY0377",50.00,68.00,93.00,120.90,"2024-02-07","134719500","PO",4,,,,"","ALMA","HY0377A0",30068,6002,"2024-02-07","2024-03-07","USD",93.00,90,"3XS:10|2XS:20|XS:20|S:10|M:10|L:10|XL:10"
290378,"2024-02-07 08:39:53.45","#HY0378",50.00,68.00,93.00,120.90,"2024-02-07","134719500","PO",4,,,,"","ALMA","HY0378A1",30069,8002,"2024-02-07","2024-03-07","USD",93.00,90,"3XS:10|2XS:20|XS:20|S:10|M:10|L:10|XL:10"
290379,"2024-02-07 08:39:53.45","#HY0379",50.00,68.00,93.00,120.90,"2024-02-07","134719562","PO",4,,,,"","ALMA","HY0379A1",30025,1002,"2024-02-07","2024-03-07","USD",93.00,90,"3XS:10|2XS:20|XS:20|S:10|M:10|L:10|XL:10"
290380,"2024-02-07 08:39:53.45","#HY0380",50.00,68.00,93.00,120.90,"2024-02-07","134719562","PO",4,,,,"","ALMA","HY0380A0",30026,1016,"2024-02-07","2024-03-07","USD",93.00,90,"3XS:10|2XS:20|XS:20|S:10|M:10|L:10|XL:10"
290381,"2024-02-07 08:39:53.45","#HY0381",50.00,68.00,93.00,120.90,"2024-02-07","134719562","PO",4,,,,"","ALMA","HY0381A1",30027,3002,"2024-02-07","2024-03-07","USD",93.00,90,"3XS:10|2XS:20|XS:20|S:10|M:10|L:10|XL:10"
290382,"2024-02-07 08:39:53.45","#HY0382",50.00,68.00,93.00,120.90,"2024-02-07","134719562","PO",4,,,,"","ALMA","HY0382A0",30066,4002,"2024-02-07","2024-03-07","USD",93.00,90,"3XS:10|2XS:20|XS:20|S:10|M:10|L:10|XL:10"
290383,"2024-02-07 08:39:53.45","#HY0383",50.00,68.00,93.00,120.90,"2024-02-07","134719562","PO",4,,,,"","ALMA","HY0383A1",30067,5002,"2024-02-07","2024-03-07","USD",93.00,90,"3XS:10|2XS:20|XS:20|S:10|M:10|L:10|XL:10"
290384,"2024-02-07 08:39:53.45","#HY0384",50.00,68.00,93.00,120.90,"2024-02-07","134719562","PO",4,,,,"","ALMA","HY0384A0",30068,6002,"2024-02-07","2024-03-07","USD",93.00,90,"3XS:10|2XS:20|XS:20|S:10|M:10|L:10|XL:10"
290385,"2024-02-07 08:39:53.45","#HY0385",50.00,68.00,93.00,120.90,"2024-02-07","134719562","PO",4,,,,"","ALMA","HY0385A1",30069,8002,"2024-02-07","2024-03-07","USD",93.00,90,"3XS:10|2XS:20|XS:20|S:10|M:10|L:10|XL:10"
290386,"2024-02-07 08:39:53.45","#HY0386",50.00,68.00,93.00,120.90,"2024-02-07","134719699","PO",4,,,,"","ALMA","HY0386A1",30025,1002,"2024-02-07","2024-03-07","USD",93.00,90,"3XS:10|2XS:20|XS:20|S:10|M:10|L:10|XL:10"
290387,"2024-02-07 08:39:53.45","#HY0387",50.00,68.00,93.00,120.90,"2024-02-07","134719699","PO",4,,,,"","ALMA","HY0387A0",30026,1016,"2024-02-07","2024-03-07","USD",93.00,90,"3XS:10|2XS:20|XS:20|S:10|M:10|L:10|XL:10"
290388,"2024-02-07 08:39:53.45","#HY0388",50.00,68.00,93.00,120.90,"2024-02-07","134719699","PO",4,,,,"","ALMA","HY0388A1",30027,3002,"2024-02-07","2024-03-07","USD",93.00,90,"3XS:10|2XS:20|XS:20|S:10|M:10|L:10|XL:10"
290389,"2024-02-07 08:39:53.45","#HY0389",50.00,68.00,93.00,120.90,"2024-02-07","134719699","PO",4,,,,"","ALMA","HY0389A0",30066,4002,"2024-02-07","2024-03-07","USD",93.00,90,"3XS:10|2XS:20|XS:20|S:10|M:10|L:10|XL:10"
290390,"2024-02-07 08:39:53.45","#HY0390",50.00,68.00,93.00,120.90,"2024-02-07","134719699","PO",4,,,,"","ALMA","HY0390A1",30067,5002,"2024-02-07","2024-03-07","USD",93.00,90,"3XS:10|2XS:20|XS:20|S:10|M:10|L:10|XL:10"
290391,"2024-02-07 08:39:53.45","#HY0391",50.00,68.00,93.00,120.90,"2024-02-07","134719699","PO",4,,,,"","ALMA","HY0391A0",30068,6002,"2024-02-07","2024-03-07","USD",93.00,90,"3XS:10|2XS:20|XS:20|S:10|M:10|L:10|XL:10"
290392,"2024-02-07 08:39:53.45","#HY0392",50.00,68.00,93.00,120.90,"2024-02-07","134719699","PO",4,,,,"","ALMA","HY0392A1",30069,8002,"2024-02-07","2024-03-07","USD",93.00,90,"3XS:10|2XS:20|XS:20|S:10|M:10|L:10|XL:10"
290393,"2024-02-07 08:39:53.45","#HY0393",50.00,68.00,93.00,120.90,"2024-02-07","134719777","PO",4,,,,"","ALMA","HY0393A1",30025,1002,"2024-02-07","2024-03-07","USD",93.00,90,"3XS:10|2XS:20|XS:20|S:10|M:10|L:10|XL:10"
290394,"2024-02-07 08:39:53.45","#HY0394",50.00,68.00,93.00,120.90,"2024-02-07","134719777","PO",4,,,,"","ALMA","HY0394A0",30026,1016,"2024-02-07","2024-03-07","USD",93.00,90,"3XS:10|2XS:20|XS:20|S:10|M:10|L:10|XL:10"
290395,"2024-02-07 08:39:53.45","#HY0395",50.00,68.00,93.00,120.90,"2024-02-07","134719777","PO",4,,,,"","ALMA","HY0395A1",30027,3002,"2024-02-07","2024-03-07","USD",93.00,90,"3XS:10|2XS:20|XS:20|S:10|M:10|L:10|XL:10"
290396,"2024-02-07 08:39:53.45","#HY0396",50.00,68.00,93.00,120.90,"2024-02-07","134719777","PO",4,,,,"","ALMA","HY0396A0",30066,4002,"2024-02-07","2024-03-07","USD",93.00,90,"3XS:10|2XS:20|XS:20|S:10|M:10|L:10|XL:10"
290397,"2024-02-07 08:39:53.45","#HY0397",50.00,68.00,93.00,120.90,"2024-02-07","134719777","PO",4,,,,"","ALMA","HY0397A1",30067,5002,"2024-02-07","2024-03-07","USD",93.00,90,"3XS:10|2XS:20|XS:20|S:10|M:10|L:10|XL:10"
290398,"2024-02-07 08:39:53.45","#HY0398",50.00,68.00,93.00,120.90,"2024-02-07","134719777","PO",4,,,,"","ALMA","HY0398A0",30068,6002,"2024-02-07","2024-03-07","USD",93.00,90,"3XS:10|2XS:20|XS:20|S:10|M:10|L:10|XL:10"
290399,"2024-02-07 08:39:53.45","#HY0399",50.00,68.00,93.00,120.90,"2024-02-07","134719777","PO",4,,,,"","ALMA","HY0399A1",30069,8002,"2024-02-07","2024-03-07","USD",93.00,90,"3XS:10|2XS:20|XS:20|S:10|M:10|L:10|XL:10"
290400,"2024-02-07 08:39:53.45","#HY0400",50.00,68.00,93.00,120.90,"2024-02-07","134719882","PO",4,,,,"","ALMA","HY0400A1",30025,1002,"2024-02-07","2024-03-07","USD",93.00,90,"3XS:10|2XS:20|XS:20|S:10|M:10|L:10|XL:10"
290401,"2024-02-07 08:39:53.45","#HY0401",50.00,68.00,93.00,120.90,"2024-02-07","134719882","PO",4,,,,"","ALMA","HY0401A0",30026,1016,"2024-02-07","2024-03-07","USD",93.00,90,"3XS:10|2XS:20|XS:20|S:10|M:10|L:10|XL:10"
290402,"2024-02-07 08:39:53.45","#HY0402",50.00,68.00,93.00,120.90,"2024-02-07","134719882","PO",4,,,,"","ALMA","HY0402A1",30027,3002,"2024-02-07","2024-03-07","USD",93.00,90,"3XS:10|2XS:20|XS:20|S:10|M:10|L:10|XL:10"
290403,"2024-02-07 08:39:53.45","#HY0403",50.00,68.00,93.00,120.90,"2024-02-07","134719882","PO",4,,,,"","ALMA","HY0403A0",30066,4002,"2024-02-07","2024-03-07","USD",93.00,90,"3XS:10|2XS:20|XS:20|S:10|M:10|L:10|XL:10"
290404,"2024-02-07 08:39:53.45","#HY0404",50.00,68.00,93.00,120.90,"2024-02-07","134719882","PO",4,,,,"","ALMA","HY0404A1",30067,5002,"2024-02-07","2024-03-07","USD",93.00,90,"3XS:10|2XS:20|XS:20|S:10|M:10|L:10|XL:10"
290405,"2024-02-07 08:39:53.45","#HY0405",50.00,68.00,93.00,120.90,"2024-02-07","134719882","PO",4,,,,"","ALMA","HY0405A0",30068,6002,"2024-02-07","2024-03-07","USD",93.00,90,"3XS:10|2XS:20|XS:20|S:10|M:10|L:10|XL:10"
290406,"2024-02-07 08:39:53.45","#HY0406",50.00,68.00,93.00,120.90,"2024-02-07","134719882","PO",4,,,,"","ALMA","HY0406A1",30069,8002,"2024-02-07","2024-03-07","USD",93.00,90,"3XS:10|2XS:20|XS:20|S:10|M:10|L:10|XL:10"
290407,"2024-02-07 08:39:53.45","#HY0407",50.00,68.00,93.00,120.90,"2024-02-07","134719969","PO",4,,,,"","ALMA","HY0407A1",30025,1002,"2024-02-07","2024-03-07","USD",93.00,90,"3XS:10|2XS:20|XS:20|S:10|M:10|L:10|XL:10"
290408,"2024-02-07 08:39:53.45","#HY0408",50.00,68.00,93.00,120.90,"2024-02-07","134719969","PO",4,,,,"","ALMA","HY0408A0",30026,1016,"2024-02-07","2024-03-07","USD",93.00,90,"3XS:10|2XS:20|XS:20|S:10|M:10|L:10|XL:10"
290409,"2024-02-07 08:39:53.45","#HY0409",50.00,68.00,93.00,120.90,"2024-02-07","134719969","PO",4,,,,"","ALMA","HY0409A1",30027,3002,"2024-02-07","2024-03-07","USD",93.00,90,"3XS:10|2XS:20|XS:20|S:10|M:10|L:10|XL:10"
290410,"2024-02-07 08:39:53.45","#HY0410",50.00,68.00,93.00,120.90,"2024-02-07","134719969","PO",4,,,,"","ALMA","HY0410A0",30066,4002,"2024-02-07","2024-03-07","USD",93.00,90,"3XS:10|2XS:20|XS:20|S:10|M:10|L:10|XL:10"
290411,"2024-02-07 08:39:53.45","#HY0411",50.00,68.00,93.00,120.90,"2024-02-07","134719969","PO",4,,,,"","ALMA","HY0411A1",30067,5002,"2024-02-07","2024-03-07","USD",93.00,90,"3XS:10|2XS:20|XS:20|S:10|M:10|L:10|XL:10"
290412,"2024-02-07 08:39:53.45","#HY0412",50.00,68.00,93.00,120.90,"2024-02-07","134719969","PO",4,,,,"","ALMA","HY0412A0",30068,6002,"2024-02-07","2024-03-07","USD",93.00,90,"3XS:10|2XS:20|XS:20|S:10|M:10|L:10|XL:10"
290413,"2024-02-07 08:39:53.45","#HY0413",50.00,68.00,93.00,120.90,"2024-02-07","134719969","PO",4,,,,"","ALMA","HY0413A1",30069,8002,"2024-02-07","2024-03-07","USD",93.00,90,"3XS:10|2XS:20|XS:20|S:10|M:10|L:10|XL:10"
290414,"2024-02-07 08:39:53.45","#HY0414",50.00,68.00,93.00,120.90,"2024-02-07","134720088","PO",4,,,,"","ALMA","HY0414A1",30025,1002,"2024-02-07","2024-03-07","USD",93.00,90,"3XS:10|2XS:20|XS:20|S:10|M:10|L:10|XL:10"
290415,"2024-02-07 08:39:53.45","#HY0415",50.00,68.00,93.00,120.90,"2024-02-07","134720088","PO",4,,,,"","ALMA","HY0415A0",30026,1016,"2024-02-07","2024-03-07","USD",93.00,90,"3XS:10|2XS:20|XS:20|S:10|M:10|L:10|XL:10"
290416,"2024-02-07 08:39:53.45","#HY0416",50.00,68.00,93.00,120.90,"2024-02-07","134720088","PO",4,,,,"","ALMA","HY0416A1",30027,3002,"2024-02-07","2024-03-07","USD",93.00,90,"3XS:10|2XS:20|XS:20|S:10|M:10|L:10|XL:10"
290417,"2024-02-07 08:39:53.45","#HY0417",50.00,68.00,93.00,120.90,"2024-02-07","134720088","PO",4,,,,"","ALMA","HY0417A0",30066,4002,"2024-02-07","2024-03-07","USD",93.00,90,"3XS:10|2XS:20|XS:20|S:10|M:10|L:10|XL:10"
290418,"2024-02-07 08:39:53.45","#HY0418",50.00,68.00,93.00,120.90,"2024-02-07","134720088","PO",4,,,,"","ALMA","HY0418A1",30067,5002,"2024-02-07","2024-03-07","USD",93.00,90,"3XS:10|2XS:20|XS:20|S:10|M:10|L:10|XL:10"
290419,"2024-02-07 08:39:53.45","#HY0419",50.00,68.00,93.00,120.90,"2024-02-07","134720088","PO",4,,,,"","ALMA","HY0419A0",30068,6002,"2024-02-07","2024-03-07","USD",93.00,90,"3XS:10|2XS:20|XS:20|S:10|M:10|L:10|XL:10"
290420,"2024-02-07 08:39:53.45","#HY0420",50.00,68.00,93.00,120.90,"2024-02-07","134720088","PO",4,,,,"","ALMA","HY0420A1",30069,8002,"2024-02-07","2024-03-07","USD",93.00,90,"3XS:10|2XS:20|XS:20|S:10|M:10|L:10|XL:10"
290421,"2024-02-07 08:39:53.45","#HY0421",50.00,68.00,93.00,120.90,"2024-02-07","134720177","PO",4,,,,"","ALMA","HY0421A1",30025,1002,"2024-02-07","2024-03-07","USD",93.00,90,"3XS:10|2XS:20|XS:20|S:10|M:10|L:10|XL:10"
290422,"2024-02-07 08:39:53.45","#HY0422",50.00,68.00,93.00,120.90,"2024-02-07","134720177","PO",4,,,,"","ALMA","HY0422A0",30026,1016,"2024-02-07","2024-03-07","USD",93.00,90,"3XS:10|2XS:20|XS:20|S:10|M:10|L:10|XL:10"
290423,"2024-02-07 08:39:53.45","#HY0423",50.00,68.00,93.00,120.90,"2024-02-07","134720177","PO",4,,,,"","ALMA","HY0423A1",30027,3002,"2024-02-07","2024-03-07","USD",93.00,90,"3XS:10|2XS:20|XS:20|S:10|M:10|L:10|XL:10"
290424,"2024-02-07 08:39:53.45","#HY0424",50.00,68.00,93.00,120.90,"2024-02-07","134720177","PO",4,,,,"","ALMA","HY0424A0",30066,4002,"2024-02-07","2024-03-07","USD",93.00,90,"3XS:10|2XS:20|XS:20|S:10|M:10|L:10|XL:10"
290425,"2024-02-07 08:39:53.45","#HY0425",50.00,68.00,93.00,120.90,"2024-02-07","134720177","PO",4,,,,"","ALMA","HY0425A1",30067,5002,"2024-02-07","2024-03-07","USD",93.00,90,"3XS:10|2XS:20|XS:20|S:10|M:10|L:10|XL:10"
290426,"2024-02-07 08:39:53.45","#HY0426",50.00,68.00,93.00,120.90,"2024-02-07","134720177","PO",4,,,,"","ALMA","HY0426A0",30068,6002,"2024-02-07","2024-03-07","USD",93.00,90,"3XS:10|2XS:20|XS:20|S:10|M:10|L:10|XL:10"
290427,"2024-02-07 08:39:53.45","#HY0427",50.00,68.00,93.00,120.90,"2024-02-07","134720177","PO",4,,,,"","ALMA","HY0427A1",30069,8002,"2024-02-07","2024-03-07","USD",93.00,90,"3XS:10|2XS:20|XS:20|S:10|M:10|L:10|XL:10"
290428,"2024-02-07 08:39:53.45","#HY0428",50.00,68.00,93.00,120.90,"2024-02-07","134720304","PO",4,,,,"","ALMA","HY0428A1",30025,1002,"2024-02-07","2024-03-07","USD",93.00,90,"3XS:10|2XS:20|XS:20|S:10|M:10|L:10|XL:10"
290429,"2024-02-07 08:39:53.45","#HY0429",50.00,68.00,93.00,120.90,"2024-02-07","134720304","PO",4,,,,"","ALMA","HY0429A0",30026,1016,"2024-02-07","2024-03-07","USD",93.00,90,"3XS:10|2XS:20|XS:20|S:10|M:10|L:10|XL:10"
290430,"2024-02-07 08:39:53.45","#HY0430",50.00,68.00,93.00,120.90,"2024-02-07","134720304","PO",4,,,,"","ALMA","HY0430A1",30027,3002,"2024-02-07","2024-03-07","USD",93.00,90,"3XS:10|2XS:20|XS:20|S:10|M:10|L:10|XL:10"
290431,"2024-02-07 08:39:53.45","#HY0431",50.00,68.00,93.00,120.90,"2024-02-07","134720304","PO",4,,,,"","ALMA","HY0431A0",30066,4002,"2024-02-07","2024-03-07","USD",93.00,90,"3XS:10|2XS:20|XS:20|S:10|M:10|L:10|XL:10"
290432,"2024-02-07 08:39:53.45","#HY0432",50.00,68.00,93.00,120.90,"2024-02-07","134720304","PO",4,,,,"","ALMA","HY0432A1",30067,5002,"2024-02-07","2024-03-07","USD",93.00,90,"3XS:10|2XS:20|XS:20|S:10|M:10|L:10|XL:10"
290433,"2024-02-07 08:39:53.45","#HY0433",50.00,68.00,93.00,120.90,"2024-02-07","134720304","PO",4,,,,"","ALMA","HY0433A0",30068,6002,"2024-02-07","2024-03-07","USD",93.00,90,"3XS:10|2XS:20|XS:20|S:10|M:10|L:10|XL:10"
290434,"2024-02-07 08:39:53.45","#HY0434",50.00,68.00,93.00,120.90,"2024-02-07","134720304","PO",4,,,,"","ALMA","HY0434A1",30069,8002,"2024-02-07","2024-03-07","USD",93.00,90,"3XS:10|2XS:20|XS:20|S:10|M:10|L:10|XL:10"
290435,"2024-02-07 08:39:53.45","#HY0435",50.00,68.00,93.00,120.90,"2024-02-07","134720376","PO",4,,,,"","ALMA","HY0435A1",30025,1002,"2024-02-07","2024-03-07","USD",93.00,90,"3XS:10|2XS:20|XS:20|S:10|M:10|L:10|XL:10"
290436,"2024-02-07 08:39:53.45","#HY0436",50.00,68.00,93.00,120.90,"2024-02-07","134720376","PO",4,,,,"","ALMA","HY0436A0",30026,1016,"2024-02-07","2024-03-07","USD",93.00,90,"3XS:10|2XS:20|XS:20|S:10|M:10|L:10|XL:10"
290437,"2024-02-07 08:39:53.45","#HY0437",50.00,68.00,93.00,120.90,"2024-02-07","134720376","PO",4,,,,"","ALMA","HY0437A1",30027,3002,"2024-02-07","2024-03-07","USD",93.00,90,"3XS:10|2XS:20|XS:20|S:10|M:10|L:10|XL:10"
290438,"2024-02-07 08:39:53.45","#HY0438",50.00,68.00,93.00,120.90,"2024-02-07","134720376","PO",4,,,,"","ALMA","HY0438A0",30066,4002,"2024-02-07","2024-03-07","USD",93.00,90,"3XS:10|2XS:20|XS:20|S:10|M:10|L:10|XL:10"
290439,"2024-02-07 08:39:53.45","#HY0439",50.00,68.00,93.00,120.90,"2024-02-07","134720376","PO",4,,,,"","ALMA","HY0439A1",30067,5002,"2024-02-07","2024-03-07","USD",93.00,90,"3XS:10|2XS:20|XS:20|S:10|M:10|L:10|XL:10"
290440,"2024-02-07 08:39:53.45","#HY0440",50.00,68.00,93.00,120.90,"2024-02-07","134720376","PO",4,,,,"","ALMA","HY0440A0",30068,6002,"2024-02-07","2024-03-07","USD",93.00,90,"3XS:10|2XS:20|XS:20|S:10|M:10|L:10|XL:10"
290441,"2024-02-07 08:39:53.45","#HY0441",50.00,68.00,93.00,120.90,"2024-02-07","134720376","PO",4,,,,"","ALMA","HY0441A1",30069,8002,"2024-02-07","2024-03-07","USD",93.00,90,"3XS:10|2XS:20|XS:20|S:10|M:10|L:10|XL:10"
290442,"2024-02-07 08:39:53.45","#HY0442",50.00,68.00,93.00,120.90,"2024-02-07","134720503","PO",4,,,,"","ALMA","HY0442A1",30025,1002,"2024-02-07","2024-03-07","USD",93.00,90,"3XS:10|2XS:20|XS:20|S:10|M:10|L:10|XL:10"
290443,"2024-02-07 08:39:53.45","#HY0443",50.00,68.00,93.00,120.90,"2024-02-07","134720503","PO",4,,,,"","ALMA","HY0443A0",30026,1016,"2024-02-07","2024-03-07","USD",93.00,90,"3XS:10|2XS:20|XS:20|S:10|M:10|L:10|XL:10"
290444,"2024-02-07 08:39:53.45","#HY0444",50.00,68.00,93.00,120.90,"2024-02-07","134720503","PO",4,,,,"","ALMA","HY0444A1",30027,3002,"2024-02-07","2024-03-07","USD",93.00,90,"3XS:10|2XS:20|XS:20|S:10|M:10|L:10|XL:10"
290445,"2024-02-07 08:39:53.45","#HY0445",50.00,68.00,93.00,120.90,"2024-02-07","134720503","PO",4,,,,"","ALMA","HY0445A0",30066,4002,"2024-02-07","2024-03-07","USD",93.00,90,"3XS:10|2XS:20|XS:20|S:10|M:10|L:10|XL:10"
290446,"2024-02-07 08:39:53.45","#HY0446",50.00,68.00,93.00,120.90,"2024-02-07","134720503","PO",4,,,,"","ALMA","HY0446A1",30067,5002,"2024-02-07","2024-03-07","USD",93.00,90,"3XS:10|2XS:20|XS:20|S:10|M:10|L:10|XL:10"
290447,"2024-02-07 08:39:53.45","#HY0447",50.00,68.00,93.00,120.90,"2024-02-07","134720503","PO",4,,,,"","ALMA","HY0447A0",30068,6002,"2024-02-07","2024-03-07","USD",93.00,90,"3XS:10|2XS:20|XS:20|S:10|M:10|L:10|XL:10"
290448,"2024-02-07 08:39:53.45","#HY0448",50.00,68.00,93.00,120.90,"2024-02-07","134720503","PO",4,,,,"","ALMA","HY0448A1",30069,8002,"2024-02-07","2024-03-07","USD",93.00,90,"3XS:10|2XS:20|XS:20|S:10|M:10|L:10|XL:10"
290449,"2024-02-07 08:39:53.45","#HY0449",50.00,68.00,93.00,120.90,"2024-02-07","134720569","PO",4,,,,"","ALMA","HY0449A1",30025,1002,"2024-02-07","2024-03-07","USD",93.00,90,"3XS:10|2XS:20|XS:20|S:10|M:10|L:10|XL:10"
290450,"2024-02-07 08:39:53.45","#HY0450",50.00,68.00,93.00,120.90,"2024-02-07","134720569","PO",4,,,,"","ALMA","HY0450A0",30026,1016,"2024-02-07","2024-03-07","USD",93.00,90,"3XS:10|2XS:20|XS:20|S:10|M:10|L:10|XL:10"
290451,"2024-02-07 08:39:53.45","#HY0451",50.00,68.00,93.00,120.90,"2024-02-07","134720569","PO",4,,,,"","ALMA","HY0451A1",30027,3002,"2024-02-07","2024-03-07","USD",93.00,90,"3XS:10|2XS:20|XS:20|S:10|M:10|L:10|XL:10"
290452,"2024-02-07 08:39:53.45","#HY0452",50.00,68.00,93.00,120.90,"2024-02-07","134720569","PO",4,,,,"","ALMA","HY0452A0",30066,4002,"2024-02-07","2024-03-07","USD",93.00,90,"3XS:10|2XS:20|XS:20|S:10|M:10|L:10|XL:10"
290453,"2024-02-07 08:39:53.45","#HY0453",50.00,68.00,93.00,120.90,"2024-02-07","134720569","PO",4,,,,"","ALMA","HY0453A1",30067,5002,"2024-02-07","2024-03-07","USD",93.00,90,"3XS:10|2XS:20|XS:20|S:10|M:10|L:10|XL:10"
290454,"2024-02-07 08:39:53.45","#HY0454",50.00,68.00,93.00,120.90,"2024-02-07","134720569","PO",4,,,,"","ALMA","HY0454A0",30068,6002,"2024-02-07","2024-03-07","USD",93.00,90,"3XS:10|2XS:20|XS:20|S:10|M:10|L:10|XL:10"
290455,"2024-02-07 08:39:53.45","#HY0455",50.00,68.00,93.00,120.90,"2024-02-07","134720569","PO",4,,,,"","ALMA","HY0455A1",30069,8002,"2024-02-07","2024-03-07","USD",93.00,90,"3XS:10|2XS:20|XS:20|S:10|M:10|L:10|XL:10"
290456,"2024-02-07 08:39:53.45","#HY0456",50.00,68.00,93.00,120.90,"2024-02-07","134720704","PO",4,,,,"","ALMA","HY0456A1",30025,1002,"2024-02-07","2024-03-07","USD",93.00,90,"3XS:10|2XS:20|XS:20|S:10|M:10|L:10|XL:10"
290457,"2024-02-07 08:39:53.45","#HY0457",50.00,68.00,93.00,120.90,"2024-02-07","134720704","PO",4,,,,"","ALMA","HY0457A0",30026,1016,"2024-02-07","2024-03-07","USD",93.00,90,"3XS:10|2XS:20|XS:20|S:10|M:10|L:10|XL:10"
290458,"2024-02-07 08:39:53.45","#HY0458",50.00,68.00,93.00,120.90,"2024-02-07","134720704","PO",4,,,,"","ALMA","HY0458A1",30027,3002,"2024-02-07","2024-03-07","USD",93.00,90,"3XS:10|2XS:20|XS:20|S:10|M:10|L:10|XL:10"
290459,"2024-02-07 08:39:53.45","#HY0459",50.00,68.00,93.00,120.90,"2024-02-07","134720704","PO",4,,,,"","ALMA","HY0459A0",30066,4002,"2024-02-07","2024-03-07","USD",93.00,90,"3XS:10|2XS:20|XS:20|S:10|M:10|L:10|XL:10"
290460,"2024-02-07 08:39:53.45","#HY0460",50.00,68.00,93.00,120.90,"2024-02-07","134720704","PO",4,,,,"","ALMA","HY0460A1",30067,5002,"2024-02-07","2024-03-07","USD",93.00,90,"3XS:10|2XS:20|XS:20|S:10|M:10|L:10|XL:10"
290461,"2024-02-07 08:39:53.45","#HY0461",50.00,68.00,93.00,120.90,"2024-02-07","134720704","PO",4,,,,"","ALMA","HY0461A0",30068,6002,"2024-02-07","2024-03-07","USD",93.00,90,"3XS:10|2XS:20|XS:20|S:10|M:10|L:10|XL:10"
290462,"2024-02-07 08:39:53.45","#HY0462",50.00,68.00,93.00,120.90,"2024-02-07","134720704","PO",4,,,,"","ALMA","HY0462A1",30069,8002,"2024-02-07","2024-03-07","USD",93.00,90,"3XS:10|2XS:20|XS:20|S:10|M:10|L:10|XL:10"
290463,"2024-02-07 08:39:53.45","#HY0463",50.00,68.00,93.00,120.90,"2024-02-07","134720761","PO",4,,,,"","ALMA","HY0463A1",30025,1002,"2024-02-07","2024-03-07","USD",93.00,90,"3XS:10|2XS:20|XS:20|S:10|M:10|L:10|XL:10"
290464,"2024-02-07 08:39:53.45","#HY0464",50.00,68.00,93.00,120.90,"2024-02-07","134720761","PO",4,,,,"","ALMA","HY0464A0",30026,1016,"2024-02-07","2024-03-07","USD",93.00,90,"3XS:10|2XS:20|XS:20|S:10|M:10|L:10|XL:10"
290465,"2024-02-07 08:39:53.45","#HY0465",50.00,68.00,93.00,120.90,"2024-02-07","134720761","PO",4,,,,"","ALMA","HY0465A1",30027,3002,"2024-02-07","2024-03-07","USD",93.00,90,"3XS:10|2XS:20|XS:20|S:10|M:10|L:10|XL:10"
290466,"2024-02-07 08:39:53.45","#HY0466",50.00,68.00,93.00,120.90,"2024-02-07","134720761","PO",4,,,,"","ALMA","HY0466A0",30066,4002,"2024-02-07","2024-03-07","USD",93.00,90,"3XS:10|2XS:20|XS:20|S:10|M:10|L:10|XL:10"
290467,"2024-02-07 08:39:53.45","#HY0467",50.00,68.00,93.00,120.90,"2024-02-07","134720761","PO",4,,,,"","ALMA","HY0467A1",30067,5002,"2024-02-07","2024-03-07","USD",93.00,90,"3XS:10|2XS:20|XS:20|S:10|M:10|L:10|XL:10"
290468,"2024-02-07 08:39:53.45","#HY0468",50.00,68.00,93.00,120.90,"2024-02-07","134720761","PO",4,,,,"","ALMA","HY0468A0",30068,6002,"2024-02-07","2024-03-07","USD",93.00,90,"3XS:10|2XS:20|XS:20|S:10|M:10|L:10|XL:10"
290469,"2024-02-07 08:39:53.45","#HY0469",50.00,68.00,93.00,120.90,"2024-02-07","134720761","PO",4,,,,"","ALMA","HY0469A1",30069,8002,"2024-02-07","2024-03-07","USD",93.00,90,"3XS:10|2XS:20|XS:20|S:10|M:10|L:10|XL:10"
290470,"2024-02-07 08:39:53.45","#HY0470",50.00,68.00,93.00,120.90,"2024-02-07","134720889","PO",4,,,,"","ALMA","HY0470A1",30025,1002,"2024-02-07","2024-03-07","USD",93.00,90,"3XS:10|2XS:20|XS:20|S:10|M:10|L:10|XL:10"
290471,"2024-02-07 08:39:53.45","#HY0471",50.00,68.00,93.00,120.90,"2024-02-07","134720889","PO",4,,,,"","ALMA","HY0471A0",30026,1016,"2024-02-07","2024-03-07","USD",93.00,90,"3XS:10|2XS:20|XS:20|S:10|M:10|L:10|XL:10"
290472,"2024-02-07 08:39:53.45","#HY0472",50.00,68.00,93.00,120.90,"2024-02-07","134720889","PO",4,,,,"","ALMA","HY0472A1",30027,3002,"2024-02-07","2024-03-07","USD",93.00,90,"3XS:10|2XS:20|XS:20|S:10|M:10|L:10|XL:10"
290473,"2024-02-07 08:39:53.45","#HY0473",50.00,68.00,93.00,120.90,"2024-02-07","134720889","PO",4,,,,"","ALMA","HY0473A0",30066,4002,"2024-02-07","2024-03-07","USD",93.00,90,"3XS:10|2XS:20|XS:20|S:10|M:10|L:10|XL:10"
290474,"2024-02-07 08:39:53.45","#HY0474",50.00,68.00,93.00,120.90,"2024-02-07","134720889","PO",4,,,,"","ALMA","HY0474A1",30067,5002,"2024-02-07","2024-03-07","USD",93.00,90,"3XS:10|2XS:20|XS:20|S:10|M:10|L:10|XL:10"
290475,"2024-02-07 08:39:53.45","#HY0475",50.00,68.00,93.00,120.90,"2024-02-07","134720889","PO",4,,,,"","ALMA","HY0475A0",30068,6002,"2024-02-07","2024-03-07","USD",93.00,90,"3XS:10|2XS:20|XS:20|S:10|M:10|L:10|XL:10"
290476,"2024-02-07 08:39:53.45","#HY0476",50.00,68.00,93.00,120.90,"2024-02-07","134720889","PO",4,,,,"","ALMA","HY0476A1",30069,8002,"2024-02-07","2024-03-07","USD",93.00,90,"3XS:10|2XS:20|XS:20|S:10|M:10|L:10|XL:10"
290477,"2024-02-07 08:39:53.45","#HY0477",50.00,68.00,93.00,120.90,"2024-02-07","134720968","PO",4,,,,"","ALMA","HY0477A1",30025,1002,"2024-02-07","2024-03-07","USD",93.00,90,"3XS:10|2XS:20|XS:20|S:10|M:10|L:10|XL:10"
290478,"2024-02-07 08:39:53.45","#HY0478",50.00,68.00,93.00,120.90,"2024-02-07","134720968","PO",4,,,,"","ALMA","HY0478A0",30026,1016,"2024-02-07","2024-03-07","USD",93.00,90,"3XS:10|2XS:20|XS:20|S:10|M:10|L:10|XL:10"
290479,"2024-02-07 08:39:53.45","#HY0479",50.00,68.00,93.00,120.90,"2024-02-07","134720968","PO",4,,,,"","ALMA","HY0479A1",30027,3002,"2024-02-07","2024-03-07","USD",93.00,90,"3XS:10|2XS:20|XS:20|S:10|M:10|L:10|XL:10"
290480,"2024-02-07 08:39:53.45","#HY0480",50.00,68.00,93.00,120.90,"2024-02-07","134720968","PO",4,,,,"","ALMA","HY0480A0",30066,4002,"2024-02-07","2024-03-07","USD",93.00,90,"3XS:10|2XS:20|XS:20|S:10|M:10|L:10|XL:10"
290481,"2024-02-07 08:39:53.45","#HY0481",50.00,68.00,93.00,120.90,"2024-02-07","134720968","PO",4,,,,"","ALMA","HY0481A1",30067,5002,"2024-02-07","2024-03-07","USD",93.00,90,"3XS:10|2XS:20|XS:20|S:10|M:10|L:10|XL:10"
290482,"2024-02-07 08:39:53.45","#HY0482",50.00,68.00,93.00,120.90,"2024-02-07","134720968","PO",4,,,,"","ALMA","HY0482A0",30068,6002,"2024-02-07","2024-03-07","USD",93.00,90,"3XS:10|2XS:20|XS:20|S:10|M:10|L:10|XL:10"
290483,"2024-02-07 08:39:53.45","#HY0483",50.00,68.00,93.00,120.90,"2024-02-07","134720968","PO",4,,,,"","ALMA","HY0483A1",30069,8002,"2024-02-07","2024-03-07","USD",93.00,90,"3XS:10|2XS:20|XS:20|S:10|M:10|L:10|XL:10"
290484,"2024-02-07 08:39:53.45","#HY0484",50.00,68.00,93.00,120.90,"2024-02-07","134721090","PO",4,,,,"","ALMA","HY0484A1",30025,1002,"2024-02-07","2024-03-07","USD",93.00,90,"3XS:10|2XS:20|XS:20|S:10|M:10|L:10|XL:10"
290485,"2024-02-07 08:39:53.45","#HY0485",50.00,68.00,93.00,120.90,"2024-02-07","134721090","PO",4,,,,"","ALMA","HY0485A0",30026,1016,"2024-02-07","2024-03-07","USD",93.00,90,"3XS:10|2XS:20|XS:20|S:10|M:10|L:10|XL:10"
290486,"2024-02-07 08:39:53.45","#HY0486",50.00,68.00,93.00,120.90,"2024-02-07","134721090","PO",4,,,,"","ALMA","HY0486A1",30027,3002,"2024-02-07","2024-03-07","USD",93.00,90,"3XS:10|2XS:20|XS:20|S:10|M:10|L:10|XL:10"
290487,"2024-02-07 08:39:53.45","#HY0487",50.00,68.00,93.00,120.90,"2024-02-07","134721090","PO",4,,,,"","ALMA","HY0487A0",30066,4002,"2024-02-07","2024-03-07","USD",93.00,90,"3XS:10|2XS:20|XS:20|S:10|M:10|L:10|XL:10"
290488,"2024-02-07 08:39:53.45","#HY0488",50.00,68.00,93.00,120.90,"2024-02-07","134721090","PO",4,,,,"","ALMA","HY0488A1",30067,5002,"2024-02-07","2024-03-07","USD",93.00,90,"3XS:10|2XS:20|XS:20|S:10|M:10|L:10|XL:10"
290489,"2024-02-07 08:39:53.45","#HY0489",50.00,68.00,93.00,120.90,"2024-02-07","134721090","PO",4,,,,"","ALMA","HY0489A0",30068,6002,"2024-02-07","2024-03-07","USD",93.00,90,"3XS:10|2XS:20|XS:20|S:10|M:10|L:10|XL:10"
290490,"2024-02-07 08:39:53.45","#HY0490",50.00,68.00,93.00,120.90,"2024-02-07","134721090","PO",4,,,,"","ALMA","HY0490A1",30069,8002,"2024-02-07","2024-03-07","USD",93.00,90,"3XS:10|2XS:20|XS:20|S:10|M:10|L:10|XL:10"
290491,"2024-02-07 08:39:53.45","#HY0491",50.00,68.00,93.00,120.90,"2024-02-07","134721168","PO",4,,,,"","ALMA","HY0491A1",30025,1002,"2024-02-07","2024-03-07","USD",93.00,90,"3XS:10|2XS:20|XS:20|S:10|M:10|L:10|XL:10"
290492,"2024-02-07 08:39:53.45","#HY0492",50.00,68.00,93.00,120.90,"2024-02-07","134721168","PO",4,,,,"","ALMA","HY0492A0",30026,1016,"2024-02-07","2024-03-07","USD",93.00,90,"3XS:10|2XS:20|XS:20|S:10|M:10|L:10|XL:10"
290493,"2024-02-07 08:39:53.45","#HY0493",50.00,68.00,93.00,120.90,"2024-02-07","134721168","PO",4,,,,"","ALMA","HY0493A1",30027,3002,"2024-02-07","2024-03-07","USD",93.00,90,"3XS:10|2XS:20|XS:20|S:10|M:10|L:10|XL:10"
290494,"2024-02-07 08:39:53.45","#HY0494",50.00,68.00,93.00,120.90,"2024-02-07","134721168","PO",4,,,,"","ALMA","HY0494A0",30066,4002,"2024-02-07","2024-03-07","USD",93.00,90,"3XS:10|2XS:20|XS:20|S:10|M:10|L:10|XL:10"
290495,"2024-02-07 08:39:53.45","#HY0495",50.00,68.00,93.00,120.90,"2024-02-07","134721168","PO",4,,,,"","ALMA","HY0495A1",30067,5002,"2024-02-07","2024-03-07","USD",93.00,90,"3XS:10|2XS:20|XS:20|S:10|M:10|L:10|XL:10"
290496,"2024-02-07 08:39:53.45","#HY0496",50.00,68.00,93.00,120.90,"2024-02-07","134721168","PO",4,,,,"","ALMA","HY0496A0",30068,6002,"2024-02-07","2024-03-07","USD",93.00,90,"3XS:10|2XS:20|XS:20|S:10|M:10|L:10|XL:10"
290497,"2024-02-07 08:39:53.45","#HY0497",50.00,68.00,93.00,120.90,"2024-02-07","134721168","PO",4,,,,"","ALMA","HY0497A1",30069,8002,"2024-02-07","2024-03-07","USD",93.00,90,"3XS:10|2XS:20|XS:20|S:10|M:10|L:10|XL:10"
290498,"2024-02-07 08:39:53.45","#HY0498",50.00,68.00,93.00,120.90,"2024-02-07","134721297","PO",4,,,,"","ALMA","HY0498A1",30025,1002,"2024-02-07","2024-03-07","USD",93.00,90,"3XS:10|2XS:20|XS:20|S:10|M:10|L:10|XL:10"
290499,"2024-02-07 08:39:53.45","#HY0499",50.00,68.00,93.00,120.90,"2024-02-07","134721297","PO",4,,,,"","ALMA","HY0499A0",30026,1016,"2024-02-07","2024-03-07","USD",93.00,90,"3XS:10|2XS:20|XS:20|S:10|M:10|L:10|XL:10"
290500,"2024-02-07 08:39:53.45","#HY0500",50.00,68.00,93.00,120.90,"2024-02-07","134721297","PO",4,,,,"","ALMA","HY0500A1",30027,3002,"2024-02-07","2024-03-07","USD",93.00,90,"3XS:10|2XS:20|XS:20|S:10|M:10|L:10|XL:10"
290501,"2024-02-07 08:39:53.45","#HY0501",50.00,68.00,93.00,120.90,"2024-02-07","134721297","PO",4,,,,"","ALMA","HY0501A0",30066,4002,"2024-02-07","2024-03-07","USD",93.00,90,"3XS:10|2XS:20|XS:20|S:10|M:10|L:10|XL:10"
290502,"2024-02-07 08:39:53.45","#HY0502",50.00,68.00,93.00,120.90,"2024-02-07","134721297","PO",4,,,,"","ALMA","HY0502A1",30067,5002,"2024-02-07","2024-03-07","USD",93.00,90,"3XS:10|2XS:20|XS:20|S:10|M:10|L:10|XL:10"
290503,"2024-02-07 08:39:53.45","#HY0503",50.00,68.00,93.00,120.90,"2024-02-07","134721297","PO",4,,,,"","ALMA","HY0503A0",30068,6002,"2024-02-07","2024-03-07","USD",93.00,90,"3XS:10|2XS:20|XS:20|S:10|M:10|L:10|XL:10"
290504,"2024-02-07 08:39:53.45","#HY0504",50.00,68.00,93.00,120.90,"2024-02-07","134721297","PO",4,,,,"","ALMA","HY0504A1",30069,8002,"2024-02-07","2024-03-07","USD",93.00,90,"3XS:10|2XS:20|XS:20|S:10|M:10|L:10|XL:10"
290505,"2024-02-07 08:39:53.45","#HY0505",50.00,68.00,93.00,120.90,"2024-02-07","134721368","PO",4,,,,"","ALMA","HY0505A1",30025,1002,"2024-02-07","2024-03-07","USD",93.00,90,"3XS:10|2XS:20|XS:20|S:10|M:10|L:10|XL:10"
290506,"2024-02-07 08:39:53.45","#HY0506",50.00,68.00,93.00,120.90,"2024-02-07","134721368","PO",4,,,,"","ALMA","HY0506A0",30026,1016,"2024-02-07","2024-03-07","USD",93.00,90,"3XS:10|2XS:20|XS:20|S:10|M:10|L:10|XL:10"
290507,"2024-02-07 08:39:53.45","#HY0507",50.00,68.00,93.00,120.90,"2024-02-07","134721368","PO",4,,,,"","ALMA","HY0507A1",30027,3002,"2024-02-07","2024-03-07","USD",93.00,90,"3XS:10|2XS:20|XS:20|S:10|M:10|L:10|XL:10"
290508,"2024-02-07 08:39:53.45","#HY0508",50.00,68.00,93.00,120.90,"2024-02-07","134721368","PO",4,,,,"","ALMA","HY0508A0",30066,4002,"2024-02-07","2024-03-07","USD",93.00,90,"3XS:10|2XS:20|XS:20|S:10|M:10|L:10|XL:10"
290509,"2024-02-07 08:39:53.45","#HY0509",50.00,68.00,93.00,120.90,"2024-02-07","134721368","PO",4,,,,"","ALMA","HY0509A1",30067,5002,"2024-02-07","2024-03-07","USD",93.00,90,"3XS:10|2XS:20|XS:20|S:10|M:10|L:10|XL:10"
290510,"2024-02-07 08:39:53.45","#HY0510",50.00,68.00,93.00,120.90,"2024-02-07","134721368","PO",4,,,,"","ALMA","HY0510A0",30068,6002,"2024-02-07","2024-03-07","USD",93.00,90,"3XS:10|2XS:20|XS:20|S:10|M:10|L:10|XL:10"
290511,"2024-02-07 08:39:53.45","#HY0511",50.00,68.00,93.00,120.90,"2024-02-07","134721368","PO",4,,,,"","ALMA","HY0511A1",30069,8002,"2024-02-07","2024-03-07","USD",93.00,90,"3XS:10|2XS:20|XS:20|S:10|M:10|L:10|XL:10"
290512,"2024-02-07 08:39:53.45","#HY0512",50.00,68.00,93.00,120.90,"2024-02-07","134721489","PO",4,,,,"","ALMA","HY0512A1",30025,1002,"2024-02-07","2024-03-07","USD",93.00,90,"3XS:10|2XS:20|XS:20|S:10|M:10|L:10|XL:10"
290513,"2024-02-07 08:39:53.45","#HY0513",50.00,68.00,93.00,120.90,"2024-02-07","134721489","PO",4,,,,"","ALMA","HY0513A0",30026,1016,"2024-02-07","2024-03-07","USD",93.00,90,"3XS:10|2XS:20|XS:20|S:10|M:10|L:10|XL:10"
290514,"2024-02-07 08:39:53.45","#HY0514",50.00,68.00,93.00,120.90,"2024-02-07","134721489","PO",4,,,,"","ALMA","HY0514A1",30027,3002,"2024-02-07","2024-03-07","USD",93.00,90,"3XS:10|2XS:20|XS:20|S:10|M:10|L:10|XL:10"
290515,"2024-02-07 08:39:53.45","#HY0515",50.00,68.00,93.00,120.90,"2024-02-07","134721489","PO",4,,,,"","ALMA","HY0515A0",30066,4002,"2024-02-07","2024-03-07","USD",93.00,90,"3XS:10|2XS:20|XS:20|S:10|M:10|L:10|XL:10"
290516,"2024-02-07 08:39:53.45","#HY0516",50.00,68.00,93.00,120.90,"2024-02-07","134721489","PO",4,,,,"","ALMA","HY0516A1",30067,5002,"2024-02-07","2024-03-07","USD",93.00,90,"3XS:10|2XS:20|XS:20|S:10|M:10|L:10|XL:10"
290517,"2024-02-07 08:39:53.45","#HY0517",50.00,68.00,93.00,120.90,"2024-02-07","134721489","PO",4,,,,"","ALMA","HY0517A0",30068,6002,"2024-02-07","2024-03-07","USD",93.00,90,"3XS:10|2XS:20|XS:20|S:10|M:10|L:10|XL:10"
290518,"2024-02-07 08:39:53.45","#HY0518",50.00,68.00,93.00,120.90,"2024-02-07","134721489","PO",4,,,,"","ALMA","HY0518A1",30069,8002,"2024-02-07","2024-03-07","USD",93.00,90,"3XS:10|2XS:20|XS:20|S:10|M:10|L:10|XL:10"
290519,"2024-02-07 08:39:53.45","#HY0519",50.00,68.00,93.00,120.90,"2024-02-07","134721594","PO",4,,,,"","ALMA","HY0519A1",30025,1002,"2024-02-07","2024-03-07","USD",93.00,90,"3XS:10|2XS:20|XS:20|S:10|M:10|L:10|XL:10"
290520,"2024-02-07 08:39:53.45","#HY0520",50.00,68.00,93.00,120.90,"2024-02-07","134721594","PO",4,,,,"","ALMA","HY0520A0",30026,1016,"2024-02-07","2024-03-07","USD",93.00,90,"3XS:10|2XS:20|XS:20|S:10|M:10|L:10|XL:10"
290521,"2024-02-07 08:39:53.45","#HY0521",50.00,68.00,93.00,120.90,"2024-02-07","134721594","PO",4,,,,"","ALMA","HY0521A1",30027,3002,"2024-02-07","2024-03-07","USD",93.00,90,"3XS:10|2XS:20|XS:20|S:10|M:10|L:10|XL:10"
290522,"2024-02-07 08:39:53.45","#HY0522",50.00,68.00,93.00,120.90,"2024-02-07","134721594","PO",4,,,,"","ALMA","HY0522A0",30066,4002,"2024-02-07","2024-03-07","USD",93.00,90,"3XS:10|2XS:20|XS:20|S:10|M:10|L:10|XL:10"
290523,"2024-02-07 08:39:53.45","#HY0523",50.00,68.00,93.00,120.90,"2024-02-07","134721594","PO",4,,,,"","ALMA","HY0523A1",30067,5002,"2024-02-07","2024-03-07","USD",93.00,90,"3XS:10|2XS:20|XS:20|S:10|M:10|L:10|XL:10"
290524,"2024-02-07 08:39:53.45","#HY0524",50.00,68.00,93.00,120.90,"2024-02-07","134721594","PO",4,,,,"","ALMA","HY0524A0",30068,6002,"2024-02-07","2024-03-07","USD",93.00,90,"3XS:10|2XS:20|XS:20|S:10|M:10|L:10|XL:10"
290525,"2024-02-07 08:39:53.45","#HY0525",50.00,68.00,93.00,120.90,"2024-02-07","134721594","PO",4,,,,"","ALMA","HY0525A1",30069,8002,"2024-02-07","2024-03-07","USD",93.00,90,"3XS:10|2XS:20|XS:20|S:10|M:10|L:10|XL:10"
290526,"2024-02-07 08:39:53.45","#HY0526",50.00,68.00,93.00,120.90,"2024-02-07","134721696","PO",4,,,,"","ALMA","HY0526A1",30025,1002,"2024-02-07","2024-03-07","USD",93.00,90,"3XS:10|2XS:20|XS:20|S:10|M:10|L:10|XL:10"
290527,"2024-02-07 08:39:53.45","#HY0527",50.00,68.00,93.00,120.90,"2024-02-07","134721696","PO",4,,,,"","ALMA","HY0527A0",30026,1016,"2024-02-07","2024-03-07","USD",93.00,90,"3XS:10|2XS:20|XS:20|S:10|M:10|L:10|XL:10"
290528,"2024-02-07 08:39:53.45","#HY0528",50.00,68.00,93.00,120.90,"2024-02-07","134721696","PO",4,,,,"","ALMA","HY0528A1",30027,3002,"2024-02-07","2024-03-07","USD",93.00,90,"3XS:10|2XS:20|XS:20|S:10|M:10|L:10|XL:10"
290529,"2024-02-07 08:39:53.45","#HY0529",50.00,68.00,93.00,120.90,"2024-02-07","134721696","PO",4,,,,"","ALMA","HY0529A0",30066,4002,"2024-02-07","2024-03-07","USD",93.00,90,"3XS:10|2XS:20|XS:20|S:10|M:10|L:10|XL:10"
290530,"2024-02-07 08:39:53.45","#HY0530",50.00,68.00,93.00,120.90,"2024-02-07","134721696","PO",4,,,,"","ALMA","HY0530A1",30067,5002,"2024-02-07","2024-03-07","USD",93.00,90,"3XS:10|2XS:20|XS:20|S:10|M:10|L:10|XL:10"
290531,"2024-02-07 08:39:53.45","#HY0531",50.00,68.00,93.00,120.90,"2024-02-07","134721696","PO",4,,,,"","ALMA","HY0531A0",30068,6002,"2024-02-07","2024-03-07","USD",93.00,90,"3XS:10|2XS:20|XS:20|S:10|M:10|L:10|XL:10"
290532,"2024-02-07 08:39:53.45","#HY0532",50.00,68.00,93.00,120.90,"2024-02-07","134721696","PO",4,,,,"","ALMA","HY0532A1",30069,8002,"2024-02-07","2024-03-07","USD",93.00,90,"3XS:10|2XS:20|XS:20|S:10|M:10|L:10|XL:10"
290533,"2024-02-07 08:39:53.45","#HY0533",50.00,68.00,93.00,120.90,"2024-02-07","134721841","PO",4,,,,"","ALMA","HY0533A1",30025,1002,"2024-02-07","2024-03-07","USD",93.00,90,"3XS:10|2XS:20|XS:20|S:10|M:10|L:10|XL:10"
290534,"2024-02-07 08:39:53.45","#HY0534",50.00,68.00,93.00,120.90,"2024-02-07","134721841","PO",4,,,,"","ALMA","HY0534A0",30026,1016,"2024-02-07","2024-03-07","USD",93.00,90,"3XS:10|2XS:20|XS:20|S:10|M:10|L:10|XL:10"
290535,"2024-02-07 08:39:53.45","#HY0535",50.00,68.00,93.00,120.90,"2024-02-07","134721841","PO",4,,,,"","ALMA","HY0535A1",30027,3002,"2024-02-07","2024-03-07","USD",93.00,90,"3XS:10|2XS:20|XS:20|S:10|M:10|L:10|XL:10"
290536,"2024-02-07 08:39:53.45","#HY0536",50.00,68.00,93.00,120.90,"2024-02-07","134721841","PO",4,,,,"","ALMA","HY0536A0",30066,4002,"2024-02-07","2024-03-07","USD",93.00,90,"3XS:10|2XS:20|XS:20|S:10|M:10|L:10|XL:10"
290537,"2024-02-07 08:39:53.45","#HY0537",50.00,68.00,93.00,120.90,"2024-02-07","134721841","PO",4,,,,"","ALMA","HY0537A1",30067,5002,"2024-02-07","2024-03-07","USD",93.00,90,"3XS:10|2XS:20|XS:20|S:10|M:10|L:10|XL:10"
290538,"2024-02-07 08:39:53.45","#HY0538",50.00,68.00,93.00,120.90,"2024-02-07","134721841","PO",4,,,,"","ALMA","HY0538A0",30068,6002,"2024-02-07","2024-03-07","USD",93.00,90,"3XS:10|2XS:20|XS:20|S:10|M:10|L:10|XL:10"
290539,"2024-02-07 08:39:53.45","#HY0539",50.00,68.00,93.00,120.90,"2024-02-07","134721841","PO",4,,,,"","ALMA","HY0539A1",30069,8002,"2024-02-07","2024-03-07","USD",93.00,90,"3XS:10|2XS:20|XS:20|S:10|M:10|L:10|XL:10"
290540,"2024-02-07 08:39:53.45","#HY0540",50.00,68.00,93.00,120.90,"2024-02-07","134721895","PO",4,,,,"","ALMA","HY0540A1",30025,1002,"2024-02-07","2024-03-07","USD",93.00,90,"3XS:10|2XS:20|XS:20|S:10|M:10|L:10|XL:10"
290541,"2024-02-07 08:39:53.45","#HY0541",50.00,68.00,93.00,120.90,"2024-02-07","134721895","PO",4,,,,"","ALMA","HY0541A0",30026,1016,"2024-02-07","2024-03-07","USD",93.00,90,"3XS:10|2XS:20|XS:20|S:10|M:10|L:10|XL:10"
290542,"2024-02-07 08:39:53.45","#HY0542",50.00,68.00,93.00,120.90,"2024-02-07","134721895","PO",4,,,,"","ALMA","HY0542A1",30027,3002,"2024-02-07","2024-03-07","USD",93.00,90,"3XS:10|2XS:20|XS:20|S:10|M:10|L:10|XL:10"
290543,"2024-02-07 08:39:53.45","#HY0543",50.00,68.00,93.00,120.90,"2024-02-07","134721895","PO",4,,,,"","ALMA","HY0543A0",30066,4002,"2024-02-07","2024-03-07","USD",93.00,90,"3XS:10|2XS:20|XS:20|S:10|M:10|L:10|XL:10"
290544,"2024-02-07 08:39:53.45","#HY0544",50.00,68.00,93.00,120.90,"2024-02-07","134721895","PO",4,,,,"","ALMA","HY0544A1",30067,5002,"2024-02-07","2024-03-07","USD",93.00,90,"3XS:10|2XS:20|XS:20|S:10|M:10|L:10|XL:10"
290545,"2024-02-07 08:39:53.45","#HY0545",50.00,68.00,93.00,120.90,"2024-02-07","134721895","PO",4,,,,"","ALMA","HY0545A0",30068,6002,"2024-02-07","2024-03-07","USD",93.00,90,"3XS:10|2XS:20|XS:20|S:10|M:10|L:10|XL:10"
290546,"2024-02-07 08:39:53.45","#HY0546",50.00,68.00,93.00,120.90,"2024-02-07","134721895","PO",4,,,,"","ALMA","HY0546A1",30069,8002,"2024-02-07","2024-03-07","USD",93.00,90,"3XS:10|2XS:20|XS:20|S:10|M:10|L:10|XL:10"
290547,"2024-02-07 08:39:53.45","#HY0547",50.00,68.00,93.00,120.90,"2024-02-07","134722050","PO",4,,,,"","ALMA","HY0547A1",30025,1002,"2024-02-07","2024-03-07","USD",93.00,90,"3XS:10|2XS:20|XS:20|S:10|M:10|L:10|XL:10"
290548,"2024-02-07 08:39:53.45","#HY0548",50.00,68.00,93.00,120.90,"2024-02-07","134722050","PO",4,,,,"","ALMA","HY0548A0",30026,1016,"2024-02-07","2024-03-07","USD",93.00,90,"3XS:10|2XS:20|XS:20|S:10|M:10|L:10|XL:10"
290549,"2024-02-07 08:39:53.45","#HY0549",50.00,68.00,93.00,120.90,"2024-02-07","134722050","PO",4,,,,"","ALMA","HY0549A1",30027,3002,"2024-02-07","2024-03-07","USD",93.00,90,"3XS:10|2XS:20|XS:20|S:10|M:10|L:10|XL:10"
290550,"2024-02-07 08:39:53.45","#HY0550",50.00,68.00,93.00,120.90,"2024-02-07","134722050","PO",4,,,,"","ALMA","HY0550A0",30066,4002,"2024-02-07","2024-03-07","USD",93.00,90,"3XS:10|2XS:20|XS:20|S:10|M:10|L:10|XL:10"
290551,"2024-02-07 08:39:53.45","#HY0551",50.00,68.00,93.00,120.90,"2024-02-07","134722050","PO",4,,,,"","ALMA","HY0551A1",30067,5002,"2024-02-07","2024-03-07","USD",93.00,90,"3XS:10|2XS:20|XS:20|S:10|M:10|L:10|XL:10"
290552,"2024-02-07 08:39:53.45","#HY0552",50.00,68.00,93.00,120.90,"2024-02-07","134722050","PO",4,,,,"","ALMA","HY0552A0",30068,6002,"2024-02-07","2024-03-07","USD",93.00,90,"3XS:10|2XS:20|XS:20|S:10|M:10|L:10|XL:10"
290553,"2024-02-07 08:39:53.45","#HY0553",50.00,68.00,93.00,120.90,"2024-02-07","134722050","PO",4,,,,"","ALMA","HY0553A1",30069,8002,"2024-02-07","2024-03-07","USD",93.00,90,"3XS:10|2XS:20|XS:20|S:10|M:10|L:10|XL:10"
290554,"2024-02-07 08:39:53.45","#HY0554",50.00,68.00,93.00,120.90,"2024-02-07","134722094","PO",4,,,,"","ALMA","HY0554A1",30025,1002,"2024-02-07","2024-03-07","USD",93.00,90,"3XS:10|2XS:20|XS:20|S:10|M:10|L:10|XL:10"
290555,"2024-02-07 08:39:53.45","#HY0555",50.00,68.00,93.00,120.90,"2024-02-07","134722094","PO",4,,,,"","ALMA","HY0555A0",30026,1016,"2024-02-07","2024-03-07","USD",93.00,90,"3XS:10|2XS:20|XS:20|S:10|M:10|L:10|XL:10"
290556,"2024-02-07 08:39:53.45","#HY0556",50.00,68.00,93.00,120.90,"2024-02-07","134722094","PO",4,,,,"","ALMA","HY0556A1",30027,3002,"2024-02-07","2024-03-07","USD",93.00,90,"3XS:10|2XS:20|XS:20|S:10|M:10|L:10|XL:10"
290557,"2024-02-07 08:39:53.45","#HY0557",50.00,68.00,93.00,120.90,"2024-02-07","134722094","PO",4,,,,"","ALMA","HY0557A0",30066,4002,"2024-02-07","2024-03-07","USD",93.00,90,"3XS:10|2XS:20|XS:20|S:10|M:10|L:10|XL:10"
290558,"2024-02-07 08:39:53.45","#HY0558",50.00,68.00,93.00,120.90,"2024-02-07","134722094","PO",4,,,,"","ALMA","HY0558A1",30067,5002,"2024-02-07","2024-03-07","USD",93.00,90,"3XS:10|2XS:20|XS:20|S:10|M:10|L:10|XL:10"
290559,"2024-02-07 08:39:53.45","#HY0559",50.00,68.00,93.00,120.90,"2024-02-07","134722094","PO",4,,,,"","ALMA","HY0559A0",30068,6002,"2024-02-07","2024-03-07","USD",93.00,90,"3XS:10|2XS:20|XS:20|S:10|M:10|L:10|XL:10"
290560,"2024-02-07 08:39:53.45","#HY0560",50.00,68.00,93.00,120.90,"2024-02-07","134722094","PO",4,,,,"","ALMA","HY0560A1",30069,8002,"2024-02-07","2024-03-07","USD",93.00,90,"3XS:10|2XS:20|XS:20|S:10|M:10|L:10|XL:10"
290561,"2024-02-07 08:39:53.45","#HY0561",50.00,68.00,93.00,120.90,"2024-02-07","134722242","PO",4,,,,"","ALMA","HY0561A1",30025,1002,"2024-02-07","2024-03-07","USD",93.00,90,"3XS:10|2XS:20|XS:20|S:10|M:10|L:10|XL:10"
290562,"2024-02-07 08:39:53.45","#HY0562",50.00,68.00,93.00,120.90,"2024-02-07","134722242","PO",4,,,,"","ALMA","HY0562A0",30026,1016,"2024-02-07","2024-03-07","USD",93.00,90,"3XS:10|2XS:20|XS:20|S:10|M:10|L:10|XL:10"
290563,"2024-02-07 08:39:53.45","#HY0563",50.00,68.00,93.00,120.90,"2024-02-07","134722242","PO",4,,,,"","ALMA","HY0563A1",30027,3002,"2024-02-07","2024-03-07","USD",93.00,90,"3XS:10|2XS:20|XS:20|S:10|M:10|L:10|XL:10"
290564,"2024-02-07 08:39:53.45","#HY0564",50.00,68.00,93.00,120.90,"2024-02-07","134722242","PO",4,,,,"","ALMA","HY0564A0",30066,4002,"2024-02-07","2024-03-07","USD",93.00,90,"3XS:10|2XS:20|XS:20|S:10|M:10|L:10|XL:10"
290565,"2024-02-07 08:39:53.45","#HY0565",50.00,68.00,93.00,120.90,"2024-02-07","134722242","PO",4,,,,"","ALMA","HY0565A1",30067,5002,"2024-02-07","2024-03-07","USD",93.00,90,"3XS:10|2XS:20|XS:20|S:10|M:10|L:10|XL:10"
290566,"2024-02-07 08:39:53.45","#HY0566",50.00,68.00,93.00,120.90,"2024-02-07","134722242","PO",4,,,,"","ALMA","HY0566A0",30068,6002,"2024-02-07","2024-03-07","USD",93.00,90,"3XS:10|2XS:20|XS:20|S:10|M:10|L:10|XL:10"
290567,"2024-02-07 08:39:53.45","#HY0567",50.00,68.00,93.00,120.90,"2024-02-07","134722242","PO",4,,,,"","ALMA","HY0567A1",30069,8002,"2024-02-07","2024-03-07","USD",93.00,90,"3XS:10|2XS:20|XS:20|S:10|M:10|L:10|XL:10"
290568,"2024-02-07 08:39:53.45","#HY0568",50.00,68.00,93.00,120.90,"2024-02-07","134722287","PO",4,,,,"","ALMA","HY0568A1",30025,1002,"2024-02-07","2024-03-07","USD",93.00,90,"3XS:10|2XS:20|XS:20|S:10|M:10|L:10|XL:10"
290569,"2024-02-07 08:39:53.45","#HY0569",50.00,68.00,93.00,120.90,"2024-02-07","134722287","PO",4,,,,"","ALMA","HY0569A0",30026,1016,"2024-02-07","2024-03-07","USD",93.00,90,"3XS:10|2XS:20|XS:20|S:10|M:10|L:10|XL:10"
290570,"2024-02-07 08:39:53.45","#HY0570",50.00,68.00,93.00,120.90,"2024-02-07","134722287","PO",4,,,,"","ALMA","HY0570A1",30027,3002,"2024-02-07","2024-03-07","USD",93.00,90,"3XS:10|2XS:20|XS:20|S:10|M:10|L:10|XL:10"
290571,"2024-02-07 08:39:53.45","#HY0571",50.00,68.00,93.00,120.90,"2024-02-07","134722287","PO",4,,,,"","ALMA","HY0571A0",30066,4002,"2024-02-07","2024-03-07","USD",93.00,90,"3XS:10|2XS:20|XS:20|S:10|M:10|L:10|XL:10"
290572,"2024-02-07 08:39:53.45","#HY0572",50.00,68.00,93.00,120.90,"2024-02-07","134722287","PO",4,,,,"","ALMA","HY0572A1",30067,5002,"2024-02-07","2024-03-07","USD",93.00,90,"3XS:10|2XS:20|XS:20|S:10|M:10|L:10|XL:10"
290573,"2024-02-07 08:39:53.45","#HY0573",50.00,68.00,93.00,120.90,"2024-02-07","134722287","PO",4,,,,"","ALMA","HY0573A0",30068,6002,"2024-02-07","2024-03-07","USD",93.00,90,"3XS:10|2XS:20|XS:20|S:10|M:10|L:10|XL:10"
290574,"2024-02-07 08:39:53.45","#HY0574",50.00,68.00,93.00,120.90,"2024-02-07","134722287","PO",4,,,,"","ALMA","HY0574A1",30069,8002,"2024-02-07","2024-03-07","USD",93.00,90,"3XS:10|2XS:20|XS:20|S:10|M:10|L:10|XL:10"
290575,"2024-02-07 08:39:53.45","#HY0575",50.00,68.00,93.00,120.90,"2024-02-07","134722456","PO",4,,,,"","ALMA","HY0575A1",30025,1002,"2024-02-07","2024-03-07","USD",93.00,90,"3XS:10|2XS:20|XS:20|S:10|M:10|L:10|XL:10"
290576,"2024-02-07 08:39:53.45","#HY0576",50.00,68.00,93.00,120.90,"2024-02-07","134722456","PO",4,,,,"","ALMA","HY0576A0",30026,1016,"2024-02-07","2024-03-07","USD",93.00,90,"3XS:10|2XS:20|XS:20|S:10|M:10|L:10|XL:10"
290577,"2024-02-07 08:39:53.45","#HY0577",50.00,68.00,93.00,120.90,"2024-02-07","134722456","PO",4,,,,"","ALMA","HY0577A1",30027,3002,"2024-02-07","2024-03-07","USD",93.00,90,"3XS:10|2XS:20|XS:20|S:10|M:10|L:10|XL:10"
290578,"2024-02-07 08:39:53.45","#HY0578",50.00,68.00,93.00,120.90,"2024-02-07","134722456","PO",4,,,,"","ALMA","HY0578A0",30066,4002,"2024-02-07","2024-03-07","USD",93.00,90,"3XS:10|2XS:20|XS:20|S:10|M:10|L:10|XL:10"
290579,"2024-02-07 08:39:53.45","#HY0579",50.00,68.00,93.00,120.90,"2024-02-07","134722456","PO",4,,,,"","ALMA","HY0579A1",30067,5002,"2024-02-07","2024-03-07","USD",93.00,90,"3XS:10|2XS:20|XS:20|S:10|M:10|L:10|XL:10"
290580,"2024-02-07 08:39:53.45","#HY0580",50.00,68.00,93.00,120.90,"2024-02-07","134722456","PO",4,,,,"","ALMA","HY0580A0",30068,6002,"2024-02-07","2024-03-07","USD",93.00,90,"3XS:10|2XS:20|XS:20|S:10|M:10|L:10|XL:10"
290581,"2024-02-07 08:39:53.45","#HY0581",50.00,68.00,93.00,120.90,"2024-02-07","134722456","PO",4,,,,"","ALMA","HY0581A1",30069,8002,"2024-02-07","2024-03-07","USD",93.00,90,"3XS:10|2XS:20|XS:20|S:10|M:10|L:10|XL:10"
290582,"2024-02-07 08:39:53.45","#HY0582",50.00,68.00,93.00,120.90,"2024-02-07","134722479","PO",4,,,,"","ALMA","HY0582A1",30025,1002,"2024-02-07","2024-03-07","USD",93.00,90,"3XS:10|2XS:20|XS:20|S:10|M:10|L:10|XL:10"
290583,"2024-02-07 08:39:53.45","#HY0583",50.00,68.00,93.00,120.90,"2024-02-07","134722479","PO",4,,,,"","ALMA","HY0583A0",30026,1016,"2024-02-07","2024-03-07","USD",93.00,90,"3XS:10|2XS:20|XS:20|S:10|M:10|L:10|XL:10"
290584,"2024-02-07 08:39:53.45","#HY0584",50.00,68.00,93.00,120.90,"2024-02-07","134722479","PO",4,,,,"","ALMA","HY0584A1",30027,3002,"2024-02-07","2024-03-07","USD",93.00,90,"3XS:10|2XS:20|XS:20|S:10|M:10|L:10|XL:10"
290585,"2024-02-07 08:39:53.45","#HY0585",50.00,68.00,93.00,120.90,"2024-02-07","134722479","PO",4,,,,"","ALMA","HY0585A0",30066,4002,"2024-02-07","2024-03-07","USD",93.00,90,"3XS:10|2XS:20|XS:20|S:10|M:10|L:10|XL:10"
290586,"2024-02-07 08:39:53.45","#HY0586",50.00,68.00,93.00,120.90,"2024-02-07","134722479","PO",4,,,,"","ALMA","HY0586A1",30067,5002,"2024-02-07","2024-03-07","USD",93.00,90,"3XS:10|2XS:20|XS:20|S:10|M:10|L:10|XL:10"
290587,"2024-02-07 08:39:53.45","#HY0587",50.00,68.00,93.00,120.90,"2024-02-07","134722479","PO",4,,,,"","ALMA","HY0587A0",30068,6002,"2024-02-07","2024-03-07","USD",93.00,90,"3XS:10|2XS:20|XS:20|S:10|M:10|L:10|XL:10"
290588,"2024-02-07 08:39:53.45","#HY0588",50.00,68.00,93.00,120.90,"2024-02-07","134722479","PO",4,,,,"","ALMA","HY0588A1",30069,8002,"2024-02-07","2024-03-07","USD",93.00,90,"3XS:10|2XS:20|XS:20|S:10|M:10|L:10|XL:10"
290589,"2024-02-07 08:39:53.45","#HY0589",50.00,68.00,93.00,120.90,"2024-02-07","134722531","PO",4,,,,"","ALMA","HY0589A1",30025,1002,"2024-02-07","2024-03-07","USD",93.00,90,"3XS:10|2XS:20|XS:20|S:10|M:10|L:10|XL:10"
290590,"2024-02-07 08:39:53.45","#HY0590",50.00,68.00,93.00,120.90,"2024-02-07","134722531","PO",4,,,,"","ALMA","HY0590A0",30026,1016,"2024-02-07","2024-03-07","USD",93.00,90,"3XS:10|2XS:20|XS:20|S:10|M:10|L:10|XL:10"
290591,"2024-02-07 08:39:53.45","#HY0591",50.00,68.00,93.00,120.90,"2024-02-07","134722531","PO",4,,,,"","ALMA","HY0591A1",30027,3002,"2024-02-07","2024-03-07","USD",93.00,90,"3XS:10|2XS:20|XS:20|S:10|M:10|L:10|XL:10"
290592,"2024-02-07 08:39:53.45","#HY0592",50.00,68.00,93.00,120.90,"2024-02-07","134722531","PO",4,,,,"","ALMA","HY0592A0",30066,4002,"2024-02-07","2024-03-07","USD",93.00,90,"3XS:10|2XS:20|XS:20|S:10|M:10|L:10|XL:10"
290593,"2024-02-07 08:39:53.45","#HY0593",50.00,68.00,93.00,120.90,"2024-02-07","134722531","PO",4,,,,"","ALMA","HY0593A1",30067,5002,"2024-02-07","2024-03-07","USD",93.00,90,"3XS:10|2XS:20|XS:20|S:10|M:10|L:10|XL:10"
290594,"2024-02-07 08:39:53.45","#HY0594",50.00,68.00,93.00,120.90,"2024-02-07","134722531","PO",4,,,,"","ALMA","HY0594A0",30068,6002,"2024-02-07","2024-03-07","USD",93.00,90,"3XS:10|2XS:20|XS:20|S:10|M:10|L:10|XL:10"
290595,"2024-02-07 08:39:53.45","#HY0595",50.00,68.00,93.00,120.90,"2024-02-07","134722531","PO",4,,,,"","ALMA","HY0595A1",30069,8002,"2024-02-07","2024-03-07","USD",93.00,90,"3XS:10|2XS:20|XS:20|S:10|M:10|L:10|XL:10"
290596,"2024-02-07 08:39:53.45","#HY0596",50.00,68.00,93.00,120.90,"2024-02-07","134722656","PO",4,,,,"","ALMA","HY0596A1",30025,1002,"2024-02-07","2024-03-07","USD",93.00,90,"3XS:10|2XS:20|XS:20|S:10|M:10|L:10|XL:10"
290597,"2024-02-07 08:39:53.45","#HY0597",50.00,68.00,93.00,120.90,"2024-02-07","134722656","PO",4,,,,"","ALMA","HY0597A0",30026,1016,"2024-02-07","2024-03-07","USD",93.00,90,"3XS:10|2XS:20|XS:20|S:10|M:10|L:10|XL:10"
290598,"2024-02-07 08:39:53.45","#HY0598",50.00,68.00,93.00,120.90,"2024-02-07","134722656","PO",4,,,,"","ALMA","HY0598A1",30027,3002,"2024-02-07","2024-03-07","USD",93.00,90,"3XS:10|2XS:20|XS:20|S:10|M:10|L:10|XL:10"
290599,"2024-02-07 08:39:53.45","#HY0599",50.00,68.00,93.00,120.90,"2024-02-07","134722656","PO",4,,,,"","ALMA","HY0599A0",30066,4002,"2024-02-07","2024-03-07","USD",93.00,90,"3XS:10|2XS:20|XS:20|S:10|M:10|L:10|XL:10"
290600,"2024-02-07 08:39:53.45","#HY0600",50.00,68.00,93.00,120.90,"2024-02-07","134722656","PO",4,,,,"","ALMA","HY0600A1",30067,5002,"2024-02-07","2024-03-07","USD",93.00,90,"3XS:10|2XS:20|XS:20|S:10|M:10|L:10|XL:10"
290601,"2024-02-07 08:39:53.45","#HY0601",50.00,68.00,93.00,120.90,"2024-02-07","134722656","PO",4,,,,"","ALMA","HY0601A0",30068,6002,"2024-02-07","2024-03-07","USD",93.00,90,"3XS:10|2XS:20|XS:20|S:10|M:10|L:10|XL:10"
290602,"2024-02-07 08:39:53.45","#HY0602",50.00,68.00,93.00,120.90,"2024-02-07","134722656","PO",4,,,,"","ALMA","HY0602A1",30069,8002,"2024-02-07","2024-03-07","USD",93.00,90,"3XS:10|2XS:20|XS:20|S:10|M:10|L:10|XL:10"
290603,"2024-02-07 08:39:53.45","#HY0603",50.00,68.00,93.00,120.90,"2024-02-07","134722678","PO",4,,,,"","ALMA","HY0603A1",30025,1002,"2024-02-07","2024-03-07","USD",93.00,90,"3XS:10|2XS:20|XS:20|S:10|M:10|L:10|XL:10"
290604,"2024-02-07 08:39:53.45","#HY0604",50.00,68.00,93.00,120.90,"2024-02-07","134722678","PO",4,,,,"","ALMA","HY0604A0",30026,1016,"2024-02-07","2024-03-07","USD",93.00,90,"3XS:10|2XS:20|XS:20|S:10|M:10|L:10|XL:10"
290605,"2024-02-07 08:39:53.45","#HY0605",50.00,68.00,93.00,120.90,"2024-02-07","134722678","PO",4,,,,"","ALMA","HY0605A1",30027,3002,"2024-02-07","2024-03-07","USD",93.00,90,"3XS:10|2XS:20|XS:20|S:10|M:10|L:10|XL:10"
290606,"2024-02-07 08:39:53.45","#HY0606",50.00,68.00,93.00,120.90,"2024-02-07","134722678","PO",4,,,,"","ALMA","HY0606A0",30066,4002,"2024-02-07","2024-03-07","USD",93.00,90,"3XS:10|2XS:20|XS:20|S:10|M:10|L:10|XL:10"
290607,"2024-02-07 08:39:53.45","#HY0607",50.00,68.00,93.00,120.90,"2024-02-07","134722678","PO",4,,,,"","ALMA","HY0607A1",30067,5002,"2024-02-07","2024-03-07","USD",93.00,90,"3XS:10|2XS:20|XS:20|S:10|M:10|L:10|XL:10"
290608,"2024-02-07 08:39:53.45","#HY0608",50.00,68.00,93.00,120.90,"2024-02-07","134722678","PO",4,,,,"","ALMA","HY0608A0",30068,6002,"2024-02-07","2024-03-07","USD",93.00,90,"3XS:10|2XS:20|XS:20|S:10|M:10|L:10|XL:10"
290609,"2024-02-07 08:39:53.45","#HY0609",50.00,68.00,93.00,120.90,"2024-02-07","134722678","PO",4,,,,"","ALMA","HY0609A1",30069,8002,"2024-02-07","2024-03-07","USD",93.00,90,"3XS:10|2XS:20|XS:20|S:10|M:10|L:10|XL:10"
290610,"2024-02-07 08:39:53.45","#HY0610",50.00,68.00,93.00,120.90,"2024-02-07","134722730","PO",4,,,,"","ALMA","HY0610A1",30025,1002,"2024-02-07","2024-03-07","USD",93.00,90,"3XS:10|2XS:20|XS:20|S:10|M:10|L:10|XL:10"
290611,"2024-02-07 08:39:53.45","#HY0611",50.00,68.00,93.00,120.90,"2024-02-07","134722730","PO",4,,,,"","ALMA","HY0611A0",30026,1016,"2024-02-07","2024-03-07","USD",93.00,90,"3XS:10|2XS:20|XS:20|S:10|M:10|L:10|XL:10"
290612,"2024-02-07 08:39:53.45","#HY0612",50.00,68.00,93.00,120.90,"2024-02-07","134722730","PO",4,,,,"","ALMA","HY0612A1",30027,3002,"2024-02-07","2024-03-07","USD",93.00,90,"3XS:10|2XS:20|XS:20|S:10|M:10|L:10|XL:10"
290613,"2024-02-07 08:39:53.45","#HY0613",50.00,68.00,93.00,120.90,"2024-02-07","134722730","PO",4,,,,"","ALMA","HY0613A0",30066,4002,"2024-02-07","2024-03-07","USD",93.00,90,"3XS:10|2XS:20|XS:20|S:10|M:10|L:10|XL:10"
290614,"2024-02-07 08:39:53.45","#HY0614",50.00,68.00,93.00,120.90,"2024-02-07","134722730","PO",4,,,,"","ALMA","HY0614A1",30067,5002,"2024-02-07","2024-03-07","USD",93.00,90,"3XS:10|2XS:20|XS:20|S:10|M:10|L:10|XL:10"
290615,"2024-02-07 08:39:53.45","#HY0615",50.00,68.00,93.00,120.90,"2024-02-07","134722730","PO",4,,,,"","ALMA","HY0615A0",30068,6002,"2024-02-07","2024-03-07","USD",93.00,90,"3XS:10|2XS:20|XS:20|S:10|M:10|L:10|XL:10"
290616,"2024-02-07 08:39:53.45","#HY0616",50.00,68.00,93.00,120.90,"2024-02-07","134722730","PO",4,,,,"","ALMA","HY0616A1",30069,8002,"2024-02-07","2024-03-07","USD",93.00,90,"3XS:10|2XS:20|XS:20|S:10|M:10|L:10|XL:10"
290617,"2024-02-07 08:39:53.45","#HY0617",50.00,68.00,93.00,120.90,"2024-02-07","134722760","PO",4,,,,"","ALMA","HY0617A1",30025,1002,"2024-02-07","2024-03-07","USD",93.00,90,"3XS:10|2XS:20|XS:20|S:10|M:10|L:10|XL:10"
290618,"2024-02-07 08:39:53.45","#HY0618",50.00,68.00,93.00,120.90,"2024-02-07","134722760","PO",4,,,,"","ALMA","HY0618A0",30026,1016,"2024-02-07","2024-03-07","USD",93.00,90,"3XS:10|2XS:20|XS:20|S:10|M:10|L:10|XL:10"
290619,"2024-02-07 08:39:53.45","#HY0619",50.00,68.00,93.00,120.90,"2024-02-07","134722760","PO",4,,,,"","ALMA","HY0619A1",30027,3002,"2024-02-07","2024-03-07","USD",93.00,90,"3XS:10|2XS:20|XS:20|S:10|M:10|L:10|XL:10"
290620,"2024-02-07 08:39:53.45","#HY0620",50.00,68.00,93.00,120.90,"2024-02-07","134722760","PO",4,,,,"","ALMA","HY0620A0",30066,4002,"2024-02-07","2024-03-07","USD",93.00,90,"3XS:10|2XS:20|XS:20|S:10|M:10|L:10|XL:10"
290621,"2024-02-07 08:39:53.45","#HY0621",50.00,68.00,93.00,120.90,"2024-02-07","134722760","PO",4,,,,"","ALMA","HY0621A1",30067,5002,"2024-02-07","2024-03-07","USD",93.00,90,"3XS:10|2XS:20|XS:20|S:10|M:10|L:10|XL:10"
290622,"2024-02-07 08:39:53.45","#HY0622",50.00,68.00,93.00,120.90,"2024-02-07","134722760","PO",4,,,,"","ALMA","HY0622A0",30068,6002,"2024-02-07","2024-03-07","USD",93.00,90,"3XS:10|2XS:20|XS:20|S:10|M:10|L:10|XL:10"
290623,"2024-02-07 08:39:53.45","#HY0623",50.00,68.00,93.00,120.90,"2024-02-07","134722760","PO",4,,,,"","ALMA","HY0623A1",30069,8002,"2024-02-07","2024-03-07","USD",93.00,90,"3XS:10|2XS:20|XS:20|S:10|M:10|L:10|XL:10"
290624,"2024-02-07 08:39:53.45","#HY0624",50.00,68.00,93.00,120.90,"2024-02-07","134722856","PO",4,,,,"","ALMA","HY0624A1",30025,1002,"2024-02-07","2024-03-07","USD",93.00,90,"3XS:10|2XS:20|XS:20|S:10|M:10|L:10|XL:10"
290625,"2024-02-07 08:39:53.45","#HY0625",50.00,68.00,93.00,120.90,"2024-02-07","134722856","PO",4,,,,"","ALMA","HY0625A0",30026,1016,"2024-02-07","2024-03-07","USD",93.00,90,"3XS:10|2XS:20|XS:20|S:10|M:10|L:10|XL:10"
290626,"2024-02-07 08:39:53.45","#HY0626",50.00,68.00,93.00,120.90,"2024-02-07","134722856","PO",4,,,,"","ALMA","HY0626A1",30027,3002,"2024-02-07","2024-03-07","USD",93.00,90,"3XS:10|2XS:20|XS:20|S:10|M:10|L:10|XL:10"
290627,"2024-02-07 08:39:53.45","#HY0627",50.00,68.00,93.00,120.90,"2024-02-07","134722856","PO",4,,,,"","ALMA","HY0627A0",30066,4002,"2024-02-07","2024-03-07","USD",93.00,90,"3XS:10|2XS:20|XS:20|S:10|M:10|L:10|XL:10"
290628,"2024-02-07 08:39:53.45","#HY0628",50.00,68.00,93.00,120.90,"2024-02-07","134722856","PO",4,,,,"","ALMA","HY0628A1",30067,5002,"2024-02-07","2024-03-07","USD",93.00,90,"3XS:10|2XS:20|XS:20|S:10|M:10|L:10|XL:10"
290629,"2024-02-07 08:39:53.45","#HY0629",50.00,68.00,93.00,120.90,"2024-02-07","134722856","PO",4,,,,"","ALMA","HY0629A0",30068,6002,"2024-02-07","2024-03-07","USD",93.00,90,"3XS:10|2XS:20|XS:20|S:10|M:10|L:10|XL:10"
290630,"2024-02-07 08:39:53.45","#HY0630",50.00,68.00,93.00,120.90,"2024-02-07","134722856","PO",4,,,,"","ALMA","HY0630A1",30069,8002,"2024-02-07","2024-03-07","USD",93.00,90,"3XS:10|2XS:20|XS:20|S:10|M:10|L:10|XL:10"
290631,"2024-02-07 08:39:53.45","#HY0631",50.00,68.00,93.00,120.90,"2024-02-07","134722879","PO",4,,,,"","ALMA","HY0631A1",30025,1002,"2024-02-07","2024-03-07","USD",93.00,90,"3XS:10|2XS:20|XS:20|S:10|M:10|L:10|XL:10"
290632,"2024-02-07 08:39:53.45","#HY0632",50.00,68.00,93.00,120.90,"2024-02-07","134722879","PO",4,,,,"","ALMA","HY0632A0",30026,1016,"2024-02-07","2024-03-07","USD",93.00,90,"3XS:10|2XS:20|XS:20|S:10|M:10|L:10|XL:10"
290633,"2024-02-07 08:39:53.45","#HY0633",50.00,68.00,93.00,120.90,"2024-02-07","134722879","PO",4,,,,"","ALMA","HY0633A1",30027,3002,"2024-02-07","2024-03-07","USD",93.00,90,"3XS:10|2XS:20|XS:20|S:10|M:10|L:10|XL:10"
290634,"2024-02-07 08:39:53.45","#HY0634",50.00,68.00,93.00,120.90,"2024-02-07","134722879","PO",4,,,,"","ALMA","HY0634A0",30066,4002,"2024-02-07","2024-03-07","USD",93.00,90,"3XS:10|2XS:20|XS:20|S:10|M:10|L:10|XL:10"
290635,"2024-02-07 08:39:53.45","#HY0635",50.00,68.00,93.00,120.90,"2024-02-07","134722879","PO",4,,,,"","ALMA","HY0635A1",30067,5002,"2024-02-07","2024-03-07","USD",93.00,90,"3XS:10|2XS:20|XS:20|S:10|M:10|L:10|XL:10"
290636,"2024-02-07 08:39:53.45","#HY0636",50.00,68.00,93.00,120.90,"2024-02-07","134722879","PO",4,,,,"","ALMA","HY0636A0",30068,6002,"2024-02-07","2024-03-07","USD",93.00,90,"3XS:10|2XS:20|XS:20|S:10|M:10|L:10|XL:10"
290637,"2024-02-07 08:39:53.45","#HY0637",50.00,68.00,93.00,120.90,"2024-02-07","134722879","PO",4,,,,"","ALMA","HY0637A1",30069,8002,"2024-02-07","2024-03-07","USD",93.00,90,"3XS:10|2XS:20|XS:20|S:10|M:10|L:10|XL:10"
290638,"2024-02-07 08:39:53.45","#HY0638",50.00,68.00,93.00,120.90,"2024-02-07","134722938","PO",4,,,,"","ALMA","HY0638A1",30025,1002,"2024-02-07","2024-03-07","USD",93.00,90,"3XS:10|2XS:20|XS:20|S:10|M:10|L:10|XL:10"
290639,"2024-02-07 08:39:53.45","#HY0639",50.00,68.00,93.00,120.90,"2024-02-07","134722938","PO",4,,,,"","ALMA","HY0639A0",30026,1016,"2024-02-07","2024-03-07","USD",93.00,90,"3XS:10|2XS:20|XS:20|S:10|M:10|L:10|XL:10"
290640,"2024-02-07 08:39:53.45","#HY0640",50.00,68.00,93.00,120.90,"2024-02-07","134722938","PO",4,,,,"","ALMA","HY0640A1",30027,3002,"2024-02-07","2024-03-07","USD",93.00,90,"3XS:10|2XS:20|XS:20|S:10|M:10|L:10|XL:10"
290641,"2024-02-07 08:39:53.45","#HY0641",50.00,68.00,93.00,120.90,"2024-02-07","134722938","PO",4,,,,"","ALMA","HY0641A0",30066,4002,"2024-02-07","2024-03-07","USD",93.00,90,"3XS:10|2XS:20|XS:20|S:10|M:10|L:10|XL:10"
290642,"2024-02-07 08:39:53.45","#HY0642",50.00,68.00,93.00,120.90,"2024-02-07","134722938","PO",4,,,,"","ALMA","HY0642A1",30067,5002,"2024-02-07","2024-03-07","USD",93.00,90,"3XS:10|2XS:20|XS:20|S:10|M:10|L:10|XL:10"
290643,"2024-02-07 08:39:53.45","#HY0643",50.00,68.00,93.00,120.90,"2024-02-07","134722938","PO",4,,,,"","ALMA","HY0643A0",30068,6002,"2024-02-07","2024-03-07","USD",93.00,90,"3XS:10|2XS:20|XS:20|S:10|M:10|L:10|XL:10"
290644,"2024-02-07 08:39:53.45","#HY0644",50.00,68.00,93.00,120.90,"2024-02-07","134722938","PO",4,,,,"","ALMA","HY0644A1",30069,8002,"2024-02-07","2024-03-07","USD",93.00,90,"3XS:10|2XS:20|XS:20|S:10|M:10|L:10|XL:10"
290645,"2024-02-07 08:39:53.45","#HY0645",50.00,68.00,93.00,120.90,"2024-02-07","134722983","PO",4,,,,"","ALMA","HY0645A1",30025,1002,"2024-02-07","2024-03-07","USD",93.00,90,"3XS:10|2XS:20|XS:20|S:10|M:10|L:10|XL:10"
290646,"2024-02-07 08:39:53.45","#HY0646",50.00,68.00,93.00,120.90,"2024-02-07","134722983","PO",4,,,,"","ALMA","HY0646A0",30026,1016,"2024-02-07","2024-03-07","USD",93.00,90,"3XS:10|2XS:20|XS:20|S:10|M:10|L:10|XL:10"
290647,"2024-02-07 08:39:53.45","#HY0647",50.00,68.00,93.00,120.90,"2024-02-07","134722983","PO",4,,,,"","ALMA","HY0647A1",30027,3002,"2024-02-07","2024-03-07","USD",93.00,90,"3XS:10|2XS:20|XS:20|S:10|M:10|L:10|XL:10"
290648,"2024-02-07 08:39:53.45","#HY0648",50.00,68.00,93.00,120.90,"2024-02-07","134722983","PO",4,,,,"","ALMA","HY0648A0",30066,4002,"2024-02-07","2024-03-07","USD",93.00,90,"3XS:10|2XS:20|XS:20|S:10|M:10|L:10|XL:10"
290649,"2024-02-07 08:39:53.45","#HY0649",50.00,68.00,93.00,120.90,"2024-02-07","134722983","PO",4,,,,"","ALMA","HY0649A1",30067,5002,"2024-02-07","2024-03-07","USD",93.00,90,"3XS:10|2XS:20|XS:20|S:10|M:10|L:10|XL:10"
290650,"2024-02-07 08:39:53.45","#HY0650",50.00,68.00,93.00,120.90,"2024-02-07","134722983","PO",4,,,,"","ALMA","HY0650A0",30068,6002,"2024-02-07","2024-03-07","USD",93.00,90,"3XS:10|2XS:20|XS:20|S:10|M:10|L:10|XL:10"
290651,"2024-02-07 08:39:53.45","#HY0651",50.00,68.00,93.00,120.90,"2024-02-07","134722983","PO",4,,,,"","ALMA","HY0651A1",30069,8002,"2024-02-07","2024-03-07","USD",93.00,90,"3XS:10|2XS:20|XS:20|S:10|M:10|L:10|XL:10"
290652,"2024-02-07 08:39:53.45","#HY0652",50.00,68.00,93.00,120.90,"2024-02-07","134723063","PO",4,,,,"","ALMA","HY0652A1",30025,1002,"2024-02-07","2024-03-07","USD",93.00,90,"3XS:10|2XS:20|XS:20|S:10|M:10|L:10|XL:10"
290653,"2024-02-07 08:39:53.45","#HY0653",50.00,68.00,93.00,120.90,"2024-02-07","134723063","PO",4,,,,"","ALMA","HY0653A0",30026,1016,"2024-02-07","2024-03-07","USD",93.00,90,"3XS:10|2XS:20|XS:20|S:10|M:10|L:10|XL:10"
290654,"2024-02-07 08:39:53.45","#HY0654",50.00,68.00,93.00,120.90,"2024-02-07","134723063","PO",4,,,,"","ALMA","HY0654A1",30027,3002,"2024-02-07","2024-03-07","USD",93.00,90,"3XS:10|2XS:20|XS:20|S:10|M:10|L:10|XL:10"
290655,"2024-02-07 08:39:53.45","#HY0655",50.00,68.00,93.00,120.90,"2024-02-07","134723063","PO",4,,,,"","ALMA","HY0655A0",30066,4002,"2024-02-07","2024-03-07","USD",93.00,90,"3XS:10|2XS:20|XS:20|S:10|M:10|L:10|XL:10"
290656,"2024-02-07 08:39:53.45","#HY0656",50.00,68.00,93.00,120.90,"2024-02-07","134723063","PO",4,,,,"","ALMA","HY0656A1",30067,5002,"2024-02-07","2024-03-07","USD",93.00,90,"3XS:10|2XS:20|XS:20|S:10|M:10|L:10|XL:10"
290657,"2024-02-07 08:39:53.45","#HY0657",50.00,68.00,93.00,120.90,"2024-02-07","134723063","PO",4,,,,"","ALMA","HY0657A0",30068,6002,"2024-02-07","2024-03-07","USD",93.00,90,"3XS:10|2XS:20|XS:20|S:10|M:10|L:10|XL:10"
290658,"2024-02-07 08:39:53.45","#HY0658",50.00,68.00,93.00,120.90,"2024-02-07","134723063","PO",4,,,,"","ALMA","HY0658A1",30069,8002,"2024-02-07","2024-03-07","USD",93.00,90,"3XS:10|2XS:20|XS:20|S:10|M:10|L:10|XL:10"
290659,"2024-02-07 08:39:53.45","#HY0659",50.00,68.00,93.00,120.90,"2024-02-07","134723078","PO",4,,,,"","ALMA","HY0659A1",30025,1002,"2024-02-07","2024-03-07","USD",93.00,90,"3XS:10|2XS:20|XS:20|S:10|M:10|L:10|XL:10"
290660,"2024-02-07 08:39:53.45","#HY0660",50.00,68.00,93.00,120.90,"2024-02-07","134723078","PO",4,,,,"","ALMA","HY0660A0",30026,1016,"2024-02-07","2024-03-07","USD",93.00,90,"3XS:10|2XS:20|XS:20|S:10|M:10|L:10|XL:10"
290661,"2024-02-07 08:39:53.45","#HY0661",50.00,68.00,93.00,120.90,"2024-02-07","134723078","PO",4,,,,"","ALMA","HY0661A1",30027,3002,"2024-02-07","2024-03-07","USD",93.00,90,"3XS:10|2XS:20|XS:20|S:10|M:10|L:10|XL:10"
290662,"2024-02-07 08:39:53.45","#HY0662",50.00,68.00,93.00,120.90,"2024-02-07","134723078","PO",4,,,,"","ALMA","HY0662A0",30066,4002,"2024-02-07","2024-03-07","USD",93.00,90,"3XS:10|2XS:20|XS:20|S:10|M:10|L:10|XL:10"
290663,"2024-02-07 08:39:53.45","#HY0663",50.00,68.00,93.00,120.90,"2024-02-07","134723078","PO",4,,,,"","ALMA","HY0663A1",30067,5002,"2024-02-07","2024-03-07","USD",93.00,90,"3XS:10|2XS:20|XS:20|S:10|M:10|L:10|XL:10"
290664,"2024-02-07 08:39:53.45","#HY0664",50.00,68.00,93.00,120.90,"2024-02-07","134723078","PO",4,,,,"","ALMA","HY0664A0",30068,6002,"2024-02-07","2024-03-07","USD",93.00,90,"3XS:10|2XS:20|XS:20|S:10|M:10|L:10|XL:10"
290665,"2024-02-07 08:39:53.45","#HY0665",50.00,68.00,93.00,120.90,"2024-02-07","134723078","PO",4,,,,"","ALMA","HY0665A1",30069,8002,"2024-02-07","2024-03-07","USD",93.00,90,"3XS:10|2XS:20|XS:20|S:10|M:10|L:10|XL:10"
290666,"2024-02-07 08:39:53.45","#HY0666",50.00,68.00,93.00,120.90,"2024-02-07","134723130","PO",4,,,,"","ALMA","HY0666A1",30025,1002,"2024-02-07","2024-03-07","USD",93.00,90,"3XS:10|2XS:20|XS:20|S:10|M:10|L:10|XL:10"
290667,"2024-02-07 08:39:53.45","#HY0667",50.00,68.00,93.00,120.90,"2024-02-07","134723130","PO",4,,,,"","ALMA","HY0667A0",30026,1016,"2024-02-07","2024-03-07","USD",93.00,90,"3XS:10|2XS:20|XS:20|S:10|M:10|L:10|XL:10"
290668,"2024-02-07 08:39:53.45","#HY0668",50.00,68.00,93.00,120.90,"2024-02-07","134723130","PO",4,,,,"","ALMA","HY0668A1",30027,3002,"2024-02-07","2024-03-07","USD",93.00,90,"3XS:10|2XS:20|XS:20|S:10|M:10|L:10|XL:10"
290669,"2024-02-07 08:39:53.45","#HY0669",50.00,68.00,93.00,120.90,"2024-02-07","134723130","PO",4,,,,"","ALMA","HY0669A0",30066,4002,"2024-02-07","2024-03-07","USD",93.00,90,"3XS:10|2XS:20|XS:20|S:10|M:10|L:10|XL:10"
290670,"2024-02-07 08:39:53.45","#HY0670",50.00,68.00,93.00,120.90,"2024-02-07","134723130","PO",4,,,,"","ALMA","HY0670A1",30067,5002,"2024-02-07","2024-03-07","USD",93.00,90,"3XS:10|2XS:20|XS:20|S:10|M:10|L:10|XL:10"
290671,"2024-02-07 08:39:53.45","#HY0671",50.00,68.00,93.00,120.90,"2024-02-07","134723130","PO",4,,,,"","ALMA","HY0671A0",30068,6002,"2024-02-07","2024-03-07","USD",93.00,90,"3XS:10|2XS:20|XS:20|S:10|M:10|L:10|XL:10"
290672,"2024-02-07 08:39:53.45","#HY0672",50.00,68.00,93.00,120.90,"2024-02-07","134723130","PO",4,,,,"","ALMA","HY0672A1",30069,8002,"2024-02-07","2024-03-07","USD",93.00,90,"3XS:10|2XS:20|XS:20|S:10|M:10|L:10|XL:10"
290673,"2024-02-07 08:39:53.45","#HY0673",50.00,68.00,93.00,120.90,"2024-02-07","134723193","PO",4,,,,"","ALMA","HY0673A1",30025,1002,"2024-02-07","2024-03-07","USD",93.00,90,"3XS:10|2XS:20|XS:20|S:10|M:10|L:10|XL:10"
290674,"2024-02-07 08:39:53.45","#HY0674",50.00,68.00,93.00,120.90,"2024-02-07","134723193","PO",4,,,,"","ALMA","HY0674A0",30026,1016,"2024-02-07","2024-03-07","USD",93.00,90,"3XS:10|2XS:20|XS:20|S:10|M:10|L:10|XL:10"
290675,"2024-02-07 08:39:53.45","#HY0675",50.00,68.00,93.00,120.90,"2024-02-07","134723193","PO",4,,,,"","ALMA","HY0675A1",30027,3002,"2024-02-07","2024-03-07","USD",93.00,90,"3XS:10|2XS:20|XS:20|S:10|M:10|L:10|XL:10"
290676,"2024-02-07 08:39:53.45","#HY0676",50.00,68.00,93.00,120.90,"2024-02-07","134723193","PO",4,,,,"","ALMA","HY0676A0",30066,4002,"2024-02-07","2024-03-07","USD",93.00,90,"3XS:10|2XS:20|XS:20|S:10|M:10|L:10|XL:10"
290677,"2024-02-07 08:39:53.45","#HY0677",50.00,68.00,93.00,120.90,"2024-02-07","134723193","PO",4,,,,"","ALMA","HY0677A1",30067,5002,"2024-02-07","2024-03-07","USD",93.00,90,"3XS:10|2XS:20|XS:20|S:10|M:10|L:10|XL:10"
290678,"2024-02-07 08:39:53.45","#HY0678",50.00,68.00,93.00,120.90,"2024-02-07","134723193","PO",4,,,,"","ALMA","HY0678A0",30068,6002,"2024-02-07","2024-03-07","USD",93.00,90,"3XS:10|2XS:20|XS:20|S:10|M:10|L:10|XL:10"
290679,"2024-02-07 08:39:53.45","#HY0679",50.00,68.00,93.00,120.90,"2024-02-07","134723193","PO",4,,,,"","ALMA","HY0679A1",30069,8002,"2024-02-07","2024-03-07","USD",93.00,90,"3XS:10|2XS:20|XS:20|S:10|M:10|L:10|XL:10"
290680,"2024-02-07 08:39:53.45","#HY0680",50.00,68.00,93.00,120.90,"2024-02-07","134723278","PO",4,,,,"","ALMA","HY0680A1",30025,1002,"2024-02-07","2024-03-07","USD",93.00,90,"3XS:10|2XS:20|XS:20|S:10|M:10|L:10|XL:10"
290681,"2024-02-07 08:39:53.45","#HY0681",50.00,68.00,93.00,120.90,"2024-02-07","134723278","PO",4,,,,"","ALMA","HY0681A0",30026,1016,"2024-02-07","2024-03-07","USD",93.00,90,"3XS:10|2XS:20|XS:20|S:10|M:10|L:10|XL:10"
290682,"2024-02-07 08:39:53.45","#HY0682",50.00,68.00,93.00,120.90,"2024-02-07","134723278","PO",4,,,,"","ALMA","HY0682A1",30027,3002,"2024-02-07","2024-03-07","USD",93.00,90,"3XS:10|2XS:20|XS:20|S:10|M:10|L:10|XL:10"
290683,"2024-02-07 08:39:53.45","#HY0683",50.00,68.00,93.00,120.90,"2024-02-07","134723278","PO",4,,,,"","ALMA","HY0683A0",30066,4002,"2024-02-07","2024-03-07","USD",93.00,90,"3XS:10|2XS:20|XS:20|S:10|M:10|L:10|XL:10"
290684,"2024-02-07 08:39:53.45","#HY0684",50.00,68.00,93.00,120.90,"2024-02-07","134723278","PO",4,,,,"","ALMA","HY0684A1",30067,5002,"2024-02-07","2024-03-07","USD",93.00,90,"3XS:10|2XS:20|XS:20|S:10|M:10|L:10|XL:10"
290685,"2024-02-07 08:39:53.45","#HY0685",50.00,68.00,93.00,120.90,"2024-02-07","134723278","PO",4,,,,"","ALMA","HY0685A0",30068,6002,"2024-02-07","2024-03-07","USD",93.00,90,"3XS:10|2XS:20|XS:20|S:10|M:10|L:10|XL:10"
290686,"2024-02-07 08:39:53.45","#HY0686",50.00,68.00,93.00,120.90,"2024-02-07","134723278","PO",4,,,,"","ALMA","HY0686A1",30069,8002,"2024-02-07","2024-03-07","USD",93.00,90,"3XS:10|2XS:20|XS:20|S:10|M:10|L:10|XL:10"
290687,"2024-02-07 08:39:53.45","#HY0687",50.00,68.00,93.00,120.90,"2024-02-07","134723330","PO",4,,,,"","ALMA","HY0687A1",30025,1002,"2024-02-07","2024-03-07","USD",93.00,90,"3XS:10|2XS:20|XS:20|S:10|M:10|L:10|XL:10"
290688,"2024-02-07 08:39:53.45","#HY0688",50.00,68.00,93.00,120.90,"2024-02-07","134723330","PO",4,,,,"","ALMA","HY0688A0",30026,1016,"2024-02-07","2024-03-07","USD",93.00,90,"3XS:10|2XS:20|XS:20|S:10|M:10|L:10|XL:10"
290689,"2024-02-07 08:39:53.45","#HY0689",50.00,68.00,93.00,120.90,"2024-02-07","134723330","PO",4,,,,"","ALMA","HY0689A1",30027,3002,"2024-02-07","2024-03-07","USD",93.00,90,"3XS:10|2XS:20|XS:20|S:10|M:10|L:10|XL:10"
290690,"2024-02-07 08:39:53.45","#HY0690",50.00,68.00,93.00,120.90,"2024-02-07","134723330","PO",4,,,,"","ALMA","HY0690A0",30066,4002,"2024-02-07","2024-03-07","USD",93.00,90,"3XS:10|2XS:20|XS:20|S:10|M:10|L:10|XL:10"
290691,"2024-02-07 08:39:53.45","#HY0691",50.00,68.00,93.00,120.90,"2024-02-07","134723330","PO",4,,,,"","ALMA","HY0691A1",30067,5002,"2024-02-07","2024-03-07","USD",93.00,90,"3XS:10|2XS:20|XS:20|S:10|M:10|L:10|XL:10"
290692,"2024-02-07 08:39:53.45","#HY0692",50.00,68.00,93.00,120.90,"2024-02-07","134723330","PO",4,,,,"","ALMA","HY0692A0",30068,6002,"2024-02-07","2024-03-07","USD",93.00,90,"3XS:10|2XS:20|XS:20|S:10|M:10|L:10|XL:10"
290693,"2024-02-07 08:39:53.45","#HY0693",50.00,68.00,93.00,120.90,"2024-02-07","134723330","PO",4,,,,"","ALMA","HY0693A1",30069,8002,"2024-02-07","2024-03-07","USD",93.00,90,"3XS:10|2XS:20|XS:20|S:10|M:10|L:10|XL:10"
290694,"2024-02-07 08:39:53.45","#HY0694",50.00,68.00,93.00,120.90,"2024-02-07","134723399","PO",4,,,,"","ALMA","HY0694A1",30025,1002,"2024-02-07","2024-03-07","USD",93.00,90,"3XS:10|2XS:20|XS:20|S:10|M:10|L:10|XL:10"
290695,"2024-02-07 08:39:53.45","#HY0695",50.00,68.00,93.00,120.90,"2024-02-07","134723399","PO",4,,,,"","ALMA","HY0695A0",30026,1016,"2024-02-07","2024-03-07","USD",93.00,90,"3XS:10|2XS:20|XS:20|S:10|M:10|L:10|XL:10"
290696,"2024-02-07 08:39:53.45","#HY0696",50.00,68.00,93.00,120.90,"2024-02-07","134723399","PO",4,,,,"","ALMA","HY0696A1",30027,3002,"2024-02-07","2024-03-07","USD",93.00,90,"3XS:10|2XS:20|XS:20|S:10|M:10|L:10|XL:10"
290697,"2024-02-07 08:39:53.45","#HY0697",50.00,68.00,93.00,120.90,"2024-02-07","134723399","PO",4,,,,"","ALMA","HY0697A0",30066,4002,"2024-02-07","2024-03-07","USD",93.00,90,"3XS:10|2XS:20|XS:20|S:10|M:10|L:10|XL:10"
290698,"2024-02-07 08:39:53.45","#HY0698",50.00,68.00,93.00,120.90,"2024-02-07","134723399","PO",4,,,,"","ALMA","HY0698A1",30067,5002,"2024-02-07","2024-03-07","USD",93.00,90,"3XS:10|2XS:20|XS:20|S:10|M:10|L:10|XL:10"
290699,"2024-02-07 08:39:53.45","#HY0699",50.00,68.00,93.00,120.90,"2024-02-07","134723399","PO",4,,,,"","ALMA","HY0699A0",30068,6002,"2024-02-07","2024-03-07","USD",93.00,90,"3XS:10|2XS:20|XS:20|S:10|M:10|L:10|XL:10"
290700,"2024-02-07 08:39:53.45","#HY0700",50.00,68.00,93.00,120.90,"2024-02-07","134723399","PO",4,,,,"","ALMA","HY0700A1",30069,8002,"2024-02-07","2024-03-07","USD",93.00,90,"3XS:10|2XS:20|XS:20|S:10|M:10|L:10|XL:10"
290701,"2024-02-07 08:39:53.45","#HY0701",50.00,68.00,93.00,120.90,"2024-02-07","134723463","PO",4,,,,"","ALMA","HY0701A1",30025,1002,"2024-02-07","2024-03-07","USD",93.00,90,"3XS:10|2XS:20|XS:20|S:10|M:10|L:10|XL:10"
290702,"2024-02-07 08:39:53.45","#HY0702",50.00,68.00,93.00,120.90,"2024-02-07","134723463","PO",4,,,,"","ALMA","HY0702A0",30026,1016,"2024-02-07","2024-03-07","USD",93.00,90,"3XS:10|2XS:20|XS:20|S:10|M:10|L:10|XL:10"
290703,"2024-02-07 08:39:53.45","#HY0703",50.00,68.00,93.00,120.90,"2024-02-07","134723463","PO",4,,,,"","ALMA","HY0703A1",30027,3002,"2024-02-07","2024-03-07","USD",93.00,90,"3XS:10|2XS:20|XS:20|S:10|M:10|L:10|XL:10"
290704,"2024-02-07 08:39:53.45","#HY0704",50.00,68.00,93.00,120.90,"2024-02-07","134723463","PO",4,,,,"","ALMA","HY0704A0",30066,4002,"2024-02-07","2024-03-07","USD",93.00,90,"3XS:10|2XS:20|XS:20|S:10|M:10|L:10|XL:10"
290705,"2024-02-07 08:39:53.45","#HY0705",50.00,68.00,93.00,120.90,"2024-02-07","134723463","PO",4,,,,"","ALMA","HY0705A1",30067,5002,"2024-02-07","2024-03-07","USD",93.00,90,"3XS:10|2XS:20|XS:20|S:10|M:10|L:10|XL:10"
290706,"2024-02-07 08:39:53.45","#HY0706",50.00,68.00,93.00,120.90,"2024-02-07","134723463","PO",4,,,,"","ALMA","HY0706A0",30068,6002,"2024-02-07","2024-03-07","USD",93.00,90,"3XS:10|2XS:20|XS:20|S:10|M:10|L:10|XL:10"
290707,"2024-02-07 08:39:53.45","#HY0707",50.00,68.00,93.00,120.90,"2024-02-07","134723463","PO",4,,,,"","ALMA","HY0707A1",30069,8002,"2024-02-07","2024-03-07","USD",93.00,90,"3XS:10|2XS:20|XS:20|S:10|M:10|L:10|XL:10"
290708,"2024-02-07 08:39:53.45","#HY0708",50.00,68.00,93.00,120.90,"2024-02-07","134723529","PO",4,,,,"","ALMA","HY0708A1",30025,1002,"2024-02-07","2024-03-07","USD",93.00,90,"3XS:10|2XS:20|XS:20|S:10|M:10|L:10|XL:10"
290709,"2024-02-07 08:39:53.45","#HY0709",50.00,68.00,93.00,120.90,"2024-02-07","134723529","PO",4,,,,"","ALMA","HY0709A0",30026,1016,"2024-02-07","2024-03-07","USD",93.00,90,"3XS:10|2XS:20|XS:20|S:10|M:10|L:10|XL:10"
290710,"2024-02-07 08:39:53.45","#HY0710",50.00,68.00,93.00,120.90,"2024-02-07","134723529","PO",4,,,,"","ALMA","HY0710A1",30027,3002,"2024-02-07","2024-03-07","USD",93.00,90,"3XS:10|2XS:20|XS:20|S:10|M:10|L:10|XL:10"
290711,"2024-02-07 08:39:53.45","#HY0711",50.00,68.00,93.00,120.90,"2024-02-07","134723529","PO",4,,,,"","ALMA","HY0711A0",30066,4002,"2024-02-07","2024-03-07","USD",93.00,90,"3XS:10|2XS:20|XS:20|S:10|M:10|L:10|XL:10"
290712,"2024-02-07 08:39:53.45","#HY0712",50.00,68.00,93.00,120.90,"2024-02-07","134723529","PO",4,,,,"","ALMA","HY0712A1",30067,5002,"2024-02-07","2024-03-07","USD",93.00,90,"3XS:10|2XS:20|XS:20|S:10|M:10|L:10|XL:10"
290713,"2024-02-07 08:39:53.45","#HY0713",50.00,68.00,93.00,120.90,"2024-02-07","134723529","PO",4,,,,"","ALMA","HY0713A0",30068,6002,"2024-02-07","2024-03-07","USD",93.00,90,"3XS:10|2XS:20|XS:20|S:10|M:10|L:10|XL:10"
290714,"2024-02-07 08:39:53.45","#HY0714",50.00,68.00,93.00,120.90,"2024-02-07","134723529","PO",4,,,,"","ALMA","HY0714A1",30069,8002,"2024-02-07","2024-03-07","USD",93.00,90,"3XS:10|2XS:20|XS:20|S:10|M:10|L:10|XL:10"
290715,"2024-02-07 08:39:53.45","#HY0715",50.00,68.00,93.00,120.90,"2024-02-07","134723614","PO",4,,,,"","ALMA","HY0715A1",30025,1002,"2024-02-07","2024-03-07","USD",93.00,90,"3XS:10|2XS:20|XS:20|S:10|M:10|L:10|XL:10"
290716,"2024-02-07 08:39:53.45","#HY0716",50.00,68.00,93.00,120.90,"2024-02-07","134723614","PO",4,,,,"","ALMA","HY0716A0",30026,1016,"2024-02-07","2024-03-07","USD",93.00,90,"3XS:10|2XS:20|XS:20|S:10|M:10|L:10|XL:10"
290717,"2024-02-07 08:39:53.45","#HY0717",50.00,68.00,93.00,120.90,"2024-02-07","134723614","PO",4,,,,"","ALMA","HY0717A1",30027,3002,"2024-02-07","2024-03-07","USD",93.00,90,"3XS:10|2XS:20|XS:20|S:10|M:10|L:10|XL:10"
290718,"2024-02-07 08:39:53.45","#HY0718",50.00,68.00,93.00,120.90,"2024-02-07","134723614","PO",4,,,,"","ALMA","HY0718A0",30066,4002,"2024-02-07","2024-03-07","USD",93.00,90,"3XS:10|2XS:20|XS:20|S:10|M:10|L:10|XL:10"
290719,"2024-02-07 08:39:53.45","#HY0719",50.00,68.00,93.00,120.90,"2024-02-07","134723614","PO",4,,,,"","ALMA","HY0719A1",30067,5002,"2024-02-07","2024-03-07","USD",93.00,90,"3XS:10|2XS:20|XS:20|S:10|M:10|L:10|XL:10"
290720,"2024-02-07 08:39:53.45","#HY0720",50.00,68.00,93.00,120.90,"2024-02-07","134723614","PO",4,,,,"","ALMA","HY0720A0",30068,6002,"2024-02-07","2024-03-07","USD",93.00,90,"3XS:10|2XS:20|XS:20|S:10|M:10|L:10|XL:10"
290721,"2024-02-07 08:39:53.45","#HY0721",50.00,68.00,93.00,120.90,"2024-02-07","134723614","PO",4,,,,"","ALMA","HY0721A1",30069,8002,"2024-02-07","2024-03-07","USD",93.00,90,"3XS:10|2XS:20|XS:20|S:10|M:10|L:10|XL:10"
290722,"2024-02-07 08:39:53.45","#HY0722",50.00,68.00,93.00,120.90,"2024-02-07","134723670","PO",4,,,,"","ALMA","HY0722A1",30025,1002,"2024-02-07","2024-03-07","USD",93.00,90,"3XS:10|2XS:20|XS:20|S:10|M:10|L:10|XL:10"
290723,"2024-02-07 08:39:53.45","#HY0723",50.00,68.00,93.00,120.90,"2024-02-07","134723670","PO",4,,,,"","ALMA","HY0723A0",30026,1016,"2024-02-07","2024-03-07","USD",93.00,90,"3XS:10|2XS:20|XS:20|S:10|M:10|L:10|XL:10"
290724,"2024-02-07 08:39:53.45","#HY0724",50.00,68.00,93.00,120.90,"2024-02-07","134723670","PO",4,,,,"","ALMA","HY0724A1",30027,3002,"2024-02-07","2024-03-07","USD",93.00,90,"3XS:10|2XS:20|XS:20|S:10|M:10|L:10|XL:10"
290725,"2024-02-07 08:39:53.45","#HY0725",50.00,68.00,93.00,120.90,"2024-02-07","134723670","PO",4,,,,"","ALMA","HY0725A0",30066,4002,"2024-02-07","2024-03-07","USD",93.00,90,"3XS:10|2XS:20|XS:20|S:10|M:10|L:10|XL:10"
290726,"2024-02-07 08:39:53.45","#HY0726",50.00,68.00,93.00,120.90,"2024-02-07","134723670","PO",4,,,,"","ALMA","HY0726A1",30067,5002,"2024-02-07","2024-03-07","USD",93.00,90,"3XS:10|2XS:20|XS:20|S:10|M:10|L:10|XL:10"
290727,"2024-02-07 08:39:53.45","#HY0727",50.00,68.00,93.00,120.90,"2024-02-07","134723670","PO",4,,,,"","ALMA","HY0727A0",30068,6002,"2024-02-07","2024-03-07","USD",93.00,90,"3XS:10|2XS:20|XS:20|S:10|M:10|L:10|XL:10"
290728,"2024-02-07 08:39:53.45","#HY0728",50.00,68.00,93.00,120.90,"2024-02-07","134723670","PO",4,,,,"","ALMA","HY0728A1",30069,8002,"2024-02-07","2024-03-07","USD",93.00,90,"3XS:10|2XS:20|XS:20|S:10|M:10|L:10|XL:10"
290729,"2024-02-07 08:39:53.45","#HY0729",50.00,68.00,93.00,120.90,"2024-02-07","134723729","PO",4,,,,"","ALMA","HY0729A1",30025,1002,"2024-02-07","2024-03-07","USD",93.00,90,"3XS:10|2XS:20|XS:20|S:10|M:10|L:10|XL:10"
290730,"2024-02-07 08:39:53.45","#HY0730",50.00,68.00,93.00,120.90,"2024-02-07","134723729","PO",4,,,,"","ALMA","HY0730A0",30026,1016,"2024-02-07","2024-03-07","USD",93.00,90,"3XS:10|2XS:20|XS:20|S:10|M:10|L:10|XL:10"
290731,"2024-02-07 08:39:53.45","#HY0731",50.00,68.00,93.00,120.90,"2024-02-07","134723729","PO",4,,,,"","ALMA","HY0731A1",30027,3002,"2024-02-07","2024-03-07","USD",93.00,90,"3XS:10|2XS:20|XS:20|S:10|M:10|L:10|XL:10"
290732,"2024-02-07 08:39:53.45","#HY0732",50.00,68.00,93.00,120.90,"2024-02-07","134723729","PO",4,,,,"","ALMA","HY0732A0",30066,4002,"2024-02-07","2024-03-07","USD",93.00,90,"3XS:10|2XS:20|XS:20|S:10|M:10|L:10|XL:10"
290733,"2024-02-07 08:39:53.45","#HY0733",50.00,68.00,93.00,120.90,"2024-02-07","134723729","PO",4,,,,"","ALMA","HY0733A1",30067,5002,"2024-02-07","2024-03-07","USD",93.00,90,"3XS:10|2XS:20|XS:20|S:10|M:10|L:10|XL:10"
290734,"2024-02-07 08:39:53.45","#HY0734",50.00,68.00,93.00,120.90,"2024-02-07","134723729","PO",4,,,,"","ALMA","HY0734A0",30068,6002,"2024-02-07","2024-03-07","USD",93.00,90,"3XS:10|2XS:20|XS:20|S:10|M:10|L:10|XL:10"
290735,"2024-02-07 08:39:53.45","#HY0735",50.00,68.00,93.00,120.90,"2024-02-07","134723729","PO",4,,,,"","ALMA","HY0735A1",30069,8002,"2024-02-07","2024-03-07","USD",93.00,90,"3XS:10|2XS:20|XS:20|S:10|M:10|L:10|XL:10"
290736,"2024-02-07 08:39:53.45","#HY0736",50.00,68.00,93.00,120.90,"2024-02-07","134723816","PO",4,,,,"","ALMA","HY0736A1",30025,1002,"2024-02-07","2024-03-07","USD",93.00,90,"3XS:10|2XS:20|XS:20|S:10|M:10|L:10|XL:10"
290737,"2024-02-07 08:39:53.45","#HY0737",50.00,68.00,93.00,120.90,"2024-02-07","134723816","PO",4,,,,"","ALMA","HY0737A0",30026,1016,"2024-02-07","2024-03-07","USD",93.00,90,"3XS:10|2XS:20|XS:20|S:10|M:10|L:10|XL:10"
290738,"2024-02-07 08:39:53.45","#HY0738",50.00,68.00,93.00,120.90,"2024-02-07","134723816","PO",4,,,,"","ALMA","HY0738A1",30027,3002,"2024-02-07","2024-03-07","USD",93.00,90,"3XS:10|2XS:20|XS:20|S:10|M:10|L:10|XL:10"
290739,"2024-02-07 08:39:53.45","#HY0739",50.00,68.00,93.00,120.90,"2024-02-07","134723816","PO",4,,,,"","ALMA","HY0739A0",30066,4002,"2024-02-07","2024-03-07","USD",93.00,90,"3XS:10|2XS:20|XS:20|S:10|M:10|L:10|XL:10"
290740,"2024-02-07 08:39:53.45","#HY0740",50.00,68.00,93.00,120.90,"2024-02-07","134723816","PO",4,,,,"","ALMA","HY0740A1",30067,5002,"2024-02-07","2024-03-07","USD",93.00,90,"3XS:10|2XS:20|XS:20|S:10|M:10|L:10|XL:10"
290741,"2024-02-07 08:39:53.45","#HY0741",50.00,68.00,93.00,120.90,"2024-02-07","134723816","PO",4,,,,"","ALMA","HY0741A0",30068,6002,"2024-02-07","2024-03-07","USD",93.00,90,"3XS:10|2XS:20|XS:20|S:10|M:10|L:10|XL:10"
290742,"2024-02-07 08:39:53.45","#HY0742",50.00,68.00,93.00,120.90,"2024-02-07","134723816","PO",4,,,,"","ALMA","HY0742A1",30069,8002,"2024-02-07","2024-03-07","USD",93.00,90,"3XS:10|2XS:20|XS:20|S:10|M:10|L:10|XL:10"
290743,"2024-02-07 08:39:53.45","#HY0743",50.00,68.00,93.00,120.90,"2024-02-07","134723856","PO",4,,,,"","ALMA","HY0743A1",30025,1002,"2024-02-07","2024-03-07","USD",93.00,90,"3XS:10|2XS:20|XS:20|S:10|M:10|L:10|XL:10"
290744,"2024-02-07 08:39:53.45","#HY0744",50.00,68.00,93.00,120.90,"2024-02-07","134723856","PO",4,,,,"","ALMA","HY0744A0",30026,1016,"2024-02-07","2024-03-07","USD",93.00,90,"3XS:10|2XS:20|XS:20|S:10|M:10|L:10|XL:10"
290745,"2024-02-07 08:39:53.45","#HY0745",50.00,68.00,93.00,120.90,"2024-02-07","134723856","PO",4,,,,"","ALMA","HY0745A1",30027,3002,"2024-02-07","2024-03-07","USD",93.00,90,"3XS:10|2XS:20|XS:20|S:10|M:10|L:10|XL:10"
290746,"2024-02-07 08:39:53.45","#HY0746",50.00,68.00,93.00,120.90,"2024-02-07","134723856","PO",4,,,,"","ALMA","HY0746A0",30066,4002,"2024-02-07","2024-03-07","USD",93.00,90,"3XS:10|2XS:20|XS:20|S:10|M:10|L:10|XL:10"
290747,"2024-02-07 08:39:53.45","#HY0747",50.00,68.00,93.00,120.90,"2024-02-07","134723856","PO",4,,,,"","ALMA","HY0747A1",30067,5002,"2024-02-07","2024-03-07","USD",93.00,90,"3XS:10|2XS:20|XS:20|S:10|M:10|L:10|XL:10"
290748,"2024-02-07 08:39:53.45","#HY0748",50.00,68.00,93.00,120.90,"2024-02-07","134723856","PO",4,,,,"","ALMA","HY0748A0",30068,6002,"2024-02-07","2024-03-07","USD",93.00,90,"3XS:10|2XS:20|XS:20|S:10|M:10|L:10|XL:10"
290749,"2024-02-07 08:39:53.45","#HY0749",50.00,68.00,93.00,120.90,"2024-02-07","134723856","PO",4,,,,"","ALMA","HY0749A1",30069,8002,"2024-02-07","2024-03-07","USD",93.00,90,"3XS:10|2XS:20|XS:20|S:10|M:10|L:10|XL:10"
290750,"2024-02-07 08:39:53.45","#HY0750",50.00,68.00,93.00,120.90,"2024-02-07","134723929","PO",4,,,,"","ALMA","HY0750A1",30025,1002,"2024-02-07","2024-03-07","USD",93.00,90,"3XS:10|2XS:20|XS:20|S:10|M:10|L:10|XL:10"
290751,"2024-02-07 08:39:53.45","#HY0751",50.00,68.00,93.00,120.90,"2024-02-07","134723929","PO",4,,,,"","ALMA","HY0751A0",30026,1016,"2024-02-07","2024-03-07","USD",93.00,90,"3XS:10|2XS:20|XS:20|S:10|M:10|L:10|XL:10"
290752,"2024-02-07 08:39:53.45","#HY0752",50.00,68.00,93.00,120.90,"2024-02-07","134723929","PO",4,,,,"","ALMA","HY0752A1",30027,3002,"2024-02-07","2024-03-07","USD",93.00,90,"3XS:10|2XS:20|XS:20|S:10|M:10|L:10|XL:10"
290753,"2024-02-07 08:39:53.45","#HY0753",50.00,68.00,93.00,120.90,"2024-02-07","134723929","PO",4,,,,"","ALMA","HY0753A0",30066,4002,"2024-02-07","2024-03-07","USD",93.00,90,"3XS:10|2XS:20|XS:20|S:10|M:10|L:10|XL:10"
290754,"2024-02-07 08:39:53.45","#HY0754",50.00,68.00,93.00,120.90,"2024-02-07","134723929","PO",4,,,,"","ALMA","HY0754A1",30067,5002,"2024-02-07","2024-03-07","USD",93.00,90,"3XS:10|2XS:20|XS:20|S:10|M:10|L:10|XL:10"
290755,"2024-02-07 08:39:53.45","#HY0755",50.00,68.00,93.00,120.90,"2024-02-07","134723929","PO",4,,,,"","ALMA","HY0755A0",30068,6002,"2024-02-07","2024-03-07","USD",93.00,90,"3XS:10|2XS:20|XS:20|S:10|M:10|L:10|XL:10"
290756,"2024-02-07 08:39:53.45","#HY0756",50.00,68.00,93.00,120.90,"2024-02-07","134723929","PO",4,,,,"","ALMA","HY0756A1",30069,8002,"2024-02-07","2024-03-07","USD",93.00,90,"3XS:10|2XS:20|XS:20|S:10|M:10|L:10|XL:10"
290757,"2024-02-07 08:39:53.45","#HY0757",50.00,68.00,93.00,120.90,"2024-02-07","134724041","PO",4,,,,"","ALMA","HY0757A1",30025,1002,"2024-02-07","2024-03-07","USD",93.00,90,"3XS:10|2XS:20|XS:20|S:10|M:10|L:10|XL:10"
290758,"2024-02-07 08:39:53.45","#HY0758",50.00,68.00,93.00,120.90,"2024-02-07","134724041","PO",4,,,,"","ALMA","HY0758A0",30026,1016,"2024-02-07","2024-03-07","USD",93.00,90,"3XS:10|2XS:20|XS:20|S:10|M:10|L:10|XL:10"
290759,"2024-02-07 08:39:53.45","#HY0759",50.00,68.00,93.00,120.90,"2024-02-07","134724041","PO",4,,,,"","ALMA","HY0759A1",30027,3002,"2024-02-07","2024-03-07","USD",93.00,90,"3XS:10|2XS:20|XS:20|S:10|M:10|L:10|XL:10"
290760,"2024-02-07 08:39:53.45","#HY0760",50.00,68.00,93.00,120.90,"2024-02-07","134724041","PO",4,,,,"","ALMA","HY0760A0",30066,4002,"2024-02-07","2024-03-07","USD",93.00,90,"3XS:10|2XS:20|XS:20|S:10|M:10|L:10|XL:10"
290761,"2024-02-07 08:39:53.45","#HY0761",50.00,68.00,93.00,120.90,"2024-02-07","134724041","PO",4,,,,"","ALMA","HY0761A1",30067,5002,"2024-02-07","2024-03-07","USD",93.00,90,"3XS:10|2XS:20|XS:20|S:10|M:10|L:10|XL:10"
290762,"2024-02-07 08:39:53.45","#HY0762",50.00,68.00,93.00,120.90,"2024-02-07","134724041","PO",4,,,,"","ALMA","HY0762A0",30068,6002,"2024-02-07","2024-03-07","USD",93.00,90,"3XS:10|2XS:20|XS:20|S:10|M:10|L:10|XL:10"
290763,"2024-02-07 08:39:53.45","#HY0763",50.00,68.00,93.00,120.90,"2024-02-07","134724041","PO",4,,,,"","ALMA","HY0763A1",30069,8002,"2024-02-07","2024-03-07","USD",93.00,90,"3XS:10|2XS:20|XS:20|S:10|M:10|L:10|XL:10"
290764,"2024-02-07 08:39:53.45","#HY0764",50.00,68.00,93.00,120.90,"2024-02-07","134724115","PO",4,,,,"","ALMA","HY0764A1",30025,1002,"2024-02-07","2024-03-07","USD",93.00,90,"3XS:10|2XS:20|XS:20|S:10|M:10|L:10|XL:10"
290765,"2024-02-07 08:39:53.45","#HY0765",50.00,68.00,93.00,120.90,"2024-02-07","134724115","PO",4,,,,"","ALMA","HY0765A0",30026,1016,"2024-02-07","2024-03-07","USD",93.00,90,"3XS:10|2XS:20|XS:20|S:10|M:10|L:10|XL:10"
290766,"2024-02-07 08:39:53.45","#HY0766",50.00,68.00,93.00,120.90,"2024-02-07","134724115","PO",4,,,,"","ALMA","HY0766A1",30027,3002,"2024-02-07","2024-03-07","USD",93.00,90,"3XS:10|2XS:20|XS:20|S:10|M:10|L:10|XL:10"
290767,"2024-02-07 08:39:53.45","#HY0767",50.00,68.00,93.00,120.90,"2024-02-07","134724115","PO",4,,,,"","ALMA","HY0767A0",30066,4002,"2024-02-07","2024-03-07","USD",93.00,90,"3XS:10|2XS:20|XS:20|S:10|M:10|L:10|XL:10"
290768,"2024-02-07 08:39:53.45","#HY0768",50.00,68.00,93.00,120.90,"2024-02-07","134724115","PO",4,,,,"","ALMA","HY0768A1",30067,5002,"2024-02-07","2024-03-07","USD",93.00,90,"3XS:10|2XS:20|XS:20|S:10|M:10|L:10|XL:10"
290769,"2024-02-07 08:39:53.45","#HY0769",50.00,68.00,93.00,120.90,"2024-02-07","134724115","PO",4,,,,"","ALMA","HY0769A0",30068,6002,"2024-02-07","2024-03-07","USD",93.00,90,"3XS:10|2XS:20|XS:20|S:10|M:10|L:10|XL:10"
290770,"2024-02-07 08:39:53.45","#HY0770",50.00,68.00,93.00,120.90,"2024-02-07","134724115","PO",4,,,,"","ALMA","HY0770A1",30069,8002,"2024-02-07","2024-03-07","USD",93.00,90,"3XS:10|2XS:20|XS:20|S:10|M:10|L:10|XL:10"
290771,"2024-02-07 08:39:53.45","#HY0771",50.00,68.00,93.00,120.90,"2024-02-07","134724250","PO",4,,,,"","ALMA","HY0771A1",30025,1002,"2024-02-07","2024-03-07","USD",93.00,90,"3XS:10|2XS:20|XS:20|S:10|M:10|L:10|XL:10"
290772,"2024-02-07 08:39:53.45","#HY0772",50.00,68.00,93.00,120.90,"2024-02-07","134724250","PO",4,,,,"","ALMA","HY0772A0",30026,1016,"2024-02-07","2024-03-07","USD",93.00,90,"3XS:10|2XS:20|XS:20|S:10|M:10|L:10|XL:10"
290773,"2024-02-07 08:39:53.45","#HY0773",50.00,68.00,93.00,120.90,"2024-02-07","134724250","PO",4,,,,"","ALMA","HY0773A1",30027,3002,"2024-02-07","2024-03-07","USD",93.00,90,"3XS:10|2XS:20|XS:20|S:10|M:10|L:10|XL:10"
290774,"2024-02-07 08:39:53.45","#HY0774",50.00,68.00,93.00,120.90,"2024-02-07","134724250","PO",4,,,,"","ALMA","HY0774A0",30066,4002,"2024-02-07","2024-03-07","USD",93.00,90,"3XS:10|2XS:20|XS:20|S:10|M:10|L:10|XL:10"
290775,"2024-02-07 08:39:53.45","#HY0775",50.00,68.00,93.00,120.90,"2024-02-07","134724250","PO",4,,,,"","ALMA","HY0775A1",30067,5002,"2024-02-07","2024-03-07","USD",93.00,90,"3XS:10|2XS:20|XS:20|S:10|M:10|L:10|XL:10"
290776,"2024-02-07 08:39:53.45","#HY0776",50.00,68.00,93.00,120.90,"2024-02-07","134724250","PO",4,,,,"","ALMA","HY0776A0",30068,6002,"2024-02-07","2024-03-07","USD",93.00,90,"3XS:10|2XS:20|XS:20|S:10|M:10|L:10|XL:10"
290777,"2024-02-07 08:39:53.45","#HY0777",50.00,68.00,93.00,120.90,"2024-02-07","134724250","PO",4,,,,"","ALMA","HY0777A1",30069,8002,"2024-02-07","2024-03-07","USD",93.00,90,"3XS:10|2XS:20|XS:20|S:10|M:10|L:10|XL:10"
290778,"2024-02-07 08:39:53.45","#HY0778",50.00,68.00,93.00,120.90,"2024-02-07","134724315","PO",4,,,,"","ALMA","HY0778A1",30025,1002,"2024-02-07","2024-03-07","USD",93.00,90,"3XS:10|2XS:20|XS:20|S:10|M:10|L:10|XL:10"
290779,"2024-02-07 08:39:53.45","#HY0779",50.00,68.00,93.00,120.90,"2024-02-07","134724315","PO",4,,,,"","ALMA","HY0779A0",30026,1016,"2024-02-07","2024-03-07","USD",93.00,90,"3XS:10|2XS:20|XS:20|S:10|M:10|L:10|XL:10"
290780,"2024-02-07 08:39:53.45","#HY0780",50.00,68.00,93.00,120.90,"2024-02-07","134724315","PO",4,,,,"","ALMA","HY0780A1",30027,3002,"2024-02-07","2024-03-07","USD",93.00,90,"3XS:10|2XS:20|XS:20|S:10|M:10|L:10|XL:10"
290781,"2024-02-07 08:39:53.45","#HY0781",50.00,68.00,93.00,120.90,"2024-02-07","134724315","PO",4,,,,"","ALMA","HY0781A0",30066,4002,"2024-02-07","2024-03-07","USD",93.00,90,"3XS:10|2XS:20|XS:20|S:10|M:10|L:10|XL:10"
290782,"2024-02-07 08:39:53.45","#HY0782",50.00,68.00,93.00,120.90,"2024-02-07","134724315","PO",4,,,,"","ALMA","HY0782A1",30067,5002,"2024-02-07","2024-03-07","USD",93.00,90,"3XS:10|2XS:20|XS:20|S:10|M:10|L:10|XL:10"
290783,"2024-02-07 08:39:53.45","#HY0783",50.00,68.00,93.00,120.90,"2024-02-07","134724315","PO",4,,,,"","ALMA","HY0783A0",30068,6002,"2024-02-07","2024-03-07","USD",93.00,90,"3XS:10|2XS:20|XS:20|S:10|M:10|L:10|XL:10"
290784,"2024-02-07 08:39:53.45","#HY0784",50.00,68.00,93.00,120.90,"2024-02-07","134724315","PO",4,,,,"","ALMA","HY0784A1",30069,8002,"2024-02-07","2024-03-07","USD",93.00,90,"3XS:10|2XS:20|XS:20|S:10|M:10|L:10|XL:10"
290785,"2024-02-07 08:39:53.45","#HY0785",50.00,68.00,93.00,120.90,"2024-02-07","134724456","PO",4,,,,"","ALMA","HY0785A1",30025,1002,"2024-02-07","2024-03-07","USD",93.00,90,"3XS:10|2XS:20|XS:20|S:10|M:10|L:10|XL:10"
290786,"2024-02-07 08:39:53.45","#HY0786",50.00,68.00,93.00,120.90,"2024-02-07","134724456","PO",4,,,,"","ALMA","HY0786A0",30026,1016,"2024-02-07","2024-03-07","USD",93.00,90,"3XS:10|2XS:20|XS:20|S:10|M:10|L:10|XL:10"
290787,"2024-02-07 08:39:53.45","#HY0787",50.00,68.00,93.00,120.90,"2024-02-07","134724456","PO",4,,,,"","ALMA","HY0787A1",30027,3002,"2024-02-07","2024-03-07","USD",93.00,90,"3XS:10|2XS:20|XS:20|S:10|M:10|L:10|XL:10"
290788,"2024-02-07 08:39:53.45","#HY0788",50.00,68.00,93.00,120.90,"2024-02-07","134724456","PO",4,,,,"","ALMA","HY0788A0",30066,4002,"2024-02-07","2024-03-07","USD",93.00,90,"3XS:10|2XS:20|XS:20|S:10|M:10|L:10|XL:10"
290789,"2024-02-07 08:39:53.45","#HY0789",50.00,68.00,93.00,120.90,"2024-02-07","134724456","PO",4,,,,"","ALMA","HY0789A1",30067,5002,"2024-02-07","2024-03-07","USD",93.00,90,"3XS:10|2XS:20|XS:20|S:10|M:10|L:10|XL:10"
290790,"2024-02-07 08:39:53.45","#HY0790",50.00,68.00,93.00,120.90,"2024-02-07","134724456","PO",4,,,,"","ALMA","HY0790A0",30068,6002,"2024-02-07","2024-03-07","USD",93.00,90,"3XS:10|2XS:20|XS:20|S:10|M:10|L:10|XL:10"
290791,"2024-02-07 08:39:53.45","#HY0791",50.00,68.00,93.00,120.90,"2024-02-07","134724456","PO",4,,,,"","ALMA","HY0791A1",30069,8002,"2024-02-07","2024-03-07","USD",93.00,90,"3XS:10|2XS:20|XS:20|S:10|M:10|L:10|XL:10"
290792,"2024-02-07 08:39:53.45","#HY0792",50.00,68.00,93.00,120.90,"2024-02-07","134724523","PO",4,,,,"","ALMA","HY0792A1",30025,1002,"2024-02-07","2024-03-07","USD",93.00,90,"3XS:10|2XS:20|XS:20|S:10|M:10|L:10|XL:10"
290793,"2024-02-07 08:39:53.45","#HY0793",50.00,68.00,93.00,120.90,"2024-02-07","134724523","PO",4,,,,"","ALMA","HY0793A0",30026,1016,"2024-02-07","2024-03-07","USD",93.00,90,"3XS:10|2XS:20|XS:20|S:10|M:10|L:10|XL:10"
290794,"2024-02-07 08:39:53.45","#HY0794",50.00,68.00,93.00,120.90,"2024-02-07","134724523","PO",4,,,,"","ALMA","HY0794A1",30027,3002,"2024-02-07","2024-03-07","USD",93.00,90,"3XS:10|2XS:20|XS:20|S:10|M:10|L:10|XL:10"
290795,"2024-02-07 08:39:53.45","#HY0795",50.00,68.00,93.00,120.90,"2024-02-07","134724523","PO",4,,,,"","ALMA","HY0795A0",30066,4002,"2024-02-07","2024-03-07","USD",93.00,90,"3XS:10|2XS:20|XS:20|S:10|M:10|L:10|XL:10"
290796,"2024-02-07 08:39:53.45","#HY0796",50.00,68.00,93.00,120.90,"2024-02-07","134724523","PO",4,,,,"","ALMA","HY0796A1",30067,5002,"2024-02-07","2024-03-07","USD",93.00,90,"3XS:10|2XS:20|XS:20|S:10|M:10|L:10|XL:10"
290797,"2024-02-07 08:39:53.45","#HY0797",50.00,68.00,93.00,120.90,"2024-02-07","134724523","PO",4,,,,"","ALMA","HY0797A0",30068,6002,"2024-02-07","2024-03-07","USD",93.00,90,"3XS:10|2XS:20|XS:20|S:10|M:10|L:10|XL:10"
290798,"2024-02-07 08:39:53.45","#HY0798",50.00,68.00,93.00,120.90,"2024-02-07","134724523","PO",4,,,,"","ALMA","HY0798A1",30069,8002,"2024-02-07","2024-03-07","USD",93.00,90,"3XS:10|2XS:20|XS:20|S:10|M:10|L:10|XL:10"
290799,"2024-02-07 08:39:53.45","#HY0799",50.00,68.00,93.00,120.90,"2024-02-07","134724671","PO",4,,,,"","ALMA","HY0799A1",30025,1002,"2024-02-07","2024-03-07","USD",93.00,90,"3XS:10|2XS:20|XS:20|S:10|M:10|L:10|XL:10"
290800,"2024-02-07 08:39:53.45","#HY0800",50.00,68.00,93.00,120.90,"2024-02-07","134724671","PO",4,,,,"","ALMA","HY0800A0",30026,1016,"2024-02-07","2024-03-07","USD",93.00,90,"3XS:10|2XS:20|XS:20|S:10|M:10|L:10|XL:10"
290801,"2024-02-07 08:39:53.45","#HY0801",50.00,68.00,93.00,120.90,"2024-02-07","134724671","PO",4,,,,"","ALMA","HY0801A1",30027,3002,"2024-02-07","2024-03-07","USD",93.00,90,"3XS:10|2XS:20|XS:20|S:10|M:10|L:10|XL:10"
290802,"2024-02-07 08:39:53.45","#HY0802",50.00,68.00,93.00,120.90,"2024-02-07","134724671","PO",4,,,,"","ALMA","HY0802A0",30066,4002,"2024-02-07","2024-03-07","USD",93.00,90,"3XS:10|2XS:20|XS:20|S:10|M:10|L:10|XL:10"
290803,"2024-02-07 08:39:53.45","#HY0803",50.00,68.00,93.00,120.90,"2024-02-07","134724671","PO",4,,,,"","ALMA","HY0803A1",30067,5002,"2024-02-07","2024-03-07","USD",93.00,90,"3XS:10|2XS:20|XS:20|S:10|M:10|L:10|XL:10"
290804,"2024-02-07 08:39:53.45","#HY0804",50.00,68.00,93.00,120.90,"2024-02-07","134724671","PO",4,,,,"","ALMA","HY0804A0",30068,6002,"2024-02-07","2024-03-07","USD",93.00,90,"3XS:10|2XS:20|XS:20|S:10|M:10|L:10|XL:10"
290805,"2024-02-07 08:39:53.45","#HY0805",50.00,68.00,93.00,120.90,"2024-02-07","134724671","PO",4,,,,"","ALMA","HY0805A1",30069,8002,"2024-02-07","2024-03-07","USD",93.00,90,"3XS:10|2XS:20|XS:20|S:10|M:10|L:10|XL:10"
290806,"2024-02-07 08:39:53.45","#HY0806",50.00,68.00,93.00,120.90,"2024-02-07","134724716","PO",4,,,,"","ALMA","HY0806A1",30025,1002,"2024-02-07","2024-03-07","USD",93.00,90,"3XS:10|2XS:20|XS:20|S:10|M:10|L:10|XL:10"
290807,"2024-02-07 08:39:53.45","#HY0807",50.00,68.00,93.00,120.90,"2024-02-07","134724716","PO",4,,,,"","ALMA","HY0807A0",30026,1016,"2024-02-07","2024-03-07","USD",93.00,90,"3XS:10|2XS:20|XS:20|S:10|M:10|L:10|XL:10"
290808,"2024-02-07 08:39:53.45","#HY0808",50.00,68.00,93.00,120.90,"2024-02-07","134724716","PO",4,,,,"","ALMA","HY0808A1",30027,3002,"2024-02-07","2024-03-07","USD",93.00,90,"3XS:10|2XS:20|XS:20|S:10|M:10|L:10|XL:10"
290809,"2024-02-07 08:39:53.45","#HY0809",50.00,68.00,93.00,120.90,"2024-02-07","134724716","PO",4,,,,"","ALMA","HY0809A0",30066,4002,"2024-02-07","2024-03-07","USD",93.00,90,"3XS:10|2XS:20|XS:20|S:10|M:10|L:10|XL:10"
290810,"2024-02-07 08:39:53.45","#HY0810",50.00,68.00,93.00,120.90,"2024-02-07","134724716","PO",4,,,,"","ALMA","HY0810A1",30067,5002,"2024-02-07","2024-03-07","USD",93.00,90,"3XS:10|2XS:20|XS:20|S:10|M:10|L:10|XL:10"
290811,"2024-02-07 08:39:53.45","#HY0811",50.00,68.00,93.00,120.90,"2024-02-07","134724716","PO",4,,,,"","ALMA","HY0811A0",30068,6002,"2024-02-07","2024-03-07","USD",93.00,90,"3XS:10|2XS:20|XS:20|S:10|M:10|L:10|XL:10"
290812,"2024-02-07 08:39:53.45","#HY0812",50.00,68.00,93.00,120.90,"2024-02-07","134724716","PO",4,,,,"","ALMA","HY0812A1",30069,8002,"2024-02-07","2024-03-07","USD",93.00,90,"3XS:10|2XS:20|XS:20|S:10|M:10|L:10|XL:10"
290813,"2024-02-07 08:39:53.45","#HY0813",50.00,68.00,93.00,120.90,"2024-02-07","134724901","PO",4,,,,"","ALMA","HY0813A1",30025,1002,"2024-02-07","2024-03-07","USD",93.00,90,"3XS:10|2XS:20|XS:20|S:10|M:10|L:10|XL:10"
290814,"2024-02-07 08:39:53.45","#HY0814",50.00,68.00,93.00,120.90,"2024-02-07","134724901","PO",4,,,,"","ALMA","HY0814A0",30026,1016,"2024-02-07","2024-03-07","USD",93.00,90,"3XS:10|2XS:20|XS:20|S:10|M:10|L:10|XL:10"
290815,"2024-02-07 08:39:53.45","#HY0815",50.00,68.00,93.00,120.90,"2024-02-07","134724901","PO",4,,,,"","ALMA","HY0815A1",30027,3002,"2024-02-07","2024-03-07","USD",93.00,90,"3XS:10|2XS:20|XS:20|S:10|M:10|L:10|XL:10"
290816,"2024-02-07 08:39:53.45","#HY0816",50.00,68.00,93.00,120.90,"2024-02-07","134724901","PO",4,,,,"","ALMA","HY0816A0",30066,4002,"2024-02-07","2024-03-07","USD",93.00,90,"3XS:10|2XS:20|XS:20|S:10|M:10|L:10|XL:10"
290817,"2024-02-07 08:39:53.45","#HY0817",50.00,68.00,93.00,120.90,"2024-02-07","134724901","PO",4,,,,"","ALMA","HY0817A1",30067,5002,"2024-02-07","2024-03-07","USD",93.00,90,"3XS:10|2XS:20|XS:20|S:10|M:10|L:10|XL:10"
290818,"2024-02-07 08:39:53.45","#HY0818",50.00,68.00,93.00,120.90,"2024-02-07","134724901","PO",4,,,,"","ALMA","HY0818A0",30068,6002,"2024-02-07","2024-03-07","USD",93.00,90,"3XS:10|2XS:20|XS:20|S:10|M:10|L:10|XL:10"
290819,"2024-02-07 08:39:53.45","#HY0819",50.00,68.00,93.00,120.90,"2024-02-07","134724901","PO",4,,,,"","ALMA","HY0819A1",30069,8002,"2024-02-07","2024-03-07","USD",93.00,90,"3XS:10|2XS:20|XS:20|S:10|M:10|L:10|XL:10"
290820,"2024-02-07 08:39:53.45","#HY0820",50.00,68.00,93.00,120.90,"2024-02-07","134724909","PO",4,,,,"","ALMA","HY0820A1",30025,1002,"2024-02-07","2024-03-07","USD",93.00,90,"3XS:10|2XS:20|XS:20|S:10|M:10|L:10|XL:10"
290821,"2024-02-07 08:39:53.45","#HY0821",50.00,68.00,93.00,120.90,"2024-02-07","134724909","PO",4,,,,"","ALMA","HY0821A0",30026,1016,"2024-02-07","2024-03-07","USD",93.00,90,"3XS:10|2XS:20|XS:20|S:10|M:10|L:10|XL:10"
290822,"2024-02-07 08:39:53.45","#HY0822",50.00,68.00,93.00,120.90,"2024-02-07","134724909","PO",4,,,,"","ALMA","HY0822A1",30027,3002,"2024-02-07","2024-03-07","USD",93.00,90,"3XS:10|2XS:20|XS:20|S:10|M:10|L:10|XL:10"
290823,"2024-02-07 08:39:53.45","#HY0823",50.00,68.00,93.00,120.90,"2024-02-07","134724909","PO",4,,,,"","ALMA","HY0823A0",30066,4002,"2024-02-07","2024-03-07","USD",93.00,90,"3XS:10|2XS:20|XS:20|S:10|M:10|L:10|XL:10"
290824,"2024-02-07 08:39:53.45","#HY0824",50.00,68.00,93.00,120.90,"2024-02-07","134724909","PO",4,,,,"","ALMA","HY0824A1",30067,5002,"2024-02-07","2024-03-07","USD",93.00,90,"3XS:10|2XS:20|XS:20|S:10|M:10|L:10|XL:10"
290825,"2024-02-07 08:39:53.45","#HY0825",50.00,68.00,93.00,120.90,"2024-02-07","134724909","PO",4,,,,"","ALMA","HY0825A0",30068,6002,"2024-02-07","2024-03-07","USD",93.00,90,"3XS:10|2XS:20|XS:20|S:10|M:10|L:10|XL:10"
290826,"2024-02-07 08:39:53.45","#HY0826",50.00,68.00,93.00,120.90,"2024-02-07","134724909","PO",4,,,,"","ALMA","HY0826A1",30069,8002,"2024-02-07","2024-03-07","USD",93.00,90,"3XS:10|2XS:20|XS:20|S:10|M:10|L:10|XL:10"
290827,"2024-02-07 08:39:53.45","#HY0827",50.00,68.00,93.00,120.90,"2024-02-07","134725107","PO",4,,,,"","ALMA","HY0827A1",30025,1002,"2024-02-07","2024-03-07","USD",93.00,90,"3XS:10|2XS:20|XS:20|S:10|M:10|L:10|XL:10"
290828,"2024-02-07 08:39:53.45","#HY0828",50.00,68.00,93.00,120.90,"2024-02-07","134725107","PO",4,,,,"","ALMA","HY0828A0",30026,1016,"2024-02-07","2024-03-07","USD",93.00,90,"3XS:10|2XS:20|XS:20|S:10|M:10|L:10|XL:10"
290829,"2024-02-07 08:39:53.45","#HY0829",50.00,68.00,93.00,120.90,"2024-02-07","134725107","PO",4,,,,"","ALMA","HY0829A1",30027,3002,"2024-02-07","2024-03-07","USD",93.00,90,"3XS:10|2XS:20|XS:20|S:10|M:10|L:10|XL:10"
290830,"2024-02-07 08:39:53.45","#HY0830",50.00,68.00,93.00,120.90,"2024-02-07","134725107","PO",4,,,,"","ALMA","HY0830A0",30066,4002,"2024-02-07","2024-03-07","USD",93.00,90,"3XS:10|2XS:20|XS:20|S:10|M:10|L:10|XL:10"
290831,"2024-02-07 08:39:53.45","#HY0831",50.00,68.00,93.00,120.90,"2024-02-07","134725107","PO",4,,,,"","ALMA","HY0831A1",30067,5002,"2024-02-07","2024-03-07","USD",93.00,90,"3XS:10|2XS:20|XS:20|S:10|M:10|L:10|XL:10"
290832,"2024-02-07 08:39:53.45","#HY0832",50.00,68.00,93.00,120.90,"2024-02-07","134725107","PO",4,,,,"","ALMA","HY0832A0",30068,6002,"2024-02-07","2024-03-07","USD",93.00,90,"3XS:10|2XS:20|XS:20|S:10|M:10|L:10|XL:10"
290833,"2024-02-07 08:39:53.45","#HY0833",50.00,68.00,93.00,120.90,"2024-02-07","134725107","PO",4,,,,"","ALMA","HY0833A1",30069,8002,"2024-02-07","2024-03-07","USD",93.00,90,"3XS:10|2XS:20|XS:20|S:10|M:10|L:10|XL:10"
290834,"2024-02-07 08:39:53.45","#HY0834",50.00,68.00,93.00,120.90,"2024-02-07","134725115","PO",4,,,,"","ALMA","HY0834A1",30025,1002,"2024-02-07","2024-03-07","USD",93.00,90,"3XS:10|2XS:20|XS:20|S:10|M:10|L:10|XL:10"
290835,"2024-02-07 08:39:53.45","#HY0835",50.00,68.00,93.00,120.90,"2024-02-07","134725115","PO",4,,,,"","ALMA","HY0835A0",30026,1016,"2024-02-07","2024-03-07","USD",93.00,90,"3XS:10|2XS:20|XS:20|S:10|M:10|L:10|XL:10"
290836,"2024-02-07 08:39:53.45","#HY0836",50.00,68.00,93.00,120.90,"2024-02-07","134725115","PO",4,,,,"","ALMA","HY0836A1",30027,3002,"2024-02-07","2024-03-07","USD",93.00,90,"3XS:10|2XS:20|XS:20|S:10|M:10|L:10|XL:10"
290837,"2024-02-07 08:39:53.45","#HY0837",50.00,68.00,93.00,120.90,"2024-02-07","134725115","PO",4,,,,"","ALMA","HY0837A0",30066,4002,"2024-02-07","2024-03-07","USD",93.00,90,"3XS:10|2XS:20|XS:20|S:10|M:10|L:10|XL:10"
290838,"2024-02-07 08:39:53.45","#HY0838",50.00,68.00,93.00,120.90,"2024-02-07","134725115","PO",4,,,,"","ALMA","HY0838A1",30067,5002,"2024-02-07","2024-03-07","USD",93.00,90,"3XS:10|2XS:20|XS:20|S:10|M:10|L:10|XL:10"
290839,"2024-02-07 08:39:53.45","#HY0839",50.00,68.00,93.00,120.90,"2024-02-07","134725115","PO",4,,,,"","ALMA","HY0839A0",30068,6002,"2024-02-07","2024-03-07","USD",93.00,90,"3XS:10|2XS:20|XS:20|S:10|M:10|L:10|XL:10"
290840,"2024-02-07 08:39:53.45","#HY0840",50.00,68.00,93.00,120.90,"2024-02-07","134725115","PO",4,,,,"","ALMA","HY0840A1",30069,8002,"2024-02-07","2024-03-07","USD",93.00,90,"3XS:10|2XS:20|XS:20|S:10|M:10|L:10|XL:10"
290841,"2024-02-07 08:39:53.45","#HY0841",50.00,68.00,93.00,120.90,"2024-02-07","134725300","PO",4,,,,"","ALMA","HY0841A1",30025,1002,"2024-02-07","2024-03-07","USD",93.00,90,"3XS:10|2XS:20|XS:20|S:10|M:10|L:10|XL:10"
290842,"2024-02-07 08:39:53.45","#HY0842",50.00,68.00,93.00,120.90,"2024-02-07","134725300","PO",4,,,,"","ALMA","HY0842A0",30026,1016,"2024-02-07","2024-03-07","USD",93.00,90,"3XS:10|2XS:20|XS:20|S:10|M:10|L:10|XL:10"
290843,"2024-02-07 08:39:53.45","#HY0843",50.00,68.00,93.00,120.90,"2024-02-07","134725300","PO",4,,,,"","ALMA","HY0843A1",30027,3002,"2024-02-07","2024-03-07","USD",93.00,90,"3XS:10|2XS:20|XS:20|S:10|M:10|L:10|XL:10"
290844,"2024-02-07 08:39:53.45","#HY0844",50.00,68.00,93.00,120.90,"2024-02-07","134725300","PO",4,,,,"","ALMA","HY0844A0",30066,4002,"2024-02-07","2024-03-07","USD",93.00,90,"3XS:10|2XS:20|XS:20|S:10|M:10|L:10|XL:10"
290845,"2024-02-07 08:39:53.45","#HY0845",50.00,68.00,93.00,120.90,"2024-02-07","134725300","PO",4,,,,"","ALMA","HY0845A1",30067,5002,"2024-02-07","2024-03-07","USD",93.00,90,"3XS:10|2XS:20|XS:20|S:10|M:10|L:10|XL:10"
290846,"2024-02-07 08:39:53.45","#HY0846",50.00,68.00,93.00,120.90,"2024-02-07","134725300","PO",4,,,,"","ALMA","HY0846A0",30068,6002,"2024-02-07","2024-03-07","USD",93.00,90,"3XS:10|2XS:20|XS:20|S:10|M:10|L:10|XL:10"
290847,"2024-02-07 08:39:53.45","#HY0847",50.00,68.00,93.00,120.90,"2024-02-07","134725300","PO",4,,,,"","ALMA","HY0847A1",30069,8002,"2024-02-07","2024-03-07","USD",93.00,90,"3XS:10|2XS:20|XS:20|S:10|M:10|L:10|XL:10"
290848,"2024-02-07 08:39:53.45","#HY0848",50.00,68.00,93.00,120.90,"2024-02-07","134725362","PO",4,,,,"","ALMA","HY0848A1",30025,1002,"2024-02-07","2024-03-07","USD",93.00,90,"3XS:10|2XS:20|XS:20|S:10|M:10|L:10|XL:10"
290849,"2024-02-07 08:39:53.45","#HY0849",50.00,68.00,93.00,120.90,"2024-02-07","134725362","PO",4,,,,"","ALMA","HY0849A0",30026,1016,"2024-02-07","2024-03-07","USD",93.00,90,"3XS:10|2XS:20|XS:20|S:10|M:10|L:10|XL:10"
290850,"2024-02-07 08:39:53.45","#HY0850",50.00,68.00,93.00,120.90,"2024-02-07","134725362","PO",4,,,,"","ALMA","HY0850A1",30027,3002,"2024-02-07","2024-03-07","USD",93.00,90,"3XS:10|2XS:20|XS:20|S:10|M:10|L:10|XL:10"
290851,"2024-02-07 08:39:53.45","#HY0851",50.00,68.00,93.00,120.90,"2024-02-07","134725362","PO",4,,,,"","ALMA","HY0851A0",30066,4002,"2024-02-07","2024-03-07","USD",93.00,90,"3XS:10|2XS:20|XS:20|S:10|M:10|L:10|XL:10"
290852,"2024-02-07 08:39:53.45","#HY0852",50.00,68.00,93.00,120.90,"2024-02-07","134725362","PO",4,,,,"","ALMA","HY0852A1",30067,5002,"2024-02-07","2024-03-07","USD",93.00,90,"3XS:10|2XS:20|XS:20|S:10|M:10|L:10|XL:10"
290853,"2024-02-07 08:39:53.45","#HY0853",50.00,68.00,93.00,120.90,"2024-02-07","134725362","PO",4,,,,"","ALMA","HY0853A0",30068,6002,"2024-02-07","2024-03-07","USD",93.00,90,"3XS:10|2XS:20|XS:20|S:10|M:10|L:10|XL:10"
290854,"2024-02-07 08:39:53.45","#HY0854",50.00,68.00,93.00,120.90,"2024-02-07","134725362","PO",4,,,,"","ALMA","HY0854A1",30069,8002,"2024-02-07","2024-03-07","USD",93.00,90,"3XS:10|2XS:20|XS:20|S:10|M:10|L:10|XL:10"
290855,"2024-02-07 08:39:53.45","#HY0855",50.00,68.00,93.00,120.90,"2024-02-07","134725514","PO",4,,,,"","ALMA","HY0855A1",30025,1002,"2024-02-07","2024-03-07","USD",93.00,90,"3XS:10|2XS:20|XS:20|S:10|M:10|L:10|XL:10"
290856,"2024-02-07 08:39:53.45","#HY0856",50.00,68.00,93.00,120.90,"2024-02-07","134725514","PO",4,,,,"","ALMA","HY0856A0",30026,1016,"2024-02-07","2024-03-07","USD",93.00,90,"3XS:10|2XS:20|XS:20|S:10|M:10|L:10|XL:10"
290857,"2024-02-07 08:39:53.45","#HY0857",50.00,68.00,93.00,120.90,"2024-02-07","134725514","PO",4,,,,"","ALMA","HY0857A1",30027,3002,"2024-02-07","2024-03-07","USD",93.00,90,"3XS:10|2XS:20|XS:20|S:10|M:10|L:10|XL:10"
290858,"2024-02-07 08:39:53.45","#HY0858",50.00,68.00,93.00,120.90,"2024-02-07","134725514","PO",4,,,,"","ALMA","HY0858A0",30066,4002,"2024-02-07","2024-03-07","USD",93.00,90,"3XS:10|2XS:20|XS:20|S:10|M:10|L:10|XL:10"
290859,"2024-02-07 08:39:53.45","#HY0859",50.00,68.00,93.00,120.90,"2024-02-07","134725514","PO",4,,,,"","ALMA","HY0859A1",30067,5002,"2024-02-07","2024-03-07","USD",93.00,90,"3XS:10|2XS:20|XS:20|S:10|M:10|L:10|XL:10"
290860,"2024-02-07 08:39:53.45","#HY0860",50.00,68.00,93.00,120.90,"2024-02-07","134725514","PO",4,,,,"","ALMA","HY0860A0",30068,6002,"2024-02-07","2024-03-07","USD",93.00,90,"3XS:10|2XS:20|XS:20|S:10|M:10|L:10|XL:10"
290861,"2024-02-07 08:39:53.45","#HY0861",50.00,68.00,93.00,120.90,"2024-02-07","134725514","PO",4,,,,"","ALMA","HY0861A1",30069,8002,"2024-02-07","2024-03-07","USD",93.00,90,"3XS:10|2XS:20|XS:20|S:10|M:10|L:10|XL:10"
290862,"2024-02-07 08:39:53.45","#HY0862",50.00,68.00,93.00,120.90,"2024-02-07","134725569","PO",4,,,,"","ALMA","HY0862A1",30025,1002,"2024-02-07","2024-03-07","USD",93.00,90,"3XS:10|2XS:20|XS:20|S:10|M:10|L:10|XL:10"
290863,"2024-02-07 08:39:53.45","#HY0863",50.00,68.00,93.00,120.90,"2024-02-07","134725569","PO",4,,,,"","ALMA","HY0863A0",30026,1016,"2024-02-07","2024-03-07","USD",93.00,90,"3XS:10|2XS:20|XS:20|S:10|M:10|L:10|XL:10"
290864,"2024-02-07 08:39:53.45","#HY0864",50.00,68.00,93.00,120.90,"2024-02-07","134725569","PO",4,,,,"","ALMA","HY0864A1",30027,3002,"2024-02-07","2024-03-07","USD",93.00,90,"3XS:10|2XS:20|XS:20|S:10|M:10|L:10|XL:10"
290865,"2024-02-07 08:39:53.45","#HY0865",50.00,68.00,93.00,120.90,"2024-02-07","134725569","PO",4,,,,"","ALMA","HY0865A0",30066,4002,"2024-02-07","2024-03-07","USD",93.00,90,"3XS:10|2XS:20|XS:20|S:10|M:10|L:10|XL:10"
290866,"2024-02-07 08:39:53.45","#HY0866",50.00,68.00,93.00,120.90,"2024-02-07","134725569","PO",4,,,,"","ALMA","HY0866A1",30067,5002,"2024-02-07","2024-03-07","USD",93.00,90,"3XS:10|2XS:20|XS:20|S:10|M:10|L:10|XL:10"
290867,"2024-02-07 08:39:53.45","#HY0867",50.00,68.00,93.00,120.90,"2024-02-07","134725569","PO",4,,,,"","ALMA","HY0867A0",30068,6002,"2024-02-07","2024-03-07","USD",93.00,90,"3XS:10|2XS:20|XS:20|S:10|M:10|L:10|XL:10"
290868,"2024-02-07 08:39:53.45","#HY0868",50.00,68.00,93.00,120.90,"2024-02-07","134725569","PO",4,,,,"","ALMA","HY0868A1",30069,8002,"2024-02-07","2024-03-07","USD",93.00,90,"3XS:10|2XS:20|XS:20|S:10|M:10|L:10|XL:10"
290869,"2024-02-07 08:39:53.45","#HY0869",50.00,68.00,93.00,120.90,"2024-02-07","134725714","PO",4,,,,"","ALMA","HY0869A1",30025,1002,"2024-02-07","2024-03-07","USD",93.00,90,"3XS:10|2XS:20|XS:20|S:10|M:10|L:10|XL:10"
290870,"2024-02-07 08:39:53.45","#HY0870",50.00,68.00,93.00,120.90,"2024-02-07","134725714","PO",4,,,,"","ALMA","HY0870A0",30026,1016,"2024-02-07","2024-03-07","USD",93.00,90,"3XS:10|2XS:20|XS:20|S:10|M:10|L:10|XL:10"
290871,"2024-02-07 08:39:53.45","#HY0871",50.00,68.00,93.00,120.90,"2024-02-07","134725714","PO",4,,,,"","ALMA","HY0871A1",30027,3002,"2024-02-07","2024-03-07","USD",93.00,90,"3XS:10|2XS:20|XS:20|S:10|M:10|L:10|XL:10"
290872,"2024-02-07 08:39:53.45","#HY0872",50.00,68.00,93.00,120.90,"2024-02-07","134725714","PO",4,,,,"","ALMA","HY0872A0",30066,4002,"2024-02-07","2024-03-07","USD",93.00,90,"3XS:10|2XS:20|XS:20|S:10|M:10|L:10|XL:10"
290873,"2024-02-07 08:39:53.45","#HY0873",50.00,68.00,93.00,120.90,"2024-02-07","134725714","PO",4,,,,"","ALMA","HY0873A1",30067,5002,"2024-02-07","2024-03-07","USD",93.00,90,"3XS:10|2XS:20|XS:20|S:10|M:10|L:10|XL:10"
290874,"2024-02-07 08:39:53.45","#HY0874",50.00,68.00,93.00,120.90,"2024-02-07","134725714","PO",4,,,,"","ALMA","HY0874A0",30068,6002,"2024-02-07","2024-03-07","USD",93.00,90,"3XS:10|2XS:20|XS:20|S:10|M:10|L:10|XL:10"
290875,"2024-02-07 08:39:53.45","#HY0875",50.00,68.00,93.00,120.90,"2024-02-07","134725714","PO",4,,,,"","ALMA","HY0875A1",30069,8002,"2024-02-07","2024-03-07","USD",93.00,90,"3XS:10|2XS:20|XS:20|S:10|M:10|L:10|XL:10"
290876,"2024-02-07 08:39:53.45","#HY0876",50.00,68.00,93.00,120.90,"2024-02-07","134725793","PO",4,,,,"","ALMA","HY0876A1",30025,1002,"2024-02-07","2024-03-07","USD",93.00,90,"3XS:10|2XS:20|XS:20|S:10|M:10|L:10|XL:10"
290877,"2024-02-07 08:39:53.45","#HY0877",50.00,68.00,93.00,120.90,"2024-02-07","134725793","PO",4,,,,"","ALMA","HY0877A0",30026,1016,"2024-02-07","2024-03-07","USD",93.00,90,"3XS:10|2XS:20|XS:20|S:10|M:10|L:10|XL:10"
290878,"2024-02-07 08:39:53.45","#HY0878",50.00,68.00,93.00,120.90,"2024-02-07","134725793","PO",4,,,,"","ALMA","HY0878A1",30027,3002,"2024-02-07","2024-03-07","USD",93.00,90,"3XS:10|2XS:20|XS:20|S:10|M:10|L:10|XL:10"
290879,"2024-02-07 08:39:53.45","#HY0879",50.00,68.00,93.00,120.90,"2024-02-07","134725793","PO",4,,,,"","ALMA","HY0879A0",30066,4002,"2024-02-07","2024-03-07","USD",93.00,90,"3XS:10|2XS:20|XS:20|S:10|M:10|L:10|XL:10"
290880,"2024-02-07 08:39:53.45","#HY0880",50.00,68.00,93.00,120.90,"2024-02-07","134725793","PO",4,,,,"","ALMA","HY0880A1",30067,5002,"2024-02-07","2024-03-07","USD",93.00,90,"3XS:10|2XS:20|XS:20|S:10|M:10|L:10|XL:10"
290881,"2024-02-07 08:39:53.45","#HY0881",50.00,68.00,93.00,120.90,"2024-02-07","134725793","PO",4,,,,"","ALMA","HY0881A0",30068,6002,"2024-02-07","2024-03-07","USD",93.00,90,"3XS:10|2XS:20|XS:20|S:10|M:10|L:10|XL:10"
290882,"2024-02-07 08:39:53.45","#HY0882",50.00,68.00,93.00,120.90,"2024-02-07","134725793","PO",4,,,,"","ALMA","HY0882A1",30069,8002,"2024-02-07","2024-03-07","USD",93.00,90,"3XS:10|2XS:20|XS:20|S:10|M:10|L:10|XL:10"
290883,"2024-02-07 08:39:53.45","#HY0883",50.00,68.00,93.00,120.90,"2024-02-07","134725914","PO",4,,,,"","ALMA","HY0883A1",30025,1002,"2024-02-07","2024-03-07","USD",93.00,90,"3XS:10|2XS:20|XS:20|S:10|M:10|L:10|XL:10"
290884,"2024-02-07 08:39:53.45","#HY0884",50.00,68.00,93.00,120.90,"2024-02-07","134725914","PO",4,,,,"","ALMA","HY0884A0",30026,1016,"2024-02-07","2024-03-07","USD",93.00,90,"3XS:10|2XS:20|XS:20|S:10|M:10|L:10|XL:10"
290885,"2024-02-07 08:39:53.45","#HY0885",50.00,68.00,93.00,120.90,"2024-02-07","134725914","PO",4,,,,"","ALMA","HY0885A1",30027,3002,"2024-02-07","2024-03-07","USD",93.00,90,"3XS:10|2XS:20|XS:20|S:10|M:10|L:10|XL:10"
290886,"2024-02-07 08:39:53.45","#HY0886",50.00,68.00,93.00,120.90,"2024-02-07","134725914","PO",4,,,,"","ALMA","HY0886A0",30066,4002,"2024-02-07","2024-03-07","USD",93.00,90,"3XS:10|2XS:20|XS:20|S:10|M:10|L:10|XL:10"
290887,"2024-02-07 08:39:53.45","#HY0887",50.00,68.00,93.00,120.90,"2024-02-07","134725914","PO",4,,,,"","ALMA","HY0887A1",30067,5002,"2024-02-07","2024-03-07","USD",93.00,90,"3XS:10|2XS:20|XS:20|S:10|M:10|L:10|XL:10"
290888,"2024-02-07 08:39:53.45","#HY0888",50.00,68.00,93.00,120.90,"2024-02-07","134725914","PO",4,,,,"","ALMA","HY0888A0",30068,6002,"2024-02-07","2024-03-07","USD",93.00,90,"3XS:10|2XS:20|XS:20|S:10|M:10|L:10|XL:10"
290889,"2024-02-07 08:39:53.45","#HY0889",50.00,68.00,93.00,120.90,"2024-02-07","134725914","PO",4,,,,"","ALMA","HY0889A1",30069,8002,"2024-02-07","2024-03-07","USD",93.00,90,"3XS:10|2XS:20|XS:20|S:10|M:10|L:10|XL:10"
290890,"2024-02-07 08:39:53.45","#HY0890",50.00,68.00,93.00,120.90,"2024-02-07","134725992","PO",4,,,,"","ALMA","HY0890A1",30025,1002,"2024-02-07","2024-03-07","USD",93.00,90,"3XS:10|2XS:20|XS:20|S:10|M:10|L:10|XL:10"
290891,"2024-02-07 08:39:53.45","#HY0891",50.00,68.00,93.00,120.90,"2024-02-07","134725992","PO",4,,,,"","ALMA","HY0891A0",30026,1016,"2024-02-07","2024-03-07","USD",93.00,90,"3XS:10|2XS:20|XS:20|S:10|M:10|L:10|XL:10"
290892,"2024-02-07 08:39:53.45","#HY0892",50.00,68.00,93.00,120.90,"2024-02-07","134725992","PO",4,,,,"","ALMA","HY0892A1",30027,3002,"2024-02-07","2024-03-07","USD",93.00,90,"3XS:10|2XS:20|XS:20|S:10|M:10|L:10|XL:10"
290893,"2024-02-07 08:39:53.45","#HY0893",50.00,68.00,93.00,120.90,"2024-02-07","134725992","PO",4,,,,"","ALMA","HY0893A0",30066,4002,"2024-02-07","2024-03-07","USD",93.00,90,"3XS:10|2XS:20|XS:20|S:10|M:10|L:10|XL:10"
290894,"2024-02-07 08:39:53.45","#HY0894",50.00,68.00,93.00,120.90,"2024-02-07","134725992","PO",4,,,,"","ALMA","HY0894A1",30067,5002,"2024-02-07","2024-03-07","USD",93.00,90,"3XS:10|2XS:20|XS:20|S:10|M:10|L:10|XL:10"
290895,"2024-02-07 08:39:53.45","#HY0895",50.00,68.00,93.00,120.90,"2024-02-07","134725992","PO",4,,,,"","ALMA","HY0895A0",30068,6002,"2024-02-07","2024-03-07","USD",93.00,90,"3XS:10|2XS:20|XS:20|S:10|M:10|L:10|XL:10"
290896,"2024-02-07 08:39:53.45","#HY0896",50.00,68.00,93.00,120.90,"2024-02-07","134725992","PO",4,,,,"","ALMA","HY0896A1",30069,8002,"2024-02-07","2024-03-07","USD",93.00,90,"3XS:10|2XS:20|XS:20|S:10|M:10|L:10|XL:10"
290897,"2024-02-07 08:39:53.45","#HY0897",50.00,68.00,93.00,120.90,"2024-02-07","134726120","PO",4,,,,"","ALMA","HY0897A1",30025,1002,"2024-02-07","2024-03-07","USD",93.00,90,"3XS:10|2XS:20|XS:20|S:10|M:10|L:10|XL:10"
290898,"2024-02-07 08:39:53.45","#HY0898",50.00,68.00,93.00,120.90,"2024-02-07","134726120","PO",4,,,,"","ALMA","HY0898A0",30026,1016,"2024-02-07","2024-03-07","USD",93.00,90,"3XS:10|2XS:20|XS:20|S:10|M:10|L:10|XL:10"
290899,"2024-02-07 08:39:53.45","#HY0899",50.00,68.00,93.00,120.90,"2024-02-07","134726120","PO",4,,,,"","ALMA","HY0899A1",30027,3002,"2024-02-07","2024-03-07","USD",93.00,90,"3XS:10|2XS:20|XS:20|S:10|M:10|L:10|XL:10"
290900,"2024-02-07 08:39:53.45","#HY0900",50.00,68.00,93.00,120.90,"2024-02-07","134726120","PO",4,,,,"","ALMA","HY0900A0",30066,4002,"2024-02-07","2024-03-07","USD",93.00,90,"3XS:10|2XS:20|XS:20|S:10|M:10|L:10|XL:10"
290901,"2024-02-07 08:39:53.45","#HY0901",50.00,68.00,93.00,120.90,"2024-02-07","134726120","PO",4,,,,"","ALMA","HY0901A1",30067,5002,"2024-02-07","2024-03-07","USD",93.00,90,"3XS:10|2XS:20|XS:20|S:10|M:10|L:10|XL:10"
290902,"2024-02-07 08:39:53.45","#HY0902",50.00,68.00,93.00,120.90,"2024-02-07","134726120","PO",4,,,,"","ALMA","HY0902A0",30068,6002,"2024-02-07","2024-03-07","USD",93.00,90,"3XS:10|2XS:20|XS:20|S:10|M:10|L:10|XL:10"
290903,"2024-02-07 08:39:53.45","#HY0903",50.00,68.00,93.00,120.90,"2024-02-07","134726120","PO",4,,,,"","ALMA","HY0903A1",30069,8002,"2024-02-07","2024-03-07","USD",93.00,90,"3XS:10|2XS:20|XS:20|S:10|M:10|L:10|XL:10"
290904,"2024-02-07 08:39:53.45","#HY0904",50.00,68.00,93.00,120.90,"2024-02-07","134726206","PO",4,,,,"","ALMA","HY0904A1",30025,1002,"2024-02-07","2024-03-07","USD",93.00,90,"3XS:10|2XS:20|XS:20|S:10|M:10|L:10|XL:10"
290905,"2024-02-07 08:39:53.45","#HY0905",50.00,68.00,93.00,120.90,"2024-02-07","134726206","PO",4,,,,"","ALMA","HY0905A0",30026,1016,"2024-02-07","2024-03-07","USD",93.00,90,"3XS:10|2XS:20|XS:20|S:10|M:10|L:10|XL:10"
290906,"2024-02-07 08:39:53.45","#HY0906",50.00,68.00,93.00,120.90,"2024-02-07","134726206","PO",4,,,,"","ALMA","HY0906A1",30027,3002,"2024-02-07","2024-03-07","USD",93.00,90,"3XS:10|2XS:20|XS:20|S:10|M:10|L:10|XL:10"
290907,"2024-02-07 08:39:53.45","#HY0907",50.00,68.00,93.00,120.90,"2024-02-07","134726206","PO",4,,,,"","ALMA","HY0907A0",30066,4002,"2024-02-07","2024-03-07","USD",93.00,90,"3XS:10|2XS:20|XS:20|S:10|M:10|L:10|XL:10"
290908,"2024-02-07 08:39:53.45","#HY0908",50.00,68.00,93.00,120.90,"2024-02-07","134726206","PO",4,,,,"","ALMA","HY0908A1",30067,5002,"2024-02-07","2024-03-07","USD",93.00,90,"3XS:10|2XS:20|XS:20|S:10|M:10|L:10|XL:10"
290909,"2024-02-07 08:39:53.45","#HY0909",50.00,68.00,93.00,120.90,"2024-02-07","134726206","PO",4,,,,"","ALMA","HY0909A0",30068,6002,"2024-02-07","2024-03-07","USD",93.00,90,"3XS:10|2XS:20|XS:20|S:10|M:10|L:10|XL:10"
290910,"2024-02-07 08:39:53.45","#HY0910",50.00,68.00,93.00,120.90,"2024-02-07","134726206","PO",4,,,,"","ALMA","HY0910A1",30069,8002,"2024-02-07","2024-03-07","USD",93.00,90,"3XS:10|2XS:20|XS:20|S:10|M:10|L:10|XL:10"
290911,"2024-02-07 08:39:53.45","#HY0911",50.00,68.00,93.00,120.90,"2024-02-07","134726330","PO",4,,,,"","ALMA","HY0911A1",30025,1002,"2024-02-07","2024-03-07","USD",93.00,90,"3XS:10|2XS:20|XS:20|S:10|M:10|L:10|XL:10"
290912,"2024-02-07 08:39:53.45","#HY0912",50.00,68.00,93.00,120.90,"2024-02-07","134726330","PO",4,,,,"","ALMA","HY0912A0",30026,1016,"2024-02-07","2024-03-07","USD",93.00,90,"3XS:10|2XS:20|XS:20|S:10|M:10|L:10|XL:10"
290913,"2024-02-07 08:39:53.45","#HY0913",50.00,68.00,93.00,120.90,"2024-02-07","134726330","PO",4,,,,"","ALMA","HY0913A1",30027,3002,"2024-02-07","2024-03-07","USD",93.00,90,"3XS:10|2XS:20|XS:20|S:10|M:10|L:10|XL:10"
290914,"2024-02-07 08:39:53.45","#HY0914",50.00,68.00,93.00,120.90,"2024-02-07","134726330","PO",4,,,,"","ALMA","HY0914A0",30066,4002,"2024-02-07","2024-03-07","USD",93.00,90,"3XS:10|2XS:20|XS:20|S:10|M:10|L:10|XL:10"
290915,"2024-02-07 08:39:53.45","#HY0915",50.00,68.00,93.00,120.90,"2024-02-07","134726330","PO",4,,,,"","ALMA","HY0915A1",30067,5002,"2024-02-07","2024-03-07","USD",93.00,90,"3XS:10|2XS:20|XS:20|S:10|M:10|L:10|XL:10"
290916,"2024-02-07 08:39:53.45","#HY0916",50.00,68.00,93.00,120.90,"2024-02-07","134726330","PO",4,,,,"","ALMA","HY0916A0",30068,6002,"2024-02-07","2024-03-07","USD",93.00,90,"3XS:10|2XS:20|XS:20|S:10|M:10|L:10|XL:10"
290917,"2024-02-07 08:39:53.45","#HY0917",50.00,68.00,93.00,120.90,"2024-02-07","134726330","PO",4,,,,"","ALMA","HY0917A1",30069,8002,"2024-02-07","2024-03-07","USD",93.00,90,"3XS:10|2XS:20|XS:20|S:10|M:10|L:10|XL:10"
290918,"2024-02-07 08:39:53.45","#HY0918",50.00,68.00,93.00,120.90,"2024-02-07","134726416","PO",4,,,,"","ALMA","HY0918A1",30025,1002,"2024-02-07","2024-03-07","USD",93.00,90,"3XS:10|2XS:20|XS:20|S:10|M:10|L:10|XL:10"
290919,"2024-02-07 08:39:53.45","#HY0919",50.00,68.00,93.00,120.90,"2024-02-07","134726416","PO",4,,,,"","ALMA","HY0919A0",30026,1016,"2024-02-07","2024-03-07","USD",93.00,90,"3XS:10|2XS:20|XS:20|S:10|M:10|L:10|XL:10"
290920,"2024-02-07 08:39:53.45","#HY0920",50.00,68.00,93.00,120.90,"2024-02-07","134726416","PO",4,,,,"","ALMA","HY0920A1",30027,3002,"2024-02-07","2024-03-07","USD",93.00,90,"3XS:10|2XS:20|XS:20|S:10|M:10|L:10|XL:10"
290921,"2024-02-07 08:39:53.45","#HY0921",50.00,68.00,93.00,120.90,"2024-02-07","134726416","PO",4,,,,"","ALMA","HY0921A0",30066,4002,"2024-02-07","2024-03-07","USD",93.00,90,"3XS:10|2XS:20|XS:20|S:10|M:10|L:10|XL:10"
290922,"2024-02-07 08:39:53.45","#HY0922",50.00,68.00,93.00,120.90,"2024-02-07","134726416","PO",4,,,,"","ALMA","HY0922A1",30067,5002,"2024-02-07","2024-03-07","USD",93.00,90,"3XS:10|2XS:20|XS:20|S:10|M:10|L:10|XL:10"
290923,"2024-02-07 08:39:53.45","#HY0923",50.00,68.00,93.00,120.90,"2024-02-07","134726416","PO",4,,,,"","ALMA","HY0923A0",30068,6002,"2024-02-07","2024-03-07","USD",93.00,90,"3XS:10|2XS:20|XS:20|S:10|M:10|L:10|XL:10"
290924,"2024-02-07 08:39:53.45","#HY0924",50.00,68.00,93.00,120.90,"2024-02-07","134726416","PO",4,,,,"","ALMA","HY0924A1",30069,8002,"2024-02-07","2024-03-07","USD",93.00,90,"3XS:10|2XS:20|XS:20|S:10|M:10|L:10|XL:10"
290925,"2024-02-07 08:39:53.45","#HY0925",50.00,68.00,93.00,120.90,"2024-02-07","134726529","PO",4,,,,"","ALMA","HY0925A1",30025,1002,"2024-02-07","2024-03-07","USD",93.00,90,"3XS:10|2XS:20|XS:20|S:10|M:10|L:10|XL:10"
290926,"2024-02-07 08:39:53.45","#HY0926",50.00,68.00,93.00,120.90,"2024-02-07","134726529","PO",4,,,,"","ALMA","HY0926A0",30026,1016,"2024-02-07","2024-03-07","USD",93.00,90,"3XS:10|2XS:20|XS:20|S:10|M:10|L:10|XL:10"
290927,"2024-02-07 08:39:53.45","#HY0927",50.00,68.00,93.00,120.90,"2024-02-07","134726529","PO",4,,,,"","ALMA","HY0927A1",30027,3002,"2024-02-07","2024-03-07","USD",93.00,90,"3XS:10|2XS:20|XS:20|S:10|M:10|L:10|XL:10"
290928,"2024-02-07 08:39:53.45","#HY0928",50.00,68.00,93.00,120.90,"2024-02-07","134726529","PO",4,,,,"","ALMA","HY0928A0",30066,4002,"2024-02-07","2024-03-07","USD",93.00,90,"3XS:10|2XS:20|XS:20|S:10|M:10|L:10|XL:10"
290929,"2024-02-07 08:39:53.45","#HY0929",50.00,68.00,93.00,120.90,"2024-02-07","134726529","PO",4,,,,"","ALMA","HY0929A1",30067,5002,"2024-02-07","2024-03-07","USD",93.00,90,"3XS:10|2XS:20|XS:20|S:10|M:10|L:10|XL:10"
290930,"2024-02-07 08:39:53.45","#HY0930",50.00,68.00,93.00,120.90,"2024-02-07","134726529","PO",4,,,,"","ALMA","HY0930A0",30068,6002,"2024-02-07","2024-03-07","USD",93.00,90,"3XS:10|2XS:20|XS:20|S:10|M:10|L:10|XL:10"
290931,"2024-02-07 08:39:53.45","#HY0931",50.00,68.00,93.00,120.90,"2024-02-07","134726529","PO",4,,,,"","ALMA","HY0931A1",30069,8002,"2024-02-07","2024-03-07","USD",93.00,90,"3XS:10|2XS:20|XS:20|S:10|M:10|L:10|XL:10"
290932,"2024-02-07 08:39:53.45","#HY0932",50.00,68.00,93.00,120.90,"2024-02-07","134726634","PO",4,,,,"","ALMA","HY0932A1",30025,1002,"2024-02-07","2024-03-07","USD",93.00,90,"3XS:10|2XS:20|XS:20|S:10|M:10|L:10|XL:10"
290933,"2024-02-07 08:39:53.45","#HY0933",50.00,68.00,93.00,120.90,"2024-02-07","134726634","PO",4,,,,"","ALMA","HY0933A0",30026,1016,"2024-02-07","2024-03-07","USD",93.00,90,"3XS:10|2XS:20|XS:20|S:10|M:10|L:10|XL:10"
290934,"2024-02-07 08:39:53.45","#HY0934",50.00,68.00,93.00,120.90,"2024-02-07","134726634","PO",4,,,,"","ALMA","HY0934A1",30027,3002,"2024-02-07","2024-03-07","USD",93.00,90,"3XS:10|2XS:20|XS:20|S:10|M:10|L:10|XL:10"
290935,"2024-02-07 08:39:53.45","#HY0935",50.00,68.00,93.00,120.90,"2024-02-07","134726634","PO",4,,,,"","ALMA","HY0935A0",30066,4002,"2024-02-07","2024-03-07","USD",93.00,90,"3XS:10|2XS:20|XS:20|S:10|M:10|L:10|XL:10"
290936,"2024-02-07 08:39:53.45","#HY0936",50.00,68.00,93.00,120.90,"2024-02-07","134726634","PO",4,,,,"","ALMA","HY0936A1",30067,5002,"2024-02-07","2024-03-07","USD",93.00,90,"3XS:10|2XS:20|XS:20|S:10|M:10|L:10|XL:10"
290937,"2024-02-07 08:39:53.45","#HY0937",50.00,68.00,93.00,120.90,"2024-02-07","134726634","PO",4,,,,"","ALMA","HY0937A0",30068,6002,"2024-02-07","2024-03-07","USD",93.00,90,"3XS:10|2XS:20|XS:20|S:10|M:10|L:10|XL:10"
290938,"2024-02-07 08:39:53.45","#HY0938",50.00,68.00,93.00,120.90,"2024-02-07","134726634","PO",4,,,,"","ALMA","HY0938A1",30069,8002,"2024-02-07","2024-03-07","USD",93.00,90,"3XS:10|2XS:20|XS:20|S:10|M:10|L:10|XL:10"
290939,"2024-02-07 08:39:53.45","#HY0939",50.00,68.00,93.00,120.90,"2024-02-07","134726713","PO",4,,,,"","ALMA","HY0939A1",30025,1002,"2024-02-07","2024-03-07","USD",93.00,90,"3XS:10|2XS:20|XS:20|S:10|M:10|L:10|XL:10"
290940,"2024-02-07 08:39:53.45","#HY0940",50.00,68.00,93.00,120.90,"2024-02-07","134726713","PO",4,,,,"","ALMA","HY0940A0",30026,1016,"2024-02-07","2024-03-07","USD",93.00,90,"3XS:10|2XS:20|XS:20|S:10|M:10|L:10|XL:10"
290941,"2024-02-07 08:39:53.45","#HY0941",50.00,68.00,93.00,120.90,"2024-02-07","134726713","PO",4,,,,"","ALMA","HY0941A1",30027,3002,"2024-02-07","2024-03-07","USD",93.00,90,"3XS:10|2XS:20|XS:20|S:10|M:10|L:10|XL:10"
290942,"2024-02-07 08:39:53.45","#HY0942",50.00,68.00,93.00,120.90,"2024-02-07","134726713","PO",4,,,,"","ALMA","HY0942A0",30066,4002,"2024-02-07","2024-03-07","USD",93.00,90,"3XS:10|2XS:20|XS:20|S:10|M:10|L:10|XL:10"
290943,"2024-02-07 08:39:53.45","#HY0943",50.00,68.00,93.00,120.90,"2024-02-07","134726713","PO",4,,,,"","ALMA","HY0943A1",30067,5002,"2024-02-07","2024-03-07","USD",93.00,90,"3XS:10|2XS:20|XS:20|S:10|M:10|L:10|XL:10"
290944,"2024-02-07 08:39:53.45","#HY0944",50.00,68.00,93.00,120.90,"2024-02-07","134726713","PO",4,,,,"","ALMA","HY0944A0",30068,6002,"2024-02-07","2024-03-07","USD",93.00,90,"3XS:10|2XS:20|XS:20|S:10|M:10|L:10|XL:10"
290945,"2024-02-07 08:39:53.45","#HY0945",50.00,68.00,93.00,120.90,"2024-02-07","134726713","PO",4,,,,"","ALMA","HY0945A1",30069,8002,"2024-02-07","2024-03-07","USD",93.00,90,"3XS:10|2XS:20|XS:20|S:10|M:10|L:10|XL:10"
290946,"2024-02-07 08:39:53.45","#HY0946",50.00,68.00,93.00,120.90,"2024-02-07","134726815","PO",4,,,,"","ALMA","HY0946A1",30025,1002,"2024-02-07","2024-03-07","USD",93.00,90,"3XS:10|2XS:20|XS:20|S:10|M:10|L:10|XL:10"
290947,"2024-02-07 08:39:53.45","#HY0947",50.00,68.00,93.00,120.90,"2024-02-07","134726815","PO",4,,,,"","ALMA","HY0947A0",30026,1016,"2024-02-07","2024-03-07","USD",93.00,90,"3XS:10|2XS:20|XS:20|S:10|M:10|L:10|XL:10"
290948,"2024-02-07 08:39:53.45","#HY0948",50.00,68.00,93.00,120.90,"2024-02-07","134726815","PO",4,,,,"","ALMA","HY0948A1",30027,3002,"2024-02-07","2024-03-07","USD",93.00,90,"3XS:10|2XS:20|XS:20|S:10|M:10|L:10|XL:10"
290949,"2024-02-07 08:39:53.45","#HY0949",50.00,68.00,93.00,120.90,"2024-02-07","134726815","PO",4,,,,"","ALMA","HY0949A0",30066,4002,"2024-02-07","2024-03-07","USD",93.00,90,"3XS:10|2XS:20|XS:20|S:10|M:10|L:10|XL:10"
290950,"2024-02-07 08:39:53.45","#HY0950",50.00,68.00,93.00,120.90,"2024-02-07","134726815","PO",4,,,,"","ALMA","HY0950A1",30067,5002,"2024-02-07","2024-03-07","USD",93.00,90,"3XS:10|2XS:20|XS:20|S:10|M:10|L:10|XL:10"
290951,"2024-02-07 08:39:53.45","#HY0951",50.00,68.00,93.00,120.90,"2024-02-07","134726815","PO",4,,,,"","ALMA","HY0951A0",30068,6002,"2024-02-07","2024-03-07","USD",93.00,90,"3XS:10|2XS:20|XS:20|S:10|M:10|L:10|XL:10"
290952,"2024-02-07 08:39:53.45","#HY0952",50.00,68.00,93.00,120.90,"2024-02-07","134726815","PO",4,,,,"","ALMA","HY0952A1",30069,8002,"2024-02-07","2024-03-07","USD",93.00,90,"3XS:10|2XS:20|XS:20|S:10|M:10|L:10|XL:10"
290953,"2024-02-07 08:39:53.45","#HY0953",50.00,68.00,93.00,120.90,"2024-02-07","134726848","PO",4,,,,"","ALMA","HY0953A1",30025,1002,"2024-02-07","2024-03-07","USD",93.00,90,"3XS:10|2XS:20|XS:20|S:10|M:10|L:10|XL:10"
290954,"2024-02-07 08:39:53.45","#HY0954",50.00,68.00,93.00,120.90,"2024-02-07","134726848","PO",4,,,,"","ALMA","HY0954A0",30026,1016,"2024-02-07","2024-03-07","USD",93.00,90,"3XS:10|2XS:20|XS:20|S:10|M:10|L:10|XL:10"
290955,"2024-02-07 08:39:53.45","#HY0955",50.00,68.00,93.00,120.90,"2024-02-07","134726848","PO",4,,,,"","ALMA","HY0955A1",30027,3002,"2024-02-07","2024-03-07","USD",93.00,90,"3XS:10|2XS:20|XS:20|S:10|M:10|L:10|XL:10"
290956,"2024-02-07 08:39:53.45","#HY0956",50.00,68.00,93.00,120.90,"2024-02-07","134726848","PO",4,,,,"","ALMA","HY0956A0",30066,4002,"2024-02-07","2024-03-07","USD",93.00,90,"3XS:10|2XS:20|XS:20|S:10|M:10|L:10|XL:10"
290957,"2024-02-07 08:39:53.45","#HY0957",50.00,68.00,93.00,120.90,"2024-02-07","134726848","PO",4,,,,"","ALMA","HY0957A1",30067,5002,"2024-02-07","2024-03-07","USD",93.00,90,"3XS:10|2XS:20|XS:20|S:10|M:10|L:10|XL:10"
290958,"2024-02-07 08:39:53.45","#HY0958",50.00,68.00,93.00,120.90,"2024-02-07","134726848","PO",4,,,,"","ALMA","HY0958A0",30068,6002,"2024-02-07","2024-03-07","USD",93.00,90,"3XS:10|2XS:20|XS:20|S:10|M:10|L:10|XL:10"
290959,"2024-02-07 08:39:53.45","#HY0959",50.00,68.00,93.00,120.90,"2024-02-07","134726848","PO",4,,,,"","ALMA","HY0959A1",30069,8002,"2024-02-07","2024-03-07","USD",93.00,90,"3XS:10|2XS:20|XS:20|S:10|M:10|L:10|XL:10"
290960,"2024-02-07 08:39:53.45","#HY0960",50.00,68.00,93.00,120.90,"2024-02-07","134726913","PO",4,,,,"","ALMA","HY0960A1",30025,1002,"2024-02-07","2024-03-07","USD",93.00,90,"3XS:10|2XS:20|XS:20|S:10|M:10|L:10|XL:10"
290961,"2024-02-07 08:39:53.45","#HY0961",50.00,68.00,93.00,120.90,"2024-02-07","134726913","PO",4,,,,"","ALMA","HY0961A0",30026,1016,"2024-02-07","2024-03-07","USD",93.00,90,"3XS:10|2XS:20|XS:20|S:10|M:10|L:10|XL:10"
290962,"2024-02-07 08:39:53.45","#HY0962",50.00,68.00,93.00,120.90,"2024-02-07","134726913","PO",4,,,,"","ALMA","HY0962A1",30027,3002,"2024-02-07","2024-03-07","USD",93.00,90,"3XS:10|2XS:20|XS:20|S:10|M:10|L:10|XL:10"
290963,"2024-02-07 08:39:53.45","#HY0963",50.00,68.00,93.00,120.90,"2024-02-07","134726913","PO",4,,,,"","ALMA","HY0963A0",30066,4002,"2024-02-07","2024-03-07","USD",93.00,90,"3XS:10|2XS:20|XS:20|S:10|M:10|L:10|XL:10"
290964,"2024-02-07 08:39:53.45","#HY0964",50.00,68.00,93.00,120.90,"2024-02-07","134726913","PO",4,,,,"","ALMA","HY0964A1",30067,5002,"2024-02-07","2024-03-07","USD",93.00,90,"3XS:10|2XS:20|XS:20|S:10|M:10|L:10|XL:10"
290965,"2024-02-07 08:39:53.45","#HY0965",50.00,68.00,93.00,120.90,"2024-02-07","134726913","PO",4,,,,"","ALMA","HY0965A0",30068,6002,"2024-02-07","2024-03-07","USD",93.00,90,"3XS:10|2XS:20|XS:20|S:10|M:10|L:10|XL:10"
290966,"2024-02-07 08:39:53.45","#HY0966",50.00,68.00,93.00,120.90,"2024-02-07","134726913","PO",4,,,,"","ALMA","HY0966A1",30069,8002,"2024-02-07","2024-03-07","USD",93.00,90,"3XS:10|2XS:20|XS:20|S:10|M:10|L:10|XL:10"
290967,"2024-02-07 08:39:53.45","#HY0967",50.00,68.00,93.00,120.90,"2024-02-07","134727014","PO",4,,,,"","ALMA","HY0967A1",30025,1002,"2024-02-07","2024-03-07","USD",93.00,90,"3XS:10|2XS:20|XS:20|S:10|M:10|L:10|XL:10"
290968,"2024-02-07 08:39:53.45","#HY0968",50.00,68.00,93.00,120.90,"2024-02-07","134727014","PO",4,,,,"","ALMA","HY0968A0",30026,1016,"2024-02-07","2024-03-07","USD",93.00,90,"3XS:10|2XS:20|XS:20|S:10|M:10|L:10|XL:10"
290969,"2024-02-07 08:39:53.45","#HY0969",50.00,68.00,93.00,120.90,"2024-02-07","134727014","PO",4,,,,"","ALMA","HY0969A1",30027,3002,"2024-02-07","2024-03-07","USD",93.00,90,"3XS:10|2XS:20|XS:20|S:10|M:10|L:10|XL:10"
290970,"2024-02-07 08:39:53.45","#HY0970",50.00,68.00,93.00,120.90,"2024-02-07","134727014","PO",4,,,,"","ALMA","HY0970A0",30066,4002,"2024-02-07","2024-03-07","USD",93.00,90,"3XS:10|2XS:20|XS:20|S:10|M:10|L:10|XL:10"
290971,"2024-02-07 08:39:53.45","#HY0971",50.00,68.00,93.00,120.90,"2024-02-07","134727014","PO",4,,,,"","ALMA","HY0971A1",30067,5002,"2024-02-07","2024-03-07","USD",93.00,90,"3XS:10|2XS:20|XS:20|S:10|M:10|L:10|XL:10"
290972,"2024-02-07 08:39:53.45","#HY0972",50.00,68.00,93.00,120.90,"2024-02-07","134727014","PO",4,,,,"","ALMA","HY0972A0",30068,6002,"2024-02-07","2024-03-07","USD",93.00,90,"3XS:10|2XS:20|XS:20|S:10|M:10|L:10|XL:10"
290973,"2024-02-07 08:39:53.45","#HY0973",50.00,68.00,93.00,120.90,"2024-02-07","134727014","PO",4,,,,"","ALMA","HY0973A1",30069,8002,"2024-02-07","2024-03-07","USD",93.00,90,"3XS:10|2XS:20|XS:20|S:10|M:10|L:10|XL:10"
290974,"2024-02-07 08:39:53.45","#HY0974",50.00,68.00,93.00,120.90,"2024-02-07","134727072","PO",4,,,,"","ALMA","HY0974A1",30025,1002,"2024-02-07","2024-03-07","USD",93.00,90,"3XS:10|2XS:20|XS:20|S:10|M:10|L:10|XL:10"
290975,"2024-02-07 08:39:53.45","#HY0975",50.00,68.00,93.00,120.90,"2024-02-07","134727072","PO",4,,,,"","ALMA","HY0975A0",30026,1016,"2024-02-07","2024-03-07","USD",93.00,90,"3XS:10|2XS:20|XS:20|S:10|M:10|L:10|XL:10"
290976,"2024-02-07 08:39:53.45","#HY0976",50.00,68.00,93.00,120.90,"2024-02-07","134727072","PO",4,,,,"","ALMA","HY0976A1",30027,3002,"2024-02-07","2024-03-07","USD",93.00,90,"3XS:10|2XS:20|XS:20|S:10|M:10|L:10|XL:10"
290977,"2024-02-07 08:39:53.45","#HY0977",50.00,68.00,93.00,120.90,"2024-02-07","134727072","PO",4,,,,"","ALMA","HY0977A0",30066,4002,"2024-02-07","2024-03-07","USD",93.00,90,"3XS:10|2XS:20|XS:20|S:10|M:10|L:10|XL:10"
290978,"2024-02-07 08:39:53.45","#HY0978",50.00,68.00,93.00,120.90,"2024-02-07","134727072","PO",4,,,,"","ALMA","HY0978A1",30067,5002,"2024-02-07","2024-03-07","USD",93.00,90,"3XS:10|2XS:20|XS:20|S:10|M:10|L:10|XL:10"
290979,"2024-02-07 08:39:53.45","#HY0979",50.00,68.00,93.00,120.90,"2024-02-07","134727072","PO",4,,,,"","ALMA","HY0979A0",30068,6002,"2024-02-07","2024-03-07","USD",93.00,90,"3XS:10|2XS:20|XS:20|S:10|M:10|L:10|XL:10"
290980,"2024-02-07 08:39:53.45","#HY0980",50.00,68.00,93.00,120.90,"2024-02-07","134727072","PO",4,,,,"","ALMA","HY0980A1",30069,8002,"2024-02-07","2024-03-07","USD",93.00,90,"3XS:10|2XS:20|XS:20|S:10|M:10|L:10|XL:10"
290981,"2024-02-07 08:39:53.45","#HY0981",50.00,68.00,93.00,120.90,"2024-02-07","134727115","PO",4,,,,"","ALMA","HY0981A1",30025,1002,"2024-02-07","2024-03-07","USD",93.00,90,"3XS:10|2XS:20|XS:20|S:10|M:10|L:10|XL:10"
290982,"2024-02-07 08:39:53.45","#HY0982",50.00,68.00,93.00,120.90,"2024-02-07","134727115","PO",4,,,,"","ALMA","HY0982A0",30026,1016,"2024-02-07","2024-03-07","USD",93.00,90,"3XS:10|2XS:20|XS:20|S:10|M:10|L:10|XL:10"
290983,"2024-02-07 08:39:53.45","#HY0983",50.00,68.00,93.00,120.90,"2024-02-07","134727115","PO",4,,,,"","ALMA","HY0983A1",30027,3002,"2024-02-07","2024-03-07","USD",93.00,90,"3XS:10|2XS:20|XS:20|S:10|M:10|L:10|XL:10"
290984,"2024-02-07 08:39:53.45","#HY0984",50.00,68.00,93.00,120.90,"2024-02-07","134727115","PO",4,,,,"","ALMA","HY0984A0",30066,4002,"2024-02-07","2024-03-07","USD",93.00,90,"3XS:10|2XS:20|XS:20|S:10|M:10|L:10|XL:10"
290985,"2024-02-07 08:39:53.45","#HY0985",50.00,68.00,93.00,120.90,"2024-02-07","134727115","PO",4,,,,"","ALMA","HY0985A1",30067,5002,"2024-02-07","2024-03-07","USD",93.00,90,"3XS:10|2XS:20|XS:20|S:10|M:10|L:10|XL:10"
290986,"2024-02-07 08:39:53.45","#HY0986",50.00,68.00,93.00,120.90,"2024-02-07","134727115","PO",4,,,,"","ALMA","HY0986A0",30068,6002,"2024-02-07","2024-03-07","USD",93.00,90,"3XS:10|2XS:20|XS:20|S:10|M:10|L:10|XL:10"
290987,"2024-02-07 08:39:53.45","#HY0987",50.00,68.00,93.00,120.90,"2024-02-07","134727115","PO",4,,,,"","ALMA","HY0987A1",30069,8002,"2024-02-07","2024-03-07","USD",93.00,90,"3XS:10|2XS:20|XS:20|S:10|M:10|L:10|XL:10"
290988,"2024-02-07 08:39:53.45","#HY0988",50.00,68.00,93.00,120.90,"2024-02-07","134727207","PO",4,,,,"","ALMA","HY0988A1",30025,1002,"2024-02-07","2024-03-07","USD",93.00,90,"3XS:10|2XS:20|XS:20|S:10|M:10|L:10|XL:10"
290989,"2024-02-07 08:39:53.45","#HY0989",50.00,68.00,93.00,120.90,"2024-02-07","134727207","PO",4,,,,"","ALMA","HY0989A0",30026,1016,"2024-02-07","2024-03-07","USD",93.00,90,"3XS:10|2XS:20|XS:20|S:10|M:10|L:10|XL:10"
290990,"2024-02-07 08:39:53.45","#HY0990",50.00,68.00,93.00,120.90,"2024-02-07","134727207","PO",4,,,,"","ALMA","HY0990A1",30027,3002,"2024-02-07","2024-03-07","USD",93.00,90,"3XS:10|2XS:20|XS:20|S:10|M:10|L:10|XL:10"
290991,"2024-02-07 08:39:53.45","#HY0991",50.00,68.00,93.00,120.90,"2024-02-07","134727207","PO",4,,,,"","ALMA","HY0991A0",30066,4002,"2024-02-07","2024-03-07","USD",93.00,90,"3XS:10|2XS:20|XS:20|S:10|M:10|L:10|XL:10"
290992,"2024-02-07 08:39:53.45","#HY0992",50.00,68.00,93.00,120.90,"2024-02-07","134727207","PO",4,,,,"","ALMA","HY0992A1",30067,5002,"2024-02-07","2024-03-07","USD",93.00,90,"3XS:10|2XS:20|XS:20|S:10|M:10|L:10|XL:10"
290993,"2024-02-07 08:39:53.45","#HY0993",50.00,68.00,93.00,120.90,"2024-02-07","134727207","PO",4,,,,"","ALMA","HY0993A0",30068,6002,"2024-02-07","2024-03-07","USD",93.00,90,"3XS:10|2XS:20|XS:20|S:10|M:10|L:10|XL:10"
290994,"2024-02-07 08:39:53.45","#HY0994",50.00,68.00,93.00,120.90,"2024-02-07","134727207","PO",4,,,,"","ALMA","HY0994A1",30069,8002,"2024-02-07","2024-03-07","USD",93.00,90,"3XS:10|2XS:20|XS:20|S:10|M:10|L:10|XL:10"
290995,"2024-02-07 08:39:53.45","#HY0995",50.00,68.00,93.00,120.90,"2024-02-07","134727278","PO",4,,,,"","ALMA","HY0995A1",30025,1002,"2024-02-07","2024-03-07","USD",93.00,90,"3XS:10|2XS:20|XS:20|S:10|M:10|L:10|XL:10"
290996,"2024-02-07 08:39:53.45","#HY0996",50.00,68.00,93.00,120.90,"2024-02-07","134727278","PO",4,,,,"","ALMA","HY0996A0",30026,1016,"2024-02-07","2024-03-07","USD",93.00,90,"3XS:10|2XS:20|XS:20|S:10|M:10|L:10|XL:10"
290997,"2024-02-07 08:39:53.45","#HY0997",50.00,68.00,93.00,120.90,"2024-02-07","134727278","PO",4,,,,"","ALMA","HY0997A1",30027,3002,"2024-02-07","2024-03-07","USD",93.00,90,"3XS:10|2XS:20|XS:20|S:10|M:10|L:10|XL:10"
290998,"2024-02-07 08:39:53.45","#HY0998",50.00,68.00,93.00,120.90,"2024-02-07","134727278","PO",4,,,,"","ALMA","HY0998A0",30066,4002,"2024-02-07","2024-03-07","USD",93.00,90,"3XS:10|2XS:20|XS:20|S:10|M:10|L:10|XL:10"
290999,"2024-02-07 08:39:53.45","#HY0999",50.00,68.00,93.00,120.90,"2024-02-07","134727278","PO",4,,,,"","ALMA","HY0999A1",30067,5002,"2024-02-07","2024-03-07","USD",93.00,90,"3XS:10|2XS:20|XS:20|S:10|M:10|L:10|XL:10"
291000,"2024-02-07 08:39:53.45","#HY1000",50.00,68.00,93.00,120.90,"2024-02-07","134727278","PO",4,,,,"","ALMA","HY1000A0",30068,6002,"2024-02-07","2024-03-07","USD",93.00,90,"3XS:10|2XS:20|XS:20|S:10|M:10|L:10|XL:10"
291001,"2024-02-07 08:39:53.45","#HY1001",50.00,68.00,93.00,120.90,"2024-02-07","134727278","PO",4,,,,"","ALMA","HY1001A1",30069,8002,"2024-02-07","2024-03-07","USD",93.00,90,"3XS:10|2XS:20|XS:20|S:10|M:10|L:10|XL:10"
291002,"2024-02-07 08:39:53.45","#HY1002",50.00,68.00,93.00,120.90,"2024-02-07","134727307","PO",4,,,,"","ALMA","HY1002A1",30025,1002,"2024-02-07","2024-03-07","USD",93.00,90,"3XS:10|2XS:20|XS:20|S:10|M:10|L:10|XL:10"
291003,"2024-02-07 08:39:53.45","#HY1003",50.00,68.00,93.00,120.90,"2024-02-07","134727307","PO",4,,,,"","ALMA","HY1003A0",30026,1016,"2024-02-07","2024-03-07","USD",93.00,90,"3XS:10|2XS:20|XS:20|S:10|M:10|L:10|XL:10"
291004,"2024-02-07 08:39:53.45","#HY1004",50.00,68.00,93.00,120.90,"2024-02-07","134727307","PO",4,,,,"","ALMA","HY1004A1",30027,3002,"2024-02-07","2024-03-07","USD",93.00,90,"3XS:10|2XS:20|XS:20|S:10|M:10|L:10|XL:10"
291005,"2024-02-07 08:39:53.45","#HY1005",50.00,68.00,93.00,120.90,"2024-02-07","134727307","PO",4,,,,"","ALMA","HY1005A0",30066,4002,"2024-02-07","2024-03-07","USD",93.00,90,"3XS:10|2XS:20|XS:20|S:10|M:10|L:10|XL:10"
291006,"2024-02-07 08:39:53.45","#HY1006",50.00,68.00,93.00,120.90,"2024-02-07","134727307","PO",4,,,,"","ALMA","HY1006A1",30067,5002,"2024-02-07","2024-03-07","USD",93.00,90,"3XS:10|2XS:20|XS:20|S:10|M:10|L:10|XL:10"
291007,"2024-02-07 08:39:53.45","#HY1007",50.00,68.00,93.00,120.90,"2024-02-07","134727307","PO",4,,,,"","ALMA","HY1007A0",30068,6002,"2024-02-07","2024-03-07","USD",93.00,90,"3XS:10|2XS:20|XS:20|S:10|M:10|L:10|XL:10"
291008,"2024-02-07 08:39:53.45","#HY1008",50.00,68.00,93.00,120.90,"2024-02-07","134727307","PO",4,,,,"","ALMA","HY1008A1",30069,8002,"2024-02-07","2024-03-07","USD",93.00,90,"3XS:10|2XS:20|XS:20|S:10|M:10|L:10|XL:10"
291009,"2024-02-07 08:39:53.45","#HY1009",50.00,68.00,93.00,120.90,"2024-02-07","134727386","PO",4,,,,"","ALMA","HY1009A1",30025,1002,"2024-02-07","2024-03-07","USD",93.00,90,"3XS:10|2XS:20|XS:20|S:10|M:10|L:10|XL:10"
291010,"2024-02-07 08:39:53.45","#HY1010",50.00,68.00,93.00,120.90,"2024-02-07","134727386","PO",4,,,,"","ALMA","HY1010A0",30026,1016,"2024-02-07","2024-03-07","USD",93.00,90,"3XS:10|2XS:20|XS:20|S:10|M:10|L:10|XL:10"
291011,"2024-02-07 08:39:53.45","#HY1011",50.00,68.00,93.00,120.90,"2024-02-07","134727386","PO",4,,,,"","ALMA","HY1011A1",30027,3002,"2024-02-07","2024-03-07","USD",93.00,90,"3XS:10|2XS:20|XS:20|S:10|M:10|L:10|XL:10"
291012,"2024-02-07 08:39:53.45","#HY1012",50.00,68.00,93.00,120.90,"2024-02-07","134727386","PO",4,,,,"","ALMA","HY1012A0",30066,4002,"2024-02-07","2024-03-07","USD",93.00,90,"3XS:10|2XS:20|XS:20|S:10|M:10|L:10|XL:10"
291013,"2024-02-07 08:39:53.45","#HY1013",50.00,68.00,93.00,120.90,"2024-02-07","134727386","PO",4,,,,"","ALMA","HY1013A1",30067,5002,"2024-02-07","2024-03-07","USD",93.00,90,"3XS:10|2XS:20|XS:20|S:10|M:10|L:10|XL:10"
291014,"2024-02-07 08:39:53.45","#HY1014",50.00,68.00,93.00,120.90,"2024-02-07","134727386","PO",4,,,,"","ALMA","HY1014A0",30068,6002,"2024-02-07","2024-03-07","USD",93.00,90,"3XS:10|2XS:20|XS:20|S:10|M:10|L:10|XL:10"
291015,"2024-02-07 08:39:53.45","#HY1015",50.00,68.00,93.00,120.90,"2024-02-07","134727386","PO",4,,,,"","ALMA","HY1015A1",30069,8002,"2024-02-07","2024-03-07","USD",93.00,90,"3XS:10|2XS:20|XS:20|S:10|M:10|L:10|XL:10"
291016,"2024-02-07 08:39:53.45","#HY1016",50.00,68.00,93.00,120.90,"2024-02-07","134727491","PO",4,,,,"","ALMA","HY1016A1",30025,1002,"2024-02-07","2024-03-07","USD",93.00,90,"3XS:10|2XS:20|XS:20|S:10|M:10|L:10|XL:10"
291017,"2024-02-07 08:39:53.45","#HY1017",50.00,68.00,93.00,120.90,"2024-02-07","134727491","PO",4,,,,"","ALMA","HY1017A0",30026,1016,"2024-02-07","2024-03-07","USD",93.00,90,"3XS:10|2XS:20|XS:20|S:10|M:10|L:10|XL:10"
291018,"2024-02-07 08:39:53.45","#HY1018",50.00,68.00,93.00,120.90,"2024-02-07","134727491","PO",4,,,,"","ALMA","HY1018A1",30027,3002,"2024-02-07","2024-03-07","USD",93.00,90,"3XS:10|2XS:20|XS:20|S:10|M:10|L:10|XL:10"
291019,"2024-02-07 08:39:53.45","#HY1019",50.00,68.00,93.00,120.90,"2024-02-07","134727491","PO",4,,,,"","ALMA","HY1019A0",30066,4002,"2024-02-07","2024-03-07","USD",93.00,90,"3XS:10|2XS:20|XS:20|S:10|M:10|L:10|XL:10"
291020,"2024-02-07 08:39:53.45","#HY1020",50.00,68.00,93.00,120.90,"2024-02-07","134727491","PO",4,,,,"","ALMA","HY1020A1",30067,5002,"2024-02-07","2024-03-07","USD",93.00,90,"3XS:10|2XS:20|XS:20|S:10|M:10|L:10|XL:10"
291021,"2024-02-07 08:39:53.45","#HY1021",50.00,68.00,93.00,120.90,"2024-02-07","134727491","PO",4,,,,"","ALMA","HY1021A0",30068,6002,"2024-02-07","2024-03-07","USD",93.00,90,"3XS:10|2XS:20|XS:20|S:10|M:10|L:10|XL:10"
291022,"2024-02-07 08:39:53.45","#HY1022",50.00,68.00,93.00,120.90,"2024-02-07","134727491","PO",4,,,,"","ALMA","HY1022A1",30069,8002,"2024-02-07","2024-03-07","USD",93.00,90,"3XS:10|2XS:20|XS:20|S:10|M:10|L:10|XL:10"
291023,"2024-02-07 08:39:53.45","#HY1023",50.00,68.00,93.00,120.90,"2024-02-07","134727507","PO",4,,,,"","ALMA","HY1023A1",30025,1002,"2024-02-07","2024-03-07","USD",93.00,90,"3XS:10|2XS:20|XS:20|S:10|M:10|L:10|XL:10"
291024,"2024-02-07 08:39:53.45","#HY1024",50.00,68.00,93.00,120.90,"2024-02-07","134727507","PO",4,,,,"","ALMA","HY1024A0",30026,1016,"2024-02-07","2024-03-07","USD",93.00,90,"3XS:10|2XS:20|XS:20|S:10|M:10|L:10|XL:10"
291025,"2024-02-07 08:39:53.45","#HY1025",50.00,68.00,93.00,120.90,"2024-02-07","134727507","PO",4,,,,"","ALMA","HY1025A1",30027,3002,"2024-02-07","2024-03-07","USD",93.00,90,"3XS:10|2XS:20|XS:20|S:10|M:10|L:10|XL:10"
291026,"2024-02-07 08:39:53.45","#HY1026",50.00,68.00,93.00,120.90,"2024-02-07","134727507","PO",4,,,,"","ALMA","HY1026A0",30066,4002,"2024-02-07","2024-03-07","USD",93.00,90,"3XS:10|2XS:20|XS:20|S:10|M:10|L:10|XL:10"
291027,"2024-02-07 08:39:53.45","#HY1027",50.00,68.00,93.00,120.90,"2024-02-07","134727507","PO",4,,,,"","ALMA","HY1027A1",30067,5002,"2024-02-07","2024-03-07","USD",93.00,90,"3XS:10|2XS:20|XS:20|S:10|M:10|L:10|XL:10"
291028,"2024-02-07 08:39:53.45","#HY1028",50.00,68.00,93.00,120.90,"2024-02-07","134727507","PO",4,,,,"","ALMA","HY1028A0",30068,6002,"2024-02-07","2024-03-07","USD",93.00,90,"3XS:10|2XS:20|XS:20|S:10|M:10|L:10|XL:10"
291029,"2024-02-07 08:39:53.45","#HY1029",50.00,68.00,93.00,120.90,"2024-02-07","134727507","PO",4,,,,"","ALMA","HY1029A1",30069,8002,"2024-02-07","2024-03-07","USD",93.00,90,"3XS:10|2XS:20|XS:20|S:10|M:10|L:10|XL:10"
291030,"2024-02-07 08:39:53.45","#HY1030",50.00,68.00,93.00,120.90,"2024-02-07","134727579","PO",4,,,,"","ALMA","HY1030A1",30025,1002,"2024-02-07","2024-03-07","USD",93.00,90,"3XS:10|2XS:20|XS:20|S:10|M:10|L:10|XL:10"
291031,"2024-02-07 08:39:53.45","#HY1031",50.00,68.00,93.00,120.90,"2024-02-07","134727579","PO",4,,,,"","ALMA","HY1031A0",30026,1016,"2024-02-07","2024-03-07","USD",93.00,90,"3XS:10|2XS:20|XS:20|S:10|M:10|L:10|XL:10"
291032,"2024-02-07 08:39:53.45","#HY1032",50.00,68.00,93.00,120.90,"2024-02-07","134727579","PO",4,,,,"","ALMA","HY1032A1",30027,3002,"2024-02-07","2024-03-07","USD",93.00,90,"3XS:10|2XS:20|XS:20|S:10|M:10|L:10|XL:10"
291033,"2024-02-07 08:39:53.45","#HY1033",50.00,68.00,93.00,120.90,"2024-02-07","134727579","PO",4,,,,"","ALMA","HY1033A0",30066,4002,"2024-02-07","2024-03-07","USD",93.00,90,"3XS:10|2XS:20|XS:20|S:10|M:10|L:10|XL:10"
291034,"2024-02-07 08:39:53.45","#HY1034",50.00,68.00,93.00,120.90,"2024-02-07","134727579","PO",4,,,,"","ALMA","HY1034A1",30067,5002,"2024-02-07","2024-03-07","USD",93.00,90,"3XS:10|2XS:20|XS:20|S:10|M:10|L:10|XL:10"
291035,"2024-02-07 08:39:53.45","#HY1035",50.00,68.00,93.00,120.90,"2024-02-07","134727579","PO",4,,,,"","ALMA","HY1035A0",30068,6002,"2024-02-07","2024-03-07","USD",93.00,90,"3XS:10|2XS:20|XS:20|S:10|M:10|L:10|XL:10"
291036,"2024-02-07 08:39:53.45","#HY1036",50.00,68.00,93.00,120.90,"2024-02-07","134727579","PO",4,,,,"","ALMA","HY1036A1",30069,8002,"2024-02-07","2024-03-07","USD",93.00,90,"3XS:10|2XS:20|XS:20|S:10|M:10|L:10|XL:10"
291037,"2024-02-07 08:39:53.45","#HY1037",50.00,68.00,93.00,120.90,"2024-02-07","134727706","PO",4,,,,"","ALMA","HY1037A1",30025,1002,"2024-02-07","2024-03-07","USD",93.00,90,"3XS:10|2XS:20|XS:20|S:10|M:10|L:10|XL:10"
291038,"2024-02-07 08:39:53.45","#HY1038",50.00,68.00,93.00,120.90,"2024-02-07","134727706","PO",4,,,,"","ALMA","HY1038A0",30026,1016,"2024-02-07","2024-03-07","USD",93.00,90,"3XS:10|2XS:20|XS:20|S:10|M:10|L:10|XL:10"
291039,"2024-02-07 08:39:53.45","#HY1039",50.00,68.00,93.00,120.90,"2024-02-07","134727706","PO",4,,,,"","ALMA","HY1039A1",30027,3002,"2024-02-07","2024-03-07","USD",93.00,90,"3XS:10|2XS:20|XS:20|S:10|M:10|L:10|XL:10"
291040,"2024-02-07 08:39:53.45","#HY1040",50.00,68.00,93.00,120.90,"2024-02-07","134727706","PO",4,,,,"","ALMA","HY1040A0",30066,4002,"2024-02-07","2024-03-07","USD",93.00,90,"3XS:10|2XS:20|XS:20|S:10|M:10|L:10|XL:10"
291041,"2024-02-07 08:39:53.45","#HY1041",50.00,68.00,93.00,120.90,"2024-02-07","134727706","PO",4,,,,"","ALMA","HY1041A1",30067,5002,"2024-02-07","2024-03-07","USD",93.00,90,"3XS:10|2XS:20|XS:20|S:10|M:10|L:10|XL:10"
291042,"2024-02-07 08:39:53.45","#HY1042",50.00,68.00,93.00,120.90,"2024-02-07","134727706","PO",4,,,,"","ALMA","HY1042A0",30068,6002,"2024-02-07","2024-03-07","USD",93.00,90,"3XS:10|2XS:20|XS:20|S:10|M:10|L:10|XL:10"
291043,"2024-02-07 08:39:53.45","#HY1043",50.00,68.00,93.00,120.90,"2024-02-07","134727706","PO",4,,,,"","ALMA","HY1043A1",30069,8002,"2024-02-07","2024-03-07","USD",93.00,90,"3XS:10|2XS:20|XS:20|S:10|M:10|L:10|XL:10"
291044,"2024-02-07 08:39:53.45","#HY1044",50.00,68.00,93.00,120.90,"2024-02-07","134727707","PO",4,,,,"","ALMA","HY1044A1",30025,1002,"2024-02-07","2024-03-07","USD",93.00,90,"3XS:10|2XS:20|XS:20|S:10|M:10|L:10|XL:10"
291045,"2024-02-07 08:39:53.45","#HY1045",50.00,68.00,93.00,120.90,"2024-02-07","134727707","PO",4,,,,"","ALMA","HY1045A0",30026,1016,"2024-02-07","2024-03-07","USD",93.00,90,"3XS:10|2XS:20|XS:20|S:10|M:10|L:10|XL:10"
291046,"2024-02-07 08:39:53.45","#HY1046",50.00,68.00,93.00,120.90,"2024-02-07","134727707","PO",4,,,,"","ALMA","HY1046A1",30027,3002,"2024-02-07","2024-03-07","USD",93.00,90,"3XS:10|2XS:20|XS:20|S:10|M:10|L:10|XL:10"
291047,"2024-02-07 08:39:53.45","#HY1047",50.00,68.00,93.00,120.90,"2024-02-07","134727707","PO",4,,,,"","ALMA","HY1047A0",30066,4002,"2024-02-07","2024-03-07","USD",93.00,90,"3XS:10|2XS:20|XS:20|S:10|M:10|L:10|XL:10"
291048,"2024-02-07 08:39:53.45","#HY1048",50.00,68.00,93.00,120.90,"2024-02-07","134727707","PO",4,,,,"","ALMA","HY1048A1",30067,5002,"2024-02-07","2024-03-07","USD",93.00,90,"3XS:10|2XS:20|XS:20|S:10|M:10|L:10|XL:10"
291049,"2024-02-07 08:39:53.45","#HY1049",50.00,68.00,93.00,120.90,"2024-02-07","134727707","PO",4,,,,"","ALMA","HY1049A0",30068,6002,"2024-02-07","2024-03-07","USD",93.00,90,"3XS:10|2XS:20|XS:20|S:10|M:10|L:10|XL:10"
291050,"2024-02-07 08:39:53.45","#HY1050",50.00,68.00,93.00,120.90,"2024-02-07","134727707","PO",4,,,,"","ALMA","HY1050A1",30069,8002,"2024-02-07","2024-03-07","USD",93.00,90,"3XS:10|2XS:20|XS:20|S:10|M:10|L:10|XL:10"
291051,"2024-02-07 08:39:53.45","#HY1051",50.00,68.00,93.00,120.90,"2024-02-07","134727776","PO",4,,,,"","ALMA","HY1051A1",30025,1002,"2024-02-07","2024-03-07","USD",93.00,90,"3XS:10|2XS:20|XS:20|S:10|M:10|L:10|XL:10"
291052,"2024-02-07 08:39:53.45","#HY1052",50.00,68.00,93.00,120.90,"2024-02-07","134727776","PO",4,,,,"","ALMA","HY1052A0",30026,1016,"2024-02-07","2024-03-07","USD",93.00,90,"3XS:10|2XS:20|XS:20|S:10|M:10|L:10|XL:10"
291053,"2024-02-07 08:39:53.45","#HY1053",50.00,68.00,93.00,120.90,"2024-02-07","134727776","PO",4,,,,"","ALMA","HY1053A1",30027,3002,"2024-02-07","2024-03-07","USD",93.00,90,"3XS:10|2XS:20|XS:20|S:10|M:10|L:10|XL:10"
291054,"2024-02-07 08:39:53.45","#HY1054",50.00,68.00,93.00,120.90,"2024-02-07","134727776","PO",4,,,,"","ALMA","HY1054A0",30066,4002,"2024-02-07","2024-03-07","USD",93.00,90,"3XS:10|2XS:20|XS:20|S:10|M:10|L:10|XL:10"
291055,"2024-02-07 08:39:53.45","#HY1055",50.00,68.00,93.00,120.90,"2024-02-07","134727776","PO",4,,,,"","ALMA","HY1055A1",30067,5002,"2024-02-07","2024-03-07","USD",93.00,90,"3XS:10|2XS:20|XS:20|S:10|M:10|L:10|XL:10"
291056,"2024-02-07 08:39:53.45","#HY1056",50.00,68.00,93.00,120.90,"2024-02-07","134727776","PO",4,,,,"","ALMA","HY1056A0",30068,6002,"2024-02-07","2024-03-07","USD",93.00,90,"3XS:10|2XS:20|XS:20|S:10|M:10|L:10|XL:10"
291057,"2024-02-07 08:39:53.45","#HY1057",50.00,68.00,93.00,120.90,"2024-02-07","134727776","PO",4,,,,"","ALMA","HY1057A1",30069,8002,"2024-02-07","2024-03-07","USD",93.00,90,"3XS:10|2XS:20|XS:20|S:10|M:10|L:10|XL:10"
291058,"2024-02-07 08:39:53.45","#HY1058",50.00,68.00,93.00,120.90,"2024-02-07","134727913","PO",4,,,,"","ALMA","HY1058A1",30025,1002,"2024-02-07","2024-03-07","USD",93.00,90,"3XS:10|2XS:20|XS:20|S:10|M:10|L:10|XL:10"
291059,"2024-02-07 08:39:53.45","#HY1059",50.00,68.00,93.00,120.90,"2024-02-07","134727913","PO",4,,,,"","ALMA","HY1059A0",30026,1016,"2024-02-07","2024-03-07","USD",93.00,90,"3XS:10|2XS:20|XS:20|S:10|M:10|L:10|XL:10"
291060,"2024-02-07 08:39:53.45","#HY1060",50.00,68.00,93.00,120.90,"2024-02-07","134727913","PO",4,,,,"","ALMA","HY1060A1",30027,3002,"2024-02-07","2024-03-07","USD",93.00,90,"3XS:10|2XS:20|XS:20|S:10|M:10|L:10|XL:10"
291061,"2024-02-07 08:39:53.45","#HY1061",50.00,68.00,93.00,120.90,"2024-02-07","134727913","PO",4,,,,"","ALMA","HY1061A0",30066,4002,"2024-02-07","2024-03-07","USD",93.00,90,"3XS:10|2XS:20|XS:20|S:10|M:10|L:10|XL:10"
291062,"2024-02-07 08:39:53.45","#HY1062",50.00,68.00,93.00,120.90,"2024-02-07","134727913","PO",4,,,,"","ALMA","HY1062A1",30067,5002,"2024-02-07","2024-03-07","USD",93.00,90,"3XS:10|2XS:20|XS:20|S:10|M:10|L:10|XL:10"
291063,"2024-02-07 08:39:53.45","#HY1063",50.00,68.00,93.00,120.90,"2024-02-07","134727913","PO",4,,,,"","ALMA","HY1063A0",30068,6002,"2024-02-07","2024-03-07","USD",93.00,90,"3XS:10|2XS:20|XS:20|S:10|M:10|L:10|XL:10"
291064,"2024-02-07 08:39:53.45","#HY1064",50.00,68.00,93.00,120.90,"2024-02-07","134727913","PO",4,,,,"","ALMA","HY1064A1",30069,8002,"2024-02-07","2024-03-07","USD",93.00,90,"3XS:10|2XS:20|XS:20|S:10|M:10|L:10|XL:10"
291065,"2024-02-07 08:39:53.45","#HY1065",50.00,68.00,93.00,120.90,"2024-02-07","134727928","PO",4,,,,"","ALMA","HY1065A1",30025,1002,"2024-02-07","2024-03-07","USD",93.00,90,"3XS:10|2XS:20|XS:20|S:10|M:10|L:10|XL:10"
291066,"2024-02-07 08:39:53.45","#HY1066",50.00,68.00,93.00,120.90,"2024-02-07","134727928","PO",4,,,,"","ALMA","HY1066A0",30026,1016,"2024-02-07","2024-03-07","USD",93.00,90,"3XS:10|2XS:20|XS:20|S:10|M:10|L:10|XL:10"
291067,"2024-02-07 08:39:53.45","#HY1067",50.00,68.00,93.00,120.90,"2024-02-07","134727928","PO",4,,,,"","ALMA","HY1067A1",30027,3002,"2024-02-07","2024-03-07","USD",93.00,90,"3XS:10|2XS:20|XS:20|S:10|M:10|L:10|XL:10"
291068,"2024-02-07 08:39:53.45","#HY1068",50.00,68.00,93.00,120.90,"2024-02-07","134727928","PO",4,,,,"","ALMA","HY1068A0",30066,4002,"2024-02-07","2024-03-07","USD",93.00,90,"3XS:10|2XS:20|XS:20|S:10|M:10|L:10|XL:10"
291069,"2024-02-07 08:39:53.45","#HY1069",50.00,68.00,93.00,120.90,"2024-02-07","134727928","PO",4,,,,"","ALMA","HY1069A1",30067,5002,"2024-02-07","2024-03-07","USD",93.00,90,"3XS:10|2XS:20|XS:20|S:10|M:10|L:10|XL:10"
291070,"2024-02-07 08:39:53.45","#HY1070",50.00,68.00,93.00,120.90,"2024-02-07","134727928","PO",4,,,,"","ALMA","HY1070A0",30068,6002,"2024-02-07","2024-03-07","USD",93.00,90,"3XS:10|2XS:20|XS:20|S:10|M:10|L:10|XL:10"
291071,"2024-02-07 08:39:53.45","#HY1071",50.00,68.00,93.00,120.90,"2024-02-07","134727928","PO",4,,,,"","ALMA","HY1071A1",30069,8002,"2024-02-07","2024-03-07","USD",93.00,90,"3XS:10|2XS:20|XS:20|S:10|M:10|L:10|XL:10"
291072,"2024-02-07 08:39:53.45","#HY1072",50.00,68.00,93.00,120.90,"2024-02-07","134727970","PO",4,,,,"","ALMA","HY1072A1",30025,1002,"2024-02-07","2024-03-07","USD",93.00,90,"3XS:10|2XS:20|XS:20|S:10|M:10|L:10|XL:10"
291073,"2024-02-07 08:39:53.45","#HY1073",50.00,68.00,93.00,120.90,"2024-02-07","134727970","PO",4,,,,"","ALMA","HY1073A0",30026,1016,"2024-02-07","2024-03-07","USD",93.00,90,"3XS:10|2XS:20|XS:20|S:10|M:10|L:10|XL:10"
291074,"2024-02-07 08:39:53.45","#HY1074",50.00,68.00,93.00,120.90,"2024-02-07","134727970","PO",4,,,,"","ALMA","HY1074A1",30027,3002,"2024-02-07","2024-03-07","USD",93.00,90,"3XS:10|2XS:20|XS:20|S:10|M:10|L:10|XL:10"
291075,"2024-02-07 08:39:53.45","#HY1075",50.00,68.00,93.00,120.90,"2024-02-07","134727970","PO",4,,,,"","ALMA","HY1075A0",30066,4002,"2024-02-07","2024-03-07","USD",93.00,90,"3XS:10|2XS:20|XS:20|S:10|M:10|L:10|XL:10"
291076,"2024-02-07 08:39:53.45","#HY1076",50.00,68.00,93.00,120.90,"2024-02-07","134727970","PO",4,,,,"","ALMA","HY1076A1",30067,5002,"2024-02-07","2024-03-07","USD",93.00,90,"3XS:10|2XS:20|XS:20|S:10|M:10|L:10|XL:10"
291077,"2024-02-07 08:39:53.45","#HY1077",50.00,68.00,93.00,120.90,"2024-02-07","134727970","PO",4,,,,"","ALMA","HY1077A0",30068,6002,"2024-02-07","2024-03-07","USD",93.00,90,"3XS:10|2XS:20|XS:20|S:10|M:10|L:10|XL:10"
291078,"2024-02-07 08:39:53.45","#HY1078",50.00,68.00,93.00,120.90,"2024-02-07","134727970","PO",4,,,,"","ALMA","HY1078A1",30069,8002,"2024-02-07","2024-03-07","USD",93.00,90,"3XS:10|2XS:20|XS:20|S:10|M:10|L:10|XL:10"
291079,"2024-02-07 08:39:53.45","#HY1079",50.00,68.00,93.00,120.90,"2024-02-07","134728121","PO",4,,,,"","ALMA","HY1079A1",30025,1002,"2024-02-07","2024-03-07","USD",93.00,90,"3XS:10|2XS:20|XS:20|S:10|M:10|L:10|XL:10"
291080,"2024-02-07 08:39:53.45","#HY1080",50.00,68.00,93.00,120.90,"2024-02-07","134728121","PO",4,,,,"","ALMA","HY1080A0",30026,1016,"2024-02-07","2024-03-07","USD",93.00,90,"3XS:10|2XS:20|XS:20|S:10|M:10|L:10|XL:10"
291081,"2024-02-07 08:39:53.45","#HY1081",50.00,68.00,93.00,120.90,"2024-02-07","134728121","PO",4,,,,"","ALMA","HY1081A1",30027,3002,"2024-02-07","2024-03-07","USD",93.00,90,"3XS:10|2XS:20|XS:20|S:10|M:10|L:10|XL:10"
291082,"2024-02-07 08:39:53.45","#HY1082",50.00,68.00,93.00,120.90,"2024-02-07","134728121","PO",4,,,,"","ALMA","HY1082A0",30066,4002,"2024-02-07","2024-03-07","USD",93.00,90,"3XS:10|2XS:20|XS:20|S:10|M:10|L:10|XL:10"
291083,"2024-02-07 08:39:53.45","#HY1083",50.00,68.00,93.00,120.90,"2024-02-07","134728121","PO",4,,,,"","ALMA","HY1083A1",30067,5002,"2024-02-07","2024-03-07","USD",93.00,90,"3XS:10|2XS:20|XS:20|S:10|M:10|L:10|XL:10"
291084,"2024-02-07 08:39:53.45","#HY1084",50.00,68.00,93.00,120.90,"2024-02-07","134728121","PO",4,,,,"","ALMA","HY1084A0",30068,6002,"2024-02-07","2024-03-07","USD",93.00,90,"3XS:10|2XS:20|XS:20|S:10|M:10|L:10|XL:10"
291085,"2024-02-07 08:39:53.45","#HY1085",50.00,68.00,93.00,120.90,"2024-02-07","134728121","PO",4,,,,"","ALMA","HY1085A1",30069,8002,"2024-02-07","2024-03-07","USD",93.00,90,"3XS:10|2XS:20|XS:20|S:10|M:10|L:10|XL:10"
291086,"2024-02-07 08:39:53.45","#HY1086",50.00,68.00,93.00,120.90,"2024-02-07","134728143","PO",4,,,,"","ALMA","HY1086A1",30025,1002,"2024-02-07","2024-03-07","USD",93.00,90,"3XS:10|2XS:20|XS:20|S:10|M:10|L:10|XL:10"
291087,"2024-02-07 08:39:53.45","#HY1087",50.00,68.00,93.00,120.90,"2024-02-07","134728143","PO",4,,,,"","ALMA","HY1087A0",30026,1016,"2024-02-07","2024-03-07","USD",93.00,90,"3XS:10|2XS:20|XS:20|S:10|M:10|L:10|XL:10"
291088,"2024-02-07 08:39:53.45","#HY1088",50.00,68.00,93.00,120.90,"2024-02-07","134728143","PO",4,,,,"","ALMA","HY1088A1",30027,3002,"2024-02-07","2024-03-07","USD",93.00,90,"3XS:10|2XS:20|XS:20|S:10|M:10|L:10|XL:10"
291089,"2024-02-07 08:39:53.45","#HY1089",50.00,68.00,93.00,120.90,"2024-02-07","134728143","PO",4,,,,"","ALMA","HY1089A0",30066,4002,"2024-02-07","2024-03-07","USD",93.00,90,"3XS:10|2XS:20|XS:20|S:10|M:10|L:10|XL:10"
291090,"2024-02-07 08:39:53.45","#HY1090",50.00,68.00,93.00,120.90,"2024-02-07","134728143","PO",4,,,,"","ALMA","HY1090A1",30067,5002,"2024-02-07","2024-03-07","USD",93.00,90,"3XS:10|2XS:20|XS:20|S:10|M:10|L:10|XL:10"
291091,"2024-02-07 08:39:53.45","#HY1091",50.00,68.00,93.00,120.90,"2024-02-07","134728143","PO",4,,,,"","ALMA","HY1091A0",30068,6002,"2024-02-07","2024-03-07","USD",93.00,90,"3XS:10|2XS:20|XS:20|S:10|M:10|L:10|XL:10"
291092,"2024-02-07 08:39:53.45","#HY1092",50.00,68.00,93.00,120.90,"2024-02-07","134728143","PO",4,,,,"","ALMA","HY1092A1",30069,8002,"2024-02-07","2024-03-07","USD",93.00,90,"3XS:10|2XS:20|XS:20|S:10|M:10|L:10|XL:10"
291093,"2024-02-07 08:39:53.45","#HY1093",50.00,68.00,93.00,120.90,"2024-02-07","134728161","PO",4,,,,"","ALMA","HY1093A1",30025,1002,"2024-02-07","2024-03-07","USD",93.00,90,"3XS:10|2XS:20|XS:20|S:10|M:10|L:10|XL:10"
291094,"2024-02-07 08:39:53.45","#HY1094",50.00,68.00,93.00,120.90,"2024-02-07","134728161","PO",4,,,,"","ALMA","HY1094A0",30026,1016,"2024-02-07","2024-03-07","USD",93.00,90,"3XS:10|2XS:20|XS:20|S:10|M:10|L:10|XL:10"
291095,"2024-02-07 08:39:53.45","#HY1095",50.00,68.00,93.00,120.90,"2024-02-07","134728161","PO",4,,,,"","ALMA","HY1095A1",30027,3002,"2024-02-07","2024-03-07","USD",93.00,90,"3XS:10|2XS:20|XS:20|S:10|M:10|L:10|XL:10"
291096,"2024-02-07 08:39:53.45","#HY1096",50.00,68.00,93.00,120.90,"2024-02-07","134728161","PO",4,,,,"","ALMA","HY1096A0",30066,4002,"2024-02-07","2024-03-07","USD",93.00,90,"3XS:10|2XS:20|XS:20|S:10|M:10|L:10|XL:10"
291097,"2024-02-07 08:39:53.45","#HY1097",50.00,68.00,93.00,120.90,"2024-02-07","134728161","PO",4,,,,"","ALMA","HY1097A1",30067,5002,"2024-02-07","2024-03-07","USD",93.00,90,"3XS:10|2XS:20|XS:20|S:10|M:10|L:10|XL:10"
291098,"2024-02-07 08:39:53.45","#HY1098",50.00,68.00,93.00,120.90,"2024-02-07","134728161","PO",4,,,,"","ALMA","HY1098A0",30068,6002,"2024-02-07","2024-03-07","USD",93.00,90,"3XS:10|2XS:20|XS:20|S:10|M:10|L:10|XL:10"
291099,"2024-02-07 08:39:53.45","#HY1099",50.00,68.00,93.00,120.90,"2024-02-07","134728161","PO",4,,,,"","ALMA","HY1099A1",30069,8002,"2024-02-07","2024-03-07","USD",93.00,90,"3XS:10|2XS:20|XS:20|S:10|M:10|L:10|XL:10"
291100,"2024-02-07 08:39:53.45","#HY1100",50.00,68.00,93.00,120.90,"2024-02-07","134728328","PO",4,,,,"","ALMA","HY1100A1",30025,1002,"2024-02-07","2024-03-07","USD",93.00,90,"3XS:10|2XS:20|XS:20|S:10|M:10|L:10|XL:10"
291101,"2024-02-07 08:39:53.45","#HY1101",50.00,68.00,93.00,120.90,"2024-02-07","134728328","PO",4,,,,"","ALMA","HY1101A0",30026,1016,"2024-02-07","2024-03-07","USD",93.00,90,"3XS:10|2XS:20|XS:20|S:10|M:10|L:10|XL:10"
291102,"2024-02-07 08:39:53.45","#HY1102",50.00,68.00,93.00,120.90,"2024-02-07","134728328","PO",4,,,,"","ALMA","HY1102A1",30027,3002,"2024-02-07","2024-03-07","USD",93.00,90,"3XS:10|2XS:20|XS:20|S:10|M:10|L:10|XL:10"
291103,"2024-02-07 08:39:53.45","#HY1103",50.00,68.00,93.00,120.90,"2024-02-07","134728328","PO",4,,,,"","ALMA","HY1103A0",30066,4002,"2024-02-07","2024-03-07","USD",93.00,90,"3XS:10|2XS:20|XS:20|S:10|M:10|L:10|XL:10"
291104,"2024-02-07 08:39:53.45","#HY1104",50.00,68.00,93.00,120.90,"2024-02-07","134728328","PO",4,,,,"","ALMA","HY1104A1",30067,5002,"2024-02-07","2024-03-07","USD",93.00,90,"3XS:10|2XS:20|XS:20|S:10|M:10|L:10|XL:10"
291105,"2024-02-07 08:39:53.45","#HY1105",50.00,68.00,93.00,120.90,"2024-02-07","134728328","PO",4,,,,"","ALMA","HY1105A0",30068,6002,"2024-02-07","2024-03-07","USD",93.00,90,"3XS:10|2XS:20|XS:20|S:10|M:10|L:10|XL:10"
291106,"2024-02-07 08:39:53.45","#HY1106",50.00,68.00,93.00,120.90,"2024-02-07","134728328","PO",4,,,,"","ALMA","HY1106A1",30069,8002,"2024-02-07","2024-03-07","USD",93.00,90,"3XS:10|2XS:20|XS:20|S:10|M:10|L:10|XL:10"
291107,"2024-02-07 08:39:53.45","#HY1107",50.00,68.00,93.00,120.90,"2024-02-07","134728362","PO",4,,,,"","ALMA","HY1107A1",30025,1002,"2024-02-07","2024-03-07","USD",93.00,90,"3XS:10|2XS:20|XS:20|S:10|M:10|L:10|XL:10"
291108,"2024-02-07 08:39:53.45","#HY1108",50.00,68.00,93.00,120.90,"2024-02-07","134728362","PO",4,,,,"","ALMA","HY1108A0",30026,1016,"2024-02-07","2024-03-07","USD",93.00,90,"3XS:10|2XS:20|XS:20|S:10|M:10|L:10|XL:10"
291109,"2024-02-07 08:39:53.45","#HY1109",50.00,68.00,93.00,120.90,"2024-02-07","134728362","PO",4,,,,"","ALMA","HY1109A1",30027,3002,"2024-02-07","2024-03-07","USD",93.00,90,"3XS:10|2XS:20|XS:20|S:10|M:10|L:10|XL:10"
291110,"2024-02-07 08:39:53.45","#HY1110",50.00,68.00,93.00,120.90,"2024-02-07","134728362","PO",4,,,,"","ALMA","HY1110A0",30066,4002,"2024-02-07","2024-03-07","USD",93.00,90,"3XS:10|2XS:20|XS:20|S:10|M:10|L:10|XL:10"
291111,"2024-02-07 08:39:53.45","#HY1111",50.00,68.00,93.00,120.90,"2024-02-07","134728362","PO",4,,,,"","ALMA","HY1111A1",30067,5002,"2024-02-07","2024-03-07","USD",93.00,90,"3XS:10|2XS:20|XS:20|S:10|M:10|L:10|XL:10"
291112,"2024-02-07 08:39:53.45","#HY1112",50.00,68.00,93.00,120.90,"2024-02-07","134728362","PO",4,,,,"","ALMA","HY1112A0",30068,6002,"2024-02-07","2024-03-07","USD",93.00,90,"3XS:10|2XS:20|XS:20|S:10|M:10|L:10|XL:10"
291113,"2024-02-07 08:39:53.45","#HY1113",50.00,68.00,93.00,120.90,"2024-02-07","134728362","PO",4,,,,"","ALMA","HY1113A1",30069,8002,"2024-02-07","2024-03-07","USD",93.00,90,"3XS:10|2XS:20|XS:20|S:10|M:10|L:10|XL:10"
291114,"2024-02-07 08:39:53.45","#HY1114",50.00,68.00,93.00,120.90,"2024-02-07","134728563","PO",4,,,,"","ALMA","HY1114A1",30025,1002,"2024-02-07","2024-03-07","USD",93.00,90,"3XS:10|2XS:20|XS:20|S:10|M:10|L:10|XL:10"
291115,"2024-02-07 08:39:53.45","#HY1115",50.00,68.00,93.00,120.90,"2024-02-07","134728563","PO",4,,,,"","ALMA","HY1115A0",30026,1016,"2024-02-07","2024-03-07","USD",93.00,90,"3XS:10|2XS:20|XS:20|S:10|M:10|L:10|XL:10"
291116,"2024-02-07 08:39:53.45","#HY1116",50.00,68.00,93.00,120.90,"2024-02-07","134728563","PO",4,,,,"","ALMA","HY1116A1",30027,3002,"2024-02-07","2024-03-07","USD",93.00,90,"3XS:10|2XS:20|XS:20|S:10|M:10|L:10|XL:10"
291117,"2024-02-07 08:39:53.45","#HY1117",50.00,68.00,93.00,120.90,"2024-02-07","134728563","PO",4,,,,"","ALMA","HY1117A0",30066,4002,"2024-02-07","2024-03-07","USD",93.00,90,"3XS:10|2XS:20|XS:20|S:10|M:10|L:10|XL:10"
291118,"2024-02-07 08:39:53.45","#HY1118",50.00,68.00,93.00,120.90,"2024-02-07","134728563","PO",4,,,,"","ALMA","HY1118A1",30067,5002,"2024-02-07","2024-03-07","USD",93.00,90,"3XS:10|2XS:20|XS:20|S:10|M:10|L:10|XL:10"
291119,"2024-02-07 08:39:53.45","#HY1119",50.00,68.00,93.00,120.90,"2024-02-07","134728563","PO",4,,,,"","ALMA","HY1119A0",30068,6002,"2024-02-07","2024-03-07","USD",93.00,90,"3XS:10|2XS:20|XS:20|S:10|M:10|L:10|XL:10"
291120,"2024-02-07 08:39:53.45","#HY1120",50.00,68.00,93.00,120.90,"2024-02-07","134728563","PO",4,,,,"","ALMA","HY1120A1",30069,8002,"2024-02-07","2024-03-07","USD",93.00,90,"3XS:10|2XS:20|XS:20|S:10|M:10|L:10|XL:10"
291121,"2024-02-07 08:39:53.45","#HY1121",50.00,68.00,93.00,120.90,"2024-02-07","134728754","PO",4,,,,"","ALMA","HY1121A1",30025,1002,"2024-02-07","2024-03-07","USD",93.00,90,"3XS:10|2XS:20|XS:20|S:10|M:10|L:10|XL:10"
291122,"2024-02-07 08:39:53.45","#HY1122",50.00,68.00,93.00,120.90,"2024-02-07","134728754","PO",4,,,,"","ALMA","HY1122A0",30026,1016,"2024-02-07","2024-03-07","USD",93.00,90,"3XS:10|2XS:20|XS:20|S:10|M:10|L:10|XL:10"
291123,"2024-02-07 08:39:53.45","#HY1123",50.00,68.00,93.00,120.90,"2024-02-07","134728754","PO",4,,,,"","ALMA","HY1123A1",30027,3002,"2024-02-07","2024-03-07","USD",93.00,90,"3XS:10|2XS:20|XS:20|S:10|M:10|L:10|XL:10"
291124,"2024-02-07 08:39:53.45","#HY1124",50.00,68.00,93.00,120.90,"2024-02-07","134728754","PO",4,,,,"","ALMA","HY1124A0",30066,4002,"2024-02-07","2024-03-07","USD",93.00,90,"3XS:10|2XS:20|XS:20|S:10|M:10|L:10|XL:10"
291125,"2024-02-07 08:39:53.45","#HY1125",50.00,68.00,93.00,120.90,"2024-02-07","134728754","PO",4,,,,"","ALMA","HY1125A1",30067,5002,"2024-02-07","2024-03-07","USD",93.00,90,"3XS:10|2XS:20|XS:20|S:10|M:10|L:10|XL:10"
291126,"2024-02-07 08:39:53.45","#HY1126",50.00,68.00,93.00,120.90,"2024-02-07","134728754","PO",4,,,,"","ALMA","HY1126A0",30068,6002,"2024-02-07","2024-03-07","USD",93.00,90,"3XS:10|2XS:20|XS:20|S:10|M:10|L:10|XL:10"
291127,"2024-02-07 08:39:53.45","#HY1127",50.00,68.00,93.00,120.90,"2024-02-07","134728754","PO",4,,,,"","ALMA","HY1127A1",30069,8002,"2024-02-07","2024-03-07","USD",93.00,90,"3XS:10|2XS:20|XS:20|S:10|M:10|L:10|XL:10"
291128,"2024-02-07 08:39:53.45","#HY1128",50.00,68.00,93.00,120.90,"2024-02-07","134728793","PO",4,,,,"","ALMA","HY1128A1",30025,1002,"2024-02-07","2024-03-07","USD",93.00,90,"3XS:10|2XS:20|XS:20|S:10|M:10|L:10|XL:10"
291129,"2024-02-07 08:39:53.45","#HY1129",50.00,68.00,93.00,120.90,"2024-02-07","134728793","PO",4,,,,"","ALMA","HY1129A0",30026,1016,"2024-02-07","2024-03-07","USD",93.00,90,"3XS:10|2XS:20|XS:20|S:10|M:10|L:10|XL:10"
291130,"2024-02-07 08:39:53.45","#HY1130",50.00,68.00,93.00,120.90,"2024-02-07","134728793","PO",4,,,,"","ALMA","HY1130A1",30027,3002,"2024-02-07","2024-03-07","USD",93.00,90,"3XS:10|2XS:20|XS:20|S:10|M:10|L:10|XL:10"
291131,"2024-02-07 08:39:53.45","#HY1131",50.00,68.00,93.00,120.90,"2024-02-07","134728793","PO",4,,,,"","ALMA","HY1131A0",30066,4002,"2024-02-07","2024-03-07","USD",93.00,90,"3XS:10|2XS:20|XS:20|S:10|M:10|L:10|XL:10"
291132,"2024-02-07 08:39:53.45","#HY1132",50.00,68.00,93.00,120.90,"2024-02-07","134728793","PO",4,,,,"","ALMA","HY1132A1",30067,5002,"2024-02-07","2024-03-07","USD",93.00,90,"3XS:10|2XS:20|XS:20|S:10|M:10|L:10|XL:10"
291133,"2024-02-07 08:39:53.45","#HY1133",50.00,68.00,93.00,120.90,"2024-02-07","134728793","PO",4,,,,"","ALMA","HY1133A0",30068,6002,"2024-02-07","2024-03-07","USD",93.00,90,"3XS:10|2XS:20|XS:20|S:10|M:10|L:10|XL:10"
291134,"2024-02-07 08:39:53.45","#HY1134",50.00,68.00,93.00,120.90,"2024-02-07","134728793","PO",4,,,,"","ALMA","HY1134A1",30069,8002,"2024-02-07","2024-03-07","USD",93.00,90,"3XS:10|2XS:20|XS:20|S:10|M:10|L:10|XL:10"
291135,"2024-02-07 08:39:53.45","#HY1135",50.00,68.00,93.00,120.90,"2024-02-07","134728952","PO",4,,,,"","ALMA","HY1135A1",30025,1002,"2024-02-07","2024-03-07","USD",93.00,90,"3XS:10|2XS:20|XS:20|S:10|M:10|L:10|XL:10"
291136,"2024-02-07 08:39:53.45","#HY1136",50.00,68.00,93.00,120.90,"2024-02-07","134728952","PO",4,,,,"","ALMA","HY1136A0",30026,1016,"2024-02-07","2024-03-07","USD",93.00,90,"3XS:10|2XS:20|XS:20|S:10|M:10|L:10|XL:10"
291137,"2024-02-07 08:39:53.45","#HY1137",50.00,68.00,93.00,120.90,"2024-02-07","134728952","PO",4,,,,"","ALMA","HY1137A1",30027,3002,"2024-02-07","2024-03-07","USD",93.00,90,"3XS:10|2XS:20|XS:20|S:10|M:10|L:10|XL:10"
291138,"2024-02-07 08:39:53.45","#HY1138",50.00,68.00,93.00,120.90,"2024-02-07","134728952","PO",4,,,,"","ALMA","HY1138A0",30066,4002,"2024-02-07","2024-03-07","USD",93.00,90,"3XS:10|2XS:20|XS:20|S:10|M:10|L:10|XL:10"
291139,"2024-02-07 08:39:53.45","#HY1139",50.00,68.00,93.00,120.90,"2024-02-07","134728952","PO",4,,,,"","ALMA","HY1139A1",30067,5002,"2024-02-07","2024-03-07","USD",93.00,90,"3XS:10|2XS:20|XS:20|S:10|M:10|L:10|XL:10"
291140,"2024-02-07 08:39:53.45","#HY1140",50.00,68.00,93.00,120.90,"2024-02-07","134728952","PO",4,,,,"","ALMA","HY1140A0",30068,6002,"2024-02-07","2024-03-07","USD",93.00,90,"3XS:10|2XS:20|XS:20|S:10|M:10|L:10|XL:10"
291141,"2024-02-07 08:39:53.45","#HY1141",50.00,68.00,93.00,120.90,"2024-02-07","134728952","PO",4,,,,"","ALMA","HY1141A1",30069,8002,"2024-02-07","2024-03-07","USD",93.00,90,"3XS:10|2XS:20|XS:20|S:10|M:10|L:10|XL:10"
291142,"2024-02-07 08:39:53.45","#HY1142",50.00,68.00,93.00,120.90,"2024-02-07","134729006","PO",4,,,,"","ALMA","HY1142A1",30025,1002,"2024-02-07","2024-03-07","USD",93.00,90,"3XS:10|2XS:20|XS:20|S:10|M:10|L:10|XL:10"
291143,"2024-02-07 08:39:53.45","#HY1143",50.00,68.00,93.00,120.90,"2024-02-07","134729006","PO",4,,,,"","ALMA","HY1143A0",30026,1016,"2024-02-07","2024-03-07","USD",93.00,90,"3XS:10|2XS:20|XS:20|S:10|M:10|L:10|XL:10"
291144,"2024-02-07 08:39:53.45","#HY1144",50.00,68.00,93.00,120.90,"2024-02-07","134729006","PO",4,,,,"","ALMA","HY1144A1",30027,3002,"2024-02-07","2024-03-07","USD",93.00,90,"3XS:10|2XS:20|XS:20|S:10|M:10|L:10|XL:10"
291145,"2024-02-07 08:39:53.45","#HY1145",50.00,68.00,93.00,120.90,"2024-02-07","134729006","PO",4,,,,"","ALMA","HY1145A0",30066,4002,"2024-02-07","2024-03-07","USD",93.00,90,"3XS:10|2XS:20|XS:20|S:10|M:10|L:10|XL:10"
291146,"2024-02-07 08:39:53.45","#HY1146",50.00,68.00,93.00,120.90,"2024-02-07","134729006","PO",4,,,,"","ALMA","HY1146A1",30067,5002,"2024-02-07","2024-03-07","USD",93.00,90,"3XS:10|2XS:20|XS:20|S:10|M:10|L:10|XL:10"
291147,"2024-02-07 08:39:53.45","#HY1147",50.00,68.00,93.00,120.90,"2024-02-07","134729006","PO",4,,,,"","ALMA","HY1147A0",30068,6002,"2024-02-07","2024-03-07","USD",93.00,90,"3XS:10|2XS:20|XS:20|S:10|M:10|L:10|XL:10"
291148,"2024-02-07 08:39:53.45","#HY1148",50.00,68.00,93.00,120.90,"2024-02-07","134729006","PO",4,,,,"","ALMA","HY1148A1",30069,8002,"2024-02-07","2024-03-07","USD",93.00,90,"3XS:10|2XS:20|XS:20|S:10|M:10|L:10|XL:10"
291149,"2024-02-07 08:39:53.45","#HY1149",50.00,68.00,93.00,120.90,"2024-02-07","134729152","PO",4,,,,"","ALMA","HY1149A1",30025,1002,"2024-02-07","2024-03-07","USD",93.00,90,"3XS:10|2XS:20|XS:20|S:10|M:10|L:10|XL:10"
291150,"2024-02-07 08:39:53.45","#HY1150",50.00,68.00,93.00,120.90,"2024-02-07","134729152","PO",4,,,,"","ALMA","HY1150A0",30026,1016,"2024-02-07","2024-03-07","USD",93.00,90,"3XS:10|2XS:20|XS:20|S:10|M:10|L:10|XL:10"
291151,"2024-02-07 08:39:53.45","#HY1151",50.00,68.00,93.00,120.90,"2024-02-07","134729152","PO",4,,,,"","ALMA","HY1151A1",30027,3002,"2024-02-07","2024-03-07","USD",93.00,90,"3XS:10|2XS:20|XS:20|S:10|M:10|L:10|XL:10"
291152,"2024-02-07 08:39:53.45","#HY1152",50.00,68.00,93.00,120.90,"2024-02-07","134729152","PO",4,,,,"","ALMA","HY1152A0",30066,4002,"2024-02-07","2024-03-07","USD",93.00,90,"3XS:10|2XS:20|XS:20|S:10|M:10|L:10|XL:10"
291153,"2024-02-07 08:39:53.45","#HY1153",50.00,68.00,93.00,120.90,"2024-02-07","134729152","PO",4,,,,"","ALMA","HY1153A1",30067,5002,"2024-02-07","2024-03-07","USD",93.00,90,"3XS:10|2XS:20|XS:20|S:10|M:10|L:10|XL:10"
291154,"2024-02-07 08:39:53.45","#HY1154",50.00,68.00,93.00,120.90,"2024-02-07","134729152","PO",4,,,,"","ALMA","HY1154A0",30068,6002,"2024-02-07","2024-03-07","USD",93.00,90,"3XS:10|2XS:20|XS:20|S:10|M:10|L:10|XL:10"
291155,"2024-02-07 08:39:53.45","#HY1155",50.00,68.00,93.00,120.90,"2024-02-07","134729152","PO",4,,,,"","ALMA","HY1155A1",30069,8002,"2024-02-07","2024-03-07","USD",93.00,90,"3XS:10|2XS:20|XS:20|S:10|M:10|L:10|XL:10"
291156,"2024-02-07 08:39:53.45","#HY1156",50.00,68.00,93.00,120.90,"2024-02-07","134729215","PO",4,,,,"","ALMA","HY1156A1",30025,1002,"2024-02-07","2024-03-07","USD",93.00,90,"3XS:10|2XS:20|XS:20|S:10|M:10|L:10|XL:10"
291157,"2024-02-07 08:39:53.45","#HY1157",50.00,68.00,93.00,120.90,"2024-02-07","134729215","PO",4,,,,"","ALMA","HY1157A0",30026,1016,"2024-02-07","2024-03-07","USD",93.00,90,"3XS:10|2XS:20|XS:20|S:10|M:10|L:10|XL:10"
291158,"2024-02-07 08:39:53.45","#HY1158",50.00,68.00,93.00,120.90,"2024-02-07","134729215","PO",4,,,,"","ALMA","HY1158A1",30027,3002,"2024-02-07","2024-03-07","USD",93.00,90,"3XS:10|2XS:20|XS:20|S:10|M:10|L:10|XL:10"
291159,"2024-02-07 08:39:53.45","#HY1159",50.00,68.00,93.00,120.90,"2024-02-07","134729215","PO",4,,,,"","ALMA","HY1159A0",30066,4002,"2024-02-07","2024-03-07","USD",93.00,90,"3XS:10|2XS:20|XS:20|S:10|M:10|L:10|XL:10"
291160,"2024-02-07 08:39:53.45","#HY1160",50.00,68.00,93.00,120.90,"2024-02-07","134729215","PO",4,,,,"","ALMA","HY1160A1",30067,5002,"2024-02-07","2024-03-07","USD",93.00,90,"3XS:10|2XS:20|XS:20|S:10|M:10|L:10|XL:10"
291161,"2024-02-07 08:39:53.45","#HY1161",50.00,68.00,93.00,120.90,"2024-02-07","134729215","PO",4,,,,"","ALMA","HY1161A0",30068,6002,"2024-02-07","2024-03-07","USD",93.00,90,"3XS:10|2XS:20|XS:20|S:10|M:10|L:10|XL:10"
291162,"2024-02-07 08:39:53.45","#HY1162",50.00,68.00,93.00,120.90,"2024-02-07","134729215","PO",4,,,,"","ALMA","HY1162A1",30069,8002,"2024-02-07","2024-03-07","USD",93.00,90,"3XS:10|2XS:20|XS:20|S:10|M:10|L:10|XL:10"
291163,"2024-02-07 08:39:53.45","#HY1163",50.00,68.00,93.00,120.90,"2024-02-07","134729233","PO",4,,,,"","ALMA","HY1163A1",30025,1002,"2024-02-07","2024-03-07","USD",93.00,90,"3XS:10|2XS:20|XS:20|S:10|M:10|L:10|XL:10"
291164,"2024-02-07 08:39:53.45","#HY1164",50.00,68.00,93.00,120.90,"2024-02-07","134729233","PO",4,,,,"","ALMA","HY1164A0",30026,1016,"2024-02-07","2024-03-07","USD",93.00,90,"3XS:10|2XS:20|XS:20|S:10|M:10|L:10|XL:10"
291165,"2024-02-07 08:39:53.45","#HY1165",50.00,68.00,93.00,120.90,"2024-02-07","134729233","PO",4,,,,"","ALMA","HY1165A1",30027,3002,"2024-02-07","2024-03-07","USD",93.00,90,"3XS:10|2XS:20|XS:20|S:10|M:10|L:10|XL:10"
291166,"2024-02-07 08:39:53.45","#HY1166",50.00,68.00,93.00,120.90,"2024-02-07","134729233","PO",4,,,,"","ALMA","HY1166A0",30066,4002,"2024-02-07","2024-03-07","USD",93.00,90,"3XS:10|2XS:20|XS:20|S:10|M:10|L:10|XL:10"
291167,"2024-02-07 08:39:53.45","#HY1167",50.00,68.00,93.00,120.90,"2024-02-07","134729233","PO",4,,,,"","ALMA","HY1167A1",30067,5002,"2024-02-07","2024-03-07","USD",93.00,90,"3XS:10|2XS:20|XS:20|S:10|M:10|L:10|XL:10"
291168,"2024-02-07 08:39:53.45","#HY1168",50.00,68.00,93.00,120.90,"2024-02-07","134729233","PO",4,,,,"","ALMA","HY1168A0",30068,6002,"2024-02-07","2024-03-07","USD",93.00,90,"3XS:10|2XS:20|XS:20|S:10|M:10|L:10|XL:10"
291169,"2024-02-07 08:39:53.45","#HY1169",50.00,68.00,93.00,120.90,"2024-02-07","134729233","PO",4,,,,"","ALMA","HY1169A1",30069,8002,"2024-02-07","2024-03-07","USD",93.00,90,"3XS:10|2XS:20|XS:20|S:10|M:10|L:10|XL:10"
291170,"2024-02-07 08:39:53.45","#HY1170",50.00,68.00,93.00,120.90,"2024-02-07","134729352","PO",4,,,,"","ALMA","HY1170A1",30025,1002,"2024-02-07","2024-03-07","USD",93.00,90,"3XS:10|2XS:20|XS:20|S:10|M:10|L:10|XL:10"
291171,"2024-02-07 08:39:53.45","#HY1171",50.00,68.00,93.00,120.90,"2024-02-07","134729352","PO",4,,,,"","ALMA","HY1171A0",30026,1016,"2024-02-07","2024-03-07","USD",93.00,90,"3XS:10|2XS:20|XS:20|S:10|M:10|L:10|XL:10"
291172,"2024-02-07 08:39:53.45","#HY1172",50.00,68.00,93.00,120.90,"2024-02-07","134729352","PO",4,,,,"","ALMA","HY1172A1",30027,3002,"2024-02-07","2024-03-07","USD",93.00,90,"3XS:10|2XS:20|XS:20|S:10|M:10|L:10|XL:10"
291173,"2024-02-07 08:39:53.45","#HY1173",50.00,68.00,93.00,120.90,"2024-02-07","134729352","PO",4,,,,"","ALMA","HY1173A0",30066,4002,"2024-02-07","2024-03-07","USD",93.00,90,"3XS:10|2XS:20|XS:20|S:10|M:10|L:10|XL:10"
291174,"2024-02-07 08:39:53.45","#HY1174",50.00,68.00,93.00,120.90,"2024-02-07","134729352","PO",4,,,,"","ALMA","HY1174A1",30067,5002,"2024-02-07","2024-03-07","USD",93.00,90,"3XS:10|2XS:20|XS:20|S:10|M:10|L:10|XL:10"
291175,"2024-02-07 08:39:53.45","#HY1175",50.00,68.00,93.00,120.90,"2024-02-07","134729352","PO",4,,,,"","ALMA","HY1175A0",30068,6002,"2024-02-07","2024-03-07","USD",93.00,90,"3XS:10|2XS:20|XS:20|S:10|M:10|L:10|XL:10"
291176,"2024-02-07 08:39:53.45","#HY1176",50.00,68.00,93.00,120.90,"2024-02-07","134729352","PO",4,,,,"","ALMA","HY1176A1",30069,8002,"2024-02-07","2024-03-07","USD",93.00,90,"3XS:10|2XS:20|XS:20|S:10|M:10|L:10|XL:10"
291177,"2024-02-07 08:39:53.45","#HY1177",50.00,68.00,93.00,120.90,"2024-02-07","134729408","PO",4,,,,"","ALMA","HY1177A1",30025,1002,"2024-02-07","2024-03-07","USD",93.00,90,"3XS:10|2XS:20|XS:20|S:10|M:10|L:10|XL:10"
291178,"2024-02-07 08:39:53.45","#HY1178",50.00,68.00,93.00,120.90,"2024-02-07","134729408","PO",4,,,,"","ALMA","HY1178A0",30026,1016,"2024-02-07","2024-03-07","USD",93.00,90,"3XS:10|2XS:20|XS:20|S:10|M:10|L:10|XL:10"
291179,"2024-02-07 08:39:53.45","#HY1179",50.00,68.00,93.00,120.90,"2024-02-07","134729408","PO",4,,,,"","ALMA","HY1179A1",30027,3002,"2024-02-07","2024-03-07","USD",93.00,90,"3XS:10|2XS:20|XS:20|S:10|M:10|L:10|XL:10"
291180,"2024-02-07 08:39:53.45","#HY1180",50.00,68.00,93.00,120.90,"2024-02-07","134729408","PO",4,,,,"","ALMA","HY1180A0",30066,4002,"2024-02-07","2024-03-07","USD",93.00,90,"3XS:10|2XS:20|XS:20|S:10|M:10|L:10|XL:10"
291181,"2024-02-07 08:39:53.45","#HY1181",50.00,68.00,93.00,120.90,"2024-02-07","134729408","PO",4,,,,"","ALMA","HY1181A1",30067,5002,"2024-02-07","2024-03-07","USD",93.00,90,"3XS:10|2XS:20|XS:20|S:10|M:10|L:10|XL:10"
291182,"2024-02-07 08:39:53.45","#HY1182",50.00,68.00,93.00,120.90,"2024-02-07","134729408","PO",4,,,,"","ALMA","HY1182A0",30068,6002,"2024-02-07","2024-03-07","USD",93.00,90,"3XS:10|2XS:20|XS:20|S:10|M:10|L:10|XL:10"
291183,"2024-02-07 08:39:53.45","#HY1183",50.00,68.00,93.00,120.90,"2024-02-07","134729408","PO",4,,,,"","ALMA","HY1183A1",30069,8002,"2024-02-07","2024-03-07","USD",93.00,90,"3XS:10|2XS:20|XS:20|S:10|M:10|L:10|XL:10"
291184,"2024-02-07 08:39:53.45","#HY1184",50.00,68.00,93.00,120.90,"2024-02-07","134729433","PO",4,,,,"","ALMA","HY1184A1",30025,1002,"2024-02-07","2024-03-07","USD",93.00,90,"3XS:10|2XS:20|XS:20|S:10|M:10|L:10|XL:10"
291185,"2024-02-07 08:39:53.45","#HY1185",50.00,68.00,93.00,120.90,"2024-02-07","134729433","PO",4,,,,"","ALMA","HY1185A0",30026,1016,"2024-02-07","2024-03-07","USD",93.00,90,"3XS:10|2XS:20|XS:20|S:10|M:10|L:10|XL:10"
291186,"2024-02-07 08:39:53.45","#HY1186",50.00,68.00,93.00,120.90,"2024-02-07","134729433","PO",4,,,,"","ALMA","HY1186A1",30027,3002,"2024-02-07","2024-03-07","USD",93.00,90,"3XS:10|2XS:20|XS:20|S:10|M:10|L:10|XL:10"
291187,"2024-02-07 08:39:53.45","#HY1187",50.00,68.00,93.00,120.90,"2024-02-07","134729433","PO",4,,,,"","ALMA","HY1187A0",30066,4002,"2024-02-07","2024-03-07","USD",93.00,90,"3XS:10|2XS:20|XS:20|S:10|M:10|L:10|XL:10"
291188,"2024-02-07 08:39:53.45","#HY1188",50.00,68.00,93.00,120.90,"2024-02-07","134729433","PO",4,,,,"","ALMA","HY1188A1",30067,5002,"2024-02-07","2024-03-07","USD",93.00,90,"3XS:10|2XS:20|XS:20|S:10|M:10|L:10|XL:10"
291189,"2024-02-07 08:39:53.45","#HY1189",50.00,68.00,93.00,120.90,"2024-02-07","134729433","PO",4,,,,"","ALMA","HY1189A0",30068,6002,"2024-02-07","2024-03-07","USD",93.00,90,"3XS:10|2XS:20|XS:20|S:10|M:10|L:10|XL:10"
291190,"2024-02-07 08:39:53.45","#HY1190",50.00,68.00,93.00,120.90,"2024-02-07","134729433","PO",4,,,,"","ALMA","HY1190A1",30069,8002,"2024-02-07","2024-03-07","USD",93.00,90,"3XS:10|2XS:20|XS:20|S:10|M:10|L:10|XL:10"
291191,"2024-02-07 08:39:53.45","#HY1191",50.00,68.00,93.00,120.90,"2024-02-07","134729560","PO",4,,,,"","ALMA","HY1191A1",30025,1002,"2024-02-07","2024-03-07","USD",93.00,90,"3XS:10|2XS:20|XS:20|S:10|M:10|L:10|XL:10"
291192,"2024-02-07 08:39:53.45","#HY1192",50.00,68.00,93.00,120.90,"2024-02-07","134729560","PO",4,,,,"","ALMA","HY1192A0",30026,1016,"2024-02-07","2024-03-07","USD",93.00,90,"3XS:10|2XS:20|XS:20|S:10|M:10|L:10|XL:10"
291193,"2024-02-07 08:39:53.45","#HY1193",50.00,68.00,93.00,120.90,"2024-02-07","134729560","PO",4,,,,"","ALMA","HY1193A1",30027,3002,"2024-02-07","2024-03-07","USD",93.00,90,"3XS:10|2XS:20|XS:20|S:10|M:10|L:10|XL:10"
291194,"2024-02-07 08:39:53.45","#HY1194",50.00,68.00,93.00,120.90,"2024-02-07","134729560","PO",4,,,,"","ALMA","HY1194A0",30066,4002,"2024-02-07","2024-03-07","USD",93.00,90,"3XS:10|2XS:20|XS:20|S:10|M:10|L:10|XL:10"
291195,"2024-02-07 08:39:53.45","#HY1195",50.00,68.00,93.00,120.90,"2024-02-07","134729560","PO",4,,,,"","ALMA","HY1195A1",30067,5002,"2024-02-07","2024-03-07","USD",93.00,90,"3XS:10|2XS:20|XS:20|S:10|M:10|L:10|XL:10"
291196,"2024-02-07 08:39:53.45","#HY1196",50.00,68.00,93.00,120.90,"2024-02-07","134729560","PO",4,,,,"","ALMA","HY1196A0",30068,6002,"2024-02-07","2024-03-07","USD",93.00,90,"3XS:10|2XS:20|XS:20|S:10|M:10|L:10|XL:10"
291197,"2024-02-07 08:39:53.45","#HY1197",50.00,68.00,93.00,120.90,"2024-02-07","134729560","PO",4,,,,"","ALMA","HY1197A1",30069,8002,"2024-02-07","2024-03-07","USD",93.00,90,"3XS:10|2XS:20|XS:20|S:10|M:10|L:10|XL:10"
291198,"2024-02-07 08:39:53.45","#HY1198",50.00,68.00,93.00,120.90,"2024-02-07","134729616","PO",4,,,,"","ALMA","HY1198A1",30025,1002,"2024-02-07","2024-03-07","USD",93.00,90,"3XS:10|2XS:20|XS:20|S:10|M:10|L:10|XL:10"
291199,"2024-02-07 08:39:53.45","#HY1199",50.00,68.00,93.00,120.90,"2024-02-07","134729616","PO",4,,,,"","ALMA","HY1199A0",30026,1016,"2024-02-07","2024-03-07","USD",93.00,90,"3XS:10|2XS:20|XS:20|S:10|M:10|L:10|XL:10"
291200,"2024-02-07 08:39:53.45","#HY1200",50.00,68.00,93.00,120.90,"2024-02-07","134729616","PO",4,,,,"","ALMA","HY1200A1",30027,3002,"2024-02-07","2024-03-07","USD",93.00,90,"3XS:10|2XS:20|XS:20|S:10|M:10|L:10|XL:10"
291201,"2024-02-07 08:39:53.45","#HY1201",50.00,68.00,93.00,120.90,"2024-02-07","134729616","PO",4,,,,"","ALMA","HY1201A0",30066,4002,"2024-02-07","2024-03-07","USD",93.00,90,"3XS:10|2XS:20|XS:20|S:10|M:10|L:10|XL:10"
291202,"2024-02-07 08:39:53.45","#HY1202",50.00,68.00,93.00,120.90,"2024-02-07","134729616","PO",4,,,,"","ALMA","HY1202A1",30067,5002,"2024-02-07","2024-03-07","USD",93.00,90,"3XS:10|2XS:20|XS:20|S:10|M:10|L:10|XL:10"
291203,"2024-02-07 08:39:53.45","#HY1203",50.00,68.00,93.00,120.90,"2024-02-07","134729616","PO",4,,,,"","ALMA","HY1203A0",30068,6002,"2024-02-07","2024-03-07","USD",93.00,90,"3XS:10|2XS:20|XS:20|S:10|M:10|L:10|XL:10"
291204,"2024-02-07 08:39:53.45","#HY1204",50.00,68.00,93.00,120.90,"2024-02-07","134729616","PO",4,,,,"","ALMA","HY1204A1",30069,8002,"2024-02-07","2024-03-07","USD",93.00,90,"3XS:10|2XS:20|XS:20|S:10|M:10|L:10|XL:10"
291205,"2024-02-07 08:39:53.45","#HY1205",50.00,68.00,93.00,120.90,"2024-02-07","134729644","PO",4,,,,"","ALMA","HY1205A1",30025,1002,"2024-02-07","2024-03-07","USD",93.00,90,"3XS:10|2XS:20|XS:20|S:10|M:10|L:10|XL:10"
291206,"2024-02-07 08:39:53.45","#HY1206",50.00,68.00,93.00,120.90,"2024-02-07","134729644","PO",4,,,,"","ALMA","HY1206A0",30026,1016,"2024-02-07","2024-03-07","USD",93.00,90,"3XS:10|2XS:20|XS:20|S:10|M:10|L:10|XL:10"
291207,"2024-02-07 08:39:53.45","#HY1207",50.00,68.00,93.00,120.90,"2024-02-07","134729644","PO",4,,,,"","ALMA","HY1207A1",30027,3002,"2024-02-07","2024-03-07","USD",93.00,90,"3XS:10|2XS:20|XS:20|S:10|M:10|L:10|XL:10"
291208,"2024-02-07 08:39:53.45","#HY1208",50.00,68.00,93.00,120.90,"2024-02-07","134729644","PO",4,,,,"","ALMA","HY1208A0",30066,4002,"2024-02-07","2024-03-07","USD",93.00,90,"3XS:10|2XS:20|XS:20|S:10|M:10|L:10|XL:10"
291209,"2024-02-07 08:39:53.45","#HY1209",50.00,68.00,93.00,120.90,"2024-02-07","134729644","PO",4,,,,"","ALMA","HY1209A1",30067,5002,"2024-02-07","2024-03-07","USD",93.00,90,"3XS:10|2XS:20|XS:20|S:10|M:10|L:10|XL:10"
291210,"2024-02-07 08:39:53.45","#HY1210",50.00,68.00,93.00,120.90,"2024-02-07","134729644","PO",4,,,,"","ALMA","HY1210A0",30068,6002,"2024-02-07","2024-03-07","USD",93.00,90,"3XS:10|2XS:20|XS:20|S:10|M:10|L:10|XL:10"
291211,"2024-02-07 08:39:53.45","#HY1211",50.00,68.00,93.00,120.90,"2024-02-07","134729644","PO",4,,,,"","ALMA","HY1211A1",30069,8002,"2024-02-07","2024-03-07","USD",93.00,90,"3XS:10|2XS:20|XS:20|S:10|M:10|L:10|XL:10"
291212,"2024-02-07 08:39:53.45","#HY1212",50.00,68.00,93.00,120.90,"2024-02-07","134729767","PO",4,,,,"","ALMA","HY1212A1",30025,1002,"2024-02-07","2024-03-07","USD",93.00,90,"3XS:10|2XS:20|XS:20|S:10|M:10|L:10|XL:10"
291213,"2024-02-07 08:39:53.45","#HY1213",50.00,68.00,93.00,120.90,"2024-02-07","134729767","PO",4,,,,"","ALMA","HY1213A0",30026,1016,"2024-02-07","2024-03-07","USD",93.00,90,"3XS:10|2XS:20|XS:20|S:10|M:10|L:10|XL:10"
291214,"2024-02-07 08:39:53.45","#HY1214",50.00,68.00,93.00,120.90,"2024-02-07","134729767","PO",4,,,,"","ALMA","HY1214A1",30027,3002,"2024-02-07","2024-03-07","USD",93.00,90,"3XS:10|2XS:20|XS:20|S:10|M:10|L:10|XL:10"
291215,"2024-02-07 08:39:53.45","#HY1215",50.00,68.00,93.00,120.90,"2024-02-07","134729767","PO",4,,,,"","ALMA","HY1215A0",30066,4002,"2024-02-07","2024-03-07","USD",93.00,90,"3XS:10|2XS:20|XS:20|S:10|M:10|L:10|XL:10"
291216,"2024-02-07 08:39:53.45","#HY1216",50.00,68.00,93.00,120.90,"2024-02-07","134729767","PO",4,,,,"","ALMA","HY1216A1",30067,5002,"2024-02-07","2024-03-07","USD",93.00,90,"3XS:10|2XS:20|XS:20|S:10|M:10|L:10|XL:10"
291217,"2024-02-07 08:39:53.45","#HY1217",50.00,68.00,93.00,120.90,"2024-02-07","134729767","PO",4,,,,"","ALMA","HY1217A0",30068,6002,"2024-02-07","2024-03-07","USD",93.00,90,"3XS:10|2XS:20|XS:20|S:10|M:10|L:10|XL:10"
291218,"2024-02-07 08:39:53.45","#HY1218",50.00,68.00,93.00,120.90,"2024-02-07","134729767","PO",4,,,,"","ALMA","HY1218A1",30069,8002,"2024-02-07","2024-03-07","USD",93.00,90,"3XS:10|2XS:20|XS:20|S:10|M:10|L:10|XL:10"
291219,"2024-02-07 08:39:53.45","#HY1219",50.00,68.00,93.00,120.90,"2024-02-07","134729816","PO",4,,,,"","ALMA","HY1219A1",30025,1002,"2024-02-07","2024-03-07","USD",93.00,90,"3XS:10|2XS:20|XS:20|S:10|M:10|L:10|XL:10"
291220,"2024-02-07 08:39:53.45","#HY1220",50.00,68.00,93.00,120.90,"2024-02-07","134729816","PO",4,,,,"","ALMA","HY1220A0",30026,1016,"2024-02-07","2024-03-07","USD",93.00,90,"3XS:10|2XS:20|XS:20|S:10|M:10|L:10|XL:10"
291221,"2024-02-07 08:39:53.45","#HY1221",50.00,68.00,93.00,120.90,"2024-02-07","134729816","PO",4,,,,"","ALMA","HY1221A1",30027,3002,"2024-02-07","2024-03-07","USD",93.00,90,"3XS:10|2XS:20|XS:20|S:10|M:10|L:10|XL:10"
291222,"2024-02-07 08:39:53.45","#HY1222",50.00,68.00,93.00,120.90,"2024-02-07","134729816","PO",4,,,,"","ALMA","HY1222A0",30066,4002,"2024-02-07","2024-03-07","USD",93.00,90,"3XS:10|2XS:20|XS:20|S:10|M:10|L:10|XL:10"
291223,"2024-02-07 08:39:53.45","#HY1223",50.00,68.00,93.00,120.90,"2024-02-07","134729816","PO",4,,,,"","ALMA","HY1223A1",30067,5002,"2024-02-07","2024-03-07","USD",93.00,90,"3XS:10|2XS:20|XS:20|S:10|M:10|L:10|XL:10"
291224,"2024-02-07 08:39:53.45","#HY1224",50.00,68.00,93.00,120.90,"2024-02-07","134729816","PO",4,,,,"","ALMA","HY1224A0",30068,6002,"2024-02-07","2024-03-07","USD",93.00,90,"3XS:10|2XS:20|XS:20|S:10|M:10|L:10|XL:10"
291225,"2024-02-07 08:39:53.45","#HY1225",50.00,68.00,93.00,120.90,"2024-02-07","134729816","PO",4,,,,"","ALMA","HY1225A1",30069,8002,"2024-02-07","2024-03-07","USD",93.00,90,"3XS:10|2XS:20|XS:20|S:10|M:10|L:10|XL:10"
291226,"2024-02-07 08:39:53.45","#HY1226",50.00,68.00,93.00,120.90,"2024-02-07","134729845","PO",4,,,,"","ALMA","HY1226A1",30025,1002,"2024-02-07","2024-03-07","USD",93.00,90,"3XS:10|2XS:20|XS:20|S:10|M:10|L:10|XL:10"
291227,"2024-02-07 08:39:53.45","#HY1227",50.00,68.00,93.00,120.90,"2024-02-07","134729845","PO",4,,,,"","ALMA","HY1227A0",30026,1016,"2024-02-07","2024-03-07","USD",93.00,90,"3XS:10|2XS:20|XS:20|S:10|M:10|L:10|XL:10"
291228,"2024-02-07 08:39:53.45","#HY1228",50.00,68.00,93.00,120.90,"2024-02-07","134729845","PO",4,,,,"","ALMA","HY1228A1",30027,3002,"2024-02-07","2024-03-07","USD",93.00,90,"3XS:10|2XS:20|XS:20|S:10|M:10|L:10|XL:10"
291229,"2024-02-07 08:39:53.45","#HY1229",50.00,68.00,93.00,120.90,"2024-02-07","134729845","PO",4,,,,"","ALMA","HY1229A0",30066,4002,"2024-02-07","2024-03-07","USD",93.00,90,"3XS:10|2XS:20|XS:20|S:10|M:10|L:10|XL:10"
291230,"2024-02-07 08:39:53.45","#HY1230",50.00,68.00,93.00,120.90,"2024-02-07","134729845","PO",4,,,,"","ALMA","HY1230A1",30067,5002,"2024-02-07","2024-03-07","USD",93.00,90,"3XS:10|2XS:20|XS:20|S:10|M:10|L:10|XL:10"
291231,"2024-02-07 08:39:53.45","#HY1231",50.00,68.00,93.00,120.90,"2024-02-07","134729845","PO",4,,,,"","ALMA","HY1231A0",30068,6002,"2024-02-07","2024-03-07","USD",93.00,90,"3XS:10|2XS:20|XS:20|S:10|M:10|L:10|XL:10"
291232,"2024-02-07 08:39:53.45","#HY1232",50.00,68.00,93.00,120.90,"2024-02-07","134729845","PO",4,,,,"","ALMA","HY1232A1",30069,8002,"2024-02-07","2024-03-07","USD",93.00,90,"3XS:10|2XS:20|XS:20|S:10|M:10|L:10|XL:10"
291233,"2024-02-07 08:39:53.45","#HY1233",50.00,68.00,93.00,120.90,"2024-02-07","134729974","PO",4,,,,"","ALMA","HY1233A1",30025,1002,"2024-02-07","2024-03-07","USD",93.00,90,"3XS:10|2XS:20|XS:20|S:10|M:10|L:10|XL:10"
291234,"2024-02-07 08:39:53.45","#HY1234",50.00,68.00,93.00,120.90,"2024-02-07","134729974","PO",4,,,,"","ALMA","HY1234A0",30026,1016,"2024-02-07","2024-03-07","USD",93.00,90,"3XS:10|2XS:20|XS:20|S:10|M:10|L:10|XL:10"
291235,"2024-02-07 08:39:53.45","#HY1235",50.00,68.00,93.00,120.90,"2024-02-07","134729974","PO",4,,,,"","ALMA","HY1235A1",30027,3002,"2024-02-07","2024-03-07","USD",93.00,90,"3XS:10|2XS:20|XS:20|S:10|M:10|L:10|XL:10"
291236,"2024-02-07 08:39:53.45","#HY1236",50.00,68.00,93.00,120.90,"2024-02-07","134729974","PO",4,,,,"","ALMA","HY1236A0",30066,4002,"2024-02-07","2024-03-07","USD",93.00,90,"3XS:10|2XS:20|XS:20|S:10|M:10|L:10|XL:10"
291237,"2024-02-07 08:39:53.45","#HY1237",50.00,68.00,93.00,120.90,"2024-02-07","134729974","PO",4,,,,"","ALMA","HY1237A1",30067,5002,"2024-02-07","2024-03-07","USD",93.00,90,"3XS:10|2XS:20|XS:20|S:10|M:10|L:10|XL:10"
291238,"2024-02-07 08:39:53.45","#HY1238",50.00,68.00,93.00,120.90,"2024-02-07","134729974","PO",4,,,,"","ALMA","HY1238A0",30068,6002,"2024-02-07","2024-03-07","USD",93.00,90,"3XS:10|2XS:20|XS:20|S:10|M:10|L:10|XL:10"
291239,"2024-02-07 08:39:53.45","#HY1239",50.00,68.00,93.00,120.90,"2024-02-07","134729974","PO",4,,,,"","ALMA","HY1239A1",30069,8002,"2024-02-07","2024-03-07","USD",93.00,90,"3XS:10|2XS:20|XS:20|S:10|M:10|L:10|XL:10"
291240,"2024-02-07 08:39:53.45","#HY1240",50.00,68.00,93.00,120.90,"2024-02-07","134730024","PO",4,,,,"","ALMA","HY1240A1",30025,1002,"2024-02-07","2024-03-07","USD",93.00,90,"3XS:10|2XS:20|XS:20|S:10|M:10|L:10|XL:10"
291241,"2024-02-07 08:39:53.45","#HY1241",50.00,68.00,93.00,120.90,"2024-02-07","134730024","PO",4,,,,"","ALMA","HY1241A0",30026,1016,"2024-02-07","2024-03-07","USD",93.00,90,"3XS:10|2XS:20|XS:20|S:10|M:10|L:10|XL:10"
291242,"2024-02-07 08:39:53.45","#HY1242",50.00,68.00,93.00,120.90,"2024-02-07","134730024","PO",4,,,,"","ALMA","HY1242A1",30027,3002,"2024-02-07","2024-03-07","USD",93.00,90,"3XS:10|2XS:20|XS:20|S:10|M:10|L:10|XL:10"
291243,"2024-02-07 08:39:53.45","#HY1243",50.00,68.00,93.00,120.90,"2024-02-07","134730024","PO",4,,,,"","ALMA","HY1243A0",30066,4002,"2024-02-07","2024-03-07","USD",93.00,90,"3XS:10|2XS:20|XS:20|S:10|M:10|L:10|XL:10"
291244,"2024-02-07 08:39:53.45","#HY1244",50.00,68.00,93.00,120.90,"2024-02-07","134730024","PO",4,,,,"","ALMA","HY1244A1",30067,5002,"2024-02-07","2024-03-07","USD",93.00,90,"3XS:10|2XS:20|XS:20|S:10|M:10|L:10|XL:10"
291245,"2024-02-07 08:39:53.45","#HY1245",50.00,68.00,93.00,120.90,"2024-02-07","134730024","PO",4,,,,"","ALMA","HY1245A0",30068,6002,"2024-02-07","2024-03-07","USD",93.00,90,"3XS:10|2XS:20|XS:20|S:10|M:10|L:10|XL:10"
291246,"2024-02-07 08:39:53.45","#HY1246",50.00,68.00,93.00,120.90,"2024-02-07","134730024","PO",4,,,,"","ALMA","HY1246A1",30069,8002,"2024-02-07","2024-03-07","USD",93.00,90,"3XS:10|2XS:20|XS:20|S:10|M:10|L:10|XL:10"
291247,"2024-02-07 08:39:53.45","#HY1247",50.00,68.00,93.00,120.90,"2024-02-07","134730054","PO",4,,,,"","ALMA","HY1247A1",30025,1002,"2024-02-07","2024-03-07","USD",93.00,90,"3XS:10|2XS:20|XS:20|S:10|M:10|L:10|XL:10"
291248,"2024-02-07 08:39:53.45","#HY1248",50.00,68.00,93.00,120.90,"2024-02-07","134730054","PO",4,,,,"","ALMA","HY1248A0",30026,1016,"2024-02-07","2024-03-07","USD",93.00,90,"3XS:10|2XS:20|XS:20|S:10|M:10|L:10|XL:10"
291249,"2024-02-07 08:39:53.45","#HY1249",50.00,68.00,93.00,120.90,"2024-02-07","134730054","PO",4,,,,"","ALMA","HY1249A1",30027,3002,"2024-02-07","2024-03-07","USD",93.00,90,"3XS:10|2XS:20|XS:20|S:10|M:10|L:10|XL:10"
291250,"2024-02-07 08:39:53.45","#HY1250",50.00,68.00,93.00,120.90,"2024-02-07","134730054","PO",4,,,,"","ALMA","HY1250A0",30066,4002,"2024-02-07","2024-03-07","USD",93.00,90,"3XS:10|2XS:20|XS:20|S:10|M:10|L:10|XL:10"
291251,"2024-02-07 08:39:53.45","#HY1251",50.00,68.00,93.00,120.90,"2024-02-07","134730054","PO",4,,,,"","ALMA","HY1251A1",30067,5002,"2024-02-07","2024-03-07","USD",93.00,90,"3XS:10|2XS:20|XS:20|S:10|M:10|L:10|XL:10"
291252,"2024-02-07 08:39:53.45","#HY1252",50.00,68.00,93.00,120.90,"2024-02-07","134730054","PO",4,,,,"","ALMA","HY1252A0",30068,6002,"2024-02-07","2024-03-07","USD",93.00,90,"3XS:10|2XS:20|XS:20|S:10|M:10|L:10|XL:10"
291253,"2024-02-07 08:39:53.45","#HY1253",50.00,68.00,93.00,120.90,"2024-02-07","134730054","PO",4,,,,"","ALMA","HY1253A1",30069,8002,"2024-02-07","2024-03-07","USD",93.00,90,"3XS:10|2XS:20|XS:20|S:10|M:10|L:10|XL:10"
291254,"2024-02-07 08:39:53.45","#HY1254",50.00,68.00,93.00,120.90,"2024-02-07","134730176","PO",4,,,,"","ALMA","HY1254A1",30025,1002,"2024-02-07","2024-03-07","USD",93.00,90,"3XS:10|2XS:20|XS:20|S:10|M:10|L:10|XL:10"
291255,"2024-02-07 08:39:53.45","#HY1255",50.00,68.00,93.00,120.90,"2024-02-07","134730176","PO",4,,,,"","ALMA","HY1255A0",30026,1016,"2024-02-07","2024-03-07","USD",93.00,90,"3XS:10|2XS:20|XS:20|S:10|M:10|L:10|XL:10"
291256,"2024-02-07 08:39:53.45","#HY1256",50.00,68.00,93.00,120.90,"2024-02-07","134730176","PO",4,,,,"","ALMA","HY1256A1",30027,3002,"2024-02-07","2024-03-07","USD",93.00,90,"3XS:10|2XS:20|XS:20|S:10|M:10|L:10|XL:10"
291257,"2024-02-07 08:39:53.45","#HY1257",50.00,68.00,93.00,120.90,"2024-02-07","134730176","PO",4,,,,"","ALMA","HY1257A0",30066,4002,"2024-02-07","2024-03-07","USD",93.00,90,"3XS:10|2XS:20|XS:20|S:10|M:10|L:10|XL:10"
291258,"2024-02-07 08:39:53.45","#HY1258",50.00,68.00,93.00,120.90,"2024-02-07","134730176","PO",4,,,,"","ALMA","HY1258A1",30067,5002,"2024-02-07","2024-03-07","USD",93.00,90,"3XS:10|2XS:20|XS:20|S:10|M:10|L:10|XL:10"
291259,"2024-02-07 08:39:53.45","#HY1259",50.00,68.00,93.00,120.90,"2024-02-07","134730176","PO",4,,,,"","ALMA","HY1259A0",30068,6002,"2024-02-07","2024-03-07","USD",93.00,90,"3XS:10|2XS:20|XS:20|S:10|M:10|L:10|XL:10"
291260,"2024-02-07 08:39:53.45","#HY1260",50.00,68.00,93.00,120.90,"2024-02-07","134730176","PO",4,,,,"","ALMA","HY1260A1",30069,8002,"2024-02-07","2024-03-07","USD",93.00,90,"3XS:10|2XS:20|XS:20|S:10|M:10|L:10|XL:10"
291261,"2024-02-07 08:39:53.45","#HY1261",50.00,68.00,93.00,120.90,"2024-02-07","134730225","PO",4,,,,"","ALMA","HY1261A1",30025,1002,"2024-02-07","2024-03-07","USD",93.00,90,"3XS:10|2XS:20|XS:20|S:10|M:10|L:10|XL:10"
291262,"2024-02-07 08:39:53.45","#HY1262",50.00,68.00,93.00,120.90,"2024-02-07","134730225","PO",4,,,,"","ALMA","HY1262A0",30026,1016,"2024-02-07","2024-03-07","USD",93.00,90,"3XS:10|2XS:20|XS:20|S:10|M:10|L:10|XL:10"
291263,"2024-02-07 08:39:53.45","#HY1263",50.00,68.00,93.00,120.90,"2024-02-07","134730225","PO",4,,,,"","ALMA","HY1263A1",30027,3002,"2024-02-07","2024-03-07","USD",93.00,90,"3XS:10|2XS:20|XS:20|S:10|M:10|L:10|XL:10"
291264,"2024-02-07 08:39:53.45","#HY1264",50.00,68.00,93.00,120.90,"2024-02-07","134730225","PO",4,,,,"","ALMA","HY1264A0",30066,4002,"2024-02-07","2024-03-07","USD",93.00,90,"3XS:10|2XS:20|XS:20|S:10|M:10|L:10|XL:10"
291265,"2024-02-07 08:39:53.45","#HY1265",50.00,68.00,93.00,120.90,"2024-02-07","134730225","PO",4,,,,"","ALMA","HY1265A1",30067,5002,"2024-02-07","2024-03-07","USD",93.00,90,"3XS:10|2XS:20|XS:20|S:10|M:10|L:10|XL:10"
291266,"2024-02-07 08:39:53.45","#HY1266",50.00,68.00,93.00,120.90,"2024-02-07","134730225","PO",4,,,,"","ALMA","HY1266A0",30068,6002,"2024-02-07","2024-03-07","USD",93.00,90,"3XS:10|2XS:20|XS:20|S:10|M:10|L:10|XL:10"
291267,"2024-02-07 08:39:53.45","#HY1267",50.00,68.00,93.00,120.90,"2024-02-07","134730225","PO",4,,,,"","ALMA","HY1267A1",30069,8002,"2024-02-07","2024-03-07","USD",93.00,90,"3XS:10|2XS:20|XS:20|S:10|M:10|L:10|XL:10"
291268,"2024-02-07 08:39:53.45","#HY1268",50.00,68.00,93.00,120.90,"2024-02-07","134730226","PO",4,,,,"","ALMA","HY1268A1",30025,1002,"2024-02-07","2024-03-07","USD",93.00,90,"3XS:10|2XS:20|XS:20|S:10|M:10|L:10|XL:10"
291269,"2024-02-07 08:39:53.45","#HY1269",50.00,68.00,93.00,120.90,"2024-02-07","134730226","PO",4,,,,"","ALMA","HY1269A0",30026,1016,"2024-02-07","2024-03-07","USD",93.00,90,"3XS:10|2XS:20|XS:20|S:10|M:10|L:10|XL:10"
291270,"2024-02-07 08:39:53.45","#HY1270",50.00,68.00,93.00,120.90,"2024-02-07","134730226","PO",4,,,,"","ALMA","HY1270A1",30027,3002,"2024-02-07","2024-03-07","USD",93.00,90,"3XS:10|2XS:20|XS:20|S:10|M:10|L:10|XL:10"
291271,"2024-02-07 08:39:53.45","#HY1271",50.00,68.00,93.00,120.90,"2024-02-07","134730226","PO",4,,,,"","ALMA","HY1271A0",30066,4002,"2024-02-07","2024-03-07","USD",93.00,90,"3XS:10|2XS:20|XS:20|S:10|M:10|L:10|XL:10"
291272,"2024-02-07 08:39:53.45","#HY1272",50.00,68.00,93.00,120.90,"2024-02-07","134730226","PO",4,,,,"","ALMA","HY1272A1",30067,5002,"2024-02-07","2024-03-07","USD",93.00,90,"3XS:10|2XS:20|XS:20|S:10|M:10|L:10|XL:10"
291273,"2024-02-07 08:39:53.45","#HY1273",50.00,68.00,93.00,120.90,"2024-02-07","134730226","PO",4,,,,"","ALMA","HY1273A0",30068,6002,"2024-02-07","2024-03-07","USD",93.00,90,"3XS:10|2XS:20|XS:20|S:10|M:10|L:10|XL:10"
291274,"2024-02-07 08:39:53.45","#HY1274",50.00,68.00,93.00,120.90,"2024-02-07","134730226","PO",4,,,,"","ALMA","HY1274A1",30069,8002,"2024-02-07","2024-03-07","USD",93.00,90,"3XS:10|2XS:20|XS:20|S:10|M:10|L:10|XL:10"
291275,"2024-02-07 08:39:53.45","#HY1275",50.00,68.00,93.00,120.90,"2024-02-07","134730277","PO",4,,,,"","ALMA","HY1275A1",30025,1002,"2024-02-07","2024-03-07","USD",93.00,90,"3XS:10|2XS:20|XS:20|S:10|M:10|L:10|XL:10"
291276,"2024-02-07 08:39:53.45","#HY1276",50.00,68.00,93.00,120.90,"2024-02-07","134730277","PO",4,,,,"","ALMA","HY1276A0",30026,1016,"2024-02-07","2024-03-07","USD",93.00,90,"3XS:10|2XS:20|XS:20|S:10|M:10|L:10|XL:10"
291277,"2024-02-07 08:39:53.45","#HY1277",50.00,68.00,93.00,120.90,"2024-02-07","134730277","PO",4,,,,"","ALMA","HY1277A1",30027,3002,"2024-02-07","2024-03-07","USD",93.00,90,"3XS:10|2XS:20|XS:20|S:10|M:10|L:10|XL:10"
291278,"2024-02-07 08:39:53.45","#HY1278",50.00,68.00,93.00,120.90,"2024-02-07","134730277","PO",4,,,,"","ALMA","HY1278A0",30066,4002,"2024-02-07","2024-03-07","USD",93.00,90,"3XS:10|2XS:20|XS:20|S:10|M:10|L:10|XL:10"
291279,"2024-02-07 08:39:53.45","#HY1279",50.00,68.00,93.00,120.90,"2024-02-07","134730277","PO",4,,,,"","ALMA","HY1279A1",30067,5002,"2024-02-07","2024-03-07","USD",93.00,90,"3XS:10|2XS:20|XS:20|S:10|M:10|L:10|XL:10"
291280,"2024-02-07 08:39:53.45","#HY1280",50.00,68.00,93.00,120.90,"2024-02-07","134730277","PO",4,,,,"","ALMA","HY1280A0",30068,6002,"2024-02-07","2024-03-07","USD",93.00,90,"3XS:10|2XS:20|XS:20|S:10|M:10|L:10|XL:10"
291281,"2024-02-07 08:39:53.45","#HY1281",50.00,68.00,93.00,120.90,"2024-02-07","134730277","PO",4,,,,"","ALMA","HY1281A1",30069,8002,"2024-02-07","2024-03-07","USD",93.00,90,"3XS:10|2XS:20|XS:20|S:10|M:10|L:10|XL:10"
291282,"2024-02-07 08:39:53.45","#HY1282",50.00,68.00,93.00,120.90,"2024-02-07","134730375","PO",4,,,,"","ALMA","HY1282A1",30025,1002,"2024-02-07","2024-03-07","USD",93.00,90,"3XS:10|2XS:20|XS:20|S:10|M:10|L:10|XL:10"
291283,"2024-02-07 08:39:53.45","#HY1283",50.00,68.00,93.00,120.90,"2024-02-07","134730375","PO",4,,,,"","ALMA","HY1283A0",30026,1016,"2024-02-07","2024-03-07","USD",93.00,90,"3XS:10|2XS:20|XS:20|S:10|M:10|L:10|XL:10"
291284,"2024-02-07 08:39:53.45","#HY1284",50.00,68.00,93.00,120.90,"2024-02-07","134730375","PO",4,,,,"","ALMA","HY1284A1",30027,3002,"2024-02-07","2024-03-07","USD",93.00,90,"3XS:10|2XS:20|XS:20|S:10|M:10|L:10|XL:10"
291285,"2024-02-07 08:39:53.45","#HY1285",50.00,68.00,93.00,120.90,"2024-02-07","134730375","PO",4,,,,"","ALMA","HY1285A0",30066,4002,"2024-02-07","2024-03-07","USD",93.00,90,"3XS:10|2XS:20|XS:20|S:10|M:10|L:10|XL:10"
291286,"2024-02-07 08:39:53.45","#HY1286",50.00,68.00,93.00,120.90,"2024-02-07","134730375","PO",4,,,,"","ALMA","HY1286A1",30067,5002,"2024-02-07","2024-03-07","USD",93.00,90,"3XS:10|2XS:20|XS:20|S:10|M:10|L:10|XL:10"
291287,"2024-02-07 08:39:53.45","#HY1287",50.00,68.00,93.00,120.90,"2024-02-07","134730375","PO",4,,,,"","ALMA","HY1287A0",30068,6002,"2024-02-07","2024-03-07","USD",93.00,90,"3XS:10|2XS:20|XS:20|S:10|M:10|L:10|XL:10"
291288,"2024-02-07 08:39:53.45","#HY1288",50.00,68.00,93.00,120.90,"2024-02-07","134730375","PO",4,,,,"","ALMA","HY1288A1",30069,8002,"2024-02-07","2024-03-07","USD",93.00,90,"3XS:10|2XS:20|XS:20|S:10|M:10|L:10|XL:10"
291289,"2024-02-07 08:39:53.45","#HY1289",50.00,68.00,93.00,120.90,"2024-02-07","134730423","PO",4,,,,"","ALMA","HY1289A1",30025,1002,"2024-02-07","2024-03-07","USD",93.00,90,"3XS:10|2XS:20|XS:20|S:10|M:10|L:10|XL:10"
291290,"2024-02-07 08:39:53.45","#HY1290",50.00,68.00,93.00,120.90,"2024-02-07","134730423","PO",4,,,,"","ALMA","HY1290A0",30026,1016,"2024-02-07","2024-03-07","USD",93.00,90,"3XS:10|2XS:20|XS:20|S:10|M:10|L:10|XL:10"
291291,"2024-02-07 08:39:53.45","#HY1291",50.00,68.00,93.00,120.90,"2024-02-07","134730423","PO",4,,,,"","ALMA","HY1291A1",30027,3002,"2024-02-07","2024-03-07","USD",93.00,90,"3XS:10|2XS:20|XS:20|S:10|M:10|L:10|XL:10"
291292,"2024-02-07 08:39:53.45","#HY1292",50.00,68.00,93.00,120.90,"2024-02-07","134730423","PO",4,,,,"","ALMA","HY1292A0",30066,4002,"2024-02-07","2024-03-07","USD",93.00,90,"3XS:10|2XS:20|XS:20|S:10|M:10|L:10|XL:10"
291293,"2024-02-07 08:39:53.45","#HY1293",50.00,68.00,93.00,120.90,"2024-02-07","134730423","PO",4,,,,"","ALMA","HY1293A1",30067,5002,"2024-02-07","2024-03-07","USD",93.00,90,"3XS:10|2XS:20|XS:20|S:10|M:10|L:10|XL:10"
291294,"2024-02-07 08:39:53.45","#HY1294",50.00,68.00,93.00,120.90,"2024-02-07","134730423","PO",4,,,,"","ALMA","HY1294A0",30068,6002,"2024-02-07","2024-03-07","USD",93.00,90,"3XS:10|2XS:20|XS:20|S:10|M:10|L:10|XL:10"
291295,"2024-02-07 08:39:53.45","#HY1295",50.00,68.00,93.00,120.90,"2024-02-07","134730423","PO",4,,,,"","ALMA","HY1295A1",30069,8002,"2024-02-07","2024-03-07","USD",93.00,90,"3XS:10|2XS:20|XS:20|S:10|M:10|L:10|XL:10"
291296,"2024-02-07 08:39:53.45","#HY1296",50.00,68.00,93.00,120.90,"2024-02-07","134730444","PO",4,,,,"","ALMA","HY1296A1",30025,1002,"2024-02-07","2024-03-07","USD",93.00,90,"3XS:10|2XS:20|XS:20|S:10|M:10|L:10|XL:10"
291297,"2024-02-07 08:39:53.45","#HY1297",50.00,68.00,93.00,120.90,"2024-02-07","134730444","PO",4,,,,"","ALMA","HY1297A0",30026,1016,"2024-02-07","2024-03-07","USD",93.00,90,"3XS:10|2XS:20|XS:20|S:10|M:10|L:10|XL:10"
291298,"2024-02-07 08:39:53.45","#HY1298",50.00,68.00,93.00,120.90,"2024-02-07","134730444","PO",4,,,,"","ALMA","HY1298A1",30027,3002,"2024-02-07","2024-03-07","USD",93.00,90,"3XS:10|2XS:20|XS:20|S:10|M:10|L:10|XL:10"
291299,"2024-02-07 08:39:53.45","#HY1299",50.00,68.00,93.00,120.90,"2024-02-07","134730444","PO",4,,,,"","ALMA","HY1299A0",30066,4002,"2024-02-07","2024-03-07","USD",93.00,90,"3XS:10|2XS:20|XS:20|S:10|M:10|L:10|XL:10"
291300,"2024-02-07 08:39:53.45","#HY1300",50.00,68.00,93.00,120.90,"2024-02-07","134730444","PO",4,,,,"","ALMA","HY1300A1",30067,5002,"2024-02-07","2024-03-07","USD",93.00,90,"3XS:10|2XS:20|XS:20|S:10|M:10|L:10|XL:10"
291301,"2024-02-07 08:39:53.45","#HY1301",50.00,68.00,93.00,120.90,"2024-02-07","134730444","PO",4,,,,"","ALMA","HY1301A0",30068,6002,"2024-02-07","2024-03-07","USD",93.00,90,"3XS:10|2XS:20|XS:20|S:10|M:10|L:10|XL:10"
291302,"2024-02-07 08:39:53.45","#HY1302",50.00,68.00,93.00,120.90,"2024-02-07","134730444","PO",4,,,,"","ALMA","HY1302A1",30069,8002,"2024-02-07","2024-03-07","USD",93.00,90,"3XS:10|2XS:20|XS:20|S:10|M:10|L:10|XL:10"
291303,"2024-02-07 08:39:53.45","#HY1303",50.00,68.00,93.00,120.90,"2024-02-07","134730584","PO",4,,,,"","ALMA","HY1303A1",30025,1002,"2024-02-07","2024-03-07","USD",93.00,90,"3XS:10|2XS:20|XS:20|S:10|M:10|L:10|XL:10"
291304,"2024-02-07 08:39:53.45","#HY1304",50.00,68.00,93.00,120.90,"2024-02-07","134730584","PO",4,,,,"","ALMA","HY1304A0",30026,1016,"2024-02-07","2024-03-07","USD",93.00,90,"3XS:10|2XS:20|XS:20|S:10|M:10|L:10|XL:10"
291305,"2024-02-07 08:39:53.45","#HY1305",50.00,68.00,93.00,120.90,"2024-02-07","134730584","PO",4,,,,"","ALMA","HY1305A1",30027,3002,"2024-02-07","2024-03-07","USD",93.00,90,"3XS:10|2XS:20|XS:20|S:10|M:10|L:10|XL:10"
291306,"2024-02-07 08:39:53.45","#HY1306",50.00,68.00,93.00,120.90,"2024-02-07","134730584","PO",4,,,,"","ALMA","HY1306A0",30066,4002,"2024-02-07","2024-03-07","USD",93.00,90,"3XS:10|2XS:20|XS:20|S:10|M:10|L:10|XL:10"
291307,"2024-02-07 08:39:53.45","#HY1307",50.00,68.00,93.00,120.90,"2024-02-07","134730584","PO",4,,,,"","ALMA","HY1307A1",30067,5002,"2024-02-07","2024-03-07","USD",93.00,90,"3XS:10|2XS:20|XS:20|S:10|M:10|L:10|XL:10"
291308,"2024-02-07 08:39:53.45","#HY1308",50.00,68.00,93.00,120.90,"2024-02-07","134730584","PO",4,,,,"","ALMA","HY1308A0",30068,6002,"2024-02-07","2024-03-07","USD",93.00,90,"3XS:10|2XS:20|XS:20|S:10|M:10|L:10|XL:10"
291309,"2024-02-07 08:39:53.45","#HY1309",50.00,68.00,93.00,120.90,"2024-02-07","134730584","PO",4,,,,"","ALMA","HY1309A1",30069,8002,"2024-02-07","2024-03-07","USD",93.00,90,"3XS:10|2XS:20|XS:20|S:10|M:10|L:10|XL:10"
291310,"2024-02-07 08:39:53.45","#HY1310",50.00,68.00,93.00,120.90,"2024-02-07","134730642","PO",4,,,,"","ALMA","HY1310A1",30025,1002,"2024-02-07","2024-03-07","USD",93.00,90,"3XS:10|2XS:20|XS:20|S:10|M:10|L:10|XL:10"
291311,"2024-02-07 08:39:53.45","#HY1311",50.00,68.00,93.00,120.90,"2024-02-07","134730642","PO",4,,,,"","ALMA","HY1311A0",30026,1016,"2024-02-07","2024-03-07","USD",93.00,90,"3XS:10|2XS:20|XS:20|S:10|M:10|L:10|XL:10"
291312,"2024-02-07 08:39:53.45","#HY1312",50.00,68.00,93.00,120.90,"2024-02-07","134730642","PO",4,,,,"","ALMA","HY1312A1",30027,3002,"2024-02-07","2024-03-07","USD",93.00,90,"3XS:10|2XS:20|XS:20|S:10|M:10|L:10|XL:10"
291313,"2024-02-07 08:39:53.45","#HY1313",50.00,68.00,93.00,120.90,"2024-02-07","134730642","PO",4,,,,"","ALMA","HY1313A0",30066,4002,"2024-02-07","2024-03-07","USD",93.00,90,"3XS:10|2XS:20|XS:20|S:10|M:10|L:10|XL:10"
291314,"2024-02-07 08:39:53.45","#HY1314",50.00,68.00,93.00,120.90,"2024-02-07","134730642","PO",4,,,,"","ALMA","HY1314A1",30067,5002,"2024-02-07","2024-03-07","USD",93.00,90,"3XS:10|2XS:20|XS:20|S:10|M:10|L:10|XL:10"
291315,"2024-02-07 08:39:53.45","#HY1315",50.00,68.00,93.00,120.90,"2024-02-07","134730642","PO",4,,,,"","ALMA","HY1315A0",30068,6002,"2024-02-07","2024-03-07","USD",93.00,90,"3XS:10|2XS:20|XS:20|S:10|M:10|L:10|XL:10"
291316,"2024-02-07 08:39:53.45","#HY1316",50.00,68.00,93.00,120.90,"2024-02-07","134730642","PO",4,,,,"","ALMA","HY1316A1",30069,8002,"2024-02-07","2024-03-07","USD",93.00,90,"3XS:10|2XS:20|XS:20|S:10|M:10|L:10|XL:10"
291317,"2024-02-07 08:39:53.45","#HY1317",50.00,68.00,93.00,120.90,"2024-02-07","134730651","PO",4,,,,"","ALMA","HY1317A1",30025,1002,"2024-02-07","2024-03-07","USD",93.00,90,"3XS:10|2XS:20|XS:20|S:10|M:10|L:10|XL:10"
291318,"2024-02-07 08:39:53.45","#HY1318",50.00,68.00,93.00,120.90,"2024-02-07","134730651","PO",4,,,,"","ALMA","HY1318A0",30026,1016,"2024-02-07","2024-03-07","USD",93.00,90,"3XS:10|2XS:20|XS:20|S:10|M:10|L:10|XL:10"
291319,"2024-02-07 08:39:53.45","#HY1319",50.00,68.00,93.00,120.90,"2024-02-07","134730651","PO",4,,,,"","ALMA","HY1319A1",30027,3002,"2024-02-07","2024-03-07","USD",93.00,90,"3XS:10|2XS:20|XS:20|S:10|M:10|L:10|XL:10"
291320,"2024-02-07 08:39:53.45","#HY1320",50.00,68.00,93.00,120.90,"2024-02-07","134730651","PO",4,,,,"","ALMA","HY1320A0",30066,4002,"2024-02-07","2024-03-07","USD",93.00,90,"3XS:10|2XS:20|XS:20|S:10|M:10|L:10|XL:10"
291321,"2024-02-07 08:39:53.45","#HY1321",50.00,68.00,93.00,120.90,"2024-02-07","134730651","PO",4,,,,"","ALMA","HY1321A1",30067,5002,"2024-02-07","2024-03-07","USD",93.00,90,"3XS:10|2XS:20|XS:20|S:10|M:10|L:10|XL:10"
291322,"2024-02-07 08:39:53.45","#HY1322",50.00,68.00,93.00,120.90,"2024-02-07","134730651","PO",4,,,,"","ALMA","HY1322A0",30068,6002,"2024-02-07","2024-03-07","USD",93.00,90,"3XS:10|2XS:20|XS:20|S:10|M:10|L:10|XL:10"
291323,"2024-02-07 08:39:53.45","#HY1323",50.00,68.00,93.00,120.90,"2024-02-07","134730651","PO",4,,,,"","ALMA","HY1323A1",30069,8002,"2024-02-07","2024-03-07","USD",93.00,90,"3XS:10|2XS:20|XS:20|S:10|M:10|L:10|XL:10"
291324,"2024-02-07 08:39:53.45","#HY1324",50.00,68.00,93.00,120.90,"2024-02-07","134730775","PO",4,,,,"","ALMA","HY1324A1",30025,1002,"2024-02-07","2024-03-07","USD",93.00,90,"3XS:10|2XS:20|XS:20|S:10|M:10|L:10|XL:10"
291325,"2024-02-07 08:39:53.45","#HY1325",50.00,68.00,93.00,120.90,"2024-02-07","134730775","PO",4,,,,"","ALMA","HY1325A0",30026,1016,"2024-02-07","2024-03-07","USD",93.00,90,"3XS:10|2XS:20|XS:20|S:10|M:10|L:10|XL:10"
291326,"2024-02-07 08:39:53.45","#HY1326",50.00,68.00,93.00,120.90,"2024-02-07","134730775","PO",4,,,,"","ALMA","HY1326A1",30027,3002,"2024-02-07","2024-03-07","USD",93.00,90,"3XS:10|2XS:20|XS:20|S:10|M:10|L:10|XL:10"
291327,"2024-02-07 08:39:53.45","#HY1327",50.00,68.00,93.00,120.90,"2024-02-07","134730775","PO",4,,,,"","ALMA","HY1327A0",30066,4002,"2024-02-07","2024-03-07","USD",93.00,90,"3XS:10|2XS:20|XS:20|S:10|M:10|L:10|XL:10"
291328,"2024-02-07 08:39:53.45","#HY1328",50.00,68.00,93.00,120.90,"2024-02-07","134730775","PO",4,,,,"","ALMA","HY1328A1",30067,5002,"2024-02-07","2024-03-07","USD",93.00,90,"3XS:10|2XS:20|XS:20|S:10|M:10|L:10|XL:10"
291329,"2024-02-07 08:39:53.45","#HY1329",50.00,68.00,93.00,120.90,"2024-02-07","134730775","PO",4,,,,"","ALMA","HY1329A0",30068,6002,"2024-02-07","2024-03-07","USD",93.00,90,"3XS:10|2XS:20|XS:20|S:10|M:10|L:10|XL:10"
291330,"2024-02-07 08:39:53.45","#HY1330",50.00,68.00,93.00,120.90,"2024-02-07","134730775","PO",4,,,,"","ALMA","HY1330A1",30069,8002,"2024-02-07","2024-03-07","USD",93.00,90,"3XS:10|2XS:20|XS:20|S:10|M:10|L:10|XL:10"
291331,"2024-02-07 08:39:53.45","#HY1331",50.00,68.00,93.00,120.90,"2024-02-07","134730842","PO",4,,,,"","ALMA","HY1331A1",30025,1002,"2024-02-07","2024-03-07","USD",93.00,90,"3XS:10|2XS:20|XS:20|S:10|M:10|L:10|XL:10"
291332,"2024-02-07 08:39:53.45","#HY1332",50.00,68.00,93.00,120.90,"2024-02-07","134730842","PO",4,,,,"","ALMA","HY1332A0",30026,1016,"2024-02-07","2024-03-07","USD",93.00,90,"3XS:10|2XS:20|XS:20|S:10|M:10|L:10|XL:10"
291333,"2024-02-07 08:39:53.45","#HY1333",50.00,68.00,93.00,120.90,"2024-02-07","134730842","PO",4,,,,"","ALMA","HY1333A1",30027,3002,"2024-02-07","2024-03-07","USD",93.00,90,"3XS:10|2XS:20|XS:20|S:10|M:10|L:10|XL:10"
291334,"2024-02-07 08:39:53.45","#HY1334",50.00,68.00,93.00,120.90,"2024-02-07","134730842","PO",4,,,,"","ALMA","HY1334A0",30066,4002,"2024-02-07","2024-03-07","USD",93.00,90,"3XS:10|2XS:20|XS:20|S:10|M:10|L:10|XL:10"
291335,"2024-02-07 08:39:53.45","#HY1335",50.00,68.00,93.00,120.90,"2024-02-07","134730842","PO",4,,,,"","ALMA","HY1335A1",30067,5002,"2024-02-07","2024-03-07","USD",93.00,90,"3XS:10|2XS:20|XS:20|S:10|M:10|L:10|XL:10"
291336,"2024-02-07 08:39:53.45","#HY1336",50.00,68.00,93.00,120.90,"2024-02-07","134730842","PO",4,,,,"","ALMA","HY1336A0",30068,6002,"2024-02-07","2024-03-07","USD",93.00,90,"3XS:10|2XS:20|XS:20|S:10|M:10|L:10|XL:10"
291337,"2024-02-07 08:39:53.45","#HY1337",50.00,68.00,93.00,120.90,"2024-02-07","134730842","PO",4,,,,"","ALMA","HY1337A1",30069,8002,"2024-02-07","2024-03-07","USD",93.00,90,"3XS:10|2XS:20|XS:20|S:10|M:10|L:10|XL:10"
291338,"2024-02-07 08:39:53.45","#HY1338",50.00,68.00,93.00,120.90,"2024-02-07","134730881","PO",4,,,,"","ALMA","HY1338A1",30025,1002,"2024-02-07","2024-03-07","USD",93.00,90,"3XS:10|2XS:20|XS:20|S:10|M:10|L:10|XL:10"
291339,"2024-02-07 08:39:53.45","#HY1339",50.00,68.00,93.00,120.90,"2024-02-07","134730881","PO",4,,,,"","ALMA","HY1339A0",30026,1016,"2024-02-07","2024-03-07","USD",93.00,90,"3XS:10|2XS:20|XS:20|S:10|M:10|L:10|XL:10"
291340,"2024-02-07 08:39:53.45","#HY1340",50.00,68.00,93.00,120.90,"2024-02-07","134730881","PO",4,,,,"","ALMA","HY1340A1",30027,3002,"2024-02-07","2024-03-07","USD",93.00,90,"3XS:10|2XS:20|XS:20|S:10|M:10|L:10|XL:10"
291341,"2024-02-07 08:39:53.45","#HY1341",50.00,68.00,93.00,120.90,"2024-02-07","134730881","PO",4,,,,"","ALMA","HY1341A0",30066,4002,"2024-02-07","2024-03-07","USD",93.00,90,"3XS:10|2XS:20|XS:20|S:10|M:10|L:10|XL:10"
291342,"2024-02-07 08:39:53.45","#HY1342",50.00,68.00,93.00,120.90,"2024-02-07","134730881","PO",4,,,,"","ALMA","HY1342A1",30067,5002,"2024-02-07","2024-03-07","USD",93.00,90,"3XS:10|2XS:20|XS:20|S:10|M:10|L:10|XL:10"
291343,"2024-02-07 08:39:53.45","#HY1343",50.00,68.00,93.00,120.90,"2024-02-07","134730881","PO",4,,,,"","ALMA","HY1343A0",30068,6002,"2024-02-07","2024-03-07","USD",93.00,90,"3XS:10|2XS:20|XS:20|S:10|M:10|L:10|XL:10"
291344,"2024-02-07 08:39:53.45","#HY1344",50.00,68.00,93.00,120.90,"2024-02-07","134730881","PO",4,,,,"","ALMA","HY1344A1",30069,8002,"2024-02-07","2024-03-07","USD",93.00,90,"3XS:10|2XS:20|XS:20|S:10|M:10|L:10|XL:10"
291345,"2024-02-07 08:39:53.45","#HY1345",50.00,68.00,93.00,120.90,"2024-02-07","134730968","PO",4,,,,"","ALMA","HY1345A1",30025,1002,"2024-02-07","2024-03-07","USD",93.00,90,"3XS:10|2XS:20|XS:20|S:10|M:10|L:10|XL:10"
291346,"2024-02-07 08:39:53.45","#HY1346",50.00,68.00,93.00,120.90,"2024-02-07","134730968","PO",4,,,,"","ALMA","HY1346A0",30026,1016,"2024-02-07","2024-03-07","USD",93.00,90,"3XS:10|2XS:20|XS:20|S:10|M:10|L:10|XL:10"
291347,"2024-02-07 08:39:53.45","#HY1347",50.00,68.00,93.00,120.90,"2024-02-07","134730968","PO",4,,,,"","ALMA","HY1347A1",30027,3002,"2024-02-07","2024-03-07","USD",93.00,90,"3XS:10|2XS:20|XS:20|S:10|M:10|L:10|XL:10"
291348,"2024-02-07 08:39:53.45","#HY1348",50.00,68.00,93.00,120.90,"2024-02-07","134730968","PO",4,,,,"","ALMA","HY1348A0",30066,4002,"2024-02-07","2024-03-07","USD",93.00,90,"3XS:10|2XS:20|XS:20|S:10|M:10|L:10|XL:10"
291349,"2024-02-07 08:39:53.45","#HY1349",50.00,68.00,93.00,120.90,"2024-02-07","134730968","PO",4,,,,"","ALMA","HY1349A1",30067,5002,"2024-02-07","2024-03-07","USD",93.00,90,"3XS:10|2XS:20|XS:20|S:10|M:10|L:10|XL:10"
291350,"2024-02-07 08:39:53.45","#HY1350",50.00,68.00,93.00,120.90,"2024-02-07","134730968","PO",4,,,,"","ALMA","HY1350A0",30068,6002,"2024-02-07","2024-03-07","USD",93.00,90,"3XS:10|2XS:20|XS:20|S:10|M:10|L:10|XL:10"
291351,"2024-02-07 08:39:53.45","#HY1351",50.00,68.00,93.00,120.90,"2024-02-07","134730968","PO",4,,,,"","ALMA","HY1351A1",30069,8002,"2024-02-07","2024-03-07","USD",93.00,90,"3XS:10|2XS:20|XS:20|S:10|M:10|L:10|XL:10"
291352,"2024-02-07 08:39:53.45","#HY1352",50.00,68.00,93.00,120.90,"2024-02-07","134731036","PO",4,,,,"","ALMA","HY1352A1",30025,1002,"2024-02-07","2024-03-07","USD",93.00,90,"3XS:10|2XS:20|XS:20|S:10|M:10|L:10|XL:10"
291353,"2024-02-07 08:39:53.45","#HY1353",50.00,68.00,93.00,120.90,"2024-02-07","134731036","PO",4,,,,"","ALMA","HY1353A0",30026,1016,"2024-02-07","2024-03-07","USD",93.00,90,"3XS:10|2XS:20|XS:20|S:10|M:10|L:10|XL:10"
291354,"2024-02-07 08:39:53.45","#HY1354",50.00,68.00,93.00,120.90,"2024-02-07","134731036","PO",4,,,,"","ALMA","HY1354A1",30027,3002,"2024-02-07","2024-03-07","USD",93.00,90,"3XS:10|2XS:20|XS:20|S:10|M:10|L:10|XL:10"
291355,"2024-02-07 08:39:53.45","#HY1355",50.00,68.00,93.00,120.90,"2024-02-07","134731036","PO",4,,,,"","ALMA","HY1355A0",30066,4002,"2024-02-07","2024-03-07","USD",93.00,90,"3XS:10|2XS:20|XS:20|S:10|M:10|L:10|XL:10"
291356,"2024-02-07 08:39:53.45","#HY1356",50.00,68.00,93.00,120.90,"2024-02-07","134731036","PO",4,,,,"","ALMA","HY1356A1",30067,5002,"2024-02-07","2024-03-07","USD",93.00,90,"3XS:10|2XS:20|XS:20|S:10|M:10|L:10|XL:10"
291357,"2024-02-07 08:39:53.45","#HY1357",50.00,68.00,93.00,120.90,"2024-02-07","134731036","PO",4,,,,"","ALMA","HY1357A0",30068,6002,"2024-02-07","2024-03-07","USD",93.00,90,"3XS:10|2XS:20|XS:20|S:10|M:10|L:10|XL:10"
291358,"2024-02-07 08:39:53.45","#HY1358",50.00,68.00,93.00,120.90,"2024-02-07","134731036","PO",4,,,,"","ALMA","HY1358A1",30069,8002,"2024-02-07","2024-03-07","USD",93.00,90,"3XS:10|2XS:20|XS:20|S:10|M:10|L:10|XL:10"
291359,"2024-02-07 08:39:53.45","#HY1359",50.00,68.00,93.00,120.90,"2024-02-07","134731089","PO",4,,,,"","ALMA","HY1359A1",30025,1002,"2024-02-07","2024-03-07","USD",93.00,90,"3XS:10|2XS:20|XS:20|S:10|M:10|L:10|XL:10"
291360,"2024-02-07 08:39:53.45","#HY1360",50.00,68.00,93.00,120.90,"2024-02-07","134731089","PO",4,,,,"","ALMA","HY1360A0",30026,1016,"2024-02-07","2024-03-07","USD",93.00,90,"3XS:10|2XS:20|XS:20|S:10|M:10|L:10|XL:10"
291361,"2024-02-07 08:39:53.45","#HY1361",50.00,68.00,93.00,120.90,"2024-02-07","134731089","PO",4,,,,"","ALMA","HY1361A1",30027,3002,"2024-02-07","2024-03-07","USD",93.00,90,"3XS:10|2XS:20|XS:20|S:10|M:10|L:10|XL:10"
291362,"2024-02-07 08:39:53.45","#HY1362",50.00,68.00,93.00,120.90,"2024-02-07","134731089","PO",4,,,,"","ALMA","HY1362A0",30066,4002,"2024-02-07","2024-03-07","USD",93.00,90,"3XS:10|2XS:20|XS:20|S:10|M:10|L:10|XL:10"
291363,"2024-02-07 08:39:53.45","#HY1363",50.00,68.00,93.00,120.90,"2024-02-07","134731089","PO",4,,,,"","ALMA","HY1363A1",30067,5002,"2024-02-07","2024-03-07","USD",93.00,90,"3XS:10|2XS:20|XS:20|S:10|M:10|L:10|XL:10"
291364,"2024-02-07 08:39:53.45","#HY1364",50.00,68.00,93.00,120.90,"2024-02-07","134731089","PO",4,,,,"","ALMA","HY1364A0",30068,6002,"2024-02-07","2024-03-07","USD",93.00,90,"3XS:10|2XS:20|XS:20|S:10|M:10|L:10|XL:10"
291365,"2024-02-07 08:39:53.45","#HY1365",50.00,68.00,93.00,120.90,"2024-02-07","134731089","PO",4,,,,"","ALMA","HY1365A1",30069,8002,"2024-02-07","2024-03-07","USD",93.00,90,"3XS:10|2XS:20|XS:20|S:10|M:10|L:10|XL:10"
291366,"2024-02-07 08:39:53.45","#HY1366",50.00,68.00,93.00,120.90,"2024-02-07","134731166","PO",4,,,,"","ALMA","HY1366A1",30025,1002,"2024-02-07","2024-03-07","USD",93.00,90,"3XS:10|2XS:20|XS:20|S:10|M:10|L:10|XL:10"
291367,"2024-02-07 08:39:53.45","#HY1367",50.00,68.00,93.00,120.90,"2024-02-07","134731166","PO",4,,,,"","ALMA","HY1367A0",30026,1016,"2024-02-07","2024-03-07","USD",93.00,90,"3XS:10|2XS:20|XS:20|S:10|M:10|L:10|XL:10"
291368,"2024-02-07 08:39:53.45","#HY1368",50.00,68.00,93.00,120.90,"2024-02-07","134731166","PO",4,,,,"","ALMA","HY1368A1",30027,3002,"2024-02-07","2024-03-07","USD",93.00,90,"3XS:10|2XS:20|XS:20|S:10|M:10|L:10|XL:10"
291369,"2024-02-07 08:39:53.45","#HY1369",50.00,68.00,93.00,120.90,"2024-02-07","134731166","PO",4,,,,"","ALMA","HY1369A0",30066,4002,"2024-02-07","2024-03-07","USD",93.00,90,"3XS:10|2XS:20|XS:20|S:10|M:10|L:10|XL:10"
291370,"2024-02-07 08:39:53.45","#HY1370",50.00,68.00,93.00,120.90,"2024-02-07","134731166","PO",4,,,,"","ALMA","HY1370A1",30067,5002,"2024-02-07","2024-03-07","USD",93.00,90,"3XS:10|2XS:20|XS:20|S:10|M:10|L:10|XL:10"
291371,"2024-02-07 08:39:53.45","#HY1371",50.00,68.00,93.00,120.90,"2024-02-07","134731166","PO",4,,,,"","ALMA","HY1371A0",30068,6002,"2024-02-07","2024-03-07","USD",93.00,90,"3XS:10|2XS:20|XS:20|S:10|M:10|L:10|XL:10"
291372,"2024-02-07 08:39:53.45","#HY1372",50.00,68.00,93.00,120.90,"2024-02-07","134731166","PO",4,,,,"","ALMA","HY1372A1",30069,8002,"2024-02-07","2024-03-07","USD",93.00,90,"3XS:10|2XS:20|XS:20|S:10|M:10|L:10|XL:10"
291373,"2024-02-07 08:39:53.45","#HY1373",50.00,68.00,93.00,120.90,"2024-02-07","134731272","PO",4,,,,"","ALMA","HY1373A1",30025,1002,"2024-02-07","2024-03-07","USD",93.00,90,"3XS:10|2XS:20|XS:20|S:10|M:10|L:10|XL:10"
291374,"2024-02-07 08:39:53.45","#HY1374",50.00,68.00,93.00,120.90,"2024-02-07","134731272","PO",4,,,,"","ALMA","HY1374A0",30026,1016,"2024-02-07","2024-03-07","USD",93.00,90,"3XS:10|2XS:20|XS:20|S:10|M:10|L:10|XL:10"
291375,"2024-02-07 08:39:53.45","#HY1375",50.00,68.00,93.00,120.90,"2024-02-07","134731272","PO",4,,,,"","ALMA","HY1375A1",30027,3002,"2024-02-07","2024-03-07","USD",93.00,90,"3XS:10|2XS:20|XS:20|S:10|M:10|L:10|XL:10"
291376,"2024-02-07 08:39:53.45","#HY1376",50.00,68.00,93.00,120.90,"2024-02-07","134731272","PO",4,,,,"","ALMA","HY1376A0",30066,4002,"2024-02-07","2024-03-07","USD",93.00,90,"3XS:10|2XS:20|XS:20|S:10|M:10|L:10|XL:10"
291377,"2024-02-07 08:39:53.45","#HY1377",50.00,68.00,93.00,120.90,"2024-02-07","134731272","PO",4,,,,"","ALMA","HY1377A1",30067,5002,"2024-02-07","2024-03-07","USD",93.00,90,"3XS:10|2XS:20|XS:20|S:10|M:10|L:10|XL:10"
291378,"2024-02-07 08:39:53.45","#HY1378",50.00,68.00,93.00,120.90,"2024-02-07","134731272","PO",4,,,,"","ALMA","HY1378A0",30068,6002,"2024-02-07","2024-03-07","USD",93.00,90,"3XS:10|2XS:20|XS:20|S:10|M:10|L:10|XL:10"
291379,"2024-02-07 08:39:53.45","#HY1379",50.00,68.00,93.00,120.90,"2024-02-07","134731272","PO",4,,,,"","ALMA","HY1379A1",30069,8002,"2024-02-07","2024-03-07","USD",93.00,90,"3XS:10|2XS:20|XS:20|S:10|M:10|L:10|XL:10"
291380,"2024-02-07 08:39:53.45","#HY1380",50.00,68.00,93.00,120.90,"2024-02-07","134731383","PO",4,,,,"","ALMA","HY1380A1",30025,1002,"2024-02-07","2024-03-07","USD",93.00,90,"3XS:10|2XS:20|XS:20|S:10|M:10|L:10|XL:10"
291381,"2024-02-07 08:39:53.45","#HY1381",50.00,68.00,93.00,120.90,"2024-02-07","134731383","PO",4,,,,"","ALMA","HY1381A0",30026,1016,"2024-02-07","2024-03-07","USD",93.00,90,"3XS:10|2XS:20|XS:20|S:10|M:10|L:10|XL:10"
291382,"2024-02-07 08:39:53.45","#HY1382",50.00,68.00,93.00,120.90,"2024-02-07","134731383","PO",4,,,,"","ALMA","HY1382A1",30027,3002,"2024-02-07","2024-03-07","USD",93.00,90,"3XS:10|2XS:20|XS:20|S:10|M:10|L:10|XL:10"
291383,"2024-02-07 08:39:53.45","#HY1383",50.00,68.00,93.00,120.90,"2024-02-07","134731383","PO",4,,,,"","ALMA","HY1383A0",30066,4002,"2024-02-07","2024-03-07","USD",93.00,90,"3XS:10|2XS:20|XS:20|S:10|M:10|L:10|XL:10"
291384,"2024-02-07 08:39:53.45","#HY1384",50.00,68.00,93.00,120.90,"2024-02-07","134731383","PO",4,,,,"","ALMA","HY1384A1",30067,5002,"2024-02-07","2024-03-07","USD",93.00,90,"3XS:10|2XS:20|XS:20|S:10|M:10|L:10|XL:10"
291385,"2024-02-07 08:39:53.45","#HY1385",50.00,68.00,93.00,120.90,"2024-02-07","134731383","PO",4,,,,"","ALMA","HY1385A0",30068,6002,"2024-02-07","2024-03-07","USD",93.00,90,"3XS:10|2XS:20|XS:20|S:10|M:10|L:10|XL:10"
291386,"2024-02-07 08:39:53.45","#HY1386",50.00,68.00,93.00,120.90,"2024-02-07","134731383","PO",4,,,,"","ALMA","HY1386A1",30069,8002,"2024-02-07","2024-03-07","USD",93.00,90,"3XS:10|2XS:20|XS:20|S:10|M:10|L:10|XL:10"
291387,"2024-02-07 08:39:53.45","#HY1387",50.00,68.00,93.00,120.90,"2024-02-07","134731494","PO",4,,,,"","ALMA","HY1387A1",30025,1002,"2024-02-07","2024-03-07","USD",93.00,90,"3XS:10|2XS:20|XS:20|S:10|M:10|L:10|XL:10"
291388,"2024-02-07 08:39:53.45","#HY1388",50.00,68.00,93.00,120.90,"2024-02-07","134731494","PO",4,,,,"","ALMA","HY1388A0",30026,1016,"2024-02-07","2024-03-07","USD",93.00,90,"3XS:10|2XS:20|XS:20|S:10|M:10|L:10|XL:10"
291389,"2024-02-07 08:39:53.45","#HY1389",50.00,68.00,93.00,120.90,"2024-02-07","134731494","PO",4,,,,"","ALMA","HY1389A1",30027,3002,"2024-02-07","2024-03-07","USD",93.00,90,"3XS:10|2XS:20|XS:20|S:10|M:10|L:10|XL:10"
291390,"2024-02-07 08:39:53.45","#HY1390",50.00,68.00,93.00,120.90,"2024-02-07","134731494","PO",4,,,,"","ALMA","HY1390A0",30066,4002,"2024-02-07","2024-03-07","USD",93.00,90,"3XS:10|2XS:20|XS:20|S:10|M:10|L:10|XL:10"
291391,"2024-02-07 08:39:53.45","#HY1391",50.00,68.00,93.00,120.90,"2024-02-07","134731494","PO",4,,,,"","ALMA","HY1391A1",30067,5002,"2024-02-07","2024-03-07","USD",93.00,90,"3XS:10|2XS:20|XS:20|S:10|M:10|L:10|XL:10"
291392,"2024-02-07 08:39:53.45","#HY1392",50.00,68.00,93.00,120.90,"2024-02-07","134731494","PO",4,,,,"","ALMA","HY1392A0",30068,6002,"2024-02-07","2024-03-07","USD",93.00,90,"3XS:10|2XS:20|XS:20|S:10|M:10|L:10|XL:10"
291393,"2024-02-07 08:39:53.45","#HY1393",50.00,68.00,93.00,120.90,"2024-02-07","134731494","PO",4,,,,"","ALMA","HY1393A1",30069,8002,"2024-02-07","2024-03-07","USD",93.00,90,"3XS:10|2XS:20|XS:20|S:10|M:10|L:10|XL:10"
291394,"2024-02-07 08:39:53.45","#HY1394",50.00,68.00,93.00,120.90,"2024-02-07","134731605","PO",4,,,,"","ALMA","HY1394A1",30025,1002,"2024-02-07","2024-03-07","USD",93.00,90,"3XS:10|2XS:20|XS:20|S:10|M:10|L:10|XL:10"
291395,"2024-02-07 08:39:53.45","#HY1395",50.00,68.00,93.00,120.90,"2024-02-07","134731605","PO",4,,,,"","ALMA","HY1395A0",30026,1016,"2024-02-07","2024-03-07","USD",93.00,90,"3XS:10|2XS:20|XS:20|S:10|M:10|L:10|XL:10"
291396,"2024-02-07 08:39:53.45","#HY1396",50.00,68.00,93.00,120.90,"2024-02-07","134731605","PO",4,,,,"","ALMA","HY1396A1",30027,3002,"2024-02-07","2024-03-07","USD",93.00,90,"3XS:10|2XS:20|XS:20|S:10|M:10|L:10|XL:10"
291397,"2024-02-07 08:39:53.45","#HY1397",50.00,68.00,93.00,120.90,"2024-02-07","134731605","PO",4,,,,"","ALMA","HY1397A0",30066,4002,"2024-02-07","2024-03-07","USD",93.00,90,"3XS:10|2XS:20|XS:20|S:10|M:10|L:10|XL:10"
291398,"2024-02-07 08:39:53.45","#HY1398",50.00,68.00,93.00,120.90,"2024-02-07","134731605","PO",4,,,,"","ALMA","HY1398A1",30067,5002,"2024-02-07","2024-03-07","USD",93.00,90,"3XS:10|2XS:20|XS:20|S:10|M:10|L:10|XL:10"
291399,"2024-02-07 08:39:53.45","#HY1399",50.00,68.00,93.00,120.90,"2024-02-07","134731605","PO",4,,,,"","ALMA","HY1399A0",30068,6002,"2024-02-07","2024-03-07","USD",93.00,90,"3XS:10|2XS:20|XS:20|S:10|M:10|L:10|XL:10"
291400,"2024-02-07 08:39:53.45","#HY1400",50.00,68.00,93.00,120.90,"2024-02-07","134731605","PO",4,,,,"","ALMA","HY1400A1",30069,8002,"2024-02-07","2024-03-07","USD",93.00,90,"3XS:10|2XS:20|XS:20|S:10|M:10|L:10|XL:10"